epoch,time,train/box_loss,train/cls_loss,train/dfl_loss,metrics/precision(B),metrics/recall(B),metrics/mAP50(B),metrics/mAP50-95(B),val/box_loss,val/cls_loss,val/dfl_loss,lr/pg0,lr/pg1,lr/pg2
1,4.18317,6.01379,13.1875,2.29757,0,0,0,0,5.50482,6.28656,1.74583,0.19025,0.00025,0.00025
2,6.94377,5.0973,5.69002,1.55424,0,0,0,0,4.82743,5.19541,1.23537,0.17855,0.000549999,0.000549999
3,10.1156,4.17469,4.13322,1.10044,0,0,0,0,4.35734,4.51026,0.95813,0.16685,0.000849992,0.000849992
4,13.2397,4.00556,3.73524,0.96088,0,0,0,0,4.33427,4.35458,0.93119,0.15515,0.00114997,0.00114997
5,16.1466,4.004,3.58499,0.9936,0,0,0,0,4.42299,4.41346,0.98072,0.14345,0.00144994,0.00144994
6,19.1074,4.10467,4.07608,0.98941,0,0,0,0,4.63735,4.49354,1.07844,0.13175,0.00174989,0.00174989
7,22.0626,3.89218,3.47244,0.9314,8e-05,0.00014,4e-05,0,4.62737,4.42729,1.29151,0.12005,0.00204982,0.00204982
8,24.9578,3.91867,3.32291,0.9271,0,0,0,0,4.46281,4.59756,1.25325,0.10835,0.00234972,0.00234972
9,27.7357,3.72626,3.0563,0.93714,0,0,0,0,4.39204,5.89021,1.21496,0.0966496,0.00264959,0.00264959
10,30.4218,3.80421,3.07915,0.94335,0,0,0,0,4.29662,5.36257,0.92558,0.0849494,0.00294942,0.00294942
11,33.3158,3.62141,2.81113,0.8885,0,0,0,0,4.31063,6.18541,0.95796,0.0732492,0.00324921,0.00324921
12,36.0103,3.61066,2.81718,0.88956,0,0,0,0,4.5009,7.83967,1.22907,0.061549,0.00354895,0.00354895
13,38.731,3.49724,2.84897,0.86288,0,0,0,0,4.22743,5.89626,0.90307,0.0498486,0.00384865,0.00384865
14,41.4815,3.45869,2.66747,0.88944,0.00208,0.00329,0.00101,0.00027,4.74675,69.9895,1.11645,0.0381483,0.00414829,0.00414829
15,44.2001,3.57126,2.56927,0.86505,0.00237,0.00371,0.00116,0.00026,5.08942,491.307,1.31805,0.0264479,0.00444787,0.00444787
16,46.8813,3.53192,2.5599,0.85,0.00076,0.00124,0.00045,0.0001,5.14186,17112.3,1.54747,0.0147474,0.00474739,0.00474739
17,49.5313,3.39605,2.65943,0.80395,0,0,0,0,5.17657,28099.7,1.58701,0.00499687,0.00499687,0.00499687
18,52.1647,3.46887,2.51473,0.80076,0.00126,0.00206,0.00067,0.00016,5.0129,4896.5,1.77486,0.00499647,0.00499647,0.00499647
19,54.9131,3.47927,2.42871,0.82726,0.00193,0.00316,0.00101,0.00018,4.98027,2391.18,2.60409,0.00499604,0.00499604,0.00499604
20,57.6132,3.35149,2.48502,0.81413,0.00286,0.00467,0.00153,0.00029,5.00255,599.266,2.60567,0.00499559,0.00499559,0.00499559
21,60.3461,3.3024,2.4094,0.80928,0.00287,0.00439,0.0014,0.0003,4.96228,171.29,1.50051,0.00499512,0.00499512,0.00499512
22,63.1096,3.32658,2.32378,0.79709,0.00193,0.00316,0.00097,0.00019,5.04429,32.848,1.72741,0.00499462,0.00499462,0.00499462
23,65.7046,3.28854,2.28739,0.7948,0.00084,0.00137,0.00042,0.00013,4.94808,25.0106,1.27208,0.00499409,0.00499409,0.00499409
24,68.3257,3.31109,2.29865,0.80479,0.00605,0.00988,0.00318,0.00094,4.65566,6.54566,0.96157,0.00499354,0.00499354,0.00499354
25,70.9974,3.28499,2.2344,0.78542,0.0263,0.04297,0.01417,0.00414,4.06741,6.71443,0.86173,0.00499297,0.00499297,0.00499297
26,73.7624,3.25493,2.26197,0.78769,0.07025,0.11477,0.04044,0.01132,3.72621,6.75489,0.83855,0.00499237,0.00499237,0.00499237
27,76.4,3.16508,2.16166,0.80021,0.05345,0.08731,0.02942,0.00827,3.82967,14.1754,0.86989,0.00499175,0.00499175,0.00499175
28,79.1817,3.28587,2.21268,0.77187,0.03353,0.05478,0.02054,0.00581,3.88663,5.05849,0.83375,0.0049911,0.0049911,0.0049911
29,81.8362,3.12758,2.2372,0.79024,0.02605,0.04256,0.01403,0.00441,3.94913,5.48093,0.84054,0.00499043,0.00499043,0.00499043
30,84.6324,3.24406,2.21767,0.75584,0.08109,0.13248,0.05366,0.01533,3.61914,4.30133,0.82824,0.00498974,0.00498974,0.00498974
31,87.347,3.14852,2.0886,0.76228,0.05874,0.09596,0.03421,0.00959,3.78888,4.91294,0.86941,0.00498902,0.00498902,0.00498902
32,90.1103,3.07984,2.13311,0.76773,0.04824,0.06974,0.02532,0.00696,3.99144,6.8723,0.94456,0.00498827,0.00498827,0.00498827
33,92.7659,3.02633,2.18115,0.80317,0.04303,0.06356,0.02359,0.00621,4.07583,5.65954,0.97564,0.0049875,0.0049875,0.0049875
34,95.677,3.06855,2.0901,0.76671,0.00773,0.01263,0.00417,0.0009,3.90471,50.1741,0.90119,0.00498671,0.00498671,0.00498671
35,98.5451,3.02061,2.05223,0.74625,0.00689,0.01126,0.00374,0.00077,3.77575,108.849,0.86957,0.00498589,0.00498589,0.00498589
36,101.353,3.14715,2.13672,0.77814,0.01328,0.02169,0.00678,0.00146,4.13536,42.9318,0.98361,0.00498505,0.00498505,0.00498505
37,104.198,3.02054,2.07254,0.77159,0.03309,0.05354,0.01733,0.00449,4.07181,15.7776,0.96788,0.00498419,0.00498419,0.00498419
38,106.913,3.03154,2.02483,0.76863,0.16863,0.16145,0.08626,0.02361,3.53994,4.12159,0.81709,0.0049833,0.0049833,0.0049833
39,109.706,2.94343,2.10808,0.73778,0.13105,0.13015,0.06341,0.01781,3.64535,5.53593,0.85217,0.00498238,0.00498238,0.00498238
40,112.625,2.90448,1.98609,0.73525,0.02147,0.03418,0.0121,0.00264,4.35106,20.0745,1.07454,0.00498145,0.00498145,0.00498145
41,115.447,2.90235,2.00001,0.75713,0.0137,0.02238,0.00908,0.00182,4.36012,45.7754,1.0754,0.00498048,0.00498048,0.00498048
42,118.366,2.81478,1.95022,0.74282,0.00751,0.01222,0.00875,0.00207,3.92322,44.5791,0.92904,0.0049795,0.0049795,0.0049795
43,121.245,2.89576,2.05211,0.77503,0.00739,0.01208,0.00871,0.00266,3.87518,35.626,0.91294,0.00497849,0.00497849,0.00497849
44,124.116,2.88434,1.92985,0.73415,0.03769,0.01167,0.00965,0.00255,4.1042,19.2318,0.99834,0.00497745,0.00497745,0.00497745
45,126.933,2.82373,1.84684,0.7221,0.03091,0.0453,0.01998,0.00464,4.15133,11.1105,1.02022,0.00497639,0.00497639,0.00497639
46,129.865,2.97339,2.07297,0.76425,0.11224,0.12356,0.06102,0.01626,3.74343,3.78874,0.88064,0.00497531,0.00497531,0.00497531
47,132.723,2.86607,1.96939,0.72408,0.15004,0.15472,0.08492,0.02297,3.57599,2.83302,0.83942,0.0049742,0.0049742,0.0049742
48,135.517,2.81525,1.92161,0.73199,0.32229,0.22762,0.20237,0.06105,3.16938,2.0173,0.74695,0.00497307,0.00497307,0.00497307
49,138.296,2.78374,1.93776,0.75936,0.35002,0.25343,0.23601,0.07235,3.06907,2.00581,0.72547,0.00497191,0.00497191,0.00497191
50,141.108,2.80851,1.85291,0.74229,0.25965,0.20277,0.15922,0.04636,3.30414,2.13944,0.7881,0.00497073,0.00497073,0.00497073
51,143.854,2.75306,1.79076,0.71195,0.22032,0.16804,0.11868,0.03386,3.43278,2.48346,0.82494,0.00496953,0.00496953,0.00496953
52,146.747,2.75013,1.81687,0.72429,0.2642,0.20483,0.15594,0.04351,3.33295,2.36251,0.78286,0.0049683,0.0049683,0.0049683
53,149.65,2.7483,1.85525,0.73233,0.24521,0.17902,0.13393,0.03618,3.46945,2.38668,0.80088,0.00496705,0.00496705,0.00496705
54,152.522,2.85497,1.88041,0.73311,0.3507,0.24849,0.22828,0.0712,3.1188,2.15012,0.72164,0.00496577,0.00496577,0.00496577
55,155.383,2.79429,1.88099,0.74321,0.35239,0.26116,0.24284,0.07337,3.10167,2.09526,0.72027,0.00496447,0.00496447,0.00496447
56,158.353,2.68979,1.74838,0.709,0.28521,0.18451,0.15517,0.0429,3.4437,2.27269,0.79501,0.00496315,0.00496315,0.00496315
57,161.118,2.60757,1.69797,0.70369,0.21767,0.14592,0.11105,0.02908,3.65773,2.4327,0.84606,0.0049618,0.0049618,0.0049618
58,163.957,2.69751,1.7668,0.7185,0.32173,0.22611,0.20225,0.05932,3.20867,2.10316,0.74545,0.00496042,0.00496042,0.00496042
59,166.688,2.73916,1.87014,0.72302,0.36124,0.24368,0.23298,0.07358,3.06015,2.01523,0.72379,0.00495903,0.00495903,0.00495903
60,169.612,2.72074,1.82782,0.72524,0.37697,0.25868,0.26069,0.08245,2.99663,1.92579,0.71296,0.00495761,0.00495761,0.00495761
61,172.487,2.75073,1.79292,0.72753,0.38883,0.29297,0.29546,0.09238,2.9336,1.86227,0.69576,0.00495616,0.00495616,0.00495616
62,175.433,2.71717,1.8411,0.74536,0.38613,0.30519,0.29546,0.09072,2.96385,1.86731,0.70479,0.00495469,0.00495469,0.00495469
63,178.48,2.67789,1.7675,0.71848,0.3867,0.27759,0.27905,0.08616,2.99205,1.90618,0.71112,0.0049532,0.0049532,0.0049532
64,181.324,2.64417,1.76956,0.72921,0.34399,0.28262,0.2582,0.07717,3.00661,2.0717,0.7046,0.00495168,0.00495168,0.00495168
65,184.115,2.74967,1.81248,0.71625,0.29505,0.25124,0.217,0.06275,3.09533,2.18481,0.70793,0.00495014,0.00495014,0.00495014
66,186.872,2.63668,1.68994,0.68982,0.39855,0.3045,0.30149,0.09576,2.9167,1.80881,0.715,0.00494858,0.00494858,0.00494858
67,189.791,2.68875,1.74187,0.72064,0.41623,0.3013,0.30521,0.09715,2.92226,1.90748,0.7193,0.00494699,0.00494699,0.00494699
68,192.707,2.49684,1.68234,0.71566,0.36656,0.27979,0.27146,0.08475,2.92434,2.19224,0.70932,0.00494538,0.00494538,0.00494538
69,195.565,2.65643,1.72075,0.70123,0.35706,0.2651,0.25834,0.08166,2.95664,2.36077,0.71229,0.00494374,0.00494374,0.00494374
70,198.487,2.57869,1.65009,0.69985,0.32002,0.24231,0.22067,0.06363,3.09657,2.39928,0.70509,0.00494208,0.00494208,0.00494208
71,201.271,2.58408,1.7799,0.69784,0.31851,0.29091,0.25052,0.07286,3.0205,2.11896,0.69921,0.00494039,0.00494039,0.00494039
72,204.207,2.65507,1.78472,0.70675,0.38197,0.32908,0.31058,0.10025,2.83805,1.86807,0.69167,0.00493869,0.00493869,0.00493869
73,207.081,2.52941,1.72867,0.70368,0.39326,0.31411,0.31532,0.10126,2.88087,1.81961,0.70148,0.00493695,0.00493695,0.00493695
74,209.879,2.65086,1.6832,0.69716,0.42945,0.31727,0.32928,0.11001,2.82514,1.79594,0.69539,0.0049352,0.0049352,0.0049352
75,212.726,2.60306,1.66644,0.70303,0.43311,0.31247,0.33032,0.10961,2.84187,1.78641,0.69554,0.00493342,0.00493342,0.00493342
76,215.649,2.52613,1.6418,0.69013,0.42834,0.30726,0.32465,0.1042,2.88744,1.8364,0.69649,0.00493162,0.00493162,0.00493162
77,218.396,2.60652,1.71745,0.70374,0.42321,0.31671,0.32301,0.10211,2.89177,1.8333,0.69653,0.00492979,0.00492979,0.00492979
78,221.156,2.57536,1.7298,0.7236,0.39375,0.24863,0.25542,0.0811,3.05694,1.90081,0.73485,0.00492794,0.00492794,0.00492794
79,223.948,2.6408,1.70189,0.70716,0.38402,0.24176,0.24841,0.0779,3.06719,1.88944,0.73593,0.00492606,0.00492606,0.00492606
80,226.885,2.45126,1.70446,0.69681,0.39253,0.32427,0.3106,0.1005,2.85172,1.86299,0.69351,0.00492417,0.00492417,0.00492417
81,229.615,2.59733,1.67154,0.67759,0.39517,0.32661,0.31292,0.10533,2.82996,1.86528,0.69276,0.00492224,0.00492224,0.00492224
82,232.518,2.51175,1.67879,0.70452,0.43974,0.29072,0.30866,0.10437,2.89893,1.84391,0.70659,0.0049203,0.0049203,0.0049203
83,235.328,2.48481,1.66413,0.69464,0.46332,0.32757,0.34109,0.11419,2.82089,1.81371,0.69608,0.00491833,0.00491833,0.00491833
84,238.375,2.49936,1.71157,0.67953,0.48358,0.35324,0.37245,0.12737,2.70835,1.74956,0.68211,0.00491634,0.00491634,0.00491634
85,241.311,2.51349,1.62588,0.70882,0.48404,0.33539,0.35548,0.12157,2.76335,1.74516,0.6864,0.00491432,0.00491432,0.00491432
86,244.182,2.46571,1.65394,0.69674,0.45641,0.33882,0.35069,0.11751,2.80604,1.74049,0.68518,0.00491228,0.00491228,0.00491228
87,247.008,2.37851,1.53651,0.69811,0.43736,0.35077,0.35437,0.12298,2.72424,1.71138,0.6805,0.00491022,0.00491022,0.00491022
88,249.944,2.54904,1.61822,0.68907,0.43934,0.35763,0.36324,0.12527,2.71965,1.66901,0.68099,0.00490813,0.00490813,0.00490813
89,252.613,2.46928,1.57596,0.68842,0.46711,0.34157,0.36204,0.12792,2.7034,1.65769,0.68365,0.00490602,0.00490602,0.00490602
90,255.423,2.49436,1.59645,0.68995,0.45292,0.36505,0.37616,0.13156,2.65736,1.70568,0.67942,0.00490388,0.00490388,0.00490388
91,258.235,2.50607,1.58099,0.68331,0.4773,0.34651,0.37244,0.13308,2.69199,1.7137,0.68552,0.00490173,0.00490173,0.00490173
92,260.936,2.33378,1.5311,0.67403,0.45269,0.28267,0.29265,0.09213,2.99462,1.74813,0.72316,0.00489955,0.00489955,0.00489955
93,263.684,2.45629,1.58168,0.67113,0.49576,0.33004,0.35656,0.12146,2.78631,1.65918,0.69584,0.00489734,0.00489734,0.00489734
94,266.432,2.3851,1.58002,0.69756,0.48827,0.33567,0.36186,0.11972,2.78691,1.7379,0.6918,0.00489511,0.00489511,0.00489511
95,269.277,2.34275,1.53187,0.66418,0.48561,0.29668,0.32072,0.10746,2.85129,1.85015,0.70453,0.00489286,0.00489286,0.00489286
96,272.169,2.38621,1.58593,0.70181,0.52577,0.34212,0.3819,0.13731,2.6482,1.65288,0.67605,0.00489059,0.00489059,0.00489059
97,275,2.42133,1.53984,0.67218,0.51244,0.32537,0.36385,0.12556,2.71312,1.71961,0.67959,0.00488829,0.00488829,0.00488829
98,277.812,2.41463,1.53016,0.67222,0.50836,0.32468,0.35928,0.12891,2.70185,1.73004,0.68033,0.00488597,0.00488597,0.00488597
99,280.516,2.40384,1.51601,0.65876,0.50825,0.32716,0.36532,0.1289,2.72389,1.70424,0.68264,0.00488362,0.00488362,0.00488362
100,283.375,2.50551,1.60904,0.70247,0.50489,0.35242,0.39058,0.13598,2.608,1.61621,0.67048,0.00488126,0.00488126,0.00488126
101,286.128,2.43016,1.51514,0.68934,0.53704,0.36381,0.40624,0.14283,2.572,1.59368,0.66807,0.00487886,0.00487886,0.00487886
102,288.927,2.30589,1.50234,0.68125,0.53046,0.34761,0.37945,0.13392,2.68974,1.68807,0.67804,0.00487645,0.00487645,0.00487645
103,291.709,2.44251,1.56378,0.69713,0.51044,0.3623,0.39264,0.14221,2.63292,1.65839,0.67156,0.00487401,0.00487401,0.00487401
104,294.458,2.41813,1.52475,0.67594,0.50449,0.36752,0.39975,0.15001,2.56842,1.63138,0.66924,0.00487155,0.00487155,0.00487155
105,297.306,2.27359,1.53095,0.66929,0.50424,0.33663,0.36692,0.12541,2.74619,1.66791,0.69372,0.00486907,0.00486907,0.00486907
106,300.147,2.2688,1.49554,0.67391,0.50033,0.33196,0.36353,0.12713,2.70901,1.63241,0.69636,0.00486656,0.00486656,0.00486656
107,302.834,2.39164,1.55104,0.6834,0.49826,0.32339,0.35675,0.12329,2.739,1.63779,0.69898,0.00486403,0.00486403,0.00486403
108,305.582,2.37227,1.49902,0.66738,0.42199,0.25151,0.25331,0.07672,3.10631,1.80515,0.7443,0.00486148,0.00486148,0.00486148
109,308.359,2.34032,1.49692,0.66969,0.41665,0.24616,0.2448,0.07257,3.1284,1.88129,0.74295,0.0048589,0.0048589,0.0048589
110,311.174,2.326,1.5587,0.66851,0.53295,0.31851,0.35212,0.11805,2.72224,2.22347,0.6872,0.0048563,0.0048563,0.0048563
111,314.081,2.3808,1.50857,0.65586,0.56657,0.36148,0.40595,0.14193,2.57821,1.8945,0.66719,0.00485368,0.00485368,0.00485368
112,316.927,2.3877,1.51992,0.67792,0.54341,0.3564,0.38648,0.132,2.66456,1.84127,0.6724,0.00485103,0.00485103,0.00485103
113,319.678,2.29879,1.47709,0.65865,0.5346,0.35167,0.38181,0.13014,2.67837,1.82219,0.67243,0.00484837,0.00484837,0.00484837
114,322.509,2.3165,1.501,0.65262,0.46673,0.37766,0.38319,0.1279,2.66121,1.61326,0.6667,0.00484568,0.00484568,0.00484568
115,325.351,2.32275,1.48695,0.64857,0.45588,0.36614,0.37478,0.12186,2.68062,1.62802,0.66675,0.00484296,0.00484296,0.00484296
116,328.165,2.3955,1.55512,0.66758,0.5459,0.36889,0.41874,0.15756,2.50539,1.5999,0.65602,0.00484022,0.00484022,0.00484022
117,330.994,2.27925,1.50877,0.69364,0.53569,0.3726,0.41938,0.15693,2.49466,1.62452,0.65463,0.00483746,0.00483746,0.00483746
118,333.726,2.30655,1.45708,0.66546,0.49103,0.37152,0.39629,0.13444,2.57414,1.62901,0.65928,0.00483468,0.00483468,0.00483468
119,336.394,2.24074,1.44018,0.66306,0.55796,0.38605,0.43238,0.15921,2.49861,1.5387,0.65785,0.00483188,0.00483188,0.00483188
120,339.227,2.37035,1.48815,0.66522,0.46199,0.29105,0.29911,0.09397,2.9137,1.76196,0.703,0.00482905,0.00482905,0.00482905
121,342.001,2.28679,1.46557,0.66839,0.5118,0.33237,0.35417,0.117,2.73437,1.66879,0.68036,0.0048262,0.0048262,0.0048262
122,344.797,2.22463,1.46528,0.66389,0.5289,0.38811,0.41925,0.15212,2.54447,1.55743,0.66333,0.00482332,0.00482332,0.00482332
123,347.499,2.36163,1.5182,0.67445,0.52419,0.35316,0.3794,0.13433,2.67831,1.60143,0.68007,0.00482043,0.00482043,0.00482043
124,350.405,2.18108,1.4082,0.65377,0.55376,0.36134,0.39746,0.13884,2.66906,1.56592,0.67574,0.00481751,0.00481751,0.00481751
125,353.139,2.24017,1.45004,0.65881,0.56848,0.37466,0.41961,0.15217,2.56904,1.51938,0.66381,0.00481457,0.00481457,0.00481457
126,355.934,2.19655,1.39962,0.6482,0.59441,0.38578,0.44021,0.16023,2.51751,1.5392,0.65707,0.0048116,0.0048116,0.0048116
127,358.776,2.23564,1.43098,0.6702,0.57993,0.39063,0.44047,0.15835,2.53539,1.59583,0.65883,0.00480862,0.00480862,0.00480862
128,361.636,2.16679,1.43768,0.64857,0.55903,0.40019,0.44406,0.16306,2.48423,1.61577,0.65341,0.00480561,0.00480561,0.00480561
129,364.506,2.2859,1.43218,0.66584,0.54598,0.40431,0.44396,0.16602,2.44834,1.5542,0.65109,0.00480257,0.00480257,0.00480257
130,367.303,2.30836,1.46914,0.66987,0.55376,0.39278,0.43916,0.16408,2.49609,1.52433,0.65423,0.00479952,0.00479952,0.00479952
131,370.021,2.23681,1.41705,0.66514,0.57021,0.39319,0.4395,0.16788,2.47716,1.52647,0.6565,0.00479644,0.00479644,0.00479644
132,372.815,2.24371,1.37621,0.66015,0.57371,0.39244,0.44238,0.17504,2.417,1.51187,0.65422,0.00479334,0.00479334,0.00479334
133,375.66,2.26295,1.44729,0.67242,0.5773,0.37603,0.4271,0.15643,2.55675,1.55451,0.66689,0.00479022,0.00479022,0.00479022
134,378.487,2.27793,1.41354,0.66956,0.54989,0.35681,0.39233,0.13529,2.67775,1.62501,0.67846,0.00478708,0.00478708,0.00478708
135,381.17,2.1504,1.40503,0.65522,0.57374,0.3818,0.42186,0.1504,2.57475,1.59823,0.66578,0.00478391,0.00478391,0.00478391
136,383.85,2.2819,1.44069,0.66152,0.58075,0.40967,0.45102,0.16685,2.49786,1.63974,0.65584,0.00478072,0.00478072,0.00478072
137,386.646,2.24744,1.43565,0.68014,0.57114,0.38839,0.42375,0.14647,2.59085,1.74293,0.66419,0.00477751,0.00477751,0.00477751
138,389.426,2.16503,1.39225,0.66884,0.53187,0.34596,0.36234,0.11591,2.74787,1.79435,0.68423,0.00477428,0.00477428,0.00477428
139,392.091,2.14261,1.41579,0.6754,0.59345,0.38248,0.43381,0.16137,2.47993,1.61495,0.66048,0.00477102,0.00477102,0.00477102
140,394.822,2.13646,1.42932,0.64191,0.58333,0.39854,0.45671,0.1627,2.43848,1.4888,0.65112,0.00476775,0.00476775,0.00476775
141,397.555,2.24236,1.41957,0.64729,0.60247,0.3976,0.45722,0.17099,2.41086,1.47605,0.65154,0.00476445,0.00476445,0.00476445
142,400.481,2.24121,1.443,0.65672,0.57734,0.37754,0.43304,0.16116,2.47072,1.50657,0.65483,0.00476113,0.00476113,0.00476113
143,403.185,2.23227,1.41003,0.65826,0.57879,0.38138,0.44697,0.17023,2.40106,1.47363,0.6488,0.00475778,0.00475778,0.00475778
144,405.933,2.21122,1.42307,0.64513,0.5045,0.37448,0.41084,0.1473,2.50371,1.54469,0.65309,0.00475442,0.00475442,0.00475442
145,408.659,2.19612,1.41647,0.63985,0.51681,0.38222,0.41954,0.15916,2.45701,1.52369,0.65638,0.00475103,0.00475103,0.00475103
146,411.432,2.21995,1.40003,0.65442,0.50881,0.34747,0.37375,0.12862,2.67692,1.58576,0.67398,0.00474762,0.00474762,0.00474762
147,414.239,2.08873,1.39177,0.64113,0.55415,0.36766,0.40554,0.14761,2.56498,1.53249,0.65913,0.00474419,0.00474419,0.00474419
148,417.044,2.16911,1.33058,0.64301,0.58269,0.40735,0.45824,0.17757,2.40497,1.45726,0.64525,0.00474073,0.00474073,0.00474073
149,419.803,2.17177,1.40122,0.65543,0.61148,0.39964,0.4617,0.18523,2.35215,1.43352,0.6445,0.00473726,0.00473726,0.00473726
150,422.581,2.11257,1.33351,0.63613,0.54322,0.33429,0.37112,0.1286,2.70838,1.61077,0.68585,0.00473376,0.00473376,0.00473376
151,425.356,2.16953,1.38818,0.67524,0.55137,0.37221,0.40972,0.14699,2.57344,1.53746,0.66685,0.00473024,0.00473024,0.00473024
152,428.068,2.10388,1.35261,0.64698,0.60452,0.41323,0.47232,0.18711,2.34029,1.4198,0.64335,0.0047267,0.0047267,0.0047267
153,430.764,2.20254,1.39555,0.65176,0.61734,0.41776,0.47743,0.18344,2.38299,1.4336,0.64521,0.00472314,0.00472314,0.00472314
154,433.616,2.0956,1.39279,0.66629,0.60915,0.41447,0.47322,0.18019,2.38145,1.4348,0.64265,0.00471955,0.00471955,0.00471955
155,436.315,2.08077,1.37251,0.66594,0.58773,0.41365,0.47045,0.17777,2.40206,1.43158,0.64389,0.00471595,0.00471595,0.00471595
156,438.992,2.0598,1.34629,0.64643,0.56254,0.4098,0.45948,0.17496,2.42507,1.4457,0.64631,0.00471232,0.00471232,0.00471232
157,441.689,2.07768,1.30302,0.62825,0.55127,0.41709,0.45775,0.17531,2.43154,1.4516,0.64623,0.00470867,0.00470867,0.00470867
158,444.419,2.16263,1.36831,0.64405,0.58204,0.41296,0.4695,0.18064,2.41515,1.45283,0.64497,0.004705,0.004705,0.004705
159,447.068,2.10899,1.31823,0.64419,0.59086,0.41667,0.47762,0.18457,2.38715,1.43569,0.64346,0.00470131,0.00470131,0.00470131
160,449.958,2.05613,1.34152,0.64641,0.59931,0.3855,0.45296,0.17984,2.39352,1.43697,0.64987,0.00469759,0.00469759,0.00469759
161,452.661,2.18515,1.34404,0.64088,0.58176,0.36779,0.42644,0.16793,2.44002,1.47222,0.65814,0.00469386,0.00469386,0.00469386
162,455.363,2.05652,1.33101,0.65238,0.56602,0.3682,0.4264,0.17023,2.42856,1.52718,0.65723,0.0046901,0.0046901,0.0046901
163,458.01,2.11448,1.29696,0.63972,0.58008,0.38427,0.44807,0.17528,2.39805,1.4893,0.6508,0.00468632,0.00468632,0.00468632
164,460.742,2.13856,1.32748,0.63246,0.60951,0.40973,0.47581,0.18998,2.35703,1.41413,0.64708,0.00468253,0.00468253,0.00468253
165,463.558,2.02832,1.28455,0.64881,0.60684,0.38111,0.44713,0.1672,2.50514,1.47076,0.66069,0.0046787,0.0046787,0.0046787
166,466.315,2.07421,1.31732,0.65492,0.61376,0.39094,0.45917,0.17799,2.41247,1.46056,0.6533,0.00467486,0.00467486,0.00467486
167,468.962,2.12778,1.33646,0.65109,0.62464,0.39319,0.46277,0.18137,2.39958,1.45615,0.65277,0.004671,0.004671,0.004671
168,471.737,2.02745,1.30491,0.63822,0.59819,0.36367,0.41928,0.14706,2.60182,1.5698,0.6704,0.00466712,0.00466712,0.00466712
169,474.415,2.0694,1.31552,0.65469,0.5926,0.36175,0.41377,0.14193,2.62026,1.59486,0.66997,0.00466321,0.00466321,0.00466321
170,477.283,2.05595,1.39577,0.66795,0.61855,0.40211,0.4698,0.18285,2.39103,1.47038,0.65075,0.00465928,0.00465928,0.00465928
171,480.137,2.13564,1.309,0.65502,0.61531,0.39031,0.45726,0.17901,2.39726,1.48365,0.65307,0.00465534,0.00465534,0.00465534
172,482.911,2.09007,1.3054,0.6456,0.57643,0.35571,0.40649,0.14313,2.60407,1.60278,0.67219,0.00465137,0.00465137,0.00465137
173,485.574,2.11184,1.31592,0.65349,0.58022,0.3763,0.42937,0.15917,2.51662,1.54569,0.66215,0.00464738,0.00464738,0.00464738
174,488.381,2.01228,1.309,0.64579,0.61303,0.40322,0.46719,0.18307,2.38937,1.46163,0.64864,0.00464337,0.00464337,0.00464337
175,490.998,1.94868,1.25426,0.63447,0.6062,0.38097,0.44474,0.16908,2.47047,1.51212,0.65535,0.00463934,0.00463934,0.00463934
176,493.819,2.07393,1.3397,0.65843,0.62335,0.3969,0.46299,0.18186,2.40257,1.48715,0.65011,0.00463528,0.00463528,0.00463528
177,496.486,2.02488,1.29975,0.63712,0.62446,0.40795,0.47337,0.18941,2.35309,1.47466,0.64574,0.00463121,0.00463121,0.00463121
178,499.34,2.11602,1.29019,0.6415,0.6157,0.40733,0.47143,0.17855,2.43495,1.50971,0.64889,0.00462712,0.00462712,0.00462712
179,501.974,2.07099,1.2996,0.64367,0.61364,0.42408,0.48497,0.18525,2.39309,1.47037,0.64399,0.004623,0.004623,0.004623
180,504.703,2.10708,1.33454,0.63347,0.58764,0.43012,0.49006,0.19407,2.31724,1.40417,0.64033,0.00461887,0.00461887,0.00461887
181,507.423,2.07852,1.28923,0.62747,0.5851,0.42037,0.47824,0.18623,2.3381,1.42355,0.64216,0.00461471,0.00461471,0.00461471
182,510.185,2.03175,1.32224,0.65729,0.60024,0.41063,0.47755,0.18198,2.39725,1.44949,0.64513,0.00461054,0.00461054,0.00461054
183,512.823,2.01693,1.29161,0.64168,0.60189,0.42425,0.4897,0.19134,2.3492,1.4068,0.64235,0.00460634,0.00460634,0.00460634
184,515.525,2.04901,1.28058,0.64915,0.61492,0.4174,0.48403,0.19415,2.31673,1.3907,0.63924,0.00460212,0.00460212,0.00460212
185,518.209,2.07339,1.29125,0.62687,0.58915,0.4028,0.4681,0.18099,2.33011,1.39834,0.63981,0.00459788,0.00459788,0.00459788
186,520.908,2.12428,1.30197,0.63325,0.61721,0.4087,0.48218,0.19005,2.33643,1.40199,0.63855,0.00459362,0.00459362,0.00459362
187,523.691,2.11226,1.2938,0.63613,0.61834,0.42339,0.48748,0.18986,2.33779,1.39321,0.63682,0.00458934,0.00458934,0.00458934
188,526.424,2.11086,1.29031,0.64294,0.60536,0.42919,0.48414,0.18248,2.37263,1.41647,0.64282,0.00458504,0.00458504,0.00458504
189,529.159,2.15136,1.36368,0.66471,0.60575,0.43589,0.48778,0.18798,2.36473,1.41461,0.6415,0.00458072,0.00458072,0.00458072
190,531.888,2.09846,1.30936,0.63796,0.60029,0.42834,0.48294,0.1993,2.2964,1.38403,0.63947,0.00457638,0.00457638,0.00457638
191,534.602,2.10058,1.28552,0.62649,0.60248,0.43108,0.49013,0.19622,2.26236,1.37473,0.63575,0.00457202,0.00457202,0.00457202
192,537.302,2.05764,1.29014,0.63805,0.63196,0.40971,0.47836,0.18918,2.36777,1.42494,0.64663,0.00456764,0.00456764,0.00456764
193,540.094,1.94951,1.28581,0.62911,0.62748,0.38411,0.44982,0.16446,2.5296,1.50123,0.66476,0.00456324,0.00456324,0.00456324
194,542.84,1.9883,1.30689,0.63807,0.61411,0.41145,0.47903,0.18881,2.34127,1.42407,0.64312,0.00455882,0.00455882,0.00455882
195,545.592,1.94501,1.30973,0.62738,0.60687,0.42471,0.48991,0.19944,2.26054,1.39232,0.63562,0.00455438,0.00455438,0.00455438
196,548.391,1.96674,1.24667,0.63052,0.61926,0.43795,0.50085,0.20029,2.27088,1.37962,0.63614,0.00454992,0.00454992,0.00454992
197,551.121,2.05863,1.26799,0.63136,0.63452,0.42974,0.49958,0.197,2.28774,1.3784,0.63654,0.00454544,0.00454544,0.00454544
198,553.931,2.03624,1.29468,0.63181,0.64262,0.43218,0.50348,0.20683,2.2361,1.35577,0.63258,0.00454094,0.00454094,0.00454094
199,556.602,1.85308,1.226,0.6314,0.6444,0.41895,0.49418,0.20121,2.26035,1.37441,0.63363,0.00453642,0.00453642,0.00453642
200,559.322,1.95763,1.22163,0.62797,0.62213,0.41612,0.48647,0.20072,2.28759,1.39224,0.63434,0.00453188,0.00453188,0.00453188
201,562,1.95994,1.28175,0.6271,0.62392,0.41612,0.48595,0.19922,2.28873,1.3845,0.63301,0.00452732,0.00452732,0.00452732
202,564.724,1.92481,1.23237,0.63221,0.60898,0.4293,0.48811,0.19677,2.31153,1.41361,0.63458,0.00452274,0.00452274,0.00452274
203,567.482,2.05942,1.29,0.63087,0.61962,0.4341,0.49678,0.20079,2.29493,1.4027,0.63444,0.00451814,0.00451814,0.00451814
204,570.243,1.85143,1.21814,0.6323,0.63276,0.43012,0.50362,0.20819,2.25654,1.38153,0.63356,0.00451352,0.00451352,0.00451352
205,573.032,1.98277,1.24902,0.63758,0.62609,0.43149,0.50319,0.20399,2.27221,1.38271,0.63389,0.00450888,0.00450888,0.00450888
206,575.709,1.88991,1.21012,0.62441,0.6126,0.43685,0.50144,0.19902,2.28846,1.38251,0.63402,0.00450422,0.00450422,0.00450422
207,578.293,1.91852,1.25578,0.65164,0.62167,0.44426,0.50539,0.2073,2.25699,1.36677,0.63253,0.00449954,0.00449954,0.00449954
208,581.02,2.07021,1.30142,0.64918,0.60607,0.42271,0.48892,0.18663,2.30907,1.38167,0.63586,0.00449484,0.00449484,0.00449484
209,583.713,2.02691,1.29009,0.64364,0.61249,0.42573,0.49485,0.19366,2.29117,1.38601,0.63528,0.00449013,0.00449013,0.00449013
210,586.392,2.02941,1.30645,0.64219,0.61726,0.40788,0.47386,0.17873,2.40457,1.45706,0.64668,0.00448539,0.00448539,0.00448539
211,589.059,2.06307,1.27663,0.63008,0.59578,0.41725,0.47802,0.18234,2.33619,1.43361,0.6405,0.00448063,0.00448063,0.00448063
212,591.77,1.98908,1.28435,0.63869,0.62374,0.42786,0.49528,0.19805,2.27078,1.39198,0.6394,0.00447586,0.00447586,0.00447586
213,594.485,2.01713,1.24522,0.62664,0.61325,0.4201,0.48777,0.1985,2.27207,1.38799,0.63876,0.00447106,0.00447106,0.00447106
214,597.316,1.93823,1.23158,0.62902,0.57358,0.41439,0.47207,0.18208,2.25912,1.38495,0.63116,0.00446625,0.00446625,0.00446625
215,600.081,2.0752,1.2775,0.63691,0.60574,0.41996,0.49171,0.20242,2.20884,1.37386,0.63102,0.00446142,0.00446142,0.00446142
216,602.799,1.94767,1.23309,0.62484,0.60217,0.42614,0.49148,0.19057,2.2469,1.37153,0.62928,0.00445657,0.00445657,0.00445657
217,605.404,1.87033,1.24333,0.62392,0.63454,0.43645,0.50929,0.20489,2.21608,1.34676,0.62748,0.00445169,0.00445169,0.00445169
218,608.135,1.96003,1.25692,0.63654,0.59953,0.42024,0.48062,0.1826,2.26866,1.40309,0.62963,0.0044468,0.0044468,0.0044468
219,610.773,1.97307,1.24474,0.64078,0.58494,0.41653,0.47369,0.17966,2.27979,1.41465,0.63018,0.0044419,0.0044419,0.0044419
220,613.533,1.97564,1.21899,0.6231,0.65314,0.42504,0.50102,0.20556,2.21635,1.37483,0.62911,0.00443697,0.00443697,0.00443697
221,616.139,1.9531,1.25372,0.63718,0.65646,0.42518,0.50402,0.20932,2.21716,1.36969,0.6286,0.00443202,0.00443202,0.00443202
222,618.984,1.96513,1.23139,0.62198,0.62702,0.42257,0.49835,0.19746,2.245,1.38579,0.63061,0.00442705,0.00442705,0.00442705
223,621.608,1.93312,1.20525,0.62987,0.60045,0.42545,0.48814,0.19092,2.26078,1.38928,0.63338,0.00442207,0.00442207,0.00442207
224,624.371,1.91155,1.22425,0.62643,0.62835,0.42435,0.4872,0.19531,2.29784,1.38271,0.63694,0.00441707,0.00441707,0.00441707
225,627.057,1.81893,1.22175,0.63979,0.63101,0.42188,0.49061,0.19477,2.30049,1.39299,0.63695,0.00441205,0.00441205,0.00441205
226,629.821,1.93515,1.27832,0.64109,0.65845,0.42065,0.50042,0.198,2.32755,1.42559,0.63336,0.004407,0.004407,0.004407
227,632.582,1.9331,1.23667,0.62724,0.6432,0.43383,0.50533,0.20036,2.33804,1.43112,0.6343,0.00440195,0.00440195,0.00440195
228,635.266,1.82992,1.18034,0.61457,0.63468,0.43934,0.51013,0.20067,2.29273,1.41783,0.62979,0.00439687,0.00439687,0.00439687
229,637.971,1.98103,1.30658,0.63221,0.63011,0.43918,0.50696,0.20626,2.27754,1.42257,0.62968,0.00439177,0.00439177,0.00439177
230,640.701,1.94321,1.24165,0.62503,0.60344,0.42875,0.49714,0.19594,2.26052,1.40604,0.62874,0.00438666,0.00438666,0.00438666
231,643.557,1.98895,1.2317,0.61472,0.61249,0.43218,0.49809,0.20062,2.24099,1.37635,0.62872,0.00438152,0.00438152,0.00438152
232,646.275,1.99948,1.3089,0.65449,0.63639,0.43753,0.50833,0.20617,2.18768,1.35472,0.6259,0.00437637,0.00437637,0.00437637
233,648.861,1.99782,1.25993,0.61448,0.59992,0.43767,0.49611,0.18768,2.24566,1.38918,0.62707,0.0043712,0.0043712,0.0043712
234,651.515,1.96498,1.26908,0.62734,0.6351,0.44454,0.51528,0.21154,2.23665,1.38463,0.62904,0.00436602,0.00436602,0.00436602
235,654.187,1.90782,1.22513,0.61962,0.63478,0.44193,0.51096,0.20858,2.22331,1.38112,0.62732,0.00436081,0.00436081,0.00436081
236,656.891,1.92433,1.23655,0.62305,0.64243,0.4271,0.49794,0.2076,2.26218,1.38466,0.63136,0.00435559,0.00435559,0.00435559
237,659.561,1.79715,1.2006,0.61625,0.64982,0.43314,0.51016,0.21444,2.21521,1.35678,0.6273,0.00435034,0.00435034,0.00435034
238,662.303,1.90536,1.21958,0.62777,0.62992,0.44042,0.5114,0.19565,2.27208,1.36844,0.62786,0.00434508,0.00434508,0.00434508
239,665.061,1.99421,1.2639,0.62236,0.64717,0.45101,0.5245,0.21864,2.1969,1.36695,0.62524,0.00433981,0.00433981,0.00433981
240,667.824,1.90744,1.24569,0.63114,0.62179,0.4282,0.50354,0.2069,2.1888,1.3512,0.62285,0.00433451,0.00433451,0.00433451
241,670.487,1.89432,1.18623,0.60036,0.57275,0.42477,0.48334,0.18853,2.23856,1.38196,0.62498,0.0043292,0.0043292,0.0043292
242,673.263,2.02885,1.25626,0.63562,0.63607,0.42559,0.49825,0.20223,2.25183,1.39569,0.62532,0.00432387,0.00432387,0.00432387
243,675.878,1.92069,1.24032,0.6243,0.6388,0.42339,0.49098,0.19333,2.29397,1.41661,0.62773,0.00431852,0.00431852,0.00431852
244,678.596,1.97361,1.25065,0.63219,0.56195,0.40649,0.45368,0.16411,2.36633,1.47087,0.62987,0.00431315,0.00431315,0.00431315
245,681.169,1.89429,1.2285,0.61764,0.51928,0.39122,0.41365,0.13877,2.48785,1.50179,0.63658,0.00430776,0.00430776,0.00430776
246,683.999,1.94913,1.28643,0.62857,0.64701,0.45758,0.52413,0.21739,2.20853,1.41502,0.62292,0.00430236,0.00430236,0.00430236
247,686.764,1.89343,1.24843,0.63099,0.66226,0.43772,0.50618,0.19701,2.30607,1.57255,0.62832,0.00429694,0.00429694,0.00429694
248,689.435,2.00029,1.25121,0.61385,0.65347,0.43534,0.49926,0.19221,2.29922,1.68559,0.6287,0.00429151,0.00429151,0.00429151
249,692.135,1.89975,1.23692,0.62019,0.66513,0.4374,0.51234,0.2117,2.19615,1.50923,0.62323,0.00428605,0.00428605,0.00428605
250,694.864,1.92751,1.24104,0.6296,0.63181,0.433,0.50057,0.21366,2.19044,1.35346,0.62569,0.00428058,0.00428058,0.00428058
251,697.541,1.81713,1.18093,0.60766,0.63864,0.42072,0.49388,0.20748,2.24289,1.36627,0.63033,0.00427509,0.00427509,0.00427509
252,700.208,1.84039,1.20905,0.62457,0.6009,0.40369,0.47893,0.19662,2.22344,1.47157,0.62824,0.00426958,0.00426958,0.00426958
253,702.907,1.91158,1.22654,0.62407,0.59768,0.39649,0.47704,0.19428,2.22614,1.49631,0.62709,0.00426406,0.00426406,0.00426406
254,705.657,2.03989,1.31641,0.65489,0.66194,0.41845,0.506,0.21135,2.23484,1.35829,0.62445,0.00425852,0.00425852,0.00425852
255,708.392,1.88011,1.22191,0.63037,0.63714,0.43424,0.49755,0.19489,2.32707,1.42299,0.63015,0.00425296,0.00425296,0.00425296
256,711.057,1.86662,1.2048,0.62143,0.64781,0.45277,0.51889,0.21412,2.20938,1.39966,0.62339,0.00424738,0.00424738,0.00424738
257,713.676,1.92534,1.21623,0.61745,0.64457,0.45436,0.52106,0.21691,2.18125,1.34556,0.62169,0.00424179,0.00424179,0.00424179
258,716.33,1.92755,1.2045,0.60227,0.64225,0.44357,0.51059,0.2089,2.28002,1.37995,0.62761,0.00423618,0.00423618,0.00423618
259,719.062,2.01294,1.26039,0.61961,0.65421,0.44055,0.51019,0.20304,2.32016,1.40743,0.62919,0.00423056,0.00423056,0.00423056
260,721.743,1.96834,1.23752,0.61064,0.65743,0.44289,0.52701,0.21709,2.24335,1.40817,0.62454,0.00422491,0.00422491,0.00422491
261,724.398,1.91798,1.20967,0.62084,0.64297,0.44206,0.52076,0.2139,2.21475,1.40253,0.62208,0.00421925,0.00421925,0.00421925
262,727.068,1.92926,1.25529,0.63326,0.63584,0.44399,0.5127,0.21429,2.22048,1.35476,0.62653,0.00421358,0.00421358,0.00421358
263,729.78,1.89649,1.21958,0.61763,0.63959,0.44577,0.51351,0.21717,2.17796,1.34037,0.62347,0.00420788,0.00420788,0.00420788
264,732.717,1.88922,1.23211,0.63534,0.62608,0.4386,0.51172,0.20558,2.1961,1.37389,0.62122,0.00420217,0.00420217,0.00420217
265,735.385,1.90603,1.22766,0.60965,0.61476,0.43342,0.50593,0.20545,2.17586,1.40347,0.61968,0.00419645,0.00419645,0.00419645
266,738.074,1.89374,1.18587,0.6209,0.59436,0.43396,0.49968,0.19633,2.23013,1.42691,0.62195,0.00419071,0.00419071,0.00419071
267,740.726,1.86337,1.20692,0.62937,0.58786,0.42101,0.48637,0.18317,2.28707,1.43188,0.6232,0.00418495,0.00418495,0.00418495
268,743.47,1.78335,1.15714,0.62156,0.64041,0.44915,0.52592,0.22697,2.12957,1.33684,0.61673,0.00417917,0.00417917,0.00417917
269,746.079,1.899,1.2285,0.6207,0.65252,0.45085,0.52465,0.22149,2.16603,1.34408,0.61897,0.00417338,0.00417338,0.00417338
270,748.81,1.85911,1.20749,0.61514,0.65309,0.45437,0.52742,0.22072,2.1599,1.34858,0.62005,0.00416757,0.00416757,0.00416757
271,751.465,1.87883,1.18809,0.62876,0.65318,0.43722,0.50667,0.2015,2.29505,1.41327,0.63063,0.00416175,0.00416175,0.00416175
272,754.278,1.96961,1.24347,0.62213,0.67049,0.4492,0.52638,0.22157,2.18276,1.35934,0.6243,0.00415591,0.00415591,0.00415591
273,756.916,1.85794,1.26805,0.6334,0.67155,0.44238,0.52834,0.21757,2.1895,1.35036,0.62273,0.00415005,0.00415005,0.00415005
274,759.753,1.97437,1.21903,0.63083,0.6678,0.41749,0.50153,0.2032,2.30543,1.40198,0.63086,0.00414418,0.00414418,0.00414418
275,762.386,1.82849,1.20735,0.62982,0.64464,0.41365,0.48771,0.20162,2.3054,1.408,0.63122,0.00413829,0.00413829,0.00413829
276,765.162,1.91292,1.22117,0.62703,0.61712,0.43383,0.50567,0.21435,2.18388,1.35584,0.6216,0.00413238,0.00413238,0.00413238
277,767.809,1.85827,1.20734,0.62495,0.63075,0.4352,0.50841,0.21384,2.1494,1.33523,0.61972,0.00412646,0.00412646,0.00412646
278,770.485,1.89328,1.18377,0.61913,0.67876,0.4363,0.51652,0.20981,2.30102,1.37793,0.63603,0.00412053,0.00412053,0.00412053
279,773.165,1.82574,1.20846,0.63693,0.68652,0.44179,0.52349,0.21443,2.25898,1.3738,0.6309,0.00411458,0.00411458,0.00411458
280,775.86,1.9537,1.25665,0.63652,0.65593,0.45618,0.53394,0.21579,2.16277,1.32401,0.61814,0.00410861,0.00410861,0.00410861
281,778.538,1.80325,1.16421,0.61827,0.66429,0.4572,0.53973,0.22306,2.1365,1.32124,0.61725,0.00410262,0.00410262,0.00410262
282,781.313,1.83678,1.1859,0.62704,0.66018,0.44994,0.5262,0.21714,2.19986,1.34596,0.62228,0.00409663,0.00409663,0.00409663
283,783.926,1.96494,1.22985,0.64119,0.63952,0.4422,0.52089,0.21273,2.16556,1.33463,0.62077,0.00409061,0.00409061,0.00409061
284,786.626,1.88077,1.21662,0.61296,0.56592,0.41241,0.4587,0.15793,2.38987,1.42971,0.63227,0.00408458,0.00408458,0.00408458
285,789.37,1.86046,1.16421,0.6198,0.63969,0.44385,0.52036,0.20073,2.21868,1.34145,0.62401,0.00407854,0.00407854,0.00407854
286,792,1.82199,1.1662,0.61016,0.68939,0.4455,0.53449,0.2152,2.2034,1.34635,0.62039,0.00407248,0.00407248,0.00407248
287,794.692,1.85538,1.18909,0.62728,0.66017,0.45045,0.53089,0.21533,2.20925,1.33313,0.62048,0.0040664,0.0040664,0.0040664
288,797.342,1.89577,1.19476,0.60936,0.60776,0.43685,0.50215,0.20386,2.18446,1.32713,0.61973,0.00406031,0.00406031,0.00406031
289,799.988,1.92607,1.20364,0.62275,0.61868,0.43287,0.50402,0.20839,2.18294,1.33084,0.61864,0.0040542,0.0040542,0.0040542
290,802.798,1.85015,1.1744,0.62028,0.63447,0.42441,0.49597,0.21055,2.22462,1.33172,0.62555,0.00404808,0.00404808,0.00404808
291,805.513,1.7577,1.15637,0.61634,0.65938,0.43355,0.51008,0.2124,2.23207,1.32779,0.6253,0.00404194,0.00404194,0.00404194
292,808.4,1.91836,1.20086,0.60327,0.68292,0.45154,0.53135,0.22461,2.17653,1.31421,0.62016,0.00403579,0.00403579,0.00403579
293,811.063,1.75579,1.12548,0.6116,0.67355,0.45113,0.52444,0.21542,2.23028,1.33274,0.62297,0.00402963,0.00402963,0.00402963
294,813.73,1.75788,1.15521,0.62502,0.67593,0.45854,0.5361,0.22704,2.19612,1.31257,0.62254,0.00402345,0.00402345,0.00402345
295,816.441,1.92341,1.17543,0.61605,0.65884,0.4592,0.53311,0.22165,2.18812,1.32402,0.62253,0.00401725,0.00401725,0.00401725
296,819.105,1.9955,1.22265,0.61629,0.6672,0.44138,0.52174,0.22515,2.14872,1.30368,0.62021,0.00401104,0.00401104,0.00401104
297,821.785,1.74156,1.16401,0.62735,0.66905,0.44728,0.52782,0.22592,2.15552,1.30456,0.62081,0.00400481,0.00400481,0.00400481
298,824.495,1.82181,1.17739,0.61994,0.66575,0.45524,0.53365,0.21427,2.21833,1.32354,0.6228,0.00399858,0.00399858,0.00399858
299,827.191,1.86208,1.17758,0.62093,0.67309,0.45566,0.5342,0.22131,2.2116,1.32248,0.62298,0.00399232,0.00399232,0.00399232
300,830.021,1.82458,1.15008,0.61855,0.66724,0.44962,0.52755,0.22459,2.19303,1.32854,0.62059,0.00398605,0.00398605,0.00398605
301,832.626,1.72363,1.11634,0.6054,0.67508,0.44865,0.52833,0.22598,2.17056,1.33234,0.62032,0.00397977,0.00397977,0.00397977
302,835.343,1.75609,1.11969,0.61426,0.67031,0.42735,0.50591,0.20192,2.29001,1.37058,0.63107,0.00397347,0.00397347,0.00397347
303,838.155,1.9267,1.18634,0.61183,0.67734,0.44001,0.52046,0.21749,2.19036,1.31722,0.62332,0.00396716,0.00396716,0.00396716
304,840.808,1.81977,1.16663,0.61473,0.6683,0.46609,0.54456,0.23523,2.08461,1.26217,0.61323,0.00396083,0.00396083,0.00396083
305,843.495,1.79651,1.11792,0.60784,0.67389,0.47144,0.55147,0.24147,2.07695,1.27168,0.61221,0.00395449,0.00395449,0.00395449
306,846.326,1.85708,1.19592,0.61545,0.65898,0.46485,0.54277,0.22778,2.15596,1.3035,0.61845,0.00394814,0.00394814,0.00394814
307,848.919,1.82027,1.17572,0.63745,0.63208,0.46582,0.53507,0.21836,2.16552,1.31011,0.61783,0.00394177,0.00394177,0.00394177
308,851.606,1.85443,1.17529,0.61817,0.64477,0.47144,0.54288,0.23396,2.10513,1.29406,0.61568,0.00393539,0.00393539,0.00393539
309,854.451,1.82941,1.17301,0.62313,0.64184,0.47186,0.54132,0.2286,2.12129,1.29689,0.61659,0.00392899,0.00392899,0.00392899
310,857.087,1.86968,1.16279,0.59633,0.67789,0.4617,0.54676,0.2331,2.11166,1.2823,0.616,0.00392258,0.00392258,0.00392258
311,859.693,1.79003,1.13324,0.60926,0.69335,0.45165,0.53998,0.23349,2.13196,1.28859,0.61795,0.00391616,0.00391616,0.00391616
312,862.361,1.90148,1.16586,0.61094,0.68222,0.4418,0.53513,0.23552,2.11124,1.28303,0.61641,0.00390972,0.00390972,0.00390972
313,865.015,1.76312,1.13902,0.61534,0.68632,0.44261,0.52969,0.23008,2.16164,1.29656,0.61916,0.00390327,0.00390327,0.00390327
314,867.892,1.82614,1.15806,0.61794,0.67556,0.43932,0.51919,0.21816,2.20456,1.31371,0.62131,0.0038968,0.0038968,0.0038968
315,870.639,1.81784,1.1554,0.61638,0.66497,0.45314,0.5336,0.23747,2.07214,1.25712,0.61419,0.00389032,0.00389032,0.00389032
316,873.279,1.83687,1.13309,0.60597,0.66756,0.45277,0.53636,0.24126,2.05163,1.26058,0.61526,0.00388383,0.00388383,0.00388383
317,875.965,1.72022,1.1397,0.62044,0.65457,0.44865,0.52963,0.22083,2.08478,1.27825,0.61513,0.00387733,0.00387733,0.00387733
318,878.725,1.79805,1.11401,0.60928,0.64845,0.44783,0.5267,0.22663,2.08187,1.29036,0.61801,0.00387081,0.00387081,0.00387081
319,881.344,1.8236,1.15749,0.61632,0.6386,0.44466,0.51797,0.21934,2.0937,1.30362,0.61816,0.00386428,0.00386428,0.00386428
320,884.068,1.85217,1.1638,0.60862,0.54114,0.41131,0.43884,0.14957,2.37401,1.42002,0.62661,0.00385773,0.00385773,0.00385773
321,886.768,1.88149,1.20199,0.6269,0.6035,0.44258,0.49711,0.18967,2.19517,1.33255,0.61939,0.00385117,0.00385117,0.00385117
322,889.486,1.87941,1.18256,0.6293,0.67135,0.45566,0.53497,0.22806,2.10549,1.28592,0.61556,0.0038446,0.0038446,0.0038446
323,892.107,1.82451,1.16288,0.62941,0.64496,0.46711,0.53399,0.22156,2.12954,1.29554,0.61591,0.00383802,0.00383802,0.00383802
324,894.837,1.82291,1.16083,0.60826,0.64182,0.4628,0.53057,0.22426,2.15384,1.30738,0.61736,0.00383142,0.00383142,0.00383142
325,897.504,1.82943,1.13545,0.61197,0.65562,0.43712,0.51346,0.21536,2.22222,1.33403,0.62325,0.00382481,0.00382481,0.00382481
326,900.331,1.85765,1.14463,0.60583,0.65351,0.4466,0.52843,0.22424,2.16513,1.293,0.61874,0.00381818,0.00381818,0.00381818
327,902.952,1.82427,1.19134,0.62089,0.65569,0.45991,0.53958,0.23587,2.08017,1.26088,0.6133,0.00381155,0.00381155,0.00381155
328,905.617,1.78626,1.14669,0.61543,0.64673,0.45456,0.52776,0.21744,2.20056,1.29898,0.61987,0.0038049,0.0038049,0.0038049
329,908.193,1.84363,1.16369,0.62772,0.65085,0.46074,0.5339,0.22759,2.14298,1.28143,0.61763,0.00379824,0.00379824,0.00379824
330,910.895,1.70731,1.13961,0.60697,0.56338,0.45346,0.49821,0.19442,2.23645,1.3835,0.62101,0.00379156,0.00379156,0.00379156
331,913.565,1.90239,1.20188,0.62868,0.5418,0.44605,0.48309,0.1843,2.2638,1.43137,0.62136,0.00378488,0.00378488,0.00378488
332,916.206,1.74701,1.11267,0.59677,0.65186,0.45593,0.53318,0.23708,2.06824,1.27915,0.61265,0.00377818,0.00377818,0.00377818
333,918.844,1.82573,1.18046,0.61531,0.67028,0.45566,0.53707,0.23292,2.11123,1.27471,0.6144,0.00377147,0.00377147,0.00377147
334,921.707,1.76687,1.11791,0.61713,0.67192,0.46897,0.5526,0.23625,2.09332,1.27385,0.61328,0.00376474,0.00376474,0.00376474
335,924.344,1.81143,1.12837,0.6068,0.6893,0.47148,0.55788,0.24031,2.08717,1.30518,0.61283,0.00375801,0.00375801,0.00375801
336,927.138,1.78961,1.13978,0.60085,0.67781,0.47433,0.54981,0.23218,2.11528,1.31686,0.61432,0.00375126,0.00375126,0.00375126
337,929.842,1.73235,1.10884,0.61676,0.64925,0.47433,0.54003,0.219,2.12834,1.29174,0.61442,0.0037445,0.0037445,0.0037445
338,932.482,1.76727,1.13003,0.62083,0.67532,0.46925,0.54738,0.24041,2.07993,1.2543,0.61301,0.00373773,0.00373773,0.00373773
339,935.101,1.80146,1.13277,0.60953,0.67897,0.46582,0.54498,0.23872,2.102,1.25997,0.61369,0.00373094,0.00373094,0.00373094
340,937.847,1.76759,1.12984,0.60592,0.65932,0.453,0.53975,0.22725,2.10641,1.27476,0.61224,0.00372415,0.00372415,0.00372415
341,940.436,1.78367,1.09899,0.60941,0.6513,0.45592,0.53785,0.22924,2.10316,1.27395,0.61231,0.00371734,0.00371734,0.00371734
342,943.28,1.7132,1.11029,0.62162,0.67263,0.46513,0.54836,0.24088,2.09618,1.258,0.61323,0.00371052,0.00371052,0.00371052
343,945.951,1.75019,1.13075,0.61438,0.67095,0.47392,0.5498,0.2373,2.11516,1.26344,0.61486,0.00370369,0.00370369,0.00370369
344,948.589,1.72436,1.13001,0.6169,0.67445,0.4687,0.54582,0.2337,2.13228,1.28094,0.61411,0.00369685,0.00369685,0.00369685
345,951.341,1.82342,1.14052,0.62242,0.67012,0.4741,0.55489,0.24538,2.05887,1.246,0.61119,0.00368999,0.00368999,0.00368999
346,954.101,1.74911,1.14231,0.62443,0.65941,0.47776,0.55464,0.24342,2.05846,1.23814,0.61122,0.00368313,0.00368313,0.00368313
347,956.729,1.81612,1.15371,0.62307,0.68631,0.46321,0.55153,0.24334,2.07053,1.24124,0.61132,0.00367625,0.00367625,0.00367625
348,959.495,1.66662,1.09765,0.6122,0.66993,0.46283,0.54712,0.24084,2.06207,1.23887,0.61096,0.00366936,0.00366936,0.00366936
349,962.206,1.76117,1.10859,0.6092,0.65997,0.47199,0.5509,0.24337,2.03832,1.23072,0.61073,0.00366246,0.00366246,0.00366246
350,964.869,1.78374,1.13733,0.61251,0.6827,0.47674,0.56017,0.24473,2.05262,1.22448,0.61035,0.00365555,0.00365555,0.00365555
351,967.716,1.72844,1.11433,0.62286,0.6832,0.47735,0.56416,0.24673,2.04879,1.23292,0.6104,0.00364863,0.00364863,0.00364863
352,970.446,1.72425,1.07793,0.59583,0.67871,0.46046,0.54249,0.23642,2.10292,1.26873,0.6133,0.00364169,0.00364169,0.00364169
353,973.092,1.80513,1.16758,0.61242,0.64999,0.46582,0.54196,0.23893,2.08499,1.26196,0.61356,0.00363475,0.00363475,0.00363475
354,975.82,1.74315,1.13001,0.61558,0.66172,0.44783,0.5297,0.23186,2.14518,1.27743,0.6188,0.00362779,0.00362779,0.00362779
355,978.467,1.80638,1.13568,0.61273,0.67924,0.44605,0.53248,0.23625,2.11583,1.25967,0.61823,0.00362083,0.00362083,0.00362083
356,981.213,1.72879,1.09625,0.60686,0.64916,0.45572,0.53609,0.22714,2.06724,1.24596,0.61281,0.00361385,0.00361385,0.00361385
357,983.867,1.83398,1.14257,0.61826,0.63243,0.45016,0.52774,0.22041,2.08393,1.26832,0.61316,0.00360686,0.00360686,0.00360686
358,986.519,1.68727,1.08678,0.60417,0.61495,0.44333,0.51672,0.22328,2.0588,1.30968,0.6117,0.00359986,0.00359986,0.00359986
359,989.252,1.79477,1.15108,0.61606,0.6033,0.43685,0.50745,0.21433,2.08858,1.31601,0.61195,0.00359285,0.00359285,0.00359285
360,992.097,1.75389,1.12017,0.61071,0.67896,0.46582,0.55224,0.23995,2.02281,1.2432,0.60973,0.00358583,0.00358583,0.00358583
361,994.693,1.69631,1.0684,0.60271,0.67104,0.47832,0.55759,0.24546,1.99682,1.24305,0.60953,0.0035788,0.0035788,0.0035788
362,997.357,1.76724,1.12672,0.60031,0.66202,0.4671,0.54739,0.23283,2.0304,1.23639,0.61004,0.00357176,0.00357176,0.00357176
363,999.956,1.66977,1.05545,0.61272,0.6457,0.46664,0.54402,0.23314,2.04106,1.24425,0.61066,0.00356471,0.00356471,0.00356471
364,1002.64,1.74636,1.10603,0.604,0.66828,0.46225,0.54535,0.24182,2.04577,1.24947,0.61173,0.00355765,0.00355765,0.00355765
365,1005.33,1.76434,1.12088,0.60852,0.6678,0.45826,0.54074,0.23881,2.0891,1.27106,0.61394,0.00355058,0.00355058,0.00355058
366,1008.12,1.71113,1.09445,0.59899,0.6428,0.45785,0.53539,0.23238,2.0825,1.27128,0.61089,0.0035435,0.0035435,0.0035435
367,1010.77,1.75274,1.12487,0.61457,0.674,0.45264,0.5429,0.24258,2.06937,1.25718,0.61085,0.00353641,0.00353641,0.00353641
368,1013.44,1.75041,1.12517,0.61299,0.67495,0.45782,0.53721,0.23093,2.13481,1.2855,0.61375,0.0035293,0.0035293,0.0035293
369,1016.29,1.8088,1.14492,0.60864,0.68529,0.46966,0.55369,0.24329,2.06054,1.24819,0.61054,0.00352219,0.00352219,0.00352219
370,1019.06,1.76947,1.126,0.62517,0.67982,0.47017,0.55422,0.24243,2.08661,1.26225,0.61176,0.00351507,0.00351507,0.00351507
371,1021.8,1.81981,1.11976,0.61058,0.67628,0.46678,0.55188,0.24225,2.06786,1.24824,0.61188,0.00350794,0.00350794,0.00350794
372,1024.51,1.81973,1.13197,0.60756,0.62514,0.45483,0.51951,0.19612,2.21844,1.29469,0.61932,0.0035008,0.0035008,0.0035008
373,1027.1,1.68865,1.08085,0.60265,0.65817,0.47817,0.55123,0.2368,2.06279,1.23172,0.61117,0.00349365,0.00349365,0.00349365
374,1029.79,1.73631,1.1105,0.61507,0.68085,0.47711,0.55972,0.25181,2.01916,1.22266,0.60748,0.00348649,0.00348649,0.00348649
375,1032.46,1.81924,1.13323,0.61229,0.6394,0.47886,0.54886,0.23511,2.04765,1.2396,0.60927,0.00347932,0.00347932,0.00347932
376,1035.22,1.7719,1.13221,0.6096,0.61836,0.47336,0.54275,0.22962,2.08438,1.25884,0.61149,0.00347214,0.00347214,0.00347214
377,1037.86,1.88149,1.15889,0.61128,0.66393,0.46362,0.54338,0.23746,2.12296,1.28076,0.61548,0.00346495,0.00346495,0.00346495
378,1040.58,1.78284,1.10118,0.60862,0.67518,0.45003,0.53076,0.2214,2.18018,1.31722,0.62012,0.00345776,0.00345776,0.00345776
379,1043.39,1.73935,1.10548,0.59823,0.66368,0.46407,0.54738,0.24159,2.06129,1.25911,0.61419,0.00345055,0.00345055,0.00345055
380,1046.03,1.75883,1.12126,0.6147,0.64537,0.46664,0.54611,0.23988,2.03933,1.24371,0.6131,0.00344333,0.00344333,0.00344333
381,1048.7,1.80083,1.13063,0.61807,0.65387,0.47172,0.55318,0.2477,2.02231,1.23024,0.61162,0.00343611,0.00343611,0.00343611
382,1051.34,1.73526,1.10454,0.61589,0.61592,0.47735,0.5356,0.21126,2.16851,1.26578,0.61695,0.00342887,0.00342887,0.00342887
383,1053.97,1.80379,1.11855,0.61194,0.61108,0.46678,0.52686,0.20506,2.19938,1.27942,0.619,0.00342163,0.00342163,0.00342163
384,1056.6,1.79058,1.13731,0.61214,0.6596,0.46787,0.55227,0.24865,1.99886,1.2335,0.60856,0.00341438,0.00341438,0.00341438
385,1059.24,1.86075,1.17611,0.61191,0.6385,0.46376,0.54381,0.24088,2.02535,1.25783,0.60936,0.00340712,0.00340712,0.00340712
386,1061.93,1.71442,1.10756,0.6173,0.65189,0.47282,0.55101,0.24088,2.06254,1.23842,0.61166,0.00339985,0.00339985,0.00339985
387,1064.58,1.72501,1.11718,0.61527,0.66738,0.4746,0.55317,0.24578,2.06936,1.23564,0.61122,0.00339257,0.00339257,0.00339257
388,1067.43,1.77283,1.11148,0.61116,0.62819,0.45167,0.52278,0.21137,2.17336,1.30244,0.61796,0.00338529,0.00338529,0.00338529
389,1070.02,1.68073,1.08708,0.59651,0.58604,0.43224,0.49085,0.18088,2.29467,1.35852,0.62495,0.00337799,0.00337799,0.00337799
390,1072.64,1.74423,1.10958,0.60142,0.66748,0.46801,0.55056,0.24441,2.06577,1.2475,0.61141,0.00337069,0.00337069,0.00337069
391,1075.29,1.66886,1.07542,0.59683,0.68166,0.45918,0.54392,0.23576,2.10539,1.26247,0.61391,0.00336338,0.00336338,0.00336338
392,1077.92,1.76149,1.11384,0.60311,0.63659,0.48325,0.55149,0.2412,2.04188,1.22792,0.60962,0.00335606,0.00335606,0.00335606
393,1080.63,1.83039,1.11613,0.60706,0.63426,0.48064,0.54626,0.2309,2.08851,1.24524,0.61232,0.00334873,0.00334873,0.00334873
394,1083.38,1.77667,1.10519,0.60039,0.69063,0.47227,0.55967,0.24709,2.08229,1.23997,0.61108,0.00334139,0.00334139,0.00334139
395,1086.15,1.79794,1.10871,0.60247,0.68319,0.47515,0.5589,0.24427,2.07849,1.24042,0.61031,0.00333405,0.00333405,0.00333405
396,1088.81,1.73614,1.12061,0.60898,0.65997,0.46485,0.54851,0.24508,2.05823,1.23734,0.61114,0.0033267,0.0033267,0.0033267
397,1091.66,1.77158,1.12304,0.60924,0.64829,0.45511,0.53711,0.23924,2.09595,1.25875,0.61527,0.00331934,0.00331934,0.00331934
398,1094.33,1.72435,1.11524,0.61129,0.63676,0.46829,0.54347,0.24297,2.025,1.23612,0.61025,0.00331197,0.00331197,0.00331197
399,1097.04,1.65487,1.04918,0.60466,0.64384,0.47651,0.55013,0.24318,2.05244,1.23308,0.61186,0.00330459,0.00330459,0.00330459
400,1099.73,1.73085,1.10421,0.60353,0.66647,0.47213,0.55356,0.24794,2.04144,1.2169,0.60998,0.00329721,0.00329721,0.00329721
401,1102.38,1.73206,1.10678,0.60156,0.67766,0.46122,0.5524,0.24527,2.0463,1.21984,0.61023,0.00328982,0.00328982,0.00328982
402,1105.15,1.72897,1.09184,0.60671,0.69001,0.47144,0.55535,0.24497,2.08689,1.24199,0.61165,0.00328242,0.00328242,0.00328242
403,1107.88,1.79021,1.1051,0.59942,0.68019,0.47241,0.55565,0.2446,2.08844,1.25116,0.61223,0.00327501,0.00327501,0.00327501
404,1110.62,1.71806,1.07958,0.59822,0.67296,0.47639,0.56233,0.24972,2.01635,1.23284,0.60863,0.0032676,0.0032676,0.0032676
405,1113.27,1.72131,1.09311,0.60481,0.67772,0.47996,0.56489,0.25347,2.02257,1.24108,0.60907,0.00326018,0.00326018,0.00326018
406,1116.11,1.70815,1.07146,0.59832,0.68531,0.48682,0.5682,0.25466,2.01179,1.23985,0.60895,0.00325275,0.00325275,0.00325275
407,1118.8,1.75193,1.09606,0.59615,0.65859,0.49074,0.5627,0.24389,2.0258,1.23295,0.61003,0.00324531,0.00324531,0.00324531
408,1121.53,1.78569,1.11667,0.61035,0.67209,0.49217,0.55991,0.25184,2.00904,1.27317,0.60975,0.00323787,0.00323787,0.00323787
409,1124.27,1.72565,1.09186,0.60593,0.66225,0.47997,0.54041,0.23021,2.13669,1.37153,0.61857,0.00323042,0.00323042,0.00323042
410,1126.93,1.7091,1.08416,0.6101,0.68462,0.4819,0.55949,0.24669,2.06025,1.27855,0.61116,0.00322297,0.00322297,0.00322297
411,1129.64,1.69831,1.09078,0.60848,0.67022,0.48409,0.56374,0.25379,2.01219,1.23157,0.60807,0.0032155,0.0032155,0.0032155
412,1132.34,1.71065,1.10127,0.60775,0.66084,0.44248,0.51751,0.20929,2.24423,1.32543,0.62546,0.00320803,0.00320803,0.00320803
413,1134.93,1.65072,1.05911,0.60373,0.64205,0.43548,0.50296,0.19791,2.29965,1.34258,0.63,0.00320056,0.00320056,0.00320056
414,1137.73,1.66904,1.06214,0.60492,0.65946,0.46225,0.54457,0.24646,2.0068,1.2438,0.61097,0.00319307,0.00319307,0.00319307
415,1140.37,1.75454,1.11224,0.60929,0.64922,0.46252,0.54267,0.24735,1.99853,1.24463,0.61058,0.00318558,0.00318558,0.00318558
416,1143.14,1.59945,1.05782,0.61266,0.65561,0.46911,0.54861,0.24338,2.08375,1.24523,0.61404,0.00317809,0.00317809,0.00317809
417,1145.85,1.67913,1.09131,0.61519,0.66834,0.47584,0.5601,0.24679,2.06105,1.22995,0.6111,0.00317058,0.00317058,0.00317058
418,1148.6,1.72003,1.13311,0.60745,0.67001,0.47707,0.55248,0.23723,2.10704,1.25085,0.61225,0.00316307,0.00316307,0.00316307
419,1151.27,1.74216,1.13175,0.59927,0.67921,0.46376,0.53959,0.22529,2.16231,1.28144,0.61628,0.00315556,0.00315556,0.00315556
420,1154.07,1.63622,1.04886,0.6029,0.68449,0.46969,0.55828,0.24981,2.01041,1.21008,0.60869,0.00314804,0.00314804,0.00314804
421,1156.69,1.75959,1.12023,0.61006,0.66425,0.47392,0.55307,0.23864,2.03075,1.22266,0.60855,0.00314051,0.00314051,0.00314051
422,1159.54,1.62633,1.07232,0.60797,0.6879,0.47364,0.55959,0.25468,1.99235,1.1998,0.60783,0.00313297,0.00313297,0.00313297
423,1162.21,1.70571,1.091,0.61019,0.68167,0.48023,0.55769,0.24816,2.02831,1.21095,0.60849,0.00312543,0.00312543,0.00312543
424,1164.95,1.68113,1.05396,0.60538,0.65697,0.47723,0.55436,0.24249,2.05137,1.22574,0.61157,0.00311789,0.00311789,0.00311789
425,1167.56,1.79089,1.12092,0.61398,0.65198,0.4768,0.55078,0.23451,2.09622,1.23963,0.61443,0.00311034,0.00311034,0.00311034
426,1170.28,1.70472,1.09658,0.60132,0.68667,0.47611,0.55894,0.24836,2.0312,1.22144,0.60906,0.00310278,0.00310278,0.00310278
427,1173.01,1.79075,1.12979,0.61876,0.69427,0.46266,0.54631,0.23356,2.1144,1.27183,0.61455,0.00309521,0.00309521,0.00309521
428,1175.73,1.70875,1.09482,0.59959,0.68946,0.48682,0.57105,0.25615,1.9741,1.19962,0.60628,0.00308764,0.00308764,0.00308764
429,1178.48,1.76172,1.09292,0.60999,0.67829,0.47269,0.55526,0.23184,2.06999,1.22463,0.61021,0.00308007,0.00308007,0.00308007
430,1181.3,1.88098,1.14071,0.61711,0.68856,0.47836,0.56678,0.24908,2.02445,1.20498,0.60921,0.00307249,0.00307249,0.00307249
431,1183.99,1.70919,1.07385,0.59481,0.69167,0.48407,0.5704,0.25618,1.9708,1.18779,0.60656,0.0030649,0.0030649,0.0030649
432,1186.79,1.72678,1.09664,0.61512,0.65039,0.48133,0.55812,0.24222,2.023,1.21048,0.60849,0.00305731,0.00305731,0.00305731
433,1189.49,1.74602,1.08771,0.61418,0.65312,0.48133,0.55689,0.24749,1.97548,1.19668,0.60726,0.00304972,0.00304972,0.00304972
434,1192.22,1.68257,1.05398,0.6042,0.69936,0.47117,0.5554,0.23185,2.12388,1.23678,0.6152,0.00304212,0.00304212,0.00304212
435,1194.85,1.81715,1.11891,0.60884,0.70169,0.47254,0.55783,0.23248,2.13352,1.24998,0.61547,0.00303451,0.00303451,0.00303451
436,1197.61,1.70491,1.08125,0.60473,0.70369,0.48351,0.57081,0.25213,2.04433,1.21144,0.60963,0.0030269,0.0030269,0.0030269
437,1200.32,1.71363,1.07561,0.60377,0.6915,0.48068,0.56713,0.25038,2.06057,1.21943,0.61038,0.00301928,0.00301928,0.00301928
438,1203.05,1.6422,1.05496,0.61165,0.69531,0.46993,0.56227,0.24555,2.09338,1.23396,0.61235,0.00301166,0.00301166,0.00301166
439,1205.68,1.71934,1.06096,0.58929,0.67861,0.48324,0.56734,0.24925,2.05467,1.21656,0.60925,0.00300403,0.00300403,0.00300403
440,1208.41,1.62189,1.04435,0.60042,0.66794,0.48819,0.56861,0.25349,1.99828,1.19801,0.60715,0.0029964,0.0029964,0.0029964
441,1211.09,1.74977,1.08255,0.58972,0.68684,0.48658,0.56972,0.25659,2.01291,1.21021,0.60898,0.00298877,0.00298877,0.00298877
442,1213.91,1.72147,1.06722,0.59925,0.70092,0.4573,0.55651,0.24115,2.02921,1.21008,0.61016,0.00298113,0.00298113,0.00298113
443,1216.69,1.63482,1.0342,0.58706,0.68548,0.45456,0.54344,0.22393,2.0668,1.22466,0.61134,0.00297348,0.00297348,0.00297348
444,1219.36,1.67305,1.04775,0.59747,0.69677,0.4698,0.56004,0.25515,1.99545,1.2011,0.609,0.00296584,0.00296584,0.00296584
445,1222,1.65045,1.06656,0.6038,0.69448,0.46719,0.55481,0.24596,2.06423,1.23639,0.61316,0.00295818,0.00295818,0.00295818
446,1224.73,1.71121,1.08317,0.61117,0.66691,0.48092,0.56148,0.25459,1.97164,1.19576,0.6068,0.00295052,0.00295052,0.00295052
447,1227.48,1.73569,1.06846,0.59432,0.66772,0.48031,0.56188,0.25716,1.97684,1.20156,0.60651,0.00294286,0.00294286,0.00294286
448,1230.33,1.62426,1.03162,0.58921,0.66491,0.47748,0.55401,0.24398,2.09146,1.24498,0.61329,0.0029352,0.0029352,0.0029352
449,1233.08,1.60041,1.04382,0.61402,0.6737,0.48558,0.5637,0.25038,2.05651,1.21516,0.6111,0.00292753,0.00292753,0.00292753
450,1235.81,1.77217,1.09779,0.60676,0.66554,0.49053,0.5657,0.24887,2.02675,1.1946,0.61192,0.00291985,0.00291985,0.00291985
451,1238.39,1.67811,1.06908,0.61193,0.65329,0.48984,0.55948,0.23758,2.08032,1.21241,0.6154,0.00291218,0.00291218,0.00291218
452,1241.09,1.58486,1.02734,0.59114,0.68749,0.48655,0.5697,0.25384,2.02334,1.20519,0.60866,0.00290449,0.00290449,0.00290449
453,1243.84,1.72283,1.06612,0.59951,0.706,0.47803,0.56641,0.24376,2.08901,1.24311,0.61175,0.00289681,0.00289681,0.00289681
454,1246.49,1.72391,1.0706,0.60262,0.71062,0.48141,0.5717,0.25281,2.03879,1.23634,0.60914,0.00288912,0.00288912,0.00288912
455,1249.18,1.64666,1.05182,0.60749,0.69732,0.48778,0.57062,0.24558,2.06809,1.25774,0.60928,0.00288143,0.00288143,0.00288143
456,1251.81,1.70385,1.09725,0.61413,0.70165,0.48147,0.56518,0.24339,2.0909,1.27732,0.6117,0.00287373,0.00287373,0.00287373
457,1254.47,1.78133,1.10004,0.60137,0.70354,0.48219,0.57122,0.25339,2.03317,1.2418,0.6087,0.00286603,0.00286603,0.00286603
458,1257.33,1.74498,1.09833,0.60123,0.68891,0.47694,0.56478,0.25383,2.00672,1.22519,0.60793,0.00285833,0.00285833,0.00285833
459,1260.03,1.68698,1.07983,0.61061,0.68509,0.47609,0.56058,0.25368,2.01796,1.23252,0.60966,0.00285062,0.00285062,0.00285062
460,1262.82,1.67196,1.07545,0.61392,0.69413,0.48078,0.5642,0.24988,2.04274,1.23678,0.60917,0.00284291,0.00284291,0.00284291
461,1265.45,1.65716,1.05095,0.60488,0.69346,0.48668,0.56894,0.25296,2.03405,1.23351,0.60824,0.0028352,0.0028352,0.0028352
462,1268.14,1.7213,1.08918,0.60537,0.69532,0.47954,0.5598,0.24471,2.07726,1.2527,0.61027,0.00282748,0.00282748,0.00282748
463,1270.73,1.59706,1.04774,0.5979,0.6981,0.4779,0.56488,0.25787,2.00635,1.20811,0.60685,0.00281977,0.00281977,0.00281977
464,1273.55,1.69061,1.05427,0.59983,0.67962,0.47776,0.56331,0.26261,1.96152,1.19208,0.60515,0.00281204,0.00281204,0.00281204
465,1276.3,1.82397,1.11447,0.60016,0.67905,0.47021,0.55412,0.24308,2.06454,1.23134,0.61026,0.00280432,0.00280432,0.00280432
466,1279.12,1.72952,1.10206,0.59636,0.69807,0.47433,0.56201,0.2443,2.04902,1.22799,0.60905,0.00279659,0.00279659,0.00279659
467,1281.82,1.56332,1.03253,0.60851,0.68536,0.48806,0.57471,0.2583,1.98118,1.19271,0.60648,0.00278886,0.00278886,0.00278886
468,1284.63,1.67526,1.07525,0.60366,0.67187,0.48209,0.56658,0.25676,1.9667,1.18597,0.60605,0.00278113,0.00278113,0.00278113
469,1287.29,1.65621,1.07231,0.61051,0.65506,0.4831,0.56042,0.25546,1.97183,1.18997,0.60625,0.0027734,0.0027734,0.0027734
470,1290.02,1.65609,1.06243,0.60014,0.65161,0.4817,0.55839,0.25593,1.95864,1.19649,0.60553,0.00276566,0.00276566,0.00276566
471,1292.82,1.75634,1.08826,0.60598,0.68225,0.47636,0.56301,0.2562,1.99022,1.19247,0.60649,0.00275792,0.00275792,0.00275792
472,1295.62,1.66539,1.06063,0.59865,0.68514,0.47076,0.55321,0.23559,2.11534,1.23811,0.61352,0.00275018,0.00275018,0.00275018
473,1298.3,1.67634,1.06703,0.60189,0.68966,0.48092,0.5658,0.24802,2.06084,1.21442,0.61101,0.00274243,0.00274243,0.00274243
474,1300.95,1.65315,1.04775,0.6062,0.67189,0.48984,0.57057,0.25652,2.00507,1.19588,0.60947,0.00273469,0.00273469,0.00273469
475,1303.59,1.66563,1.05954,0.60074,0.67198,0.4871,0.56674,0.25461,2.02527,1.20618,0.61025,0.00272694,0.00272694,0.00272694
476,1306.45,1.66081,1.0599,0.6132,0.6758,0.48723,0.57129,0.25666,1.99598,1.19321,0.60739,0.00271919,0.00271919,0.00271919
477,1309.19,1.57781,1.02159,0.60121,0.68488,0.49135,0.5734,0.25635,2.00193,1.19165,0.60805,0.00271143,0.00271143,0.00271143
478,1311.92,1.55558,1.03871,0.60579,0.70888,0.49012,0.57813,0.26073,2.01453,1.1933,0.60859,0.00270368,0.00270368,0.00270368
479,1314.55,1.59515,1.01265,0.5904,0.70457,0.49176,0.5817,0.26261,1.99463,1.17896,0.60811,0.00269592,0.00269592,0.00269592
480,1317.32,1.65051,1.04635,0.60142,0.68033,0.48751,0.56837,0.24723,2.04336,1.18617,0.61236,0.00268817,0.00268817,0.00268817
481,1320.02,1.61924,1.03428,0.5938,0.68676,0.49245,0.57402,0.25604,2.01145,1.18485,0.60988,0.00268041,0.00268041,0.00268041
482,1322.75,1.75349,1.06658,0.59992,0.68291,0.49111,0.573,0.26228,1.98798,1.18796,0.60746,0.00267265,0.00267265,0.00267265
483,1325.38,1.6887,1.07037,0.59758,0.66205,0.49382,0.56727,0.25306,1.98884,1.18348,0.60705,0.00266488,0.00266488,0.00266488
484,1328.13,1.65128,1.07796,0.60222,0.6891,0.48682,0.57225,0.2585,1.97076,1.17865,0.60627,0.00265712,0.00265712,0.00265712
485,1330.86,1.72829,1.08845,0.597,0.70282,0.47982,0.57232,0.26158,1.9685,1.18376,0.60648,0.00264935,0.00264935,0.00264935
486,1333.56,1.67763,1.05381,0.60032,0.67336,0.48215,0.56886,0.2628,1.93425,1.16933,0.6051,0.00264159,0.00264159,0.00264159
487,1336.38,1.66873,1.05896,0.59665,0.66723,0.479,0.56326,0.25913,1.95226,1.18237,0.60652,0.00263382,0.00263382,0.00263382
488,1339.02,1.6865,1.07759,0.60978,0.64972,0.48332,0.55971,0.25713,1.98026,1.19546,0.60857,0.00262605,0.00262605,0.00262605
489,1341.66,1.62607,1.04995,0.5925,0.67004,0.4838,0.56783,0.26126,1.97247,1.18629,0.60679,0.00261828,0.00261828,0.00261828
490,1344.36,1.64092,1.05021,0.59263,0.67658,0.48594,0.57142,0.2568,2.00268,1.19209,0.60702,0.00261051,0.00261051,0.00261051
491,1346.98,1.60669,1.06147,0.5923,0.66882,0.48572,0.56775,0.25246,2.01133,1.1952,0.60812,0.00260274,0.00260274,0.00260274
492,1349.74,1.55416,1.02581,0.60058,0.66051,0.4912,0.56762,0.25558,1.9919,1.18838,0.60794,0.00259497,0.00259497,0.00259497
493,1352.58,1.61825,1.02574,0.59934,0.67867,0.48902,0.57154,0.25706,2.00511,1.19066,0.60763,0.0025872,0.0025872,0.0025872
494,1355.33,1.65126,1.05063,0.60681,0.69219,0.49561,0.57615,0.25888,1.99954,1.19011,0.60598,0.00257942,0.00257942,0.00257942
495,1358.02,1.63631,1.04322,0.59925,0.69236,0.49341,0.57631,0.25898,1.98944,1.19274,0.60458,0.00257165,0.00257165,0.00257165
496,1360.72,1.6884,1.06645,0.59413,0.69208,0.49204,0.57795,0.26208,1.99475,1.18985,0.60466,0.00256388,0.00256388,0.00256388
497,1363.34,1.58572,1.04563,0.59979,0.68576,0.49327,0.57371,0.25771,2.01226,1.1989,0.60504,0.0025561,0.0025561,0.0025561
498,1366.09,1.64579,1.05216,0.60402,0.68946,0.47131,0.55487,0.23841,2.0805,1.22905,0.61312,0.00254833,0.00254833,0.00254833
499,1368.75,1.56695,1.0355,0.60712,0.68645,0.47694,0.56064,0.2486,2.02895,1.20032,0.61199,0.00254055,0.00254055,0.00254055
500,1371.45,1.66598,1.06047,0.59893,0.70131,0.47577,0.5694,0.2536,2.03177,1.20593,0.6102,0.00253278,0.00253278,0.00253278
501,1374.09,1.72271,1.07406,0.59966,0.69381,0.48256,0.57174,0.25215,2.04349,1.20781,0.609,0.002525,0.002525,0.002525
502,1376.8,1.60138,1.01979,0.58913,0.68178,0.48449,0.56216,0.24143,2.06939,1.21647,0.61022,0.00251722,0.00251722,0.00251722
503,1379.62,1.57791,1.01453,0.59233,0.68069,0.48229,0.5639,0.24802,2.02913,1.20258,0.60854,0.00250945,0.00250945,0.00250945
504,1382.24,1.62055,1.04052,0.60271,0.6845,0.46787,0.55934,0.25602,1.98623,1.20698,0.60907,0.00250167,0.00250167,0.00250167
505,1384.92,1.58435,1.04601,0.60062,0.68443,0.47462,0.56016,0.25338,2.00988,1.22449,0.609,0.0024939,0.0024939,0.0024939
506,1387.6,1.62898,1.06739,0.60447,0.70501,0.49822,0.58059,0.26177,1.98269,1.21258,0.60424,0.00248612,0.00248612,0.00248612
507,1390.24,1.57739,1.03429,0.60738,0.69951,0.49409,0.57306,0.25492,2.03289,1.23683,0.60655,0.00247835,0.00247835,0.00247835
508,1392.94,1.62726,1.05517,0.60401,0.70654,0.49066,0.57028,0.25057,2.07484,1.23325,0.60972,0.00247058,0.00247058,0.00247058
509,1395.69,1.58845,1.02809,0.59398,0.70419,0.493,0.57561,0.25796,2.02135,1.20382,0.6062,0.0024628,0.0024628,0.0024628
510,1398.44,1.57778,1.04485,0.59807,0.70195,0.47432,0.56147,0.24977,2.03727,1.22436,0.60682,0.00245503,0.00245503,0.00245503
511,1401.11,1.66044,1.04835,0.59544,0.67689,0.49245,0.56972,0.25949,1.97147,1.19038,0.6036,0.00244726,0.00244726,0.00244726
512,1403.94,1.5733,1.03783,0.61018,0.65301,0.48902,0.56099,0.24777,1.98163,1.18902,0.60595,0.00243949,0.00243949,0.00243949
513,1406.64,1.62151,1.02451,0.60546,0.66842,0.49066,0.56851,0.25541,1.97082,1.17964,0.6055,0.00243172,0.00243172,0.00243172
514,1409.45,1.57668,1.02326,0.59676,0.68163,0.49217,0.5731,0.25508,1.98641,1.17325,0.6069,0.00242395,0.00242395,0.00242395
515,1412.11,1.68123,1.0532,0.59695,0.68451,0.49447,0.57381,0.25716,1.98483,1.17397,0.60644,0.00241618,0.00241618,0.00241618
516,1414.78,1.67545,1.07474,0.60813,0.67869,0.47323,0.5609,0.25345,1.99669,1.20322,0.60678,0.00240841,0.00240841,0.00240841
517,1417.48,1.56331,1.01217,0.59586,0.67048,0.47309,0.56055,0.25789,1.96138,1.21155,0.60462,0.00240065,0.00240065,0.00240065
518,1420.2,1.53024,1.01748,0.59072,0.69193,0.4698,0.56571,0.25888,1.96922,1.20791,0.6044,0.00239288,0.00239288,0.00239288
519,1422.93,1.57143,1.03992,0.59981,0.7059,0.47433,0.57314,0.2613,1.96744,1.19177,0.60419,0.00238512,0.00238512,0.00238512
520,1425.65,1.57747,1.01466,0.59023,0.68172,0.48641,0.57623,0.26531,1.92797,1.16827,0.60281,0.00237735,0.00237735,0.00237735
521,1428.44,1.59001,1.0193,0.60194,0.66784,0.49079,0.57569,0.26234,1.93213,1.17707,0.60317,0.00236959,0.00236959,0.00236959
522,1431.14,1.57049,1.04956,0.60215,0.67523,0.49408,0.5794,0.2651,1.93276,1.17808,0.60404,0.00236183,0.00236183,0.00236183
523,1433.8,1.55642,1.00913,0.5891,0.68924,0.4919,0.58093,0.26602,1.95179,1.18772,0.60593,0.00235408,0.00235408,0.00235408
524,1436.54,1.60254,1.03026,0.59831,0.67165,0.47872,0.56747,0.25456,1.975,1.20931,0.60622,0.00234632,0.00234632,0.00234632
525,1439.26,1.69435,1.05881,0.59337,0.67053,0.47778,0.56582,0.25904,1.96099,1.20406,0.60552,0.00233857,0.00233857,0.00233857
526,1441.99,1.57535,1.00993,0.59515,0.67486,0.47213,0.565,0.25427,1.95898,1.18901,0.60472,0.00233081,0.00233081,0.00233081
527,1444.76,1.61758,1.03528,0.60467,0.69737,0.47309,0.56866,0.25499,1.98862,1.19575,0.60618,0.00232306,0.00232306,0.00232306
528,1447.47,1.59801,1.03458,0.59196,0.67838,0.49204,0.5723,0.25027,2.01235,1.21177,0.60681,0.00231531,0.00231531,0.00231531
529,1450.11,1.60371,1.00496,0.58556,0.67555,0.49012,0.5688,0.24619,2.03268,1.21363,0.60772,0.00230757,0.00230757,0.00230757
530,1453.05,1.63935,1.04793,0.60177,0.68775,0.47504,0.55932,0.24398,2.06261,1.22611,0.60831,0.00229982,0.00229982,0.00229982
531,1455.75,1.68782,1.07454,0.60642,0.68984,0.47543,0.56104,0.24325,2.06608,1.21471,0.60856,0.00229208,0.00229208,0.00229208
532,1458.53,1.71543,1.05404,0.59762,0.6464,0.47886,0.54926,0.23287,2.04481,1.21605,0.60855,0.00228434,0.00228434,0.00228434
533,1461.28,1.6205,1.03651,0.59982,0.64527,0.47543,0.54577,0.23307,2.0326,1.2124,0.60825,0.0022766,0.0022766,0.0022766
534,1463.93,1.72082,1.10176,0.61564,0.68363,0.47821,0.56428,0.25437,1.97253,1.18408,0.60371,0.00226887,0.00226887,0.00226887
535,1466.65,1.67688,1.03022,0.59193,0.69129,0.48051,0.56837,0.25785,1.96627,1.18482,0.60286,0.00226114,0.00226114,0.00226114
536,1469.36,1.66097,1.03537,0.58623,0.66362,0.4783,0.55619,0.23312,2.07053,1.21633,0.60991,0.00225341,0.00225341,0.00225341
537,1472.07,1.6386,1.02647,0.59537,0.65534,0.47823,0.55166,0.2278,2.09045,1.21964,0.61105,0.00224568,0.00224568,0.00224568
538,1474.89,1.63985,1.0557,0.62203,0.68754,0.4897,0.57433,0.26317,1.93376,1.16434,0.60319,0.00223796,0.00223796,0.00223796
539,1477.62,1.69902,1.05751,0.60119,0.6788,0.4906,0.57257,0.26293,1.92613,1.16436,0.60331,0.00223023,0.00223023,0.00223023
540,1480.43,1.66601,1.0322,0.59059,0.67381,0.48929,0.56801,0.252,1.9668,1.18869,0.60546,0.00222252,0.00222252,0.00222252
541,1483.05,1.65082,1.03871,0.59239,0.69635,0.48572,0.57672,0.26082,1.96477,1.18781,0.60639,0.0022148,0.0022148,0.0022148
542,1485.82,1.5663,1.02276,0.59717,0.7155,0.47378,0.56686,0.24777,2.04604,1.2252,0.61011,0.00220709,0.00220709,0.00220709
543,1488.5,1.58998,1.02777,0.58729,0.72472,0.47564,0.57278,0.25513,2.0112,1.20662,0.6074,0.00219938,0.00219938,0.00219938
544,1491.28,1.66172,1.03925,0.59061,0.69462,0.47117,0.55811,0.24252,2.09169,1.24687,0.61274,0.00219167,0.00219167,0.00219167
545,1493.93,1.59401,1.04346,0.60796,0.6906,0.46376,0.54962,0.23306,2.14449,1.27189,0.61672,0.00218397,0.00218397,0.00218397
546,1496.64,1.63876,1.0318,0.59685,0.70257,0.47768,0.57021,0.2539,2.02091,1.20894,0.60802,0.00217627,0.00217627,0.00217627
547,1499.37,1.54583,1.0126,0.59634,0.7194,0.47831,0.57328,0.25471,2.01407,1.20526,0.60666,0.00216857,0.00216857,0.00216857
548,1502.16,1.7067,1.05256,0.59432,0.71224,0.49135,0.58144,0.25966,1.9854,1.20175,0.60489,0.00216088,0.00216088,0.00216088
549,1504.83,1.64312,1.02519,0.58914,0.69557,0.49437,0.58104,0.26505,1.94468,1.1741,0.60259,0.00215319,0.00215319,0.00215319
550,1507.49,1.55366,1.0261,0.59814,0.69589,0.49986,0.58463,0.27094,1.91412,1.15533,0.60081,0.00214551,0.00214551,0.00214551
551,1510.12,1.51681,0.99433,0.59459,0.6949,0.50311,0.5845,0.26812,1.93651,1.16207,0.60127,0.00213782,0.00213782,0.00213782
552,1512.86,1.56193,1.01906,0.60183,0.68234,0.51112,0.58641,0.2688,1.95134,1.16034,0.60184,0.00213015,0.00213015,0.00213015
553,1515.56,1.54564,0.9882,0.58437,0.68829,0.50988,0.58721,0.26814,1.95803,1.1667,0.60197,0.00212247,0.00212247,0.00212247
554,1518.34,1.56518,1.00365,0.59407,0.70293,0.49643,0.58439,0.26421,1.96911,1.17462,0.60351,0.0021148,0.0021148,0.0021148
555,1521.01,1.61864,1.02046,0.6029,0.7111,0.4871,0.57704,0.25548,2.0087,1.19112,0.60605,0.00210714,0.00210714,0.00210714
556,1523.68,1.59952,1.01188,0.59546,0.71442,0.48449,0.58157,0.25963,1.98343,1.1761,0.6059,0.00209948,0.00209948,0.00209948
557,1526.49,1.56972,0.98601,0.59531,0.70771,0.49204,0.58385,0.26322,1.96128,1.17097,0.60513,0.00209182,0.00209182,0.00209182
558,1529.18,1.57587,0.98345,0.58452,0.69853,0.49547,0.58385,0.26386,1.96576,1.16791,0.60486,0.00208416,0.00208416,0.00208416
559,1531.88,1.56833,1.02272,0.59428,0.68461,0.49945,0.58204,0.26204,1.95671,1.16308,0.60336,0.00207652,0.00207652,0.00207652
560,1534.59,1.58836,1.00649,0.59217,0.689,0.48915,0.57823,0.26228,1.94266,1.16949,0.60312,0.00206887,0.00206887,0.00206887
561,1537.34,1.55907,0.98744,0.58886,0.69243,0.48298,0.57612,0.26368,1.9315,1.18213,0.60275,0.00206123,0.00206123,0.00206123
562,1540.04,1.57141,0.9939,0.59408,0.6901,0.48751,0.58031,0.2646,1.92446,1.18623,0.60197,0.0020536,0.0020536,0.0020536
563,1542.71,1.55703,0.98742,0.59101,0.70527,0.48531,0.57867,0.26328,1.95243,1.1831,0.60353,0.00204597,0.00204597,0.00204597
564,1545.65,1.59437,1.00438,0.58784,0.70128,0.49215,0.58148,0.2634,1.95166,1.17033,0.60392,0.00203834,0.00203834,0.00203834
565,1548.35,1.57107,1.00718,0.5903,0.70629,0.48927,0.5821,0.26461,1.94122,1.16498,0.6034,0.00203072,0.00203072,0.00203072
566,1551.05,1.56394,1.02671,0.60254,0.69057,0.49382,0.57767,0.25642,1.9707,1.18117,0.60413,0.0020231,0.0020231,0.0020231
567,1553.75,1.56013,0.98443,0.58769,0.68046,0.48929,0.5719,0.24918,1.99618,1.1913,0.60504,0.00201549,0.00201549,0.00201549
568,1556.49,1.52396,1.00373,0.59503,0.69437,0.49396,0.57405,0.25227,2.02532,1.237,0.60505,0.00200788,0.00200788,0.00200788
569,1559.21,1.68918,1.02417,0.58797,0.70624,0.48387,0.56451,0.23939,2.09097,1.2724,0.60855,0.00200028,0.00200028,0.00200028
570,1561.94,1.61609,1.0524,0.60196,0.70569,0.49707,0.57973,0.26089,2.00445,1.19764,0.60569,0.00199269,0.00199269,0.00199269
571,1564.65,1.63423,1.01398,0.58545,0.70007,0.4999,0.58579,0.26675,1.97749,1.17715,0.60479,0.0019851,0.0019851,0.0019851
572,1567.43,1.55927,1.00411,0.59572,0.70398,0.48147,0.5705,0.25189,2.05803,1.21701,0.6099,0.00197751,0.00197751,0.00197751
573,1570.03,1.54866,1.00403,0.59062,0.71035,0.47927,0.57166,0.25127,2.04993,1.21025,0.60897,0.00196993,0.00196993,0.00196993
574,1572.78,1.49047,0.99067,0.58714,0.6888,0.49355,0.5811,0.26307,1.96289,1.16808,0.60407,0.00196236,0.00196236,0.00196236
575,1575.49,1.57225,1.01181,0.5992,0.69458,0.48874,0.5794,0.2615,1.97207,1.17424,0.6046,0.00195479,0.00195479,0.00195479
576,1578.25,1.59042,1.00124,0.58613,0.69225,0.48847,0.58054,0.26414,1.9499,1.17034,0.60437,0.00194722,0.00194722,0.00194722
577,1580.83,1.58315,1.03825,0.59881,0.69211,0.49039,0.57996,0.26615,1.93313,1.16233,0.6033,0.00193966,0.00193966,0.00193966
578,1583.51,1.48338,0.975,0.58695,0.69456,0.49602,0.58416,0.26896,1.93225,1.15553,0.60227,0.00193211,0.00193211,0.00193211
579,1586.14,1.58155,1.0242,0.60315,0.68998,0.49767,0.58298,0.26851,1.92335,1.15068,0.60107,0.00192457,0.00192457,0.00192457
580,1588.87,1.47991,0.96191,0.58295,0.69315,0.49684,0.58245,0.26574,1.93715,1.15371,0.60119,0.00191703,0.00191703,0.00191703
581,1591.6,1.5979,1.0119,0.58825,0.6998,0.48874,0.57606,0.26209,1.9585,1.1671,0.60221,0.00190949,0.00190949,0.00190949
582,1594.3,1.50347,0.98293,0.58738,0.69507,0.4897,0.57821,0.26445,1.94314,1.16482,0.60193,0.00190196,0.00190196,0.00190196
583,1596.99,1.56817,0.99648,0.5941,0.69456,0.49135,0.57846,0.26327,1.95936,1.17134,0.60135,0.00189444,0.00189444,0.00189444
584,1599.74,1.56331,1.00701,0.58385,0.70178,0.49547,0.58417,0.26406,1.96272,1.16987,0.6011,0.00188693,0.00188693,0.00188693
585,1602.47,1.59955,1.01884,0.59407,0.69879,0.49396,0.58414,0.26437,1.96501,1.16826,0.60192,0.00187942,0.00187942,0.00187942
586,1605.22,1.51491,0.96842,0.5908,0.70508,0.49561,0.58825,0.26798,1.95613,1.1567,0.60165,0.00187191,0.00187191,0.00187191
587,1607.86,1.58792,1.01061,0.59003,0.70293,0.49995,0.59175,0.26947,1.95061,1.1499,0.60195,0.00186442,0.00186442,0.00186442
588,1610.59,1.53598,0.98284,0.59698,0.70649,0.49822,0.5889,0.26808,1.94569,1.15463,0.60231,0.00185693,0.00185693,0.00185693
589,1613.25,1.56131,0.98867,0.58738,0.71672,0.49094,0.58833,0.26715,1.934,1.1511,0.60204,0.00184944,0.00184944,0.00184944
590,1615.92,1.51121,0.9951,0.59994,0.70721,0.49276,0.58527,0.26814,1.92292,1.14859,0.60148,0.00184197,0.00184197,0.00184197
591,1618.59,1.50597,0.96736,0.59244,0.70654,0.49629,0.58735,0.27215,1.91429,1.14517,0.60163,0.0018345,0.0018345,0.0018345
592,1621.49,1.57329,1.00985,0.59362,0.69319,0.50041,0.58599,0.27054,1.93125,1.16056,0.60303,0.00182703,0.00182703,0.00182703
593,1624.24,1.57861,0.99937,0.58825,0.69714,0.48998,0.5817,0.2706,1.90921,1.14857,0.60232,0.00181958,0.00181958,0.00181958
594,1627,1.45822,0.95781,0.59079,0.70239,0.48828,0.57912,0.2681,1.92247,1.15062,0.60362,0.00181213,0.00181213,0.00181213
595,1629.64,1.54818,0.98491,0.5907,0.70929,0.48971,0.58144,0.26899,1.92936,1.14875,0.6033,0.00180469,0.00180469,0.00180469
596,1632.38,1.58211,1.01556,0.60003,0.67929,0.48833,0.57458,0.263,1.94637,1.16317,0.60398,0.00179725,0.00179725,0.00179725
597,1635.11,1.57053,1.0319,0.59863,0.68675,0.49135,0.57976,0.26828,1.94053,1.16116,0.60282,0.00178982,0.00178982,0.00178982
598,1637.83,1.49429,0.95969,0.58623,0.69768,0.49053,0.5806,0.26799,1.92895,1.15447,0.60224,0.0017824,0.0017824,0.0017824
599,1640.5,1.57768,1.00409,0.58872,0.68627,0.48859,0.57799,0.26575,1.92192,1.14924,0.60228,0.00177499,0.00177499,0.00177499
600,1643.2,1.45884,0.9536,0.58371,0.70974,0.48572,0.57867,0.26608,1.9313,1.14372,0.60227,0.00176758,0.00176758,0.00176758
601,1645.84,1.46154,0.9588,0.59059,0.71088,0.4962,0.5856,0.26747,1.93892,1.14832,0.60206,0.00176018,0.00176018,0.00176018
602,1648.62,1.54522,0.98636,0.5873,0.71019,0.49288,0.58313,0.2606,1.99494,1.18176,0.60586,0.00175279,0.00175279,0.00175279
603,1651.43,1.5167,0.98145,0.59327,0.71541,0.49712,0.58991,0.26774,1.95073,1.16072,0.60382,0.00174541,0.00174541,0.00174541
604,1654.26,1.56273,0.9886,0.58648,0.7001,0.50574,0.59145,0.26922,1.94195,1.15884,0.60269,0.00173803,0.00173803,0.00173803
605,1656.93,1.54497,0.96995,0.58398,0.69371,0.50522,0.58942,0.26861,1.94768,1.16574,0.60287,0.00173066,0.00173066,0.00173066
606,1659.74,1.54202,0.99526,0.59878,0.68737,0.50165,0.58759,0.26719,1.92247,1.15059,0.60014,0.0017233,0.0017233,0.0017233
607,1662.5,1.60412,1.00801,0.59111,0.71075,0.50332,0.59457,0.27153,1.92604,1.14842,0.60008,0.00171595,0.00171595,0.00171595
608,1665.27,1.54184,0.99717,0.59331,0.71277,0.50302,0.59033,0.26703,1.96094,1.17571,0.60169,0.00170861,0.00170861,0.00170861
609,1667.91,1.47816,0.96548,0.58744,0.71349,0.50453,0.59063,0.26958,1.94187,1.17304,0.6006,0.00170127,0.00170127,0.00170127
610,1670.54,1.53983,0.99271,0.58875,0.71397,0.50316,0.58883,0.26964,1.93982,1.17867,0.60087,0.00169394,0.00169394,0.00169394
611,1673.14,1.48223,0.97528,0.58948,0.70773,0.50329,0.58842,0.27091,1.92762,1.17729,0.60015,0.00168662,0.00168662,0.00168662
612,1675.96,1.59014,0.98216,0.58954,0.71429,0.49753,0.58962,0.27142,1.91223,1.15446,0.59916,0.00167931,0.00167931,0.00167931
613,1678.58,1.41298,0.95364,0.57909,0.71628,0.4953,0.58861,0.27156,1.91227,1.15187,0.59945,0.00167201,0.00167201,0.00167201
614,1681.32,1.55772,0.99467,0.58875,0.71282,0.49616,0.58966,0.27163,1.91554,1.14381,0.59979,0.00166471,0.00166471,0.00166471
615,1684.02,1.53694,0.98951,0.59156,0.70646,0.4966,0.58687,0.26966,1.92306,1.14577,0.60056,0.00165743,0.00165743,0.00165743
616,1686.75,1.53099,0.98484,0.58407,0.70287,0.49533,0.58274,0.26593,1.94381,1.15304,0.6016,0.00165015,0.00165015,0.00165015
617,1689.38,1.5155,0.97305,0.58332,0.70747,0.49638,0.58574,0.26874,1.92339,1.14167,0.60041,0.00164288,0.00164288,0.00164288
618,1692.03,1.62885,1.04157,0.59477,0.72288,0.49386,0.58818,0.26947,1.9171,1.14045,0.59967,0.00163562,0.00163562,0.00163562
619,1694.82,1.49863,0.97845,0.58122,0.72093,0.49135,0.58564,0.26646,1.93236,1.14898,0.60045,0.00162837,0.00162837,0.00162837
620,1697.47,1.5747,0.99305,0.58999,0.72095,0.49408,0.59159,0.27136,1.91814,1.14296,0.60005,0.00162113,0.00162113,0.00162113
621,1700.24,1.53844,0.97779,0.58333,0.72619,0.49217,0.59324,0.2721,1.92456,1.1478,0.60002,0.00161389,0.00161389,0.00161389
622,1702.98,1.51238,0.97201,0.58566,0.71068,0.4981,0.58976,0.2672,1.95033,1.16659,0.60201,0.00160667,0.00160667,0.00160667
623,1705.61,1.55169,0.98035,0.59548,0.70946,0.49111,0.58737,0.27031,1.92859,1.15638,0.60119,0.00159945,0.00159945,0.00159945
624,1708.26,1.47477,0.96879,0.59152,0.70819,0.48479,0.5826,0.26759,1.93462,1.16531,0.60137,0.00159224,0.00159224,0.00159224
625,1710.95,1.52146,0.97877,0.58898,0.70449,0.493,0.58379,0.26644,1.94651,1.16951,0.60135,0.00158505,0.00158505,0.00158505
626,1713.61,1.53637,0.97734,0.5878,0.71707,0.49651,0.59014,0.26961,1.94484,1.17109,0.60045,0.00157786,0.00157786,0.00157786
627,1716.31,1.57642,0.97652,0.57877,0.7136,0.49478,0.5835,0.26139,1.99003,1.19552,0.60248,0.00157068,0.00157068,0.00157068
628,1718.97,1.51133,0.96527,0.57823,0.70094,0.49794,0.58676,0.26855,1.95384,1.16772,0.60061,0.00156351,0.00156351,0.00156351
629,1721.73,1.50593,0.97022,0.59,0.7026,0.5011,0.58919,0.26966,1.93405,1.15439,0.59986,0.00155635,0.00155635,0.00155635
630,1724.44,1.57528,1.00225,0.58382,0.70573,0.50277,0.58691,0.26318,1.96596,1.1831,0.60169,0.0015492,0.0015492,0.0015492
631,1727.12,1.54379,0.98186,0.59026,0.70497,0.50508,0.5892,0.26765,1.93209,1.16869,0.60034,0.00154206,0.00154206,0.00154206
632,1729.89,1.58722,1.02204,0.58458,0.70059,0.49904,0.58735,0.27291,1.88964,1.14502,0.59949,0.00153493,0.00153493,0.00153493
633,1732.61,1.56697,0.98066,0.58506,0.69487,0.50053,0.58661,0.27292,1.89322,1.14758,0.5996,0.00152781,0.00152781,0.00152781
634,1735.35,1.53345,0.95808,0.5776,0.6964,0.50151,0.58922,0.27458,1.8922,1.13445,0.59832,0.0015207,0.0015207,0.0015207
635,1738.03,1.59236,1.01296,0.59308,0.70241,0.50014,0.59084,0.27554,1.89171,1.1289,0.59833,0.00151359,0.00151359,0.00151359
636,1740.8,1.60356,0.98279,0.57744,0.69161,0.49876,0.58758,0.26927,1.90574,1.13102,0.59953,0.0015065,0.0015065,0.0015065
637,1743.39,1.54872,0.96216,0.57699,0.69346,0.49396,0.58274,0.26236,1.92717,1.13721,0.60025,0.00149942,0.00149942,0.00149942
638,1746.2,1.53805,0.99247,0.5943,0.69796,0.5011,0.58794,0.26788,1.92587,1.13328,0.6006,0.00149235,0.00149235,0.00149235
639,1748.81,1.48296,0.9502,0.57831,0.70949,0.49725,0.58898,0.26846,1.9363,1.13874,0.6013,0.00148529,0.00148529,0.00148529
640,1751.45,1.53431,0.97358,0.5856,0.72943,0.49986,0.59539,0.27111,1.93441,1.14856,0.60146,0.00147824,0.00147824,0.00147824
641,1754.07,1.62125,1.01228,0.58306,0.73123,0.499,0.59476,0.27098,1.94357,1.15793,0.60165,0.0014712,0.0014712,0.0014712
642,1756.85,1.55531,0.97176,0.58706,0.73159,0.49739,0.59717,0.27347,1.93456,1.1588,0.60138,0.00146417,0.00146417,0.00146417
643,1759.49,1.49829,0.96181,0.58321,0.74104,0.49314,0.59502,0.27222,1.94437,1.16252,0.60178,0.00145715,0.00145715,0.00145715
644,1762.24,1.50389,0.96119,0.58456,0.73091,0.49698,0.59137,0.26748,1.94599,1.15916,0.60098,0.00145014,0.00145014,0.00145014
645,1764.98,1.54023,0.96382,0.58252,0.72712,0.49231,0.58578,0.26501,1.94748,1.15918,0.60071,0.00144314,0.00144314,0.00144314
646,1767.71,1.52808,0.97773,0.59063,0.72251,0.48929,0.5838,0.26597,1.93398,1.15105,0.60085,0.00143615,0.00143615,0.00143615
647,1770.45,1.54132,0.99125,0.59658,0.73189,0.49465,0.59108,0.27121,1.91868,1.14393,0.59912,0.00142917,0.00142917,0.00142917
648,1773.15,1.47175,0.96608,0.58768,0.71025,0.50316,0.58907,0.27254,1.90773,1.13866,0.59752,0.00142221,0.00142221,0.00142221
649,1775.8,1.56132,0.98319,0.58708,0.71524,0.49739,0.58924,0.27251,1.90829,1.144,0.59742,0.00141525,0.00141525,0.00141525
650,1778.47,1.42361,0.94678,0.59071,0.70563,0.4943,0.58288,0.26963,1.91125,1.14719,0.59822,0.00140831,0.00140831,0.00140831
651,1781.11,1.52681,0.96114,0.58253,0.70109,0.49437,0.58065,0.26913,1.8985,1.14038,0.59771,0.00140137,0.00140137,0.00140137
652,1783.83,1.53827,0.9822,0.58664,0.71555,0.49423,0.58368,0.26649,1.92677,1.14894,0.60086,0.00139445,0.00139445,0.00139445
653,1786.47,1.45086,0.95937,0.58774,0.72341,0.49122,0.58295,0.26626,1.94309,1.15824,0.60198,0.00138754,0.00138754,0.00138754
654,1789.17,1.48977,0.98027,0.58765,0.70541,0.50755,0.59416,0.2741,1.91089,1.14126,0.59932,0.00138064,0.00138064,0.00138064
655,1791.8,1.5029,0.97737,0.58573,0.69076,0.50481,0.58816,0.2663,1.93402,1.14753,0.59986,0.00137375,0.00137375,0.00137375
656,1794.46,1.50816,0.9736,0.58637,0.69392,0.50384,0.59039,0.27052,1.93502,1.15428,0.60073,0.00136687,0.00136687,0.00136687
657,1797.27,1.53712,0.99018,0.60044,0.70163,0.49918,0.58855,0.27123,1.9224,1.14983,0.60059,0.00136001,0.00136001,0.00136001
658,1800.02,1.56728,0.97978,0.58538,0.72032,0.49451,0.58845,0.26737,1.95086,1.15724,0.60297,0.00135315,0.00135315,0.00135315
659,1802.62,1.54074,0.99304,0.59299,0.71814,0.49835,0.58994,0.2657,1.9674,1.16575,0.60382,0.00134631,0.00134631,0.00134631
660,1805.32,1.45669,0.97064,0.59858,0.72906,0.50501,0.60036,0.27428,1.93196,1.14687,0.59969,0.00133948,0.00133948,0.00133948
661,1808.01,1.50645,0.97562,0.58852,0.73044,0.50178,0.59868,0.2738,1.9258,1.14338,0.59864,0.00133266,0.00133266,0.00133266
662,1810.74,1.53972,0.98267,0.58288,0.72738,0.50165,0.597,0.27292,1.93182,1.14987,0.59803,0.00132585,0.00132585,0.00132585
663,1813.46,1.48075,0.94853,0.58189,0.72657,0.50178,0.59444,0.27243,1.93108,1.14936,0.59833,0.00131906,0.00131906,0.00131906
664,1816.22,1.50393,0.95795,0.58637,0.71961,0.49451,0.5883,0.26574,1.96496,1.17151,0.60142,0.00131227,0.00131227,0.00131227
665,1819.05,1.55272,0.97003,0.57977,0.71753,0.49101,0.58348,0.26189,1.98723,1.18483,0.60358,0.0013055,0.0013055,0.0013055
666,1821.8,1.48075,0.96061,0.58332,0.71796,0.49355,0.58983,0.2717,1.92646,1.1496,0.60048,0.00129874,0.00129874,0.00129874
667,1824.53,1.62681,0.98773,0.58518,0.72172,0.49368,0.59227,0.2721,1.91833,1.14439,0.59964,0.00129199,0.00129199,0.00129199
668,1827.2,1.59567,1.00143,0.5822,0.72241,0.49973,0.59752,0.27186,1.9366,1.15834,0.60094,0.00128526,0.00128526,0.00128526
669,1829.89,1.55379,0.99476,0.59961,0.7327,0.49561,0.59581,0.2721,1.93416,1.15778,0.601,0.00127853,0.00127853,0.00127853
670,1832.57,1.5445,0.97106,0.59112,0.69778,0.5022,0.59348,0.2709,1.9041,1.14051,0.59941,0.00127182,0.00127182,0.00127182
671,1835.21,1.56702,0.9793,0.59271,0.71053,0.49176,0.58876,0.26699,1.90896,1.14542,0.59908,0.00126512,0.00126512,0.00126512
672,1837.96,1.57226,0.99134,0.58792,0.71639,0.49149,0.58834,0.27366,1.90649,1.15516,0.59865,0.00125844,0.00125844,0.00125844
673,1840.65,1.50485,0.97271,0.58265,0.71857,0.4967,0.58972,0.26954,1.93302,1.17664,0.60012,0.00125176,0.00125176,0.00125176
674,1843.52,1.52952,0.99021,0.58875,0.72043,0.50554,0.59657,0.27325,1.90235,1.16068,0.59818,0.0012451,0.0012451,0.0012451
675,1846.28,1.60534,0.99592,0.58417,0.71785,0.50096,0.59566,0.27538,1.89011,1.15134,0.59758,0.00123845,0.00123845,0.00123845
676,1848.98,1.44517,0.95348,0.59286,0.72282,0.50731,0.59636,0.27286,1.92019,1.16864,0.5984,0.00123182,0.00123182,0.00123182
677,1851.81,1.57785,0.98041,0.58547,0.73012,0.50275,0.594,0.26808,1.94852,1.18005,0.59955,0.00122519,0.00122519,0.00122519
678,1854.56,1.51384,0.98285,0.58797,0.73519,0.50027,0.59584,0.27245,1.92894,1.16012,0.59829,0.00121858,0.00121858,0.00121858
679,1857.32,1.55936,0.97882,0.58987,0.73611,0.50053,0.59502,0.27214,1.93338,1.16575,0.59818,0.00121198,0.00121198,0.00121198
680,1860.07,1.52309,0.97321,0.58699,0.72492,0.49058,0.58158,0.25701,1.99343,1.1955,0.60139,0.0012054,0.0012054,0.0012054
681,1862.73,1.56583,0.99696,0.58625,0.72059,0.49012,0.58034,0.2595,1.97559,1.17839,0.60089,0.00119883,0.00119883,0.00119883
682,1865.41,1.49287,0.95371,0.58919,0.7124,0.49105,0.58494,0.27247,1.91184,1.13992,0.59889,0.00119227,0.00119227,0.00119227
683,1868.06,1.45384,0.94317,0.58439,0.70615,0.49382,0.586,0.27141,1.91737,1.14224,0.59884,0.00118572,0.00118572,0.00118572
684,1870.9,1.57777,1.001,0.58723,0.71167,0.50481,0.59172,0.27075,1.93978,1.15074,0.59948,0.00117919,0.00117919,0.00117919
685,1873.61,1.43625,0.94943,0.58528,0.7167,0.50673,0.59598,0.2727,1.93798,1.14704,0.59928,0.00117267,0.00117267,0.00117267
686,1876.38,1.4314,0.93057,0.58608,0.72622,0.5081,0.59868,0.27392,1.9324,1.14571,0.59881,0.00116617,0.00116617,0.00116617
687,1879,1.51585,0.97168,0.58259,0.71946,0.50911,0.59629,0.27206,1.93498,1.14874,0.59954,0.00115968,0.00115968,0.00115968
688,1881.74,1.50142,0.95409,0.58449,0.73185,0.49849,0.59416,0.27192,1.93153,1.14506,0.60033,0.0011532,0.0011532,0.0011532
689,1884.38,1.5402,0.95592,0.58529,0.73529,0.49588,0.59106,0.26962,1.94837,1.15322,0.60092,0.00114673,0.00114673,0.00114673
690,1887.14,1.51026,0.98479,0.58841,0.73497,0.49025,0.58563,0.26351,1.98571,1.17407,0.60202,0.00114028,0.00114028,0.00114028
691,1889.78,1.4541,0.93077,0.58713,0.7252,0.49149,0.58832,0.27039,1.94984,1.15429,0.6004,0.00113384,0.00113384,0.00113384
692,1892.5,1.59331,1.00634,0.59129,0.7152,0.48861,0.58882,0.2731,1.91475,1.13837,0.59851,0.00112742,0.00112742,0.00112742
693,1895.34,1.5304,0.95693,0.58319,0.71927,0.48888,0.58984,0.27292,1.91729,1.1421,0.5984,0.00112101,0.00112101,0.00112101
694,1898.04,1.48287,0.94866,0.58351,0.72278,0.49145,0.58281,0.25862,1.98715,1.1874,0.60191,0.00111461,0.00111461,0.00111461
695,1900.68,1.54368,0.99902,0.59436,0.71658,0.49533,0.58502,0.25984,1.98173,1.18691,0.60121,0.00110823,0.00110823,0.00110823
696,1903.5,1.61149,0.99849,0.57798,0.73217,0.49588,0.59743,0.27589,1.90777,1.13943,0.59786,0.00110186,0.00110186,0.00110186
697,1906.29,1.41254,0.92408,0.57346,0.72268,0.49873,0.59696,0.27636,1.90438,1.13224,0.59812,0.00109551,0.00109551,0.00109551
698,1909.04,1.48061,0.95345,0.58144,0.73176,0.49774,0.59715,0.27431,1.93392,1.14213,0.60085,0.00108917,0.00108917,0.00108917
699,1911.67,1.55433,0.96175,0.58399,0.72842,0.50288,0.59977,0.27419,1.93705,1.14235,0.60112,0.00108284,0.00108284,0.00108284
700,1914.44,1.55233,1.00211,0.59508,0.72301,0.50813,0.60335,0.27879,1.90271,1.12431,0.59884,0.00107653,0.00107653,0.00107653
701,1917.17,1.49387,0.94808,0.58261,0.72573,0.50714,0.60338,0.27893,1.89792,1.12141,0.59857,0.00107023,0.00107023,0.00107023
702,1920.03,1.53011,0.95973,0.58015,0.73291,0.50014,0.59797,0.27703,1.90658,1.13119,0.59923,0.00106395,0.00106395,0.00106395
703,1922.82,1.47552,0.95582,0.59026,0.72678,0.49629,0.59647,0.27775,1.9076,1.13828,0.59937,0.00105768,0.00105768,0.00105768
704,1925.47,1.51648,0.96073,0.58818,0.72142,0.49602,0.59574,0.27859,1.88982,1.13474,0.59769,0.00105142,0.00105142,0.00105142
705,1928.14,1.52414,0.95539,0.57526,0.72875,0.49492,0.59675,0.27985,1.89053,1.13359,0.59742,0.00104519,0.00104519,0.00104519
706,1930.85,1.49333,0.9812,0.58974,0.73299,0.49711,0.59462,0.27406,1.93621,1.15578,0.59994,0.00103896,0.00103896,0.00103896
707,1933.59,1.38217,0.92403,0.587,0.72348,0.49986,0.59302,0.2727,1.94749,1.15986,0.60094,0.00103275,0.00103275,0.00103275
708,1936.37,1.46631,0.93648,0.58591,0.71713,0.50082,0.5931,0.27427,1.92906,1.14774,0.60012,0.00102655,0.00102655,0.00102655
709,1938.98,1.40349,0.91507,0.57817,0.72061,0.50316,0.59415,0.27132,1.94636,1.15807,0.6005,0.00102037,0.00102037,0.00102037
710,1941.92,1.51576,0.95844,0.58773,0.72211,0.50522,0.59109,0.26003,1.99481,1.19201,0.60192,0.00101421,0.00101421,0.00101421
711,1944.74,1.48434,0.96426,0.57853,0.72056,0.50976,0.59474,0.26476,1.97642,1.17907,0.60045,0.00100806,0.00100806,0.00100806
712,1947.45,1.54825,0.97261,0.58399,0.72527,0.50426,0.60066,0.27775,1.9042,1.13571,0.59703,0.00100192,0.00100192,0.00100192
713,1950.25,1.51748,0.95932,0.5849,0.72008,0.50027,0.59645,0.27836,1.88715,1.12985,0.59659,0.000995797,0.000995797,0.000995797
714,1953,1.51513,0.94413,0.57799,0.71101,0.49959,0.59097,0.27425,1.88944,1.12637,0.59715,0.000989691,0.000989691,0.000989691
715,1955.65,1.39779,0.94665,0.58829,0.71393,0.50024,0.59094,0.27426,1.89464,1.12434,0.5975,0.0009836,0.0009836,0.0009836
716,1958.33,1.57613,0.97687,0.58905,0.70406,0.49753,0.58874,0.27489,1.87761,1.11557,0.59642,0.000977524,0.000977524,0.000977524
717,1961.07,1.51082,0.95623,0.5845,0.69879,0.49108,0.58303,0.27308,1.87311,1.11739,0.5963,0.000971464,0.000971464,0.000971464
718,1963.77,1.61863,0.98741,0.5812,0.70845,0.48847,0.58507,0.27477,1.8835,1.13054,0.59759,0.000965419,0.000965419,0.000965419
719,1966.5,1.4269,0.94284,0.5895,0.71233,0.49566,0.58948,0.27343,1.90571,1.13812,0.59859,0.000959389,0.000959389,0.000959389
720,1969.27,1.49954,0.94566,0.58206,0.72082,0.50298,0.59858,0.27672,1.90352,1.13795,0.59751,0.000953374,0.000953374,0.000953374
721,1971.98,1.46732,0.93948,0.58045,0.71988,0.50664,0.59951,0.27644,1.90352,1.13895,0.59758,0.000947376,0.000947376,0.000947376
722,1974.75,1.4513,0.92782,0.58571,0.71917,0.50099,0.59257,0.27024,1.94635,1.16127,0.60039,0.000941392,0.000941392,0.000941392
723,1977.43,1.54868,0.9712,0.58091,0.73185,0.50069,0.59736,0.27403,1.92408,1.14886,0.59906,0.000935425,0.000935425,0.000935425
724,1980.2,1.47971,0.92015,0.58361,0.73212,0.50769,0.60274,0.27849,1.89424,1.13128,0.59746,0.000929473,0.000929473,0.000929473
725,1982.88,1.54827,0.95807,0.58523,0.73007,0.50796,0.59855,0.27679,1.90399,1.13804,0.59765,0.000923536,0.000923536,0.000923536
726,1985.58,1.43096,0.93936,0.58868,0.7321,0.50329,0.59673,0.27031,1.93884,1.15145,0.59933,0.000917616,0.000917616,0.000917616
727,1988.3,1.48928,0.95155,0.58013,0.71125,0.50691,0.59629,0.2734,1.92612,1.14102,0.59904,0.000911712,0.000911712,0.000911712
728,1990.96,1.40578,0.91323,0.58001,0.71347,0.5008,0.59592,0.27565,1.91355,1.1395,0.59916,0.000905823,0.000905823,0.000905823
729,1993.62,1.30937,0.90244,0.58002,0.72588,0.49515,0.59635,0.27653,1.90909,1.14166,0.59913,0.00089995,0.00089995,0.00089995
730,1996.48,1.39595,0.91645,0.5778,0.72552,0.49657,0.59582,0.27634,1.91228,1.1453,0.59929,0.000894094,0.000894094,0.000894094
731,1999.18,1.48111,0.95917,0.58834,0.72621,0.49633,0.5963,0.27714,1.90928,1.14568,0.59961,0.000888253,0.000888253,0.000888253
732,2001.89,1.4803,0.92538,0.58231,0.7203,0.49245,0.59452,0.27694,1.90877,1.1442,0.59981,0.000882429,0.000882429,0.000882429
733,2004.53,1.47802,0.93486,0.5851,0.71324,0.4982,0.59533,0.27741,1.89337,1.13599,0.5982,0.000876621,0.000876621,0.000876621
734,2007.23,1.42378,0.92324,0.58031,0.70209,0.51055,0.5972,0.27683,1.9037,1.13234,0.59723,0.000870829,0.000870829,0.000870829
735,2009.87,1.6136,0.97465,0.58291,0.7137,0.50988,0.59815,0.27325,1.92334,1.14005,0.5978,0.000865053,0.000865053,0.000865053
736,2012.67,1.46067,0.94117,0.58504,0.72314,0.50741,0.5996,0.27585,1.91115,1.13432,0.59728,0.000859294,0.000859294,0.000859294
737,2015.25,1.5072,0.95015,0.58065,0.73176,0.50137,0.59823,0.27688,1.8931,1.12721,0.59671,0.000853551,0.000853551,0.000853551
738,2018,1.40706,0.92408,0.58642,0.7249,0.50398,0.59788,0.27853,1.87659,1.12235,0.59632,0.000847825,0.000847825,0.000847825
739,2020.76,1.54451,0.96016,0.57827,0.71193,0.51194,0.59944,0.27906,1.87329,1.12322,0.59598,0.000842115,0.000842115,0.000842115
740,2023.44,1.486,0.94604,0.57617,0.71847,0.51071,0.60101,0.27872,1.8841,1.13424,0.59573,0.000836422,0.000836422,0.000836422
741,2026.22,1.49029,0.9459,0.58729,0.72639,0.51062,0.60215,0.27856,1.88901,1.13761,0.5959,0.000830746,0.000830746,0.000830746
742,2028.89,1.51076,0.9583,0.58812,0.72348,0.50673,0.60118,0.27811,1.89394,1.13118,0.59668,0.000825086,0.000825086,0.000825086
743,2031.56,1.42023,0.93228,0.59408,0.72374,0.50275,0.59897,0.27834,1.89541,1.12795,0.5976,0.000819443,0.000819443,0.000819443
744,2034.29,1.45921,0.92254,0.57426,0.72791,0.50024,0.59318,0.27181,1.93237,1.14481,0.60002,0.000813817,0.000813817,0.000813817
745,2036.92,1.45518,0.94798,0.59065,0.72946,0.49936,0.59227,0.26956,1.94147,1.14937,0.60033,0.000808208,0.000808208,0.000808208
746,2039.61,1.51105,0.94628,0.58145,0.71138,0.50714,0.59747,0.27527,1.90414,1.13454,0.598,0.000802616,0.000802616,0.000802616
747,2042.43,1.49097,0.94457,0.58253,0.70342,0.51383,0.59831,0.27616,1.90136,1.13724,0.5978,0.000797041,0.000797041,0.000797041
748,2045.21,1.40925,0.91629,0.58567,0.72867,0.49931,0.59768,0.27667,1.90977,1.14986,0.59858,0.000791482,0.000791482,0.000791482
749,2047.83,1.47446,0.93062,0.5885,0.73133,0.49814,0.59859,0.27859,1.89779,1.14421,0.59777,0.000785941,0.000785941,0.000785941
750,2050.46,1.49384,0.94006,0.58212,0.73311,0.49918,0.59996,0.27833,1.89557,1.13429,0.59691,0.000780417,0.000780417,0.000780417
751,2053.07,1.41628,0.93922,0.58808,0.7186,0.50741,0.59846,0.27408,1.92426,1.1498,0.59785,0.000774911,0.000774911,0.000774911
752,2055.83,1.50184,0.95468,0.58582,0.72184,0.5092,0.59679,0.27028,1.94406,1.16982,0.59796,0.000769421,0.000769421,0.000769421
753,2058.46,1.51054,0.96866,0.5858,0.72459,0.50929,0.59869,0.27458,1.92305,1.16211,0.59655,0.000763949,0.000763949,0.000763949
754,2061.21,1.49045,0.9618,0.58759,0.7313,0.5059,0.59913,0.27498,1.92435,1.16269,0.5968,0.000758494,0.000758494,0.000758494
755,2063.94,1.45511,0.94566,0.58425,0.73759,0.50055,0.59364,0.26816,1.95431,1.17865,0.59827,0.000753057,0.000753057,0.000753057
756,2066.64,1.45964,0.94895,0.59217,0.7292,0.49657,0.59255,0.26688,1.96326,1.17018,0.5991,0.000747637,0.000747637,0.000747637
757,2069.54,1.4745,0.93901,0.584,0.72316,0.49904,0.59599,0.27405,1.92697,1.14583,0.59767,0.000742235,0.000742235,0.000742235
758,2072.37,1.48906,0.93924,0.58505,0.71545,0.49637,0.59535,0.27622,1.89116,1.13156,0.59686,0.000736851,0.000736851,0.000736851
759,2075.09,1.41905,0.945,0.59222,0.717,0.49671,0.59613,0.27722,1.88637,1.13595,0.597,0.000731484,0.000731484,0.000731484
760,2077.85,1.58943,0.97998,0.58591,0.72339,0.49655,0.59896,0.27988,1.89932,1.15387,0.59847,0.000726134,0.000726134,0.000726134
761,2080.55,1.47784,0.952,0.59049,0.72447,0.49684,0.59913,0.28054,1.89971,1.1584,0.59857,0.000720803,0.000720803,0.000720803
762,2083.29,1.47948,0.93544,0.58022,0.70619,0.49355,0.59431,0.27265,1.90215,1.16088,0.5978,0.000715489,0.000715489,0.000715489
763,2086.03,1.4729,0.94131,0.58477,0.71766,0.48929,0.59316,0.26885,1.91289,1.15733,0.59806,0.000710193,0.000710193,0.000710193
764,2088.75,1.53674,0.97803,0.59458,0.72983,0.49863,0.60165,0.27976,1.88737,1.13401,0.59653,0.000704915,0.000704915,0.000704915
765,2091.53,1.49115,0.953,0.5844,0.72542,0.50371,0.6021,0.28023,1.897,1.13766,0.59679,0.000699655,0.000699655,0.000699655
766,2094.22,1.46985,0.9398,0.58156,0.72211,0.508,0.60104,0.27649,1.91302,1.14769,0.59715,0.000694413,0.000694413,0.000694413
767,2096.87,1.43222,0.93139,0.57959,0.71361,0.51016,0.60038,0.27785,1.90166,1.14137,0.59672,0.000689189,0.000689189,0.000689189
768,2099.59,1.50184,0.95119,0.57255,0.72321,0.50645,0.5986,0.27692,1.89901,1.1406,0.59697,0.000683983,0.000683983,0.000683983
769,2102.33,1.44724,0.92724,0.58322,0.7262,0.50343,0.59688,0.27486,1.91973,1.15094,0.59823,0.000678796,0.000678796,0.000678796
770,2105.02,1.46606,0.92097,0.57467,0.72128,0.50661,0.59738,0.27627,1.91246,1.13693,0.59769,0.000673626,0.000673626,0.000673626
771,2107.68,1.40801,0.90843,0.57918,0.73803,0.49657,0.59875,0.27812,1.90479,1.12757,0.59721,0.000668475,0.000668475,0.000668475
772,2110.39,1.37768,0.89955,0.57741,0.73128,0.49849,0.59767,0.27705,1.90731,1.12694,0.59711,0.000663342,0.000663342,0.000663342
773,2112.95,1.46079,0.92704,0.57945,0.72694,0.49926,0.59665,0.27743,1.90628,1.12768,0.59697,0.000658228,0.000658228,0.000658228
774,2115.79,1.4555,0.9221,0.57957,0.72312,0.49959,0.59816,0.27978,1.88758,1.12268,0.59604,0.000653132,0.000653132,0.000653132
775,2118.49,1.47696,0.92788,0.57756,0.71535,0.5011,0.59715,0.27891,1.88834,1.1224,0.59606,0.000648054,0.000648054,0.000648054
776,2121.35,1.41691,0.90347,0.58433,0.72602,0.50316,0.60048,0.27985,1.89409,1.12739,0.59656,0.000642995,0.000642995,0.000642995
777,2124.09,1.49382,0.95935,0.58556,0.72339,0.50632,0.60122,0.28028,1.88941,1.12724,0.59643,0.000637955,0.000637955,0.000637955
778,2126.77,1.47859,0.94044,0.57525,0.71158,0.51316,0.6018,0.28185,1.88304,1.12415,0.5966,0.000632933,0.000632933,0.000632933
779,2129.49,1.44973,0.92248,0.58715,0.71374,0.51085,0.60177,0.28115,1.88491,1.12473,0.59683,0.00062793,0.00062793,0.00062793
780,2132.35,1.45387,0.94458,0.58686,0.71962,0.51112,0.60098,0.27749,1.9036,1.1339,0.597,0.000622945,0.000622945,0.000622945
781,2135,1.50724,0.94157,0.585,0.7277,0.50892,0.60065,0.27607,1.91201,1.13813,0.59677,0.00061798,0.00061798,0.00061798
782,2137.81,1.36143,0.90852,0.58428,0.72024,0.51304,0.60163,0.27824,1.90347,1.13297,0.59578,0.000613033,0.000613033,0.000613033
783,2140.45,1.46318,0.92404,0.5813,0.72046,0.51345,0.60182,0.27906,1.89987,1.13052,0.59568,0.000608105,0.000608105,0.000608105
784,2143.18,1.41386,0.90855,0.58373,0.714,0.50947,0.59876,0.27785,1.90033,1.1279,0.59607,0.000603196,0.000603196,0.000603196
785,2145.84,1.44988,0.93687,0.58092,0.7046,0.51194,0.59797,0.27739,1.90231,1.12714,0.59649,0.000598306,0.000598306,0.000598306
786,2148.6,1.42045,0.91912,0.58733,0.71244,0.50865,0.59805,0.27755,1.89559,1.12038,0.59649,0.000593435,0.000593435,0.000593435
787,2151.24,1.46553,0.95174,0.58529,0.71585,0.51112,0.59997,0.27871,1.89504,1.12054,0.59652,0.000588583,0.000588583,0.000588583
788,2153.89,1.36732,0.9093,0.57691,0.72206,0.514,0.60337,0.27932,1.90611,1.12873,0.59676,0.00058375,0.00058375,0.00058375
789,2156.7,1.42729,0.92723,0.58527,0.72286,0.51442,0.60423,0.28005,1.90951,1.13293,0.59727,0.000578936,0.000578936,0.000578936
790,2159.47,1.42779,0.93628,0.58281,0.72559,0.51256,0.60401,0.27931,1.91498,1.14079,0.5979,0.000574142,0.000574142,0.000574142
791,2162.15,1.40869,0.91439,0.58189,0.72944,0.50906,0.60349,0.27976,1.90561,1.13694,0.59751,0.000569366,0.000569366,0.000569366
792,2164.89,1.42643,0.90819,0.58033,0.72107,0.51043,0.60269,0.28066,1.88387,1.12581,0.59639,0.00056461,0.00056461,0.00056461
793,2167.53,1.4507,0.92693,0.57436,0.72865,0.50673,0.60281,0.28083,1.88272,1.12503,0.59625,0.000559874,0.000559874,0.000559874
794,2170.28,1.39436,0.89868,0.57738,0.73985,0.50343,0.60307,0.27942,1.89957,1.13368,0.59712,0.000555157,0.000555157,0.000555157
795,2173,1.4685,0.93512,0.57718,0.73238,0.50343,0.60229,0.27859,1.90548,1.13669,0.59788,0.000550459,0.000550459,0.000550459
796,2175.73,1.48146,0.93327,0.58043,0.72304,0.50141,0.59982,0.27874,1.88972,1.12819,0.59758,0.00054578,0.00054578,0.00054578
797,2178.35,1.47463,0.9343,0.57636,0.72332,0.50124,0.59935,0.27868,1.88511,1.12534,0.59727,0.000541122,0.000541122,0.000541122
798,2181.03,1.37283,0.90759,0.5795,0.72174,0.50351,0.59888,0.27576,1.91138,1.13458,0.59793,0.000536483,0.000536483,0.000536483
799,2183.67,1.41702,0.91771,0.58045,0.71895,0.50371,0.59605,0.27355,1.92311,1.13804,0.59829,0.000531863,0.000531863,0.000531863
800,2186.43,1.43041,0.93757,0.58008,0.71972,0.50426,0.59775,0.27403,1.9221,1.13835,0.59848,0.000527263,0.000527263,0.000527263
801,2189.11,1.44689,0.91431,0.583,0.72311,0.50087,0.59675,0.27299,1.92765,1.14231,0.59875,0.000522683,0.000522683,0.000522683
802,2191.92,1.41316,0.92511,0.58828,0.72734,0.50124,0.59858,0.27429,1.92726,1.14694,0.5982,0.000518123,0.000518123,0.000518123
803,2194.58,1.50674,0.95398,0.58325,0.72951,0.50288,0.59974,0.27609,1.91816,1.14263,0.59741,0.000513582,0.000513582,0.000513582
804,2197.28,1.39198,0.90875,0.58229,0.7304,0.49876,0.59935,0.27908,1.90124,1.13107,0.59617,0.000509061,0.000509061,0.000509061
805,2199.89,1.46057,0.94505,0.57976,0.72543,0.49904,0.59845,0.27848,1.90582,1.13319,0.59653,0.00050456,0.00050456,0.00050456
806,2202.61,1.50517,0.93891,0.57224,0.72281,0.50384,0.60044,0.27653,1.9154,1.14,0.59722,0.000500079,0.000500079,0.000500079
807,2205.24,1.49532,0.95227,0.58046,0.72409,0.50368,0.60038,0.27795,1.90765,1.13677,0.59715,0.000495619,0.000495619,0.000495619
808,2207.96,1.48838,0.93527,0.58259,0.71682,0.5059,0.59722,0.27992,1.88651,1.12314,0.59669,0.000491178,0.000491178,0.000491178
809,2210.73,1.35195,0.89498,0.58181,0.7241,0.50384,0.59788,0.27946,1.88522,1.12046,0.59677,0.000486757,0.000486757,0.000486757
810,2213.46,1.48023,0.95205,0.58274,0.73746,0.50556,0.60093,0.27912,1.89773,1.12655,0.59723,0.000482356,0.000482356,0.000482356
811,2216.15,1.42425,0.91875,0.57829,0.74146,0.50474,0.60312,0.27782,1.90447,1.1314,0.59735,0.000477976,0.000477976,0.000477976
812,2218.97,1.47175,0.94211,0.57975,0.73383,0.51016,0.60409,0.28034,1.89106,1.12703,0.59627,0.000473615,0.000473615,0.000473615
813,2221.77,1.45841,0.94257,0.59168,0.73073,0.50934,0.60323,0.28012,1.89076,1.12722,0.59624,0.000469275,0.000469275,0.000469275
814,2224.52,1.50154,0.93376,0.58068,0.74071,0.50279,0.6018,0.27758,1.90776,1.1347,0.59702,0.000464955,0.000464955,0.000464955
815,2227.24,1.42766,0.92567,0.5898,0.73537,0.50481,0.60114,0.27657,1.91433,1.13802,0.59757,0.000460656,0.000460656,0.000460656
816,2230.02,1.42781,0.9272,0.5878,0.72393,0.5092,0.60075,0.27892,1.90296,1.13362,0.5973,0.000456377,0.000456377,0.000456377
817,2232.83,1.47641,0.94938,0.57882,0.71563,0.51085,0.60031,0.27911,1.89636,1.13051,0.59728,0.000452118,0.000452118,0.000452118
818,2235.75,1.39262,0.90701,0.57853,0.72089,0.51236,0.60112,0.27995,1.89773,1.13205,0.59706,0.00044788,0.00044788,0.00044788
819,2238.38,1.41544,0.91689,0.57878,0.73187,0.50673,0.60049,0.27623,1.91787,1.14109,0.59795,0.000443662,0.000443662,0.000443662
820,2241.15,1.42769,0.91957,0.58316,0.72346,0.50686,0.59693,0.27112,1.93911,1.1504,0.59864,0.000439465,0.000439465,0.000439465
821,2243.79,1.47872,0.93956,0.58285,0.73416,0.50302,0.59971,0.27343,1.92606,1.14472,0.59785,0.000435288,0.000435288,0.000435288
822,2246.48,1.41006,0.90848,0.57919,0.73401,0.50178,0.60069,0.27888,1.90284,1.13597,0.59688,0.000431132,0.000431132,0.000431132
823,2249.11,1.54007,0.99143,0.59625,0.73517,0.50151,0.6014,0.27872,1.90159,1.13615,0.59697,0.000426997,0.000426997,0.000426997
824,2251.86,1.39928,0.91451,0.59076,0.71934,0.51043,0.60228,0.27596,1.9251,1.14772,0.59838,0.000422883,0.000422883,0.000422883
825,2254.56,1.48725,0.93726,0.58332,0.73112,0.50844,0.60324,0.27735,1.92196,1.14516,0.5984,0.000418789,0.000418789,0.000418789
826,2257.33,1.44846,0.90954,0.57216,0.71914,0.51908,0.60605,0.28197,1.8903,1.12613,0.59662,0.000414716,0.000414716,0.000414716
827,2260.22,1.57649,0.9808,0.5856,0.72749,0.51382,0.60469,0.28176,1.88514,1.12244,0.59644,0.000410663,0.000410663,0.000410663
828,2262.98,1.38895,0.93183,0.58028,0.73066,0.51139,0.6054,0.28181,1.88852,1.12784,0.59639,0.000406632,0.000406632,0.000406632
829,2265.64,1.44511,0.9337,0.57938,0.73093,0.51194,0.60498,0.281,1.8925,1.13205,0.59611,0.000402622,0.000402622,0.000402622
830,2268.35,1.38966,0.92575,0.58352,0.72945,0.51118,0.60548,0.28106,1.89087,1.131,0.5957,0.000398632,0.000398632,0.000398632
831,2271,1.3818,0.92116,0.58538,0.72744,0.50783,0.60311,0.28224,1.88326,1.12531,0.59535,0.000394663,0.000394663,0.000394663
832,2273.75,1.46492,0.93992,0.58274,0.7272,0.50685,0.60211,0.28178,1.88461,1.12297,0.59532,0.000390716,0.000390716,0.000390716
833,2276.38,1.34747,0.89681,0.58913,0.72278,0.50988,0.60295,0.28115,1.89247,1.12695,0.59554,0.00038679,0.00038679,0.00038679
834,2279.05,1.36476,0.91379,0.57972,0.72473,0.51153,0.60423,0.27989,1.90047,1.13134,0.59566,0.000382884,0.000382884,0.000382884
835,2281.85,1.38347,0.90443,0.57692,0.72598,0.50975,0.60305,0.2808,1.89405,1.12657,0.59547,0.000379,0.000379,0.000379
836,2284.71,1.46403,0.92899,0.57772,0.71923,0.50865,0.60047,0.28113,1.88221,1.11577,0.59572,0.000375137,0.000375137,0.000375137
837,2287.41,1.42481,0.91406,0.57629,0.72007,0.50851,0.59916,0.28082,1.88231,1.11535,0.59597,0.000371295,0.000371295,0.000371295
838,2290.13,1.3965,0.91537,0.57724,0.72079,0.50233,0.59765,0.28062,1.88722,1.1183,0.59618,0.000367475,0.000367475,0.000367475
839,2292.81,1.37472,0.9076,0.58266,0.71352,0.50343,0.59727,0.28079,1.88354,1.11812,0.59592,0.000363675,0.000363675,0.000363675
840,2295.59,1.46071,0.91392,0.57464,0.71629,0.50261,0.59883,0.28116,1.88028,1.11731,0.59551,0.000359898,0.000359898,0.000359898
841,2298.29,1.44921,0.94502,0.58043,0.72188,0.50302,0.59967,0.2814,1.88337,1.11926,0.59554,0.000356141,0.000356141,0.000356141
842,2300.99,1.30995,0.88671,0.57409,0.72905,0.50439,0.60026,0.27897,1.90282,1.13137,0.59628,0.000352406,0.000352406,0.000352406
843,2303.69,1.49094,0.9477,0.58286,0.72931,0.50508,0.60018,0.27784,1.91186,1.13643,0.59675,0.000348692,0.000348692,0.000348692
844,2306.47,1.42411,0.91128,0.57857,0.72729,0.50416,0.59939,0.27865,1.8985,1.12973,0.5964,0.000345,0.000345,0.000345
845,2309.14,1.41916,0.91823,0.58453,0.72273,0.50439,0.59894,0.27956,1.89055,1.12555,0.59628,0.000341329,0.000341329,0.000341329
846,2312.05,1.37544,0.91396,0.58859,0.72463,0.50397,0.60047,0.28099,1.88489,1.12208,0.59621,0.00033768,0.00033768,0.00033768
847,2314.77,1.42257,0.9142,0.57722,0.72732,0.50371,0.60081,0.28047,1.88932,1.12433,0.59646,0.000334053,0.000334053,0.000334053
848,2317.47,1.49259,0.92406,0.58006,0.7305,0.50851,0.60101,0.27782,1.91234,1.13566,0.59777,0.000330447,0.000330447,0.000330447
849,2320.17,1.46662,0.92695,0.57156,0.73088,0.50934,0.60165,0.27799,1.91449,1.1358,0.5978,0.000326862,0.000326862,0.000326862
850,2322.91,1.48531,0.93144,0.59057,0.72197,0.51122,0.60233,0.2802,1.89761,1.1258,0.59675,0.0003233,0.0003233,0.0003233
851,2325.59,1.48031,0.93962,0.58866,0.72151,0.51181,0.60264,0.28007,1.89405,1.12383,0.59651,0.000319759,0.000319759,0.000319759
852,2328.35,1.48223,0.9309,0.57973,0.71485,0.5142,0.60328,0.27958,1.89803,1.12515,0.59675,0.00031624,0.00031624,0.00031624
853,2330.98,1.35951,0.91495,0.58216,0.71592,0.5129,0.60344,0.27897,1.90512,1.12762,0.59721,0.000312742,0.000312742,0.000312742
854,2333.72,1.44101,0.90887,0.57961,0.71431,0.50906,0.60148,0.27802,1.90627,1.12826,0.59767,0.000309267,0.000309267,0.000309267
855,2336.47,1.41047,0.91622,0.57862,0.71962,0.50563,0.60158,0.27896,1.8996,1.12531,0.59738,0.000305813,0.000305813,0.000305813
856,2339.18,1.38725,0.88816,0.57521,0.72809,0.50398,0.60187,0.27898,1.89277,1.12125,0.59723,0.000302382,0.000302382,0.000302382
857,2341.94,1.40392,0.91268,0.58645,0.72981,0.5059,0.60304,0.27884,1.89575,1.12222,0.59731,0.000298972,0.000298972,0.000298972
858,2344.69,1.46603,0.91809,0.57282,0.72254,0.50865,0.60074,0.27652,1.91115,1.13064,0.59784,0.000295584,0.000295584,0.000295584
859,2347.36,1.42534,0.91524,0.58032,0.72142,0.5081,0.60014,0.27649,1.91543,1.13299,0.59814,0.000292218,0.000292218,0.000292218
860,2350.09,1.42567,0.90803,0.57569,0.72132,0.50884,0.60231,0.27822,1.90319,1.12841,0.59751,0.000288875,0.000288875,0.000288875
861,2352.68,1.4557,0.93092,0.57918,0.72971,0.50728,0.60286,0.27898,1.89681,1.12602,0.59702,0.000285553,0.000285553,0.000285553
862,2355.51,1.48012,0.9271,0.5756,0.71604,0.51249,0.60303,0.27984,1.89106,1.1245,0.59644,0.000282253,0.000282253,0.000282253
863,2358.34,1.41355,0.89931,0.57217,0.71898,0.51345,0.60511,0.27977,1.89252,1.12663,0.59651,0.000278976,0.000278976,0.000278976
864,2360.97,1.52502,0.94152,0.58547,0.72255,0.51414,0.60473,0.27857,1.90244,1.13277,0.59676,0.000275721,0.000275721,0.000275721
865,2363.63,1.41667,0.89612,0.57559,0.72622,0.51249,0.60497,0.27786,1.90263,1.13311,0.59666,0.000272488,0.000272488,0.000272488
866,2366.31,1.38564,0.89567,0.5861,0.71698,0.52018,0.6058,0.27829,1.90074,1.13097,0.59653,0.000269277,0.000269277,0.000269277
867,2369.04,1.46012,0.94056,0.58763,0.72154,0.51771,0.60523,0.2781,1.9049,1.13276,0.59673,0.000266088,0.000266088,0.000266088
868,2371.91,1.46199,0.94221,0.5883,0.72305,0.51362,0.60375,0.27676,1.91265,1.13442,0.59737,0.000262922,0.000262922,0.000262922
869,2374.51,1.37316,0.90504,0.58969,0.72403,0.51326,0.60381,0.27787,1.9103,1.13227,0.59725,0.000259778,0.000259778,0.000259778
870,2377.15,1.47569,0.92971,0.576,0.72625,0.51263,0.60468,0.27971,1.90478,1.12968,0.59688,0.000256657,0.000256657,0.000256657
871,2379.81,1.45636,0.91969,0.58173,0.72545,0.51428,0.60476,0.27946,1.90887,1.13315,0.59686,0.000253557,0.000253557,0.000253557
872,2382.6,1.44459,0.94911,0.58544,0.73462,0.51078,0.60515,0.27908,1.91162,1.13724,0.59672,0.000250481,0.000250481,0.000250481
873,2385.3,1.44262,0.94152,0.59064,0.73333,0.51043,0.60516,0.27941,1.91033,1.13721,0.59664,0.000247426,0.000247426,0.000247426
874,2388.16,1.5125,0.95661,0.58506,0.73065,0.51332,0.60627,0.27915,1.91442,1.14235,0.59681,0.000244394,0.000244394,0.000244394
875,2390.84,1.39654,0.90157,0.57782,0.72737,0.51387,0.60516,0.27833,1.91773,1.14503,0.59704,0.000241385,0.000241385,0.000241385
876,2393.49,1.42125,0.91057,0.58669,0.7275,0.50947,0.60492,0.27869,1.91259,1.14137,0.59705,0.000238398,0.000238398,0.000238398
877,2396.15,1.3516,0.90443,0.57914,0.73077,0.50796,0.60481,0.28012,1.90422,1.13649,0.59675,0.000235434,0.000235434,0.000235434
878,2398.89,1.38037,0.89854,0.58039,0.72632,0.50607,0.60399,0.28229,1.88461,1.12661,0.59581,0.000232492,0.000232492,0.000232492
879,2401.61,1.33284,0.88788,0.58215,0.72969,0.50371,0.60415,0.28256,1.88042,1.12347,0.59555,0.000229573,0.000229573,0.000229573
880,2404.47,1.43906,0.93727,0.5841,0.72316,0.50947,0.60586,0.28224,1.88372,1.12357,0.59551,0.000226677,0.000226677,0.000226677
881,2407.08,1.31466,0.88035,0.58026,0.72917,0.50728,0.60502,0.28175,1.88939,1.12603,0.59562,0.000223803,0.000223803,0.000223803
882,2409.9,1.42536,0.91858,0.57527,0.73444,0.50837,0.60486,0.28151,1.89618,1.12791,0.59569,0.000220952,0.000220952,0.000220952
883,2412.75,1.39045,0.9024,0.58263,0.72954,0.50975,0.60474,0.2813,1.89551,1.12749,0.59574,0.000218124,0.000218124,0.000218124
884,2415.44,1.38009,0.90205,0.57613,0.72394,0.50906,0.60261,0.28203,1.88886,1.12303,0.59544,0.000215319,0.000215319,0.000215319
885,2418.11,1.3627,0.88186,0.57201,0.72021,0.50934,0.60217,0.28254,1.88544,1.12075,0.59543,0.000212536,0.000212536,0.000212536
886,2420.79,1.42781,0.91822,0.5787,0.72356,0.507,0.60184,0.28218,1.88229,1.11861,0.59518,0.000209776,0.000209776,0.000209776
887,2423.46,1.34668,0.9004,0.59052,0.72022,0.5081,0.60189,0.28248,1.88323,1.11834,0.59523,0.000207039,0.000207039,0.000207039
888,2426.24,1.39627,0.8964,0.57835,0.72319,0.51071,0.6026,0.28111,1.88823,1.12086,0.59544,0.000204325,0.000204325,0.000204325
889,2429.07,1.46032,0.92813,0.57938,0.72036,0.51345,0.60312,0.28093,1.88976,1.12192,0.59542,0.000201634,0.000201634,0.000201634
890,2431.91,1.37676,0.89418,0.57489,0.721,0.51387,0.6037,0.28094,1.88848,1.12259,0.59535,0.000198965,0.000198965,0.000198965
891,2434.51,1.41224,0.90736,0.57134,0.727,0.51331,0.60438,0.28143,1.88684,1.12295,0.59534,0.00019632,0.00019632,0.00019632
892,2437.23,1.35109,0.90922,0.5823,0.72637,0.51194,0.6037,0.28165,1.88812,1.12617,0.59559,0.000193698,0.000193698,0.000193698
893,2439.87,1.40172,0.90235,0.57997,0.72746,0.51181,0.6044,0.28171,1.89023,1.12813,0.59571,0.000191098,0.000191098,0.000191098
894,2442.62,1.48414,0.93977,0.57576,0.72564,0.5127,0.6044,0.28228,1.88751,1.12741,0.59568,0.000188522,0.000188522,0.000188522
895,2445.3,1.40801,0.89006,0.57965,0.7271,0.51174,0.60432,0.28231,1.88601,1.12651,0.59568,0.000185969,0.000185969,0.000185969
896,2448.02,1.41082,0.90295,0.57925,0.72698,0.50947,0.60356,0.28136,1.88662,1.12441,0.59557,0.000183439,0.000183439,0.000183439
897,2450.82,1.34535,0.87471,0.57348,0.72593,0.50982,0.60393,0.28102,1.88753,1.12362,0.59548,0.000180932,0.000180932,0.000180932
898,2453.49,1.46811,0.93293,0.58248,0.7319,0.50837,0.60331,0.28023,1.88969,1.12298,0.59552,0.000178448,0.000178448,0.000178448
899,2456.11,1.44174,0.9281,0.58542,0.72875,0.50862,0.60413,0.28025,1.89109,1.12293,0.59568,0.000175987,0.000175987,0.000175987
900,2458.84,1.43603,0.91741,0.57776,0.72579,0.51345,0.605,0.28133,1.88613,1.11977,0.59564,0.000173549,0.000173549,0.000173549
901,2461.5,1.38734,0.89723,0.57384,0.72537,0.51057,0.60359,0.28166,1.88187,1.11737,0.59557,0.000171135,0.000171135,0.000171135
902,2464.23,1.4523,0.93498,0.58671,0.71196,0.51332,0.60233,0.28259,1.87338,1.11311,0.59546,0.000168744,0.000168744,0.000168744
903,2466.96,1.39636,0.90295,0.57902,0.72107,0.50947,0.60206,0.2825,1.87207,1.11227,0.59553,0.000166376,0.000166376,0.000166376
904,2469.73,1.39299,0.89567,0.58274,0.72852,0.5059,0.60204,0.28183,1.87336,1.11375,0.59552,0.000164032,0.000164032,0.000164032
905,2472.37,1.39646,0.89355,0.57595,0.73118,0.50632,0.60337,0.28202,1.8757,1.11513,0.59552,0.00016171,0.00016171,0.00016171
906,2475.17,1.40076,0.91587,0.57991,0.72509,0.50804,0.6032,0.28171,1.87826,1.1175,0.5954,0.000159412,0.000159412,0.000159412
907,2477.92,1.44049,0.9229,0.57326,0.71892,0.51043,0.60286,0.28184,1.87708,1.11814,0.59525,0.000157138,0.000157138,0.000157138
908,2480.65,1.40979,0.89638,0.57948,0.72158,0.50796,0.60341,0.28281,1.87232,1.11794,0.59492,0.000154886,0.000154886,0.000154886
909,2483.39,1.43264,0.90326,0.57738,0.72136,0.50728,0.6031,0.28302,1.87185,1.11903,0.59485,0.000152659,0.000152659,0.000152659
910,2486.07,1.37813,0.88707,0.57187,0.72032,0.50714,0.60265,0.28263,1.87534,1.12121,0.59505,0.000150454,0.000150454,0.000150454
911,2488.81,1.52692,0.94736,0.58275,0.72013,0.50824,0.60262,0.28255,1.87597,1.12129,0.5951,0.000148273,0.000148273,0.000148273
912,2491.65,1.41967,0.90957,0.56986,0.72321,0.50783,0.60378,0.283,1.87891,1.12115,0.59515,0.000146116,0.000146116,0.000146116
913,2494.29,1.46074,0.94954,0.58992,0.72551,0.50741,0.60436,0.28257,1.88126,1.12158,0.59516,0.000143982,0.000143982,0.000143982
914,2497.06,1.37366,0.90815,0.58378,0.72487,0.51167,0.60581,0.28197,1.88702,1.12387,0.59526,0.000141871,0.000141871,0.000141871
915,2499.92,1.42842,0.9344,0.58351,0.72648,0.51318,0.60622,0.28171,1.89149,1.12607,0.59542,0.000139784,0.000139784,0.000139784
916,2502.62,1.37432,0.90739,0.58267,0.73005,0.51263,0.60513,0.28008,1.89834,1.12831,0.59581,0.00013772,0.00013772,0.00013772
917,2505.26,1.40375,0.91795,0.58842,0.73667,0.51004,0.60527,0.27989,1.90198,1.13001,0.59599,0.00013568,0.00013568,0.00013568
918,2507.95,1.46445,0.92096,0.57501,0.73397,0.50907,0.60384,0.27942,1.90171,1.12961,0.59613,0.000133664,0.000133664,0.000133664
919,2510.63,1.44887,0.91857,0.5794,0.73351,0.50824,0.60372,0.27953,1.90013,1.12814,0.59609,0.000131671,0.000131671,0.000131671
920,2513.28,1.4143,0.92108,0.59202,0.72837,0.50879,0.6029,0.28002,1.89728,1.12608,0.59608,0.000129702,0.000129702,0.000129702
921,2515.98,1.35528,0.89153,0.57605,0.73352,0.50686,0.60313,0.27994,1.89754,1.12582,0.59611,0.000127757,0.000127757,0.000127757
922,2518.73,1.43721,0.91783,0.58484,0.73832,0.507,0.60424,0.28026,1.89868,1.12598,0.59618,0.000125835,0.000125835,0.000125835
923,2521.43,1.44484,0.92729,0.58094,0.74343,0.5059,0.6046,0.28059,1.89879,1.12628,0.59615,0.000123937,0.000123937,0.000123937
924,2524.31,1.45435,0.91961,0.58678,0.74309,0.50788,0.60556,0.2797,1.90347,1.1296,0.59644,0.000122062,0.000122062,0.000122062
925,2526.87,1.44789,0.91696,0.57007,0.74595,0.50604,0.60476,0.2794,1.90434,1.13004,0.59659,0.000120211,0.000120211,0.000120211
926,2529.52,1.39313,0.91355,0.59051,0.7377,0.50849,0.605,0.27975,1.90242,1.12984,0.59665,0.000118384,0.000118384,0.000118384
927,2532.15,1.38912,0.90603,0.57285,0.73232,0.50988,0.60529,0.28037,1.89924,1.12847,0.5966,0.000116581,0.000116581,0.000116581
928,2534.84,1.38356,0.92185,0.58616,0.73256,0.51002,0.605,0.28047,1.89273,1.12445,0.59647,0.000114802,0.000114802,0.000114802
929,2537.55,1.42442,0.91342,0.56729,0.73174,0.51057,0.60543,0.28099,1.88983,1.12294,0.59642,0.000113046,0.000113046,0.000113046
930,2540.3,1.41733,0.88278,0.57095,0.72686,0.5133,0.60688,0.28174,1.88839,1.12209,0.59622,0.000111314,0.000111314,0.000111314
931,2542.91,1.39074,0.90161,0.57693,0.73004,0.51263,0.6069,0.28162,1.89101,1.12312,0.59632,0.000109606,0.000109606,0.000109606
932,2545.58,1.45223,0.91962,0.58393,0.73186,0.51222,0.60635,0.28123,1.89276,1.12328,0.59629,0.000107922,0.000107922,0.000107922
933,2548.33,1.38745,0.91825,0.58483,0.72876,0.514,0.6073,0.28122,1.89209,1.12264,0.59626,0.000106261,0.000106261,0.000106261
934,2551.07,1.40661,0.92025,0.58239,0.73555,0.5103,0.60551,0.28065,1.89219,1.12199,0.5963,0.000104625,0.000104625,0.000104625
935,2553.74,1.4078,0.90604,0.58353,0.73233,0.51126,0.60556,0.28066,1.89295,1.12255,0.59631,0.000103012,0.000103012,0.000103012
936,2556.49,1.41061,0.89565,0.57713,0.72856,0.51109,0.60428,0.28034,1.89464,1.12393,0.59637,0.000101424,0.000101424,0.000101424
937,2559.13,1.40906,0.90843,0.58247,0.72571,0.51263,0.60472,0.28017,1.89605,1.12528,0.59642,9.98587e-05,9.98587e-05,9.98587e-05
938,2561.8,1.42344,0.90967,0.57536,0.72827,0.51153,0.60556,0.28058,1.89493,1.12572,0.59636,9.83179e-05,9.83179e-05,9.83179e-05
939,2564.52,1.51401,0.92384,0.56601,0.72712,0.51215,0.6053,0.28092,1.89147,1.12428,0.59618,9.6801e-05,9.6801e-05,9.6801e-05
940,2567.33,1.47982,0.92492,0.57643,0.72507,0.51098,0.60421,0.28164,1.8834,1.11983,0.59566,9.5308e-05,9.5308e-05,9.5308e-05
941,2570.11,1.39003,0.91491,0.58626,0.73,0.50853,0.60423,0.2818,1.88029,1.11797,0.59545,9.38391e-05,9.38391e-05,9.38391e-05
942,2572.78,1.47863,0.92439,0.58328,0.72349,0.51151,0.60445,0.28186,1.87897,1.1169,0.59534,9.23941e-05,9.23941e-05,9.23941e-05
943,2575.49,1.42229,0.9256,0.58579,0.70658,0.51773,0.60478,0.28208,1.87961,1.11705,0.59529,9.09731e-05,9.09731e-05,9.09731e-05
944,2578.21,1.49489,0.9239,0.5709,0.70864,0.51716,0.60459,0.28102,1.8814,1.11803,0.59538,8.95762e-05,8.95762e-05,8.95762e-05
945,2580.99,1.34701,0.89905,0.57922,0.70824,0.51757,0.6041,0.28108,1.88255,1.11867,0.59544,8.82033e-05,8.82033e-05,8.82033e-05
946,2583.77,1.50294,0.9423,0.57864,0.71455,0.51524,0.60411,0.28121,1.88463,1.12007,0.59561,8.68544e-05,8.68544e-05,8.68544e-05
947,2586.43,1.37239,0.90284,0.57848,0.71564,0.51469,0.60416,0.28093,1.88555,1.1206,0.59569,8.55296e-05,8.55296e-05,8.55296e-05
948,2589.13,1.41729,0.89816,0.57611,0.71776,0.51345,0.60394,0.28077,1.88624,1.12168,0.59565,8.42289e-05,8.42289e-05,8.42289e-05
949,2591.75,1.47435,0.93875,0.58214,0.71619,0.51332,0.60381,0.28104,1.88573,1.12155,0.59565,8.29523e-05,8.29523e-05,8.29523e-05
950,2594.42,1.44269,0.90962,0.57517,0.71726,0.51277,0.60361,0.28126,1.88655,1.12232,0.59567,8.16998e-05,8.16998e-05,8.16998e-05
951,2597.28,1.39956,0.89355,0.57982,0.71919,0.51194,0.60384,0.28139,1.88759,1.12297,0.59564,8.04714e-05,8.04714e-05,8.04714e-05
952,2600.08,1.4679,0.92843,0.57854,0.72264,0.50988,0.6036,0.28155,1.88656,1.12341,0.59557,7.92671e-05,7.92671e-05,7.92671e-05
953,2602.79,1.45914,0.92433,0.58241,0.72858,0.50892,0.60443,0.28201,1.88582,1.12329,0.59551,7.80869e-05,7.80869e-05,7.80869e-05
954,2605.56,1.46967,0.92469,0.57656,0.72845,0.51044,0.60551,0.28156,1.8887,1.12451,0.59564,7.69309e-05,7.69309e-05,7.69309e-05
955,2608.27,1.36291,0.87975,0.57662,0.73363,0.5092,0.60518,0.28146,1.89167,1.12565,0.59576,7.57991e-05,7.57991e-05,7.57991e-05
956,2611.04,1.45377,0.92317,0.58401,0.73476,0.51043,0.60618,0.2807,1.89763,1.12819,0.596,7.46914e-05,7.46914e-05,7.46914e-05
957,2613.78,1.30748,0.88456,0.58678,0.72991,0.51263,0.60569,0.28029,1.90112,1.12973,0.59624,7.3608e-05,7.3608e-05,7.3608e-05
958,2616.57,1.46982,0.92276,0.57845,0.73955,0.51139,0.60656,0.2802,1.90348,1.13069,0.59646,7.25487e-05,7.25487e-05,7.25487e-05
959,2619.17,1.40716,0.90075,0.58007,0.73718,0.51208,0.60714,0.28041,1.90188,1.12979,0.59647,7.15136e-05,7.15136e-05,7.15136e-05
960,2622.07,1.5124,0.93711,0.57899,0.73297,0.51194,0.60647,0.28093,1.89663,1.12704,0.59628,7.05028e-05,7.05028e-05,7.05028e-05
961,2624.76,1.40639,0.91829,0.58886,0.73532,0.50957,0.60618,0.28081,1.89449,1.12615,0.59621,6.95161e-05,6.95161e-05,6.95161e-05
962,2627.47,1.37887,0.91338,0.58753,0.73494,0.5092,0.60614,0.28134,1.89163,1.12462,0.5961,6.85537e-05,6.85537e-05,6.85537e-05
963,2630.12,1.39873,0.90446,0.58178,0.73815,0.50796,0.60556,0.28128,1.89215,1.12496,0.59611,6.76156e-05,6.76156e-05,6.76156e-05
964,2632.9,1.4689,0.92844,0.58453,0.73956,0.50741,0.60538,0.28114,1.89503,1.12782,0.59627,6.67016e-05,6.67016e-05,6.67016e-05
965,2635.55,1.51461,0.94392,0.58138,0.73849,0.50837,0.60572,0.28059,1.89713,1.12932,0.59631,6.5812e-05,6.5812e-05,6.5812e-05
966,2638.28,1.34042,0.8724,0.57255,0.73792,0.50675,0.60457,0.28013,1.8989,1.1302,0.59621,6.49466e-05,6.49466e-05,6.49466e-05
967,2641.05,1.32958,0.91203,0.59198,0.73576,0.50535,0.60439,0.27993,1.89895,1.13018,0.59605,6.41055e-05,6.41055e-05,6.41055e-05
968,2643.78,1.45513,0.89678,0.57631,0.73682,0.50549,0.60526,0.28101,1.89764,1.12921,0.59579,6.32887e-05,6.32887e-05,6.32887e-05
969,2646.5,1.44462,0.91959,0.57829,0.73563,0.50481,0.60514,0.28115,1.89699,1.12863,0.59583,6.24962e-05,6.24962e-05,6.24962e-05
970,2649.36,1.4201,0.9226,0.58605,0.73385,0.50534,0.60487,0.28158,1.89412,1.12732,0.59564,6.1728e-05,6.1728e-05,6.1728e-05
971,2652.01,1.37764,0.90976,0.58793,0.73471,0.50522,0.60465,0.28188,1.89334,1.12695,0.59556,6.09841e-05,6.09841e-05,6.09841e-05
972,2654.78,1.37344,0.90344,0.58225,0.73338,0.50659,0.6051,0.28174,1.89225,1.12543,0.59554,6.02646e-05,6.02646e-05,6.02646e-05
973,2657.53,1.44451,0.91353,0.58127,0.72957,0.50755,0.60454,0.28179,1.89138,1.12467,0.59556,5.95693e-05,5.95693e-05,5.95693e-05
974,2660.3,1.49261,0.93731,0.57422,0.73088,0.50782,0.60496,0.28169,1.88864,1.12269,0.59554,5.88984e-05,5.88984e-05,5.88984e-05
975,2662.94,1.39389,0.91943,0.58343,0.73061,0.50837,0.60488,0.28177,1.88806,1.12249,0.59554,5.82518e-05,5.82518e-05,5.82518e-05
976,2665.57,1.48218,0.92297,0.57511,0.73191,0.50787,0.60506,0.28183,1.88744,1.12206,0.59554,5.76296e-05,5.76296e-05,5.76296e-05
977,2668.32,1.5029,0.93566,0.57376,0.73387,0.50755,0.60535,0.28153,1.88748,1.12241,0.59569,5.70317e-05,5.70317e-05,5.70317e-05
978,2671.08,1.40197,0.90622,0.57748,0.73434,0.50865,0.60505,0.28132,1.88792,1.12343,0.59571,5.64582e-05,5.64582e-05,5.64582e-05
979,2673.85,1.36912,0.89568,0.58154,0.7323,0.50947,0.60505,0.28136,1.88811,1.1238,0.5958,5.5909e-05,5.5909e-05,5.5909e-05
980,2676.61,1.43528,0.91449,0.58169,0.7305,0.51019,0.60505,0.28142,1.88652,1.12354,0.5956,5.53843e-05,5.53843e-05,5.53843e-05
981,2679.33,1.50635,0.93355,0.57502,0.73505,0.5081,0.60482,0.28163,1.88409,1.12243,0.59546,5.48838e-05,5.48838e-05,5.48838e-05
982,2682.01,1.41461,0.90924,0.58471,0.72984,0.5092,0.6043,0.28241,1.87994,1.11981,0.59507,5.44078e-05,5.44078e-05,5.44078e-05
983,2684.67,1.45921,0.92916,0.58312,0.73001,0.50929,0.60453,0.28281,1.87779,1.11853,0.59492,5.39562e-05,5.39562e-05,5.39562e-05
984,2687.45,1.42235,0.91174,0.58011,0.72551,0.51112,0.60541,0.28327,1.8762,1.11783,0.59472,5.35289e-05,5.35289e-05,5.35289e-05
985,2690.17,1.34317,0.89395,0.57695,0.72632,0.5119,0.60612,0.28341,1.87669,1.11815,0.59469,5.3126e-05,5.3126e-05,5.3126e-05
986,2692.88,1.47332,0.93715,0.57873,0.72525,0.51208,0.60592,0.28279,1.88028,1.12019,0.59484,5.27476e-05,5.27476e-05,5.27476e-05
987,2695.75,1.38443,0.90685,0.58298,0.7231,0.51387,0.60613,0.28237,1.88286,1.12186,0.59492,5.23935e-05,5.23935e-05,5.23935e-05
988,2698.5,1.51718,0.92839,0.57738,0.72312,0.51387,0.60548,0.28118,1.88779,1.12479,0.59526,5.20638e-05,5.20638e-05,5.20638e-05
989,2701.17,1.35247,0.89612,0.58434,0.72438,0.51345,0.60553,0.2812,1.88863,1.12542,0.59535,5.17586e-05,5.17586e-05,5.17586e-05
990,2703.82,1.3845,0.89,0.57968,0.72962,0.50879,0.60595,0.28165,1.88631,1.12439,0.59524,5.14777e-05,5.14777e-05,5.14777e-05
991,2759.88,1.49811,0.9414,0.57529,0.72628,0.51016,0.60614,0.28192,1.88334,1.12253,0.59506,5.12213e-05,5.12213e-05,5.12213e-05
992,2762.69,1.47795,0.92673,0.57626,0.72465,0.50508,0.60443,0.28207,1.87755,1.11864,0.59471,5.09892e-05,5.09892e-05,5.09892e-05
993,2765.4,1.48109,0.92917,0.58011,0.72394,0.50476,0.60412,0.28181,1.87575,1.11742,0.59465,5.07816e-05,5.07816e-05,5.07816e-05
994,2768.09,1.46834,0.92746,0.57845,0.7038,0.51263,0.60284,0.2811,1.87603,1.11692,0.5948,5.05984e-05,5.05984e-05,5.05984e-05
995,2770.67,1.49231,0.93508,0.57247,0.70096,0.51327,0.60251,0.28067,1.87735,1.11762,0.59491,5.04397e-05,5.04397e-05,5.04397e-05
996,2773.45,1.52607,0.94348,0.57497,0.70238,0.51318,0.60194,0.28083,1.88019,1.12017,0.59519,5.03053e-05,5.03053e-05,5.03053e-05
997,2776.01,1.44309,0.91579,0.57535,0.70237,0.51236,0.60112,0.28065,1.88222,1.12183,0.59529,5.01954e-05,5.01954e-05,5.01954e-05
998,2778.82,1.52492,0.93051,0.5694,0.71084,0.51029,0.60157,0.2799,1.8902,1.12732,0.59556,5.01099e-05,5.01099e-05,5.01099e-05
999,2781.47,1.44986,0.91173,0.57992,0.70777,0.514,0.6017,0.27908,1.89618,1.13029,0.59579,5.00489e-05,5.00489e-05,5.00489e-05
1000,2784.07,1.38671,0.90627,0.57902,0.72341,0.507,0.60199,0.27726,1.90799,1.13637,0.59626,5.00122e-05,5.00122e-05,5.00122e-05
