epoch,time,train/box_loss,train/cls_loss,train/dfl_loss,metrics/precision(B),metrics/recall(B),metrics/mAP50(B),metrics/mAP50-95(B),val/box_loss,val/cls_loss,val/dfl_loss,lr/pg0,lr/pg1,lr/pg2
1,4.19165,5.33846,1.97957,0.83329,0.02076,0.01702,0.01061,0.00405,5.57661,2.63,0.75033,0.0981,0.0001,0.0001
2,6.8327,5.58208,2.07286,0.8981,0.01867,0.01579,0.00954,0.00369,5.59571,2.66127,0.75691,0.0952498,0.00024975,0.00024975
3,9.65957,6.00751,2.34669,0.84595,0.0176,0.01524,0.009,0.00346,5.60342,2.70203,0.76322,0.0923992,0.000399201,0.000399201
4,12.2974,5.12214,1.75125,0.82778,0.02383,0.02252,0.01232,0.0046,5.62694,2.53259,0.74561,0.0895484,0.000548352,0.000548352
5,15.3785,5.19949,1.68029,0.78903,0.04206,0.0486,0.02697,0.00906,5.79961,1.4963,0.69779,0.0866972,0.000697203,0.000697203
6,18.6975,4.54355,1.05412,0.70984,0.20226,0.05286,0.05224,0.01649,5.66781,1.33237,0.64176,0.0838458,0.000845754,0.000845754
7,21.8031,4.7321,0.87586,0.67088,0.20807,0.06425,0.0575,0.0158,6.03321,1.34746,0.61378,0.080994,0.000994006,0.000994006
8,24.9647,4.76358,0.9269,0.63803,0.07477,0.10626,0.06099,0.01758,5.84822,1.20047,0.58033,0.078142,0.00114196,0.00114196
9,28.0784,4.49515,0.82213,0.63856,0.17723,0.06837,0.0575,0.01554,5.79537,1.16835,0.57195,0.0752896,0.00128961,0.00128961
10,31.2838,4.45783,0.74357,0.63987,0.13474,0.07386,0.04883,0.0138,5.85526,1.47825,0.57317,0.072437,0.00143696,0.00143696
11,34.3572,4.35174,0.71417,0.62725,0.16553,0.08429,0.06352,0.01825,5.73142,1.22412,0.56701,0.069584,0.00158402,0.00158402
12,37.6257,4.73189,0.74338,0.6262,0.17042,0.09775,0.07516,0.02141,5.79004,1.30086,0.57133,0.0667308,0.00173077,0.00173077
13,40.5893,4.46424,0.6649,0.61924,0.207,0.11505,0.08889,0.02534,5.50925,1.12099,0.55836,0.0638772,0.00187722,0.00187722
14,43.7422,4.36068,0.65889,0.61267,0.19372,0.10599,0.0829,0.02034,5.73787,1.02759,0.55775,0.0610234,0.00202338,0.00202338
15,46.8025,4.511,0.69323,0.60999,0.24055,0.12013,0.09937,0.03021,5.34227,1.02072,0.56018,0.0581692,0.00216923,0.00216923
16,50.1351,4.25578,0.67634,0.61207,0.22564,0.11656,0.09463,0.02604,5.58796,1.16391,0.55643,0.0553148,0.00231479,0.00231479
17,53.4965,4.374,0.7575,0.60314,0.22935,0.11738,0.09465,0.02428,5.65635,1.23639,0.55335,0.05246,0.00246004,0.00246004
18,56.5006,4.63669,0.69814,0.61355,0.18194,0.09033,0.06811,0.01791,5.95655,0.93776,0.55606,0.049605,0.002605,0.002605
19,59.2335,4.68446,0.68927,0.59853,0.28865,0.13564,0.11887,0.03638,5.23223,0.96004,0.55834,0.0467497,0.00274965,0.00274965
20,62.3932,4.95825,0.75531,0.59408,0.28277,0.13976,0.12184,0.03713,5.18512,0.8642,0.55827,0.043894,0.00289401,0.00289401
21,65.6013,4.50714,0.69733,0.6257,0.18052,0.08841,0.06538,0.01666,6.11279,1.01222,0.55498,0.0410381,0.00303806,0.00303806
22,68.3634,4.47845,0.66031,0.60907,0.18578,0.10077,0.07018,0.01873,5.9119,1.31321,0.55439,0.0381818,0.00318182,0.00318182
23,71.2264,4.6836,0.7062,0.60212,0.28745,0.14058,0.1245,0.03839,5.19829,0.88074,0.55687,0.0353253,0.00332527,0.00332527
24,74.298,4.84903,0.85928,0.59292,0.28036,0.13797,0.12079,0.03732,5.24139,0.85018,0.55979,0.0324684,0.00346843,0.00346843
25,77.2753,4.61276,0.66194,0.60191,0.20076,0.10297,0.07667,0.02011,5.88263,0.96069,0.5517,0.0296113,0.00361129,0.00361129
26,80.095,4.73809,0.68649,0.6094,0.2009,0.09857,0.07212,0.01901,5.89742,0.86169,0.55131,0.0267538,0.00375385,0.00375385
27,83.2959,4.95772,0.74904,0.61585,0.29422,0.13399,0.12092,0.03737,5.26722,0.84337,0.56345,0.0238961,0.0038961,0.0038961
28,86.3041,4.58918,0.70541,0.60742,0.29785,0.14086,0.12643,0.03922,5.25186,0.8377,0.56193,0.0210381,0.00403806,0.00403806
29,89.043,4.26611,0.71876,0.60958,0.21265,0.09047,0.07248,0.02018,5.89014,0.84911,0.55331,0.0181797,0.00417972,0.00417972
30,91.5433,4.82311,0.69298,0.60204,0.21507,0.10544,0.07903,0.02198,5.76174,0.83147,0.5513,0.0153211,0.00432108,0.00432108
31,94.4275,4.49298,0.64109,0.61317,0.27766,0.12301,0.10855,0.03391,5.49397,0.79727,0.56706,0.0124621,0.00446214,0.00446214
32,97.628,4.57145,0.66494,0.60202,0.27168,0.12013,0.10663,0.03292,5.50957,0.79652,0.56921,0.0096029,0.0046029,0.0046029
33,100.306,4.55645,0.65193,0.60486,0.27486,0.13234,0.10786,0.02906,5.48353,0.79493,0.55092,0.00674336,0.00474336,0.00474336
34,103.383,4.83809,0.74576,0.61739,0.26434,0.13797,0.11339,0.03079,5.44739,0.86674,0.55336,0.00483516,0.00483516,0.00483516
35,106.309,4.51448,0.65053,0.61633,0.26487,0.11546,0.10043,0.03081,5.61472,0.80466,0.57676,0.00483017,0.00483017,0.00483017
36,109.321,4.28847,0.63949,0.61238,0.25517,0.10502,0.09319,0.02836,5.7288,0.79444,0.58817,0.00482518,0.00482518,0.00482518
37,111.934,4.99126,0.7007,0.59976,0.30411,0.14003,0.12618,0.03629,5.20288,0.76765,0.56319,0.00482018,0.00482018,0.00482018
38,114.914,4.40701,0.6425,0.61282,0.35951,0.14498,0.1417,0.04147,5.08171,0.77249,0.56242,0.00481518,0.00481518,0.00481518
39,117.751,4.8949,0.7631,0.60382,0.2554,0.1042,0.09014,0.02749,5.75137,0.94935,0.59069,0.00481019,0.00481019,0.00481019
40,120.76,4.88507,0.73747,0.5836,0.25476,0.11175,0.09479,0.02941,5.67566,0.90925,0.58529,0.00480519,0.00480519,0.00480519
41,123.264,4.29304,0.66333,0.59611,0.31484,0.15185,0.1391,0.0393,5.22957,0.78908,0.56284,0.0048002,0.0048002,0.0048002
42,126.15,4.52179,0.73437,0.59445,0.31237,0.14703,0.13517,0.03932,5.33371,0.79988,0.5679,0.0047952,0.0047952,0.0047952
43,129.206,4.57917,0.68399,0.63664,0.27847,0.13386,0.11603,0.03246,5.51447,0.79285,0.57044,0.00479021,0.00479021,0.00479021
44,132.327,4.79353,0.74013,0.59593,0.27262,0.13839,0.11992,0.03301,5.40048,0.78702,0.55698,0.00478521,0.00478521,0.00478521
45,135.433,4.53305,0.72498,0.61834,0.31886,0.14539,0.13572,0.03933,5.32903,0.8034,0.55964,0.00478022,0.00478022,0.00478022
46,138.317,4.71752,0.69237,0.59611,0.379,0.12081,0.13225,0.04144,5.28518,0.85877,0.56256,0.00477523,0.00477523,0.00477523
47,141.267,4.71297,0.72624,0.60837,0.29492,0.14184,0.12531,0.03491,5.32798,0.78223,0.55213,0.00477023,0.00477023,0.00477023
48,144.244,4.32764,0.63888,0.60911,0.29812,0.14252,0.12962,0.03708,5.28749,0.77197,0.55442,0.00476523,0.00476523,0.00476523
49,147.114,4.59548,0.65735,0.60616,0.29476,0.13372,0.1227,0.03472,5.57654,0.7989,0.56176,0.00476024,0.00476024,0.00476024
50,149.967,4.25415,0.637,0.62606,0.26485,0.12411,0.10697,0.03048,5.66136,0.80626,0.56288,0.00475524,0.00475524,0.00475524
51,152.951,4.59915,0.66814,0.58556,0.32748,0.1528,0.14417,0.04329,5.09957,0.74359,0.55594,0.00475025,0.00475025,0.00475025
52,156.047,4.27778,0.63087,0.61519,0.33173,0.15143,0.14384,0.04262,5.16344,0.74315,0.55802,0.00474526,0.00474526,0.00474526
53,159.075,4.9739,0.69414,0.59593,0.31349,0.14601,0.13645,0.03957,5.33402,0.79181,0.56271,0.00474026,0.00474026,0.00474026
54,162.04,4.36729,0.64419,0.61252,0.31562,0.14157,0.13155,0.04067,5.25105,0.7787,0.56141,0.00473526,0.00473526,0.00473526
55,164.925,4.32949,0.65042,0.60403,0.3346,0.14808,0.13973,0.04039,5.22004,0.76114,0.54808,0.00473027,0.00473027,0.00473027
56,168.141,4.21688,0.62584,0.6075,0.34985,0.15433,0.14615,0.04226,5.18007,0.77325,0.54775,0.00472528,0.00472528,0.00472528
57,171.138,4.31475,0.64028,0.61062,0.30176,0.13331,0.12072,0.03604,5.39985,0.78018,0.56976,0.00472028,0.00472028,0.00472028
58,173.925,4.49146,0.63662,0.58038,0.30411,0.13921,0.13001,0.04001,5.33596,0.78992,0.55847,0.00471528,0.00471528,0.00471528
59,176.817,4.66028,0.73192,0.59654,0.36172,0.14635,0.14502,0.04158,5.14279,0.77697,0.54899,0.00471029,0.00471029,0.00471029
60,179.863,4.12368,0.61323,0.59359,0.33503,0.16159,0.15172,0.04382,5.0733,0.7354,0.54696,0.0047053,0.0047053,0.0047053
61,182.735,4.32411,0.69451,0.59316,0.32002,0.1469,0.13724,0.04296,5.16544,0.77229,0.55539,0.0047003,0.0047003,0.0047003
62,185.715,4.72134,0.7145,0.59217,0.31463,0.1436,0.13462,0.04239,5.22524,0.81898,0.55752,0.00469531,0.00469531,0.00469531
63,188.397,4.32051,0.63941,0.59608,0.33458,0.15953,0.15064,0.04292,5.14639,0.73242,0.54609,0.00469031,0.00469031,0.00469031
64,191.553,4.76397,0.70565,0.57521,0.35038,0.15266,0.14214,0.04031,5.17853,0.77949,0.54624,0.00468532,0.00468532,0.00468532
65,194.409,4.69681,0.65458,0.59259,0.32918,0.14854,0.14073,0.04494,5.16883,0.74554,0.5542,0.00468032,0.00468032,0.00468032
66,197.577,4.9676,0.71487,0.57575,0.33657,0.15706,0.14785,0.0469,5.05985,0.73423,0.5501,0.00467533,0.00467533,0.00467533
67,200.977,4.59571,0.70253,0.58387,0.32409,0.1528,0.13996,0.03859,5.32116,0.74885,0.54383,0.00467033,0.00467033,0.00467033
68,204.087,4.17184,0.61951,0.60946,0.33282,0.1561,0.14656,0.04189,5.22091,0.75471,0.54366,0.00466534,0.00466534,0.00466534
69,206.453,4.61876,0.66165,0.58422,0.32532,0.15019,0.14108,0.04343,5.17882,0.75078,0.55494,0.00466034,0.00466034,0.00466034
70,209.355,4.52749,0.66004,0.60283,0.29431,0.13537,0.12334,0.03779,5.38606,0.80403,0.56198,0.00465534,0.00465534,0.00465534
71,212.102,4.48068,0.65517,0.58972,0.373,0.16131,0.16269,0.0496,4.99942,0.75235,0.54869,0.00465035,0.00465035,0.00465035
72,215.242,4.01253,0.59769,0.60688,0.36588,0.17133,0.17261,0.05107,5.00411,0.72036,0.54861,0.00464536,0.00464536,0.00464536
73,218.337,4.46941,0.63545,0.59761,0.30924,0.13729,0.12851,0.0403,5.29202,0.7439,0.56186,0.00464036,0.00464036,0.00464036
74,221.19,4.34961,0.63819,0.5999,0.33346,0.14731,0.14198,0.04386,5.08724,0.73457,0.5598,0.00463537,0.00463537,0.00463537
75,223.999,4.48652,0.66309,0.58593,0.35862,0.1642,0.16266,0.04932,4.97588,0.71379,0.55056,0.00463037,0.00463037,0.00463037
76,227.012,4.28493,0.61547,0.5766,0.38547,0.16215,0.16489,0.05089,4.91016,0.74617,0.54891,0.00462538,0.00462538,0.00462538
77,229.982,4.0855,0.67418,0.61302,0.33238,0.1528,0.14475,0.04519,5.06649,0.7518,0.56108,0.00462038,0.00462038,0.00462038
78,232.981,4.29438,0.64227,0.58932,0.33023,0.15225,0.14548,0.04586,5.09908,0.72978,0.5596,0.00461539,0.00461539,0.00461539
79,235.552,4.75626,0.74055,0.59308,0.36704,0.13729,0.13925,0.04228,5.12181,0.81918,0.55048,0.00461039,0.00461039,0.00461039
80,238.804,4.39991,0.63808,0.57769,0.34213,0.16422,0.15891,0.04744,5.014,0.73597,0.54685,0.0046054,0.0046054,0.0046054
81,241.294,4.62615,0.64409,0.58386,0.32891,0.15568,0.1495,0.0465,5.07339,0.73569,0.56203,0.0046004,0.0046004,0.0046004
82,244.227,4.4668,0.62238,0.58529,0.34001,0.16447,0.15817,0.04907,5.02732,0.7301,0.55762,0.00459541,0.00459541,0.00459541
83,246.991,4.60538,0.65898,0.58075,0.32445,0.15143,0.14156,0.04085,5.20894,0.75447,0.55034,0.00459041,0.00459041,0.00459041
84,249.987,4.08148,0.60023,0.58767,0.35445,0.15845,0.14994,0.04366,5.06503,0.74473,0.55858,0.00458542,0.00458542,0.00458542
85,253.114,4.31314,0.64609,0.57954,0.34406,0.15022,0.1473,0.04756,5.10234,0.73945,0.56981,0.00458042,0.00458042,0.00458042
86,256.094,4.42458,0.61933,0.59748,0.33671,0.14788,0.14422,0.04652,5.0727,0.72638,0.56861,0.00457543,0.00457543,0.00457543
87,258.851,4.35714,0.65921,0.5875,0.38579,0.1541,0.15735,0.04593,5.02956,0.76244,0.55999,0.00457043,0.00457043,0.00457043
88,261.991,4.40929,0.62908,0.60742,0.36446,0.14909,0.15071,0.04455,5.03334,0.76356,0.55678,0.00456543,0.00456543,0.00456543
89,265.222,4.3523,0.68391,0.5834,0.32631,0.1561,0.14869,0.04769,5.14826,0.75706,0.56495,0.00456044,0.00456044,0.00456044
90,268.199,4.62777,0.69608,0.57137,0.34203,0.16406,0.15872,0.04984,5.05413,0.74253,0.56253,0.00455544,0.00455544,0.00455544
91,271.165,4.29024,0.61284,0.59316,0.36999,0.16697,0.16523,0.04698,5.06778,0.73244,0.55514,0.00455045,0.00455045,0.00455045
92,274.032,3.93386,0.57318,0.59158,0.36128,0.16818,0.16509,0.05006,4.97024,0.72846,0.55447,0.00454546,0.00454546,0.00454546
93,277.236,4.27623,0.61777,0.58458,0.32861,0.14511,0.13878,0.04007,5.30878,0.7516,0.55537,0.00454046,0.00454046,0.00454046
94,280.111,4.08702,0.589,0.60108,0.35478,0.16969,0.16433,0.04771,5.04182,0.73334,0.55435,0.00453547,0.00453547,0.00453547
95,282.586,3.83917,0.54463,0.58926,0.34782,0.1642,0.16142,0.04988,5.00708,0.7258,0.55656,0.00453047,0.00453047,0.00453047
96,285.41,4.4508,0.69023,0.57631,0.34066,0.15967,0.16012,0.04936,5.00465,0.72306,0.55523,0.00452548,0.00452548,0.00452548
97,288.504,4.19531,0.60169,0.59557,0.35658,0.17367,0.17129,0.05287,4.89745,0.71784,0.5517,0.00452048,0.00452048,0.00452048
98,291.584,4.27439,0.63366,0.58635,0.35188,0.1712,0.1723,0.05339,4.90175,0.71075,0.5532,0.00451549,0.00451549,0.00451549
99,294.409,4.16796,0.61127,0.59646,0.35226,0.16914,0.16631,0.05234,4.90601,0.72976,0.56106,0.00451049,0.00451049,0.00451049
100,297.611,3.96343,0.58397,0.58658,0.34226,0.16873,0.16397,0.05175,4.93784,0.72267,0.5594,0.00450549,0.00450549,0.00450549
101,300.357,4.05386,0.6138,0.59375,0.36135,0.17943,0.17582,0.05341,4.9305,0.71964,0.55289,0.0045005,0.0045005,0.0045005
102,303.499,4.30992,0.63196,0.58563,0.36234,0.17367,0.17334,0.05359,4.96048,0.73413,0.55049,0.00449551,0.00449551,0.00449551
103,306.583,4.31481,0.62401,0.58528,0.36146,0.16886,0.16751,0.05205,4.91565,0.71349,0.54903,0.00449051,0.00449051,0.00449051
104,309.518,4.32269,0.63741,0.59566,0.37454,0.16952,0.16938,0.05134,4.89169,0.71089,0.54619,0.00448551,0.00448551,0.00448551
105,312.312,4.26342,0.61136,0.58701,0.37758,0.17298,0.17355,0.05714,4.81548,0.69764,0.54731,0.00448052,0.00448052,0.00448052
106,315.403,4.30049,0.59781,0.58342,0.38103,0.176,0.17488,0.05841,4.74035,0.70094,0.5463,0.00447553,0.00447553,0.00447553
107,318.657,3.86389,0.56969,0.60073,0.36519,0.176,0.17325,0.05119,4.88043,0.70712,0.54825,0.00447053,0.00447053,0.00447053
108,321.989,4.67897,0.67031,0.58148,0.38095,0.16392,0.16449,0.04991,4.9495,0.72989,0.55377,0.00446553,0.00446553,0.00446553
109,324.575,3.99101,0.58497,0.5941,0.36002,0.16752,0.16442,0.05347,4.87334,0.70962,0.55843,0.00446054,0.00446054,0.00446054
110,327.729,4.50146,0.65226,0.58353,0.35801,0.16378,0.16317,0.05312,4.89908,0.70974,0.56052,0.00445554,0.00445554,0.00445554
111,330.646,4.19501,0.61614,0.59047,0.38895,0.17504,0.17883,0.05552,4.81721,0.70122,0.55097,0.00445055,0.00445055,0.00445055
112,333.699,4.22471,0.62204,0.58126,0.39339,0.1793,0.18359,0.05715,4.83949,0.69712,0.5457,0.00444556,0.00444556,0.00444556
113,336.502,4.17766,0.62205,0.58894,0.35822,0.16735,0.16697,0.05338,4.9189,0.73104,0.55076,0.00444056,0.00444056,0.00444056
114,339.277,4.3933,0.62671,0.59477,0.35313,0.16584,0.1637,0.05203,4.89548,0.71535,0.55501,0.00443557,0.00443557,0.00443557
115,341.798,4.46306,0.68449,0.57356,0.38344,0.1701,0.17589,0.05543,4.83506,0.72116,0.54968,0.00443057,0.00443057,0.00443057
116,345.064,4.17342,0.62158,0.57863,0.39774,0.18191,0.18764,0.05849,4.71463,0.70658,0.54511,0.00442558,0.00442558,0.00442558
117,347.933,4.12186,0.62241,0.58565,0.33495,0.15719,0.15486,0.04894,5.06337,0.734,0.56035,0.00442058,0.00442058,0.00442058
118,351.186,4.5554,0.67219,0.57624,0.36494,0.16735,0.16898,0.05486,4.88949,0.71134,0.5514,0.00441559,0.00441559,0.00441559
119,353.948,4.37897,0.60604,0.57839,0.37019,0.16647,0.16728,0.05076,4.91334,0.71522,0.54422,0.00441059,0.00441059,0.00441059
120,356.929,4.15008,0.64416,0.59057,0.38713,0.1701,0.17538,0.05354,4.84658,0.71946,0.54408,0.00440559,0.00440559,0.00440559
121,359.529,4.00537,0.60746,0.58381,0.36563,0.16804,0.1689,0.05517,4.8439,0.6967,0.54762,0.0044006,0.0044006,0.0044006
122,362.4,4.0676,0.6051,0.57999,0.3677,0.17161,0.17332,0.0579,4.78533,0.69064,0.54527,0.00439561,0.00439561,0.00439561
123,365.29,4.16263,0.61146,0.57631,0.38707,0.17216,0.17725,0.05441,4.8612,0.69525,0.54522,0.00439061,0.00439061,0.00439061
124,368.399,4.1302,0.58409,0.59991,0.38207,0.17504,0.17979,0.05679,4.7623,0.6939,0.54442,0.00438561,0.00438561,0.00438561
125,371.206,4.31382,0.62788,0.58906,0.39058,0.16815,0.17789,0.05456,4.92146,0.70106,0.54773,0.00438062,0.00438062,0.00438062
126,374.346,3.85149,0.57381,0.59586,0.38454,0.17586,0.1807,0.05627,4.83646,0.69512,0.54766,0.00437563,0.00437563,0.00437563
127,377.281,4.16818,0.60763,0.56325,0.37224,0.17381,0.17509,0.05512,4.82189,0.69992,0.54812,0.00437063,0.00437063,0.00437063
128,380.388,4.12276,0.58883,0.58715,0.36865,0.17284,0.17349,0.05332,4.92325,0.72272,0.54824,0.00436563,0.00436563,0.00436563
129,383.257,3.82941,0.56051,0.58793,0.37019,0.17914,0.17917,0.05799,4.74359,0.6904,0.54782,0.00436064,0.00436064,0.00436064
130,386.097,4.30033,0.63987,0.58855,0.36118,0.17559,0.17643,0.05775,4.69869,0.7109,0.54919,0.00435565,0.00435565,0.00435565
131,388.757,3.82779,0.55882,0.58683,0.3562,0.17284,0.17185,0.05384,4.83503,0.71334,0.54104,0.00435065,0.00435065,0.00435065
132,391.677,4.15379,0.60557,0.57041,0.37244,0.17998,0.1817,0.05633,4.85934,0.70937,0.543,0.00434566,0.00434566,0.00434566
133,394.472,4.20544,0.60085,0.58461,0.36609,0.17957,0.18449,0.06159,4.69175,0.70752,0.54591,0.00434066,0.00434066,0.00434066
134,397.17,4.22515,0.61985,0.57742,0.37193,0.17569,0.18155,0.06137,4.69791,0.69975,0.54641,0.00433567,0.00433567,0.00433567
135,399.898,4.51435,0.67171,0.57881,0.36992,0.17765,0.17572,0.05457,4.82158,0.70424,0.54101,0.00433067,0.00433067,0.00433067
136,403.197,4.30532,0.62293,0.57052,0.35522,0.17381,0.17135,0.05214,4.89766,0.71251,0.54021,0.00432568,0.00432568,0.00432568
137,406.26,4.17267,0.61877,0.5843,0.37166,0.17559,0.18026,0.06083,4.70962,0.69671,0.5426,0.00432068,0.00432068,0.00432068
138,408.988,4.14143,0.59588,0.57397,0.35728,0.17573,0.17808,0.05875,4.82061,0.71308,0.54718,0.00431569,0.00431569,0.00431569
139,411.624,3.6996,0.56672,0.58715,0.37734,0.18795,0.18926,0.06033,4.7049,0.70441,0.54335,0.00431069,0.00431069,0.00431069
140,415.108,4.24996,0.61735,0.56998,0.37427,0.17998,0.18675,0.06223,4.66972,0.70356,0.54761,0.0043057,0.0043057,0.0043057
141,418.254,3.90838,0.57823,0.59218,0.37288,0.17312,0.17928,0.05644,4.97712,0.71588,0.55455,0.0043007,0.0043007,0.0043007
142,421.149,4.11195,0.58476,0.58574,0.37863,0.176,0.18524,0.05955,4.88494,0.70934,0.5521,0.0042957,0.0042957,0.0042957
143,424.013,3.92593,0.56887,0.57946,0.37624,0.17357,0.18375,0.05724,4.81708,0.71105,0.54742,0.00429071,0.00429071,0.00429071
144,426.955,4.06239,0.57509,0.58044,0.38835,0.17463,0.18823,0.05917,4.75013,0.71716,0.54662,0.00428571,0.00428571,0.00428571
145,429.402,3.7926,0.58343,0.57841,0.36984,0.17435,0.18312,0.05991,4.88052,0.70541,0.55111,0.00428072,0.00428072,0.00428072
146,432.279,3.98111,0.57135,0.57704,0.36548,0.17449,0.1822,0.05962,4.86334,0.69713,0.54765,0.00427573,0.00427573,0.00427573
147,435.107,3.95476,0.56205,0.57721,0.38449,0.18087,0.1915,0.05976,4.69566,0.69197,0.544,0.00427073,0.00427073,0.00427073
148,438.114,3.99191,0.62983,0.57315,0.39775,0.18067,0.19328,0.06068,4.69989,0.68364,0.54275,0.00426573,0.00426573,0.00426573
149,441.278,4.20456,0.61096,0.58324,0.38635,0.1804,0.19092,0.06441,4.68803,0.67724,0.54344,0.00426074,0.00426074,0.00426074
150,444.319,4.02666,0.59103,0.57987,0.37297,0.17573,0.18223,0.05993,4.81849,0.69238,0.5458,0.00425575,0.00425575,0.00425575
151,447.487,3.82803,0.55614,0.59065,0.39205,0.18671,0.19402,0.06113,4.80618,0.68371,0.54498,0.00425075,0.00425075,0.00425075
152,450.555,3.92759,0.5667,0.5896,0.38936,0.17943,0.18998,0.0604,4.85747,0.69099,0.55064,0.00424576,0.00424576,0.00424576
153,453.609,4.29058,0.611,0.56979,0.38343,0.17943,0.18764,0.05972,4.79099,0.69144,0.54574,0.00424076,0.00424076,0.00424076
154,456.311,4.21957,0.60185,0.57915,0.38472,0.1782,0.18677,0.05959,4.75839,0.69212,0.54368,0.00423576,0.00423576,0.00423576
155,458.906,4.06364,0.61298,0.58075,0.37933,0.17435,0.18138,0.05641,4.88186,0.69581,0.54463,0.00423077,0.00423077,0.00423077
156,462.087,3.81761,0.55179,0.59594,0.37602,0.17506,0.18211,0.05734,4.83104,0.69863,0.54477,0.00422578,0.00422578,0.00422578
157,464.755,3.82364,0.58072,0.59228,0.38797,0.18191,0.19072,0.06111,4.67956,0.68971,0.54179,0.00422078,0.00422078,0.00422078
158,467.823,3.94467,0.57239,0.58744,0.3868,0.18844,0.19357,0.06131,4.68839,0.68514,0.54526,0.00421578,0.00421578,0.00421578
159,470.67,3.81571,0.56205,0.60045,0.39523,0.16694,0.18267,0.057,4.82572,0.72047,0.54506,0.00421079,0.00421079,0.00421079
160,473.849,4.10471,0.60021,0.58481,0.37588,0.17751,0.18623,0.05884,4.82983,0.69238,0.54945,0.0042058,0.0042058,0.0042058
161,476.696,3.73739,0.54287,0.59771,0.40017,0.18177,0.19571,0.06366,4.61623,0.68147,0.5468,0.0042008,0.0042008,0.0042008
162,479.431,3.84726,0.57344,0.58475,0.39371,0.18108,0.19018,0.0609,4.67802,0.69015,0.54532,0.0041958,0.0041958,0.0041958
163,482.244,3.95277,0.5739,0.58407,0.38048,0.18149,0.18908,0.06229,4.76099,0.68866,0.5478,0.00419081,0.00419081,0.00419081
164,485.345,4.13672,0.59938,0.58166,0.38047,0.18506,0.19186,0.0648,4.68964,0.68823,0.54343,0.00418581,0.00418581,0.00418581
165,488.479,4.35801,0.6572,0.57595,0.38331,0.18067,0.18476,0.05716,4.72225,0.68256,0.54276,0.00418082,0.00418082,0.00418082
166,491.433,3.95953,0.62138,0.58371,0.38944,0.17079,0.17652,0.05245,4.86674,0.70903,0.54287,0.00417583,0.00417583,0.00417583
167,494.235,3.7497,0.55609,0.58874,0.40525,0.19028,0.19884,0.06701,4.58989,0.67316,0.54204,0.00417083,0.00417083,0.00417083
168,497.382,3.93554,0.57251,0.57506,0.40584,0.18644,0.19711,0.0672,4.5864,0.68286,0.54298,0.00416583,0.00416583,0.00416583
169,500.337,4.05906,0.59263,0.57684,0.39314,0.17916,0.18531,0.05704,4.79202,0.7021,0.54226,0.00416084,0.00416084,0.00416084
170,503.248,3.88508,0.55807,0.58191,0.39244,0.19193,0.19617,0.06296,4.68142,0.68586,0.54763,0.00415585,0.00415585,0.00415585
171,506.142,4.12374,0.59605,0.58256,0.38736,0.18287,0.19141,0.06548,4.67743,0.68217,0.55235,0.00415085,0.00415085,0.00415085
172,509.05,3.71908,0.5631,0.57739,0.39483,0.18657,0.1965,0.06711,4.54497,0.67153,0.5492,0.00414586,0.00414586,0.00414586
173,512.134,3.76081,0.54712,0.57927,0.40013,0.19248,0.203,0.06751,4.58721,0.66851,0.54723,0.00414086,0.00414086,0.00414086
174,515.201,4.10905,0.60619,0.58925,0.39287,0.17202,0.1823,0.05906,4.74916,0.70449,0.54953,0.00413586,0.00413586,0.00413586
175,518.016,4.23126,0.61205,0.58872,0.40388,0.18657,0.19869,0.06702,4.52537,0.67063,0.54671,0.00413087,0.00413087,0.00413087
176,521.055,3.89508,0.5885,0.57719,0.38695,0.18596,0.19484,0.06617,4.6068,0.68154,0.54792,0.00412588,0.00412588,0.00412588
177,523.615,4.17262,0.62923,0.57092,0.37628,0.17449,0.1794,0.05503,4.90099,0.69913,0.54548,0.00412088,0.00412088,0.00412088
178,526.7,4.25323,0.59882,0.57703,0.38179,0.17652,0.18153,0.05476,4.93436,0.70443,0.54901,0.00411588,0.00411588,0.00411588
179,529.533,3.91231,0.59496,0.60775,0.40726,0.19083,0.20493,0.0689,4.56357,0.67496,0.54871,0.00411089,0.00411089,0.00411089
180,532.873,3.67606,0.56635,0.6052,0.40266,0.19165,0.20229,0.06642,4.58478,0.67537,0.54482,0.0041059,0.0041059,0.0041059
181,535.765,4.40114,0.6315,0.57031,0.3713,0.16708,0.17501,0.05248,4.92131,0.70738,0.54499,0.0041009,0.0041009,0.0041009
182,538.658,3.975,0.58386,0.56667,0.38205,0.17326,0.18106,0.05532,4.86182,0.70728,0.54051,0.0040959,0.0040959,0.0040959
183,541.759,4.17998,0.59155,0.57609,0.39746,0.1911,0.20111,0.0687,4.53511,0.6617,0.5379,0.00409091,0.00409091,0.00409091
184,544.493,3.87857,0.58247,0.5623,0.37692,0.18712,0.19297,0.06527,4.62625,0.66848,0.53998,0.00408591,0.00408591,0.00408591
185,547.118,3.94133,0.57432,0.59049,0.40309,0.19261,0.20106,0.06438,4.60163,0.67634,0.5382,0.00408092,0.00408092,0.00408092
186,550.124,3.95469,0.57794,0.57991,0.40145,0.17971,0.19121,0.05966,4.69992,0.68637,0.53798,0.00407592,0.00407592,0.00407592
187,552.776,3.72272,0.5914,0.58195,0.40569,0.19261,0.20498,0.07027,4.51381,0.66358,0.53696,0.00407093,0.00407093,0.00407093
188,555.856,3.90684,0.59308,0.59472,0.39369,0.18534,0.19608,0.06583,4.64264,0.67866,0.53965,0.00406593,0.00406593,0.00406593
189,558.436,3.78229,0.53965,0.58237,0.40036,0.19509,0.20535,0.06768,4.58432,0.67058,0.5377,0.00406094,0.00406094,0.00406094
190,561.489,4.05553,0.59594,0.57602,0.38984,0.1911,0.20139,0.06659,4.5974,0.66994,0.53871,0.00405595,0.00405595,0.00405595
191,564.253,4.56937,0.6688,0.54312,0.39514,0.19289,0.2044,0.06657,4.60807,0.6713,0.54096,0.00405095,0.00405095,0.00405095
192,567.402,3.77396,0.55803,0.57756,0.38255,0.19274,0.20185,0.06577,4.63672,0.67013,0.54215,0.00404596,0.00404596,0.00404596
193,570.554,4.12826,0.59661,0.56284,0.37587,0.19632,0.20066,0.06693,4.57333,0.67325,0.54248,0.00404096,0.00404096,0.00404096
194,573.512,3.57521,0.52678,0.58464,0.37913,0.18891,0.19476,0.06489,4.61514,0.67485,0.5437,0.00403596,0.00403596,0.00403596
195,576.565,4.05047,0.59291,0.58912,0.38617,0.1955,0.20119,0.06664,4.59122,0.69035,0.54526,0.00403097,0.00403097,0.00403097
196,579.555,4.05705,0.60288,0.55398,0.39048,0.19069,0.19997,0.06822,4.54345,0.67688,0.54585,0.00402597,0.00402597,0.00402597
197,582.319,3.42143,0.53033,0.58868,0.39643,0.19412,0.20187,0.06387,4.69219,0.67984,0.54398,0.00402098,0.00402098,0.00402098
198,585.261,3.65386,0.52214,0.56601,0.39301,0.19948,0.2084,0.06637,4.68427,0.68175,0.54225,0.00401598,0.00401598,0.00401598
199,588.041,4.02469,0.56806,0.57044,0.37993,0.19275,0.19915,0.06639,4.62108,0.69326,0.5429,0.00401099,0.00401099,0.00401099
200,591.333,3.83075,0.56182,0.57736,0.36619,0.18836,0.19111,0.06367,4.67771,0.6951,0.54274,0.00400599,0.00400599,0.00400599
201,593.811,4.17204,0.61676,0.56261,0.3936,0.19728,0.2055,0.06647,4.62569,0.66649,0.54074,0.004001,0.004001,0.004001
202,596.561,4.0548,0.57212,0.57324,0.4045,0.19165,0.2042,0.06376,4.6825,0.66967,0.54378,0.003996,0.003996,0.003996
203,599.582,3.75481,0.56382,0.56421,0.40855,0.1933,0.2064,0.07004,4.58954,0.66573,0.54687,0.00399101,0.00399101,0.00399101
204,602.729,3.7724,0.5478,0.57223,0.39669,0.18602,0.19827,0.06742,4.62807,0.66912,0.54267,0.00398601,0.00398601,0.00398601
205,605.1,4.27612,0.62726,0.55555,0.4214,0.19344,0.21248,0.06793,4.58719,0.66411,0.54037,0.00398102,0.00398102,0.00398102
206,608.103,3.85499,0.55594,0.56173,0.42153,0.18671,0.20264,0.06322,4.68804,0.67248,0.54123,0.00397603,0.00397603,0.00397603
207,610.89,4.07136,0.59222,0.57037,0.41421,0.19824,0.20997,0.07058,4.53813,0.6576,0.53967,0.00397103,0.00397103,0.00397103
208,613.919,3.91441,0.56703,0.5729,0.41974,0.19742,0.21355,0.06995,4.54943,0.6599,0.53784,0.00396603,0.00396603,0.00396603
209,616.656,3.79729,0.56284,0.57096,0.39916,0.18589,0.19385,0.06028,4.82665,0.67576,0.54039,0.00396104,0.00396104,0.00396104
210,619.477,3.73124,0.55032,0.58632,0.38893,0.18342,0.19048,0.05909,4.81756,0.67659,0.53952,0.00395605,0.00395605,0.00395605
211,622.241,3.93806,0.58545,0.57619,0.4116,0.20113,0.21194,0.07132,4.49671,0.66289,0.53936,0.00395105,0.00395105,0.00395105
212,625.188,3.91681,0.58122,0.57158,0.40143,0.19989,0.20731,0.07017,4.52384,0.66617,0.54193,0.00394606,0.00394606,0.00394606
213,628.56,3.83634,0.5528,0.57587,0.40585,0.19193,0.20246,0.06383,4.6786,0.67781,0.542,0.00394106,0.00394106,0.00394106
214,631.487,3.6875,0.54507,0.591,0.40529,0.19303,0.20235,0.06377,4.68431,0.67269,0.53867,0.00393607,0.00393607,0.00393607
215,634.437,4.46148,0.66191,0.54336,0.4119,0.1933,0.20314,0.06801,4.62744,0.67256,0.54057,0.00393107,0.00393107,0.00393107
216,637.481,3.61243,0.52344,0.56866,0.3855,0.18094,0.1884,0.06185,4.75716,0.6765,0.5421,0.00392608,0.00392608,0.00392608
217,640.505,4.12299,0.58924,0.55874,0.43362,0.19399,0.21166,0.07243,4.47833,0.66717,0.5405,0.00392108,0.00392108,0.00392108
218,643.33,3.7494,0.57158,0.57123,0.41892,0.2003,0.21358,0.07125,4.55173,0.66201,0.54806,0.00391609,0.00391609,0.00391609
219,646.208,4.22934,0.66694,0.54581,0.39918,0.19165,0.20106,0.06559,4.66277,0.6729,0.54555,0.00391109,0.00391109,0.00391109
220,649.348,3.45489,0.53749,0.58059,0.40716,0.19989,0.20797,0.06813,4.59441,0.66154,0.54532,0.0039061,0.0039061,0.0039061
221,651.817,4.08671,0.57347,0.57671,0.41327,0.1955,0.2091,0.07094,4.60564,0.66058,0.55064,0.0039011,0.0039011,0.0039011
222,654.874,3.5558,0.54699,0.57658,0.39939,0.19454,0.20673,0.06883,4.67526,0.667,0.55524,0.00389611,0.00389611,0.00389611
223,657.611,4.44171,0.64588,0.56985,0.39734,0.19632,0.20775,0.07062,4.51038,0.65877,0.55411,0.00389111,0.00389111,0.00389111
224,660.488,3.7356,0.56227,0.57321,0.39724,0.19385,0.20561,0.06822,4.57793,0.66548,0.55246,0.00388611,0.00388611,0.00388611
225,663.387,3.92198,0.57035,0.57521,0.40564,0.19536,0.20853,0.07128,4.62393,0.66848,0.55447,0.00388112,0.00388112,0.00388112
226,666.759,3.35646,0.53764,0.58663,0.40835,0.19152,0.20794,0.07123,4.55323,0.65624,0.55274,0.00387613,0.00387613,0.00387613
227,669.429,3.73503,0.5334,0.5719,0.41457,0.19563,0.21184,0.07003,4.50482,0.65717,0.54577,0.00387113,0.00387113,0.00387113
228,671.896,3.74324,0.55638,0.56782,0.41447,0.19797,0.2134,0.07155,4.4985,0.65557,0.54198,0.00386614,0.00386614,0.00386614
229,674.568,3.79721,0.56457,0.5828,0.39779,0.1944,0.20574,0.07013,4.57813,0.66227,0.54258,0.00386114,0.00386114,0.00386114
230,677.367,3.95653,0.56789,0.56237,0.41216,0.19563,0.21203,0.0728,4.5034,0.65992,0.54195,0.00385615,0.00385615,0.00385615
231,680.17,3.56689,0.52541,0.57208,0.41226,0.19934,0.21267,0.06991,4.5139,0.65781,0.54093,0.00385115,0.00385115,0.00385115
232,683.159,3.51092,0.54368,0.56055,0.42027,0.20538,0.21894,0.07313,4.44733,0.6483,0.54146,0.00384615,0.00384615,0.00384615
233,686.203,3.51487,0.53232,0.57401,0.40699,0.19589,0.21131,0.0718,4.53335,0.65148,0.54322,0.00384116,0.00384116,0.00384116
234,689.264,3.83908,0.5601,0.57429,0.4035,0.19591,0.20781,0.0705,4.58532,0.66549,0.54363,0.00383617,0.00383617,0.00383617
235,691.829,3.49417,0.52424,0.57675,0.4148,0.20181,0.21446,0.07069,4.53089,0.65282,0.54132,0.00383117,0.00383117,0.00383117
236,694.335,3.82912,0.55897,0.56519,0.41209,0.19316,0.2098,0.06908,4.57259,0.65538,0.53949,0.00382618,0.00382618,0.00382618
237,697.274,3.95129,0.55906,0.57049,0.3996,0.19701,0.20855,0.06998,4.57834,0.66156,0.54035,0.00382118,0.00382118,0.00382118
238,700.208,3.58139,0.52973,0.57698,0.40701,0.20154,0.21313,0.0717,4.54835,0.66536,0.5383,0.00381619,0.00381619,0.00381619
239,703.111,4.35618,0.62461,0.54389,0.40931,0.19303,0.20398,0.06506,4.67002,0.66175,0.53692,0.00381119,0.00381119,0.00381119
240,706.315,3.98419,0.56747,0.56804,0.41304,0.20236,0.21236,0.06851,4.56838,0.65532,0.5365,0.0038062,0.0038062,0.0038062
241,709.424,3.76497,0.57258,0.56426,0.40271,0.2003,0.21171,0.07193,4.48908,0.65729,0.53795,0.0038012,0.0038012,0.0038012
242,712.597,3.98021,0.5937,0.56465,0.41252,0.20222,0.21417,0.07184,4.46972,0.66076,0.53638,0.00379621,0.00379621,0.00379621
243,715.674,3.74986,0.56416,0.55452,0.40001,0.19632,0.20422,0.06625,4.60819,0.66472,0.53695,0.00379121,0.00379121,0.00379121
244,718.718,4.29834,0.62831,0.55521,0.40897,0.20813,0.21502,0.06972,4.5489,0.65914,0.53613,0.00378621,0.00378621,0.00378621
245,721.897,3.72472,0.56011,0.57195,0.40917,0.19783,0.21026,0.07126,4.5533,0.6695,0.53808,0.00378122,0.00378122,0.00378122
246,725.151,3.68491,0.54879,0.57993,0.39686,0.19591,0.20659,0.0703,4.5483,0.67117,0.53761,0.00377623,0.00377623,0.00377623
247,727.93,4.2854,0.60155,0.55773,0.41894,0.19605,0.21118,0.06835,4.5926,0.66099,0.53626,0.00377123,0.00377123,0.00377123
248,730.737,3.86563,0.57681,0.56241,0.41428,0.20058,0.21201,0.06739,4.60466,0.65739,0.53748,0.00376624,0.00376624,0.00376624
249,733.407,4.47475,0.64237,0.56234,0.39672,0.1951,0.20539,0.06859,4.5945,0.6659,0.54045,0.00376124,0.00376124,0.00376124
250,736.229,3.54506,0.53026,0.57551,0.4064,0.19193,0.20699,0.07043,4.54525,0.65579,0.54033,0.00375625,0.00375625,0.00375625
251,738.497,4.01758,0.5816,0.5743,0.41566,0.19385,0.20966,0.07083,4.49638,0.65675,0.53945,0.00375125,0.00375125,0.00375125
252,741.711,3.94283,0.56318,0.56376,0.40617,0.19438,0.2078,0.0707,4.46768,0.65512,0.54098,0.00374625,0.00374625,0.00374625
253,744.803,3.70964,0.54556,0.56628,0.42221,0.20085,0.21534,0.07288,4.5121,0.65469,0.54033,0.00374126,0.00374126,0.00374126
254,747.624,3.68208,0.56487,0.56685,0.40941,0.19824,0.20991,0.07128,4.54242,0.66415,0.54094,0.00373626,0.00373626,0.00373626
255,750.556,3.63133,0.52065,0.57803,0.40914,0.19728,0.21119,0.07139,4.48204,0.65832,0.542,0.00373127,0.00373127,0.00373127
256,753.457,3.95884,0.60392,0.55878,0.41618,0.20071,0.21559,0.07405,4.42271,0.65421,0.5419,0.00372628,0.00372628,0.00372628
257,756.599,3.75105,0.54458,0.57569,0.41031,0.19838,0.21078,0.07218,4.54542,0.66434,0.54423,0.00372128,0.00372128,0.00372128
258,759.494,3.7779,0.52183,0.57645,0.40802,0.20332,0.21631,0.07337,4.50452,0.66075,0.54279,0.00371628,0.00371628,0.00371628
259,762.438,3.77921,0.53883,0.57105,0.40753,0.20284,0.21358,0.07217,4.45703,0.6569,0.53919,0.00371129,0.00371129,0.00371129
260,765.65,4.00255,0.57569,0.57531,0.4138,0.20483,0.21915,0.07458,4.39935,0.65105,0.53794,0.0037063,0.0037063,0.0037063
261,768.589,3.61185,0.53196,0.55754,0.40028,0.19618,0.20828,0.0701,4.54363,0.65812,0.54167,0.0037013,0.0037013,0.0037013
262,771.672,3.87007,0.55435,0.57378,0.41384,0.19811,0.21287,0.07266,4.50872,0.65166,0.53913,0.0036963,0.0036963,0.0036963
263,774.772,4.18722,0.58634,0.56193,0.41216,0.20195,0.21604,0.07156,4.48299,0.65421,0.53786,0.00369131,0.00369131,0.00369131
264,777.875,3.92311,0.56816,0.55796,0.41484,0.2073,0.2189,0.07347,4.4194,0.65309,0.53781,0.00368631,0.00368631,0.00368631
265,780.654,3.79194,0.55718,0.56948,0.41326,0.20044,0.21411,0.07447,4.44957,0.65755,0.53836,0.00368132,0.00368132,0.00368132
266,783.848,3.86525,0.57208,0.56382,0.41587,0.19893,0.21572,0.07511,4.42533,0.65036,0.5401,0.00367632,0.00367632,0.00367632
267,786.949,4.28344,0.64719,0.54758,0.39606,0.18657,0.20004,0.06659,4.65675,0.67615,0.53723,0.00367133,0.00367133,0.00367133
268,790.177,3.56119,0.53856,0.56455,0.40969,0.19001,0.20373,0.06602,4.65726,0.66389,0.53452,0.00366634,0.00366634,0.00366634
269,793.167,4.16875,0.60089,0.56107,0.42403,0.19962,0.21931,0.07545,4.42994,0.64331,0.5332,0.00366134,0.00366134,0.00366134
270,796.159,3.51542,0.52001,0.56908,0.43611,0.20154,0.2224,0.07628,4.43401,0.64405,0.53448,0.00365634,0.00365634,0.00365634
271,799.624,3.97967,0.57437,0.56224,0.41662,0.19179,0.20718,0.06762,4.59786,0.66164,0.53965,0.00365135,0.00365135,0.00365135
272,802.662,3.55762,0.53043,0.56473,0.42396,0.19935,0.21243,0.06918,4.57032,0.65745,0.54074,0.00364635,0.00364635,0.00364635
273,805.635,3.85629,0.55394,0.56447,0.40198,0.20044,0.21193,0.07056,4.56947,0.67661,0.54203,0.00364136,0.00364136,0.00364136
274,808.386,3.50539,0.53512,0.5698,0.41614,0.19975,0.2145,0.07135,4.54047,0.65859,0.54359,0.00363636,0.00363636,0.00363636
275,811.484,3.69514,0.52235,0.56862,0.42273,0.20415,0.21583,0.07485,4.4557,0.65468,0.54156,0.00363137,0.00363137,0.00363137
276,814.411,4.03965,0.56782,0.55339,0.41916,0.20319,0.21777,0.0748,4.45101,0.65707,0.54196,0.00362638,0.00362638,0.00362638
277,817.258,3.55929,0.53676,0.57947,0.42293,0.19673,0.21746,0.07158,4.52603,0.65716,0.54303,0.00362138,0.00362138,0.00362138
278,820.217,3.7649,0.55814,0.57274,0.42753,0.20566,0.22428,0.07531,4.45359,0.65092,0.54261,0.00361638,0.00361638,0.00361638
279,823.076,3.68151,0.55526,0.56973,0.41125,0.20222,0.21722,0.07487,4.45562,0.65813,0.54325,0.00361139,0.00361139,0.00361139
280,826.113,3.53615,0.51625,0.57148,0.41463,0.20236,0.21982,0.0754,4.42714,0.6547,0.54308,0.0036064,0.0036064,0.0036064
281,829.215,3.94547,0.58334,0.56361,0.43448,0.20909,0.22685,0.07941,4.3832,0.64604,0.54047,0.0036014,0.0036014,0.0036014
282,832.093,3.66907,0.544,0.58036,0.43363,0.20895,0.22721,0.07869,4.38591,0.64299,0.53629,0.00359641,0.00359641,0.00359641
283,834.958,3.61134,0.54776,0.5615,0.41287,0.19852,0.21257,0.07253,4.50316,0.65765,0.54264,0.00359141,0.00359141,0.00359141
284,837.916,3.45645,0.51645,0.58541,0.42544,0.20319,0.21946,0.07606,4.39593,0.6518,0.54528,0.00358642,0.00358642,0.00358642
285,841.033,3.7738,0.56359,0.5757,0.4291,0.20277,0.21943,0.07359,4.49593,0.65952,0.54378,0.00358142,0.00358142,0.00358142
286,844.084,3.7435,0.54695,0.55752,0.41532,0.20456,0.22037,0.07318,4.51909,0.66089,0.54505,0.00357643,0.00357643,0.00357643
287,847.106,3.82296,0.54086,0.58588,0.42343,0.20497,0.22189,0.07644,4.41358,0.65808,0.54597,0.00357143,0.00357143,0.00357143
288,850.193,3.47988,0.54227,0.5692,0.42946,0.20126,0.21975,0.07629,4.40244,0.65368,0.54227,0.00356644,0.00356644,0.00356644
289,852.908,3.53583,0.52674,0.56077,0.4305,0.19824,0.21732,0.07348,4.54464,0.66262,0.53874,0.00356144,0.00356144,0.00356144
290,855.85,3.807,0.55215,0.58042,0.44115,0.19618,0.2191,0.07396,4.51746,0.66554,0.54064,0.00355645,0.00355645,0.00355645
291,858.726,3.70665,0.54339,0.56775,0.43823,0.20346,0.22645,0.07802,4.38964,0.64741,0.54307,0.00355145,0.00355145,0.00355145
292,861.825,3.89303,0.57912,0.55651,0.4258,0.20167,0.22217,0.07631,4.46188,0.65582,0.54373,0.00354646,0.00354646,0.00354646
293,864.907,3.68956,0.55221,0.57715,0.43154,0.21197,0.23181,0.0799,4.40318,0.64849,0.541,0.00354146,0.00354146,0.00354146
294,867.785,3.69568,0.52449,0.57325,0.43637,0.20428,0.22883,0.0782,4.45355,0.64994,0.5405,0.00353647,0.00353647,0.00353647
295,870.363,3.7078,0.53148,0.56241,0.43176,0.20085,0.22583,0.07759,4.37385,0.64674,0.53945,0.00353147,0.00353147,0.00353147
296,873.408,3.65968,0.54078,0.55595,0.42708,0.20058,0.22063,0.07641,4.38973,0.64262,0.53894,0.00352648,0.00352648,0.00352648
297,876.014,3.95046,0.56537,0.56885,0.42865,0.20209,0.2213,0.07606,4.47647,0.64659,0.53969,0.00352148,0.00352148,0.00352148
298,878.853,3.80756,0.54617,0.5583,0.4278,0.19687,0.21606,0.07316,4.55451,0.65149,0.54113,0.00351649,0.00351649,0.00351649
299,881.406,3.57275,0.52197,0.57233,0.44032,0.20222,0.2264,0.0752,4.51559,0.65111,0.54109,0.00351149,0.00351149,0.00351149
300,884.562,3.65642,0.53271,0.56009,0.43486,0.2025,0.22478,0.0747,4.53676,0.64768,0.5429,0.0035065,0.0035065,0.0035065
301,887.465,3.63,0.52306,0.57122,0.42521,0.20387,0.22496,0.0788,4.39116,0.63947,0.54319,0.0035015,0.0035015,0.0035015
302,890.05,3.65984,0.6292,0.56785,0.42534,0.20236,0.22277,0.07696,4.39189,0.641,0.54429,0.00349651,0.00349651,0.00349651
303,892.888,4.09073,0.5774,0.5804,0.43303,0.21348,0.23218,0.08004,4.40224,0.6428,0.54214,0.00349151,0.00349151,0.00349151
304,895.696,3.99856,0.5711,0.54414,0.45663,0.20497,0.23743,0.08222,4.35686,0.6535,0.54117,0.00348652,0.00348652,0.00348652
305,899.407,3.62497,0.53531,0.57715,0.43156,0.20387,0.22631,0.07737,4.41704,0.64981,0.54387,0.00348152,0.00348152,0.00348152
306,902.372,3.7952,0.53632,0.56399,0.41514,0.20167,0.21729,0.07329,4.53267,0.66177,0.54484,0.00347653,0.00347653,0.00347653
307,905.103,3.7096,0.5462,0.57343,0.4309,0.20552,0.22805,0.07932,4.3516,0.64135,0.54205,0.00347153,0.00347153,0.00347153
308,908.203,3.79654,0.54102,0.55643,0.44125,0.19714,0.22928,0.07909,4.37034,0.6596,0.54415,0.00346654,0.00346654,0.00346654
309,910.883,3.67874,0.53175,0.56569,0.43258,0.19854,0.22823,0.08027,4.39106,0.652,0.54603,0.00346154,0.00346154,0.00346154
310,913.742,4.04219,0.57813,0.56202,0.42907,0.2014,0.22841,0.08022,4.40876,0.64526,0.54611,0.00345655,0.00345655,0.00345655
311,916.492,3.54755,0.51356,0.56559,0.43506,0.19707,0.22182,0.07422,4.50372,0.66414,0.54794,0.00345155,0.00345155,0.00345155
312,919.192,3.68909,0.56406,0.5572,0.43929,0.19962,0.22642,0.07506,4.49789,0.66522,0.54752,0.00344656,0.00344656,0.00344656
313,922.226,3.85438,0.54386,0.58193,0.43755,0.20785,0.23103,0.08035,4.41862,0.64517,0.54722,0.00344156,0.00344156,0.00344156
314,924.986,3.66176,0.53203,0.5715,0.44332,0.2036,0.23121,0.08064,4.36835,0.64795,0.54771,0.00343657,0.00343657,0.00343657
315,927.674,3.72715,0.553,0.56919,0.42863,0.19632,0.22055,0.0745,4.50154,0.65723,0.5481,0.00343157,0.00343157,0.00343157
316,930.519,3.651,0.53327,0.5727,0.42509,0.19728,0.21748,0.07205,4.5321,0.64993,0.54684,0.00342658,0.00342658,0.00342658
317,933.492,3.7584,0.56582,0.56683,0.43641,0.20346,0.22592,0.07982,4.37336,0.63831,0.54434,0.00342158,0.00342158,0.00342158
318,936.397,4.03602,0.58313,0.54802,0.4227,0.20387,0.22248,0.07761,4.4518,0.64251,0.54537,0.00341659,0.00341659,0.00341659
319,939.114,3.50728,0.5182,0.56716,0.43097,0.20456,0.22638,0.07714,4.46289,0.64583,0.54506,0.00341159,0.00341159,0.00341159
320,942.153,3.85807,0.55223,0.55598,0.42982,0.20524,0.22971,0.0793,4.44324,0.64635,0.5445,0.0034066,0.0034066,0.0034066
321,944.755,3.3327,0.49862,0.57948,0.43498,0.20305,0.22991,0.08086,4.41493,0.64955,0.54517,0.0034016,0.0034016,0.0034016
322,947.801,3.51655,0.51246,0.57745,0.45065,0.20396,0.23823,0.08303,4.36003,0.65541,0.54208,0.00339661,0.00339661,0.00339661
323,950.435,3.66633,0.56607,0.56947,0.43034,0.19467,0.22007,0.07338,4.56867,0.66844,0.54337,0.00339161,0.00339161,0.00339161
324,953.424,3.51809,0.51551,0.56022,0.42036,0.20154,0.22017,0.07206,4.60116,0.66053,0.54444,0.00338661,0.00338661,0.00338661
325,956.173,3.59093,0.55235,0.56584,0.424,0.2095,0.22703,0.07906,4.42554,0.65016,0.54235,0.00338162,0.00338162,0.00338162
326,959.443,3.64133,0.52362,0.563,0.41377,0.21032,0.22469,0.07822,4.38322,0.65468,0.54298,0.00337663,0.00337663,0.00337663
327,962.08,4.04039,0.58202,0.55398,0.42367,0.21101,0.22431,0.07417,4.51509,0.66215,0.54304,0.00337163,0.00337163,0.00337163
328,965.197,3.9218,0.56985,0.56154,0.41715,0.20662,0.22255,0.07508,4.50306,0.6563,0.54309,0.00336664,0.00336664,0.00336664
329,968.068,3.85349,0.55719,0.55702,0.41719,0.20952,0.22615,0.07929,4.41406,0.65278,0.54352,0.00336164,0.00336164,0.00336164
330,971.082,3.82949,0.56636,0.56156,0.41051,0.21101,0.22816,0.08029,4.36087,0.6488,0.53995,0.00335665,0.00335665,0.00335665
331,973.799,3.58303,0.52321,0.574,0.42376,0.21222,0.22862,0.07811,4.4852,0.6516,0.54092,0.00335165,0.00335165,0.00335165
332,976.787,3.30114,0.50547,0.57599,0.43564,0.20868,0.2301,0.07972,4.43513,0.6453,0.54052,0.00334666,0.00334666,0.00334666
333,979.663,3.75019,0.55077,0.56118,0.42278,0.20511,0.22523,0.07697,4.42019,0.65377,0.54323,0.00334166,0.00334166,0.00334166
334,982.541,3.77206,0.5669,0.55217,0.4221,0.20717,0.22521,0.07817,4.39422,0.64633,0.54173,0.00333667,0.00333667,0.00333667
335,985.371,3.66523,0.51587,0.55771,0.43601,0.21238,0.22944,0.07835,4.45398,0.64997,0.54069,0.00333167,0.00333167,0.00333167
336,988.426,3.36213,0.48992,0.56892,0.42504,0.21485,0.23032,0.07895,4.43601,0.66852,0.54072,0.00332668,0.00332668,0.00332668
337,991.398,3.54586,0.53892,0.56555,0.4213,0.20977,0.22578,0.07859,4.39634,0.65973,0.54306,0.00332168,0.00332168,0.00332168
338,994.271,3.89002,0.53441,0.56679,0.43027,0.21101,0.23025,0.08007,4.37695,0.65342,0.54536,0.00331669,0.00331669,0.00331669
339,997.579,3.90244,0.57299,0.55752,0.42914,0.20641,0.22387,0.07515,4.51525,0.6619,0.54494,0.00331169,0.00331169,0.00331169
340,1000.82,3.49212,0.531,0.5686,0.42602,0.20868,0.2271,0.07714,4.4601,0.65371,0.54466,0.0033067,0.0033067,0.0033067
341,1003.59,3.47582,0.51449,0.55849,0.42572,0.21056,0.2291,0.08026,4.3829,0.65171,0.54359,0.0033017,0.0033017,0.0033017
342,1006.28,3.41126,0.54461,0.57042,0.42243,0.21032,0.22986,0.07984,4.39057,0.65153,0.5437,0.00329671,0.00329671,0.00329671
343,1009.16,3.59409,0.53251,0.57881,0.43514,0.20895,0.23328,0.08066,4.3821,0.65127,0.54223,0.00329171,0.00329171,0.00329171
344,1012.07,3.22852,0.49737,0.56744,0.44348,0.2084,0.23303,0.08165,4.35923,0.64614,0.54414,0.00328671,0.00328671,0.00328671
345,1014.71,3.89324,0.56364,0.55453,0.43135,0.20745,0.2286,0.07794,4.46317,0.6521,0.5445,0.00328172,0.00328172,0.00328172
346,1017.63,3.5907,0.53049,0.5632,0.41983,0.20634,0.22581,0.07733,4.49335,0.65185,0.54577,0.00327673,0.00327673,0.00327673
347,1020.62,3.54897,0.53259,0.56306,0.41555,0.21019,0.23152,0.08046,4.3801,0.6499,0.5468,0.00327173,0.00327173,0.00327173
348,1023.47,4.03058,0.59288,0.56214,0.41847,0.21087,0.22885,0.08086,4.39675,0.65625,0.54804,0.00326674,0.00326674,0.00326674
349,1026.31,3.76505,0.53295,0.57256,0.42491,0.21252,0.22639,0.07794,4.48423,0.65443,0.54783,0.00326174,0.00326174,0.00326174
350,1029.68,3.90146,0.55818,0.55679,0.43502,0.21431,0.23131,0.07942,4.42072,0.64708,0.54747,0.00325675,0.00325675,0.00325675
351,1032.55,3.72998,0.54091,0.5587,0.42423,0.20744,0.22568,0.08013,4.37587,0.64955,0.54565,0.00325175,0.00325175,0.00325175
352,1035.63,3.45861,0.49857,0.57723,0.42442,0.20758,0.22496,0.07888,4.41438,0.65283,0.54608,0.00324676,0.00324676,0.00324676
353,1038.7,3.48021,0.52411,0.56342,0.43314,0.20909,0.2314,0.08051,4.39289,0.64438,0.54384,0.00324176,0.00324176,0.00324176
354,1041.55,3.27778,0.49648,0.58036,0.42986,0.21691,0.23232,0.07997,4.38315,0.64846,0.54188,0.00323677,0.00323677,0.00323677
355,1044.38,3.95974,0.56635,0.54696,0.41598,0.20662,0.22334,0.07816,4.42041,0.656,0.54443,0.00323177,0.00323177,0.00323177
356,1047.56,3.46833,0.51371,0.57017,0.4249,0.2106,0.2299,0.08164,4.34134,0.64694,0.5433,0.00322678,0.00322678,0.00322678
357,1050.39,3.29985,0.50261,0.56915,0.422,0.21389,0.23337,0.08187,4.32291,0.6448,0.5434,0.00322178,0.00322178,0.00322178
358,1053.39,3.74977,0.53966,0.57244,0.43227,0.19742,0.22781,0.07952,4.3525,0.66995,0.54118,0.00321679,0.00321679,0.00321679
359,1056.3,3.29001,0.50717,0.55994,0.42808,0.20675,0.22956,0.08025,4.35412,0.64962,0.5411,0.00321179,0.00321179,0.00321179
360,1059.81,3.57186,0.51069,0.56381,0.43031,0.20594,0.22956,0.08117,4.33177,0.64173,0.53806,0.0032068,0.0032068,0.0032068
361,1062.68,3.4272,0.51218,0.55477,0.42771,0.20799,0.22726,0.07645,4.43439,0.65074,0.54044,0.0032018,0.0032018,0.0032018
362,1065.77,3.59714,0.51929,0.55733,0.42733,0.20538,0.2293,0.07807,4.41086,0.64705,0.54144,0.00319681,0.00319681,0.00319681
363,1068.99,3.36655,0.52157,0.57473,0.43614,0.2117,0.23634,0.08186,4.35089,0.63814,0.54369,0.00319181,0.00319181,0.00319181
364,1071.82,3.50056,0.52477,0.55298,0.43766,0.20868,0.23718,0.08345,4.30661,0.63729,0.54479,0.00318681,0.00318681,0.00318681
365,1074.75,3.48203,0.50897,0.56122,0.43035,0.20991,0.23684,0.08208,4.30316,0.63756,0.54477,0.00318182,0.00318182,0.00318182
366,1077.86,3.33474,0.50514,0.55596,0.43336,0.21129,0.23619,0.08293,4.28053,0.63747,0.54299,0.00317682,0.00317682,0.00317682
367,1080.96,3.5587,0.52027,0.56112,0.43542,0.20826,0.23466,0.08202,4.37018,0.64044,0.54403,0.00317183,0.00317183,0.00317183
368,1084.02,3.59441,0.53426,0.56867,0.44098,0.20717,0.23605,0.08194,4.35417,0.63965,0.5461,0.00316684,0.00316684,0.00316684
369,1087.11,3.49076,0.51224,0.5679,0.43224,0.20964,0.23313,0.081,4.33912,0.64225,0.54602,0.00316184,0.00316184,0.00316184
370,1089.98,3.49747,0.51048,0.56411,0.41367,0.21019,0.22794,0.07945,4.38602,0.65066,0.54825,0.00315684,0.00315684,0.00315684
371,1092.94,3.69428,0.53524,0.57082,0.42963,0.20758,0.22963,0.08013,4.38789,0.64742,0.54595,0.00315185,0.00315185,0.00315185
372,1096.22,3.82194,0.54444,0.55973,0.44016,0.21307,0.2375,0.08338,4.32587,0.63848,0.54346,0.00314686,0.00314686,0.00314686
373,1098.86,3.19629,0.48977,0.5713,0.4285,0.20772,0.23195,0.08217,4.31108,0.63503,0.54132,0.00314186,0.00314186,0.00314186
374,1101.85,3.62242,0.53284,0.57487,0.42708,0.21348,0.23465,0.08224,4.35147,0.63435,0.54657,0.00313686,0.00313686,0.00313686
375,1104.81,3.81907,0.55481,0.56859,0.42016,0.20936,0.2313,0.08164,4.31643,0.63589,0.54687,0.00313187,0.00313187,0.00313187
376,1108,3.47696,0.50621,0.5637,0.42466,0.21211,0.23486,0.08312,4.29768,0.63338,0.5458,0.00312688,0.00312688,0.00312688
377,1110.63,3.60793,0.53364,0.56216,0.43483,0.21527,0.23715,0.08214,4.37518,0.63822,0.54469,0.00312188,0.00312188,0.00312188
378,1113.38,3.37376,0.52278,0.57385,0.43684,0.21074,0.23722,0.08272,4.39124,0.63943,0.54586,0.00311688,0.00311688,0.00311688
379,1116.54,3.53861,0.50083,0.56503,0.4368,0.21032,0.23623,0.08199,4.33734,0.63779,0.54246,0.00311189,0.00311189,0.00311189
380,1119.93,3.78412,0.54111,0.5559,0.44224,0.20634,0.23462,0.0809,4.37105,0.64147,0.54048,0.0031069,0.0031069,0.0031069
381,1122.68,3.28153,0.51506,0.56857,0.43797,0.2073,0.23578,0.08371,4.32398,0.63349,0.53937,0.0031019,0.0031019,0.0031019
382,1125.52,3.46626,0.50801,0.56642,0.43468,0.21005,0.2364,0.08326,4.33227,0.62938,0.53816,0.00309691,0.00309691,0.00309691
383,1128.45,3.6004,0.52886,0.56208,0.44328,0.21389,0.23685,0.08209,4.36958,0.62457,0.53544,0.00309191,0.00309191,0.00309191
384,1131.34,3.62066,0.52599,0.56158,0.43915,0.21293,0.23565,0.08211,4.3276,0.62603,0.53721,0.00308691,0.00308691,0.00308691
385,1133.71,3.71928,0.5314,0.5649,0.4261,0.20936,0.23049,0.0822,4.35158,0.62737,0.53891,0.00308192,0.00308192,0.00308192
386,1136.67,3.65818,0.53526,0.56698,0.43168,0.20936,0.23481,0.08379,4.3134,0.61799,0.53774,0.00307692,0.00307692,0.00307692
387,1139.87,3.78621,0.53939,0.56524,0.44367,0.21348,0.23906,0.08313,4.34907,0.62127,0.53844,0.00307193,0.00307193,0.00307193
388,1142.5,3.55183,0.52013,0.55504,0.44507,0.21019,0.23578,0.08166,4.37466,0.62488,0.53748,0.00306694,0.00306694,0.00306694
389,1145.53,3.55859,0.5204,0.56848,0.46032,0.2128,0.244,0.08597,4.27891,0.62314,0.53638,0.00306194,0.00306194,0.00306194
390,1148.24,3.4943,0.50166,0.57483,0.44922,0.20704,0.23247,0.07854,4.37769,0.63231,0.53284,0.00305694,0.00305694,0.00305694
391,1150.91,3.49744,0.51399,0.55848,0.4492,0.20854,0.23902,0.0839,4.32943,0.62373,0.53593,0.00305195,0.00305195,0.00305195
392,1154.06,3.75264,0.52349,0.56913,0.44718,0.20813,0.23605,0.08316,4.32315,0.62429,0.53345,0.00304696,0.00304696,0.00304696
393,1157.03,3.60466,0.54215,0.5622,0.43606,0.20703,0.2318,0.07992,4.36361,0.62796,0.53442,0.00304196,0.00304196,0.00304196
394,1159.85,3.54952,0.50703,0.55565,0.44221,0.20923,0.23843,0.08301,4.29799,0.62682,0.53563,0.00303696,0.00303696,0.00303696
395,1162.49,3.81469,0.54382,0.55793,0.43544,0.20895,0.23488,0.08335,4.31027,0.62588,0.53695,0.00303197,0.00303197,0.00303197
396,1165.53,3.69779,0.53031,0.55715,0.44591,0.20744,0.23945,0.08556,4.24958,0.62536,0.53869,0.00302698,0.00302698,0.00302698
397,1168.39,3.80414,0.53701,0.57103,0.45814,0.21046,0.24185,0.08518,4.27033,0.63262,0.53894,0.00302198,0.00302198,0.00302198
398,1171.34,3.70635,0.54017,0.56393,0.45484,0.2117,0.24596,0.08681,4.26956,0.63062,0.53946,0.00301698,0.00301698,0.00301698
399,1174.27,3.0927,0.47353,0.57527,0.44529,0.20497,0.23786,0.08436,4.27083,0.63116,0.53879,0.00301199,0.00301199,0.00301199
400,1177.64,3.6747,0.53221,0.55392,0.43347,0.20703,0.23619,0.08246,4.31011,0.63691,0.54054,0.003007,0.003007,0.003007
401,1180.34,3.9626,0.56228,0.55464,0.43347,0.20826,0.23775,0.08533,4.32396,0.63253,0.54076,0.003002,0.003002,0.003002
402,1183.05,3.50185,0.51931,0.56505,0.44072,0.21389,0.2417,0.08605,4.32499,0.63285,0.54218,0.00299701,0.00299701,0.00299701
403,1185.6,3.60628,0.52611,0.56282,0.43248,0.20662,0.23629,0.08344,4.28822,0.63663,0.54292,0.00299201,0.00299201,0.00299201
404,1188.57,3.41342,0.51334,0.56387,0.43627,0.2073,0.23492,0.08302,4.33125,0.63866,0.54275,0.00298701,0.00298701,0.00298701
405,1191.62,3.71429,0.55356,0.54586,0.4377,0.21063,0.23861,0.08448,4.36502,0.63099,0.54166,0.00298202,0.00298202,0.00298202
406,1194.88,3.61669,0.52377,0.5615,0.44453,0.21609,0.24156,0.08446,4.3571,0.63421,0.54081,0.00297702,0.00297702,0.00297702
407,1197.79,3.42059,0.49824,0.5686,0.42769,0.2095,0.23394,0.08177,4.33566,0.6391,0.54019,0.00297203,0.00297203,0.00297203
408,1200.44,3.71187,0.53221,0.55924,0.42716,0.21005,0.23282,0.08158,4.35646,0.64029,0.53906,0.00296704,0.00296704,0.00296704
409,1203.51,3.31605,0.49412,0.56321,0.44238,0.21774,0.24244,0.08458,4.2868,0.63132,0.53904,0.00296204,0.00296204,0.00296204
410,1206.55,3.62031,0.52949,0.55718,0.44206,0.21691,0.24143,0.08442,4.26344,0.62645,0.5373,0.00295704,0.00295704,0.00295704
411,1209.52,3.28382,0.51067,0.56162,0.42621,0.21087,0.23321,0.08252,4.30301,0.6312,0.53844,0.00295205,0.00295205,0.00295205
412,1212.92,3.55145,0.52419,0.56726,0.43346,0.21156,0.23473,0.08316,4.28279,0.62922,0.53728,0.00294706,0.00294706,0.00294706
413,1216.14,3.33307,0.49792,0.56342,0.44139,0.21211,0.23957,0.08514,4.24645,0.63086,0.54167,0.00294206,0.00294206,0.00294206
414,1219.29,3.57072,0.51399,0.55564,0.44383,0.21431,0.23982,0.08436,4.25932,0.6312,0.54093,0.00293706,0.00293706,0.00293706
415,1222.13,3.48997,0.51828,0.56487,0.42829,0.21389,0.23549,0.08211,4.30829,0.63889,0.54229,0.00293207,0.00293207,0.00293207
416,1224.99,3.57895,0.5381,0.55903,0.43226,0.21238,0.23684,0.08408,4.29811,0.63773,0.54139,0.00292708,0.00292708,0.00292708
417,1227.99,3.24828,0.48977,0.56789,0.43674,0.2165,0.24014,0.08551,4.258,0.63199,0.53936,0.00292208,0.00292208,0.00292208
418,1230.9,3.52614,0.50394,0.56777,0.44932,0.21458,0.24394,0.08574,4.26697,0.63556,0.5426,0.00291708,0.00291708,0.00291708
419,1233.96,3.24133,0.49456,0.5604,0.43718,0.21348,0.24018,0.08545,4.25008,0.63268,0.54591,0.00291209,0.00291209,0.00291209
420,1236.94,3.3957,0.49036,0.56853,0.44622,0.21485,0.24295,0.08606,4.27399,0.63327,0.54214,0.00290709,0.00290709,0.00290709
421,1239.97,3.56681,0.52619,0.55908,0.45216,0.20854,0.23966,0.08351,4.31704,0.64018,0.54044,0.0029021,0.0029021,0.0029021
422,1242.98,3.84221,0.56037,0.56291,0.43967,0.21527,0.2393,0.08334,4.32377,0.63836,0.5388,0.00289711,0.00289711,0.00289711
423,1245.65,3.25567,0.51893,0.57015,0.43551,0.21595,0.23836,0.08389,4.30982,0.64229,0.53921,0.00289211,0.00289211,0.00289211
424,1248.56,4.02305,0.58595,0.56044,0.42859,0.21472,0.23622,0.08252,4.32982,0.64462,0.5385,0.00288711,0.00288711,0.00288711
425,1251.46,3.55052,0.53627,0.55733,0.4355,0.21925,0.2402,0.08502,4.2762,0.63712,0.53701,0.00288212,0.00288212,0.00288212
426,1254.5,3.42528,0.50007,0.5579,0.44616,0.21156,0.24104,0.08541,4.29648,0.634,0.53454,0.00287712,0.00287712,0.00287712
427,1257.28,3.59955,0.52387,0.56121,0.43574,0.21417,0.23788,0.08348,4.32558,0.63936,0.53599,0.00287213,0.00287213,0.00287213
428,1260.21,3.56435,0.52372,0.55383,0.43846,0.21183,0.23934,0.0854,4.28338,0.63522,0.53684,0.00286713,0.00286713,0.00286713
429,1262.85,3.75274,0.53861,0.56425,0.44009,0.21668,0.24053,0.08438,4.27849,0.62963,0.53466,0.00286214,0.00286214,0.00286214
430,1265.85,3.19842,0.47892,0.55907,0.43141,0.21774,0.23848,0.08433,4.28367,0.6345,0.53667,0.00285714,0.00285714,0.00285714
431,1268.65,3.62021,0.52679,0.56537,0.43191,0.21742,0.23858,0.08417,4.28552,0.63402,0.53811,0.00285215,0.00285215,0.00285215
432,1271.25,3.30348,0.47834,0.57333,0.43506,0.21431,0.23517,0.0819,4.34728,0.62965,0.53489,0.00284715,0.00284715,0.00284715
433,1274.01,3.65715,0.51825,0.5471,0.43892,0.2209,0.24349,0.08614,4.25075,0.62958,0.5357,0.00284216,0.00284216,0.00284216
434,1276.93,3.77543,0.5801,0.55129,0.43122,0.22076,0.24166,0.08386,4.28246,0.64706,0.54258,0.00283716,0.00283716,0.00283716
435,1279.58,3.63245,0.54145,0.56104,0.43316,0.22199,0.24406,0.08721,4.23819,0.63681,0.54186,0.00283217,0.00283217,0.00283217
436,1282.72,3.70034,0.56092,0.55704,0.43466,0.21417,0.23891,0.08605,4.27019,0.6369,0.54128,0.00282717,0.00282717,0.00282717
437,1285.27,3.70927,0.54875,0.5609,0.43536,0.21513,0.23978,0.08543,4.26385,0.63712,0.54133,0.00282218,0.00282218,0.00282218
438,1288.05,3.24582,0.48422,0.56546,0.44062,0.21513,0.24198,0.0859,4.24345,0.63697,0.5411,0.00281718,0.00281718,0.00281718
439,1290.9,3.46393,0.52508,0.5894,0.44586,0.2165,0.24418,0.08802,4.25825,0.63435,0.54384,0.00281219,0.00281219,0.00281219
440,1294.12,3.55352,0.51222,0.57098,0.44424,0.21266,0.2419,0.08717,4.22917,0.6331,0.54271,0.00280719,0.00280719,0.00280719
441,1297.33,3.60774,0.50949,0.56346,0.44659,0.21527,0.24492,0.08735,4.24659,0.63293,0.54141,0.0028022,0.0028022,0.0028022
442,1300.17,3.69918,0.53672,0.56116,0.44164,0.21458,0.24256,0.08595,4.27663,0.63493,0.54035,0.00279721,0.00279721,0.00279721
443,1302.86,3.32399,0.50895,0.5645,0.42891,0.2128,0.2388,0.08622,4.29953,0.63646,0.5418,0.00279221,0.00279221,0.00279221
444,1305.84,3.47471,0.52193,0.56346,0.43892,0.21651,0.24311,0.08723,4.24549,0.62844,0.54191,0.00278721,0.00278721,0.00278721
445,1308.78,3.46835,0.51072,0.56617,0.44361,0.21458,0.24433,0.08563,4.25115,0.6307,0.54346,0.00278222,0.00278222,0.00278222
446,1311.7,3.61993,0.53322,0.55266,0.45071,0.21568,0.24723,0.08742,4.2327,0.62811,0.54416,0.00277722,0.00277722,0.00277722
447,1314.58,3.36926,0.49119,0.57771,0.44595,0.21293,0.24521,0.08886,4.24621,0.62753,0.54329,0.00277223,0.00277223,0.00277223
448,1317.62,3.34376,0.50833,0.55504,0.43101,0.2128,0.24178,0.08669,4.28653,0.63274,0.54085,0.00276723,0.00276723,0.00276723
449,1320.37,3.41811,0.50315,0.56099,0.44317,0.21667,0.24615,0.08779,4.22341,0.62552,0.53835,0.00276224,0.00276224,0.00276224
450,1323.28,3.53165,0.51792,0.56665,0.45175,0.2154,0.24612,0.08808,4.26027,0.62996,0.53899,0.00275724,0.00275724,0.00275724
451,1325.93,3.18063,0.47997,0.56614,0.43788,0.21266,0.24157,0.08577,4.31267,0.63522,0.53842,0.00275225,0.00275225,0.00275225
452,1329.2,3.59037,0.50897,0.55492,0.45601,0.21472,0.24924,0.08739,4.25731,0.63273,0.53767,0.00274725,0.00274725,0.00274725
453,1332.05,3.31184,0.49921,0.56024,0.44891,0.21485,0.24307,0.08532,4.32848,0.63408,0.53848,0.00274226,0.00274226,0.00274226
454,1335.21,3.38194,0.49411,0.56051,0.44975,0.2187,0.24524,0.08772,4.29315,0.62941,0.53904,0.00273727,0.00273727,0.00273727
455,1338.26,3.41935,0.51923,0.55797,0.44076,0.22035,0.24449,0.08596,4.25205,0.63151,0.53913,0.00273227,0.00273227,0.00273227
456,1341.39,3.22863,0.48859,0.56158,0.44391,0.21527,0.24024,0.08417,4.29383,0.6325,0.54042,0.00272727,0.00272727,0.00272727
457,1343.95,3.20216,0.49182,0.5619,0.44293,0.21829,0.24173,0.08571,4.2806,0.62659,0.54132,0.00272228,0.00272228,0.00272228
458,1346.87,3.64665,0.54067,0.55194,0.43966,0.22048,0.24261,0.08645,4.26049,0.63026,0.54237,0.00271728,0.00271728,0.00271728
459,1350.12,3.42139,0.50833,0.55876,0.43618,0.21623,0.23934,0.08413,4.27447,0.63624,0.54448,0.00271229,0.00271229,0.00271229
460,1353.19,3.57161,0.54187,0.54263,0.43489,0.2154,0.23917,0.08489,4.29861,0.63759,0.5453,0.00270729,0.00270729,0.00270729
461,1355.83,3.68735,0.53188,0.55027,0.44565,0.21664,0.24166,0.08508,4.31582,0.63693,0.54362,0.0027023,0.0027023,0.0027023
462,1359.1,3.45276,0.49876,0.56157,0.44574,0.21664,0.24405,0.08588,4.2811,0.63504,0.54177,0.00269731,0.00269731,0.00269731
463,1362.09,3.69767,0.52311,0.55543,0.4443,0.2165,0.24358,0.0866,4.27798,0.63426,0.54003,0.00269231,0.00269231,0.00269231
464,1364.99,3.43775,0.51785,0.54855,0.44709,0.21458,0.24345,0.08697,4.27726,0.63264,0.53723,0.00268731,0.00268731,0.00268731
465,1367.82,3.46907,0.51722,0.56288,0.44888,0.21293,0.24532,0.08743,4.26293,0.63185,0.53692,0.00268232,0.00268232,0.00268232
466,1371.19,3.6599,0.57348,0.55016,0.44507,0.21431,0.24355,0.0863,4.24866,0.63147,0.53791,0.00267732,0.00267732,0.00267732
467,1374.09,3.50708,0.51728,0.56081,0.43979,0.21307,0.24316,0.08845,4.19032,0.62739,0.53966,0.00267233,0.00267233,0.00267233
468,1377.2,3.34977,0.49503,0.56063,0.43761,0.21431,0.24013,0.0871,4.20166,0.62692,0.53932,0.00266733,0.00266733,0.00266733
469,1379.66,3.41259,0.5168,0.56314,0.43692,0.21636,0.24385,0.08831,4.21686,0.62615,0.53976,0.00266234,0.00266234,0.00266234
470,1382.45,3.52562,0.52463,0.55834,0.44531,0.21609,0.24604,0.08688,4.29341,0.63159,0.54055,0.00265735,0.00265735,0.00265735
471,1385.31,3.44104,0.52938,0.55768,0.44866,0.21966,0.25142,0.08968,4.23638,0.62937,0.53977,0.00265235,0.00265235,0.00265235
472,1388.52,3.51822,0.5215,0.55934,0.44614,0.21623,0.24524,0.08804,4.27091,0.6308,0.5345,0.00264736,0.00264736,0.00264736
473,1391.66,3.62989,0.53527,0.55071,0.45198,0.21411,0.24813,0.08798,4.28651,0.63335,0.53499,0.00264236,0.00264236,0.00264236
474,1394.33,3.6928,0.53805,0.55179,0.44295,0.21146,0.24196,0.08541,4.29073,0.63497,0.53454,0.00263737,0.00263737,0.00263737
475,1397.32,3.49308,0.51779,0.55378,0.43611,0.21829,0.2447,0.08772,4.26068,0.63682,0.53434,0.00263237,0.00263237,0.00263237
476,1400.45,3.47908,0.51542,0.56963,0.43179,0.21678,0.24176,0.08628,4.25937,0.63524,0.53539,0.00262738,0.00262738,0.00262738
477,1403.78,3.55009,0.51193,0.55208,0.44616,0.21499,0.24284,0.08509,4.28039,0.63222,0.53338,0.00262238,0.00262238,0.00262238
478,1406.88,3.19632,0.48124,0.56408,0.43906,0.21664,0.23993,0.08454,4.29994,0.63144,0.53444,0.00261738,0.00261738,0.00261738
479,1409.84,3.46834,0.50017,0.56595,0.43421,0.21911,0.24218,0.08533,4.28567,0.63369,0.53553,0.00261239,0.00261239,0.00261239
480,1412.94,3.47768,0.50334,0.55533,0.44107,0.21705,0.24171,0.08483,4.29021,0.63292,0.53799,0.0026074,0.0026074,0.0026074
481,1415.54,3.38889,0.50713,0.55264,0.44918,0.21774,0.24647,0.08713,4.2174,0.62836,0.53878,0.0026024,0.0026024,0.0026024
482,1418.57,3.44948,0.51651,0.56342,0.44868,0.21156,0.24172,0.08766,4.2088,0.62769,0.5408,0.00259741,0.00259741,0.00259741
483,1421.38,3.22281,0.49874,0.57548,0.43531,0.21856,0.24153,0.08646,4.22238,0.62949,0.53904,0.00259241,0.00259241,0.00259241
484,1424.45,3.37275,0.49242,0.56511,0.43796,0.21582,0.24065,0.08559,4.26297,0.63486,0.53588,0.00258742,0.00258742,0.00258742
485,1427.07,3.47756,0.52048,0.57362,0.43907,0.21513,0.24234,0.08645,4.21147,0.63197,0.53617,0.00258242,0.00258242,0.00258242
486,1430.03,3.31145,0.49903,0.5551,0.44606,0.21636,0.24473,0.08692,4.22265,0.63043,0.53929,0.00257742,0.00257742,0.00257742
487,1432.68,3.31807,0.49773,0.55899,0.43678,0.21485,0.24237,0.08685,4.25091,0.63361,0.5404,0.00257243,0.00257243,0.00257243
488,1435.56,3.36556,0.51156,0.56208,0.44695,0.21389,0.2423,0.08713,4.27153,0.63224,0.53998,0.00256744,0.00256744,0.00256744
489,1438.49,3.60563,0.53655,0.55042,0.45615,0.2143,0.24728,0.08877,4.2139,0.63065,0.53844,0.00256244,0.00256244,0.00256244
490,1441.39,3.2037,0.49253,0.57101,0.44767,0.22076,0.248,0.08796,4.25153,0.63258,0.53996,0.00255744,0.00255744,0.00255744
491,1444.65,3.57741,0.53643,0.56062,0.44334,0.2154,0.24336,0.08678,4.2833,0.63752,0.54048,0.00255245,0.00255245,0.00255245
492,1447.76,3.49546,0.49311,0.55249,0.45203,0.21732,0.24756,0.08861,4.23772,0.63083,0.53937,0.00254746,0.00254746,0.00254746
493,1450.88,3.58676,0.5299,0.55478,0.44187,0.21815,0.24334,0.08671,4.25228,0.63666,0.54012,0.00254246,0.00254246,0.00254246
494,1453.94,3.82249,0.55491,0.54896,0.4514,0.2165,0.24657,0.08873,4.22498,0.63076,0.53872,0.00253747,0.00253747,0.00253747
495,1456.62,3.83218,0.58879,0.54253,0.44624,0.21746,0.24604,0.08803,4.26293,0.63511,0.54273,0.00253247,0.00253247,0.00253247
496,1459.68,3.64698,0.52117,0.54867,0.44004,0.21472,0.24176,0.08751,4.23269,0.63268,0.54458,0.00252748,0.00252748,0.00252748
497,1462.62,3.55282,0.55399,0.56092,0.44363,0.21527,0.24276,0.08802,4.24248,0.63016,0.54474,0.00252248,0.00252248,0.00252248
498,1465.77,3.2918,0.49717,0.56122,0.44216,0.21582,0.24459,0.08822,4.2392,0.62768,0.54424,0.00251748,0.00251748,0.00251748
499,1468.65,3.42938,0.52149,0.56145,0.44821,0.21334,0.24481,0.08818,4.21286,0.62893,0.54475,0.00251249,0.00251249,0.00251249
500,1472.1,3.4051,0.5133,0.55768,0.45018,0.21348,0.24303,0.08558,4.311,0.64119,0.54342,0.0025075,0.0025075,0.0025075
501,1475.15,3.739,0.55177,0.54839,0.44904,0.21389,0.24656,0.08904,4.25065,0.63258,0.5414,0.0025025,0.0025025,0.0025025
502,1478.19,3.10835,0.47768,0.56788,0.4466,0.21527,0.24456,0.08812,4.26955,0.63833,0.54317,0.00249751,0.00249751,0.00249751
503,1480.74,3.82054,0.54124,0.55325,0.45755,0.21956,0.25119,0.0883,4.23584,0.6337,0.54221,0.00249251,0.00249251,0.00249251
504,1483.74,3.5918,0.52901,0.55285,0.45787,0.21554,0.24956,0.08959,4.25249,0.63444,0.54256,0.00248752,0.00248752,0.00248752
505,1486.51,3.27367,0.46877,0.55082,0.44845,0.21334,0.24436,0.0875,4.26743,0.63825,0.54126,0.00248252,0.00248252,0.00248252
506,1489.5,3.02982,0.48219,0.55347,0.45051,0.2187,0.25043,0.08853,4.23411,0.63493,0.53809,0.00247752,0.00247752,0.00247752
507,1492.3,3.26804,0.48324,0.56373,0.45145,0.21815,0.24928,0.08909,4.25811,0.63074,0.53877,0.00247253,0.00247253,0.00247253
508,1495.46,3.52577,0.52446,0.54672,0.45258,0.22405,0.25238,0.08963,4.25858,0.63235,0.53641,0.00246753,0.00246753,0.00246753
509,1498.37,3.55787,0.52237,0.56315,0.45161,0.22323,0.2515,0.08821,4.21577,0.62909,0.53584,0.00246254,0.00246254,0.00246254
510,1501.31,3.53131,0.52516,0.56029,0.45637,0.21842,0.25026,0.08728,4.22678,0.62727,0.53702,0.00245754,0.00245754,0.00245754
511,1504.22,3.58803,0.5257,0.56542,0.45294,0.21678,0.24838,0.08927,4.17231,0.62271,0.53786,0.00245255,0.00245255,0.00245255
512,1507.43,3.56081,0.52127,0.55774,0.44334,0.2187,0.24702,0.08811,4.21378,0.62515,0.53839,0.00244756,0.00244756,0.00244756
513,1510.62,3.46488,0.51918,0.55345,0.45282,0.21768,0.24863,0.08824,4.23975,0.62524,0.53876,0.00244256,0.00244256,0.00244256
514,1513.47,3.41853,0.51083,0.55691,0.46952,0.2095,0.24999,0.08909,4.27329,0.6364,0.54023,0.00243757,0.00243757,0.00243757
515,1516.44,3.4823,0.49904,0.56225,0.45649,0.21527,0.25138,0.08988,4.22321,0.62734,0.54053,0.00243257,0.00243257,0.00243257
516,1519.73,3.75679,0.54178,0.55541,0.44569,0.21801,0.24724,0.0879,4.22463,0.63184,0.53845,0.00242757,0.00242757,0.00242757
517,1522.46,3.00333,0.4628,0.56941,0.45728,0.21735,0.2505,0.08975,4.22866,0.6281,0.53737,0.00242258,0.00242258,0.00242258
518,1525.45,3.43261,0.53226,0.5514,0.461,0.21472,0.25042,0.08908,4.22802,0.63058,0.53908,0.00241758,0.00241758,0.00241758
519,1528.59,3.5868,0.5439,0.53853,0.45942,0.21307,0.24834,0.08763,4.25564,0.63257,0.53922,0.00241259,0.00241259,0.00241259
520,1531.76,3.45753,0.5046,0.57348,0.45128,0.21568,0.24758,0.08835,4.27225,0.62944,0.53853,0.00240759,0.00240759,0.00240759
521,1534.74,3.28093,0.47328,0.55906,0.45112,0.2176,0.24994,0.08946,4.25962,0.62795,0.53905,0.0024026,0.0024026,0.0024026
522,1537.49,3.4666,0.50501,0.56355,0.45608,0.21897,0.2525,0.08971,4.23762,0.62373,0.53938,0.00239761,0.00239761,0.00239761
523,1540.12,3.4031,0.49823,0.55392,0.46881,0.21678,0.25477,0.08903,4.26304,0.62852,0.53791,0.00239261,0.00239261,0.00239261
524,1543.21,3.19738,0.48026,0.56011,0.46164,0.21625,0.25421,0.08975,4.26281,0.63103,0.53846,0.00238762,0.00238762,0.00238762
525,1546.09,3.34287,0.49378,0.55427,0.45083,0.2176,0.25149,0.08946,4.22596,0.62951,0.5384,0.00238262,0.00238262,0.00238262
526,1549.09,3.52982,0.51655,0.5454,0.45646,0.21678,0.25395,0.09112,4.23068,0.6287,0.53705,0.00237762,0.00237762,0.00237762
527,1552,3.48716,0.49719,0.56761,0.45991,0.21513,0.25072,0.08964,4.28216,0.62653,0.53651,0.00237263,0.00237263,0.00237263
528,1554.86,3.2215,0.47608,0.5514,0.46303,0.22062,0.25555,0.09063,4.25296,0.62293,0.5358,0.00236763,0.00236763,0.00236763
529,1557.94,3.25637,0.477,0.55767,0.45846,0.21993,0.25415,0.09114,4.23503,0.62324,0.53735,0.00236264,0.00236264,0.00236264
530,1560.77,3.14728,0.48485,0.56518,0.46733,0.21777,0.25535,0.09257,4.20439,0.62401,0.53836,0.00235764,0.00235764,0.00235764
531,1563.44,3.37347,0.50511,0.55137,0.46865,0.21101,0.25034,0.08956,4.2873,0.63375,0.53746,0.00235265,0.00235265,0.00235265
532,1566.53,3.54254,0.50861,0.55842,0.46446,0.21582,0.25159,0.09013,4.26605,0.62538,0.53609,0.00234766,0.00234766,0.00234766
533,1569.66,3.1575,0.48053,0.56059,0.46643,0.21542,0.25438,0.09045,4.24396,0.62797,0.53564,0.00234266,0.00234266,0.00234266
534,1572.65,3.35246,0.50203,0.55916,0.45894,0.21911,0.25394,0.09068,4.22907,0.62021,0.53576,0.00233767,0.00233767,0.00233767
535,1575.27,3.14583,0.47116,0.57818,0.44874,0.21884,0.25283,0.08926,4.26319,0.62413,0.53491,0.00233267,0.00233267,0.00233267
536,1578.22,3.31206,0.50225,0.54904,0.44238,0.22076,0.24933,0.08848,4.27188,0.62754,0.53838,0.00232767,0.00232767,0.00232767
537,1581.1,3.42668,0.49618,0.56178,0.45105,0.22213,0.25415,0.08986,4.26816,0.62246,0.53795,0.00232268,0.00232268,0.00232268
538,1584.04,3.51031,0.50754,0.553,0.4523,0.22188,0.25375,0.09,4.25527,0.62245,0.53668,0.00231768,0.00231768,0.00231768
539,1586.91,3.60275,0.50826,0.5459,0.46002,0.22007,0.25549,0.091,4.24853,0.62475,0.53751,0.00231269,0.00231269,0.00231269
540,1590.13,3.54631,0.54262,0.56047,0.46631,0.21513,0.25638,0.09061,4.24701,0.62677,0.53863,0.00230769,0.00230769,0.00230769
541,1593.19,3.24022,0.47754,0.55209,0.45213,0.21356,0.24957,0.08919,4.28667,0.62931,0.53915,0.0023027,0.0023027,0.0023027
542,1596.12,3.43165,0.50462,0.5654,0.44566,0.21842,0.2459,0.08676,4.31462,0.63317,0.53841,0.00229771,0.00229771,0.00229771
543,1598.62,3.40117,0.50584,0.54878,0.44675,0.22433,0.2523,0.08964,4.24127,0.62405,0.53585,0.00229271,0.00229271,0.00229271
544,1601.22,3.68362,0.53104,0.55733,0.45013,0.22131,0.25401,0.0901,4.22027,0.62538,0.53584,0.00228772,0.00228772,0.00228772
545,1604.06,3.58589,0.52613,0.53995,0.44175,0.22144,0.25179,0.09007,4.18724,0.62613,0.53566,0.00228272,0.00228272,0.00228272
546,1607.12,3.4536,0.52327,0.55776,0.45279,0.22268,0.25358,0.09008,4.2259,0.62476,0.53402,0.00227772,0.00227772,0.00227772
547,1610.04,3.25537,0.50531,0.55504,0.45568,0.22062,0.25219,0.08994,4.25316,0.62515,0.53293,0.00227273,0.00227273,0.00227273
548,1613.24,3.03706,0.47063,0.55134,0.45524,0.22446,0.25469,0.09088,4.20957,0.62055,0.5322,0.00226773,0.00226773,0.00226773
549,1616.1,3.81092,0.5824,0.54634,0.44433,0.22142,0.24826,0.08938,4.22745,0.62524,0.53374,0.00226274,0.00226274,0.00226274
550,1618.75,3.15525,0.48292,0.56166,0.4565,0.22337,0.25513,0.09134,4.19715,0.62394,0.53255,0.00225774,0.00225774,0.00225774
551,1621.54,3.4345,0.51134,0.55571,0.45651,0.22419,0.25457,0.09097,4.20108,0.62587,0.53236,0.00225275,0.00225275,0.00225275
552,1624.56,3.14383,0.47531,0.55489,0.44232,0.22282,0.24653,0.08783,4.28152,0.64122,0.53562,0.00224776,0.00224776,0.00224776
553,1627.75,3.09448,0.46769,0.55763,0.45061,0.22611,0.25113,0.09049,4.23166,0.63604,0.53485,0.00224276,0.00224276,0.00224276
554,1630.82,3.50262,0.49997,0.55012,0.45293,0.2271,0.25254,0.09144,4.23096,0.63351,0.53658,0.00223777,0.00223777,0.00223777
555,1633.66,3.34449,0.5069,0.55269,0.44855,0.21842,0.24854,0.08871,4.23667,0.63515,0.53778,0.00223277,0.00223277,0.00223277
556,1636.49,3.33654,0.50077,0.54791,0.45724,0.22144,0.25457,0.09077,4.21038,0.63039,0.53791,0.00222777,0.00222777,0.00222777
557,1639.43,3.53796,0.52119,0.54428,0.46506,0.22213,0.25796,0.09239,4.19975,0.6248,0.53653,0.00222278,0.00222278,0.00222278
558,1642.34,3.21351,0.49181,0.56186,0.45604,0.22144,0.25448,0.09232,4.18627,0.62238,0.53693,0.00221778,0.00221778,0.00221778
559,1645.59,3.11273,0.46838,0.55179,0.45431,0.22323,0.25315,0.09152,4.21481,0.62893,0.53794,0.00221279,0.00221279,0.00221279
560,1648.8,3.05493,0.47792,0.56645,0.4572,0.22156,0.25108,0.08915,4.26315,0.63574,0.53671,0.00220779,0.00220779,0.00220779
561,1651.48,3.36914,0.50585,0.55792,0.45229,0.22323,0.2506,0.08956,4.28914,0.6309,0.53706,0.0022028,0.0022028,0.0022028
562,1654.18,3.60782,0.53322,0.56383,0.44615,0.22117,0.25011,0.09032,4.26349,0.62862,0.53735,0.0021978,0.0021978,0.0021978
563,1657.2,3.40827,0.49755,0.56192,0.45571,0.22268,0.25263,0.09057,4.22603,0.62418,0.53587,0.00219281,0.00219281,0.00219281
564,1660.16,3.55875,0.54638,0.54352,0.45878,0.21787,0.25391,0.092,4.21876,0.62789,0.53777,0.00218782,0.00218782,0.00218782
565,1663.24,3.18619,0.47948,0.56681,0.45141,0.21645,0.251,0.09038,4.25429,0.62859,0.53808,0.00218282,0.00218282,0.00218282
566,1666.41,3.50552,0.50489,0.55387,0.44581,0.21679,0.24962,0.09073,4.25315,0.63023,0.53902,0.00217783,0.00217783,0.00217783
567,1669.22,3.23905,0.49111,0.55628,0.45538,0.22007,0.25447,0.0918,4.2095,0.62604,0.5362,0.00217283,0.00217283,0.00217283
568,1672.12,3.74284,0.55693,0.53685,0.46428,0.21476,0.25389,0.09086,4.25664,0.62837,0.53592,0.00216784,0.00216784,0.00216784
569,1674.8,3.49041,0.53323,0.53821,0.4593,0.21787,0.25388,0.09222,4.21156,0.62579,0.5369,0.00216284,0.00216284,0.00216284
570,1677.63,3.25915,0.48807,0.55563,0.45376,0.22021,0.25417,0.0932,4.22215,0.62766,0.535,0.00215785,0.00215785,0.00215785
571,1680.55,3.54331,0.51988,0.55264,0.47035,0.22172,0.25913,0.09302,4.22798,0.62544,0.5335,0.00215285,0.00215285,0.00215285
572,1683.57,3.29391,0.49291,0.55022,0.45901,0.22337,0.2559,0.09248,4.18818,0.62208,0.53313,0.00214786,0.00214786,0.00214786
573,1686.81,3.03776,0.48097,0.56161,0.45075,0.22365,0.25506,0.09249,4.19263,0.62575,0.53479,0.00214286,0.00214286,0.00214286
574,1689.86,3.20381,0.47591,0.55798,0.44593,0.22295,0.25215,0.09123,4.18226,0.62651,0.53509,0.00213787,0.00213787,0.00213787
575,1692.72,3.28971,0.51206,0.54902,0.45746,0.22007,0.25518,0.09149,4.19119,0.62482,0.53455,0.00213287,0.00213287,0.00213287
576,1695.9,3.33813,0.49346,0.55706,0.45329,0.22474,0.25507,0.09303,4.18679,0.62268,0.5333,0.00212788,0.00212788,0.00212788
577,1698.69,3.24379,0.47386,0.55277,0.45279,0.22433,0.25441,0.09211,4.19836,0.62603,0.53505,0.00212288,0.00212288,0.00212288
578,1701.42,3.26202,0.48995,0.55502,0.44666,0.22144,0.24903,0.09127,4.20459,0.62685,0.5363,0.00211789,0.00211789,0.00211789
579,1704.38,3.69386,0.55152,0.54385,0.46126,0.22488,0.25456,0.0928,4.21873,0.62393,0.53637,0.00211289,0.00211289,0.00211289
580,1707.61,3.3527,0.4905,0.54642,0.45636,0.22103,0.25282,0.0925,4.23786,0.62562,0.53598,0.0021079,0.0021079,0.0021079
581,1710.52,3.45944,0.52591,0.55069,0.45565,0.22186,0.25346,0.09104,4.23867,0.62386,0.53494,0.0021029,0.0021029,0.0021029
582,1713.24,3.32008,0.49469,0.56427,0.45963,0.22392,0.25573,0.0922,4.21161,0.6223,0.53369,0.00209791,0.00209791,0.00209791
583,1716.05,3.62592,0.5224,0.55826,0.46806,0.22446,0.25777,0.09274,4.19922,0.62307,0.53457,0.00209291,0.00209291,0.00209291
584,1719.3,3.27894,0.49354,0.55358,0.46462,0.22337,0.25591,0.09295,4.19346,0.61813,0.53472,0.00208792,0.00208792,0.00208792
585,1722.36,3.22227,0.48255,0.56653,0.46247,0.22268,0.25372,0.09073,4.22313,0.62007,0.53377,0.00208292,0.00208292,0.00208292
586,1725.44,3.60213,0.51194,0.55063,0.46124,0.22073,0.25278,0.08947,4.22931,0.61893,0.53334,0.00207793,0.00207793,0.00207793
587,1728.12,3.36643,0.51106,0.53997,0.46656,0.22213,0.25693,0.09283,4.20397,0.61772,0.53402,0.00207293,0.00207293,0.00207293
588,1730.94,3.5363,0.51735,0.56122,0.46772,0.22158,0.25601,0.09192,4.1969,0.61994,0.53456,0.00206794,0.00206794,0.00206794
589,1733.86,3.16702,0.47158,0.56272,0.45914,0.21623,0.25213,0.09097,4.21468,0.6232,0.53457,0.00206294,0.00206294,0.00206294
590,1737.08,3.4091,0.51852,0.53571,0.45582,0.21596,0.2489,0.08833,4.24845,0.62498,0.5376,0.00205795,0.00205795,0.00205795
591,1740.11,3.29969,0.4858,0.55079,0.45832,0.22035,0.25305,0.09031,4.2191,0.6232,0.53829,0.00205295,0.00205295,0.00205295
592,1742.89,3.28826,0.50417,0.55173,0.46182,0.22501,0.25626,0.09188,4.22852,0.62851,0.53812,0.00204796,0.00204796,0.00204796
593,1746.05,3.77983,0.53503,0.53311,0.46616,0.22501,0.25708,0.09234,4.19829,0.62509,0.53696,0.00204296,0.00204296,0.00204296
594,1749.42,3.03758,0.46923,0.56102,0.46339,0.22543,0.25822,0.09323,4.17653,0.62427,0.53822,0.00203797,0.00203797,0.00203797
595,1752.42,3.5033,0.50942,0.54856,0.45911,0.22117,0.25273,0.09077,4.24496,0.63218,0.53968,0.00203297,0.00203297,0.00203297
596,1755.75,3.46055,0.51131,0.56232,0.46102,0.22213,0.25567,0.09247,4.217,0.62707,0.53899,0.00202798,0.00202798,0.00202798
597,1758.66,3.3323,0.48555,0.55946,0.46444,0.22358,0.25768,0.09315,4.18894,0.62197,0.53652,0.00202298,0.00202298,0.00202298
598,1761.65,3.25883,0.49629,0.57117,0.45883,0.22309,0.25465,0.09183,4.17558,0.61957,0.53496,0.00201799,0.00201799,0.00201799
599,1764.52,2.9681,0.4541,0.56673,0.45181,0.22199,0.25229,0.0918,4.16917,0.61936,0.53491,0.00201299,0.00201299,0.00201299
600,1767.5,3.09195,0.4597,0.55442,0.4569,0.22556,0.25447,0.09144,4.18334,0.61796,0.53222,0.002008,0.002008,0.002008
601,1770.12,3.05729,0.46344,0.56534,0.45641,0.2235,0.25149,0.09152,4.18958,0.61674,0.53185,0.002003,0.002003,0.002003
602,1772.86,3.66824,0.52698,0.53815,0.4592,0.22735,0.25543,0.09289,4.17699,0.61772,0.53225,0.00199801,0.00199801,0.00199801
603,1775.89,3.28329,0.50426,0.56005,0.45333,0.22337,0.25134,0.09158,4.19008,0.61935,0.53373,0.00199301,0.00199301,0.00199301
604,1778.88,3.09872,0.47939,0.56561,0.45737,0.22761,0.25658,0.09215,4.19902,0.61948,0.53423,0.00198802,0.00198802,0.00198802
605,1782.24,3.61806,0.54213,0.56312,0.45403,0.22433,0.25411,0.09252,4.1799,0.61527,0.53474,0.00198302,0.00198302,0.00198302
606,1785.17,3.11483,0.46126,0.55502,0.45793,0.22221,0.2562,0.09423,4.17031,0.61493,0.53454,0.00197803,0.00197803,0.00197803
607,1787.96,3.32906,0.47823,0.56144,0.45464,0.21801,0.25149,0.09234,4.19366,0.61904,0.53428,0.00197303,0.00197303,0.00197303
608,1790.75,3.60837,0.51405,0.55538,0.45161,0.21842,0.25124,0.09073,4.18568,0.61947,0.53269,0.00196804,0.00196804,0.00196804
609,1793.61,3.52509,0.51023,0.55273,0.45789,0.22035,0.25318,0.09257,4.19573,0.61883,0.53258,0.00196304,0.00196304,0.00196304
610,1796.48,3.12185,0.47906,0.56554,0.45667,0.22323,0.25557,0.09285,4.19509,0.61661,0.5332,0.00195805,0.00195805,0.00195805
611,1799.68,3.43443,0.51216,0.5472,0.454,0.22117,0.25325,0.09166,4.17856,0.61803,0.53428,0.00195305,0.00195305,0.00195305
612,1802.76,3.46247,0.5121,0.55552,0.45953,0.2246,0.25912,0.09268,4.15609,0.6127,0.53443,0.00194806,0.00194806,0.00194806
613,1805.86,3.25928,0.48664,0.55348,0.46294,0.22021,0.25951,0.09408,4.15657,0.6106,0.53395,0.00194306,0.00194306,0.00194306
614,1808.7,3.62736,0.5286,0.55182,0.46269,0.21993,0.26049,0.09386,4.1803,0.613,0.5334,0.00193806,0.00193806,0.00193806
615,1811.76,3.65935,0.51615,0.5553,0.45606,0.21951,0.25693,0.0937,4.17824,0.61318,0.53351,0.00193307,0.00193307,0.00193307
616,1814.99,3.25562,0.50032,0.55041,0.45692,0.21819,0.25692,0.09411,4.19959,0.6177,0.53313,0.00192808,0.00192808,0.00192808
617,1817.94,3.34104,0.49517,0.54411,0.46945,0.2187,0.26069,0.09394,4.1967,0.62162,0.53279,0.00192308,0.00192308,0.00192308
618,1820.84,3.14896,0.48249,0.5451,0.45982,0.22515,0.2579,0.09339,4.20123,0.61838,0.53302,0.00191808,0.00191808,0.00191808
619,1823.67,3.03687,0.44531,0.54977,0.459,0.22707,0.25831,0.09393,4.17317,0.61549,0.53309,0.00191309,0.00191309,0.00191309
620,1827.13,3.15951,0.45286,0.54892,0.4609,0.22488,0.25814,0.09335,4.16944,0.6149,0.53395,0.0019081,0.0019081,0.0019081
621,1829.96,3.37511,0.50539,0.54339,0.46941,0.22336,0.25928,0.09211,4.20159,0.61813,0.53536,0.0019031,0.0019031,0.0019031
622,1832.99,3.20097,0.47936,0.55415,0.46657,0.22831,0.25927,0.09335,4.18321,0.62048,0.53494,0.0018981,0.0018981,0.0018981
623,1835.74,3.44417,0.51283,0.55682,0.46308,0.22803,0.25809,0.09254,4.18391,0.62078,0.53596,0.00189311,0.00189311,0.00189311
624,1838.76,3.39252,0.50581,0.55368,0.45583,0.22309,0.25444,0.09186,4.18648,0.61923,0.53812,0.00188811,0.00188811,0.00188811
625,1841.54,3.46113,0.49716,0.55412,0.45151,0.2235,0.25239,0.09067,4.21584,0.62087,0.53726,0.00188312,0.00188312,0.00188312
626,1844.68,3.55745,0.51811,0.53625,0.45189,0.2246,0.25425,0.09159,4.21142,0.62448,0.53563,0.00187813,0.00187813,0.00187813
627,1847.67,3.34687,0.48229,0.56038,0.45602,0.22543,0.25812,0.09271,4.18299,0.62077,0.53688,0.00187313,0.00187313,0.00187313
628,1850.74,3.36231,0.48874,0.54787,0.45934,0.22433,0.25875,0.09471,4.15752,0.61916,0.53605,0.00186813,0.00186813,0.00186813
629,1853.34,3.03887,0.46347,0.56621,0.46118,0.22361,0.25884,0.09239,4.18462,0.62208,0.53581,0.00186314,0.00186314,0.00186314
630,1856.13,3.34222,0.48558,0.56356,0.45858,0.22282,0.25586,0.09317,4.15816,0.61969,0.53439,0.00185815,0.00185815,0.00185815
631,1859.09,3.1189,0.47053,0.54851,0.46559,0.22337,0.25865,0.09381,4.1494,0.6153,0.53561,0.00185315,0.00185315,0.00185315
632,1861.87,3.29135,0.48788,0.56731,0.45841,0.22858,0.25902,0.09433,4.16248,0.61789,0.53475,0.00184815,0.00184815,0.00184815
633,1864.42,3.43483,0.51175,0.55052,0.45777,0.23092,0.26002,0.09362,4.16314,0.62228,0.53427,0.00184316,0.00184316,0.00184316
634,1867.31,3.57225,0.52861,0.5565,0.45629,0.22707,0.25528,0.09289,4.16819,0.61623,0.5335,0.00183816,0.00183816,0.00183816
635,1870.13,3.41003,0.50217,0.54637,0.44743,0.22446,0.25066,0.09206,4.17325,0.61805,0.53389,0.00183317,0.00183317,0.00183317
636,1873.04,3.51761,0.52272,0.54753,0.44806,0.2229,0.25037,0.09211,4.1479,0.61692,0.53508,0.00182818,0.00182818,0.00182818
637,1875.49,3.25766,0.48812,0.55634,0.45296,0.22213,0.25294,0.09346,4.13835,0.61364,0.53313,0.00182318,0.00182318,0.00182318
638,1878.76,3.48374,0.5139,0.54583,0.45465,0.22446,0.2568,0.09358,4.14519,0.61584,0.53515,0.00181818,0.00181818,0.00181818
639,1881.68,3.52665,0.52359,0.55248,0.45825,0.2209,0.25765,0.09317,4.18108,0.61949,0.53528,0.00181319,0.00181319,0.00181319
640,1884.54,3.36967,0.48957,0.55811,0.45572,0.22611,0.25709,0.09405,4.19055,0.621,0.53488,0.0018082,0.0018082,0.0018082
641,1887.53,3.07811,0.47462,0.55728,0.45248,0.22529,0.25498,0.09349,4.18109,0.62173,0.53476,0.0018032,0.0018032,0.0018032
642,1890.4,3.25952,0.49011,0.55778,0.45443,0.22711,0.2557,0.09355,4.18248,0.61494,0.53405,0.0017982,0.0017982,0.0017982
643,1893.11,3.08618,0.48565,0.55508,0.46243,0.229,0.25836,0.09419,4.17335,0.61563,0.53351,0.00179321,0.00179321,0.00179321
644,1895.84,3.37587,0.47857,0.5559,0.45092,0.22282,0.25399,0.09391,4.18027,0.61692,0.53429,0.00178821,0.00178821,0.00178821
645,1898.53,3.62771,0.54149,0.54858,0.46638,0.22342,0.26114,0.09485,4.17747,0.61701,0.53264,0.00178322,0.00178322,0.00178322
646,1901.29,3.21169,0.47661,0.55603,0.46884,0.22172,0.25998,0.09555,4.14686,0.61724,0.53212,0.00177823,0.00177823,0.00177823
647,1904.25,3.47297,0.53102,0.54244,0.46348,0.22071,0.25756,0.09582,4.14519,0.61584,0.53354,0.00177323,0.00177323,0.00177323
648,1907.33,3.45093,0.52706,0.55247,0.46223,0.22227,0.25863,0.09465,4.15258,0.61758,0.53315,0.00176823,0.00176823,0.00176823
649,1910.43,3.27975,0.4929,0.55683,0.46685,0.22337,0.25969,0.09536,4.1364,0.61556,0.53297,0.00176324,0.00176324,0.00176324
650,1913.27,3.06051,0.46382,0.55888,0.46562,0.22297,0.26009,0.09465,4.15574,0.6158,0.53253,0.00175825,0.00175825,0.00175825
651,1916.19,3.31247,0.49392,0.54876,0.46246,0.22556,0.26037,0.09513,4.16257,0.61698,0.53282,0.00175325,0.00175325,0.00175325
652,1919.13,3.5991,0.50993,0.53691,0.45718,0.2249,0.25741,0.09381,4.16755,0.61691,0.53476,0.00174825,0.00174825,0.00174825
653,1921.91,3.27825,0.49048,0.5459,0.46233,0.22364,0.25917,0.0943,4.15677,0.61611,0.53567,0.00174326,0.00174326,0.00174326
654,1924.56,3.25996,0.48203,0.54951,0.46027,0.2249,0.26129,0.0947,4.13299,0.61371,0.53405,0.00173826,0.00173826,0.00173826
655,1927.57,3.09114,0.47801,0.56433,0.45783,0.22295,0.25793,0.09194,4.17785,0.61601,0.53234,0.00173327,0.00173327,0.00173327
656,1930.58,3.11414,0.47138,0.55452,0.45545,0.22803,0.25588,0.09216,4.17896,0.61725,0.53249,0.00172828,0.00172828,0.00172828
657,1933.18,3.28265,0.48322,0.55567,0.44848,0.23076,0.25641,0.09333,4.15522,0.61937,0.53322,0.00172328,0.00172328,0.00172328
658,1935.89,2.79329,0.44477,0.56319,0.45094,0.22707,0.25253,0.09302,4.16025,0.62022,0.53584,0.00171828,0.00171828,0.00171828
659,1938.6,3.2856,0.5194,0.55402,0.45124,0.22735,0.25409,0.09244,4.15722,0.62027,0.53702,0.00171329,0.00171329,0.00171329
660,1941.74,3.25929,0.47996,0.56165,0.45647,0.22817,0.25648,0.09395,4.16595,0.62059,0.53607,0.0017083,0.0017083,0.0017083
661,1944.78,3.27144,0.49018,0.55847,0.45904,0.22707,0.25864,0.09423,4.18234,0.61908,0.53575,0.0017033,0.0017033,0.0017033
662,1947.75,3.4535,0.51477,0.55025,0.4508,0.22446,0.25557,0.09331,4.1894,0.6219,0.53558,0.0016983,0.0016983,0.0016983
663,1950.9,3.14244,0.49104,0.55404,0.45193,0.22076,0.25451,0.09327,4.18271,0.61907,0.53486,0.00169331,0.00169331,0.00169331
664,1953.92,3.21023,0.47105,0.55139,0.46277,0.2235,0.25856,0.09406,4.17164,0.61604,0.53529,0.00168831,0.00168831,0.00168831
665,1956.86,3.15859,0.48211,0.56122,0.46146,0.22337,0.25707,0.09403,4.15815,0.61356,0.53429,0.00168332,0.00168332,0.00168332
666,1959.99,3.27913,0.49782,0.55353,0.46857,0.22241,0.25995,0.09404,4.15982,0.61256,0.53398,0.00167833,0.00167833,0.00167833
667,1962.45,3.09278,0.47382,0.56275,0.4674,0.22392,0.25919,0.09432,4.14386,0.61327,0.53413,0.00167333,0.00167333,0.00167333
668,1965.34,3.31587,0.48817,0.55118,0.46118,0.22474,0.25663,0.09382,4.15313,0.61235,0.53273,0.00166833,0.00166833,0.00166833
669,1968.28,3.44595,0.49638,0.54501,0.46104,0.22639,0.25715,0.09356,4.14337,0.6122,0.53284,0.00166334,0.00166334,0.00166334
670,1971.16,3.32213,0.48756,0.56153,0.46149,0.22611,0.2598,0.09413,4.15508,0.61373,0.53369,0.00165834,0.00165834,0.00165834
671,1974.32,3.3282,0.49285,0.53824,0.45928,0.22762,0.25949,0.09518,4.15263,0.61563,0.53513,0.00165335,0.00165335,0.00165335
672,1977.45,2.93478,0.45309,0.54974,0.46957,0.22776,0.25973,0.09523,4.16546,0.61357,0.53627,0.00164835,0.00164835,0.00164835
673,1980.37,3.27272,0.48475,0.54675,0.46886,0.22419,0.2583,0.09288,4.18831,0.61524,0.53547,0.00164336,0.00164336,0.00164336
674,1983.21,2.96854,0.46209,0.56032,0.47148,0.22682,0.2609,0.09403,4.17702,0.61044,0.53609,0.00163836,0.00163836,0.00163836
675,1986.2,3.23595,0.484,0.5493,0.46734,0.22543,0.25975,0.09412,4.15344,0.61006,0.5367,0.00163337,0.00163337,0.00163337
676,1989.41,3.2913,0.48613,0.53775,0.45862,0.2257,0.25739,0.09367,4.16638,0.61614,0.53708,0.00162837,0.00162837,0.00162837
677,1992.57,3.29683,0.47364,0.55043,0.4649,0.22817,0.25836,0.09418,4.15449,0.61484,0.53629,0.00162338,0.00162338,0.00162338
678,1995.5,3.36666,0.4869,0.54753,0.46255,0.22323,0.25867,0.09552,4.1569,0.61642,0.53558,0.00161838,0.00161838,0.00161838
679,1998.67,3.81654,0.55754,0.53737,0.46484,0.22347,0.25787,0.09388,4.15564,0.61544,0.5351,0.00161339,0.00161339,0.00161339
680,2002.01,3.15382,0.48682,0.55781,0.46509,0.22537,0.26098,0.09407,4.15834,0.61368,0.53479,0.00160839,0.00160839,0.00160839
681,2004.76,3.48304,0.48903,0.5581,0.4678,0.22762,0.26161,0.0954,4.1184,0.61318,0.53528,0.0016034,0.0016034,0.0016034
682,2007.48,3.29893,0.4749,0.54931,0.46378,0.2279,0.25996,0.09488,4.13757,0.61614,0.53557,0.0015984,0.0015984,0.0015984
683,2010.48,3.24792,0.4872,0.55145,0.46193,0.22556,0.25909,0.09452,4.15007,0.61977,0.53696,0.00159341,0.00159341,0.00159341
684,2013.54,3.05304,0.44904,0.56001,0.46611,0.22762,0.26022,0.09429,4.15672,0.62054,0.53545,0.00158841,0.00158841,0.00158841
685,2016.8,3.08309,0.46141,0.55141,0.45958,0.22488,0.25701,0.09335,4.16498,0.62418,0.5356,0.00158342,0.00158342,0.00158342
686,2019.83,3.25932,0.49375,0.56045,0.4614,0.2235,0.25547,0.09248,4.15851,0.6223,0.53573,0.00157842,0.00157842,0.00157842
687,2022.43,2.93044,0.44501,0.55414,0.4608,0.2257,0.25558,0.0928,4.1637,0.62242,0.53475,0.00157343,0.00157343,0.00157343
688,2025.54,2.82574,0.44586,0.55419,0.4573,0.22744,0.25557,0.09189,4.1653,0.62708,0.53586,0.00156843,0.00156843,0.00156843
689,2028.7,3.20843,0.48869,0.538,0.45857,0.22708,0.25604,0.0926,4.13776,0.6227,0.53437,0.00156344,0.00156344,0.00156344
690,2031.69,3.07826,0.45393,0.5547,0.46305,0.22639,0.2585,0.09316,4.13327,0.617,0.53514,0.00155845,0.00155845,0.00155845
691,2034.56,3.23063,0.48071,0.54734,0.4606,0.22543,0.25609,0.09428,4.14263,0.61704,0.53528,0.00155345,0.00155345,0.00155345
692,2037.33,3.13128,0.49648,0.53565,0.46151,0.2279,0.25946,0.0942,4.15816,0.62057,0.53544,0.00154846,0.00154846,0.00154846
693,2040.25,3.07758,0.46286,0.54503,0.456,0.2257,0.25913,0.09469,4.13337,0.61847,0.53393,0.00154346,0.00154346,0.00154346
694,2043,3.19715,0.48769,0.54252,0.46552,0.22515,0.26035,0.09551,4.15536,0.61974,0.53257,0.00153847,0.00153847,0.00153847
695,2045.72,3.50121,0.53003,0.54359,0.45935,0.22597,0.25909,0.09531,4.15432,0.6215,0.53297,0.00153347,0.00153347,0.00153347
696,2048.4,3.51085,0.52249,0.53279,0.46349,0.22501,0.2595,0.09452,4.18005,0.6206,0.53247,0.00152848,0.00152848,0.00152848
697,2051.53,3.15047,0.46776,0.55574,0.47048,0.2268,0.26214,0.09484,4.1641,0.61776,0.53174,0.00152348,0.00152348,0.00152348
698,2054.15,3.53716,0.52502,0.559,0.47118,0.22715,0.26056,0.0947,4.14306,0.61626,0.53118,0.00151849,0.00151849,0.00151849
699,2056.92,3.70163,0.55394,0.54912,0.46288,0.23037,0.26075,0.09479,4.15479,0.61985,0.5319,0.00151349,0.00151349,0.00151349
700,2060.29,3.41959,0.50002,0.55505,0.4608,0.229,0.25847,0.09479,4.1364,0.62093,0.53214,0.0015085,0.0015085,0.0015085
701,2063.37,3.06782,0.45043,0.55605,0.46335,0.22949,0.25997,0.09549,4.10964,0.61818,0.53138,0.0015035,0.0015035,0.0015035
702,2066.45,3.10533,0.4685,0.55923,0.46014,0.22831,0.25829,0.09488,4.12084,0.62098,0.53139,0.00149851,0.00149851,0.00149851
703,2069.21,2.94622,0.46116,0.55495,0.45787,0.23132,0.25945,0.09365,4.14678,0.62777,0.53154,0.00149351,0.00149351,0.00149351
704,2072.1,3.25743,0.48294,0.54377,0.45161,0.2316,0.25911,0.09331,4.12282,0.63079,0.53309,0.00148852,0.00148852,0.00148852
705,2075,3.20649,0.49999,0.5486,0.45012,0.23116,0.2579,0.09331,4.11622,0.62762,0.53305,0.00148352,0.00148352,0.00148352
706,2078.12,2.91363,0.45859,0.54772,0.45043,0.22817,0.25525,0.09319,4.13033,0.62415,0.53386,0.00147853,0.00147853,0.00147853
707,2080.92,3.42488,0.50548,0.54512,0.44594,0.22611,0.25408,0.0926,4.13807,0.62639,0.53491,0.00147353,0.00147353,0.00147353
708,2084,3.26036,0.48416,0.55218,0.44846,0.22735,0.25588,0.09252,4.13268,0.62297,0.53637,0.00146854,0.00146854,0.00146854
709,2086.78,2.52773,0.42758,0.5469,0.45221,0.22735,0.25874,0.09389,4.13147,0.6207,0.53623,0.00146354,0.00146354,0.00146354
710,2089.74,3.46379,0.49812,0.55321,0.45107,0.22529,0.25688,0.09385,4.14339,0.62004,0.53679,0.00145855,0.00145855,0.00145855
711,2092.54,3.07451,0.46524,0.55816,0.45218,0.22515,0.2574,0.09362,4.15033,0.61921,0.53676,0.00145355,0.00145355,0.00145355
712,2095.38,3.64891,0.55382,0.55623,0.45807,0.22364,0.259,0.09444,4.13896,0.61611,0.53547,0.00144856,0.00144856,0.00144856
713,2098.53,3.13327,0.46541,0.56034,0.45926,0.22515,0.25988,0.09447,4.16088,0.61546,0.53535,0.00144356,0.00144356,0.00144356
714,2101.47,2.99797,0.46378,0.56211,0.45555,0.2279,0.25872,0.09427,4.16015,0.61663,0.53419,0.00143857,0.00143857,0.00143857
715,2104.18,2.93925,0.47086,0.55018,0.45424,0.2268,0.2577,0.09396,4.14405,0.61562,0.53387,0.00143357,0.00143357,0.00143357
716,2107.33,3.38308,0.49117,0.54458,0.46435,0.22707,0.26215,0.09524,4.14571,0.61514,0.53447,0.00142858,0.00142858,0.00142858
717,2109.95,3.13094,0.48065,0.54803,0.46071,0.22666,0.26106,0.09551,4.14595,0.61517,0.53507,0.00142358,0.00142358,0.00142358
718,2112.8,3.52832,0.52635,0.53768,0.46282,0.22405,0.26186,0.09571,4.15284,0.61762,0.53542,0.00141859,0.00141859,0.00141859
719,2115.82,3.14546,0.48022,0.53771,0.46823,0.22652,0.26378,0.09529,4.17328,0.62043,0.5364,0.00141359,0.00141359,0.00141359
720,2118.95,3.3558,0.49453,0.5672,0.45897,0.22652,0.26095,0.09423,4.14423,0.62061,0.53778,0.0014086,0.0014086,0.0014086
721,2121.9,3.05539,0.46183,0.55397,0.45811,0.229,0.26142,0.09416,4.11451,0.61732,0.53686,0.0014036,0.0014036,0.0014036
722,2124.81,3.20342,0.46655,0.55165,0.45638,0.22776,0.25705,0.09348,4.13871,0.61733,0.53619,0.00139861,0.00139861,0.00139861
723,2127.55,3.28797,0.49922,0.54684,0.45768,0.22803,0.25669,0.09339,4.15567,0.61922,0.53534,0.00139361,0.00139361,0.00139361
724,2130.64,2.93264,0.46237,0.55154,0.46293,0.22817,0.25791,0.09366,4.15152,0.62293,0.5355,0.00138861,0.00138861,0.00138861
725,2133.53,3.30363,0.49882,0.55284,0.45941,0.22996,0.25992,0.09411,4.1369,0.62418,0.53658,0.00138362,0.00138362,0.00138362
726,2136.53,3.38611,0.50723,0.5606,0.45445,0.22804,0.26017,0.09528,4.12199,0.61999,0.53552,0.00137863,0.00137863,0.00137863
727,2139.23,3.22796,0.47866,0.55205,0.46786,0.229,0.26516,0.09572,4.1197,0.61707,0.53616,0.00137363,0.00137363,0.00137363
728,2141.86,2.99677,0.45049,0.55392,0.46759,0.22556,0.26409,0.09684,4.11088,0.61182,0.53652,0.00136863,0.00136863,0.00136863
729,2144.33,3.23525,0.49624,0.55979,0.47696,0.22666,0.26601,0.09635,4.10893,0.61009,0.53601,0.00136364,0.00136364,0.00136364
730,2147.11,3.04644,0.45195,0.56058,0.47732,0.22517,0.26683,0.09587,4.11593,0.61203,0.53437,0.00135865,0.00135865,0.00135865
731,2149.83,3.46412,0.50981,0.5404,0.46942,0.22584,0.265,0.09573,4.12759,0.61519,0.53496,0.00135365,0.00135365,0.00135365
732,2152.82,3.03665,0.47176,0.55531,0.46858,0.22597,0.26626,0.09615,4.11461,0.61354,0.53484,0.00134866,0.00134866,0.00134866
733,2155.42,3.24763,0.4846,0.54157,0.47554,0.22652,0.26525,0.09546,4.1233,0.61317,0.53502,0.00134366,0.00134366,0.00134366
734,2158.21,3.22285,0.4897,0.54223,0.46907,0.22817,0.26589,0.09575,4.11035,0.61332,0.53454,0.00133866,0.00133866,0.00133866
735,2161.05,2.98179,0.46743,0.53965,0.46753,0.22748,0.26448,0.0961,4.12312,0.61435,0.53447,0.00133367,0.00133367,0.00133367
736,2163.85,3.20076,0.48214,0.53849,0.4632,0.22831,0.26286,0.09652,4.09499,0.61435,0.53422,0.00132868,0.00132868,0.00132868
737,2166.75,2.96164,0.46327,0.55205,0.46575,0.2268,0.26356,0.09582,4.09862,0.61656,0.53406,0.00132368,0.00132368,0.00132368
738,2169.62,3.1465,0.48317,0.54386,0.45953,0.22639,0.26141,0.09637,4.11217,0.61614,0.53332,0.00131868,0.00131868,0.00131868
739,2172.37,3.37938,0.49941,0.53742,0.45759,0.22654,0.26055,0.09502,4.15833,0.62034,0.53402,0.00131369,0.00131369,0.00131369
740,2175.38,3.25539,0.48382,0.55169,0.46595,0.22597,0.26286,0.09576,4.15094,0.61559,0.53294,0.0013087,0.0013087,0.0013087
741,2178.41,3.57705,0.51145,0.55059,0.46142,0.22724,0.26216,0.09641,4.13688,0.61543,0.53299,0.0013037,0.0013037,0.0013037
742,2181.14,3.05453,0.47287,0.55523,0.45971,0.22488,0.26159,0.09584,4.12904,0.61392,0.5333,0.00129871,0.00129871,0.00129871
743,2183.9,3.12772,0.49085,0.5496,0.46389,0.22392,0.26056,0.09622,4.11337,0.61302,0.53275,0.00129371,0.00129371,0.00129371
744,2186.65,3.16545,0.46817,0.54875,0.45573,0.22543,0.25857,0.09513,4.13469,0.61491,0.53264,0.00128871,0.00128871,0.00128871
745,2189.27,3.06939,0.48655,0.53631,0.45564,0.22625,0.25814,0.0946,4.14054,0.61509,0.53291,0.00128372,0.00128372,0.00128372
746,2192.68,3.30867,0.4799,0.54365,0.45102,0.22241,0.25578,0.09496,4.12302,0.61527,0.53361,0.00127873,0.00127873,0.00127873
747,2195.2,2.9074,0.47025,0.54024,0.45591,0.22352,0.25749,0.0948,4.11397,0.61537,0.53464,0.00127373,0.00127373,0.00127373
748,2198.08,3.30672,0.48112,0.54999,0.46485,0.22446,0.26219,0.09639,4.10554,0.61705,0.53489,0.00126874,0.00126874,0.00126874
749,2201.02,3.10105,0.46253,0.55869,0.46571,0.2246,0.26206,0.09711,4.11052,0.61779,0.53414,0.00126374,0.00126374,0.00126374
750,2204.16,3.2219,0.48145,0.55476,0.46899,0.2235,0.26441,0.09738,4.09144,0.61589,0.53467,0.00125875,0.00125875,0.00125875
751,2207.3,3.29647,0.50538,0.5417,0.47739,0.22515,0.26667,0.09801,4.08526,0.61428,0.53433,0.00125375,0.00125375,0.00125375
752,2210.42,2.85766,0.43586,0.55069,0.47571,0.22696,0.26729,0.09785,4.08708,0.61217,0.53327,0.00124876,0.00124876,0.00124876
753,2213.33,3.25379,0.47501,0.55112,0.4684,0.22886,0.26493,0.09768,4.10582,0.61349,0.53391,0.00124376,0.00124376,0.00124376
754,2216.29,3.66335,0.54147,0.53306,0.46388,0.2268,0.26201,0.09702,4.09272,0.61443,0.53433,0.00123876,0.00123876,0.00123876
755,2219.06,3.31892,0.48905,0.54298,0.4677,0.22859,0.26455,0.0973,4.12344,0.61669,0.53441,0.00123377,0.00123377,0.00123377
756,2221.8,3.02557,0.46638,0.55195,0.47366,0.22858,0.26696,0.09724,4.10944,0.61473,0.53423,0.00122878,0.00122878,0.00122878
757,2224.56,3.30435,0.48372,0.54843,0.47362,0.22666,0.26618,0.09828,4.10334,0.61081,0.53417,0.00122378,0.00122378,0.00122378
758,2227.72,2.94921,0.45551,0.56236,0.4739,0.22474,0.26468,0.0976,4.12463,0.60939,0.53438,0.00121879,0.00121879,0.00121879
759,2230.51,3.38323,0.49712,0.55069,0.46649,0.22419,0.26154,0.09645,4.12698,0.60913,0.53489,0.00121379,0.00121379,0.00121379
760,2233.92,3.23071,0.48028,0.54636,0.46717,0.22556,0.26349,0.09711,4.13772,0.61167,0.53502,0.0012088,0.0012088,0.0012088
761,2236.52,3.23132,0.49381,0.54881,0.47068,0.22501,0.26412,0.09767,4.1171,0.60996,0.53396,0.0012038,0.0012038,0.0012038
762,2239.44,3.48978,0.53895,0.5404,0.47588,0.22474,0.26306,0.09583,4.14363,0.61138,0.53435,0.00119881,0.00119881,0.00119881
763,2242.36,3.34305,0.51247,0.54633,0.47222,0.22556,0.26552,0.09666,4.12958,0.61408,0.53585,0.00119381,0.00119381,0.00119381
764,2245.12,3.12749,0.4695,0.56062,0.4721,0.2268,0.26711,0.09918,4.11799,0.61703,0.53495,0.00118881,0.00118881,0.00118881
765,2248.15,2.68368,0.43787,0.56041,0.47423,0.22625,0.26853,0.09928,4.11462,0.61524,0.53418,0.00118382,0.00118382,0.00118382
766,2251.28,3.48999,0.51536,0.5414,0.47053,0.229,0.26857,0.09922,4.1036,0.61472,0.5339,0.00117882,0.00117882,0.00117882
767,2253.96,3.06113,0.4749,0.55439,0.46978,0.229,0.26718,0.09849,4.11925,0.61735,0.53399,0.00117383,0.00117383,0.00117383
768,2256.96,3.26603,0.49143,0.54984,0.47211,0.23051,0.26749,0.09817,4.09121,0.61254,0.53233,0.00116883,0.00116883,0.00116883
769,2260.2,3.19743,0.47992,0.558,0.47633,0.23202,0.26787,0.09812,4.08893,0.61179,0.53113,0.00116384,0.00116384,0.00116384
770,2263.05,3.46447,0.49921,0.53124,0.46612,0.22954,0.2638,0.09699,4.11598,0.6172,0.5308,0.00115884,0.00115884,0.00115884
771,2266.01,3.19802,0.47489,0.55658,0.46775,0.22886,0.26285,0.09681,4.11061,0.61575,0.53009,0.00115385,0.00115385,0.00115385
772,2269.01,3.23093,0.48955,0.54291,0.47016,0.22927,0.26331,0.09705,4.08862,0.61598,0.52945,0.00114885,0.00114885,0.00114885
773,2271.73,3.23238,0.47499,0.53807,0.46846,0.22929,0.26445,0.09728,4.08254,0.61758,0.53065,0.00114386,0.00114386,0.00114386
774,2274.42,3.0488,0.46416,0.54772,0.4625,0.23105,0.2642,0.09696,4.10788,0.61845,0.53168,0.00113886,0.00113886,0.00113886
775,2277.47,3.1932,0.46817,0.54716,0.46216,0.22968,0.26377,0.0976,4.09112,0.61726,0.5318,0.00113387,0.00113387,0.00113387
776,2280.43,3.31502,0.50243,0.55217,0.46623,0.23105,0.26442,0.09741,4.09911,0.61448,0.53127,0.00112887,0.00112887,0.00112887
777,2283.09,3.15735,0.47709,0.55119,0.46653,0.23064,0.26585,0.09676,4.12318,0.61505,0.52992,0.00112388,0.00112388,0.00112388
778,2286.02,2.81946,0.44253,0.54473,0.47306,0.23051,0.26719,0.09787,4.09946,0.61065,0.53057,0.00111888,0.00111888,0.00111888
779,2288.67,3.26327,0.48093,0.54368,0.47425,0.22848,0.26735,0.09854,4.08254,0.61098,0.53061,0.00111389,0.00111389,0.00111389
780,2291.87,3.22712,0.4851,0.55439,0.46943,0.23092,0.2669,0.09847,4.08254,0.61125,0.53129,0.00110889,0.00110889,0.00110889
781,2294.6,3.24535,0.48086,0.5472,0.47118,0.23037,0.26764,0.0987,4.07222,0.61057,0.53091,0.0011039,0.0011039,0.0011039
782,2297.5,2.96923,0.45842,0.55118,0.4711,0.22748,0.26452,0.09801,4.0963,0.61171,0.53123,0.0010989,0.0010989,0.0010989
783,2300.46,3.27058,0.4614,0.54748,0.47051,0.22872,0.26473,0.09763,4.0925,0.61094,0.531,0.00109391,0.00109391,0.00109391
784,2303.46,3.14287,0.45705,0.53999,0.4691,0.22854,0.26478,0.09727,4.12015,0.61335,0.53082,0.00108891,0.00108891,0.00108891
785,2306.31,3.25452,0.47541,0.55689,0.46666,0.22858,0.26399,0.0969,4.11885,0.61485,0.53105,0.00108392,0.00108392,0.00108392
786,2309.82,3.1313,0.46726,0.5471,0.46951,0.22748,0.26712,0.09785,4.07763,0.61,0.53121,0.00107892,0.00107892,0.00107892
787,2312.55,3.11827,0.48231,0.54922,0.47931,0.2319,0.27094,0.09988,4.07333,0.60762,0.53176,0.00107393,0.00107393,0.00107393
788,2315.54,2.90642,0.44514,0.54915,0.47867,0.2332,0.27218,0.09916,4.06974,0.60716,0.53061,0.00106893,0.00106893,0.00106893
789,2318.16,2.78216,0.44035,0.54685,0.47223,0.23009,0.26787,0.09856,4.08209,0.60741,0.53068,0.00106394,0.00106394,0.00106394
790,2321.26,3.257,0.48342,0.55112,0.47492,0.22694,0.26688,0.09846,4.07882,0.60717,0.53031,0.00105894,0.00105894,0.00105894
791,2324.14,3.11188,0.46655,0.55013,0.47143,0.2246,0.26492,0.09858,4.07616,0.60823,0.53068,0.00105395,0.00105395,0.00105395
792,2326.97,2.97491,0.45749,0.54956,0.46851,0.22449,0.26494,0.09867,4.0844,0.60619,0.53011,0.00104895,0.00104895,0.00104895
793,2330.05,3.15804,0.4814,0.53423,0.46959,0.22753,0.26512,0.09892,4.08791,0.60464,0.53011,0.00104396,0.00104396,0.00104396
794,2333.3,2.94235,0.43688,0.55094,0.4664,0.22707,0.26359,0.0996,4.0788,0.60517,0.5306,0.00103896,0.00103896,0.00103896
795,2336.08,3.44164,0.49968,0.53463,0.4705,0.229,0.26594,0.09956,4.09281,0.6065,0.53021,0.00103397,0.00103397,0.00103397
796,2339.13,3.09348,0.46885,0.53217,0.47303,0.22982,0.2674,0.09851,4.08622,0.60873,0.53086,0.00102897,0.00102897,0.00102897
797,2342.11,3.13016,0.47637,0.5489,0.47697,0.23078,0.26789,0.09943,4.06213,0.60717,0.53057,0.00102398,0.00102398,0.00102398
798,2344.98,3.57773,0.51276,0.55366,0.47284,0.22858,0.26619,0.0991,4.06501,0.60872,0.53038,0.00101898,0.00101898,0.00101898
799,2347.72,3.00157,0.45668,0.54796,0.47011,0.22845,0.26656,0.09798,4.07429,0.6089,0.52967,0.00101399,0.00101399,0.00101399
800,2350.9,3.17408,0.48278,0.53855,0.46522,0.2279,0.26307,0.09865,4.06848,0.60725,0.52881,0.00100899,0.00100899,0.00100899
801,2353.72,2.96296,0.45999,0.54708,0.46597,0.22784,0.26417,0.09779,4.07032,0.60759,0.52912,0.001004,0.001004,0.001004
802,2356.52,3.21996,0.48827,0.54439,0.46649,0.22666,0.26541,0.0991,4.07093,0.60725,0.52889,0.000999005,0.000999005,0.000999005
803,2359.32,3.24282,0.49027,0.54231,0.46401,0.22776,0.26413,0.09805,4.0773,0.60815,0.52913,0.00099401,0.00099401,0.00099401
804,2362.55,3.32153,0.49358,0.53106,0.46666,0.23039,0.26593,0.09818,4.10042,0.60852,0.53068,0.000989015,0.000989015,0.000989015
805,2365.35,3.43435,0.49348,0.53831,0.47054,0.23298,0.26695,0.0982,4.10014,0.60943,0.53039,0.00098402,0.00098402,0.00098402
806,2368.28,3.22041,0.48953,0.53122,0.46113,0.23023,0.26237,0.09728,4.11919,0.61177,0.53096,0.000979025,0.000979025,0.000979025
807,2371,3.34145,0.5065,0.53048,0.46474,0.23064,0.2638,0.0975,4.11011,0.61276,0.5311,0.00097403,0.00097403,0.00097403
808,2374.04,3.44387,0.4853,0.53725,0.46477,0.23243,0.26549,0.09846,4.09997,0.61249,0.53261,0.000969035,0.000969035,0.000969035
809,2377.31,3.64063,0.5232,0.5299,0.46558,0.23119,0.26573,0.098,4.09974,0.61498,0.53373,0.00096404,0.00096404,0.00096404
810,2380.3,3.36298,0.50646,0.52494,0.46495,0.23339,0.26664,0.0981,4.12223,0.61778,0.53452,0.000959045,0.000959045,0.000959045
811,2383.06,2.99738,0.46096,0.55913,0.46845,0.23325,0.26672,0.09893,4.12229,0.61817,0.53455,0.00095405,0.00095405,0.00095405
812,2386.1,3.18185,0.46954,0.54669,0.46923,0.23339,0.26827,0.09851,4.10811,0.61342,0.53248,0.000949055,0.000949055,0.000949055
813,2389.18,3.18951,0.47904,0.54448,0.46403,0.23284,0.26584,0.09859,4.08688,0.61272,0.53264,0.00094406,0.00094406,0.00094406
814,2392.38,3.04353,0.45664,0.54845,0.46085,0.23188,0.26477,0.0984,4.07068,0.6118,0.53307,0.000939065,0.000939065,0.000939065
815,2395.28,3.21049,0.4806,0.53797,0.46348,0.23256,0.26728,0.09873,4.0737,0.61192,0.53345,0.00093407,0.00093407,0.00093407
816,2398.27,3.1174,0.46595,0.55442,0.46659,0.23188,0.26791,0.09861,4.08879,0.61139,0.53406,0.000929075,0.000929075,0.000929075
817,2400.83,3.13651,0.47704,0.55355,0.46744,0.23063,0.26744,0.09928,4.09236,0.61118,0.53421,0.00092408,0.00092408,0.00092408
818,2403.82,3.17764,0.47624,0.54673,0.4686,0.23009,0.26775,0.09924,4.09436,0.60949,0.53425,0.000919085,0.000919085,0.000919085
819,2406.47,3.02125,0.4653,0.54088,0.4728,0.22968,0.26781,0.0991,4.08825,0.60979,0.53403,0.00091409,0.00091409,0.00091409
820,2409.89,2.93592,0.43154,0.56136,0.47175,0.22996,0.26958,0.0997,4.08793,0.61053,0.53368,0.000909095,0.000909095,0.000909095
821,2412.9,3.23279,0.50058,0.5284,0.4733,0.22968,0.27109,0.10042,4.10184,0.61024,0.53434,0.0009041,0.0009041,0.0009041
822,2416.07,2.9857,0.45177,0.55147,0.46537,0.23133,0.26808,0.10031,4.09318,0.61008,0.53286,0.000899105,0.000899105,0.000899105
823,2418.73,3.08017,0.46566,0.54972,0.47031,0.229,0.2678,0.10016,4.10847,0.61031,0.53263,0.00089411,0.00089411,0.00089411
824,2421.82,2.8019,0.42899,0.54928,0.47461,0.22625,0.2688,0.10061,4.09644,0.61141,0.5331,0.000889115,0.000889115,0.000889115
825,2424.49,2.98255,0.44842,0.55365,0.47936,0.22702,0.26996,0.101,4.08295,0.61086,0.53308,0.00088412,0.00088412,0.00088412
826,2428.26,3.26044,0.4701,0.53774,0.47387,0.22517,0.26935,0.10038,4.07103,0.61077,0.53327,0.000879125,0.000879125,0.000879125
827,2430.93,3.41215,0.52086,0.54356,0.47248,0.2249,0.26879,0.10028,4.07825,0.61055,0.53411,0.00087413,0.00087413,0.00087413
828,2433.76,3.2526,0.48085,0.54289,0.47421,0.22543,0.26769,0.09948,4.0828,0.60957,0.53402,0.000869135,0.000869135,0.000869135
829,2436.63,3.29589,0.49965,0.54851,0.47289,0.22543,0.26857,0.10071,4.07703,0.60982,0.53427,0.00086414,0.00086414,0.00086414
830,2439.49,3.29059,0.4897,0.53213,0.47694,0.22545,0.26901,0.10033,4.0819,0.60935,0.53395,0.000859145,0.000859145,0.000859145
831,2442.34,3.1912,0.49526,0.54196,0.47647,0.22735,0.26948,0.10018,4.08354,0.61073,0.53308,0.00085415,0.00085415,0.00085415
832,2445.26,3.35014,0.5062,0.54184,0.46688,0.22941,0.26704,0.09946,4.0948,0.61263,0.53183,0.000849155,0.000849155,0.000849155
833,2448.14,3.03494,0.45799,0.54631,0.47238,0.23023,0.26873,0.09929,4.08146,0.6123,0.53097,0.00084416,0.00084416,0.00084416
834,2451.08,3.06338,0.4398,0.54934,0.47486,0.22941,0.26852,0.09864,4.08881,0.61343,0.53078,0.000839165,0.000839165,0.000839165
835,2453.94,3.39434,0.49718,0.55021,0.47538,0.22778,0.26708,0.09849,4.08191,0.61151,0.53084,0.00083417,0.00083417,0.00083417
836,2456.83,2.85542,0.44716,0.54939,0.47667,0.22958,0.26832,0.09848,4.09098,0.61281,0.53003,0.000829175,0.000829175,0.000829175
837,2459.84,2.92005,0.43993,0.54737,0.477,0.23078,0.26868,0.09826,4.09093,0.61293,0.53066,0.00082418,0.00082418,0.00082418
838,2463.11,3.29538,0.49502,0.5419,0.47205,0.23037,0.2675,0.09826,4.10575,0.61611,0.53171,0.000819185,0.000819185,0.000819185
839,2466.08,3.40617,0.50215,0.54596,0.47444,0.22927,0.26818,0.09842,4.0952,0.61404,0.53124,0.00081419,0.00081419,0.00081419
840,2469.4,3.62265,0.57066,0.54746,0.47685,0.2315,0.27043,0.0993,4.09104,0.61181,0.53246,0.000809195,0.000809195,0.000809195
841,2472.69,3.20133,0.47361,0.53989,0.47841,0.23107,0.2689,0.09902,4.09112,0.61398,0.53243,0.0008042,0.0008042,0.0008042
842,2475.54,2.73516,0.43056,0.54713,0.47258,0.22831,0.26641,0.0984,4.09177,0.61539,0.53252,0.000799205,0.000799205,0.000799205
843,2478.35,3.08593,0.45973,0.54946,0.47466,0.22886,0.2671,0.09853,4.09226,0.61602,0.53229,0.00079421,0.00079421,0.00079421
844,2481.31,3.04043,0.48003,0.54325,0.47555,0.22968,0.2666,0.09787,4.1108,0.61701,0.53286,0.000789215,0.000789215,0.000789215
845,2484.12,3.41515,0.50774,0.55247,0.47786,0.23092,0.26754,0.09869,4.1124,0.61773,0.53361,0.00078422,0.00078422,0.00078422
846,2487.47,3.33629,0.48376,0.54516,0.4751,0.22913,0.26538,0.09769,4.12362,0.61614,0.53305,0.000779225,0.000779225,0.000779225
847,2490.36,3.21523,0.49389,0.54955,0.47087,0.22845,0.26392,0.09792,4.12912,0.61563,0.53345,0.00077423,0.00077423,0.00077423
848,2493.24,3.16611,0.47911,0.54423,0.46959,0.22845,0.26545,0.09822,4.11621,0.61526,0.53296,0.000769235,0.000769235,0.000769235
849,2496.28,2.95687,0.45071,0.54883,0.46899,0.22762,0.26665,0.09899,4.10253,0.61465,0.53309,0.00076424,0.00076424,0.00076424
850,2499.05,3.05468,0.48564,0.5446,0.47405,0.23023,0.26839,0.09995,4.10966,0.61354,0.53271,0.000759245,0.000759245,0.000759245
851,2501.59,3.06888,0.46613,0.54889,0.47326,0.2279,0.26889,0.10014,4.10421,0.61251,0.53369,0.00075425,0.00075425,0.00075425
852,2504.58,3.20418,0.478,0.54822,0.47418,0.22803,0.26805,0.10008,4.11244,0.61062,0.53308,0.000749255,0.000749255,0.000749255
853,2507.66,2.6047,0.42452,0.56056,0.47547,0.23009,0.2694,0.09953,4.10952,0.60957,0.53387,0.00074426,0.00074426,0.00074426
854,2510.53,2.73162,0.42283,0.55819,0.47475,0.22748,0.26702,0.09917,4.09396,0.60639,0.5335,0.000739265,0.000739265,0.000739265
855,2513.34,3.20948,0.47564,0.54991,0.47333,0.22721,0.266,0.09952,4.09516,0.60655,0.5322,0.00073427,0.00073427,0.00073427
856,2516.6,3.00439,0.44928,0.54366,0.46582,0.22968,0.26606,0.09929,4.09455,0.60742,0.53184,0.000729275,0.000729275,0.000729275
857,2519.07,2.98338,0.45558,0.54147,0.46705,0.23292,0.26874,0.09958,4.087,0.60828,0.532,0.00072428,0.00072428,0.00072428
858,2522.16,3.2118,0.48769,0.54086,0.46518,0.23133,0.26721,0.09869,4.08538,0.60856,0.53242,0.000719285,0.000719285,0.000719285
859,2524.63,3.1314,0.47582,0.55099,0.47685,0.23366,0.27066,0.09953,4.09065,0.60926,0.53238,0.00071429,0.00071429,0.00071429
860,2527.75,3.18433,0.48753,0.5487,0.47037,0.23133,0.26872,0.09865,4.106,0.60999,0.53288,0.000709295,0.000709295,0.000709295
861,2530.64,2.98203,0.46742,0.54311,0.46599,0.22954,0.26615,0.09855,4.10709,0.61177,0.53256,0.0007043,0.0007043,0.0007043
862,2533.42,3.4782,0.51212,0.54293,0.46051,0.22968,0.26569,0.09903,4.09302,0.61147,0.53278,0.000699305,0.000699305,0.000699305
863,2536.06,2.97882,0.45011,0.54747,0.46037,0.23023,0.26491,0.09847,4.09222,0.61334,0.53255,0.00069431,0.00069431,0.00069431
864,2538.86,3.21404,0.48208,0.54354,0.46449,0.23064,0.26543,0.09871,4.08354,0.61166,0.53159,0.000689315,0.000689315,0.000689315
865,2541.75,3.11679,0.45848,0.54876,0.46622,0.23009,0.26659,0.09855,4.08443,0.61173,0.53164,0.00068432,0.00068432,0.00068432
866,2544.82,3.3415,0.50162,0.53766,0.47373,0.23229,0.26807,0.09868,4.08237,0.61078,0.53112,0.000679325,0.000679325,0.000679325
867,2547.9,3.09336,0.45688,0.54552,0.47235,0.23105,0.26703,0.09875,4.07698,0.60847,0.53121,0.00067433,0.00067433,0.00067433
868,2550.97,3.26874,0.48772,0.54085,0.47563,0.2316,0.26802,0.09902,4.07216,0.60912,0.53112,0.000669335,0.000669335,0.000669335
869,2553.65,3.29119,0.48965,0.54244,0.47149,0.23009,0.26682,0.09885,4.07206,0.60975,0.5317,0.00066434,0.00066434,0.00066434
870,2556.51,3.0109,0.45415,0.55212,0.47431,0.23202,0.26923,0.09904,4.07536,0.60985,0.53183,0.000659345,0.000659345,0.000659345
871,2559.6,3.13156,0.45781,0.54702,0.47692,0.2327,0.27121,0.09959,4.08461,0.61084,0.53232,0.00065435,0.00065435,0.00065435
872,2562.56,3.11087,0.45762,0.55052,0.47525,0.23325,0.27032,0.09943,4.09366,0.61256,0.53199,0.000649355,0.000649355,0.000649355
873,2565.65,2.83495,0.44214,0.55418,0.47269,0.23051,0.26837,0.099,4.09643,0.61163,0.53176,0.00064436,0.00064436,0.00064436
874,2568.55,3.05223,0.46748,0.54311,0.47112,0.22954,0.26742,0.09907,4.08752,0.61105,0.53232,0.000639365,0.000639365,0.000639365
875,2571.47,3.12305,0.4686,0.54638,0.47037,0.23118,0.26803,0.09957,4.08638,0.61124,0.53316,0.00063437,0.00063437,0.00063437
876,2574.67,3.27212,0.51086,0.54081,0.47204,0.23064,0.2691,0.10005,4.065,0.61124,0.53276,0.000629375,0.000629375,0.000629375
877,2577.57,3.24595,0.48567,0.54519,0.47852,0.23243,0.27128,0.10014,4.06403,0.61012,0.53194,0.00062438,0.00062438,0.00062438
878,2580.5,2.93179,0.44833,0.54334,0.47475,0.23339,0.27024,0.10008,4.06961,0.60969,0.53195,0.000619385,0.000619385,0.000619385
879,2583.22,2.89187,0.44275,0.54838,0.47402,0.23298,0.27041,0.09967,4.0763,0.61182,0.53171,0.00061439,0.00061439,0.00061439
880,2586.42,2.87078,0.4527,0.54379,0.4744,0.23655,0.27214,0.09991,4.0787,0.6134,0.53151,0.000609395,0.000609395,0.000609395
881,2589.51,2.91446,0.45885,0.5454,0.47265,0.23613,0.26997,0.09973,4.08134,0.61435,0.53128,0.0006044,0.0006044,0.0006044
882,2592.57,3.06709,0.46296,0.55425,0.47145,0.23449,0.27012,0.09946,4.08322,0.61559,0.53075,0.000599405,0.000599405,0.000599405
883,2595.3,3.08298,0.47234,0.54478,0.47148,0.2338,0.26881,0.09948,4.08692,0.61387,0.53098,0.00059441,0.00059441,0.00059441
884,2598.36,3.34369,0.49759,0.54701,0.47209,0.23147,0.26811,0.09966,4.07484,0.61203,0.5309,0.000589415,0.000589415,0.000589415
885,2601.3,3.50606,0.52075,0.52885,0.47381,0.23229,0.26936,0.09976,4.07445,0.61218,0.53057,0.00058442,0.00058442,0.00058442
886,2604.27,2.9717,0.44103,0.54103,0.47606,0.23389,0.27062,0.09938,4.07958,0.6133,0.53044,0.000579425,0.000579425,0.000579425
887,2607,3.13823,0.46025,0.54182,0.47537,0.2338,0.27115,0.09955,4.07827,0.61247,0.53022,0.00057443,0.00057443,0.00057443
888,2610.21,3.17274,0.48342,0.54812,0.47932,0.23366,0.27177,0.09958,4.08728,0.61161,0.53,0.000569435,0.000569435,0.000569435
889,2612.93,3.13254,0.47125,0.54785,0.47888,0.23366,0.27034,0.09943,4.08067,0.60988,0.53009,0.00056444,0.00056444,0.00056444
890,2615.7,3.08019,0.46207,0.54382,0.47771,0.23311,0.27114,0.09943,4.07443,0.60873,0.53189,0.000559445,0.000559445,0.000559445
891,2618.17,3.0398,0.45467,0.54551,0.47926,0.23274,0.26995,0.09931,4.06512,0.60823,0.53158,0.00055445,0.00055445,0.00055445
892,2620.99,3.04844,0.46924,0.54752,0.48214,0.23133,0.27054,0.10025,4.06278,0.61032,0.53182,0.000549455,0.000549455,0.000549455
893,2623.68,3.34606,0.49754,0.54998,0.48155,0.23144,0.27066,0.10052,4.05917,0.61025,0.53211,0.00054446,0.00054446,0.00054446
894,2626.49,3.05257,0.46841,0.54866,0.48284,0.232,0.27221,0.1005,4.0574,0.60916,0.53201,0.000539465,0.000539465,0.000539465
895,2629.24,3.28484,0.46975,0.5437,0.48072,0.23092,0.2706,0.1004,4.05693,0.60856,0.53156,0.00053447,0.00053447,0.00053447
896,2632.28,2.72768,0.41798,0.5451,0.47679,0.23284,0.27134,0.09998,4.06477,0.60883,0.53086,0.000529475,0.000529475,0.000529475
897,2634.87,3.33384,0.4893,0.53327,0.47719,0.23284,0.27161,0.10024,4.05791,0.60912,0.53066,0.00052448,0.00052448,0.00052448
898,2637.79,3.05183,0.46475,0.55047,0.47878,0.2338,0.27178,0.10009,4.06265,0.61011,0.53106,0.000519485,0.000519485,0.000519485
899,2640.49,3.33341,0.516,0.54055,0.476,0.23435,0.27252,0.10054,4.07394,0.61228,0.53139,0.00051449,0.00051449,0.00051449
900,2643.73,3.11597,0.46718,0.55131,0.47824,0.23394,0.27327,0.1005,4.07465,0.61136,0.53227,0.000509495,0.000509495,0.000509495
901,2646.33,3.02396,0.47013,0.54551,0.48023,0.2338,0.27305,0.10001,4.06432,0.6098,0.53182,0.0005045,0.0005045,0.0005045
902,2649.3,3.11359,0.47066,0.5536,0.48049,0.23202,0.27332,0.10022,4.05994,0.60777,0.53198,0.000499505,0.000499505,0.000499505
903,2652.18,3.36005,0.48538,0.54425,0.48123,0.2316,0.27347,0.10029,4.04547,0.60593,0.53085,0.00049451,0.00049451,0.00049451
904,2655.34,3.00546,0.46794,0.54694,0.48598,0.23298,0.27589,0.10143,4.04348,0.60476,0.53047,0.000489515,0.000489515,0.000489515
905,2658.35,3.1447,0.48368,0.52877,0.48757,0.23311,0.27527,0.10117,4.0403,0.60638,0.53126,0.00048452,0.00048452,0.00048452
906,2661.3,3.21141,0.47815,0.55361,0.48332,0.23366,0.27379,0.10149,4.03684,0.60829,0.53135,0.000479525,0.000479525,0.000479525
907,2664.3,2.74728,0.43901,0.56718,0.47886,0.23421,0.2734,0.10114,4.04177,0.61027,0.53166,0.00047453,0.00047453,0.00047453
908,2667.5,3.03038,0.45647,0.55873,0.48051,0.23366,0.27182,0.1007,4.0359,0.60895,0.53158,0.000469535,0.000469535,0.000469535
909,2670.2,3.19826,0.49213,0.54302,0.47914,0.23407,0.2722,0.10022,4.03278,0.60763,0.53115,0.00046454,0.00046454,0.00046454
910,2673.15,3.13808,0.47751,0.53884,0.47766,0.23504,0.27101,0.1001,4.03509,0.60688,0.5311,0.000459545,0.000459545,0.000459545
911,2675.96,3.28084,0.4765,0.5502,0.47471,0.23613,0.27141,0.09987,4.03387,0.60729,0.53073,0.00045455,0.00045455,0.00045455
912,2679.02,3.13008,0.46995,0.54757,0.47252,0.2327,0.26953,0.09879,4.05322,0.60765,0.53165,0.000449555,0.000449555,0.000449555
913,2681.79,2.95667,0.45433,0.53972,0.47971,0.23449,0.27202,0.09921,4.06725,0.60873,0.53162,0.00044456,0.00044456,0.00044456
914,2684.67,2.79248,0.43893,0.54421,0.47872,0.23353,0.27054,0.09926,4.05249,0.60862,0.53116,0.000439565,0.000439565,0.000439565
915,2687.56,3.17735,0.47714,0.55018,0.47911,0.23437,0.2718,0.09945,4.06352,0.60979,0.53122,0.00043457,0.00043457,0.00043457
916,2690.46,3.39587,0.49952,0.53827,0.47952,0.23325,0.27122,0.09961,4.05099,0.60779,0.53103,0.000429575,0.000429575,0.000429575
917,2693.44,3.55916,0.50712,0.53879,0.47993,0.23286,0.27166,0.09995,4.05341,0.60749,0.53119,0.00042458,0.00042458,0.00042458
918,2696.46,2.78457,0.45007,0.5393,0.48227,0.23366,0.27205,0.10005,4.06772,0.60887,0.53188,0.000419585,0.000419585,0.000419585
919,2699.38,3.15046,0.46417,0.54527,0.48358,0.2327,0.27109,0.10027,4.05324,0.60737,0.53185,0.00041459,0.00041459,0.00041459
920,2702.84,3.34619,0.48862,0.54755,0.48661,0.23188,0.2729,0.10107,4.04744,0.6058,0.53202,0.000409595,0.000409595,0.000409595
921,2705.91,3.40761,0.50515,0.54527,0.49056,0.23202,0.27494,0.10134,4.04678,0.60601,0.53234,0.0004046,0.0004046,0.0004046
922,2709.07,2.88684,0.43789,0.54015,0.48808,0.23119,0.27533,0.10166,4.04653,0.60808,0.53181,0.000399605,0.000399605,0.000399605
923,2711.87,2.86308,0.4499,0.546,0.4912,0.23181,0.27584,0.10181,4.05027,0.6078,0.53138,0.00039461,0.00039461,0.00039461
924,2714.92,2.92259,0.4519,0.55237,0.48634,0.2327,0.27574,0.10104,4.04691,0.60728,0.53114,0.000389615,0.000389615,0.000389615
925,2718.16,3.47372,0.51816,0.53367,0.48517,0.23249,0.27447,0.10096,4.04073,0.60699,0.53056,0.00038462,0.00038462,0.00038462
926,2721.34,3.23465,0.47214,0.55114,0.48759,0.23311,0.27454,0.10141,4.03555,0.60814,0.53025,0.000379625,0.000379625,0.000379625
927,2724.22,3.14717,0.48268,0.55564,0.48587,0.23394,0.27384,0.10136,4.02771,0.60912,0.52988,0.00037463,0.00037463,0.00037463
928,2727.29,3.17766,0.46501,0.54411,0.48432,0.23119,0.2716,0.10036,4.03844,0.60846,0.52997,0.000369635,0.000369635,0.000369635
929,2729.82,3.06935,0.45839,0.5392,0.48354,0.23174,0.27229,0.10037,4.03723,0.60819,0.52965,0.00036464,0.00036464,0.00036464
930,2732.75,3.02577,0.45675,0.54957,0.48127,0.23284,0.2703,0.10036,4.04893,0.60767,0.52943,0.000359645,0.000359645,0.000359645
931,2735.42,3.0347,0.45733,0.54334,0.48198,0.23311,0.27055,0.09984,4.05482,0.60833,0.5294,0.00035465,0.00035465,0.00035465
932,2738.64,3.37809,0.4806,0.53906,0.48251,0.23348,0.27164,0.09994,4.0619,0.60975,0.5296,0.000349655,0.000349655,0.000349655
933,2741.62,3.33336,0.50941,0.53227,0.48151,0.23188,0.27011,0.09992,4.05128,0.60894,0.52921,0.00034466,0.00034466,0.00034466
934,2744.81,3.45287,0.52391,0.54064,0.48354,0.23325,0.27125,0.10102,4.04468,0.60859,0.52887,0.000339665,0.000339665,0.000339665
935,2747.71,3.40446,0.50512,0.53378,0.48433,0.23311,0.27269,0.10091,4.05388,0.60854,0.52904,0.00033467,0.00033467,0.00033467
936,2751.09,3.20205,0.48301,0.54532,0.48567,0.23298,0.27193,0.10158,4.05623,0.60934,0.52898,0.000329675,0.000329675,0.000329675
937,2753.97,3.06515,0.47579,0.53649,0.48282,0.23009,0.27049,0.10112,4.05828,0.60939,0.52905,0.00032468,0.00032468,0.00032468
938,2756.86,3.15662,0.47269,0.54075,0.48252,0.2316,0.27073,0.1008,4.06556,0.60947,0.52989,0.000319685,0.000319685,0.000319685
939,2759.49,3.09406,0.46877,0.5437,0.48286,0.23151,0.27073,0.10081,4.05753,0.60904,0.52984,0.00031469,0.00031469,0.00031469
940,2762.45,3.23447,0.47301,0.53935,0.48309,0.2316,0.27184,0.10162,4.05743,0.60932,0.53012,0.000309695,0.000309695,0.000309695
941,2765.25,3.08707,0.47366,0.54784,0.48249,0.23325,0.27208,0.1015,4.06123,0.60952,0.53025,0.0003047,0.0003047,0.0003047
942,2768.4,3.02428,0.46578,0.535,0.4808,0.23355,0.27203,0.10126,4.06187,0.60958,0.53085,0.000299705,0.000299705,0.000299705
943,2771.32,3.18812,0.48027,0.53648,0.48138,0.23435,0.27171,0.10117,4.05159,0.60956,0.53101,0.00029471,0.00029471,0.00029471
944,2774.58,3.435,0.50603,0.54603,0.47863,0.23504,0.27144,0.10023,4.06542,0.61227,0.5314,0.000289715,0.000289715,0.000289715
945,2777.74,3.24246,0.46994,0.5455,0.47795,0.23504,0.2721,0.10099,4.06927,0.61292,0.53152,0.00028472,0.00028472,0.00028472
946,2780.81,3.3949,0.48942,0.5347,0.4755,0.23486,0.27282,0.10133,4.06926,0.61444,0.53188,0.000279725,0.000279725,0.000279725
947,2783.45,2.99486,0.45265,0.56015,0.47538,0.23586,0.27362,0.1016,4.06244,0.61408,0.53174,0.00027473,0.00027473,0.00027473
948,2786.41,3.05999,0.45712,0.55236,0.47628,0.23284,0.27239,0.10188,4.05941,0.61186,0.53111,0.000269735,0.000269735,0.000269735
949,2789.26,3.07803,0.46868,0.54247,0.47669,0.23298,0.27211,0.1015,4.05004,0.61068,0.53103,0.00026474,0.00026474,0.00026474
950,2792.08,3.2414,0.47618,0.53909,0.47476,0.23243,0.27192,0.10188,4.05092,0.60997,0.53114,0.000259745,0.000259745,0.000259745
951,2794.8,2.86948,0.4472,0.54484,0.47413,0.23311,0.27299,0.10199,4.048,0.61025,0.53114,0.00025475,0.00025475,0.00025475
952,2798.4,3.10656,0.46668,0.54423,0.47473,0.23215,0.27289,0.10171,4.04619,0.61093,0.53171,0.000249755,0.000249755,0.000249755
953,2801.41,3.14109,0.47306,0.52965,0.47432,0.23301,0.2731,0.10193,4.04408,0.61096,0.53146,0.00024476,0.00024476,0.00024476
954,2804.41,3.28021,0.48521,0.5348,0.47391,0.2327,0.27182,0.1021,4.04998,0.61174,0.53194,0.000239765,0.000239765,0.000239765
955,2807.38,3.4237,0.50124,0.5319,0.47583,0.2327,0.27167,0.102,4.04938,0.61189,0.53194,0.00023477,0.00023477,0.00023477
956,2810.43,3.22496,0.47068,0.53534,0.47675,0.23311,0.27271,0.10228,4.05307,0.61349,0.53197,0.000229775,0.000229775,0.000229775
957,2813.6,3.14322,0.47072,0.53933,0.47652,0.2332,0.27252,0.10232,4.05141,0.61356,0.53142,0.00022478,0.00022478,0.00022478
958,2817.09,3.3194,0.49003,0.53835,0.47731,0.2327,0.27219,0.10176,4.04924,0.61386,0.53163,0.000219785,0.000219785,0.000219785
959,2819.88,3.26963,0.4827,0.5342,0.47757,0.23256,0.27238,0.10193,4.04716,0.61371,0.53151,0.00021479,0.00021479,0.00021479
960,2823.26,3.104,0.48139,0.54171,0.47735,0.2316,0.27216,0.10168,4.04214,0.61294,0.53193,0.000209795,0.000209795,0.000209795
961,2826.28,3.07013,0.47082,0.55086,0.47678,0.23106,0.27179,0.10172,4.03959,0.61253,0.53189,0.0002048,0.0002048,0.0002048
962,2829.3,3.43046,0.49143,0.53201,0.47657,0.23188,0.27161,0.10069,4.04718,0.61264,0.53235,0.000199805,0.000199805,0.000199805
963,2832.17,2.90054,0.4591,0.53421,0.47499,0.23229,0.27178,0.10041,4.04996,0.61293,0.53215,0.00019481,0.00019481,0.00019481
964,2835.51,3.13518,0.47424,0.53233,0.4741,0.23243,0.27116,0.10007,4.06776,0.61448,0.53317,0.000189815,0.000189815,0.000189815
965,2838.3,3.29997,0.46428,0.54459,0.47562,0.23284,0.27121,0.10027,4.07295,0.61476,0.53327,0.00018482,0.00018482,0.00018482
966,2841.43,3.18642,0.45318,0.5463,0.47649,0.23325,0.27172,0.10098,4.06433,0.61262,0.53337,0.000179825,0.000179825,0.000179825
967,2844.25,2.9981,0.441,0.55245,0.47635,0.23378,0.27206,0.10135,4.05982,0.61187,0.53307,0.00017483,0.00017483,0.00017483
968,2847.4,3.06731,0.49115,0.53736,0.48214,0.23325,0.27172,0.10112,4.05589,0.60906,0.53258,0.000169835,0.000169835,0.000169835
969,2850.15,3.35229,0.49374,0.53696,0.48206,0.23435,0.27241,0.1012,4.05894,0.60955,0.53278,0.00016484,0.00016484,0.00016484
970,2853.35,2.86767,0.46023,0.56005,0.48173,0.2338,0.27329,0.10125,4.05407,0.60839,0.53242,0.000159845,0.000159845,0.000159845
971,2856.16,3.62317,0.51887,0.53402,0.48245,0.23407,0.2736,0.10148,4.05452,0.60864,0.53228,0.00015485,0.00015485,0.00015485
972,2859.32,3.12974,0.47435,0.54599,0.48405,0.2338,0.27371,0.10169,4.05634,0.60775,0.53197,0.000149855,0.000149855,0.000149855
973,2862.1,3.21553,0.47791,0.5416,0.48381,0.23284,0.27433,0.10178,4.05267,0.60721,0.53181,0.00014486,0.00014486,0.00014486
974,2865.05,3.23503,0.4725,0.55234,0.48116,0.23353,0.27345,0.10181,4.05443,0.60569,0.53193,0.000139865,0.000139865,0.000139865
975,2867.98,2.66396,0.42304,0.55312,0.47923,0.23407,0.27361,0.10191,4.05117,0.60528,0.53185,0.00013487,0.00013487,0.00013487
976,2871.14,2.94679,0.43412,0.54683,0.48478,0.23558,0.27554,0.10182,4.0591,0.60568,0.53159,0.000129875,0.000129875,0.000129875
977,2874.2,3.03363,0.48251,0.54242,0.48065,0.23353,0.2735,0.10168,4.05665,0.60647,0.53151,0.00012488,0.00012488,0.00012488
978,2876.98,3.28025,0.49104,0.53839,0.47869,0.23297,0.27211,0.10123,4.05512,0.60673,0.53154,0.000119885,0.000119885,0.000119885
979,2879.71,3.15526,0.4533,0.54313,0.47948,0.23353,0.27291,0.10119,4.05364,0.60707,0.53154,0.00011489,0.00011489,0.00011489
980,2882.75,2.77364,0.44343,0.54416,0.47713,0.2338,0.27282,0.10139,4.04876,0.6082,0.53171,0.000109895,0.000109895,0.000109895
981,2885.86,3.129,0.46643,0.5504,0.47783,0.23407,0.27258,0.1013,4.05002,0.60822,0.53194,0.0001049,0.0001049,0.0001049
982,2889.26,3.08744,0.46068,0.55829,0.47273,0.2327,0.27135,0.10127,4.04499,0.60638,0.53178,9.9905e-05,9.9905e-05,9.9905e-05
983,2892.18,2.88324,0.44808,0.54521,0.47213,0.23202,0.27067,0.10111,4.04444,0.60659,0.53162,9.491e-05,9.491e-05,9.491e-05
984,2895.42,3.33224,0.50059,0.52806,0.47246,0.23189,0.27093,0.10141,4.04421,0.60673,0.53154,8.9915e-05,8.9915e-05,8.9915e-05
985,2898.4,3.33696,0.50909,0.53804,0.47331,0.2316,0.27098,0.10148,4.04644,0.60708,0.53151,8.492e-05,8.492e-05,8.492e-05
986,2901.54,3.00931,0.45092,0.5495,0.47224,0.23147,0.27132,0.10159,4.03435,0.60645,0.53135,7.9925e-05,7.9925e-05,7.9925e-05
987,2904.14,3.15272,0.48259,0.55153,0.47408,0.23298,0.27224,0.10185,4.0448,0.60633,0.53124,7.493e-05,7.493e-05,7.493e-05
988,2907.31,3.11576,0.4755,0.54582,0.47356,0.23205,0.27152,0.10173,4.03982,0.6062,0.53153,6.9935e-05,6.9935e-05,6.9935e-05
989,2910.34,2.91624,0.44268,0.55057,0.47353,0.23243,0.2717,0.10183,4.04076,0.60611,0.53151,6.494e-05,6.494e-05,6.494e-05
990,2913.04,3.2384,0.46783,0.54847,0.47393,0.23243,0.27197,0.10169,4.0439,0.60693,0.53148,5.9945e-05,5.9945e-05,5.9945e-05
991,2968.37,3.87112,0.57233,0.52382,0.47437,0.23306,0.27201,0.10157,4.04148,0.60723,0.53144,5.495e-05,5.495e-05,5.495e-05
992,2971.12,3.19694,0.48953,0.53557,0.47535,0.23325,0.27196,0.10173,4.04089,0.60719,0.53163,4.9955e-05,4.9955e-05,4.9955e-05
993,2974.39,3.31481,0.50228,0.53939,0.47553,0.23188,0.27195,0.10179,4.03909,0.60674,0.5315,4.496e-05,4.496e-05,4.496e-05
994,2977.49,3.20871,0.48822,0.53615,0.47498,0.23229,0.27164,0.10186,4.0391,0.60753,0.53158,3.9965e-05,3.9965e-05,3.9965e-05
995,2980.13,3.4106,0.50327,0.54218,0.47602,0.23229,0.27173,0.10176,4.04484,0.6084,0.53178,3.497e-05,3.497e-05,3.497e-05
996,2982.94,3.27099,0.49156,0.53947,0.47657,0.23215,0.27141,0.10195,4.03816,0.60885,0.53168,2.9975e-05,2.9975e-05,2.9975e-05
997,2985.86,3.46757,0.57522,0.54008,0.47639,0.23202,0.2719,0.10209,4.03878,0.60875,0.53182,2.498e-05,2.498e-05,2.498e-05
998,2988.78,3.5418,0.52372,0.53267,0.47842,0.23246,0.27195,0.10201,4.03755,0.6085,0.53228,1.9985e-05,1.9985e-05,1.9985e-05
999,2991.91,3.6217,0.53506,0.53325,0.47816,0.23215,0.27195,0.1021,4.03789,0.60901,0.53211,1.499e-05,1.499e-05,1.499e-05
1000,2994.82,3.34814,0.50114,0.54711,0.47747,0.23245,0.27233,0.10194,4.03308,0.60873,0.53225,9.995e-06,9.995e-06,9.995e-06
