epoch,time,train/box_loss,train/cls_loss,train/dfl_loss,metrics/precision(B),metrics/recall(B),metrics/mAP50(B),metrics/mAP50-95(B),val/box_loss,val/cls_loss,val/dfl_loss,lr/pg0,lr/pg1,lr/pg2
1,4.57222,3.29108,5.53765,1.25034,0.02538,0.01551,0.01295,0.00496,3.38054,6.29493,1.1607,0.19005,5e-05,5e-05
2,7.99584,3.61627,6.36832,1.23275,0.02749,0.02059,0.0142,0.00537,3.395,5.69709,1.15635,0.17811,0.00011,0.00011
3,11.6505,3.18022,3.89764,1.24371,0.03403,0.03583,0.02353,0.0095,3.42444,4.12401,1.11682,0.16617,0.000169998,0.000169998
4,15.2873,3.15798,3.25435,1.16411,0.12069,0.04091,0.03108,0.01191,3.47135,3.16644,1.05636,0.15423,0.000229993,0.000229993
5,18.8011,3.28974,3.01279,1.11512,0.17458,0.06494,0.05166,0.01504,3.43978,2.6987,0.96274,0.14229,0.000289984,0.000289984
6,22.2567,3.16208,2.32489,1.11889,0.19797,0.07125,0.0595,0.01688,3.39928,2.57401,0.92607,0.13035,0.00034997,0.00034997
7,25.7934,2.86088,2.14192,1.02768,0.21877,0.07468,0.06312,0.01738,3.416,2.52935,0.92094,0.11841,0.000409949,0.000409949
8,29.4761,2.84657,2.27299,1.04072,0.24125,0.06947,0.06636,0.0184,3.44608,2.31175,0.8999,0.10647,0.00046992,0.00046992
9,32.9451,2.90745,1.94791,1.01939,0.20846,0.08114,0.06863,0.01852,3.45577,2.16382,0.89337,0.0945299,0.000529882,0.000529882
10,36.3879,2.85995,1.80548,0.97843,0.20353,0.0832,0.06991,0.01791,3.37108,2.15613,0.87941,0.0825898,0.000589834,0.000589834
11,39.7326,3.18291,2.13674,0.99542,0.21659,0.09638,0.07666,0.01974,3.35409,2.14634,0.88087,0.0706498,0.000649774,0.000649774
12,43.2498,2.97535,1.85788,0.97021,0.23657,0.09487,0.07698,0.02151,3.26675,2.08254,0.88484,0.0587097,0.000709702,0.000709702
13,46.773,2.79119,1.73919,0.96594,0.24218,0.10502,0.08636,0.02396,3.24625,1.9687,0.88308,0.0467696,0.000769615,0.000769615
14,50.2579,2.72476,1.85541,1.02528,0.2602,0.09583,0.08303,0.02426,3.25793,1.94162,0.88805,0.0348295,0.000829513,0.000829513
15,53.6667,2.96032,1.79579,0.96337,0.25948,0.09953,0.08466,0.02517,3.24401,2.25816,0.88533,0.0228894,0.000889395,0.000889395
16,57.2316,2.9891,1.92632,0.94428,0.25788,0.10969,0.09353,0.02795,3.23989,1.9288,0.89185,0.0109493,0.000949259,0.000949259
17,60.6027,2.8629,1.87443,0.96849,0.29521,0.09926,0.09176,0.02672,3.23308,1.92712,0.89745,0.000999112,0.000999112,0.000999112
18,63.9175,2.77842,1.67445,0.95262,0.28191,0.10612,0.09363,0.02725,3.2378,1.85157,0.88449,0.000998998,0.000998998,0.000998998
19,67.1708,2.98296,1.75548,0.95217,0.27552,0.11779,0.1045,0.02992,3.16747,1.85097,0.88134,0.000998876,0.000998876,0.000998876
20,70.5988,3.01161,2.35004,0.89411,0.29059,0.11175,0.10391,0.02969,3.19675,1.79248,0.88021,0.000998748,0.000998748,0.000998748
21,74.0445,2.78251,1.65025,0.93793,0.28033,0.10942,0.09844,0.03024,3.2232,1.84266,0.88718,0.000998613,0.000998613,0.000998613
22,77.4906,2.77664,1.66225,0.95579,0.28323,0.11807,0.1053,0.03235,3.13195,1.91246,0.88461,0.000998471,0.000998471,0.000998471
23,80.7755,2.64923,1.63147,0.94333,0.29676,0.11326,0.10354,0.03125,3.1479,1.77497,0.88988,0.000998322,0.000998322,0.000998322
24,84.1241,2.59226,1.567,0.95517,0.30993,0.11161,0.1082,0.03333,3.11821,1.79909,0.88514,0.000998166,0.000998166,0.000998166
25,87.5837,2.78902,1.6528,0.89365,0.31791,0.11741,0.11625,0.03455,3.10402,1.76306,0.87708,0.000998003,0.000998003,0.000998003
26,91.1703,2.96608,1.81532,0.93668,0.29539,0.12155,0.10877,0.03359,3.13129,1.82172,0.88454,0.000997833,0.000997833,0.000997833
27,94.4112,2.7282,1.76801,0.90808,0.31273,0.11779,0.11105,0.03458,3.10648,1.76453,0.88573,0.000997656,0.000997656,0.000997656
28,97.9196,3.05015,2.01236,0.87981,0.30632,0.12676,0.11616,0.03564,3.08663,2.0013,0.88258,0.000997473,0.000997473,0.000997473
29,101.332,2.82407,1.75549,0.92979,0.31637,0.123,0.11826,0.03691,3.08087,1.71688,0.88149,0.000997282,0.000997282,0.000997282
30,104.79,2.51971,1.50555,0.93226,0.32799,0.11697,0.11976,0.03553,3.10937,1.79628,0.87831,0.000997085,0.000997085,0.000997085
31,108.062,2.75329,1.74493,0.92746,0.32509,0.12994,0.12626,0.03822,3.06427,1.69093,0.87811,0.000996881,0.000996881,0.000996881
32,111.568,3.16518,2.30956,0.88132,0.35808,0.12205,0.13037,0.0389,3.07703,1.81405,0.87542,0.00099667,0.00099667,0.00099667
33,114.973,2.6619,1.78333,0.93461,0.31857,0.13331,0.12669,0.0383,3.07586,1.724,0.87173,0.000996452,0.000996452,0.000996452
34,118.441,2.53985,1.46463,0.91742,0.32117,0.13248,0.12676,0.0391,3.06346,1.69621,0.87689,0.000996227,0.000996227,0.000996227
35,121.966,2.79732,1.64864,0.92487,0.34079,0.12507,0.13023,0.03886,3.08078,1.7341,0.88111,0.000995995,0.000995995,0.000995995
36,125.332,2.72787,1.59553,0.93616,0.34075,0.12479,0.13063,0.03969,3.07577,1.72576,0.8801,0.000995756,0.000995756,0.000995756
37,128.619,2.68458,1.63337,0.94261,0.3368,0.1307,0.1327,0.03807,3.08442,1.68591,0.87542,0.000995511,0.000995511,0.000995511
38,131.902,2.79866,1.62726,0.9306,0.31978,0.13605,0.13174,0.03967,3.04657,1.66402,0.87324,0.000995258,0.000995258,0.000995258
39,135.279,2.70312,1.60728,0.92113,0.32825,0.1307,0.12653,0.03861,3.06219,1.70373,0.87381,0.000994999,0.000994999,0.000994999
40,138.61,2.90501,1.6558,0.91884,0.34103,0.13331,0.12776,0.03777,3.06919,1.71172,0.87194,0.000994733,0.000994733,0.000994733
41,141.989,2.48404,1.4836,0.90983,0.32353,0.1307,0.12381,0.03813,3.05903,1.6852,0.87651,0.00099446,0.00099446,0.00099446
42,145.432,2.57659,1.50787,0.95059,0.33679,0.13688,0.133,0.04092,3.00333,1.66259,0.8756,0.00099418,0.00099418,0.00099418
43,148.81,2.74938,1.62732,0.91375,0.36081,0.13811,0.13914,0.04082,3.0165,1.69415,0.87256,0.000993893,0.000993893,0.000993893
44,152.123,2.73311,1.6229,0.88173,0.36442,0.13482,0.13917,0.04319,2.99803,1.71086,0.87591,0.0009936,0.0009936,0.0009936
45,155.462,2.87396,1.72929,0.9121,0.33469,0.13605,0.1358,0.04183,3.00979,1.65584,0.87276,0.000993299,0.000993299,0.000993299
46,158.812,2.64268,1.62543,0.92575,0.34728,0.13729,0.13409,0.04041,3.02566,1.64716,0.86446,0.000992992,0.000992992,0.000992992
47,162.197,2.67929,1.56516,0.89715,0.34175,0.13852,0.13428,0.04108,3.01452,1.66305,0.86565,0.000992678,0.000992678,0.000992678
48,165.593,2.64614,1.57571,0.94309,0.36206,0.13893,0.13937,0.04269,2.97764,1.68456,0.86311,0.000992357,0.000992357,0.000992357
49,169.04,2.67674,1.55865,0.88976,0.35163,0.13921,0.13759,0.04316,2.98102,1.63739,0.86828,0.000992029,0.000992029,0.000992029
50,172.418,2.54904,1.54352,0.91302,0.35585,0.14456,0.14683,0.04503,2.95253,1.63937,0.86325,0.000991695,0.000991695,0.000991695
51,175.771,2.55157,1.59801,0.88965,0.37063,0.14044,0.14675,0.04618,2.94604,1.67482,0.85848,0.000991353,0.000991353,0.000991353
52,179.341,2.76178,1.57146,0.90963,0.36289,0.14506,0.14708,0.04629,2.94845,1.62931,0.86271,0.000991005,0.000991005,0.000991005
53,182.672,2.73087,1.60091,0.88093,0.35525,0.14758,0.14698,0.04535,2.95096,1.61271,0.85958,0.00099065,0.00099065,0.00099065
54,186.207,2.68287,1.57862,0.93576,0.35996,0.14964,0.14946,0.04609,2.94591,1.61618,0.85994,0.000990289,0.000990289,0.000990289
55,189.476,2.79602,1.67276,0.9366,0.37563,0.14649,0.1496,0.04589,2.9474,1.65393,0.86181,0.00098992,0.00098992,0.00098992
56,192.907,2.53018,1.50743,0.91741,0.36474,0.14951,0.15055,0.04524,2.96329,1.60254,0.85998,0.000989545,0.000989545,0.000989545
57,196.165,2.61881,1.49167,0.88175,0.35734,0.14702,0.14709,0.04585,2.96136,1.6118,0.86607,0.000989163,0.000989163,0.000989163
58,199.45,2.94484,1.78239,0.89658,0.36318,0.14909,0.1514,0.04791,2.94255,1.60813,0.85916,0.000988774,0.000988774,0.000988774
59,202.802,2.80262,1.63691,0.88651,0.37252,0.15225,0.15378,0.04796,2.94413,1.60741,0.85768,0.000988378,0.000988378,0.000988378
60,206.404,2.5478,1.53646,0.9336,0.3599,0.15143,0.15353,0.04748,2.9362,1.59762,0.85372,0.000987976,0.000987976,0.000987976
61,209.861,2.56115,1.50089,0.89561,0.37951,0.14621,0.15373,0.04795,2.93902,1.66344,0.85066,0.000987566,0.000987566,0.000987566
62,213.112,2.73992,1.70084,0.89059,0.38914,0.14786,0.15912,0.05025,2.91298,1.67708,0.85058,0.000987151,0.000987151,0.000987151
63,216.522,2.5434,1.51344,0.92458,0.35892,0.15074,0.15432,0.04829,2.92448,1.62029,0.85422,0.000986728,0.000986728,0.000986728
64,219.939,2.61545,1.54393,0.88656,0.36118,0.15019,0.15239,0.04791,2.93378,1.61256,0.85479,0.000986299,0.000986299,0.000986299
65,223.262,2.90398,1.97077,0.92024,0.39089,0.14813,0.15921,0.04971,2.91503,1.6965,0.85192,0.000985862,0.000985862,0.000985862
66,226.644,2.52146,1.45629,0.91319,0.34382,0.14992,0.14819,0.04735,2.93963,1.61746,0.85582,0.00098542,0.00098542,0.00098542
67,230.093,2.47406,1.46998,0.88652,0.36171,0.14854,0.152,0.04697,2.94773,1.60526,0.85055,0.00098497,0.00098497,0.00098497
68,233.446,2.35391,1.46903,0.92436,0.37704,0.14964,0.15572,0.04899,2.92401,1.63864,0.85075,0.000984514,0.000984514,0.000984514
69,236.718,2.62729,1.63221,0.88469,0.36428,0.15349,0.1566,0.04956,2.91185,1.60897,0.85026,0.000984051,0.000984051,0.000984051
70,240.151,2.74489,1.59041,0.88724,0.35554,0.15115,0.15458,0.04868,2.93212,1.60095,0.85182,0.000983581,0.000983581,0.000983581
71,243.362,2.91799,1.643,0.88486,0.35651,0.14992,0.15375,0.04566,2.9772,1.61465,0.84784,0.000983105,0.000983105,0.000983105
72,246.73,2.6851,1.91973,0.85696,0.39534,0.14631,0.15722,0.04953,2.90311,1.73502,0.84738,0.000982622,0.000982622,0.000982622
73,250.046,2.67118,1.55979,0.91331,0.36621,0.15651,0.15925,0.0505,2.90244,1.60972,0.84935,0.000982132,0.000982132,0.000982132
74,253.467,2.36099,1.40496,0.8925,0.3666,0.1536,0.15652,0.0499,2.90783,1.61272,0.85042,0.000981636,0.000981636,0.000981636
75,256.733,2.58404,1.50055,0.87172,0.37872,0.15308,0.15878,0.04954,2.90623,1.62398,0.84417,0.000981133,0.000981133,0.000981133
76,260.116,2.57458,1.54457,0.90207,0.38018,0.15898,0.16245,0.05066,2.88269,1.6055,0.84404,0.000980623,0.000980623,0.000980623
77,263.487,2.56436,1.50429,0.85898,0.37517,0.15733,0.16065,0.04931,2.93483,1.61194,0.84385,0.000980107,0.000980107,0.000980107
78,266.932,2.85885,1.56836,0.89595,0.37516,0.15829,0.16277,0.05117,2.89115,1.58897,0.84217,0.000979584,0.000979584,0.000979584
79,270.332,2.57064,1.6396,0.89604,0.38164,0.1539,0.1638,0.05208,2.87686,1.63995,0.8437,0.000979054,0.000979054,0.000979054
80,273.972,2.55022,1.47018,0.93786,0.37813,0.15761,0.16549,0.05117,2.90277,1.6089,0.84073,0.000978518,0.000978518,0.000978518
81,277.32,2.67865,1.55844,0.89271,0.36548,0.15541,0.16091,0.05145,2.87357,1.59764,0.8454,0.000977975,0.000977975,0.000977975
82,280.692,2.64623,1.51784,0.88948,0.37251,0.15774,0.1609,0.05178,2.88034,1.59505,0.84592,0.000977426,0.000977426,0.000977426
83,284.014,2.68145,1.53374,0.89325,0.38099,0.15623,0.1645,0.05189,2.8776,1.60241,0.8451,0.00097687,0.00097687,0.00097687
84,287.444,2.61038,1.60326,0.86261,0.37652,0.15527,0.16308,0.05211,2.88872,1.60783,0.84368,0.000976308,0.000976308,0.000976308
85,290.775,2.59433,1.51846,0.88491,0.3569,0.15459,0.15817,0.04976,2.92177,1.61317,0.84895,0.000975738,0.000975738,0.000975738
86,294.074,2.47722,1.41608,0.89198,0.3789,0.16172,0.16794,0.05344,2.86116,1.57904,0.84336,0.000975163,0.000975163,0.000975163
87,297.593,2.70087,1.58648,0.90512,0.38337,0.15568,0.16451,0.05212,2.89114,1.59738,0.84588,0.00097458,0.00097458,0.00097458
88,300.985,2.66411,1.64341,0.88709,0.38401,0.15335,0.16323,0.05002,2.91812,1.61849,0.84243,0.000973992,0.000973992,0.000973992
89,304.272,2.40661,1.4234,0.91448,0.37567,0.15733,0.16528,0.05241,2.86738,1.57892,0.84778,0.000973396,0.000973396,0.000973396
90,307.621,2.72418,1.49612,0.91059,0.3615,0.15953,0.16229,0.05156,2.8764,1.60239,0.84961,0.000972794,0.000972794,0.000972794
91,310.894,2.61544,1.46388,0.89926,0.38074,0.15912,0.16496,0.05266,2.85725,1.57656,0.84276,0.000972186,0.000972186,0.000972186
92,314.227,2.53942,1.51102,0.92065,0.36815,0.15734,0.16445,0.05126,2.91551,1.57743,0.8424,0.000971571,0.000971571,0.000971571
93,317.605,2.75982,1.61827,0.90532,0.36602,0.15912,0.1663,0.05312,2.86833,1.56533,0.84447,0.00097095,0.00097095,0.00097095
94,320.857,2.65565,1.54615,0.91841,0.37798,0.16159,0.171,0.05513,2.85179,1.57129,0.84646,0.000970322,0.000970322,0.000970322
95,324.286,2.70235,1.53,0.87425,0.38363,0.15664,0.1683,0.05336,2.88948,1.59767,0.84255,0.000969688,0.000969688,0.000969688
96,327.586,2.49642,1.43584,0.88274,0.37791,0.16214,0.16955,0.0537,2.86413,1.57512,0.84079,0.000969047,0.000969047,0.000969047
97,330.987,2.57889,1.50819,0.88775,0.36377,0.15925,0.16573,0.05395,2.88178,1.58262,0.84653,0.000968399,0.000968399,0.000968399
98,334.274,2.54544,1.48095,0.88697,0.37529,0.1631,0.16882,0.05458,2.86048,1.58183,0.84316,0.000967746,0.000967746,0.000967746
99,337.677,2.46448,1.44568,0.88595,0.38957,0.15884,0.16896,0.05465,2.84234,1.60132,0.83985,0.000967085,0.000967085,0.000967085
100,340.991,2.65618,1.55636,0.87719,0.38701,0.16172,0.17068,0.05469,2.8482,1.58649,0.83965,0.000966419,0.000966419,0.000966419
101,344.264,2.44144,1.44776,0.87045,0.36673,0.16076,0.16569,0.05364,2.8491,1.58644,0.84478,0.000965746,0.000965746,0.000965746
102,347.626,2.45142,1.45443,0.87548,0.3601,0.15925,0.16269,0.05273,2.8688,1.59346,0.84612,0.000965066,0.000965066,0.000965066
103,350.901,2.49246,1.42494,0.88901,0.38032,0.16447,0.17145,0.0551,2.83418,1.55471,0.83758,0.00096438,0.00096438,0.00096438
104,354.28,2.88334,1.62426,0.84952,0.38455,0.1642,0.17232,0.05568,2.85009,1.56054,0.83621,0.000963688,0.000963688,0.000963688
105,357.629,2.80264,1.57582,0.90023,0.36796,0.16104,0.16582,0.05446,2.86064,1.58869,0.84299,0.00096299,0.00096299,0.00096299
106,361.149,2.36445,1.37954,0.88415,0.37283,0.16296,0.16946,0.05543,2.84921,1.56762,0.84092,0.000962285,0.000962285,0.000962285
107,364.374,2.57003,1.48618,0.89959,0.38211,0.16172,0.17144,0.05441,2.86985,1.57649,0.83477,0.000961573,0.000961573,0.000961573
108,367.755,2.73719,1.56531,0.87182,0.38597,0.16186,0.17098,0.05446,2.87011,1.56535,0.83333,0.000960856,0.000960856,0.000960856
109,370.992,2.63685,1.50614,0.86993,0.37791,0.16516,0.17316,0.05684,2.83886,1.56382,0.83968,0.000960131,0.000960131,0.000960131
110,374.421,2.42156,1.45353,0.87485,0.38674,0.16805,0.17604,0.05683,2.83974,1.57013,0.83687,0.000959401,0.000959401,0.000959401
111,377.743,2.6261,1.48633,0.89036,0.38106,0.16461,0.17141,0.05451,2.86045,1.56954,0.83336,0.000958664,0.000958664,0.000958664
112,381.199,2.41406,1.42092,0.89031,0.38588,0.16708,0.17384,0.05584,2.83624,1.57565,0.83784,0.000957921,0.000957921,0.000957921
113,384.418,2.4296,1.41306,0.88986,0.37528,0.16886,0.17055,0.05379,2.86876,1.59088,0.83464,0.000957172,0.000957172,0.000957172
114,387.7,2.40872,1.43703,0.87862,0.38671,0.16529,0.17172,0.05448,2.86203,1.56116,0.83583,0.000956417,0.000956417,0.000956417
115,391.08,2.72361,1.50157,0.85485,0.36595,0.15692,0.16322,0.0508,2.89476,1.57166,0.83203,0.000955655,0.000955655,0.000955655
116,394.41,2.71043,1.48563,0.87845,0.39585,0.1679,0.17693,0.05687,2.83485,1.54527,0.83312,0.000954887,0.000954887,0.000954887
117,397.794,2.55144,1.4893,0.90981,0.3893,0.16694,0.17476,0.05697,2.81766,1.55183,0.83487,0.000954112,0.000954112,0.000954112
118,401.474,2.59331,1.50401,0.91109,0.39104,0.16818,0.17628,0.05617,2.82518,1.56213,0.83216,0.000953332,0.000953332,0.000953332
119,404.777,2.50662,1.47715,0.88578,0.38953,0.1701,0.17874,0.0582,2.82303,1.54904,0.83695,0.000952545,0.000952545,0.000952545
120,408.207,2.55775,1.52526,0.88543,0.39134,0.17202,0.17692,0.05715,2.83782,1.56893,0.83537,0.000951752,0.000951752,0.000951752
121,411.465,2.61675,1.61164,0.90446,0.3988,0.16639,0.17832,0.05802,2.81361,1.57262,0.8337,0.000950953,0.000950953,0.000950953
122,414.833,2.43248,1.41163,0.89647,0.38722,0.16605,0.174,0.05661,2.81975,1.54962,0.83647,0.000950148,0.000950148,0.000950148
123,418.234,2.56219,1.54065,0.9137,0.39672,0.16639,0.17858,0.05787,2.83427,1.55822,0.82854,0.000949336,0.000949336,0.000949336
124,421.748,2.56541,1.45952,0.86621,0.39644,0.16159,0.17369,0.05414,2.88645,1.57439,0.83072,0.000948518,0.000948518,0.000948518
125,424.97,2.6082,1.51247,0.89028,0.39784,0.16763,0.18074,0.05792,2.81664,1.55111,0.83276,0.000947695,0.000947695,0.000947695
126,428.261,2.48433,1.41649,0.87174,0.39494,0.16447,0.18024,0.05819,2.81804,1.5736,0.83136,0.000946865,0.000946865,0.000946865
127,431.571,2.52363,1.47532,0.91235,0.38086,0.16612,0.17695,0.05669,2.82224,1.55568,0.83589,0.000946028,0.000946028,0.000946028
128,435.172,2.67785,1.51571,0.87397,0.38963,0.16914,0.18213,0.05913,2.799,1.53859,0.83389,0.000945186,0.000945186,0.000945186
129,438.576,2.55742,1.46117,0.87715,0.39555,0.16488,0.18128,0.05882,2.80239,1.55935,0.8299,0.000944338,0.000944338,0.000944338
130,441.882,2.6412,1.57093,0.8784,0.40538,0.17175,0.18653,0.0596,2.79607,1.53504,0.83156,0.000943484,0.000943484,0.000943484
131,445.388,2.71337,1.64165,0.87736,0.38726,0.16639,0.17912,0.05847,2.81096,1.53801,0.83582,0.000942623,0.000942623,0.000942623
132,448.794,2.40235,1.37602,0.86684,0.39109,0.16613,0.17772,0.05839,2.79226,1.53259,0.83617,0.000941757,0.000941757,0.000941757
133,452.069,2.50521,1.46909,0.91875,0.38872,0.1723,0.18123,0.0588,2.78394,1.53771,0.83302,0.000940884,0.000940884,0.000940884
134,455.579,2.60362,1.54541,0.85258,0.39157,0.16804,0.1796,0.05904,2.79259,1.53416,0.83566,0.000940006,0.000940006,0.000940006
135,458.86,2.40859,1.41782,0.87577,0.39409,0.1668,0.18032,0.05904,2.78958,1.54415,0.83032,0.000939121,0.000939121,0.000939121
136,462.226,2.55383,1.49058,0.88311,0.39555,0.16818,0.18098,0.05882,2.79887,1.54071,0.83041,0.00093823,0.00093823,0.00093823
137,465.738,2.62191,1.59507,0.88038,0.39512,0.17257,0.18516,0.06051,2.76858,1.52445,0.83173,0.000937334,0.000937334,0.000937334
138,469.236,2.54761,1.53173,0.93197,0.38798,0.1712,0.17941,0.05907,2.78569,1.53089,0.83634,0.000936431,0.000936431,0.000936431
139,472.513,2.35981,1.38477,0.89152,0.39169,0.17381,0.18374,0.05815,2.80513,1.52324,0.83066,0.000935523,0.000935523,0.000935523
140,475.928,2.56945,1.5066,0.87131,0.39285,0.17284,0.18298,0.05935,2.78922,1.52469,0.83113,0.000934608,0.000934608,0.000934608
141,479.327,2.4819,1.41533,0.86867,0.38269,0.17073,0.1792,0.05886,2.77634,1.54178,0.83679,0.000933688,0.000933688,0.000933688
142,482.721,2.45992,1.37735,0.87828,0.38707,0.17106,0.18307,0.05914,2.79474,1.52967,0.83611,0.000932762,0.000932762,0.000932762
143,485.992,2.53998,1.45739,0.87631,0.39619,0.17422,0.18686,0.05978,2.7845,1.52704,0.83212,0.00093183,0.00093183,0.00093183
144,489.382,2.55178,1.53801,0.83126,0.4036,0.17545,0.18607,0.06037,2.77083,1.52296,0.83029,0.000930892,0.000930892,0.000930892
145,492.873,2.41032,1.38371,0.89021,0.39858,0.17614,0.18633,0.06044,2.77582,1.53964,0.83035,0.000929948,0.000929948,0.000929948
146,496.252,2.3314,1.36537,0.88209,0.39392,0.17298,0.1846,0.06005,2.7726,1.52973,0.83217,0.000928998,0.000928998,0.000928998
147,499.449,2.49564,1.4662,0.87627,0.38965,0.16354,0.17637,0.05568,2.83362,1.55782,0.82759,0.000928042,0.000928042,0.000928042
148,502.803,2.32885,1.35411,0.89604,0.41158,0.16749,0.18779,0.06066,2.76744,1.54869,0.83204,0.000927081,0.000927081,0.000927081
149,506.156,2.68711,1.57633,0.8961,0.39571,0.17408,0.18427,0.06011,2.77822,1.52394,0.83558,0.000926113,0.000926113,0.000926113
150,509.634,2.44204,1.40473,0.90622,0.39674,0.17738,0.18755,0.06104,2.77259,1.51886,0.8348,0.00092514,0.00092514,0.00092514
151,513.193,2.35178,1.34699,0.92032,0.41095,0.17463,0.19042,0.06143,2.77919,1.51216,0.83356,0.000924161,0.000924161,0.000924161
152,516.663,2.5005,1.42892,0.89339,0.41149,0.17154,0.19234,0.06239,2.77991,1.53103,0.83251,0.000923177,0.000923177,0.000923177
153,520.04,2.53542,1.44161,0.88796,0.3949,0.17079,0.18559,0.06085,2.78995,1.51152,0.83163,0.000922186,0.000922186,0.000922186
154,523.455,2.57612,1.59766,0.86491,0.4044,0.17024,0.18859,0.06163,2.76632,1.57094,0.82821,0.00092119,0.00092119,0.00092119
155,526.75,2.38776,1.44894,0.88316,0.39968,0.17558,0.19022,0.06249,2.76257,1.51954,0.83094,0.000920188,0.000920188,0.000920188
156,530.197,2.54464,1.52033,0.89554,0.39416,0.17889,0.19155,0.0628,2.75139,1.5127,0.82919,0.000919181,0.000919181,0.000919181
157,533.706,2.69255,1.58329,0.88184,0.39599,0.1723,0.18445,0.05944,2.79383,1.54374,0.82567,0.000918167,0.000918167,0.000918167
158,536.987,2.37708,1.46062,0.90502,0.40208,0.17435,0.18868,0.06156,2.76654,1.53842,0.82584,0.000917148,0.000917148,0.000917148
159,540.318,2.40573,1.41651,0.87013,0.39311,0.17394,0.18715,0.06197,2.77247,1.52119,0.82927,0.000916124,0.000916124,0.000916124
160,543.684,2.74892,1.63351,0.83301,0.40278,0.17381,0.18936,0.06273,2.76515,1.54597,0.82473,0.000915094,0.000915094,0.000915094
161,546.924,2.58175,1.46338,0.86345,0.3941,0.17216,0.18478,0.05847,2.82504,1.52826,0.82339,0.000914058,0.000914058,0.000914058
162,550.258,2.39172,1.38916,0.86975,0.40051,0.17463,0.18802,0.06144,2.78086,1.51736,0.82412,0.000913016,0.000913016,0.000913016
163,553.575,2.60166,1.44321,0.87229,0.39742,0.17422,0.18754,0.06166,2.77684,1.51698,0.82705,0.000911969,0.000911969,0.000911969
164,557.084,2.5072,1.48442,0.84885,0.40099,0.17532,0.18803,0.06103,2.78519,1.52732,0.82818,0.000910916,0.000910916,0.000910916
165,560.339,2.57698,1.43523,0.88237,0.39847,0.17751,0.19019,0.06157,2.76522,1.51794,0.82405,0.000909858,0.000909858,0.000909858
166,563.722,2.33045,1.36716,0.8896,0.39655,0.17243,0.18739,0.06142,2.7631,1.53395,0.82559,0.000908794,0.000908794,0.000908794
167,567.102,2.53851,1.41942,0.87279,0.39447,0.17655,0.18907,0.06215,2.77614,1.50826,0.8282,0.000907725,0.000907725,0.000907725
168,570.559,2.42984,1.44718,0.89947,0.40019,0.17339,0.18937,0.06327,2.75577,1.51105,0.82906,0.00090665,0.00090665,0.00090665
169,573.94,2.50191,1.53627,0.86029,0.40211,0.1701,0.1916,0.06314,2.76431,1.52824,0.82562,0.00090557,0.00090557,0.00090557
170,577.417,2.65678,1.49432,0.87504,0.40833,0.17271,0.19536,0.06374,2.76085,1.51168,0.82531,0.000904484,0.000904484,0.000904484
171,580.866,2.41964,1.39573,0.89841,0.40037,0.17216,0.18972,0.06325,2.75464,1.50721,0.82928,0.000903393,0.000903393,0.000903393
172,584.196,2.58847,1.44661,0.88223,0.42432,0.17381,0.19621,0.06369,2.75966,1.55137,0.82487,0.000902296,0.000902296,0.000902296
173,587.464,2.54426,1.51708,0.87022,0.41189,0.17889,0.19596,0.06356,2.76447,1.50824,0.82574,0.000901194,0.000901194,0.000901194
174,590.893,2.33562,1.38366,0.83649,0.39682,0.17724,0.19346,0.06179,2.76557,1.51122,0.82351,0.000900086,0.000900086,0.000900086
175,594.086,2.5778,1.49723,0.87361,0.40378,0.17669,0.19332,0.06386,2.76352,1.51525,0.8238,0.000898973,0.000898973,0.000898973
176,597.675,2.51746,1.45658,0.87112,0.39974,0.17573,0.18903,0.06079,2.79109,1.5183,0.82134,0.000897855,0.000897855,0.000897855
177,600.97,2.69039,1.51409,0.87994,0.40873,0.17367,0.19297,0.06409,2.74288,1.53366,0.82433,0.000896731,0.000896731,0.000896731
178,604.432,2.41236,1.42108,0.91276,0.41572,0.1793,0.19686,0.06488,2.75434,1.50614,0.825,0.000895602,0.000895602,0.000895602
179,607.872,2.15518,1.2878,0.88869,0.40217,0.18232,0.1972,0.06424,2.74955,1.50581,0.82639,0.000894467,0.000894467,0.000894467
180,611.173,2.49248,1.45825,0.85021,0.40131,0.17504,0.19144,0.06365,2.74833,1.50473,0.82687,0.000893328,0.000893328,0.000893328
181,614.474,2.57329,1.42765,0.86245,0.40362,0.18218,0.19558,0.06386,2.74367,1.49912,0.82428,0.000892183,0.000892183,0.000892183
182,617.884,2.45187,1.36653,0.87977,0.3982,0.18191,0.19354,0.06444,2.73675,1.49464,0.82604,0.000891032,0.000891032,0.000891032
183,621.363,2.5907,1.52339,0.8517,0.40298,0.17792,0.192,0.06472,2.737,1.50678,0.82717,0.000889877,0.000889877,0.000889877
184,624.678,2.44429,1.42,0.87474,0.38728,0.17806,0.1873,0.06341,2.75864,1.51089,0.83074,0.000888716,0.000888716,0.000888716
185,627.982,2.41594,1.51671,0.85246,0.39896,0.18012,0.19127,0.06352,2.75133,1.50815,0.82843,0.00088755,0.00088755,0.00088755
186,631.348,2.63407,1.53782,0.85664,0.40817,0.17971,0.19447,0.06524,2.72797,1.49957,0.82597,0.000886379,0.000886379,0.000886379
187,634.714,2.564,1.48109,0.85203,0.40242,0.17669,0.19241,0.06449,2.76428,1.51122,0.82652,0.000885202,0.000885202,0.000885202
188,638.092,2.49717,1.41352,0.85668,0.40426,0.17628,0.19093,0.06344,2.75509,1.50368,0.8252,0.000884021,0.000884021,0.000884021
189,641.407,2.4825,1.44347,0.88268,0.41232,0.17559,0.19373,0.06234,2.78205,1.51563,0.82203,0.000882834,0.000882834,0.000882834
190,645.045,2.51098,1.40633,0.83666,0.40979,0.18424,0.19678,0.06463,2.73085,1.51046,0.82275,0.000881642,0.000881642,0.000881642
191,648.333,2.55748,1.56447,0.87397,0.41558,0.17696,0.19534,0.06453,2.74388,1.52593,0.82318,0.000880445,0.000880445,0.000880445
192,651.62,2.3108,1.35355,0.88162,0.40342,0.18081,0.19186,0.06378,2.7461,1.51486,0.82579,0.000879243,0.000879243,0.000879243
193,654.846,2.46447,1.45788,0.86927,0.40629,0.17916,0.19232,0.06324,2.75804,1.50582,0.82172,0.000878036,0.000878036,0.000878036
194,658.112,2.54447,1.50732,0.86358,0.40848,0.17435,0.18955,0.06173,2.76812,1.51076,0.82181,0.000876824,0.000876824,0.000876824
195,661.473,2.50084,1.44674,0.85132,0.40962,0.17875,0.19165,0.06341,2.74465,1.52182,0.82597,0.000875606,0.000875606,0.000875606
196,664.872,2.36163,1.35175,0.85421,0.41558,0.17971,0.19647,0.06497,2.73498,1.49408,0.82174,0.000874384,0.000874384,0.000874384
197,668.171,2.51389,1.47717,0.8545,0.41025,0.18012,0.19831,0.06554,2.71606,1.49082,0.82201,0.000873157,0.000873157,0.000873157
198,671.57,2.38179,1.36771,0.85929,0.40955,0.18093,0.19694,0.06554,2.72016,1.48794,0.82223,0.000871925,0.000871925,0.000871925
199,675.078,2.42882,1.47547,0.84867,0.40933,0.18465,0.19713,0.06272,2.76273,1.4956,0.81945,0.000870687,0.000870687,0.000870687
200,678.411,2.4617,1.40398,0.868,0.41686,0.18028,0.19902,0.0649,2.74308,1.50067,0.8194,0.000869445,0.000869445,0.000869445
201,681.668,2.37142,1.45977,0.88127,0.41003,0.18081,0.19646,0.06566,2.7137,1.48561,0.82271,0.000868198,0.000868198,0.000868198
202,685.209,2.67028,1.56375,0.85111,0.40109,0.17889,0.192,0.06509,2.72845,1.50583,0.82648,0.000866946,0.000866946,0.000866946
203,688.559,2.47163,1.39207,0.87261,0.41799,0.18012,0.19713,0.06534,2.71043,1.49094,0.82313,0.000865689,0.000865689,0.000865689
204,692.062,2.30877,1.33224,0.88013,0.41645,0.1793,0.19686,0.06561,2.71315,1.48594,0.82582,0.000864427,0.000864427,0.000864427
205,695.268,2.34792,1.39937,0.87615,0.40104,0.17641,0.19124,0.06466,2.72348,1.49522,0.82833,0.000863161,0.000863161,0.000863161
206,698.679,2.44271,1.40879,0.86115,0.41904,0.17806,0.19602,0.0656,2.71578,1.48919,0.82474,0.000861889,0.000861889,0.000861889
207,701.931,2.428,1.44781,0.90349,0.41205,0.17875,0.19258,0.06395,2.73179,1.50625,0.8297,0.000860613,0.000860613,0.000860613
208,705.403,2.41674,1.38124,0.85482,0.41319,0.17874,0.19325,0.06453,2.73274,1.5102,0.82974,0.000859332,0.000859332,0.000859332
209,708.658,2.42892,1.37458,0.86272,0.42445,0.18396,0.20157,0.06657,2.71922,1.48895,0.82422,0.000858046,0.000858046,0.000858046
210,712.151,2.35266,1.36387,0.84918,0.42113,0.1804,0.20147,0.06668,2.71082,1.48595,0.82338,0.000856756,0.000856756,0.000856756
211,715.515,2.4091,1.42626,0.82723,0.42342,0.17875,0.19813,0.06672,2.71401,1.49258,0.82536,0.00085546,0.00085546,0.00085546
212,718.911,2.35672,1.42838,0.86928,0.41715,0.18305,0.19748,0.06507,2.73053,1.51003,0.827,0.00085416,0.00085416,0.00085416
213,722.181,2.4255,1.48763,0.85397,0.4138,0.18149,0.19832,0.06501,2.72276,1.49698,0.82227,0.000852856,0.000852856,0.000852856
214,725.484,2.28223,1.36868,0.88235,0.41543,0.18094,0.19868,0.06545,2.7263,1.49695,0.82255,0.000851546,0.000851546,0.000851546
215,728.915,2.29612,1.36964,0.85348,0.41167,0.18559,0.19969,0.06599,2.71174,1.51569,0.82697,0.000850232,0.000850232,0.000850232
216,732.234,2.24615,1.42503,0.87813,0.40302,0.18273,0.19539,0.0661,2.71122,1.49135,0.82503,0.000848914,0.000848914,0.000848914
217,735.521,2.34543,1.35179,0.89189,0.4076,0.18287,0.19864,0.0661,2.72375,1.4852,0.8216,0.00084759,0.00084759,0.00084759
218,738.807,2.53068,1.47841,0.85769,0.41886,0.17971,0.20182,0.0676,2.71793,1.5111,0.82187,0.000846262,0.000846262,0.000846262
219,742.208,2.38599,1.36101,0.86249,0.41378,0.18122,0.20076,0.06783,2.71187,1.49399,0.82209,0.00084493,0.00084493,0.00084493
220,745.701,2.57634,1.49295,0.84118,0.42854,0.1777,0.20377,0.06874,2.7073,1.51975,0.82251,0.000843593,0.000843593,0.000843593
221,749.321,2.55719,1.53872,0.83455,0.41834,0.18177,0.20176,0.06816,2.7014,1.48381,0.82439,0.000842252,0.000842252,0.000842252
222,752.658,2.7154,1.55369,0.8453,0.4167,0.18144,0.20268,0.06885,2.70107,1.48149,0.82519,0.000840906,0.000840906,0.000840906
223,756,2.58844,1.48251,0.87178,0.4241,0.18249,0.20452,0.06826,2.71403,1.49356,0.82267,0.000839555,0.000839555,0.000839555
224,759.329,2.48213,1.50434,0.83481,0.41528,0.17971,0.19941,0.06642,2.73465,1.50014,0.82233,0.0008382,0.0008382,0.0008382
225,762.682,2.31021,1.35591,0.87159,0.41197,0.1841,0.20043,0.06689,2.71236,1.4873,0.82515,0.000836841,0.000836841,0.000836841
226,766.079,2.25159,1.32592,0.8941,0.41473,0.18415,0.20171,0.06765,2.71005,1.4837,0.82452,0.000835477,0.000835477,0.000835477
227,769.398,2.30259,1.37122,0.90282,0.4153,0.17806,0.19838,0.06571,2.72824,1.48576,0.82162,0.000834109,0.000834109,0.000834109
228,772.822,2.48484,1.48121,0.84465,0.42274,0.18026,0.20092,0.06684,2.71668,1.48155,0.82058,0.000832736,0.000832736,0.000832736
229,776.106,2.5109,1.45779,0.85029,0.41783,0.18259,0.19794,0.06606,2.71236,1.48238,0.82005,0.000831359,0.000831359,0.000831359
230,779.507,2.2857,1.37146,0.85874,0.41525,0.18299,0.19993,0.067,2.69675,1.48408,0.82221,0.000829978,0.000829978,0.000829978
231,782.889,2.37034,1.44608,0.8449,0.41729,0.18245,0.19933,0.06471,2.75155,1.48784,0.81835,0.000828592,0.000828592,0.000828592
232,786.256,2.39855,1.39982,0.8816,0.41083,0.17806,0.19836,0.06542,2.74437,1.4897,0.818,0.000827202,0.000827202,0.000827202
233,789.479,2.46785,1.36226,0.85957,0.40709,0.18548,0.20087,0.06735,2.71545,1.49611,0.82179,0.000825808,0.000825808,0.000825808
234,792.956,2.62034,1.60265,0.84252,0.413,0.18273,0.20181,0.06731,2.71916,1.48434,0.82271,0.00082441,0.00082441,0.00082441
235,796.352,2.43587,1.37853,0.86265,0.41319,0.18154,0.20109,0.06509,2.73986,1.48812,0.81911,0.000823007,0.000823007,0.000823007
236,799.764,2.43286,1.41052,0.8684,0.4285,0.18067,0.20654,0.06872,2.70544,1.50876,0.82149,0.0008216,0.0008216,0.0008216
237,803.029,2.56748,1.4791,0.84822,0.42361,0.18232,0.2032,0.06762,2.70122,1.48299,0.82298,0.000820189,0.000820189,0.000820189
238,806.352,2.29303,1.32286,0.85833,0.42719,0.18245,0.20243,0.0675,2.69433,1.48608,0.82441,0.000818774,0.000818774,0.000818774
239,809.704,2.37573,1.38521,0.885,0.40158,0.17902,0.19328,0.06513,2.72167,1.50441,0.82947,0.000817354,0.000817354,0.000817354
240,813.195,2.52274,1.42119,0.86525,0.41659,0.18548,0.20072,0.06769,2.70336,1.49528,0.8239,0.000815931,0.000815931,0.000815931
241,816.479,2.30722,1.35578,0.88548,0.41561,0.18161,0.20023,0.06723,2.69898,1.49078,0.82606,0.000814503,0.000814503,0.000814503
242,819.809,2.30404,1.32882,0.86493,0.41364,0.18342,0.20226,0.06823,2.69511,1.48996,0.82299,0.000813072,0.000813072,0.000813072
243,823.062,2.13874,1.28878,0.86991,0.41747,0.17998,0.20129,0.06863,2.68717,1.49268,0.82158,0.000811636,0.000811636,0.000811636
244,826.433,2.2652,1.32235,0.88179,0.41655,0.18319,0.20256,0.06768,2.68376,1.48112,0.81984,0.000810196,0.000810196,0.000810196
245,829.773,2.5586,1.46311,0.85066,0.41009,0.1782,0.20078,0.068,2.69798,1.48957,0.82277,0.000808752,0.000808752,0.000808752
246,833.137,2.41781,1.40583,0.88202,0.40711,0.17977,0.19732,0.06673,2.70413,1.497,0.82582,0.000807305,0.000807305,0.000807305
247,836.516,2.47415,1.46994,0.8818,0.41961,0.18438,0.20554,0.06894,2.68912,1.4823,0.82051,0.000805853,0.000805853,0.000805853
248,840.018,2.36048,1.41599,0.88241,0.42434,0.18136,0.205,0.06867,2.70341,1.49021,0.82033,0.000804397,0.000804397,0.000804397
249,843.29,2.44163,1.54861,0.84899,0.41105,0.18053,0.20094,0.06831,2.71949,1.49068,0.82361,0.000802938,0.000802938,0.000802938
250,846.66,2.37269,1.38191,0.8723,0.41593,0.18191,0.20377,0.06948,2.69246,1.48953,0.82391,0.000801474,0.000801474,0.000801474
251,850.06,2.43371,1.37782,0.84874,0.41492,0.18401,0.20525,0.06931,2.68945,1.48578,0.81956,0.000800007,0.000800007,0.000800007
252,853.427,2.53299,1.43851,0.86204,0.42299,0.18287,0.20642,0.07002,2.69042,1.48849,0.82213,0.000798535,0.000798535,0.000798535
253,856.984,2.45278,1.39888,0.85252,0.41594,0.18254,0.20497,0.06985,2.68536,1.47573,0.82363,0.00079706,0.00079706,0.00079706
254,860.27,2.49924,1.39714,0.87605,0.41795,0.18218,0.20397,0.06927,2.694,1.47923,0.82553,0.000795581,0.000795581,0.000795581
255,863.607,2.67837,1.50792,0.83,0.41719,0.1863,0.2082,0.06805,2.70554,1.49119,0.82076,0.000794099,0.000794099,0.000794099
256,867.042,2.52149,1.49167,0.85264,0.41436,0.18396,0.20623,0.06672,2.71499,1.49438,0.81916,0.000792612,0.000792612,0.000792612
257,870.375,2.41229,1.41664,0.89381,0.40747,0.18548,0.20391,0.06837,2.68293,1.49149,0.82234,0.000791122,0.000791122,0.000791122
258,873.692,2.54409,1.49335,0.85323,0.41266,0.18163,0.20338,0.06849,2.68213,1.49206,0.82363,0.000789628,0.000789628,0.000789628
259,876.99,2.46388,1.43399,0.86107,0.41738,0.1841,0.20649,0.06828,2.6886,1.4919,0.82067,0.000788131,0.000788131,0.000788131
260,880.477,2.35643,1.35594,0.8739,0.42095,0.18245,0.20444,0.06833,2.70009,1.48228,0.82087,0.000786629,0.000786629,0.000786629
261,883.733,2.60442,1.50913,0.84509,0.423,0.18369,0.20714,0.06992,2.67218,1.47873,0.82019,0.000785124,0.000785124,0.000785124
262,887.16,2.34169,1.33102,0.8606,0.41549,0.18383,0.20719,0.06951,2.66505,1.47732,0.82076,0.000783616,0.000783616,0.000783616
263,890.539,2.70714,1.67,0.80896,0.42259,0.18438,0.20952,0.0697,2.68615,1.47085,0.81695,0.000782104,0.000782104,0.000782104
264,893.871,2.24766,1.35783,0.8369,0.41744,0.18808,0.20831,0.06743,2.72085,1.48872,0.81567,0.000780588,0.000780588,0.000780588
265,897.175,2.39044,1.36284,0.85626,0.41014,0.18795,0.20803,0.07096,2.67371,1.4787,0.8194,0.000779069,0.000779069,0.000779069
266,900.747,2.29124,1.34176,0.86534,0.42656,0.18566,0.20968,0.06929,2.69303,1.48441,0.81785,0.000777546,0.000777546,0.000777546
267,904.078,2.26281,1.3383,0.87059,0.4218,0.18589,0.20658,0.06959,2.67519,1.48327,0.82205,0.000776019,0.000776019,0.000776019
268,907.364,2.51577,1.494,0.89001,0.41557,0.18355,0.20435,0.06971,2.66464,1.47508,0.82161,0.00077449,0.00077449,0.00077449
269,910.727,2.3008,1.34146,0.85978,0.4242,0.18388,0.20658,0.06893,2.68913,1.48624,0.81852,0.000772956,0.000772956,0.000772956
270,914.107,2.64886,1.48514,0.85346,0.41975,0.18465,0.20634,0.06819,2.68915,1.48425,0.82075,0.00077142,0.00077142,0.00077142
271,917.408,2.47362,1.50466,0.83655,0.4165,0.18736,0.20677,0.06931,2.67698,1.48346,0.82236,0.00076988,0.00076988,0.00076988
272,920.867,2.25295,1.27975,0.86905,0.4184,0.18177,0.20308,0.06846,2.68559,1.48658,0.82397,0.000768336,0.000768336,0.000768336
273,924.089,2.49371,1.46107,0.86412,0.41764,0.17751,0.19987,0.06603,2.71657,1.4971,0.81975,0.000766789,0.000766789,0.000766789
274,927.396,2.25272,1.29675,0.88919,0.42398,0.17998,0.20421,0.06728,2.71729,1.49146,0.81866,0.000765239,0.000765239,0.000765239
275,930.805,2.14025,1.24691,0.86339,0.41292,0.17875,0.20167,0.06922,2.68821,1.47661,0.82119,0.000763685,0.000763685,0.000763685
276,934.167,2.51013,1.41521,0.87211,0.41833,0.18582,0.20619,0.0698,2.69072,1.47316,0.82019,0.000762129,0.000762129,0.000762129
277,937.491,2.36959,1.366,0.85189,0.41496,0.18716,0.20638,0.06954,2.68457,1.4766,0.81763,0.000760568,0.000760568,0.000760568
278,940.817,2.55975,1.53045,0.84466,0.4083,0.18451,0.20143,0.06818,2.69103,1.48195,0.82024,0.000759005,0.000759005,0.000759005
279,944.291,2.39712,1.38916,0.87954,0.4147,0.18712,0.20534,0.06819,2.69801,1.48055,0.81746,0.000757438,0.000757438,0.000757438
280,947.575,2.27916,1.34181,0.85692,0.41825,0.18671,0.20603,0.06915,2.68822,1.47479,0.8155,0.000755869,0.000755869,0.000755869
281,950.919,2.49668,1.41687,0.87266,0.41874,0.18761,0.2047,0.06912,2.6751,1.4829,0.8188,0.000754296,0.000754296,0.000754296
282,954.265,2.44255,1.39124,0.86421,0.41444,0.18404,0.20268,0.06882,2.68011,1.47045,0.81787,0.00075272,0.00075272,0.00075272
283,957.516,2.56146,1.455,0.85682,0.4193,0.183,0.2048,0.06795,2.70599,1.4722,0.81496,0.00075114,0.00075114,0.00075114
284,960.897,2.29527,1.34578,0.86514,0.4128,0.18424,0.2035,0.06757,2.70105,1.46947,0.81601,0.000749558,0.000749558,0.000749558
285,964.384,2.36737,1.32858,0.86112,0.42094,0.18451,0.20675,0.06891,2.68453,1.46613,0.81693,0.000747973,0.000747973,0.000747973
286,967.812,2.62152,1.45784,0.83685,0.41535,0.18258,0.20446,0.06914,2.68097,1.46665,0.81639,0.000746384,0.000746384,0.000746384
287,971.033,2.35576,1.38522,0.88139,0.41769,0.18534,0.2045,0.06852,2.69803,1.4668,0.81696,0.000744793,0.000744793,0.000744793
288,974.505,2.38205,1.33945,0.8717,0.41994,0.18465,0.20724,0.07041,2.67452,1.47783,0.81928,0.000743198,0.000743198,0.000743198
289,977.883,2.33769,1.34336,0.86055,0.42861,0.18589,0.21064,0.07143,2.65787,1.46986,0.8197,0.000741601,0.000741601,0.000741601
290,981.268,2.31018,1.30681,0.85053,0.42619,0.18479,0.2092,0.07097,2.66768,1.46606,0.82192,0.00074,0.00074,0.00074
291,984.587,2.30872,1.3107,0.86478,0.42453,0.18383,0.20813,0.07037,2.67014,1.46035,0.81877,0.000738397,0.000738397,0.000738397
292,987.985,2.30244,1.35223,0.86132,0.42466,0.18328,0.20862,0.07165,2.66153,1.45811,0.81846,0.000736791,0.000736791,0.000736791
293,991.459,2.2342,1.30834,0.84706,0.41935,0.18369,0.20703,0.07062,2.66887,1.45819,0.82044,0.000735181,0.000735181,0.000735181
294,994.807,2.56748,1.44947,0.85859,0.42402,0.18576,0.21055,0.0724,2.65975,1.45579,0.81983,0.000733569,0.000733569,0.000733569
295,998.173,2.61944,1.45198,0.84501,0.41532,0.18795,0.20997,0.07184,2.65532,1.46201,0.81741,0.000731955,0.000731955,0.000731955
296,1001.49,2.15958,1.26035,0.87455,0.42594,0.18465,0.21135,0.07222,2.66497,1.4764,0.81907,0.000730337,0.000730337,0.000730337
297,1004.87,2.44369,1.37553,0.86943,0.42347,0.18342,0.20763,0.0713,2.66628,1.46977,0.82132,0.000728717,0.000728717,0.000728717
298,1008.32,2.25875,1.27791,0.89235,0.41046,0.1841,0.20563,0.06927,2.67834,1.47162,0.81788,0.000727093,0.000727093,0.000727093
299,1011.64,2.44195,1.41314,0.82986,0.41122,0.18548,0.20608,0.06996,2.67,1.47066,0.82132,0.000725467,0.000725467,0.000725467
300,1014.99,2.24931,1.32338,0.86465,0.4111,0.18355,0.20385,0.06967,2.66518,1.4722,0.82049,0.000723839,0.000723839,0.000723839
301,1018.19,2.33979,1.41156,0.86438,0.41984,0.18539,0.20775,0.07018,2.6694,1.47253,0.81622,0.000722208,0.000722208,0.000722208
302,1021.46,2.37561,1.34966,0.85594,0.4214,0.18767,0.21233,0.0718,2.66244,1.46823,0.8151,0.000720574,0.000720574,0.000720574
303,1024.76,2.30863,1.37995,0.86515,0.42184,0.18987,0.21189,0.07102,2.6627,1.46369,0.81481,0.000718937,0.000718937,0.000718937
304,1028.19,2.30441,1.33805,0.86421,0.42032,0.19014,0.20944,0.06986,2.686,1.46491,0.8129,0.000717298,0.000717298,0.000717298
305,1031.43,2.38439,1.41025,0.86817,0.42599,0.19275,0.2138,0.07184,2.66527,1.45859,0.81411,0.000715656,0.000715656,0.000715656
306,1034.89,2.41248,1.37677,0.85812,0.42052,0.19152,0.2134,0.07247,2.65476,1.45583,0.81315,0.000714012,0.000714012,0.000714012
307,1038.27,2.52502,1.49455,0.87233,0.42276,0.18822,0.21133,0.07227,2.66345,1.45508,0.81223,0.000712365,0.000712365,0.000712365
308,1041.81,2.3887,1.42692,0.85985,0.41656,0.18712,0.20829,0.07215,2.66194,1.4596,0.81909,0.000710716,0.000710716,0.000710716
309,1045.13,2.25493,1.32436,0.88163,0.41262,0.18699,0.20808,0.07165,2.65875,1.46149,0.81949,0.000709064,0.000709064,0.000709064
310,1048.58,2.52942,1.53578,0.89811,0.4204,0.18561,0.21057,0.07309,2.64594,1.45492,0.81814,0.000707409,0.000707409,0.000707409
311,1052.1,2.5472,1.48197,0.8429,0.42464,0.18493,0.21066,0.07255,2.64645,1.4665,0.81757,0.000705753,0.000705753,0.000705753
312,1055.41,2.46506,1.48473,0.85592,0.42586,0.18534,0.21312,0.07336,2.63687,1.459,0.81504,0.000704094,0.000704094,0.000704094
313,1058.76,2.11142,1.30532,0.86622,0.4192,0.18383,0.20953,0.07239,2.64263,1.45677,0.81797,0.000702432,0.000702432,0.000702432
314,1062.1,2.42107,1.41828,0.82838,0.42125,0.18657,0.21117,0.07222,2.65463,1.45841,0.81797,0.000700768,0.000700768,0.000700768
315,1065.63,2.36737,1.3872,0.83604,0.42808,0.18753,0.21397,0.07336,2.64832,1.46049,0.81502,0.000699102,0.000699102,0.000699102
316,1069.09,2.48316,1.46039,0.86201,0.42194,0.19193,0.21372,0.07193,2.64728,1.46408,0.81456,0.000697434,0.000697434,0.000697434
317,1072.46,2.38835,1.41238,0.86623,0.41127,0.18987,0.20687,0.07055,2.66129,1.47004,0.81803,0.000695763,0.000695763,0.000695763
318,1075.72,2.46896,1.46985,0.87366,0.4141,0.18911,0.20848,0.07111,2.66284,1.46413,0.81753,0.00069409,0.00069409,0.00069409
319,1078.96,2.46429,1.4633,0.86044,0.42144,0.18877,0.21106,0.07231,2.65448,1.4565,0.81506,0.000692415,0.000692415,0.000692415
320,1082.32,2.52626,1.46113,0.85408,0.41487,0.18932,0.21041,0.07258,2.65063,1.4596,0.81628,0.000690737,0.000690737,0.000690737
321,1085.6,2.41772,1.39489,0.87755,0.42045,0.19069,0.21483,0.073,2.64981,1.45665,0.81642,0.000689058,0.000689058,0.000689058
322,1088.9,2.43797,1.36825,0.87458,0.41942,0.18903,0.21406,0.07369,2.65176,1.45286,0.81755,0.000687376,0.000687376,0.000687376
323,1092.22,2.1629,1.3282,0.85914,0.42896,0.18729,0.21528,0.07308,2.66242,1.46232,0.81534,0.000685692,0.000685692,0.000685692
324,1095.65,2.27683,1.41515,0.83571,0.42497,0.19165,0.21432,0.07299,2.66541,1.45829,0.81581,0.000684006,0.000684006,0.000684006
325,1098.95,2.38062,1.39709,0.85531,0.42868,0.1922,0.21535,0.07285,2.65922,1.45452,0.81704,0.000682318,0.000682318,0.000682318
326,1102.31,2.20337,1.28194,0.85732,0.43102,0.18918,0.21353,0.07314,2.67024,1.46421,0.81895,0.000680628,0.000680628,0.000680628
327,1105.57,2.35834,1.33804,0.84338,0.42103,0.18685,0.20959,0.07224,2.67162,1.46298,0.82062,0.000678936,0.000678936,0.000678936
328,1108.87,2.24556,1.31236,0.88349,0.42235,0.18781,0.20968,0.07252,2.66268,1.45622,0.81875,0.000677242,0.000677242,0.000677242
329,1112.13,2.39492,1.38893,0.85606,0.42894,0.19067,0.21418,0.07265,2.66391,1.45424,0.8148,0.000675546,0.000675546,0.000675546
330,1115.64,2.26919,1.27033,0.83422,0.41832,0.19083,0.20996,0.07155,2.66294,1.45776,0.81473,0.000673848,0.000673848,0.000673848
331,1118.88,2.73296,1.55731,0.85616,0.41733,0.19083,0.20924,0.07148,2.65684,1.4575,0.8175,0.000672148,0.000672148,0.000672148
332,1122.2,2.48482,1.40022,0.84084,0.42031,0.18822,0.2087,0.07188,2.6647,1.4593,0.81823,0.000670446,0.000670446,0.000670446
333,1125.5,2.23456,1.29171,0.88476,0.42905,0.19179,0.21683,0.07338,2.65703,1.45908,0.81533,0.000668743,0.000668743,0.000668743
334,1128.84,2.34139,1.36022,0.87687,0.42911,0.18905,0.21555,0.07217,2.66828,1.4691,0.81501,0.000667037,0.000667037,0.000667037
335,1132.12,2.37667,1.36216,0.86137,0.42745,0.18959,0.21453,0.07219,2.65082,1.4623,0.81823,0.00066533,0.00066533,0.00066533
336,1135.57,2.4484,1.46919,0.85672,0.41629,0.19083,0.20996,0.07118,2.65483,1.46009,0.81695,0.000663621,0.000663621,0.000663621
337,1138.8,2.30073,1.33091,0.87528,0.41606,0.19211,0.21118,0.07117,2.65297,1.45588,0.81485,0.00066191,0.00066191,0.00066191
338,1142.27,2.26354,1.35358,0.86195,0.42219,0.19165,0.21338,0.07256,2.64556,1.45183,0.81454,0.000660198,0.000660198,0.000660198
339,1145.55,2.50048,1.48328,0.84,0.41204,0.19069,0.20902,0.07179,2.65222,1.4657,0.81733,0.000658484,0.000658484,0.000658484
340,1148.93,2.46615,1.41625,0.8664,0.41118,0.19083,0.21002,0.0718,2.65521,1.45782,0.81617,0.000656768,0.000656768,0.000656768
341,1152.2,2.52109,1.40333,0.86102,0.41023,0.19385,0.20981,0.07138,2.65535,1.46158,0.81448,0.00065505,0.00065505,0.00065505
342,1155.61,2.2348,1.32015,0.88122,0.41223,0.19179,0.21016,0.07203,2.65097,1.45584,0.81529,0.000653331,0.000653331,0.000653331
343,1158.99,2.44543,1.40756,0.85476,0.42605,0.19042,0.21336,0.07357,2.63809,1.45384,0.81338,0.000651611,0.000651611,0.000651611
344,1162.34,2.429,1.42828,0.83311,0.42225,0.19014,0.21363,0.0728,2.64851,1.44833,0.812,0.000649888,0.000649888,0.000649888
345,1165.58,2.42203,1.3883,0.87295,0.41608,0.18959,0.20899,0.07212,2.64106,1.44481,0.81571,0.000648164,0.000648164,0.000648164
346,1168.95,2.1644,1.2977,0.88081,0.41641,0.19152,0.21238,0.07278,2.63868,1.44647,0.81609,0.000646439,0.000646439,0.000646439
347,1172.3,2.45523,1.37968,0.85369,0.42015,0.18753,0.21008,0.07286,2.64349,1.45025,0.81451,0.000644712,0.000644712,0.000644712
348,1175.57,2.16599,1.25665,0.87296,0.42391,0.18932,0.21171,0.07269,2.63565,1.45349,0.81595,0.000642984,0.000642984,0.000642984
349,1178.94,2.32865,1.38759,0.8687,0.42844,0.18699,0.2122,0.07314,2.63758,1.45936,0.81692,0.000641254,0.000641254,0.000641254
350,1182.24,2.3524,1.3756,0.86828,0.42623,0.19083,0.21474,0.07382,2.64174,1.45697,0.81681,0.000639523,0.000639523,0.000639523
351,1185.62,2.47422,1.54767,0.86831,0.42718,0.19055,0.21519,0.07398,2.64101,1.45595,0.81807,0.000637791,0.000637791,0.000637791
352,1189.24,2.45132,1.39036,0.87277,0.42185,0.18918,0.21335,0.07295,2.64724,1.4514,0.81824,0.000636057,0.000636057,0.000636057
353,1192.59,2.31733,1.33312,0.83683,0.42879,0.19001,0.21416,0.07347,2.63721,1.45322,0.81452,0.000634322,0.000634322,0.000634322
354,1195.92,2.27696,1.34081,0.8445,0.42826,0.1922,0.21713,0.07388,2.63508,1.45443,0.81269,0.000632585,0.000632585,0.000632585
355,1199.19,2.22501,1.28127,0.84998,0.41999,0.19316,0.21601,0.07405,2.63211,1.44936,0.81472,0.000630847,0.000630847,0.000630847
356,1202.82,2.33777,1.31693,0.87717,0.42284,0.19563,0.21845,0.07374,2.6315,1.44909,0.8137,0.000629108,0.000629108,0.000629108
357,1206.05,2.10084,1.2416,0.86928,0.42482,0.1911,0.21564,0.07297,2.6417,1.44942,0.81247,0.000627368,0.000627368,0.000627368
358,1209.41,2.28224,1.47612,0.84215,0.42336,0.19289,0.21707,0.07333,2.64143,1.44597,0.81237,0.000625627,0.000625627,0.000625627
359,1212.63,2.07462,1.25159,0.85259,0.42813,0.19371,0.21812,0.07353,2.6422,1.44646,0.81456,0.000623884,0.000623884,0.000623884
360,1216.07,2.17631,1.30032,0.8306,0.42074,0.19385,0.21519,0.07303,2.64578,1.44996,0.81554,0.00062214,0.00062214,0.00062214
361,1219.29,2.27332,1.28301,0.86791,0.4312,0.19728,0.21911,0.0736,2.63323,1.44821,0.81369,0.000620396,0.000620396,0.000620396
362,1222.74,2.39419,1.39748,0.84768,0.43451,0.19728,0.2187,0.07378,2.63236,1.44597,0.81354,0.00061865,0.00061865,0.00061865
363,1225.99,2.43716,1.36011,0.84709,0.4234,0.19316,0.21519,0.07336,2.63765,1.4519,0.81657,0.000616903,0.000616903,0.000616903
364,1229.38,2.42459,1.35421,0.86996,0.42558,0.19234,0.2156,0.07424,2.63565,1.4454,0.8164,0.000615155,0.000615155,0.000615155
365,1232.81,2.3951,1.39928,0.88513,0.43286,0.19289,0.21885,0.07483,2.63496,1.44558,0.81353,0.000613406,0.000613406,0.000613406
366,1236.23,2.17175,1.28893,0.85604,0.43316,0.19371,0.21855,0.0741,2.63005,1.44162,0.81229,0.000611656,0.000611656,0.000611656
367,1239.49,2.27909,1.32926,0.88647,0.4425,0.18918,0.22122,0.07603,2.62691,1.4496,0.8139,0.000609905,0.000609905,0.000609905
368,1243.09,2.21036,1.31232,0.87144,0.43912,0.19055,0.22151,0.07509,2.64218,1.45123,0.81314,0.000608153,0.000608153,0.000608153
369,1246.47,2.39689,1.41454,0.85486,0.42865,0.19138,0.21733,0.07484,2.63822,1.44176,0.81449,0.0006064,0.0006064,0.0006064
370,1249.81,2.43919,1.45194,0.87666,0.41919,0.19069,0.21509,0.0744,2.6396,1.4399,0.81631,0.000604646,0.000604646,0.000604646
371,1253.12,2.58525,1.44605,0.85778,0.4358,0.19618,0.22389,0.0755,2.63249,1.43512,0.81305,0.000602892,0.000602892,0.000602892
372,1256.42,2.21028,1.27093,0.86745,0.43972,0.18987,0.21968,0.07296,2.6746,1.46176,0.80991,0.000601137,0.000601137,0.000601137
373,1259.68,2.35727,1.36297,0.84455,0.43984,0.19577,0.22354,0.07559,2.64396,1.44429,0.81102,0.00059938,0.00059938,0.00059938
374,1262.98,2.35164,1.33128,0.84496,0.43732,0.19591,0.22342,0.0758,2.63675,1.43835,0.81164,0.000597624,0.000597624,0.000597624
375,1266.38,2.19197,1.24629,0.84753,0.442,0.19618,0.22309,0.07541,2.6418,1.44118,0.81128,0.000595866,0.000595866,0.000595866
376,1269.72,2.2773,1.3584,0.84741,0.42668,0.19536,0.2195,0.07559,2.62757,1.43807,0.81313,0.000594108,0.000594108,0.000594108
377,1272.92,2.43768,1.40385,0.85508,0.42937,0.19303,0.21907,0.07531,2.6349,1.43938,0.81347,0.000592349,0.000592349,0.000592349
378,1276.29,2.2664,1.29459,0.84683,0.42822,0.19687,0.22076,0.07496,2.63854,1.43832,0.81448,0.000590589,0.000590589,0.000590589
379,1279.72,2.50226,1.45254,0.85813,0.43556,0.19714,0.22205,0.07508,2.63887,1.43653,0.81234,0.000588829,0.000588829,0.000588829
380,1283.03,2.53482,1.45544,0.85623,0.42558,0.19454,0.21661,0.0742,2.63102,1.43712,0.81547,0.000587068,0.000587068,0.000587068
381,1286.48,2.16262,1.25914,0.86385,0.43202,0.19109,0.21613,0.07476,2.63453,1.43439,0.81407,0.000585307,0.000585307,0.000585307
382,1289.93,2.12017,1.25291,0.88169,0.4313,0.19124,0.21532,0.07417,2.63735,1.43877,0.81506,0.000583545,0.000583545,0.000583545
383,1293.25,2.40655,1.39763,0.87572,0.41805,0.19083,0.21123,0.07315,2.64208,1.44314,0.81734,0.000581782,0.000581782,0.000581782
384,1296.64,2.48712,1.43786,0.88173,0.42999,0.19591,0.21842,0.07485,2.63066,1.44224,0.81407,0.000580019,0.000580019,0.000580019
385,1299.9,2.47295,1.44173,0.86153,0.4272,0.19275,0.21566,0.07406,2.63348,1.439,0.81545,0.000578256,0.000578256,0.000578256
386,1303.21,2.28446,1.30427,0.83885,0.42922,0.19481,0.21851,0.07429,2.64242,1.44004,0.81227,0.000576492,0.000576492,0.000576492
387,1306.54,2.35225,1.29408,0.85796,0.4251,0.19426,0.21777,0.07503,2.64029,1.43568,0.81516,0.000574728,0.000574728,0.000574728
388,1309.92,2.30747,1.31769,0.83034,0.42941,0.19316,0.2188,0.07608,2.63772,1.4333,0.81504,0.000572963,0.000572963,0.000572963
389,1313.25,2.46397,1.40696,0.84413,0.42876,0.19248,0.21904,0.07527,2.64604,1.43786,0.81408,0.000571198,0.000571198,0.000571198
390,1316.66,2.47566,1.39784,0.86506,0.42552,0.1944,0.21765,0.07466,2.6331,1.44283,0.81562,0.000569433,0.000569433,0.000569433
391,1320.03,2.06274,1.30758,0.88941,0.42258,0.19165,0.21364,0.07388,2.63692,1.44128,0.81703,0.000567667,0.000567667,0.000567667
392,1323.44,2.55585,1.42816,0.85436,0.42802,0.19478,0.2208,0.07423,2.6306,1.43722,0.81416,0.000565901,0.000565901,0.000565901
393,1326.81,2.71029,1.5397,0.8653,0.42676,0.1944,0.21882,0.07494,2.61846,1.43605,0.81642,0.000564135,0.000564135,0.000564135
394,1330.31,2.26273,1.35196,0.86038,0.42493,0.19214,0.21659,0.07393,2.63312,1.43733,0.81651,0.000562368,0.000562368,0.000562368
395,1333.5,2.12925,1.25138,0.86392,0.42772,0.19412,0.21855,0.07469,2.6301,1.43567,0.81406,0.000560602,0.000560602,0.000560602
396,1336.96,2.2126,1.32485,0.87676,0.42992,0.19481,0.22148,0.07576,2.62143,1.43258,0.81401,0.000558835,0.000558835,0.000558835
397,1340.24,2.50128,1.42445,0.85983,0.42834,0.19426,0.21897,0.07525,2.63398,1.43572,0.81618,0.000557068,0.000557068,0.000557068
398,1343.56,2.3294,1.32023,0.84338,0.43264,0.1933,0.2187,0.07525,2.63153,1.43452,0.81509,0.000555301,0.000555301,0.000555301
399,1346.82,2.14084,1.32567,0.87919,0.43289,0.19536,0.22061,0.07521,2.63379,1.43881,0.81336,0.000553534,0.000553534,0.000553534
400,1350.45,2.28107,1.35025,0.86207,0.43407,0.19248,0.21981,0.07535,2.62714,1.44087,0.81346,0.000551767,0.000551767,0.000551767
401,1353.8,2.25842,1.30246,0.84233,0.42994,0.19591,0.22029,0.07465,2.6312,1.44273,0.81273,0.00055,0.00055,0.00055
402,1357.16,2.30634,1.35446,0.84438,0.42533,0.19438,0.21761,0.07447,2.63849,1.44603,0.8145,0.000548233,0.000548233,0.000548233
403,1360.47,2.39602,1.33716,0.87306,0.43164,0.19563,0.22125,0.07626,2.628,1.44154,0.81246,0.000546466,0.000546466,0.000546466
404,1364.07,2.2839,1.30269,0.85524,0.43698,0.19605,0.2231,0.07433,2.64721,1.44314,0.81105,0.000544699,0.000544699,0.000544699
405,1367.43,2.13021,1.22212,0.85251,0.43944,0.19632,0.22242,0.07592,2.62392,1.43632,0.81244,0.000542932,0.000542932,0.000542932
406,1370.74,2.26025,1.33652,0.85831,0.4387,0.19507,0.22217,0.07501,2.63275,1.4387,0.8121,0.000541165,0.000541165,0.000541165
407,1374.1,2.21952,1.31411,0.86646,0.43233,0.19632,0.22215,0.076,2.62338,1.43694,0.81468,0.000539398,0.000539398,0.000539398
408,1377.54,2.21078,1.30911,0.86619,0.42297,0.1911,0.21479,0.07417,2.64489,1.44296,0.81722,0.000537632,0.000537632,0.000537632
409,1380.86,2.37403,1.35343,0.85925,0.42388,0.19495,0.21687,0.0745,2.63597,1.4454,0.81558,0.000535865,0.000535865,0.000535865
410,1384.18,2.43604,1.35416,0.89084,0.42873,0.19385,0.21852,0.07504,2.63202,1.43746,0.81431,0.000534099,0.000534099,0.000534099
411,1387.45,2.52383,1.40106,0.86713,0.42762,0.19124,0.21557,0.07458,2.64296,1.43777,0.81635,0.000532333,0.000532333,0.000532333
412,1390.86,2.42898,1.35223,0.88444,0.42622,0.19091,0.21592,0.07467,2.64774,1.43576,0.81666,0.000530567,0.000530567,0.000530567
413,1394.23,2.41751,1.37841,0.8662,0.42846,0.19316,0.21842,0.07467,2.63943,1.43487,0.81434,0.000528802,0.000528802,0.000528802
414,1397.63,2.60239,1.57308,0.82893,0.43328,0.19371,0.21972,0.07513,2.63832,1.43827,0.81409,0.000527037,0.000527037,0.000527037
415,1401.03,2.31431,1.37599,0.85386,0.42963,0.19357,0.21677,0.07446,2.63726,1.4374,0.81193,0.000525272,0.000525272,0.000525272
416,1404.31,2.38174,1.3602,0.86595,0.43217,0.19536,0.21957,0.07496,2.6338,1.43736,0.81275,0.000523508,0.000523508,0.000523508
417,1407.59,2.23076,1.32617,0.83448,0.43216,0.19632,0.22044,0.07518,2.63584,1.43538,0.81308,0.000521744,0.000521744,0.000521744
418,1411.03,2.25706,1.37241,0.878,0.43111,0.19591,0.21879,0.07461,2.64188,1.43966,0.8121,0.000519981,0.000519981,0.000519981
419,1414.41,2.36411,1.32958,0.8562,0.43103,0.19509,0.21832,0.07487,2.63487,1.43895,0.81368,0.000518218,0.000518218,0.000518218
420,1417.82,2.32552,1.359,0.87021,0.44006,0.19626,0.22262,0.07529,2.62429,1.43551,0.8135,0.000516455,0.000516455,0.000516455
421,1421.08,2.35846,1.33324,0.85108,0.43916,0.1933,0.22029,0.07485,2.63058,1.43968,0.8122,0.000514693,0.000514693,0.000514693
422,1424.49,2.27514,1.30081,0.8482,0.44072,0.19426,0.22316,0.0759,2.62246,1.43928,0.81202,0.000512932,0.000512932,0.000512932
423,1427.82,2.27103,1.32041,0.85107,0.43217,0.19371,0.22188,0.07598,2.61746,1.43511,0.81418,0.000511171,0.000511171,0.000511171
424,1431.11,2.11038,1.19805,0.86214,0.43608,0.19577,0.22364,0.07594,2.6213,1.43877,0.81198,0.000509411,0.000509411,0.000509411
425,1434.42,2.32084,1.27247,0.8303,0.43186,0.19495,0.22194,0.07591,2.61607,1.43549,0.81293,0.000507651,0.000507651,0.000507651
426,1437.88,2.52167,1.51073,0.83904,0.42999,0.19646,0.22058,0.0757,2.61815,1.43608,0.81338,0.000505892,0.000505892,0.000505892
427,1441.19,2.42036,1.36141,0.86762,0.4272,0.19646,0.22131,0.07526,2.61295,1.43534,0.81226,0.000504134,0.000504134,0.000504134
428,1444.52,2.4091,1.43131,0.83772,0.43276,0.19261,0.22048,0.07603,2.6144,1.43242,0.81187,0.000502376,0.000502376,0.000502376
429,1447.74,2.2759,1.32289,0.87081,0.42904,0.19509,0.22097,0.07631,2.62112,1.43132,0.81422,0.00050062,0.00050062,0.00050062
430,1451.19,2.24737,1.27211,0.84456,0.4324,0.19454,0.22306,0.07608,2.62272,1.4297,0.81428,0.000498863,0.000498863,0.000498863
431,1454.46,2.42507,1.32667,0.86172,0.43584,0.19399,0.22257,0.07629,2.62161,1.42936,0.81345,0.000497108,0.000497108,0.000497108
432,1457.99,2.47181,1.40744,0.86258,0.43826,0.19097,0.22104,0.07669,2.63526,1.43581,0.81462,0.000495354,0.000495354,0.000495354
433,1461.41,2.58724,1.48653,0.83923,0.43717,0.19536,0.2256,0.077,2.627,1.43133,0.8122,0.0004936,0.0004936,0.0004936
434,1464.92,2.35159,1.29073,0.87558,0.43166,0.19605,0.22311,0.07555,2.64609,1.43182,0.81218,0.000491847,0.000491847,0.000491847
435,1468.17,2.43563,1.33399,0.84736,0.43134,0.19797,0.22617,0.07674,2.63354,1.42891,0.81257,0.000490095,0.000490095,0.000490095
436,1471.59,2.37799,1.36314,0.88322,0.43879,0.19687,0.22728,0.07647,2.63224,1.42837,0.81057,0.000488344,0.000488344,0.000488344
437,1474.91,2.20467,1.28547,0.87204,0.43803,0.1955,0.22626,0.07618,2.64292,1.43374,0.80929,0.000486594,0.000486594,0.000486594
438,1478.31,2.31518,1.32809,0.85936,0.43362,0.19728,0.2255,0.07692,2.62099,1.42527,0.81132,0.000484845,0.000484845,0.000484845
439,1481.7,2.29346,1.2842,0.86179,0.43404,0.19714,0.22337,0.07712,2.61813,1.42673,0.81233,0.000483097,0.000483097,0.000483097
440,1485.18,2.22626,1.25603,0.85929,0.43835,0.19522,0.22487,0.07698,2.62484,1.42794,0.81278,0.00048135,0.00048135,0.00048135
441,1488.5,2.10801,1.24526,0.86087,0.44055,0.19563,0.22457,0.07694,2.62311,1.43639,0.81266,0.000479604,0.000479604,0.000479604
442,1491.9,2.40791,1.37871,0.84732,0.43638,0.19769,0.22495,0.07635,2.62828,1.43708,0.81247,0.00047786,0.00047786,0.00047786
443,1495.16,2.2366,1.28348,0.85637,0.42867,0.19632,0.22369,0.07648,2.63168,1.43491,0.81354,0.000476116,0.000476116,0.000476116
444,1498.49,2.4149,1.44694,0.85736,0.43301,0.19533,0.22257,0.07671,2.63516,1.43245,0.81399,0.000474373,0.000474373,0.000474373
445,1501.95,2.19946,1.28245,0.83651,0.4359,0.19742,0.22394,0.07646,2.62816,1.4303,0.81279,0.000472632,0.000472632,0.000472632
446,1505.35,2.38111,1.40598,0.84205,0.43651,0.19701,0.22216,0.07616,2.62363,1.43156,0.81092,0.000470892,0.000470892,0.000470892
447,1508.69,2.19898,1.3467,0.84901,0.43165,0.19673,0.22102,0.07582,2.62709,1.43151,0.81108,0.000469153,0.000469153,0.000469153
448,1512.02,2.26878,1.33623,0.84614,0.44029,0.19796,0.22358,0.07701,2.61925,1.4305,0.81114,0.000467415,0.000467415,0.000467415
449,1515.36,2.16317,1.30567,0.85679,0.4434,0.1962,0.2245,0.07681,2.62727,1.43668,0.80885,0.000465678,0.000465678,0.000465678
450,1518.82,2.41016,1.35826,0.86167,0.4355,0.19742,0.22242,0.07706,2.61663,1.43546,0.81261,0.000463943,0.000463943,0.000463943
451,1522.11,2.21181,1.29938,0.84872,0.43579,0.19907,0.22414,0.077,2.6175,1.43282,0.81207,0.000462209,0.000462209,0.000462209
452,1525.72,2.616,1.44728,0.81014,0.43229,0.19811,0.2245,0.07715,2.61704,1.43416,0.81075,0.000460477,0.000460477,0.000460477
453,1529.15,2.15273,1.27293,0.83587,0.43682,0.19646,0.22525,0.07806,2.61089,1.43405,0.81194,0.000458746,0.000458746,0.000458746
454,1532.8,2.25234,1.31524,0.84717,0.43726,0.19714,0.22583,0.07675,2.62571,1.4384,0.81108,0.000457016,0.000457016,0.000457016
455,1536.15,2.32724,1.35101,0.85608,0.43627,0.19687,0.22507,0.07732,2.6215,1.43561,0.81246,0.000455288,0.000455288,0.000455288
456,1539.49,2.2509,1.27523,0.86602,0.43991,0.19522,0.22302,0.07644,2.6193,1.43705,0.81153,0.000453561,0.000453561,0.000453561
457,1542.73,2.24269,1.32028,0.8711,0.44169,0.19577,0.22407,0.07605,2.63273,1.43879,0.81139,0.000451836,0.000451836,0.000451836
458,1546.26,2.07217,1.21131,0.84915,0.44205,0.19824,0.22463,0.0762,2.63564,1.43999,0.81142,0.000450112,0.000450112,0.000450112
459,1549.57,2.63241,1.47976,0.85486,0.43855,0.19769,0.22407,0.0759,2.62933,1.43958,0.81089,0.000448389,0.000448389,0.000448389
460,1552.96,2.45763,1.39805,0.83587,0.44342,0.19865,0.2246,0.07627,2.62018,1.43172,0.80984,0.000446669,0.000446669,0.000446669
461,1556.19,2.16596,1.31929,0.86115,0.43295,0.19633,0.22211,0.07657,2.6142,1.42833,0.8112,0.00044495,0.00044495,0.00044495
462,1559.54,2.30079,1.34527,0.84168,0.43595,0.19797,0.22659,0.07681,2.61728,1.43184,0.80822,0.000443232,0.000443232,0.000443232
463,1562.9,2.17855,1.36484,0.85835,0.43049,0.19687,0.22465,0.07762,2.6072,1.4272,0.80942,0.000441516,0.000441516,0.000441516
464,1566.37,2.36042,1.3432,0.85336,0.43699,0.19948,0.22684,0.07768,2.62083,1.4303,0.80954,0.000439802,0.000439802,0.000439802
465,1569.64,2.30771,1.33262,0.84743,0.43321,0.19838,0.22589,0.07757,2.6158,1.4302,0.81056,0.00043809,0.00043809,0.00043809
466,1572.99,2.02923,1.22732,0.85843,0.43656,0.19714,0.22446,0.07625,2.63132,1.43172,0.80877,0.000436379,0.000436379,0.000436379
467,1576.31,2.45912,1.37621,0.82748,0.43441,0.19865,0.22624,0.07697,2.62473,1.43355,0.8102,0.00043467,0.00043467,0.00043467
468,1579.71,2.23362,1.31865,0.85571,0.43512,0.19618,0.2253,0.07625,2.63376,1.43285,0.8084,0.000432963,0.000432963,0.000432963
469,1582.97,2.35923,1.30405,0.85586,0.4357,0.19536,0.22611,0.07862,2.61341,1.42467,0.80963,0.000431257,0.000431257,0.000431257
470,1586.39,2.24255,1.31895,0.88239,0.43337,0.19865,0.22632,0.0776,2.6123,1.43033,0.81096,0.000429554,0.000429554,0.000429554
471,1589.76,2.3823,1.34689,0.85797,0.4368,0.19838,0.2257,0.07768,2.61476,1.42638,0.81059,0.000427852,0.000427852,0.000427852
472,1593.19,2.34139,1.34149,0.85152,0.43381,0.19577,0.22431,0.07694,2.61825,1.42635,0.81045,0.000426152,0.000426152,0.000426152
473,1596.46,2.18645,1.23083,0.85819,0.43099,0.19412,0.22264,0.07631,2.61112,1.42828,0.81182,0.000424454,0.000424454,0.000424454
474,1599.74,2.32418,1.37281,0.8506,0.43292,0.19522,0.22508,0.07691,2.61434,1.43313,0.81155,0.000422758,0.000422758,0.000422758
475,1602.91,2.16323,1.28369,0.86008,0.43023,0.19618,0.22291,0.07671,2.61469,1.43759,0.81226,0.000421064,0.000421064,0.000421064
476,1606.43,2.56142,1.41822,0.84403,0.42911,0.19742,0.22602,0.07725,2.61604,1.4346,0.81051,0.000419372,0.000419372,0.000419372
477,1609.79,2.29322,1.38037,0.83928,0.43331,0.19811,0.22754,0.07785,2.61769,1.43543,0.81172,0.000417682,0.000417682,0.000417682
478,1613.1,2.2776,1.32321,0.87668,0.441,0.19701,0.22977,0.07811,2.61997,1.43353,0.81008,0.000415994,0.000415994,0.000415994
479,1616.49,2.22744,1.29007,0.85582,0.43693,0.19623,0.22702,0.07802,2.61786,1.43282,0.81169,0.000414308,0.000414308,0.000414308
480,1619.84,2.2072,1.2478,0.86135,0.43238,0.19797,0.2272,0.07747,2.61373,1.428,0.81039,0.000412624,0.000412624,0.000412624
481,1623.08,2.34513,1.39322,0.82682,0.43409,0.19756,0.22805,0.07731,2.6164,1.42797,0.80995,0.000410942,0.000410942,0.000410942
482,1626.48,2.36116,1.37873,0.84011,0.43256,0.20003,0.22902,0.0778,2.60576,1.42907,0.81063,0.000409263,0.000409263,0.000409263
483,1629.74,2.22237,1.28207,0.83063,0.44034,0.20044,0.22807,0.07707,2.61729,1.43251,0.80963,0.000407585,0.000407585,0.000407585
484,1633.19,2.398,1.31563,0.8487,0.43972,0.20167,0.22978,0.07773,2.60782,1.43288,0.81024,0.00040591,0.00040591,0.00040591
485,1636.5,2.36821,1.42516,0.82551,0.43899,0.19879,0.22648,0.0773,2.60713,1.43516,0.81077,0.000404237,0.000404237,0.000404237
486,1639.88,2.44914,1.36752,0.85949,0.43636,0.20044,0.22553,0.07726,2.61726,1.43975,0.81141,0.000402566,0.000402566,0.000402566
487,1643.17,2.08142,1.19853,0.86269,0.43384,0.19783,0.22475,0.07748,2.6098,1.43138,0.81095,0.000400898,0.000400898,0.000400898
488,1646.6,2.4336,1.41639,0.85148,0.4334,0.19879,0.22683,0.07848,2.61124,1.42749,0.80949,0.000399232,0.000399232,0.000399232
489,1649.9,2.51103,1.39464,0.8349,0.4332,0.19978,0.22693,0.07794,2.61863,1.42598,0.80995,0.000397568,0.000397568,0.000397568
490,1653.37,2.23567,1.27191,0.82815,0.43321,0.20031,0.22623,0.07766,2.61606,1.43284,0.8104,0.000395906,0.000395906,0.000395906
491,1656.84,2.2874,1.34624,0.86677,0.4269,0.19645,0.22331,0.07708,2.62387,1.43119,0.8114,0.000394247,0.000394247,0.000394247
492,1660.14,2.26522,1.32511,0.85389,0.42796,0.19701,0.22284,0.07656,2.61847,1.4348,0.81145,0.000392591,0.000392591,0.000392591
493,1663.38,2.48503,1.36918,0.85083,0.43227,0.19907,0.2242,0.07693,2.61004,1.43397,0.81011,0.000390936,0.000390936,0.000390936
494,1666.74,2.50106,1.41986,0.84537,0.43738,0.19632,0.22427,0.07761,2.60099,1.43189,0.81074,0.000389284,0.000389284,0.000389284
495,1670.12,2.3601,1.36946,0.84481,0.43637,0.19893,0.22598,0.07717,2.60999,1.43112,0.81064,0.000387635,0.000387635,0.000387635
496,1673.57,2.24431,1.30319,0.85305,0.43037,0.19811,0.22563,0.0775,2.60796,1.42638,0.80953,0.000385988,0.000385988,0.000385988
497,1676.81,2.26762,1.32429,0.86173,0.42871,0.19783,0.22398,0.0777,2.6036,1.42596,0.80993,0.000384344,0.000384344,0.000384344
498,1680.18,2.4407,1.46231,0.84995,0.43528,0.19811,0.22531,0.07775,2.60124,1.42458,0.80936,0.000382702,0.000382702,0.000382702
499,1683.55,2.36186,1.3992,0.86154,0.42976,0.19824,0.22634,0.07749,2.60124,1.42583,0.81,0.000381063,0.000381063,0.000381063
500,1687.09,2.31196,1.41496,0.84536,0.43348,0.19434,0.22469,0.07746,2.60784,1.42725,0.8108,0.000379426,0.000379426,0.000379426
501,1690.4,2.27041,1.32658,0.87599,0.43476,0.1966,0.22602,0.07779,2.6089,1.4269,0.81049,0.000377792,0.000377792,0.000377792
502,1693.73,2.28301,1.37042,0.85026,0.43602,0.19646,0.22785,0.07795,2.61687,1.42628,0.80911,0.000376161,0.000376161,0.000376161
503,1697.16,2.2716,1.34644,0.86562,0.43152,0.19769,0.22716,0.07798,2.6217,1.42221,0.80905,0.000374533,0.000374533,0.000374533
504,1700.51,2.27664,1.33745,0.86921,0.4385,0.19797,0.23007,0.07903,2.62314,1.42393,0.8084,0.000372907,0.000372907,0.000372907
505,1703.87,2.57095,1.48806,0.84199,0.4396,0.19948,0.23014,0.07824,2.62683,1.42431,0.80712,0.000371283,0.000371283,0.000371283
506,1707.14,2.36953,1.35596,0.83367,0.43513,0.20113,0.23108,0.07844,2.63636,1.42648,0.80818,0.000369663,0.000369663,0.000369663
507,1710.57,2.22843,1.26118,0.84878,0.43406,0.20113,0.23096,0.07868,2.62972,1.42267,0.80764,0.000368045,0.000368045,0.000368045
508,1713.9,2.36457,1.35132,0.8555,0.42501,0.2014,0.22703,0.07804,2.62203,1.42771,0.80968,0.000366431,0.000366431,0.000366431
509,1717.34,2.28112,1.33801,0.84422,0.42996,0.2036,0.2289,0.07829,2.61688,1.42621,0.81015,0.000364819,0.000364819,0.000364819
510,1720.64,2.04585,1.19064,0.869,0.43126,0.20277,0.22767,0.07816,2.61584,1.4266,0.80907,0.000363209,0.000363209,0.000363209
511,1723.86,2.3755,1.36663,0.83845,0.42386,0.20126,0.22576,0.07803,2.6199,1.42882,0.80939,0.000361603,0.000361603,0.000361603
512,1727.32,2.2539,1.30857,0.86792,0.42937,0.20044,0.22703,0.07848,2.60724,1.42559,0.81049,0.00036,0.00036,0.00036
513,1730.54,2.22844,1.27429,0.85439,0.43623,0.20195,0.2296,0.07888,2.60861,1.42244,0.80898,0.000358399,0.000358399,0.000358399
514,1733.93,2.52072,1.46809,0.86885,0.43692,0.19632,0.22673,0.07878,2.60573,1.42316,0.81026,0.000356802,0.000356802,0.000356802
515,1737.31,2.80699,1.61256,0.83172,0.43448,0.1966,0.22553,0.07811,2.60368,1.42378,0.81066,0.000355207,0.000355207,0.000355207
516,1740.74,2.4265,1.41913,0.82981,0.43051,0.19687,0.22467,0.07813,2.60107,1.42605,0.81057,0.000353616,0.000353616,0.000353616
517,1744.12,2.20357,1.26853,0.85742,0.43433,0.19879,0.22631,0.07841,2.60118,1.4236,0.81069,0.000352027,0.000352027,0.000352027
518,1747.55,2.14641,1.25667,0.85411,0.44139,0.19824,0.22871,0.07876,2.60046,1.42499,0.81054,0.000350442,0.000350442,0.000350442
519,1750.8,2.47019,1.37572,0.85084,0.44059,0.19906,0.22725,0.07802,2.60807,1.42601,0.81047,0.00034886,0.00034886,0.00034886
520,1754.14,2.14286,1.22995,0.84874,0.43815,0.19948,0.22677,0.07785,2.61013,1.42607,0.81101,0.00034728,0.00034728,0.00034728
521,1757.44,2.19165,1.24294,0.84968,0.43088,0.19756,0.22526,0.07745,2.60658,1.42508,0.8121,0.000345704,0.000345704,0.000345704
522,1760.9,2.3078,1.33625,0.85164,0.44022,0.1992,0.22904,0.07844,2.61145,1.42166,0.80937,0.000344131,0.000344131,0.000344131
523,1764.18,2.34269,1.38519,0.84126,0.43571,0.19865,0.22834,0.07829,2.60701,1.42204,0.81005,0.000342562,0.000342562,0.000342562
524,1767.51,2.3912,1.3459,0.84338,0.43994,0.19948,0.2309,0.07918,2.60713,1.4209,0.80921,0.000340995,0.000340995,0.000340995
525,1771.03,2.21615,1.28028,0.86379,0.43306,0.19934,0.22877,0.07865,2.60966,1.42099,0.8095,0.000339432,0.000339432,0.000339432
526,1774.38,2.30457,1.34643,0.84027,0.4349,0.20264,0.23002,0.07922,2.60666,1.41907,0.80914,0.000337871,0.000337871,0.000337871
527,1777.74,2.16369,1.27635,0.85765,0.43088,0.20236,0.22932,0.07892,2.6066,1.42051,0.80991,0.000336315,0.000336315,0.000336315
528,1781.18,2.53855,1.48276,0.82151,0.43769,0.20195,0.23084,0.07931,2.6108,1.42287,0.80852,0.000334761,0.000334761,0.000334761
529,1784.46,2.28832,1.30226,0.84377,0.43609,0.19907,0.22907,0.07914,2.61147,1.4228,0.81009,0.000333211,0.000333211,0.000333211
530,1787.84,2.17138,1.3421,0.85135,0.44671,0.20016,0.23123,0.07935,2.61367,1.42335,0.8084,0.000331664,0.000331664,0.000331664
531,1791.13,2.43625,1.39012,0.8494,0.44641,0.20126,0.23184,0.07946,2.60854,1.42191,0.80869,0.00033012,0.00033012,0.00033012
532,1794.74,2.41394,1.33116,0.85652,0.43892,0.20071,0.23038,0.07876,2.60888,1.4245,0.80887,0.00032858,0.00032858,0.00032858
533,1798.09,2.3284,1.45835,0.84439,0.44431,0.19948,0.23024,0.07935,2.60953,1.42668,0.80842,0.000327044,0.000327044,0.000327044
534,1801.39,2.25486,1.32521,0.83011,0.44576,0.2003,0.23151,0.07942,2.61096,1.42851,0.8087,0.00032551,0.00032551,0.00032551
535,1804.77,2.19919,1.30358,0.85277,0.43948,0.19838,0.2288,0.07942,2.61275,1.4251,0.81011,0.000323981,0.000323981,0.000323981
536,1808.12,2.4619,1.38804,0.85696,0.43359,0.19948,0.22777,0.07838,2.61132,1.42606,0.81129,0.000322454,0.000322454,0.000322454
537,1811.4,2.29447,1.3711,0.84334,0.43465,0.19769,0.22818,0.07896,2.60682,1.4261,0.80984,0.000320931,0.000320931,0.000320931
538,1814.72,2.20873,1.29784,0.86413,0.43052,0.19865,0.22581,0.07865,2.61058,1.42624,0.81123,0.000319412,0.000319412,0.000319412
539,1818.09,2.21444,1.24074,0.84138,0.43886,0.19852,0.22812,0.07943,2.60243,1.42417,0.81028,0.000317896,0.000317896,0.000317896
540,1821.45,2.24254,1.25603,0.82947,0.44414,0.20085,0.23031,0.0799,2.60643,1.42124,0.81002,0.000316384,0.000316384,0.000316384
541,1824.91,2.6014,1.53817,0.8389,0.43945,0.20126,0.22919,0.07951,2.60536,1.4215,0.81176,0.000314876,0.000314876,0.000314876
542,1828.19,2.29639,1.28271,0.86173,0.44077,0.19813,0.22891,0.07977,2.60605,1.42282,0.80932,0.000313371,0.000313371,0.000313371
543,1831.44,2.20374,1.30892,0.83532,0.43988,0.19824,0.22821,0.07929,2.60818,1.4228,0.81005,0.000311869,0.000311869,0.000311869
544,1834.81,2.31376,1.26714,0.84405,0.44213,0.2003,0.22973,0.07952,2.59941,1.42333,0.80929,0.000310372,0.000310372,0.000310372
545,1838.09,2.32899,1.31131,0.85947,0.44241,0.20126,0.22918,0.07937,2.60312,1.42572,0.80803,0.000308878,0.000308878,0.000308878
546,1841.44,2.34367,1.29247,0.83516,0.43918,0.20126,0.2301,0.07966,2.60069,1.42375,0.80964,0.000307388,0.000307388,0.000307388
547,1844.7,2.18486,1.2917,0.85664,0.4365,0.19975,0.2282,0.07961,2.59604,1.42352,0.80984,0.000305901,0.000305901,0.000305901
548,1848.23,2.29197,1.34019,0.84876,0.43651,0.20209,0.22955,0.07902,2.59319,1.42211,0.80971,0.000304419,0.000304419,0.000304419
549,1851.46,2.38206,1.42373,0.82544,0.43565,0.2014,0.22888,0.07887,2.59487,1.42243,0.80925,0.00030294,0.00030294,0.00030294
550,1854.88,2.34669,1.35521,0.85642,0.4321,0.19952,0.22578,0.07838,2.59992,1.42526,0.80989,0.000301465,0.000301465,0.000301465
551,1858.08,2.30627,1.284,0.84898,0.43484,0.20003,0.22541,0.07823,2.59778,1.42417,0.81089,0.000299993,0.000299993,0.000299993
552,1861.65,2.37213,1.37084,0.89399,0.43601,0.19824,0.22613,0.07847,2.60055,1.42204,0.80994,0.000298526,0.000298526,0.000298526
553,1864.94,2.14123,1.28775,0.84577,0.44434,0.19948,0.23087,0.07912,2.5996,1.42442,0.80824,0.000297062,0.000297062,0.000297062
554,1868.44,2.24869,1.30712,0.83846,0.43695,0.19838,0.2275,0.07905,2.60125,1.42487,0.80961,0.000295603,0.000295603,0.000295603
555,1871.73,2.1852,1.3024,0.85653,0.4385,0.19769,0.22798,0.07852,2.60266,1.42416,0.80844,0.000294147,0.000294147,0.000294147
556,1875.09,2.27319,1.25954,0.84541,0.42717,0.19687,0.22303,0.07799,2.60939,1.41947,0.8098,0.000292695,0.000292695,0.000292695
557,1878.46,2.36498,1.39825,0.82214,0.43498,0.20113,0.22945,0.07874,2.61675,1.42381,0.80972,0.000291248,0.000291248,0.000291248
558,1881.76,2.32207,1.31036,0.85172,0.42832,0.19948,0.22628,0.0782,2.60675,1.42283,0.81142,0.000289804,0.000289804,0.000289804
559,1885.05,2.22848,1.29039,0.84742,0.42966,0.19879,0.22647,0.07836,2.60243,1.42402,0.81047,0.000288364,0.000288364,0.000288364
560,1888.49,2.22228,1.29504,0.8552,0.43375,0.20044,0.22866,0.07823,2.60373,1.41912,0.81013,0.000286928,0.000286928,0.000286928
561,1891.85,2.05539,1.24168,0.85471,0.43363,0.19962,0.2283,0.07849,2.603,1.41774,0.81055,0.000285497,0.000285497,0.000285497
562,1895.24,2.30836,1.35081,0.88768,0.43065,0.19989,0.2274,0.0784,2.60669,1.41941,0.81144,0.000284069,0.000284069,0.000284069
563,1898.45,2.33672,1.35397,0.84086,0.43479,0.20277,0.23093,0.07891,2.60622,1.41902,0.80954,0.000282646,0.000282646,0.000282646
564,1901.83,2.18244,1.2651,0.83705,0.44025,0.20071,0.23108,0.07903,2.60945,1.42141,0.80939,0.000281226,0.000281226,0.000281226
565,1905.16,1.97496,1.23795,0.84697,0.44077,0.19932,0.23019,0.07884,2.61215,1.42433,0.80835,0.000279811,0.000279811,0.000279811
566,1908.54,2.25438,1.27603,0.8497,0.44266,0.19962,0.22877,0.07833,2.61002,1.42471,0.80808,0.0002784,0.0002784,0.0002784
567,1912.07,2.32815,1.37709,0.86671,0.44033,0.19879,0.2273,0.07811,2.60796,1.42495,0.80842,0.000276993,0.000276993,0.000276993
568,1915.5,2.34195,1.38595,0.85171,0.44191,0.19948,0.22905,0.07859,2.60434,1.42035,0.80726,0.00027559,0.00027559,0.00027559
569,1918.76,2.28181,1.25316,0.84207,0.44222,0.19886,0.22817,0.07868,2.60469,1.41988,0.80834,0.000274192,0.000274192,0.000274192
570,1922.22,2.28947,1.3342,0.85792,0.44352,0.19838,0.22803,0.07888,2.60448,1.42076,0.80757,0.000272798,0.000272798,0.000272798
571,1925.42,2.40014,1.41532,0.85457,0.44033,0.19783,0.22784,0.07886,2.60751,1.41984,0.80872,0.000271408,0.000271408,0.000271408
572,1928.78,2.49855,1.44659,0.84547,0.4416,0.19989,0.22914,0.07911,2.60955,1.42072,0.80873,0.000270022,0.000270022,0.000270022
573,1932.16,2.41804,1.40894,0.84003,0.44011,0.20126,0.23002,0.07968,2.60374,1.41983,0.80809,0.000268641,0.000268641,0.000268641
574,1935.54,2.10953,1.23823,0.85405,0.44589,0.20016,0.23123,0.07961,2.60132,1.41419,0.80923,0.000267264,0.000267264,0.000267264
575,1938.88,2.36055,1.34063,0.87369,0.44243,0.20044,0.22973,0.07959,2.59313,1.41081,0.80964,0.000265891,0.000265891,0.000265891
576,1942.24,2.40617,1.37628,0.83551,0.4411,0.20099,0.23234,0.08046,2.59372,1.41225,0.80948,0.000264523,0.000264523,0.000264523
577,1945.56,2.35218,1.3689,0.83386,0.44388,0.2002,0.23175,0.07954,2.60308,1.41707,0.80765,0.000263159,0.000263159,0.000263159
578,1948.94,2.33026,1.3332,0.85398,0.43686,0.20044,0.23065,0.07999,2.59395,1.41497,0.80849,0.0002618,0.0002618,0.0002618
579,1952.36,2.21829,1.29859,0.83328,0.44376,0.20099,0.23048,0.07937,2.59729,1.41458,0.80923,0.000260445,0.000260445,0.000260445
580,1955.9,2.22264,1.31533,0.85434,0.4374,0.20305,0.22955,0.07872,2.59249,1.41735,0.81013,0.000259094,0.000259094,0.000259094
581,1959.18,2.42689,1.38449,0.87279,0.44044,0.20305,0.23032,0.0791,2.59679,1.41733,0.80934,0.000257748,0.000257748,0.000257748
582,1962.58,2.25956,1.30116,0.82575,0.44828,0.20085,0.23187,0.07926,2.59733,1.41526,0.8097,0.000256407,0.000256407,0.000256407
583,1965.92,2.26699,1.32642,0.85994,0.44362,0.19975,0.2295,0.07913,2.5996,1.41706,0.80974,0.00025507,0.00025507,0.00025507
584,1969.59,2.29784,1.33353,0.86853,0.44231,0.19893,0.22942,0.07937,2.59573,1.41674,0.80969,0.000253738,0.000253738,0.000253738
585,1972.89,2.34431,1.32982,0.83502,0.44532,0.19948,0.23067,0.07907,2.59765,1.4163,0.80814,0.00025241,0.00025241,0.00025241
586,1976.33,2.01177,1.2124,0.83866,0.43707,0.20099,0.22809,0.07807,2.5987,1.42142,0.80943,0.000251086,0.000251086,0.000251086
587,1979.61,2.32852,1.34686,0.85089,0.44114,0.20195,0.22804,0.07829,2.60285,1.42327,0.8091,0.000249768,0.000249768,0.000249768
588,1983.03,2.38506,1.38733,0.83756,0.44202,0.2036,0.23142,0.07862,2.61127,1.42807,0.80628,0.000248454,0.000248454,0.000248454
589,1986.26,2.22068,1.24248,0.82006,0.44213,0.20291,0.231,0.07887,2.60847,1.42962,0.8064,0.000247144,0.000247144,0.000247144
590,1989.62,2.10479,1.23899,0.84249,0.43834,0.20209,0.22762,0.07879,2.59891,1.42678,0.80799,0.00024584,0.00024584,0.00024584
591,1992.9,2.21776,1.24989,0.85489,0.43813,0.20264,0.22858,0.0784,2.6088,1.42676,0.80701,0.00024454,0.00024454,0.00024454
592,1996.4,2.09551,1.22969,0.8243,0.43732,0.20277,0.22907,0.07894,2.59964,1.42576,0.80803,0.000243244,0.000243244,0.000243244
593,1999.67,2.20808,1.26221,0.87002,0.44292,0.20401,0.23156,0.07928,2.59853,1.42364,0.80765,0.000241954,0.000241954,0.000241954
594,2002.97,2.30822,1.32538,0.86668,0.44424,0.20264,0.23146,0.07946,2.60067,1.41979,0.80684,0.000240668,0.000240668,0.000240668
595,2006.25,2.33303,1.33198,0.87066,0.44595,0.20443,0.23261,0.07998,2.59283,1.41855,0.80733,0.000239387,0.000239387,0.000239387
596,2009.64,2.24948,1.33257,0.86253,0.44142,0.20607,0.23424,0.0802,2.6018,1.421,0.80777,0.000238111,0.000238111,0.000238111
597,2012.94,2.24901,1.30186,0.86499,0.43486,0.20524,0.23267,0.07982,2.60357,1.42124,0.80754,0.000236839,0.000236839,0.000236839
598,2016.24,2.13041,1.26728,0.8602,0.43926,0.20648,0.23524,0.08054,2.59025,1.41572,0.80857,0.000235573,0.000235573,0.000235573
599,2019.77,2.28947,1.28709,0.86376,0.43431,0.20415,0.23243,0.08019,2.59223,1.41588,0.80824,0.000234311,0.000234311,0.000234311
600,2023.1,2.20196,1.29605,0.85764,0.43253,0.20291,0.23046,0.08029,2.5891,1.41892,0.80913,0.000233054,0.000233054,0.000233054
601,2026.46,2.42607,1.38238,0.82969,0.4295,0.20196,0.22914,0.08002,2.58894,1.4204,0.80921,0.000231802,0.000231802,0.000231802
602,2029.82,2.32267,1.37103,0.84634,0.4282,0.2003,0.22822,0.0793,2.59412,1.42216,0.8098,0.000230555,0.000230555,0.000230555
603,2033.11,2.57939,1.62422,0.83402,0.4329,0.20048,0.22901,0.07967,2.5943,1.42172,0.80876,0.000229313,0.000229313,0.000229313
604,2036.43,2.37966,1.36082,0.84473,0.43669,0.20085,0.23055,0.0802,2.59922,1.41929,0.80898,0.000228075,0.000228075,0.000228075
605,2039.82,2.31257,1.29846,0.85146,0.43532,0.20113,0.23174,0.0806,2.59485,1.41567,0.80902,0.000226843,0.000226843,0.000226843
606,2043.28,2.31456,1.32773,0.88265,0.43619,0.20113,0.23135,0.08039,2.59574,1.41634,0.80806,0.000225616,0.000225616,0.000225616
607,2046.52,2.17549,1.32444,0.85694,0.44423,0.2014,0.23497,0.08029,2.59539,1.41278,0.80738,0.000224394,0.000224394,0.000224394
608,2049.9,2.5027,1.47845,0.85188,0.44461,0.20058,0.23269,0.08033,2.5982,1.41577,0.80611,0.000223176,0.000223176,0.000223176
609,2053.12,2.36849,1.37842,0.84829,0.44663,0.20044,0.23269,0.08027,2.60157,1.41353,0.8065,0.000221964,0.000221964,0.000221964
610,2056.59,2.14637,1.28996,0.8366,0.44661,0.20209,0.23417,0.08044,2.60456,1.4165,0.807,0.000220757,0.000220757,0.000220757
611,2059.95,2.31244,1.30815,0.84965,0.44843,0.20359,0.23504,0.08073,2.59852,1.41678,0.80745,0.000219555,0.000219555,0.000219555
612,2063.41,2.307,1.32087,0.83602,0.43851,0.20113,0.23027,0.07952,2.59727,1.42295,0.80823,0.000218358,0.000218358,0.000218358
613,2066.61,2.11606,1.22199,0.83598,0.43947,0.20085,0.23029,0.08017,2.59638,1.42211,0.80851,0.000217166,0.000217166,0.000217166
614,2069.88,2.13666,1.25654,0.85964,0.44351,0.20373,0.23239,0.07978,2.5985,1.42442,0.80764,0.000215979,0.000215979,0.000215979
615,2073.21,2.47966,1.43906,0.84918,0.4413,0.20222,0.23088,0.07963,2.59694,1.42509,0.8075,0.000214798,0.000214798,0.000214798
616,2076.57,2.37964,1.36784,0.84601,0.43542,0.20264,0.23053,0.07964,2.59943,1.42511,0.80932,0.000213621,0.000213621,0.000213621
617,2079.88,1.99577,1.18922,0.85284,0.43007,0.20277,0.22976,0.07938,2.60076,1.42551,0.80887,0.00021245,0.00021245,0.00021245
618,2083.28,2.33533,1.36481,0.83931,0.43794,0.20483,0.23051,0.07915,2.60215,1.42177,0.8073,0.000211284,0.000211284,0.000211284
619,2086.59,2.32455,1.27746,0.85146,0.44004,0.20387,0.23171,0.08,2.59321,1.4186,0.80813,0.000210123,0.000210123,0.000210123
620,2089.97,2.18923,1.26315,0.85729,0.43727,0.2014,0.22988,0.0793,2.598,1.41884,0.8082,0.000208968,0.000208968,0.000208968
621,2093.2,2.42287,1.40877,0.84727,0.43746,0.2021,0.23096,0.07933,2.59957,1.41746,0.80794,0.000207817,0.000207817,0.000207817
622,2096.53,2.27693,1.28969,0.84565,0.44692,0.19934,0.23011,0.07956,2.59844,1.41704,0.80665,0.000206672,0.000206672,0.000206672
623,2099.8,2.07508,1.25274,0.82377,0.44519,0.20126,0.23165,0.0797,2.59831,1.41787,0.80754,0.000205533,0.000205533,0.000205533
624,2103.27,2.17175,1.27492,0.84536,0.44303,0.19907,0.22739,0.07953,2.59181,1.42227,0.80728,0.000204398,0.000204398,0.000204398
625,2106.54,2.24836,1.32802,0.83481,0.44028,0.19934,0.22815,0.0796,2.58928,1.4222,0.80772,0.000203269,0.000203269,0.000203269
626,2109.87,2.38203,1.35223,0.8365,0.44377,0.19935,0.23007,0.07892,2.59804,1.42453,0.80681,0.000202145,0.000202145,0.000202145
627,2113.19,2.20424,1.27483,0.85819,0.44291,0.20113,0.22965,0.07891,2.59867,1.42456,0.80673,0.000201027,0.000201027,0.000201027
628,2116.64,2.29973,1.32292,0.84609,0.43883,0.20319,0.22885,0.07825,2.60093,1.4248,0.80819,0.000199914,0.000199914,0.000199914
629,2119.88,2.4189,1.35147,0.85514,0.43855,0.20222,0.22783,0.0787,2.59737,1.42253,0.80846,0.000198806,0.000198806,0.000198806
630,2123.27,2.2544,1.26109,0.86166,0.43824,0.2036,0.23185,0.07971,2.5957,1.41798,0.80928,0.000197704,0.000197704,0.000197704
631,2126.61,2.34795,1.40524,0.85985,0.4412,0.20465,0.23358,0.08021,2.5937,1.41738,0.80884,0.000196607,0.000196607,0.000196607
632,2129.97,2.29867,1.31757,0.83174,0.43926,0.20099,0.23109,0.08036,2.59524,1.41761,0.80997,0.000195516,0.000195516,0.000195516
633,2133.41,1.92751,1.17654,0.8528,0.43507,0.20099,0.23064,0.08026,2.59479,1.41599,0.81004,0.00019443,0.00019443,0.00019443
634,2136.82,2.52258,1.50669,0.82416,0.44095,0.2014,0.23045,0.08062,2.59012,1.41664,0.80891,0.00019335,0.00019335,0.00019335
635,2140.01,2.33201,1.33308,0.88123,0.44325,0.20209,0.23279,0.08074,2.59063,1.41476,0.80896,0.000192275,0.000192275,0.000192275
636,2143.49,2.29282,1.29942,0.83683,0.43567,0.20181,0.23206,0.08054,2.59172,1.41458,0.81025,0.000191206,0.000191206,0.000191206
637,2146.98,2.39625,1.37151,0.83696,0.43426,0.20222,0.23179,0.08081,2.58833,1.41346,0.80964,0.000190142,0.000190142,0.000190142
638,2150.35,2.204,1.31707,0.86703,0.44061,0.20319,0.2334,0.08105,2.59616,1.41283,0.80918,0.000189084,0.000189084,0.000189084
639,2153.86,2.33244,1.37418,0.81777,0.43623,0.20332,0.23184,0.08048,2.60126,1.41539,0.80917,0.000188031,0.000188031,0.000188031
640,2157.26,2.13095,1.25583,0.85956,0.4378,0.2025,0.23176,0.08053,2.5964,1.41565,0.80989,0.000186984,0.000186984,0.000186984
641,2160.51,2.23843,1.29391,0.85366,0.43468,0.2014,0.22913,0.07976,2.59911,1.41646,0.81032,0.000185942,0.000185942,0.000185942
642,2163.86,2.48318,1.42164,0.84136,0.44616,0.20126,0.2316,0.07977,2.59804,1.41788,0.80859,0.000184906,0.000184906,0.000184906
643,2167.14,2.32218,1.345,0.84693,0.4453,0.20058,0.23088,0.07979,2.59737,1.41852,0.80859,0.000183876,0.000183876,0.000183876
644,2170.65,2.28351,1.27273,0.84467,0.44915,0.20195,0.2343,0.08087,2.59518,1.4178,0.80917,0.000182852,0.000182852,0.000182852
645,2173.89,2.33864,1.34712,0.82245,0.44856,0.20181,0.23362,0.08089,2.59142,1.41789,0.80896,0.000181833,0.000181833,0.000181833
646,2177.32,2.43703,1.40041,0.83175,0.44962,0.20044,0.23238,0.08072,2.59588,1.42166,0.80852,0.000180819,0.000180819,0.000180819
647,2180.62,2.24736,1.28976,0.85203,0.44701,0.19975,0.2317,0.08021,2.59675,1.42378,0.80804,0.000179812,0.000179812,0.000179812
648,2183.92,2.20651,1.29602,0.84284,0.44413,0.2014,0.23245,0.08106,2.59666,1.42329,0.80806,0.00017881,0.00017881,0.00017881
649,2187.21,2.17579,1.28233,0.83801,0.44008,0.20113,0.23129,0.08049,2.5957,1.42283,0.80755,0.000177814,0.000177814,0.000177814
650,2190.79,2.12332,1.24149,0.86293,0.43938,0.20167,0.23206,0.08065,2.5954,1.42054,0.80848,0.000176823,0.000176823,0.000176823
651,2194.11,2.4201,1.41421,0.85331,0.43788,0.2034,0.2317,0.08049,2.59634,1.42309,0.80883,0.000175839,0.000175839,0.000175839
652,2197.38,2.15661,1.31998,0.85803,0.43884,0.20428,0.23157,0.08056,2.59557,1.42239,0.80929,0.00017486,0.00017486,0.00017486
653,2200.65,2.17739,1.32241,0.84695,0.43785,0.20424,0.23064,0.07988,2.59702,1.42159,0.80895,0.000173887,0.000173887,0.000173887
654,2203.98,2.28841,1.32485,0.85319,0.44404,0.20538,0.23344,0.08018,2.59783,1.4244,0.80821,0.000172919,0.000172919,0.000172919
655,2207.31,2.53453,1.49909,0.82702,0.44181,0.20504,0.2324,0.08019,2.59946,1.42493,0.80801,0.000171958,0.000171958,0.000171958
656,2210.82,2.4622,1.46224,0.83736,0.43973,0.20456,0.23169,0.07968,2.60234,1.42577,0.80767,0.000171002,0.000171002,0.000171002
657,2214.12,2.12878,1.3142,0.86533,0.43841,0.20428,0.2303,0.07977,2.60394,1.42691,0.80751,0.000170052,0.000170052,0.000170052
658,2217.51,2.3176,1.36572,0.85106,0.43847,0.20207,0.22904,0.07903,2.59961,1.42558,0.80692,0.000169108,0.000169108,0.000169108
659,2220.73,2.17031,1.33189,0.8729,0.44369,0.20277,0.23206,0.0796,2.60003,1.4247,0.80711,0.00016817,0.00016817,0.00016817
660,2224.13,2.1578,1.25178,0.86168,0.44113,0.20058,0.23097,0.07973,2.59989,1.42436,0.807,0.000167238,0.000167238,0.000167238
661,2227.4,2.26314,1.35037,0.85127,0.44115,0.20277,0.23224,0.07946,2.60299,1.42135,0.80779,0.000166312,0.000166312,0.000166312
662,2230.67,2.25039,1.30154,0.85911,0.44452,0.20126,0.23356,0.08036,2.60278,1.42096,0.80785,0.000165392,0.000165392,0.000165392
663,2234.1,2.18623,1.33845,0.84624,0.44061,0.20058,0.23125,0.0796,2.60437,1.42083,0.80834,0.000164477,0.000164477,0.000164477
664,2237.45,2.22521,1.34483,0.865,0.44173,0.20236,0.23238,0.07973,2.60628,1.42072,0.80842,0.000163569,0.000163569,0.000163569
665,2240.72,2.02241,1.18142,0.85155,0.44159,0.2003,0.23038,0.0791,2.6107,1.42154,0.80763,0.000162666,0.000162666,0.000162666
666,2244.09,2.20899,1.26787,0.85529,0.44111,0.20208,0.23154,0.07949,2.60447,1.42084,0.8077,0.00016177,0.00016177,0.00016177
667,2247.33,2.40526,1.348,0.83774,0.43866,0.20234,0.23002,0.07956,2.6003,1.42031,0.80776,0.000160879,0.000160879,0.000160879
668,2250.7,2.04868,1.22996,0.8403,0.435,0.20126,0.22848,0.07852,2.60612,1.42531,0.80824,0.000159994,0.000159994,0.000159994
669,2254.14,2.27125,1.25251,0.87548,0.43524,0.20099,0.22885,0.07887,2.60352,1.42324,0.80843,0.000159116,0.000159116,0.000159116
670,2257.54,2.25543,1.29113,0.84814,0.4374,0.20209,0.22906,0.07898,2.59538,1.42011,0.80806,0.000158243,0.000158243,0.000158243
671,2260.78,2.28061,1.31436,0.84684,0.43798,0.20264,0.22828,0.07884,2.59853,1.42092,0.80759,0.000157377,0.000157377,0.000157377
672,2264.06,2.24743,1.33247,0.85783,0.43605,0.20319,0.22986,0.07921,2.59118,1.41945,0.80855,0.000156516,0.000156516,0.000156516
673,2267.35,2.35625,1.30016,0.84289,0.43889,0.20468,0.23301,0.08012,2.59276,1.42039,0.80864,0.000155662,0.000155662,0.000155662
674,2270.71,2.21836,1.32785,0.82194,0.44522,0.20305,0.23427,0.08072,2.59673,1.42065,0.8078,0.000154814,0.000154814,0.000154814
675,2273.98,2.39888,1.40253,0.82408,0.44202,0.2025,0.23363,0.08057,2.5938,1.42025,0.80757,0.000153972,0.000153972,0.000153972
676,2277.48,2.1394,1.21641,0.84817,0.44471,0.20428,0.23389,0.08056,2.59329,1.4207,0.80735,0.000153135,0.000153135,0.000153135
677,2280.79,2.25357,1.27068,0.85121,0.44478,0.20346,0.23354,0.08017,2.59759,1.42218,0.80749,0.000152305,0.000152305,0.000152305
678,2284.18,2.12342,1.25011,0.89019,0.44399,0.20401,0.23404,0.08034,2.59637,1.42054,0.80814,0.000151482,0.000151482,0.000151482
679,2288.12,1.97624,1.28329,0.87296,0.44283,0.20524,0.23368,0.08015,2.59927,1.42165,0.80841,0.000150664,0.000150664,0.000150664
680,2291.58,2.37103,1.366,0.84152,0.44102,0.20428,0.23144,0.07922,2.59849,1.42685,0.8083,0.000149852,0.000149852,0.000149852
681,2294.88,2.47358,1.4851,0.83105,0.44077,0.20264,0.2306,0.07931,2.59629,1.42491,0.80779,0.000149047,0.000149047,0.000149047
682,2298.41,2.35072,1.39044,0.85533,0.449,0.20126,0.233,0.08001,2.59848,1.42256,0.80791,0.000148248,0.000148248,0.000148248
683,2301.75,2.26496,1.35459,0.85054,0.45342,0.20113,0.23195,0.08001,2.59949,1.423,0.80743,0.000147455,0.000147455,0.000147455
684,2305.08,2.24583,1.39977,0.84429,0.45171,0.20291,0.23478,0.08038,2.59736,1.42402,0.80847,0.000146668,0.000146668,0.000146668
685,2308.32,2.23766,1.2597,0.83756,0.44748,0.20373,0.23306,0.0802,2.59652,1.42316,0.80875,0.000145888,0.000145888,0.000145888
686,2311.68,2.22156,1.35669,0.86911,0.4459,0.2047,0.23434,0.0802,2.60101,1.42399,0.80854,0.000145113,0.000145113,0.000145113
687,2315,2.15929,1.25667,0.85832,0.44276,0.20355,0.23242,0.08028,2.59981,1.42293,0.80854,0.000144345,0.000144345,0.000144345
688,2318.48,2.27187,1.3576,0.83543,0.44513,0.20305,0.23292,0.08099,2.594,1.41721,0.80823,0.000143583,0.000143583,0.000143583
689,2321.78,2.58128,1.54119,0.84393,0.44523,0.20262,0.23346,0.08107,2.59198,1.41451,0.8082,0.000142828,0.000142828,0.000142828
690,2325.22,2.18892,1.29004,0.84769,0.44648,0.20387,0.23454,0.08149,2.58397,1.40923,0.8085,0.000142079,0.000142079,0.000142079
691,2328.7,2.18639,1.28476,0.83337,0.44375,0.20346,0.23445,0.08131,2.58408,1.41103,0.80774,0.000141336,0.000141336,0.000141336
692,2332.04,2.27842,1.31638,0.86126,0.44173,0.20195,0.23122,0.08042,2.58476,1.41389,0.80855,0.000140599,0.000140599,0.000140599
693,2335.42,2.12804,1.21309,0.84494,0.44395,0.20071,0.2303,0.07959,2.58644,1.41558,0.80866,0.000139869,0.000139869,0.000139869
694,2338.72,2.09366,1.27854,0.83676,0.44176,0.20099,0.22748,0.07872,2.58782,1.41783,0.80826,0.000139144,0.000139144,0.000139144
695,2342.18,2.29447,1.35434,0.83602,0.44224,0.20044,0.22783,0.07858,2.59031,1.41826,0.80799,0.000138427,0.000138427,0.000138427
696,2345.55,2.39208,1.36228,0.85281,0.44494,0.20099,0.22938,0.07868,2.58622,1.41995,0.80849,0.000137715,0.000137715,0.000137715
697,2348.85,2.26861,1.336,0.83813,0.45001,0.2003,0.23014,0.07903,2.58861,1.42331,0.80834,0.00013701,0.00013701,0.00013701
698,2352.15,2.00235,1.23549,0.88591,0.44504,0.19934,0.22948,0.0796,2.58846,1.42267,0.80852,0.000136312,0.000136312,0.000136312
699,2355.44,2.40094,1.36108,0.85403,0.44503,0.19962,0.22823,0.0794,2.59251,1.42421,0.8085,0.00013562,0.00013562,0.00013562
700,2358.78,2.09184,1.23291,0.85313,0.44599,0.20126,0.23155,0.07989,2.59245,1.42295,0.80858,0.000134934,0.000134934,0.000134934
701,2362.16,2.28982,1.4053,0.8538,0.4447,0.20195,0.23214,0.08013,2.59606,1.42506,0.8083,0.000134254,0.000134254,0.000134254
702,2365.55,2.38479,1.3815,0.83855,0.44269,0.20305,0.23232,0.08065,2.59346,1.42424,0.80807,0.000133581,0.000133581,0.000133581
703,2368.72,2.37836,1.35548,0.83934,0.44457,0.20373,0.23379,0.08052,2.59079,1.42326,0.80827,0.000132915,0.000132915,0.000132915
704,2372.12,2.46417,1.42852,0.82882,0.44833,0.20181,0.23545,0.08129,2.59192,1.42043,0.80832,0.000132254,0.000132254,0.000132254
705,2375.46,2.34738,1.35609,0.8355,0.44114,0.20167,0.23397,0.08086,2.59194,1.41973,0.80815,0.000131601,0.000131601,0.000131601
706,2378.78,2.38393,1.37615,0.86,0.43887,0.19975,0.23089,0.08032,2.59291,1.42114,0.80888,0.000130953,0.000130953,0.000130953
707,2382.06,2.11265,1.26395,0.85862,0.43822,0.20113,0.23153,0.07995,2.59396,1.42256,0.80841,0.000130312,0.000130312,0.000130312
708,2385.56,2.2817,1.28643,0.8266,0.44105,0.20264,0.23195,0.08038,2.59662,1.42228,0.80849,0.000129678,0.000129678,0.000129678
709,2388.93,2.09865,1.21589,0.86305,0.4396,0.20277,0.23004,0.08001,2.59507,1.42285,0.80866,0.00012905,0.00012905,0.00012905
710,2392.49,2.46953,1.43459,0.83436,0.44162,0.20401,0.23266,0.08011,2.59275,1.42217,0.80911,0.000128429,0.000128429,0.000128429
711,2395.99,2.23433,1.37874,0.85001,0.441,0.20387,0.23296,0.08028,2.5927,1.42125,0.80908,0.000127814,0.000127814,0.000127814
712,2399.31,2.40581,1.39834,0.83818,0.44203,0.2025,0.23249,0.08003,2.59146,1.42383,0.80779,0.000127206,0.000127206,0.000127206
713,2402.58,2.18863,1.23849,0.85415,0.44627,0.20181,0.23189,0.07992,2.5931,1.42514,0.80701,0.000126604,0.000126604,0.000126604
714,2406.05,2.15172,1.22297,0.85075,0.44574,0.20071,0.23067,0.08016,2.59095,1.42358,0.80697,0.000126008,0.000126008,0.000126008
715,2409.29,2.13367,1.25647,0.86238,0.44748,0.20181,0.23089,0.08003,2.59052,1.42435,0.80691,0.00012542,0.00012542,0.00012542
716,2412.65,1.98342,1.20999,0.85497,0.44259,0.20058,0.22984,0.07977,2.59119,1.4222,0.80757,0.000124837,0.000124837,0.000124837
717,2415.88,2.25019,1.31803,0.83452,0.44425,0.2014,0.23077,0.07999,2.58703,1.42036,0.80771,0.000124262,0.000124262,0.000124262
718,2419.39,2.45713,1.51454,0.8081,0.44374,0.20316,0.2322,0.08016,2.59155,1.4239,0.80755,0.000123692,0.000123692,0.000123692
719,2422.61,2.33144,1.36835,0.82298,0.44098,0.20236,0.23215,0.08005,2.58832,1.42438,0.80783,0.00012313,0.00012313,0.00012313
720,2426.25,2.10069,1.20451,0.84366,0.44101,0.20264,0.23295,0.08008,2.59246,1.42204,0.80806,0.000122574,0.000122574,0.000122574
721,2429.56,2.13081,1.2498,0.85199,0.44211,0.20236,0.23317,0.08063,2.58977,1.41996,0.8077,0.000122025,0.000122025,0.000122025
722,2432.92,2.19998,1.2387,0.83278,0.44235,0.20441,0.23416,0.08054,2.59457,1.41873,0.80765,0.000121482,0.000121482,0.000121482
723,2436.21,2.55062,1.47263,0.82483,0.4425,0.20497,0.23542,0.08059,2.59733,1.42004,0.80736,0.000120946,0.000120946,0.000120946
724,2439.5,2.21439,1.29524,0.81224,0.44236,0.20552,0.23573,0.08072,2.6013,1.42286,0.80791,0.000120416,0.000120416,0.000120416
725,2442.78,2.12381,1.22914,0.85434,0.44111,0.20511,0.23522,0.08068,2.59744,1.42145,0.80799,0.000119893,0.000119893,0.000119893
726,2446.13,2.45055,1.37195,0.84007,0.43866,0.20332,0.23379,0.08066,2.59759,1.42101,0.80946,0.000119377,0.000119377,0.000119377
727,2449.52,1.98622,1.24854,0.83404,0.438,0.20447,0.23432,0.08106,2.59417,1.42107,0.80908,0.000118867,0.000118867,0.000118867
728,2452.8,2.11699,1.23238,0.84681,0.43861,0.20346,0.23353,0.08073,2.59723,1.42158,0.80886,0.000118364,0.000118364,0.000118364
729,2456.08,2.28237,1.3497,0.83804,0.43838,0.20332,0.23391,0.08099,2.59797,1.42163,0.80886,0.000117868,0.000117868,0.000117868
730,2459.47,2.2926,1.34997,0.83858,0.44221,0.20675,0.23549,0.08105,2.59741,1.42187,0.80805,0.000117378,0.000117378,0.000117378
731,2462.71,2.21058,1.29419,0.83727,0.43772,0.20424,0.23318,0.08074,2.59941,1.4217,0.80852,0.000116895,0.000116895,0.000116895
732,2466.05,2.23534,1.28351,0.83491,0.43737,0.20305,0.23148,0.08043,2.59596,1.42087,0.80932,0.000116419,0.000116419,0.000116419
733,2469.47,2.28246,1.26042,0.84415,0.44059,0.20346,0.2319,0.08035,2.5941,1.42025,0.80911,0.000115949,0.000115949,0.000115949
734,2472.71,2.06214,1.24997,0.85513,0.44468,0.20099,0.22895,0.07971,2.58971,1.42175,0.8086,0.000115486,0.000115486,0.000115486
735,2475.95,2.41915,1.41143,0.83483,0.44571,0.20181,0.2295,0.07968,2.58847,1.42236,0.80837,0.00011503,0.00011503,0.00011503
736,2479.38,2.21616,1.28092,0.87098,0.44821,0.20319,0.23102,0.07989,2.59155,1.42363,0.80801,0.00011458,0.00011458,0.00011458
737,2482.75,2.07642,1.23453,0.85245,0.44579,0.20209,0.22901,0.07975,2.59202,1.42054,0.80794,0.000114138,0.000114138,0.000114138
738,2486.11,2.42165,1.34331,0.82004,0.4479,0.20222,0.23258,0.08057,2.59406,1.41908,0.80792,0.000113701,0.000113701,0.000113701
739,2489.32,2.18906,1.25797,0.84021,0.44964,0.20277,0.23415,0.0807,2.59718,1.41809,0.80748,0.000113272,0.000113272,0.000113272
740,2492.83,2.38163,1.39591,0.8518,0.44585,0.20387,0.23329,0.0807,2.60262,1.41917,0.80731,0.000112849,0.000112849,0.000112849
741,2496.16,2.1692,1.24285,0.85374,0.45016,0.20511,0.23476,0.08056,2.60009,1.41906,0.80711,0.000112434,0.000112434,0.000112434
742,2499.57,2.11856,1.20631,0.88212,0.44767,0.20319,0.23324,0.08032,2.59747,1.41691,0.80735,0.000112024,0.000112024,0.000112024
743,2502.89,2.36741,1.38809,0.83194,0.44887,0.20305,0.23359,0.08054,2.59538,1.41693,0.80806,0.000111622,0.000111622,0.000111622
744,2506.24,2.04579,1.20134,0.86996,0.45187,0.20305,0.23314,0.08007,2.59472,1.41672,0.80778,0.000111226,0.000111226,0.000111226
745,2509.54,2.41573,1.39426,0.87242,0.4513,0.20346,0.23183,0.08006,2.59363,1.41525,0.80854,0.000110837,0.000110837,0.000110837
746,2513.03,2.3329,1.34822,0.86928,0.44855,0.20179,0.23164,0.07992,2.59466,1.41644,0.80773,0.000110455,0.000110455,0.000110455
747,2516.25,2.3434,1.36616,0.81351,0.45186,0.20222,0.2339,0.08024,2.59517,1.41783,0.80766,0.00011008,0.00011008,0.00011008
748,2519.55,2.24026,1.29537,0.83545,0.45022,0.2036,0.23518,0.08128,2.59322,1.41841,0.80776,0.000109711,0.000109711,0.000109711
749,2522.96,2.19659,1.26113,0.88163,0.44934,0.20264,0.23543,0.08141,2.59461,1.41617,0.80815,0.00010935,0.00010935,0.00010935
750,2526.25,2.22751,1.28619,0.84203,0.44902,0.20373,0.23672,0.08191,2.59418,1.41217,0.80836,0.000108995,0.000108995,0.000108995
751,2529.6,2.14478,1.21026,0.8552,0.44983,0.20428,0.23718,0.08143,2.59677,1.41329,0.80779,0.000108647,0.000108647,0.000108647
752,2533.14,2.17151,1.26616,0.83414,0.44946,0.20442,0.23696,0.08156,2.5932,1.41147,0.80761,0.000108305,0.000108305,0.000108305
753,2536.5,2.37568,1.40643,0.83205,0.4471,0.20593,0.23723,0.08134,2.59736,1.41206,0.80772,0.000107971,0.000107971,0.000107971
754,2539.89,2.50828,1.43623,0.80756,0.44951,0.2047,0.23659,0.0815,2.59919,1.41469,0.80719,0.000107643,0.000107643,0.000107643
755,2543.2,2.24751,1.35853,0.8078,0.44942,0.20564,0.23643,0.08152,2.59646,1.41481,0.80685,0.000107322,0.000107322,0.000107322
756,2546.62,2.26222,1.27629,0.86212,0.44722,0.20387,0.2362,0.08212,2.59246,1.41348,0.8062,0.000107008,0.000107008,0.000107008
757,2550,2.37202,1.3353,0.82251,0.44657,0.20483,0.23746,0.08203,2.59383,1.41477,0.80614,0.000106701,0.000106701,0.000106701
758,2553.34,2.29013,1.28929,0.86038,0.4454,0.20442,0.23684,0.08166,2.59507,1.41356,0.80721,0.0001064,0.0001064,0.0001064
759,2556.93,2.28521,1.35556,0.86403,0.44455,0.20524,0.23683,0.08177,2.59185,1.41199,0.80701,0.000106107,0.000106107,0.000106107
760,2560.22,2.36956,1.39058,0.85603,0.44985,0.20483,0.23825,0.08164,2.59747,1.41124,0.80639,0.00010582,0.00010582,0.00010582
761,2563.64,2.01494,1.20638,0.8605,0.44802,0.20593,0.23874,0.08169,2.59821,1.41151,0.80676,0.00010554,0.00010554,0.00010554
762,2567.05,2.38569,1.38478,0.82618,0.44831,0.20538,0.23752,0.08147,2.59905,1.41312,0.80683,0.000105267,0.000105267,0.000105267
763,2570.5,2.20352,1.25032,0.84415,0.44448,0.20552,0.23687,0.08109,2.59767,1.41357,0.80769,0.000105001,0.000105001,0.000105001
764,2573.79,2.6033,1.51136,0.82612,0.44497,0.20428,0.23735,0.08168,2.59451,1.41455,0.80868,0.000104742,0.000104742,0.000104742
765,2577.23,2.32943,1.36965,0.84353,0.44204,0.20401,0.23617,0.08132,2.59355,1.41372,0.80811,0.000104489,0.000104489,0.000104489
766,2580.58,2.05438,1.21613,0.84458,0.44613,0.20277,0.23693,0.08176,2.59198,1.41202,0.80758,0.000104244,0.000104244,0.000104244
767,2583.94,2.15496,1.21797,0.8469,0.44587,0.20291,0.23733,0.0816,2.59087,1.41076,0.80779,0.000104005,0.000104005,0.000104005
768,2587.31,2.10084,1.31792,0.85659,0.44323,0.2025,0.23677,0.08132,2.59739,1.4117,0.80731,0.000103773,0.000103773,0.000103773
769,2590.53,2.07331,1.25208,0.84714,0.44549,0.20383,0.23722,0.08135,2.59775,1.41234,0.8068,0.000103548,0.000103548,0.000103548
770,2593.85,2.08604,1.21967,0.83745,0.44436,0.20497,0.23549,0.08079,2.59946,1.41507,0.8075,0.00010333,0.00010333,0.00010333
771,2597.11,2.19927,1.27174,0.86406,0.44406,0.20484,0.23393,0.08021,2.60197,1.41632,0.80796,0.000103119,0.000103119,0.000103119
772,2600.54,2.14081,1.28215,0.83018,0.44233,0.20516,0.23205,0.08028,2.59659,1.41725,0.80743,0.000102915,0.000102915,0.000102915
773,2604.06,2.22092,1.29661,0.84566,0.44355,0.20442,0.23227,0.08001,2.59484,1.41593,0.80725,0.000102718,0.000102718,0.000102718
774,2607.45,2.04903,1.2136,0.84477,0.44029,0.20401,0.23131,0.07982,2.59495,1.41485,0.80742,0.000102527,0.000102527,0.000102527
775,2610.83,2.1297,1.25474,0.85958,0.44244,0.20319,0.23118,0.08033,2.59136,1.41305,0.80752,0.000102344,0.000102344,0.000102344
776,2614.19,2.38817,1.36233,0.84746,0.4414,0.20276,0.23241,0.08041,2.59128,1.41329,0.80772,0.000102167,0.000102167,0.000102167
777,2617.54,2.1219,1.22071,0.87133,0.4408,0.20209,0.23136,0.08012,2.59264,1.41215,0.80795,0.000101997,0.000101997,0.000101997
778,2621,2.29968,1.32625,0.84973,0.44109,0.2025,0.23266,0.08053,2.59408,1.41021,0.80797,0.000101834,0.000101834,0.000101834
779,2624.32,2.26755,1.28554,0.86615,0.44279,0.20194,0.2319,0.08023,2.5933,1.41047,0.80796,0.000101678,0.000101678,0.000101678
780,2627.71,1.95974,1.19344,0.85012,0.44552,0.2036,0.23386,0.08048,2.59299,1.41106,0.80754,0.000101529,0.000101529,0.000101529
781,2630.92,2.13078,1.20008,0.83084,0.44313,0.20428,0.23443,0.08083,2.59414,1.41186,0.80752,0.000101387,0.000101387,0.000101387
782,2634.2,2.27159,1.26577,0.83928,0.44505,0.20181,0.23287,0.08107,2.58869,1.41268,0.80751,0.000101252,0.000101252,0.000101252
783,2637.57,2.53668,1.47897,0.81637,0.44553,0.20099,0.23438,0.08153,2.59228,1.41253,0.80766,0.000101124,0.000101124,0.000101124
784,2641.02,2.44905,1.39565,0.84374,0.44634,0.20209,0.235,0.081,2.59587,1.41313,0.80657,0.000101002,0.000101002,0.000101002
785,2644.41,2.37375,1.36621,0.84053,0.44777,0.20204,0.23536,0.08118,2.59396,1.4121,0.80655,0.000100888,0.000100888,0.000100888
786,2647.72,2.12845,1.19848,0.8457,0.44781,0.20195,0.23554,0.08142,2.59153,1.41292,0.80733,0.00010078,0.00010078,0.00010078
787,2650.94,2.41905,1.37062,0.85342,0.45087,0.20358,0.23771,0.0815,2.5873,1.4114,0.8072,0.00010068,0.00010068,0.00010068
788,2654.29,2.20799,1.27783,0.87037,0.44542,0.20222,0.23514,0.08175,2.58293,1.41022,0.80837,0.000100586,0.000100586,0.000100586
789,2657.67,2.39826,1.35868,0.82822,0.44468,0.2014,0.23499,0.08171,2.58373,1.41069,0.80833,0.0001005,0.0001005,0.0001005
790,2660.96,2.38615,1.3623,0.84505,0.44525,0.20209,0.23441,0.08132,2.58902,1.41307,0.80774,0.00010042,0.00010042,0.00010042
791,2716,2.15961,1.21978,0.8248,0.44311,0.20264,0.23341,0.08095,2.58994,1.41438,0.8075,0.000100347,0.000100347,0.000100347
792,2719.59,2.11475,1.19204,0.8227,0.44183,0.20277,0.23299,0.08145,2.58502,1.41623,0.80797,0.000100281,0.000100281,0.000100281
793,2723.03,2.09937,1.20965,0.81864,0.4402,0.20222,0.23196,0.08117,2.58283,1.41647,0.80823,0.000100222,0.000100222,0.000100222
794,2726.53,1.82759,1.07629,0.83978,0.4447,0.20319,0.2347,0.08123,2.58436,1.41554,0.80803,0.00010017,0.00010017,0.00010017
795,2729.75,2.15521,1.20185,0.81602,0.44641,0.2036,0.2357,0.08185,2.58038,1.41398,0.80793,0.000100125,0.000100125,0.000100125
796,2733.18,2.10518,1.28144,0.8041,0.4453,0.20264,0.23529,0.08149,2.58219,1.41678,0.80787,0.000100087,0.000100087,0.000100087
797,2736.54,1.98602,1.11245,0.82522,0.44475,0.20355,0.23445,0.08095,2.58683,1.41881,0.80892,0.000100056,0.000100056,0.000100056
798,2740.01,2.10255,1.23472,0.80188,0.44812,0.20445,0.23513,0.08119,2.58808,1.4202,0.80815,0.000100031,0.000100031,0.000100031
799,2743.26,2.10337,1.1852,0.8327,0.44621,0.20552,0.23563,0.08122,2.58547,1.41782,0.80895,0.000100014,0.000100014,0.000100014
800,2746.65,2.19022,1.2279,0.83728,0.44586,0.20511,0.23604,0.08147,2.58281,1.41856,0.80854,0.000100003,0.000100003,0.000100003
