epoch,time,train/box_loss,train/cls_loss,train/dfl_loss,metrics/precision(B),metrics/recall(B),metrics/mAP50(B),metrics/mAP50-95(B),val/box_loss,val/cls_loss,val/dfl_loss,lr/pg0,lr/pg1,lr/pg2
1,6.37109,2.6512,1.4895,1.48679,0.29659,0.21348,0.16626,0.04516,3.11469,1.29326,1.22647,0.0001,0.0001,0.0001
2,11.9447,2.73495,0.9989,1.29372,0.26535,0.18328,0.13458,0.03917,2.91625,1.23233,1.19847,0.000219999,0.000219999,0.000219999
3,16.9077,2.19681,0.68419,1.24883,0.32928,0.20186,0.18539,0.05526,2.91884,1.05752,1.21069,0.000339995,0.000339995,0.000339995
4,21.5827,2.54443,0.73298,1.24279,0.33681,0.24204,0.21055,0.06649,2.75069,2.05948,1.2045,0.000459984,0.000459984,0.000459984
5,26.1647,2.54817,0.71679,1.23833,0.26064,0.19083,0.14038,0.03766,3.14422,1.98123,1.20335,0.000579965,0.000579965,0.000579965
6,30.9401,2.47375,0.88631,1.25019,0.27265,0.25371,0.16751,0.05262,2.73465,1.73351,1.17702,0.000699933,0.000699933,0.000699933
7,35.6079,1.97815,0.62392,1.24951,0.33371,0.22748,0.185,0.05305,2.88003,1.56544,1.18605,0.000819887,0.000819887,0.000819887
8,39.7534,2.54542,0.74761,1.23176,0.15801,0.15618,0.08085,0.02118,3.36609,2.50781,1.23623,0.000939824,0.000939824,0.000939824
9,44.2234,2.62155,0.72091,1.19087,0.35097,0.26716,0.19848,0.05724,2.85439,1.3205,1.19285,0.00105974,0.00105974,0.00105974
10,48.7867,2.83872,0.74402,1.18181,0.09138,0.10901,0.04409,0.01028,3.82574,2.72579,1.29136,0.00117964,0.00117964,0.00117964
11,52.8573,2.20249,0.59666,1.21268,0.36645,0.25192,0.20334,0.05694,2.89753,1.62292,1.21507,0.0012995,0.0012995,0.0012995
12,57.2612,2.72585,0.69094,1.19912,0.33567,0.28542,0.20076,0.06061,2.7087,2.26931,1.18734,0.00141934,0.00141934,0.00141934
13,61.8606,2.06005,0.63142,1.26234,0.36546,0.28062,0.22062,0.06559,2.73252,2.53252,1.18443,0.00153915,0.00153915,0.00153915
14,66.2051,2.49518,0.66702,1.22877,0.09106,0.10516,0.04423,0.01058,3.8449,1.77576,1.28127,0.00165893,0.00165893,0.00165893
15,70.165,2.44159,0.6889,1.21447,0.22185,0.23792,0.1279,0.0378,2.98,1.32987,1.20845,0.00177867,0.00177867,0.00177867
16,74.4456,2.68713,0.72148,1.17666,0.35474,0.26757,0.22168,0.06354,2.87865,0.98074,1.18543,0.00189837,0.00189837,0.00189837
17,78.6932,2.36926,0.67954,1.24081,0.41288,0.25522,0.2529,0.07609,2.76918,0.80709,1.17413,0.00199805,0.00199805,0.00199805
18,83.6082,2.24281,0.62855,1.22716,0.23427,0.24916,0.14665,0.04325,2.84917,1.56127,1.17843,0.00199779,0.00199779,0.00199779
19,87.9539,2.41281,0.65763,1.22537,0.29242,0.27801,0.17942,0.05887,2.62564,1.52134,1.16471,0.00199753,0.00199753,0.00199753
20,92.1963,2.54319,0.66609,1.16753,0.39631,0.28954,0.23126,0.07161,2.62594,0.94515,1.15524,0.00199725,0.00199725,0.00199725
21,96.5881,2.79505,0.75928,1.14172,0.48179,0.33114,0.29344,0.0984,2.4589,1.7709,1.14856,0.00199695,0.00199695,0.00199695
22,100.883,2.56385,0.68192,1.14353,0.42435,0.26442,0.23288,0.07693,2.62606,1.27757,1.1574,0.00199664,0.00199664,0.00199664
23,104.813,2.2379,0.59992,1.16779,0.25573,0.18259,0.12058,0.03415,3.07561,2.09008,1.18521,0.00199631,0.00199631,0.00199631
24,109.253,2.14548,0.57944,1.23093,0.46726,0.31741,0.29247,0.09637,2.49986,0.92621,1.14184,0.00199596,0.00199596,0.00199596
25,113.076,2.38523,0.60617,1.16075,0.4484,0.30354,0.27361,0.08862,2.5709,1.06383,1.143,0.00199561,0.00199561,0.00199561
26,117.44,2.23875,0.60579,1.18867,0.47019,0.35283,0.30921,0.10627,2.37895,0.86474,1.13311,0.00199523,0.00199523,0.00199523
27,121.511,2.25668,0.61161,1.19923,0.44346,0.32828,0.28931,0.09292,2.52041,0.74724,1.14101,0.00199484,0.00199484,0.00199484
28,125.727,2.85654,0.76711,1.09268,0.48992,0.31494,0.33609,0.11534,2.48876,0.66544,1.14962,0.00199444,0.00199444,0.00199444
29,129.721,2.37309,0.67037,1.18412,0.51749,0.33498,0.36393,0.13229,2.36518,0.64445,1.14142,0.00199402,0.00199402,0.00199402
30,134.114,2.33091,0.64389,1.20528,0.41451,0.26602,0.26267,0.08052,2.68902,0.73414,1.14726,0.00199359,0.00199359,0.00199359
31,138.2,2.73333,0.7133,1.1464,0.44928,0.27746,0.28936,0.09439,2.61776,0.83523,1.14839,0.00199314,0.00199314,0.00199314
32,142.448,2.47653,0.63772,1.1762,0.29728,0.22433,0.17033,0.04816,2.91255,2.40565,1.18732,0.00199267,0.00199267,0.00199267
33,146.649,2.27616,0.62371,1.1735,0.36707,0.25769,0.20849,0.06357,2.70215,4.13988,1.17426,0.00199219,0.00199219,0.00199219
34,150.896,2.39368,0.63602,1.17215,0.50346,0.3218,0.34564,0.1253,2.42405,0.60953,1.1472,0.0019917,0.0019917,0.0019917
35,155.15,2.6742,0.67443,1.17109,0.50009,0.32166,0.34368,0.11827,2.46204,0.61724,1.14453,0.00199119,0.00199119,0.00199119
36,159.556,2.14816,0.56362,1.18768,0.55717,0.32743,0.36486,0.13228,2.36128,0.6116,1.15027,0.00199066,0.00199066,0.00199066
37,163.585,2.21607,0.64866,1.19597,0.54156,0.32921,0.35922,0.12966,2.3719,0.63479,1.14912,0.00199012,0.00199012,0.00199012
38,168.132,2.23056,0.63467,1.19531,0.52207,0.3358,0.35789,0.12305,2.44734,0.78895,1.15132,0.00198957,0.00198957,0.00198957
39,172.175,2.43302,0.60662,1.13643,0.49699,0.34143,0.34631,0.11728,2.44834,0.74578,1.14581,0.001989,0.001989,0.001989
40,176.231,2.20938,0.59831,1.183,0.50332,0.32002,0.34274,0.12038,2.42184,0.63475,1.14168,0.00198841,0.00198841,0.00198841
41,180.835,2.00782,0.56216,1.22727,0.52975,0.31933,0.35359,0.13285,2.3506,0.62646,1.14375,0.00198781,0.00198781,0.00198781
42,185.129,2.22251,0.61945,1.1916,0.53272,0.3413,0.36368,0.13033,2.34688,0.60589,1.14418,0.0019872,0.0019872,0.0019872
43,189.511,2.38952,0.62029,1.16062,0.53939,0.35401,0.37096,0.12879,2.37111,0.63185,1.14252,0.00198656,0.00198656,0.00198656
44,193.672,2.09755,0.54654,1.17295,0.52274,0.34281,0.36209,0.12835,2.37695,0.60198,1.13337,0.00198592,0.00198592,0.00198592
45,197.68,2.19386,0.57365,1.15828,0.52315,0.35425,0.37655,0.13832,2.34365,0.6007,1.13609,0.00198526,0.00198526,0.00198526
46,202.264,2.39289,0.60282,1.14829,0.55863,0.36326,0.39581,0.1485,2.30379,0.60591,1.13609,0.00198458,0.00198458,0.00198458
47,206.512,2.58863,0.67057,1.17215,0.56598,0.36052,0.39559,0.14675,2.32437,0.59102,1.14028,0.00198389,0.00198389,0.00198389
48,210.967,2.16846,0.58433,1.21319,0.56019,0.35463,0.39032,0.13965,2.37921,0.60689,1.13756,0.00198319,0.00198319,0.00198319
49,214.926,2.31457,0.6006,1.17206,0.51857,0.33251,0.35977,0.12092,2.49878,0.61054,1.14333,0.00198246,0.00198246,0.00198246
50,219.128,2.21162,0.57564,1.14322,0.56864,0.36024,0.40306,0.1469,2.32109,0.58848,1.13592,0.00198173,0.00198173,0.00198173
51,223.316,2.18437,0.5856,1.16311,0.58765,0.36889,0.41501,0.16336,2.21119,0.57371,1.12994,0.00198098,0.00198098,0.00198098
52,227.739,2.13371,0.56177,1.16141,0.58573,0.38262,0.4264,0.16203,2.21554,0.5608,1.12782,0.00198021,0.00198021,0.00198021
53,232.436,2.27235,0.6456,1.14404,0.56099,0.35544,0.3993,0.14241,2.31592,0.57583,1.13211,0.00197943,0.00197943,0.00197943
54,236.79,2.14313,0.62027,1.1875,0.55428,0.36483,0.40673,0.1547,2.25964,0.58019,1.13413,0.00197863,0.00197863,0.00197863
55,240.82,2.36319,0.63205,1.16481,0.56712,0.37672,0.42128,0.16286,2.22025,0.56152,1.12821,0.00197782,0.00197782,0.00197782
56,245.066,2.34924,0.58925,1.15572,0.58611,0.37727,0.42198,0.16399,2.20605,0.55555,1.12695,0.001977,0.001977,0.001977
57,249.293,2.1699,0.52657,1.15231,0.5888,0.38193,0.42807,0.16994,2.17689,0.55921,1.12624,0.00197616,0.00197616,0.00197616
58,253.812,2.01609,0.54773,1.18582,0.58561,0.3553,0.40078,0.15548,2.26437,0.62314,1.14029,0.0019753,0.0019753,0.0019753
59,258.083,2.27876,0.63545,1.2099,0.57079,0.35187,0.39251,0.14245,2.32743,0.58979,1.1343,0.00197443,0.00197443,0.00197443
60,262.233,2.16732,0.57287,1.20063,0.54935,0.36134,0.39784,0.14732,2.30043,0.5864,1.13266,0.00197355,0.00197355,0.00197355
61,266.146,2.20346,0.59548,1.17037,0.56653,0.37164,0.41039,0.15648,2.25124,0.57115,1.13032,0.00197265,0.00197265,0.00197265
62,270.544,2.20527,0.5834,1.16891,0.57086,0.37315,0.40626,0.14836,2.28291,0.56417,1.1274,0.00197173,0.00197173,0.00197173
63,274.605,2.28815,0.59578,1.17504,0.58462,0.36601,0.40897,0.15999,2.22057,0.56561,1.12486,0.0019708,0.0019708,0.0019708
64,279.124,2.12027,0.57159,1.19399,0.55644,0.37373,0.40164,0.14939,2.2322,0.56526,1.11993,0.00196986,0.00196986,0.00196986
65,283.482,2.30378,0.61713,1.19531,0.53347,0.36381,0.37085,0.14185,2.20217,0.93148,1.12704,0.0019689,0.0019689,0.0019689
66,287.706,2.48824,0.60609,1.12932,0.52687,0.34514,0.3788,0.14154,2.25466,0.59779,1.12904,0.00196792,0.00196792,0.00196792
67,291.757,2.21717,0.58038,1.15154,0.57037,0.36216,0.40469,0.15471,2.21344,0.57978,1.12565,0.00196693,0.00196693,0.00196693
68,295.772,2.02675,0.55069,1.13632,0.61648,0.36014,0.42061,0.16649,2.19049,0.59033,1.12518,0.00196593,0.00196593,0.00196593
69,299.837,2.1091,0.56655,1.17347,0.59485,0.36258,0.41514,0.16594,2.19303,0.5627,1.12747,0.00196491,0.00196491,0.00196491
70,304.28,2.05493,0.56068,1.18825,0.59432,0.36711,0.41289,0.1531,2.18044,0.55847,1.11965,0.00196388,0.00196388,0.00196388
71,308.313,2.37223,0.58298,1.09689,0.58171,0.36862,0.40921,0.14614,2.23109,0.55503,1.12118,0.00196283,0.00196283,0.00196283
72,312.655,2.11907,0.5546,1.13134,0.61343,0.3656,0.41639,0.16258,2.23167,0.58082,1.12841,0.00196177,0.00196177,0.00196177
73,316.768,1.95605,0.52815,1.17853,0.5913,0.36766,0.41185,0.15465,2.25534,0.55636,1.12551,0.00196069,0.00196069,0.00196069
74,321.196,2.20899,0.57615,1.12897,0.55481,0.34851,0.38007,0.1444,2.22584,0.57907,1.12334,0.0019596,0.0019596,0.0019596
75,325.038,2.52145,0.65568,1.08956,0.46274,0.30327,0.30134,0.10337,2.38636,0.6591,1.1278,0.00195849,0.00195849,0.00195849
76,329.744,1.79581,0.50564,1.19274,0.4771,0.30231,0.32401,0.11156,2.41978,0.64075,1.13364,0.00195737,0.00195737,0.00195737
77,334.026,2.16754,0.58961,1.1729,0.50218,0.31274,0.34213,0.11852,2.42773,0.61227,1.1383,0.00195624,0.00195624,0.00195624
78,338.379,1.91084,0.515,1.18462,0.54686,0.33814,0.37923,0.14663,2.26114,0.60944,1.12594,0.00195508,0.00195508,0.00195508
79,342.363,2.13566,0.57988,1.17531,0.48443,0.29448,0.31526,0.10237,2.56262,0.65246,1.14239,0.00195392,0.00195392,0.00195392
80,347.061,1.91447,0.54036,1.20166,0.55019,0.33608,0.38221,0.14284,2.30364,0.61172,1.12544,0.00195274,0.00195274,0.00195274
81,351.014,2.23235,0.60397,1.18236,0.59777,0.36991,0.42473,0.16931,2.19854,0.57627,1.11995,0.00195155,0.00195155,0.00195155
82,355.287,2.21135,0.57324,1.16069,0.59327,0.38166,0.43459,0.16782,2.19463,0.53796,1.11988,0.00195034,0.00195034,0.00195034
83,359.495,2.24675,0.56634,1.1247,0.60385,0.38138,0.43948,0.17946,2.10814,0.52894,1.11376,0.00194911,0.00194911,0.00194911
84,363.715,2.02795,0.51929,1.13681,0.58124,0.36601,0.41542,0.16061,2.19214,0.55329,1.11633,0.00194788,0.00194788,0.00194788
85,368.035,1.97956,0.53422,1.17277,0.50419,0.31775,0.33942,0.11015,2.48346,0.62594,1.12757,0.00194662,0.00194662,0.00194662
86,372.258,2.12184,0.58703,1.19817,0.52693,0.33594,0.36145,0.11722,2.4849,0.61834,1.13457,0.00194536,0.00194536,0.00194536
87,376.166,2.1711,0.56902,1.13243,0.57604,0.3601,0.40244,0.14761,2.30954,0.58202,1.12372,0.00194408,0.00194408,0.00194408
88,380.389,2.18995,0.58341,1.18055,0.49008,0.30572,0.32696,0.1087,2.53975,0.58941,1.13524,0.00194278,0.00194278,0.00194278
89,384.533,2.06836,0.53469,1.17376,0.52643,0.33347,0.36148,0.12726,2.39771,0.57474,1.13067,0.00194147,0.00194147,0.00194147
90,388.927,2.06652,0.57661,1.1848,0.61519,0.38248,0.4318,0.16955,2.16835,0.54381,1.1216,0.00194015,0.00194015,0.00194015
91,393.354,2.0672,0.52743,1.1784,0.618,0.3796,0.43071,0.16761,2.18402,0.54409,1.12163,0.00193881,0.00193881,0.00193881
92,397.966,2.03043,0.53085,1.16165,0.60428,0.37757,0.42556,0.16785,2.1777,0.55658,1.12001,0.00193746,0.00193746,0.00193746
93,402.04,2.21723,0.59622,1.17267,0.61557,0.37987,0.42917,0.17278,2.17129,0.5603,1.12167,0.00193609,0.00193609,0.00193609
94,406.136,1.93187,0.51,1.1535,0.62362,0.39292,0.44718,0.18331,2.10085,0.52258,1.11317,0.00193471,0.00193471,0.00193471
95,410.361,2.0527,0.56249,1.18675,0.62358,0.39676,0.45163,0.18882,2.07887,0.52076,1.11435,0.00193331,0.00193331,0.00193331
96,414.885,2.26651,0.62293,1.18189,0.61569,0.3763,0.42499,0.16923,2.22884,0.5517,1.1343,0.0019319,0.0019319,0.0019319
97,418.997,2.22487,0.5687,1.13646,0.61802,0.40239,0.45427,0.1878,2.05984,0.53129,1.11515,0.00193048,0.00193048,0.00193048
98,423.108,1.99716,0.53019,1.18891,0.62834,0.39876,0.44709,0.17855,2.1509,0.58078,1.11817,0.00192904,0.00192904,0.00192904
99,427.361,2.56764,0.64391,1.09411,0.62138,0.37946,0.42957,0.17126,2.20107,0.57591,1.12416,0.00192759,0.00192759,0.00192759
100,431.508,1.93779,0.54265,1.18928,0.62612,0.39498,0.44988,0.18721,2.05352,0.53022,1.11327,0.00192612,0.00192612,0.00192612
101,435.442,1.9009,0.50982,1.13601,0.64722,0.39552,0.45679,0.19229,2.05044,0.55406,1.11327,0.00192464,0.00192464,0.00192464
102,440.019,1.94324,0.51054,1.13066,0.60214,0.38523,0.44039,0.179,2.1022,0.53228,1.114,0.00192315,0.00192315,0.00192315
103,444.05,1.95226,0.54292,1.17326,0.6105,0.37721,0.43428,0.17979,2.09538,0.53988,1.11393,0.00192164,0.00192164,0.00192164
104,448.455,2.35096,0.58304,1.08393,0.63672,0.3888,0.44996,0.18866,2.06327,0.52584,1.11236,0.00192011,0.00192011,0.00192011
105,452.551,2.08338,0.55348,1.18083,0.63791,0.39003,0.44978,0.18618,2.097,0.5369,1.11357,0.00191858,0.00191858,0.00191858
106,456.598,2.26959,0.59468,1.10072,0.63092,0.39193,0.4442,0.18489,2.10254,0.52298,1.11723,0.00191703,0.00191703,0.00191703
107,460.679,2.27469,0.56815,1.13155,0.60306,0.38316,0.43642,0.17411,2.11985,0.53571,1.11567,0.00191546,0.00191546,0.00191546
108,465.002,2.19364,0.5806,1.10022,0.59323,0.35544,0.40828,0.16396,2.19428,0.56394,1.12476,0.00191388,0.00191388,0.00191388
109,469.049,2.34358,0.58642,1.10518,0.61149,0.37754,0.43219,0.17491,2.14526,0.54155,1.11669,0.00191229,0.00191229,0.00191229
110,473.328,2.13166,0.56323,1.13127,0.61795,0.38386,0.44028,0.18048,2.09952,0.60941,1.11386,0.00191068,0.00191068,0.00191068
111,477.28,2.06305,0.56648,1.14372,0.60087,0.38564,0.43497,0.1751,2.12033,0.6611,1.11418,0.00190906,0.00190906,0.00190906
112,481.533,1.96745,0.55278,1.18636,0.55929,0.36367,0.40255,0.14622,2.22975,0.60308,1.11733,0.00190743,0.00190743,0.00190743
113,485.693,2.06282,0.55117,1.12048,0.56789,0.36079,0.40309,0.14954,2.20747,0.57964,1.11719,0.00190578,0.00190578,0.00190578
114,489.971,2.02413,0.50066,1.1152,0.51706,0.34541,0.3763,0.13709,2.29551,0.59419,1.13161,0.00190412,0.00190412,0.00190412
115,494.21,2.58066,0.67607,1.10385,0.53857,0.3639,0.39604,0.15526,2.20073,0.57997,1.1267,0.00190244,0.00190244,0.00190244
116,498.395,2.01539,0.53645,1.18767,0.54332,0.36093,0.39471,0.14339,2.23205,0.57546,1.12053,0.00190075,0.00190075,0.00190075
117,502.493,2.46501,0.61954,1.13817,0.57956,0.37315,0.4156,0.14956,2.2192,0.55421,1.11635,0.00189905,0.00189905,0.00189905
118,506.868,2.1967,0.58142,1.19378,0.62855,0.38907,0.4498,0.17737,2.11089,0.52964,1.1097,0.00189733,0.00189733,0.00189733
119,510.816,2.18659,0.54231,1.10317,0.59797,0.38372,0.43597,0.16734,2.14881,0.53993,1.11239,0.0018956,0.0018956,0.0018956
120,514.792,1.8885,0.51871,1.20142,0.61191,0.38797,0.44225,0.18233,2.06194,0.53255,1.11094,0.00189385,0.00189385,0.00189385
121,519.174,1.80551,0.47749,1.14662,0.58816,0.38017,0.42609,0.16525,2.14036,0.56588,1.11285,0.0018921,0.0018921,0.0018921
122,523.382,1.9808,0.54319,1.17123,0.59675,0.37479,0.42101,0.1647,2.13339,0.5623,1.11473,0.00189032,0.00189032,0.00189032
123,527.427,2.01711,0.51363,1.18085,0.5789,0.36477,0.40658,0.15,2.20978,0.55831,1.11661,0.00188854,0.00188854,0.00188854
124,531.795,1.97088,0.51813,1.16434,0.62545,0.39621,0.45206,0.18183,2.10653,0.52298,1.11413,0.00188674,0.00188674,0.00188674
125,535.857,2.27341,0.56626,1.13353,0.62486,0.39429,0.44982,0.18245,2.11499,0.52392,1.11503,0.00188493,0.00188493,0.00188493
126,539.863,1.8611,0.51,1.18814,0.63587,0.39127,0.45112,0.1831,2.06104,0.529,1.10844,0.0018831,0.0018831,0.0018831
127,543.971,1.93217,0.52743,1.18806,0.63175,0.39779,0.45281,0.18514,2.06505,0.51766,1.10614,0.00188126,0.00188126,0.00188126
128,548.343,2.14754,0.54926,1.13035,0.62727,0.40733,0.46234,0.18946,2.07961,0.52406,1.11045,0.00187941,0.00187941,0.00187941
129,552.458,1.92246,0.53209,1.20318,0.64033,0.39786,0.45908,0.18818,2.07856,0.52322,1.11148,0.00187754,0.00187754,0.00187754
130,556.998,2.13502,0.54459,1.15303,0.64352,0.38866,0.45447,0.18928,2.05771,0.53033,1.11309,0.00187566,0.00187566,0.00187566
131,561.158,1.97764,0.54129,1.16048,0.63027,0.38495,0.44959,0.18076,2.09312,0.52764,1.1123,0.00187377,0.00187377,0.00187377
132,565.221,2.04346,0.53723,1.14468,0.59705,0.37136,0.42462,0.16068,2.2274,0.55663,1.12026,0.00187186,0.00187186,0.00187186
133,569.334,2.11581,0.516,1.11487,0.61097,0.3899,0.44463,0.17555,2.15232,0.53744,1.11544,0.00186995,0.00186995,0.00186995
134,573.622,2.23516,0.55354,1.12104,0.61249,0.38715,0.44485,0.17378,2.13963,0.53528,1.11266,0.00186801,0.00186801,0.00186801
135,577.782,2.06982,0.51127,1.13073,0.58305,0.3737,0.42239,0.15914,2.18647,0.54299,1.11291,0.00186607,0.00186607,0.00186607
136,582.196,2.05499,0.52406,1.15153,0.59924,0.37781,0.43567,0.1749,2.0803,0.53815,1.10803,0.00186411,0.00186411,0.00186411
137,586.135,1.97109,0.53722,1.1964,0.5897,0.36859,0.42137,0.16642,2.13666,0.55883,1.11217,0.00186213,0.00186213,0.00186213
138,590.2,2.11176,0.5372,1.16033,0.62356,0.38578,0.4492,0.1868,2.05499,0.51634,1.10956,0.00186015,0.00186015,0.00186015
139,594.373,2.04592,0.53702,1.18951,0.62853,0.39347,0.45282,0.18204,2.09308,0.51906,1.1119,0.00185815,0.00185815,0.00185815
140,598.676,2.1098,0.55758,1.13858,0.60089,0.38839,0.44263,0.17062,2.15725,0.53755,1.11443,0.00185614,0.00185614,0.00185614
141,602.647,2.4106,0.59172,1.09973,0.61416,0.39964,0.45208,0.18102,2.10366,0.52878,1.1147,0.00185411,0.00185411,0.00185411
142,607.275,1.84428,0.52674,1.20278,0.61309,0.40376,0.45652,0.18533,2.08226,0.51798,1.11029,0.00185208,0.00185208,0.00185208
143,611.35,1.8382,0.49718,1.15748,0.56024,0.36203,0.40846,0.14632,2.31192,0.56027,1.11875,0.00185003,0.00185003,0.00185003
144,615.68,2.18697,0.5599,1.1105,0.58125,0.35655,0.40598,0.14691,2.30063,0.57466,1.12116,0.00184796,0.00184796,0.00184796
145,619.626,2.09661,0.55485,1.15606,0.626,0.39086,0.45246,0.18955,2.03007,0.52779,1.10992,0.00184588,0.00184588,0.00184588
146,623.769,2.48255,0.62919,1.08799,0.62819,0.36718,0.43731,0.17343,2.13293,0.58087,1.11183,0.0018438,0.0018438,0.0018438
147,627.707,1.96693,0.55613,1.16511,0.62144,0.37891,0.44416,0.17726,2.10963,0.54792,1.10959,0.00184169,0.00184169,0.00184169
148,631.862,1.83395,0.50501,1.16817,0.63483,0.42147,0.48246,0.1964,2.01719,0.50566,1.10815,0.00183958,0.00183958,0.00183958
149,635.911,2.13808,0.5462,1.12274,0.62835,0.40898,0.47108,0.18814,2.07548,0.52048,1.11099,0.00183745,0.00183745,0.00183745
150,639.932,1.8694,0.50828,1.15887,0.65178,0.40335,0.47992,0.20419,2.0027,0.53621,1.10951,0.00183531,0.00183531,0.00183531
151,644.218,1.84367,0.48206,1.1582,0.64378,0.40472,0.47619,0.20132,2.02043,0.53248,1.11013,0.00183315,0.00183315,0.00183315
152,648.18,2.19337,0.55795,1.13428,0.62179,0.3899,0.45751,0.18129,2.13003,0.52235,1.11211,0.00183099,0.00183099,0.00183099
153,652.054,2.21255,0.55611,1.10262,0.63698,0.41145,0.47265,0.20572,1.96703,0.48897,1.10915,0.00182881,0.00182881,0.00182881
154,656.402,2.14674,0.55195,1.12693,0.63796,0.41465,0.47829,0.19609,2.03377,0.51395,1.10698,0.00182662,0.00182662,0.00182662
155,661.049,2.19312,0.58657,1.14099,0.6468,0.40898,0.4735,0.19581,2.03452,0.53826,1.10589,0.00182441,0.00182441,0.00182441
156,665.07,2.2186,0.59478,1.15432,0.61009,0.39698,0.44835,0.1788,2.11653,0.53305,1.11056,0.0018222,0.0018222,0.0018222
157,669.231,2.12099,0.59675,1.11956,0.62992,0.39748,0.45832,0.18808,2.05198,0.51643,1.1103,0.00181997,0.00181997,0.00181997
158,673.618,1.89454,0.52481,1.2149,0.59479,0.38482,0.43081,0.1704,2.14158,0.54677,1.11974,0.00181773,0.00181773,0.00181773
159,677.627,2.00196,0.53757,1.16887,0.59389,0.39017,0.43516,0.17214,2.13154,0.54598,1.11758,0.00181547,0.00181547,0.00181547
160,681.849,1.73205,0.49204,1.20446,0.62264,0.37602,0.43347,0.17166,2.13304,0.55763,1.1152,0.00181321,0.00181321,0.00181321
161,686.114,2.11867,0.55275,1.11343,0.61147,0.37795,0.43378,0.17229,2.10865,0.53878,1.11549,0.00181093,0.00181093,0.00181093
162,690.512,1.91462,0.5097,1.13271,0.61822,0.38082,0.44354,0.18209,2.07374,0.52823,1.11394,0.00180864,0.00180864,0.00180864
163,694.509,2.09903,0.51673,1.13811,0.62379,0.37672,0.43665,0.17992,2.08728,0.52081,1.11715,0.00180633,0.00180633,0.00180633
164,699.195,2.0233,0.52944,1.12113,0.62498,0.39113,0.45152,0.18737,2.02853,0.50605,1.10811,0.00180402,0.00180402,0.00180402
165,703.617,1.83793,0.49633,1.19192,0.62576,0.39484,0.45451,0.18625,2.0356,0.50558,1.10684,0.00180169,0.00180169,0.00180169
166,707.644,1.90165,0.52239,1.18494,0.61781,0.41104,0.46992,0.19274,2.03722,0.50273,1.10559,0.00179935,0.00179935,0.00179935
167,711.814,2.27004,0.54477,1.11348,0.62743,0.40445,0.46473,0.19148,2.04257,0.50608,1.10718,0.00179699,0.00179699,0.00179699
168,715.85,1.7911,0.48268,1.1498,0.64338,0.39679,0.46482,0.19242,2.0286,0.51623,1.10505,0.00179463,0.00179463,0.00179463
169,720.25,1.93973,0.50198,1.13686,0.63885,0.39731,0.46584,0.18844,2.05951,0.52629,1.10391,0.00179225,0.00179225,0.00179225
170,724.381,2.31783,0.54801,1.10199,0.60416,0.40747,0.46051,0.18608,2.10684,0.52348,1.1088,0.00178986,0.00178986,0.00178986
171,728.478,1.95926,0.53757,1.16983,0.58884,0.39141,0.44106,0.16907,2.20015,0.53936,1.11345,0.00178746,0.00178746,0.00178746
172,732.735,2.18189,0.54851,1.12005,0.6415,0.41365,0.47546,0.19792,2.03206,0.50868,1.10669,0.00178505,0.00178505,0.00178505
173,736.963,2.03604,0.54597,1.14978,0.64032,0.40102,0.46142,0.19114,2.04323,0.51131,1.10833,0.00178263,0.00178263,0.00178263
174,741.137,2.03451,0.51653,1.10673,0.62349,0.36557,0.42782,0.17269,2.10185,0.55211,1.10993,0.00178019,0.00178019,0.00178019
175,745.238,2.2759,0.57861,1.07814,0.62139,0.3796,0.44002,0.18055,2.09536,0.53914,1.11236,0.00177774,0.00177774,0.00177774
176,749.651,1.91249,0.51224,1.17797,0.64205,0.39786,0.45667,0.18647,2.1068,0.53133,1.11496,0.00177528,0.00177528,0.00177528
177,754.049,2.2206,0.55938,1.14747,0.62516,0.40788,0.46393,0.18508,2.10056,0.52339,1.1096,0.00177281,0.00177281,0.00177281
178,757.779,2.15752,0.56429,1.11237,0.62048,0.40782,0.46078,0.18358,2.10357,0.5285,1.10571,0.00177032,0.00177032,0.00177032
179,761.811,1.95599,0.53609,1.16755,0.63695,0.41227,0.47171,0.19846,2.0047,0.50976,1.10254,0.00176783,0.00176783,0.00176783
180,766.288,1.98195,0.54199,1.17303,0.59923,0.38262,0.43696,0.1727,2.1753,0.53201,1.11,0.00176532,0.00176532,0.00176532
181,770.483,2.25511,0.54332,1.12489,0.60573,0.38523,0.44101,0.17645,2.12952,0.52719,1.10902,0.0017628,0.0017628,0.0017628
182,774.903,1.94127,0.50598,1.12875,0.6195,0.39429,0.45298,0.18744,2.03253,0.5035,1.10001,0.00176027,0.00176027,0.00176027
183,778.998,2.0001,0.52809,1.14937,0.58156,0.3763,0.42641,0.16261,2.19355,0.52483,1.10646,0.00175773,0.00175773,0.00175773
184,783.262,1.98184,0.5327,1.17887,0.62585,0.41703,0.47462,0.19406,2.02981,0.50313,1.10162,0.00175518,0.00175518,0.00175518
185,787.355,2.13686,0.56042,1.13606,0.63561,0.42099,0.48197,0.20323,1.97263,0.49013,1.10078,0.00175261,0.00175261,0.00175261
186,791.865,1.94255,0.51347,1.12984,0.63978,0.39031,0.4633,0.18806,2.04787,0.52268,1.10198,0.00175003,0.00175003,0.00175003
187,796.129,2.02981,0.52015,1.11358,0.64351,0.39478,0.46778,0.1941,2.01902,0.50996,1.10146,0.00174745,0.00174745,0.00174745
188,800.335,2.10258,0.51395,1.08339,0.65588,0.42677,0.49203,0.21689,1.90519,0.47484,1.0988,0.00174485,0.00174485,0.00174485
189,804.844,1.97448,0.5251,1.14268,0.64583,0.43451,0.4955,0.2166,1.92274,0.4796,1.09912,0.00174223,0.00174223,0.00174223
190,808.927,1.80091,0.46796,1.14741,0.65129,0.42216,0.49185,0.21258,1.94207,0.49157,1.1005,0.00173961,0.00173961,0.00173961
191,812.987,2.25043,0.57892,1.08057,0.64726,0.41969,0.48494,0.21241,1.9354,0.4887,1.10231,0.00173698,0.00173698,0.00173698
192,817.081,1.86101,0.50342,1.17749,0.65685,0.42147,0.49157,0.20927,1.94744,0.48915,1.0983,0.00173433,0.00173433,0.00173433
193,821.382,1.90407,0.50219,1.14795,0.65226,0.41819,0.48487,0.20739,1.95822,0.49149,1.09875,0.00173168,0.00173168,0.00173168
194,825.51,2.02023,0.51073,1.12485,0.64293,0.40486,0.47058,0.1931,2.04488,0.49096,1.09894,0.00172901,0.00172901,0.00172901
195,829.395,1.81433,0.48531,1.13404,0.64012,0.40169,0.46762,0.19076,2.05556,0.49032,1.09848,0.00172633,0.00172633,0.00172633
196,833.564,1.9163,0.51033,1.14769,0.64801,0.41914,0.48033,0.20412,1.97898,0.4892,1.09937,0.00172365,0.00172365,0.00172365
197,837.527,1.83661,0.49218,1.1522,0.6516,0.42628,0.48787,0.20922,1.95827,0.48676,1.09954,0.00172095,0.00172095,0.00172095
198,841.543,2.08037,0.51179,1.13644,0.64577,0.42394,0.48771,0.20934,1.943,0.4887,1.09642,0.00171823,0.00171823,0.00171823
199,845.545,1.84978,0.49678,1.15119,0.63611,0.41087,0.47691,0.19972,1.97603,0.49629,1.0973,0.00171551,0.00171551,0.00171551
200,850.447,2.02458,0.54946,1.15644,0.65217,0.41488,0.48378,0.2062,1.96029,0.4937,1.09782,0.00171278,0.00171278,0.00171278
201,854.504,1.72546,0.47511,1.17033,0.65417,0.4137,0.48059,0.20418,2.00493,0.50707,1.10117,0.00171004,0.00171004,0.00171004
202,858.627,2.05,0.53395,1.13065,0.63576,0.42126,0.47858,0.20259,1.99594,0.51504,1.10223,0.00170728,0.00170728,0.00170728
203,862.769,2.17313,0.57953,1.12763,0.64066,0.41145,0.47284,0.19886,2.01747,0.50766,1.10504,0.00170452,0.00170452,0.00170452
204,867.023,1.9731,0.50255,1.11741,0.64308,0.39868,0.46158,0.19307,1.98001,0.5138,1.10143,0.00170174,0.00170174,0.00170174
205,871.142,2.23057,0.55869,1.1476,0.63009,0.38482,0.44492,0.17766,2.07977,0.52814,1.10685,0.00169895,0.00169895,0.00169895
206,875.135,2.10146,0.55305,1.16226,0.64652,0.3936,0.45551,0.18794,2.06196,0.52826,1.11232,0.00169616,0.00169616,0.00169616
207,879.491,2.14657,0.56789,1.15234,0.64089,0.39154,0.44546,0.17895,2.10445,0.52912,1.11528,0.00169335,0.00169335,0.00169335
208,883.68,2.10267,0.55979,1.14858,0.65891,0.38773,0.4562,0.17962,2.10855,0.54077,1.10489,0.00169053,0.00169053,0.00169053
209,887.458,2.03569,0.53367,1.11175,0.66144,0.36102,0.43465,0.16276,2.18353,0.59884,1.1063,0.0016877,0.0016877,0.0016877
210,891.735,2.28588,0.59103,1.0995,0.66591,0.38083,0.44994,0.18937,2.00997,0.56206,1.10702,0.00168486,0.00168486,0.00168486
211,895.403,2.24573,0.60047,1.12045,0.6571,0.41186,0.47324,0.20384,1.95146,0.50678,1.10063,0.00168201,0.00168201,0.00168201
212,899.208,1.8539,0.52459,1.1241,0.64586,0.41086,0.47341,0.19936,1.97428,0.49923,1.09573,0.00167915,0.00167915,0.00167915
213,903.336,2.05172,0.54752,1.141,0.65041,0.4097,0.47526,0.19917,1.98123,0.50323,1.09746,0.00167628,0.00167628,0.00167628
214,907.667,1.84675,0.52984,1.15808,0.66636,0.41941,0.49106,0.2142,1.92424,0.48425,1.09685,0.0016734,0.0016734,0.0016734
215,911.663,2.10414,0.53697,1.11249,0.66071,0.41639,0.48824,0.20973,1.96158,0.48568,1.09775,0.00167051,0.00167051,0.00167051
216,916.017,1.71975,0.49204,1.16058,0.66328,0.41447,0.48981,0.20965,1.94955,0.48751,1.09838,0.00166761,0.00166761,0.00166761
217,920.227,2.09145,0.5148,1.10957,0.66637,0.41817,0.4896,0.21301,1.93603,0.48112,1.10029,0.0016647,0.0016647,0.0016647
218,924.561,1.89501,0.48622,1.13017,0.65905,0.42147,0.49078,0.21258,1.92038,0.47327,1.0981,0.00166178,0.00166178,0.00166178
219,928.604,2.09296,0.51287,1.09654,0.65961,0.42216,0.49144,0.20988,1.93417,0.47478,1.09902,0.00165885,0.00165885,0.00165885
220,933.243,2.14824,0.51978,1.08903,0.65263,0.41694,0.48505,0.21378,1.9074,0.47602,1.09867,0.0016559,0.0016559,0.0016559
221,937.299,1.92687,0.48959,1.12456,0.65421,0.42806,0.4948,0.21591,1.90079,0.47286,1.09436,0.00165295,0.00165295,0.00165295
222,941.615,1.97966,0.50173,1.13029,0.65058,0.41612,0.48752,0.21255,1.94486,0.47674,1.09493,0.00164999,0.00164999,0.00164999
223,945.498,1.81066,0.48067,1.15475,0.66559,0.41763,0.48817,0.21372,1.92645,0.47656,1.09864,0.00164702,0.00164702,0.00164702
224,950.101,2.05819,0.52095,1.14999,0.67483,0.41667,0.49359,0.21869,1.89959,0.47703,1.09666,0.00164404,0.00164404,0.00164404
225,954.527,1.88795,0.47677,1.11269,0.65868,0.40801,0.48078,0.20067,1.97096,0.49422,1.09497,0.00164105,0.00164105,0.00164105
226,958.781,1.92363,0.50781,1.14086,0.63372,0.41516,0.47817,0.19653,1.99222,0.48778,1.09495,0.00163805,0.00163805,0.00163805
227,962.825,1.75616,0.48992,1.18232,0.64765,0.4271,0.49279,0.21038,1.92165,0.47547,1.09284,0.00163504,0.00163504,0.00163504
228,967.126,2.08382,0.51649,1.07005,0.64732,0.41571,0.49202,0.20923,1.95458,0.49398,1.09311,0.00163202,0.00163202,0.00163202
229,971.158,1.95098,0.51247,1.11994,0.6505,0.43094,0.50399,0.22144,1.90819,0.4816,1.09256,0.00162899,0.00162899,0.00162899
230,975.688,1.7318,0.4686,1.16261,0.64223,0.43177,0.49732,0.22015,1.89875,0.4764,1.09419,0.00162595,0.00162595,0.00162595
231,979.743,1.96581,0.53717,1.11429,0.64517,0.426,0.49497,0.21496,1.92425,0.4832,1.09451,0.0016229,0.0016229,0.0016229
232,984.277,1.71828,0.47089,1.13674,0.66018,0.41367,0.48384,0.21147,1.91409,0.48186,1.09711,0.00161985,0.00161985,0.00161985
233,988.397,2.03249,0.54146,1.10975,0.65569,0.39923,0.47208,0.20412,1.94841,0.49086,1.10145,0.00161678,0.00161678,0.00161678
234,992.735,1.77908,0.49272,1.13294,0.66264,0.40692,0.48057,0.21172,1.92823,0.48944,1.09982,0.0016137,0.0016137,0.0016137
235,996.848,1.80252,0.48148,1.15335,0.64426,0.42353,0.49032,0.2129,1.92391,0.47847,1.09601,0.00161062,0.00161062,0.00161062
236,1001.27,2.12677,0.54273,1.10551,0.62996,0.43379,0.48802,0.20598,1.96345,0.50684,1.09837,0.00160752,0.00160752,0.00160752
237,1005.55,1.8903,0.51924,1.14284,0.62248,0.41255,0.46572,0.19337,2.02824,0.53252,1.1061,0.00160442,0.00160442,0.00160442
238,1009.86,1.7868,0.48991,1.15142,0.63249,0.40321,0.46742,0.19709,2.00737,0.514,1.10315,0.0016013,0.0016013,0.0016013
239,1014.17,2.02793,0.54175,1.13277,0.63899,0.39731,0.46333,0.19581,2.00214,0.50849,1.1042,0.00159818,0.00159818,0.00159818
240,1018.25,1.91833,0.51772,1.12158,0.63688,0.42133,0.47601,0.20539,1.96691,0.51987,1.10081,0.00159505,0.00159505,0.00159505
241,1022.52,2.07381,0.53817,1.08654,0.63208,0.41016,0.47415,0.20053,1.98493,0.49971,1.10104,0.00159191,0.00159191,0.00159191
242,1026.71,2.11022,0.55091,1.14079,0.64091,0.4087,0.47608,0.20502,1.94448,0.49852,1.0996,0.00158876,0.00158876,0.00158876
243,1030.66,2.05033,0.54256,1.13168,0.63584,0.39384,0.45552,0.18995,2.03357,0.50057,1.10728,0.0015856,0.0015856,0.0015856
244,1035.48,2.07077,0.52767,1.16192,0.64342,0.38948,0.44472,0.17781,2.12115,0.52561,1.11651,0.00158243,0.00158243,0.00158243
245,1039.32,2.03156,0.51149,1.13708,0.66468,0.41433,0.48158,0.20869,1.95842,0.49397,1.10078,0.00157926,0.00157926,0.00157926
246,1043.39,1.83409,0.49039,1.17979,0.63109,0.39209,0.46694,0.19094,2.05112,0.5096,1.10139,0.00157607,0.00157607,0.00157607
247,1047.41,1.91572,0.48956,1.12051,0.6439,0.40445,0.47954,0.20172,1.99756,0.49838,1.1015,0.00157288,0.00157288,0.00157288
248,1051.86,2.13646,0.53964,1.12198,0.68012,0.41928,0.48711,0.21529,1.90619,0.47078,1.09901,0.00156967,0.00156967,0.00156967
249,1055.92,1.99447,0.52675,1.11091,0.67117,0.42422,0.49139,0.21527,1.90589,0.47062,1.09807,0.00156646,0.00156646,0.00156646
250,1060.07,1.95647,0.49168,1.14018,0.6688,0.42106,0.48874,0.2125,1.92367,0.47137,1.09773,0.00156324,0.00156324,0.00156324
251,1064.17,1.89002,0.49621,1.12355,0.67606,0.41474,0.48439,0.21244,1.92175,0.47016,1.09868,0.00156001,0.00156001,0.00156001
252,1068.53,2.16543,0.53349,1.11176,0.67793,0.42573,0.49784,0.21939,1.87796,0.4624,1.09484,0.00155678,0.00155678,0.00155678
253,1072.86,1.77167,0.47809,1.14843,0.66954,0.42781,0.49656,0.22082,1.86783,0.45643,1.09357,0.00155353,0.00155353,0.00155353
254,1077.28,2.01044,0.50034,1.12847,0.65925,0.419,0.48407,0.21684,1.86762,0.46354,1.09641,0.00155028,0.00155028,0.00155028
255,1081.79,1.90422,0.49686,1.1691,0.65606,0.42243,0.48738,0.21123,1.87733,0.46594,1.09304,0.00154702,0.00154702,0.00154702
256,1086.07,2.30388,0.59223,1.08549,0.64396,0.42477,0.48677,0.213,1.90017,0.47564,1.09534,0.00154375,0.00154375,0.00154375
257,1090.06,2.16417,0.54865,1.11473,0.65323,0.41843,0.48382,0.21178,1.91975,0.47715,1.09724,0.00154047,0.00154047,0.00154047
258,1094.32,2.00197,0.52789,1.10692,0.65454,0.41447,0.48325,0.21082,1.90979,0.48412,1.09603,0.00153718,0.00153718,0.00153718
259,1098.83,1.81956,0.50869,1.15247,0.65465,0.41275,0.48156,0.21,1.91038,0.48403,1.0952,0.00153389,0.00153389,0.00153389
260,1103.67,1.89067,0.47813,1.12077,0.67752,0.40953,0.48312,0.21156,1.92352,0.47869,1.09648,0.00153058,0.00153058,0.00153058
261,1107.72,1.88904,0.50575,1.1217,0.67408,0.41763,0.48912,0.21165,1.92443,0.47472,1.0952,0.00152727,0.00152727,0.00152727
262,1112,1.91051,0.49674,1.11264,0.66947,0.43149,0.50483,0.22178,1.89861,0.4673,1.09336,0.00152395,0.00152395,0.00152395
263,1116.04,1.69964,0.47304,1.151,0.66868,0.43396,0.50651,0.22299,1.88594,0.46937,1.09395,0.00152063,0.00152063,0.00152063
264,1120.9,1.72338,0.48242,1.18472,0.65518,0.43259,0.50491,0.22076,1.89873,0.4742,1.09423,0.00151729,0.00151729,0.00151729
265,1125.17,2.00766,0.50045,1.12759,0.66329,0.433,0.50389,0.22073,1.88881,0.47524,1.09444,0.00151395,0.00151395,0.00151395
266,1129.47,1.84969,0.50075,1.14649,0.68109,0.42147,0.49771,0.21854,1.88363,0.49737,1.0956,0.0015106,0.0015106,0.0015106
267,1133.58,1.74145,0.45763,1.13914,0.68268,0.42106,0.49761,0.22034,1.87374,0.48342,1.0942,0.00150724,0.00150724,0.00150724
268,1137.6,2.03468,0.51547,1.11135,0.65962,0.4121,0.48438,0.20112,1.99076,0.49531,1.0946,0.00150388,0.00150388,0.00150388
269,1141.65,2.13289,0.54641,1.10958,0.65557,0.419,0.49059,0.20722,1.96984,0.48675,1.09562,0.0015005,0.0015005,0.0015005
270,1145.98,2.08317,0.52734,1.10246,0.66864,0.42669,0.49449,0.21784,1.90576,0.47347,1.0948,0.00149712,0.00149712,0.00149712
271,1150.49,1.8293,0.477,1.11073,0.66944,0.42614,0.49744,0.21938,1.90292,0.47225,1.09397,0.00149374,0.00149374,0.00149374
272,1154.77,1.78299,0.47453,1.14241,0.68124,0.43189,0.50931,0.22824,1.86084,0.46434,1.09323,0.00149034,0.00149034,0.00149034
273,1159.11,1.78093,0.48625,1.17693,0.67908,0.43259,0.50682,0.22561,1.88862,0.46186,1.09516,0.00148694,0.00148694,0.00148694
274,1163.25,1.86304,0.47129,1.10632,0.65962,0.42943,0.49823,0.2136,1.95278,0.48153,1.09622,0.00148353,0.00148353,0.00148353
275,1167.59,2.03243,0.51795,1.12205,0.66495,0.42777,0.49798,0.21491,1.93941,0.49103,1.09711,0.00148011,0.00148011,0.00148011
276,1172,2.05032,0.51383,1.12684,0.66699,0.40651,0.48409,0.21077,1.91063,0.50393,1.09995,0.00147668,0.00147668,0.00147668
277,1176.1,2.01408,0.56437,1.20697,0.67681,0.40393,0.48746,0.21557,1.90733,0.50317,1.09679,0.00147325,0.00147325,0.00147325
278,1180.26,2.10774,0.51859,1.10125,0.64039,0.39813,0.4679,0.18529,2.072,0.49339,1.099,0.00146981,0.00146981,0.00146981
279,1184.57,1.87629,0.49882,1.16938,0.64898,0.40802,0.47861,0.19738,2.00165,0.48628,1.09699,0.00146636,0.00146636,0.00146636
280,1188.65,1.98143,0.52162,1.11323,0.65461,0.42298,0.49368,0.21481,1.91473,0.4836,1.09449,0.00146291,0.00146291,0.00146291
281,1192.67,1.89183,0.5011,1.15461,0.64033,0.40843,0.4777,0.19861,1.98499,0.50985,1.0972,0.00145945,0.00145945,0.00145945
282,1196.73,2.25128,0.57785,1.10128,0.66535,0.41186,0.48524,0.20536,1.9652,0.50976,1.09743,0.00145598,0.00145598,0.00145598
283,1200.95,2.13159,0.51269,1.09441,0.67413,0.42005,0.48946,0.21281,1.9293,0.48461,1.09817,0.00145251,0.00145251,0.00145251
284,1204.97,2.12639,0.53971,1.09393,0.68212,0.43218,0.50633,0.22611,1.85557,0.47129,1.09245,0.00144903,0.00144903,0.00144903
285,1209.06,1.76441,0.47477,1.14212,0.67772,0.43075,0.50554,0.22169,1.86932,0.48243,1.09124,0.00144554,0.00144554,0.00144554
286,1213.16,1.97851,0.48228,1.09413,0.68056,0.42966,0.50286,0.2281,1.83307,0.45705,1.09282,0.00144205,0.00144205,0.00144205
287,1217.12,1.99974,0.53475,1.11009,0.693,0.43287,0.50606,0.22768,1.83951,0.45699,1.0924,0.00143854,0.00143854,0.00143854
288,1221.17,2.00817,0.50547,1.09689,0.69595,0.42477,0.50515,0.22528,1.86226,0.48075,1.09397,0.00143504,0.00143504,0.00143504
289,1225.56,2.04419,0.50845,1.08646,0.69022,0.43314,0.50814,0.22576,1.85781,0.46615,1.09256,0.00143152,0.00143152,0.00143152
290,1229.64,1.78553,0.45423,1.12402,0.645,0.426,0.49167,0.20374,1.97694,0.50009,1.09844,0.001428,0.001428,0.001428
291,1233.67,1.88776,0.48651,1.09538,0.62317,0.42228,0.48288,0.19776,1.99569,0.50931,1.09973,0.00142447,0.00142447,0.00142447
292,1237.81,2.10692,0.52149,1.0902,0.66415,0.42367,0.4975,0.21896,1.9191,0.48222,1.09564,0.00142094,0.00142094,0.00142094
293,1241.68,1.71191,0.46016,1.15135,0.67964,0.41172,0.49814,0.21994,1.90096,0.50106,1.09463,0.0014174,0.0014174,0.0014174
294,1245.76,1.87081,0.51659,1.1294,0.67873,0.42408,0.49958,0.21863,1.90957,0.49522,1.09522,0.00141385,0.00141385,0.00141385
295,1250.01,1.93098,0.52227,1.1445,0.67668,0.43726,0.50733,0.22649,1.86738,0.47744,1.09348,0.0014103,0.0014103,0.0014103
296,1254.19,1.77813,0.48112,1.14041,0.67591,0.43234,0.50906,0.21977,1.89613,0.48943,1.09287,0.00140674,0.00140674,0.00140674
297,1258.49,1.68379,0.46734,1.16658,0.6634,0.42326,0.49633,0.20674,1.94521,0.50505,1.09323,0.00140318,0.00140318,0.00140318
298,1263.1,1.74359,0.48714,1.19927,0.6636,0.43575,0.50275,0.22454,1.84144,0.46768,1.09101,0.00139961,0.00139961,0.00139961
299,1267.38,2.05654,0.5272,1.10901,0.66489,0.43745,0.50762,0.22805,1.83777,0.47076,1.0909,0.00139603,0.00139603,0.00139603
300,1271.55,1.81733,0.47077,1.12114,0.6729,0.44256,0.51214,0.22757,1.86384,0.47192,1.09307,0.00139245,0.00139245,0.00139245
301,1275.97,1.91195,0.48894,1.10708,0.67878,0.43918,0.51026,0.22637,1.87315,0.47137,1.09225,0.00138886,0.00138886,0.00138886
302,1280.23,1.95362,0.48197,1.11871,0.69044,0.43358,0.50578,0.22248,1.87772,0.46878,1.0921,0.00138526,0.00138526,0.00138526
303,1284.46,1.87268,0.47394,1.11752,0.68707,0.43259,0.50471,0.22277,1.87283,0.46748,1.0912,0.00138166,0.00138166,0.00138166
304,1288.61,2.07047,0.52793,1.09777,0.69107,0.42258,0.49722,0.22187,1.86916,0.47416,1.09555,0.00137806,0.00137806,0.00137806
305,1292.72,1.69734,0.4693,1.16122,0.68506,0.42367,0.49696,0.21982,1.87894,0.4703,1.09601,0.00137444,0.00137444,0.00137444
306,1296.82,1.85407,0.48935,1.10639,0.67923,0.43232,0.50319,0.22087,1.88806,0.46343,1.09381,0.00137083,0.00137083,0.00137083
307,1301.29,1.82533,0.46745,1.10831,0.68123,0.43685,0.50538,0.2245,1.88292,0.46069,1.09373,0.0013672,0.0013672,0.0013672
308,1305.35,2.05356,0.51772,1.10849,0.67978,0.44275,0.51318,0.23202,1.83623,0.45279,1.09012,0.00136357,0.00136357,0.00136357
309,1309.62,2.0944,0.51632,1.0768,0.67176,0.43775,0.51077,0.22644,1.85149,0.45587,1.08945,0.00135994,0.00135994,0.00135994
310,1314.07,1.93472,0.47759,1.11795,0.67588,0.42856,0.49824,0.22754,1.83807,0.45732,1.094,0.0013563,0.0013563,0.0013563
311,1318.32,1.72766,0.46451,1.17982,0.67585,0.42435,0.49224,0.22384,1.84972,0.46037,1.09531,0.00135266,0.00135266,0.00135266
312,1322.71,1.70911,0.46016,1.16487,0.69009,0.42408,0.50717,0.22645,1.86363,0.47202,1.09027,0.00134901,0.00134901,0.00134901
313,1326.62,1.75008,0.45705,1.08936,0.69085,0.42859,0.51446,0.22964,1.85728,0.46824,1.08925,0.00134535,0.00134535,0.00134535
314,1331.23,1.84407,0.48585,1.13221,0.6727,0.43511,0.50867,0.22853,1.83829,0.46073,1.08907,0.00134169,0.00134169,0.00134169
315,1335.34,1.85999,0.47659,1.08812,0.66776,0.43735,0.51136,0.23172,1.83128,0.46083,1.08862,0.00133802,0.00133802,0.00133802
316,1339.71,2.0095,0.51684,1.09883,0.66029,0.42614,0.50802,0.22826,1.8706,0.47489,1.08863,0.00133435,0.00133435,0.00133435
317,1344.2,1.8966,0.49238,1.10368,0.67889,0.42449,0.50989,0.23367,1.82593,0.45987,1.08882,0.00133068,0.00133068,0.00133068
318,1348.59,1.78136,0.47358,1.10977,0.69536,0.426,0.50889,0.2354,1.80451,0.44974,1.08744,0.001327,0.001327,0.001327
319,1352.82,1.85433,0.48388,1.13386,0.66954,0.43142,0.51022,0.23249,1.83472,0.45667,1.08688,0.00132331,0.00132331,0.00132331
320,1357.11,2.15443,0.51725,1.08012,0.67342,0.43479,0.51549,0.2382,1.81003,0.4524,1.08641,0.00131962,0.00131962,0.00131962
321,1361.37,1.76764,0.44567,1.11553,0.66971,0.43273,0.51001,0.23445,1.82154,0.4522,1.0864,0.00131593,0.00131593,0.00131593
322,1365.64,1.81827,0.45037,1.11561,0.6649,0.42902,0.50466,0.21603,1.90897,0.46769,1.08977,0.00131223,0.00131223,0.00131223
323,1369.66,2.0571,0.52164,1.12496,0.67424,0.42792,0.50571,0.22497,1.86719,0.46146,1.09007,0.00130852,0.00130852,0.00130852
324,1373.72,1.81225,0.48938,1.15572,0.67548,0.42051,0.49253,0.21849,1.90029,0.46515,1.09448,0.00130481,0.00130481,0.00130481
325,1377.83,1.77576,0.46587,1.12522,0.68425,0.42367,0.50052,0.22647,1.85356,0.46744,1.09029,0.0013011,0.0013011,0.0013011
326,1381.72,1.82721,0.49423,1.12489,0.68794,0.42367,0.50981,0.22395,1.87628,0.47503,1.08824,0.00129738,0.00129738,0.00129738
327,1385.77,2.107,0.52063,1.09533,0.68638,0.43446,0.51824,0.22758,1.87549,0.46422,1.08921,0.00129366,0.00129366,0.00129366
328,1390.04,1.58277,0.44165,1.15071,0.69638,0.43314,0.51417,0.23294,1.83722,0.45992,1.08915,0.00128993,0.00128993,0.00128993
329,1394.12,1.71458,0.46145,1.13719,0.68961,0.43191,0.51276,0.23423,1.82594,0.46881,1.08937,0.0012862,0.0012862,0.0012862
330,1398.31,1.75655,0.45667,1.11665,0.6823,0.43191,0.50586,0.22467,1.86598,0.46788,1.09362,0.00128247,0.00128247,0.00128247
331,1402.44,2.06065,0.52497,1.1437,0.67601,0.4363,0.50343,0.22226,1.87274,0.47411,1.0947,0.00127873,0.00127873,0.00127873
332,1406.95,1.89656,0.48,1.11376,0.67787,0.43726,0.51161,0.22988,1.83077,0.45838,1.08974,0.00127498,0.00127498,0.00127498
333,1411.06,1.87392,0.48216,1.09718,0.68116,0.42875,0.50846,0.22909,1.83523,0.46588,1.08979,0.00127123,0.00127123,0.00127123
334,1415.06,1.6564,0.44665,1.15121,0.68662,0.43973,0.51569,0.23191,1.83932,0.45414,1.09052,0.00126748,0.00126748,0.00126748
335,1418.95,1.89606,0.48949,1.10693,0.68795,0.44097,0.52029,0.23217,1.85394,0.45678,1.08898,0.00126373,0.00126373,0.00126373
336,1423.14,1.66458,0.45491,1.13705,0.69326,0.43822,0.5203,0.2323,1.84236,0.45852,1.08989,0.00125997,0.00125997,0.00125997
337,1427.77,1.80952,0.49396,1.18776,0.69873,0.43342,0.51687,0.23125,1.83462,0.45691,1.08992,0.0012562,0.0012562,0.0012562
338,1432.15,1.80701,0.46767,1.12786,0.67883,0.42792,0.50561,0.21405,1.89111,0.46642,1.09077,0.00125244,0.00125244,0.00125244
339,1436.12,1.93327,0.5044,1.11033,0.68518,0.42353,0.50114,0.21442,1.88841,0.46818,1.09064,0.00124866,0.00124866,0.00124866
340,1440.32,2.01142,0.51493,1.14593,0.68865,0.42633,0.50183,0.22652,1.82078,0.45611,1.08871,0.00124489,0.00124489,0.00124489
341,1443.99,1.93687,0.49104,1.11893,0.68893,0.42312,0.50107,0.22732,1.81134,0.46024,1.08751,0.00124111,0.00124111,0.00124111
342,1448.34,1.95776,0.53198,1.13722,0.68231,0.43094,0.50636,0.22493,1.86332,0.46705,1.08679,0.00123733,0.00123733,0.00123733
343,1452.29,1.62142,0.43915,1.13943,0.68451,0.44014,0.5142,0.23261,1.82407,0.45885,1.08551,0.00123354,0.00123354,0.00123354
344,1456.33,2.13868,0.51468,1.09622,0.68005,0.44605,0.51707,0.23412,1.81172,0.46183,1.08597,0.00122975,0.00122975,0.00122975
345,1460.37,1.76556,0.46832,1.11869,0.68796,0.43699,0.51341,0.23161,1.8253,0.45412,1.08723,0.00122596,0.00122596,0.00122596
346,1464.66,1.75427,0.46908,1.14209,0.67801,0.43369,0.50642,0.22981,1.82476,0.45797,1.0883,0.00122217,0.00122217,0.00122217
347,1468.72,1.77251,0.47181,1.16141,0.66854,0.42985,0.50268,0.22775,1.84347,0.45894,1.0893,0.00121837,0.00121837,0.00121837
348,1472.78,1.77006,0.44755,1.09406,0.66145,0.42628,0.49803,0.21927,1.8903,0.46361,1.09237,0.00121456,0.00121456,0.00121456
349,1476.69,1.78294,0.47084,1.09691,0.65368,0.42669,0.4995,0.21834,1.90184,0.46952,1.09303,0.00121076,0.00121076,0.00121076
350,1481.02,1.84664,0.4753,1.13082,0.65111,0.433,0.50714,0.22768,1.84888,0.46308,1.08943,0.00120695,0.00120695,0.00120695
351,1485.14,1.75162,0.47225,1.13783,0.66787,0.43355,0.51172,0.22907,1.83713,0.45785,1.08822,0.00120314,0.00120314,0.00120314
352,1489.27,1.70907,0.44963,1.12161,0.66691,0.42751,0.50568,0.21965,1.88063,0.46047,1.09003,0.00119932,0.00119932,0.00119932
353,1493.54,1.81346,0.46545,1.1261,0.66848,0.43018,0.50946,0.22378,1.86505,0.457,1.0904,0.00119551,0.00119551,0.00119551
354,1497.87,1.77295,0.47848,1.14507,0.67916,0.42971,0.51399,0.23021,1.85938,0.45633,1.09146,0.00119169,0.00119169,0.00119169
355,1501.73,1.73713,0.46636,1.13841,0.68342,0.43204,0.51706,0.22886,1.87121,0.46101,1.09145,0.00118786,0.00118786,0.00118786
356,1505.79,1.8136,0.44895,1.07526,0.68095,0.43892,0.51884,0.2337,1.82924,0.45018,1.08792,0.00118404,0.00118404,0.00118404
357,1509.84,1.73285,0.44817,1.12118,0.68718,0.43729,0.51455,0.23359,1.82396,0.45197,1.0881,0.00118021,0.00118021,0.00118021
358,1514.19,1.64876,0.45528,1.12453,0.68038,0.43053,0.50457,0.2255,1.86309,0.4629,1.09206,0.00117638,0.00117638,0.00117638
359,1518.38,1.77158,0.47098,1.11186,0.6836,0.42803,0.50071,0.22237,1.87614,0.47255,1.09444,0.00117254,0.00117254,0.00117254
360,1522.51,1.70062,0.43988,1.12741,0.67864,0.43025,0.50361,0.22096,1.88784,0.46447,1.09563,0.00116871,0.00116871,0.00116871
361,1526.65,1.95938,0.47529,1.121,0.69248,0.43506,0.51847,0.23433,1.83375,0.45549,1.09251,0.00116487,0.00116487,0.00116487
362,1530.9,1.97213,0.48711,1.07475,0.68803,0.42696,0.51759,0.22564,1.92616,0.47093,1.09005,0.00116103,0.00116103,0.00116103
363,1534.81,1.65625,0.43594,1.13236,0.67947,0.42722,0.51388,0.22644,1.92084,0.46873,1.08939,0.00115719,0.00115719,0.00115719
364,1539.05,2.04519,0.48943,1.09241,0.68989,0.43932,0.52026,0.2375,1.84085,0.45507,1.0879,0.00115334,0.00115334,0.00115334
365,1542.78,1.6554,0.44417,1.1284,0.68476,0.4351,0.51659,0.23135,1.88741,0.46479,1.08925,0.00114949,0.00114949,0.00114949
366,1546.72,1.96988,0.49304,1.10106,0.69272,0.43546,0.5213,0.23539,1.86397,0.46619,1.0876,0.00114564,0.00114564,0.00114564
367,1550.64,1.81001,0.48344,1.13416,0.70554,0.43218,0.52254,0.23481,1.85475,0.46685,1.08799,0.00114179,0.00114179,0.00114179
368,1554.75,1.9201,0.47133,1.08277,0.69229,0.42285,0.50988,0.22769,1.86158,0.46804,1.09063,0.00113794,0.00113794,0.00113794
369,1559.13,1.76136,0.45714,1.13141,0.68369,0.43108,0.51178,0.22996,1.8428,0.458,1.09117,0.00113408,0.00113408,0.00113408
370,1563.32,1.92475,0.48838,1.10325,0.68075,0.43671,0.51446,0.23075,1.83327,0.4527,1.08887,0.00113022,0.00113022,0.00113022
371,1567.68,1.83579,0.46386,1.10084,0.68886,0.44013,0.51774,0.23513,1.81275,0.45191,1.08786,0.00112636,0.00112636,0.00112636
372,1571.91,1.7349,0.44197,1.12136,0.70452,0.43726,0.51718,0.23773,1.79911,0.44941,1.08702,0.0011225,0.0011225,0.0011225
373,1576.05,1.62951,0.46578,1.14901,0.70281,0.437,0.52072,0.24127,1.78445,0.44813,1.08528,0.00111864,0.00111864,0.00111864
374,1580.76,1.61492,0.43428,1.1347,0.69943,0.43451,0.51801,0.2392,1.79038,0.44117,1.08804,0.00111477,0.00111477,0.00111477
375,1584.68,1.89859,0.46376,1.09101,0.6932,0.43575,0.51836,0.23783,1.80764,0.44189,1.0892,0.00111091,0.00111091,0.00111091
376,1588.72,1.77225,0.48396,1.13376,0.68911,0.44467,0.52998,0.23895,1.8133,0.44799,1.08662,0.00110704,0.00110704,0.00110704
377,1592.93,1.97724,0.48115,1.09833,0.68751,0.44552,0.52997,0.23806,1.81749,0.44743,1.08647,0.00110317,0.00110317,0.00110317
378,1596.86,1.67582,0.44825,1.14213,0.69991,0.44285,0.52694,0.24175,1.79578,0.4446,1.08731,0.0010993,0.0010993,0.0010993
379,1601.36,1.87372,0.49438,1.15289,0.7068,0.43983,0.52312,0.23858,1.81091,0.45145,1.08706,0.00109542,0.00109542,0.00109542
380,1605.59,1.99076,0.50825,1.09995,0.69572,0.43534,0.51641,0.23306,1.8289,0.45632,1.08735,0.00109155,0.00109155,0.00109155
381,1610.06,1.83545,0.45205,1.0886,0.69084,0.43699,0.51687,0.23349,1.82952,0.45326,1.08752,0.00108767,0.00108767,0.00108767
382,1614.24,1.93755,0.49391,1.11145,0.7131,0.43767,0.52605,0.24284,1.77681,0.44188,1.08533,0.0010838,0.0010838,0.0010838
383,1618.6,1.84106,0.47245,1.13258,0.69414,0.43959,0.52492,0.23968,1.79918,0.44545,1.08632,0.00107992,0.00107992,0.00107992
384,1622.77,1.63203,0.45226,1.18191,0.68374,0.43699,0.52019,0.2326,1.83609,0.4563,1.08871,0.00107604,0.00107604,0.00107604
385,1627.02,1.78217,0.45609,1.08773,0.69156,0.4341,0.51977,0.23668,1.83254,0.45762,1.08966,0.00107216,0.00107216,0.00107216
386,1631.14,2.05702,0.5095,1.10679,0.70283,0.43383,0.51849,0.23904,1.81537,0.45629,1.08942,0.00106828,0.00106828,0.00106828
387,1635.37,1.80959,0.45253,1.10896,0.71281,0.43726,0.52361,0.24113,1.81436,0.45323,1.08834,0.0010644,0.0010644,0.0010644
388,1639.35,1.92884,0.48899,1.107,0.69988,0.44437,0.52658,0.24279,1.82126,0.44999,1.08771,0.00106052,0.00106052,0.00106052
389,1643.21,1.82761,0.45855,1.10723,0.69341,0.44536,0.52953,0.24557,1.81266,0.45085,1.08688,0.00105664,0.00105664,0.00105664
390,1647.54,1.79013,0.48495,1.12916,0.69461,0.44069,0.52721,0.24629,1.78985,0.44558,1.08449,0.00105275,0.00105275,0.00105275
391,1651.61,1.57543,0.4349,1.14428,0.695,0.43987,0.52487,0.24437,1.78255,0.44459,1.08371,0.00104887,0.00104887,0.00104887
392,1656.32,1.53916,0.42673,1.14539,0.69619,0.43122,0.51546,0.23682,1.81761,0.44929,1.08743,0.00104498,0.00104498,0.00104498
393,1660.41,1.95956,0.48801,1.08672,0.6986,0.43273,0.52028,0.23799,1.81313,0.45111,1.08692,0.0010411,0.0010411,0.0010411
394,1664.72,1.66838,0.44134,1.12926,0.69936,0.43822,0.52669,0.24146,1.79854,0.44914,1.08708,0.00103721,0.00103721,0.00103721
395,1668.63,1.70619,0.45649,1.14832,0.69839,0.44028,0.5273,0.24221,1.79964,0.44855,1.08763,0.00103332,0.00103332,0.00103332
396,1673.03,1.91205,0.49019,1.08897,0.69076,0.4492,0.53454,0.24824,1.78311,0.44346,1.08592,0.00102944,0.00102944,0.00102944
397,1677.38,1.78246,0.47934,1.10367,0.68853,0.44865,0.53266,0.25014,1.76733,0.43997,1.08526,0.00102555,0.00102555,0.00102555
398,1681.63,1.9393,0.48068,1.11256,0.69834,0.4433,0.52863,0.24964,1.7526,0.43908,1.08468,0.00102166,0.00102166,0.00102166
399,1685.62,1.78974,0.46562,1.12551,0.69795,0.44097,0.52467,0.24645,1.76407,0.43955,1.08567,0.00101778,0.00101778,0.00101778
400,1690.07,1.92444,0.48464,1.06016,0.69061,0.43638,0.5222,0.24373,1.77452,0.44124,1.08446,0.00101389,0.00101389,0.00101389
401,1694.17,1.74135,0.45104,1.12452,0.68213,0.43245,0.51845,0.24142,1.79231,0.44127,1.08498,0.00101,0.00101,0.00101
402,1698.48,1.80878,0.46195,1.11955,0.68164,0.43534,0.51992,0.24043,1.8108,0.45384,1.08607,0.00100611,0.00100611,0.00100611
403,1702.48,1.9623,0.49014,1.0793,0.67712,0.43157,0.5205,0.23987,1.80179,0.46432,1.08455,0.00100222,0.00100222,0.00100222
404,1706.68,1.78675,0.47903,1.1353,0.68328,0.43534,0.52667,0.23872,1.83252,0.45647,1.08701,0.000998337,0.000998337,0.000998337
405,1710.75,1.85736,0.49901,1.14289,0.68375,0.44193,0.52673,0.24235,1.82268,0.44721,1.08813,0.00099445,0.00099445,0.00099445
406,1714.93,1.68234,0.44452,1.12332,0.67549,0.44907,0.52895,0.24468,1.80316,0.44286,1.08667,0.000990563,0.000990563,0.000990563
407,1718.92,1.92452,0.48927,1.1194,0.67745,0.44953,0.53205,0.24528,1.80277,0.44425,1.08688,0.000986676,0.000986676,0.000986676
408,1723.4,1.82089,0.47725,1.15577,0.68516,0.44904,0.53089,0.24476,1.79987,0.44288,1.0865,0.000982789,0.000982789,0.000982789
409,1727.6,1.62478,0.4336,1.11572,0.68349,0.45034,0.52871,0.24291,1.8133,0.44261,1.08684,0.000978903,0.000978903,0.000978903
410,1731.81,1.8653,0.48349,1.10103,0.68339,0.45264,0.53254,0.24727,1.7755,0.43713,1.08419,0.000975018,0.000975018,0.000975018
411,1736.08,1.80884,0.45687,1.09545,0.68337,0.45305,0.53276,0.24656,1.77809,0.43708,1.084,0.000971133,0.000971133,0.000971133
412,1740.55,1.60901,0.42049,1.12072,0.69187,0.45785,0.53851,0.25054,1.75614,0.43333,1.08326,0.000967248,0.000967248,0.000967248
413,1744.86,1.68764,0.44421,1.13149,0.69247,0.45552,0.53579,0.25009,1.75375,0.43374,1.0836,0.000963365,0.000963365,0.000963365
414,1749.11,1.68258,0.44232,1.12319,0.69998,0.44618,0.52378,0.24015,1.78878,0.44144,1.08396,0.000959482,0.000959482,0.000959482
415,1752.9,1.73664,0.46922,1.12535,0.70056,0.44344,0.52214,0.23914,1.79008,0.44334,1.08419,0.000955599,0.000955599,0.000955599
416,1756.99,1.59505,0.41796,1.11376,0.71226,0.4411,0.52437,0.2435,1.75407,0.43764,1.08491,0.000951718,0.000951718,0.000951718
417,1761.17,1.84296,0.45923,1.10937,0.70201,0.43946,0.5231,0.24501,1.74192,0.43497,1.08365,0.000947837,0.000947837,0.000947837
418,1765.25,1.73261,0.45077,1.11509,0.69919,0.43908,0.52253,0.24817,1.72535,0.43299,1.08401,0.000943958,0.000943958,0.000943958
419,1769.52,1.75041,0.4475,1.11843,0.71511,0.43836,0.52433,0.24711,1.72957,0.43058,1.08579,0.000940079,0.000940079,0.000940079
420,1773.44,1.76369,0.46613,1.09479,0.69328,0.44303,0.52639,0.2492,1.74445,0.43448,1.0839,0.000936202,0.000936202,0.000936202
421,1777.34,2.07689,0.50192,1.07146,0.68111,0.44277,0.52762,0.24489,1.78482,0.44304,1.08401,0.000932325,0.000932325,0.000932325
422,1781.74,1.86614,0.47742,1.09962,0.68041,0.44742,0.53395,0.25299,1.75492,0.43963,1.08244,0.00092845,0.00092845,0.00092845
423,1785.97,1.9474,0.465,1.05707,0.68385,0.44687,0.53216,0.25279,1.74197,0.43434,1.08165,0.000924576,0.000924576,0.000924576
424,1790.06,1.66629,0.43849,1.12554,0.68979,0.4385,0.53222,0.24481,1.77956,0.44161,1.08345,0.000920704,0.000920704,0.000920704
425,1794.09,1.73823,0.43788,1.10917,0.68764,0.4363,0.52764,0.23926,1.80609,0.44649,1.08419,0.000916833,0.000916833,0.000916833
426,1798.66,1.91004,0.49855,1.0799,0.7004,0.44206,0.52952,0.2472,1.76461,0.43761,1.08375,0.000912963,0.000912963,0.000912963
427,1802.9,1.81884,0.45861,1.11221,0.71038,0.44275,0.53044,0.24786,1.75766,0.43515,1.08278,0.000909095,0.000909095,0.000909095
428,1807.07,1.83451,0.47826,1.08567,0.71589,0.45044,0.53913,0.25218,1.75578,0.43524,1.08159,0.000905228,0.000905228,0.000905228
429,1811.06,1.68773,0.44407,1.10039,0.70557,0.45171,0.53815,0.25398,1.74863,0.43202,1.08107,0.000901363,0.000901363,0.000901363
430,1815.21,1.65295,0.42397,1.08996,0.7053,0.45236,0.53937,0.25411,1.74326,0.42957,1.08063,0.0008975,0.0008975,0.0008975
431,1819.73,2.01041,0.4928,1.08899,0.70296,0.45332,0.53912,0.25302,1.74252,0.43072,1.08127,0.000893638,0.000893638,0.000893638
432,1823.91,1.87288,0.48399,1.11976,0.70706,0.44467,0.53038,0.24948,1.74058,0.44221,1.08266,0.000889778,0.000889778,0.000889778
433,1828.37,1.71232,0.43796,1.0954,0.70493,0.44522,0.52926,0.24833,1.74049,0.44674,1.08256,0.00088592,0.00088592,0.00088592
434,1832.33,1.70949,0.44626,1.1461,0.6868,0.45167,0.53312,0.2475,1.75321,0.44118,1.08168,0.000882064,0.000882064,0.000882064
435,1836.5,1.97541,0.48865,1.08957,0.68868,0.45161,0.53247,0.24806,1.7482,0.44298,1.08196,0.00087821,0.00087821,0.00087821
436,1840.83,2.10595,0.52327,1.09574,0.70465,0.44841,0.53229,0.24787,1.74383,0.44694,1.08259,0.000874358,0.000874358,0.000874358
437,1844.76,1.76562,0.45683,1.12134,0.71096,0.44646,0.53626,0.25038,1.75158,0.46141,1.08261,0.000870508,0.000870508,0.000870508
438,1848.96,1.89415,0.4613,1.05499,0.70776,0.45264,0.53735,0.2506,1.74487,0.44534,1.08279,0.00086666,0.00086666,0.00086666
439,1852.83,1.81039,0.45313,1.08457,0.70115,0.4584,0.53829,0.25068,1.72278,0.43257,1.08113,0.000862814,0.000862814,0.000862814
440,1857.36,2.08122,0.53183,1.10282,0.68533,0.45418,0.53325,0.25003,1.71995,0.43525,1.07917,0.000858971,0.000858971,0.000858971
441,1861.21,1.86868,0.46661,1.09289,0.68026,0.45387,0.52981,0.24891,1.71779,0.43642,1.07936,0.00085513,0.00085513,0.00085513
442,1865.27,1.63746,0.47035,1.16792,0.67778,0.43779,0.51959,0.24305,1.73907,0.46273,1.07967,0.000851291,0.000851291,0.000851291
443,1869.39,1.75938,0.46708,1.10428,0.6718,0.43136,0.51577,0.23977,1.76686,0.47272,1.07962,0.000847455,0.000847455,0.000847455
444,1873.8,1.87204,0.49558,1.09989,0.67709,0.44937,0.5281,0.24945,1.73425,0.44488,1.07967,0.000843621,0.000843621,0.000843621
445,1877.82,1.67636,0.43278,1.10435,0.68484,0.44714,0.52639,0.24888,1.7271,0.43646,1.08046,0.00083979,0.00083979,0.00083979
446,1882.19,1.801,0.46265,1.10079,0.69387,0.44811,0.52724,0.24427,1.7558,0.43723,1.0814,0.000835962,0.000835962,0.000835962
447,1886.24,1.83042,0.47567,1.11481,0.69104,0.4525,0.52937,0.24577,1.75177,0.43553,1.08085,0.000832136,0.000832136,0.000832136
448,1890.53,1.76078,0.45038,1.1148,0.68778,0.45305,0.53202,0.24917,1.73571,0.43418,1.07906,0.000828313,0.000828313,0.000828313
449,1894.69,1.57458,0.41798,1.12318,0.67831,0.44893,0.52821,0.24677,1.75,0.43619,1.07946,0.000824492,0.000824492,0.000824492
450,1899.08,1.99216,0.4957,1.08128,0.70217,0.4492,0.538,0.25021,1.74625,0.43376,1.07999,0.000820675,0.000820675,0.000820675
451,1903.01,1.67841,0.43501,1.11494,0.69585,0.44633,0.53013,0.24771,1.75177,0.4355,1.08081,0.000816861,0.000816861,0.000816861
452,1907.06,1.8145,0.46093,1.09795,0.71155,0.43992,0.53771,0.25337,1.74047,0.44645,1.08027,0.000813049,0.000813049,0.000813049
453,1911.07,1.59614,0.44884,1.16394,0.70502,0.43342,0.5325,0.24762,1.76037,0.45582,1.07986,0.000809241,0.000809241,0.000809241
454,1915.64,1.62618,0.44285,1.15222,0.69287,0.45125,0.53626,0.24969,1.74537,0.43538,1.07924,0.000805435,0.000805435,0.000805435
455,1919.76,1.64798,0.43616,1.11895,0.68803,0.45507,0.53612,0.24749,1.74932,0.43376,1.07945,0.000801633,0.000801633,0.000801633
456,1923.95,1.9566,0.49375,1.09667,0.69334,0.44783,0.53245,0.24717,1.75351,0.43161,1.08031,0.000797834,0.000797834,0.000797834
457,1927.97,1.70317,0.45355,1.12484,0.69239,0.44561,0.52901,0.24723,1.74861,0.43333,1.08098,0.000794038,0.000794038,0.000794038
458,1932.02,1.79213,0.47292,1.0913,0.70168,0.44626,0.53635,0.25293,1.73632,0.4389,1.08125,0.000790246,0.000790246,0.000790246
459,1936.12,1.71717,0.45286,1.15462,0.69523,0.44962,0.5389,0.2505,1.76027,0.43924,1.08258,0.000786457,0.000786457,0.000786457
460,1940.49,1.80556,0.46239,1.10917,0.6898,0.45489,0.53812,0.24888,1.78348,0.43633,1.08408,0.000782671,0.000782671,0.000782671
461,1945.21,1.73144,0.44493,1.0958,0.69305,0.45814,0.53975,0.25119,1.77417,0.43554,1.0836,0.000778889,0.000778889,0.000778889
462,1949.49,1.74505,0.46062,1.07551,0.70879,0.45344,0.54403,0.25617,1.7463,0.44834,1.08154,0.000775111,0.000775111,0.000775111
463,1953.45,1.72389,0.477,1.15248,0.708,0.44704,0.5387,0.25476,1.75006,0.45197,1.08218,0.000771336,0.000771336,0.000771336
464,1957.37,2.10505,0.50472,1.07509,0.70334,0.44824,0.53944,0.25828,1.73294,0.43658,1.08159,0.000767564,0.000767564,0.000767564
465,1961.79,1.74497,0.44418,1.09744,0.69892,0.45387,0.54244,0.256,1.75001,0.4322,1.08089,0.000763797,0.000763797,0.000763797
466,1966.01,1.69542,0.45224,1.09587,0.69275,0.4584,0.538,0.25169,1.76278,0.43205,1.08125,0.000760033,0.000760033,0.000760033
467,1969.96,1.76235,0.45615,1.11749,0.69299,0.45336,0.53251,0.24942,1.75984,0.43415,1.08185,0.000756274,0.000756274,0.000756274
468,1974.14,1.98191,0.48548,1.09114,0.69726,0.44728,0.52982,0.24959,1.75098,0.44113,1.08022,0.000752518,0.000752518,0.000752518
469,1978.19,1.82686,0.45743,1.12458,0.69955,0.44563,0.52966,0.24988,1.7455,0.44292,1.0807,0.000748766,0.000748766,0.000748766
470,1982.95,1.71477,0.45067,1.10909,0.7098,0.44989,0.53289,0.24756,1.76314,0.43804,1.08311,0.000745018,0.000745018,0.000745018
471,1987.24,1.56993,0.43334,1.14195,0.70991,0.45122,0.53421,0.24845,1.76542,0.43668,1.08255,0.000741274,0.000741274,0.000741274
472,1991.49,1.67812,0.44153,1.10226,0.70334,0.4595,0.54291,0.25502,1.72733,0.42963,1.0807,0.000737534,0.000737534,0.000737534
473,1995.54,1.64408,0.43254,1.12926,0.70172,0.46057,0.54315,0.25716,1.72158,0.42809,1.07963,0.000733799,0.000733799,0.000733799
474,1999.97,1.71888,0.46241,1.16077,0.69524,0.45991,0.53747,0.25612,1.72283,0.42813,1.07967,0.000730068,0.000730068,0.000730068
475,2003.98,1.58726,0.42975,1.15045,0.68967,0.45858,0.53566,0.25279,1.73666,0.42994,1.08045,0.000726341,0.000726341,0.000726341
476,2008.54,1.87548,0.46156,1.08114,0.7031,0.45613,0.53664,0.25162,1.73711,0.42878,1.08032,0.000722618,0.000722618,0.000722618
477,2012.67,1.89928,0.48208,1.10014,0.70371,0.45991,0.53915,0.25254,1.72316,0.42558,1.07958,0.0007189,0.0007189,0.0007189
478,2016.85,1.69637,0.43312,1.08294,0.6918,0.45415,0.53285,0.25391,1.71672,0.42561,1.07918,0.000715186,0.000715186,0.000715186
479,2021.06,1.80241,0.46225,1.0648,0.68273,0.45584,0.53163,0.25246,1.72589,0.42989,1.07932,0.000711477,0.000711477,0.000711477
480,2025.3,1.89166,0.45611,1.0794,0.69591,0.45964,0.53509,0.25296,1.73091,0.43059,1.08043,0.000707773,0.000707773,0.000707773
481,2029.33,1.72422,0.46646,1.14911,0.70754,0.45868,0.54209,0.25651,1.72417,0.42797,1.08041,0.000704073,0.000704073,0.000704073
482,2033.65,1.68674,0.4364,1.09699,0.71522,0.45478,0.54966,0.25797,1.73479,0.43791,1.08014,0.000700378,0.000700378,0.000700378
483,2038.02,1.69951,0.48493,1.16879,0.72095,0.45236,0.54935,0.25447,1.75222,0.44529,1.08037,0.000696688,0.000696688,0.000696688
484,2042.15,1.69318,0.43601,1.11331,0.71187,0.44824,0.54196,0.25769,1.73202,0.43912,1.07934,0.000693002,0.000693002,0.000693002
485,2045.9,1.83618,0.45798,1.08094,0.71624,0.44807,0.54084,0.25962,1.72017,0.43814,1.07904,0.000689322,0.000689322,0.000689322
486,2050.42,1.77088,0.46684,1.12896,0.71088,0.45099,0.53967,0.25542,1.73543,0.43482,1.07834,0.000685646,0.000685646,0.000685646
487,2054.29,1.69396,0.42507,1.10777,0.70673,0.45428,0.53881,0.25417,1.73965,0.43114,1.07848,0.000681975,0.000681975,0.000681975
488,2058.63,1.78998,0.42894,1.08264,0.70791,0.45584,0.53707,0.25471,1.72096,0.42743,1.07899,0.00067831,0.00067831,0.00067831
489,2062.76,1.68212,0.44461,1.10324,0.69964,0.45621,0.53648,0.25529,1.71556,0.42789,1.0786,0.000674649,0.000674649,0.000674649
490,2066.81,1.71947,0.44445,1.1026,0.7026,0.44975,0.53282,0.25341,1.73065,0.43839,1.07854,0.000670994,0.000670994,0.000670994
491,2070.79,2.03492,0.50592,1.08958,0.69994,0.44509,0.53052,0.25005,1.75084,0.4461,1.07928,0.000667344,0.000667344,0.000667344
492,2074.95,1.8498,0.4774,1.07361,0.70801,0.44607,0.53054,0.25246,1.72491,0.43757,1.08042,0.000663699,0.000663699,0.000663699
493,2079.03,1.63095,0.43982,1.1395,0.70666,0.44914,0.53416,0.25609,1.70821,0.43207,1.07916,0.00066006,0.00066006,0.00066006
494,2083.46,1.81096,0.45881,1.09275,0.72211,0.44879,0.53749,0.25541,1.70337,0.42639,1.07913,0.000656426,0.000656426,0.000656426
495,2087.51,1.74563,0.46565,1.11198,0.72444,0.4466,0.53554,0.25253,1.70557,0.42507,1.08028,0.000652797,0.000652797,0.000652797
496,2091.68,1.68261,0.44471,1.10747,0.71879,0.44495,0.53475,0.25481,1.70663,0.42779,1.08017,0.000649174,0.000649174,0.000649174
497,2096.22,1.91062,0.47255,1.07863,0.71499,0.44808,0.53834,0.25513,1.71341,0.42895,1.07988,0.000645557,0.000645557,0.000645557
498,2100.51,1.76632,0.4649,1.11417,0.71028,0.45606,0.54165,0.25904,1.69176,0.41881,1.07914,0.000641945,0.000641945,0.000641945
499,2104.59,1.64733,0.44564,1.14674,0.71118,0.45975,0.54275,0.25889,1.69765,0.41894,1.0788,0.000638339,0.000638339,0.000638339
500,2108.86,1.77242,0.44479,1.11232,0.71239,0.45881,0.54598,0.25701,1.72958,0.42377,1.07875,0.000634738,0.000634738,0.000634738
501,2112.77,1.90796,0.47001,1.09211,0.7091,0.45909,0.54394,0.25852,1.72262,0.4216,1.07983,0.000631143,0.000631143,0.000631143
502,2117.03,1.71297,0.45834,1.08496,0.70917,0.45361,0.53572,0.25309,1.74071,0.42513,1.08277,0.000627555,0.000627555,0.000627555
503,2121.25,1.79711,0.46164,1.0967,0.70377,0.45607,0.54073,0.25854,1.71903,0.42288,1.08157,0.000623972,0.000623972,0.000623972
504,2125.82,1.92838,0.4897,1.08621,0.70856,0.45461,0.55026,0.25798,1.73787,0.43177,1.07891,0.000620395,0.000620395,0.000620395
505,2129.87,1.82279,0.45781,1.1105,0.70803,0.45085,0.55275,0.25525,1.75538,0.43541,1.07926,0.000616824,0.000616824,0.000616824
506,2134.02,1.98833,0.47729,1.04703,0.71142,0.45593,0.55432,0.26446,1.70698,0.42552,1.07929,0.000613259,0.000613259,0.000613259
507,2137.88,1.77613,0.43982,1.09416,0.71246,0.45684,0.55627,0.26833,1.69092,0.42166,1.07844,0.0006097,0.0006097,0.0006097
508,2142.38,1.7495,0.45763,1.13488,0.7102,0.46046,0.55764,0.26597,1.7095,0.42369,1.07805,0.000606147,0.000606147,0.000606147
509,2146.37,1.92291,0.46887,1.08736,0.70909,0.46147,0.55466,0.26557,1.70937,0.42221,1.07841,0.000602601,0.000602601,0.000602601
510,2150.67,1.93441,0.47393,1.06808,0.71668,0.45854,0.55255,0.26517,1.69576,0.41687,1.07952,0.000599061,0.000599061,0.000599061
511,2154.97,1.69001,0.4383,1.09732,0.71416,0.45758,0.55312,0.26424,1.69426,0.41834,1.07997,0.000595527,0.000595527,0.000595527
512,2159.01,1.84014,0.46822,1.09899,0.71361,0.45428,0.55375,0.26076,1.72535,0.43033,1.08024,0.000591999,0.000591999,0.000591999
513,2163.17,1.7591,0.43865,1.09654,0.71202,0.45497,0.5531,0.26225,1.71654,0.43037,1.08014,0.000588479,0.000588479,0.000588479
514,2167.39,1.89013,0.4708,1.09641,0.70627,0.45648,0.54847,0.26124,1.70832,0.42483,1.07937,0.000584964,0.000584964,0.000584964
515,2171.4,1.907,0.4796,1.08862,0.70445,0.46205,0.55155,0.26196,1.70669,0.42469,1.0785,0.000581456,0.000581456,0.000581456
516,2175.43,1.72787,0.46402,1.11839,0.69839,0.45841,0.54943,0.2574,1.73073,0.42977,1.07755,0.000577955,0.000577955,0.000577955
517,2179.48,1.77232,0.44636,1.10862,0.69676,0.46211,0.55137,0.25969,1.71733,0.42623,1.07719,0.00057446,0.00057446,0.00057446
518,2183.74,1.56062,0.41089,1.10363,0.70071,0.46129,0.54678,0.26218,1.68626,0.41887,1.07844,0.000570972,0.000570972,0.000570972
519,2187.86,1.69113,0.43628,1.13919,0.69736,0.45806,0.54054,0.25832,1.70321,0.4204,1.07947,0.000567491,0.000567491,0.000567491
520,2192.1,1.66735,0.42628,1.11828,0.70697,0.45875,0.54402,0.25983,1.70527,0.42574,1.07775,0.000564017,0.000564017,0.000564017
521,2196.23,1.56478,0.40982,1.12713,0.71066,0.45785,0.5454,0.26031,1.70978,0.42968,1.07708,0.000560549,0.000560549,0.000560549
522,2200.26,1.6262,0.41272,1.09863,0.7122,0.46183,0.55191,0.26697,1.67117,0.41673,1.07568,0.000557089,0.000557089,0.000557089
523,2204.4,1.60881,0.42652,1.08513,0.70907,0.46527,0.55437,0.26765,1.6698,0.41311,1.07621,0.000553635,0.000553635,0.000553635
524,2208.97,1.79719,0.43016,1.07975,0.71026,0.46856,0.55694,0.2656,1.6896,0.41587,1.0765,0.000550189,0.000550189,0.000550189
525,2212.99,1.65126,0.43099,1.13377,0.71265,0.46582,0.55679,0.26629,1.68579,0.41511,1.07705,0.000546749,0.000546749,0.000546749
526,2217.39,1.79895,0.46344,1.0709,0.71991,0.45524,0.54903,0.26296,1.68633,0.41759,1.07831,0.000543317,0.000543317,0.000543317
527,2221.57,1.45898,0.39616,1.1362,0.72181,0.45168,0.54752,0.26334,1.68334,0.42044,1.07844,0.000539892,0.000539892,0.000539892
528,2225.87,1.57272,0.42912,1.10806,0.71987,0.45334,0.5482,0.26362,1.6892,0.42007,1.07682,0.000536474,0.000536474,0.000536474
529,2230.16,1.83433,0.45066,1.07424,0.71643,0.45577,0.54878,0.2644,1.67815,0.41505,1.07602,0.000533064,0.000533064,0.000533064
530,2234.21,1.67954,0.44901,1.09698,0.71845,0.45826,0.55103,0.26597,1.67148,0.41422,1.07587,0.000529661,0.000529661,0.000529661
531,2238.49,1.51579,0.41953,1.13806,0.71754,0.45593,0.54962,0.263,1.68863,0.42088,1.07647,0.000526265,0.000526265,0.000526265
532,2242.95,1.84576,0.4734,1.08549,0.7162,0.45222,0.54705,0.26165,1.69573,0.42522,1.07808,0.000522877,0.000522877,0.000522877
533,2246.81,1.61339,0.41947,1.08349,0.71651,0.45126,0.54315,0.26158,1.6965,0.42352,1.0787,0.000519496,0.000519496,0.000519496
534,2251.1,1.62932,0.43017,1.11876,0.71083,0.45524,0.5446,0.25803,1.70293,0.42394,1.07792,0.000516123,0.000516123,0.000516123
535,2255.14,1.69428,0.42399,1.08264,0.70558,0.45909,0.54458,0.25562,1.71336,0.42536,1.07763,0.000512757,0.000512757,0.000512757
536,2259.37,1.68883,0.44073,1.12135,0.70154,0.46129,0.54362,0.25774,1.70399,0.42448,1.07779,0.000509399,0.000509399,0.000509399
537,2263.28,1.59932,0.4193,1.10544,0.69902,0.45881,0.54157,0.25808,1.69934,0.42281,1.07816,0.000506049,0.000506049,0.000506049
538,2267.27,1.71727,0.4413,1.09543,0.69821,0.45515,0.54152,0.25522,1.71583,0.42429,1.07842,0.000502707,0.000502707,0.000502707
539,2271.72,1.67265,0.44085,1.10887,0.70613,0.45319,0.54449,0.25608,1.71396,0.42661,1.07827,0.000499372,0.000499372,0.000499372
540,2275.85,1.86061,0.46586,1.09179,0.71393,0.4503,0.54798,0.25895,1.70795,0.42762,1.07716,0.000496045,0.000496045,0.000496045
541,2279.9,1.66128,0.45622,1.13107,0.71513,0.45492,0.54968,0.26257,1.6879,0.42154,1.07652,0.000492726,0.000492726,0.000492726
542,2284.01,1.96211,0.47834,1.04134,0.71237,0.45895,0.55116,0.26584,1.66701,0.41301,1.07519,0.000489416,0.000489416,0.000489416
543,2287.98,1.82475,0.47579,1.08645,0.71266,0.4624,0.55426,0.2675,1.66446,0.41257,1.07522,0.000486113,0.000486113,0.000486113
544,2292.19,1.69216,0.41751,1.10714,0.71445,0.46098,0.55339,0.26834,1.66671,0.41442,1.0757,0.000482818,0.000482818,0.000482818
545,2296.7,1.70211,0.43154,1.12076,0.71563,0.45799,0.55106,0.2677,1.66541,0.41569,1.07584,0.000479531,0.000479531,0.000479531
546,2300.96,1.68766,0.42613,1.08776,0.71439,0.45277,0.54814,0.26451,1.67127,0.42277,1.07488,0.000476253,0.000476253,0.000476253
547,2305,1.62039,0.42734,1.12787,0.7108,0.45126,0.54501,0.26003,1.69019,0.42643,1.07496,0.000472983,0.000472983,0.000472983
548,2309.4,1.74567,0.44065,1.06125,0.70616,0.4576,0.54794,0.26399,1.6778,0.41933,1.07594,0.000469721,0.000469721,0.000469721
549,2313.53,1.63581,0.41936,1.08762,0.69988,0.45814,0.54444,0.26433,1.67535,0.41613,1.07699,0.000466467,0.000466467,0.000466467
550,2317.86,1.69518,0.4378,1.12529,0.7104,0.45969,0.54872,0.26124,1.69714,0.41773,1.07742,0.000463222,0.000463222,0.000463222
551,2321.7,1.77873,0.43743,1.09069,0.71269,0.46142,0.55138,0.26244,1.69379,0.4177,1.07728,0.000459985,0.000459985,0.000459985
552,2325.68,1.71389,0.43351,1.1053,0.71425,0.46326,0.55369,0.26593,1.67669,0.4159,1.07602,0.000456757,0.000456757,0.000456757
553,2329.68,1.81788,0.46009,1.07428,0.71242,0.46856,0.55535,0.26726,1.67063,0.41285,1.07572,0.000453537,0.000453537,0.000453537
554,2334.12,1.92291,0.49084,1.06197,0.71167,0.46898,0.5572,0.26793,1.67758,0.41275,1.0762,0.000450326,0.000450326,0.000450326
555,2338.04,1.74059,0.46636,1.09478,0.71559,0.46598,0.5569,0.26671,1.68583,0.41415,1.07693,0.000447124,0.000447124,0.000447124
556,2342.24,1.71521,0.42886,1.0867,0.71995,0.45741,0.55176,0.26624,1.68324,0.41753,1.07671,0.00044393,0.00044393,0.00044393
557,2346.08,1.55492,0.40721,1.13486,0.71875,0.45538,0.55166,0.26647,1.67812,0.41993,1.07644,0.000440745,0.000440745,0.000440745
558,2350.27,1.68497,0.43431,1.11278,0.72207,0.45939,0.55723,0.26827,1.67299,0.41706,1.07688,0.000437568,0.000437568,0.000437568
559,2354.31,1.93646,0.49581,1.07723,0.71741,0.46076,0.55582,0.26722,1.67333,0.41472,1.07736,0.000434401,0.000434401,0.000434401
560,2358.17,1.77896,0.44698,1.06289,0.71703,0.46199,0.55639,0.2693,1.66656,0.41171,1.077,0.000431242,0.000431242,0.000431242
561,2362.56,1.58004,0.40595,1.09769,0.71904,0.4628,0.55655,0.26912,1.66559,0.41178,1.07651,0.000428093,0.000428093,0.000428093
562,2366.72,1.92782,0.47975,1.10129,0.71974,0.46293,0.55327,0.26719,1.67014,0.41151,1.07581,0.000424952,0.000424952,0.000424952
563,2371.11,1.49493,0.40782,1.12698,0.71998,0.46347,0.55123,0.26553,1.67298,0.41207,1.0755,0.00042182,0.00042182,0.00042182
564,2375.49,1.579,0.4184,1.09328,0.71359,0.46621,0.54964,0.26504,1.66898,0.41085,1.07513,0.000418698,0.000418698,0.000418698
565,2379.64,1.60702,0.43208,1.08817,0.70943,0.46424,0.54968,0.26525,1.66973,0.41039,1.07496,0.000415584,0.000415584,0.000415584
566,2384.11,1.68905,0.43712,1.1145,0.71195,0.46129,0.55139,0.26737,1.65757,0.40809,1.07478,0.00041248,0.00041248,0.00041248
567,2388.21,1.57235,0.43914,1.16386,0.71337,0.45888,0.54965,0.26593,1.66498,0.40911,1.07567,0.000409384,0.000409384,0.000409384
568,2392.14,1.68812,0.42118,1.09639,0.70868,0.45921,0.55267,0.26569,1.67726,0.41146,1.07609,0.000406299,0.000406299,0.000406299
569,2396.28,1.68929,0.4229,1.10033,0.70668,0.46225,0.55397,0.26711,1.67365,0.41172,1.07625,0.000403222,0.000403222,0.000403222
570,2400.73,1.7142,0.43675,1.08961,0.71371,0.46087,0.55461,0.26707,1.67502,0.41496,1.07592,0.000400155,0.000400155,0.000400155
571,2404.86,1.70659,0.42934,1.11645,0.71408,0.45936,0.55381,0.26716,1.67765,0.4157,1.07571,0.000397097,0.000397097,0.000397097
572,2408.96,1.45993,0.40089,1.12166,0.709,0.46527,0.55508,0.26998,1.66097,0.4113,1.07463,0.000394049,0.000394049,0.000394049
573,2413.52,1.65511,0.43172,1.11522,0.71196,0.46623,0.55684,0.26869,1.66528,0.41145,1.07487,0.00039101,0.00039101,0.00039101
574,2417.3,1.82331,0.45346,1.0578,0.71334,0.46719,0.55896,0.27018,1.66342,0.41265,1.07463,0.00038798,0.00038798,0.00038798
575,2421.34,1.74381,0.4375,1.09181,0.71833,0.46691,0.55944,0.27151,1.65265,0.41195,1.07418,0.000384961,0.000384961,0.000384961
576,2425.38,1.79923,0.43186,1.08901,0.71998,0.46993,0.55996,0.2726,1.64854,0.40948,1.07371,0.000381951,0.000381951,0.000381951
577,2429.52,1.54563,0.39842,1.13688,0.71924,0.46966,0.5598,0.27195,1.65041,0.4098,1.07361,0.00037895,0.00037895,0.00037895
578,2433.82,1.78692,0.44374,1.08298,0.71373,0.46705,0.55582,0.26851,1.65915,0.41303,1.07411,0.00037596,0.00037596,0.00037596
579,2437.74,1.74837,0.43877,1.06808,0.71708,0.46609,0.55641,0.26848,1.66023,0.41367,1.0745,0.000372979,0.000372979,0.000372979
580,2441.94,1.75401,0.44259,1.09435,0.71395,0.46911,0.55893,0.26837,1.6689,0.41478,1.07472,0.000370008,0.000370008,0.000370008
581,2446.03,1.61998,0.41553,1.10725,0.72389,0.46609,0.55918,0.26747,1.67361,0.41539,1.07545,0.000367046,0.000367046,0.000367046
582,2450.13,1.5573,0.42898,1.13991,0.72535,0.46458,0.55998,0.26679,1.68271,0.41771,1.07635,0.000364095,0.000364095,0.000364095
583,2454.46,1.67902,0.43456,1.07529,0.72393,0.46362,0.56084,0.26701,1.68727,0.41734,1.07633,0.000361154,0.000361154,0.000361154
584,2458.43,1.60118,0.41679,1.11857,0.72141,0.4617,0.55718,0.26683,1.67962,0.41554,1.07574,0.000358223,0.000358223,0.000358223
585,2462.2,1.67065,0.4134,1.10235,0.72279,0.4595,0.55415,0.26765,1.66831,0.41456,1.0756,0.000355301,0.000355301,0.000355301
586,2466.45,1.74818,0.44954,1.10117,0.71719,0.45593,0.5483,0.26654,1.66079,0.41535,1.07496,0.00035239,0.00035239,0.00035239
587,2470.5,1.76771,0.43936,1.08923,0.71471,0.45634,0.5478,0.2654,1.66592,0.41559,1.07487,0.000349489,0.000349489,0.000349489
588,2475.02,1.68691,0.44283,1.12464,0.7138,0.4617,0.54902,0.26614,1.66046,0.41126,1.07512,0.000346598,0.000346598,0.000346598
589,2479.11,1.65128,0.42535,1.10217,0.71295,0.46142,0.54773,0.26387,1.66503,0.41043,1.07602,0.000343718,0.000343718,0.000343718
590,2483.17,1.78167,0.45353,1.06421,0.71239,0.46315,0.54949,0.26737,1.66293,0.4111,1.07544,0.000340847,0.000340847,0.000340847
591,2487.04,1.53365,0.39892,1.10566,0.71492,0.4595,0.54884,0.26765,1.6676,0.41287,1.07537,0.000337987,0.000337987,0.000337987
592,2491.53,1.66943,0.43265,1.08395,0.71036,0.4573,0.54798,0.26655,1.67352,0.41405,1.07532,0.000335138,0.000335138,0.000335138
593,2495.46,1.75231,0.4326,1.11142,0.71389,0.45923,0.5492,0.26771,1.67012,0.41255,1.07553,0.000332298,0.000332298,0.000332298
594,2499.44,1.62474,0.41865,1.11434,0.71649,0.46129,0.55044,0.26959,1.6574,0.40927,1.07555,0.00032947,0.00032947,0.00032947
595,2503.5,1.74845,0.44258,1.10497,0.72093,0.46156,0.55154,0.2703,1.65589,0.40876,1.07542,0.000326651,0.000326651,0.000326651
596,2507.8,1.68622,0.44079,1.11831,0.71228,0.45985,0.54887,0.26824,1.66772,0.40993,1.07604,0.000323844,0.000323844,0.000323844
597,2511.89,1.64771,0.42621,1.11318,0.70929,0.45991,0.54703,0.267,1.66865,0.40984,1.07626,0.000321046,0.000321046,0.000321046
598,2515.97,1.70929,0.43483,1.11589,0.71593,0.46156,0.54995,0.26819,1.6634,0.41038,1.07586,0.00031826,0.00031826,0.00031826
599,2520.2,1.86246,0.44774,1.06899,0.71688,0.46321,0.55461,0.27076,1.65178,0.40905,1.07476,0.000315484,0.000315484,0.000315484
600,2524.53,1.79805,0.44219,1.09847,0.71999,0.46746,0.56053,0.27499,1.63824,0.40754,1.07421,0.000312719,0.000312719,0.000312719
601,2528.82,1.504,0.39228,1.10068,0.72211,0.46878,0.56332,0.27497,1.64005,0.40808,1.07433,0.000309964,0.000309964,0.000309964
602,2533.01,1.73933,0.42923,1.07945,0.7157,0.46969,0.56245,0.27589,1.64466,0.40766,1.07386,0.000307221,0.000307221,0.000307221
603,2536.98,1.67896,0.43741,1.11606,0.71557,0.46719,0.56144,0.2761,1.64694,0.40813,1.07394,0.000304488,0.000304488,0.000304488
604,2541.23,1.62783,0.41134,1.09523,0.723,0.46261,0.5601,0.27442,1.653,0.41359,1.0742,0.000301766,0.000301766,0.000301766
605,2545.54,1.93558,0.47106,1.07,0.72402,0.46005,0.55846,0.2756,1.64393,0.41393,1.07407,0.000299055,0.000299055,0.000299055
606,2549.62,1.72463,0.43416,1.08989,0.72799,0.45854,0.55851,0.27676,1.63637,0.41311,1.07325,0.000296355,0.000296355,0.000296355
607,2553.79,1.86411,0.46407,1.12134,0.72662,0.45964,0.55717,0.27573,1.63929,0.41034,1.07317,0.000293666,0.000293666,0.000293666
608,2557.93,1.70338,0.441,1.11423,0.71432,0.46156,0.55513,0.27377,1.64936,0.40748,1.07307,0.000290988,0.000290988,0.000290988
609,2562.05,1.72663,0.44333,1.11967,0.7147,0.45964,0.55505,0.27319,1.65382,0.40716,1.07294,0.000288321,0.000288321,0.000288321
610,2566.45,1.72469,0.45169,1.07846,0.7137,0.46167,0.55555,0.27439,1.64964,0.40479,1.07314,0.000285665,0.000285665,0.000285665
611,2570.66,1.60386,0.40556,1.08627,0.71537,0.46293,0.55734,0.27545,1.64481,0.40408,1.07332,0.000283021,0.000283021,0.000283021
612,2574.9,1.92148,0.45086,1.05833,0.72274,0.46308,0.56143,0.27905,1.62358,0.40255,1.07276,0.000280387,0.000280387,0.000280387
613,2579.21,1.69671,0.42792,1.06684,0.72601,0.46308,0.56333,0.28017,1.61899,0.40301,1.07249,0.000277765,0.000277765,0.000277765
614,2583.47,1.58933,0.42518,1.10528,0.72713,0.46183,0.5659,0.27928,1.63209,0.40677,1.07212,0.000275154,0.000275154,0.000275154
615,2587.37,1.54242,0.41715,1.13161,0.72394,0.46118,0.56521,0.27685,1.64783,0.40939,1.07264,0.000272555,0.000272555,0.000272555
616,2591.62,1.79317,0.44938,1.0939,0.72063,0.46319,0.56164,0.2764,1.64911,0.40801,1.07284,0.000269967,0.000269967,0.000269967
617,2595.78,1.86582,0.47173,1.05135,0.71999,0.46208,0.55904,0.27617,1.6471,0.40655,1.07298,0.00026739,0.00026739,0.00026739
618,2600.14,1.75249,0.4364,1.09856,0.72195,0.46211,0.55922,0.27578,1.63518,0.40574,1.07211,0.000264825,0.000264825,0.000264825
619,2604.18,1.72873,0.41896,1.08324,0.71883,0.46087,0.55794,0.27602,1.63456,0.40641,1.07203,0.000262271,0.000262271,0.000262271
620,2608.22,1.65583,0.40185,1.08184,0.72051,0.46211,0.55836,0.27453,1.63713,0.40703,1.07176,0.000259729,0.000259729,0.000259729
621,2612.42,1.56865,0.4127,1.10817,0.72205,0.46328,0.55686,0.27481,1.63167,0.40519,1.07169,0.000257198,0.000257198,0.000257198
622,2616.83,1.81491,0.45617,1.09907,0.71686,0.46609,0.55638,0.2733,1.63948,0.40382,1.07251,0.000254679,0.000254679,0.000254679
623,2621.17,1.79272,0.45001,1.0765,0.72736,0.46368,0.55635,0.27307,1.64288,0.40402,1.07241,0.000252172,0.000252172,0.000252172
624,2625.5,1.57488,0.40859,1.12491,0.71588,0.46582,0.55694,0.27526,1.63665,0.40447,1.07195,0.000249676,0.000249676,0.000249676
625,2629.37,1.50488,0.4105,1.13557,0.71624,0.46538,0.55846,0.27497,1.63629,0.40546,1.07165,0.000247192,0.000247192,0.000247192
626,2633.77,1.74729,0.42507,1.09755,0.72278,0.46815,0.56135,0.27601,1.62409,0.40344,1.07105,0.00024472,0.00024472,0.00024472
627,2637.97,1.82416,0.46682,1.10264,0.72017,0.46856,0.56105,0.27655,1.61757,0.40199,1.07088,0.000242259,0.000242259,0.000242259
628,2642.19,1.80591,0.44886,1.06977,0.72639,0.46615,0.56177,0.27861,1.61488,0.40095,1.0707,0.000239811,0.000239811,0.000239811
629,2646.4,1.69196,0.43308,1.10531,0.7249,0.46733,0.56231,0.2782,1.62132,0.40216,1.07122,0.000237374,0.000237374,0.000237374
630,2650.7,1.51851,0.41516,1.12041,0.72969,0.46746,0.56312,0.27786,1.62632,0.40378,1.07183,0.000234949,0.000234949,0.000234949
631,2654.86,1.77573,0.44394,1.09978,0.72845,0.46582,0.56263,0.27766,1.6287,0.40479,1.07233,0.000232536,0.000232536,0.000232536
632,2659.17,1.64751,0.42162,1.09459,0.72966,0.46578,0.56351,0.27682,1.6309,0.40454,1.07264,0.000230135,0.000230135,0.000230135
633,2663.24,1.57057,0.40557,1.05868,0.729,0.46636,0.56406,0.27721,1.62578,0.40308,1.07244,0.000227747,0.000227747,0.000227747
634,2667.1,1.62028,0.42063,1.08994,0.72195,0.46664,0.56161,0.27656,1.62065,0.40148,1.07245,0.00022537,0.00022537,0.00022537
635,2671.14,1.95241,0.4689,1.0706,0.72074,0.46806,0.5617,0.27629,1.62059,0.40117,1.07259,0.000223005,0.000223005,0.000223005
636,2675.18,1.79088,0.42194,1.06003,0.72313,0.46842,0.56268,0.27614,1.62601,0.40086,1.07299,0.000220653,0.000220653,0.000220653
637,2679.23,1.73556,0.44721,1.07928,0.72399,0.46842,0.56226,0.27527,1.6323,0.40143,1.07335,0.000218312,0.000218312,0.000218312
638,2683.36,1.75832,0.45125,1.09469,0.72581,0.46842,0.56209,0.27554,1.63695,0.40211,1.0734,0.000215984,0.000215984,0.000215984
639,2687.27,1.65511,0.43602,1.11039,0.7213,0.46884,0.56263,0.27629,1.63615,0.40277,1.07349,0.000213668,0.000213668,0.000213668
640,2691.71,1.7909,0.45588,1.05588,0.72396,0.47186,0.56503,0.27851,1.6282,0.40145,1.0728,0.000211364,0.000211364,0.000211364
641,2695.74,1.67627,0.42646,1.09403,0.72465,0.47296,0.56722,0.27993,1.62552,0.40058,1.07278,0.000209073,0.000209073,0.000209073
642,2700.01,1.41952,0.39052,1.12981,0.72153,0.47323,0.56704,0.27936,1.628,0.40133,1.0724,0.000206794,0.000206794,0.000206794
643,2704.34,1.93787,0.50654,1.04597,0.7204,0.47254,0.56749,0.27882,1.6324,0.4021,1.07273,0.000204528,0.000204528,0.000204528
644,2708.67,1.59792,0.41301,1.11057,0.71651,0.4687,0.56379,0.27677,1.63718,0.40328,1.07292,0.000202273,0.000202273,0.000202273
645,2712.76,1.49581,0.39233,1.10778,0.71848,0.46951,0.56304,0.27619,1.63676,0.40368,1.0727,0.000200032,0.000200032,0.000200032
646,2717.21,1.71249,0.44697,1.12298,0.72277,0.46852,0.56249,0.27717,1.63167,0.40397,1.07242,0.000197803,0.000197803,0.000197803
647,2721.38,1.75119,0.44459,1.08506,0.72241,0.46803,0.56378,0.27808,1.62961,0.4048,1.07181,0.000195586,0.000195586,0.000195586
648,2725.79,1.51557,0.39575,1.09207,0.71761,0.46705,0.56367,0.27755,1.63281,0.40511,1.0712,0.000193382,0.000193382,0.000193382
649,2730.07,1.75126,0.4469,1.11692,0.71524,0.46829,0.56296,0.27709,1.633,0.40407,1.07131,0.00019119,0.00019119,0.00019119
650,2734.43,1.33944,0.37749,1.13413,0.71955,0.47103,0.56304,0.2769,1.62879,0.40168,1.07176,0.000189011,0.000189011,0.000189011
651,2738.45,1.74136,0.44722,1.08584,0.72238,0.46801,0.56151,0.27531,1.63413,0.4024,1.07225,0.000186845,0.000186845,0.000186845
652,2742.78,1.57837,0.42172,1.0989,0.7216,0.46615,0.56174,0.27476,1.64453,0.40627,1.0728,0.000184692,0.000184692,0.000184692
653,2747.03,1.50316,0.40781,1.10982,0.72343,0.46582,0.56328,0.27514,1.64099,0.4065,1.0724,0.000182551,0.000182551,0.000182551
654,2751.17,1.53956,0.40184,1.11742,0.72581,0.46925,0.56515,0.27729,1.62672,0.40336,1.07125,0.000180423,0.000180423,0.000180423
655,2755.54,1.58441,0.43425,1.11597,0.72054,0.47035,0.56551,0.27786,1.62403,0.40218,1.07097,0.000178307,0.000178307,0.000178307
656,2759.81,1.61639,0.41427,1.09223,0.72257,0.47021,0.56647,0.27909,1.62118,0.4008,1.07082,0.000176205,0.000176205,0.000176205
657,2763.93,1.66691,0.42157,1.08689,0.72475,0.4703,0.5672,0.28024,1.61952,0.40008,1.07076,0.000174115,0.000174115,0.000174115
658,2768.39,1.60221,0.41052,1.09619,0.72021,0.46952,0.56582,0.27977,1.62347,0.40105,1.07072,0.000172039,0.000172039,0.000172039
659,2772.39,1.68594,0.42926,1.09759,0.72204,0.46801,0.56608,0.27992,1.62363,0.40144,1.07081,0.000169975,0.000169975,0.000169975
660,2776.91,1.7593,0.44289,1.10289,0.72364,0.47021,0.56894,0.28153,1.61877,0.40178,1.07093,0.000167924,0.000167924,0.000167924
661,2781.22,1.69858,0.43906,1.10359,0.72319,0.46966,0.56955,0.28202,1.61532,0.40115,1.07092,0.000165886,0.000165886,0.000165886
662,2785.69,1.7165,0.4254,1.08033,0.72154,0.47206,0.57031,0.2812,1.61999,0.40059,1.07179,0.000163861,0.000163861,0.000163861
663,2789.87,1.52284,0.40275,1.1062,0.72174,0.47217,0.57027,0.28078,1.62444,0.40084,1.07182,0.00016185,0.00016185,0.00016185
664,2793.94,1.73077,0.4377,1.08485,0.72251,0.4735,0.57166,0.28131,1.62699,0.40128,1.07181,0.000159851,0.000159851,0.000159851
665,2798.13,1.65884,0.42815,1.09109,0.72226,0.4735,0.57132,0.28147,1.62641,0.40166,1.07174,0.000157865,0.000157865,0.000157865
666,2802.43,1.81249,0.45935,1.07783,0.72647,0.47337,0.57333,0.28314,1.61452,0.39969,1.07092,0.000155893,0.000155893,0.000155893
667,2806.69,1.7409,0.44211,1.08912,0.72617,0.4735,0.57372,0.28383,1.60912,0.39836,1.07103,0.000153934,0.000153934,0.000153934
668,2811.19,1.60647,0.43228,1.07709,0.72555,0.4709,0.57251,0.28393,1.60891,0.39833,1.07089,0.000151988,0.000151988,0.000151988
669,2815.38,1.65226,0.41273,1.10974,0.72905,0.46856,0.57206,0.28332,1.61498,0.39916,1.07094,0.000150055,0.000150055,0.000150055
670,2819.88,1.51856,0.39325,1.09936,0.72618,0.46856,0.56863,0.27938,1.63688,0.40184,1.0716,0.000148135,0.000148135,0.000148135
671,2824.01,1.59585,0.42011,1.12084,0.72672,0.46856,0.56797,0.27823,1.64097,0.40191,1.07188,0.000146229,0.000146229,0.000146229
672,2828.09,1.563,0.41109,1.07761,0.7247,0.47035,0.56603,0.27877,1.63338,0.40011,1.07137,0.000144336,0.000144336,0.000144336
673,2832.14,1.76231,0.42469,1.07845,0.72341,0.47048,0.56568,0.27935,1.62732,0.39896,1.07126,0.000142456,0.000142456,0.000142456
674,2836.88,1.58636,0.39433,1.06262,0.72231,0.47062,0.56638,0.28074,1.62019,0.39817,1.07087,0.00014059,0.00014059,0.00014059
675,2840.8,1.563,0.41198,1.12768,0.72113,0.47021,0.56545,0.2788,1.62635,0.40058,1.07095,0.000138737,0.000138737,0.000138737
676,2845.08,1.58483,0.40543,1.08151,0.71993,0.47111,0.56474,0.27567,1.6366,0.40411,1.07126,0.000136898,0.000136898,0.000136898
677,2849.43,1.82745,0.44002,1.11033,0.71855,0.47076,0.56436,0.27646,1.63364,0.4036,1.07137,0.000135072,0.000135072,0.000135072
678,2853.58,1.43749,0.38997,1.11809,0.71909,0.47199,0.56335,0.27824,1.62603,0.40198,1.07109,0.00013326,0.00013326,0.00013326
679,2857.53,1.34934,0.37955,1.1377,0.72004,0.47186,0.56311,0.2773,1.62743,0.40251,1.07103,0.000131461,0.000131461,0.000131461
680,2861.55,1.62202,0.39901,1.07782,0.72294,0.47199,0.5652,0.27899,1.6251,0.40269,1.07084,0.000129675,0.000129675,0.000129675
681,2865.72,1.59549,0.40485,1.09487,0.72372,0.47117,0.56578,0.27937,1.6232,0.40264,1.0705,0.000127904,0.000127904,0.000127904
682,2870.19,1.68816,0.41461,1.08723,0.72292,0.47067,0.56632,0.27942,1.62757,0.40186,1.07095,0.000126145,0.000126145,0.000126145
683,2874.35,1.62885,0.42947,1.10046,0.7254,0.47131,0.56769,0.27999,1.62655,0.4012,1.07096,0.000124401,0.000124401,0.000124401
684,2878.59,1.941,0.45389,1.01342,0.73027,0.46993,0.56844,0.28254,1.6127,0.39681,1.07059,0.00012267,0.00012267,0.00012267
685,2882.38,1.6654,0.41412,1.10727,0.72931,0.46902,0.56888,0.28372,1.60539,0.39553,1.0703,0.000120953,0.000120953,0.000120953
686,2886.96,1.77849,0.44839,1.07947,0.72748,0.46815,0.56889,0.28517,1.60126,0.3953,1.07011,0.000119249,0.000119249,0.000119249
687,2891.22,1.64383,0.43607,1.08808,0.72926,0.46778,0.56893,0.2849,1.60337,0.39619,1.07009,0.000117559,0.000117559,0.000117559
688,2895.61,1.84559,0.44957,1.07802,0.72496,0.46645,0.56811,0.28443,1.60741,0.39728,1.07006,0.000115883,0.000115883,0.000115883
689,2899.81,1.76538,0.43224,1.06716,0.72635,0.46787,0.56871,0.28409,1.61011,0.39783,1.07029,0.000114221,0.000114221,0.000114221
690,2904.17,1.86312,0.45523,1.07142,0.72627,0.46884,0.56828,0.28377,1.60951,0.39744,1.07037,0.000112573,0.000112573,0.000112573
691,2908.43,1.93224,0.47025,1.04663,0.73011,0.4698,0.56937,0.28402,1.61132,0.39745,1.07052,0.000110938,0.000110938,0.000110938
692,2912.62,1.68923,0.42965,1.1156,0.72689,0.46897,0.56783,0.28334,1.61356,0.39754,1.07029,0.000109318,0.000109318,0.000109318
693,2916.33,1.77194,0.43802,1.06182,0.72841,0.46925,0.56816,0.28352,1.6132,0.39745,1.07004,0.000107711,0.000107711,0.000107711
694,2920.53,1.66696,0.43902,1.1078,0.72944,0.47154,0.57019,0.28442,1.60581,0.39594,1.07014,0.000106118,0.000106118,0.000106118
695,2924.61,1.69844,0.43183,1.06902,0.72656,0.47131,0.56959,0.28413,1.60361,0.39564,1.07005,0.000104539,0.000104539,0.000104539
696,2928.78,1.58139,0.4026,1.10039,0.72753,0.47032,0.56814,0.28451,1.59893,0.39505,1.07022,0.000102974,0.000102974,0.000102974
697,2932.67,1.61087,0.39887,1.08719,0.73263,0.4698,0.56837,0.28507,1.59797,0.39544,1.07012,0.000101423,0.000101423,0.000101423
698,2936.94,1.6701,0.42974,1.09922,0.73128,0.47035,0.56793,0.28455,1.60038,0.39693,1.07022,9.98859e-05,9.98859e-05,9.98859e-05
699,2940.74,1.77592,0.46399,1.13519,0.73022,0.4712,0.56883,0.28425,1.60441,0.39793,1.07051,9.8363e-05,9.8363e-05,9.8363e-05
700,2944.95,1.6766,0.42743,1.124,0.7292,0.47103,0.57051,0.28319,1.61366,0.40069,1.07128,9.68541e-05,9.68541e-05,9.68541e-05
701,2949.07,1.38712,0.37725,1.09863,0.72637,0.47158,0.57107,0.28295,1.61439,0.40135,1.0713,9.53593e-05,9.53593e-05,9.53593e-05
702,2953.16,2.08846,0.4805,1.02244,0.73094,0.47172,0.57246,0.28473,1.60848,0.4001,1.07099,9.38786e-05,9.38786e-05,9.38786e-05
703,2957.26,1.59086,0.42437,1.153,0.73313,0.47103,0.57231,0.28458,1.60841,0.40006,1.07077,9.2412e-05,9.2412e-05,9.2412e-05
704,2961.52,1.66117,0.41535,1.09093,0.73129,0.47076,0.57223,0.28385,1.61273,0.40062,1.07073,9.09595e-05,9.09595e-05,9.09595e-05
705,2965.6,1.60488,0.41169,1.13503,0.73102,0.46938,0.57184,0.28408,1.61425,0.40048,1.07075,8.95213e-05,8.95213e-05,8.95213e-05
706,2969.74,1.67816,0.40723,1.07102,0.73242,0.47117,0.57391,0.28532,1.60893,0.39848,1.07057,8.80972e-05,8.80972e-05,8.80972e-05
707,2974.01,1.6274,0.4144,1.09129,0.73034,0.47007,0.57326,0.28511,1.60698,0.39783,1.07054,8.66874e-05,8.66874e-05,8.66874e-05
708,2978.55,1.77763,0.42781,1.0684,0.73074,0.47103,0.57274,0.28598,1.60091,0.39596,1.07046,8.52918e-05,8.52918e-05,8.52918e-05
709,2982.7,1.51193,0.39451,1.10002,0.73021,0.47131,0.57215,0.28522,1.60221,0.39637,1.0705,8.39104e-05,8.39104e-05,8.39104e-05
710,2986.92,1.82164,0.44073,1.06858,0.73037,0.4723,0.57371,0.2858,1.60174,0.39659,1.06998,8.25433e-05,8.25433e-05,8.25433e-05
711,2990.9,1.58425,0.39774,1.07981,0.72932,0.472,0.57329,0.28516,1.60459,0.3974,1.06989,8.11906e-05,8.11906e-05,8.11906e-05
712,2994.99,1.67112,0.42291,1.11096,0.72967,0.47241,0.57233,0.28446,1.60458,0.3979,1.06989,7.98521e-05,7.98521e-05,7.98521e-05
713,2999.37,1.6064,0.38754,1.07833,0.73082,0.47172,0.57307,0.28514,1.60314,0.39757,1.06994,7.8528e-05,7.8528e-05,7.8528e-05
714,3003.42,1.58528,0.40431,1.09814,0.73057,0.47035,0.57058,0.28527,1.60256,0.39659,1.07,7.72183e-05,7.72183e-05,7.72183e-05
715,3007.57,1.42955,0.39498,1.11536,0.73023,0.47213,0.57046,0.28432,1.60846,0.39731,1.07009,7.5923e-05,7.5923e-05,7.5923e-05
716,3011.75,1.59151,0.41786,1.09742,0.73053,0.4708,0.57122,0.28395,1.61132,0.39722,1.07031,7.4642e-05,7.4642e-05,7.4642e-05
717,3015.91,1.51616,0.39812,1.09258,0.72652,0.47117,0.56994,0.28344,1.61139,0.39692,1.07025,7.33755e-05,7.33755e-05,7.33755e-05
718,3019.88,1.78338,0.43719,1.08963,0.72548,0.47103,0.5698,0.28343,1.60927,0.39572,1.07031,7.21234e-05,7.21234e-05,7.21234e-05
719,3024.18,1.50657,0.39408,1.09137,0.72683,0.47213,0.5706,0.28338,1.60959,0.39544,1.07042,7.08858e-05,7.08858e-05,7.08858e-05
720,3028.83,1.70342,0.43182,1.1162,0.72775,0.4723,0.57033,0.2832,1.61287,0.39588,1.07091,6.96627e-05,6.96627e-05,6.96627e-05
721,3033.02,1.51528,0.41046,1.11086,0.72959,0.47227,0.57083,0.28257,1.6151,0.39629,1.07129,6.8454e-05,6.8454e-05,6.8454e-05
722,3037.15,1.66076,0.43186,1.11935,0.72662,0.47217,0.57002,0.28159,1.61708,0.39679,1.07153,6.72599e-05,6.72599e-05,6.72599e-05
723,3041.31,1.57526,0.40451,1.09986,0.72829,0.47062,0.56943,0.28163,1.61361,0.39629,1.07134,6.60804e-05,6.60804e-05,6.60804e-05
724,3045.46,1.85374,0.45344,1.0361,0.72988,0.47199,0.5714,0.28373,1.60579,0.39499,1.07068,6.49154e-05,6.49154e-05,6.49154e-05
725,3049.65,1.70051,0.42392,1.10118,0.73081,0.47241,0.57202,0.28378,1.60508,0.39544,1.0706,6.37649e-05,6.37649e-05,6.37649e-05
726,3054.02,1.55205,0.39839,1.10809,0.73071,0.47124,0.57155,0.2842,1.60631,0.39637,1.07053,6.26291e-05,6.26291e-05,6.26291e-05
727,3058.26,1.47774,0.4031,1.09997,0.73063,0.4709,0.57146,0.28401,1.60932,0.39742,1.07054,6.15078e-05,6.15078e-05,6.15078e-05
728,3062.21,1.70095,0.41645,1.07263,0.72995,0.4709,0.57166,0.28389,1.61108,0.39823,1.07052,6.04012e-05,6.04012e-05,6.04012e-05
729,3066.13,1.59747,0.41306,1.1024,0.73063,0.47103,0.57202,0.28356,1.61073,0.39876,1.07034,5.93093e-05,5.93093e-05,5.93093e-05
730,3070.28,1.68589,0.42649,1.07437,0.73032,0.47213,0.57285,0.28418,1.60896,0.39763,1.07015,5.82319e-05,5.82319e-05,5.82319e-05
731,3074.13,1.48652,0.39186,1.10556,0.72951,0.47227,0.5716,0.28325,1.6101,0.39755,1.07019,5.71693e-05,5.71693e-05,5.71693e-05
732,3078.6,1.63086,0.41216,1.11402,0.73014,0.47241,0.57143,0.28209,1.61161,0.39802,1.07076,5.61214e-05,5.61214e-05,5.61214e-05
733,3082.6,1.60906,0.40369,1.10455,0.73095,0.47183,0.5715,0.28186,1.61245,0.39831,1.07077,5.50882e-05,5.50882e-05,5.50882e-05
734,3087.13,1.50462,0.41444,1.14233,0.72969,0.47213,0.57221,0.28189,1.61524,0.3996,1.07082,5.40697e-05,5.40697e-05,5.40697e-05
735,3091.41,1.58314,0.41128,1.10158,0.72869,0.47213,0.57119,0.28157,1.61638,0.4001,1.07078,5.30659e-05,5.30659e-05,5.30659e-05
736,3095.89,1.55413,0.39288,1.09594,0.72909,0.47071,0.57,0.28118,1.61586,0.40051,1.07057,5.20769e-05,5.20769e-05,5.20769e-05
737,3099.85,1.58972,0.40858,1.07589,0.72716,0.47076,0.57012,0.28158,1.61391,0.40002,1.07055,5.11027e-05,5.11027e-05,5.11027e-05
738,3104.21,1.49002,0.39523,1.10759,0.72753,0.47103,0.57004,0.28103,1.61526,0.40059,1.07044,5.01432e-05,5.01432e-05,5.01432e-05
739,3108.29,1.43031,0.39062,1.09439,0.72547,0.47162,0.5699,0.28052,1.61711,0.40138,1.07038,4.91986e-05,4.91986e-05,4.91986e-05
740,3112.48,1.58022,0.39432,1.09062,0.72797,0.47103,0.57034,0.28145,1.61304,0.40028,1.07001,4.82688e-05,4.82688e-05,4.82688e-05
741,3116.62,1.42036,0.3861,1.12417,0.72902,0.47186,0.57036,0.28114,1.61531,0.40093,1.07011,4.73538e-05,4.73538e-05,4.73538e-05
742,3120.91,1.65372,0.41398,1.08433,0.73247,0.47248,0.57361,0.28271,1.61167,0.39933,1.06996,4.64536e-05,4.64536e-05,4.64536e-05
743,3124.78,1.89684,0.46911,1.10999,0.7328,0.47254,0.57326,0.28253,1.61173,0.39908,1.07005,4.55683e-05,4.55683e-05,4.55683e-05
744,3129.07,1.57954,0.40423,1.09521,0.7368,0.47241,0.57504,0.28357,1.60998,0.39798,1.07018,4.46979e-05,4.46979e-05,4.46979e-05
745,3133.23,1.57209,0.40931,1.11685,0.73484,0.47446,0.57464,0.28315,1.61316,0.39831,1.07054,4.38424e-05,4.38424e-05,4.38424e-05
746,3137.47,1.85338,0.45485,1.07886,0.73238,0.47451,0.57459,0.28462,1.60585,0.3966,1.07018,4.30018e-05,4.30018e-05,4.30018e-05
747,3141.58,1.85427,0.45567,1.05361,0.73106,0.4735,0.57343,0.28552,1.6009,0.39548,1.06999,4.21761e-05,4.21761e-05,4.21761e-05
748,3145.94,1.60644,0.40647,1.09425,0.72739,0.47365,0.5722,0.28548,1.59737,0.39524,1.06968,4.13653e-05,4.13653e-05,4.13653e-05
749,3150.62,1.79366,0.45488,1.09591,0.72853,0.47337,0.57238,0.28518,1.59731,0.39558,1.06965,4.05694e-05,4.05694e-05,4.05694e-05
750,3154.59,1.83185,0.45537,1.1178,0.72823,0.47282,0.57272,0.28593,1.5959,0.39588,1.06954,3.97885e-05,3.97885e-05,3.97885e-05
751,3158.61,1.62761,0.404,1.10553,0.72787,0.47213,0.57215,0.28581,1.59582,0.39602,1.06949,3.90226e-05,3.90226e-05,3.90226e-05
752,3162.8,1.63792,0.44532,1.15887,0.72704,0.47295,0.57247,0.28524,1.59605,0.39636,1.06948,3.82716e-05,3.82716e-05,3.82716e-05
753,3166.91,1.77004,0.45192,1.09261,0.72774,0.47119,0.57214,0.28464,1.59683,0.39709,1.06935,3.75356e-05,3.75356e-05,3.75356e-05
754,3170.88,1.58464,0.40416,1.09582,0.72785,0.47213,0.5726,0.28467,1.6012,0.39781,1.06946,3.68146e-05,3.68146e-05,3.68146e-05
755,3175.06,1.61373,0.42838,1.09631,0.72748,0.47186,0.57218,0.28474,1.60295,0.39803,1.06954,3.61087e-05,3.61087e-05,3.61087e-05
756,3178.97,1.4765,0.39256,1.11844,0.72792,0.47227,0.57324,0.28507,1.60787,0.3986,1.07011,3.54177e-05,3.54177e-05,3.54177e-05
757,3183.13,1.69615,0.42427,1.08248,0.72749,0.47227,0.57361,0.28582,1.60731,0.39815,1.06991,3.47418e-05,3.47418e-05,3.47418e-05
758,3187.37,1.8758,0.45392,1.02604,0.72902,0.4746,0.57552,0.28738,1.59975,0.39595,1.07,3.40809e-05,3.40809e-05,3.40809e-05
759,3191.66,1.65634,0.43479,1.10895,0.73026,0.47351,0.57515,0.28782,1.59693,0.3952,1.06991,3.3435e-05,3.3435e-05,3.3435e-05
760,3196.17,1.59083,0.41507,1.1011,0.73204,0.47199,0.57442,0.28638,1.59876,0.39596,1.06992,3.28043e-05,3.28043e-05,3.28043e-05
761,3200.34,1.61864,0.40647,1.12115,0.73351,0.47235,0.57405,0.28581,1.60206,0.39672,1.07019,3.21885e-05,3.21885e-05,3.21885e-05
762,3204.79,1.69848,0.40936,1.08077,0.73077,0.47405,0.57431,0.28597,1.60122,0.39635,1.07003,3.15879e-05,3.15879e-05,3.15879e-05
763,3208.74,1.81085,0.43702,1.04333,0.72961,0.4735,0.57499,0.28731,1.5975,0.39542,1.06985,3.10024e-05,3.10024e-05,3.10024e-05
764,3213.28,1.74372,0.44759,1.11145,0.7298,0.47405,0.57597,0.28739,1.59648,0.39523,1.06991,3.04319e-05,3.04319e-05,3.04319e-05
765,3217.41,2.01498,0.51834,1.04883,0.73005,0.47378,0.57629,0.28792,1.59423,0.39463,1.06981,2.98766e-05,2.98766e-05,2.98766e-05
766,3221.67,1.5378,0.39906,1.09593,0.72932,0.47274,0.57497,0.28745,1.59641,0.3952,1.06986,2.93364e-05,2.93364e-05,2.93364e-05
767,3225.66,1.64,0.39597,1.07706,0.72867,0.47199,0.57413,0.2875,1.59411,0.39479,1.06969,2.88113e-05,2.88113e-05,2.88113e-05
768,3229.94,1.49548,0.40017,1.10803,0.72852,0.47195,0.57422,0.28739,1.5946,0.39563,1.06998,2.83013e-05,2.83013e-05,2.83013e-05
769,3233.9,1.65908,0.43302,1.11194,0.72824,0.47076,0.57302,0.2866,1.59752,0.3967,1.07002,2.78064e-05,2.78064e-05,2.78064e-05
770,3238.69,1.58623,0.42088,1.09283,0.7295,0.47172,0.5743,0.28612,1.59977,0.39717,1.06997,2.73268e-05,2.73268e-05,2.73268e-05
771,3242.85,1.51484,0.41108,1.11898,0.72972,0.47048,0.57337,0.28581,1.60092,0.39703,1.07016,2.68622e-05,2.68622e-05,2.68622e-05
772,3247.26,1.64013,0.41682,1.08507,0.72768,0.47035,0.572,0.28448,1.60393,0.39717,1.07013,2.64129e-05,2.64129e-05,2.64129e-05
773,3251.63,1.38817,0.39223,1.15565,0.7266,0.4698,0.57098,0.28369,1.60786,0.39803,1.07037,2.59787e-05,2.59787e-05,2.59787e-05
774,3255.75,1.59733,0.419,1.09004,0.72846,0.47021,0.57133,0.28337,1.61084,0.39862,1.07049,2.55596e-05,2.55596e-05,2.55596e-05
775,3259.63,1.79379,0.44779,1.07154,0.73033,0.47035,0.57166,0.2843,1.60788,0.39732,1.07049,2.51558e-05,2.51558e-05,2.51558e-05
776,3263.88,1.65999,0.4148,1.07596,0.73125,0.4709,0.57233,0.28536,1.60292,0.39597,1.07013,2.47671e-05,2.47671e-05,2.47671e-05
777,3268.16,1.77276,0.43339,1.0799,0.73178,0.47076,0.57282,0.28584,1.6018,0.39566,1.06998,2.43937e-05,2.43937e-05,2.43937e-05
778,3272.36,1.67432,0.42941,1.10496,0.73042,0.47093,0.57202,0.28577,1.59969,0.39511,1.06982,2.40354e-05,2.40354e-05,2.40354e-05
779,3276.19,1.53893,0.40259,1.09428,0.72999,0.47076,0.57168,0.28562,1.59941,0.39511,1.06976,2.36923e-05,2.36923e-05,2.36923e-05
780,3280.36,1.47885,0.37945,1.10738,0.72769,0.47144,0.57173,0.28645,1.59606,0.39455,1.06949,2.33645e-05,2.33645e-05,2.33645e-05
781,3284.13,1.65472,0.42148,1.09441,0.72806,0.47062,0.57137,0.28651,1.5956,0.3945,1.06944,2.30518e-05,2.30518e-05,2.30518e-05
782,3288.35,1.81573,0.44472,1.07326,0.72621,0.47194,0.57174,0.28686,1.59462,0.3944,1.0693,2.27544e-05,2.27544e-05,2.27544e-05
783,3292.14,1.54475,0.39176,1.08209,0.72723,0.47158,0.57206,0.28667,1.59571,0.39476,1.06931,2.24722e-05,2.24722e-05,2.24722e-05
784,3296.49,1.8985,0.46948,1.05517,0.72596,0.47268,0.57306,0.28787,1.59163,0.39352,1.06906,2.22053e-05,2.22053e-05,2.22053e-05
785,3300.82,1.6325,0.42231,1.09698,0.72578,0.47337,0.57307,0.28766,1.59095,0.39311,1.0691,2.19535e-05,2.19535e-05,2.19535e-05
786,3305.1,1.77329,0.4431,1.07161,0.72515,0.4746,0.57443,0.28848,1.58902,0.39241,1.06917,2.1717e-05,2.1717e-05,2.1717e-05
787,3309.35,1.57838,0.40078,1.09953,0.72716,0.4742,0.57447,0.28823,1.58874,0.39247,1.06918,2.14958e-05,2.14958e-05,2.14958e-05
788,3313.44,1.70269,0.42813,1.09259,0.72798,0.4735,0.57388,0.28836,1.5899,0.39307,1.06918,2.12898e-05,2.12898e-05,2.12898e-05
789,3317.35,1.52845,0.39895,1.1279,0.7275,0.47309,0.57336,0.28769,1.5919,0.39364,1.06925,2.1099e-05,2.1099e-05,2.1099e-05
790,3321.82,1.49984,0.38784,1.08912,0.73026,0.47239,0.57384,0.28706,1.59528,0.39454,1.06925,2.09235e-05,2.09235e-05,2.09235e-05
791,3376.41,1.72116,0.41701,1.04641,0.72848,0.47529,0.57487,0.28782,1.59297,0.39386,1.06921,2.07633e-05,2.07633e-05,2.07633e-05
792,3380.52,1.85448,0.43586,1.02752,0.72909,0.47589,0.57609,0.28841,1.59114,0.39327,1.06923,2.06183e-05,2.06183e-05,2.06183e-05
793,3384.76,1.67125,0.42548,1.04385,0.72727,0.47721,0.57646,0.28908,1.58929,0.39275,1.06918,2.04885e-05,2.04885e-05,2.04885e-05
794,3389.34,1.41044,0.37666,1.09337,0.72782,0.47615,0.57672,0.28875,1.59142,0.39345,1.06923,2.0374e-05,2.0374e-05,2.0374e-05
795,3393.63,1.52234,0.38966,1.06792,0.72686,0.47543,0.57627,0.28872,1.59151,0.39352,1.06921,2.02748e-05,2.02748e-05,2.02748e-05
796,3398.05,1.52694,0.39809,1.06358,0.73046,0.47474,0.57709,0.28811,1.59368,0.39438,1.06929,2.01908e-05,2.01908e-05,2.01908e-05
797,3402.46,1.45601,0.37485,1.0801,0.73522,0.47227,0.57629,0.28832,1.59239,0.39424,1.06925,2.01221e-05,2.01221e-05,2.01221e-05
798,3406.91,1.62522,0.40568,1.0616,0.73328,0.47186,0.57587,0.28826,1.59227,0.39418,1.06928,2.00687e-05,2.00687e-05,2.00687e-05
799,3411.11,1.52188,0.38333,1.09213,0.73254,0.47172,0.57533,0.28822,1.59179,0.39404,1.06927,2.00305e-05,2.00305e-05,2.00305e-05
800,3415.11,1.69737,0.4111,1.07425,0.73132,0.47196,0.57498,0.28836,1.59027,0.39363,1.0693,2.00076e-05,2.00076e-05,2.00076e-05
