epoch,time,train/box_loss,train/cls_loss,train/dfl_loss,metrics/precision(B),metrics/recall(B),metrics/mAP50(B),metrics/mAP50-95(B),val/box_loss,val/cls_loss,val/dfl_loss,lr/pg0,lr/pg1,lr/pg2
1,5.28157,4.59915,2.19148,1.27348,0.0005,0.00082,0.00025,6e-05,4.83798,2.19187,1.16034,0.1961,0.0001,0.0001
2,9.72208,4.47041,2.20795,1.23648,0.00084,0.00137,0.00042,0.00015,4.8238,2.17651,1.16027,0.19025,0.000249999,0.000249999
3,13.3896,4.44907,2.1914,1.23249,0.17449,0.2743,0.12995,0.03664,5.49454,17.5925,0.97986,0.1844,0.000399996,0.000399996
4,18.3405,4.29373,6.55121,1.00403,0.18376,0.28007,0.13125,0.03729,5.43374,14.3272,0.97974,0.17855,0.000549989,0.000549989
5,23.4475,4.49191,3.74931,1.05458,0.20828,0.20538,0.11426,0.03502,nan,nan,nan,0.1727,0.000699975,0.000699975
6,28.2431,4.19059,0.93446,1.0038,0.00034,0.00055,0.00017,6e-05,nan,nan,nan,0.16685,0.000849953,0.000849953
7,33.0543,4.29418,0.75681,0.98578,0,0,0,0,nan,nan,nan,0.161,0.00099992,0.00099992
8,37.4764,4.05602,0.75051,0.98725,0,0,0,0,nan,nan,nan,0.15515,0.00114987,0.00114987
9,41.8511,4.02112,0.75221,0.98945,0,0,0,0,nan,nan,nan,0.1493,0.00129982,0.00129982
10,46.6023,3.69078,0.67129,0.94948,0,0,0,0,nan,nan,nan,0.14345,0.00144974,0.00144974
11,51.3872,3.76231,0.66908,0.95907,0,0,0,0,nan,nan,nan,0.1376,0.00159964,0.00159964
12,56.4068,3.73609,0.63796,0.92161,0,0,0,0,nan,nan,nan,0.13175,0.00174953,0.00174953
13,61.2524,3.60039,0.62706,0.9265,0,0,0,0,nan,nan,nan,0.125899,0.00189939,0.00189939
14,65.5394,3.43125,0.59307,0.95263,0,0,0,0,nan,nan,nan,0.120049,0.00204923,0.00204923
15,70.1626,3.38787,0.58519,0.94503,0,0,0,0,nan,nan,nan,0.114199,0.00219904,0.00219904
16,74.7995,3.42525,0.603,0.93746,0,0,0,0,nan,nan,nan,0.108349,0.00234883,0.00234883
17,79.3443,3.37791,0.56768,0.91665,0,0,0,0,nan,nan,nan,0.102499,0.00249858,0.00249858
18,84.0123,3.61079,0.60347,0.92504,0,0,0,0,nan,nan,nan,0.0966483,0.0026483,0.0026483
19,88.3805,3.28222,0.5541,0.90374,0.00916,0.01496,0.00477,0.00185,nan,nan,nan,0.090798,0.00279799,0.00279799
20,92.7599,3.23801,0.58384,0.9228,0.36818,0.4201,0.28106,0.09702,4.02819,7.26573,0.92442,0.0849476,0.00294764,0.00294764
21,98.4799,3.59885,0.61866,0.92544,0.32247,0.38537,0.23729,0.08526,4.08705,7.53858,0.94672,0.0790972,0.00309725,0.00309725
22,103.408,3.47176,0.59588,0.9139,0.40457,0.36766,0.28333,0.09971,4.0159,4.52087,0.90301,0.0732468,0.00324682,0.00324682
23,108.789,3.40394,0.55693,0.92406,0.41985,0.34734,0.29578,0.09995,4.13982,2.7606,0.9159,0.0673963,0.00339635,0.00339635
24,114.079,3.4759,0.58419,0.91461,0.45373,0.38468,0.31921,0.12689,3.68159,2.58435,0.90433,0.0615458,0.00354583,0.00354583
25,119.3,3.57423,0.57198,0.89646,0.41423,0.38299,0.2975,0.11209,3.87569,2.54128,0.90736,0.0556953,0.00369527,0.00369527
26,123.937,3.47814,0.58004,0.92774,0.12874,0.20319,0.07788,0.03151,4.15661,inf,0.94827,0.0498447,0.00384466,0.00384466
27,128.595,3.69986,0.61604,0.90827,0.11806,0.18808,0.06949,0.02887,4.18406,inf,0.96291,0.043994,0.003994,0.003994
28,133.218,3.77479,0.62222,0.90978,0.16972,0.27526,0.10996,0.03812,4.46163,11.0141,0.93151,0.0381433,0.00414329,0.00414329
29,137.86,3.58065,0.63496,0.91417,0.1695,0.27691,0.11275,0.03905,4.2888,8.67309,0.91965,0.0322925,0.00429252,0.00429252
30,142.809,3.4307,0.58604,0.89024,0.30306,0.4223,0.24019,0.08112,3.97321,8.91705,0.9012,0.0264417,0.0044417,0.0044417
31,147.446,3.40628,0.5605,0.91722,0.32412,0.43493,0.29276,0.09762,4.07258,12.0385,0.91157,0.0205908,0.00459081,0.00459081
32,152.064,3.39109,0.57973,0.89984,0.39701,0.43245,0.33423,0.12411,3.71512,3.79489,0.89731,0.0147399,0.00473987,0.00473987
33,156.54,3.22672,0.55659,0.88861,0.41266,0.41172,0.33156,0.12685,3.71431,2.10585,0.90394,0.00888887,0.00488887,0.00488887
34,161.16,3.75906,0.67719,0.93997,0.34709,0.21252,0.18473,0.05787,4.72897,1.15487,1.03072,0.00498792,0.00498792,0.00498792
35,165.524,3.62959,0.61226,0.9249,0.37527,0.24327,0.21653,0.076,4.35811,1.0145,1.00072,0.00498718,0.00498718,0.00498718
36,169.913,3.29332,0.60321,0.90163,0.03791,0.01579,0.00792,0.00249,7.99036,2.13227,2.3866,0.00498641,0.00498641,0.00498641
37,174.249,3.45832,0.565,0.91914,0.15351,0.06301,0.0499,0.01832,6.16903,1.33401,1.53728,0.00498563,0.00498563,0.00498563
38,178.655,3.25888,0.54267,0.93024,0.41903,0.32743,0.28032,0.09663,4.22073,2.08642,0.95152,0.00498482,0.00498482,0.00498482
39,183.307,3.73352,0.57377,0.90544,0.30428,0.30258,0.20555,0.07559,4.15231,2.40464,0.97056,0.00498399,0.00498399,0.00498399
40,188.083,3.14311,0.5243,0.90205,0.00555,0.00467,0.00175,0.00071,8.22453,37.5597,2.25938,0.00498313,0.00498313,0.00498313
41,192.892,3.3321,0.56442,0.89113,0.00151,0.00247,0.00076,0.00026,8.88572,inf,2.56933,0.00498226,0.00498226,0.00498226
42,198.036,3.3879,0.5439,0.88633,0.05824,0.09514,0.04294,0.01419,5.27929,inf,1.00196,0.00498136,0.00498136,0.00498136
43,202.575,3.34132,0.54053,0.92001,0.08692,0.14113,0.05926,0.0233,4.63345,9.05163,0.95301,0.00498044,0.00498044,0.00498044
44,207.188,3.44728,0.58065,0.92837,0.25868,0.29627,0.19611,0.07386,3.74659,1.77849,0.90357,0.0049795,0.0049795,0.0049795
45,211.575,3.43307,0.57123,0.9123,0.22971,0.2813,0.15868,0.0579,4.20485,1.93684,0.94691,0.00497854,0.00497854,0.00497854
46,215.945,3.22315,0.5229,0.90626,0.43479,0.31112,0.28073,0.0985,4.2702,1.08022,0.9776,0.00497755,0.00497755,0.00497755
47,220.614,3.20775,0.53689,0.89024,0.46716,0.34292,0.32474,0.12158,3.89817,1.19511,0.90604,0.00497655,0.00497655,0.00497655
48,225.031,3.32355,0.54299,0.88434,0.38912,0.35901,0.28903,0.10039,3.93152,2.29822,0.90827,0.00497552,0.00497552,0.00497552
49,229.337,3.17871,0.53247,0.89979,0.37407,0.28075,0.25091,0.08231,4.16647,1.33373,0.91286,0.00497447,0.00497447,0.00497447
50,233.768,3.31566,0.54497,0.89781,0.47342,0.36601,0.32693,0.11626,3.90802,1.36481,0.89242,0.00497339,0.00497339,0.00497339
51,238.44,3.44063,0.57028,0.89038,0.44822,0.33992,0.31563,0.11635,3.92522,1.26414,0.89637,0.0049723,0.0049723,0.0049723
52,243.286,3.11518,0.52311,0.90838,0.29185,0.30903,0.23046,0.08837,3.82928,1.10169,0.9031,0.00497118,0.00497118,0.00497118
53,247.559,3.19361,0.52578,0.90157,0.45802,0.36971,0.33692,0.12197,3.84632,1.13937,0.89256,0.00497004,0.00497004,0.00497004
54,252.332,3.24133,0.55016,0.94127,0.40717,0.33937,0.28876,0.10321,3.80682,1.33153,0.9045,0.00496888,0.00496888,0.00496888
55,256.64,3.36147,0.53058,0.89164,0.37255,0.32839,0.27641,0.09744,3.87959,1.22378,0.90813,0.0049677,0.0049677,0.0049677
56,260.961,3.41479,0.56836,0.91594,0.52357,0.36203,0.38659,0.137,3.94089,1.07824,0.8979,0.0049665,0.0049665,0.0049665
57,266.028,3.18832,0.54635,0.91519,0.51243,0.3623,0.38386,0.14061,3.95386,1.26354,0.90413,0.00496527,0.00496527,0.00496527
58,271.416,3.2824,0.53489,0.89684,0.48952,0.30313,0.3128,0.11341,4.22366,1.06062,0.92069,0.00496402,0.00496402,0.00496402
59,275.814,3.01688,0.5259,0.90347,0.51654,0.33539,0.35122,0.13446,3.93511,0.90463,0.90468,0.00496275,0.00496275,0.00496275
60,280.151,3.0671,0.50763,0.89272,0.58587,0.40086,0.45248,0.17811,3.59829,0.92668,0.8789,0.00496146,0.00496146,0.00496146
61,285.2,3.1563,0.51933,0.90417,0.63673,0.39168,0.46695,0.19186,3.53597,0.83979,0.8794,0.00496015,0.00496015,0.00496015
62,290.442,2.87435,0.48421,0.89053,0.61499,0.41831,0.47892,0.19666,3.543,0.97278,0.87651,0.00495881,0.00495881,0.00495881
63,295.629,3.12271,0.51315,0.89755,0.60779,0.41954,0.48324,0.19819,3.40684,0.86166,0.86436,0.00495745,0.00495745,0.00495745
64,300.777,3.00261,0.52073,0.91557,0.50257,0.34418,0.37253,0.12711,3.94076,0.95352,0.88241,0.00495607,0.00495607,0.00495607
65,305.233,3.169,0.49503,0.8907,0.58362,0.37493,0.43214,0.15752,3.73905,1.00196,0.87895,0.00495467,0.00495467,0.00495467
66,310,3.02598,0.50197,0.88258,0.57323,0.40747,0.44594,0.16779,3.54432,0.93917,0.87465,0.00495325,0.00495325,0.00495325
67,314.99,2.98899,0.49221,0.87113,0.58195,0.41076,0.45697,0.17776,3.41194,0.8188,0.86629,0.00495181,0.00495181,0.00495181
68,319.609,3.21864,0.53229,0.88433,0.57766,0.41855,0.46437,0.19576,3.26082,0.64669,0.86772,0.00495034,0.00495034,0.00495034
69,324.023,3.19246,0.51835,0.88471,0.55602,0.41584,0.46092,0.19052,3.33735,0.6401,0.8635,0.00494885,0.00494885,0.00494885
70,328.669,3.18063,0.52179,0.89769,0.57022,0.35354,0.41752,0.15712,3.6421,0.82376,0.88015,0.00494734,0.00494734,0.00494734
71,333.359,3.2508,0.52891,0.87824,0.56699,0.41365,0.46353,0.18561,3.40334,0.89968,0.87213,0.00494581,0.00494581,0.00494581
72,338.349,3.26021,0.51361,0.85656,0.546,0.38605,0.41514,0.14886,3.59608,0.78024,0.87582,0.00494426,0.00494426,0.00494426
73,342.907,3.15099,0.50926,0.89668,0.51895,0.39514,0.39876,0.15376,3.42059,0.89291,0.87083,0.00494269,0.00494269,0.00494269
74,347.675,3.18987,0.50891,0.88009,0.53393,0.42188,0.41504,0.17297,3.26661,0.77712,0.8684,0.00494109,0.00494109,0.00494109
75,352.295,3.03971,0.51623,0.87397,0.58663,0.41859,0.46061,0.19071,3.24065,0.61533,0.86246,0.00493947,0.00493947,0.00493947
76,356.888,3.01712,0.48313,0.88216,0.6059,0.43904,0.49644,0.20148,3.39324,0.56224,0.86566,0.00493783,0.00493783,0.00493783
77,362.257,2.95883,0.4962,0.87243,0.65377,0.43561,0.51382,0.2237,3.1057,0.58141,0.85522,0.00493617,0.00493617,0.00493617
78,367.305,2.75084,0.46137,0.89108,0.62144,0.42271,0.47925,0.18548,3.35851,0.62839,0.8572,0.00493449,0.00493449,0.00493449
79,372.025,2.88062,0.47373,0.86932,0.55192,0.38193,0.41415,0.14826,3.58862,0.6976,0.86213,0.00493278,0.00493278,0.00493278
80,376.593,3.01221,0.47597,0.86577,0.55512,0.41406,0.44585,0.17374,3.33319,0.73913,0.85712,0.00493106,0.00493106,0.00493106
81,381.216,2.81243,0.46334,0.87875,0.62657,0.42339,0.4881,0.19669,3.18813,0.67422,0.85269,0.00492931,0.00492931,0.00492931
82,386.18,2.92579,0.47603,0.86724,0.5658,0.39787,0.41506,0.14667,3.604,0.68225,0.86526,0.00492754,0.00492754,0.00492754
83,390.762,3.10002,0.53611,0.89792,0.64614,0.44422,0.50305,0.1988,3.29293,0.62418,0.85686,0.00492575,0.00492575,0.00492575
84,395.2,2.98828,0.48596,0.87559,0.64891,0.4455,0.48964,0.18478,3.66141,0.84739,0.87954,0.00492394,0.00492394,0.00492394
85,399.846,3.22116,0.51305,0.88051,0.62017,0.4201,0.45424,0.17632,3.73636,0.78666,0.90689,0.00492211,0.00492211,0.00492211
86,404.508,3.35095,0.5447,0.89765,0.6249,0.45903,0.50708,0.19888,3.34902,0.58099,0.85997,0.00492025,0.00492025,0.00492025
87,409.209,3.12871,0.54521,0.87331,0.65923,0.45662,0.51908,0.21528,3.23468,0.60771,0.86036,0.00491838,0.00491838,0.00491838
88,414.033,3.14922,0.49583,0.87951,0.64549,0.46705,0.52384,0.21469,3.25537,0.66923,0.8599,0.00491648,0.00491648,0.00491648
89,418.793,3.15295,0.53519,0.87619,0.63064,0.46787,0.51444,0.21739,3.1083,0.64732,0.85546,0.00491456,0.00491456,0.00491456
90,423.577,2.93208,0.47483,0.86896,0.64242,0.46863,0.52684,0.22534,3.13932,0.62754,0.85063,0.00491262,0.00491262,0.00491262
91,428.723,2.93336,0.47478,0.86483,0.65918,0.47715,0.54048,0.24158,3.01876,0.62362,0.84945,0.00491066,0.00491066,0.00491066
92,434.167,3.04874,0.49508,0.90059,0.62707,0.46005,0.51464,0.2182,3.48948,0.69798,0.86688,0.00490868,0.00490868,0.00490868
93,438.404,2.78282,0.47179,0.85708,0.60327,0.44399,0.50133,0.20928,3.33738,0.6234,0.85866,0.00490667,0.00490667,0.00490667
94,443.179,3.0136,0.53211,0.88709,0.691,0.46389,0.54467,0.23306,3.3032,0.79155,0.85578,0.00490465,0.00490465,0.00490465
95,447.641,2.92872,0.49389,0.86991,0.68115,0.45332,0.5332,0.2226,3.3743,0.84747,0.86009,0.0049026,0.0049026,0.0049026
96,451.999,2.79123,0.46117,0.85176,0.62316,0.42977,0.4937,0.19852,3.31413,0.6346,0.8552,0.00490053,0.00490053,0.00490053
97,456.227,2.75189,0.49359,0.9064,0.66432,0.44138,0.51494,0.2114,3.38593,0.65584,0.85868,0.00489845,0.00489845,0.00489845
98,460.655,3.11437,0.49254,0.85975,0.60471,0.40719,0.47578,0.18466,3.44386,0.62411,0.86467,0.00489633,0.00489633,0.00489633
99,465.257,3.02136,0.48879,0.86779,0.61547,0.41172,0.47884,0.19148,3.44012,0.60547,0.86321,0.0048942,0.0048942,0.0048942
100,470.087,2.98452,0.47507,0.86564,0.61218,0.41457,0.47499,0.18074,3.61283,0.56872,0.8658,0.00489205,0.00489205,0.00489205
101,474.753,2.98625,0.46712,0.85941,0.66029,0.48902,0.55433,0.23767,3.15692,0.51228,0.85422,0.00488988,0.00488988,0.00488988
102,479.707,2.97405,0.46815,0.87911,0.6774,0.49478,0.56188,0.25505,3.02573,0.49304,0.84944,0.00488768,0.00488768,0.00488768
103,484.551,2.84606,0.46935,0.88694,0.68683,0.46623,0.53544,0.22656,3.42696,0.52859,0.86606,0.00488547,0.00488547,0.00488547
104,489.064,3.00789,0.47898,0.87879,0.66099,0.48064,0.54404,0.23246,3.10495,0.4877,0.85076,0.00488323,0.00488323,0.00488323
105,493.605,3.01195,0.47009,0.86398,0.67776,0.48741,0.56173,0.24547,3.08149,0.49529,0.85198,0.00488097,0.00488097,0.00488097
106,498.346,3.0831,0.48172,0.86751,0.67558,0.47286,0.53834,0.21652,3.45977,0.56219,0.86363,0.00487869,0.00487869,0.00487869
107,502.762,2.87858,0.46029,0.85259,0.65914,0.46238,0.52647,0.21393,3.46087,0.57414,0.86458,0.00487639,0.00487639,0.00487639
108,507.442,2.97056,0.46838,0.84246,0.66665,0.45977,0.52972,0.21764,3.47897,0.64557,0.86476,0.00487407,0.00487407,0.00487407
109,512.303,2.96003,0.50383,0.86263,0.69024,0.48586,0.55758,0.2438,3.21709,0.56406,0.85302,0.00487173,0.00487173,0.00487173
110,516.855,2.73273,0.44554,0.86481,0.64844,0.47817,0.55048,0.23618,3.11899,0.50716,0.8508,0.00486937,0.00486937,0.00486937
111,521.178,2.69772,0.46335,0.858,0.63796,0.46993,0.54089,0.23517,3.13006,0.53059,0.85608,0.00486698,0.00486698,0.00486698
112,525.508,2.96193,0.48654,0.86733,0.6607,0.45793,0.51903,0.20649,3.65373,0.60586,0.87229,0.00486458,0.00486458,0.00486458
113,530.152,3.1579,0.5264,0.87714,0.66058,0.43053,0.4841,0.19614,3.77935,0.63652,0.89304,0.00486215,0.00486215,0.00486215
114,534.905,2.8716,0.46283,0.86723,0.61334,0.3704,0.41904,0.15912,4.08977,0.68398,0.91091,0.0048597,0.0048597,0.0048597
115,539.878,2.99531,0.50992,0.88539,0.65181,0.4179,0.47896,0.18834,3.67054,0.6872,0.87937,0.00485724,0.00485724,0.00485724
116,544.292,2.91769,0.4827,0.86165,0.52446,0.38784,0.42396,0.15848,3.7935,0.65929,0.87635,0.00485475,0.00485475,0.00485475
117,548.612,2.90967,0.49326,0.85901,0.56828,0.45881,0.50133,0.22094,3.22941,0.53992,0.86104,0.00485224,0.00485224,0.00485224
118,553.24,2.9119,0.50256,0.88326,0.64086,0.39662,0.45665,0.17161,3.8245,0.70593,0.9,0.00484971,0.00484971,0.00484971
119,557.922,3.05072,0.48714,0.85762,0.59032,0.37878,0.42812,0.16509,3.7366,0.7809,0.90154,0.00484716,0.00484716,0.00484716
120,562.779,3.02609,0.48942,0.88021,0.58953,0.37644,0.4106,0.1503,3.53497,0.89862,0.87292,0.00484459,0.00484459,0.00484459
121,567.106,2.66658,0.49461,0.88647,0.6751,0.39994,0.4769,0.18454,3.38241,0.7182,0.86366,0.004842,0.004842,0.004842
122,571.535,2.81031,0.45286,0.85113,0.63084,0.43218,0.49991,0.20422,3.30149,0.57736,0.85859,0.00483938,0.00483938,0.00483938
123,576.391,3.15699,0.51039,0.86581,0.61529,0.4039,0.46125,0.16718,3.58013,0.60485,0.86761,0.00483675,0.00483675,0.00483675
124,581.231,2.76158,0.47811,0.89186,0.69875,0.47021,0.55665,0.2484,3.03486,0.62977,0.85333,0.0048341,0.0048341,0.0048341
125,585.734,2.84495,0.47161,0.87668,0.69777,0.48655,0.5626,0.24408,3.06517,0.55004,0.85298,0.00483142,0.00483142,0.00483142
126,590.569,2.84482,0.48232,0.85463,0.70213,0.48421,0.56543,0.24962,3.08758,0.57418,0.85411,0.00482873,0.00482873,0.00482873
127,595.286,3.01734,0.48523,0.87973,0.68804,0.49382,0.56866,0.24913,3.01929,0.57458,0.85283,0.00482601,0.00482601,0.00482601
128,599.919,2.97127,0.51251,0.85977,0.55705,0.4432,0.47043,0.1748,3.46039,0.6215,0.8727,0.00482328,0.00482328,0.00482328
129,604.868,3.05773,0.47638,0.86049,0.63896,0.43094,0.50069,0.20451,3.42795,0.61507,0.87427,0.00482052,0.00482052,0.00482052
130,609.323,2.90099,0.47368,0.87508,0.66506,0.44516,0.51659,0.20908,3.41519,0.5878,0.87238,0.00481774,0.00481774,0.00481774
131,613.625,2.92251,0.48157,0.88184,0.63701,0.43872,0.5092,0.20659,3.34439,0.5568,0.86596,0.00481495,0.00481495,0.00481495
132,617.955,3.1512,0.4809,0.84287,0.67789,0.46315,0.54562,0.23889,3.04665,0.54109,0.85078,0.00481213,0.00481213,0.00481213
133,622.388,2.79978,0.4487,0.8705,0.69224,0.46444,0.55069,0.24878,3.00787,0.5929,0.85074,0.00480929,0.00480929,0.00480929
134,626.851,2.91772,0.45974,0.86904,0.66659,0.45428,0.52809,0.20606,3.32061,0.57409,0.85861,0.00480643,0.00480643,0.00480643
135,631.694,2.83314,0.46748,0.89043,0.66728,0.45954,0.52912,0.21868,3.16268,0.54916,0.85212,0.00480356,0.00480356,0.00480356
136,636.64,2.8849,0.48252,0.85983,0.67063,0.52018,0.58811,0.26377,3.00328,0.51474,0.84523,0.00480066,0.00480066,0.00480066
137,641.835,2.74094,0.42765,0.8575,0.721,0.52225,0.59865,0.27831,2.93282,0.52225,0.84242,0.00479774,0.00479774,0.00479774
138,647.366,3.00305,0.48106,0.86006,0.71966,0.52444,0.59692,0.27386,2.98176,0.50629,0.84612,0.0047948,0.0047948,0.0047948
139,652.068,2.81825,0.47774,0.86945,0.70611,0.50398,0.57271,0.24831,3.25527,0.54655,0.85873,0.00479184,0.00479184,0.00479184
140,656.853,2.86155,0.45442,0.86036,0.73314,0.50577,0.58208,0.24761,3.21292,0.5886,0.85262,0.00478886,0.00478886,0.00478886
141,661.14,2.77057,0.445,0.86179,0.71621,0.52252,0.58797,0.25129,3.157,0.59053,0.85106,0.00478586,0.00478586,0.00478586
142,665.553,2.86318,0.4645,0.85507,0.70439,0.5151,0.58587,0.2684,2.97037,0.48378,0.85071,0.00478284,0.00478284,0.00478284
143,669.893,2.73043,0.45776,0.86133,0.71234,0.49671,0.57579,0.27018,2.93452,0.47534,0.84873,0.0047798,0.0047798,0.0047798
144,674.709,2.74398,0.43016,0.85924,0.6953,0.50714,0.58146,0.26684,2.97895,0.48081,0.84576,0.00477674,0.00477674,0.00477674
145,679.379,2.83633,0.46411,0.86393,0.7104,0.49602,0.57989,0.25643,2.9742,0.47936,0.8423,0.00477366,0.00477366,0.00477366
146,684.284,3.10898,0.47527,0.8666,0.66695,0.50549,0.57278,0.26502,2.93491,0.47251,0.84518,0.00477056,0.00477056,0.00477056
147,689.109,2.61326,0.4464,0.87027,0.69151,0.51812,0.59086,0.26884,2.9638,0.47608,0.84354,0.00476744,0.00476744,0.00476744
148,694.016,2.83542,0.47816,0.86095,0.7095,0.50343,0.57939,0.27001,2.99434,0.5714,0.84934,0.0047643,0.0047643,0.0047643
149,698.302,2.67422,0.43288,0.84686,0.69091,0.4858,0.55285,0.24733,3.19117,0.57637,0.85982,0.00476114,0.00476114,0.00476114
150,702.858,2.99464,0.47002,0.86434,0.67267,0.48957,0.55932,0.24659,3.079,0.50906,0.85032,0.00475796,0.00475796,0.00475796
151,707.145,2.83864,0.46324,0.84684,0.67926,0.49253,0.56284,0.24731,3.07156,0.51053,0.85063,0.00475476,0.00475476,0.00475476
152,711.736,2.8569,0.45098,0.85562,0.70718,0.48374,0.56118,0.24649,3.18645,0.52386,0.85616,0.00475155,0.00475155,0.00475155
153,716.762,2.98374,0.46982,0.84406,0.68751,0.49272,0.5653,0.24611,3.15492,0.53549,0.8578,0.00474831,0.00474831,0.00474831
154,721.378,3.08376,0.48323,0.88303,0.70245,0.49783,0.57742,0.25619,3.00461,0.52717,0.84963,0.00474505,0.00474505,0.00474505
155,726.015,2.82764,0.47729,0.84985,0.70828,0.50041,0.58192,0.2652,2.9683,0.52648,0.84829,0.00474177,0.00474177,0.00474177
156,730.659,2.69271,0.44026,0.86125,0.66734,0.447,0.52669,0.21973,3.13055,0.56387,0.84884,0.00473847,0.00473847,0.00473847
157,735.314,2.80644,0.47204,0.87132,0.62335,0.42806,0.4906,0.2019,3.22327,0.57878,0.85454,0.00473516,0.00473516,0.00473516
158,740.016,2.68237,0.43445,0.85869,0.68471,0.47882,0.5624,0.24452,2.99376,0.55652,0.84778,0.00473182,0.00473182,0.00473182
159,744.98,2.84623,0.44915,0.8556,0.71039,0.48256,0.57388,0.24619,2.97555,0.56304,0.84765,0.00472846,0.00472846,0.00472846
160,749.297,2.72943,0.45792,0.89136,0.70707,0.49437,0.58072,0.25641,2.91273,0.47916,0.84216,0.00472509,0.00472509,0.00472509
161,753.544,2.62429,0.4461,0.85735,0.67477,0.46431,0.54764,0.2192,3.27392,0.5112,0.84964,0.00472169,0.00472169,0.00472169
162,758.329,2.94697,0.47978,0.86589,0.70846,0.48366,0.57745,0.27086,2.88347,0.48657,0.84281,0.00471827,0.00471827,0.00471827
163,762.806,2.91796,0.47791,0.86914,0.70938,0.48366,0.57648,0.27104,2.88083,0.50565,0.84327,0.00471484,0.00471484,0.00471484
164,767.429,2.96184,0.47177,0.85958,0.53628,0.38644,0.43017,0.14885,3.73207,0.60499,0.8637,0.00471139,0.00471139,0.00471139
165,772.129,2.95002,0.512,0.88692,0.52002,0.3682,0.40319,0.13491,3.8825,0.63142,0.87019,0.00470791,0.00470791,0.00470791
166,776.541,2.88264,0.49913,0.86372,0.69318,0.49835,0.57337,0.26533,2.96116,0.50139,0.85088,0.00470442,0.00470442,0.00470442
167,780.877,3.02097,0.47599,0.87801,0.69703,0.48229,0.55492,0.25346,3.07347,0.51608,0.85793,0.00470091,0.00470091,0.00470091
168,785.476,2.71992,0.46306,0.87562,0.67739,0.49236,0.55407,0.24657,3.12202,0.49317,0.85447,0.00469738,0.00469738,0.00469738
169,790.094,3.01187,0.49648,0.84458,0.68395,0.51194,0.57466,0.25573,3.06464,0.48197,0.84873,0.00469383,0.00469383,0.00469383
170,794.981,2.6748,0.45726,0.86046,0.7078,0.50846,0.59057,0.272,2.92159,0.4856,0.84485,0.00469026,0.00469026,0.00469026
171,799.523,2.88078,0.45777,0.86304,0.71634,0.5184,0.60177,0.28642,2.83395,0.49419,0.84215,0.00468667,0.00468667,0.00468667
172,804.98,3.08713,0.49263,0.86721,0.69846,0.51318,0.58636,0.26337,3.00014,0.54354,0.84555,0.00468306,0.00468306,0.00468306
173,809.677,3.04184,0.47481,0.8554,0.70073,0.52077,0.58722,0.28363,2.81912,0.49893,0.84367,0.00467943,0.00467943,0.00467943
174,814.27,2.6506,0.45098,0.86731,0.72474,0.53158,0.60564,0.28651,2.83161,0.45211,0.84066,0.00467579,0.00467579,0.00467579
175,819.488,2.59487,0.42283,0.85711,0.7175,0.53679,0.61226,0.28936,2.8013,0.45423,0.83938,0.00467212,0.00467212,0.00467212
176,824.812,2.68709,0.44517,0.86137,0.7332,0.50233,0.57482,0.2618,3.00056,0.50867,0.85407,0.00466844,0.00466844,0.00466844
177,829.627,2.56146,0.41365,0.86475,0.74022,0.51304,0.59307,0.27866,2.87597,0.46957,0.84297,0.00466474,0.00466474,0.00466474
178,834.08,2.86116,0.47341,0.84262,0.73874,0.52679,0.60879,0.29662,2.73931,0.44537,0.83712,0.00466102,0.00466102,0.00466102
179,839.193,2.61467,0.42912,0.86774,0.72833,0.53811,0.61515,0.29507,2.79566,0.45417,0.83808,0.00465728,0.00465728,0.00465728
180,843.965,3.03434,0.47642,0.86844,0.71939,0.53251,0.61389,0.28844,2.79166,0.46374,0.83684,0.00465352,0.00465352,0.00465352
181,848.499,2.76238,0.45196,0.86063,0.70225,0.5324,0.60498,0.2789,2.83313,0.45969,0.83853,0.00464974,0.00464974,0.00464974
182,853.145,2.61482,0.42286,0.84712,0.69382,0.51702,0.59438,0.27434,2.92276,0.48059,0.84255,0.00464594,0.00464594,0.00464594
183,857.878,2.6328,0.41379,0.8477,0.7132,0.51496,0.59844,0.28604,2.83955,0.48676,0.84106,0.00464213,0.00464213,0.00464213
184,862.82,2.66269,0.44307,0.88326,0.71898,0.52723,0.60949,0.29447,2.71547,0.44631,0.8372,0.00463829,0.00463829,0.00463829
185,867.299,2.553,0.43285,0.86962,0.72016,0.52965,0.60989,0.29713,2.69929,0.43957,0.83649,0.00463444,0.00463444,0.00463444
186,872.506,2.82621,0.43528,0.85409,0.71057,0.50659,0.59336,0.27981,2.8383,0.57328,0.84067,0.00463057,0.00463057,0.00463057
187,876.892,2.6383,0.43035,0.86977,0.68183,0.46837,0.55967,0.24748,2.94037,0.59048,0.84302,0.00462668,0.00462668,0.00462668
188,881.723,2.8066,0.45063,0.85908,0.71018,0.53034,0.60503,0.2971,2.7121,0.44638,0.83631,0.00462277,0.00462277,0.00462277
189,886.094,2.60214,0.42518,0.86667,0.72593,0.51208,0.59859,0.29196,2.7635,0.46157,0.84056,0.00461884,0.00461884,0.00461884
190,891.187,2.85044,0.44773,0.85689,0.72661,0.52581,0.61429,0.29751,2.70772,0.47226,0.83589,0.0046149,0.0046149,0.0046149
191,896.143,2.90158,0.45113,0.84324,0.73384,0.51853,0.60317,0.28387,2.80457,0.5058,0.83951,0.00461093,0.00461093,0.00461093
192,900.523,2.79617,0.44595,0.85506,0.72159,0.51417,0.60671,0.28966,2.72686,0.45274,0.83408,0.00460695,0.00460695,0.00460695
193,904.843,2.52672,0.42005,0.85487,0.73786,0.51991,0.60683,0.29186,2.79302,0.46945,0.8375,0.00460295,0.00460295,0.00460295
194,909.145,2.72382,0.43014,0.85271,0.73509,0.52622,0.61042,0.29257,2.76851,0.45093,0.83561,0.00459893,0.00459893,0.00459893
195,913.659,2.75729,0.45594,0.83699,0.7208,0.52155,0.6052,0.27785,2.8329,0.45839,0.83638,0.00459489,0.00459489,0.00459489
196,918.441,2.90141,0.48638,0.85767,0.73335,0.51895,0.61007,0.29929,2.66843,0.46999,0.83266,0.00459084,0.00459084,0.00459084
197,923.523,2.98112,0.467,0.8556,0.70188,0.50275,0.58379,0.26496,2.8444,0.48632,0.83537,0.00458676,0.00458676,0.00458676
198,928.067,2.63928,0.42779,0.85503,0.65902,0.51222,0.57166,0.23393,3.14653,0.48673,0.84462,0.00458267,0.00458267,0.00458267
199,932.577,3.15538,0.51335,0.87633,0.69942,0.54613,0.61738,0.28424,2.88177,0.45858,0.84128,0.00457856,0.00457856,0.00457856
200,936.978,2.71327,0.43352,0.86509,0.72108,0.52068,0.59699,0.2691,3.04195,0.48722,0.84854,0.00457443,0.00457443,0.00457443
201,941.505,2.59579,0.43497,0.87553,0.68793,0.48627,0.56725,0.25254,2.99936,0.49462,0.84752,0.00457029,0.00457029,0.00457029
202,946.162,2.76024,0.43508,0.85819,0.66441,0.46152,0.53151,0.22261,3.17934,0.51634,0.85507,0.00456612,0.00456612,0.00456612
203,950.641,2.57483,0.42263,0.85681,0.7138,0.50357,0.58555,0.26278,2.9861,0.5026,0.84857,0.00456194,0.00456194,0.00456194
204,955.246,2.77055,0.43988,0.84475,0.71231,0.53254,0.61063,0.28801,2.74917,0.4748,0.83731,0.00455774,0.00455774,0.00455774
205,959.956,2.66231,0.43339,0.84498,0.69745,0.52979,0.60133,0.28456,2.76384,0.45887,0.83673,0.00455353,0.00455353,0.00455353
206,964.711,2.70415,0.44265,0.85831,0.69814,0.52622,0.6,0.294,2.72,0.46317,0.83723,0.00454929,0.00454929,0.00454929
207,969.286,2.62414,0.43648,0.84524,0.69874,0.50824,0.58693,0.27838,2.83639,0.48161,0.8402,0.00454504,0.00454504,0.00454504
208,973.609,2.65533,0.44357,0.86194,0.65085,0.47858,0.53863,0.22285,3.19981,0.49175,0.85246,0.00454077,0.00454077,0.00454077
209,977.916,2.60994,0.4141,0.86312,0.64413,0.48023,0.53275,0.21818,3.2194,0.49471,0.85137,0.00453648,0.00453648,0.00453648
210,982.743,2.59175,0.41995,0.84798,0.6721,0.50511,0.57365,0.23985,3.09784,0.47286,0.84585,0.00453217,0.00453217,0.00453217
211,987.462,2.77548,0.45893,0.84607,0.69125,0.53513,0.6057,0.26596,2.9143,0.45212,0.83958,0.00452785,0.00452785,0.00452785
212,992.303,2.70754,0.42285,0.85844,0.70558,0.52869,0.61288,0.28795,2.73554,0.44369,0.83219,0.00452351,0.00452351,0.00452351
213,997.226,2.70608,0.44278,0.8674,0.6732,0.50988,0.58423,0.26433,2.85337,0.465,0.83498,0.00451915,0.00451915,0.00451915
214,1001.79,2.69599,0.44376,0.8493,0.74042,0.5346,0.62879,0.30333,2.70846,0.46702,0.8307,0.00451477,0.00451477,0.00451477
215,1007.3,2.64218,0.42494,0.84126,0.72033,0.52526,0.61252,0.28254,2.82592,0.4692,0.8349,0.00451038,0.00451038,0.00451038
216,1011.97,2.65911,0.45278,0.86967,0.74492,0.52362,0.62282,0.30385,2.69175,0.46694,0.83237,0.00450597,0.00450597,0.00450597
217,1017.39,2.60296,0.42959,0.85062,0.71988,0.52897,0.6145,0.3013,2.69447,0.45532,0.83104,0.00450154,0.00450154,0.00450154
218,1022.22,2.6222,0.4278,0.84646,0.69176,0.5221,0.60267,0.28926,2.73048,0.47277,0.83437,0.00449709,0.00449709,0.00449709
219,1026.87,2.80417,0.45704,0.84588,0.71286,0.50837,0.59903,0.28605,2.72232,0.479,0.83455,0.00449263,0.00449263,0.00449263
220,1031.29,2.39724,0.40439,0.83623,0.70594,0.50741,0.59613,0.26924,2.89478,0.48777,0.83599,0.00448815,0.00448815,0.00448815
221,1035.56,2.6765,0.42528,0.85106,0.72189,0.5265,0.61981,0.29803,2.6828,0.45626,0.83153,0.00448365,0.00448365,0.00448365
222,1039.96,2.67357,0.43201,0.84675,0.71794,0.54721,0.62697,0.29064,2.7973,0.43981,0.83571,0.00447914,0.00447914,0.00447914
223,1044.35,2.77762,0.43769,0.86977,0.74335,0.55052,0.638,0.31083,2.6658,0.43032,0.83046,0.00447461,0.00447461,0.00447461
224,1049.41,2.72452,0.42825,0.86461,0.72606,0.53525,0.62015,0.29564,2.71517,0.43054,0.83218,0.00447006,0.00447006,0.00447006
225,1053.92,2.6034,0.41468,0.85639,0.72811,0.53295,0.61697,0.29617,2.6631,0.42617,0.83138,0.0044655,0.0044655,0.0044655
226,1058.67,2.64214,0.4265,0.85766,0.72395,0.51798,0.60711,0.29508,2.67981,0.4501,0.83334,0.00446091,0.00446091,0.00446091
227,1063.26,2.54336,0.41259,0.83464,0.74331,0.50011,0.6007,0.27634,2.8077,0.46423,0.83573,0.00445631,0.00445631,0.00445631
228,1068.13,2.6587,0.43753,0.85829,0.73944,0.5254,0.61796,0.30844,2.61878,0.46692,0.83085,0.0044517,0.0044517,0.0044517
229,1072.53,2.63584,0.42666,0.86366,0.7364,0.54421,0.62434,0.30854,2.69604,0.47099,0.83206,0.00444707,0.00444707,0.00444707
230,1077.36,2.71191,0.43746,0.85432,0.7366,0.54105,0.63222,0.30919,2.69433,0.43133,0.83052,0.00444242,0.00444242,0.00444242
231,1081.94,2.53574,0.40572,0.8491,0.73252,0.55607,0.6392,0.32184,2.58257,0.42059,0.82776,0.00443775,0.00443775,0.00443775
232,1087.18,2.55608,0.40345,0.84115,0.7579,0.55299,0.63734,0.32222,2.64936,0.4427,0.83139,0.00443307,0.00443307,0.00443307
233,1092.25,2.68869,0.42874,0.85537,0.75803,0.56178,0.64565,0.32938,2.5915,0.42849,0.8293,0.00442837,0.00442837,0.00442837
234,1097.67,2.71278,0.43988,0.85665,0.73584,0.55601,0.63854,0.31371,2.68294,0.44905,0.8289,0.00442365,0.00442365,0.00442365
235,1102.07,2.72397,0.45381,0.88107,0.73739,0.53405,0.62737,0.30609,2.72682,0.46128,0.8313,0.00441892,0.00441892,0.00441892
236,1106.66,2.65345,0.42955,0.84559,0.74718,0.5427,0.63133,0.32006,2.67351,0.44863,0.8316,0.00441417,0.00441417,0.00441417
237,1111.36,2.73593,0.44496,0.85279,0.73866,0.53611,0.62302,0.30899,2.73673,0.44249,0.83391,0.0044094,0.0044094,0.0044094
238,1115.94,2.601,0.41309,0.85384,0.70263,0.50055,0.59478,0.2625,2.99757,0.47558,0.83997,0.00440462,0.00440462,0.00440462
239,1120.52,2.75836,0.46002,0.86581,0.71047,0.50206,0.59743,0.27737,2.82735,0.47963,0.83739,0.00439982,0.00439982,0.00439982
240,1125.07,2.69944,0.44777,0.86477,0.73069,0.53954,0.62638,0.30194,2.70454,0.44037,0.83363,0.00439501,0.00439501,0.00439501
241,1129.64,2.69172,0.42007,0.84342,0.74272,0.53817,0.62362,0.29712,2.73757,0.44567,0.83437,0.00439018,0.00439018,0.00439018
242,1134.3,2.67965,0.43021,0.86645,0.74465,0.52128,0.6012,0.27938,2.82684,0.48332,0.83592,0.00438533,0.00438533,0.00438533
243,1138.72,2.48117,0.40519,0.83945,0.74178,0.53358,0.6176,0.29925,2.69945,0.47761,0.83062,0.00438047,0.00438047,0.00438047
244,1143.59,2.60137,0.42859,0.86122,0.72371,0.53762,0.61993,0.30546,2.66488,0.47598,0.82909,0.00437559,0.00437559,0.00437559
245,1148.13,2.47148,0.41631,0.85105,0.72484,0.53775,0.62405,0.30767,2.62555,0.45562,0.8268,0.0043707,0.0043707,0.0043707
246,1152.64,2.66965,0.43655,0.85321,0.73604,0.54244,0.62109,0.29707,2.76125,0.43555,0.83076,0.00436578,0.00436578,0.00436578
247,1157.01,2.36769,0.3868,0.85139,0.7462,0.55742,0.63594,0.31393,2.66655,0.41478,0.8291,0.00436086,0.00436086,0.00436086
248,1161.38,2.51971,0.40001,0.84523,0.74412,0.56947,0.64139,0.31264,2.64692,0.41623,0.82961,0.00435591,0.00435591,0.00435591
249,1165.96,2.47246,0.39925,0.844,0.73702,0.57057,0.64257,0.30779,2.71544,0.43243,0.82893,0.00435096,0.00435096,0.00435096
250,1170.78,2.34494,0.39453,0.84209,0.72939,0.54379,0.62426,0.29976,2.78804,0.45366,0.83118,0.00434598,0.00434598,0.00434598
251,1175.1,2.57158,0.4169,0.85761,0.72948,0.54585,0.63138,0.31246,2.62245,0.42514,0.82973,0.00434099,0.00434099,0.00434099
252,1179.43,2.64515,0.42433,0.85391,0.75061,0.55203,0.64082,0.31712,2.61681,0.42176,0.83035,0.00433598,0.00433598,0.00433598
253,1183.85,2.58164,0.41319,0.85369,0.742,0.56185,0.64363,0.31409,2.60815,0.43823,0.82919,0.00433096,0.00433096,0.00433096
254,1188.58,2.42337,0.40125,0.84093,0.73106,0.54572,0.62582,0.29774,2.74144,0.42975,0.83596,0.00432593,0.00432593,0.00432593
255,1193,2.75902,0.46271,0.86893,0.70548,0.51181,0.59159,0.26363,2.91459,0.4472,0.83865,0.00432087,0.00432087,0.00432087
256,1197.34,2.54419,0.41175,0.84845,0.73656,0.54984,0.62986,0.31019,2.62611,0.41132,0.8335,0.0043158,0.0043158,0.0043158
257,1201.95,2.64759,0.43437,0.86997,0.74345,0.54781,0.62645,0.30515,2.64897,0.42193,0.83478,0.00431072,0.00431072,0.00431072
258,1206.56,2.47277,0.426,0.85968,0.73077,0.54338,0.62326,0.29492,2.75279,0.45834,0.8374,0.00430562,0.00430562,0.00430562
259,1211.11,2.60787,0.41091,0.85271,0.76069,0.5167,0.62006,0.29312,2.73726,0.47191,0.83691,0.00430051,0.00430051,0.00430051
260,1215.76,2.4944,0.39711,0.84424,0.74213,0.51853,0.61197,0.29711,2.75818,0.47943,0.83557,0.00429538,0.00429538,0.00429538
261,1220.46,2.66113,0.42932,0.8425,0.74448,0.51963,0.61429,0.29835,2.75388,0.4542,0.83467,0.00429023,0.00429023,0.00429023
262,1225.14,2.59804,0.4124,0.84497,0.73422,0.52471,0.61698,0.30064,2.66129,0.45378,0.83111,0.00428507,0.00428507,0.00428507
263,1230.19,2.58851,0.41344,0.84727,0.74564,0.53034,0.62561,0.30944,2.63166,0.48468,0.83034,0.0042799,0.0042799,0.0042799
264,1234.78,2.51011,0.39881,0.84082,0.74676,0.52677,0.62661,0.29671,2.73273,0.44967,0.83095,0.0042747,0.0042747,0.0042747
265,1239.65,2.80032,0.42368,0.83837,0.72775,0.54297,0.63072,0.30715,2.63664,0.41839,0.8298,0.0042695,0.0042695,0.0042695
266,1244.31,2.65126,0.43394,0.83803,0.72261,0.56521,0.64227,0.32088,2.56633,0.40621,0.82742,0.00426428,0.00426428,0.00426428
267,1249.1,2.46062,0.39,0.85526,0.74939,0.56406,0.63697,0.31202,2.66785,0.42104,0.82863,0.00425904,0.00425904,0.00425904
268,1253.78,2.48721,0.40527,0.85699,0.7678,0.54132,0.63046,0.317,2.56792,0.4181,0.82772,0.00425379,0.00425379,0.00425379
269,1258.62,2.59331,0.41788,0.86025,0.76432,0.53171,0.62395,0.31132,2.61236,0.41955,0.82961,0.00424853,0.00424853,0.00424853
270,1262.97,2.4649,0.41009,0.84482,0.73427,0.54287,0.61596,0.30062,2.74766,0.44131,0.83503,0.00424325,0.00424325,0.00424325
271,1267.33,2.62443,0.42332,0.8477,0.72222,0.52869,0.60131,0.28134,2.94323,0.47087,0.84514,0.00423795,0.00423795,0.00423795
272,1271.67,2.52155,0.41613,0.85419,0.75224,0.54352,0.6325,0.31455,2.65184,0.429,0.82808,0.00423264,0.00423264,0.00423264
273,1276.38,2.98207,0.45746,0.85474,0.73157,0.54984,0.63148,0.30259,2.7672,0.4292,0.83179,0.00422732,0.00422732,0.00422732
274,1281.26,2.84007,0.4577,0.86371,0.72735,0.56181,0.63187,0.3029,2.76605,0.43265,0.83211,0.00422198,0.00422198,0.00422198
275,1285.93,2.76941,0.44544,0.85858,0.74312,0.54451,0.62284,0.29239,2.87477,0.44125,0.83599,0.00421663,0.00421663,0.00421663
276,1290.83,2.57758,0.4263,0.86367,0.71376,0.54534,0.61812,0.30543,2.72006,0.43426,0.8367,0.00421126,0.00421126,0.00421126
277,1295.22,2.88891,0.47175,0.87351,0.73582,0.54778,0.62964,0.31055,2.67678,0.42515,0.83211,0.00420588,0.00420588,0.00420588
278,1300.23,2.75174,0.44229,0.85827,0.73004,0.5648,0.6393,0.31877,2.63054,0.40908,0.82809,0.00420048,0.00420048,0.00420048
279,1304.93,2.73451,0.44677,0.85396,0.73218,0.56411,0.63953,0.31304,2.68954,0.41336,0.82869,0.00419507,0.00419507,0.00419507
280,1309.68,2.44132,0.39898,0.85073,0.72855,0.53954,0.62679,0.31401,2.62301,0.41615,0.83108,0.00418964,0.00418964,0.00418964
281,1314.4,2.67938,0.42664,0.86346,0.71324,0.54215,0.62417,0.29745,2.67254,0.42037,0.83372,0.0041842,0.0041842,0.0041842
282,1319.06,2.72219,0.43052,0.87294,0.72571,0.52265,0.60974,0.29631,2.73526,0.44245,0.83356,0.00417875,0.00417875,0.00417875
283,1323.52,2.46388,0.39872,0.84764,0.73483,0.50316,0.59405,0.28626,2.73595,0.46354,0.83368,0.00417328,0.00417328,0.00417328
284,1327.88,2.5422,0.40097,0.83906,0.73149,0.49286,0.58845,0.27223,2.8186,0.4739,0.83607,0.0041678,0.0041678,0.0041678
285,1332.15,2.79101,0.44156,0.85171,0.74219,0.52361,0.61681,0.29859,2.67537,0.43754,0.83421,0.00416231,0.00416231,0.00416231
286,1336.71,2.69419,0.42877,0.8399,0.74851,0.55986,0.64505,0.31902,2.65273,0.40156,0.83269,0.0041568,0.0041568,0.0041568
287,1341.08,2.41964,0.39336,0.86218,0.75986,0.56247,0.65104,0.33017,2.58095,0.39966,0.82929,0.00415127,0.00415127,0.00415127
288,1346.27,2.3738,0.40629,0.84595,0.72885,0.53213,0.62008,0.28125,2.93049,0.43061,0.83423,0.00414574,0.00414574,0.00414574
289,1350.74,2.64529,0.42004,0.85781,0.70504,0.52787,0.60766,0.26348,2.99787,0.4361,0.83949,0.00414018,0.00414018,0.00414018
290,1355.48,2.79134,0.4528,0.873,0.74274,0.53418,0.6291,0.31109,2.64985,0.44397,0.83543,0.00413462,0.00413462,0.00413462
291,1360.11,2.59116,0.4196,0.8485,0.74001,0.52155,0.61241,0.30011,2.7579,0.50409,0.83847,0.00412904,0.00412904,0.00412904
292,1364.97,2.83787,0.44151,0.85041,0.70334,0.50014,0.58584,0.26668,2.88693,0.45889,0.83364,0.00412345,0.00412345,0.00412345
293,1369.54,2.90148,0.48478,0.85334,0.67166,0.48613,0.56031,0.234,3.10956,0.4703,0.84007,0.00411784,0.00411784,0.00411784
294,1374.35,2.60249,0.41771,0.849,0.702,0.51373,0.59534,0.28336,2.71872,0.44358,0.83504,0.00411222,0.00411222,0.00411222
295,1378.97,2.71786,0.43521,0.83394,0.72558,0.52375,0.61245,0.30406,2.60828,0.43495,0.83088,0.00410659,0.00410659,0.00410659
296,1384,2.77523,0.42701,0.84026,0.73547,0.51414,0.61475,0.28934,2.69419,0.46748,0.83171,0.00410095,0.00410095,0.00410095
297,1388.7,2.62288,0.41826,0.84799,0.71628,0.51579,0.60649,0.2807,2.70871,0.46195,0.8317,0.00409529,0.00409529,0.00409529
298,1393.35,2.72237,0.43444,0.847,0.72652,0.56165,0.63675,0.31866,2.57394,0.41325,0.82943,0.00408961,0.00408961,0.00408961
299,1397.66,2.44067,0.38985,0.82952,0.75327,0.56494,0.64762,0.32825,2.55516,0.41242,0.82946,0.00408393,0.00408393,0.00408393
300,1402.35,2.56654,0.41396,0.83954,0.7543,0.56576,0.65081,0.33123,2.5944,0.40614,0.82982,0.00407823,0.00407823,0.00407823
301,1407.42,2.55461,0.39773,0.83744,0.76067,0.56356,0.6459,0.33041,2.59948,0.40387,0.82955,0.00407252,0.00407252,0.00407252
302,1412.03,2.58665,0.41403,0.84221,0.76129,0.55066,0.63054,0.30846,2.71743,0.43696,0.8325,0.00406679,0.00406679,0.00406679
303,1416.63,2.48034,0.38738,0.84852,0.76606,0.55519,0.63314,0.31446,2.67615,0.42566,0.83146,0.00406105,0.00406105,0.00406105
304,1421.89,2.53133,0.41467,0.84692,0.77296,0.55999,0.64829,0.33332,2.51808,0.39358,0.82622,0.0040553,0.0040553,0.0040553
305,1426.97,2.4125,0.39172,0.83794,0.76244,0.55784,0.642,0.32686,2.55971,0.39833,0.82648,0.00404954,0.00404954,0.00404954
306,1431.7,2.3759,0.389,0.84987,0.75765,0.56868,0.64642,0.3215,2.64895,0.42028,0.82861,0.00404376,0.00404376,0.00404376
307,1436.73,2.62636,0.41851,0.84797,0.76332,0.58759,0.66597,0.33815,2.50438,0.39659,0.82348,0.00403797,0.00403797,0.00403797
308,1442.05,2.49107,0.3992,0.83839,0.74225,0.55478,0.64261,0.31913,2.60175,0.42621,0.82824,0.00403217,0.00403217,0.00403217
309,1446.72,2.48018,0.41267,0.84514,0.74557,0.55313,0.64112,0.32097,2.57269,0.43956,0.82709,0.00402636,0.00402636,0.00402636
310,1451.34,2.49544,0.39173,0.83092,0.75421,0.57461,0.65622,0.33306,2.5279,0.40785,0.82402,0.00402053,0.00402053,0.00402053
311,1456.28,2.33774,0.39414,0.8587,0.74796,0.57569,0.65389,0.32567,2.61621,0.40831,0.82679,0.00401469,0.00401469,0.00401469
312,1460.93,2.61638,0.4252,0.83142,0.75853,0.57166,0.65523,0.3302,2.59039,0.41873,0.82636,0.00400884,0.00400884,0.00400884
313,1465.31,2.28747,0.41591,0.83943,0.75384,0.5615,0.64492,0.31856,2.65716,0.4379,0.82968,0.00400297,0.00400297,0.00400297
314,1470.13,2.34019,0.38908,0.84354,0.72982,0.54489,0.62815,0.29412,2.808,0.48619,0.8354,0.00399709,0.00399709,0.00399709
315,1474.72,2.53378,0.40126,0.83853,0.72981,0.55884,0.64171,0.30998,2.71931,0.47761,0.83159,0.0039912,0.0039912,0.0039912
316,1479.55,2.58552,0.40501,0.85004,0.72919,0.53075,0.63145,0.2982,2.71517,0.49434,0.82716,0.0039853,0.0039853,0.0039853
317,1483.94,2.54584,0.41984,0.85346,0.7215,0.51922,0.62136,0.29749,2.71832,0.48962,0.82718,0.00397939,0.00397939,0.00397939
318,1488.61,2.7619,0.43462,0.84217,0.71477,0.50673,0.60269,0.29131,2.69976,0.43933,0.82921,0.00397346,0.00397346,0.00397346
319,1493.11,2.5717,0.41222,0.84535,0.71666,0.51853,0.61311,0.29898,2.65353,0.42056,0.82757,0.00396752,0.00396752,0.00396752
320,1497.84,2.50753,0.39291,0.84291,0.75362,0.52784,0.6195,0.31006,2.65385,0.42767,0.82728,0.00396157,0.00396157,0.00396157
321,1502.27,2.39837,0.38799,0.84805,0.76492,0.52842,0.6247,0.31016,2.63956,0.41443,0.82537,0.00395561,0.00395561,0.00395561
322,1507.35,2.63173,0.44726,0.86811,0.74632,0.54132,0.63047,0.31404,2.58732,0.40796,0.82437,0.00394964,0.00394964,0.00394964
323,1512.06,2.46723,0.40463,0.83266,0.76045,0.53981,0.6316,0.31044,2.61727,0.40791,0.82511,0.00394365,0.00394365,0.00394365
324,1517.12,2.66446,0.43138,0.8447,0.7705,0.53116,0.63266,0.31368,2.63364,0.41329,0.82747,0.00393765,0.00393765,0.00393765
325,1521.49,2.43435,0.39313,0.84666,0.7697,0.51848,0.62345,0.30232,2.68689,0.42191,0.8281,0.00393164,0.00393164,0.00393164
326,1525.9,2.4027,0.39099,0.85589,0.7511,0.54311,0.63654,0.33042,2.50262,0.39922,0.82135,0.00392562,0.00392562,0.00392562
327,1530.64,2.61656,0.41434,0.84959,0.77106,0.5394,0.63604,0.32297,2.58717,0.4054,0.82129,0.00391959,0.00391959,0.00391959
328,1535.44,2.65871,0.43557,0.87412,0.7433,0.5427,0.63155,0.32015,2.64488,0.42841,0.82668,0.00391354,0.00391354,0.00391354
329,1540.12,2.71437,0.44793,0.83652,0.75029,0.53775,0.62523,0.3112,2.66738,0.44958,0.82801,0.00390749,0.00390749,0.00390749
330,1544.67,2.41004,0.38025,0.83976,0.76141,0.53101,0.62249,0.3081,2.66413,0.43088,0.82672,0.00390142,0.00390142,0.00390142
331,1548.94,2.702,0.42348,0.82707,0.74049,0.51551,0.59823,0.28707,2.81231,0.464,0.83233,0.00389534,0.00389534,0.00389534
332,1553.25,2.42814,0.39635,0.85759,0.7701,0.53024,0.62926,0.31458,2.68639,0.43177,0.83086,0.00388925,0.00388925,0.00388925
333,1557.57,2.53673,0.41372,0.84882,0.77797,0.54366,0.63841,0.32023,2.69562,0.4289,0.83083,0.00388315,0.00388315,0.00388315
334,1561.92,2.88541,0.4461,0.83418,0.77658,0.55354,0.64944,0.32656,2.65421,0.42111,0.82602,0.00387704,0.00387704,0.00387704
335,1566.43,2.43026,0.39888,0.85422,0.77472,0.55025,0.64159,0.32304,2.64763,0.43403,0.82558,0.00387092,0.00387092,0.00387092
336,1570.84,2.32798,0.3853,0.83938,0.7608,0.56617,0.64989,0.33404,2.54439,0.43066,0.82248,0.00386478,0.00386478,0.00386478
337,1575.24,2.47112,0.40722,0.84046,0.76536,0.56291,0.64995,0.33701,2.52507,0.43041,0.82382,0.00385864,0.00385864,0.00385864
338,1579.67,2.51656,0.42673,0.85054,0.75942,0.57335,0.65646,0.34441,2.50601,0.42252,0.82129,0.00385248,0.00385248,0.00385248
339,1584.8,2.74295,0.44423,0.8475,0.77053,0.57069,0.65729,0.34789,2.47573,0.39733,0.81861,0.00384631,0.00384631,0.00384631
340,1590,2.54523,0.42156,0.8452,0.76915,0.5608,0.65325,0.32904,2.66228,0.42717,0.8261,0.00384013,0.00384013,0.00384013
341,1594.77,2.38354,0.39463,0.83799,0.76121,0.56494,0.6493,0.32379,2.72913,0.43431,0.82871,0.00383395,0.00383395,0.00383395
342,1599.7,2.57141,0.40628,0.83121,0.73707,0.56381,0.64918,0.32769,2.58063,0.41514,0.82161,0.00382775,0.00382775,0.00382775
343,1604.33,2.5719,0.42461,0.86312,0.72796,0.56398,0.6422,0.31264,2.68041,0.423,0.82487,0.00382154,0.00382154,0.00382154
344,1608.97,2.43019,0.42239,0.85473,0.74204,0.55107,0.63457,0.31613,2.67254,0.42783,0.82413,0.00381532,0.00381532,0.00381532
345,1613.51,2.60999,0.41539,0.85509,0.74527,0.53744,0.62399,0.30249,2.76325,0.4336,0.82718,0.00380908,0.00380908,0.00380908
346,1618.12,2.67306,0.43802,0.84631,0.75753,0.53915,0.62732,0.30926,2.67333,0.42801,0.82252,0.00380284,0.00380284,0.00380284
347,1622.38,2.56077,0.41515,0.83916,0.77003,0.54393,0.63719,0.318,2.68143,0.42546,0.82193,0.00379659,0.00379659,0.00379659
348,1626.8,2.56214,0.40822,0.83406,0.74515,0.57029,0.65376,0.33105,2.59125,0.43562,0.82062,0.00379033,0.00379033,0.00379033
349,1631.17,2.73035,0.46916,0.84085,0.7481,0.56617,0.6503,0.33013,2.56016,0.41743,0.81932,0.00378405,0.00378405,0.00378405
350,1635.64,2.50112,0.43117,0.85415,0.75273,0.56233,0.64723,0.33778,2.53113,0.40709,0.81993,0.00377777,0.00377777,0.00377777
351,1639.96,2.48984,0.40203,0.83834,0.76215,0.56041,0.64593,0.3376,2.53682,0.40866,0.82091,0.00377148,0.00377148,0.00377148
352,1644.46,2.6277,0.41513,0.84391,0.75099,0.56356,0.64927,0.33208,2.59656,0.42893,0.82224,0.00376518,0.00376518,0.00376518
353,1649.08,2.54312,0.41045,0.83268,0.74679,0.56274,0.64835,0.33145,2.5944,0.44287,0.82185,0.00375886,0.00375886,0.00375886
354,1653.84,2.50301,0.41754,0.85056,0.75028,0.54407,0.63515,0.32082,2.58133,0.42447,0.82135,0.00375254,0.00375254,0.00375254
355,1658.56,2.5678,0.41153,0.83502,0.77032,0.55203,0.64694,0.32694,2.56538,0.415,0.82109,0.00374621,0.00374621,0.00374621
356,1663.17,2.39186,0.39139,0.83405,0.77027,0.57812,0.66016,0.34028,2.54986,0.41013,0.8203,0.00373986,0.00373986,0.00373986
357,1668.11,2.59086,0.4429,0.86151,0.77415,0.57015,0.65933,0.33754,2.57658,0.41286,0.81974,0.00373351,0.00373351,0.00373351
358,1672.9,2.43837,0.40314,0.84706,0.77639,0.54228,0.64872,0.32997,2.54956,0.41512,0.82009,0.00372715,0.00372715,0.00372715
359,1677.64,2.50784,0.40843,0.8346,0.77509,0.54407,0.64576,0.33846,2.50392,0.41049,0.82053,0.00372078,0.00372078,0.00372078
360,1682.25,2.40711,0.38321,0.82866,0.7698,0.54984,0.64564,0.31798,2.66128,0.42079,0.82345,0.00371439,0.00371439,0.00371439
361,1686.83,2.38931,0.39501,0.85039,0.76309,0.55631,0.65145,0.32081,2.59539,0.41348,0.82071,0.003708,0.003708,0.003708
362,1691.9,2.39136,0.38953,0.84136,0.76073,0.56906,0.6569,0.33995,2.53448,0.40395,0.81886,0.0037016,0.0037016,0.0037016
363,1696.72,2.70086,0.40795,0.83716,0.76108,0.56906,0.65708,0.3417,2.54619,0.405,0.81912,0.00369519,0.00369519,0.00369519
364,1701.55,2.66342,0.42309,0.8225,0.74511,0.55917,0.64261,0.31534,2.64161,0.40929,0.81942,0.00368877,0.00368877,0.00368877
365,1705.99,2.46199,0.40548,0.84035,0.74889,0.56041,0.64366,0.31957,2.60183,0.40004,0.81815,0.00368235,0.00368235,0.00368235
366,1710.81,2.64871,0.40858,0.83173,0.76637,0.58553,0.66672,0.35163,2.46372,0.38554,0.81554,0.00367591,0.00367591,0.00367591
367,1715.73,2.50767,0.40197,0.84287,0.76338,0.58841,0.66727,0.34567,2.51244,0.39523,0.81625,0.00366946,0.00366946,0.00366946
368,1720.33,2.56934,0.41744,0.83249,0.7657,0.5846,0.6639,0.3501,2.42728,0.38444,0.81445,0.003663,0.003663,0.003663
369,1724.97,2.53517,0.4024,0.847,0.76616,0.58457,0.66428,0.34993,2.43203,0.38095,0.81484,0.00365654,0.00365654,0.00365654
370,1729.85,2.67439,0.42593,0.82532,0.77579,0.5832,0.6671,0.35272,2.44726,0.37512,0.81572,0.00365007,0.00365007,0.00365007
371,1735.07,2.38041,0.38411,0.83758,0.78549,0.58677,0.67322,0.3543,2.44109,0.37384,0.81567,0.00364358,0.00364358,0.00364358
372,1740.5,2.34848,0.3772,0.8408,0.77524,0.57414,0.66017,0.35435,2.4006,0.37574,0.81535,0.00363709,0.00363709,0.00363709
373,1745.76,2.37398,0.39972,0.84957,0.77012,0.57057,0.65618,0.35474,2.42481,0.38686,0.81546,0.00363059,0.00363059,0.00363059
374,1750.59,2.65417,0.40954,0.82917,0.77092,0.5729,0.65387,0.3458,2.51549,0.40009,0.81804,0.00362408,0.00362408,0.00362408
375,1754.91,2.10332,0.35462,0.83358,0.77634,0.5637,0.64663,0.34078,2.53775,0.39953,0.82059,0.00361756,0.00361756,0.00361756
376,1759.26,2.24206,0.37088,0.83243,0.78543,0.56494,0.65349,0.34973,2.45558,0.38309,0.81681,0.00361104,0.00361104,0.00361104
377,1763.87,2.32331,0.3706,0.83486,0.7824,0.57111,0.65561,0.34165,2.53951,0.39441,0.81802,0.0036045,0.0036045,0.0036045
378,1768.29,2.50248,0.41107,0.8399,0.77777,0.56288,0.64308,0.30314,2.75682,0.44282,0.82312,0.00359796,0.00359796,0.00359796
379,1772.54,2.49404,0.40494,0.84201,0.78518,0.57253,0.6593,0.33251,2.52819,0.40354,0.81815,0.00359141,0.00359141,0.00359141
380,1777.22,2.51035,0.42357,0.8557,0.78047,0.57304,0.66068,0.34111,2.52627,0.39577,0.818,0.00358485,0.00358485,0.00358485
381,1781.86,2.60598,0.44446,0.86207,0.7787,0.57688,0.65976,0.3395,2.54881,0.39651,0.81962,0.00357828,0.00357828,0.00357828
382,1786.63,2.41063,0.38979,0.82544,0.77609,0.57341,0.664,0.3483,2.47255,0.39013,0.81665,0.0035717,0.0035717,0.0035717
383,1791.44,2.55474,0.40575,0.83261,0.77232,0.56109,0.65521,0.33594,2.53456,0.40019,0.81839,0.00356512,0.00356512,0.00356512
384,1796.25,2.47497,0.4071,0.83988,0.77347,0.55972,0.65245,0.34152,2.50273,0.40507,0.81728,0.00355853,0.00355853,0.00355853
385,1800.78,2.43528,0.38453,0.83101,0.77964,0.56713,0.65359,0.3437,2.45446,0.41986,0.81513,0.00355193,0.00355193,0.00355193
386,1805.37,2.23831,0.36387,0.82439,0.77841,0.57487,0.6624,0.34648,2.47211,0.42152,0.81802,0.00354532,0.00354532,0.00354532
387,1809.91,2.48472,0.39563,0.83775,0.77011,0.56562,0.65186,0.33003,2.59894,0.41872,0.82268,0.0035387,0.0035387,0.0035387
388,1814.35,2.69574,0.42791,0.83039,0.78503,0.56823,0.66514,0.35229,2.41512,0.38583,0.81414,0.00353208,0.00353208,0.00353208
389,1819.18,2.51869,0.39261,0.83119,0.77951,0.56786,0.66439,0.35176,2.4058,0.38713,0.81381,0.00352545,0.00352545,0.00352545
390,1823.56,2.29276,0.37832,0.83505,0.77359,0.55961,0.65426,0.33341,2.58773,0.40597,0.81824,0.00351881,0.00351881,0.00351881
391,1828.11,2.60064,0.40624,0.83777,0.77385,0.54407,0.64518,0.32602,2.5974,0.42073,0.82043,0.00351216,0.00351216,0.00351216
392,1832.98,2.48129,0.40799,0.85254,0.74612,0.5221,0.62237,0.30044,2.74216,0.46219,0.82719,0.00350551,0.00350551,0.00350551
393,1837.64,2.39622,0.38415,0.834,0.76639,0.55083,0.65025,0.32943,2.58669,0.41298,0.82083,0.00349884,0.00349884,0.00349884
394,1842.41,2.24775,0.38036,0.83437,0.76375,0.53542,0.64007,0.32266,2.61255,0.41071,0.81892,0.00349217,0.00349217,0.00349217
395,1846.85,2.49434,0.40161,0.83978,0.76082,0.55066,0.64646,0.33585,2.50892,0.39596,0.81647,0.0034855,0.0034855,0.0034855
396,1851.5,2.47061,0.38565,0.84046,0.76497,0.56535,0.64884,0.33977,2.51887,0.40988,0.8182,0.00347881,0.00347881,0.00347881
397,1856.32,2.66129,0.40881,0.83563,0.77272,0.56535,0.65051,0.33705,2.51683,0.4,0.81918,0.00347212,0.00347212,0.00347212
398,1861.04,2.36531,0.38077,0.83686,0.76054,0.56713,0.65376,0.34206,2.50244,0.40132,0.81601,0.00346542,0.00346542,0.00346542
399,1865.67,2.32458,0.37393,0.83952,0.76164,0.55099,0.65041,0.34267,2.49218,0.41538,0.81552,0.00345872,0.00345872,0.00345872
400,1871.1,2.54124,0.39999,0.83739,0.76314,0.55335,0.65068,0.33845,2.50078,0.40043,0.81514,0.00345201,0.00345201,0.00345201
401,1875.69,2.51891,0.39813,0.83632,0.76596,0.57108,0.6615,0.34723,2.4563,0.38605,0.81419,0.00344529,0.00344529,0.00344529
402,1880.37,2.36155,0.3801,0.83443,0.76948,0.5832,0.66426,0.34507,2.49643,0.38241,0.81561,0.00343856,0.00343856,0.00343856
403,1885.2,2.6389,0.41556,0.84911,0.76858,0.58375,0.66702,0.35013,2.49466,0.38327,0.81633,0.00343183,0.00343183,0.00343183
404,1889.87,2.58179,0.41503,0.83232,0.77347,0.57704,0.66538,0.35764,2.37688,0.3732,0.81402,0.00342509,0.00342509,0.00342509
405,1895.3,2.45998,0.39203,0.83912,0.77161,0.57386,0.6621,0.35284,2.40065,0.37644,0.81456,0.00341834,0.00341834,0.00341834
406,1899.84,2.34074,0.38056,0.8301,0.77797,0.57908,0.66347,0.34936,2.47763,0.38281,0.81758,0.00341159,0.00341159,0.00341159
407,1904.28,2.35363,0.37584,0.82809,0.77664,0.57606,0.66103,0.34685,2.49366,0.38581,0.81829,0.00340483,0.00340483,0.00340483
408,1908.68,2.3186,0.38286,0.8318,0.77076,0.57057,0.65705,0.34334,2.47109,0.38525,0.81863,0.00339807,0.00339807,0.00339807
409,1913.16,2.28818,0.37578,0.83083,0.76983,0.57331,0.66068,0.34766,2.42562,0.38131,0.81726,0.00339129,0.00339129,0.00339129
410,1917.86,2.49225,0.39539,0.83679,0.77284,0.567,0.65877,0.34587,2.46069,0.38492,0.81607,0.00338451,0.00338451,0.00338451
411,1922.22,2.5957,0.41569,0.8294,0.77373,0.56616,0.65649,0.34057,2.47145,0.38833,0.817,0.00337773,0.00337773,0.00337773
412,1926.83,2.63069,0.41202,0.85974,0.78907,0.57366,0.6665,0.35458,2.39062,0.37934,0.81435,0.00337094,0.00337094,0.00337094
413,1931.7,2.46357,0.39896,0.82709,0.79416,0.57427,0.66658,0.3556,2.39612,0.37935,0.81494,0.00336414,0.00336414,0.00336414
414,1936.34,2.39831,0.387,0.83364,0.79108,0.57798,0.6684,0.35949,2.40346,0.3799,0.81556,0.00335734,0.00335734,0.00335734
415,1941.36,2.20035,0.3638,0.82726,0.78774,0.57829,0.66639,0.3522,2.44784,0.38541,0.81746,0.00335053,0.00335053,0.00335053
416,1945.61,2.47074,0.41447,0.86498,0.76719,0.5637,0.65146,0.33306,2.56945,0.407,0.82145,0.00334371,0.00334371,0.00334371
417,1950.23,2.27934,0.3688,0.82565,0.7651,0.56082,0.64972,0.33404,2.52769,0.39913,0.82039,0.00333689,0.00333689,0.00333689
418,1954.76,2.39646,0.37484,0.82961,0.77736,0.5661,0.65601,0.33704,2.51729,0.39615,0.81788,0.00333007,0.00333007,0.00333007
419,1959.08,2.1994,0.3667,0.83451,0.78305,0.57345,0.65909,0.34608,2.49808,0.39147,0.81848,0.00332323,0.00332323,0.00332323
420,1963.77,2.39562,0.37924,0.83181,0.78466,0.57979,0.66665,0.35538,2.43884,0.38292,0.81642,0.0033164,0.0033164,0.0033164
421,1968.45,2.4215,0.38335,0.82873,0.7735,0.57043,0.6604,0.33546,2.54642,0.39282,0.81477,0.00330955,0.00330955,0.00330955
422,1973.37,2.43777,0.40883,0.84332,0.77746,0.55923,0.6572,0.33482,2.53583,0.40133,0.81518,0.0033027,0.0033027,0.0033027
423,1977.85,2.17951,0.37031,0.83906,0.77588,0.56988,0.65895,0.35393,2.40505,0.38471,0.81548,0.00329585,0.00329585,0.00329585
424,1982.51,2.24234,0.37344,0.84055,0.78838,0.56105,0.65333,0.34395,2.46859,0.38602,0.81749,0.00328899,0.00328899,0.00328899
425,1987.35,2.45145,0.3875,0.83039,0.78059,0.56892,0.65982,0.34634,2.45615,0.384,0.81638,0.00328212,0.00328212,0.00328212
426,1991.78,2.61177,0.4034,0.82667,0.77496,0.5707,0.66197,0.34126,2.50089,0.38916,0.81686,0.00327525,0.00327525,0.00327525
427,1996.19,2.53652,0.39215,0.82235,0.77739,0.58106,0.66585,0.34784,2.48003,0.39471,0.81679,0.00326838,0.00326838,0.00326838
428,2000.42,2.44084,0.37371,0.82063,0.78311,0.59198,0.67622,0.35847,2.40613,0.38702,0.81545,0.0032615,0.0032615,0.0032615
429,2004.75,2.2957,0.38149,0.8349,0.78485,0.59647,0.67971,0.36214,2.40745,0.38812,0.81459,0.00325461,0.00325461,0.00325461
430,2010.11,2.37199,0.38368,0.83002,0.78364,0.59569,0.67571,0.36418,2.39678,0.38484,0.81424,0.00324772,0.00324772,0.00324772
431,2015.14,2.33726,0.37822,0.83769,0.78512,0.58828,0.67382,0.36526,2.37373,0.37963,0.81401,0.00324082,0.00324082,0.00324082
432,2020.28,2.36296,0.37382,0.83323,0.7959,0.57839,0.6722,0.35766,2.44018,0.38157,0.81505,0.00323392,0.00323392,0.00323392
433,2025.11,2.45853,0.38747,0.83308,0.78496,0.58718,0.67164,0.3555,2.45162,0.38326,0.81447,0.00322702,0.00322702,0.00322702
434,2029.84,2.39397,0.38878,0.83473,0.79591,0.59239,0.68055,0.37101,2.32265,0.36919,0.81111,0.00322011,0.00322011,0.00322011
435,2035.32,2.2912,0.3757,0.83065,0.79956,0.58608,0.6769,0.36628,2.34655,0.37299,0.81239,0.00321319,0.00321319,0.00321319
436,2039.88,2.24541,0.36742,0.82623,0.79896,0.58498,0.67444,0.36376,2.37224,0.37811,0.81391,0.00320627,0.00320627,0.00320627
437,2044.83,2.32105,0.37837,0.83046,0.79115,0.58457,0.67113,0.35188,2.48463,0.39255,0.81659,0.00319935,0.00319935,0.00319935
438,2049.6,2.28345,0.38004,0.84377,0.79194,0.57441,0.6653,0.34497,2.50447,0.39353,0.81673,0.00319242,0.00319242,0.00319242
439,2054.44,2.43811,0.38977,0.8239,0.79593,0.57386,0.668,0.3544,2.43444,0.379,0.81501,0.00318549,0.00318549,0.00318549
440,2058.79,2.38329,0.3716,0.82476,0.79701,0.5687,0.66725,0.34808,2.48593,0.39411,0.81835,0.00317855,0.00317855,0.00317855
441,2063.15,2.29242,0.38123,0.85373,0.79298,0.56795,0.66536,0.34466,2.53209,0.4096,0.81992,0.00317161,0.00317161,0.00317161
442,2067.58,2.49127,0.39387,0.83041,0.79677,0.57159,0.6726,0.35586,2.41562,0.40347,0.81405,0.00316466,0.00316466,0.00316466
443,2072.13,2.37916,0.37273,0.82763,0.78873,0.56788,0.66902,0.34849,2.45395,0.40717,0.81402,0.00315771,0.00315771,0.00315771
444,2076.37,2.58778,0.40208,0.83088,0.79241,0.56384,0.66364,0.3526,2.42543,0.39888,0.81585,0.00315076,0.00315076,0.00315076
445,2081.36,2.60113,0.40297,0.82368,0.77872,0.57125,0.6648,0.34881,2.46886,0.39738,0.81603,0.0031438,0.0031438,0.0031438
446,2086.02,2.29463,0.37431,0.83021,0.76075,0.55265,0.64794,0.32316,2.59055,0.40907,0.81854,0.00313684,0.00313684,0.00313684
447,2090.75,2.45637,0.40449,0.85179,0.76199,0.54956,0.64618,0.32303,2.58254,0.40462,0.81748,0.00312988,0.00312988,0.00312988
448,2095.14,2.30894,0.37246,0.82443,0.77673,0.5698,0.66661,0.35233,2.43488,0.38833,0.81367,0.00312291,0.00312291,0.00312291
449,2099.51,2.52716,0.38708,0.82776,0.78435,0.57702,0.67576,0.36574,2.38095,0.38177,0.81181,0.00311593,0.00311593,0.00311593
450,2103.92,2.33797,0.38437,0.84438,0.78933,0.58021,0.6832,0.35818,2.46454,0.38091,0.81351,0.00310896,0.00310896,0.00310896
451,2108.32,2.51899,0.4186,0.83494,0.79145,0.57935,0.68346,0.36079,2.43136,0.37604,0.81282,0.00310198,0.00310198,0.00310198
452,2112.71,2.264,0.36482,0.83376,0.78366,0.58534,0.67993,0.36639,2.40252,0.3703,0.81169,0.00309499,0.00309499,0.00309499
453,2117.68,2.54215,0.39428,0.82971,0.79023,0.5808,0.67868,0.35965,2.48031,0.37731,0.81322,0.00308801,0.00308801,0.00308801
454,2122.4,2.60635,0.41319,0.83961,0.79334,0.56865,0.6666,0.3513,2.53146,0.38795,0.81512,0.00308102,0.00308102,0.00308102
455,2127.24,2.56509,0.39557,0.83401,0.79364,0.5696,0.66395,0.35095,2.51642,0.38882,0.81476,0.00307402,0.00307402,0.00307402
456,2132.12,2.36597,0.37326,0.8361,0.78207,0.57111,0.66397,0.34798,2.47579,0.39673,0.81453,0.00306703,0.00306703,0.00306703
457,2136.39,2.18164,0.36759,0.82879,0.77943,0.57043,0.66314,0.34829,2.46323,0.40084,0.81435,0.00306003,0.00306003,0.00306003
458,2141,2.45529,0.38697,0.84438,0.77979,0.57427,0.66665,0.3512,2.46674,0.38634,0.81429,0.00305303,0.00305303,0.00305303
459,2145.61,2.55022,0.40712,0.84635,0.78215,0.57331,0.66881,0.3586,2.39268,0.37333,0.81338,0.00304602,0.00304602,0.00304602
460,2150.15,2.43607,0.37009,0.80519,0.79068,0.58127,0.67272,0.35563,2.42141,0.37784,0.81286,0.00303901,0.00303901,0.00303901
461,2154.64,2.3656,0.37308,0.82502,0.78793,0.5869,0.67504,0.35655,2.45165,0.38324,0.81318,0.003032,0.003032,0.003032
462,2159.25,2.25698,0.38098,0.84302,0.78523,0.56864,0.66952,0.35589,2.42962,0.3769,0.81313,0.00302499,0.00302499,0.00302499
463,2164.07,2.35867,0.38236,0.83765,0.77651,0.56494,0.66286,0.34943,2.4586,0.38117,0.81387,0.00301797,0.00301797,0.00301797
464,2168.99,2.32432,0.37571,0.83162,0.7935,0.57345,0.67336,0.35952,2.40722,0.37107,0.8131,0.00301095,0.00301095,0.00301095
465,2173.71,2.36387,0.37551,0.83391,0.77926,0.57771,0.67466,0.35871,2.42543,0.37185,0.81293,0.00300393,0.00300393,0.00300393
466,2178.71,2.09965,0.34909,0.82373,0.79466,0.57482,0.67815,0.3714,2.32399,0.36031,0.81066,0.0029969,0.0029969,0.0029969
467,2184.12,2.35194,0.38639,0.83862,0.79817,0.58031,0.68156,0.376,2.30743,0.35394,0.81015,0.00298988,0.00298988,0.00298988
468,2189.25,2.4843,0.39326,0.8362,0.78754,0.57839,0.67428,0.36823,2.36002,0.36291,0.81185,0.00298285,0.00298285,0.00298285
469,2193.65,2.23142,0.36733,0.82272,0.79458,0.56192,0.66942,0.36646,2.35987,0.37769,0.81099,0.00297581,0.00297581,0.00297581
470,2198.12,2.37456,0.39227,0.81866,0.77626,0.52824,0.6438,0.34841,2.37705,0.47545,0.81108,0.00296878,0.00296878,0.00296878
471,2202.88,2.27858,0.36915,0.82668,0.78663,0.52046,0.64215,0.34982,2.34252,0.44262,0.81037,0.00296174,0.00296174,0.00296174
472,2207.17,2.40722,0.37983,0.82962,0.78582,0.56869,0.67037,0.36519,2.38497,0.37112,0.81239,0.00295471,0.00295471,0.00295471
473,2211.93,2.41909,0.38538,0.83416,0.79271,0.57015,0.67102,0.35895,2.46056,0.37165,0.81433,0.00294767,0.00294767,0.00294767
474,2216.99,2.23441,0.35555,0.83586,0.79232,0.55573,0.66213,0.35976,2.39635,0.36422,0.81206,0.00294062,0.00294062,0.00294062
475,2221.46,2.33253,0.35992,0.8337,0.78577,0.53611,0.64787,0.34002,2.45633,0.37173,0.81201,0.00293358,0.00293358,0.00293358
476,2226.09,2.34527,0.37107,0.84083,0.77091,0.54242,0.6487,0.35479,2.35991,0.37703,0.81079,0.00292653,0.00292653,0.00292653
477,2230.52,2.16159,0.34613,0.8342,0.77535,0.55835,0.65988,0.36625,2.32092,0.36858,0.80938,0.00291949,0.00291949,0.00291949
478,2235.05,2.33772,0.37022,0.81845,0.78288,0.57043,0.67339,0.3713,2.29856,0.36661,0.8088,0.00291244,0.00291244,0.00291244
479,2239.32,2.14305,0.35035,0.81609,0.7826,0.57606,0.67482,0.37436,2.29837,0.36913,0.80865,0.00290539,0.00290539,0.00290539
480,2244.17,2.33836,0.36828,0.8125,0.78251,0.58484,0.68177,0.37751,2.28102,0.36122,0.80781,0.00289833,0.00289833,0.00289833
481,2249.16,2.1174,0.33869,0.81918,0.78818,0.59003,0.6865,0.37896,2.3045,0.35813,0.80838,0.00289128,0.00289128,0.00289128
482,2254.25,2.26945,0.35778,0.82273,0.79317,0.59418,0.68861,0.37716,2.33729,0.35715,0.80971,0.00288422,0.00288422,0.00288422
483,2258.52,2.22885,0.36198,0.85107,0.79524,0.59237,0.68802,0.37869,2.30581,0.35289,0.80901,0.00287717,0.00287717,0.00287717
484,2263,2.24264,0.34849,0.81616,0.79797,0.58401,0.68392,0.37344,2.34704,0.35953,0.80992,0.00287011,0.00287011,0.00287011
485,2267.41,2.15749,0.35396,0.82347,0.79123,0.58484,0.68596,0.3753,2.32633,0.35668,0.80877,0.00286305,0.00286305,0.00286305
486,2271.89,2.00547,0.33378,0.82311,0.79124,0.58663,0.68746,0.37275,2.35501,0.35963,0.80999,0.00285599,0.00285599,0.00285599
487,2276.34,2.25845,0.35962,0.83711,0.79544,0.57702,0.67986,0.372,2.32959,0.35912,0.8098,0.00284893,0.00284893,0.00284893
488,2281.05,2.4905,0.39026,0.83964,0.79861,0.57537,0.67802,0.36836,2.34583,0.35986,0.81032,0.00284187,0.00284187,0.00284187
489,2285.39,2.4407,0.38322,0.84075,0.80049,0.57726,0.67921,0.37312,2.33026,0.35893,0.81052,0.0028348,0.0028348,0.0028348
490,2289.9,2.25317,0.37127,0.83826,0.79766,0.57692,0.6694,0.34885,2.5609,0.39406,0.81482,0.00282774,0.00282774,0.00282774
491,2294.55,2.51158,0.38761,0.82157,0.79864,0.58169,0.67622,0.35768,2.47198,0.37937,0.81396,0.00282067,0.00282067,0.00282067
492,2299.3,2.17404,0.33944,0.81656,0.79755,0.57551,0.68057,0.3726,2.32868,0.35766,0.8083,0.00281361,0.00281361,0.00281361
493,2304,2.50265,0.39279,0.83616,0.79035,0.57262,0.67539,0.37358,2.30456,0.35603,0.80905,0.00280654,0.00280654,0.00280654
494,2308.44,2.28345,0.34736,0.81267,0.78872,0.57331,0.67779,0.37415,2.31364,0.35694,0.80934,0.00279948,0.00279948,0.00279948
495,2313.05,2.4268,0.36368,0.80922,0.78546,0.57301,0.67948,0.37166,2.3364,0.36175,0.80949,0.00279241,0.00279241,0.00279241
496,2317.97,2.41075,0.36988,0.8204,0.78779,0.58196,0.6824,0.37764,2.28727,0.3535,0.80847,0.00278534,0.00278534,0.00278534
497,2322.42,2.31543,0.36729,0.81933,0.78435,0.58965,0.68607,0.38131,2.25102,0.34604,0.80748,0.00277827,0.00277827,0.00277827
498,2327.41,2.30141,0.37088,0.83401,0.78523,0.58879,0.69129,0.38254,2.27247,0.35161,0.80734,0.00277121,0.00277121,0.00277121
499,2332.57,2.33405,0.36492,0.81443,0.79387,0.60063,0.70269,0.39248,2.25184,0.35226,0.80728,0.00276414,0.00276414,0.00276414
500,2338.04,2.59085,0.39234,0.82061,0.80275,0.59617,0.70696,0.39139,2.29081,0.36219,0.8085,0.00275707,0.00275707,0.00275707
501,2342.48,2.07773,0.35002,0.82626,0.79704,0.5858,0.69782,0.38635,2.31816,0.36348,0.80852,0.00275,0.00275,0.00275
502,2346.9,2.07428,0.34675,0.82504,0.80032,0.58416,0.68955,0.38399,2.28154,0.35429,0.80821,0.00274293,0.00274293,0.00274293
503,2351.25,2.12132,0.34579,0.83123,0.79808,0.58333,0.68807,0.38187,2.29166,0.35611,0.80883,0.00273586,0.00273586,0.00273586
504,2355.7,2.20902,0.35144,0.8122,0.80232,0.5902,0.68959,0.38612,2.23418,0.34921,0.80821,0.00272879,0.00272879,0.00272879
505,2360.08,2.12083,0.34101,0.82248,0.80474,0.58845,0.68552,0.37716,2.31342,0.35971,0.80931,0.00272173,0.00272173,0.00272173
506,2364.99,2.19861,0.36659,0.82631,0.8057,0.57716,0.6717,0.35871,2.41209,0.37038,0.81311,0.00271466,0.00271466,0.00271466
507,2369.79,2.1338,0.34418,0.82939,0.80583,0.57033,0.66554,0.34663,2.50013,0.38218,0.8168,0.00270759,0.00270759,0.00270759
508,2374.37,2.3854,0.3607,0.81341,0.8119,0.58306,0.67976,0.36943,2.33984,0.3638,0.81227,0.00270052,0.00270052,0.00270052
509,2379.38,2.44969,0.37753,0.81836,0.80106,0.58608,0.68078,0.37005,2.341,0.36435,0.81204,0.00269346,0.00269346,0.00269346
510,2383.83,2.46382,0.37978,0.82456,0.79779,0.59157,0.68366,0.35606,2.42139,0.36871,0.81314,0.00268639,0.00268639,0.00268639
511,2388.12,2.32281,0.38009,0.82824,0.8044,0.59418,0.68927,0.36969,2.33919,0.35971,0.81089,0.00267933,0.00267933,0.00267933
512,2392.72,2.22468,0.36443,0.83536,0.78494,0.58265,0.68661,0.37166,2.38676,0.36876,0.80815,0.00267226,0.00267226,0.00267226
513,2397.25,2.20396,0.34779,0.82502,0.78402,0.58045,0.68478,0.37187,2.37913,0.36821,0.80815,0.0026652,0.0026652,0.0026652
514,2402.16,2.34571,0.38007,0.82983,0.79863,0.58803,0.6855,0.37527,2.31171,0.35429,0.80877,0.00265813,0.00265813,0.00265813
515,2406.79,2.29022,0.37275,0.84074,0.78988,0.58567,0.68206,0.37296,2.33733,0.35581,0.80859,0.00265107,0.00265107,0.00265107
516,2411.37,2.31255,0.37189,0.82075,0.78767,0.59281,0.69149,0.38497,2.25364,0.34796,0.80693,0.00264401,0.00264401,0.00264401
517,2416.19,2.43477,0.38285,0.83453,0.78645,0.5865,0.69245,0.38068,2.31903,0.35656,0.80764,0.00263695,0.00263695,0.00263695
518,2420.95,2.32057,0.37297,0.83243,0.78935,0.58029,0.69481,0.37715,2.35486,0.37324,0.80971,0.00262989,0.00262989,0.00262989
519,2425.37,2.18578,0.35178,0.8196,0.78228,0.56933,0.68481,0.36628,2.40174,0.37925,0.81037,0.00262283,0.00262283,0.00262283
520,2429.72,2.30661,0.36966,0.83033,0.76429,0.55533,0.66786,0.35199,2.42672,0.38468,0.81126,0.00261578,0.00261578,0.00261578
521,2434.4,2.34989,0.36038,0.82969,0.7764,0.56727,0.67902,0.36411,2.36772,0.37735,0.81034,0.00260872,0.00260872,0.00260872
522,2439.25,2.24865,0.3602,0.83657,0.79383,0.57729,0.68705,0.37396,2.33398,0.36257,0.80968,0.00260167,0.00260167,0.00260167
523,2444.25,2.37697,0.36277,0.82539,0.80274,0.5855,0.68974,0.37531,2.32198,0.35543,0.80991,0.00259461,0.00259461,0.00259461
524,2449,2.2149,0.36383,0.82797,0.79418,0.58704,0.68736,0.38337,2.21281,0.34537,0.8075,0.00258756,0.00258756,0.00258756
525,2453.28,2.30396,0.35352,0.82371,0.7928,0.58413,0.68523,0.37872,2.2535,0.34902,0.80817,0.00258051,0.00258051,0.00258051
526,2458.19,2.32775,0.36532,0.82349,0.79541,0.57858,0.67337,0.3675,2.31903,0.35855,0.8114,0.00257347,0.00257347,0.00257347
527,2462.97,2.18824,0.35269,0.83564,0.79899,0.57953,0.68035,0.37561,2.30447,0.35447,0.81033,0.00256642,0.00256642,0.00256642
528,2467.43,2.41079,0.36478,0.81721,0.80602,0.58188,0.68001,0.37314,2.31329,0.35094,0.81075,0.00255938,0.00255938,0.00255938
529,2471.94,2.23539,0.35478,0.81814,0.80639,0.57753,0.67486,0.36447,2.34967,0.35577,0.81231,0.00255233,0.00255233,0.00255233
530,2476.49,2.36877,0.38617,0.83595,0.79114,0.57462,0.67528,0.37733,2.27139,0.34883,0.81038,0.00254529,0.00254529,0.00254529
531,2481.03,2.132,0.34312,0.82087,0.79248,0.57414,0.67217,0.37346,2.27208,0.34828,0.81047,0.00253826,0.00253826,0.00253826
532,2485.99,2.1949,0.35128,0.81632,0.78923,0.5729,0.67103,0.37067,2.29023,0.3557,0.81076,0.00253122,0.00253122,0.00253122
533,2490.64,2.58428,0.43051,0.84977,0.79156,0.56932,0.67395,0.37206,2.30486,0.35738,0.81007,0.00252419,0.00252419,0.00252419
534,2495.22,2.53648,0.38478,0.82028,0.78297,0.58635,0.68245,0.37521,2.28241,0.35166,0.80849,0.00251715,0.00251715,0.00251715
535,2499.49,2.04732,0.33802,0.83221,0.79059,0.58773,0.68496,0.38079,2.26619,0.34752,0.80755,0.00251012,0.00251012,0.00251012
536,2504.18,2.30746,0.37928,0.81325,0.79435,0.58471,0.68506,0.3777,2.25937,0.34785,0.80656,0.0025031,0.0025031,0.0025031
537,2508.55,2.31253,0.37806,0.83328,0.79593,0.58773,0.68544,0.37382,2.29318,0.35235,0.80692,0.00249607,0.00249607,0.00249607
538,2513.4,2.38326,0.38081,0.81784,0.79899,0.58934,0.68486,0.36766,2.39475,0.37041,0.80993,0.00248905,0.00248905,0.00248905
539,2517.94,2.30114,0.35667,0.81725,0.77604,0.59198,0.68204,0.36665,2.41465,0.38332,0.81142,0.00248203,0.00248203,0.00248203
540,2522.51,2.34799,0.35951,0.82392,0.78919,0.59487,0.68085,0.35866,2.53111,0.40137,0.81496,0.00247501,0.00247501,0.00247501
541,2527.28,2.39612,0.39808,0.86689,0.79197,0.59885,0.68743,0.36402,2.45826,0.37645,0.81257,0.002468,0.002468,0.002468
542,2531.76,2.47326,0.37983,0.82713,0.78016,0.59633,0.68641,0.3609,2.47614,0.37522,0.81246,0.00246099,0.00246099,0.00246099
543,2536.04,2.31053,0.37379,0.83288,0.77735,0.59336,0.68476,0.36343,2.4402,0.37681,0.81246,0.00245398,0.00245398,0.00245398
544,2540.74,2.3998,0.37855,0.81671,0.77258,0.58531,0.67728,0.36094,2.37445,0.37421,0.80925,0.00244697,0.00244697,0.00244697
545,2545.34,2.28534,0.35481,0.82522,0.77655,0.58979,0.67917,0.36187,2.38447,0.38597,0.80975,0.00243997,0.00243997,0.00243997
546,2550.03,2.48433,0.38586,0.82651,0.79021,0.58951,0.68295,0.36085,2.40924,0.39572,0.81032,0.00243297,0.00243297,0.00243297
547,2554.62,2.05983,0.34546,0.82921,0.7934,0.5972,0.68976,0.37041,2.35635,0.37696,0.80931,0.00242598,0.00242598,0.00242598
548,2559.57,2.27344,0.35702,0.81863,0.8039,0.60365,0.69578,0.38389,2.24475,0.35297,0.80759,0.00241898,0.00241898,0.00241898
549,2564.25,2.22508,0.35797,0.81459,0.81069,0.6038,0.698,0.38792,2.24069,0.34906,0.80769,0.00241199,0.00241199,0.00241199
550,2569.14,2.40389,0.38658,0.83014,0.80044,0.59665,0.68879,0.37941,2.27324,0.35515,0.80934,0.00240501,0.00240501,0.00240501
551,2573.44,2.23836,0.35158,0.8203,0.7921,0.59267,0.68385,0.37308,2.3183,0.36035,0.8105,0.00239802,0.00239802,0.00239802
552,2577.75,2.19879,0.34761,0.82359,0.79723,0.59775,0.69093,0.3767,2.31491,0.35603,0.80918,0.00239104,0.00239104,0.00239104
553,2582.31,2.29453,0.3668,0.83949,0.7965,0.59322,0.69067,0.36888,2.38441,0.36025,0.80997,0.00238407,0.00238407,0.00238407
554,2587.17,2.27748,0.36486,0.83614,0.79943,0.59154,0.68969,0.37664,2.29148,0.36208,0.80832,0.00237709,0.00237709,0.00237709
555,2591.79,2.26021,0.35608,0.82266,0.79844,0.59157,0.68954,0.37997,2.25357,0.35677,0.80781,0.00237012,0.00237012,0.00237012
556,2596.58,2.20722,0.35201,0.82662,0.7819,0.58718,0.68455,0.38277,2.24024,0.35303,0.8076,0.00236316,0.00236316,0.00236316
557,2601.3,2.24007,0.35088,0.8233,0.78179,0.58951,0.68589,0.38296,2.23779,0.35005,0.807,0.0023562,0.0023562,0.0023562
558,2605.69,2.23238,0.35494,0.82169,0.79692,0.59843,0.69379,0.38689,2.20027,0.34166,0.80559,0.00234924,0.00234924,0.00234924
559,2610.32,2.26184,0.35444,0.82986,0.8085,0.60106,0.69779,0.39189,2.16976,0.33835,0.8049,0.00234229,0.00234229,0.00234229
560,2615.19,2.17875,0.36202,0.8378,0.80262,0.60351,0.69225,0.37752,2.29436,0.35865,0.80841,0.00233534,0.00233534,0.00233534
561,2619.73,2.05194,0.33463,0.8132,0.80163,0.60914,0.69436,0.37517,2.32575,0.36078,0.80882,0.00232839,0.00232839,0.00232839
562,2624.54,2.21184,0.3516,0.84649,0.80949,0.61192,0.7067,0.39155,2.21213,0.34597,0.8061,0.00232145,0.00232145,0.00232145
563,2628.87,2.2691,0.36205,0.83254,0.79995,0.61656,0.70613,0.3916,2.22847,0.34582,0.80611,0.00231451,0.00231451,0.00231451
564,2633.77,2.19333,0.36507,0.82349,0.78241,0.60653,0.69929,0.38517,2.24582,0.34602,0.80612,0.00230758,0.00230758,0.00230758
565,2638.37,2.35823,0.35769,0.82254,0.78049,0.60008,0.69498,0.38297,2.25001,0.34807,0.8063,0.00230065,0.00230065,0.00230065
566,2643.07,2.0418,0.33444,0.8233,0.77533,0.60123,0.69105,0.38636,2.21007,0.34483,0.80628,0.00229373,0.00229373,0.00229373
567,2647.9,2.08254,0.34439,0.82282,0.78303,0.5869,0.68519,0.38265,2.23622,0.34778,0.80654,0.00228681,0.00228681,0.00228681
568,2652.55,2.14596,0.3454,0.81055,0.79009,0.59157,0.68985,0.37822,2.28336,0.35587,0.80705,0.00227989,0.00227989,0.00227989
569,2657.4,2.24997,0.3549,0.83319,0.80591,0.59281,0.69215,0.38441,2.2347,0.3494,0.80603,0.00227298,0.00227298,0.00227298
570,2661.91,2.23909,0.35371,0.82102,0.80038,0.59267,0.69648,0.38973,2.22192,0.34508,0.80555,0.00226608,0.00226608,0.00226608
571,2666.28,2.01126,0.32656,0.82153,0.79681,0.59275,0.69412,0.38809,2.23162,0.34627,0.80556,0.00225918,0.00225918,0.00225918
572,2670.68,2.15692,0.34818,0.81464,0.79188,0.59885,0.69525,0.3844,2.2488,0.34276,0.80528,0.00225228,0.00225228,0.00225228
573,2675.46,2.12164,0.34662,0.81406,0.79444,0.59898,0.69712,0.38482,2.2414,0.34417,0.80536,0.00224539,0.00224539,0.00224539
574,2680.38,2.14911,0.34434,0.82832,0.80914,0.59239,0.69464,0.38184,2.2747,0.36345,0.80626,0.0022385,0.0022385,0.0022385
575,2684.7,2.18888,0.3567,0.83183,0.81496,0.58712,0.69152,0.38189,2.26889,0.35982,0.80661,0.00223162,0.00223162,0.00223162
576,2689.56,2.15177,0.34142,0.81759,0.79418,0.58642,0.6872,0.38079,2.23482,0.34822,0.8065,0.00222475,0.00222475,0.00222475
577,2694.22,2.29754,0.35687,0.81433,0.79285,0.58388,0.68492,0.38188,2.23884,0.34893,0.8068,0.00221788,0.00221788,0.00221788
578,2699.11,2.32097,0.36571,0.82926,0.7969,0.58443,0.68473,0.38835,2.20714,0.34598,0.80697,0.00221101,0.00221101,0.00221101
579,2703.71,2.31296,0.35808,0.81312,0.79061,0.58965,0.68984,0.39171,2.18728,0.34134,0.8067,0.00220415,0.00220415,0.00220415
580,2708.4,2.1143,0.3438,0.82874,0.78685,0.59281,0.69921,0.38685,2.26153,0.3442,0.80735,0.0021973,0.0021973,0.0021973
581,2713.3,2.2015,0.35157,0.82568,0.79694,0.59593,0.70452,0.39469,2.22506,0.34257,0.80705,0.00219045,0.00219045,0.00219045
582,2718.53,2.48755,0.37866,0.81976,0.80199,0.60159,0.70802,0.39965,2.20395,0.33785,0.80619,0.0021836,0.0021836,0.0021836
583,2723.63,2.18796,0.34995,0.82998,0.7947,0.5961,0.70437,0.39464,2.25452,0.34308,0.80605,0.00217677,0.00217677,0.00217677
584,2728.5,2.32296,0.35672,0.82607,0.78602,0.59557,0.6947,0.38434,2.30326,0.34349,0.80592,0.00216993,0.00216993,0.00216993
585,2732.78,2.15932,0.35091,0.82171,0.78826,0.59885,0.69398,0.38571,2.26613,0.33976,0.80583,0.00216311,0.00216311,0.00216311
586,2737.07,2.13378,0.33706,0.82315,0.8005,0.59385,0.69598,0.38911,2.22876,0.33465,0.8058,0.00215629,0.00215629,0.00215629
587,2741.76,2.36713,0.36931,0.81278,0.80091,0.59239,0.69348,0.38699,2.25567,0.33761,0.80654,0.00214947,0.00214947,0.00214947
588,2746.83,2.25395,0.34722,0.81259,0.82292,0.58539,0.69084,0.37402,2.34505,0.34766,0.80964,0.00214266,0.00214266,0.00214266
589,2751.49,2.24091,0.34473,0.81301,0.8214,0.59336,0.69484,0.3814,2.29062,0.34222,0.80806,0.00213586,0.00213586,0.00213586
590,2756.28,1.88328,0.3141,0.81917,0.81451,0.59377,0.69554,0.39145,2.18906,0.33323,0.80503,0.00212906,0.00212906,0.00212906
591,2761.26,2.21708,0.34255,0.81382,0.80953,0.59541,0.69319,0.38544,2.22048,0.33792,0.80569,0.00212227,0.00212227,0.00212227
592,2765.9,2.13066,0.33468,0.82292,0.80579,0.59198,0.69029,0.3885,2.18445,0.33761,0.80461,0.00211549,0.00211549,0.00211549
593,2770.67,2.08119,0.32534,0.81269,0.80563,0.59308,0.69189,0.39266,2.15426,0.33506,0.80399,0.00210871,0.00210871,0.00210871
594,2775.5,2.13421,0.34523,0.82141,0.80968,0.59747,0.69824,0.39466,2.15447,0.33359,0.8037,0.00210193,0.00210193,0.00210193
595,2779.85,2.18628,0.34648,0.81891,0.81441,0.59638,0.70175,0.39999,2.12924,0.32892,0.80303,0.00209517,0.00209517,0.00209517
596,2785.2,2.13035,0.34611,0.83603,0.81012,0.59912,0.70464,0.39762,2.17655,0.33252,0.80478,0.00208841,0.00208841,0.00208841
597,2789.55,2.23483,0.34878,0.81725,0.80526,0.60401,0.70794,0.40265,2.16718,0.33386,0.80423,0.00208166,0.00208166,0.00208166
598,2794.88,2.03986,0.33506,0.81169,0.80545,0.61134,0.71327,0.40794,2.15436,0.33268,0.8037,0.00207491,0.00207491,0.00207491
599,2800.33,2.38483,0.3617,0.82661,0.8085,0.61244,0.71167,0.40148,2.18336,0.33261,0.80421,0.00206817,0.00206817,0.00206817
600,2804.67,2.07269,0.33576,0.81122,0.80777,0.60667,0.71044,0.39531,2.21021,0.33756,0.80417,0.00206144,0.00206144,0.00206144
601,2808.82,2.06898,0.33586,0.82191,0.80962,0.59528,0.70422,0.39633,2.20412,0.33969,0.80438,0.00205471,0.00205471,0.00205471
602,2813.5,2.23625,0.34301,0.81007,0.79645,0.59143,0.69396,0.38831,2.23507,0.34921,0.80583,0.00204799,0.00204799,0.00204799
603,2818.18,2.30034,0.35151,0.81187,0.78557,0.581,0.6862,0.37676,2.3194,0.35719,0.8076,0.00204128,0.00204128,0.00204128
604,2822.88,2.17874,0.35112,0.81357,0.77917,0.59528,0.69414,0.38532,2.27262,0.34923,0.80682,0.00203458,0.00203458,0.00203458
605,2827.28,2.22376,0.34795,0.81695,0.78286,0.60189,0.69813,0.38816,2.26079,0.34912,0.80714,0.00202788,0.00202788,0.00202788
606,2831.92,2.31903,0.37558,0.8315,0.80614,0.59377,0.69871,0.39133,2.2396,0.3415,0.80624,0.00202119,0.00202119,0.00202119
607,2836.46,2.05324,0.32412,0.8095,0.81001,0.59226,0.69542,0.3881,2.2315,0.33818,0.80576,0.0020145,0.0020145,0.0020145
608,2841.36,2.26562,0.3551,0.82434,0.81199,0.588,0.68884,0.37776,2.29956,0.34501,0.80739,0.00200783,0.00200783,0.00200783
609,2845.68,1.87141,0.31014,0.81603,0.81591,0.58657,0.68884,0.3789,2.28326,0.34603,0.80705,0.00200116,0.00200116,0.00200116
610,2850.57,2.32941,0.36266,0.81258,0.8096,0.59061,0.6956,0.39021,2.18174,0.34095,0.80449,0.00199449,0.00199449,0.00199449
611,2854.96,2.04621,0.3312,0.81289,0.80831,0.59033,0.69605,0.38843,2.20073,0.34544,0.80456,0.00198784,0.00198784,0.00198784
612,2859.39,2.03971,0.33723,0.83028,0.8138,0.5886,0.69437,0.37888,2.26743,0.35658,0.80518,0.00198119,0.00198119,0.00198119
613,2863.64,2.19055,0.34212,0.82051,0.82118,0.58663,0.69848,0.388,2.22729,0.35184,0.8042,0.00197455,0.00197455,0.00197455
614,2867.99,2.01966,0.32911,0.82084,0.80657,0.59708,0.70147,0.39489,2.17535,0.34156,0.80415,0.00196792,0.00196792,0.00196792
615,2872.68,2.20779,0.3408,0.81573,0.80361,0.59514,0.69941,0.39268,2.18854,0.34276,0.80477,0.0019613,0.0019613,0.0019613
616,2877.54,2.19842,0.34732,0.81865,0.78773,0.59418,0.69717,0.39202,2.20245,0.34347,0.80476,0.00195468,0.00195468,0.00195468
617,2882.24,2.13498,0.34448,0.8164,0.78258,0.59448,0.69623,0.39197,2.2037,0.3435,0.80419,0.00194807,0.00194807,0.00194807
618,2887,2.2468,0.35126,0.81207,0.7869,0.58471,0.69197,0.38909,2.19412,0.34389,0.80484,0.00194147,0.00194147,0.00194147
619,2891.75,2.27503,0.368,0.81479,0.79127,0.57647,0.68857,0.38515,2.20187,0.34719,0.80514,0.00193488,0.00193488,0.00193488
620,2896.27,2.20014,0.34094,0.8138,0.78814,0.57702,0.68517,0.38912,2.17074,0.34643,0.80456,0.0019283,0.0019283,0.0019283
621,2900.47,2.05772,0.3444,0.82306,0.7948,0.5727,0.68476,0.38857,2.17966,0.34553,0.80443,0.00192172,0.00192172,0.00192172
622,2904.93,2.39464,0.36232,0.82057,0.81221,0.56507,0.68333,0.38495,2.22668,0.34777,0.80514,0.00191515,0.00191515,0.00191515
623,2909.35,2.04631,0.32989,0.82044,0.81614,0.56507,0.68337,0.37989,2.27522,0.35479,0.80497,0.00190859,0.00190859,0.00190859
624,2913.96,2.12558,0.34534,0.82249,0.81471,0.57084,0.68765,0.3883,2.22173,0.34987,0.80414,0.00190204,0.00190204,0.00190204
625,2918.4,2.05862,0.33713,0.82102,0.81179,0.57441,0.69004,0.39336,2.18392,0.34439,0.80366,0.0018955,0.0018955,0.0018955
626,2922.99,2.22081,0.34122,0.82276,0.79242,0.59639,0.6988,0.3984,2.16756,0.338,0.8028,0.00188896,0.00188896,0.00188896
627,2927.37,1.93719,0.31579,0.81351,0.79356,0.59212,0.69874,0.39574,2.18604,0.33716,0.80287,0.00188244,0.00188244,0.00188244
628,2932.35,2.28858,0.35485,0.81989,0.79737,0.5959,0.70205,0.40154,2.13198,0.32958,0.80178,0.00187592,0.00187592,0.00187592
629,2936.79,2.11344,0.33218,0.81941,0.80503,0.59624,0.70334,0.40407,2.11347,0.3286,0.8021,0.00186941,0.00186941,0.00186941
630,2941.48,2.16518,0.33873,0.80851,0.80869,0.59802,0.70141,0.39886,2.15574,0.33308,0.80331,0.00186291,0.00186291,0.00186291
631,2945.89,2.27477,0.34981,0.8148,0.80784,0.59747,0.70217,0.40007,2.14737,0.33433,0.80365,0.00185642,0.00185642,0.00185642
632,2950.49,2.3247,0.3578,0.82783,0.80354,0.5997,0.70113,0.40083,2.16658,0.33554,0.8053,0.00184993,0.00184993,0.00184993
633,2954.84,2.11209,0.33168,0.81212,0.80272,0.59459,0.699,0.39683,2.21404,0.33952,0.80698,0.00184346,0.00184346,0.00184346
634,2959.49,2.2986,0.3636,0.81722,0.79828,0.5891,0.69861,0.39325,2.23451,0.34017,0.80707,0.001837,0.001837,0.001837
635,2964.16,2.10699,0.33685,0.82529,0.80096,0.59444,0.70317,0.39666,2.19788,0.33526,0.80612,0.00183054,0.00183054,0.00183054
636,2968.83,2.08977,0.32334,0.81076,0.79343,0.59775,0.70439,0.39863,2.16956,0.33398,0.8048,0.00182409,0.00182409,0.00182409
637,2973.68,2.05975,0.33635,0.8136,0.79389,0.60338,0.70746,0.40095,2.14956,0.33344,0.80455,0.00181765,0.00181765,0.00181765
638,2978.59,2.08075,0.32381,0.81551,0.79859,0.60104,0.70552,0.39825,2.20246,0.33317,0.80675,0.00181123,0.00181123,0.00181123
639,2983.13,2.21393,0.35204,0.81906,0.79371,0.59692,0.70217,0.3942,2.22381,0.33707,0.80658,0.00180481,0.00180481,0.00180481
640,2987.82,2.03706,0.34309,0.82972,0.7946,0.59349,0.69374,0.39776,2.1472,0.32953,0.80381,0.0017984,0.0017984,0.0017984
641,2992.38,1.90691,0.30487,0.80714,0.79971,0.58432,0.69356,0.39703,2.15983,0.33153,0.80294,0.001792,0.001792,0.001792
642,2997.29,2.16342,0.34645,0.81692,0.78935,0.59377,0.69573,0.39442,2.19181,0.33608,0.80377,0.00178561,0.00178561,0.00178561
643,3002.04,2.06842,0.33709,0.823,0.78917,0.59817,0.70026,0.40115,2.14548,0.33045,0.80306,0.00177922,0.00177922,0.00177922
644,3006.82,2.22468,0.35206,0.82112,0.78895,0.59047,0.69483,0.38862,2.21865,0.33958,0.80486,0.00177285,0.00177285,0.00177285
645,3011.2,2.13388,0.35637,0.82488,0.78862,0.5961,0.69779,0.38661,2.26885,0.34374,0.80577,0.00176649,0.00176649,0.00176649
646,3015.63,2.16097,0.35048,0.8221,0.79231,0.60461,0.706,0.3953,2.22815,0.33911,0.80446,0.00176014,0.00176014,0.00176014
647,3020.27,2.28739,0.35626,0.81251,0.78804,0.5972,0.70339,0.39547,2.21721,0.33965,0.80427,0.00175379,0.00175379,0.00175379
648,3025,2.08329,0.33943,0.82119,0.78423,0.58231,0.69245,0.37676,2.32435,0.35184,0.80488,0.00174746,0.00174746,0.00174746
649,3029.29,2.25347,0.35583,0.82537,0.78383,0.58526,0.69225,0.38019,2.28459,0.34666,0.80499,0.00174114,0.00174114,0.00174114
650,3033.7,2.02559,0.32698,0.81621,0.78873,0.58759,0.69653,0.38945,2.23512,0.33822,0.80497,0.00173482,0.00173482,0.00173482
651,3038.04,2.20979,0.35241,0.81875,0.79443,0.58892,0.69944,0.39384,2.21983,0.3359,0.80499,0.00172852,0.00172852,0.00172852
652,3042.73,2.04981,0.31531,0.81369,0.79295,0.59569,0.70087,0.3958,2.22649,0.33392,0.80405,0.00172223,0.00172223,0.00172223
653,3047.42,2.28615,0.34367,0.81071,0.79483,0.58855,0.69813,0.38724,2.29291,0.34202,0.80494,0.00171595,0.00171595,0.00171595
654,3052.17,1.91546,0.31117,0.81172,0.79109,0.59033,0.69794,0.38665,2.27833,0.34541,0.805,0.00170967,0.00170967,0.00170967
655,3056.62,2.03837,0.31987,0.80863,0.79669,0.59953,0.70345,0.40035,2.17655,0.33663,0.80416,0.00170341,0.00170341,0.00170341
656,3061.15,2.04135,0.32603,0.81491,0.81393,0.59993,0.70647,0.39852,2.19236,0.33834,0.80416,0.00169716,0.00169716,0.00169716
657,3065.98,2.27291,0.3457,0.80522,0.80954,0.60047,0.70705,0.39982,2.19648,0.33593,0.80396,0.00169092,0.00169092,0.00169092
658,3070.54,1.94391,0.32324,0.81217,0.80149,0.59753,0.70747,0.4044,2.14092,0.33048,0.80301,0.00168468,0.00168468,0.00168468
659,3075.06,2.34809,0.36079,0.82782,0.79304,0.60214,0.70756,0.40361,2.15303,0.33196,0.80295,0.00167846,0.00167846,0.00167846
660,3079.45,2.20676,0.34672,0.82204,0.79303,0.60283,0.70614,0.40779,2.14003,0.33236,0.8026,0.00167225,0.00167225,0.00167225
661,3083.74,2.0611,0.32879,0.81169,0.79923,0.6031,0.70901,0.40583,2.16009,0.3345,0.80266,0.00166605,0.00166605,0.00166605
662,3088.37,2.3517,0.37739,0.81805,0.80703,0.59941,0.70613,0.40587,2.14733,0.32955,0.80268,0.00165987,0.00165987,0.00165987
663,3092.69,2.16266,0.34619,0.81899,0.81707,0.59473,0.704,0.40357,2.15649,0.32985,0.80292,0.00165369,0.00165369,0.00165369
664,3097.01,1.82724,0.30866,0.80744,0.81216,0.58196,0.69753,0.39884,2.16669,0.33051,0.80291,0.00164752,0.00164752,0.00164752
665,3101.29,1.88883,0.31339,0.81488,0.79811,0.58832,0.69713,0.39843,2.15997,0.33302,0.80294,0.00164136,0.00164136,0.00164136
666,3105.62,2.10442,0.3457,0.82088,0.81242,0.5922,0.70322,0.40375,2.15054,0.33022,0.80286,0.00163522,0.00163522,0.00163522
667,3109.87,2.12451,0.34977,0.82715,0.8052,0.60393,0.70918,0.40714,2.15169,0.32684,0.80308,0.00162908,0.00162908,0.00162908
668,3114.59,2.04487,0.31658,0.81414,0.8055,0.61347,0.71432,0.41015,2.14047,0.32193,0.80231,0.00162296,0.00162296,0.00162296
669,3119.59,2.17932,0.32923,0.81245,0.80343,0.61477,0.71571,0.40973,2.14207,0.32232,0.80258,0.00161685,0.00161685,0.00161685
670,3124.22,1.98117,0.32062,0.82045,0.80174,0.61807,0.71662,0.40953,2.13601,0.32098,0.80303,0.00161075,0.00161075,0.00161075
671,3128.51,1.98644,0.32561,0.81733,0.79561,0.62152,0.71701,0.41139,2.12564,0.32127,0.80329,0.00160466,0.00160466,0.00160466
672,3133.42,2.03996,0.3204,0.81212,0.79795,0.62133,0.71925,0.41015,2.16027,0.32343,0.80371,0.00159858,0.00159858,0.00159858
673,3138.03,2.11822,0.3276,0.81134,0.79968,0.62095,0.71946,0.40963,2.17114,0.32481,0.80369,0.00159251,0.00159251,0.00159251
674,3142.89,2.11795,0.34631,0.83137,0.79779,0.62054,0.71914,0.41299,2.14128,0.32461,0.80375,0.00158646,0.00158646,0.00158646
675,3148.22,2.09604,0.33105,0.79987,0.80036,0.62054,0.71579,0.40765,2.17295,0.32731,0.80419,0.00158041,0.00158041,0.00158041
676,3153.05,2.04066,0.33029,0.82985,0.80819,0.60791,0.70781,0.40539,2.15776,0.32878,0.8038,0.00157438,0.00157438,0.00157438
677,3157.61,2.03323,0.32267,0.81257,0.80618,0.59843,0.7035,0.40674,2.11759,0.32579,0.80342,0.00156836,0.00156836,0.00156836
678,3162.45,2.27842,0.36109,0.8203,0.80111,0.59157,0.7025,0.40538,2.11245,0.32506,0.80295,0.00156235,0.00156235,0.00156235
679,3166.86,2.05601,0.32681,0.80875,0.80194,0.59583,0.7044,0.40574,2.13556,0.32684,0.8031,0.00155635,0.00155635,0.00155635
680,3171.51,2.05398,0.32825,0.81377,0.80537,0.6123,0.71288,0.40617,2.16428,0.33005,0.80351,0.00155036,0.00155036,0.00155036
681,3175.93,2.13157,0.32906,0.81071,0.80431,0.61674,0.7167,0.40968,2.15047,0.32887,0.80336,0.00154439,0.00154439,0.00154439
682,3180.81,2.01963,0.32465,0.81025,0.80492,0.60805,0.71144,0.40684,2.16303,0.32958,0.80314,0.00153843,0.00153843,0.00153843
683,3185.19,2.15523,0.33527,0.81254,0.80435,0.6101,0.71222,0.40849,2.14835,0.32811,0.80332,0.00153248,0.00153248,0.00153248
684,3189.91,2.24261,0.34878,0.82582,0.81213,0.61603,0.71508,0.40925,2.16182,0.32807,0.80371,0.00152654,0.00152654,0.00152654
685,3194.56,2.10364,0.32812,0.81047,0.80864,0.61834,0.7136,0.40873,2.14717,0.32619,0.8043,0.00152061,0.00152061,0.00152061
686,3199.11,1.91156,0.31549,0.81461,0.81119,0.60929,0.70818,0.40626,2.13204,0.326,0.80404,0.0015147,0.0015147,0.0015147
687,3203.9,2.2008,0.33952,0.81973,0.81587,0.60681,0.70922,0.40728,2.1301,0.32436,0.80371,0.0015088,0.0015088,0.0015088
688,3208.33,1.99355,0.32883,0.81903,0.81676,0.61024,0.71041,0.39834,2.20998,0.33413,0.8053,0.00150291,0.00150291,0.00150291
689,3212.59,2.17587,0.3331,0.81522,0.81587,0.60805,0.70608,0.38912,2.26552,0.33961,0.80665,0.00149703,0.00149703,0.00149703
690,3217.11,2.01943,0.32229,0.81363,0.8197,0.60666,0.71087,0.40383,2.17522,0.33396,0.80519,0.00149116,0.00149116,0.00149116
691,3221.39,2.06078,0.33149,0.81287,0.82408,0.60969,0.71492,0.40696,2.14297,0.33107,0.8045,0.00148531,0.00148531,0.00148531
692,3225.75,2.14136,0.32925,0.81729,0.81526,0.61216,0.71222,0.39912,2.18891,0.33618,0.80413,0.00147947,0.00147947,0.00147947
693,3230.3,2.14885,0.3399,0.81018,0.80754,0.61926,0.71442,0.39999,2.18027,0.33607,0.80343,0.00147364,0.00147364,0.00147364
694,3234.69,2.19756,0.33454,0.81026,0.80518,0.61848,0.71503,0.40607,2.14448,0.33213,0.80261,0.00146783,0.00146783,0.00146783
695,3239.1,2.11812,0.33313,0.80636,0.80476,0.61455,0.71448,0.41101,2.11055,0.32761,0.80239,0.00146203,0.00146203,0.00146203
696,3243.73,2.21951,0.35028,0.81204,0.79731,0.60571,0.7102,0.40889,2.12994,0.32872,0.80231,0.00145624,0.00145624,0.00145624
697,3248.03,1.96782,0.31224,0.80994,0.79161,0.60571,0.70693,0.4041,2.14917,0.32973,0.80248,0.00145046,0.00145046,0.00145046
698,3252.47,2.07573,0.32918,0.81784,0.7994,0.60401,0.70662,0.40683,2.11676,0.32835,0.80201,0.0014447,0.0014447,0.0014447
699,3256.75,2.0495,0.33048,0.80642,0.80261,0.60187,0.70838,0.40773,2.12041,0.32682,0.80214,0.00143895,0.00143895,0.00143895
700,3261.12,2.09287,0.33084,0.81159,0.80546,0.60901,0.71388,0.41266,2.09267,0.3231,0.80121,0.00143321,0.00143321,0.00143321
701,3265.47,2.28465,0.34317,0.82249,0.80686,0.61197,0.71682,0.41433,2.09417,0.32434,0.80128,0.00142748,0.00142748,0.00142748
702,3270.9,2.04985,0.34168,0.83053,0.79889,0.61161,0.71883,0.4168,2.09034,0.32249,0.80091,0.00142177,0.00142177,0.00142177
703,3275.87,2.20881,0.34972,0.82522,0.79664,0.61365,0.71749,0.41598,2.09312,0.32118,0.80088,0.00141607,0.00141607,0.00141607
704,3280.24,2.03804,0.32636,0.81139,0.80381,0.60544,0.71253,0.41093,2.1219,0.3248,0.80099,0.00141039,0.00141039,0.00141039
705,3284.88,1.90048,0.31023,0.81046,0.8095,0.59926,0.70894,0.40613,2.13242,0.32441,0.80107,0.00140471,0.00140471,0.00140471
706,3289.36,1.93732,0.32543,0.82201,0.80986,0.59351,0.70331,0.40438,2.11651,0.32474,0.80064,0.00139905,0.00139905,0.00139905
707,3293.61,2.01281,0.32363,0.80975,0.80658,0.59747,0.70515,0.40611,2.11243,0.32373,0.80057,0.00139341,0.00139341,0.00139341
708,3297.92,2.15921,0.34162,0.82059,0.80249,0.60448,0.71292,0.41238,2.0866,0.31761,0.80025,0.00138778,0.00138778,0.00138778
709,3302.09,2.15147,0.35677,0.83919,0.80585,0.60832,0.71786,0.41609,2.08749,0.31817,0.80055,0.00138216,0.00138216,0.00138216
710,3306.73,2.13359,0.3461,0.80887,0.8055,0.61148,0.72264,0.41649,2.10747,0.32495,0.80216,0.00137655,0.00137655,0.00137655
711,3310.92,2.07979,0.33054,0.8211,0.80347,0.61235,0.72343,0.41736,2.12805,0.32979,0.80228,0.00137096,0.00137096,0.00137096
712,3316.05,2.22005,0.33498,0.80902,0.80913,0.61065,0.72188,0.41866,2.09812,0.3275,0.80206,0.00136538,0.00136538,0.00136538
713,3321.5,2.01451,0.32093,0.80835,0.80512,0.61367,0.71778,0.4132,2.10249,0.32571,0.80189,0.00135982,0.00135982,0.00135982
714,3325.97,2.00985,0.31773,0.80761,0.81007,0.61107,0.70967,0.40195,2.14205,0.32531,0.80173,0.00135426,0.00135426,0.00135426
715,3330.47,2.12248,0.3431,0.8145,0.80798,0.6123,0.70852,0.40108,2.15179,0.32768,0.80211,0.00134873,0.00134873,0.00134873
716,3334.86,2.21166,0.3531,0.81111,0.80647,0.60586,0.70876,0.40252,2.15493,0.32579,0.8029,0.0013432,0.0013432,0.0013432
717,3339.4,2.09081,0.32673,0.80764,0.79847,0.60063,0.70395,0.39656,2.18423,0.3272,0.80393,0.00133769,0.00133769,0.00133769
718,3344.26,2.1826,0.3445,0.81521,0.80935,0.59157,0.70108,0.3943,2.18459,0.32887,0.80366,0.0013322,0.0013322,0.0013322
719,3348.98,1.96867,0.31752,0.80479,0.80809,0.59717,0.70284,0.39897,2.15441,0.32652,0.80268,0.00132672,0.00132672,0.00132672
720,3353.85,2.1084,0.33387,0.81299,0.80694,0.61189,0.71517,0.40679,2.15918,0.32506,0.80211,0.00132125,0.00132125,0.00132125
721,3358.05,2.07687,0.32438,0.8147,0.81258,0.61573,0.71912,0.40395,2.19815,0.32903,0.80327,0.0013158,0.0013158,0.0013158
722,3362.59,2.15825,0.34928,0.83389,0.81746,0.61367,0.71816,0.40574,2.21032,0.33075,0.80429,0.00131036,0.00131036,0.00131036
723,3367.13,2.03635,0.32943,0.82845,0.81292,0.61395,0.71796,0.4098,2.16623,0.32465,0.80307,0.00130493,0.00130493,0.00130493
724,3371.66,1.82024,0.29584,0.80288,0.81625,0.60804,0.71645,0.41127,2.15401,0.32354,0.80169,0.00129952,0.00129952,0.00129952
725,3376.73,2.13906,0.34164,0.81039,0.81428,0.61148,0.71613,0.41017,2.15175,0.32277,0.80143,0.00129412,0.00129412,0.00129412
726,3381.51,2.26112,0.33774,0.80704,0.81596,0.61422,0.71777,0.41385,2.09969,0.31832,0.8007,0.00128874,0.00128874,0.00128874
727,3386.29,2.10519,0.34021,0.81906,0.80955,0.61354,0.71582,0.41203,2.105,0.31962,0.80112,0.00128337,0.00128337,0.00128337
728,3390.87,2.15319,0.32963,0.81329,0.80397,0.61175,0.71606,0.41181,2.11609,0.32233,0.80158,0.00127802,0.00127802,0.00127802
729,3395.53,2.05188,0.33652,0.83738,0.79779,0.60969,0.71561,0.41116,2.12468,0.32311,0.8015,0.00127268,0.00127268,0.00127268
730,3400.26,1.99861,0.31285,0.81456,0.79626,0.6123,0.71679,0.41387,2.11141,0.3251,0.80085,0.00126736,0.00126736,0.00126736
731,3405.11,2.05786,0.33428,0.80986,0.80187,0.61258,0.71802,0.4167,2.10375,0.32529,0.80042,0.00126205,0.00126205,0.00126205
732,3409.85,2.02487,0.32728,0.81136,0.80975,0.62174,0.72628,0.42279,2.07104,0.32086,0.80082,0.00125675,0.00125675,0.00125675
733,3414.76,2.02914,0.32656,0.82861,0.80816,0.62273,0.72483,0.42115,2.0821,0.32029,0.80148,0.00125147,0.00125147,0.00125147
734,3419.46,2.26298,0.35266,0.81232,0.81502,0.61879,0.72527,0.42331,2.07775,0.31857,0.80105,0.00124621,0.00124621,0.00124621
735,3424.49,2.08843,0.32534,0.80813,0.81629,0.61161,0.71989,0.42117,2.07421,0.31767,0.80094,0.00124096,0.00124096,0.00124096
736,3429.02,2.02419,0.32304,0.81576,0.81746,0.60373,0.71049,0.41592,2.08411,0.3204,0.80141,0.00123572,0.00123572,0.00123572
737,3433.33,2.09473,0.32675,0.81043,0.81759,0.60303,0.70831,0.41141,2.10022,0.32229,0.80164,0.0012305,0.0012305,0.0012305
738,3437.79,1.80088,0.30395,0.82464,0.81659,0.59106,0.69635,0.40131,2.13902,0.33327,0.80278,0.0012253,0.0012253,0.0012253
739,3442.13,2.25443,0.35002,0.8102,0.81237,0.59459,0.69902,0.40234,2.11949,0.33193,0.80232,0.0012201,0.0012201,0.0012201
740,3446.62,2.06986,0.32269,0.8133,0.80941,0.60242,0.7061,0.4086,2.08539,0.32408,0.80105,0.00121493,0.00121493,0.00121493
741,3450.98,2.14031,0.33164,0.82917,0.81294,0.61036,0.71214,0.40703,2.11123,0.32459,0.80164,0.00120977,0.00120977,0.00120977
742,3455.42,2.03959,0.33102,0.81859,0.80297,0.61862,0.71562,0.40717,2.15316,0.32796,0.80249,0.00120462,0.00120462,0.00120462
743,3460.09,1.96099,0.31352,0.80277,0.80588,0.61954,0.71892,0.4143,2.11945,0.32534,0.80201,0.00119949,0.00119949,0.00119949
744,3464.62,2.04422,0.32986,0.81386,0.80586,0.61202,0.71962,0.41314,2.10088,0.32084,0.80032,0.00119438,0.00119438,0.00119438
745,3469.43,2.19739,0.34078,0.80677,0.80901,0.60597,0.71471,0.41425,2.08011,0.31759,0.79991,0.00118928,0.00118928,0.00118928
746,3474.27,1.97671,0.31752,0.80839,0.81171,0.602,0.7097,0.41382,2.06692,0.31836,0.8005,0.0011842,0.0011842,0.0011842
747,3478.92,1.97148,0.31662,0.81286,0.81091,0.60118,0.71183,0.41558,2.06063,0.31553,0.80082,0.00117913,0.00117913,0.00117913
748,3483.54,1.98868,0.31895,0.81402,0.81643,0.60447,0.71731,0.4183,2.06046,0.31491,0.80157,0.00117407,0.00117407,0.00117407
749,3488.13,1.9214,0.31819,0.82523,0.81524,0.60757,0.71795,0.41753,2.07675,0.31621,0.80177,0.00116904,0.00116904,0.00116904
750,3492.73,1.95877,0.31736,0.81492,0.81657,0.60626,0.7217,0.41976,2.07978,0.31785,0.80089,0.00116402,0.00116402,0.00116402
751,3497.62,2.05288,0.32293,0.8068,0.81371,0.60777,0.72301,0.42281,2.07704,0.31841,0.8006,0.00115901,0.00115901,0.00115901
752,3502.31,2.02493,0.32595,0.81773,0.81885,0.61315,0.72301,0.42455,2.06333,0.31452,0.80079,0.00115402,0.00115402,0.00115402
753,3507.59,2.20093,0.33988,0.80879,0.81287,0.61365,0.72014,0.42087,2.08085,0.31668,0.80085,0.00114904,0.00114904,0.00114904
754,3512.38,2.21931,0.34425,0.81642,0.82061,0.60612,0.71899,0.42092,2.07922,0.31701,0.80077,0.00114409,0.00114409,0.00114409
755,3517.14,2.26964,0.34938,0.80345,0.81528,0.60475,0.71736,0.41692,2.09038,0.31742,0.80113,0.00113914,0.00113914,0.00113914
756,3521.77,1.89469,0.31104,0.83086,0.81581,0.59773,0.71329,0.41283,2.09471,0.31767,0.80102,0.00113422,0.00113422,0.00113422
757,3526.52,1.89581,0.306,0.80559,0.81157,0.60228,0.71402,0.41492,2.08449,0.31513,0.80057,0.0011293,0.0011293,0.0011293
758,3531.49,2.20775,0.33707,0.81493,0.80341,0.61697,0.721,0.41765,2.08186,0.3173,0.79982,0.00112441,0.00112441,0.00112441
759,3535.88,1.88101,0.3074,0.81454,0.80002,0.61985,0.7207,0.4205,2.07038,0.31536,0.79975,0.00111953,0.00111953,0.00111953
760,3540.88,2.12731,0.35004,0.82348,0.81626,0.61661,0.7204,0.42315,2.03489,0.31115,0.79982,0.00111467,0.00111467,0.00111467
761,3545.39,1.99508,0.31707,0.80949,0.82107,0.61423,0.71987,0.42071,2.05379,0.31436,0.80033,0.00110982,0.00110982,0.00110982
762,3550.19,2.20158,0.34516,0.82219,0.81987,0.61793,0.72415,0.42099,2.06315,0.31451,0.79996,0.00110499,0.00110499,0.00110499
763,3554.49,1.8418,0.2993,0.80436,0.82241,0.6182,0.72535,0.42106,2.06628,0.31502,0.79996,0.00110018,0.00110018,0.00110018
764,3558.9,2.04484,0.32959,0.80806,0.80955,0.6285,0.72771,0.42153,2.08722,0.31816,0.80013,0.00109538,0.00109538,0.00109538
765,3563.46,2.17358,0.33504,0.81568,0.8076,0.62755,0.72807,0.42137,2.08088,0.31894,0.80026,0.0010906,0.0010906,0.0010906
766,3567.98,1.99175,0.3248,0.81862,0.81452,0.62398,0.73116,0.42004,2.0998,0.32507,0.7999,0.00108583,0.00108583,0.00108583
767,3572.77,2.09285,0.32835,0.81081,0.81812,0.62356,0.73224,0.42301,2.09234,0.32526,0.79999,0.00108108,0.00108108,0.00108108
768,3577.4,2.39143,0.35286,0.79911,0.81573,0.61748,0.72689,0.42328,2.06822,0.31739,0.80003,0.00107635,0.00107635,0.00107635
769,3581.86,2.02398,0.33395,0.813,0.81001,0.61926,0.72382,0.42436,2.04979,0.31437,0.80011,0.00107163,0.00107163,0.00107163
770,3586.48,1.9154,0.31106,0.8094,0.80075,0.6185,0.71976,0.42265,2.03867,0.31374,0.79954,0.00106693,0.00106693,0.00106693
771,3591.3,2.31833,0.35394,0.82461,0.79881,0.61862,0.71851,0.4228,2.04094,0.31567,0.79965,0.00106225,0.00106225,0.00106225
772,3596.02,1.98986,0.31498,0.81252,0.80835,0.61613,0.72111,0.42752,2.02746,0.31452,0.79954,0.00105758,0.00105758,0.00105758
773,3600.89,1.998,0.31366,0.81417,0.81245,0.6156,0.72353,0.42704,2.04296,0.31768,0.79979,0.00105293,0.00105293,0.00105293
774,3605.55,2.03254,0.32149,0.81726,0.814,0.61532,0.72274,0.42396,2.05971,0.31964,0.79978,0.0010483,0.0010483,0.0010483
775,3610.23,2.26897,0.35543,0.81298,0.82053,0.61134,0.722,0.42422,2.04724,0.31796,0.79926,0.00104369,0.00104369,0.00104369
776,3614.8,2.13146,0.33791,0.80629,0.81546,0.60406,0.71385,0.42343,2.02927,0.31373,0.79936,0.00103909,0.00103909,0.00103909
777,3619.35,1.94218,0.31156,0.81468,0.81069,0.60653,0.71228,0.42282,2.02859,0.31334,0.79969,0.0010345,0.0010345,0.0010345
778,3623.99,2.3516,0.36883,0.81319,0.81375,0.59864,0.71216,0.42314,2.02997,0.31251,0.79971,0.00102994,0.00102994,0.00102994
779,3628.92,1.9113,0.30941,0.8083,0.80578,0.6009,0.7143,0.42163,2.05313,0.31374,0.79994,0.00102539,0.00102539,0.00102539
780,3633.49,2.06539,0.3477,0.82337,0.80774,0.60489,0.71683,0.4195,2.07369,0.31804,0.80044,0.00102086,0.00102086,0.00102086
781,3637.71,2.08054,0.33532,0.80326,0.80563,0.6049,0.71748,0.4199,2.07453,0.31913,0.80048,0.00101635,0.00101635,0.00101635
782,3642.58,2.03122,0.32463,0.80471,0.80794,0.60146,0.7161,0.41974,2.06372,0.3166,0.7999,0.00101185,0.00101185,0.00101185
783,3647.24,2.09922,0.32099,0.80189,0.80738,0.5983,0.71461,0.41622,2.07349,0.31734,0.79971,0.00100737,0.00100737,0.00100737
784,3651.87,1.93188,0.31394,0.81806,0.81341,0.59885,0.71483,0.42031,2.05787,0.31421,0.79934,0.00100291,0.00100291,0.00100291
785,3656.62,2.18935,0.34986,0.81145,0.80768,0.60283,0.7161,0.42053,2.06554,0.31289,0.79934,0.00099846,0.00099846,0.00099846
786,3661.34,2.10137,0.32797,0.81891,0.80937,0.6064,0.71733,0.42273,2.05653,0.31089,0.79915,0.000994032,0.000994032,0.000994032
787,3665.89,2.03818,0.32139,0.80268,0.79977,0.60928,0.71713,0.42081,2.06027,0.31106,0.79919,0.000989621,0.000989621,0.000989621
788,3670.47,1.89974,0.3135,0.81181,0.79342,0.60818,0.71594,0.41519,2.08669,0.31531,0.79929,0.000985227,0.000985227,0.000985227
789,3675.24,1.93262,0.31113,0.81306,0.80227,0.60661,0.71821,0.41915,2.06093,0.31452,0.79887,0.000980851,0.000980851,0.000980851
790,3679.75,2.04385,0.32792,0.80805,0.80736,0.60626,0.71903,0.42408,2.03007,0.31335,0.79823,0.000976492,0.000976492,0.000976492
791,3684.21,1.76731,0.29225,0.80628,0.80793,0.61271,0.72205,0.4246,2.04514,0.3139,0.79847,0.000972151,0.000972151,0.000972151
792,3688.9,2.09074,0.3466,0.81614,0.80846,0.61483,0.7221,0.42184,2.07324,0.31529,0.79893,0.000967828,0.000967828,0.000967828
793,3693.24,2.08272,0.33684,0.82709,0.80916,0.61271,0.71989,0.42383,2.05347,0.31405,0.79883,0.000963522,0.000963522,0.000963522
794,3697.99,2.14127,0.32989,0.81805,0.81586,0.61008,0.72007,0.42168,2.05611,0.31367,0.79898,0.000959233,0.000959233,0.000959233
795,3702.31,2.06434,0.32755,0.8134,0.80914,0.60681,0.71623,0.42076,2.0579,0.31401,0.79919,0.000954963,0.000954963,0.000954963
796,3706.79,2.01382,0.31992,0.81869,0.80755,0.61395,0.71873,0.42242,2.0476,0.31437,0.799,0.00095071,0.00095071,0.00095071
797,3711.36,1.84823,0.3096,0.81755,0.81164,0.61189,0.71966,0.42312,2.04809,0.31462,0.79951,0.000946474,0.000946474,0.000946474
798,3716.27,2.01344,0.31361,0.80995,0.81201,0.61216,0.72143,0.42512,2.04439,0.31373,0.79973,0.000942257,0.000942257,0.000942257
799,3720.68,1.89134,0.30318,0.80537,0.81049,0.61244,0.72119,0.42529,2.04133,0.31245,0.80012,0.000938057,0.000938057,0.000938057
800,3725.6,2.28822,0.35757,0.80546,0.81435,0.61285,0.72208,0.42465,2.03496,0.31032,0.79921,0.000933876,0.000933876,0.000933876
801,3730.49,1.98692,0.32287,0.80825,0.81523,0.61117,0.72105,0.42444,2.0286,0.30961,0.79903,0.000929712,0.000929712,0.000929712
802,3735.11,1.95388,0.30668,0.80218,0.81129,0.61381,0.72063,0.42403,2.02601,0.30827,0.79887,0.000925566,0.000925566,0.000925566
803,3739.69,2.11387,0.34271,0.84799,0.80881,0.61491,0.7185,0.42218,2.03691,0.30977,0.79907,0.000921438,0.000921438,0.000921438
804,3744.14,1.89758,0.30857,0.81058,0.81488,0.61766,0.72081,0.42323,2.05713,0.31234,0.79952,0.000917328,0.000917328,0.000917328
805,3748.46,1.93286,0.30776,0.81532,0.81616,0.61724,0.72095,0.4218,2.07317,0.31475,0.79956,0.000913237,0.000913237,0.000913237
806,3752.87,2.04289,0.33099,0.81109,0.80747,0.61683,0.71557,0.4175,2.0894,0.32046,0.79974,0.000909163,0.000909163,0.000909163
807,3757.51,2.14683,0.33621,0.80867,0.8097,0.61601,0.71665,0.41778,2.08946,0.32158,0.79934,0.000905108,0.000905108,0.000905108
808,3762.03,1.92045,0.29939,0.80778,0.81928,0.61305,0.72081,0.41955,2.08308,0.31863,0.79973,0.000901071,0.000901071,0.000901071
809,3766.61,1.97399,0.31231,0.8139,0.8188,0.61395,0.72273,0.42209,2.07266,0.31694,0.79985,0.000897052,0.000897052,0.000897052
810,3771.58,1.85198,0.30115,0.79354,0.81816,0.61957,0.73117,0.42833,2.06199,0.31811,0.79912,0.000893051,0.000893051,0.000893051
811,3776.49,2.04159,0.31834,0.80994,0.81866,0.61601,0.7316,0.42768,2.07726,0.3209,0.79909,0.000889069,0.000889069,0.000889069
812,3781.17,2.2463,0.34054,0.81473,0.81923,0.6178,0.7299,0.42747,2.05115,0.31787,0.79868,0.000885105,0.000885105,0.000885105
813,3786.11,2.36038,0.35873,0.80806,0.8151,0.61917,0.72572,0.42527,2.04303,0.31522,0.79884,0.000881159,0.000881159,0.000881159
814,3790.69,1.85031,0.30162,0.8134,0.81677,0.60768,0.7188,0.42006,2.03725,0.31304,0.79859,0.000877232,0.000877232,0.000877232
815,3795.36,2.13265,0.32895,0.81474,0.80904,0.60082,0.71448,0.41781,2.04343,0.31374,0.7984,0.000873324,0.000873324,0.000873324
816,3800.36,1.99807,0.3166,0.8131,0.80957,0.59912,0.71107,0.41889,2.02599,0.31317,0.79841,0.000869433,0.000869433,0.000869433
817,3805.07,1.99231,0.31563,0.8115,0.81362,0.59995,0.71116,0.41927,2.03004,0.3136,0.79842,0.000865562,0.000865562,0.000865562
818,3809.43,1.99632,0.3087,0.81277,0.81,0.60777,0.71463,0.4219,2.03908,0.31509,0.79841,0.000861709,0.000861709,0.000861709
819,3814.12,1.91878,0.31735,0.81115,0.81433,0.61395,0.71807,0.42221,2.03691,0.3151,0.79817,0.000857875,0.000857875,0.000857875
820,3818.98,2.07153,0.34251,0.82804,0.82388,0.61793,0.72081,0.42303,2.04042,0.31386,0.79815,0.000854059,0.000854059,0.000854059
821,3823.38,1.97635,0.31421,0.80102,0.81788,0.62086,0.72487,0.42601,2.02858,0.31189,0.79806,0.000850262,0.000850262,0.000850262
822,3828.19,2.1953,0.33875,0.82486,0.81218,0.62109,0.72684,0.42873,2.02987,0.31208,0.79869,0.000846484,0.000846484,0.000846484
823,3833.58,1.90703,0.31297,0.80332,0.81422,0.61889,0.72797,0.42914,2.02536,0.31123,0.79854,0.000842725,0.000842725,0.000842725
824,3838.83,2.03401,0.33847,0.82265,0.80638,0.61779,0.72621,0.43116,2.01011,0.31117,0.79791,0.000838984,0.000838984,0.000838984
825,3843.71,1.84398,0.30055,0.80818,0.81211,0.61312,0.72577,0.43039,2.01831,0.3119,0.79754,0.000835262,0.000835262,0.000835262
826,3848.13,1.92015,0.30937,0.81449,0.81562,0.61477,0.72425,0.42674,2.02623,0.31387,0.7974,0.00083156,0.00083156,0.00083156
827,3852.71,2.0059,0.32159,0.79553,0.81531,0.61573,0.72162,0.42422,2.0295,0.3138,0.79754,0.000827876,0.000827876,0.000827876
828,3857.55,2.03935,0.32366,0.81576,0.8184,0.61491,0.71819,0.42164,2.03432,0.31475,0.79795,0.000824211,0.000824211,0.000824211
829,3861.79,2.01795,0.31661,0.81053,0.81848,0.61532,0.72027,0.42315,2.0286,0.31283,0.79768,0.000820565,0.000820565,0.000820565
830,3866.32,1.76571,0.30479,0.81035,0.82809,0.61752,0.7222,0.41959,2.06527,0.31771,0.79831,0.000816938,0.000816938,0.000816938
831,3870.72,2.08593,0.32156,0.80778,0.83096,0.61752,0.72344,0.41803,2.09121,0.32247,0.79846,0.00081333,0.00081333,0.00081333
832,3875.31,2.07244,0.32646,0.80817,0.8273,0.61889,0.72575,0.42667,2.03757,0.31729,0.79736,0.000809742,0.000809742,0.000809742
833,3879.98,2.10022,0.33214,0.81206,0.82318,0.61944,0.72791,0.42966,2.01258,0.31266,0.79694,0.000806172,0.000806172,0.000806172
834,3884.65,2.17257,0.34848,0.83878,0.81904,0.622,0.72779,0.42867,2.03435,0.31463,0.79764,0.000802622,0.000802622,0.000802622
835,3889.56,2.09031,0.32508,0.80621,0.82299,0.61852,0.72498,0.42362,2.05941,0.31798,0.79831,0.000799091,0.000799091,0.000799091
836,3893.99,1.81799,0.29784,0.80608,0.82377,0.61697,0.72417,0.4258,2.03806,0.31556,0.79803,0.000795579,0.000795579,0.000795579
837,3898.3,1.81671,0.29501,0.81026,0.82059,0.6204,0.72723,0.42863,2.01804,0.31386,0.79773,0.000792087,0.000792087,0.000792087
838,3902.7,2.04275,0.32155,0.8131,0.81385,0.62303,0.72775,0.4261,2.02627,0.31327,0.79825,0.000788613,0.000788613,0.000788613
839,3907.43,1.98867,0.3124,0.81363,0.81217,0.62152,0.7268,0.42408,2.03011,0.31318,0.79827,0.000785159,0.000785159,0.000785159
840,3912,2.1649,0.34202,0.82032,0.80774,0.62095,0.72689,0.42593,2.0221,0.31252,0.79833,0.000781725,0.000781725,0.000781725
841,3916.91,1.96603,0.31012,0.80584,0.80994,0.61956,0.72786,0.42822,2.01822,0.31216,0.79825,0.00077831,0.00077831,0.00077831
842,3921.61,1.86368,0.29945,0.80197,0.81706,0.61875,0.72537,0.42908,2.00966,0.3101,0.798,0.000774914,0.000774914,0.000774914
843,3926.42,2.20626,0.33062,0.81568,0.81907,0.61793,0.72532,0.4304,1.99717,0.3092,0.79795,0.000771538,0.000771538,0.000771538
844,3931.12,1.86154,0.29967,0.7981,0.81358,0.61766,0.72664,0.43041,1.99233,0.30958,0.79777,0.000768182,0.000768182,0.000768182
845,3935.61,2.05738,0.31369,0.81048,0.81424,0.61614,0.72489,0.42824,2.00886,0.31137,0.79807,0.000764845,0.000764845,0.000764845
846,3940.39,2.04737,0.32259,0.80625,0.81971,0.61858,0.72616,0.42276,2.03607,0.31309,0.79895,0.000761527,0.000761527,0.000761527
847,3945,1.94521,0.33115,0.81753,0.81866,0.61958,0.72634,0.42359,2.03359,0.3141,0.79885,0.00075823,0.00075823,0.00075823
848,3949.71,2.27284,0.36126,0.82854,0.81754,0.61513,0.72844,0.42969,2.01811,0.3133,0.7981,0.000754951,0.000754951,0.000754951
849,3954.01,1.92541,0.31144,0.81543,0.81073,0.61326,0.72287,0.42595,2.03599,0.31603,0.79775,0.000751693,0.000751693,0.000751693
850,3958.4,1.86777,0.3065,0.81281,0.80829,0.60585,0.71324,0.41639,2.06999,0.32001,0.79873,0.000748454,0.000748454,0.000748454
851,3962.79,2.04933,0.32805,0.81752,0.81882,0.60062,0.71369,0.41695,2.06688,0.31735,0.79876,0.000745235,0.000745235,0.000745235
852,3967.12,2.04028,0.32271,0.81726,0.82041,0.60873,0.7226,0.42284,2.04885,0.31207,0.79892,0.000742036,0.000742036,0.000742036
853,3971.83,1.91331,0.3079,0.80604,0.822,0.61491,0.72643,0.42704,2.02079,0.30886,0.7984,0.000738857,0.000738857,0.000738857
854,3976.79,1.798,0.3,0.80583,0.81416,0.61958,0.72765,0.42871,2.00571,0.30594,0.79791,0.000735697,0.000735697,0.000735697
855,3981.07,1.95273,0.30977,0.81287,0.81247,0.61573,0.72316,0.42651,2.01729,0.30649,0.79793,0.000732558,0.000732558,0.000732558
856,3985.48,1.81827,0.29225,0.79912,0.81942,0.61779,0.72659,0.42859,2.01281,0.3069,0.79779,0.000729438,0.000729438,0.000729438
857,3989.79,2.01148,0.32228,0.80789,0.81622,0.62287,0.72879,0.43156,2.00549,0.30693,0.79771,0.000726338,0.000726338,0.000726338
858,3995.11,1.98699,0.30733,0.79815,0.81627,0.61793,0.72859,0.43382,2.00059,0.30634,0.79737,0.000723258,0.000723258,0.000723258
859,4000.21,2.0046,0.31926,0.80216,0.81416,0.61828,0.72911,0.43242,2.00864,0.3074,0.79751,0.000720199,0.000720199,0.000720199
860,4004.83,1.90347,0.29784,0.8108,0.80983,0.62219,0.72701,0.42852,2.01645,0.30857,0.79794,0.000717159,0.000717159,0.000717159
861,4009.28,1.97982,0.31338,0.80411,0.81112,0.61807,0.72633,0.42922,2.00919,0.30727,0.7978,0.000714139,0.000714139,0.000714139
862,4014.04,2.15423,0.3377,0.82882,0.80748,0.61441,0.72512,0.43229,1.97871,0.30408,0.79699,0.00071114,0.00071114,0.00071114
863,4018.41,1.96195,0.31081,0.80813,0.80762,0.61271,0.72546,0.43352,1.97009,0.30336,0.79667,0.00070816,0.00070816,0.00070816
864,4023.14,1.75233,0.29632,0.81358,0.81519,0.61041,0.72626,0.43264,1.98664,0.30319,0.79729,0.000705201,0.000705201,0.000705201
865,4028.03,1.97528,0.32059,0.83086,0.82333,0.60332,0.72486,0.43143,2.00371,0.3048,0.79759,0.000702262,0.000702262,0.000702262
866,4032.47,2.04572,0.31934,0.8042,0.82732,0.59986,0.72167,0.42967,2.0068,0.30452,0.79734,0.000699343,0.000699343,0.000699343
867,4037.26,2.04919,0.31868,0.80533,0.83257,0.59555,0.71904,0.4299,1.99058,0.305,0.79719,0.000696444,0.000696444,0.000696444
868,4042.18,2.10574,0.33383,0.82007,0.82282,0.59993,0.71819,0.42796,1.99679,0.30591,0.79745,0.000693565,0.000693565,0.000693565
869,4046.57,1.92908,0.31675,0.81126,0.8279,0.59651,0.71783,0.42643,2.006,0.3064,0.79766,0.000690707,0.000690707,0.000690707
870,4051.06,2.09003,0.33578,0.83414,0.8313,0.59939,0.7194,0.42595,2.0131,0.30749,0.79805,0.00068787,0.00068787,0.00068787
871,4055.44,2.02789,0.31362,0.80677,0.82437,0.60159,0.71771,0.42598,2.01694,0.30788,0.79786,0.000685052,0.000685052,0.000685052
872,4059.8,2.00435,0.31035,0.79963,0.81031,0.60932,0.71902,0.42771,2.00674,0.30688,0.79745,0.000682255,0.000682255,0.000682255
873,4064.44,1.77933,0.28744,0.79782,0.81239,0.6053,0.7175,0.42578,2.00679,0.30601,0.79728,0.000679478,0.000679478,0.000679478
874,4069.39,1.98423,0.30771,0.81056,0.83206,0.59586,0.71431,0.42457,2.01153,0.30811,0.79748,0.000676722,0.000676722,0.000676722
875,4073.97,2.08583,0.32117,0.80717,0.8294,0.59737,0.71407,0.4233,2.00861,0.31008,0.79775,0.000673986,0.000673986,0.000673986
876,4078.92,2.01707,0.31483,0.80955,0.82083,0.59687,0.712,0.42104,2.01696,0.31019,0.79829,0.000671271,0.000671271,0.000671271
877,4083.38,2.03264,0.31884,0.80254,0.82345,0.59336,0.71138,0.4211,2.01773,0.30919,0.79841,0.000668576,0.000668576,0.000668576
878,4087.77,2.05725,0.32507,0.8182,0.82444,0.59885,0.71646,0.42539,2.00133,0.3067,0.79751,0.000665902,0.000665902,0.000665902
879,4092.48,2.10703,0.33079,0.81118,0.82238,0.60461,0.72108,0.4288,1.98623,0.3039,0.79726,0.000663248,0.000663248,0.000663248
880,4097.11,1.85337,0.29417,0.803,0.82392,0.60846,0.72335,0.43125,1.98112,0.3028,0.7969,0.000660615,0.000660615,0.000660615
881,4101.41,1.93147,0.30907,0.80671,0.81885,0.61187,0.72394,0.43134,1.98236,0.30363,0.79686,0.000658003,0.000658003,0.000658003
882,4105.86,1.92798,0.31269,0.81943,0.82368,0.61422,0.72444,0.43137,1.9794,0.30372,0.79727,0.000655411,0.000655411,0.000655411
883,4110.11,2.14892,0.32978,0.80497,0.82291,0.61395,0.72344,0.43074,1.97677,0.30336,0.797,0.00065284,0.00065284,0.00065284
884,4115.03,2.2482,0.35929,0.83235,0.82393,0.61052,0.72376,0.43141,1.97317,0.30295,0.79682,0.00065029,0.00065029,0.00065029
885,4119.61,1.77389,0.29002,0.80149,0.82127,0.61491,0.72462,0.43247,1.97868,0.30327,0.79698,0.00064776,0.00064776,0.00064776
886,4124.4,1.97772,0.32448,0.81569,0.81785,0.62081,0.72791,0.431,1.99842,0.30521,0.79733,0.000645251,0.000645251,0.000645251
887,4128.98,2.01345,0.32247,0.8188,0.82568,0.61713,0.72805,0.43077,2.00191,0.30604,0.79751,0.000642763,0.000642763,0.000642763
888,4133.97,2.08896,0.3329,0.80138,0.82199,0.61312,0.72514,0.43127,1.97441,0.30253,0.79693,0.000640295,0.000640295,0.000640295
889,4138.46,1.77747,0.29058,0.79797,0.82035,0.6123,0.72441,0.43153,1.96785,0.30225,0.7969,0.000637849,0.000637849,0.000637849
890,4142.83,2.00034,0.32019,0.81137,0.8147,0.60902,0.72055,0.42826,1.99044,0.30475,0.79705,0.000635423,0.000635423,0.000635423
891,4147.13,1.90818,0.30047,0.80276,0.81554,0.6076,0.71918,0.42664,2.00028,0.30647,0.7972,0.000633018,0.000633018,0.000633018
892,4151.77,2.16592,0.32135,0.80672,0.82015,0.60942,0.72056,0.42775,1.99933,0.30571,0.79751,0.000630634,0.000630634,0.000630634
893,4156.17,1.88629,0.30162,0.80457,0.81909,0.6156,0.7231,0.42963,1.99206,0.30584,0.79746,0.000628271,0.000628271,0.000628271
894,4160.77,2.0992,0.33066,0.81496,0.82106,0.61367,0.72232,0.42912,1.99054,0.30691,0.79717,0.000625929,0.000625929,0.000625929
895,4165.53,1.99138,0.32174,0.81099,0.82129,0.61491,0.722,0.42846,1.99225,0.30708,0.79708,0.000623608,0.000623608,0.000623608
896,4169.86,1.86019,0.29264,0.79648,0.81753,0.61587,0.72105,0.42741,1.99461,0.30772,0.79766,0.000621308,0.000621308,0.000621308
897,4174.38,1.93375,0.3072,0.79523,0.8155,0.61697,0.72153,0.42777,1.99295,0.30802,0.79755,0.000619029,0.000619029,0.000619029
898,4179.14,1.82723,0.29951,0.81107,0.8132,0.61518,0.72175,0.43039,1.98304,0.30621,0.79707,0.000616771,0.000616771,0.000616771
899,4183.43,2.0524,0.32268,0.80606,0.81003,0.61644,0.72293,0.43244,1.98116,0.30644,0.79679,0.000614534,0.000614534,0.000614534
900,4188.32,2.18691,0.32988,0.80921,0.81584,0.6182,0.72827,0.43408,1.98986,0.30703,0.79693,0.000612318,0.000612318,0.000612318
901,4193.47,1.97602,0.32227,0.80867,0.81523,0.6215,0.73075,0.43562,1.98932,0.3069,0.79685,0.000610123,0.000610123,0.000610123
902,4198.57,2.06948,0.3194,0.81096,0.81086,0.62727,0.73501,0.43896,1.9736,0.30542,0.79676,0.000607949,0.000607949,0.000607949
903,4204.02,2.32092,0.35853,0.8075,0.81423,0.62479,0.73404,0.43861,1.97686,0.30528,0.79688,0.000605796,0.000605796,0.000605796
904,4208.68,2.15876,0.33702,0.81096,0.81396,0.62356,0.73167,0.43528,1.99256,0.30635,0.79728,0.000603665,0.000603665,0.000603665
905,4213.2,2.0316,0.32013,0.81193,0.81057,0.61985,0.72896,0.43362,2.00308,0.30669,0.79746,0.000601555,0.000601555,0.000601555
906,4218.27,1.89102,0.29944,0.80769,0.82164,0.60902,0.72623,0.43146,2.01172,0.30761,0.79735,0.000599466,0.000599466,0.000599466
907,4222.79,1.86344,0.30329,0.80596,0.82085,0.60327,0.72363,0.42856,2.01397,0.30832,0.79728,0.000597398,0.000597398,0.000597398
908,4227.34,1.93829,0.31337,0.80504,0.81212,0.60054,0.71885,0.42532,2.03255,0.3114,0.79752,0.000595351,0.000595351,0.000595351
909,4231.94,2.13768,0.32467,0.80211,0.80836,0.60297,0.71956,0.42517,2.0392,0.31216,0.79749,0.000593326,0.000593326,0.000593326
910,4236.91,1.86162,0.30872,0.81402,0.80914,0.60587,0.72326,0.42755,2.03569,0.31097,0.79763,0.000591322,0.000591322,0.000591322
911,4241.58,1.94193,0.30499,0.80417,0.80802,0.61365,0.7251,0.42782,2.03649,0.3104,0.79751,0.000589339,0.000589339,0.000589339
912,4246.09,1.7484,0.28124,0.8094,0.81169,0.61326,0.72473,0.4268,2.03165,0.31074,0.79713,0.000587378,0.000587378,0.000587378
913,4251,2.069,0.32637,0.80513,0.81407,0.60949,0.72272,0.4293,2.00926,0.3073,0.79694,0.000585438,0.000585438,0.000585438
914,4255.44,1.70799,0.28162,0.79993,0.81574,0.60736,0.72142,0.43043,1.98774,0.30575,0.79639,0.000583519,0.000583519,0.000583519
915,4259.67,1.87989,0.29878,0.8093,0.81546,0.60859,0.72211,0.43155,1.97794,0.30343,0.79651,0.000581622,0.000581622,0.000581622
916,4264.29,1.99552,0.31857,0.81957,0.81854,0.61189,0.72551,0.4349,1.95951,0.30176,0.79663,0.000579746,0.000579746,0.000579746
917,4269.18,2.12448,0.33193,0.80667,0.8176,0.61367,0.7263,0.43519,1.96866,0.30324,0.79675,0.000577891,0.000577891,0.000577891
918,4273.86,2.17534,0.34372,0.80469,0.82167,0.61065,0.72816,0.43569,1.97002,0.30502,0.79671,0.000576058,0.000576058,0.000576058
919,4278.18,2.03804,0.30992,0.80454,0.82351,0.61134,0.72927,0.43618,1.97354,0.30554,0.79657,0.000574247,0.000574247,0.000574247
920,4282.71,1.82966,0.29422,0.80421,0.82654,0.61505,0.73315,0.43702,1.9795,0.30382,0.79693,0.000572457,0.000572457,0.000572457
921,4287.65,1.84851,0.30586,0.80213,0.82142,0.61822,0.73379,0.43774,1.97868,0.30484,0.7969,0.000570688,0.000570688,0.000570688
922,4292.37,2.05102,0.32238,0.8129,0.83142,0.61244,0.73319,0.43722,1.98556,0.30506,0.79731,0.000568941,0.000568941,0.000568941
923,4297.22,1.96935,0.30874,0.80968,0.82828,0.61079,0.73039,0.43632,1.98074,0.3051,0.79752,0.000567215,0.000567215,0.000567215
924,4301.67,1.94423,0.32024,0.81695,0.82816,0.60653,0.72702,0.43674,1.96239,0.30262,0.79741,0.000565511,0.000565511,0.000565511
925,4306.35,1.96784,0.30943,0.80172,0.82891,0.60502,0.72589,0.43707,1.96508,0.30319,0.79743,0.000563829,0.000563829,0.000563829
926,4311.18,1.79238,0.29205,0.80902,0.82735,0.61189,0.72799,0.43737,1.96532,0.30246,0.79724,0.000562168,0.000562168,0.000562168
927,4316.26,1.96297,0.31214,0.80945,0.8271,0.61406,0.72855,0.4377,1.96863,0.30377,0.79737,0.000560528,0.000560528,0.000560528
928,4320.64,1.9533,0.3144,0.81963,0.82908,0.62122,0.73312,0.43954,1.97424,0.30344,0.79739,0.000558911,0.000558911,0.000558911
929,4325.48,1.95784,0.30327,0.8151,0.83035,0.62301,0.73369,0.43965,1.97112,0.3029,0.79726,0.000557315,0.000557315,0.000557315
930,4330.58,1.852,0.32203,0.82686,0.83081,0.62021,0.73177,0.43928,1.96913,0.30254,0.79703,0.00055574,0.00055574,0.00055574
931,4334.86,2.02107,0.31134,0.79851,0.83423,0.61985,0.73391,0.44061,1.9513,0.30238,0.79649,0.000554187,0.000554187,0.000554187
932,4340.02,2.0811,0.32682,0.82445,0.8288,0.61878,0.73285,0.43821,1.96664,0.30508,0.79617,0.000552656,0.000552656,0.000552656
933,4344.76,2.03696,0.30622,0.79897,0.82976,0.61764,0.73384,0.43849,1.97207,0.30544,0.79625,0.000551147,0.000551147,0.000551147
934,4349.58,1.95702,0.31716,0.81245,0.82312,0.61844,0.73117,0.43722,1.97582,0.30507,0.79623,0.000549659,0.000549659,0.000549659
935,4354.14,1.89535,0.30277,0.80387,0.82569,0.61546,0.72959,0.43578,1.98389,0.30564,0.79613,0.000548193,0.000548193,0.000548193
936,4358.71,1.93814,0.30564,0.79796,0.82138,0.61367,0.72647,0.43406,1.98216,0.30386,0.79644,0.000546749,0.000546749,0.000546749
937,4363.51,1.96417,0.31008,0.80113,0.82137,0.6123,0.72525,0.43338,1.97583,0.30334,0.79648,0.000545326,0.000545326,0.000545326
938,4367.86,1.83491,0.28738,0.8105,0.82387,0.60297,0.71862,0.42898,1.98761,0.30426,0.79662,0.000543925,0.000543925,0.000543925
939,4372.64,1.80608,0.28828,0.80087,0.822,0.60104,0.71689,0.42714,2.00405,0.30573,0.79687,0.000542546,0.000542546,0.000542546
940,4377.62,1.90268,0.31266,0.8184,0.82088,0.59816,0.71416,0.4266,1.99581,0.30544,0.79709,0.000541189,0.000541189,0.000541189
941,4382.28,2.04611,0.32657,0.80665,0.82062,0.59917,0.71422,0.42618,1.9915,0.30488,0.79708,0.000539854,0.000539854,0.000539854
942,4387.09,1.73344,0.28725,0.8065,0.81701,0.59926,0.7126,0.42482,1.9963,0.30714,0.79701,0.00053854,0.00053854,0.00053854
943,4391.56,1.93042,0.30787,0.79874,0.82134,0.59679,0.71367,0.42517,1.99792,0.30642,0.79688,0.000537248,0.000537248,0.000537248
944,4395.84,2.16189,0.32275,0.80082,0.82434,0.60008,0.71835,0.4279,2.00209,0.30559,0.79676,0.000535978,0.000535978,0.000535978
945,4400.1,1.80745,0.29286,0.80068,0.82427,0.60145,0.72082,0.42906,2.00986,0.30641,0.79689,0.00053473,0.00053473,0.00053473
946,4404.82,2.09359,0.32116,0.80061,0.82264,0.60173,0.724,0.42834,2.0153,0.30772,0.79702,0.000533504,0.000533504,0.000533504
947,4409.41,1.86776,0.29596,0.80819,0.82025,0.60242,0.72215,0.42842,2.0133,0.306,0.79682,0.0005323,0.0005323,0.0005323
948,4414.22,1.93549,0.30816,0.80958,0.82167,0.60379,0.72312,0.4282,2.01107,0.30538,0.79681,0.000531117,0.000531117,0.000531117
949,4419.03,1.79242,0.29706,0.80735,0.82182,0.60281,0.72369,0.43012,2.00305,0.304,0.79684,0.000529957,0.000529957,0.000529957
950,4423.98,2.00561,0.31202,0.81003,0.82634,0.60681,0.72666,0.43518,1.97822,0.30118,0.79622,0.000528818,0.000528818,0.000528818
951,4428.63,1.66473,0.28861,0.80836,0.82862,0.60734,0.72711,0.43499,1.97337,0.30133,0.79618,0.000527701,0.000527701,0.000527701
952,4433.18,1.90053,0.2945,0.80434,0.83142,0.60544,0.72662,0.4323,1.99305,0.30244,0.79621,0.000526606,0.000526606,0.000526606
953,4437.41,1.79047,0.30481,0.80787,0.82784,0.60736,0.72878,0.43282,1.99595,0.30333,0.79634,0.000525534,0.000525534,0.000525534
954,4441.73,1.9117,0.31995,0.81378,0.83252,0.60818,0.73162,0.43754,1.98587,0.30337,0.79604,0.000524483,0.000524483,0.000524483
955,4446.24,2.07386,0.32919,0.82071,0.8286,0.61203,0.73299,0.43802,1.99392,0.30374,0.79607,0.000523454,0.000523454,0.000523454
956,4450.97,1.8472,0.30247,0.81642,0.82562,0.61175,0.73175,0.43756,1.98952,0.30365,0.79613,0.000522447,0.000522447,0.000522447
957,4455.95,1.87248,0.2963,0.80225,0.82392,0.61285,0.73094,0.4376,1.98036,0.30305,0.79619,0.000521462,0.000521462,0.000521462
958,4460.5,2.16404,0.33025,0.80389,0.82103,0.61405,0.72771,0.43862,1.96701,0.30229,0.79599,0.000520499,0.000520499,0.000520499
959,4464.82,1.85815,0.30383,0.79853,0.81606,0.61766,0.72831,0.43833,1.96794,0.30124,0.79626,0.000519558,0.000519558,0.000519558
960,4469.49,1.93806,0.31356,0.80975,0.82012,0.61752,0.72924,0.43757,1.97423,0.30289,0.79632,0.000518639,0.000518639,0.000518639
961,4474.15,1.98731,0.32092,0.80971,0.82144,0.61956,0.73117,0.43812,1.97785,0.30264,0.79637,0.000517742,0.000517742,0.000517742
962,4479,1.90437,0.3071,0.81424,0.82406,0.61922,0.73191,0.43891,1.96928,0.30168,0.79624,0.000516867,0.000516867,0.000516867
963,4483.24,1.80301,0.29062,0.80417,0.82347,0.61752,0.73035,0.43901,1.96282,0.30011,0.79647,0.000516014,0.000516014,0.000516014
964,4487.94,2.11057,0.32777,0.81216,0.82715,0.61953,0.73126,0.43992,1.95693,0.29987,0.79616,0.000515183,0.000515183,0.000515183
965,4492.3,1.98116,0.3081,0.80127,0.82819,0.61811,0.73062,0.43991,1.96839,0.30168,0.79624,0.000514375,0.000514375,0.000514375
966,4496.73,2.18643,0.33398,0.80269,0.82641,0.62287,0.73237,0.44051,1.97305,0.3018,0.79618,0.000513588,0.000513588,0.000513588
967,4501.36,1.78557,0.2864,0.80139,0.82847,0.62356,0.73374,0.441,1.96767,0.30119,0.79606,0.000512823,0.000512823,0.000512823
968,4506.47,1.74934,0.29284,0.80268,0.82831,0.6215,0.73385,0.44105,1.95615,0.29997,0.79563,0.000512081,0.000512081,0.000512081
969,4511.4,1.95924,0.31472,0.80078,0.8295,0.61917,0.7337,0.43989,1.97169,0.30185,0.79603,0.00051136,0.00051136,0.00051136
970,4515.95,2.02303,0.31868,0.79985,0.82313,0.62104,0.73016,0.43751,1.98302,0.30333,0.7959,0.000510662,0.000510662,0.000510662
971,4520.35,1.71465,0.27403,0.79486,0.82066,0.61944,0.72889,0.43652,1.98391,0.30451,0.79586,0.000509986,0.000509986,0.000509986
972,4525.09,2.06419,0.31538,0.81436,0.82047,0.61875,0.72884,0.43588,1.98055,0.30335,0.79564,0.000509331,0.000509331,0.000509331
973,4529.45,1.91951,0.29994,0.79615,0.82496,0.61697,0.72916,0.43586,1.97327,0.3024,0.79568,0.000508699,0.000508699,0.000508699
974,4534.14,1.86777,0.30062,0.81181,0.82449,0.61528,0.7297,0.43643,1.96644,0.30173,0.79612,0.000508089,0.000508089,0.000508089
975,4538.46,1.88802,0.30538,0.81026,0.82193,0.6134,0.72897,0.43717,1.96518,0.30264,0.79573,0.000507502,0.000507502,0.000507502
976,4543.18,2.0056,0.31483,0.80385,0.82109,0.6118,0.72909,0.43862,1.96223,0.30217,0.79589,0.000506936,0.000506936,0.000506936
977,4547.61,1.98949,0.31659,0.79562,0.82255,0.61312,0.72855,0.43849,1.96092,0.30312,0.79574,0.000506392,0.000506392,0.000506392
978,4552.01,2.28637,0.34596,0.8062,0.82737,0.60942,0.72632,0.43688,1.95793,0.30308,0.79595,0.000505871,0.000505871,0.000505871
979,4556.46,1.90787,0.30708,0.80418,0.82328,0.60822,0.72435,0.43601,1.95877,0.303,0.796,0.000505372,0.000505372,0.000505372
980,4561.05,2.19557,0.33439,0.80019,0.82315,0.60791,0.72329,0.43541,1.95476,0.302,0.79592,0.000504895,0.000504895,0.000504895
981,4565.88,1.81837,0.29415,0.80374,0.82644,0.61059,0.72577,0.4367,1.94871,0.30118,0.79579,0.00050444,0.00050444,0.00050444
982,4570.65,1.84302,0.29478,0.80872,0.82412,0.61628,0.7274,0.43651,1.95849,0.30288,0.7956,0.000504007,0.000504007,0.000504007
983,4575.29,2.01874,0.31483,0.80649,0.82581,0.61635,0.7282,0.43567,1.9618,0.30386,0.79577,0.000503597,0.000503597,0.000503597
984,4580.02,1.90873,0.29923,0.80301,0.82502,0.61752,0.73017,0.4385,1.95488,0.30368,0.79584,0.000503208,0.000503208,0.000503208
985,4584.36,1.87424,0.3052,0.80662,0.82645,0.61779,0.7316,0.44074,1.95239,0.30359,0.79568,0.000502842,0.000502842,0.000502842
986,4588.92,1.82885,0.29512,0.8038,0.82617,0.62287,0.7357,0.43891,1.97363,0.30563,0.79644,0.000502498,0.000502498,0.000502498
987,4593.4,1.80455,0.29488,0.80359,0.82643,0.6249,0.73593,0.43906,1.97641,0.30528,0.79645,0.000502176,0.000502176,0.000502176
988,4597.95,1.94226,0.30999,0.81242,0.82797,0.61917,0.7344,0.4422,1.95875,0.30101,0.79608,0.000501876,0.000501876,0.000501876
989,4602.78,1.73995,0.28574,0.79947,0.82837,0.61793,0.73331,0.44097,1.95816,0.30044,0.7961,0.000501599,0.000501599,0.000501599
990,4607.23,1.71594,0.28909,0.80679,0.82493,0.62036,0.73132,0.43962,1.96123,0.30013,0.79661,0.000501343,0.000501343,0.000501343
991,4665.06,2.09403,0.3159,0.79797,0.82303,0.62013,0.73106,0.4398,1.96357,0.30008,0.79642,0.00050111,0.00050111,0.00050111
992,4669.51,1.88985,0.3001,0.79679,0.82508,0.61647,0.73,0.43866,1.96303,0.29978,0.79593,0.000500899,0.000500899,0.000500899
993,4673.99,1.96094,0.30306,0.80146,0.82733,0.61724,0.73002,0.4383,1.96468,0.29945,0.79594,0.000500711,0.000500711,0.000500711
994,4678.39,1.94447,0.30293,0.80064,0.83544,0.61754,0.73181,0.43804,1.96503,0.30185,0.79607,0.000500544,0.000500544,0.000500544
995,4682.58,1.85593,0.2894,0.80211,0.83257,0.61669,0.73052,0.43935,1.95346,0.30093,0.79603,0.0005004,0.0005004,0.0005004
996,4686.9,1.85471,0.29618,0.79958,0.82657,0.61573,0.72822,0.43907,1.94923,0.29986,0.7961,0.000500278,0.000500278,0.000500278
997,4691.2,2.04104,0.32062,0.807,0.82683,0.61747,0.72774,0.43837,1.94771,0.3003,0.79633,0.000500178,0.000500178,0.000500178
998,4695.46,2.0669,0.31361,0.80168,0.83036,0.61015,0.72643,0.43774,1.95296,0.30085,0.79632,0.0005001,0.0005001,0.0005001
999,4699.66,1.97406,0.30447,0.80026,0.82942,0.6112,0.72686,0.43741,1.95875,0.30088,0.79621,0.000500044,0.000500044,0.000500044
1000,4703.98,1.85028,0.29587,0.80542,0.82688,0.6134,0.72646,0.43763,1.95317,0.29982,0.79603,0.000500011,0.000500011,0.000500011
