epoch,time,train/box_loss,train/cls_loss,train/dfl_loss,metrics/precision(B),metrics/recall(B),metrics/mAP50(B),metrics/mAP50-95(B),val/box_loss,val/cls_loss,val/dfl_loss,lr/pg0,lr/pg1,lr/pg2
1,5.39042,4.5228,2.87989,0.86895,0.11116,0.16708,0.06601,0.02677,4.45347,3.15615,0.77357,0.19005,5e-05,5e-05
2,9.44363,4.00668,2.22145,0.74291,0.21604,0.14017,0.12833,0.03624,5.62752,2.41095,0.70006,0.17811,0.000109901,0.000109901
3,13.9787,3.49324,1.13077,0.65591,0.25626,0.21884,0.1531,0.03967,5.36204,2.16819,0.69593,0.16617,0.000169694,0.000169694
4,18.3392,3.16554,1.05021,0.63605,0.2098,0.20181,0.11785,0.03317,5.65262,2.00168,0.72365,0.154229,0.000229379,0.000229379
5,22.5283,3.31605,1.06756,0.62732,0.29894,0.25261,0.1876,0.04704,5.53529,1.58987,0.69436,0.142289,0.000288956,0.000288956
6,26.9404,3.00871,0.95633,0.60536,0.25199,0.22792,0.14286,0.03659,5.70345,1.64743,0.71929,0.130348,0.000348425,0.000348425
7,31.1487,3.15103,0.99614,0.62796,0.304,0.23847,0.18893,0.04865,5.35999,1.36632,0.67504,0.118408,0.000407786,0.000407786
8,35.7092,3.18143,1.12405,0.60826,0.39642,0.40198,0.31232,0.10274,3.82056,1.47941,0.60399,0.106467,0.000467039,0.000467039
9,40.1342,3.04009,0.97165,0.61185,0.43825,0.36148,0.31875,0.09993,4.22998,1.22188,0.61456,0.0945262,0.000526184,0.000526184
10,44.3158,3.21943,0.94204,0.61698,0.45992,0.40123,0.3504,0.10871,4.1796,1.19285,0.61554,0.0825852,0.000585221,0.000585221
11,48.629,3.15012,0.93568,0.61797,0.42851,0.43893,0.33139,0.11465,3.86536,1.25524,0.60534,0.0706441,0.00064415,0.00064415
12,52.943,3.48203,0.95378,0.60856,0.48462,0.40953,0.36299,0.11189,4.17626,1.10599,0.6129,0.058703,0.000702971,0.000702971
13,56.9559,3.01552,0.90775,0.60083,0.7143,0.51908,0.58873,0.25506,3.16701,0.886,0.58789,0.0467617,0.000761684,0.000761684
14,61.087,3.23488,0.90875,0.65377,0.6085,0.46362,0.49548,0.17776,3.67811,0.99838,0.60219,0.0348203,0.000820289,0.000820289
15,65.1646,2.99285,0.83119,0.62133,0.55579,0.42422,0.44762,0.15385,3.78726,1.01861,0.59981,0.0228788,0.000878786,0.000878786
16,69.2089,3.25285,0.9146,0.60477,0.46622,0.44044,0.36065,0.1301,3.70091,1.18382,0.60334,0.0109372,0.000937175,0.000937175
17,73.195,3.07583,0.84016,0.61233,0.35861,0.38125,0.24884,0.07731,4.17009,1.43089,0.61911,0.0009856,0.0009856,0.0009856
18,77.289,3.10862,0.86874,0.61813,0.66111,0.50961,0.56533,0.22603,3.32433,0.91103,0.5923,0.0009847,0.0009847,0.0009847
19,81.2715,3.2096,0.88267,0.59911,0.64278,0.51716,0.54497,0.20911,3.43593,0.94704,0.59114,0.0009838,0.0009838,0.0009838
20,85.2983,3.21075,0.94936,0.6198,0.69472,0.53158,0.58495,0.25384,3.21155,0.92075,0.58435,0.0009829,0.0009829,0.0009829
21,89.1671,2.84594,0.87325,0.60368,0.6919,0.53968,0.60188,0.25178,3.2728,0.88105,0.58219,0.000982,0.000982,0.000982
22,93.3313,3.18641,0.90934,0.60236,0.59679,0.52622,0.5036,0.21269,3.16021,0.99988,0.58968,0.0009811,0.0009811,0.0009811
23,97.471,3.1911,0.96968,0.6129,0.46502,0.46197,0.37462,0.12429,3.72417,1.04643,0.59699,0.0009802,0.0009802,0.0009802
24,101.583,2.81207,0.87707,0.60718,0.69875,0.56235,0.61735,0.27993,2.98907,0.91635,0.57902,0.0009793,0.0009793,0.0009793
25,105.771,3.06303,0.84511,0.58657,0.59049,0.4779,0.50224,0.19343,3.3856,1.11059,0.58808,0.0009784,0.0009784,0.0009784
26,109.892,3.10401,0.85946,0.59089,0.72679,0.52046,0.59352,0.25507,3.32686,1.07161,0.59272,0.0009775,0.0009775,0.0009775
27,113.889,3.3729,0.90683,0.61258,0.69309,0.51208,0.57975,0.25471,3.1656,1.03535,0.58504,0.0009766,0.0009766,0.0009766
28,117.984,3.24275,0.90926,0.60343,0.70491,0.53981,0.60886,0.26516,3.19326,0.85689,0.58329,0.0009757,0.0009757,0.0009757
29,122.096,2.90364,0.82971,0.5899,0.7353,0.52306,0.58841,0.24843,3.42067,1.02842,0.59721,0.0009748,0.0009748,0.0009748
30,126.23,3.24582,0.89318,0.6028,0.70668,0.56559,0.62297,0.26212,3.12606,0.88538,0.58328,0.0009739,0.0009739,0.0009739
31,130.158,3.16029,0.94104,0.60639,0.70836,0.5615,0.6238,0.2717,3.10402,0.83537,0.5812,0.000973,0.000973,0.000973
32,134.212,2.98906,0.83747,0.59716,0.72799,0.55835,0.62854,0.28282,3.03014,0.82342,0.57693,0.0009721,0.0009721,0.0009721
33,138.31,2.82673,0.81737,0.60159,0.7405,0.56061,0.63445,0.29737,2.9384,0.8524,0.57735,0.0009712,0.0009712,0.0009712
34,142.574,2.75224,0.78673,0.60082,0.70606,0.53432,0.60472,0.26377,3.10444,0.8451,0.58092,0.0009703,0.0009703,0.0009703
35,146.657,2.84806,0.78016,0.59563,0.58978,0.46513,0.50934,0.20482,3.41586,0.86983,0.58626,0.0009694,0.0009694,0.0009694
36,150.666,2.95187,0.85354,0.61512,0.67835,0.52018,0.58407,0.24192,3.25557,0.87389,0.58519,0.0009685,0.0009685,0.0009685
37,154.834,2.84428,0.82455,0.60755,0.69002,0.52952,0.59577,0.26492,3.12522,0.85487,0.58151,0.0009676,0.0009676,0.0009676
38,158.819,3.21923,0.86301,0.59212,0.72029,0.52923,0.61811,0.27434,3.10221,0.9376,0.57908,0.0009667,0.0009667,0.0009667
39,162.791,3.01409,0.84169,0.60641,0.75232,0.55574,0.6423,0.29984,3.0307,0.8814,0.57819,0.0009658,0.0009658,0.0009658
40,167.066,2.75694,0.79964,0.59823,0.68302,0.53396,0.59287,0.25573,3.10089,0.93887,0.57723,0.0009649,0.0009649,0.0009649
41,171.16,2.91507,0.80563,0.58997,0.68364,0.53313,0.59356,0.2313,3.37592,0.87252,0.58346,0.000964,0.000964,0.000964
42,175.195,2.95667,0.8546,0.60935,0.73641,0.57533,0.64597,0.30205,2.89664,0.785,0.5762,0.0009631,0.0009631,0.0009631
43,179.318,2.94992,0.82414,0.58899,0.72106,0.5659,0.63368,0.28778,2.95592,0.7934,0.57831,0.0009622,0.0009622,0.0009622
44,183.381,2.81226,0.80307,0.60724,0.75492,0.57551,0.6498,0.29119,2.98923,0.79527,0.57675,0.0009613,0.0009613,0.0009613
45,187.602,2.94607,0.78795,0.59208,0.77757,0.59128,0.66415,0.30411,2.94594,0.81927,0.5763,0.0009604,0.0009604,0.0009604
46,191.887,3.32511,0.9085,0.60343,0.76632,0.56068,0.63828,0.26755,3.27591,1.11987,0.58694,0.0009595,0.0009595,0.0009595
47,195.754,2.92364,0.80942,0.604,0.72818,0.55574,0.62555,0.26533,3.11759,0.87051,0.57995,0.0009586,0.0009586,0.0009586
48,199.787,2.84089,0.75737,0.59431,0.73796,0.56255,0.64306,0.29468,2.97428,0.80639,0.57577,0.0009577,0.0009577,0.0009577
49,203.71,2.90386,0.79397,0.60489,0.68953,0.56104,0.62127,0.26932,3.10725,0.8389,0.57613,0.0009568,0.0009568,0.0009568
50,207.859,2.88784,0.79944,0.58534,0.73896,0.57853,0.65394,0.30722,2.87502,0.77216,0.57339,0.0009559,0.0009559,0.0009559
51,212.101,2.78292,0.80291,0.59109,0.7204,0.55323,0.62305,0.26918,3.01043,0.76383,0.57575,0.000955,0.000955,0.000955
52,216.132,2.69562,0.76136,0.59349,0.75693,0.5869,0.66535,0.32068,2.79111,0.74326,0.57033,0.0009541,0.0009541,0.0009541
53,220.231,2.72672,0.77769,0.59205,0.71254,0.58512,0.64885,0.28769,2.96494,0.78111,0.57513,0.0009532,0.0009532,0.0009532
54,224.339,2.66148,0.74724,0.59851,0.76202,0.57702,0.66315,0.32591,2.79811,0.7605,0.5743,0.0009523,0.0009523,0.0009523
55,228.384,2.75655,0.78675,0.59914,0.65947,0.51991,0.56797,0.22707,3.2915,0.87383,0.58232,0.0009514,0.0009514,0.0009514
56,232.53,2.6528,0.76032,0.58799,0.73356,0.59834,0.6624,0.31517,2.83309,0.76753,0.57116,0.0009505,0.0009505,0.0009505
57,236.43,2.96676,0.82949,0.59206,0.61453,0.51675,0.55075,0.21126,3.2943,0.86582,0.57932,0.0009496,0.0009496,0.0009496
58,240.475,2.58395,0.76819,0.601,0.77876,0.58378,0.66581,0.30679,2.86954,0.98716,0.57007,0.0009487,0.0009487,0.0009487
59,244.546,2.8039,0.79826,0.59691,0.734,0.57427,0.64449,0.28993,2.95203,1.14343,0.57201,0.0009478,0.0009478,0.0009478
60,248.67,2.77717,0.81753,0.59044,0.73619,0.57825,0.65403,0.30068,2.86354,0.79741,0.56897,0.0009469,0.0009469,0.0009469
61,252.767,2.82062,0.83253,0.59633,0.7468,0.59483,0.66993,0.32574,2.75478,0.74711,0.56813,0.000946,0.000946,0.000946
62,256.813,2.64592,0.75056,0.59006,0.73579,0.60077,0.67292,0.32847,2.76984,0.75613,0.5688,0.0009451,0.0009451,0.0009451
63,260.98,2.42493,0.70901,0.58543,0.75069,0.60353,0.67592,0.32908,2.78731,0.73303,0.57069,0.0009442,0.0009442,0.0009442
64,265.127,2.52959,0.7513,0.60107,0.73465,0.5939,0.65984,0.30399,2.88183,0.74806,0.57273,0.0009433,0.0009433,0.0009433
65,269.046,2.74747,0.78284,0.60302,0.7154,0.57949,0.64513,0.2929,2.93635,0.79641,0.57464,0.0009424,0.0009424,0.0009424
66,273.295,2.73276,0.78238,0.59374,0.74281,0.57551,0.65658,0.3117,2.79715,0.76465,0.56826,0.0009415,0.0009415,0.0009415
67,277.118,2.79021,0.76894,0.58816,0.62727,0.49574,0.54533,0.21242,3.35656,0.86581,0.57868,0.0009406,0.0009406,0.0009406
68,281.227,2.78222,0.79769,0.59108,0.76939,0.59047,0.67274,0.32165,2.84454,0.79465,0.57027,0.0009397,0.0009397,0.0009397
69,285.311,2.98747,0.82838,0.58675,0.76204,0.57661,0.66111,0.30264,2.89263,0.86783,0.57108,0.0009388,0.0009388,0.0009388
70,289.426,3.05915,0.82534,0.57519,0.72892,0.56713,0.64205,0.27972,2.96602,0.82591,0.57144,0.0009379,0.0009379,0.0009379
71,293.673,2.91642,0.82622,0.58374,0.77016,0.57412,0.66482,0.32312,2.7743,0.77413,0.56847,0.000937,0.000937,0.000937
72,297.798,2.90061,0.80921,0.594,0.72989,0.57386,0.64632,0.29352,2.91874,0.76523,0.57264,0.0009361,0.0009361,0.0009361
73,301.694,2.62074,0.74333,0.58203,0.77151,0.61329,0.69178,0.333,2.805,0.71867,0.56807,0.0009352,0.0009352,0.0009352
74,305.958,3.05186,0.79547,0.58959,0.77623,0.61848,0.69686,0.33583,2.77877,0.72523,0.56866,0.0009343,0.0009343,0.0009343
75,310.062,2.83334,0.7788,0.58694,0.78421,0.61368,0.69336,0.33992,2.80067,0.77093,0.57061,0.0009334,0.0009334,0.0009334
76,314.268,2.598,0.71495,0.57694,0.77386,0.60276,0.68283,0.33581,2.72087,0.70783,0.56838,0.0009325,0.0009325,0.0009325
77,318.35,2.52519,0.70064,0.56831,0.76906,0.6101,0.68911,0.33779,2.70202,0.70594,0.56745,0.0009316,0.0009316,0.0009316
78,322.406,2.79047,0.77395,0.58857,0.78623,0.61905,0.6954,0.34149,2.76529,0.77604,0.56783,0.0009307,0.0009307,0.0009307
79,326.548,2.77766,0.75002,0.57786,0.74553,0.60969,0.68206,0.31486,2.86643,0.73813,0.57131,0.0009298,0.0009298,0.0009298
80,330.519,2.85726,0.79367,0.57916,0.79853,0.59871,0.68226,0.31663,3.02766,0.76488,0.57719,0.0009289,0.0009289,0.0009289
81,334.663,2.82622,0.7502,0.58626,0.80096,0.60365,0.69155,0.33628,2.81996,0.75403,0.56897,0.000928,0.000928,0.000928
82,338.8,2.86158,0.78877,0.58369,0.7753,0.60887,0.69499,0.3415,2.70873,0.75439,0.56636,0.0009271,0.0009271,0.0009271
83,342.893,2.59741,0.78447,0.5803,0.76632,0.58992,0.66042,0.30272,3.08609,0.88534,0.58245,0.0009262,0.0009262,0.0009262
84,346.94,2.5886,0.7376,0.58661,0.77977,0.6042,0.69072,0.33415,2.75443,0.73031,0.56748,0.0009253,0.0009253,0.0009253
85,350.841,2.74807,0.75067,0.57774,0.76589,0.6101,0.68844,0.33096,2.78183,0.73139,0.56817,0.0009244,0.0009244,0.0009244
86,354.9,3.01946,0.77851,0.58755,0.79667,0.60187,0.68289,0.335,2.77806,0.72041,0.57102,0.0009235,0.0009235,0.0009235
87,358.995,2.79477,0.72923,0.57611,0.76787,0.60629,0.68274,0.33428,2.70073,0.7154,0.56668,0.0009226,0.0009226,0.0009226
88,363.136,2.66814,0.72468,0.58252,0.76823,0.61903,0.6962,0.3407,2.67985,0.69389,0.56415,0.0009217,0.0009217,0.0009217
89,367.144,2.65116,0.74668,0.58278,0.75878,0.60255,0.68363,0.32313,2.75834,0.71857,0.56578,0.0009208,0.0009208,0.0009208
90,371.241,2.64466,0.73892,0.5856,0.79438,0.60251,0.69495,0.34432,2.77568,0.71202,0.5686,0.0009199,0.0009199,0.0009199
91,375.351,2.80839,0.7316,0.57824,0.77805,0.61793,0.70445,0.35245,2.65813,0.69593,0.56386,0.000919,0.000919,0.000919
92,379.68,2.75337,0.74976,0.59329,0.80666,0.60612,0.69884,0.35283,2.62503,0.69377,0.56365,0.0009181,0.0009181,0.0009181
93,384.081,2.79286,0.75556,0.5864,0.80685,0.59898,0.69132,0.34425,2.75143,0.70976,0.5685,0.0009172,0.0009172,0.0009172
94,388.082,2.46918,0.67952,0.57637,0.79502,0.62342,0.70968,0.36377,2.63697,0.68002,0.5647,0.0009163,0.0009163,0.0009163
95,392.222,2.50135,0.7078,0.59283,0.80175,0.61352,0.70335,0.35156,2.71863,0.69249,0.56682,0.0009154,0.0009154,0.0009154
96,396.359,2.80889,0.7634,0.58537,0.75732,0.59432,0.67823,0.30192,2.8909,0.73461,0.56932,0.0009145,0.0009145,0.0009145
97,400.579,2.79751,0.76987,0.58084,0.76303,0.59514,0.67625,0.30349,2.89014,0.74124,0.57038,0.0009136,0.0009136,0.0009136
98,404.804,2.69299,0.72715,0.58106,0.76139,0.59967,0.68199,0.32199,2.786,0.73033,0.56853,0.0009127,0.0009127,0.0009127
99,408.891,2.41516,0.72481,0.58261,0.77226,0.60901,0.69914,0.34028,2.72923,0.71734,0.56588,0.0009118,0.0009118,0.0009118
100,413.015,2.84714,0.75809,0.58613,0.8064,0.61354,0.70777,0.36094,2.62481,0.66837,0.56459,0.0009109,0.0009109,0.0009109
101,417.027,2.69809,0.71096,0.57073,0.7995,0.60931,0.69822,0.35848,2.62177,0.67499,0.56584,0.00091,0.00091,0.00091
102,421.108,2.72458,0.71539,0.58597,0.79542,0.60745,0.69404,0.34493,2.7219,0.69895,0.56611,0.0009091,0.0009091,0.0009091
103,425.082,2.59288,0.7178,0.58303,0.76379,0.60324,0.68613,0.33657,2.7554,0.71444,0.56742,0.0009082,0.0009082,0.0009082
104,429.196,2.75737,0.75833,0.58029,0.79662,0.61142,0.68764,0.32707,2.82805,0.75396,0.56905,0.0009073,0.0009073,0.0009073
105,433.226,2.82677,0.74717,0.58458,0.79427,0.61161,0.69646,0.34536,2.69781,0.69741,0.56642,0.0009064,0.0009064,0.0009064
106,437.335,2.73838,0.74065,0.56539,0.78999,0.61041,0.69574,0.3496,2.59333,0.68458,0.56255,0.0009055,0.0009055,0.0009055
107,441.384,2.72104,0.73558,0.58275,0.80437,0.60626,0.68232,0.32105,2.7829,0.74551,0.56658,0.0009046,0.0009046,0.0009046
108,445.372,2.62819,0.71467,0.56652,0.7843,0.6075,0.69392,0.33643,2.72512,0.71726,0.56579,0.0009037,0.0009037,0.0009037
109,449.479,2.53007,0.69219,0.57697,0.78499,0.60049,0.69007,0.34492,2.64362,0.70667,0.56384,0.0009028,0.0009028,0.0009028
110,453.588,2.63251,0.71471,0.58125,0.78757,0.60667,0.69753,0.33065,2.75729,0.70993,0.56511,0.0009019,0.0009019,0.0009019
111,457.479,2.80656,0.72882,0.57155,0.79745,0.61941,0.70623,0.36198,2.57099,0.67315,0.56241,0.000901,0.000901,0.000901
112,461.501,2.66376,0.76215,0.57828,0.79028,0.59885,0.68492,0.34786,2.73657,0.70096,0.57191,0.0009001,0.0009001,0.0009001
113,465.388,2.98507,0.78228,0.57741,0.70788,0.56091,0.63182,0.27976,2.97873,0.76327,0.57118,0.0008992,0.0008992,0.0008992
114,469.578,2.72181,0.7678,0.58873,0.76723,0.60022,0.68131,0.34139,2.70568,0.73671,0.56729,0.0008983,0.0008983,0.0008983
115,473.603,2.65367,0.72144,0.57946,0.78603,0.59563,0.68114,0.35206,2.64377,0.6984,0.56819,0.0008974,0.0008974,0.0008974
116,477.646,2.8695,0.76834,0.58519,0.79295,0.59622,0.68238,0.33555,2.64278,0.69874,0.56502,0.0008965,0.0008965,0.0008965
117,481.578,2.65735,0.7456,0.58247,0.78972,0.61216,0.68064,0.31301,2.84424,0.74236,0.5687,0.0008956,0.0008956,0.0008956
118,485.747,2.80989,0.76731,0.57636,0.77868,0.61738,0.70121,0.34545,2.67899,0.69225,0.56234,0.0008947,0.0008947,0.0008947
119,489.863,2.67403,0.71718,0.5725,0.78783,0.61274,0.69798,0.35532,2.63518,0.69557,0.56234,0.0008938,0.0008938,0.0008938
120,494.057,2.64959,0.7225,0.58192,0.79232,0.61889,0.70119,0.3485,2.73753,0.72472,0.56566,0.0008929,0.0008929,0.0008929
121,498.014,2.44233,0.71966,0.59408,0.77718,0.60911,0.69193,0.33461,2.78522,0.73548,0.56787,0.000892,0.000892,0.000892
122,502.129,2.52458,0.69628,0.57419,0.79423,0.61734,0.69841,0.34929,2.64988,0.72667,0.56385,0.0008911,0.0008911,0.0008911
123,506.148,2.51185,0.69084,0.58858,0.80193,0.61436,0.70147,0.35649,2.5945,0.71018,0.5629,0.0008902,0.0008902,0.0008902
124,510.24,2.84166,0.77806,0.61339,0.72423,0.58949,0.66265,0.28815,2.99093,0.77343,0.5715,0.0008893,0.0008893,0.0008893
125,514.244,2.54754,0.70517,0.58539,0.78332,0.61079,0.70174,0.3466,2.68649,0.72288,0.56556,0.0008884,0.0008884,0.0008884
126,518.536,2.69968,0.71809,0.57308,0.77799,0.62219,0.70342,0.34858,2.70475,0.70379,0.56395,0.0008875,0.0008875,0.0008875
127,522.484,2.54257,0.69434,0.57858,0.77996,0.6083,0.69295,0.34913,2.66869,0.69729,0.56285,0.0008866,0.0008866,0.0008866
128,526.626,2.8243,0.7626,0.57583,0.77535,0.6237,0.70323,0.35303,2.64531,0.68735,0.56268,0.0008857,0.0008857,0.0008857
129,530.643,2.6024,0.71376,0.58226,0.80045,0.62341,0.71109,0.36403,2.63755,0.68274,0.56132,0.0008848,0.0008848,0.0008848
130,534.816,2.80929,0.74958,0.58231,0.78563,0.61752,0.71099,0.36503,2.60126,0.67892,0.56164,0.0008839,0.0008839,0.0008839
131,539.034,2.59431,0.69722,0.57162,0.79626,0.63331,0.71374,0.35688,2.61071,0.66302,0.56265,0.000883,0.000883,0.000883
132,543.192,2.53917,0.69599,0.57199,0.7997,0.63138,0.71891,0.36643,2.61628,0.68449,0.56426,0.0008821,0.0008821,0.0008821
133,547.315,2.55765,0.70515,0.57592,0.74622,0.60805,0.6881,0.32295,2.79641,0.7106,0.5677,0.0008812,0.0008812,0.0008812
134,551.41,2.78928,0.77268,0.60106,0.79522,0.61834,0.70336,0.36894,2.51941,0.67558,0.56095,0.0008803,0.0008803,0.0008803
135,555.423,2.39342,0.68043,0.58237,0.75539,0.5799,0.66613,0.31631,2.81333,0.73133,0.56726,0.0008794,0.0008794,0.0008794
136,559.501,2.68361,0.73614,0.58919,0.79474,0.5983,0.68991,0.34029,2.72901,0.69626,0.56746,0.0008785,0.0008785,0.0008785
137,563.658,2.6076,0.74229,0.58931,0.77328,0.60686,0.68882,0.32643,2.82406,0.72971,0.57133,0.0008776,0.0008776,0.0008776
138,567.689,2.71114,0.74844,0.58307,0.71309,0.59508,0.66081,0.28992,2.99738,0.81034,0.57695,0.0008767,0.0008767,0.0008767
139,571.657,2.65239,0.70572,0.57926,0.75622,0.60063,0.68314,0.33493,2.73067,0.73234,0.56756,0.0008758,0.0008758,0.0008758
140,575.628,2.7523,0.72341,0.57543,0.71086,0.58155,0.65053,0.29695,2.9238,0.7538,0.56922,0.0008749,0.0008749,0.0008749
141,579.561,2.59667,0.72615,0.58788,0.76139,0.61271,0.69299,0.35081,2.61277,0.69113,0.56209,0.000874,0.000874,0.000874
142,583.635,2.5828,0.69197,0.5715,0.77597,0.61683,0.69895,0.34374,2.661,0.68451,0.56218,0.0008731,0.0008731,0.0008731
143,587.619,2.45238,0.68975,0.57702,0.78844,0.63083,0.71351,0.36626,2.53281,0.6609,0.5609,0.0008722,0.0008722,0.0008722
144,591.819,2.51251,0.67043,0.56951,0.78513,0.63344,0.71584,0.36806,2.62268,0.66926,0.56362,0.0008713,0.0008713,0.0008713
145,595.899,2.50825,0.72242,0.58746,0.79607,0.63132,0.71845,0.37743,2.53033,0.65822,0.56147,0.0008704,0.0008704,0.0008704
146,600.075,2.70484,0.71901,0.57584,0.82304,0.61285,0.69819,0.34264,2.7506,0.70804,0.56876,0.0008695,0.0008695,0.0008695
147,604.204,2.70115,0.80742,0.57274,0.79935,0.62677,0.70545,0.35021,2.72577,0.75954,0.56661,0.0008686,0.0008686,0.0008686
148,608.393,2.54767,0.71327,0.57979,0.7845,0.59422,0.68201,0.33876,2.64111,0.75824,0.56428,0.0008677,0.0008677,0.0008677
149,612.434,2.68751,0.71705,0.57052,0.78351,0.59418,0.67956,0.35326,2.54592,0.75091,0.56416,0.0008668,0.0008668,0.0008668
150,616.438,2.60293,0.69501,0.57023,0.78413,0.62684,0.70543,0.34979,2.6758,0.68728,0.56422,0.0008659,0.0008659,0.0008659
151,620.366,2.5529,0.71619,0.5838,0.79707,0.6226,0.70944,0.36135,2.64703,0.69043,0.5649,0.000865,0.000865,0.000865
152,624.368,2.65795,0.71848,0.57918,0.80441,0.62576,0.71269,0.37033,2.52998,0.65554,0.56201,0.0008641,0.0008641,0.0008641
153,628.383,2.75787,0.73612,0.5845,0.80019,0.62122,0.70215,0.35699,2.57999,0.67072,0.56338,0.0008632,0.0008632,0.0008632
154,632.394,2.54269,0.73025,0.58034,0.78839,0.62383,0.71338,0.35975,2.6694,0.69414,0.56312,0.0008623,0.0008623,0.0008623
155,636.478,2.61607,0.71145,0.56831,0.79382,0.62562,0.71993,0.37776,2.52312,0.68039,0.5603,0.0008614,0.0008614,0.0008614
156,640.616,2.51284,0.70319,0.58219,0.79561,0.62068,0.7122,0.37005,2.58614,0.68116,0.5627,0.0008605,0.0008605,0.0008605
157,644.55,2.47687,0.68167,0.58702,0.75844,0.61422,0.69915,0.33407,2.78223,0.71304,0.56501,0.0008596,0.0008596,0.0008596
158,648.776,2.47466,0.69051,0.57624,0.81579,0.62562,0.71774,0.36093,2.6555,0.68153,0.56388,0.0008587,0.0008587,0.0008587
159,652.827,2.57936,0.69074,0.58062,0.80023,0.63243,0.72443,0.36968,2.62225,0.67751,0.56313,0.0008578,0.0008578,0.0008578
160,656.884,2.70003,0.75517,0.60438,0.78925,0.62569,0.71888,0.36327,2.60588,0.69198,0.56169,0.0008569,0.0008569,0.0008569
161,660.885,2.68547,0.722,0.58024,0.80358,0.63523,0.72259,0.36627,2.6344,0.68373,0.56193,0.000856,0.000856,0.000856
162,665.091,2.83088,0.73401,0.5762,0.75774,0.6381,0.71199,0.34427,2.73542,0.69372,0.56536,0.0008551,0.0008551,0.0008551
163,669.138,2.56845,0.69077,0.56662,0.76053,0.63948,0.71688,0.35,2.7029,0.70421,0.56464,0.0008542,0.0008542,0.0008542
164,673.151,2.60047,0.70099,0.58935,0.80724,0.63893,0.72655,0.38314,2.50196,0.64745,0.55915,0.0008533,0.0008533,0.0008533
165,677.355,2.61128,0.70295,0.5866,0.813,0.62589,0.7225,0.36917,2.5513,0.65776,0.55866,0.0008524,0.0008524,0.0008524
166,681.435,2.54799,0.69711,0.56759,0.81384,0.62754,0.71302,0.36514,2.5598,0.68096,0.56058,0.0008515,0.0008515,0.0008515
167,685.366,2.51051,0.69143,0.5858,0.80929,0.63442,0.71931,0.37476,2.52665,0.66711,0.56029,0.0008506,0.0008506,0.0008506
168,689.406,2.58533,0.70722,0.58312,0.7943,0.62919,0.7169,0.36425,2.60535,0.67148,0.56129,0.0008497,0.0008497,0.0008497
169,693.489,2.37642,0.6644,0.57737,0.81764,0.64127,0.72915,0.38397,2.48095,0.64901,0.55843,0.0008488,0.0008488,0.0008488
170,697.785,2.73463,0.69641,0.56761,0.7942,0.6366,0.72422,0.36353,2.62595,0.66991,0.55951,0.0008479,0.0008479,0.0008479
171,701.83,2.49148,0.73786,0.59181,0.79591,0.64758,0.73115,0.38143,2.52825,0.66167,0.55752,0.000847,0.000847,0.000847
172,706.012,2.52711,0.67394,0.58121,0.77431,0.63166,0.71275,0.35456,2.68701,0.69001,0.56271,0.0008461,0.0008461,0.0008461
173,710.141,2.64737,0.72203,0.58551,0.80174,0.62679,0.7186,0.37458,2.54737,0.66378,0.56032,0.0008452,0.0008452,0.0008452
174,714.187,2.45365,0.67411,0.5838,0.78729,0.63811,0.72251,0.37037,2.5631,0.66382,0.56154,0.0008443,0.0008443,0.0008443
175,718.22,2.69448,0.70788,0.56661,0.75008,0.62754,0.70348,0.33084,2.81923,0.71322,0.56872,0.0008434,0.0008434,0.0008434
176,722.211,2.3801,0.66516,0.58217,0.80438,0.64168,0.72848,0.38354,2.48986,0.65386,0.56068,0.0008425,0.0008425,0.0008425
177,726.175,2.55879,0.6948,0.58378,0.78984,0.64184,0.72277,0.37294,2.53286,0.65592,0.56011,0.0008416,0.0008416,0.0008416
178,730.216,2.64789,0.74403,0.57689,0.81805,0.61354,0.69957,0.3451,2.67939,0.69156,0.56622,0.0008407,0.0008407,0.0008407
179,734.161,2.72772,0.72738,0.58305,0.83002,0.61971,0.71572,0.35842,2.65484,0.68973,0.56502,0.0008398,0.0008398,0.0008398
180,738.379,2.65489,0.73351,0.5785,0.79478,0.64347,0.72967,0.37814,2.54037,0.67305,0.56177,0.0008389,0.0008389,0.0008389
181,742.373,2.51756,0.67994,0.57508,0.82484,0.62776,0.71709,0.36212,2.63257,0.68444,0.5633,0.000838,0.000838,0.000838
182,746.355,2.48141,0.66793,0.56938,0.80241,0.63358,0.72373,0.38282,2.4798,0.64994,0.55872,0.0008371,0.0008371,0.0008371
183,750.305,2.50929,0.70513,0.5821,0.80686,0.63376,0.72774,0.38816,2.43487,0.64022,0.55679,0.0008362,0.0008362,0.0008362
184,754.677,2.45124,0.67882,0.57317,0.80236,0.64443,0.72476,0.3868,2.46232,0.64807,0.55857,0.0008353,0.0008353,0.0008353
185,758.782,2.41911,0.68713,0.56685,0.80245,0.63166,0.72485,0.37237,2.55826,0.65792,0.55921,0.0008344,0.0008344,0.0008344
186,762.921,2.36402,0.65812,0.57062,0.82623,0.6377,0.73238,0.38608,2.46467,0.63894,0.55727,0.0008335,0.0008335,0.0008335
187,766.924,2.51422,0.65916,0.56903,0.8112,0.64474,0.73338,0.38682,2.46629,0.6421,0.55726,0.0008326,0.0008326,0.0008326
188,770.996,2.48216,0.69293,0.57584,0.76731,0.6145,0.70707,0.3431,2.70132,0.7036,0.56112,0.0008317,0.0008317,0.0008317
189,775.038,2.37317,0.65603,0.57493,0.80883,0.63935,0.73205,0.39009,2.44909,0.64121,0.55694,0.0008308,0.0008308,0.0008308
190,779.329,2.55343,0.6709,0.56346,0.80658,0.62977,0.72474,0.36453,2.59439,0.65802,0.56015,0.0008299,0.0008299,0.0008299
191,783.49,2.7553,0.70749,0.56767,0.79617,0.64565,0.72756,0.37859,2.50491,0.64252,0.55754,0.000829,0.000829,0.000829
192,787.587,2.63346,0.68129,0.57064,0.78547,0.63936,0.72438,0.36695,2.55723,0.65638,0.55943,0.0008281,0.0008281,0.0008281
193,791.523,2.49511,0.67345,0.5734,0.79675,0.65102,0.73129,0.38589,2.4506,0.64292,0.5581,0.0008272,0.0008272,0.0008272
194,795.523,2.59047,0.68848,0.56818,0.81244,0.62685,0.71852,0.38423,2.48237,0.66231,0.56033,0.0008263,0.0008263,0.0008263
195,799.585,2.59728,0.71405,0.57562,0.82305,0.62898,0.71126,0.37468,2.49987,0.65628,0.56155,0.0008254,0.0008254,0.0008254
196,803.714,2.58747,0.68346,0.5679,0.81419,0.64366,0.72526,0.38473,2.4564,0.67801,0.55732,0.0008245,0.0008245,0.0008245
197,807.701,2.37111,0.66271,0.56863,0.82334,0.63509,0.72297,0.38217,2.4649,0.65777,0.55851,0.0008236,0.0008236,0.0008236
198,811.952,2.58589,0.68045,0.57782,0.81627,0.63399,0.72346,0.38319,2.46055,0.65797,0.55976,0.0008227,0.0008227,0.0008227
199,815.951,2.45524,0.67181,0.57662,0.80997,0.63619,0.72573,0.38439,2.45658,0.65042,0.5581,0.0008218,0.0008218,0.0008218
200,819.997,2.68189,0.69523,0.5713,0.77952,0.62383,0.70676,0.35881,2.63098,0.68006,0.55979,0.0008209,0.0008209,0.0008209
201,823.98,2.47087,0.68309,0.57059,0.77109,0.63308,0.7117,0.35363,2.70178,0.69189,0.56217,0.00082,0.00082,0.00082
202,828.058,2.55211,0.68202,0.56982,0.81403,0.63938,0.72564,0.37452,2.50188,0.66986,0.55775,0.0008191,0.0008191,0.0008191
203,832.071,2.40594,0.66682,0.57482,0.81239,0.63017,0.72673,0.37641,2.5608,0.66753,0.55828,0.0008182,0.0008182,0.0008182
204,836.133,2.47335,0.67529,0.57017,0.80041,0.65431,0.73049,0.37571,2.54946,0.67813,0.55704,0.0008173,0.0008173,0.0008173
205,840.051,2.29945,0.64856,0.57024,0.79407,0.65541,0.73261,0.37925,2.53474,0.6621,0.55683,0.0008164,0.0008164,0.0008164
206,844.257,2.33495,0.674,0.57904,0.82095,0.64332,0.73231,0.38428,2.49366,0.63689,0.55709,0.0008155,0.0008155,0.0008155
207,848.294,2.65555,0.69974,0.57957,0.81839,0.6469,0.7336,0.37693,2.51681,0.64128,0.55759,0.0008146,0.0008146,0.0008146
208,852.335,2.41373,0.64564,0.55773,0.82286,0.65048,0.74487,0.39862,2.42307,0.62669,0.55585,0.0008137,0.0008137,0.0008137
209,856.383,2.35477,0.64279,0.57175,0.82778,0.64139,0.73555,0.39415,2.44016,0.62925,0.55741,0.0008128,0.0008128,0.0008128
210,860.486,2.58628,0.67614,0.56374,0.8266,0.63746,0.7256,0.38608,2.45693,0.63113,0.55688,0.0008119,0.0008119,0.0008119
211,864.406,2.53824,0.66656,0.56696,0.82348,0.63605,0.73175,0.38495,2.48086,0.63812,0.55574,0.000811,0.000811,0.000811
212,868.517,2.51472,0.68557,0.58078,0.82211,0.63129,0.71369,0.35513,2.646,0.66688,0.56274,0.0008101,0.0008101,0.0008101
213,872.515,2.62649,0.69082,0.57402,0.8283,0.6318,0.72068,0.3617,2.61521,0.65784,0.56097,0.0008092,0.0008092,0.0008092
214,876.687,2.61749,0.71553,0.58335,0.8184,0.64401,0.7339,0.3822,2.51386,0.64439,0.55916,0.0008083,0.0008083,0.0008083
215,880.658,2.6011,0.68931,0.5717,0.81988,0.63289,0.72062,0.37688,2.52587,0.65061,0.56071,0.0008074,0.0008074,0.0008074
216,884.706,2.50508,0.68992,0.56671,0.79833,0.64209,0.73137,0.38121,2.50418,0.64717,0.55787,0.0008065,0.0008065,0.0008065
217,888.626,2.36521,0.65392,0.57268,0.81725,0.63176,0.72779,0.37656,2.51946,0.64599,0.55833,0.0008056,0.0008056,0.0008056
218,892.781,2.52989,0.70917,0.5846,0.82332,0.62886,0.72491,0.38814,2.45437,0.63397,0.55705,0.0008047,0.0008047,0.0008047
219,896.704,2.52004,0.69669,0.57186,0.80461,0.63602,0.72611,0.38875,2.45492,0.63703,0.55613,0.0008038,0.0008038,0.0008038
220,900.8,2.39547,0.64078,0.56479,0.80887,0.65829,0.73914,0.39346,2.42527,0.63907,0.55494,0.0008029,0.0008029,0.0008029
221,904.751,2.41613,0.67206,0.57509,0.79114,0.66392,0.74349,0.39136,2.48303,0.63956,0.55703,0.000802,0.000802,0.000802
222,908.84,2.46229,0.67356,0.5831,0.82624,0.64953,0.74249,0.39403,2.46171,0.62708,0.55635,0.0008011,0.0008011,0.0008011
223,912.794,2.35835,0.63283,0.5717,0.82915,0.6476,0.74356,0.39628,2.45069,0.62904,0.55665,0.0008002,0.0008002,0.0008002
224,916.781,2.40621,0.65197,0.56235,0.80771,0.63715,0.73494,0.37871,2.56554,0.65272,0.55911,0.0007993,0.0007993,0.0007993
225,920.821,2.49464,0.68102,0.579,0.82526,0.6561,0.74189,0.39249,2.4095,0.63021,0.55578,0.0007984,0.0007984,0.0007984
226,924.885,2.41707,0.66801,0.57788,0.79473,0.6224,0.71735,0.36361,2.56551,0.64947,0.55596,0.0007975,0.0007975,0.0007975
227,928.948,2.33586,0.65718,0.57382,0.7869,0.63756,0.72659,0.37489,2.52774,0.64276,0.55667,0.0007966,0.0007966,0.0007966
228,933.043,2.62584,0.67862,0.56094,0.81521,0.64635,0.73646,0.38124,2.52547,0.63921,0.55643,0.0007957,0.0007957,0.0007957
229,937.07,2.49974,0.66355,0.56843,0.81642,0.64412,0.73906,0.39218,2.44716,0.63203,0.55614,0.0007948,0.0007948,0.0007948
230,941.194,2.30113,0.64699,0.5604,0.80719,0.64601,0.73704,0.39558,2.42426,0.62832,0.55503,0.0007939,0.0007939,0.0007939
231,945.193,2.28424,0.66909,0.57238,0.83238,0.63268,0.7346,0.38606,2.47675,0.63438,0.55645,0.000793,0.000793,0.000793
232,949.237,2.40999,0.6576,0.56406,0.81875,0.64113,0.73446,0.3943,2.4197,0.62641,0.55737,0.0007921,0.0007921,0.0007921
233,953.363,2.46707,0.705,0.5816,0.80225,0.63893,0.73349,0.39203,2.45814,0.64399,0.5566,0.0007912,0.0007912,0.0007912
234,957.535,2.5748,0.69445,0.56586,0.79793,0.6469,0.73309,0.38911,2.46913,0.64241,0.55693,0.0007903,0.0007903,0.0007903
235,961.551,2.37346,0.65312,0.5727,0.82145,0.63793,0.73294,0.3875,2.45352,0.63545,0.55619,0.0007894,0.0007894,0.0007894
236,965.547,2.48497,0.67906,0.57934,0.83047,0.63217,0.72811,0.38451,2.47452,0.65722,0.55724,0.0007885,0.0007885,0.0007885
237,969.638,2.41976,0.65819,0.56953,0.81739,0.64072,0.73473,0.38156,2.51253,0.64167,0.55703,0.0007876,0.0007876,0.0007876
238,973.885,2.33435,0.66646,0.57573,0.82748,0.64862,0.74206,0.39826,2.42228,0.62924,0.55528,0.0007867,0.0007867,0.0007867
239,977.966,2.63124,0.70242,0.57431,0.80331,0.64552,0.73633,0.38498,2.522,0.63853,0.55613,0.0007858,0.0007858,0.0007858
240,982.109,2.41999,0.67024,0.5743,0.82522,0.64754,0.73853,0.39399,2.41062,0.62411,0.55507,0.0007849,0.0007849,0.0007849
241,986.139,2.41182,0.63246,0.5596,0.80716,0.65739,0.74097,0.39525,2.41682,0.62733,0.55487,0.000784,0.000784,0.000784
242,990.229,2.46731,0.66724,0.56942,0.82376,0.64539,0.73908,0.40552,2.36006,0.6188,0.55483,0.0007831,0.0007831,0.0007831
243,994.352,2.57218,0.70126,0.57648,0.8308,0.633,0.73939,0.40084,2.41193,0.62335,0.55503,0.0007822,0.0007822,0.0007822
244,998.536,2.5059,0.67772,0.57069,0.81728,0.65584,0.74106,0.39146,2.46067,0.64475,0.55678,0.0007813,0.0007813,0.0007813
245,1002.5,2.39994,0.7097,0.56724,0.82663,0.65019,0.736,0.38754,2.46637,0.67356,0.55798,0.0007804,0.0007804,0.0007804
246,1006.6,2.38219,0.64375,0.57359,0.81409,0.64865,0.73387,0.39363,2.41316,0.63664,0.55704,0.0007795,0.0007795,0.0007795
247,1010.53,2.45447,0.71507,0.58385,0.80738,0.64277,0.73508,0.39491,2.39859,0.6252,0.55485,0.0007786,0.0007786,0.0007786
248,1014.62,2.32709,0.65607,0.57515,0.80457,0.6528,0.73371,0.3897,2.425,0.643,0.55499,0.0007777,0.0007777,0.0007777
249,1018.54,2.34801,0.65662,0.56733,0.82034,0.64816,0.73825,0.39656,2.41631,0.63254,0.55542,0.0007768,0.0007768,0.0007768
250,1022.73,2.51016,0.66656,0.56359,0.81801,0.66131,0.75053,0.40768,2.35767,0.61904,0.55342,0.0007759,0.0007759,0.0007759
251,1026.89,2.38174,0.63615,0.56975,0.805,0.65175,0.73951,0.38457,2.48187,0.63332,0.55638,0.000775,0.000775,0.000775
252,1031.06,2.30371,0.63715,0.56918,0.82884,0.64086,0.73766,0.4016,2.3662,0.61883,0.55286,0.0007741,0.0007741,0.0007741
253,1035.05,2.33007,0.62817,0.56663,0.79741,0.64498,0.7307,0.38053,2.47302,0.63088,0.55495,0.0007732,0.0007732,0.0007732
254,1039.26,2.18837,0.63464,0.57083,0.80798,0.66749,0.74848,0.4021,2.36735,0.63389,0.5538,0.0007723,0.0007723,0.0007723
255,1043.25,2.22865,0.62294,0.57015,0.82059,0.65555,0.74984,0.40791,2.35805,0.6247,0.55427,0.0007714,0.0007714,0.0007714
256,1047.39,2.28496,0.61921,0.57037,0.80131,0.64671,0.73834,0.39107,2.45653,0.62842,0.55481,0.0007705,0.0007705,0.0007705
257,1051.41,2.37942,0.64613,0.56709,0.8382,0.64003,0.74549,0.40521,2.37187,0.60958,0.55404,0.0007696,0.0007696,0.0007696
258,1055.51,2.34642,0.6352,0.5555,0.82361,0.65896,0.75064,0.40356,2.3919,0.61578,0.55478,0.0007687,0.0007687,0.0007687
259,1059.64,2.50395,0.68157,0.58031,0.79717,0.65431,0.75025,0.39681,2.47123,0.63963,0.55623,0.0007678,0.0007678,0.0007678
260,1063.75,2.51445,0.66058,0.57169,0.83071,0.63893,0.73712,0.39788,2.41464,0.6223,0.556,0.0007669,0.0007669,0.0007669
261,1067.83,2.57662,0.66397,0.56604,0.82747,0.65115,0.74448,0.39544,2.43264,0.62577,0.55505,0.000766,0.000766,0.000766
262,1072.06,2.13829,0.61032,0.56125,0.83293,0.6561,0.74383,0.40628,2.35954,0.60541,0.55466,0.0007651,0.0007651,0.0007651
263,1076.01,2.58795,0.68374,0.56189,0.82019,0.64786,0.7391,0.39511,2.41403,0.61101,0.55478,0.0007642,0.0007642,0.0007642
264,1080.12,2.32644,0.62518,0.5604,0.82541,0.6436,0.73533,0.39602,2.40592,0.6228,0.55471,0.0007633,0.0007633,0.0007633
265,1084.37,2.43476,0.64937,0.56674,0.82341,0.64237,0.73323,0.39297,2.42602,0.64153,0.55507,0.0007624,0.0007624,0.0007624
266,1088.48,2.24158,0.63919,0.56841,0.84034,0.63289,0.7346,0.39668,2.37942,0.61739,0.55524,0.0007615,0.0007615,0.0007615
267,1092.48,2.48952,0.63695,0.56211,0.83761,0.63303,0.73396,0.39935,2.37475,0.6157,0.55555,0.0007606,0.0007606,0.0007606
268,1096.56,2.44021,0.65929,0.56984,0.82127,0.64471,0.7436,0.40001,2.39871,0.61473,0.55484,0.0007597,0.0007597,0.0007597
269,1100.65,2.3008,0.62441,0.567,0.82511,0.65288,0.74551,0.40686,2.35835,0.60858,0.55399,0.0007588,0.0007588,0.0007588
270,1104.87,2.29368,0.64706,0.5747,0.83182,0.65555,0.74683,0.4131,2.32657,0.60094,0.55414,0.0007579,0.0007579,0.0007579
271,1109.12,2.30879,0.62161,0.56569,0.8291,0.65253,0.75259,0.41141,2.36755,0.60725,0.55422,0.000757,0.000757,0.000757
272,1113.27,2.27332,0.62951,0.56897,0.81221,0.66104,0.75206,0.41323,2.35694,0.60227,0.55394,0.0007561,0.0007561,0.0007561
273,1117.66,2.54553,0.67907,0.57482,0.82291,0.64816,0.73965,0.40132,2.40043,0.62044,0.55499,0.0007552,0.0007552,0.0007552
274,1121.93,2.41645,0.65504,0.56958,0.81033,0.63276,0.72947,0.38548,2.45512,0.63423,0.55536,0.0007543,0.0007543,0.0007543
275,1126.17,2.51423,0.66963,0.57457,0.8224,0.65047,0.74453,0.4066,2.35639,0.61369,0.55433,0.0007534,0.0007534,0.0007534
276,1130.45,2.57458,0.69466,0.58017,0.81746,0.64985,0.74496,0.40299,2.39693,0.61995,0.55525,0.0007525,0.0007525,0.0007525
277,1134.75,2.55348,0.69916,0.5698,0.82603,0.65376,0.75044,0.40876,2.39473,0.62176,0.55408,0.0007516,0.0007516,0.0007516
278,1138.99,2.56522,0.68696,0.58236,0.81528,0.6561,0.74954,0.4015,2.38538,0.62181,0.55417,0.0007507,0.0007507,0.0007507
279,1143.04,2.53621,0.71649,0.59059,0.82303,0.64909,0.74073,0.38971,2.45219,0.63279,0.55569,0.0007498,0.0007498,0.0007498
280,1147.32,2.58919,0.71952,0.575,0.81553,0.62356,0.72605,0.36633,2.59211,0.66827,0.55809,0.0007489,0.0007489,0.0007489
281,1151.52,2.49271,0.68485,0.57819,0.79274,0.61281,0.70823,0.34711,2.62804,0.67864,0.55965,0.000748,0.000748,0.000748
282,1155.74,2.49498,0.66654,0.56706,0.82471,0.63591,0.73266,0.39186,2.43072,0.65879,0.55443,0.0007471,0.0007471,0.0007471
283,1159.79,2.70877,0.70974,0.5725,0.82617,0.64305,0.74131,0.39212,2.42341,0.63531,0.55385,0.0007462,0.0007462,0.0007462
284,1163.87,2.39167,0.6482,0.56619,0.82269,0.66227,0.74498,0.39615,2.40395,0.62409,0.55408,0.0007453,0.0007453,0.0007453
285,1167.83,2.43079,0.66789,0.56585,0.81722,0.65864,0.74825,0.39532,2.39158,0.61282,0.55374,0.0007444,0.0007444,0.0007444
286,1172.02,2.24698,0.62629,0.56468,0.82448,0.65143,0.74945,0.40424,2.35051,0.60274,0.55313,0.0007435,0.0007435,0.0007435
287,1176,2.35144,0.64958,0.56705,0.82272,0.65459,0.75158,0.41092,2.34612,0.60512,0.55369,0.0007426,0.0007426,0.0007426
288,1180.12,2.36738,0.62525,0.56536,0.83548,0.6469,0.74553,0.40342,2.38268,0.62092,0.55476,0.0007417,0.0007417,0.0007417
289,1184.03,2.49733,0.69654,0.57146,0.83115,0.65939,0.75566,0.41393,2.33798,0.60678,0.55336,0.0007408,0.0007408,0.0007408
290,1188.21,2.46579,0.66755,0.5618,0.8177,0.66689,0.7561,0.41605,2.3408,0.61173,0.55424,0.0007399,0.0007399,0.0007399
291,1192.52,2.2822,0.65619,0.56825,0.80988,0.66963,0.75969,0.41471,2.3416,0.61364,0.55359,0.000739,0.000739,0.000739
292,1196.55,2.35864,0.64322,0.56577,0.8324,0.65912,0.75586,0.41359,2.33098,0.60257,0.55365,0.0007381,0.0007381,0.0007381
293,1200.61,2.41368,0.65082,0.57574,0.8227,0.65404,0.74995,0.40951,2.34815,0.60076,0.55382,0.0007372,0.0007372,0.0007372
294,1204.69,2.3534,0.62649,0.55983,0.82259,0.64612,0.73923,0.40001,2.38511,0.60582,0.55545,0.0007363,0.0007363,0.0007363
295,1208.64,2.56298,0.71837,0.57905,0.81416,0.64058,0.73931,0.39877,2.42057,0.62235,0.55515,0.0007354,0.0007354,0.0007354
296,1212.8,2.35955,0.62798,0.56028,0.83052,0.64789,0.74736,0.41327,2.3207,0.59876,0.55303,0.0007345,0.0007345,0.0007345
297,1216.88,2.49653,0.66069,0.56551,0.82458,0.648,0.74651,0.40431,2.38006,0.60534,0.55314,0.0007336,0.0007336,0.0007336
298,1220.98,2.36721,0.63496,0.56221,0.80393,0.65074,0.74856,0.40209,2.41355,0.6145,0.55361,0.0007327,0.0007327,0.0007327
299,1224.91,2.5753,0.69533,0.57241,0.81688,0.65033,0.75082,0.41458,2.32193,0.59921,0.55263,0.0007318,0.0007318,0.0007318
300,1228.92,2.43389,0.65714,0.57178,0.81604,0.64662,0.74754,0.40703,2.35976,0.60662,0.55282,0.0007309,0.0007309,0.0007309
301,1232.98,2.39344,0.64226,0.55832,0.81991,0.65069,0.74887,0.40858,2.34064,0.60174,0.55183,0.00073,0.00073,0.00073
302,1237.21,2.55467,0.67769,0.56733,0.82438,0.64676,0.73912,0.39535,2.42739,0.61995,0.55478,0.0007291,0.0007291,0.0007291
303,1241.13,2.47721,0.65336,0.57191,0.81827,0.65047,0.73892,0.39741,2.4021,0.62013,0.55384,0.0007282,0.0007282,0.0007282
304,1245.22,2.38286,0.63471,0.56623,0.81921,0.65774,0.74624,0.40244,2.35234,0.6116,0.55222,0.0007273,0.0007273,0.0007273
305,1249.22,2.36578,0.641,0.56789,0.83091,0.65225,0.74513,0.4063,2.339,0.61285,0.55234,0.0007264,0.0007264,0.0007264
306,1253.39,2.38069,0.6459,0.56416,0.82276,0.65448,0.74708,0.39878,2.43469,0.61932,0.55392,0.0007255,0.0007255,0.0007255
307,1257.34,2.28206,0.63034,0.57578,0.82681,0.65805,0.7557,0.41771,2.3181,0.60223,0.55192,0.0007246,0.0007246,0.0007246
308,1261.62,2.5217,0.68891,0.57478,0.82908,0.6593,0.74513,0.39724,2.37264,0.62857,0.55312,0.0007237,0.0007237,0.0007237
309,1265.66,2.36701,0.65978,0.56464,0.82267,0.65985,0.74749,0.40491,2.34664,0.61067,0.5522,0.0007228,0.0007228,0.0007228
310,1269.65,2.56663,0.66117,0.56018,0.78784,0.6454,0.73009,0.37323,2.55695,0.64021,0.55416,0.0007219,0.0007219,0.0007219
311,1273.78,2.41746,0.65421,0.57553,0.8168,0.65982,0.75053,0.41406,2.33576,0.61574,0.55117,0.000721,0.000721,0.000721
312,1277.82,2.31919,0.63445,0.56668,0.83388,0.66008,0.7529,0.40487,2.40176,0.62001,0.55178,0.0007201,0.0007201,0.0007201
313,1281.95,2.3492,0.63952,0.56967,0.84499,0.65582,0.7475,0.41072,2.32815,0.61233,0.55152,0.0007192,0.0007192,0.0007192
314,1286.12,2.34201,0.63284,0.56654,0.82258,0.65513,0.74527,0.39217,2.40015,0.61097,0.55305,0.0007183,0.0007183,0.0007183
315,1290.16,2.21128,0.6088,0.57094,0.82007,0.66063,0.74715,0.38619,2.46092,0.62127,0.55408,0.0007174,0.0007174,0.0007174
316,1294.26,2.31861,0.618,0.56603,0.83599,0.66639,0.75635,0.41495,2.29486,0.592,0.55084,0.0007165,0.0007165,0.0007165
317,1298.26,2.52404,0.67234,0.56693,0.83675,0.64662,0.74998,0.41194,2.31854,0.59403,0.55084,0.0007156,0.0007156,0.0007156
318,1302.34,2.26844,0.61874,0.56755,0.84755,0.65308,0.75051,0.4076,2.35614,0.60746,0.55264,0.0007147,0.0007147,0.0007147
319,1306.32,2.31145,0.63001,0.56807,0.84535,0.65953,0.75484,0.40951,2.34772,0.60642,0.55191,0.0007138,0.0007138,0.0007138
320,1310.3,2.4729,0.65427,0.56246,0.82685,0.6561,0.75209,0.41228,2.33803,0.59542,0.55125,0.0007129,0.0007129,0.0007129
321,1314.37,2.37731,0.64166,0.57077,0.83479,0.66177,0.75326,0.41002,2.32097,0.60092,0.55187,0.000712,0.000712,0.000712
322,1318.42,2.51698,0.66543,0.5697,0.82478,0.66104,0.75249,0.41056,2.33425,0.59357,0.551,0.0007111,0.0007111,0.0007111
323,1322.49,2.35513,0.63992,0.56248,0.82831,0.65445,0.75214,0.40369,2.37856,0.60544,0.5513,0.0007102,0.0007102,0.0007102
324,1326.55,2.47999,0.66094,0.56378,0.83942,0.65668,0.75563,0.41955,2.29905,0.58832,0.55124,0.0007093,0.0007093,0.0007093
325,1330.77,2.46197,0.65446,0.56701,0.82592,0.6609,0.75811,0.41836,2.31045,0.5903,0.55078,0.0007084,0.0007084,0.0007084
326,1334.8,2.43786,0.65908,0.57089,0.82944,0.66186,0.74832,0.41079,2.30657,0.59191,0.55148,0.0007075,0.0007075,0.0007075
327,1338.84,2.22416,0.60723,0.56939,0.835,0.65005,0.74576,0.40745,2.35201,0.59989,0.55261,0.0007066,0.0007066,0.0007066
328,1343.09,2.24769,0.62005,0.56044,0.82734,0.65388,0.75519,0.40094,2.42531,0.62007,0.55376,0.0007057,0.0007057,0.0007057
329,1347.06,2.30469,0.63296,0.56042,0.82569,0.66464,0.75722,0.41805,2.31571,0.59646,0.55175,0.0007048,0.0007048,0.0007048
330,1351.19,2.47822,0.63619,0.56286,0.82531,0.65664,0.75291,0.40462,2.38628,0.60361,0.55169,0.0007039,0.0007039,0.0007039
331,1355.33,2.46557,0.65245,0.56894,0.83738,0.64967,0.75231,0.40885,2.35891,0.59815,0.55191,0.000703,0.000703,0.000703
332,1359.44,2.30149,0.62552,0.5643,0.82796,0.66269,0.75115,0.40618,2.38206,0.60404,0.55222,0.0007021,0.0007021,0.0007021
333,1363.6,2.5026,0.63079,0.54903,0.83301,0.66378,0.76255,0.42373,2.2796,0.59632,0.55025,0.0007012,0.0007012,0.0007012
334,1367.77,2.17797,0.59043,0.55671,0.8275,0.66804,0.76304,0.42089,2.27725,0.58455,0.54984,0.0007003,0.0007003,0.0007003
335,1371.75,2.35934,0.63122,0.56002,0.83298,0.66557,0.76465,0.42627,2.26612,0.58197,0.55053,0.0006994,0.0006994,0.0006994
336,1375.91,2.26177,0.61304,0.56522,0.83039,0.6681,0.76374,0.42729,2.26162,0.58347,0.55057,0.0006985,0.0006985,0.0006985
337,1380.21,2.30153,0.6066,0.56023,0.82973,0.6642,0.76162,0.42506,2.26041,0.58577,0.55005,0.0006976,0.0006976,0.0006976
338,1384.36,2.34533,0.62385,0.56733,0.83292,0.66365,0.75812,0.41435,2.33914,0.59892,0.55165,0.0006967,0.0006967,0.0006967
339,1388.3,2.34288,0.658,0.57508,0.83477,0.65614,0.75376,0.41893,2.3201,0.59752,0.55149,0.0006958,0.0006958,0.0006958
340,1392.42,2.39886,0.6625,0.58084,0.84164,0.64896,0.7499,0.41333,2.30894,0.59867,0.55114,0.0006949,0.0006949,0.0006949
341,1396.36,2.37061,0.63189,0.56211,0.84409,0.65129,0.7519,0.40999,2.33038,0.60589,0.55212,0.000694,0.000694,0.000694
342,1400.48,2.23592,0.60764,0.56215,0.84201,0.6561,0.75973,0.41947,2.28871,0.59465,0.55148,0.0006931,0.0006931,0.0006931
343,1404.52,2.30583,0.63265,0.57272,0.83799,0.65403,0.75517,0.41562,2.30596,0.59382,0.55225,0.0006922,0.0006922,0.0006922
344,1408.63,2.33761,0.64552,0.57302,0.83657,0.66478,0.76266,0.42294,2.27376,0.58695,0.55095,0.0006913,0.0006913,0.0006913
345,1412.63,2.16613,0.5993,0.56599,0.84239,0.65819,0.7612,0.41828,2.29669,0.58924,0.55119,0.0006904,0.0006904,0.0006904
346,1416.7,2.03698,0.57345,0.5555,0.8444,0.65338,0.75703,0.41651,2.30594,0.59113,0.55105,0.0006895,0.0006895,0.0006895
347,1420.67,2.40829,0.64067,0.56818,0.83229,0.65408,0.75734,0.41218,2.32654,0.5949,0.55116,0.0006886,0.0006886,0.0006886
348,1424.82,2.1965,0.60279,0.56204,0.8239,0.6539,0.74989,0.41169,2.32611,0.5945,0.55099,0.0006877,0.0006877,0.0006877
349,1429.06,2.33807,0.64011,0.56577,0.81528,0.66639,0.75941,0.418,2.31652,0.58713,0.55091,0.0006868,0.0006868,0.0006868
350,1433.24,2.29896,0.62792,0.56435,0.8183,0.67394,0.76014,0.42292,2.29284,0.58943,0.55056,0.0006859,0.0006859,0.0006859
351,1437.26,2.1907,0.62032,0.56879,0.80426,0.65433,0.74684,0.40685,2.37209,0.60811,0.55147,0.000685,0.000685,0.000685
352,1441.31,2.33094,0.61107,0.55375,0.83124,0.66035,0.75387,0.42307,2.28309,0.58484,0.55028,0.0006841,0.0006841,0.0006841
353,1445.35,2.32531,0.62002,0.55682,0.83375,0.66488,0.75973,0.42318,2.2839,0.5862,0.55023,0.0006832,0.0006832,0.0006832
354,1449.65,2.22567,0.60435,0.5561,0.8224,0.66269,0.7536,0.41028,2.37432,0.59721,0.55088,0.0006823,0.0006823,0.0006823
355,1453.6,2.26159,0.61654,0.56364,0.8319,0.66296,0.7551,0.41562,2.33133,0.59231,0.5506,0.0006814,0.0006814,0.0006814
356,1457.6,2.33318,0.61866,0.55604,0.82301,0.66749,0.75545,0.4083,2.36903,0.60332,0.55094,0.0006805,0.0006805,0.0006805
357,1461.54,2.21633,0.61578,0.56906,0.82845,0.6631,0.75288,0.42126,2.27482,0.59319,0.54941,0.0006796,0.0006796,0.0006796
358,1465.57,2.27428,0.62106,0.56117,0.83955,0.64937,0.7463,0.41177,2.32542,0.61027,0.55052,0.0006787,0.0006787,0.0006787
359,1469.82,2.48158,0.67579,0.56465,0.83917,0.65967,0.75639,0.41543,2.3288,0.59811,0.55042,0.0006778,0.0006778,0.0006778
360,1473.9,2.2126,0.5952,0.56517,0.82827,0.66746,0.7589,0.42914,2.2585,0.58287,0.54964,0.0006769,0.0006769,0.0006769
361,1478.04,2.20723,0.60294,0.56856,0.83405,0.66323,0.75636,0.41899,2.30252,0.58777,0.55038,0.000676,0.000676,0.000676
362,1482.07,2.25844,0.61098,0.54995,0.83287,0.66568,0.75879,0.42465,2.26598,0.58345,0.5492,0.0006751,0.0006751,0.0006751
363,1486.09,2.19384,0.60294,0.56491,0.83311,0.66477,0.75926,0.42459,2.27079,0.58161,0.54921,0.0006742,0.0006742,0.0006742
364,1490.29,2.47735,0.64842,0.5676,0.83344,0.66186,0.75189,0.40394,2.40627,0.61531,0.55215,0.0006733,0.0006733,0.0006733
365,1494.26,2.34943,0.65929,0.57546,0.83273,0.66636,0.75986,0.41889,2.29689,0.59232,0.55051,0.0006724,0.0006724,0.0006724
366,1498.31,2.32516,0.62006,0.56662,0.82289,0.67615,0.76412,0.42323,2.28251,0.589,0.54971,0.0006715,0.0006715,0.0006715
367,1502.32,2.45345,0.64939,0.56296,0.82984,0.66953,0.75857,0.41664,2.32653,0.59213,0.55049,0.0006706,0.0006706,0.0006706
368,1506.37,2.26017,0.61623,0.55872,0.83136,0.67422,0.76363,0.42392,2.27422,0.58103,0.55025,0.0006697,0.0006697,0.0006697
369,1510.45,2.22718,0.63427,0.56892,0.83138,0.67823,0.76765,0.42265,2.29664,0.58688,0.55099,0.0006688,0.0006688,0.0006688
370,1514.54,2.48283,0.65733,0.56731,0.8247,0.67105,0.76566,0.42405,2.30858,0.58184,0.55155,0.0006679,0.0006679,0.0006679
371,1518.46,2.41541,0.65034,0.56263,0.82676,0.66557,0.763,0.43102,2.25045,0.57016,0.55059,0.000667,0.000667,0.000667
372,1522.64,2.0521,0.58158,0.57033,0.82653,0.67115,0.76276,0.42694,2.26457,0.57933,0.55133,0.0006661,0.0006661,0.0006661
373,1526.56,2.32628,0.61361,0.55818,0.83444,0.67381,0.76829,0.43197,2.24476,0.57445,0.55047,0.0006652,0.0006652,0.0006652
374,1530.75,2.35086,0.61241,0.55628,0.84486,0.65829,0.75983,0.41302,2.38556,0.61487,0.55307,0.0006643,0.0006643,0.0006643
375,1534.85,2.2327,0.60047,0.5587,0.84159,0.65789,0.76234,0.42518,2.27508,0.58768,0.5505,0.0006634,0.0006634,0.0006634
376,1538.81,2.08991,0.58411,0.55758,0.85511,0.65664,0.75493,0.41751,2.2791,0.58669,0.55093,0.0006625,0.0006625,0.0006625
377,1542.78,2.13223,0.589,0.56092,0.84401,0.65939,0.75338,0.41917,2.26097,0.58921,0.55043,0.0006616,0.0006616,0.0006616
378,1546.87,2.49658,0.65073,0.57477,0.82874,0.66369,0.76139,0.42136,2.34195,0.59388,0.54998,0.0006607,0.0006607,0.0006607
379,1550.81,2.22097,0.59002,0.555,0.82712,0.67188,0.76671,0.43287,2.25318,0.58151,0.54877,0.0006598,0.0006598,0.0006598
380,1555.08,2.30601,0.63449,0.56593,0.82692,0.67492,0.7676,0.41909,2.34057,0.58709,0.54982,0.0006589,0.0006589,0.0006589
381,1559.01,2.31164,0.62726,0.56361,0.83698,0.6723,0.76697,0.42958,2.28343,0.57826,0.54915,0.000658,0.000658,0.000658
382,1562.91,2.26295,0.61172,0.56125,0.84043,0.66296,0.76466,0.42851,2.29495,0.58838,0.5511,0.0006571,0.0006571,0.0006571
383,1566.88,2.29285,0.6265,0.56856,0.83505,0.65719,0.76327,0.42308,2.31681,0.59532,0.55013,0.0006562,0.0006562,0.0006562
384,1570.88,2.59714,0.65785,0.55175,0.84424,0.66859,0.76448,0.42355,2.27564,0.58475,0.54927,0.0006553,0.0006553,0.0006553
385,1574.99,2.29437,0.60402,0.55691,0.84763,0.65907,0.75766,0.41404,2.33221,0.59728,0.55071,0.0006544,0.0006544,0.0006544
386,1579.06,2.52884,0.66729,0.56855,0.84677,0.65747,0.76394,0.42774,2.26902,0.58109,0.54899,0.0006535,0.0006535,0.0006535
387,1583.01,2.19034,0.6021,0.56529,0.84476,0.66159,0.76181,0.42601,2.25429,0.58193,0.54904,0.0006526,0.0006526,0.0006526
388,1587.08,2.28106,0.61175,0.55994,0.83442,0.67065,0.76808,0.43367,2.22883,0.57719,0.54854,0.0006517,0.0006517,0.0006517
389,1591.16,2.30036,0.62839,0.56333,0.83711,0.6749,0.77126,0.4296,2.25167,0.57903,0.54898,0.0006508,0.0006508,0.0006508
390,1595.14,2.24508,0.60111,0.55857,0.84751,0.66529,0.7712,0.43257,2.24647,0.57322,0.54926,0.0006499,0.0006499,0.0006499
391,1599.2,2.32591,0.61807,0.55955,0.84638,0.65857,0.76274,0.42521,2.27158,0.57751,0.55013,0.000649,0.000649,0.000649
392,1603.29,2.2979,0.61244,0.5624,0.83545,0.6561,0.76004,0.4218,2.3381,0.59367,0.55209,0.0006481,0.0006481,0.0006481
393,1607.35,2.2644,0.60487,0.55743,0.82915,0.66186,0.76741,0.42825,2.30295,0.59477,0.5525,0.0006472,0.0006472,0.0006472
394,1611.35,2.44643,0.66478,0.57171,0.85235,0.66017,0.76352,0.42885,2.26444,0.58667,0.55119,0.0006463,0.0006463,0.0006463
395,1615.32,2.28745,0.62183,0.56604,0.82979,0.67188,0.76649,0.42746,2.28366,0.58171,0.55131,0.0006454,0.0006454,0.0006454
396,1619.35,2.31639,0.62612,0.56568,0.84767,0.67339,0.76896,0.42966,2.25881,0.58005,0.5494,0.0006445,0.0006445,0.0006445
397,1623.38,2.28596,0.63472,0.55805,0.83698,0.68092,0.77361,0.43537,2.2375,0.57312,0.54892,0.0006436,0.0006436,0.0006436
398,1627.64,2.2553,0.6018,0.56669,0.8222,0.68184,0.77174,0.43274,2.27305,0.58342,0.5497,0.0006427,0.0006427,0.0006427
399,1631.53,2.38264,0.61867,0.55843,0.82557,0.68328,0.77462,0.44113,2.2109,0.57493,0.54815,0.0006418,0.0006418,0.0006418
400,1635.84,2.39108,0.6376,0.56347,0.84365,0.6701,0.76649,0.42833,2.24491,0.57661,0.5485,0.0006409,0.0006409,0.0006409
401,1639.82,2.23384,0.5899,0.55957,0.84349,0.66447,0.76545,0.43192,2.23598,0.57472,0.54811,0.00064,0.00064,0.00064
402,1644.05,2.35879,0.6326,0.56608,0.82359,0.66021,0.76646,0.42283,2.3658,0.60231,0.55081,0.0006391,0.0006391,0.0006391
403,1647.99,2.35172,0.63579,0.56975,0.8176,0.676,0.77316,0.43693,2.27347,0.58909,0.54946,0.0006382,0.0006382,0.0006382
404,1652,2.34641,0.62581,0.55904,0.82648,0.66433,0.76004,0.42115,2.28777,0.58516,0.54832,0.0006373,0.0006373,0.0006373
405,1656.05,2.11371,0.59524,0.55859,0.83309,0.66996,0.76226,0.43082,2.21979,0.5791,0.54748,0.0006364,0.0006364,0.0006364
406,1660.05,2.14843,0.58843,0.55717,0.83322,0.67148,0.7636,0.42922,2.28299,0.58479,0.54963,0.0006355,0.0006355,0.0006355
407,1664.06,2.32472,0.6105,0.56238,0.83298,0.66757,0.76113,0.43023,2.28469,0.59151,0.55078,0.0006346,0.0006346,0.0006346
408,1668.1,2.19735,0.60414,0.56129,0.83447,0.67298,0.76587,0.43086,2.27801,0.58611,0.54954,0.0006337,0.0006337,0.0006337
409,1672.19,2.34841,0.62967,0.56882,0.82403,0.68082,0.76495,0.42544,2.26885,0.58261,0.54864,0.0006328,0.0006328,0.0006328
410,1676.15,2.38019,0.63153,0.5701,0.85203,0.66269,0.76013,0.42675,2.25803,0.58565,0.54965,0.0006319,0.0006319,0.0006319
411,1680.2,2.27201,0.6173,0.56051,0.84669,0.66492,0.76147,0.4339,2.19967,0.57511,0.54796,0.000631,0.000631,0.000631
412,1684.31,2.30678,0.6221,0.55812,0.83457,0.67458,0.76814,0.43657,2.20204,0.56974,0.54752,0.0006301,0.0006301,0.0006301
413,1688.47,2.29287,0.59568,0.55853,0.84084,0.67233,0.76995,0.43327,2.2372,0.57276,0.54813,0.0006292,0.0006292,0.0006292
414,1692.46,2.27258,0.62028,0.56593,0.8539,0.67106,0.7688,0.43533,2.21744,0.57049,0.54878,0.0006283,0.0006283,0.0006283
415,1696.6,2.32936,0.63564,0.56476,0.83714,0.67889,0.77122,0.43545,2.23028,0.56868,0.54815,0.0006274,0.0006274,0.0006274
416,1700.64,2.22891,0.61041,0.5662,0.83609,0.67509,0.76929,0.43744,2.2183,0.56622,0.54837,0.0006265,0.0006265,0.0006265
417,1704.56,2.26606,0.59042,0.5504,0.84425,0.66305,0.76182,0.43484,2.21801,0.56855,0.54891,0.0006256,0.0006256,0.0006256
418,1708.69,2.17698,0.58223,0.55748,0.83867,0.66945,0.76743,0.42416,2.26456,0.57357,0.54849,0.0006247,0.0006247,0.0006247
419,1712.68,2.19382,0.59427,0.55952,0.84002,0.67889,0.77062,0.43104,2.21833,0.57096,0.54787,0.0006238,0.0006238,0.0006238
420,1716.75,2.15716,0.57764,0.55784,0.84287,0.67014,0.76863,0.43141,2.23953,0.57229,0.54797,0.0006229,0.0006229,0.0006229
421,1720.65,2.18803,0.58858,0.55318,0.82258,0.68589,0.77041,0.43489,2.21643,0.56942,0.54789,0.000622,0.000622,0.000622
422,1724.7,2.1004,0.56004,0.55328,0.828,0.67343,0.76591,0.43376,2.22336,0.56887,0.5485,0.0006211,0.0006211,0.0006211
423,1728.66,2.20507,0.5965,0.56182,0.83254,0.66686,0.76263,0.43132,2.23397,0.56869,0.54873,0.0006202,0.0006202,0.0006202
424,1732.81,2.04962,0.58805,0.56168,0.8192,0.66993,0.76505,0.42377,2.28394,0.57751,0.54774,0.0006193,0.0006193,0.0006193
425,1736.79,2.26981,0.61286,0.55858,0.82393,0.67712,0.7727,0.43381,2.2262,0.56853,0.54697,0.0006184,0.0006184,0.0006184
426,1740.78,2.30043,0.61515,0.55655,0.84077,0.66378,0.75722,0.4194,2.2861,0.59077,0.54849,0.0006175,0.0006175,0.0006175
427,1744.68,2.26655,0.60276,0.55625,0.84799,0.66093,0.75837,0.42873,2.21588,0.58612,0.54732,0.0006166,0.0006166,0.0006166
428,1748.81,2.31504,0.60964,0.54884,0.82856,0.67347,0.76613,0.42662,2.25931,0.58256,0.54893,0.0006157,0.0006157,0.0006157
429,1753.77,2.41537,0.65298,0.56653,0.83111,0.67545,0.76613,0.42716,2.29209,0.5825,0.54951,0.0006148,0.0006148,0.0006148
430,1757.82,2.25137,0.60529,0.56063,0.83077,0.66625,0.76358,0.42962,2.24464,0.57482,0.54811,0.0006139,0.0006139,0.0006139
431,1761.84,2.38482,0.63654,0.56414,0.84023,0.66035,0.76375,0.43127,2.23329,0.57051,0.54786,0.000613,0.000613,0.000613
432,1765.89,2.10551,0.57968,0.5655,0.83021,0.69001,0.77602,0.43963,2.2235,0.57098,0.547,0.0006121,0.0006121,0.0006121
433,1770.03,2.51069,0.72465,0.57325,0.82391,0.67998,0.77505,0.44416,2.21386,0.57699,0.54661,0.0006112,0.0006112,0.0006112
434,1774.3,2.18456,0.60692,0.55747,0.83071,0.67683,0.77172,0.4346,2.22489,0.57181,0.54713,0.0006103,0.0006103,0.0006103
435,1778.39,2.2851,0.59378,0.55413,0.83888,0.6771,0.7682,0.42812,2.23262,0.57939,0.54805,0.0006094,0.0006094,0.0006094
436,1782.42,2.19869,0.59782,0.56156,0.84157,0.66474,0.7632,0.42982,2.23509,0.57455,0.54734,0.0006085,0.0006085,0.0006085
437,1786.3,2.39775,0.64892,0.56741,0.83288,0.66969,0.76527,0.43231,2.24279,0.58183,0.54709,0.0006076,0.0006076,0.0006076
438,1790.43,2.16405,0.59768,0.5546,0.83444,0.67396,0.77102,0.43376,2.24017,0.57973,0.54766,0.0006067,0.0006067,0.0006067
439,1794.58,2.28352,0.62104,0.56976,0.82092,0.68026,0.7681,0.42638,2.26341,0.58152,0.54819,0.0006058,0.0006058,0.0006058
440,1798.91,2.35633,0.63726,0.55324,0.83659,0.66557,0.75756,0.43378,2.17286,0.57599,0.5468,0.0006049,0.0006049,0.0006049
441,1802.87,2.26842,0.62172,0.5692,0.83232,0.66667,0.75889,0.43447,2.17735,0.57085,0.54624,0.000604,0.000604,0.000604
442,1806.86,2.03461,0.57425,0.56177,0.81782,0.67724,0.76726,0.42743,2.28765,0.58129,0.5473,0.0006031,0.0006031,0.0006031
443,1810.94,2.18473,0.59216,0.55805,0.83726,0.66804,0.76966,0.43221,2.25468,0.57605,0.54711,0.0006022,0.0006022,0.0006022
444,1814.95,2.02774,0.56372,0.5535,0.83284,0.67435,0.76549,0.43107,2.23209,0.56534,0.54684,0.0006013,0.0006013,0.0006013
445,1819.4,2.28756,0.60518,0.55693,0.83566,0.66831,0.76281,0.42775,2.2314,0.56486,0.54727,0.0006004,0.0006004,0.0006004
446,1823.54,2.30222,0.61726,0.57353,0.83984,0.66708,0.76878,0.43461,2.21589,0.56527,0.54835,0.0005995,0.0005995,0.0005995
447,1827.47,2.07084,0.57348,0.55798,0.83693,0.67148,0.77161,0.43775,2.22945,0.56799,0.54868,0.0005986,0.0005986,0.0005986
448,1831.58,2.22645,0.60013,0.55887,0.83666,0.66763,0.76985,0.4404,2.19464,0.56345,0.54707,0.0005977,0.0005977,0.0005977
449,1835.62,2.38009,0.65095,0.57021,0.84192,0.67106,0.76991,0.43648,2.21813,0.56479,0.54731,0.0005968,0.0005968,0.0005968
450,1839.88,2.17397,0.59831,0.56762,0.83484,0.67394,0.76678,0.43232,2.22628,0.5643,0.54735,0.0005959,0.0005959,0.0005959
451,1843.8,2.1594,0.58914,0.56452,0.85332,0.67106,0.77193,0.44292,2.16602,0.55857,0.54673,0.000595,0.000595,0.000595
452,1847.84,2.21819,0.58833,0.56439,0.84689,0.67422,0.77474,0.43869,2.21386,0.56278,0.54747,0.0005941,0.0005941,0.0005941
453,1851.97,2.34105,0.61414,0.55822,0.84066,0.6771,0.77459,0.43855,2.19692,0.55994,0.54714,0.0005932,0.0005932,0.0005932
454,1856.04,2.23194,0.59705,0.56166,0.84722,0.683,0.77602,0.44148,2.18617,0.55873,0.547,0.0005923,0.0005923,0.0005923
455,1860.13,2.26665,0.61029,0.56359,0.85417,0.67871,0.77591,0.43953,2.20067,0.56371,0.54702,0.0005914,0.0005914,0.0005914
456,1864.11,2.05989,0.56869,0.55888,0.83617,0.67422,0.7674,0.43719,2.22205,0.56636,0.54848,0.0005905,0.0005905,0.0005905
457,1868.17,2.38471,0.6525,0.56984,0.84221,0.66502,0.76176,0.42785,2.27122,0.57725,0.54997,0.0005896,0.0005896,0.0005896
458,1872.48,2.5002,0.66349,0.5762,0.81706,0.67024,0.76362,0.42581,2.2836,0.58646,0.5481,0.0005887,0.0005887,0.0005887
459,1876.4,2.30631,0.61812,0.55341,0.81603,0.66683,0.76341,0.42875,2.26018,0.58507,0.54773,0.0005878,0.0005878,0.0005878
460,1880.41,2.25724,0.59562,0.55956,0.83146,0.67106,0.76268,0.43145,2.23246,0.57204,0.54823,0.0005869,0.0005869,0.0005869
461,1884.33,2.27417,0.63061,0.55973,0.82667,0.67518,0.77013,0.43774,2.22966,0.57277,0.54775,0.000586,0.000586,0.000586
462,1888.43,2.1401,0.58721,0.55707,0.82915,0.68424,0.77048,0.43781,2.20871,0.56817,0.54703,0.0005851,0.0005851,0.0005851
463,1892.41,2.05081,0.57008,0.55825,0.85021,0.6712,0.77134,0.44008,2.19123,0.56461,0.54635,0.0005842,0.0005842,0.0005842
464,1896.41,2.17072,0.59058,0.56551,0.82831,0.66763,0.76621,0.43156,2.23541,0.57362,0.547,0.0005833,0.0005833,0.0005833
465,1900.34,2.17848,0.58558,0.55747,0.83426,0.6804,0.77257,0.4409,2.17382,0.55739,0.54637,0.0005824,0.0005824,0.0005824
466,1904.26,2.04122,0.57582,0.56208,0.84166,0.67284,0.77179,0.44195,2.17353,0.5558,0.54687,0.0005815,0.0005815,0.0005815
467,1908.26,2.19197,0.58921,0.56065,0.84943,0.67071,0.77247,0.44238,2.15909,0.55559,0.54582,0.0005806,0.0005806,0.0005806
468,1912.33,2.25127,0.61855,0.56546,0.85663,0.66609,0.76452,0.43545,2.17794,0.57288,0.54638,0.0005797,0.0005797,0.0005797
469,1916.41,2.18652,0.58949,0.55148,0.84914,0.66818,0.76566,0.43573,2.16092,0.56031,0.54574,0.0005788,0.0005788,0.0005788
470,1920.52,2.2559,0.60752,0.56003,0.84014,0.67655,0.76951,0.44262,2.14822,0.55917,0.54557,0.0005779,0.0005779,0.0005779
471,1924.42,2.22579,0.59362,0.5598,0.83999,0.67847,0.77172,0.44543,2.15059,0.55619,0.54581,0.000577,0.000577,0.000577
472,1928.59,1.99689,0.5526,0.557,0.82481,0.67655,0.77334,0.43761,2.21722,0.56824,0.54762,0.0005761,0.0005761,0.0005761
473,1932.65,2.25211,0.59337,0.55669,0.83695,0.68245,0.77139,0.43993,2.17927,0.561,0.54721,0.0005752,0.0005752,0.0005752
474,1936.74,2.14033,0.58826,0.56173,0.8469,0.67132,0.76688,0.43503,2.17007,0.56032,0.5466,0.0005743,0.0005743,0.0005743
475,1940.75,2.09799,0.57242,0.55715,0.85668,0.66632,0.76876,0.43454,2.17737,0.56271,0.54646,0.0005734,0.0005734,0.0005734
476,1944.81,2.17065,0.58863,0.55947,0.84757,0.67481,0.76908,0.43344,2.20659,0.57355,0.54676,0.0005725,0.0005725,0.0005725
477,1948.78,2.19551,0.59399,0.55573,0.83749,0.68191,0.77585,0.44357,2.15412,0.56002,0.5463,0.0005716,0.0005716,0.0005716
478,1952.92,2.03004,0.56839,0.55974,0.84153,0.68493,0.77362,0.44352,2.1582,0.56029,0.54595,0.0005707,0.0005707,0.0005707
479,1957.16,2.17709,0.57355,0.5518,0.8456,0.68355,0.77358,0.44325,2.1454,0.55665,0.54543,0.0005698,0.0005698,0.0005698
480,1961.13,2.0956,0.57955,0.55742,0.82311,0.68609,0.77555,0.44591,2.15861,0.56267,0.54618,0.0005689,0.0005689,0.0005689
481,1965.33,2.05668,0.55593,0.55385,0.83282,0.6841,0.77352,0.44576,2.15101,0.55462,0.54584,0.000568,0.000568,0.000568
482,1969.39,2.16644,0.59675,0.56138,0.82485,0.68602,0.77742,0.44497,2.17628,0.55865,0.54636,0.0005671,0.0005671,0.0005671
483,1973.48,2.17216,0.58525,0.55592,0.82804,0.68836,0.77921,0.44637,2.15781,0.55697,0.54592,0.0005662,0.0005662,0.0005662
484,1977.74,1.98493,0.5473,0.55127,0.83555,0.68355,0.77246,0.43875,2.19028,0.56297,0.54619,0.0005653,0.0005653,0.0005653
485,1981.73,2.12108,0.58432,0.56016,0.84138,0.67889,0.77358,0.44596,2.14841,0.55329,0.54561,0.0005644,0.0005644,0.0005644
486,1985.85,2.30934,0.62505,0.56739,0.82888,0.68534,0.77679,0.44471,2.17725,0.55611,0.5461,0.0005635,0.0005635,0.0005635
487,1989.85,2.08955,0.57309,0.55385,0.8419,0.67834,0.77742,0.44846,2.14356,0.55252,0.54521,0.0005626,0.0005626,0.0005626
488,1994.01,2.06611,0.5665,0.56054,0.83987,0.67394,0.77442,0.44414,2.17665,0.55602,0.54594,0.0005617,0.0005617,0.0005617
489,1998.03,2.27189,0.62273,0.5653,0.84526,0.67194,0.77377,0.4465,2.14974,0.5507,0.54633,0.0005608,0.0005608,0.0005608
490,2002.24,2.19563,0.57884,0.55377,0.84295,0.68383,0.77381,0.43736,2.22106,0.56823,0.54792,0.0005599,0.0005599,0.0005599
491,2006.33,2.09894,0.58099,0.56128,0.83859,0.68245,0.77652,0.44015,2.2176,0.56351,0.54717,0.000559,0.000559,0.000559
492,2010.57,2.28646,0.61103,0.55476,0.85161,0.67283,0.77287,0.44558,2.16479,0.55596,0.546,0.0005581,0.0005581,0.0005581
493,2014.72,2.33432,0.62153,0.55835,0.84458,0.67614,0.77147,0.44392,2.16163,0.55499,0.54591,0.0005572,0.0005572,0.0005572
494,2018.83,2.38569,0.6004,0.54619,0.84081,0.67291,0.77208,0.44214,2.19651,0.56103,0.5465,0.0005563,0.0005563,0.0005563
495,2022.76,2.11702,0.56221,0.54906,0.83979,0.68067,0.77403,0.44909,2.15501,0.55273,0.54604,0.0005554,0.0005554,0.0005554
496,2027.11,2.19092,0.57912,0.55298,0.82373,0.67504,0.77125,0.43412,2.2486,0.56629,0.54679,0.0005545,0.0005545,0.0005545
497,2031.18,2.24732,0.61155,0.56834,0.81597,0.68218,0.77076,0.42766,2.28149,0.57061,0.54747,0.0005536,0.0005536,0.0005536
498,2035.29,2.3739,0.61923,0.55433,0.83257,0.68339,0.77264,0.449,2.13987,0.55136,0.54536,0.0005527,0.0005527,0.0005527
499,2039.48,2.17561,0.58432,0.55953,0.83917,0.67243,0.77349,0.44529,2.16359,0.55807,0.54549,0.0005518,0.0005518,0.0005518
500,2043.56,2.13233,0.57788,0.55449,0.83463,0.67626,0.77552,0.44657,2.15725,0.55546,0.54482,0.0005509,0.0005509,0.0005509
501,2047.6,2.00401,0.56698,0.5612,0.82992,0.68332,0.78013,0.45507,2.13147,0.55268,0.54486,0.00055,0.00055,0.00055
502,2051.75,2.17018,0.58611,0.55746,0.82992,0.68891,0.78125,0.45112,2.16618,0.55779,0.54586,0.0005491,0.0005491,0.0005491
503,2055.69,2.06832,0.56835,0.55266,0.83917,0.68124,0.78046,0.45361,2.14932,0.55288,0.54499,0.0005482,0.0005482,0.0005482
504,2059.86,2.06236,0.5723,0.56386,0.84952,0.67792,0.77609,0.44533,2.17583,0.5553,0.54568,0.0005473,0.0005473,0.0005473
505,2064.06,1.97957,0.5718,0.56381,0.84726,0.67847,0.77699,0.44544,2.17289,0.55392,0.54601,0.0005464,0.0005464,0.0005464
506,2068.19,2.03313,0.56303,0.55757,0.85654,0.67889,0.77187,0.4421,2.1525,0.55725,0.54546,0.0005455,0.0005455,0.0005455
507,2072.11,2.08761,0.58192,0.55596,0.8612,0.67466,0.77109,0.44307,2.13925,0.55349,0.54513,0.0005446,0.0005446,0.0005446
508,2076.07,2.17808,0.58454,0.54922,0.84246,0.6776,0.76993,0.44234,2.1757,0.56185,0.54582,0.0005437,0.0005437,0.0005437
509,2080.04,2.1952,0.59943,0.56298,0.83912,0.67875,0.77459,0.44803,2.15464,0.55606,0.54483,0.0005428,0.0005428,0.0005428
510,2084.23,2.08228,0.56977,0.55821,0.84697,0.68008,0.77616,0.44817,2.14257,0.55249,0.54537,0.0005419,0.0005419,0.0005419
511,2088.46,2.21852,0.58808,0.54953,0.84389,0.68026,0.77552,0.44399,2.17085,0.55576,0.54598,0.000541,0.000541,0.000541
512,2092.55,2.0743,0.56158,0.55271,0.83767,0.68465,0.78362,0.45784,2.13585,0.55608,0.54503,0.0005401,0.0005401,0.0005401
513,2096.99,2.27475,0.58835,0.54945,0.8358,0.68314,0.77916,0.45,2.16373,0.55597,0.5456,0.0005392,0.0005392,0.0005392
514,2101.09,1.99967,0.56101,0.55793,0.84371,0.6782,0.77083,0.44637,2.12724,0.54838,0.54531,0.0005383,0.0005383,0.0005383
515,2105.14,2.04585,0.56299,0.55027,0.85123,0.67188,0.77316,0.44712,2.13676,0.54855,0.5453,0.0005374,0.0005374,0.0005374
516,2109.13,2.17344,0.59819,0.56088,0.83594,0.68314,0.77785,0.45458,2.12354,0.5466,0.54511,0.0005365,0.0005365,0.0005365
517,2113.19,2.26604,0.60467,0.56165,0.83525,0.67584,0.77514,0.45112,2.13374,0.54757,0.54464,0.0005356,0.0005356,0.0005356
518,2117.35,2.26126,0.61374,0.5562,0.85065,0.68026,0.77234,0.43865,2.19295,0.56783,0.54585,0.0005347,0.0005347,0.0005347
519,2121.35,2.19561,0.59746,0.55961,0.85205,0.67655,0.76925,0.43528,2.21928,0.57457,0.54672,0.0005338,0.0005338,0.0005338
520,2125.43,2.22454,0.6022,0.55488,0.83716,0.68973,0.77869,0.44483,2.18824,0.56522,0.54582,0.0005329,0.0005329,0.0005329
521,2129.38,2.20234,0.59891,0.56142,0.83792,0.68959,0.77707,0.44371,2.16847,0.5609,0.54503,0.000532,0.000532,0.000532
522,2133.42,2.26226,0.61181,0.5639,0.82637,0.68805,0.77337,0.44036,2.17819,0.559,0.5452,0.0005311,0.0005311,0.0005311
523,2137.48,2.14183,0.5804,0.5562,0.82554,0.6863,0.77254,0.44423,2.1618,0.55774,0.54485,0.0005302,0.0005302,0.0005302
524,2141.51,2.19066,0.58749,0.56022,0.83163,0.693,0.77843,0.44733,2.1621,0.55652,0.54486,0.0005293,0.0005293,0.0005293
525,2145.42,2.37009,0.6039,0.54948,0.8237,0.68632,0.7756,0.44216,2.18061,0.55872,0.54509,0.0005284,0.0005284,0.0005284
526,2149.47,2.42038,0.62796,0.55386,0.84262,0.68067,0.77575,0.44411,2.15101,0.55012,0.54484,0.0005275,0.0005275,0.0005275
527,2153.51,1.9439,0.53666,0.55134,0.85017,0.67834,0.77556,0.44951,2.1191,0.54537,0.5442,0.0005266,0.0005266,0.0005266
528,2157.68,2.09314,0.56173,0.55161,0.84116,0.67861,0.77675,0.44578,2.16813,0.55149,0.54447,0.0005257,0.0005257,0.0005257
529,2162,2.47054,0.64604,0.5576,0.8445,0.67996,0.77722,0.44624,2.1586,0.5505,0.54421,0.0005248,0.0005248,0.0005248
530,2166.11,2.14935,0.56633,0.54196,0.84522,0.68657,0.78307,0.4562,2.11322,0.54849,0.54465,0.0005239,0.0005239,0.0005239
531,2170.02,2.04566,0.56222,0.55587,0.84536,0.68072,0.78083,0.44866,2.16524,0.5563,0.54558,0.000523,0.000523,0.000523
532,2174.1,2.03415,0.55658,0.54805,0.84998,0.67408,0.78091,0.45921,2.09596,0.54081,0.54462,0.0005221,0.0005221,0.0005221
533,2178.55,2.18111,0.57047,0.54422,0.85333,0.6701,0.78018,0.46022,2.09431,0.5409,0.54466,0.0005212,0.0005212,0.0005212
534,2182.88,2.15501,0.58084,0.55053,0.84492,0.68273,0.78091,0.45368,2.13586,0.54875,0.54513,0.0005203,0.0005203,0.0005203
535,2186.92,2.27785,0.60234,0.56048,0.85241,0.68767,0.78487,0.4599,2.09512,0.5451,0.54433,0.0005194,0.0005194,0.0005194
536,2190.94,2.22891,0.58548,0.55164,0.84814,0.6874,0.78301,0.45379,2.14316,0.54989,0.54518,0.0005185,0.0005185,0.0005185
537,2194.88,2.2303,0.58894,0.54993,0.85424,0.6804,0.78149,0.4521,2.16714,0.55331,0.54555,0.0005176,0.0005176,0.0005176
538,2199.07,2.09635,0.57415,0.56046,0.83901,0.68946,0.78402,0.45989,2.11624,0.54331,0.54438,0.0005167,0.0005167,0.0005167
539,2202.99,2.0529,0.56723,0.55074,0.84391,0.68657,0.78547,0.45652,2.14872,0.54709,0.54514,0.0005158,0.0005158,0.0005158
540,2207.13,1.97329,0.55378,0.55669,0.83709,0.6933,0.78869,0.46238,2.11187,0.544,0.54446,0.0005149,0.0005149,0.0005149
541,2211.29,2.08626,0.59963,0.56319,0.85001,0.68822,0.78629,0.46083,2.09263,0.54021,0.54386,0.000514,0.000514,0.000514
542,2215.28,2.12256,0.56555,0.55405,0.84028,0.68616,0.78494,0.46505,2.06998,0.5347,0.54352,0.0005131,0.0005131,0.0005131
543,2219.54,2.26345,0.60787,0.56529,0.84339,0.67339,0.78053,0.45373,2.12354,0.54418,0.54464,0.0005122,0.0005122,0.0005122
544,2223.57,2.22732,0.58539,0.5517,0.85635,0.66867,0.77531,0.45419,2.09135,0.53972,0.54394,0.0005113,0.0005113,0.0005113
545,2227.5,2.28527,0.61048,0.56414,0.85679,0.67161,0.7745,0.45073,2.11261,0.54628,0.54408,0.0005104,0.0005104,0.0005104
546,2231.53,1.97305,0.55587,0.55854,0.84814,0.67669,0.77433,0.45035,2.10681,0.54612,0.54437,0.0005095,0.0005095,0.0005095
547,2235.52,2.17087,0.57025,0.54643,0.83774,0.68712,0.77697,0.45038,2.12203,0.5482,0.54408,0.0005086,0.0005086,0.0005086
548,2239.62,2.06159,0.57473,0.54801,0.85345,0.67239,0.77073,0.44956,2.10358,0.54543,0.54394,0.0005077,0.0005077,0.0005077
549,2243.98,2.18538,0.59944,0.55652,0.85628,0.67161,0.77086,0.44725,2.1079,0.54711,0.54368,0.0005068,0.0005068,0.0005068
550,2248,2.06186,0.56293,0.55408,0.84369,0.67696,0.7754,0.44879,2.1284,0.54867,0.54389,0.0005059,0.0005059,0.0005059
551,2251.98,2.02341,0.57346,0.55124,0.84568,0.68613,0.77532,0.45158,2.12829,0.55065,0.54416,0.000505,0.000505,0.000505
552,2256.22,2.01061,0.55886,0.55322,0.83376,0.6844,0.77909,0.45098,2.13974,0.5524,0.54435,0.0005041,0.0005041,0.0005041
553,2260.16,2.10891,0.56317,0.55136,0.83148,0.68619,0.78029,0.44426,2.1824,0.55726,0.54508,0.0005032,0.0005032,0.0005032
554,2264.27,2.21056,0.57511,0.55833,0.84788,0.68639,0.78309,0.4465,2.18473,0.55888,0.54442,0.0005023,0.0005023,0.0005023
555,2268.27,2.08576,0.56739,0.55826,0.84276,0.68506,0.78518,0.45755,2.12335,0.5476,0.54393,0.0005014,0.0005014,0.0005014
556,2272.25,2.08538,0.57428,0.55821,0.84154,0.68891,0.78188,0.45354,2.1493,0.55139,0.54453,0.0005005,0.0005005,0.0005005
557,2276.17,1.96159,0.54804,0.55496,0.84545,0.68355,0.77838,0.45113,2.16554,0.55341,0.54455,0.0004996,0.0004996,0.0004996
558,2280.29,2.21742,0.59858,0.56298,0.83436,0.68918,0.77956,0.45622,2.11007,0.5433,0.54421,0.0004987,0.0004987,0.0004987
559,2284.38,2.27773,0.61024,0.55631,0.84565,0.68616,0.7777,0.45402,2.11021,0.54526,0.54388,0.0004978,0.0004978,0.0004978
560,2288.52,2.15446,0.58713,0.5544,0.84241,0.68325,0.77543,0.45293,2.12604,0.54548,0.54391,0.0004969,0.0004969,0.0004969
561,2292.6,2.05456,0.56108,0.55391,0.82858,0.68589,0.77358,0.44674,2.15788,0.55259,0.54402,0.000496,0.000496,0.000496
562,2296.6,2.1889,0.60809,0.56296,0.84341,0.6852,0.77817,0.45716,2.09567,0.54017,0.54302,0.0004951,0.0004951,0.0004951
563,2300.54,2.07252,0.57218,0.55742,0.84117,0.68493,0.77795,0.45361,2.12523,0.54506,0.54363,0.0004942,0.0004942,0.0004942
564,2304.58,1.92228,0.53027,0.54449,0.84798,0.68355,0.77954,0.45925,2.08762,0.53908,0.54335,0.0004933,0.0004933,0.0004933
565,2308.6,1.79759,0.53723,0.55032,0.85142,0.68438,0.78108,0.45684,2.09487,0.53987,0.54351,0.0004924,0.0004924,0.0004924
566,2312.6,1.91042,0.53089,0.54817,0.84179,0.68225,0.78366,0.4619,2.0865,0.53744,0.54342,0.0004915,0.0004915,0.0004915
567,2316.58,1.90163,0.54209,0.55807,0.84618,0.68191,0.77935,0.46184,2.06464,0.53231,0.54311,0.0004906,0.0004906,0.0004906
568,2320.62,2.06483,0.55877,0.55088,0.84785,0.6847,0.77911,0.44859,2.15367,0.54894,0.5448,0.0004897,0.0004897,0.0004897
569,2324.55,2.19101,0.59662,0.56589,0.84613,0.6804,0.77675,0.44476,2.18306,0.5544,0.54569,0.0004888,0.0004888,0.0004888
570,2328.71,2.16472,0.57759,0.55646,0.84217,0.67655,0.77378,0.45345,2.09885,0.54518,0.54436,0.0004879,0.0004879,0.0004879
571,2332.73,2.14172,0.57874,0.55294,0.84139,0.67583,0.77353,0.44899,2.13118,0.54599,0.54471,0.000487,0.000487,0.000487
572,2336.8,2.07812,0.57046,0.55463,0.83878,0.68396,0.77727,0.4523,2.13167,0.54707,0.5448,0.0004861,0.0004861,0.0004861
573,2340.75,2.24525,0.59501,0.55606,0.85643,0.67943,0.78031,0.45835,2.0829,0.54051,0.54338,0.0004852,0.0004852,0.0004852
574,2344.82,2.02592,0.55659,0.5517,0.84007,0.68959,0.77997,0.4571,2.08696,0.54538,0.54325,0.0004843,0.0004843,0.0004843
575,2349.04,2.11876,0.57903,0.55798,0.83835,0.69421,0.78243,0.45716,2.09527,0.54181,0.54368,0.0004834,0.0004834,0.0004834
576,2353.26,2.06325,0.56916,0.55777,0.84468,0.68245,0.78427,0.46589,2.05799,0.53532,0.54293,0.0004825,0.0004825,0.0004825
577,2357.45,2.20262,0.59326,0.55131,0.85098,0.68518,0.78264,0.46166,2.08466,0.5399,0.54352,0.0004816,0.0004816,0.0004816
578,2361.53,2.25033,0.59224,0.55488,0.8419,0.68937,0.78415,0.46538,2.07027,0.53867,0.54311,0.0004807,0.0004807,0.0004807
579,2365.46,2.02825,0.54973,0.55093,0.83684,0.69385,0.78864,0.46711,2.05866,0.53719,0.54268,0.0004798,0.0004798,0.0004798
580,2369.71,1.99167,0.55808,0.55337,0.84092,0.68451,0.78473,0.46644,2.07785,0.5372,0.54286,0.0004789,0.0004789,0.0004789
581,2373.82,2.11777,0.5675,0.54857,0.83136,0.69124,0.78352,0.46843,2.04714,0.53264,0.5425,0.000478,0.000478,0.000478
582,2378.08,2.01365,0.57058,0.5561,0.84181,0.6793,0.77912,0.46403,2.06722,0.53536,0.54262,0.0004771,0.0004771,0.0004771
583,2382.16,2.20706,0.59084,0.54722,0.84481,0.67561,0.77751,0.45749,2.09502,0.54141,0.54286,0.0004762,0.0004762,0.0004762
584,2386.29,1.9284,0.55726,0.55389,0.83835,0.68493,0.77739,0.45361,2.10125,0.54728,0.54356,0.0004753,0.0004753,0.0004753
585,2390.16,2.04136,0.5633,0.55331,0.83803,0.68405,0.77704,0.45383,2.09935,0.54673,0.54388,0.0004744,0.0004744,0.0004744
586,2394.46,2.22958,0.59161,0.54878,0.84693,0.68289,0.7799,0.45721,2.09577,0.53802,0.54348,0.0004735,0.0004735,0.0004735
587,2398.44,2.05089,0.55246,0.55017,0.84779,0.68286,0.78059,0.45869,2.08668,0.53567,0.543,0.0004726,0.0004726,0.0004726
588,2402.55,2.02111,0.56339,0.55925,0.85884,0.67989,0.77852,0.45632,2.09328,0.54404,0.54299,0.0004717,0.0004717,0.0004717
589,2406.58,1.79196,0.51936,0.55285,0.86115,0.67353,0.77649,0.45263,2.11899,0.54597,0.54366,0.0004708,0.0004708,0.0004708
590,2410.69,2.11639,0.57755,0.55769,0.85706,0.6832,0.77816,0.45681,2.06955,0.53965,0.54279,0.0004699,0.0004699,0.0004699
591,2414.78,2.17824,0.58659,0.55746,0.86267,0.68081,0.7827,0.45582,2.07949,0.54117,0.54259,0.000469,0.000469,0.000469
592,2418.93,2.04711,0.55279,0.54791,0.84898,0.67779,0.78153,0.45251,2.15774,0.54937,0.5439,0.0004681,0.0004681,0.0004681
593,2423.05,2.07886,0.56312,0.54979,0.85353,0.68589,0.78353,0.46225,2.07898,0.53759,0.54231,0.0004672,0.0004672,0.0004672
594,2427.07,2.09737,0.55761,0.55025,0.83903,0.69467,0.7839,0.46464,2.06754,0.53574,0.54209,0.0004663,0.0004663,0.0004663
595,2431.05,1.92421,0.54764,0.55161,0.83334,0.69467,0.78222,0.45708,2.10845,0.53972,0.54266,0.0004654,0.0004654,0.0004654
596,2435.19,2.05447,0.57983,0.55561,0.83974,0.69536,0.7827,0.46282,2.04984,0.53647,0.54171,0.0004645,0.0004645,0.0004645
597,2439.32,2.09232,0.56725,0.55315,0.84577,0.68932,0.7831,0.45892,2.07454,0.53802,0.54187,0.0004636,0.0004636,0.0004636
598,2443.45,2.07643,0.57062,0.55694,0.849,0.68624,0.77809,0.4575,2.09235,0.5408,0.54305,0.0004627,0.0004627,0.0004627
599,2447.41,2.17395,0.57486,0.54741,0.85309,0.68602,0.78069,0.45913,2.08233,0.53768,0.54302,0.0004618,0.0004618,0.0004618
600,2451.49,2.18963,0.56252,0.55158,0.84266,0.69261,0.78606,0.46358,2.05868,0.5306,0.54218,0.0004609,0.0004609,0.0004609
601,2455.46,2.07213,0.55527,0.55565,0.84799,0.68929,0.78363,0.46439,2.05066,0.53099,0.54217,0.00046,0.00046,0.00046
602,2459.63,2.24428,0.56872,0.54111,0.84365,0.68228,0.78386,0.45762,2.09576,0.53676,0.543,0.0004591,0.0004591,0.0004591
603,2463.55,2.15085,0.56948,0.55181,0.83858,0.68767,0.78509,0.45835,2.10877,0.53852,0.54348,0.0004582,0.0004582,0.0004582
604,2467.73,1.96505,0.53863,0.54921,0.84324,0.68561,0.78464,0.46493,2.06633,0.53249,0.54255,0.0004573,0.0004573,0.0004573
605,2471.73,2.07691,0.55416,0.54538,0.84315,0.68633,0.78672,0.46515,2.0709,0.5325,0.54243,0.0004564,0.0004564,0.0004564
606,2475.89,1.96791,0.53969,0.54601,0.84708,0.69055,0.78974,0.47184,2.02509,0.52555,0.54177,0.0004555,0.0004555,0.0004555
607,2480.08,2.10628,0.55815,0.55248,0.84741,0.69522,0.79041,0.46778,2.04435,0.5292,0.542,0.0004546,0.0004546,0.0004546
608,2484.16,2.03858,0.54193,0.54143,0.84269,0.70379,0.79273,0.46872,2.03777,0.52683,0.54204,0.0004537,0.0004537,0.0004537
609,2488.15,2.00897,0.55011,0.55204,0.84599,0.69605,0.78841,0.46588,2.07576,0.53213,0.54264,0.0004528,0.0004528,0.0004528
610,2492.17,1.96392,0.53924,0.54939,0.84592,0.69055,0.78578,0.46876,2.04772,0.52922,0.54257,0.0004519,0.0004519,0.0004519
611,2496.22,1.91161,0.51954,0.54379,0.85067,0.68932,0.78477,0.46554,2.04994,0.53068,0.54223,0.000451,0.000451,0.000451
612,2500.33,1.95109,0.5397,0.5541,0.85039,0.68987,0.78301,0.4621,2.06291,0.53024,0.54202,0.0004501,0.0004501,0.0004501
613,2504.36,1.97106,0.53961,0.5469,0.83541,0.69454,0.78691,0.46793,2.05658,0.5329,0.54188,0.0004492,0.0004492,0.0004492
614,2508.49,1.99125,0.55899,0.5574,0.85313,0.69495,0.78826,0.46515,2.07272,0.53338,0.54217,0.0004483,0.0004483,0.0004483
615,2512.39,2.01918,0.5584,0.55591,0.84604,0.69509,0.78523,0.46259,2.08811,0.5371,0.54251,0.0004474,0.0004474,0.0004474
616,2516.47,2.08182,0.56606,0.54948,0.85583,0.68726,0.78523,0.46067,2.07775,0.53468,0.54279,0.0004465,0.0004465,0.0004465
617,2520.48,2.03512,0.55268,0.54766,0.85055,0.68913,0.78257,0.45717,2.0882,0.53747,0.54343,0.0004456,0.0004456,0.0004456
618,2524.6,2.15679,0.56678,0.54929,0.85049,0.69193,0.78801,0.46681,2.05795,0.53365,0.54271,0.0004447,0.0004447,0.0004447
619,2528.69,2.0632,0.56233,0.55443,0.85405,0.69152,0.78817,0.47021,2.03488,0.52706,0.54213,0.0004438,0.0004438,0.0004438
620,2532.78,2.13632,0.55886,0.54791,0.85623,0.68808,0.78658,0.46857,2.0214,0.52235,0.54157,0.0004429,0.0004429,0.0004429
621,2536.71,2.04099,0.56672,0.55874,0.8578,0.68569,0.7841,0.46443,2.042,0.52529,0.5421,0.000442,0.000442,0.000442
622,2540.86,2.02281,0.54044,0.55443,0.85162,0.69342,0.78625,0.46632,2.03454,0.53048,0.54225,0.0004411,0.0004411,0.0004411
623,2544.94,2.10838,0.5559,0.5456,0.83867,0.69444,0.78413,0.46582,2.0374,0.53085,0.54223,0.0004402,0.0004402,0.0004402
624,2549.05,1.92528,0.53496,0.5489,0.86326,0.6847,0.78953,0.47006,2.02162,0.52729,0.54152,0.0004393,0.0004393,0.0004393
625,2553.03,2.01261,0.55278,0.55917,0.86159,0.68493,0.78694,0.47059,2.02087,0.52433,0.54198,0.0004384,0.0004384,0.0004384
626,2557.2,1.93156,0.53073,0.54933,0.85031,0.69467,0.78924,0.47017,2.02448,0.52217,0.54167,0.0004375,0.0004375,0.0004375
627,2561.13,2.19504,0.59234,0.55794,0.84302,0.70071,0.78743,0.46884,2.03598,0.52767,0.54155,0.0004366,0.0004366,0.0004366
628,2565.43,2.05124,0.56048,0.55281,0.8514,0.68825,0.7839,0.46438,2.05336,0.52846,0.54176,0.0004357,0.0004357,0.0004357
629,2569.49,1.97178,0.54583,0.54966,0.85256,0.67559,0.77816,0.46128,2.06622,0.53022,0.54207,0.0004348,0.0004348,0.0004348
630,2573.69,2.10473,0.58248,0.5634,0.8517,0.68973,0.78356,0.45957,2.08385,0.5342,0.54306,0.0004339,0.0004339,0.0004339
631,2577.58,2.15545,0.57274,0.5558,0.85009,0.69179,0.78523,0.45824,2.0986,0.53806,0.54357,0.000433,0.000433,0.000433
632,2581.56,2.07796,0.55097,0.54596,0.84385,0.69071,0.78452,0.46431,2.06604,0.5324,0.54262,0.0004321,0.0004321,0.0004321
633,2585.6,2.00408,0.5387,0.5444,0.84409,0.69345,0.78473,0.46775,2.03108,0.52828,0.5418,0.0004312,0.0004312,0.0004312
634,2589.77,1.94529,0.53251,0.54704,0.8452,0.69316,0.78855,0.4642,2.05766,0.52915,0.54215,0.0004303,0.0004303,0.0004303
635,2593.76,2.02905,0.54781,0.54691,0.84141,0.69418,0.7904,0.46493,2.07226,0.53121,0.54278,0.0004294,0.0004294,0.0004294
636,2597.99,2.27062,0.57824,0.54702,0.85112,0.68891,0.78791,0.46634,2.0716,0.53223,0.54282,0.0004285,0.0004285,0.0004285
637,2602.01,1.95394,0.5434,0.54821,0.84281,0.69385,0.79081,0.4694,2.06786,0.53293,0.54307,0.0004276,0.0004276,0.0004276
638,2606.18,2.05364,0.54833,0.54849,0.84009,0.70099,0.79451,0.47405,2.04073,0.5305,0.54235,0.0004267,0.0004267,0.0004267
639,2610.22,2.04702,0.54906,0.54663,0.84486,0.69907,0.79568,0.47585,2.02874,0.52697,0.54168,0.0004258,0.0004258,0.0004258
640,2614.65,2.06932,0.55278,0.55033,0.8348,0.70001,0.79318,0.47297,2.03379,0.52481,0.54132,0.0004249,0.0004249,0.0004249
641,2618.84,1.97715,0.5466,0.54764,0.84262,0.6992,0.79263,0.4742,2.01617,0.52255,0.5409,0.000424,0.000424,0.000424
642,2622.94,1.89592,0.5228,0.54691,0.83119,0.70044,0.79238,0.47188,2.0293,0.52476,0.54145,0.0004231,0.0004231,0.0004231
643,2626.82,1.96111,0.53929,0.54668,0.83578,0.69701,0.79138,0.47095,2.04065,0.52513,0.5418,0.0004222,0.0004222,0.0004222
644,2630.92,2.07496,0.56705,0.5588,0.84061,0.70666,0.79646,0.4759,2.00876,0.52138,0.54137,0.0004213,0.0004213,0.0004213
645,2635.11,2.08851,0.5504,0.54942,0.843,0.70252,0.79193,0.46817,2.0457,0.52733,0.54193,0.0004204,0.0004204,0.0004204
646,2639.12,1.91155,0.5296,0.5516,0.84089,0.69577,0.78835,0.46096,2.07832,0.53038,0.5427,0.0004195,0.0004195,0.0004195
647,2643.27,2.18152,0.58707,0.55543,0.83915,0.69563,0.78674,0.45848,2.1035,0.53387,0.54318,0.0004186,0.0004186,0.0004186
648,2647.37,1.93601,0.53399,0.54364,0.85042,0.6885,0.78288,0.46095,2.05031,0.53079,0.54216,0.0004177,0.0004177,0.0004177
649,2651.41,1.95965,0.55712,0.56184,0.84025,0.69357,0.78366,0.46045,2.07749,0.53469,0.54242,0.0004168,0.0004168,0.0004168
650,2655.49,1.93752,0.53139,0.5472,0.83885,0.69893,0.78786,0.46815,2.02983,0.52575,0.54111,0.0004159,0.0004159,0.0004159
651,2659.44,2.03439,0.56002,0.55194,0.85644,0.69055,0.78665,0.46945,2.00961,0.52301,0.54115,0.000415,0.000415,0.000415
652,2663.63,2.04552,0.56789,0.55416,0.84174,0.69083,0.782,0.46379,2.03868,0.52333,0.54191,0.0004141,0.0004141,0.0004141
653,2667.63,1.82494,0.51585,0.5466,0.84887,0.68862,0.78139,0.46574,2.02794,0.52137,0.54194,0.0004132,0.0004132,0.0004132
654,2671.75,1.88289,0.5177,0.54257,0.85268,0.69213,0.78262,0.46621,2.01068,0.52396,0.54096,0.0004123,0.0004123,0.0004123
655,2675.78,1.96225,0.53207,0.54883,0.85487,0.68898,0.78034,0.46574,2.01144,0.52401,0.54122,0.0004114,0.0004114,0.0004114
656,2679.91,1.97604,0.54124,0.54133,0.84816,0.69399,0.7822,0.4646,2.02097,0.52668,0.54159,0.0004105,0.0004105,0.0004105
657,2683.92,1.98981,0.54942,0.549,0.85541,0.68875,0.78339,0.46331,2.0416,0.53238,0.54199,0.0004096,0.0004096,0.0004096
658,2688.1,2.04184,0.5658,0.55547,0.84912,0.69847,0.79127,0.4725,2.02099,0.52301,0.54202,0.0004087,0.0004087,0.0004087
659,2692.12,1.87153,0.52757,0.54797,0.85221,0.70062,0.79117,0.4724,2.02384,0.52329,0.5418,0.0004078,0.0004078,0.0004078
660,2696.09,1.81953,0.51711,0.55256,0.85189,0.69412,0.78794,0.47217,2.00756,0.51884,0.54136,0.0004069,0.0004069,0.0004069
661,2700.1,2.02902,0.56659,0.55557,0.85109,0.69687,0.79044,0.47293,2.00928,0.51867,0.54151,0.000406,0.000406,0.000406
662,2704.15,1.89466,0.55272,0.56273,0.84859,0.69097,0.78572,0.46863,2.02656,0.52541,0.54183,0.0004051,0.0004051,0.0004051
663,2708.29,2.18474,0.57034,0.55017,0.84855,0.68921,0.78459,0.46653,2.03284,0.52847,0.54197,0.0004042,0.0004042,0.0004042
664,2712.32,2.10953,0.56164,0.54424,0.86097,0.68918,0.78882,0.46535,2.03382,0.52938,0.54146,0.0004033,0.0004033,0.0004033
665,2716.47,1.9911,0.54781,0.54811,0.85553,0.69268,0.79156,0.4725,2.00711,0.52332,0.54122,0.0004024,0.0004024,0.0004024
666,2720.51,2.07698,0.55731,0.55202,0.84494,0.69426,0.78841,0.46927,2.03281,0.52604,0.54114,0.0004015,0.0004015,0.0004015
667,2724.47,1.90172,0.5233,0.55098,0.84018,0.70126,0.78984,0.4698,2.03781,0.52648,0.54104,0.0004006,0.0004006,0.0004006
668,2728.64,1.97196,0.56804,0.55433,0.85162,0.69654,0.78825,0.46931,2.03372,0.52519,0.54135,0.0003997,0.0003997,0.0003997
669,2732.7,1.96201,0.53036,0.54897,0.84978,0.69506,0.78677,0.46755,2.02874,0.52339,0.54151,0.0003988,0.0003988,0.0003988
670,2736.75,1.97094,0.52784,0.54113,0.84912,0.69769,0.78649,0.46465,2.05421,0.5283,0.54212,0.0003979,0.0003979,0.0003979
671,2740.87,2.22819,0.57389,0.55036,0.84566,0.69881,0.7859,0.46254,2.08191,0.53675,0.54278,0.000397,0.000397,0.000397
672,2744.99,1.78483,0.52813,0.55371,0.85103,0.70193,0.78667,0.46418,2.03546,0.53077,0.54155,0.0003961,0.0003961,0.0003961
673,2748.97,2.04493,0.56964,0.55249,0.85623,0.69371,0.77921,0.45912,2.03373,0.53668,0.54173,0.0003952,0.0003952,0.0003952
674,2753.2,1.99915,0.54663,0.54467,0.8489,0.69179,0.77735,0.46069,2.03884,0.53275,0.54186,0.0003943,0.0003943,0.0003943
675,2757.24,2.03771,0.55852,0.54804,0.8481,0.68561,0.7765,0.46138,2.0303,0.53154,0.54165,0.0003934,0.0003934,0.0003934
676,2761.25,1.88223,0.53336,0.55621,0.86431,0.68736,0.77749,0.45719,2.03758,0.53319,0.54143,0.0003925,0.0003925,0.0003925
677,2765.2,2.13368,0.57491,0.55291,0.85993,0.68904,0.78085,0.46272,2.00355,0.52619,0.54108,0.0003916,0.0003916,0.0003916
678,2769.24,1.86776,0.51812,0.54594,0.85843,0.69924,0.78911,0.46995,1.99306,0.52232,0.54082,0.0003907,0.0003907,0.0003907
679,2773.36,1.91809,0.52191,0.54229,0.85704,0.70041,0.79122,0.47196,1.99771,0.51905,0.541,0.0003898,0.0003898,0.0003898
680,2777.36,2.01438,0.55374,0.55464,0.85358,0.69577,0.7917,0.47489,2.00664,0.51863,0.54131,0.0003889,0.0003889,0.0003889
681,2781.45,2.03673,0.53991,0.54645,0.84974,0.70031,0.79106,0.475,1.99963,0.51798,0.54093,0.000388,0.000388,0.000388
682,2785.57,1.98147,0.54657,0.55178,0.84868,0.70143,0.79368,0.4739,2.01892,0.52257,0.54107,0.0003871,0.0003871,0.0003871
683,2789.48,1.94907,0.53347,0.54694,0.84847,0.70456,0.7946,0.47148,2.03444,0.52301,0.54101,0.0003862,0.0003862,0.0003862
684,2793.66,1.96694,0.55511,0.55059,0.86166,0.69852,0.79154,0.47311,1.99301,0.51667,0.54063,0.0003853,0.0003853,0.0003853
685,2797.65,1.96779,0.53702,0.54445,0.85868,0.69261,0.78851,0.47053,2.01176,0.5188,0.54106,0.0003844,0.0003844,0.0003844
686,2801.73,1.8876,0.51746,0.54692,0.85832,0.69097,0.78735,0.4735,1.98526,0.51676,0.54025,0.0003835,0.0003835,0.0003835
687,2805.77,1.97008,0.54463,0.55083,0.84795,0.69596,0.7874,0.47227,1.99608,0.51899,0.54014,0.0003826,0.0003826,0.0003826
688,2810.03,2.24164,0.5818,0.55184,0.8475,0.69261,0.7853,0.47102,2.00835,0.51934,0.5409,0.0003817,0.0003817,0.0003817
689,2814.13,1.83077,0.5093,0.54321,0.84917,0.69124,0.78872,0.47167,2.02162,0.51941,0.54112,0.0003808,0.0003808,0.0003808
690,2818.27,2.21324,0.56275,0.54945,0.84871,0.6955,0.78885,0.47433,2.00193,0.51357,0.5412,0.0003799,0.0003799,0.0003799
691,2822.22,2.00221,0.55542,0.54749,0.84819,0.68836,0.78744,0.47139,2.03515,0.52065,0.54142,0.000379,0.000379,0.000379
692,2826.29,1.94507,0.53648,0.55332,0.84218,0.70071,0.79326,0.47644,2.0042,0.5208,0.54078,0.0003781,0.0003781,0.0003781
693,2830.75,1.99394,0.54013,0.54446,0.84774,0.69934,0.79215,0.47389,2.00401,0.5218,0.54074,0.0003772,0.0003772,0.0003772
694,2834.89,1.87803,0.51516,0.54653,0.85074,0.69769,0.79507,0.47549,2.0227,0.52464,0.54043,0.0003763,0.0003763,0.0003763
695,2838.89,1.91094,0.54128,0.56343,0.8488,0.69975,0.79302,0.47567,2.00419,0.52239,0.5404,0.0003754,0.0003754,0.0003754
696,2842.99,2.10441,0.5671,0.55394,0.85737,0.69261,0.78376,0.46659,2.01313,0.5277,0.54059,0.0003745,0.0003745,0.0003745
697,2846.91,1.83475,0.51266,0.54544,0.85865,0.68885,0.78412,0.4665,2.00922,0.52665,0.54057,0.0003736,0.0003736,0.0003736
698,2850.92,1.86055,0.52533,0.54259,0.85258,0.69138,0.78568,0.46997,2.00869,0.52227,0.54061,0.0003727,0.0003727,0.0003727
699,2855,1.95056,0.52076,0.54503,0.85122,0.69511,0.78825,0.47309,1.99936,0.51865,0.54015,0.0003718,0.0003718,0.0003718
700,2859.19,2.11314,0.56972,0.55039,0.85573,0.68822,0.78704,0.47261,2.00683,0.5194,0.5405,0.0003709,0.0003709,0.0003709
701,2863.17,1.84369,0.52174,0.54724,0.85635,0.68913,0.78665,0.4734,1.99888,0.5178,0.54055,0.00037,0.00037,0.00037
702,2867.26,2.21315,0.58559,0.55125,0.85376,0.69651,0.7919,0.4778,1.99278,0.51746,0.54044,0.0003691,0.0003691,0.0003691
703,2871.45,2.00783,0.56374,0.55353,0.85795,0.69261,0.7901,0.47578,2.00405,0.518,0.54045,0.0003682,0.0003682,0.0003682
704,2875.72,2.09455,0.54958,0.54896,0.84992,0.69261,0.78565,0.47066,2.02504,0.52208,0.54104,0.0003673,0.0003673,0.0003673
705,2879.71,1.72251,0.50016,0.55098,0.85274,0.69321,0.7869,0.47217,2.01273,0.52082,0.5409,0.0003664,0.0003664,0.0003664
706,2883.73,1.99683,0.53974,0.5459,0.85205,0.69654,0.79061,0.4784,1.98568,0.51638,0.53996,0.0003655,0.0003655,0.0003655
707,2887.85,1.9416,0.53316,0.55379,0.85074,0.69645,0.79211,0.47811,2.00027,0.51825,0.54008,0.0003646,0.0003646,0.0003646
708,2891.85,1.9422,0.52422,0.54651,0.85336,0.70071,0.79619,0.48079,1.9985,0.51919,0.5402,0.0003637,0.0003637,0.0003637
709,2896.26,1.91057,0.52646,0.5457,0.85179,0.69904,0.79323,0.47765,2.00822,0.52,0.54051,0.0003628,0.0003628,0.0003628
710,2900.28,1.91317,0.53086,0.54669,0.8469,0.6987,0.79304,0.47675,2.00131,0.51774,0.54067,0.0003619,0.0003619,0.0003619
711,2904.23,2.09376,0.58543,0.56353,0.8479,0.69714,0.78936,0.47301,2.01145,0.51911,0.54093,0.000361,0.000361,0.000361
712,2908.35,2.20631,0.56541,0.54482,0.84792,0.69733,0.79081,0.47597,1.99164,0.51763,0.5412,0.0003601,0.0003601,0.0003601
713,2912.37,1.84095,0.50391,0.54239,0.84645,0.69893,0.79221,0.47546,1.98928,0.51688,0.54098,0.0003592,0.0003592,0.0003592
714,2916.53,1.98819,0.53858,0.55345,0.85525,0.69759,0.79138,0.47227,2.01353,0.52159,0.54089,0.0003583,0.0003583,0.0003583
715,2920.61,1.84715,0.51903,0.54219,0.84987,0.70277,0.79565,0.47784,1.98848,0.51586,0.54037,0.0003574,0.0003574,0.0003574
716,2924.92,2.12689,0.5918,0.54954,0.84438,0.70395,0.79476,0.47973,1.98253,0.51391,0.54,0.0003565,0.0003565,0.0003565
717,2928.98,1.94954,0.52756,0.541,0.84503,0.7047,0.79457,0.47919,1.98321,0.51303,0.53995,0.0003556,0.0003556,0.0003556
718,2933.14,2.09791,0.54952,0.54562,0.84015,0.70264,0.79503,0.47932,1.98951,0.51581,0.54006,0.0003547,0.0003547,0.0003547
719,2937.11,2.02315,0.55832,0.55241,0.84752,0.70071,0.79493,0.48131,1.97675,0.51106,0.53987,0.0003538,0.0003538,0.0003538
720,2941.25,1.93042,0.5322,0.55095,0.84546,0.70451,0.79796,0.48655,1.96279,0.50891,0.53944,0.0003529,0.0003529,0.0003529
721,2945.44,1.85758,0.53094,0.55971,0.84964,0.70346,0.79905,0.48729,1.96547,0.5094,0.53998,0.000352,0.000352,0.000352
722,2949.6,2.0552,0.54129,0.54861,0.84826,0.70099,0.79512,0.47971,1.99743,0.51576,0.54037,0.0003511,0.0003511,0.0003511
723,2953.49,1.96303,0.54047,0.55022,0.84992,0.70167,0.79684,0.48305,1.97658,0.51329,0.54046,0.0003502,0.0003502,0.0003502
724,2957.53,1.84292,0.5017,0.54188,0.85103,0.7027,0.79596,0.48029,1.96668,0.51125,0.54029,0.0003493,0.0003493,0.0003493
725,2961.47,1.98965,0.53185,0.54315,0.85364,0.69646,0.79382,0.47777,1.98551,0.51335,0.54004,0.0003484,0.0003484,0.0003484
726,2965.61,1.9405,0.52722,0.54708,0.84613,0.69832,0.79125,0.47879,1.98365,0.51383,0.53993,0.0003475,0.0003475,0.0003475
727,2969.6,1.912,0.52403,0.54548,0.84377,0.70293,0.79164,0.4814,1.97484,0.51309,0.53986,0.0003466,0.0003466,0.0003466
728,2973.6,1.98273,0.52931,0.54156,0.86094,0.70126,0.79544,0.47735,2.00188,0.51816,0.53985,0.0003457,0.0003457,0.0003457
729,2977.67,1.98331,0.55275,0.55118,0.85551,0.70264,0.79647,0.48217,1.98519,0.51359,0.53968,0.0003448,0.0003448,0.0003448
730,2981.75,1.95633,0.52579,0.54269,0.86212,0.69016,0.7926,0.47957,1.97801,0.51133,0.53962,0.0003439,0.0003439,0.0003439
731,2985.73,1.76386,0.50714,0.54641,0.85669,0.68946,0.78988,0.47698,1.98517,0.51212,0.53948,0.000343,0.000343,0.000343
732,2989.92,1.97146,0.52821,0.54203,0.856,0.69783,0.79055,0.4807,1.94987,0.50812,0.53891,0.0003421,0.0003421,0.0003421
733,2993.91,2.13476,0.57134,0.55264,0.85514,0.69777,0.78903,0.48012,1.96079,0.51016,0.53905,0.0003412,0.0003412,0.0003412
734,2997.9,1.88681,0.52867,0.54589,0.84778,0.69426,0.79145,0.48083,1.99334,0.51744,0.53965,0.0003403,0.0003403,0.0003403
735,3002.15,2.04675,0.56518,0.55435,0.85203,0.69567,0.79429,0.47933,1.98214,0.51451,0.53938,0.0003394,0.0003394,0.0003394
736,3006.17,1.78392,0.5138,0.54569,0.85459,0.69838,0.79379,0.48192,1.95841,0.51082,0.53912,0.0003385,0.0003385,0.0003385
737,3010.26,2.02151,0.55472,0.54982,0.85459,0.69893,0.79295,0.4809,1.96511,0.51128,0.53904,0.0003376,0.0003376,0.0003376
738,3014.29,2.04218,0.56763,0.55051,0.85926,0.69591,0.79505,0.47754,2.00063,0.51882,0.53989,0.0003367,0.0003367,0.0003367
739,3018.25,1.86875,0.523,0.5485,0.86161,0.69303,0.79515,0.48289,1.96372,0.51199,0.53944,0.0003358,0.0003358,0.0003358
740,3022.47,1.65628,0.4921,0.54531,0.8471,0.69901,0.79584,0.47954,1.9925,0.5134,0.53998,0.0003349,0.0003349,0.0003349
741,3026.54,1.91233,0.5311,0.55444,0.85035,0.6944,0.79276,0.47775,1.9882,0.51104,0.54016,0.000334,0.000334,0.000334
742,3030.6,1.80282,0.5097,0.54528,0.8547,0.69234,0.78883,0.4776,1.96482,0.5087,0.53964,0.0003331,0.0003331,0.0003331
743,3034.59,1.74888,0.50305,0.54401,0.85526,0.69001,0.78882,0.47626,1.97829,0.51209,0.53951,0.0003322,0.0003322,0.0003322
744,3038.6,1.90514,0.52767,0.54712,0.85756,0.69344,0.79141,0.483,1.94385,0.50461,0.5391,0.0003313,0.0003313,0.0003313
745,3042.7,1.78462,0.49785,0.54806,0.85807,0.69206,0.79153,0.48262,1.94749,0.50623,0.53921,0.0003304,0.0003304,0.0003304
746,3046.8,1.89656,0.5034,0.53888,0.85834,0.69457,0.79481,0.48299,1.95041,0.50814,0.53859,0.0003295,0.0003295,0.0003295
747,3050.91,2.02065,0.5408,0.54624,0.84731,0.70167,0.79296,0.48145,1.9511,0.50775,0.53891,0.0003286,0.0003286,0.0003286
748,3055.1,2.00059,0.54098,0.55098,0.85488,0.69948,0.79299,0.48104,1.94684,0.50932,0.53906,0.0003277,0.0003277,0.0003277
749,3059.11,1.77818,0.5017,0.54241,0.86011,0.6981,0.79539,0.48276,1.95345,0.50934,0.53929,0.0003268,0.0003268,0.0003268
750,3063.22,2.01053,0.55478,0.55584,0.85397,0.6944,0.78964,0.47551,1.98903,0.51907,0.53987,0.0003259,0.0003259,0.0003259
751,3067.22,1.91766,0.53799,0.56029,0.86182,0.68587,0.78473,0.47307,1.98622,0.51711,0.54015,0.000325,0.000325,0.000325
752,3071.26,2.07674,0.56954,0.55623,0.85878,0.68451,0.78607,0.47267,1.987,0.51689,0.54013,0.0003241,0.0003241,0.0003241
753,3075.18,2.01927,0.56018,0.55309,0.86768,0.68671,0.78955,0.47723,1.96911,0.5146,0.53978,0.0003232,0.0003232,0.0003232
754,3079.2,1.9359,0.54622,0.55289,0.85442,0.69535,0.79216,0.48162,1.96086,0.51297,0.53974,0.0003223,0.0003223,0.0003223
755,3083.33,2.00247,0.5375,0.54626,0.85416,0.69412,0.79071,0.482,1.95332,0.51027,0.53934,0.0003214,0.0003214,0.0003214
756,3087.34,1.72052,0.50781,0.54875,0.85691,0.69306,0.79517,0.48343,1.95866,0.50969,0.5391,0.0003205,0.0003205,0.0003205
757,3091.38,1.98736,0.52419,0.5448,0.85347,0.6981,0.79656,0.48558,1.94538,0.5073,0.53908,0.0003196,0.0003196,0.0003196
758,3095.48,2.03735,0.55142,0.54928,0.85503,0.68908,0.78995,0.47897,1.95936,0.50911,0.53923,0.0003187,0.0003187,0.0003187
759,3099.86,2.00453,0.55747,0.54745,0.85662,0.69064,0.78691,0.47333,1.96012,0.51104,0.53923,0.0003178,0.0003178,0.0003178
760,3103.91,1.86363,0.52047,0.54554,0.85866,0.69124,0.78921,0.47614,1.96058,0.51326,0.53953,0.0003169,0.0003169,0.0003169
761,3107.9,1.91645,0.53648,0.55348,0.86171,0.68932,0.79243,0.48192,1.94741,0.50823,0.53936,0.000316,0.000316,0.000316
762,3112.18,1.76416,0.49813,0.5437,0.87124,0.68183,0.79537,0.48268,1.95881,0.51088,0.53953,0.0003151,0.0003151,0.0003151
763,3116.51,2.13161,0.57402,0.5553,0.87622,0.67929,0.79609,0.48085,1.9713,0.51151,0.5397,0.0003142,0.0003142,0.0003142
764,3120.52,1.89554,0.53597,0.54567,0.85392,0.69289,0.79547,0.48351,1.95361,0.50806,0.53951,0.0003133,0.0003133,0.0003133
765,3124.7,1.94165,0.53889,0.54649,0.85495,0.69357,0.79569,0.48363,1.95814,0.51049,0.53932,0.0003124,0.0003124,0.0003124
766,3128.79,2.07985,0.5525,0.54592,0.86202,0.68904,0.797,0.48418,1.96175,0.51116,0.53938,0.0003115,0.0003115,0.0003115
767,3132.84,1.78753,0.51014,0.55285,0.85376,0.69193,0.79645,0.48613,1.95544,0.51166,0.53926,0.0003106,0.0003106,0.0003106
768,3137.02,2.11052,0.54758,0.54036,0.85239,0.68781,0.78916,0.48023,1.95802,0.50497,0.53922,0.0003097,0.0003097,0.0003097
769,3140.89,1.7601,0.50567,0.54587,0.85189,0.69152,0.78997,0.47879,1.95978,0.50662,0.53896,0.0003088,0.0003088,0.0003088
770,3145.15,1.81517,0.50313,0.54501,0.86089,0.69412,0.79296,0.48011,1.94888,0.50769,0.53888,0.0003079,0.0003079,0.0003079
771,3149.13,2.05263,0.55909,0.55149,0.85737,0.69509,0.79234,0.48082,1.94847,0.5086,0.5387,0.000307,0.000307,0.000307
772,3153.29,2.03236,0.54838,0.54607,0.84878,0.69399,0.7966,0.48401,1.98547,0.51262,0.53911,0.0003061,0.0003061,0.0003061
773,3157.48,2.00023,0.53918,0.55024,0.84568,0.69563,0.79731,0.48601,1.97819,0.51227,0.53904,0.0003052,0.0003052,0.0003052
774,3161.55,1.91343,0.52631,0.54575,0.85145,0.69687,0.79678,0.48677,1.96111,0.50778,0.53879,0.0003043,0.0003043,0.0003043
775,3165.43,1.7924,0.50562,0.54656,0.84787,0.70113,0.79602,0.48827,1.93295,0.50248,0.53832,0.0003034,0.0003034,0.0003034
776,3169.62,1.98593,0.54548,0.54534,0.86003,0.6933,0.79424,0.48358,1.95687,0.50705,0.53898,0.0003025,0.0003025,0.0003025
777,3173.55,1.94856,0.53257,0.54836,0.86026,0.68932,0.79175,0.4809,1.96345,0.50724,0.53948,0.0003016,0.0003016,0.0003016
778,3177.76,1.9097,0.5297,0.55269,0.86558,0.6885,0.79323,0.48369,1.93886,0.5036,0.53904,0.0003007,0.0003007,0.0003007
779,3181.8,1.88545,0.53978,0.55186,0.85006,0.69816,0.7954,0.48853,1.92448,0.50345,0.53855,0.0002998,0.0002998,0.0002998
780,3186.04,2.00051,0.55995,0.5604,0.84882,0.70222,0.79877,0.49105,1.92993,0.50447,0.53859,0.0002989,0.0002989,0.0002989
781,3190.31,2.07616,0.56302,0.54541,0.85141,0.70016,0.79839,0.49086,1.93874,0.50525,0.53893,0.000298,0.000298,0.000298
782,3194.35,1.8303,0.49898,0.54311,0.85088,0.7019,0.80139,0.49439,1.92815,0.5047,0.53882,0.0002971,0.0002971,0.0002971
783,3198.52,1.73494,0.49023,0.54154,0.85453,0.69893,0.8003,0.49326,1.92814,0.5029,0.53895,0.0002962,0.0002962,0.0002962
784,3202.69,1.87174,0.53204,0.54586,0.86456,0.69496,0.79649,0.48781,1.93958,0.50412,0.53875,0.0002953,0.0002953,0.0002953
785,3206.65,1.94174,0.52614,0.54208,0.85801,0.7014,0.79957,0.49088,1.92671,0.50253,0.53839,0.0002944,0.0002944,0.0002944
786,3210.7,1.9408,0.52003,0.54415,0.84973,0.70332,0.79471,0.4868,1.93672,0.50544,0.53882,0.0002935,0.0002935,0.0002935
787,3214.62,2.05257,0.5787,0.55776,0.8627,0.69439,0.79285,0.48279,1.95387,0.51011,0.53909,0.0002926,0.0002926,0.0002926
788,3218.86,1.89557,0.51332,0.5406,0.8653,0.69165,0.79194,0.48777,1.91507,0.50238,0.5385,0.0002917,0.0002917,0.0002917
789,3222.94,1.82778,0.53048,0.55197,0.85309,0.69758,0.792,0.48923,1.91261,0.50118,0.53846,0.0002908,0.0002908,0.0002908
790,3227.04,1.89193,0.52553,0.54696,0.85322,0.70524,0.7967,0.48569,1.94282,0.50527,0.53905,0.0002899,0.0002899,0.0002899
791,3231.08,1.95985,0.52873,0.54244,0.85122,0.70769,0.79631,0.48556,1.94055,0.50468,0.53911,0.000289,0.000289,0.000289
792,3235.16,1.89346,0.51009,0.54742,0.8456,0.70375,0.79586,0.48526,1.94037,0.50417,0.53889,0.0002881,0.0002881,0.0002881
793,3239.46,2.04148,0.55943,0.55106,0.84772,0.70158,0.79521,0.48508,1.94932,0.50664,0.53906,0.0002872,0.0002872,0.0002872
794,3243.57,1.93578,0.52476,0.53996,0.8464,0.70278,0.80057,0.49173,1.93057,0.50801,0.53882,0.0002863,0.0002863,0.0002863
795,3247.52,1.6856,0.4946,0.54869,0.84462,0.70277,0.80122,0.49063,1.93833,0.51066,0.53882,0.0002854,0.0002854,0.0002854
796,3251.67,1.93075,0.53342,0.54602,0.84933,0.70236,0.80119,0.48927,1.94965,0.51104,0.53884,0.0002845,0.0002845,0.0002845
797,3255.65,1.84825,0.50604,0.54392,0.85448,0.69972,0.80139,0.48928,1.9457,0.50933,0.53902,0.0002836,0.0002836,0.0002836
798,3259.85,1.77772,0.50959,0.5461,0.85793,0.69495,0.7983,0.48822,1.93715,0.50671,0.53833,0.0002827,0.0002827,0.0002827
799,3263.88,1.90804,0.5249,0.54856,0.85669,0.69632,0.79635,0.48519,1.95347,0.5076,0.53874,0.0002818,0.0002818,0.0002818
800,3267.98,2.22011,0.5672,0.54356,0.86272,0.69539,0.79575,0.48348,1.95495,0.50827,0.53882,0.0002809,0.0002809,0.0002809
801,3271.96,1.98047,0.5124,0.53818,0.86237,0.69852,0.79595,0.48712,1.93687,0.50423,0.53864,0.00028,0.00028,0.00028
802,3276.05,1.9279,0.51038,0.54185,0.85827,0.69336,0.79558,0.48398,1.95449,0.50564,0.53849,0.0002791,0.0002791,0.0002791
803,3280.16,1.9094,0.53294,0.55278,0.86229,0.69426,0.79689,0.48646,1.93768,0.5031,0.53857,0.0002782,0.0002782,0.0002782
804,3284.19,1.98666,0.55897,0.57335,0.85872,0.69591,0.79735,0.48579,1.95257,0.5045,0.5388,0.0002773,0.0002773,0.0002773
805,3288.07,2.06819,0.54431,0.54905,0.86037,0.69535,0.79797,0.48468,1.96202,0.50626,0.53882,0.0002764,0.0002764,0.0002764
806,3292.2,1.98589,0.5363,0.54642,0.87209,0.69265,0.79521,0.48443,1.93317,0.50525,0.53881,0.0002755,0.0002755,0.0002755
807,3296.33,2.0036,0.5233,0.53711,0.86992,0.68918,0.7927,0.48158,1.94327,0.50784,0.53893,0.0002746,0.0002746,0.0002746
808,3300.47,1.98098,0.53299,0.54573,0.86836,0.69055,0.79381,0.48155,1.95109,0.51001,0.53883,0.0002737,0.0002737,0.0002737
809,3304.51,1.82053,0.50529,0.54005,0.86698,0.69152,0.79363,0.48395,1.93138,0.50612,0.53835,0.0002728,0.0002728,0.0002728
810,3308.65,1.99532,0.53528,0.54238,0.85492,0.69824,0.79622,0.48366,1.957,0.50708,0.53822,0.0002719,0.0002719,0.0002719
811,3312.61,1.80307,0.50375,0.54374,0.85166,0.70072,0.79673,0.48438,1.95605,0.50717,0.53813,0.000271,0.000271,0.000271
812,3316.62,1.88599,0.53317,0.54752,0.85375,0.70445,0.79784,0.48821,1.92516,0.50299,0.53796,0.0002701,0.0002701,0.0002701
813,3321.02,2.0708,0.5495,0.54407,0.84808,0.7066,0.79592,0.48322,1.94961,0.5076,0.53833,0.0002692,0.0002692,0.0002692
814,3325.17,1.78609,0.50034,0.54871,0.84727,0.70371,0.79458,0.48421,1.94035,0.50631,0.53843,0.0002683,0.0002683,0.0002683
815,3329.16,1.9168,0.5234,0.54651,0.84867,0.70332,0.79696,0.48723,1.93224,0.50712,0.53815,0.0002674,0.0002674,0.0002674
816,3333.16,1.82498,0.51699,0.54918,0.84771,0.70675,0.7987,0.48496,1.9667,0.51165,0.53823,0.0002665,0.0002665,0.0002665
817,3337.08,1.82255,0.51186,0.54485,0.8548,0.70058,0.79942,0.4904,1.92876,0.50485,0.53787,0.0002656,0.0002656,0.0002656
818,3341.27,1.8031,0.51344,0.54743,0.85837,0.69892,0.79868,0.48954,1.92182,0.50005,0.53789,0.0002647,0.0002647,0.0002647
819,3345.31,1.93149,0.51219,0.53354,0.84479,0.70209,0.79745,0.48813,1.93502,0.50156,0.53809,0.0002638,0.0002638,0.0002638
820,3349.4,1.84069,0.50216,0.54388,0.83732,0.7045,0.79591,0.49125,1.90676,0.49932,0.53809,0.0002629,0.0002629,0.0002629
821,3353.48,1.88404,0.5235,0.54775,0.833,0.70807,0.79522,0.49069,1.91901,0.5011,0.53816,0.000262,0.000262,0.000262
822,3357.65,1.93558,0.52579,0.54159,0.83569,0.70804,0.79733,0.49094,1.92296,0.5006,0.5384,0.0002611,0.0002611,0.0002611
823,3361.79,1.90953,0.52237,0.54611,0.84036,0.70332,0.79689,0.49369,1.90455,0.49782,0.53804,0.0002602,0.0002602,0.0002602
824,3365.85,1.88519,0.52842,0.54456,0.8353,0.70601,0.79825,0.49041,1.9188,0.50062,0.53789,0.0002593,0.0002593,0.0002593
825,3369.86,1.79347,0.49257,0.54959,0.83576,0.70936,0.7988,0.49256,1.90565,0.49703,0.53775,0.0002584,0.0002584,0.0002584
826,3373.85,1.84492,0.50472,0.54328,0.83979,0.70772,0.80367,0.4982,1.90183,0.49751,0.53807,0.0002575,0.0002575,0.0002575
827,3377.82,1.87763,0.5123,0.54117,0.84001,0.70689,0.803,0.49713,1.90937,0.49986,0.53803,0.0002566,0.0002566,0.0002566
828,3381.96,1.6483,0.46996,0.53393,0.8445,0.70236,0.79291,0.48762,1.91182,0.49806,0.53786,0.0002557,0.0002557,0.0002557
829,3385.94,1.91688,0.52111,0.55105,0.84072,0.70099,0.79009,0.48879,1.90012,0.49774,0.5377,0.0002548,0.0002548,0.0002548
830,3390.02,1.73248,0.49772,0.54464,0.83998,0.69832,0.79467,0.49002,1.91799,0.50043,0.53825,0.0002539,0.0002539,0.0002539
831,3394,1.89393,0.52585,0.54798,0.83878,0.70282,0.79704,0.48907,1.93469,0.50244,0.53858,0.000253,0.000253,0.000253
832,3398.2,1.94991,0.5219,0.53837,0.84568,0.70419,0.79893,0.49261,1.92072,0.49971,0.53838,0.0002521,0.0002521,0.0002521
833,3402.42,2.07674,0.57251,0.56806,0.84847,0.70337,0.79755,0.49151,1.91835,0.50134,0.5382,0.0002512,0.0002512,0.0002512
834,3406.55,1.77433,0.50088,0.54411,0.86064,0.69695,0.79588,0.48788,1.9229,0.50194,0.53817,0.0002503,0.0002503,0.0002503
835,3410.48,1.92301,0.51839,0.54113,0.85856,0.69893,0.79634,0.48847,1.91593,0.50263,0.53814,0.0002494,0.0002494,0.0002494
836,3414.64,1.91666,0.51036,0.5312,0.84458,0.7095,0.80185,0.49627,1.90833,0.49933,0.53822,0.0002485,0.0002485,0.0002485
837,3418.6,1.8557,0.49781,0.53988,0.85206,0.70772,0.80324,0.4985,1.89703,0.49858,0.53837,0.0002476,0.0002476,0.0002476
838,3423.17,1.80123,0.51927,0.55622,0.8543,0.70236,0.80245,0.49552,1.91165,0.49931,0.53833,0.0002467,0.0002467,0.0002467
839,3427.15,1.91348,0.53125,0.54991,0.85648,0.7021,0.80209,0.49416,1.91203,0.49827,0.53833,0.0002458,0.0002458,0.0002458
840,3431.22,1.86555,0.51231,0.54272,0.85722,0.69729,0.79833,0.49067,1.91459,0.49866,0.53849,0.0002449,0.0002449,0.0002449
841,3435.26,1.95406,0.52269,0.53756,0.85586,0.69769,0.79704,0.48839,1.91359,0.49956,0.53837,0.000244,0.000244,0.000244
842,3439.63,1.94517,0.53044,0.54348,0.84581,0.69852,0.79643,0.48887,1.9231,0.50042,0.53831,0.0002431,0.0002431,0.0002431
843,3443.77,1.75525,0.50232,0.54675,0.85066,0.6991,0.7967,0.48936,1.91753,0.49988,0.53804,0.0002422,0.0002422,0.0002422
844,3447.82,1.71719,0.48676,0.54315,0.85309,0.69714,0.79608,0.48935,1.91236,0.49847,0.53768,0.0002413,0.0002413,0.0002413
845,3451.87,1.73335,0.49371,0.5448,0.84279,0.70332,0.79494,0.48984,1.9107,0.49807,0.53748,0.0002404,0.0002404,0.0002404
846,3455.94,1.92892,0.53218,0.55034,0.84857,0.70524,0.79794,0.49158,1.90307,0.49892,0.53738,0.0002395,0.0002395,0.0002395
847,3460.05,1.94165,0.52632,0.54908,0.8562,0.70058,0.79963,0.49434,1.90105,0.49718,0.53745,0.0002386,0.0002386,0.0002386
848,3464.16,2.05327,0.55221,0.55008,0.84593,0.7073,0.79789,0.49376,1.89019,0.49633,0.53731,0.0002377,0.0002377,0.0002377
849,3468.16,1.81578,0.51068,0.54605,0.84452,0.70579,0.79807,0.49193,1.90883,0.49684,0.53788,0.0002368,0.0002368,0.0002368
850,3472.24,1.76701,0.50332,0.54587,0.85682,0.6926,0.79497,0.49166,1.89958,0.49482,0.53789,0.0002359,0.0002359,0.0002359
851,3476.51,1.76033,0.49777,0.54192,0.85408,0.69747,0.79471,0.49257,1.88909,0.49346,0.53775,0.000235,0.000235,0.000235
852,3480.63,1.8363,0.50497,0.54688,0.85127,0.69778,0.79646,0.49338,1.90818,0.49622,0.53767,0.0002341,0.0002341,0.0002341
853,3484.55,1.85207,0.52657,0.54655,0.84831,0.70277,0.79678,0.49581,1.88357,0.49309,0.53722,0.0002332,0.0002332,0.0002332
854,3488.61,1.88275,0.51697,0.54976,0.86173,0.69206,0.79641,0.49669,1.87502,0.49167,0.53696,0.0002323,0.0002323,0.0002323
855,3492.53,1.81806,0.49634,0.5425,0.85422,0.6992,0.79903,0.49823,1.86621,0.49094,0.53685,0.0002314,0.0002314,0.0002314
856,3496.57,1.69809,0.47828,0.53835,0.85662,0.70428,0.79867,0.49511,1.88102,0.49284,0.53718,0.0002305,0.0002305,0.0002305
857,3500.63,1.82253,0.50202,0.53458,0.86284,0.69698,0.79568,0.49501,1.87005,0.49461,0.53681,0.0002296,0.0002296,0.0002296
858,3504.89,1.96544,0.53164,0.55004,0.86315,0.69344,0.79362,0.49018,1.89522,0.49729,0.53761,0.0002287,0.0002287,0.0002287
859,3508.86,1.87562,0.50482,0.53691,0.8562,0.69728,0.79391,0.48936,1.90541,0.49755,0.53794,0.0002278,0.0002278,0.0002278
860,3512.87,1.88481,0.51247,0.54531,0.85593,0.69701,0.79977,0.4961,1.88957,0.49474,0.53776,0.0002269,0.0002269,0.0002269
861,3516.96,1.76173,0.49314,0.53955,0.85138,0.69962,0.80102,0.49564,1.90129,0.49439,0.5379,0.000226,0.000226,0.000226
862,3521.03,1.93776,0.52103,0.54693,0.85996,0.693,0.79721,0.4935,1.90253,0.49234,0.53774,0.0002251,0.0002251,0.0002251
863,3525.34,1.85869,0.52013,0.54398,0.85643,0.70113,0.79914,0.49548,1.89508,0.49219,0.53749,0.0002242,0.0002242,0.0002242
864,3529.34,1.70516,0.50233,0.54892,0.84818,0.70101,0.79963,0.4986,1.88633,0.49123,0.53738,0.0002233,0.0002233,0.0002233
865,3533.59,1.69774,0.48161,0.53963,0.84952,0.69948,0.79862,0.49654,1.90019,0.49442,0.53781,0.0002224,0.0002224,0.0002224
866,3538.03,1.89339,0.54248,0.54939,0.85861,0.69811,0.79519,0.49524,1.87924,0.48941,0.53708,0.0002215,0.0002215,0.0002215
867,3542.08,1.81752,0.4956,0.54129,0.86201,0.69673,0.79412,0.4941,1.88164,0.48888,0.53706,0.0002206,0.0002206,0.0002206
868,3546.17,1.7409,0.4812,0.5439,0.85936,0.70044,0.79632,0.49105,1.9084,0.49369,0.53761,0.0002197,0.0002197,0.0002197
869,3550.23,1.70819,0.48938,0.54362,0.85974,0.70085,0.79878,0.49299,1.90411,0.49333,0.53784,0.0002188,0.0002188,0.0002188
870,3554.32,1.62502,0.46935,0.54164,0.85528,0.70263,0.79892,0.49737,1.87836,0.48734,0.53769,0.0002179,0.0002179,0.0002179
871,3558.32,1.97567,0.53599,0.55306,0.85296,0.704,0.79761,0.49372,1.88675,0.48846,0.53779,0.000217,0.000217,0.000217
872,3562.41,1.76921,0.49322,0.53554,0.85133,0.70346,0.79572,0.48973,1.88956,0.4915,0.53768,0.0002161,0.0002161,0.0002161
873,3566.42,1.64788,0.46827,0.54214,0.85286,0.70648,0.79614,0.4904,1.88928,0.49245,0.53738,0.0002152,0.0002152,0.0002152
874,3570.53,1.97079,0.52021,0.54331,0.85627,0.70747,0.80041,0.49541,1.88618,0.49185,0.53727,0.0002143,0.0002143,0.0002143
875,3574.4,1.65242,0.47434,0.54284,0.85609,0.70397,0.80142,0.49596,1.89431,0.4913,0.53747,0.0002134,0.0002134,0.0002134
876,3578.92,1.93526,0.52415,0.5426,0.85863,0.69948,0.79819,0.4944,1.89409,0.49004,0.53769,0.0002125,0.0002125,0.0002125
877,3582.88,1.86987,0.52118,0.55074,0.8636,0.69974,0.79931,0.49406,1.89408,0.48999,0.53777,0.0002116,0.0002116,0.0002116
878,3587.04,1.87649,0.51393,0.5501,0.85269,0.70621,0.80126,0.49634,1.88591,0.49195,0.53713,0.0002107,0.0002107,0.0002107
879,3591.01,1.80509,0.50132,0.54226,0.85539,0.70486,0.80138,0.49679,1.8883,0.49316,0.53693,0.0002098,0.0002098,0.0002098
880,3595.22,1.93909,0.53681,0.54624,0.86024,0.70136,0.79936,0.49499,1.88424,0.49368,0.53723,0.0002089,0.0002089,0.0002089
881,3599.43,1.96785,0.52218,0.5413,0.86579,0.69618,0.79722,0.49414,1.88698,0.49392,0.53712,0.000208,0.000208,0.000208
882,3603.44,2.17371,0.5951,0.56335,0.85725,0.69797,0.79878,0.49549,1.87868,0.49306,0.53719,0.0002071,0.0002071,0.0002071
883,3607.5,1.51216,0.46222,0.54589,0.85218,0.70085,0.79784,0.4948,1.88624,0.49466,0.53722,0.0002062,0.0002062,0.0002062
884,3611.69,1.90747,0.53242,0.54176,0.85639,0.6966,0.79576,0.49436,1.87827,0.49011,0.53724,0.0002053,0.0002053,0.0002053
885,3615.61,1.77014,0.49589,0.54437,0.85958,0.69481,0.79378,0.49042,1.89337,0.49272,0.53746,0.0002044,0.0002044,0.0002044
886,3619.78,2.03612,0.54794,0.54704,0.86214,0.70113,0.79726,0.48856,1.91891,0.49933,0.53787,0.0002035,0.0002035,0.0002035
887,3623.95,1.8464,0.51144,0.54498,0.86472,0.70027,0.79877,0.49366,1.89068,0.4932,0.53744,0.0002026,0.0002026,0.0002026
888,3628.12,1.88662,0.53133,0.54687,0.85489,0.70456,0.79986,0.49634,1.88475,0.49106,0.53737,0.0002017,0.0002017,0.0002017
889,3632.03,1.70342,0.48928,0.54112,0.85026,0.70579,0.79817,0.49369,1.89263,0.49218,0.5373,0.0002008,0.0002008,0.0002008
890,3636.07,1.83564,0.50837,0.54458,0.84672,0.70428,0.79485,0.49127,1.90374,0.49366,0.5373,0.0001999,0.0001999,0.0001999
891,3640.16,1.7675,0.5068,0.54377,0.85391,0.70401,0.79674,0.4933,1.89586,0.49393,0.53725,0.000199,0.000199,0.000199
892,3644.29,1.88133,0.50887,0.54544,0.85705,0.70621,0.80233,0.49755,1.89245,0.49451,0.53706,0.0001981,0.0001981,0.0001981
893,3648.34,1.88498,0.51126,0.54432,0.84743,0.71115,0.80388,0.49921,1.89008,0.49316,0.53705,0.0001972,0.0001972,0.0001972
894,3652.5,1.82737,0.52077,0.55164,0.8533,0.70868,0.80375,0.49768,1.90112,0.4941,0.5374,0.0001963,0.0001963,0.0001963
895,3656.45,1.76031,0.49716,0.54474,0.85685,0.70424,0.80236,0.49776,1.90079,0.494,0.53732,0.0001954,0.0001954,0.0001954
896,3660.5,1.8606,0.51251,0.54575,0.85617,0.69838,0.79999,0.49735,1.88872,0.49218,0.53699,0.0001945,0.0001945,0.0001945
897,3664.47,1.75526,0.48984,0.53923,0.8606,0.69495,0.7982,0.49486,1.89443,0.49584,0.53697,0.0001936,0.0001936,0.0001936
898,3668.65,1.93503,0.52331,0.53716,0.86958,0.69412,0.79943,0.49791,1.87555,0.49259,0.53691,0.0001927,0.0001927,0.0001927
899,3672.59,1.74294,0.49355,0.54411,0.86489,0.696,0.7977,0.49777,1.87027,0.49035,0.53683,0.0001918,0.0001918,0.0001918
900,3676.68,1.82651,0.49683,0.53794,0.86261,0.69316,0.79463,0.49258,1.89171,0.4927,0.53705,0.0001909,0.0001909,0.0001909
901,3680.63,1.89571,0.52046,0.54451,0.85989,0.69728,0.79621,0.49335,1.89284,0.49457,0.53709,0.00019,0.00019,0.00019
902,3684.73,1.99888,0.54099,0.54907,0.858,0.70263,0.80044,0.49794,1.88526,0.49184,0.53704,0.0001891,0.0001891,0.0001891
903,3688.84,1.74166,0.48785,0.54446,0.85622,0.70308,0.80033,0.49881,1.88321,0.49042,0.5369,0.0001882,0.0001882,0.0001882
904,3692.92,2.18067,0.57359,0.54478,0.85869,0.70071,0.79891,0.49527,1.88981,0.49047,0.53687,0.0001873,0.0001873,0.0001873
905,3696.8,1.86836,0.5097,0.54388,0.86588,0.6933,0.79619,0.49665,1.86968,0.4889,0.53661,0.0001864,0.0001864,0.0001864
906,3700.97,1.70332,0.47806,0.53907,0.86484,0.69261,0.79619,0.4958,1.87801,0.48903,0.53684,0.0001855,0.0001855,0.0001855
907,3704.92,1.78562,0.48975,0.53742,0.8634,0.69838,0.80031,0.49748,1.88142,0.48882,0.53697,0.0001846,0.0001846,0.0001846
908,3709.15,1.79902,0.50822,0.54368,0.8545,0.70145,0.80115,0.50175,1.86068,0.48288,0.53691,0.0001837,0.0001837,0.0001837
909,3713.26,1.80721,0.49264,0.54365,0.85572,0.69962,0.8009,0.50124,1.86524,0.48393,0.53702,0.0001828,0.0001828,0.0001828
910,3717.54,1.85706,0.50666,0.53885,0.87241,0.69412,0.8024,0.49958,1.86661,0.48335,0.53665,0.0001819,0.0001819,0.0001819
911,3721.46,1.86188,0.50691,0.54301,0.85324,0.70442,0.80149,0.5008,1.86134,0.48308,0.53639,0.000181,0.000181,0.000181
912,3725.43,1.84997,0.50116,0.541,0.85581,0.70497,0.80077,0.50104,1.85497,0.4829,0.53634,0.0001801,0.0001801,0.0001801
913,3729.57,1.85473,0.50562,0.54052,0.85475,0.70607,0.80118,0.50063,1.86524,0.48397,0.5365,0.0001792,0.0001792,0.0001792
914,3733.77,1.83659,0.50418,0.55187,0.85451,0.70511,0.80371,0.50344,1.86059,0.48455,0.53666,0.0001783,0.0001783,0.0001783
915,3737.8,1.71397,0.48011,0.54345,0.85931,0.70085,0.80401,0.5037,1.8593,0.48485,0.53649,0.0001774,0.0001774,0.0001774
916,3742.13,1.80112,0.50213,0.54035,0.87148,0.69206,0.8012,0.50298,1.85857,0.48525,0.53636,0.0001765,0.0001765,0.0001765
917,3746.14,1.82187,0.50213,0.53899,0.85976,0.70126,0.79989,0.50285,1.84936,0.48382,0.53611,0.0001756,0.0001756,0.0001756
918,3750.26,1.7251,0.48094,0.54453,0.86164,0.6985,0.79947,0.50196,1.8497,0.48477,0.53611,0.0001747,0.0001747,0.0001747
919,3754.27,1.72734,0.48974,0.54649,0.857,0.70015,0.79908,0.50333,1.84181,0.48343,0.53583,0.0001738,0.0001738,0.0001738
920,3758.34,1.78506,0.4979,0.54575,0.86248,0.69536,0.79929,0.50317,1.83529,0.48313,0.53587,0.0001729,0.0001729,0.0001729
921,3762.56,1.90828,0.51809,0.54456,0.86499,0.69397,0.79911,0.50153,1.84052,0.48364,0.5359,0.000172,0.000172,0.000172
922,3766.69,2.01704,0.5391,0.5459,0.8705,0.70222,0.80243,0.50037,1.83425,0.48386,0.53576,0.0001711,0.0001711,0.0001711
923,3770.63,1.75921,0.49484,0.54506,0.87385,0.7014,0.80303,0.49998,1.84033,0.48517,0.53589,0.0001702,0.0001702,0.0001702
924,3774.6,1.72423,0.49232,0.5478,0.865,0.7055,0.80638,0.5031,1.85614,0.48822,0.53615,0.0001693,0.0001693,0.0001693
925,3778.63,1.81796,0.49408,0.53882,0.85699,0.70833,0.80717,0.50469,1.85495,0.48716,0.53631,0.0001684,0.0001684,0.0001684
926,3782.84,1.81472,0.51087,0.54795,0.85611,0.70573,0.80466,0.50491,1.85911,0.48773,0.53627,0.0001675,0.0001675,0.0001675
927,3787.2,2.02497,0.53284,0.54045,0.85894,0.70566,0.80479,0.50451,1.8529,0.4868,0.53623,0.0001666,0.0001666,0.0001666
928,3791.34,1.81052,0.49821,0.54116,0.86177,0.70186,0.80221,0.50275,1.84595,0.48466,0.5358,0.0001657,0.0001657,0.0001657
929,3795.37,1.69415,0.47754,0.54377,0.85891,0.70453,0.80199,0.50347,1.83877,0.48389,0.53574,0.0001648,0.0001648,0.0001648
930,3799.53,1.79054,0.48447,0.53974,0.85251,0.70442,0.79963,0.50218,1.84938,0.48467,0.53574,0.0001639,0.0001639,0.0001639
931,3803.46,1.83837,0.53542,0.5621,0.86077,0.70126,0.79937,0.49903,1.85754,0.48468,0.53583,0.000163,0.000163,0.000163
932,3807.59,1.80011,0.50807,0.54794,0.86661,0.69646,0.79732,0.49683,1.85442,0.48656,0.53579,0.0001621,0.0001621,0.0001621
933,3811.47,1.6914,0.4812,0.5395,0.87241,0.69563,0.80037,0.49641,1.86466,0.48819,0.536,0.0001612,0.0001612,0.0001612
934,3815.57,1.72507,0.47362,0.53856,0.8686,0.69756,0.80202,0.49921,1.86465,0.48823,0.53604,0.0001603,0.0001603,0.0001603
935,3819.57,1.85429,0.51006,0.53879,0.86394,0.69934,0.80202,0.50029,1.86506,0.48861,0.53633,0.0001594,0.0001594,0.0001594
936,3823.74,1.80729,0.4895,0.53852,0.86924,0.69176,0.79861,0.50114,1.85128,0.48581,0.53613,0.0001585,0.0001585,0.0001585
937,3827.66,1.51467,0.45438,0.53684,0.86983,0.69193,0.79756,0.50067,1.8492,0.4854,0.53605,0.0001576,0.0001576,0.0001576
938,3831.73,1.67861,0.47887,0.54354,0.86636,0.69244,0.79883,0.50074,1.85914,0.48591,0.53584,0.0001567,0.0001567,0.0001567
939,3835.77,1.93157,0.52757,0.54085,0.86273,0.69742,0.79847,0.50214,1.84302,0.4833,0.53556,0.0001558,0.0001558,0.0001558
940,3839.99,1.98893,0.5379,0.55031,0.85354,0.70566,0.79937,0.50188,1.84114,0.4861,0.53565,0.0001549,0.0001549,0.0001549
941,3844.11,1.74047,0.49382,0.5459,0.85194,0.70387,0.79926,0.50283,1.83481,0.48444,0.53553,0.000154,0.000154,0.000154
942,3848.26,1.78894,0.48329,0.53633,0.85126,0.70785,0.80206,0.50662,1.81849,0.48051,0.5355,0.0001531,0.0001531,0.0001531
943,3852.48,1.7336,0.49598,0.5441,0.85712,0.70593,0.80362,0.5069,1.82092,0.48108,0.5357,0.0001522,0.0001522,0.0001522
944,3856.71,1.68242,0.47818,0.53482,0.85955,0.69906,0.80119,0.50526,1.83838,0.48282,0.53586,0.0001513,0.0001513,0.0001513
945,3860.75,1.83066,0.49238,0.54041,0.86313,0.69618,0.8003,0.50553,1.83517,0.48102,0.53586,0.0001504,0.0001504,0.0001504
946,3864.97,1.63481,0.47053,0.54449,0.85861,0.69838,0.79911,0.50396,1.83139,0.48102,0.53567,0.0001495,0.0001495,0.0001495
947,3869.01,1.60244,0.4665,0.54136,0.86163,0.70018,0.80088,0.5041,1.83607,0.48238,0.53558,0.0001486,0.0001486,0.0001486
948,3873.11,1.6365,0.46942,0.54182,0.86215,0.70167,0.80301,0.50635,1.82925,0.48033,0.5355,0.0001477,0.0001477,0.0001477
949,3877.04,1.66679,0.47077,0.53961,0.86242,0.70565,0.80427,0.50564,1.83375,0.48079,0.53548,0.0001468,0.0001468,0.0001468
950,3881.09,1.74573,0.49486,0.54055,0.85384,0.70819,0.80293,0.50564,1.8435,0.48334,0.53573,0.0001459,0.0001459,0.0001459
951,3885.21,1.81611,0.51871,0.54917,0.85253,0.70637,0.8033,0.50714,1.8325,0.48161,0.53557,0.000145,0.000145,0.000145
952,3889.38,1.73548,0.49111,0.5442,0.85613,0.70305,0.80294,0.50505,1.83201,0.48177,0.53557,0.0001441,0.0001441,0.0001441
953,3893.34,1.62405,0.48687,0.54427,0.85062,0.70828,0.80375,0.50493,1.8467,0.48457,0.53582,0.0001432,0.0001432,0.0001432
954,3897.46,1.81123,0.52247,0.55212,0.8533,0.7075,0.8037,0.5044,1.84897,0.48587,0.53603,0.0001423,0.0001423,0.0001423
955,3901.46,1.61283,0.4609,0.54155,0.85783,0.70246,0.8028,0.50392,1.83911,0.48384,0.5358,0.0001414,0.0001414,0.0001414
956,3905.51,1.69233,0.48246,0.54472,0.85547,0.70456,0.80266,0.50303,1.8385,0.4837,0.53587,0.0001405,0.0001405,0.0001405
957,3909.64,1.8015,0.49741,0.54004,0.86313,0.7014,0.80326,0.50226,1.84154,0.48393,0.53592,0.0001396,0.0001396,0.0001396
958,3913.66,1.62062,0.46046,0.54084,0.86445,0.7014,0.8041,0.50405,1.83881,0.48186,0.53602,0.0001387,0.0001387,0.0001387
959,3917.65,1.71016,0.48101,0.53977,0.86253,0.70291,0.80536,0.50481,1.83453,0.48216,0.53582,0.0001378,0.0001378,0.0001378
960,3921.68,1.75185,0.51559,0.54852,0.86811,0.69632,0.80167,0.50157,1.83686,0.4833,0.53587,0.0001369,0.0001369,0.0001369
961,3925.72,1.85529,0.52146,0.54925,0.85867,0.70316,0.80142,0.50227,1.83511,0.48397,0.53565,0.000136,0.000136,0.000136
962,3929.9,1.63403,0.48146,0.55179,0.85719,0.70305,0.80378,0.50843,1.83058,0.48127,0.53564,0.0001351,0.0001351,0.0001351
963,3934.01,1.87233,0.52074,0.54425,0.8477,0.70854,0.80471,0.50967,1.83163,0.48196,0.53564,0.0001342,0.0001342,0.0001342
964,3938.53,1.79676,0.50663,0.54126,0.84533,0.71389,0.8059,0.50904,1.84183,0.48318,0.53576,0.0001333,0.0001333,0.0001333
965,3942.71,2.00708,0.5215,0.54088,0.84586,0.71343,0.80585,0.50833,1.83984,0.48153,0.53568,0.0001324,0.0001324,0.0001324
966,3946.79,1.59407,0.46373,0.53901,0.8445,0.71651,0.80751,0.50935,1.82721,0.48026,0.53547,0.0001315,0.0001315,0.0001315
967,3950.75,1.84331,0.50466,0.54227,0.85006,0.71032,0.80701,0.51051,1.82977,0.48078,0.53556,0.0001306,0.0001306,0.0001306
968,3954.99,1.79995,0.48647,0.5372,0.85093,0.71142,0.80771,0.50972,1.8327,0.48033,0.53552,0.0001297,0.0001297,0.0001297
969,3959.11,1.81452,0.50001,0.53868,0.8497,0.71172,0.80768,0.50925,1.82928,0.47945,0.53539,0.0001288,0.0001288,0.0001288
970,3963.16,1.77491,0.49018,0.54617,0.85872,0.70428,0.80448,0.50601,1.83214,0.47895,0.53527,0.0001279,0.0001279,0.0001279
971,3967.19,2.07857,0.53454,0.53998,0.85751,0.70309,0.80179,0.507,1.81869,0.47732,0.53522,0.000127,0.000127,0.000127
972,3971.29,1.58651,0.47207,0.53868,0.864,0.70099,0.80304,0.50732,1.81689,0.47741,0.5353,0.0001261,0.0001261,0.0001261
973,3975.27,1.66569,0.46776,0.53653,0.85807,0.70428,0.803,0.50574,1.82877,0.48008,0.5354,0.0001252,0.0001252,0.0001252
974,3979.32,1.6951,0.47557,0.53747,0.8555,0.70497,0.80319,0.50612,1.82567,0.47742,0.53546,0.0001243,0.0001243,0.0001243
975,3983.44,1.58477,0.47055,0.54007,0.85863,0.70458,0.8045,0.50623,1.82742,0.47687,0.53549,0.0001234,0.0001234,0.0001234
976,3987.55,1.84036,0.51708,0.54147,0.85681,0.70239,0.80111,0.50528,1.82251,0.47742,0.53547,0.0001225,0.0001225,0.0001225
977,3991.55,1.79413,0.50029,0.54122,0.86006,0.70044,0.80118,0.50537,1.81786,0.47726,0.53526,0.0001216,0.0001216,0.0001216
978,3995.6,1.78631,0.50244,0.54151,0.87521,0.69206,0.79904,0.50217,1.82568,0.4804,0.53552,0.0001207,0.0001207,0.0001207
979,3999.61,1.80681,0.48677,0.53726,0.8675,0.69478,0.7978,0.50027,1.83405,0.48171,0.53562,0.0001198,0.0001198,0.0001198
980,4003.77,1.83819,0.50326,0.54037,0.86574,0.6955,0.79851,0.5015,1.8321,0.48227,0.53568,0.0001189,0.0001189,0.0001189
981,4007.69,1.69435,0.49376,0.55225,0.86696,0.69605,0.79868,0.50219,1.82459,0.4821,0.53555,0.000118,0.000118,0.000118
982,4012.06,1.96836,0.53706,0.5545,0.86031,0.70682,0.80383,0.50306,1.82827,0.48183,0.53548,0.0001171,0.0001171,0.0001171
983,4016.16,1.56377,0.45719,0.53532,0.87155,0.6986,0.80347,0.50315,1.83125,0.48194,0.5355,0.0001162,0.0001162,0.0001162
984,4020.17,1.76953,0.4814,0.53363,0.86904,0.70497,0.80556,0.50438,1.83281,0.48139,0.53554,0.0001153,0.0001153,0.0001153
985,4024.15,1.68327,0.47837,0.53644,0.87403,0.70291,0.8064,0.50521,1.83234,0.48108,0.53554,0.0001144,0.0001144,0.0001144
986,4028.17,1.87728,0.50989,0.54184,0.87313,0.69989,0.80652,0.50726,1.82999,0.47925,0.53556,0.0001135,0.0001135,0.0001135
987,4032.33,1.68138,0.48434,0.53901,0.86105,0.70612,0.80661,0.50956,1.8254,0.47914,0.53543,0.0001126,0.0001126,0.0001126
988,4036.43,1.76703,0.4767,0.5374,0.86405,0.70264,0.80723,0.50912,1.82425,0.47767,0.53538,0.0001117,0.0001117,0.0001117
989,4040.41,1.52623,0.45671,0.54072,0.86072,0.70332,0.80673,0.51014,1.82505,0.4779,0.5354,0.0001108,0.0001108,0.0001108
990,4044.55,1.87974,0.51116,0.54499,0.87168,0.69742,0.80577,0.51102,1.81708,0.47751,0.53529,0.0001099,0.0001099,0.0001099
991,4101.87,1.80634,0.4879,0.53664,0.87062,0.69839,0.80597,0.51127,1.81812,0.47651,0.53537,0.000109,0.000109,0.000109
992,4106.2,1.72814,0.47627,0.5368,0.85811,0.70538,0.80668,0.51111,1.82252,0.47662,0.53542,0.0001081,0.0001081,0.0001081
993,4110.27,1.69932,0.47668,0.53988,0.85814,0.70593,0.80711,0.51151,1.82794,0.47841,0.53542,0.0001072,0.0001072,0.0001072
994,4114.4,1.62399,0.46243,0.5406,0.85989,0.70694,0.80851,0.51148,1.82511,0.47731,0.5354,0.0001063,0.0001063,0.0001063
995,4118.32,1.69677,0.46668,0.53335,0.85932,0.70608,0.80858,0.51169,1.82336,0.47729,0.53542,0.0001054,0.0001054,0.0001054
996,4122.41,1.79352,0.48042,0.53694,0.86314,0.70563,0.80925,0.51329,1.81627,0.47649,0.53522,0.0001045,0.0001045,0.0001045
997,4126.63,1.6126,0.45494,0.53852,0.8629,0.70856,0.80894,0.51342,1.81169,0.47623,0.53507,0.0001036,0.0001036,0.0001036
998,4130.74,1.90888,0.49334,0.53122,0.86046,0.70991,0.80797,0.51143,1.81428,0.47589,0.53511,0.0001027,0.0001027,0.0001027
999,4134.71,1.6315,0.45726,0.54072,0.85973,0.70881,0.80653,0.51057,1.81238,0.47652,0.53511,0.0001018,0.0001018,0.0001018
1000,4138.7,1.52286,0.44744,0.53377,0.86447,0.70387,0.80562,0.5102,1.81269,0.47529,0.53529,0.0001009,0.0001009,0.0001009
