epoch,time,train/box_loss,train/cls_loss,train/dfl_loss,metrics/precision(B),metrics/recall(B),metrics/mAP50(B),metrics/mAP50-95(B),val/box_loss,val/cls_loss,val/dfl_loss,lr/pg0,lr/pg1,lr/pg2
1,7.53225,6.34429,5.91523,2.55058,0.01735,0.0243,0.00916,0.0038,7.5336,6.72312,2.64513,0.04755,5e-05,5e-05
2,13.9144,5.96574,5.56008,2.26643,0.27173,0.2073,0.17273,0.05124,6.31432,8.76354,1.86516,0.0446099,0.000109901,0.000109901
3,20.2717,4.84357,2.81779,1.9146,0.17791,0.11024,0.08413,0.01878,7.6733,7.05312,1.93303,0.0416697,0.000169694,0.000169694
4,26.3145,4.63917,2.58194,1.90725,0.33538,0.22858,0.21541,0.06426,6.0213,7.86432,1.82606,0.0387294,0.000229379,0.000229379
5,32.3581,4.97806,2.70496,1.91556,0.31709,0.21568,0.19802,0.05713,6.22616,5.54872,1.83366,0.035789,0.000288956,0.000288956
6,38.4104,4.54513,2.49998,1.88171,0.32473,0.21787,0.19723,0.05403,6.22424,7.50894,1.81935,0.0328484,0.000348425,0.000348425
7,44.0797,4.08705,2.53806,1.91206,0.20611,0.13646,0.10722,0.02871,6.90582,6.46255,1.84421,0.0299078,0.000407786,0.000407786
8,49.9115,4.73163,2.42183,1.84208,0.25292,0.22845,0.15848,0.04916,5.83517,5.76785,1.79122,0.026967,0.000467039,0.000467039
9,55.7587,5.09253,2.53998,1.81142,0.1756,0.14923,0.09837,0.02537,6.58216,6.02629,1.84685,0.0240262,0.000526184,0.000526184
10,61.5364,5.60385,2.59437,1.78669,0.14842,0.10667,0.06666,0.01699,7.12466,3.84939,1.88551,0.0210852,0.000585221,0.000585221
11,67.0821,4.67932,2.2759,1.83704,0.25184,0.21293,0.17681,0.05215,5.82948,3.09441,1.79427,0.0181442,0.00064415,0.00064415
12,72.6596,5.07542,2.33637,1.79606,0.32249,0.23504,0.20795,0.06002,6.11653,2.77543,1.79749,0.015203,0.000702971,0.000702971
13,78.1196,4.13469,2.13074,1.93247,0.15504,0.10104,0.08081,0.02448,7.24312,2.88953,1.84658,0.0122617,0.000761684,0.000761684
14,83.6743,5.033,2.31253,1.86523,0.1432,0.10118,0.06968,0.01977,7.4446,2.9941,1.88197,0.00932029,0.000820289,0.000820289
15,88.728,4.63479,2.12968,1.85349,0.44858,0.29283,0.29973,0.10167,5.45934,2.8002,1.78167,0.00637879,0.000878786,0.000878786
16,94.0389,5.5434,2.43621,1.8263,0.45623,0.28144,0.29627,0.09535,5.48652,2.73741,1.78187,0.00343718,0.000937175,0.000937175
17,99.6916,4.92772,2.43436,1.91706,0.49314,0.30231,0.32433,0.11035,5.29629,2.43976,1.76411,0.0009856,0.0009856,0.0009856
18,105.224,4.55327,2.18021,1.8144,0.47626,0.30298,0.32187,0.10959,5.38694,2.35322,1.7475,0.0009847,0.0009847,0.0009847
19,110.641,4.91037,2.25875,1.79024,0.43133,0.29352,0.29582,0.09962,5.48789,2.38712,1.7523,0.0009838,0.0009838,0.0009838
20,116.498,5.27979,2.26053,1.78109,0.49285,0.3008,0.33041,0.11814,5.25402,2.52254,1.75655,0.0009829,0.0009829,0.0009829
21,121.768,4.89185,2.15517,1.8503,0.45506,0.2883,0.30359,0.099,5.45939,2.69388,1.75045,0.000982,0.000982,0.000982
22,127.388,4.95796,2.24433,1.82128,0.52547,0.31698,0.3567,0.12512,5.18086,2.76516,1.75083,0.0009811,0.0009811,0.0009811
23,132.71,4.68884,2.11883,1.80433,0.50498,0.31219,0.34979,0.11898,5.13735,2.3102,1.73649,0.0009802,0.0009802,0.0009802
24,138.11,4.5685,2.0991,1.86701,0.45177,0.30354,0.31409,0.09745,5.38991,2.17368,1.74401,0.0009793,0.0009793,0.0009793
25,143.317,5.41772,2.47347,1.69165,0.51681,0.33471,0.36859,0.13256,5.03803,2.08014,1.73207,0.0009784,0.0009784,0.0009784
26,149.533,4.4219,2.08422,1.85658,0.42955,0.28542,0.29787,0.10214,5.52731,2.15767,1.73981,0.0009775,0.0009775,0.0009775
27,154.738,4.56751,2.09521,1.8162,0.33003,0.24767,0.21296,0.06318,6.0894,2.63336,1.76874,0.0009766,0.0009766,0.0009766
28,160.546,4.98717,2.23571,1.7408,0.50895,0.32894,0.36101,0.12717,5.01904,2.19829,1.727,0.0009757,0.0009757,0.0009757
29,165.967,4.37447,2.05025,1.84045,0.44727,0.29654,0.30927,0.09768,5.42699,2.27153,1.74197,0.0009748,0.0009748,0.0009748
30,171.595,4.24465,1.91769,1.83959,0.39138,0.27306,0.26167,0.07935,5.73014,2.34754,1.75984,0.0009739,0.0009739,0.0009739
31,176.842,5.05331,2.30144,1.74938,0.45842,0.32201,0.33076,0.11628,5.05542,2.21269,1.72797,0.000973,0.000973,0.000973
32,182.566,4.99094,2.10976,1.80869,0.42285,0.2975,0.30422,0.10322,5.25373,2.16286,1.73448,0.0009721,0.0009721,0.0009721
33,188.1,4.34242,2.00431,1.7787,0.45176,0.32057,0.33952,0.12074,5.08697,2.08407,1.72964,0.0009712,0.0009712,0.0009712
34,194.402,4.44811,1.95308,1.77775,0.49907,0.32963,0.36621,0.13493,4.95042,2.07135,1.72858,0.0009703,0.0009703,0.0009703
35,199.873,5.54191,2.23213,1.69565,0.48957,0.32578,0.35727,0.12764,4.97999,2.08316,1.7247,0.0009694,0.0009694,0.0009694
36,205.528,4.3283,1.95679,1.82629,0.52177,0.34151,0.37584,0.14067,4.83432,2.02524,1.72309,0.0009685,0.0009685,0.0009685
37,210.925,4.25567,1.91585,1.82913,0.51257,0.32784,0.36284,0.13611,4.8702,2.1305,1.72091,0.0009676,0.0009676,0.0009676
38,216.475,4.55729,2.00377,1.79827,0.49413,0.32153,0.35777,0.13768,4.98759,2.08231,1.73997,0.0009667,0.0009667,0.0009667
39,221.88,4.52783,2.01441,1.7526,0.44227,0.28034,0.30366,0.11301,5.35716,2.19839,1.77989,0.0009658,0.0009658,0.0009658
40,227.36,4.69228,2.11381,1.76183,0.53016,0.33704,0.38405,0.14437,4.82257,1.98687,1.72539,0.0009649,0.0009649,0.0009649
41,233.061,4.25819,1.98888,1.84919,0.52943,0.33869,0.38665,0.14502,4.74017,1.95261,1.71621,0.000964,0.000964,0.000964
42,238.324,4.47417,1.95293,1.78429,0.55793,0.34061,0.39548,0.14977,4.73281,1.88309,1.72114,0.0009631,0.0009631,0.0009631
43,243.794,4.5866,2.05628,1.78573,0.5584,0.35084,0.40094,0.15304,4.72903,1.90832,1.72122,0.0009622,0.0009622,0.0009622
44,249.753,4.60157,2.00835,1.76668,0.54306,0.33987,0.39047,0.14018,4.91324,2.02527,1.72731,0.0009613,0.0009613,0.0009613
45,255.143,4.52264,1.96469,1.77453,0.51822,0.33271,0.37768,0.13946,4.88678,2.0035,1.71694,0.0009604,0.0009604,0.0009604
46,260.963,4.84408,2.20718,1.77912,0.57124,0.33567,0.39174,0.14577,4.85752,2.04518,1.72579,0.0009595,0.0009595,0.0009595
47,266.7,4.92331,2.02366,1.72452,0.58948,0.33745,0.39811,0.14707,4.81389,1.97663,1.72016,0.0009586,0.0009586,0.0009586
48,272.359,4.54851,2.01922,1.82706,0.57071,0.36258,0.41597,0.15814,4.71622,1.9316,1.7106,0.0009577,0.0009577,0.0009577
49,277.829,4.69174,1.95763,1.73698,0.56816,0.36244,0.41748,0.1599,4.63388,1.90484,1.70809,0.0009568,0.0009568,0.0009568
50,283.854,4.78088,1.99179,1.714,0.55061,0.36477,0.41394,0.15585,4.62589,1.88616,1.70703,0.0009559,0.0009559,0.0009559
51,288.929,4.23575,1.82738,1.76014,0.5584,0.34528,0.39563,0.15049,4.76405,1.91918,1.72747,0.000955,0.000955,0.000955
52,294.694,4.17868,1.84306,1.80204,0.54583,0.3402,0.38462,0.13715,4.8183,1.94124,1.70998,0.0009541,0.0009541,0.0009541
53,300.433,4.80247,2.03,1.7282,0.50606,0.33677,0.36908,0.12627,4.99787,2.08541,1.71958,0.0009532,0.0009532,0.0009532
54,306.531,4.58821,2.05111,1.86258,0.54691,0.34349,0.39243,0.14937,4.77705,2.09891,1.71434,0.0009523,0.0009523,0.0009523
55,311.724,5.03997,2.0441,1.73934,0.5053,0.36917,0.40107,0.15335,4.70383,1.90462,1.70622,0.0009514,0.0009514,0.0009514
56,317.191,4.68535,2.01827,1.76757,0.48765,0.34967,0.383,0.13962,4.8588,1.93052,1.70757,0.0009505,0.0009505,0.0009505
57,322.692,4.31483,1.87097,1.76705,0.54224,0.35187,0.40577,0.15242,4.78173,2.05774,1.70926,0.0009496,0.0009496,0.0009496
58,328.235,4.61734,2.28583,1.82165,0.51958,0.33979,0.38583,0.14279,4.81942,1.97916,1.70707,0.0009487,0.0009487,0.0009487
59,333.479,4.45812,2.04791,1.85448,0.50952,0.34313,0.38089,0.13506,4.89896,1.98741,1.70943,0.0009478,0.0009478,0.0009478
60,338.768,4.55457,1.96069,1.76174,0.53018,0.35708,0.40121,0.15041,4.70852,1.94795,1.70603,0.0009469,0.0009469,0.0009469
61,344.142,4.37873,1.90721,1.78015,0.52131,0.35777,0.39721,0.14686,4.77186,1.9602,1.70539,0.000946,0.000946,0.000946
62,349.863,4.02184,1.80703,1.7741,0.5793,0.37122,0.42989,0.16812,4.58119,1.94058,1.70132,0.0009451,0.0009451,0.0009451
63,355.044,4.46321,2.00954,1.80818,0.59713,0.36404,0.42621,0.16722,4.58855,1.978,1.70474,0.0009442,0.0009442,0.0009442
64,360.772,3.94793,1.79846,1.74018,0.58643,0.35703,0.41943,0.16412,4.56487,1.86395,1.70221,0.0009433,0.0009433,0.0009433
65,366.077,4.44463,1.96661,1.75592,0.57557,0.34852,0.40733,0.16239,4.63459,1.88422,1.71231,0.0009424,0.0009424,0.0009424
66,371.866,4.60034,1.91587,1.71278,0.56606,0.36677,0.42477,0.16503,4.59839,1.84987,1.70104,0.0009415,0.0009415,0.0009415
67,376.972,4.27126,1.92365,1.75428,0.56142,0.36724,0.42025,0.15996,4.71473,1.87387,1.70703,0.0009406,0.0009406,0.0009406
68,382.6,3.9714,1.73195,1.77631,0.56947,0.35681,0.4166,0.1653,4.56466,1.94576,1.70316,0.0009397,0.0009397,0.0009397
69,388.198,4.5026,1.92326,1.77558,0.56441,0.35146,0.40563,0.16043,4.65693,1.9096,1.71655,0.0009388,0.0009388,0.0009388
70,394.275,4.28789,1.87473,1.76832,0.58434,0.37136,0.42989,0.17478,4.46456,1.80543,1.69848,0.0009379,0.0009379,0.0009379
71,399.493,5.01314,2.1141,1.67998,0.56878,0.36971,0.42567,0.16736,4.59868,1.84819,1.70451,0.000937,0.000937,0.000937
72,404.992,4.11628,1.77574,1.7587,0.57761,0.3811,0.43612,0.17392,4.52124,1.81293,1.69841,0.0009361,0.0009361,0.0009361
73,410.139,4.05786,1.782,1.78526,0.58453,0.37273,0.4299,0.17118,4.5209,1.80899,1.70522,0.0009352,0.0009352,0.0009352
74,415.764,4.71114,1.92582,1.70677,0.57964,0.36395,0.42049,0.16908,4.52214,1.8395,1.70895,0.0009343,0.0009343,0.0009343
75,420.914,4.5089,1.92504,1.72194,0.58683,0.37613,0.43427,0.17041,4.51347,1.80184,1.69981,0.0009334,0.0009334,0.0009334
76,427.292,3.7737,1.71056,1.81428,0.58566,0.36614,0.42695,0.17001,4.56766,1.86842,1.70249,0.0009325,0.0009325,0.0009325
77,432.464,4.38584,1.95199,1.73516,0.58352,0.36546,0.42293,0.16749,4.58057,1.86096,1.70208,0.0009316,0.0009316,0.0009316
78,438.303,4.34041,1.93496,1.75235,0.59517,0.35928,0.42739,0.17203,4.45716,1.8896,1.69594,0.0009307,0.0009307,0.0009307
79,443.743,4.27513,1.95404,1.73601,0.57759,0.36848,0.43118,0.16737,4.52217,1.8357,1.69529,0.0009298,0.0009298,0.0009298
80,449.229,3.86946,1.88408,1.86561,0.58629,0.37411,0.43121,0.17369,4.51043,1.81743,1.6978,0.0009289,0.0009289,0.0009289
81,454.684,4.37982,1.91963,1.77441,0.58929,0.37576,0.43352,0.17128,4.49998,1.84628,1.69622,0.000928,0.000928,0.000928
82,460.804,4.42675,1.88924,1.79064,0.57859,0.38331,0.43851,0.17978,4.42113,1.81006,1.68972,0.0009271,0.0009271,0.0009271
83,466.384,4.28471,1.81617,1.71348,0.55901,0.38221,0.42911,0.17289,4.48974,1.82197,1.69392,0.0009262,0.0009262,0.0009262
84,471.868,4.18062,1.81378,1.71345,0.56162,0.37617,0.42566,0.16842,4.53916,1.85128,1.69691,0.0009253,0.0009253,0.0009253
85,477.448,3.8983,1.70618,1.76514,0.58096,0.37946,0.43762,0.17783,4.42637,1.83232,1.69218,0.0009244,0.0009244,0.0009244
86,483.418,4.31409,1.95092,1.78573,0.58264,0.36875,0.43664,0.1762,4.45283,1.86316,1.69473,0.0009235,0.0009235,0.0009235
87,488.71,4.37679,1.85324,1.70962,0.58591,0.37336,0.43825,0.17787,4.41678,1.82125,1.69198,0.0009226,0.0009226,0.0009226
88,494.174,4.17913,1.78352,1.74703,0.59,0.3682,0.42685,0.16615,4.55592,1.82172,1.69886,0.0009217,0.0009217,0.0009217
89,499.416,4.18854,1.78831,1.77645,0.58438,0.35791,0.41773,0.16391,4.60531,1.81679,1.70658,0.0009208,0.0009208,0.0009208
90,505.054,4.07373,1.8206,1.79475,0.57571,0.37891,0.43541,0.17657,4.36023,1.85102,1.69281,0.0009199,0.0009199,0.0009199
91,510.762,4.37233,1.91056,1.7517,0.58177,0.38443,0.44351,0.18155,4.35023,1.80633,1.69375,0.000919,0.000919,0.000919
92,516.932,3.77991,1.78213,1.83605,0.50465,0.33694,0.37152,0.13323,4.93729,1.93474,1.7063,0.0009181,0.0009181,0.0009181
93,521.981,4.42217,1.85756,1.72448,0.53989,0.36614,0.41005,0.15449,4.71615,1.88844,1.7008,0.0009172,0.0009172,0.0009172
94,527.9,4.05506,1.77222,1.79174,0.5692,0.37164,0.4267,0.16459,4.55215,1.85251,1.69151,0.0009163,0.0009163,0.0009163
95,533.11,4.14267,1.81559,1.8006,0.54731,0.35653,0.40097,0.14494,4.75875,1.87387,1.69854,0.0009154,0.0009154,0.0009154
96,539.288,4.30334,1.83991,1.75148,0.58283,0.37068,0.43063,0.16659,4.49292,1.78828,1.69108,0.0009145,0.0009145,0.0009145
97,543.897,4.74566,1.96408,1.70255,0.55416,0.35846,0.40748,0.14941,4.63698,1.83168,1.6962,0.0009136,0.0009136,0.0009136
98,550.113,4.1815,1.76971,1.77662,0.58731,0.38166,0.43949,0.17914,4.36709,1.77298,1.68644,0.0009127,0.0009127,0.0009127
99,555.468,4.64868,1.88161,1.69436,0.59345,0.37562,0.43601,0.17839,4.36871,1.76364,1.6857,0.0009118,0.0009118,0.0009118
100,561.137,4.2066,1.88201,1.77634,0.5535,0.352,0.40476,0.15214,4.61864,1.84294,1.69113,0.0009109,0.0009109,0.0009109
101,566.554,4.29152,1.84774,1.73469,0.58767,0.37493,0.4366,0.17836,4.35167,1.76404,1.68532,0.00091,0.00091,0.00091
102,572.117,3.98515,1.76371,1.76349,0.57324,0.3751,0.43105,0.17146,4.4288,1.77196,1.68695,0.0009091,0.0009091,0.0009091
103,577.836,3.86067,1.72386,1.77356,0.5472,0.3577,0.40474,0.14504,4.74012,1.86834,1.69823,0.0009082,0.0009082,0.0009082
104,583.161,4.79949,1.92649,1.68917,0.60668,0.37713,0.44566,0.1794,4.38234,1.7854,1.68562,0.0009073,0.0009073,0.0009073
105,588.46,4.47096,1.90743,1.75806,0.58793,0.37836,0.44473,0.17557,4.45195,1.77956,1.68663,0.0009064,0.0009064,0.0009064
106,594.128,4.20543,1.80745,1.70584,0.57598,0.36436,0.4268,0.16401,4.63312,1.84768,1.69335,0.0009055,0.0009055,0.0009055
107,599.766,4.16931,1.78044,1.73208,0.60766,0.37743,0.44484,0.18173,4.42531,1.76092,1.68766,0.0009046,0.0009046,0.0009046
108,605.487,4.44556,1.8378,1.72254,0.58372,0.37685,0.43782,0.1713,4.51014,1.78636,1.69235,0.0009037,0.0009037,0.0009037
109,610.857,4.35877,1.77194,1.70547,0.58067,0.3844,0.44232,0.17583,4.43433,1.76785,1.68641,0.0009028,0.0009028,0.0009028
110,616.356,4.33166,1.83546,1.72856,0.55668,0.38619,0.43868,0.1711,4.47796,1.75304,1.68344,0.0009019,0.0009019,0.0009019
111,622.176,3.85917,1.66772,1.7444,0.53546,0.37617,0.41956,0.15725,4.61452,1.79792,1.68753,0.000901,0.000901,0.000901
112,627.708,4.35381,1.8722,1.75109,0.58212,0.38248,0.44495,0.18008,4.36222,1.73693,1.67949,0.0009001,0.0009001,0.0009001
113,632.86,3.78388,1.68,1.7575,0.59974,0.38839,0.45424,0.18296,4.32193,1.7119,1.68043,0.0008992,0.0008992,0.0008992
114,638.825,4.37038,1.82092,1.63313,0.60176,0.39978,0.46732,0.19287,4.26912,1.69757,1.6785,0.0008983,0.0008983,0.0008983
115,643.957,4.75592,1.88372,1.64141,0.6061,0.39978,0.46263,0.19125,4.26868,1.69864,1.67997,0.0008974,0.0008974,0.0008974
116,649.65,3.86129,1.73396,1.85438,0.60208,0.38633,0.44673,0.18779,4.26297,1.74482,1.68689,0.0008965,0.0008965,0.0008965
117,655.012,4.39166,1.8161,1.73132,0.60391,0.3807,0.44667,0.18809,4.28032,1.72708,1.68968,0.0008956,0.0008956,0.0008956
118,660.542,4.48791,1.95618,1.69391,0.5682,0.40115,0.45774,0.18675,4.35022,1.79388,1.68477,0.0008947,0.0008947,0.0008947
119,666.14,4.56067,1.88068,1.67217,0.57969,0.39743,0.4587,0.18716,4.32926,1.78103,1.68668,0.0008938,0.0008938,0.0008938
120,672.176,3.85078,1.66134,1.74691,0.56773,0.38605,0.44069,0.17964,4.41715,1.8354,1.68595,0.0008929,0.0008929,0.0008929
121,677.517,3.9098,1.74289,1.76994,0.57475,0.3818,0.44012,0.17826,4.39163,1.77026,1.68283,0.000892,0.000892,0.000892
122,683.367,3.74176,1.72422,1.80135,0.59105,0.39443,0.45316,0.18425,4.32056,1.76523,1.68248,0.0008911,0.0008911,0.0008911
123,688.726,4.03554,1.79643,1.79563,0.59224,0.38468,0.44744,0.18119,4.35261,1.75851,1.68442,0.0008902,0.0008902,0.0008902
124,694.003,3.9814,1.71703,1.77257,0.59905,0.38234,0.44925,0.18635,4.34453,1.80167,1.68526,0.0008893,0.0008893,0.0008893
125,699.895,4.18459,1.72088,1.70891,0.59337,0.38962,0.45741,0.18487,4.32323,1.7957,1.6837,0.0008884,0.0008884,0.0008884
126,705.265,4.28519,1.88452,1.69861,0.58578,0.38715,0.45117,0.18184,4.35012,1.77532,1.68082,0.0008875,0.0008875,0.0008875
127,711.439,3.8822,1.7827,1.81711,0.56106,0.36724,0.42136,0.16151,4.56996,1.84133,1.68386,0.0008866,0.0008866,0.0008866
128,717.113,4.00556,1.69291,1.70529,0.56118,0.36922,0.42053,0.15956,4.54885,1.82225,1.68711,0.0008857,0.0008857,0.0008857
129,722.471,3.88252,1.76717,1.81328,0.51377,0.33649,0.37571,0.12967,4.86672,1.96227,1.70202,0.0008848,0.0008848,0.0008848
130,728.139,4.91518,2.24519,1.65418,0.54164,0.32276,0.37782,0.13019,4.89356,2.03583,1.69634,0.0008839,0.0008839,0.0008839
131,733.887,3.89738,1.77596,1.80355,0.54989,0.35104,0.40513,0.14549,4.76688,1.88725,1.69058,0.000883,0.000883,0.000883
132,739.573,4.25147,1.8477,1.73443,0.59216,0.38811,0.45038,0.18223,4.36727,1.76604,1.67718,0.0008821,0.0008821,0.0008821
133,745.007,4.42637,1.73735,1.69993,0.60119,0.38221,0.45084,0.19091,4.29114,1.75243,1.67844,0.0008812,0.0008812,0.0008812
134,750.963,4.56917,1.83513,1.71577,0.61201,0.37466,0.44985,0.18103,4.3974,1.79619,1.67673,0.0008803,0.0008803,0.0008803
135,756.713,4.54111,1.88001,1.73482,0.58336,0.35956,0.434,0.16768,4.55044,1.94818,1.68222,0.0008794,0.0008794,0.0008794
136,762.536,4.55375,1.99242,1.69164,0.61491,0.39064,0.46243,0.19462,4.28695,1.76643,1.67608,0.0008785,0.0008785,0.0008785
137,767.73,4.05169,1.76626,1.75599,0.61848,0.39854,0.46665,0.19497,4.32555,1.75452,1.67934,0.0008776,0.0008776,0.0008776
138,773.686,4.4736,1.90527,1.75861,0.6017,0.37987,0.44512,0.17651,4.44409,1.90871,1.68572,0.0008767,0.0008767,0.0008767
139,779.564,4.10958,1.86205,1.74126,0.60158,0.37136,0.43754,0.16969,4.50846,1.93711,1.68941,0.0008758,0.0008758,0.0008758
140,785.152,4.05029,1.83476,1.80171,0.5539,0.36052,0.41068,0.16021,4.6724,1.84535,1.70737,0.0008749,0.0008749,0.0008749
141,790.76,4.76067,2.12071,1.68353,0.57808,0.36738,0.43691,0.18473,4.32252,1.93801,1.6822,0.000874,0.000874,0.000874
142,796.663,3.9548,1.85095,1.83321,0.566,0.37493,0.43713,0.17517,4.47144,1.84567,1.6786,0.0008731,0.0008731,0.0008731
143,802.208,4.07887,1.80439,1.77433,0.58078,0.39124,0.45531,0.18739,4.35843,1.75773,1.67703,0.0008722,0.0008722,0.0008722
144,808.304,4.27967,1.93918,1.72163,0.60232,0.398,0.46135,0.19364,4.25584,1.73018,1.68002,0.0008713,0.0008713,0.0008713
145,813.692,3.90708,1.80861,1.76681,0.59808,0.39566,0.46069,0.19107,4.25196,1.73905,1.67204,0.0008704,0.0008704,0.0008704
146,819.061,4.85162,2.04399,1.69668,0.58741,0.39388,0.45271,0.18322,4.35427,1.72414,1.675,0.0008695,0.0008695,0.0008695
147,824.653,3.78773,1.74275,1.79135,0.61587,0.39237,0.4588,0.19127,4.26183,1.70267,1.67457,0.0008686,0.0008686,0.0008686
148,830.403,3.85739,1.68025,1.77218,0.60267,0.39401,0.45926,0.18534,4.30241,1.71774,1.67501,0.0008677,0.0008677,0.0008677
149,835.566,4.23345,1.80736,1.73168,0.58689,0.39621,0.4596,0.18231,4.33793,1.7478,1.67308,0.0008668,0.0008668,0.0008668
150,841.269,3.6986,1.71335,1.82826,0.56271,0.37452,0.43494,0.16773,4.54775,1.81562,1.67714,0.0008659,0.0008659,0.0008659
151,846.417,4.01894,1.70233,1.76527,0.56269,0.37996,0.43877,0.17298,4.52541,1.82929,1.68134,0.000865,0.000865,0.000865
152,851.928,4.32021,1.79851,1.76063,0.59284,0.39896,0.46576,0.1961,4.27498,1.74783,1.68036,0.0008641,0.0008641,0.0008641
153,857.396,4.67576,1.877,1.68434,0.58861,0.39923,0.46295,0.19008,4.32837,1.75744,1.68203,0.0008632,0.0008632,0.0008632
154,862.88,3.95768,1.6938,1.72496,0.5931,0.39841,0.46087,0.1912,4.27994,1.7343,1.6776,0.0008623,0.0008623,0.0008623
155,868.582,4.25862,1.80982,1.72389,0.57305,0.39031,0.45128,0.18181,4.37434,1.74646,1.68066,0.0008614,0.0008614,0.0008614
156,874.165,4.40323,1.88962,1.72508,0.55766,0.35031,0.41323,0.15166,4.68676,1.95424,1.6959,0.0008605,0.0008605,0.0008605
157,879.748,4.49734,1.95545,1.7571,0.59596,0.37315,0.4514,0.17849,4.4287,1.92741,1.6836,0.0008596,0.0008596,0.0008596
158,885.441,3.96641,1.81676,1.79377,0.5922,0.39333,0.45953,0.19256,4.29875,1.73019,1.67829,0.0008587,0.0008587,0.0008587
159,890.895,3.86466,1.70148,1.76122,0.58789,0.39058,0.45825,0.18911,4.31916,1.73573,1.67878,0.0008578,0.0008578,0.0008578
160,896.602,3.59936,1.63554,1.8019,0.57512,0.38413,0.44815,0.1849,4.30111,1.81071,1.67399,0.0008569,0.0008569,0.0008569
161,902.193,3.92528,1.68418,1.73004,0.5775,0.38921,0.45556,0.19392,4.20632,1.77572,1.67279,0.000856,0.000856,0.000856
162,908.271,3.94933,1.7061,1.75791,0.57959,0.40371,0.46524,0.19518,4.23566,1.70811,1.67519,0.0008551,0.0008551,0.0008551
163,913.155,4.08363,1.73613,1.72332,0.58128,0.40788,0.46618,0.20103,4.18527,1.68224,1.67625,0.0008542,0.0008542,0.0008542
164,918.753,4.22007,1.78119,1.68692,0.59087,0.39758,0.46078,0.1971,4.18712,1.73069,1.67869,0.0008533,0.0008533,0.0008533
165,924.01,4.00262,1.70943,1.79638,0.59146,0.38688,0.4538,0.19421,4.19622,1.79804,1.67294,0.0008524,0.0008524,0.0008524
166,930.258,3.77724,1.75637,1.81824,0.60501,0.39621,0.46219,0.19138,4.26562,1.69078,1.67609,0.0008515,0.0008515,0.0008515
167,935.539,4.37203,1.78601,1.71069,0.60308,0.40092,0.46896,0.19657,4.20598,1.67669,1.67632,0.0008506,0.0008506,0.0008506
168,941.4,3.83551,1.69276,1.74284,0.59317,0.39964,0.46704,0.19136,4.22512,1.74261,1.67472,0.0008497,0.0008497,0.0008497
169,946.852,4.21691,1.88284,1.76222,0.59464,0.39566,0.46429,0.18737,4.26946,1.76956,1.67521,0.0008488,0.0008488,0.0008488
170,953.096,4.70689,1.98121,1.66349,0.62386,0.3866,0.46536,0.19764,4.20157,1.67042,1.67264,0.0008479,0.0008479,0.0008479
171,958.21,3.5968,1.65434,1.80618,0.6148,0.39025,0.46686,0.19895,4.12913,1.67335,1.6693,0.000847,0.000847,0.000847
172,963.327,4.19367,1.74506,1.70019,0.60816,0.3866,0.45996,0.19957,4.16269,1.70746,1.67225,0.0008461,0.0008461,0.0008461
173,968.329,3.88756,1.72225,1.7597,0.60602,0.38427,0.45734,0.20138,4.13462,1.70022,1.67121,0.0008452,0.0008452,0.0008452
174,974.571,3.87696,1.64032,1.67479,0.5961,0.39592,0.4634,0.19662,4.18221,1.6885,1.6676,0.0008443,0.0008443,0.0008443
175,979.832,4.28268,1.81101,1.67284,0.59084,0.40027,0.46514,0.19935,4.16538,1.67317,1.66959,0.0008434,0.0008434,0.0008434
176,985.397,4.04101,1.77588,1.77865,0.57717,0.40939,0.46949,0.20058,4.1944,1.67336,1.67193,0.0008425,0.0008425,0.0008425
177,990.683,4.33206,1.79062,1.72118,0.58715,0.40788,0.46886,0.19563,4.21985,1.68725,1.67277,0.0008416,0.0008416,0.0008416
178,996.718,4.38354,1.85672,1.78918,0.60609,0.40582,0.47442,0.19801,4.21857,1.68176,1.67436,0.0008407,0.0008407,0.0008407
179,1002.01,4.05537,1.74025,1.76257,0.60776,0.41282,0.47795,0.20225,4.17705,1.65754,1.67426,0.0008398,0.0008398,0.0008398
180,1008.02,3.7094,1.65602,1.79304,0.60373,0.4089,0.47584,0.20239,4.13071,1.67199,1.664,0.0008389,0.0008389,0.0008389
181,1012.93,4.66897,1.80225,1.67674,0.58974,0.40259,0.46763,0.19739,4.2062,1.7074,1.66933,0.000838,0.000838,0.000838
182,1018.83,4.0041,1.6275,1.72568,0.59898,0.39703,0.45967,0.18772,4.30491,1.70196,1.67815,0.0008371,0.0008371,0.0008371
183,1023.86,4.40232,1.77988,1.71613,0.60966,0.39454,0.45928,0.19031,4.27484,1.68471,1.67872,0.0008362,0.0008362,0.0008362
184,1029.19,4.02494,1.70293,1.75876,0.62933,0.40487,0.47968,0.20529,4.09259,1.63849,1.67002,0.0008353,0.0008353,0.0008353
185,1034.79,3.83175,1.60249,1.68594,0.63339,0.4028,0.48039,0.20372,4.11395,1.64121,1.66868,0.0008344,0.0008344,0.0008344
186,1040.91,3.97711,1.71846,1.70517,0.61373,0.40071,0.47446,0.20026,4.18388,1.65212,1.66805,0.0008335,0.0008335,0.0008335
187,1046.19,4.13718,1.69648,1.6982,0.6209,0.39498,0.47205,0.19794,4.22151,1.6731,1.66848,0.0008326,0.0008326,0.0008326
188,1052.03,4.12585,1.63142,1.69938,0.62084,0.40788,0.48131,0.20706,4.09109,1.65168,1.6644,0.0008317,0.0008317,0.0008317
189,1057.28,3.89547,1.67068,1.77866,0.61981,0.40513,0.47851,0.20551,4.12193,1.65426,1.66498,0.0008308,0.0008308,0.0008308
190,1062.85,3.87434,1.59349,1.72599,0.62005,0.40321,0.47597,0.20198,4.13741,1.63917,1.66505,0.0008299,0.0008299,0.0008299
191,1068.82,4.76908,1.95273,1.67776,0.62443,0.40515,0.47527,0.20311,4.14309,1.63691,1.66925,0.000829,0.000829,0.000829
192,1074.55,3.86587,1.64751,1.76458,0.61702,0.41008,0.47914,0.20498,4.11465,1.64137,1.66625,0.0008281,0.0008281,0.0008281
193,1080.12,3.7277,1.62853,1.71966,0.59839,0.40157,0.46786,0.19743,4.17261,1.66994,1.66641,0.0008272,0.0008272,0.0008272
194,1086,4.52635,1.87819,1.68047,0.61285,0.41255,0.47803,0.20468,4.12025,1.65211,1.66472,0.0008263,0.0008263,0.0008263
195,1091.11,3.76557,1.61466,1.71488,0.62126,0.4087,0.47825,0.2047,4.10241,1.65818,1.66497,0.0008254,0.0008254,0.0008254
196,1096.93,3.8417,1.67728,1.71695,0.62183,0.39882,0.47329,0.20179,4.14546,1.67491,1.66566,0.0008245,0.0008245,0.0008245
197,1102.2,3.81742,1.6615,1.72508,0.63013,0.39841,0.47623,0.20181,4.16168,1.69094,1.66486,0.0008236,0.0008236,0.0008236
198,1108.02,4.18042,1.73053,1.72311,0.63608,0.40829,0.48542,0.20764,4.0934,1.66459,1.66314,0.0008227,0.0008227,0.0008227
199,1114.02,3.77033,1.63801,1.73897,0.64404,0.41351,0.49073,0.21317,4.05649,1.63253,1.66569,0.0008218,0.0008218,0.0008218
200,1119.8,3.67024,1.57955,1.75226,0.62536,0.40719,0.48012,0.2047,4.11939,1.65346,1.66386,0.0008209,0.0008209,0.0008209
201,1124.94,3.85734,1.66356,1.75821,0.61636,0.40898,0.47805,0.2026,4.14404,1.67684,1.66595,0.00082,0.00082,0.00082
202,1131.07,4.13412,1.7095,1.72654,0.6235,0.41118,0.4843,0.20864,4.0839,1.64858,1.66618,0.0008191,0.0008191,0.0008191
203,1136.81,3.95313,1.70513,1.70912,0.61269,0.40829,0.4784,0.19912,4.17473,1.71078,1.66594,0.0008182,0.0008182,0.0008182
204,1142.67,4.0224,1.66521,1.71014,0.60967,0.39676,0.47183,0.19138,4.3216,1.75327,1.6666,0.0008173,0.0008173,0.0008173
205,1148.1,4.16267,1.818,1.69383,0.62099,0.4098,0.48745,0.21116,4.12232,1.67362,1.66458,0.0008164,0.0008164,0.0008164
206,1153.94,3.94738,1.65993,1.72671,0.61109,0.41447,0.48189,0.20467,4.1349,1.66211,1.66517,0.0008155,0.0008155,0.0008155
207,1159.2,4.27289,1.72021,1.66805,0.6047,0.40692,0.47389,0.20137,4.15132,1.65345,1.6647,0.0008146,0.0008146,0.0008146
208,1164.94,3.90713,1.5903,1.73002,0.61422,0.40569,0.4784,0.20841,4.03283,1.63729,1.66083,0.0008137,0.0008137,0.0008137
209,1170.39,3.85174,1.65675,1.72251,0.59508,0.39003,0.46092,0.19349,4.16156,1.69243,1.66271,0.0008128,0.0008128,0.0008128
210,1176.54,4.5458,1.86896,1.66392,0.61323,0.40239,0.47545,0.206,4.0543,1.67789,1.66157,0.0008119,0.0008119,0.0008119
211,1181.92,4.11553,1.72553,1.70967,0.62226,0.40815,0.48306,0.21296,4.00788,1.65559,1.66271,0.000811,0.000811,0.000811
212,1187.89,3.72716,1.59417,1.70158,0.60968,0.38921,0.47337,0.20505,4.15828,1.76752,1.66769,0.0008101,0.0008101,0.0008101
213,1193.12,3.73527,1.6552,1.75135,0.60174,0.39264,0.47179,0.20316,4.15814,1.78796,1.67176,0.0008092,0.0008092,0.0008092
214,1199.04,3.80314,1.69846,1.71819,0.60812,0.3774,0.44801,0.18549,4.31017,1.74082,1.6859,0.0008083,0.0008083,0.0008083
215,1204.67,4.15369,1.75574,1.70552,0.62302,0.39964,0.47366,0.20407,4.12221,1.66211,1.67015,0.0008074,0.0008074,0.0008074
216,1210.31,3.69916,1.65269,1.7298,0.64022,0.40596,0.48319,0.20889,4.04252,1.61807,1.66019,0.0008065,0.0008065,0.0008065
217,1215.92,4.41322,1.79347,1.63126,0.64529,0.4028,0.48459,0.21205,4.02014,1.61431,1.66269,0.0008056,0.0008056,0.0008056
218,1221.74,3.80398,1.60646,1.72361,0.60979,0.40733,0.4798,0.20877,4.06639,1.65681,1.65897,0.0008047,0.0008047,0.0008047
219,1227.01,4.13812,1.65786,1.63572,0.605,0.41529,0.4832,0.21112,4.03463,1.64432,1.65679,0.0008038,0.0008038,0.0008038
220,1232.76,4.10159,1.74051,1.6946,0.63225,0.405,0.48081,0.2103,4.07096,1.6533,1.66158,0.0008029,0.0008029,0.0008029
221,1238.41,3.87929,1.62816,1.71609,0.62534,0.41086,0.48608,0.21484,4.02892,1.63254,1.6588,0.000802,0.000802,0.000802
222,1244.01,4.11307,1.65661,1.67935,0.62006,0.41876,0.48677,0.21536,4.02919,1.61232,1.66184,0.0008011,0.0008011,0.0008011
223,1249.21,3.74647,1.57994,1.75559,0.61895,0.42449,0.48981,0.21675,4.06452,1.6164,1.66416,0.0008002,0.0008002,0.0008002
224,1254.82,4.21261,1.80206,1.70624,0.61815,0.41404,0.48657,0.20942,4.04168,1.64332,1.65885,0.0007993,0.0007993,0.0007993
225,1260.62,4.15877,1.73473,1.67874,0.63406,0.41378,0.49078,0.21207,4.02202,1.63414,1.65929,0.0007984,0.0007984,0.0007984
226,1266.08,3.81203,1.59025,1.73097,0.652,0.41282,0.49262,0.21503,4.0575,1.61624,1.66618,0.0007975,0.0007975,0.0007975
227,1271.83,3.62312,1.65409,1.77702,0.64486,0.4131,0.49646,0.21475,4.07162,1.61931,1.66456,0.0007966,0.0007966,0.0007966
228,1277.51,4.25373,1.75385,1.67854,0.64192,0.40843,0.49252,0.21577,4.03925,1.62229,1.66392,0.0007957,0.0007957,0.0007957
229,1283.21,3.86073,1.60873,1.69518,0.63428,0.41172,0.49383,0.21873,3.99828,1.60814,1.6616,0.0007948,0.0007948,0.0007948
230,1289.23,3.54602,1.54161,1.72686,0.63282,0.41886,0.49765,0.22003,3.9753,1.58965,1.65795,0.0007939,0.0007939,0.0007939
231,1295.05,4.28336,1.78504,1.6501,0.63582,0.41753,0.49405,0.21995,3.95721,1.59175,1.65795,0.000793,0.000793,0.000793
232,1300.57,3.87706,1.65894,1.74063,0.6168,0.40527,0.48007,0.21163,4.03532,1.65503,1.65833,0.0007921,0.0007921,0.0007921
233,1306.21,4.07487,1.68968,1.67292,0.6149,0.40417,0.47873,0.20874,4.09812,1.64305,1.65944,0.0007912,0.0007912,0.0007912
234,1311.46,3.48221,1.60639,1.81534,0.64094,0.42051,0.49504,0.21746,3.99286,1.58704,1.65949,0.0007903,0.0007903,0.0007903
235,1317.02,3.62853,1.54571,1.70696,0.63189,0.41928,0.49232,0.21443,4.03721,1.59395,1.66149,0.0007894,0.0007894,0.0007894
236,1322.35,3.87185,1.62329,1.70207,0.61801,0.41694,0.4884,0.20717,4.11767,1.62192,1.66649,0.0007885,0.0007885,0.0007885
237,1328.31,3.72518,1.62767,1.75789,0.62064,0.40802,0.48521,0.20414,4.14372,1.63469,1.66646,0.0007876,0.0007876,0.0007876
238,1334.23,4.15768,1.87221,1.69528,0.63725,0.40637,0.48685,0.20915,4.04,1.6169,1.66479,0.0007867,0.0007867,0.0007867
239,1339.65,4.10016,1.76521,1.69958,0.61688,0.40474,0.481,0.20883,4.02895,1.62231,1.6641,0.0007858,0.0007858,0.0007858
240,1345.4,3.93751,1.66084,1.67691,0.62259,0.40761,0.48398,0.2131,4.01177,1.63,1.66505,0.0007849,0.0007849,0.0007849
241,1350.63,4.22442,1.721,1.68675,0.62565,0.40405,0.47995,0.20695,4.09655,1.63555,1.66629,0.000784,0.000784,0.000784
242,1356.25,3.86299,1.61894,1.7023,0.61504,0.40376,0.47957,0.20771,4.12062,1.71847,1.6665,0.0007831,0.0007831,0.0007831
243,1361.45,4.20558,1.73579,1.66787,0.60789,0.39609,0.47178,0.20417,4.13357,1.73524,1.66265,0.0007822,0.0007822,0.0007822
244,1367.54,4.1144,1.83637,1.72177,0.63332,0.41557,0.48928,0.21223,4.04837,1.62561,1.66304,0.0007813,0.0007813,0.0007813
245,1373.07,3.7804,1.57474,1.69239,0.62215,0.41982,0.48872,0.21486,4.00075,1.6085,1.65787,0.0007804,0.0007804,0.0007804
246,1378.61,3.97846,1.68765,1.71761,0.62388,0.41406,0.48634,0.2089,4.08998,1.61987,1.6618,0.0007795,0.0007795,0.0007795
247,1383.83,3.91825,1.59402,1.68951,0.61755,0.41584,0.483,0.20469,4.09891,1.62097,1.66446,0.0007786,0.0007786,0.0007786
248,1389.44,4.24394,1.72809,1.66736,0.61948,0.41035,0.48649,0.21289,4.03356,1.64271,1.65955,0.0007777,0.0007777,0.0007777
249,1395.06,3.80399,1.60419,1.73895,0.61388,0.40115,0.48026,0.20879,4.103,1.66189,1.65808,0.0007768,0.0007768,0.0007768
250,1400.34,4.01689,1.76357,1.72141,0.62904,0.39925,0.48111,0.20565,4.12428,1.67801,1.66504,0.0007759,0.0007759,0.0007759
251,1405.39,4.35208,1.87001,1.66383,0.63479,0.39922,0.48089,0.20498,4.12759,1.67398,1.66578,0.000775,0.000775,0.000775
252,1411.08,4.28175,1.72732,1.66892,0.63352,0.40664,0.4887,0.21542,4.0162,1.6183,1.6592,0.0007741,0.0007741,0.0007741
253,1416.72,4.07893,1.68894,1.70217,0.64264,0.40637,0.49043,0.21536,4.01169,1.60661,1.66005,0.0007732,0.0007732,0.0007732
254,1422.5,4.04678,1.65085,1.73475,0.62955,0.41155,0.48745,0.21118,4.11722,1.62725,1.6608,0.0007723,0.0007723,0.0007723
255,1428.1,3.67727,1.55233,1.73252,0.62851,0.42518,0.4949,0.21483,4.06846,1.60235,1.65862,0.0007714,0.0007714,0.0007714
256,1433.94,4.13123,1.77019,1.66545,0.62107,0.41955,0.48956,0.20907,4.08069,1.63567,1.66188,0.0007705,0.0007705,0.0007705
257,1439.22,4.2817,1.74614,1.6346,0.62467,0.42271,0.49648,0.21699,4.00688,1.6011,1.65761,0.0007696,0.0007696,0.0007696
258,1445.02,3.84006,1.68987,1.68106,0.62467,0.4098,0.48629,0.21383,4.02221,1.60497,1.66071,0.0007687,0.0007687,0.0007687
259,1450.49,3.48228,1.59292,1.83832,0.64676,0.40102,0.48414,0.21308,4.01959,1.59984,1.66118,0.0007678,0.0007678,0.0007678
260,1456.48,4.03211,1.65136,1.65098,0.64287,0.41104,0.4951,0.21755,3.984,1.57908,1.65596,0.0007669,0.0007669,0.0007669
261,1462.28,4.07582,1.68364,1.70026,0.64006,0.41063,0.49198,0.21712,4.00561,1.57574,1.65466,0.000766,0.000766,0.000766
262,1467.94,3.92921,1.67608,1.67558,0.63112,0.40898,0.48922,0.21656,4.00067,1.58961,1.65989,0.0007651,0.0007651,0.0007651
263,1473.6,3.66275,1.56044,1.71445,0.63283,0.41049,0.48931,0.21691,3.9643,1.61131,1.65753,0.0007642,0.0007642,0.0007642
264,1479.47,3.67648,1.59703,1.76346,0.63062,0.40129,0.474,0.20668,4.04751,1.62308,1.65746,0.0007633,0.0007633,0.0007633
265,1485.15,3.84211,1.56575,1.71131,0.63004,0.40047,0.47571,0.20787,4.07173,1.61611,1.65821,0.0007624,0.0007624,0.0007624
266,1490.97,4.15063,1.81137,1.70521,0.64389,0.41296,0.48767,0.21405,4.01152,1.60302,1.65781,0.0007615,0.0007615,0.0007615
267,1495.81,3.55062,1.56907,1.73948,0.63519,0.41104,0.48726,0.21349,4.01945,1.63077,1.65645,0.0007606,0.0007606,0.0007606
268,1501.9,4.057,1.663,1.69571,0.63906,0.419,0.49913,0.21937,3.97541,1.62266,1.65789,0.0007597,0.0007597,0.0007597
269,1507.13,3.9657,1.66189,1.71877,0.6457,0.42367,0.50238,0.22094,3.95286,1.59621,1.66057,0.0007588,0.0007588,0.0007588
270,1512.59,4.38161,1.8417,1.5942,0.63326,0.42518,0.49817,0.21761,3.98854,1.61092,1.66271,0.0007579,0.0007579,0.0007579
271,1518.13,3.92088,1.61309,1.7026,0.6451,0.4223,0.49669,0.21336,4.01516,1.61864,1.66443,0.000757,0.000757,0.000757
272,1523.78,3.62391,1.57202,1.73034,0.64999,0.41639,0.49611,0.21257,4.00155,1.6185,1.66353,0.0007561,0.0007561,0.0007561
273,1529.05,3.58281,1.54646,1.73818,0.64629,0.40747,0.48946,0.20941,4.04028,1.62276,1.66574,0.0007552,0.0007552,0.0007552
274,1534.8,3.91339,1.64914,1.69406,0.64156,0.40829,0.48817,0.20931,4.05627,1.61531,1.66382,0.0007543,0.0007543,0.0007543
275,1540.2,3.78967,1.54604,1.69083,0.63609,0.40884,0.48662,0.21169,4.03201,1.60567,1.66492,0.0007534,0.0007534,0.0007534
276,1545.83,4.20373,1.70417,1.71659,0.65877,0.41763,0.49802,0.21533,4.00342,1.60472,1.66054,0.0007525,0.0007525,0.0007525
277,1550.99,3.83108,1.6648,1.74902,0.64867,0.41406,0.49491,0.21417,3.99111,1.58548,1.65675,0.0007516,0.0007516,0.0007516
278,1556.58,3.9192,1.60786,1.68962,0.64322,0.41612,0.49517,0.22031,3.92611,1.58064,1.65577,0.0007507,0.0007507,0.0007507
279,1561.87,3.74337,1.64661,1.77523,0.64391,0.4121,0.49351,0.21799,3.96871,1.58643,1.65836,0.0007498,0.0007498,0.0007498
280,1567.51,3.70528,1.60659,1.69431,0.63593,0.42339,0.50067,0.21967,4.01136,1.57687,1.65991,0.0007489,0.0007489,0.0007489
281,1572.64,4.18505,1.71777,1.70292,0.63636,0.42586,0.50351,0.22176,3.99227,1.5742,1.65863,0.000748,0.000748,0.000748
282,1578.62,4.00314,1.63213,1.69877,0.64576,0.41749,0.50136,0.2206,3.98535,1.60997,1.65264,0.0007471,0.0007471,0.0007471
283,1584.27,4.53378,1.8035,1.63688,0.65038,0.41694,0.49965,0.21851,3.99951,1.59065,1.65325,0.0007462,0.0007462,0.0007462
284,1589.85,4.06356,1.639,1.69251,0.65032,0.42792,0.50337,0.22504,3.91762,1.56441,1.65527,0.0007453,0.0007453,0.0007453
285,1595.35,3.67792,1.59215,1.72152,0.65032,0.42532,0.50367,0.22619,3.9157,1.57659,1.65484,0.0007444,0.0007444,0.0007444
286,1601.34,4.03513,1.66033,1.7015,0.64761,0.4201,0.50644,0.2262,3.9091,1.62067,1.65371,0.0007435,0.0007435,0.0007435
287,1606.76,3.86029,1.64606,1.66999,0.64674,0.419,0.50262,0.22162,3.94003,1.57926,1.65448,0.0007426,0.0007426,0.0007426
288,1613.02,3.82773,1.59982,1.69163,0.63324,0.43122,0.5047,0.2234,3.9462,1.57104,1.65486,0.0007417,0.0007417,0.0007417
289,1618.14,4.25234,1.66354,1.65384,0.63301,0.42743,0.50467,0.22455,3.92426,1.56565,1.6543,0.0007408,0.0007408,0.0007408
290,1623.4,3.95472,1.60655,1.70039,0.623,0.42106,0.49982,0.21889,4.00337,1.63952,1.65858,0.0007399,0.0007399,0.0007399
291,1628.63,3.9209,1.6242,1.6426,0.63274,0.42902,0.5061,0.22504,3.90166,1.56986,1.65569,0.000739,0.000739,0.000739
292,1634.27,4.43995,1.76523,1.601,0.63238,0.4304,0.50257,0.22069,3.96687,1.55968,1.65444,0.0007381,0.0007381,0.0007381
293,1639.54,3.46322,1.46433,1.70407,0.62514,0.42449,0.49624,0.2128,4.05121,1.57729,1.65705,0.0007372,0.0007372,0.0007372
294,1645.31,3.65402,1.5588,1.71511,0.64882,0.42916,0.5089,0.22684,3.9004,1.54275,1.65384,0.0007363,0.0007363,0.0007363
295,1651.01,3.51452,1.54909,1.75568,0.64032,0.43355,0.51082,0.22821,3.88473,1.53721,1.65163,0.0007354,0.0007354,0.0007354
296,1657.01,3.71962,1.55976,1.68536,0.64635,0.4304,0.50842,0.22572,3.92132,1.55219,1.65395,0.0007345,0.0007345,0.0007345
297,1662.19,3.4939,1.49108,1.73546,0.63006,0.41365,0.49305,0.21077,4.09347,1.58795,1.65457,0.0007336,0.0007336,0.0007336
298,1667.85,3.84936,1.65063,1.80535,0.63958,0.41269,0.49259,0.21395,4.06005,1.57593,1.65639,0.0007327,0.0007327,0.0007327
299,1673.19,3.98353,1.65235,1.67091,0.64978,0.41875,0.49606,0.20785,4.1483,1.61457,1.66711,0.0007318,0.0007318,0.0007318
300,1678.92,4.21436,1.64447,1.70678,0.63442,0.40692,0.48091,0.20028,4.20162,1.65258,1.67989,0.0007309,0.0007309,0.0007309
301,1684.28,4.18547,1.75164,1.67275,0.64269,0.40047,0.48796,0.21531,3.98878,1.62887,1.66156,0.00073,0.00073,0.00073
302,1690.17,4.08055,1.68747,1.71067,0.62755,0.39017,0.47793,0.2037,4.08556,1.63586,1.65321,0.0007291,0.0007291,0.0007291
303,1695.42,4.13274,1.72237,1.6951,0.64439,0.39923,0.48755,0.21556,3.96147,1.59635,1.65247,0.0007282,0.0007282,0.0007282
304,1701.06,4.43142,1.77177,1.64364,0.64266,0.41241,0.49141,0.21114,4.10455,1.62028,1.66167,0.0007273,0.0007273,0.0007273
305,1706.29,3.62925,1.5804,1.77113,0.63388,0.41501,0.49273,0.21296,4.07221,1.61383,1.6587,0.0007264,0.0007264,0.0007264
306,1711.72,3.78886,1.60539,1.71689,0.60504,0.40675,0.47723,0.20178,4.11051,1.66315,1.65793,0.0007255,0.0007255,0.0007255
307,1717.15,3.59209,1.48771,1.68203,0.62582,0.41584,0.49265,0.21465,3.97981,1.63038,1.65446,0.0007246,0.0007246,0.0007246
308,1723.13,3.86996,1.646,1.6773,0.63548,0.41337,0.49201,0.21503,3.99507,1.65035,1.65918,0.0007237,0.0007237,0.0007237
309,1728.4,4.18748,1.72414,1.66041,0.63548,0.42271,0.49903,0.2182,3.94826,1.59789,1.65556,0.0007228,0.0007228,0.0007228
310,1733.75,3.81836,1.58236,1.66908,0.64394,0.42312,0.50158,0.22422,3.87172,1.55172,1.65255,0.0007219,0.0007219,0.0007219
311,1739.37,3.45236,1.55622,1.80541,0.63923,0.42107,0.50181,0.22605,3.87294,1.5526,1.6514,0.000721,0.000721,0.000721
312,1745.24,3.43761,1.48444,1.75185,0.63975,0.42133,0.50133,0.22581,3.90573,1.55629,1.65358,0.0007201,0.0007201,0.0007201
313,1751.07,3.55722,1.50218,1.68387,0.63473,0.42339,0.50277,0.22768,3.90083,1.55913,1.65372,0.0007192,0.0007192,0.0007192
314,1756.09,3.90742,1.62231,1.71351,0.6381,0.43493,0.51434,0.23427,3.82318,1.54482,1.64899,0.0007183,0.0007183,0.0007183
315,1761.32,3.9101,1.59534,1.64541,0.64145,0.43685,0.51613,0.23214,3.84697,1.54218,1.64856,0.0007174,0.0007174,0.0007174
316,1766.92,3.82243,1.55599,1.66955,0.65145,0.43056,0.51133,0.23279,3.83955,1.52867,1.64795,0.0007165,0.0007165,0.0007165
317,1772.23,3.6183,1.55092,1.70105,0.655,0.42589,0.51096,0.23168,3.851,1.52519,1.64963,0.0007156,0.0007156,0.0007156
318,1777.92,3.59358,1.47513,1.71325,0.65751,0.43039,0.51523,0.23093,3.87821,1.53672,1.65301,0.0007147,0.0007147,0.0007147
319,1783.2,3.81832,1.66172,1.69414,0.65997,0.42916,0.51517,0.23221,3.85919,1.52548,1.65206,0.0007138,0.0007138,0.0007138
320,1788.91,4.13684,1.70925,1.63284,0.63986,0.43328,0.50879,0.23139,3.87224,1.53332,1.65307,0.0007129,0.0007129,0.0007129
321,1794.23,3.51463,1.52092,1.73572,0.6418,0.43026,0.50587,0.22991,3.89636,1.55052,1.65285,0.000712,0.000712,0.000712
322,1800.36,3.52562,1.49067,1.72777,0.63038,0.42916,0.50489,0.22977,3.88647,1.57448,1.65551,0.0007111,0.0007111,0.0007111
323,1805.79,3.98333,1.62707,1.67949,0.63684,0.42738,0.50643,0.22859,3.89109,1.56928,1.65654,0.0007102,0.0007102,0.0007102
324,1811.64,3.61884,1.55567,1.71865,0.64082,0.41914,0.50472,0.22972,3.89869,1.57957,1.65661,0.0007093,0.0007093,0.0007093
325,1816.84,3.48866,1.52113,1.67636,0.63508,0.42065,0.50397,0.22981,3.8974,1.58065,1.65354,0.0007084,0.0007084,0.0007084
326,1822.1,3.99854,1.65942,1.65781,0.63326,0.42889,0.50414,0.22882,3.90241,1.54056,1.65366,0.0007075,0.0007075,0.0007075
327,1827.61,4.0946,1.62496,1.69745,0.63637,0.42935,0.50505,0.22976,3.88254,1.53696,1.65566,0.0007066,0.0007066,0.0007066
328,1833.48,3.51824,1.53851,1.75598,0.63883,0.42447,0.5062,0.22977,3.86366,1.58616,1.6556,0.0007057,0.0007057,0.0007057
329,1838.77,3.92564,1.59359,1.68149,0.6403,0.42082,0.50551,0.22751,3.88756,1.60479,1.65837,0.0007048,0.0007048,0.0007048
330,1844.45,3.43127,1.51578,1.73367,0.6344,0.42904,0.5043,0.23133,3.84135,1.53345,1.64744,0.0007039,0.0007039,0.0007039
331,1849.9,3.83714,1.62829,1.64799,0.63655,0.428,0.50367,0.22826,3.86765,1.54101,1.64857,0.000703,0.000703,0.000703
332,1855.7,3.92326,1.60735,1.68653,0.61508,0.41969,0.49291,0.2197,3.96195,1.59594,1.64979,0.0007021,0.0007021,0.0007021
333,1861.5,4.1832,1.72392,1.66633,0.61982,0.42271,0.49612,0.22044,3.94473,1.58726,1.65177,0.0007012,0.0007012,0.0007012
334,1867.06,3.62178,1.55968,1.74253,0.62295,0.41749,0.48927,0.21304,4.0005,1.58799,1.66072,0.0007003,0.0007003,0.0007003
335,1872.07,3.74855,1.55796,1.69548,0.62762,0.41804,0.49111,0.21656,3.96573,1.58112,1.65905,0.0006994,0.0006994,0.0006994
336,1877.82,3.35695,1.47185,1.72813,0.62902,0.41749,0.49362,0.21737,4.01029,1.6107,1.65517,0.0006985,0.0006985,0.0006985
337,1883.56,3.60626,1.58066,1.77887,0.63983,0.42545,0.49917,0.22007,3.96071,1.58753,1.65612,0.0006976,0.0006976,0.0006976
338,1889.02,3.75342,1.55962,1.67702,0.64744,0.43671,0.50768,0.22788,3.87542,1.55044,1.65393,0.0006967,0.0006967,0.0006967
339,1894.46,3.82048,1.57132,1.73369,0.64775,0.43781,0.51273,0.22863,3.87654,1.54936,1.65183,0.0006958,0.0006958,0.0006958
340,1900.49,4.04783,1.67359,1.66381,0.64309,0.43726,0.51096,0.22587,3.93155,1.57027,1.65224,0.0006949,0.0006949,0.0006949
341,1905.69,4.1003,1.78301,1.69541,0.64323,0.43424,0.50745,0.2228,3.95298,1.57894,1.65184,0.000694,0.000694,0.000694
342,1911.24,3.69043,1.56479,1.71022,0.64543,0.43053,0.50877,0.22768,3.91774,1.58717,1.6474,0.0006931,0.0006931,0.0006931
343,1916.85,3.39747,1.47506,1.73007,0.646,0.43141,0.51104,0.23027,3.85851,1.5506,1.64723,0.0006922,0.0006922,0.0006922
344,1922.73,4.33744,1.69755,1.6547,0.6425,0.42628,0.50525,0.22566,3.92266,1.58685,1.64737,0.0006913,0.0006913,0.0006913
345,1927.69,3.82282,1.65265,1.72971,0.64326,0.42079,0.50292,0.22122,3.96466,1.60534,1.64683,0.0006904,0.0006904,0.0006904
346,1933.29,3.4322,1.48288,1.72881,0.64841,0.42586,0.50924,0.22954,3.84487,1.54248,1.64551,0.0006895,0.0006895,0.0006895
347,1938.59,3.59978,1.52046,1.71804,0.63875,0.42202,0.50251,0.2259,3.88058,1.55454,1.64608,0.0006886,0.0006886,0.0006886
348,1944.45,3.74568,1.58769,1.7004,0.63748,0.43287,0.51098,0.23652,3.82373,1.52909,1.64594,0.0006877,0.0006877,0.0006877
349,1949.65,3.63907,1.45896,1.68987,0.63561,0.4282,0.50799,0.23359,3.8597,1.53803,1.64737,0.0006868,0.0006868,0.0006868
350,1955.16,3.55486,1.48993,1.69789,0.64704,0.43245,0.51474,0.23832,3.8032,1.52293,1.64759,0.0006859,0.0006859,0.0006859
351,1960.2,3.40938,1.45814,1.71562,0.65801,0.43136,0.51723,0.23999,3.79792,1.52991,1.65045,0.000685,0.000685,0.000685
352,1965.86,3.5799,1.51016,1.68873,0.65131,0.43287,0.51608,0.23745,3.82669,1.55359,1.64602,0.0006841,0.0006841,0.0006841
353,1971.13,3.60493,1.52108,1.72065,0.6513,0.43575,0.51749,0.2335,3.84852,1.54139,1.64911,0.0006832,0.0006832,0.0006832
354,1976.65,3.90197,1.63468,1.68373,0.64381,0.43674,0.50502,0.22257,4.05042,1.61071,1.65955,0.0006823,0.0006823,0.0006823
355,1982.13,3.83305,1.7034,1.7334,0.64714,0.42573,0.4983,0.21675,4.10811,1.62792,1.66186,0.0006814,0.0006814,0.0006814
356,1988.02,3.88592,1.55199,1.64291,0.63872,0.41694,0.49535,0.22532,3.86893,1.56433,1.64797,0.0006805,0.0006805,0.0006805
357,1993.3,3.79837,1.57618,1.67501,0.63429,0.42092,0.49757,0.22614,3.84786,1.53766,1.64737,0.0006796,0.0006796,0.0006796
358,1998.97,3.41066,1.46467,1.68796,0.6361,0.42971,0.50191,0.2269,3.84355,1.52699,1.64764,0.0006787,0.0006787,0.0006787
359,2004.23,3.79629,1.64596,1.67689,0.6403,0.42463,0.5018,0.22636,3.85802,1.53505,1.64698,0.0006778,0.0006778,0.0006778
360,2009.66,3.51047,1.49046,1.68193,0.63844,0.42787,0.50354,0.22828,3.86098,1.53773,1.64492,0.0006769,0.0006769,0.0006769
361,2015.31,3.62006,1.50807,1.68015,0.64172,0.42875,0.50656,0.22995,3.85015,1.55275,1.64556,0.000676,0.000676,0.000676
362,2020.58,3.71682,1.52106,1.68464,0.63858,0.42518,0.50066,0.23093,3.85879,1.58156,1.64814,0.0006751,0.0006751,0.0006751
363,2026.33,3.62834,1.51744,1.70315,0.63829,0.42906,0.5049,0.22859,3.90862,1.5725,1.65047,0.0006742,0.0006742,0.0006742
364,2031.83,4.1144,1.61362,1.67015,0.655,0.42834,0.5095,0.22764,3.91859,1.56301,1.65188,0.0006733,0.0006733,0.0006733
365,2037.16,3.67134,1.58869,1.75174,0.64888,0.43245,0.51186,0.23129,3.86843,1.5567,1.64862,0.0006724,0.0006724,0.0006724
366,2042.93,3.65441,1.52914,1.68658,0.64722,0.43232,0.51449,0.23346,3.83815,1.56043,1.64689,0.0006715,0.0006715,0.0006715
367,2048.52,3.6572,1.55205,1.7219,0.6495,0.43506,0.51742,0.23336,3.86749,1.5515,1.6456,0.0006706,0.0006706,0.0006706
368,2054.32,3.55325,1.47751,1.70522,0.66482,0.4395,0.522,0.23443,3.85061,1.54014,1.6465,0.0006697,0.0006697,0.0006697
369,2059.91,3.4994,1.56567,1.72217,0.67224,0.43602,0.52028,0.23251,3.86509,1.54463,1.64746,0.0006688,0.0006688,0.0006688
370,2065.59,3.92703,1.63515,1.71411,0.66181,0.4363,0.5201,0.23394,3.85282,1.53871,1.64729,0.0006679,0.0006679,0.0006679
371,2071.24,3.69135,1.49168,1.69144,0.66544,0.42971,0.51772,0.23254,3.85731,1.51944,1.6487,0.000667,0.000667,0.000667
372,2077.13,3.73759,1.52497,1.67797,0.65443,0.43055,0.51753,0.23312,3.85497,1.52656,1.64693,0.0006661,0.0006661,0.0006661
373,2082.07,3.35187,1.46014,1.74924,0.64169,0.43424,0.51542,0.23145,3.87449,1.54376,1.64822,0.0006652,0.0006652,0.0006652
374,2087.62,3.35518,1.4695,1.73315,0.65415,0.42381,0.50797,0.22181,3.92539,1.56735,1.65471,0.0006643,0.0006643,0.0006643
375,2093,3.96455,1.62887,1.71727,0.65026,0.43122,0.51195,0.22482,3.90135,1.55063,1.65322,0.0006634,0.0006634,0.0006634
376,2098.49,3.57943,1.5179,1.67892,0.65019,0.42641,0.51413,0.23663,3.7972,1.54702,1.64777,0.0006625,0.0006625,0.0006625
377,2103.7,3.75533,1.51384,1.65533,0.66272,0.4249,0.51721,0.23818,3.7845,1.56589,1.6492,0.0006616,0.0006616,0.0006616
378,2109.87,3.36929,1.47229,1.7255,0.64662,0.42203,0.51216,0.23037,3.87576,1.56363,1.64637,0.0006607,0.0006607,0.0006607
379,2115.3,3.73221,1.57018,1.75423,0.6229,0.42971,0.50949,0.22792,3.90904,1.54299,1.64687,0.0006598,0.0006598,0.0006598
380,2121.37,3.78702,1.54454,1.67223,0.6292,0.42449,0.50471,0.23248,3.83658,1.5404,1.64616,0.0006589,0.0006589,0.0006589
381,2127.5,3.7732,1.54874,1.68037,0.62444,0.42161,0.50022,0.22979,3.82736,1.58768,1.64542,0.000658,0.000658,0.000658
382,2133.4,3.79142,1.59708,1.65243,0.64372,0.4168,0.49884,0.23021,3.80228,1.54839,1.65062,0.0006571,0.0006571,0.0006571
383,2139.16,3.71326,1.53912,1.69647,0.6457,0.42298,0.50476,0.22884,3.81043,1.53203,1.65069,0.0006562,0.0006562,0.0006562
384,2144.91,3.49895,1.61166,1.77351,0.64733,0.43506,0.5115,0.23423,3.80159,1.53449,1.64634,0.0006553,0.0006553,0.0006553
385,2150,3.81306,1.58035,1.69115,0.65309,0.44119,0.51798,0.23454,3.81915,1.5256,1.64662,0.0006544,0.0006544,0.0006544
386,2156.07,4.09923,1.59339,1.62998,0.64939,0.44193,0.51913,0.23666,3.79863,1.53641,1.64767,0.0006535,0.0006535,0.0006535
387,2161.38,3.63306,1.49295,1.69338,0.64597,0.44663,0.52252,0.23999,3.75559,1.51723,1.64566,0.0006526,0.0006526,0.0006526
388,2167.57,3.76303,1.55304,1.68705,0.65588,0.44001,0.51818,0.23799,3.77662,1.51783,1.64948,0.0006517,0.0006517,0.0006517
389,2172.68,3.82412,1.56888,1.72474,0.65484,0.43967,0.51703,0.23751,3.79095,1.5172,1.6497,0.0006508,0.0006508,0.0006508
390,2178.09,3.43964,1.51082,1.76782,0.65651,0.44055,0.51779,0.24044,3.75064,1.5005,1.64654,0.0006499,0.0006499,0.0006499
391,2183.57,3.32681,1.48324,1.74204,0.65353,0.44275,0.51854,0.23943,3.77626,1.49847,1.64807,0.000649,0.000649,0.000649
392,2189.84,3.47969,1.50116,1.71894,0.66066,0.43396,0.52032,0.23867,3.78796,1.50893,1.64639,0.0006481,0.0006481,0.0006481
393,2195,4.01832,1.6293,1.65152,0.66026,0.42875,0.51771,0.23283,3.85288,1.53448,1.64763,0.0006472,0.0006472,0.0006472
394,2200.29,3.69449,1.59723,1.69818,0.64632,0.42985,0.51168,0.23441,3.81735,1.5297,1.65174,0.0006463,0.0006463,0.0006463
395,2205.91,3.71117,1.50403,1.68025,0.64692,0.42985,0.51056,0.23022,3.86149,1.53693,1.65386,0.0006454,0.0006454,0.0006454
396,2211.63,3.85281,1.59458,1.66785,0.64379,0.42724,0.51745,0.23671,3.82044,1.57549,1.64572,0.0006445,0.0006445,0.0006445
397,2216.88,3.73026,1.59854,1.72371,0.64408,0.4231,0.51347,0.23395,3.85282,1.60253,1.64682,0.0006436,0.0006436,0.0006436
398,2222.61,3.79996,1.58023,1.68385,0.65006,0.42998,0.51543,0.23881,3.78917,1.53785,1.64705,0.0006427,0.0006427,0.0006427
399,2227.78,4.19053,1.75876,1.63873,0.65544,0.43012,0.51462,0.2371,3.78611,1.52771,1.64821,0.0006418,0.0006418,0.0006418
400,2233.75,4.06939,1.6112,1.66281,0.66072,0.42671,0.51336,0.22941,3.8303,1.5236,1.64794,0.0006409,0.0006409,0.0006409
401,2239.4,3.67359,1.485,1.66739,0.66238,0.42669,0.51264,0.22653,3.87315,1.52903,1.64951,0.00064,0.00064,0.00064
402,2245.08,3.34403,1.42643,1.71404,0.66267,0.43149,0.51417,0.23143,3.84325,1.53027,1.64821,0.0006391,0.0006391,0.0006391
403,2250.73,4.15631,1.63113,1.6488,0.65421,0.43012,0.51093,0.23346,3.81898,1.51608,1.6461,0.0006382,0.0006382,0.0006382
404,2256.92,3.54406,1.54753,1.73539,0.64314,0.43273,0.51247,0.23438,3.8359,1.5216,1.64573,0.0006373,0.0006373,0.0006373
405,2262.75,3.56444,1.47912,1.66975,0.6429,0.44001,0.51649,0.23803,3.79317,1.50941,1.64554,0.0006364,0.0006364,0.0006364
406,2268.57,3.49611,1.4979,1.71415,0.63333,0.44261,0.51404,0.23633,3.774,1.52938,1.64617,0.0006355,0.0006355,0.0006355
407,2274.13,3.89171,1.59966,1.68072,0.63544,0.44083,0.51909,0.23739,3.74072,1.52864,1.6437,0.0006346,0.0006346,0.0006346
408,2279.66,3.77384,1.66376,1.68956,0.64206,0.44083,0.51994,0.23745,3.78182,1.51456,1.6451,0.0006337,0.0006337,0.0006337
409,2285.11,3.91898,1.64575,1.64552,0.64284,0.44042,0.52004,0.23863,3.77905,1.50501,1.64361,0.0006328,0.0006328,0.0006328
410,2290.94,3.78939,1.51887,1.68998,0.64815,0.43802,0.51809,0.23896,3.75421,1.50893,1.64356,0.0006319,0.0006319,0.0006319
411,2296.02,3.84462,1.60856,1.71579,0.6554,0.42957,0.50612,0.22612,3.89391,1.52707,1.65237,0.000631,0.000631,0.000631
412,2301.87,3.23403,1.37612,1.76029,0.66711,0.42889,0.5094,0.22679,3.87732,1.52858,1.65209,0.0006301,0.0006301,0.0006301
413,2307.14,3.69537,1.53424,1.72246,0.65524,0.44165,0.5214,0.23601,3.80486,1.49634,1.64386,0.0006292,0.0006292,0.0006292
414,2312.54,4.2514,1.94294,1.6657,0.6344,0.43781,0.51663,0.22814,3.88949,1.52367,1.6467,0.0006283,0.0006283,0.0006283
415,2317.57,3.43013,1.47139,1.71032,0.64031,0.44165,0.52281,0.23698,3.82538,1.52436,1.64678,0.0006274,0.0006274,0.0006274
416,2323.2,3.49301,1.45191,1.68465,0.64433,0.44069,0.52443,0.23894,3.79335,1.53547,1.64574,0.0006265,0.0006265,0.0006265
417,2328.72,3.70626,1.58867,1.68364,0.64052,0.43424,0.51718,0.23326,3.84534,1.55219,1.64634,0.0006256,0.0006256,0.0006256
418,2334.62,3.60461,1.4755,1.70719,0.64234,0.43753,0.51667,0.23579,3.8079,1.4995,1.64614,0.0006247,0.0006247,0.0006247
419,2340.11,3.67893,1.53819,1.69807,0.65124,0.44119,0.51963,0.23647,3.80781,1.5021,1.64736,0.0006238,0.0006238,0.0006238
420,2345.61,3.53511,1.45964,1.69683,0.6521,0.44853,0.52772,0.23838,3.81438,1.49201,1.64602,0.0006229,0.0006229,0.0006229
421,2350.9,4.1117,1.63659,1.63658,0.65336,0.44893,0.53055,0.24126,3.78801,1.4929,1.6448,0.000622,0.000622,0.000622
422,2356.43,4.10455,1.65982,1.63723,0.65613,0.4466,0.53246,0.24511,3.76155,1.48206,1.64296,0.0006211,0.0006211,0.0006211
423,2361.92,4.11568,1.62022,1.63826,0.6535,0.4411,0.52678,0.24061,3.76552,1.48299,1.64359,0.0006202,0.0006202,0.0006202
424,2367.23,3.62464,1.52715,1.7039,0.67032,0.42669,0.51994,0.24004,3.74353,1.48364,1.64285,0.0006193,0.0006193,0.0006193
425,2372.72,3.54168,1.43338,1.65689,0.66412,0.4271,0.51741,0.23928,3.74455,1.48815,1.64457,0.0006184,0.0006184,0.0006184
426,2378.35,3.71229,1.59055,1.69525,0.67206,0.4282,0.52086,0.23905,3.74942,1.49993,1.64332,0.0006175,0.0006175,0.0006175
427,2383.72,3.95578,1.54681,1.63599,0.66215,0.4375,0.52838,0.24494,3.72468,1.4987,1.64167,0.0006166,0.0006166,0.0006166
428,2388.94,3.7999,1.60159,1.65527,0.66154,0.44138,0.53403,0.24764,3.71186,1.50374,1.64085,0.0006157,0.0006157,0.0006157
429,2394.87,3.70316,1.57552,1.70561,0.65745,0.4385,0.53001,0.24655,3.71563,1.51426,1.6412,0.0006148,0.0006148,0.0006148
430,2400.4,3.60203,1.48161,1.6934,0.65546,0.43657,0.52545,0.24219,3.77704,1.5333,1.64398,0.0006139,0.0006139,0.0006139
431,2406.09,3.7492,1.52284,1.70165,0.66161,0.43081,0.52356,0.23936,3.80654,1.52367,1.64643,0.000613,0.000613,0.000613
432,2411.76,3.38809,1.43723,1.72369,0.65615,0.44083,0.52538,0.24162,3.76178,1.50168,1.64166,0.0006121,0.0006121,0.0006121
433,2417.42,3.6373,1.52687,1.6816,0.64699,0.44248,0.52167,0.23888,3.79196,1.5042,1.64135,0.0006112,0.0006112,0.0006112
434,2423.01,3.61965,1.52081,1.73086,0.64559,0.43889,0.52127,0.24197,3.77062,1.5061,1.64172,0.0006103,0.0006103,0.0006103
435,2428.53,3.95977,1.57766,1.62519,0.65336,0.43424,0.52082,0.24141,3.77023,1.49908,1.64415,0.0006094,0.0006094,0.0006094
436,2433.89,3.8956,1.57964,1.6755,0.66819,0.42548,0.52251,0.24564,3.71688,1.50476,1.64416,0.0006085,0.0006085,0.0006085
437,2439.47,4.12229,1.6404,1.65085,0.6731,0.42504,0.52584,0.24754,3.71206,1.50821,1.64404,0.0006076,0.0006076,0.0006076
438,2445.16,3.96113,1.57685,1.62554,0.66725,0.43657,0.52614,0.24349,3.7606,1.49564,1.64468,0.0006067,0.0006067,0.0006067
439,2450.18,3.78091,1.50404,1.67926,0.67312,0.43561,0.52662,0.24413,3.76288,1.48826,1.64284,0.0006058,0.0006058,0.0006058
440,2455.79,3.75291,1.56082,1.66825,0.6549,0.44124,0.53028,0.24848,3.72212,1.47341,1.63937,0.0006049,0.0006049,0.0006049
441,2461.47,3.72679,1.57483,1.67401,0.6598,0.44413,0.53344,0.25129,3.68755,1.46333,1.63774,0.000604,0.000604,0.000604
442,2467.17,3.5364,1.62567,1.80918,0.65943,0.43888,0.52724,0.24459,3.72741,1.47102,1.63776,0.0006031,0.0006031,0.0006031
443,2472.7,3.43702,1.42618,1.67983,0.66019,0.44481,0.52957,0.24589,3.73835,1.46731,1.63926,0.0006022,0.0006022,0.0006022
444,2478.1,3.67662,1.5212,1.67575,0.6602,0.44206,0.52697,0.24517,3.74972,1.47512,1.64162,0.0006013,0.0006013,0.0006013
445,2483.82,3.52319,1.46816,1.6711,0.66962,0.4352,0.52467,0.24709,3.71278,1.48213,1.64022,0.0006004,0.0006004,0.0006004
446,2489.24,3.6647,1.51238,1.70322,0.67761,0.43067,0.52185,0.24379,3.73711,1.47133,1.64149,0.0005995,0.0005995,0.0005995
447,2494.52,3.74341,1.56698,1.67156,0.68048,0.4298,0.5187,0.23895,3.76501,1.46846,1.64062,0.0005986,0.0005986,0.0005986
448,2499.96,3.88212,1.58835,1.6491,0.6694,0.43493,0.51989,0.23884,3.75716,1.46677,1.63944,0.0005977,0.0005977,0.0005977
449,2505.31,3.6683,1.53028,1.72617,0.6618,0.43764,0.52102,0.24132,3.76318,1.47304,1.63933,0.0005968,0.0005968,0.0005968
450,2511.24,3.8442,1.53796,1.66135,0.64376,0.44483,0.52174,0.24108,3.76156,1.47691,1.63921,0.0005959,0.0005959,0.0005959
451,2516.27,3.64415,1.52395,1.67404,0.6501,0.45046,0.5268,0.24384,3.73128,1.46715,1.64026,0.000595,0.000595,0.000595
452,2521.7,3.70205,1.56682,1.6702,0.66354,0.43862,0.5256,0.24087,3.76682,1.46942,1.64323,0.0005941,0.0005941,0.0005941
453,2527.5,3.39833,1.51138,1.7732,0.66798,0.4374,0.52704,0.24293,3.76243,1.46943,1.64334,0.0005932,0.0005932,0.0005932
454,2533.28,3.24779,1.41386,1.73986,0.68135,0.42713,0.52156,0.24258,3.76266,1.47642,1.64245,0.0005923,0.0005923,0.0005923
455,2538.67,3.32525,1.39976,1.70532,0.67421,0.42916,0.52024,0.24301,3.74381,1.47486,1.6414,0.0005914,0.0005914,0.0005914
456,2544.3,3.65752,1.46153,1.69029,0.65957,0.43287,0.52124,0.24467,3.72348,1.47593,1.64069,0.0005905,0.0005905,0.0005905
457,2549.46,3.45606,1.42997,1.71126,0.66205,0.43328,0.52301,0.24314,3.74337,1.4883,1.64219,0.0005896,0.0005896,0.0005896
458,2555.35,3.73098,1.5456,1.64273,0.65677,0.43369,0.52323,0.24375,3.72762,1.503,1.64072,0.0005887,0.0005887,0.0005887
459,2560.8,3.27076,1.41726,1.71977,0.65385,0.43904,0.52103,0.2418,3.74129,1.5015,1.64316,0.0005878,0.0005878,0.0005878
460,2566.9,3.4719,1.42976,1.67494,0.65978,0.43602,0.52083,0.24339,3.73154,1.48758,1.64342,0.0005869,0.0005869,0.0005869
461,2572.48,3.60466,1.50004,1.65261,0.65973,0.43342,0.52294,0.24585,3.71075,1.49562,1.64226,0.000586,0.000586,0.000586
462,2578.29,3.47722,1.42097,1.6685,0.66887,0.43067,0.52287,0.24489,3.71141,1.4971,1.64297,0.0005851,0.0005851,0.0005851
463,2583.72,3.44134,1.47788,1.74449,0.6721,0.43616,0.52563,0.24452,3.72083,1.47536,1.64299,0.0005842,0.0005842,0.0005842
464,2589.76,4.37817,1.70304,1.5849,0.6635,0.44083,0.52688,0.24696,3.7023,1.46365,1.64063,0.0005833,0.0005833,0.0005833
465,2595.53,3.82657,1.61518,1.70062,0.66418,0.43753,0.52684,0.24931,3.69415,1.46796,1.64091,0.0005824,0.0005824,0.0005824
466,2601.21,3.63232,1.50941,1.67144,0.65564,0.4422,0.52605,0.24785,3.71244,1.48069,1.64016,0.0005815,0.0005815,0.0005815
467,2607.02,3.63283,1.50742,1.72106,0.6532,0.4411,0.52603,0.24906,3.70184,1.47858,1.63964,0.0005806,0.0005806,0.0005806
468,2612.66,3.63597,1.51104,1.67896,0.65749,0.44399,0.52739,0.2454,3.72109,1.47548,1.64455,0.0005797,0.0005797,0.0005797
469,2618.42,3.98769,1.597,1.6625,0.65222,0.44454,0.52753,0.24659,3.70614,1.4669,1.64356,0.0005788,0.0005788,0.0005788
470,2624.53,3.48289,1.41081,1.66725,0.65421,0.43817,0.5218,0.24187,3.74236,1.46982,1.64579,0.0005779,0.0005779,0.0005779
471,2629.93,3.45116,1.53743,1.76768,0.65667,0.43563,0.52015,0.23681,3.80006,1.48303,1.6481,0.000577,0.000577,0.000577
472,2635.16,3.5708,1.50347,1.70661,0.65548,0.43273,0.52457,0.24518,3.72615,1.49046,1.64052,0.0005761,0.0005761,0.0005761
473,2640.63,3.34345,1.43151,1.69909,0.65705,0.43006,0.52335,0.24429,3.75273,1.49094,1.63897,0.0005752,0.0005752,0.0005752
474,2646.66,3.61987,1.56232,1.70309,0.65758,0.43932,0.52659,0.24787,3.69105,1.44925,1.63956,0.0005743,0.0005743,0.0005743
475,2651.92,3.36403,1.41245,1.69996,0.65042,0.43918,0.52425,0.24663,3.69668,1.45063,1.63928,0.0005734,0.0005734,0.0005734
476,2657.57,3.79829,1.62979,1.65068,0.6533,0.43328,0.52022,0.24402,3.71457,1.4713,1.64073,0.0005725,0.0005725,0.0005725
477,2662.72,3.8476,1.58537,1.66522,0.66051,0.43355,0.51989,0.24542,3.68692,1.46112,1.64087,0.0005716,0.0005716,0.0005716
478,2668.88,3.50365,1.43897,1.65481,0.65861,0.44193,0.52657,0.24575,3.72177,1.46915,1.64017,0.0005707,0.0005707,0.0005707
479,2674.42,3.78836,1.57901,1.64266,0.66129,0.44119,0.52809,0.24665,3.71676,1.47092,1.63991,0.0005698,0.0005698,0.0005698
480,2679.92,3.76919,1.54089,1.66869,0.65883,0.43891,0.52704,0.24935,3.69481,1.47417,1.64235,0.0005689,0.0005689,0.0005689
481,2685.71,3.3834,1.41834,1.69474,0.656,0.44179,0.52857,0.24954,3.69522,1.48267,1.6416,0.000568,0.000568,0.000568
482,2692.03,3.67516,1.55031,1.69804,0.65813,0.4366,0.52445,0.24465,3.72151,1.463,1.64194,0.0005671,0.0005671,0.0005671
483,2697.36,3.38695,1.47938,1.70665,0.66705,0.43232,0.52046,0.24055,3.72793,1.47174,1.64325,0.0005662,0.0005662,0.0005662
484,2703.26,3.40772,1.39925,1.70216,0.6657,0.43589,0.52565,0.23991,3.76555,1.49586,1.64471,0.0005653,0.0005653,0.0005653
485,2708.64,3.90539,1.59066,1.66715,0.66157,0.43191,0.52559,0.23875,3.82025,1.5274,1.64121,0.0005644,0.0005644,0.0005644
486,2714.34,3.48832,1.54359,1.74389,0.65933,0.43417,0.52789,0.24307,3.77278,1.4974,1.63979,0.0005635,0.0005635,0.0005635
487,2720.06,3.34069,1.43733,1.73047,0.68424,0.43644,0.53063,0.24652,3.68054,1.4656,1.64125,0.0005626,0.0005626,0.0005626
488,2725.67,3.70604,1.5303,1.6977,0.68279,0.42938,0.52154,0.23984,3.76156,1.51751,1.64463,0.0005617,0.0005617,0.0005617
489,2730.9,3.44776,1.49407,1.72629,0.67678,0.4282,0.52061,0.24239,3.73155,1.48528,1.64201,0.0005608,0.0005608,0.0005608
490,2736.58,3.6234,1.53057,1.71862,0.66628,0.42422,0.51987,0.24283,3.70298,1.47165,1.63895,0.0005599,0.0005599,0.0005599
491,2741.71,3.70534,1.56449,1.68762,0.67258,0.42943,0.52453,0.24899,3.65637,1.4616,1.63871,0.000559,0.000559,0.000559
492,2747.5,3.70744,1.49995,1.65369,0.68164,0.44371,0.53481,0.25205,3.64092,1.43758,1.63848,0.0005581,0.0005581,0.0005581
493,2753.42,3.50626,1.47986,1.72613,0.67063,0.44618,0.53496,0.24881,3.67815,1.44652,1.64017,0.0005572,0.0005572,0.0005572
494,2759.11,3.91135,1.57425,1.62397,0.66413,0.44687,0.53245,0.24872,3.67444,1.44694,1.64031,0.0005563,0.0005563,0.0005563
495,2763.83,4.13655,1.76015,1.66832,0.65728,0.44497,0.52821,0.24842,3.68243,1.44774,1.64037,0.0005554,0.0005554,0.0005554
496,2769.48,3.81397,1.60485,1.64663,0.65844,0.44193,0.52894,0.24685,3.71679,1.47343,1.63985,0.0005545,0.0005545,0.0005545
497,2774.53,4.20989,1.75278,1.65503,0.65673,0.44178,0.52925,0.24726,3.70334,1.47775,1.63878,0.0005536,0.0005536,0.0005536
498,2780.64,3.49654,1.49624,1.68436,0.66471,0.44357,0.52774,0.24343,3.72243,1.48107,1.64019,0.0005527,0.0005527,0.0005527
499,2785.94,3.30152,1.42839,1.7491,0.66174,0.4422,0.52859,0.24333,3.72378,1.47923,1.64005,0.0005518,0.0005518,0.0005518
500,2791.78,3.53393,1.46958,1.67231,0.66318,0.44358,0.52789,0.24575,3.6959,1.47038,1.63935,0.0005509,0.0005509,0.0005509
501,2796.96,3.66872,1.50476,1.70893,0.66255,0.44618,0.52992,0.24513,3.69194,1.47203,1.63873,0.00055,0.00055,0.00055
502,2802.7,3.78293,1.55585,1.63983,0.66412,0.45209,0.53366,0.24546,3.69946,1.47423,1.63708,0.0005491,0.0005491,0.0005491
503,2808.36,3.47799,1.52414,1.69147,0.66057,0.4536,0.53358,0.24647,3.71279,1.47109,1.63699,0.0005482,0.0005482,0.0005482
504,2814.01,3.88498,1.56616,1.6462,0.65238,0.45167,0.53189,0.24952,3.6722,1.46693,1.63845,0.0005473,0.0005473,0.0005473
505,2819.03,4.08051,1.63305,1.64588,0.64959,0.44811,0.53044,0.24943,3.65497,1.47675,1.63922,0.0005464,0.0005464,0.0005464
506,2824.95,4.07701,1.63521,1.63586,0.65284,0.43864,0.53211,0.25217,3.65818,1.52252,1.63628,0.0005455,0.0005455,0.0005455
507,2830.53,3.69847,1.56185,1.64555,0.66092,0.44275,0.53637,0.25261,3.64302,1.50017,1.63661,0.0005446,0.0005446,0.0005446
508,2836.73,3.70539,1.55607,1.65644,0.67319,0.45264,0.5399,0.25045,3.65469,1.44648,1.63864,0.0005437,0.0005437,0.0005437
509,2842.13,3.72406,1.54392,1.65973,0.67212,0.45511,0.54035,0.25014,3.67091,1.4522,1.63935,0.0005428,0.0005428,0.0005428
510,2848.1,3.84375,1.63835,1.64136,0.66921,0.45216,0.53998,0.25291,3.64039,1.44697,1.63916,0.0005419,0.0005419,0.0005419
511,2853.43,3.44473,1.50046,1.67557,0.66536,0.44563,0.53881,0.25479,3.62367,1.46218,1.6366,0.000541,0.000541,0.000541
512,2858.79,3.7449,1.53345,1.68349,0.65919,0.44605,0.5389,0.25628,3.60856,1.46431,1.63647,0.0005401,0.0005401,0.0005401
513,2864.08,3.45372,1.39131,1.68376,0.65864,0.44605,0.53886,0.25482,3.62829,1.45151,1.63773,0.0005392,0.0005392,0.0005392
514,2869.74,3.57947,1.50724,1.67389,0.66379,0.44811,0.54061,0.25383,3.63153,1.44919,1.63922,0.0005383,0.0005383,0.0005383
515,2875.3,3.87046,1.52579,1.62809,0.66469,0.45311,0.54348,0.25744,3.61052,1.44804,1.63742,0.0005374,0.0005374,0.0005374
516,2880.94,3.29767,1.42575,1.73054,0.66668,0.4455,0.53901,0.25601,3.62359,1.47087,1.63729,0.0005365,0.0005365,0.0005365
517,2886.38,3.70835,1.55217,1.7315,0.66755,0.4466,0.53788,0.25432,3.63963,1.46178,1.63663,0.0005356,0.0005356,0.0005356
518,2892.21,3.27863,1.43127,1.70905,0.65632,0.43877,0.52951,0.24582,3.75016,1.45795,1.63684,0.0005347,0.0005347,0.0005347
519,2897.89,3.47511,1.52653,1.76885,0.65666,0.43932,0.53007,0.24764,3.73889,1.45246,1.63683,0.0005338,0.0005338,0.0005338
520,2903.45,3.66111,1.52515,1.66188,0.65376,0.4492,0.53683,0.25494,3.6372,1.43739,1.63824,0.0005329,0.0005329,0.0005329
521,2908.74,3.29825,1.39769,1.69508,0.65339,0.44797,0.53593,0.25479,3.63739,1.45484,1.63853,0.000532,0.000532,0.000532
522,2914.5,3.53291,1.50325,1.68126,0.65412,0.44605,0.53531,0.25488,3.65202,1.47574,1.63848,0.0005311,0.0005311,0.0005311
523,2919.92,3.48415,1.48202,1.68065,0.65511,0.44042,0.53515,0.25412,3.66011,1.4744,1.63675,0.0005302,0.0005302,0.0005302
524,2925.47,3.53077,1.40694,1.68221,0.65849,0.43712,0.53394,0.25628,3.62197,1.44923,1.63379,0.0005293,0.0005293,0.0005293
525,2931.05,3.19028,1.36108,1.70914,0.66096,0.44055,0.53566,0.25847,3.59482,1.43225,1.63429,0.0005284,0.0005284,0.0005284
526,2937.08,3.57459,1.46814,1.64883,0.65649,0.44342,0.53387,0.25292,3.64108,1.43296,1.6373,0.0005275,0.0005275,0.0005275
527,2942.49,3.19516,1.34831,1.70355,0.66819,0.44509,0.53908,0.25571,3.63067,1.43648,1.63769,0.0005266,0.0005266,0.0005266
528,2948.15,3.55581,1.53473,1.71197,0.66903,0.4468,0.54226,0.25906,3.62673,1.43373,1.63631,0.0005257,0.0005257,0.0005257
529,2953.3,3.81597,1.466,1.65877,0.67179,0.45113,0.54379,0.2588,3.62584,1.42291,1.63593,0.0005248,0.0005248,0.0005248
530,2959.28,3.6858,1.49834,1.67017,0.67337,0.45181,0.54101,0.25726,3.62675,1.42701,1.63675,0.0005239,0.0005239,0.0005239
531,2964.31,3.58644,1.53997,1.70649,0.66776,0.44632,0.53911,0.25669,3.63,1.43229,1.63628,0.000523,0.000523,0.000523
532,2969.84,3.5296,1.48094,1.71056,0.66388,0.44578,0.53625,0.25385,3.66294,1.45557,1.6396,0.0005221,0.0005221,0.0005221
533,2975.36,3.34594,1.40042,1.66416,0.66581,0.44687,0.53498,0.25355,3.65943,1.44222,1.64015,0.0005212,0.0005212,0.0005212
534,2981.07,3.30453,1.42493,1.72313,0.66623,0.4444,0.53485,0.25495,3.63609,1.4298,1.63845,0.0005203,0.0005203,0.0005203
535,2986.52,3.55343,1.45272,1.67978,0.66882,0.44333,0.53464,0.2561,3.6206,1.42695,1.63741,0.0005194,0.0005194,0.0005194
536,2992.33,3.73886,1.51617,1.67846,0.65878,0.44989,0.53683,0.25629,3.63768,1.42624,1.63734,0.0005185,0.0005185,0.0005185
537,2998.05,3.42083,1.39275,1.65404,0.65994,0.45209,0.53978,0.25762,3.62351,1.42287,1.63552,0.0005176,0.0005176,0.0005176
538,3003.61,3.60917,1.47166,1.70178,0.659,0.44399,0.53608,0.25587,3.61597,1.41893,1.63682,0.0005167,0.0005167,0.0005167
539,3008.83,3.5867,1.41391,1.68088,0.65991,0.44195,0.53331,0.25446,3.63889,1.41876,1.63831,0.0005158,0.0005158,0.0005158
540,3014.75,3.61574,1.48197,1.66819,0.66848,0.44454,0.53869,0.2582,3.60395,1.41655,1.6367,0.0005149,0.0005149,0.0005149
541,3020.45,3.58297,1.54873,1.7009,0.66538,0.44797,0.53995,0.25641,3.60929,1.41951,1.63638,0.000514,0.000514,0.000514
542,3026.1,3.86311,1.54559,1.64727,0.65345,0.44618,0.53284,0.25521,3.61346,1.4175,1.63626,0.0005131,0.0005131,0.0005131
543,3031.98,3.31842,1.41627,1.68559,0.65148,0.44605,0.53095,0.25415,3.62349,1.41911,1.63501,0.0005122,0.0005122,0.0005122
544,3037.68,3.46667,1.45423,1.69353,0.65972,0.44838,0.53145,0.25178,3.66126,1.42449,1.63623,0.0005113,0.0005113,0.0005113
545,3043.22,3.6599,1.53466,1.70757,0.66546,0.44879,0.53279,0.25139,3.66762,1.42577,1.6362,0.0005104,0.0005104,0.0005104
546,3048.75,3.78169,1.50972,1.6711,0.65986,0.44811,0.53247,0.2509,3.67932,1.43515,1.63781,0.0005095,0.0005095,0.0005095
547,3054.32,3.41229,1.39843,1.6796,0.65564,0.44907,0.5317,0.2505,3.68398,1.4374,1.63944,0.0005086,0.0005086,0.0005086
548,3059.9,3.47899,1.40855,1.66088,0.64801,0.44618,0.5267,0.24543,3.72101,1.44441,1.64229,0.0005077,0.0005077,0.0005077
549,3065.81,3.66655,1.47083,1.69515,0.64519,0.44687,0.52908,0.24804,3.69644,1.44544,1.63937,0.0005068,0.0005068,0.0005068
550,3071.57,3.43178,1.4402,1.70763,0.64791,0.44438,0.52991,0.25164,3.6517,1.43008,1.63626,0.0005059,0.0005059,0.0005059
551,3076.84,3.46213,1.38338,1.66125,0.65314,0.44124,0.53045,0.25307,3.63363,1.4232,1.63549,0.000505,0.000505,0.000505
552,3082.51,3.49142,1.435,1.70133,0.67011,0.43891,0.53284,0.25266,3.6671,1.43255,1.63466,0.0005041,0.0005041,0.0005041
553,3087.69,3.4918,1.44217,1.68805,0.66862,0.44357,0.53365,0.25477,3.63798,1.42828,1.63392,0.0005032,0.0005032,0.0005032
554,3093.09,4.21148,1.70407,1.64101,0.66466,0.43864,0.52438,0.24345,3.71659,1.45046,1.64178,0.0005023,0.0005023,0.0005023
555,3097.95,3.80832,1.57115,1.68538,0.66617,0.44261,0.53001,0.24692,3.70424,1.45132,1.64115,0.0005014,0.0005014,0.0005014
556,3103.78,3.50492,1.45443,1.67551,0.65667,0.44632,0.53409,0.25534,3.68467,1.45478,1.63422,0.0005005,0.0005005,0.0005005
557,3109.02,3.22515,1.34564,1.67761,0.65171,0.44687,0.53313,0.25487,3.69014,1.44796,1.63441,0.0004996,0.0004996,0.0004996
558,3115.2,3.43468,1.38335,1.69919,0.65706,0.45557,0.53715,0.25595,3.61551,1.42186,1.63439,0.0004987,0.0004987,0.0004987
559,3120.63,3.66719,1.49693,1.63622,0.66357,0.45442,0.53916,0.2578,3.60566,1.41185,1.63318,0.0004978,0.0004978,0.0004978
560,3126.25,3.54218,1.45802,1.64433,0.67728,0.44838,0.54179,0.25837,3.61494,1.41765,1.63164,0.0004969,0.0004969,0.0004969
561,3131.67,3.1982,1.3369,1.70449,0.67299,0.45236,0.54147,0.26047,3.5908,1.40796,1.63106,0.000496,0.000496,0.000496
562,3137.27,3.6003,1.46479,1.66373,0.68257,0.45079,0.54147,0.26038,3.57449,1.40712,1.63184,0.0004951,0.0004951,0.0004951
563,3142.44,3.12619,1.3058,1.71757,0.68097,0.45071,0.54233,0.26014,3.58805,1.4188,1.63187,0.0004942,0.0004942,0.0004942
564,3147.68,3.36143,1.4339,1.65695,0.6723,0.44615,0.53724,0.25801,3.59265,1.42085,1.63353,0.0004933,0.0004933,0.0004933
565,3153.08,3.39167,1.4495,1.64713,0.66834,0.44264,0.5329,0.25565,3.60184,1.42179,1.63486,0.0004924,0.0004924,0.0004924
566,3159.28,3.79033,1.57753,1.65681,0.65805,0.4444,0.53247,0.25139,3.67612,1.44651,1.63391,0.0004915,0.0004915,0.0004915
567,3164.63,3.21582,1.45733,1.76155,0.65386,0.44248,0.53113,0.24858,3.70043,1.45113,1.6347,0.0004906,0.0004906,0.0004906
568,3170.29,3.78522,1.54792,1.61488,0.67827,0.43836,0.53377,0.25442,3.64756,1.42319,1.63581,0.0004897,0.0004897,0.0004897
569,3175.53,3.63113,1.48506,1.69082,0.67001,0.43808,0.52959,0.25194,3.66746,1.4281,1.63947,0.0004888,0.0004888,0.0004888
570,3181.94,3.53615,1.42473,1.69297,0.67877,0.44399,0.54185,0.2612,3.60423,1.44578,1.63369,0.0004879,0.0004879,0.0004879
571,3187.47,3.62224,1.47787,1.66866,0.6764,0.43963,0.53947,0.25759,3.64066,1.46554,1.63399,0.000487,0.000487,0.000487
572,3192.82,3.54875,1.46896,1.69458,0.67473,0.4503,0.54155,0.25786,3.62741,1.43024,1.63509,0.0004861,0.0004861,0.0004861
573,3198.45,3.50899,1.48007,1.67218,0.67067,0.45348,0.54262,0.25717,3.62759,1.4216,1.63484,0.0004852,0.0004852,0.0004852
574,3204.34,3.67034,1.5173,1.64048,0.67511,0.45387,0.54608,0.25738,3.64403,1.42529,1.63379,0.0004843,0.0004843,0.0004843
575,3209.48,3.78641,1.51309,1.66329,0.67355,0.45181,0.54568,0.25728,3.64645,1.42966,1.63325,0.0004834,0.0004834,0.0004834
576,3215.23,3.62691,1.43048,1.65146,0.67559,0.45483,0.54447,0.25971,3.57254,1.42085,1.632,0.0004825,0.0004825,0.0004825
577,3220.26,3.25498,1.37211,1.69583,0.67268,0.45319,0.54245,0.25839,3.57337,1.41675,1.63253,0.0004816,0.0004816,0.0004816
578,3226.06,3.30666,1.34966,1.65794,0.68052,0.44684,0.54092,0.25971,3.58413,1.41686,1.63363,0.0004807,0.0004807,0.0004807
579,3231.18,3.43916,1.38616,1.64091,0.67894,0.44618,0.54093,0.26108,3.57806,1.41641,1.63391,0.0004798,0.0004798,0.0004798
580,3236.93,3.51852,1.46836,1.69546,0.68248,0.44316,0.5425,0.26064,3.58994,1.40646,1.63284,0.0004789,0.0004789,0.0004789
581,3242.23,3.31988,1.37482,1.67768,0.67614,0.44907,0.54547,0.26147,3.57545,1.40343,1.63137,0.000478,0.000478,0.000478
582,3248.18,3.27995,1.39521,1.67665,0.68077,0.45203,0.54629,0.25893,3.59503,1.41247,1.63186,0.0004771,0.0004771,0.0004771
583,3253.74,4.14849,1.62808,1.64151,0.68145,0.44846,0.545,0.25838,3.60636,1.41757,1.63159,0.0004762,0.0004762,0.0004762
584,3259.14,3.4258,1.46621,1.69192,0.67208,0.44865,0.543,0.25709,3.61532,1.42727,1.63138,0.0004753,0.0004753,0.0004753
585,3264.09,3.54179,1.40931,1.65891,0.67009,0.44852,0.53986,0.25767,3.59983,1.41926,1.63229,0.0004744,0.0004744,0.0004744
586,3269.77,4.05746,1.67332,1.63157,0.67185,0.44811,0.53377,0.254,3.61996,1.43219,1.63647,0.0004735,0.0004735,0.0004735
587,3275.32,3.9638,1.64097,1.65086,0.68376,0.44525,0.53495,0.25592,3.6129,1.42576,1.63654,0.0004726,0.0004726,0.0004726
588,3280.94,3.4976,1.44066,1.67709,0.68525,0.45222,0.54233,0.25659,3.62922,1.42493,1.63542,0.0004717,0.0004717,0.0004717
589,3286.16,3.32312,1.37162,1.65682,0.68662,0.45511,0.54415,0.25755,3.63851,1.42791,1.63581,0.0004708,0.0004708,0.0004708
590,3291.77,3.41844,1.4242,1.65212,0.67642,0.4589,0.54383,0.25945,3.6392,1.43664,1.63574,0.0004699,0.0004699,0.0004699
591,3296.91,3.31721,1.38757,1.6965,0.6723,0.45442,0.54108,0.26012,3.6147,1.42864,1.63443,0.000469,0.000469,0.000469
592,3302.51,3.29294,1.34419,1.67078,0.66795,0.44742,0.53706,0.25881,3.5916,1.43059,1.63395,0.0004681,0.0004681,0.0004681
593,3308,3.57554,1.49345,1.65611,0.66352,0.44587,0.53339,0.25531,3.62807,1.43236,1.63531,0.0004672,0.0004672,0.0004672
594,3313.52,3.63753,1.49636,1.66957,0.66543,0.44999,0.53588,0.25744,3.61292,1.4167,1.63452,0.0004663,0.0004663,0.0004663
595,3319.13,3.69705,1.55676,1.71078,0.65934,0.45387,0.53803,0.26006,3.59757,1.40981,1.63313,0.0004654,0.0004654,0.0004654
596,3325.05,3.34746,1.42335,1.67901,0.66561,0.45181,0.53942,0.2589,3.60748,1.41216,1.63284,0.0004645,0.0004645,0.0004645
597,3330.42,3.34757,1.4178,1.71797,0.67461,0.44495,0.53921,0.25721,3.63029,1.41878,1.63304,0.0004636,0.0004636,0.0004636
598,3336.67,3.25339,1.40074,1.7262,0.66596,0.44303,0.54197,0.25819,3.63492,1.44819,1.63444,0.0004627,0.0004627,0.0004627
599,3342.63,4.02401,1.56552,1.62493,0.66298,0.43932,0.53701,0.25662,3.65592,1.46882,1.63434,0.0004618,0.0004618,0.0004618
600,3348.58,3.51571,1.38152,1.68109,0.66814,0.44612,0.54112,0.26055,3.60413,1.4291,1.63298,0.0004609,0.0004609,0.0004609
601,3354.08,3.26343,1.3766,1.70326,0.66245,0.45113,0.54131,0.26175,3.58304,1.41679,1.63248,0.00046,0.00046,0.00046
602,3360.37,3.64173,1.47398,1.66227,0.66575,0.44975,0.53856,0.2604,3.58365,1.42348,1.63229,0.0004591,0.0004591,0.0004591
603,3365.55,3.41561,1.38209,1.67877,0.67794,0.44893,0.53881,0.26033,3.59811,1.422,1.63338,0.0004582,0.0004582,0.0004582
604,3371.24,3.30472,1.38493,1.6923,0.6819,0.45144,0.54258,0.25953,3.61093,1.4384,1.63442,0.0004573,0.0004573,0.0004573
605,3375.91,3.66328,1.49483,1.63996,0.68787,0.44934,0.54423,0.26123,3.58537,1.43508,1.63266,0.0004564,0.0004564,0.0004564
606,3381.97,3.50117,1.46318,1.70482,0.69337,0.45126,0.54752,0.26389,3.55468,1.4164,1.63087,0.0004555,0.0004555,0.0004555
607,3387.27,3.5361,1.47215,1.66623,0.69206,0.45113,0.54781,0.26503,3.5489,1.40485,1.62992,0.0004546,0.0004546,0.0004546
608,3392.79,3.73568,1.56998,1.67866,0.68792,0.44522,0.54224,0.26095,3.58354,1.39722,1.63149,0.0004537,0.0004537,0.0004537
609,3398.4,3.38691,1.41105,1.71716,0.67882,0.44399,0.53818,0.25853,3.5944,1.40085,1.6324,0.0004528,0.0004528,0.0004528
610,3404.25,3.46549,1.46927,1.62629,0.6765,0.44001,0.53242,0.25857,3.56935,1.39496,1.63311,0.0004519,0.0004519,0.0004519
611,3409.64,3.29746,1.35632,1.66721,0.6648,0.4422,0.53219,0.2571,3.58008,1.40234,1.63337,0.000451,0.000451,0.000451
612,3415.24,3.8619,1.51479,1.62583,0.67057,0.44206,0.53895,0.26044,3.55872,1.39629,1.63076,0.0004501,0.0004501,0.0004501
613,3420.87,3.6438,1.46905,1.62098,0.67201,0.44632,0.54118,0.26323,3.53222,1.38796,1.63064,0.0004492,0.0004492,0.0004492
614,3426.44,3.34142,1.37391,1.66574,0.67672,0.45305,0.54759,0.26319,3.57339,1.39367,1.63183,0.0004483,0.0004483,0.0004483
615,3431.83,3.40292,1.4465,1.71445,0.67534,0.45058,0.54558,0.26216,3.59875,1.39917,1.6322,0.0004474,0.0004474,0.0004474
616,3437.45,3.63864,1.47403,1.69804,0.66967,0.45393,0.54518,0.26502,3.55172,1.39248,1.63144,0.0004465,0.0004465,0.0004465
617,3442.68,3.65411,1.4568,1.63545,0.67807,0.45167,0.54647,0.26575,3.54293,1.39293,1.63159,0.0004456,0.0004456,0.0004456
618,3448.94,3.57495,1.41333,1.65313,0.67615,0.44605,0.54289,0.2625,3.55588,1.40271,1.63057,0.0004447,0.0004447,0.0004447
619,3454.34,3.51801,1.43285,1.68115,0.67627,0.44467,0.54297,0.26001,3.59665,1.41442,1.63088,0.0004438,0.0004438,0.0004438
620,3460.31,3.44399,1.3668,1.65098,0.68591,0.44879,0.54646,0.26307,3.56915,1.40179,1.63221,0.0004429,0.0004429,0.0004429
621,3465.96,3.36096,1.3884,1.67532,0.68844,0.44879,0.54689,0.26534,3.5511,1.39516,1.63184,0.000442,0.000442,0.000442
622,3471.9,3.49943,1.40416,1.65927,0.6906,0.44832,0.54742,0.26694,3.54545,1.39101,1.63164,0.0004411,0.0004411,0.0004411
623,3477.26,3.3965,1.38751,1.68978,0.68915,0.44673,0.54686,0.26766,3.53809,1.38779,1.63135,0.0004402,0.0004402,0.0004402
624,3482.99,3.21097,1.3819,1.76749,0.68049,0.4455,0.54293,0.26396,3.56951,1.39695,1.63204,0.0004393,0.0004393,0.0004393
625,3487.84,3.39569,1.42611,1.69794,0.6718,0.44673,0.54137,0.263,3.58168,1.40747,1.63167,0.0004384,0.0004384,0.0004384
626,3493.67,3.71668,1.49096,1.65556,0.67523,0.44728,0.54099,0.26574,3.53704,1.41302,1.62926,0.0004375,0.0004375,0.0004375
627,3498.73,3.5887,1.4327,1.64041,0.67685,0.44454,0.53901,0.26403,3.54139,1.40304,1.62934,0.0004366,0.0004366,0.0004366
628,3504.67,3.66039,1.47897,1.64655,0.67739,0.4517,0.54165,0.26273,3.55929,1.40234,1.63035,0.0004357,0.0004357,0.0004357
629,3510.05,3.55324,1.48404,1.74307,0.67902,0.45016,0.54081,0.26329,3.544,1.40522,1.63117,0.0004348,0.0004348,0.0004348
630,3515.75,3.32166,1.3971,1.7316,0.67056,0.45326,0.5417,0.26488,3.54644,1.42394,1.62857,0.0004339,0.0004339,0.0004339
631,3521.48,3.55374,1.44591,1.70146,0.67716,0.44838,0.54438,0.26403,3.56907,1.44591,1.62812,0.000433,0.000433,0.000433
632,3527.28,3.40259,1.41819,1.69418,0.67672,0.44193,0.54073,0.26584,3.57995,1.4458,1.62943,0.0004321,0.0004321,0.0004321
633,3532.23,3.64511,1.50368,1.6254,0.68414,0.4444,0.54261,0.26577,3.55573,1.42069,1.6292,0.0004312,0.0004312,0.0004312
634,3538.16,3.29675,1.37636,1.68668,0.68887,0.45231,0.54572,0.26579,3.52656,1.38687,1.63038,0.0004303,0.0004303,0.0004303
635,3543.51,3.81497,1.51191,1.65574,0.68744,0.45428,0.54693,0.26532,3.52798,1.3924,1.63001,0.0004294,0.0004294,0.0004294
636,3549.19,3.84681,1.5762,1.56748,0.67805,0.45881,0.54719,0.26491,3.54217,1.40018,1.62953,0.0004285,0.0004285,0.0004285
637,3554.64,3.47628,1.44121,1.65591,0.67728,0.46019,0.54835,0.26599,3.54083,1.39533,1.62912,0.0004276,0.0004276,0.0004276
638,3560.73,3.64299,1.45725,1.67008,0.68569,0.45134,0.54621,0.26703,3.52603,1.3905,1.62866,0.0004267,0.0004267,0.0004267
639,3566.15,3.5192,1.42799,1.66413,0.68777,0.44455,0.54371,0.26528,3.52115,1.38848,1.63093,0.0004258,0.0004258,0.0004258
640,3572.02,3.96418,1.53375,1.59815,0.68441,0.44599,0.54225,0.26279,3.5496,1.38342,1.63455,0.0004249,0.0004249,0.0004249
641,3577.53,3.55656,1.43605,1.68178,0.69241,0.45126,0.54798,0.26373,3.55521,1.38113,1.63243,0.000424,0.000424,0.000424
642,3583.04,3.24464,1.37918,1.69424,0.6799,0.45316,0.54628,0.25813,3.60464,1.40085,1.63249,0.0004231,0.0004231,0.0004231
643,3588.39,3.66686,1.52192,1.65228,0.68003,0.45456,0.54703,0.2557,3.63244,1.41397,1.63376,0.0004222,0.0004222,0.0004222
644,3593.82,3.27613,1.35786,1.68699,0.69386,0.4437,0.54628,0.26276,3.58806,1.4019,1.63177,0.0004213,0.0004213,0.0004213
645,3599.07,3.54839,1.46865,1.68655,0.67608,0.45073,0.54738,0.26459,3.57731,1.4009,1.63149,0.0004204,0.0004204,0.0004204
646,3604.9,3.34612,1.43696,1.699,0.67593,0.44893,0.54377,0.26198,3.58697,1.40625,1.6349,0.0004195,0.0004195,0.0004195
647,3610.15,3.35653,1.41139,1.66848,0.67824,0.44934,0.54456,0.26361,3.57038,1.39387,1.63415,0.0004186,0.0004186,0.0004186
648,3616.27,3.52889,1.45781,1.66465,0.6841,0.44495,0.54345,0.26245,3.54244,1.37493,1.63206,0.0004177,0.0004177,0.0004177
649,3622.12,3.88394,1.62715,1.65193,0.68673,0.4492,0.54778,0.26431,3.52873,1.3735,1.63048,0.0004168,0.0004168,0.0004168
650,3627.99,3.23291,1.35107,1.70708,0.67644,0.44947,0.54752,0.26645,3.53338,1.38924,1.63026,0.0004159,0.0004159,0.0004159
651,3633.34,3.56371,1.51476,1.68194,0.67825,0.44591,0.54619,0.26692,3.52377,1.39378,1.62997,0.000415,0.000415,0.000415
652,3639.01,3.39623,1.38431,1.70141,0.67439,0.44907,0.54799,0.26786,3.53221,1.4156,1.62932,0.0004141,0.0004141,0.0004141
653,3644.62,3.13827,1.32583,1.66567,0.67103,0.45003,0.54738,0.26698,3.54545,1.40753,1.62926,0.0004132,0.0004132,0.0004132
654,3650.38,3.27549,1.34102,1.68294,0.66751,0.45868,0.54409,0.26193,3.58357,1.40007,1.63152,0.0004123,0.0004123,0.0004123
655,3655.68,3.40029,1.43189,1.66702,0.66631,0.45703,0.539,0.25753,3.62608,1.41905,1.63325,0.0004114,0.0004114,0.0004114
656,3661.32,3.2966,1.40657,1.68827,0.68587,0.45016,0.54263,0.26004,3.59906,1.40546,1.63109,0.0004105,0.0004105,0.0004105
657,3666.72,3.69311,1.5781,1.64052,0.68633,0.44714,0.54214,0.26321,3.56698,1.39522,1.63056,0.0004096,0.0004096,0.0004096
658,3673.06,4.16015,1.85118,1.58306,0.69231,0.44316,0.54462,0.26421,3.57806,1.40266,1.63101,0.0004087,0.0004087,0.0004087
659,3678.17,3.49336,1.42475,1.69657,0.68472,0.44357,0.54322,0.2633,3.58992,1.39938,1.63176,0.0004078,0.0004078,0.0004078
660,3683.93,3.55823,1.46155,1.65296,0.67048,0.44962,0.54183,0.26176,3.57723,1.39605,1.63305,0.0004069,0.0004069,0.0004069
661,3689.34,3.51278,1.4502,1.64564,0.67082,0.4525,0.5428,0.26252,3.57102,1.39394,1.63323,0.000406,0.000406,0.000406
662,3694.88,3.58388,1.4656,1.65104,0.67101,0.45003,0.54122,0.25753,3.62947,1.40806,1.63467,0.0004051,0.0004051,0.0004051
663,3700.38,3.33959,1.38885,1.65864,0.67511,0.44731,0.53819,0.25586,3.62665,1.41386,1.63409,0.0004042,0.0004042,0.0004042
664,3705.72,3.58941,1.51609,1.63399,0.66735,0.44756,0.53494,0.25762,3.57653,1.40343,1.63339,0.0004033,0.0004033,0.0004033
665,3711.16,3.51877,1.4567,1.67332,0.66391,0.45046,0.5362,0.25856,3.56774,1.39619,1.6338,0.0004024,0.0004024,0.0004024
666,3717.02,3.58912,1.46618,1.67947,0.66559,0.45168,0.54284,0.26223,3.57828,1.39771,1.63422,0.0004015,0.0004015,0.0004015
667,3722.61,3.54754,1.47979,1.62395,0.67206,0.4503,0.54625,0.26444,3.56496,1.40006,1.63305,0.0004006,0.0004006,0.0004006
668,3727.9,3.5104,1.38429,1.62827,0.67763,0.44989,0.54908,0.26643,3.55694,1.40256,1.63096,0.0003997,0.0003997,0.0003997
669,3733.11,3.35725,1.35795,1.70219,0.68361,0.44934,0.54774,0.26571,3.54654,1.38977,1.63168,0.0003988,0.0003988,0.0003988
670,3739.39,3.22374,1.32561,1.692,0.67602,0.45491,0.54553,0.26327,3.5425,1.38536,1.63248,0.0003979,0.0003979,0.0003979
671,3745.16,3.2485,1.3883,1.67264,0.67981,0.45208,0.5458,0.26419,3.5433,1.38991,1.63188,0.000397,0.000397,0.000397
672,3750.53,3.21807,1.37936,1.66392,0.69066,0.44824,0.54594,0.26476,3.53735,1.40707,1.63118,0.0003961,0.0003961,0.0003961
673,3756.09,3.80768,1.46947,1.64484,0.69483,0.44962,0.55018,0.26777,3.52255,1.4048,1.63047,0.0003952,0.0003952,0.0003952
674,3761.68,3.34231,1.32905,1.64516,0.69015,0.45442,0.5524,0.27,3.5193,1.38124,1.63052,0.0003943,0.0003943,0.0003943
675,3767.5,3.22618,1.34994,1.71672,0.68769,0.45483,0.55171,0.2686,3.52204,1.3827,1.63015,0.0003934,0.0003934,0.0003934
676,3772.86,3.44322,1.35658,1.67595,0.68133,0.45346,0.54773,0.26685,3.50933,1.38639,1.62975,0.0003925,0.0003925,0.0003925
677,3778.48,3.47959,1.36667,1.65352,0.6828,0.45319,0.54742,0.2655,3.51227,1.39199,1.62972,0.0003916,0.0003916,0.0003916
678,3784.48,3.46203,1.46355,1.69019,0.68341,0.44811,0.54549,0.26183,3.5477,1.39745,1.63022,0.0003907,0.0003907,0.0003907
679,3790.24,2.97339,1.28302,1.71392,0.68273,0.44509,0.54279,0.26116,3.56886,1.39657,1.63093,0.0003898,0.0003898,0.0003898
680,3795.77,4.01198,1.63284,1.57774,0.68851,0.44742,0.54651,0.26447,3.54452,1.40073,1.63147,0.0003889,0.0003889,0.0003889
681,3801.38,3.08238,1.2733,1.67841,0.68237,0.44907,0.54742,0.26449,3.54888,1.41135,1.63217,0.000388,0.000388,0.000388
682,3807.13,3.52842,1.41706,1.63959,0.68699,0.45167,0.54782,0.26356,3.55243,1.40275,1.63171,0.0003871,0.0003871,0.0003871
683,3812.15,3.75685,1.6007,1.64465,0.68949,0.44907,0.54677,0.26322,3.5377,1.39426,1.63068,0.0003862,0.0003862,0.0003862
684,3817.64,3.91977,1.54658,1.61365,0.68507,0.44481,0.54317,0.26255,3.55073,1.38724,1.63015,0.0003853,0.0003853,0.0003853
685,3822.6,3.41916,1.38691,1.67621,0.68036,0.44522,0.54162,0.26244,3.54191,1.38722,1.63017,0.0003844,0.0003844,0.0003844
686,3828.55,3.5077,1.40056,1.65435,0.6793,0.45195,0.54804,0.26651,3.52404,1.38245,1.62895,0.0003835,0.0003835,0.0003835
687,3833.76,3.33468,1.38108,1.66704,0.67703,0.45675,0.55101,0.26789,3.51885,1.38041,1.62891,0.0003826,0.0003826,0.0003826
688,3839.03,3.63986,1.44588,1.65544,0.68737,0.45222,0.55122,0.26863,3.52671,1.38751,1.62926,0.0003817,0.0003817,0.0003817
689,3844.95,3.8017,1.54822,1.65793,0.68247,0.45373,0.55245,0.2688,3.54149,1.39188,1.62855,0.0003808,0.0003808,0.0003808
690,3851.01,3.75052,1.57679,1.63009,0.68582,0.45581,0.55516,0.26754,3.55763,1.39494,1.63103,0.0003799,0.0003799,0.0003799
691,3856.02,3.58436,1.4679,1.63722,0.68572,0.45758,0.5523,0.26615,3.56237,1.40237,1.63288,0.000379,0.000379,0.000379
692,3861.63,3.32109,1.35082,1.68601,0.69189,0.45703,0.55283,0.26567,3.57031,1.40644,1.63351,0.0003781,0.0003781,0.0003781
693,3866.73,3.54511,1.36543,1.63078,0.68735,0.45092,0.55294,0.26667,3.57022,1.41632,1.63088,0.0003772,0.0003772,0.0003772
694,3872.83,4.06822,1.62757,1.58591,0.67537,0.44385,0.54178,0.25755,3.66712,1.45231,1.63195,0.0003763,0.0003763,0.0003763
695,3878.42,3.21997,1.33146,1.65675,0.68268,0.44536,0.54533,0.26228,3.6132,1.43242,1.63009,0.0003754,0.0003754,0.0003754
696,3884.17,3.52399,1.41584,1.65697,0.67561,0.45373,0.54734,0.26556,3.5314,1.39718,1.62918,0.0003745,0.0003745,0.0003745
697,3889.36,3.24952,1.3231,1.67268,0.6762,0.45264,0.54582,0.26478,3.53266,1.39462,1.62912,0.0003736,0.0003736,0.0003736
698,3895.39,3.53882,1.43548,1.66956,0.67877,0.45313,0.54492,0.26488,3.51476,1.38857,1.63014,0.0003727,0.0003727,0.0003727
699,3900.63,3.32991,1.38048,1.70024,0.68045,0.45458,0.54674,0.26539,3.50711,1.38804,1.63051,0.0003718,0.0003718,0.0003718
700,3906.27,3.42782,1.3948,1.72157,0.67897,0.44934,0.54533,0.26212,3.55806,1.39188,1.63019,0.0003709,0.0003709,0.0003709
701,3911.57,2.88329,1.24119,1.68013,0.67486,0.45099,0.54517,0.26242,3.55497,1.39152,1.63001,0.00037,0.00037,0.00037
702,3917.34,4.02482,1.59816,1.62215,0.68341,0.45224,0.54817,0.26481,3.52559,1.38295,1.6296,0.0003691,0.0003691,0.0003691
703,3922.71,3.14275,1.31372,1.70932,0.67379,0.45167,0.54414,0.26508,3.51599,1.38031,1.62892,0.0003682,0.0003682,0.0003682
704,3927.85,3.47458,1.40704,1.69524,0.68107,0.45387,0.5452,0.26654,3.49156,1.38375,1.62805,0.0003673,0.0003673,0.0003673
705,3933.18,3.30817,1.37629,1.68374,0.68896,0.4547,0.54794,0.267,3.49239,1.38826,1.62813,0.0003664,0.0003664,0.0003664
706,3938.89,3.36122,1.38537,1.654,0.68571,0.45498,0.55185,0.27141,3.47914,1.38886,1.62512,0.0003655,0.0003655,0.0003655
707,3944.1,3.27983,1.36421,1.65676,0.68151,0.46087,0.55313,0.2704,3.49068,1.39022,1.62524,0.0003646,0.0003646,0.0003646
708,3949.98,3.85886,1.47132,1.62135,0.69352,0.46041,0.55626,0.27266,3.49331,1.37977,1.6271,0.0003637,0.0003637,0.0003637
709,3955.42,3.11977,1.28206,1.68391,0.69184,0.45893,0.55395,0.27049,3.51976,1.38411,1.62777,0.0003628,0.0003628,0.0003628
710,3961.61,4.05759,1.58653,1.6376,0.68917,0.45621,0.55476,0.27239,3.48823,1.3742,1.62584,0.0003619,0.0003619,0.0003619
711,3966.71,3.40659,1.42881,1.663,0.6883,0.45222,0.55275,0.26972,3.50705,1.37872,1.62589,0.000361,0.000361,0.000361
712,3972.65,3.45943,1.39983,1.68912,0.68247,0.45813,0.55135,0.27233,3.47879,1.36529,1.62548,0.0003601,0.0003601,0.0003601
713,3977.97,3.3428,1.35495,1.69535,0.68653,0.45744,0.5524,0.27194,3.48072,1.36643,1.62664,0.0003592,0.0003592,0.0003592
714,3983.51,3.40671,1.39021,1.69396,0.67539,0.4596,0.5542,0.27205,3.47566,1.37284,1.62634,0.0003583,0.0003583,0.0003583
715,3988.93,3.2527,1.36433,1.7399,0.67767,0.45785,0.55278,0.27191,3.48673,1.37544,1.62659,0.0003574,0.0003574,0.0003574
716,3994.38,3.09004,1.2975,1.68197,0.69084,0.45483,0.55526,0.26972,3.52935,1.37827,1.62889,0.0003565,0.0003565,0.0003565
717,4000.2,3.45445,1.4105,1.65451,0.6884,0.45858,0.55547,0.26897,3.54443,1.37851,1.62844,0.0003556,0.0003556,0.0003556
718,4005.92,3.65321,1.45779,1.60652,0.68102,0.46211,0.55538,0.26989,3.52612,1.36719,1.6266,0.0003547,0.0003547,0.0003547
719,4011.27,3.45018,1.42535,1.68939,0.67778,0.46074,0.55334,0.2688,3.51176,1.37,1.62577,0.0003538,0.0003538,0.0003538
720,4016.78,3.4134,1.34758,1.65543,0.67905,0.45744,0.54979,0.26863,3.51992,1.38277,1.62676,0.0003529,0.0003529,0.0003529
721,4022.05,3.55778,1.43871,1.67998,0.68188,0.45881,0.54981,0.26765,3.53327,1.38628,1.62801,0.000352,0.000352,0.000352
722,4027.7,3.44364,1.42531,1.66353,0.6735,0.45964,0.54943,0.26803,3.52743,1.37581,1.62755,0.0003511,0.0003511,0.0003511
723,4032.63,3.41041,1.3978,1.64936,0.67292,0.46032,0.55163,0.26907,3.50765,1.36847,1.62672,0.0003502,0.0003502,0.0003502
724,4038.31,3.42817,1.36062,1.6262,0.67865,0.45809,0.55222,0.2709,3.49367,1.36188,1.6264,0.0003493,0.0003493,0.0003493
725,4043.94,3.39001,1.38424,1.65722,0.68049,0.45758,0.55359,0.2703,3.49596,1.36241,1.62643,0.0003484,0.0003484,0.0003484
726,4049.28,3.32676,1.43006,1.66409,0.68524,0.45785,0.55275,0.27069,3.50429,1.36791,1.62828,0.0003475,0.0003475,0.0003475
727,4054.57,3.33272,1.38857,1.63763,0.68521,0.45782,0.55357,0.26945,3.51391,1.37561,1.62797,0.0003466,0.0003466,0.0003466
728,4060.36,3.86493,1.44769,1.62685,0.68754,0.45645,0.55359,0.26713,3.54021,1.38874,1.62705,0.0003457,0.0003457,0.0003457
729,4065.78,3.38815,1.37731,1.65961,0.69176,0.45428,0.55269,0.26578,3.5558,1.39075,1.62777,0.0003448,0.0003448,0.0003448
730,4071.68,3.53773,1.3894,1.67866,0.69426,0.45421,0.55689,0.27033,3.50454,1.37832,1.62738,0.0003439,0.0003439,0.0003439
731,4077.15,3.26682,1.36439,1.70776,0.68845,0.45456,0.55656,0.27227,3.49346,1.37806,1.62694,0.000343,0.000343,0.000343
732,4082.84,3.36581,1.38316,1.66451,0.68307,0.45236,0.55248,0.27008,3.48845,1.38139,1.62763,0.0003421,0.0003421,0.0003421
733,4088.66,3.49485,1.43181,1.66326,0.68456,0.45316,0.55092,0.26841,3.49444,1.38254,1.62901,0.0003412,0.0003412,0.0003412
734,4094.12,3.03981,1.27266,1.69546,0.69002,0.44954,0.55084,0.26853,3.49152,1.38534,1.62897,0.0003403,0.0003403,0.0003403
735,4099,3.23794,1.34569,1.67631,0.69272,0.45264,0.55367,0.26981,3.49234,1.38221,1.62857,0.0003394,0.0003394,0.0003394
736,4105.2,3.29281,1.3409,1.66862,0.6985,0.45134,0.55443,0.27115,3.47656,1.36457,1.62673,0.0003385,0.0003385,0.0003385
737,4110.25,3.47786,1.49132,1.61423,0.68485,0.45799,0.55628,0.2725,3.46256,1.36265,1.62528,0.0003376,0.0003376,0.0003376
738,4115.87,3.26373,1.38815,1.67438,0.68886,0.45622,0.55633,0.26999,3.48857,1.37204,1.62442,0.0003367,0.0003367,0.0003367
739,4121.03,3.07825,1.34728,1.67442,0.68706,0.45511,0.55415,0.26941,3.50366,1.37749,1.62537,0.0003358,0.0003358,0.0003358
740,4126.8,3.14081,1.29896,1.65654,0.69058,0.45684,0.553,0.26823,3.51049,1.37004,1.62844,0.0003349,0.0003349,0.0003349
741,4132.19,3.15015,1.33542,1.76403,0.68699,0.45679,0.55084,0.26624,3.52445,1.37396,1.62976,0.000334,0.000334,0.000334
742,4138.23,3.35228,1.37694,1.68197,0.6898,0.45579,0.55396,0.27102,3.48489,1.37388,1.62743,0.0003331,0.0003331,0.0003331
743,4143.53,3.59286,1.46554,1.64586,0.68451,0.45813,0.55462,0.27267,3.47183,1.37444,1.62656,0.0003322,0.0003322,0.0003322
744,4148.96,3.27524,1.3119,1.64348,0.68276,0.4606,0.55482,0.27225,3.47332,1.36894,1.62668,0.0003313,0.0003313,0.0003313
745,4154.51,3.33057,1.34542,1.67244,0.67871,0.46198,0.55514,0.27302,3.47362,1.36998,1.62614,0.0003304,0.0003304,0.0003304
746,4160.5,3.54975,1.3911,1.63699,0.6808,0.46568,0.56134,0.27607,3.45168,1.3773,1.62581,0.0003295,0.0003295,0.0003295
747,4165.93,3.82958,1.45427,1.60051,0.68482,0.46376,0.56175,0.27684,3.4474,1.37735,1.62558,0.0003286,0.0003286,0.0003286
748,4171.9,3.26768,1.35948,1.68004,0.68394,0.46552,0.56023,0.2751,3.46413,1.36421,1.62658,0.0003277,0.0003277,0.0003277
749,4177.22,3.33889,1.36931,1.65527,0.68899,0.46197,0.55834,0.27479,3.47057,1.35773,1.62656,0.0003268,0.0003268,0.0003268
750,4183.12,3.16597,1.30419,1.69006,0.68678,0.45593,0.55305,0.27123,3.487,1.35718,1.62716,0.0003259,0.0003259,0.0003259
751,4188.8,3.67121,1.42248,1.63882,0.6856,0.45401,0.55285,0.27066,3.48155,1.35528,1.62671,0.000325,0.000325,0.000325
752,4194.61,3.1507,1.3434,1.73988,0.68404,0.45648,0.55292,0.27144,3.46297,1.36646,1.62508,0.0003241,0.0003241,0.0003241
753,4199.9,3.5978,1.48269,1.67111,0.67953,0.45758,0.5522,0.2711,3.46096,1.36757,1.62484,0.0003232,0.0003232,0.0003232
754,4205.92,3.33242,1.38756,1.67741,0.68117,0.46156,0.55423,0.27414,3.44059,1.35165,1.62493,0.0003223,0.0003223,0.0003223
755,4211.33,3.22062,1.32319,1.65967,0.683,0.46485,0.55738,0.27421,3.44908,1.35403,1.62563,0.0003214,0.0003214,0.0003214
756,4216.69,3.57213,1.41155,1.65104,0.68578,0.46413,0.5591,0.27422,3.47384,1.36039,1.62482,0.0003205,0.0003205,0.0003205
757,4222.26,3.31108,1.33578,1.66116,0.68985,0.4628,0.55898,0.27335,3.47717,1.35874,1.62532,0.0003196,0.0003196,0.0003196
758,4227.95,3.45341,1.38532,1.6167,0.7013,0.45854,0.55802,0.27475,3.43713,1.34652,1.62433,0.0003187,0.0003187,0.0003187
759,4233.09,3.3007,1.41556,1.70995,0.69723,0.46101,0.55728,0.27385,3.44286,1.34646,1.6248,0.0003178,0.0003178,0.0003178
760,4238.73,3.57966,1.53289,1.66253,0.70173,0.45219,0.55528,0.26976,3.48857,1.36469,1.62611,0.0003169,0.0003169,0.0003169
761,4244.41,3.29446,1.39976,1.68803,0.69967,0.44879,0.55347,0.26889,3.50916,1.37604,1.62728,0.000316,0.000316,0.000316
762,4249.81,3.39785,1.34684,1.63355,0.69441,0.45222,0.55657,0.27289,3.47022,1.36132,1.62719,0.0003151,0.0003151,0.0003151
763,4255.15,3.62754,1.40132,1.62001,0.68924,0.45675,0.55768,0.27406,3.46647,1.35202,1.62642,0.0003142,0.0003142,0.0003142
764,4260.7,3.53575,1.44157,1.68845,0.69317,0.45813,0.56076,0.27214,3.50638,1.35268,1.62767,0.0003133,0.0003133,0.0003133
765,4266.04,3.58993,1.42636,1.61791,0.70167,0.45346,0.55999,0.27313,3.49957,1.35064,1.62703,0.0003124,0.0003124,0.0003124
766,4271.99,2.96678,1.25516,1.67198,0.69802,0.46046,0.5619,0.27523,3.46047,1.34834,1.62501,0.0003115,0.0003115,0.0003115
767,4277.75,3.17295,1.25071,1.63592,0.69964,0.45566,0.55914,0.27262,3.48068,1.35874,1.62511,0.0003106,0.0003106,0.0003106
768,4283.3,3.49517,1.45429,1.62719,0.6861,0.44495,0.54792,0.26638,3.53873,1.39157,1.62677,0.0003097,0.0003097,0.0003097
769,4288.83,3.61317,1.4758,1.64367,0.68386,0.44576,0.54691,0.26575,3.54015,1.39571,1.62723,0.0003088,0.0003088,0.0003088
770,4295.05,3.42134,1.37155,1.65624,0.68794,0.45552,0.55238,0.27287,3.44957,1.36209,1.62517,0.0003079,0.0003079,0.0003079
771,4300.79,3.24594,1.36846,1.65692,0.69094,0.45552,0.55131,0.27393,3.43547,1.35421,1.62492,0.000307,0.000307,0.000307
772,4306.64,3.26729,1.32095,1.6428,0.69124,0.45401,0.55134,0.27295,3.46509,1.36023,1.62515,0.0003061,0.0003061,0.0003061
773,4311.97,2.93579,1.26723,1.71493,0.68398,0.45346,0.552,0.27201,3.4822,1.36445,1.62571,0.0003052,0.0003052,0.0003052
774,4317.62,3.65101,1.50137,1.6079,0.6898,0.45277,0.555,0.27372,3.46789,1.36908,1.62473,0.0003043,0.0003043,0.0003043
775,4322.82,3.54315,1.40463,1.63213,0.68863,0.45291,0.55612,0.27499,3.4557,1.36805,1.62499,0.0003034,0.0003034,0.0003034
776,4327.88,3.62136,1.44029,1.61422,0.68397,0.45236,0.55648,0.27616,3.47812,1.37497,1.62482,0.0003025,0.0003025,0.0003025
777,4332.97,3.33748,1.33026,1.64664,0.68392,0.45538,0.5587,0.27478,3.49403,1.37045,1.62447,0.0003016,0.0003016,0.0003016
778,4338.52,3.69805,1.47106,1.64861,0.68488,0.46554,0.56031,0.27105,3.52093,1.36384,1.62566,0.0003007,0.0003007,0.0003007
779,4344.03,3.17977,1.3229,1.68604,0.68723,0.46472,0.55829,0.26965,3.52187,1.36995,1.62551,0.0002998,0.0002998,0.0002998
780,4349.65,3.44229,1.38167,1.68133,0.68038,0.46485,0.55798,0.27186,3.4813,1.36168,1.62469,0.0002989,0.0002989,0.0002989
781,4354.95,3.41546,1.40613,1.69184,0.67831,0.4665,0.55968,0.2731,3.47236,1.35798,1.62441,0.000298,0.000298,0.000298
782,4360.64,3.25191,1.34091,1.6507,0.68891,0.45937,0.56098,0.27712,3.44452,1.35019,1.62476,0.0002971,0.0002971,0.0002971
783,4366.01,3.07077,1.26138,1.66338,0.69082,0.45703,0.56051,0.27773,3.44308,1.35095,1.62523,0.0002962,0.0002962,0.0002962
784,4371.97,3.66111,1.49875,1.58086,0.69737,0.45538,0.56383,0.27959,3.44789,1.36636,1.62426,0.0002953,0.0002953,0.0002953
785,4377.16,3.5554,1.44488,1.6446,0.69608,0.45372,0.56306,0.27881,3.45641,1.37202,1.62387,0.0002944,0.0002944,0.0002944
786,4382.86,3.54192,1.38858,1.62091,0.6919,0.46225,0.56431,0.27738,3.4514,1.3534,1.62462,0.0002935,0.0002935,0.0002935
787,4388.48,3.37385,1.38374,1.68595,0.69667,0.45648,0.56132,0.27612,3.45478,1.3506,1.62468,0.0002926,0.0002926,0.0002926
788,4393.75,3.14087,1.3179,1.65412,0.69733,0.46074,0.56143,0.2772,3.43602,1.34205,1.62396,0.0002917,0.0002917,0.0002917
789,4399.16,3.11602,1.31393,1.69493,0.70803,0.45445,0.56114,0.27701,3.4233,1.33717,1.62413,0.0002908,0.0002908,0.0002908
790,4405.06,3.16333,1.32316,1.66159,0.70475,0.45209,0.56175,0.27818,3.44005,1.35145,1.62386,0.0002899,0.0002899,0.0002899
791,4410.78,3.49306,1.47096,1.63775,0.69733,0.45263,0.56047,0.27723,3.47223,1.36903,1.62412,0.000289,0.000289,0.000289
792,4416.45,3.30772,1.34264,1.64052,0.69208,0.45607,0.56279,0.27987,3.45148,1.3652,1.62318,0.0002881,0.0002881,0.0002881
793,4422.1,3.30757,1.35164,1.6106,0.69441,0.45662,0.56487,0.28031,3.42745,1.35565,1.62254,0.0002872,0.0002872,0.0002872
794,4427.9,3.17761,1.33184,1.65704,0.70031,0.45291,0.56311,0.27867,3.44352,1.34923,1.62358,0.0002863,0.0002863,0.0002863
795,4432.81,3.24738,1.31484,1.67508,0.69481,0.45401,0.56059,0.27652,3.45684,1.34957,1.62363,0.0002854,0.0002854,0.0002854
796,4438.73,3.22297,1.33,1.66139,0.69715,0.45799,0.56337,0.27573,3.45926,1.3387,1.6235,0.0002845,0.0002845,0.0002845
797,4444.08,3.23383,1.33734,1.68879,0.69434,0.45785,0.56286,0.27606,3.4574,1.33682,1.6236,0.0002836,0.0002836,0.0002836
798,4449.77,3.04226,1.29815,1.6474,0.69032,0.45566,0.56034,0.27715,3.45316,1.33238,1.62331,0.0002827,0.0002827,0.0002827
799,4455.02,3.56634,1.42989,1.65839,0.6889,0.45722,0.56015,0.27852,3.43458,1.32554,1.62342,0.0002818,0.0002818,0.0002818
800,4460.82,3.27882,1.32311,1.64482,0.69066,0.45702,0.56174,0.27991,3.40962,1.3188,1.62318,0.0002809,0.0002809,0.0002809
801,4466.82,3.13051,1.28037,1.68605,0.69426,0.45538,0.56161,0.28012,3.39823,1.32443,1.62252,0.00028,0.00028,0.00028
802,4472.9,3.52831,1.43676,1.63651,0.68899,0.44907,0.55718,0.27788,3.42598,1.34224,1.62246,0.0002791,0.0002791,0.0002791
803,4478.4,2.96643,1.24963,1.65328,0.68655,0.4525,0.5584,0.27742,3.43278,1.34001,1.62262,0.0002782,0.0002782,0.0002782
804,4484.34,3.81255,1.43065,1.64009,0.68342,0.46252,0.56033,0.27749,3.44779,1.34374,1.62424,0.0002773,0.0002773,0.0002773
805,4489.79,3.84578,1.62469,1.63605,0.68699,0.46183,0.56208,0.2781,3.43334,1.34357,1.62422,0.0002764,0.0002764,0.0002764
806,4496.06,3.11719,1.34233,1.6921,0.69345,0.46074,0.56163,0.2789,3.41995,1.34682,1.62323,0.0002755,0.0002755,0.0002755
807,4501.02,3.50312,1.38715,1.61622,0.69668,0.4628,0.5625,0.27878,3.40935,1.34252,1.62351,0.0002746,0.0002746,0.0002746
808,4506.46,3.56017,1.44009,1.63614,0.69626,0.46323,0.55947,0.27492,3.42365,1.34332,1.62455,0.0002737,0.0002737,0.0002737
809,4511.73,3.1659,1.32479,1.65397,0.69854,0.45937,0.55919,0.27366,3.44039,1.34483,1.62446,0.0002728,0.0002728,0.0002728
810,4517.72,3.09029,1.25775,1.68684,0.69915,0.45593,0.55956,0.27579,3.43364,1.34433,1.62411,0.0002719,0.0002719,0.0002719
811,4523.19,3.47128,1.43702,1.63145,0.70119,0.45442,0.56033,0.27739,3.42349,1.35499,1.62378,0.000271,0.000271,0.000271
812,4529.15,3.02054,1.33578,1.65738,0.69602,0.45422,0.55824,0.2768,3.42848,1.36397,1.62311,0.0002701,0.0002701,0.0002701
813,4534.55,3.30368,1.43673,1.73244,0.69123,0.45607,0.55892,0.27732,3.42654,1.35442,1.62249,0.0002692,0.0002692,0.0002692
814,4539.95,3.30306,1.33723,1.62709,0.68564,0.45758,0.55819,0.27732,3.44252,1.3436,1.62304,0.0002683,0.0002683,0.0002683
815,4544.95,3.65401,1.44345,1.63835,0.68681,0.46002,0.55898,0.27669,3.44835,1.34186,1.62388,0.0002674,0.0002674,0.0002674
816,4550.76,2.9004,1.24085,1.66483,0.6894,0.46164,0.56237,0.27856,3.44006,1.33917,1.62466,0.0002665,0.0002665,0.0002665
817,4556.11,3.16528,1.36539,1.68878,0.69316,0.45936,0.56341,0.27975,3.43512,1.34053,1.62446,0.0002656,0.0002656,0.0002656
818,4562.01,3.24258,1.31083,1.6395,0.68567,0.45998,0.56228,0.27898,3.44677,1.35848,1.62368,0.0002647,0.0002647,0.0002647
819,4567.5,3.46394,1.39448,1.64242,0.68651,0.45789,0.56192,0.27796,3.45541,1.35907,1.62348,0.0002638,0.0002638,0.0002638
820,4572.57,3.08478,1.30734,1.67533,0.68779,0.46348,0.56144,0.2777,3.45359,1.35406,1.62487,0.0002629,0.0002629,0.0002629
821,4578.33,3.33395,1.35773,1.65474,0.68819,0.46239,0.56071,0.27693,3.45697,1.35396,1.62526,0.000262,0.000262,0.000262
822,4584.33,2.93399,1.24964,1.66739,0.68871,0.4617,0.5594,0.27413,3.48019,1.35973,1.62513,0.0002611,0.0002611,0.0002611
823,4589.79,3.22251,1.29421,1.66426,0.69241,0.46403,0.55989,0.27402,3.47779,1.36075,1.62501,0.0002602,0.0002602,0.0002602
824,4595.22,2.96581,1.30286,1.73561,0.69056,0.46172,0.55611,0.27254,3.48393,1.36336,1.62647,0.0002593,0.0002593,0.0002593
825,4600.83,3.20349,1.30616,1.67008,0.69289,0.45991,0.55691,0.27365,3.47027,1.36473,1.62588,0.0002584,0.0002584,0.0002584
826,4606.84,3.30813,1.3331,1.67753,0.6978,0.46115,0.55816,0.27613,3.43976,1.35724,1.62425,0.0002575,0.0002575,0.0002575
827,4612.23,3.77489,1.53608,1.65202,0.69458,0.46005,0.55781,0.27596,3.43228,1.35417,1.6242,0.0002566,0.0002566,0.0002566
828,4618.03,2.87608,1.22395,1.66538,0.68987,0.45991,0.55668,0.27499,3.44694,1.35641,1.62413,0.0002557,0.0002557,0.0002557
829,4623.51,3.60072,1.44624,1.63081,0.68758,0.46074,0.55713,0.27429,3.44793,1.35501,1.62453,0.0002548,0.0002548,0.0002548
830,4628.74,3.51187,1.40717,1.64925,0.69291,0.45815,0.55494,0.27324,3.44133,1.34793,1.62517,0.0002539,0.0002539,0.0002539
831,4633.92,3.18577,1.31603,1.69835,0.69333,0.45689,0.55304,0.27312,3.43954,1.34648,1.62551,0.000253,0.000253,0.000253
832,4639.34,3.82585,1.59479,1.61947,0.68856,0.46015,0.55556,0.27586,3.42483,1.33901,1.6241,0.0002521,0.0002521,0.0002521
833,4644.68,3.64855,1.47411,1.616,0.68752,0.46074,0.55644,0.27582,3.42029,1.33879,1.62358,0.0002512,0.0002512,0.0002512
834,4650.73,3.51635,1.46158,1.63247,0.68988,0.45854,0.55554,0.27659,3.42391,1.33893,1.62333,0.0002503,0.0002503,0.0002503
835,4655.69,3.5275,1.42904,1.62665,0.69071,0.45717,0.5564,0.27803,3.42391,1.34208,1.62339,0.0002494,0.0002494,0.0002494
836,4661.25,3.01415,1.26661,1.67831,0.69053,0.45428,0.55593,0.277,3.4377,1.35759,1.62349,0.0002485,0.0002485,0.0002485
837,4666.57,3.76708,1.48015,1.61229,0.68898,0.45557,0.55831,0.2779,3.43107,1.35708,1.62294,0.0002476,0.0002476,0.0002476
838,4672.42,3.79316,1.52739,1.54898,0.69601,0.45956,0.56348,0.28139,3.40167,1.33561,1.62233,0.0002467,0.0002467,0.0002467
839,4677.78,3.16145,1.36224,1.67025,0.69496,0.4629,0.56478,0.28149,3.40703,1.33288,1.62236,0.0002458,0.0002458,0.0002458
840,4684.1,3.40019,1.34611,1.63935,0.69067,0.46746,0.56678,0.28044,3.42036,1.32708,1.62351,0.0002449,0.0002449,0.0002449
841,4689.51,3.32564,1.35693,1.62976,0.69706,0.46785,0.56833,0.27948,3.43453,1.32831,1.62419,0.000244,0.000244,0.000244
842,4695.57,3.42692,1.34103,1.66778,0.69063,0.47048,0.56908,0.27973,3.44267,1.32619,1.62542,0.0002431,0.0002431,0.0002431
843,4700.96,3.23734,1.33368,1.67702,0.69034,0.46857,0.56815,0.27902,3.44077,1.32742,1.62583,0.0002422,0.0002422,0.0002422
844,4706.71,3.39405,1.36545,1.70062,0.6857,0.46784,0.56836,0.27847,3.44162,1.33596,1.62496,0.0002413,0.0002413,0.0002413
845,4712.06,3.2216,1.29779,1.6529,0.68553,0.46527,0.56696,0.27891,3.43848,1.34063,1.62492,0.0002404,0.0002404,0.0002404
846,4718.03,2.95601,1.25342,1.69743,0.68459,0.46664,0.56623,0.27999,3.42273,1.34221,1.62475,0.0002395,0.0002395,0.0002395
847,4723.08,3.62638,1.42138,1.62143,0.68915,0.46472,0.5657,0.28035,3.41825,1.34322,1.62393,0.0002386,0.0002386,0.0002386
848,4728.79,3.43667,1.40221,1.65025,0.69213,0.46327,0.56459,0.27998,3.40736,1.33041,1.62244,0.0002377,0.0002377,0.0002377
849,4734.65,3.37795,1.38561,1.63345,0.69506,0.46468,0.5654,0.28026,3.40467,1.32626,1.62198,0.0002368,0.0002368,0.0002368
850,4740.41,3.09863,1.29641,1.65682,0.70012,0.46458,0.56666,0.2821,3.3958,1.32063,1.62132,0.0002359,0.0002359,0.0002359
851,4745.65,3.08996,1.2846,1.6781,0.69871,0.46733,0.57035,0.2844,3.38361,1.31964,1.62109,0.000235,0.000235,0.000235
852,4751.39,3.60359,1.41615,1.60439,0.69831,0.46856,0.57096,0.28434,3.38639,1.31706,1.62346,0.0002341,0.0002341,0.0002341
853,4756.61,2.95822,1.23377,1.65793,0.69393,0.46691,0.56956,0.28316,3.40132,1.32037,1.62405,0.0002332,0.0002332,0.0002332
854,4762.73,3.44738,1.38188,1.64472,0.69468,0.46746,0.56906,0.28256,3.40886,1.32378,1.62425,0.0002323,0.0002323,0.0002323
855,4767.99,3.64489,1.41787,1.60377,0.70423,0.46485,0.57017,0.28369,3.3958,1.31927,1.62397,0.0002314,0.0002314,0.0002314
856,4773.84,3.03609,1.28525,1.67609,0.6988,0.46884,0.57082,0.28381,3.38621,1.31789,1.62267,0.0002305,0.0002305,0.0002305
857,4779.25,3.27029,1.31079,1.65165,0.70038,0.46746,0.56998,0.2834,3.38856,1.31816,1.62298,0.0002296,0.0002296,0.0002296
858,4784.75,3.46588,1.41079,1.62994,0.70186,0.46431,0.56826,0.28165,3.39993,1.32594,1.62269,0.0002287,0.0002287,0.0002287
859,4790.16,3.48033,1.35068,1.62816,0.70799,0.46334,0.56794,0.28135,3.39695,1.32641,1.62248,0.0002278,0.0002278,0.0002278
860,4795.9,2.98829,1.27131,1.7077,0.7043,0.46307,0.56655,0.28047,3.40363,1.3289,1.62238,0.0002269,0.0002269,0.0002269
861,4801.13,3.29466,1.3334,1.66297,0.70721,0.46101,0.56684,0.28035,3.40099,1.32935,1.62252,0.000226,0.000226,0.000226
862,4807.02,3.05846,1.25873,1.6667,0.69972,0.46211,0.56391,0.28004,3.40393,1.33091,1.62284,0.0002251,0.0002251,0.0002251
863,4812.27,3.36546,1.35642,1.6246,0.6928,0.46156,0.5624,0.27896,3.40748,1.33142,1.62328,0.0002242,0.0002242,0.0002242
864,4818.22,2.97619,1.26217,1.69314,0.69428,0.46183,0.56369,0.27842,3.41051,1.33257,1.62382,0.0002233,0.0002233,0.0002233
865,4823.7,2.91025,1.22664,1.6821,0.70033,0.45944,0.56489,0.27804,3.41719,1.33553,1.62457,0.0002224,0.0002224,0.0002224
866,4830.03,3.17119,1.29427,1.65914,0.69587,0.45772,0.56327,0.27769,3.42191,1.34274,1.62518,0.0002215,0.0002215,0.0002215
867,4835.29,3.09434,1.25696,1.64793,0.69585,0.4595,0.56472,0.27844,3.41921,1.34152,1.62465,0.0002206,0.0002206,0.0002206
868,4841.15,3.1089,1.2504,1.65801,0.6926,0.46115,0.56441,0.27937,3.41825,1.34017,1.62409,0.0002197,0.0002197,0.0002197
869,4846.71,3.20547,1.26124,1.64877,0.69387,0.46241,0.56524,0.2794,3.41885,1.33608,1.62371,0.0002188,0.0002188,0.0002188
870,4852.08,3.08422,1.27325,1.67689,0.68755,0.46222,0.56358,0.27944,3.41382,1.33895,1.62276,0.0002179,0.0002179,0.0002179
871,4857.84,3.21351,1.28608,1.65638,0.68764,0.46332,0.56399,0.28048,3.40022,1.33714,1.62283,0.000217,0.000217,0.000217
872,4863.54,3.14441,1.2801,1.63896,0.68862,0.46074,0.56259,0.28173,3.39126,1.33375,1.62218,0.0002161,0.0002161,0.0002161
873,4868.88,2.92982,1.22605,1.68683,0.69219,0.46155,0.56398,0.28255,3.38982,1.33336,1.62184,0.0002152,0.0002152,0.0002152
874,4874.48,3.30419,1.36099,1.6966,0.69337,0.45923,0.56546,0.28292,3.39223,1.33693,1.62137,0.0002143,0.0002143,0.0002143
875,4880.12,3.06741,1.25818,1.6645,0.69769,0.46163,0.56794,0.28287,3.39574,1.33545,1.62159,0.0002134,0.0002134,0.0002134
876,4885.74,4.00424,1.51892,1.60627,0.69092,0.46513,0.56566,0.28174,3.41093,1.33687,1.62199,0.0002125,0.0002125,0.0002125
877,4891.09,3.15219,1.35787,1.64809,0.69103,0.46609,0.56607,0.28137,3.4097,1.3377,1.62231,0.0002116,0.0002116,0.0002116
878,4896.64,3.98804,1.60476,1.52836,0.68769,0.47128,0.56797,0.28251,3.38415,1.33266,1.62217,0.0002107,0.0002107,0.0002107
879,4902.06,3.13948,1.28729,1.64336,0.68471,0.46719,0.56425,0.28257,3.38242,1.33578,1.62161,0.0002098,0.0002098,0.0002098
880,4907.7,2.95095,1.24749,1.68391,0.68946,0.46238,0.56239,0.28175,3.38836,1.33733,1.62166,0.0002089,0.0002089,0.0002089
881,4913.52,3.14805,1.2513,1.66299,0.68872,0.46225,0.56072,0.28049,3.40505,1.33786,1.62279,0.000208,0.000208,0.000208
882,4919.08,3.49219,1.37269,1.63488,0.69404,0.46121,0.56081,0.27853,3.43222,1.3372,1.62409,0.0002071,0.0002071,0.0002071
883,4924.41,3.16013,1.27334,1.64666,0.70148,0.45895,0.56074,0.27858,3.43861,1.33703,1.62435,0.0002062,0.0002062,0.0002062
884,4929.81,3.41134,1.37952,1.65495,0.69517,0.46019,0.56179,0.28119,3.40205,1.33597,1.62365,0.0002053,0.0002053,0.0002053
885,4935,3.32805,1.32186,1.6703,0.69653,0.46195,0.56456,0.28288,3.39304,1.33704,1.62273,0.0002044,0.0002044,0.0002044
886,4940.85,3.53034,1.41584,1.64474,0.69568,0.46032,0.56401,0.28205,3.3856,1.33321,1.62132,0.0002035,0.0002035,0.0002035
887,4946.37,3.35884,1.32603,1.64946,0.69295,0.45978,0.56192,0.28173,3.37951,1.32905,1.62122,0.0002026,0.0002026,0.0002026
888,4951.86,2.66862,1.18068,1.71135,0.69574,0.45708,0.56077,0.28102,3.37109,1.32074,1.62158,0.0002017,0.0002017,0.0002017
889,4957.44,3.20273,1.34332,1.64722,0.69301,0.45758,0.55937,0.28031,3.37107,1.3218,1.62159,0.0002008,0.0002008,0.0002008
890,4963.06,2.80049,1.20794,1.68591,0.68816,0.46129,0.56068,0.28002,3.37574,1.32853,1.6216,0.0001999,0.0001999,0.0001999
891,4968.91,3.33526,1.32654,1.63819,0.6881,0.45909,0.56038,0.27947,3.38492,1.32705,1.62259,0.000199,0.000199,0.000199
892,4974.57,3.24548,1.37371,1.65825,0.68798,0.46115,0.5602,0.28025,3.37046,1.32134,1.62226,0.0001981,0.0001981,0.0001981
893,4980.1,3.23232,1.33483,1.6287,0.68936,0.4606,0.56107,0.28138,3.36605,1.31862,1.62135,0.0001972,0.0001972,0.0001972
894,4985.82,3.44721,1.42741,1.65422,0.69414,0.46211,0.56144,0.28056,3.38662,1.32095,1.62111,0.0001963,0.0001963,0.0001963
895,4991.21,3.64793,1.44251,1.61295,0.69111,0.46609,0.56195,0.28022,3.39708,1.32319,1.62086,0.0001954,0.0001954,0.0001954
896,4996.96,3.19986,1.34701,1.69114,0.68931,0.46884,0.5619,0.28016,3.40648,1.32861,1.62172,0.0001945,0.0001945,0.0001945
897,5002.04,3.6833,1.44248,1.62644,0.68675,0.46742,0.56205,0.28061,3.39986,1.32778,1.6219,0.0001936,0.0001936,0.0001936
898,5007.6,3.55806,1.41631,1.62351,0.68572,0.47007,0.56391,0.28046,3.38944,1.32771,1.62171,0.0001927,0.0001927,0.0001927
899,5013.12,3.18586,1.36796,1.67784,0.69126,0.47029,0.56457,0.28012,3.39034,1.33101,1.622,0.0001918,0.0001918,0.0001918
900,5018.7,2.95721,1.23525,1.65554,0.70084,0.46527,0.56447,0.28174,3.38173,1.32824,1.62219,0.0001909,0.0001909,0.0001909
901,5024.22,3.2547,1.37309,1.68974,0.69419,0.46595,0.56345,0.28152,3.38508,1.32787,1.62192,0.00019,0.00019,0.00019
902,5030.38,3.41848,1.41171,1.6267,0.70062,0.46489,0.56454,0.28173,3.38072,1.33159,1.62225,0.0001891,0.0001891,0.0001891
903,5036.2,3.42854,1.39379,1.70053,0.70652,0.46444,0.56574,0.28052,3.38547,1.32917,1.62357,0.0001882,0.0001882,0.0001882
904,5041.47,3.42043,1.39177,1.61282,0.69634,0.46527,0.56276,0.27769,3.41411,1.33187,1.62442,0.0001873,0.0001873,0.0001873
905,5047.01,3.10196,1.25204,1.66647,0.69621,0.46623,0.56478,0.27773,3.4131,1.33104,1.62402,0.0001864,0.0001864,0.0001864
906,5052.85,3.01921,1.26516,1.65582,0.6956,0.46458,0.56395,0.28052,3.39351,1.32946,1.62341,0.0001855,0.0001855,0.0001855
907,5058.58,3.51581,1.39185,1.62014,0.6986,0.46458,0.5666,0.28108,3.38622,1.32607,1.62321,0.0001846,0.0001846,0.0001846
908,5063.95,3.19124,1.31624,1.64344,0.69687,0.46363,0.56768,0.28231,3.37276,1.32602,1.62235,0.0001837,0.0001837,0.0001837
909,5069.06,3.12257,1.31455,1.7019,0.69354,0.46582,0.56767,0.28249,3.37278,1.32778,1.62194,0.0001828,0.0001828,0.0001828
910,5074.55,2.69523,1.1757,1.64108,0.69351,0.46691,0.56519,0.28223,3.37927,1.3215,1.62232,0.0001819,0.0001819,0.0001819
911,5079.96,3.33278,1.33551,1.64127,0.68944,0.46664,0.56361,0.28165,3.38039,1.32171,1.62255,0.000181,0.000181,0.000181
912,5085.92,3.2732,1.33129,1.66742,0.68336,0.46458,0.56222,0.28078,3.39269,1.32689,1.62268,0.0001801,0.0001801,0.0001801
913,5090.97,3.07051,1.31063,1.69457,0.68467,0.46443,0.56192,0.28117,3.39245,1.32585,1.62248,0.0001792,0.0001792,0.0001792
914,5096.76,3.37793,1.32988,1.63202,0.68078,0.46636,0.56045,0.28086,3.39976,1.32357,1.62316,0.0001783,0.0001783,0.0001783
915,5102.46,3.55227,1.35573,1.60209,0.68048,0.46488,0.55919,0.28049,3.40553,1.32221,1.624,0.0001774,0.0001774,0.0001774
916,5108.2,3.13957,1.29282,1.67904,0.68237,0.46087,0.5585,0.28077,3.3871,1.3182,1.62386,0.0001765,0.0001765,0.0001765
917,5113.81,3.59656,1.40534,1.61287,0.6812,0.46114,0.55867,0.28239,3.36633,1.31398,1.62262,0.0001756,0.0001756,0.0001756
918,5119.92,2.99191,1.25431,1.67584,0.68338,0.46458,0.56134,0.28388,3.35608,1.30938,1.62088,0.0001747,0.0001747,0.0001747
919,5125.54,3.32962,1.38942,1.6532,0.6807,0.46829,0.56306,0.2841,3.3686,1.31195,1.62075,0.0001738,0.0001738,0.0001738
920,5131.18,3.18959,1.27424,1.65383,0.68416,0.46868,0.56327,0.2838,3.37079,1.31307,1.62175,0.0001729,0.0001729,0.0001729
921,5136.93,3.12634,1.29363,1.67949,0.68856,0.46787,0.56374,0.28463,3.36587,1.3139,1.62174,0.000172,0.000172,0.000172
922,5143.04,3.33128,1.34242,1.63445,0.69098,0.46538,0.56426,0.28389,3.36419,1.31633,1.62145,0.0001711,0.0001711,0.0001711
923,5148.39,3.15883,1.27675,1.6446,0.68732,0.46636,0.56413,0.28357,3.36931,1.31926,1.62119,0.0001702,0.0001702,0.0001702
924,5154.27,3.35637,1.37887,1.70478,0.69223,0.46321,0.56362,0.28308,3.3735,1.32215,1.62078,0.0001693,0.0001693,0.0001693
925,5159.8,3.79051,1.50208,1.54625,0.69465,0.46183,0.56338,0.28326,3.37233,1.31716,1.62077,0.0001684,0.0001684,0.0001684
926,5165.68,3.21449,1.33556,1.63228,0.69591,0.46115,0.56394,0.28358,3.36764,1.30823,1.61919,0.0001675,0.0001675,0.0001675
927,5170.82,3.35018,1.36878,1.64287,0.69622,0.45909,0.56299,0.28299,3.36957,1.30664,1.61899,0.0001666,0.0001666,0.0001666
928,5176.38,3.31872,1.3412,1.61505,0.69288,0.46183,0.56279,0.28445,3.35137,1.29987,1.61942,0.0001657,0.0001657,0.0001657
929,5181.77,3.19452,1.25852,1.63632,0.69189,0.46431,0.56378,0.28491,3.34622,1.29847,1.61943,0.0001648,0.0001648,0.0001648
930,5187.63,3.14176,1.29796,1.66976,0.70267,0.46252,0.56747,0.28493,3.34364,1.30096,1.61931,0.0001639,0.0001639,0.0001639
931,5193.35,2.88342,1.30208,1.75668,0.69681,0.4628,0.56634,0.28447,3.35331,1.30584,1.6192,0.000163,0.000163,0.000163
932,5198.86,3.3557,1.33592,1.6502,0.69591,0.46499,0.56701,0.28429,3.35689,1.30829,1.61955,0.0001621,0.0001621,0.0001621
933,5203.91,3.39285,1.31969,1.61774,0.69738,0.46729,0.56844,0.28505,3.35368,1.30603,1.61967,0.0001612,0.0001612,0.0001612
934,5209.87,3.3058,1.30065,1.64205,0.69858,0.46932,0.56962,0.28522,3.36429,1.30849,1.61949,0.0001603,0.0001603,0.0001603
935,5215.47,3.44576,1.38699,1.66266,0.69732,0.46842,0.56809,0.28472,3.37216,1.31282,1.62001,0.0001594,0.0001594,0.0001594
936,5221.13,3.40194,1.36374,1.63712,0.6955,0.46678,0.56711,0.28563,3.37172,1.31658,1.62028,0.0001585,0.0001585,0.0001585
937,5226.83,3.01997,1.2393,1.65961,0.69778,0.46678,0.56792,0.28599,3.36816,1.31373,1.6208,0.0001576,0.0001576,0.0001576
938,5232.36,3.47369,1.33264,1.59477,0.69163,0.46772,0.5686,0.28805,3.33938,1.3064,1.61913,0.0001567,0.0001567,0.0001567
939,5238.08,3.69966,1.44714,1.59565,0.69975,0.46403,0.57007,0.28878,3.33865,1.30575,1.61829,0.0001558,0.0001558,0.0001558
940,5243.36,3.85481,1.54055,1.60778,0.70202,0.4628,0.57095,0.28815,3.34771,1.30363,1.61758,0.0001549,0.0001549,0.0001549
941,5248.74,3.08295,1.3813,1.66748,0.69692,0.4665,0.57128,0.28813,3.34962,1.30329,1.61811,0.000154,0.000154,0.000154
942,5254.1,3.56024,1.35617,1.61436,0.69832,0.46815,0.57113,0.28825,3.3444,1.30229,1.61894,0.0001531,0.0001531,0.0001531
943,5259.36,3.53707,1.38845,1.62221,0.6962,0.46911,0.57002,0.28828,3.34823,1.30489,1.61919,0.0001522,0.0001522,0.0001522
944,5265.39,3.2175,1.36003,1.64589,0.68873,0.46856,0.56826,0.2876,3.36637,1.31282,1.62003,0.0001513,0.0001513,0.0001513
945,5270.5,3.2796,1.28478,1.61914,0.69245,0.4676,0.56817,0.2874,3.35921,1.31322,1.61994,0.0001504,0.0001504,0.0001504
946,5276.41,2.79179,1.23709,1.72772,0.69368,0.46527,0.56739,0.28687,3.3572,1.31283,1.61947,0.0001495,0.0001495,0.0001495
947,5281.82,3.44835,1.3755,1.62537,0.69511,0.46513,0.568,0.28545,3.37192,1.31402,1.61961,0.0001486,0.0001486,0.0001486
948,5287.06,2.98419,1.21747,1.70987,0.70046,0.46636,0.56835,0.28597,3.36455,1.30981,1.61986,0.0001477,0.0001477,0.0001477
949,5292.18,3.11165,1.26653,1.64802,0.69824,0.4676,0.56833,0.28623,3.35281,1.30325,1.62007,0.0001468,0.0001468,0.0001468
950,5297.79,3.55279,1.4129,1.62114,0.69322,0.46874,0.56816,0.28595,3.35744,1.30184,1.62108,0.0001459,0.0001459,0.0001459
951,5302.86,3.46621,1.3631,1.60383,0.69093,0.46664,0.56786,0.28591,3.35825,1.3023,1.62048,0.000145,0.000145,0.000145
952,5308.56,3.21395,1.3208,1.67344,0.69124,0.4641,0.56648,0.28643,3.3554,1.30813,1.62,0.0001441,0.0001441,0.0001441
953,5314.1,3.04811,1.21792,1.64258,0.69305,0.4628,0.56669,0.28556,3.35675,1.30925,1.61984,0.0001432,0.0001432,0.0001432
954,5319.52,3.4511,1.39813,1.60466,0.69286,0.4633,0.56544,0.28547,3.34394,1.30422,1.61956,0.0001423,0.0001423,0.0001423
955,5325.18,3.46141,1.37669,1.5952,0.69409,0.46362,0.56773,0.28627,3.3468,1.30311,1.61965,0.0001414,0.0001414,0.0001414
956,5330.9,3.18935,1.31406,1.62434,0.6926,0.46678,0.56876,0.28605,3.35561,1.30337,1.61979,0.0001405,0.0001405,0.0001405
957,5336.27,3.08118,1.22424,1.63851,0.69447,0.46705,0.56815,0.28593,3.3582,1.30301,1.62014,0.0001396,0.0001396,0.0001396
958,5342.37,3.46592,1.38581,1.63004,0.69503,0.46678,0.56711,0.28701,3.34745,1.30569,1.62003,0.0001387,0.0001387,0.0001387
959,5347.84,3.25289,1.31404,1.65037,0.69722,0.46787,0.56727,0.28766,3.3413,1.30624,1.61991,0.0001378,0.0001378,0.0001378
960,5353.41,3.33949,1.3841,1.67949,0.69571,0.46678,0.56919,0.28748,3.33659,1.30418,1.61834,0.0001369,0.0001369,0.0001369
961,5359.01,3.78743,1.5281,1.6222,0.69643,0.46678,0.56932,0.28683,3.34665,1.30571,1.61852,0.000136,0.000136,0.000136
962,5364.7,3.09896,1.33174,1.68288,0.69929,0.46623,0.56989,0.28682,3.35092,1.30344,1.61872,0.0001351,0.0001351,0.0001351
963,5370.22,3.42955,1.40812,1.64092,0.70348,0.46837,0.57222,0.28702,3.34934,1.3036,1.6191,0.0001342,0.0001342,0.0001342
964,5375.85,3.32445,1.29055,1.64532,0.70208,0.46952,0.573,0.28772,3.34543,1.3054,1.61971,0.0001333,0.0001333,0.0001333
965,5381,3.37415,1.31003,1.60763,0.69989,0.46884,0.57266,0.28841,3.34231,1.30805,1.61958,0.0001324,0.0001324,0.0001324
966,5386.52,3.28841,1.35859,1.65939,0.69973,0.4658,0.56984,0.28898,3.33172,1.31392,1.61959,0.0001315,0.0001315,0.0001315
967,5391.68,3.2102,1.33674,1.67218,0.69865,0.46431,0.56891,0.28861,3.32932,1.31204,1.61951,0.0001306,0.0001306,0.0001306
968,5396.95,3.32163,1.27436,1.63597,0.69187,0.46825,0.56907,0.28833,3.33821,1.3079,1.61974,0.0001297,0.0001297,0.0001297
969,5402.13,3.28384,1.32492,1.6429,0.69272,0.46719,0.56929,0.28885,3.32859,1.3045,1.61929,0.0001288,0.0001288,0.0001288
970,5408,4.20552,1.64662,1.54462,0.69514,0.46513,0.5705,0.28939,3.34075,1.30991,1.61844,0.0001279,0.0001279,0.0001279
971,5413.76,3.061,1.26213,1.67369,0.69441,0.46431,0.57052,0.28841,3.35473,1.3162,1.61844,0.000127,0.000127,0.000127
972,5419.55,3.23507,1.3101,1.62439,0.69733,0.46623,0.57279,0.28929,3.34091,1.31242,1.61858,0.0001261,0.0001261,0.0001261
973,5424.84,3.23431,1.3158,1.65157,0.69534,0.46774,0.5724,0.28902,3.33155,1.30473,1.61877,0.0001252,0.0001252,0.0001252
974,5430.71,3.56581,1.44335,1.66566,0.6925,0.46747,0.56961,0.28664,3.34443,1.30165,1.61926,0.0001243,0.0001243,0.0001243
975,5436.35,2.90468,1.21993,1.65461,0.69533,0.46829,0.57104,0.28704,3.33974,1.30141,1.61842,0.0001234,0.0001234,0.0001234
976,5441.98,3.05515,1.2712,1.65931,0.69886,0.46746,0.57181,0.28828,3.32641,1.29685,1.61747,0.0001225,0.0001225,0.0001225
977,5447.39,3.46248,1.37232,1.57896,0.69714,0.46864,0.57267,0.28863,3.32859,1.29834,1.61723,0.0001216,0.0001216,0.0001216
978,5453.2,3.25021,1.32661,1.64006,0.7076,0.46568,0.57253,0.28914,3.31309,1.29127,1.61693,0.0001207,0.0001207,0.0001207
979,5458.66,2.87102,1.21908,1.70835,0.70808,0.46488,0.57192,0.28925,3.313,1.29246,1.61697,0.0001198,0.0001198,0.0001198
980,5464.73,3.19209,1.29599,1.65614,0.7079,0.4665,0.57351,0.29069,3.30742,1.2925,1.61667,0.0001189,0.0001189,0.0001189
981,5470.2,2.98587,1.21491,1.64954,0.70601,0.4685,0.57458,0.29068,3.31078,1.29348,1.61718,0.000118,0.000118,0.000118
982,5475.48,3.44683,1.33292,1.61878,0.70516,0.4687,0.57408,0.28981,3.32212,1.29695,1.61791,0.0001171,0.0001171,0.0001171
983,5480.65,2.92887,1.23936,1.70532,0.70103,0.46775,0.573,0.28996,3.32647,1.29849,1.61789,0.0001162,0.0001162,0.0001162
984,5486.09,3.49983,1.40232,1.6316,0.70889,0.46293,0.57181,0.28934,3.32991,1.29778,1.61784,0.0001153,0.0001153,0.0001153
985,5491.74,3.27178,1.34059,1.60643,0.70866,0.46417,0.57209,0.28876,3.33175,1.29714,1.61742,0.0001144,0.0001144,0.0001144
986,5497.69,3.26097,1.33714,1.64134,0.7075,0.46568,0.57136,0.28869,3.32483,1.29275,1.61776,0.0001135,0.0001135,0.0001135
987,5502.97,2.92915,1.21812,1.65916,0.71141,0.46403,0.57246,0.28886,3.32409,1.29175,1.61765,0.0001126,0.0001126,0.0001126
988,5508.77,3.07264,1.25926,1.64744,0.7139,0.46046,0.57173,0.28846,3.32214,1.29336,1.6176,0.0001117,0.0001117,0.0001117
989,5514.33,3.41751,1.41847,1.64737,0.70266,0.46623,0.57254,0.2882,3.32918,1.29628,1.61788,0.0001108,0.0001108,0.0001108
990,5520.15,3.23857,1.27343,1.6078,0.70499,0.46555,0.57326,0.28822,3.34046,1.29856,1.61815,0.0001099,0.0001099,0.0001099
991,5577.96,3.87782,1.5305,1.56764,0.71063,0.46458,0.5744,0.28833,3.34036,1.29845,1.61863,0.000109,0.000109,0.000109
992,5583.41,3.50296,1.43151,1.62298,0.71127,0.46691,0.57557,0.28926,3.33234,1.29431,1.61816,0.0001081,0.0001081,0.0001081
993,5589.01,3.35324,1.39294,1.67489,0.71355,0.4668,0.57551,0.28928,3.33505,1.29459,1.61784,0.0001072,0.0001072,0.0001072
994,5594.76,3.07001,1.30599,1.69042,0.70795,0.46431,0.57261,0.28842,3.3356,1.29533,1.6173,0.0001063,0.0001063,0.0001063
995,5600.85,3.66869,1.42868,1.60701,0.70693,0.46664,0.57449,0.28894,3.32811,1.294,1.61698,0.0001054,0.0001054,0.0001054
996,5606.4,4.11184,1.65739,1.55686,0.70694,0.46444,0.57401,0.2908,3.30458,1.29002,1.61623,0.0001045,0.0001045,0.0001045
997,5611.65,3.28315,1.35557,1.66291,0.70958,0.46334,0.57402,0.29099,3.30062,1.29114,1.61615,0.0001036,0.0001036,0.0001036
998,5617.55,3.86941,1.48378,1.6216,0.70878,0.46478,0.57532,0.29177,3.30634,1.29598,1.61591,0.0001027,0.0001027,0.0001027
999,5623.54,3.341,1.33501,1.66761,0.71115,0.46568,0.57693,0.29274,3.30787,1.29655,1.61603,0.0001018,0.0001018,0.0001018
1000,5629.01,3.14939,1.27118,1.64752,0.7104,0.46812,0.57764,0.29337,3.30707,1.29447,1.61628,0.0001009,0.0001009,0.0001009
