epoch,time,train/box_loss,train/cls_loss,train/dfl_loss,metrics/precision(B),metrics/recall(B),metrics/mAP50(B),metrics/mAP50-95(B),val/box_loss,val/cls_loss,val/dfl_loss,lr/pg0,lr/pg1,lr/pg2
1,3.79944,8.22832,34.6844,4.31579,0,0,0,0,5.10176,40.4544,2.5264,0.0491,0.0001,0.0001
2,5.9625,10.6257,19.8594,5.66444,0,0,0,0,4.99515,32.8145,2.47399,0.04775,0.000249999,0.000249999
3,8.09174,10.7074,24.4003,5.62665,0,0,0,0,4.86853,25.1812,2.4112,0.0464,0.000399996,0.000399996
4,10.4164,7.52803,14.8294,3.9986,0,0,0,0,4.73497,18.7468,2.34453,0.04505,0.000549988,0.000549988
5,12.5177,7.55069,13.3506,3.94096,0,0,0,0,4.59951,13.6647,2.27653,0.0437,0.000699973,0.000699973
6,14.7441,6.91712,12.7147,3.53858,0,0,0,0,4.47205,9.92647,2.21124,0.0423499,0.000849948,0.000849948
7,17.0671,8.73975,9.10433,4.69668,0,0,0,0,4.3741,7.5208,2.15807,0.0409999,0.000999912,0.000999912
8,19.1044,10.3083,9.26653,5.43868,0,0,0,0,4.29725,5.98196,2.11347,0.0396499,0.00114986,0.00114986
9,20.983,2.17513,4.48236,1.07339,0,0,0,0,4.23412,4.98946,2.07443,0.0382998,0.0012998,0.0012998
10,23.1467,9.58827,7.92908,5.10385,0,0,0,0,4.20627,4.43773,2.04985,0.0369497,0.00144971,0.00144971
11,25.1185,10.198,7.92667,5.4691,0,0,0,0,4.2001,4.11215,2.03422,0.0355996,0.00159961,0.00159961
12,27.158,8.6375,6.73582,4.35676,0,0,0,0,4.21032,3.9271,2.02496,0.0342495,0.00174948,0.00174948
13,28.9071,6.50004,5.52994,3.61705,0,0,0,0,4.23541,3.79538,2.02164,0.0328993,0.00189933,0.00189933
14,30.7861,6.69593,5.70043,3.63926,0,0,0,0,4.29132,3.74078,2.02843,0.0315492,0.00204915,0.00204915
15,32.8893,10.4062,7.70893,4.92848,0,0,0,0,4.37985,3.73869,2.04678,0.0301989,0.00219895,0.00219895
16,34.6884,7.12876,5.59403,3.5197,0,0,0,0,4.49872,3.76614,2.07733,0.0288487,0.00234871,0.00234871
17,36.4386,7.41508,5.80814,3.46237,0,0,0,0,4.60287,3.80614,2.10643,0.0274984,0.00249844,0.00249844
18,38.2528,10.1838,7.91357,5.03446,0,0,0,0,4.75703,3.89112,2.153,0.0261481,0.00264813,0.00264813
19,39.9871,3.92912,3.49639,1.73947,0,0,0,0,4.8523,3.9394,2.18294,0.0247978,0.00279778,0.00279778
20,42.0888,7.0176,5.53462,3.25535,0,0,0,0,5.13099,4.1134,2.27493,0.0234474,0.0029474,0.0029474
21,43.8538,10.7074,7.51538,4.68101,0,0,0,0,5.35937,4.26027,2.35285,0.022097,0.00309697,0.00309697
22,45.7141,10.5367,7.31837,4.52306,0,0,0,0,6.07011,4.72893,2.60525,0.0207465,0.0032465,0.0032465
23,47.4803,10.8147,7.86292,4.67015,0,0,0,0,6.89209,5.27316,2.9077,0.019396,0.00339598,0.00339598
24,49.3245,10.6456,7.22453,4.31704,0,0,0,0,7.49466,5.46928,3.09507,0.0180454,0.00354541,0.00354541
25,51.154,10.4249,7.28146,4.20949,0,0,0,0,7.5697,5.46252,3.11092,0.0166948,0.0036948,0.0036948
26,52.9379,9.43471,6.95299,4.37638,0,0,0,0,7.52687,5.37201,3.0565,0.0153441,0.00384413,0.00384413
27,54.9106,10.1721,6.21259,3.84837,0,0,0,0,7.33908,5.25765,2.94715,0.0139934,0.0039934,0.0039934
28,56.7401,9.1969,5.92913,3.63637,0,0,0,0,7.16792,5.41282,2.80498,0.0126426,0.00414261,0.00414261
29,58.2842,10.0324,5.77298,3.47643,0.00019,0.00014,0.0001,1e-05,7.12446,6.74867,2.82819,0.0112918,0.00429177,0.00429177
30,60.3529,9.31253,5.67476,3.34291,0.0002,0.00014,6e-05,2e-05,9.96583,24.8027,3.42918,0.00994086,0.00444086,0.00444086
31,62.3569,9.40148,5.0313,3.19843,0.00041,0.00014,5e-05,2e-05,9.71014,60.3665,3.39116,0.00858989,0.00458989,0.00458989
32,64.3799,8.83463,4.82472,3.17045,0.00054,0.00027,0.00014,3e-05,6.67227,367.48,2.46724,0.00723886,0.00473886,0.00473886
33,66.289,7.99663,4.19093,2.55727,0.0004,0.00041,0.0002,3e-05,6.7477,426.001,2.34484,0.00588775,0.00488775,0.00488775
34,68.3753,7.86802,3.92597,2.40984,0.00541,0.00659,0.00262,0.00067,8.36996,709.114,2.98067,0.00498671,0.00498671,0.00498671
35,70.3177,7.79806,4.21013,2.13129,0.00908,0.01181,0.00501,0.00109,8.37274,1074.41,3.40009,0.00498589,0.00498589,0.00498589
36,72.3726,7.98005,3.81405,1.95063,9e-05,0.00014,4e-05,1e-05,9.13365,104124,2.07574,0.00498505,0.00498505,0.00498505
37,74.3474,8.14063,3.81507,1.72021,0,0,0,0,8.016,390442,1.67524,0.00498419,0.00498419,0.00498419
38,76.6081,7.53934,3.67178,1.73153,0,0,0,0,7.16105,413840,1.63024,0.0049833,0.0049833,0.0049833
39,78.758,7.35878,3.54633,1.80551,0,0,0,0,9.36164,76221.4,1.82313,0.00498238,0.00498238,0.00498238
40,80.9346,7.37923,3.67577,1.80309,0.00011,0.00014,5e-05,3e-05,8.73415,3335.02,1.56312,0.00498145,0.00498145,0.00498145
41,82.8782,7.56845,4.01246,1.81237,0.00203,0.00124,0.00066,0.00014,8.03099,895.195,1.41067,0.00498048,0.00498048,0.00498048
42,84.8661,7.19893,3.64776,1.7105,0,0,0,0,1e-05,1515.56,1e-05,0.0049795,0.0049795,0.0049795
43,86.728,7.68661,4.20783,1.87621,0,0,0,0,0,2375.94,0,0.00497849,0.00497849,0.00497849
44,88.7637,7.62787,3.72161,1.67914,0,0,0,0,0,8994.59,0,0.00497745,0.00497745,0.00497745
45,90.3547,7.778,4.22745,1.77876,0,0,0,0,0,2245,0,0.00497639,0.00497639,0.00497639
46,92.2811,7.76072,4.02016,1.77008,0,0,0,0,0,645.044,0,0.00497531,0.00497531,0.00497531
47,94.2071,7.63362,3.72471,1.73524,0,0,0,0,0,2030.06,0,0.0049742,0.0049742,0.0049742
48,96.0676,7.52398,3.60952,1.72319,0,0,0,0,0.00283,10034.6,0.00269,0.00497307,0.00497307,0.00497307
49,98.1206,7.58309,4.02381,1.66967,0,0,0,0,0.00514,6323.8,0.00461,0.00497191,0.00497191,0.00497191
50,99.8554,7.09155,3.7548,1.81091,0,0,0,0,0.21358,3850.03,0.12632,0.00497073,0.00497073,0.00497073
51,101.731,7.73009,3.71944,1.65444,0,0,0,0,0.27109,1722.63,0.14363,0.00496953,0.00496953,0.00496953
52,103.992,7.42717,3.83925,1.72765,0,0,0,0,0.83075,1306.71,0.4037,0.0049683,0.0049683,0.0049683
53,105.695,7.32748,4.07131,1.65763,0,0,0,0,1.49502,1280.21,0.67679,0.00496705,0.00496705,0.00496705
54,107.655,7.54741,3.65169,1.69363,0.00331,0.00055,0.00166,0.00029,6.04282,341.831,1.36279,0.00496577,0.00496577,0.00496577
55,109.31,7.44559,3.8329,1.68848,0.00722,0.00165,0.00363,0.0007,5.54962,76.5088,1.19884,0.00496447,0.00496447,0.00496447
56,111.394,7.52447,3.52912,1.66492,0.00036,0.00014,0.00018,2e-05,6.16925,444.272,1.39198,0.00496315,0.00496315,0.00496315
57,113.16,7.49938,3.70545,1.69655,0,0,0,0,7.18768,699.301,2.23881,0.0049618,0.0049618,0.0049618
58,115.007,7.38686,3.87726,1.66355,0,0,0,0,7.19336,143.607,2.51766,0.00496042,0.00496042,0.00496042
59,116.933,7.34047,3.64703,1.73372,0,0,0,0,5.51775,110.168,2.3144,0.00495903,0.00495903,0.00495903
60,118.541,7.30696,3.92809,1.67833,0,0,0,0,6.76652,46.9314,2.63028,0.00495761,0.00495761,0.00495761
61,120.356,7.42788,3.68369,1.70903,0,0,0,0,6.89421,7.16421,2.46016,0.00495616,0.00495616,0.00495616
62,122.299,7.60306,3.87931,1.95682,0,0,0,0,9.33599,14.1557,2.70314,0.00495469,0.00495469,0.00495469
63,124.258,7.56919,3.80274,1.762,0,0,0,0,10.2314,64.9237,3.45972,0.0049532,0.0049532,0.0049532
64,125.998,7.39608,3.73674,1.64779,0,0,0,0,10.418,6.81083,3.52698,0.00495168,0.00495168,0.00495168
65,127.822,7.37616,3.70585,1.68349,0,0,0,0,10.4185,6.7687,3.51763,0.00495014,0.00495014,0.00495014
66,129.527,7.46387,3.6626,1.67108,0,0,0,0,10.2767,6.64077,3.35664,0.00494858,0.00494858,0.00494858
67,131.42,7.43693,3.66565,1.68303,0,0,0,0,10.3382,6.63452,3.54679,0.00494699,0.00494699,0.00494699
68,133.106,7.34042,3.65649,1.62314,0,0,0,0,9.74371,6.1182,3.07636,0.00494538,0.00494538,0.00494538
69,134.765,7.53176,3.80681,1.72726,0,0,0,0,10.1685,6.45643,3.34659,0.00494374,0.00494374,0.00494374
70,136.641,7.31783,3.67891,1.67712,0,0,0,0,9.4916,5.33203,2.64285,0.00494208,0.00494208,0.00494208
71,138.374,7.57221,3.69902,1.6399,0,0,0,0,10.0923,5.91953,3.22418,0.00494039,0.00494039,0.00494039
72,140.394,7.58575,3.74755,1.62723,0,0,0,0,10.067,5.37604,3.1195,0.00493869,0.00493869,0.00493869
73,142.558,7.28064,3.74133,1.61708,0,0,0,0,10.1912,5.43266,3.19181,0.00493695,0.00493695,0.00493695
74,144.786,7.65217,3.64106,1.70321,0,0,0,0,10.1183,7.01316,3.35712,0.0049352,0.0049352,0.0049352
75,146.487,7.52559,4.04151,1.66838,0,0,0,0,9.43416,6.28895,3.26482,0.00493342,0.00493342,0.00493342
76,148.446,7.48554,4.03457,1.70051,0,0,0,0,9.54574,5.89931,3.30077,0.00493162,0.00493162,0.00493162
77,150.421,7.54347,3.73576,1.75523,0,0,0,0,8.57658,6.32183,3.66291,0.00492979,0.00492979,0.00492979
78,152.492,7.22695,3.71532,1.75197,0,0,0,0,8.34001,7.15865,4.19824,0.00492794,0.00492794,0.00492794
79,154.465,7.30803,3.57961,1.63264,0,0,0,0,8.77761,9.03589,4.31051,0.00492606,0.00492606,0.00492606
80,156.344,7.38997,3.72266,1.71077,0,0,0,0,8.37695,9.80268,4.08706,0.00492417,0.00492417,0.00492417
81,158.412,7.4475,3.9344,1.63411,0,0,0,0,8.41717,10.5328,3.81218,0.00492224,0.00492224,0.00492224
82,160.545,7.61679,3.75298,1.6481,0,0,0,0,9.11756,37.2015,3.34671,0.0049203,0.0049203,0.0049203
83,162.391,7.30674,3.81956,1.64729,0,0,0,0,9.24323,27.3519,3.29663,0.00491833,0.00491833,0.00491833
84,164.508,7.26499,3.78453,1.60218,0,0,0,0,8.88148,59.4669,3.29922,0.00491634,0.00491634,0.00491634
85,166.226,7.4835,3.65861,1.68551,0,0,0,0,8.85493,51.1832,3.30671,0.00491432,0.00491432,0.00491432
86,168.471,7.40415,3.55015,1.65352,0,0,0,0,9.09065,41.0318,3.32658,0.00491228,0.00491228,0.00491228
87,170.555,7.04449,3.62502,1.59445,0,0,0,0,9.12815,41.8944,3.33042,0.00491022,0.00491022,0.00491022
88,172.672,7.40838,3.86862,1.72274,0,0,0,0,9.19302,43.2862,3.3315,0.00490813,0.00490813,0.00490813
89,174.853,7.36444,3.65926,1.66417,0,0,0,0,9.26548,33.4641,3.30611,0.00490602,0.00490602,0.00490602
90,176.987,7.14937,3.61723,1.722,0,0,0,0,9.51648,20.4779,3.35831,0.00490388,0.00490388,0.00490388
91,178.895,7.2983,3.56988,1.60099,0,0,0,0,10.0242,25.5336,3.44408,0.00490173,0.00490173,0.00490173
92,180.883,7.55438,3.82409,1.62492,0,0,0,0,10.4025,27.9918,3.20329,0.00489955,0.00489955,0.00489955
93,182.809,7.60695,3.56618,1.66087,0.00011,0.00014,5e-05,0,10.2824,25.1264,3.09596,0.00489734,0.00489734,0.00489734
94,184.862,7.392,3.75138,1.64584,0.00022,0.00027,0.00029,8e-05,10.0211,20.5566,2.88376,0.00489511,0.00489511,0.00489511
95,186.914,7.16557,3.50383,1.58727,0.00059,0.00069,0.00066,0.00016,9.87679,26.1549,2.73806,0.00489286,0.00489286,0.00489286
96,189.141,7.51201,3.56687,1.72631,0.00063,0.00082,0.00026,6e-05,9.8639,20.9195,2.69173,0.00489059,0.00489059,0.00489059
97,191.338,7.50563,3.51152,1.7067,0.0019,0.00247,0.00076,0.0002,9.3951,15.7019,2.2993,0.00488829,0.00488829,0.00488829
98,193.583,7.49174,3.56241,1.6829,0.00095,0.00124,0.00038,0.00013,9.55082,12.912,2.45556,0.00488597,0.00488597,0.00488597
99,195.398,7.27754,3.622,1.605,0.00159,0.00206,0.00065,0.00018,9.43936,11.8436,2.40318,0.00488362,0.00488362,0.00488362
100,197.483,7.52904,3.56046,1.65073,0.00402,0.00522,0.00175,0.00046,9.00294,9.63241,1.9772,0.00488126,0.00488126,0.00488126
101,199.313,7.28668,3.62919,1.58789,0.00529,0.00686,0.00231,0.00052,8.77577,12.5043,1.88912,0.00487886,0.00487886,0.00487886
102,201.524,7.37789,3.52511,1.60261,0.00771,0.01194,0.00379,0.00082,8.40959,15.4836,1.77484,0.00487645,0.00487645,0.00487645
103,203.607,7.31728,3.79236,1.631,0.00739,0.01208,0.00375,0.00081,8.44914,9.33604,1.79477,0.00487401,0.00487401,0.00487401
104,205.406,7.34002,3.53609,1.61425,0.00815,0.01332,0.00419,0.00093,8.42447,9.23466,1.77963,0.00487155,0.00487155,0.00487155
105,207.318,7.34291,3.72893,1.61009,0.00902,0.01455,0.00461,0.00095,8.34428,6.88517,1.75288,0.00486907,0.00486907,0.00486907
106,209.388,7.30542,3.41697,1.62905,0.01025,0.01675,0.00531,0.00113,8.13908,4.64228,1.69413,0.00486656,0.00486656,0.00486656
107,211.313,7.30697,3.5301,1.59712,0.01202,0.01963,0.00626,0.00125,8.09209,5.2414,1.67977,0.00486403,0.00486403,0.00486403
108,213.317,7.27661,3.46758,1.62771,0.01564,0.02375,0.00775,0.00159,7.91009,5.84473,1.63039,0.00486148,0.00486148,0.00486148
109,215.515,7.36537,3.53965,1.57941,0.01522,0.02416,0.00773,0.00163,7.82501,4.88422,1.60139,0.0048589,0.0048589,0.0048589
110,217.631,7.34223,3.50122,1.62374,0.01257,0.02004,0.00631,0.0013,7.97325,5.8047,1.65108,0.0048563,0.0048563,0.0048563
111,219.51,7.3009,3.75271,1.67424,0.01126,0.01785,0.00565,0.00118,8.05772,5.92129,1.67845,0.00485368,0.00485368,0.00485368
112,221.438,7.39285,3.5436,1.59547,0.01516,0.02403,0.0101,0.0019,7.8936,4.68069,1.62,0.00485103,0.00485103,0.00485103
113,223.348,7.32372,3.5391,1.59193,0.01535,0.02485,0.00957,0.00189,7.89451,4.09421,1.61888,0.00484837,0.00484837,0.00484837
114,225.402,7.40233,3.54258,1.6417,0.01464,0.02375,0.00851,0.00175,7.97558,3.95878,1.64458,0.00484568,0.00484568,0.00484568
115,227.551,7.61299,3.69168,1.56477,0.01573,0.02526,0.01042,0.00248,7.84499,5.12394,1.60625,0.00484296,0.00484296,0.00484296
116,229.906,7.34479,3.82225,1.65868,0.01639,0.02677,0.00889,0.00185,7.93533,3.59934,1.63639,0.00484022,0.00484022,0.00484022
117,231.577,7.07659,3.62348,1.68787,0.0137,0.02238,0.00751,0.00152,8.07357,3.50722,1.68079,0.00483746,0.00483746,0.00483746
118,233.487,7.41473,3.5422,1.67502,0.01143,0.01867,0.00588,0.00116,8.13369,3.94609,1.70227,0.00483468,0.00483468,0.00483468
119,235.445,7.3693,3.6488,1.63288,0.01202,0.01963,0.00631,0.00122,8.07934,3.86288,1.68804,0.00483188,0.00483188,0.00483188
120,237.785,7.4578,3.69508,1.56526,0.01782,0.0291,0.00935,0.00201,7.82408,3.41132,1.6009,0.00482905,0.00482905,0.00482905
121,239.792,7.25239,3.48687,1.61477,0.01706,0.02787,0.00905,0.002,7.81004,3.35737,1.59521,0.0048262,0.0048262,0.0048262
122,241.957,7.17159,3.55131,1.64374,0.01613,0.02636,0.00847,0.00175,7.9889,3.39877,1.64925,0.00482332,0.00482332,0.00482332
123,243.681,7.43233,3.61704,1.62575,0.01647,0.02691,0.00869,0.0018,7.94437,3.67031,1.63177,0.00482043,0.00482043,0.00482043
124,246.016,7.1568,3.41281,1.62098,0.01874,0.03062,0.00975,0.00223,7.76145,3.39149,1.57647,0.00481751,0.00481751,0.00481751
125,248.109,7.3851,3.58384,1.58541,0.02193,0.03583,0.01147,0.0025,7.61744,3.26166,1.53597,0.00481457,0.00481457,0.00481457
126,250.371,7.49083,3.52311,1.66615,0.01916,0.0313,0.00998,0.00224,7.70818,3.47107,1.55637,0.0048116,0.0048116,0.0048116
127,252.454,7.3265,3.60953,1.62347,0.01739,0.02842,0.00904,0.00201,7.78249,3.55088,1.58075,0.00480862,0.00480862,0.00480862
128,254.444,7.13799,3.50193,1.7075,0.01622,0.0265,0.00886,0.00196,7.76736,4.00146,1.58071,0.00480561,0.00480561,0.00480561
129,256.309,7.2894,3.52397,1.68478,0.01571,0.02567,0.00877,0.00194,7.77339,3.49262,1.58477,0.00480257,0.00480257,0.00480257
130,258.57,7.12399,3.41808,1.61012,0.01252,0.02046,0.00682,0.0015,7.87008,3.50512,1.61616,0.00479952,0.00479952,0.00479952
131,260.688,7.25071,3.43372,1.71767,0.01773,0.02897,0.01024,0.00224,7.70425,3.55139,1.56545,0.00479644,0.00479644,0.00479644
132,262.885,7.1246,3.50385,1.67518,0.01983,0.0324,0.0119,0.00241,7.74586,3.39943,1.57596,0.00479334,0.00479334,0.00479334
133,264.796,7.20503,3.48736,1.6538,0.02067,0.03377,0.01088,0.00237,7.642,3.49724,1.54111,0.00479022,0.00479022,0.00479022
134,266.722,7.47428,3.4826,1.62155,0.02286,0.03734,0.01434,0.0029,7.48927,3.75249,1.49959,0.00478708,0.00478708,0.00478708
135,268.775,7.30747,3.63567,1.59067,0.02345,0.0383,0.01247,0.00281,7.45813,3.41668,1.48472,0.00478391,0.00478391,0.00478391
136,270.877,7.12265,3.55281,1.64474,0.0221,0.03611,0.01167,0.00268,7.53797,3.49533,1.51024,0.00478072,0.00478072,0.00478072
137,272.758,7.33743,3.40462,1.60631,0.02277,0.0372,0.01208,0.00276,7.40956,3.54049,1.46414,0.00477751,0.00477751,0.00477751
138,274.825,7.2332,3.50173,1.56327,0.02538,0.04146,0.0136,0.00298,7.50166,3.56071,1.49874,0.00477428,0.00477428,0.00477428
139,276.876,7.20084,3.59135,1.61112,0.02555,0.04174,0.01492,0.00312,7.46212,3.54146,1.48477,0.00477102,0.00477102,0.00477102
140,278.914,7.18427,3.67827,1.60386,0.02622,0.04283,0.01376,0.00312,7.42017,3.25413,1.462,0.00476775,0.00476775,0.00476775
141,280.967,7.25719,3.34676,1.66259,0.02454,0.04009,0.01278,0.00293,7.40301,3.26866,1.45541,0.00476445,0.00476445,0.00476445
142,283.198,7.48505,3.41643,1.69117,0.02034,0.03322,0.01052,0.00237,7.41191,3.36106,1.45866,0.00476113,0.00476113,0.00476113
143,285.234,7.26462,3.61755,1.64702,0.01857,0.03034,0.00958,0.00223,7.42353,3.51467,1.45442,0.00475778,0.00475778,0.00475778
144,287.351,7.4047,3.46202,1.655,0.02294,0.03748,0.01208,0.00293,7.41885,3.3397,1.45327,0.00475442,0.00475442,0.00475442
145,289.34,7.38712,3.60829,1.65404,0.02529,0.04132,0.0133,0.00312,7.40301,3.30973,1.47138,0.00475103,0.00475103,0.00475103
146,291.581,7.18961,3.48017,1.54851,0.02269,0.03707,0.01234,0.0031,7.43101,3.42177,1.45347,0.00474762,0.00474762,0.00474762
147,293.508,7.2879,3.65184,1.68394,0.0184,0.03007,0.00948,0.00226,7.53136,3.53497,1.44153,0.00474419,0.00474419,0.00474419
148,295.608,7.22834,3.55546,1.5722,0.02176,0.03556,0.01155,0.00279,7.42716,3.40614,1.44532,0.00474073,0.00474073,0.00474073
149,297.517,7.26365,3.26146,1.61115,0.02521,0.04119,0.01326,0.00302,7.39377,3.34512,1.45816,0.00473726,0.00473726,0.00473726
150,299.572,7.32141,3.56324,1.73144,0.02151,0.03515,0.01132,0.00269,7.38972,3.60774,1.45701,0.00473376,0.00473376,0.00473376
151,301.53,7.27182,3.59399,1.56958,0.0216,0.03528,0.01138,0.00273,7.40103,3.54623,1.45286,0.00473024,0.00473024,0.00473024
152,303.615,7.28019,3.45018,1.59345,0.02319,0.03789,0.01223,0.00281,7.43187,3.68773,1.46681,0.0047267,0.0047267,0.0047267
153,305.56,7.26583,3.52251,1.55357,0.02412,0.0394,0.01273,0.00293,7.40063,3.57078,1.46412,0.00472314,0.00472314,0.00472314
154,307.915,7.30127,3.50978,1.59381,0.02176,0.03556,0.0115,0.00253,7.51571,4.04206,1.49755,0.00471955,0.00471955,0.00471955
155,309.893,7.41076,3.81229,1.73489,0.02361,0.03858,0.01238,0.00273,7.44799,3.74863,1.48445,0.00471595,0.00471595,0.00471595
156,311.942,7.44826,3.48267,1.59456,0.02387,0.03899,0.01265,0.00297,7.41027,3.49607,1.45245,0.00471232,0.00471232,0.00471232
157,313.709,7.3208,3.63612,1.5826,0.02504,0.04091,0.01333,0.00306,7.40467,3.33931,1.45971,0.00470867,0.00470867,0.00470867
158,315.732,7.33453,3.23879,1.58164,0.02101,0.03432,0.01101,0.00269,7.51277,3.35442,1.44233,0.004705,0.004705,0.004705
159,317.72,7.25688,3.44105,1.66814,0.02487,0.04064,0.01328,0.00305,7.43014,3.31062,1.45064,0.00470131,0.00470131,0.00470131
160,319.712,7.4359,3.31041,1.60394,0.02513,0.04105,0.01346,0.00304,7.45522,3.52256,1.46702,0.00469759,0.00469759,0.00469759
161,321.408,7.34158,3.32419,1.66991,0.02521,0.04119,0.01342,0.00308,7.45606,3.52811,1.47911,0.00469386,0.00469386,0.00469386
162,323.403,7.20794,3.5358,1.60028,0.02487,0.04064,0.01317,0.00306,7.46959,3.64543,1.47553,0.0046901,0.0046901,0.0046901
163,325.357,7.23218,3.34337,1.62793,0.02454,0.04009,0.01374,0.0031,7.41348,3.35907,1.47131,0.00468632,0.00468632,0.00468632
164,327.506,7.08656,3.40965,1.60835,0.02471,0.04036,0.01352,0.00306,7.42638,3.32974,1.47141,0.00468253,0.00468253,0.00468253
165,329.447,7.33513,3.56684,1.67991,0.02588,0.04228,0.01427,0.00314,7.43634,3.2363,1.47676,0.0046787,0.0046787,0.0046787
166,331.549,7.3375,3.50855,1.62237,0.02412,0.0394,0.01304,0.00296,7.47016,3.36345,1.45826,0.00467486,0.00467486,0.00467486
167,333.537,7.1125,3.37769,1.68044,0.02134,0.03487,0.01136,0.00279,7.51798,3.4596,1.46267,0.004671,0.004671,0.004671
168,335.432,7.39079,3.4854,1.61012,0.02306,0.03748,0.0126,0.00288,7.46697,3.50277,1.47906,0.00466712,0.00466712,0.00466712
169,337.469,7.2478,3.4671,1.64541,0.02336,0.03789,0.0126,0.00277,7.51378,3.56043,1.49928,0.00466321,0.00466321,0.00466321
170,339.092,7.30917,3.33553,1.54297,0.02336,0.03817,0.01243,0.00283,7.45803,3.38141,1.48901,0.00465928,0.00465928,0.00465928
171,341.082,7.40124,3.48667,1.54179,0.02319,0.03789,0.01219,0.00258,7.48453,3.49012,1.49722,0.00465534,0.00465534,0.00465534
172,342.991,7.2696,3.43935,1.54154,0.02462,0.04023,0.01308,0.00282,7.44988,3.3114,1.48746,0.00465137,0.00465137,0.00465137
173,344.728,7.39363,3.64525,1.60608,0.02487,0.04064,0.01365,0.00312,7.39233,3.29406,1.46096,0.00464738,0.00464738,0.00464738
174,346.859,7.21844,3.34952,1.54908,0.02521,0.04119,0.01399,0.00319,7.40676,3.3677,1.45173,0.00464337,0.00464337,0.00464337
175,348.926,7.22701,3.36389,1.60903,0.02529,0.04132,0.01436,0.00327,7.39313,3.29007,1.44781,0.00463934,0.00463934,0.00463934
176,351.155,7.34705,3.46764,1.75894,0.02588,0.04228,0.01394,0.00289,7.48424,3.27657,1.49395,0.00463528,0.00463528,0.00463528
177,352.987,7.06207,3.42633,1.75739,0.02723,0.04448,0.01608,0.00332,7.41839,3.26763,1.46929,0.00463121,0.00463121,0.00463121
178,355.2,7.12423,3.43283,1.62488,0.0242,0.03954,0.01291,0.00295,7.42745,3.386,1.46202,0.00462712,0.00462712,0.00462712
179,357,7.18226,3.3319,1.74109,0.02387,0.03899,0.01285,0.00294,7.4155,3.36887,1.46692,0.004623,0.004623,0.004623
180,358.957,7.04499,3.58183,1.68549,0.02462,0.04023,0.01319,0.00306,7.39331,3.26216,1.46446,0.00461887,0.00461887,0.00461887
181,361.153,7.35607,3.51192,1.61438,0.0242,0.03954,0.01322,0.00308,7.38534,3.3083,1.46381,0.00461471,0.00461471,0.00461471
182,363.13,7.26647,3.39027,1.59388,0.02546,0.0416,0.01376,0.00316,7.37576,3.29922,1.4491,0.00461054,0.00461054,0.00461054
183,365.182,7.2726,3.31789,1.61443,0.0258,0.04215,0.01402,0.00309,7.39409,3.25087,1.46734,0.00460634,0.00460634,0.00460634
184,367.218,7.36627,3.61116,1.56444,0.02454,0.04009,0.01324,0.00278,7.46969,3.27358,1.49314,0.00460212,0.00460212,0.00460212
185,369.193,7.09776,3.4213,1.65679,0.02345,0.0383,0.01257,0.00266,7.49008,3.36407,1.49903,0.00459788,0.00459788,0.00459788
186,371.39,7.19717,3.43684,1.66184,0.0242,0.03954,0.01402,0.00295,7.4027,3.44092,1.46163,0.00459362,0.00459362,0.00459362
187,373.491,7.21674,3.33579,1.74998,0.02437,0.03981,0.01305,0.00287,7.40473,3.59872,1.46784,0.00458934,0.00458934,0.00458934
188,375.687,7.2752,3.43149,1.65698,0.02403,0.03926,0.01343,0.00327,7.39901,3.55087,1.46423,0.00458504,0.00458504,0.00458504
189,377.626,7.12885,3.26796,1.68695,0.02412,0.0394,0.0177,0.00418,7.47571,3.56333,1.4958,0.00458072,0.00458072,0.00458072
190,379.95,7.27425,3.2433,1.65517,0.02286,0.03734,0.01342,0.00293,7.5017,3.34089,1.50012,0.00457638,0.00457638,0.00457638
191,382.033,7.16647,3.40508,1.59522,0.01748,0.02856,0.0091,0.00201,7.72292,3.3366,1.56238,0.00457202,0.00457202,0.00457202
192,384.053,7.27357,3.44772,1.62734,0.02269,0.03707,0.01252,0.00292,7.53884,3.30829,1.50795,0.00456764,0.00456764,0.00456764
193,385.772,7.30649,3.38813,1.62725,0.02571,0.04201,0.01402,0.00307,7.4745,3.25184,1.48421,0.00456324,0.00456324,0.00456324
194,387.779,7.44148,3.35527,1.55033,0.02479,0.0405,0.01342,0.00324,7.39378,3.22921,1.44833,0.00455882,0.00455882,0.00455882
195,389.721,7.26753,3.39888,1.6079,0.02605,0.04256,0.01454,0.00331,7.39429,3.22986,1.45733,0.00455438,0.00455438,0.00455438
196,391.647,7.18781,3.36352,1.55023,0.02311,0.03775,0.01263,0.00297,7.39878,3.25396,1.44722,0.00454992,0.00454992,0.00454992
197,393.43,7.24766,3.25958,1.68648,0.02496,0.04077,0.01449,0.00335,7.41438,3.30757,1.46189,0.00454544,0.00454544,0.00454544
198,395.626,7.33901,3.39094,1.60437,0.02437,0.03981,0.01314,0.00292,7.47264,3.32919,1.49418,0.00454094,0.00454094,0.00454094
199,397.85,7.26838,3.11997,1.56305,0.02479,0.0405,0.01316,0.00296,7.45412,3.40105,1.48118,0.00453642,0.00453642,0.00453642
200,399.934,7.39734,3.24719,1.6066,0.02513,0.04105,0.01347,0.00302,7.41655,3.45269,1.45074,0.00453188,0.00453188,0.00453188
201,401.988,7.26458,3.40278,1.64058,0.02479,0.0405,0.01322,0.00289,7.45197,3.40953,1.47814,0.00452732,0.00452732,0.00452732
202,404.155,7.30051,3.2922,1.5979,0.02555,0.04174,0.01516,0.00329,7.37836,3.2174,1.44912,0.00452274,0.00452274,0.00452274
203,406.399,7.09966,3.3243,1.58545,0.02395,0.03913,0.0129,0.00306,7.3865,3.27574,1.43678,0.00451814,0.00451814,0.00451814
204,408.342,7.25802,3.38311,1.5829,0.02529,0.04132,0.01365,0.00309,7.41421,3.18938,1.44307,0.00451352,0.00451352,0.00451352
205,410.411,7.04209,3.39009,1.65126,0.02319,0.03789,0.01229,0.0029,7.46554,3.25192,1.43042,0.00450888,0.00450888,0.00450888
206,412.557,7.14213,3.3036,1.59465,0.0216,0.03528,0.01144,0.00271,7.49597,3.27994,1.43045,0.00450422,0.00450422,0.00450422
207,414.692,7.2106,3.35283,1.57157,0.02571,0.04201,0.01419,0.00318,7.41719,3.19893,1.44803,0.00449954,0.00449954,0.00449954
208,416.65,7.22939,3.2762,1.52467,0.02563,0.04187,0.01458,0.00333,7.41741,3.19229,1.44846,0.00449484,0.00449484,0.00449484
209,418.544,7.04557,3.30595,1.66988,0.02597,0.04242,0.01625,0.00413,7.44025,3.15203,1.47594,0.00449013,0.00449013,0.00449013
210,420.837,7.23607,3.41392,1.55779,0.0242,0.03954,0.01313,0.00281,7.49296,3.23683,1.50107,0.00448539,0.00448539,0.00448539
211,422.857,7.38837,3.17678,1.58784,0.0242,0.03954,0.01309,0.00297,7.46521,3.22911,1.49196,0.00448063,0.00448063,0.00448063
212,425.149,7.16213,3.2259,1.53671,0.02513,0.04105,0.01356,0.00289,7.49732,3.25397,1.50126,0.00447586,0.00447586,0.00447586
213,427.394,7.24956,3.16186,1.57218,0.02529,0.04132,0.01848,0.00498,7.41944,3.2484,1.47101,0.00447106,0.00447106,0.00447106
214,429.446,7.12755,3.39816,1.56688,0.02546,0.0416,0.01477,0.0033,7.48322,3.22694,1.49642,0.00446625,0.00446625,0.00446625
215,431.293,7.33826,3.34666,1.57899,0.0258,0.04215,0.01406,0.00298,7.41199,3.1649,1.47119,0.00446142,0.00446142,0.00446142
216,433.322,7.33973,3.34696,1.66546,0.02294,0.03748,0.01333,0.00284,7.55141,3.24589,1.51579,0.00445657,0.00445657,0.00445657
217,435.239,7.22605,3.36266,1.6367,0.0242,0.03954,0.01528,0.0037,7.38151,3.23489,1.4489,0.00445169,0.00445169,0.00445169
218,437.279,7.25756,3.50166,1.53524,0.02303,0.03762,0.01247,0.00265,7.5429,3.22775,1.51168,0.0044468,0.0044468,0.0044468
219,439.267,7.20736,3.21751,1.59362,0.02345,0.0383,0.01278,0.00293,7.45762,3.2638,1.48527,0.0044419,0.0044419,0.0044419
220,441.484,7.23793,3.45563,1.64647,0.02252,0.03679,0.01216,0.00269,7.54278,3.28232,1.51628,0.00443697,0.00443697,0.00443697
221,443.414,7.26173,3.32174,1.56601,0.02639,0.04311,0.01417,0.00323,7.39197,3.27857,1.4639,0.00443202,0.00443202,0.00443202
222,445.709,7.29341,3.41397,1.58169,0.02303,0.03762,0.01232,0.00279,7.44658,3.30087,1.46973,0.00442705,0.00442705,0.00442705
223,447.734,7.23756,3.30405,1.58803,0.02412,0.0394,0.01298,0.00284,7.4735,3.25459,1.48889,0.00442207,0.00442207,0.00442207
224,449.92,7.26996,3.35396,1.68045,0.02655,0.04338,0.01456,0.00329,7.38869,3.21944,1.46278,0.00441707,0.00441707,0.00441707
225,451.82,7.22062,3.15257,1.68644,0.0242,0.03954,0.01305,0.0031,7.39026,3.2149,1.43756,0.00441205,0.00441205,0.00441205
226,454.063,7.04614,3.33813,1.72767,0.02235,0.03652,0.01187,0.00283,7.46068,3.23026,1.42852,0.004407,0.004407,0.004407
227,456.108,7.10802,3.41071,1.62492,0.02235,0.03652,0.01183,0.00279,7.47181,3.19959,1.43159,0.00440195,0.00440195,0.00440195
228,458.127,7.13734,3.39964,1.69469,0.02597,0.04242,0.01391,0.00304,7.42075,3.16014,1.43785,0.00439687,0.00439687,0.00439687
229,459.979,7.28172,3.29407,1.63563,0.02437,0.03981,0.01336,0.00303,7.43655,3.18873,1.43908,0.00439177,0.00439177,0.00439177
230,462.133,7.04484,3.24904,1.57487,0.02588,0.04228,0.01394,0.00314,7.44811,3.18048,1.48845,0.00438666,0.00438666,0.00438666
231,464.173,7.23727,3.2164,1.63982,0.02504,0.04091,0.0137,0.0032,7.4378,3.20096,1.48606,0.00438152,0.00438152,0.00438152
232,466.516,7.15951,3.51544,1.62734,0.02487,0.04064,0.01329,0.00301,7.43137,3.24825,1.48196,0.00437637,0.00437637,0.00437637
233,468.777,7.18478,3.13029,1.57224,0.02176,0.03556,0.01154,0.00261,7.58615,3.36206,1.52875,0.0043712,0.0043712,0.0043712
234,470.924,7.03119,3.31497,1.69899,0.0258,0.04215,0.01368,0.00322,7.39885,3.2996,1.44952,0.00436602,0.00436602,0.00436602
235,473.06,7.22464,3.1403,1.60682,0.02513,0.04105,0.01337,0.00291,7.44873,3.29445,1.48285,0.00436081,0.00436081,0.00436081
236,475.185,7.26988,3.14572,1.58462,0.01992,0.03254,0.01113,0.00257,7.67907,3.32108,1.55315,0.00435559,0.00435559,0.00435559
237,476.891,7.241,3.31662,1.66296,0.02412,0.0394,0.01439,0.00326,7.50783,3.20492,1.50478,0.00435034,0.00435034,0.00435034
238,478.984,7.30117,3.23719,1.66781,0.02353,0.03844,0.01269,0.00284,7.45621,3.20513,1.48735,0.00434508,0.00434508,0.00434508
239,480.949,7.32374,3.19066,1.53058,0.02361,0.03858,0.01745,0.00379,7.42905,3.17485,1.48425,0.00433981,0.00433981,0.00433981
240,482.883,7.35185,3.30113,1.53882,0.02126,0.03473,0.01133,0.00242,7.56992,3.15336,1.52331,0.00433451,0.00433451,0.00433451
241,484.903,7.28083,3.30711,1.64692,0.01941,0.03171,0.01029,0.00226,7.50247,3.21117,1.50821,0.0043292,0.0043292,0.0043292
242,486.848,7.45299,3.38114,1.56887,0.02437,0.03981,0.01337,0.00279,7.41739,3.26625,1.45151,0.00432387,0.00432387,0.00432387
243,488.889,7.18397,3.1064,1.62892,0.02513,0.04105,0.01342,0.00288,7.40975,3.09401,1.46841,0.00431852,0.00431852,0.00431852
244,490.772,7.24414,3.09932,1.52069,0.02538,0.04146,0.01363,0.003,7.44029,3.08523,1.49401,0.00431315,0.00431315,0.00431315
245,492.817,7.1432,3.3108,1.55802,0.02336,0.03817,0.01248,0.0027,7.48032,3.13112,1.50467,0.00430776,0.00430776,0.00430776
246,494.843,7.17044,3.08871,1.61274,0.0263,0.04297,0.01412,0.00342,7.36237,3.21091,1.45296,0.00430236,0.00430236,0.00430236
247,496.76,7.28652,3.09049,1.5088,0.02647,0.04325,0.01423,0.00332,7.37185,3.16131,1.47689,0.00429694,0.00429694,0.00429694
248,499.236,7.11967,3.39698,1.57573,0.02622,0.04283,0.01413,0.00309,7.45312,3.16378,1.49702,0.00429151,0.00429151,0.00429151
249,501.229,7.23093,3.22568,1.56722,0.02361,0.03858,0.01266,0.00273,7.52693,3.17732,1.51801,0.00428605,0.00428605,0.00428605
250,503.627,7.28411,3.17589,1.64602,0.02429,0.03968,0.01309,0.00278,7.55106,3.19466,1.52305,0.00428058,0.00428058,0.00428058
251,505.293,7.24402,3.43198,1.49887,0.02244,0.03666,0.01214,0.00263,7.55981,3.26886,1.52543,0.00427509,0.00427509,0.00427509
252,507.306,7.2522,3.35375,1.50533,0.02639,0.04311,0.0147,0.00316,7.45056,3.13764,1.49448,0.00426958,0.00426958,0.00426958
253,509.262,7.21702,3.19591,1.54133,0.02731,0.04462,0.01501,0.00335,7.39534,3.14702,1.47739,0.00426406,0.00426406,0.00426406
254,511.294,7.31262,3.14755,1.5479,0.02403,0.03926,0.01356,0.00297,7.46488,3.2148,1.50099,0.00425852,0.00425852,0.00425852
255,513.213,7.19159,3.18437,1.69656,0.02261,0.03693,0.01281,0.00291,7.54427,3.12755,1.52012,0.00425296,0.00425296,0.00425296
256,515.463,7.21761,3.20435,1.68189,0.0221,0.03611,0.01313,0.00323,7.58451,3.10603,1.5272,0.00424738,0.00424738,0.00424738
257,517.671,7.18105,3.18696,1.67136,0.02403,0.03926,0.0153,0.00303,7.51128,3.11309,1.50259,0.00424179,0.00424179,0.00424179
258,519.485,7.09774,3.17919,1.59628,0.0234,0.03817,0.01412,0.00283,7.5477,3.28396,1.51047,0.00423618,0.00423618,0.00423618
259,521.416,7.14308,3.32372,1.58225,0.02538,0.04146,0.01392,0.00289,7.51093,3.14425,1.49734,0.00423056,0.00423056,0.00423056
260,523.511,7.24035,3.13388,1.5726,0.02185,0.03569,0.0123,0.00252,7.64068,3.17638,1.54488,0.00422491,0.00422491,0.00422491
261,525.52,7.11813,3.12045,1.57579,0.02319,0.03789,0.01295,0.00279,7.57026,3.1124,1.5249,0.00421925,0.00421925,0.00421925
262,527.395,7.16372,3.18203,1.63094,0.02277,0.0372,0.01235,0.00271,7.59843,3.10994,1.53516,0.00421358,0.00421358,0.00421358
263,529.531,7.0664,3.03555,1.62971,0.02739,0.04476,0.01508,0.00338,7.38731,3.08467,1.47065,0.00420788,0.00420788,0.00420788
264,531.614,7.0965,3.16525,1.54928,0.02624,0.04215,0.01411,0.0029,7.48923,3.16927,1.49569,0.00420217,0.00420217,0.00420217
265,533.349,7.33149,3.33783,1.54879,0.0258,0.04215,0.01405,0.00293,7.5069,3.13695,1.49917,0.00419645,0.00419645,0.00419645
266,535.406,7.42512,3.20478,1.55964,0.02723,0.04448,0.01495,0.00321,7.41008,3.14869,1.46808,0.00419071,0.00419071,0.00419071
267,537.417,7.04079,3.03488,1.54437,0.02714,0.04434,0.01489,0.00332,7.38129,3.16301,1.43428,0.00418495,0.00418495,0.00418495
268,539.449,7.13497,3.23126,1.64617,0.02916,0.04764,0.01647,0.00354,7.35116,3.09507,1.45134,0.00417917,0.00417917,0.00417917
269,541.625,7.22098,3.16305,1.65205,0.02731,0.04462,0.01506,0.0034,7.39677,3.12601,1.43043,0.00417338,0.00417338,0.00417338
270,543.883,7.26044,3.11128,1.53053,0.02798,0.04572,0.01553,0.00348,7.35963,3.1202,1.43611,0.00416757,0.00416757,0.00416757
271,546.029,7.26629,3.26542,1.52742,0.02538,0.04146,0.0141,0.00302,7.4681,3.11874,1.4834,0.00416175,0.00416175,0.00416175
272,547.724,7.17175,3.18745,1.61572,0.02471,0.04036,0.0135,0.00289,7.484,3.09341,1.48754,0.00415591,0.00415591,0.00415591
273,549.626,7.07944,3.21119,1.56874,0.02773,0.0453,0.01544,0.00339,7.39001,3.07066,1.45407,0.00415005,0.00415005,0.00415005
274,551.815,7.37704,3.20714,1.62763,0.02714,0.04434,0.015,0.00328,7.36671,3.05748,1.46387,0.00414418,0.00414418,0.00414418
275,553.905,7.15931,3.14231,1.6209,0.02193,0.03583,0.01173,0.00247,7.5863,3.19589,1.53344,0.00413829,0.00413829,0.00413829
276,555.697,7.15985,3.01717,1.59903,0.02672,0.04366,0.0148,0.00316,7.39023,3.06286,1.47016,0.00413238,0.00413238,0.00413238
277,557.507,7.09827,3.24486,1.62665,0.02521,0.04119,0.01368,0.00292,7.45797,3.08218,1.49128,0.00412646,0.00412646,0.00412646
278,559.582,7.2875,2.95853,1.62022,0.02387,0.03899,0.01345,0.00296,7.55014,3.07774,1.51871,0.00412053,0.00412053,0.00412053
279,561.637,7.15423,3.07961,1.57279,0.02445,0.03995,0.01386,0.00316,7.49498,3.07279,1.50432,0.00411458,0.00411458,0.00411458
280,563.937,7.05276,3.05495,1.63107,0.02546,0.0416,0.01478,0.00311,7.49401,3.10354,1.50159,0.00410861,0.00410861,0.00410861
281,565.988,7.14766,3.12957,1.59664,0.02622,0.04283,0.01523,0.00336,7.51653,3.09321,1.50847,0.00410262,0.00410262,0.00410262
282,568.249,7.16872,3.0742,1.68784,0.0284,0.0464,0.01625,0.00375,7.33442,3.04819,1.45106,0.00409663,0.00409663,0.00409663
283,570.311,7.12612,3.09515,1.48879,0.02832,0.04627,0.01574,0.00351,7.32538,3.05488,1.43956,0.00409061,0.00409061,0.00409061
284,572.542,7.1243,3.0346,1.66412,0.02639,0.04311,0.01447,0.00299,7.45559,3.0669,1.48268,0.00408458,0.00408458,0.00408458
285,574.565,7.20462,3.20597,1.60144,0.02381,0.03817,0.01302,0.00281,7.49897,3.08779,1.49735,0.00407854,0.00407854,0.00407854
286,576.683,7.16365,3.05068,1.5799,0.02597,0.04242,0.01565,0.00331,7.38832,3.03973,1.46714,0.00407248,0.00407248,0.00407248
287,578.768,7.30055,2.99254,1.56468,0.02807,0.04585,0.01618,0.00355,7.3279,3.04555,1.44891,0.0040664,0.0040664,0.0040664
288,580.79,7.33838,3.04939,1.62965,0.02706,0.04421,0.0152,0.00347,7.33297,3.0462,1.44974,0.00406031,0.00406031,0.00406031
289,582.876,7.20521,3.06906,1.5291,0.0279,0.04558,0.01565,0.00344,7.35186,3.04792,1.45534,0.0040542,0.0040542,0.0040542
290,584.915,7.181,3.0438,1.70966,0.02504,0.04091,0.01389,0.00307,7.43071,3.04109,1.48286,0.00404808,0.00404808,0.00404808
291,586.758,7.23339,2.96489,1.58809,0.0279,0.04558,0.01533,0.00344,7.36027,3.07669,1.44058,0.00404194,0.00404194,0.00404194
292,588.828,7.25296,3.00999,1.55968,0.02739,0.04476,0.0154,0.00345,7.35863,3.05367,1.45486,0.00403579,0.00403579,0.00403579
293,590.897,7.26736,3.12653,1.62647,0.02874,0.04695,0.01608,0.00356,7.35105,3.09401,1.43549,0.00402963,0.00402963,0.00402963
294,593.156,7.21208,3.03523,1.57519,0.02739,0.04476,0.01522,0.00347,7.35478,3.07422,1.44282,0.00402345,0.00402345,0.00402345
295,595.191,7.18253,3.09714,1.64359,0.02513,0.04105,0.01389,0.00309,7.42608,3.06761,1.47155,0.00401725,0.00401725,0.00401725
296,597.246,7.29054,3.17232,1.51811,0.02681,0.04379,0.01479,0.00338,7.35391,3.09797,1.43806,0.00401104,0.00401104,0.00401104
297,599.063,7.23277,3.03931,1.52973,0.02807,0.04585,0.01558,0.00345,7.352,3.11355,1.45303,0.00400481,0.00400481,0.00400481
298,601.292,7.09532,2.98132,1.64401,0.0284,0.0464,0.01574,0.00345,7.36489,3.08909,1.45317,0.00399858,0.00399858,0.00399858
299,603.329,7.18285,3.08647,1.49264,0.02597,0.04242,0.01428,0.00319,7.39341,3.11428,1.43904,0.00399232,0.00399232,0.00399232
300,605.495,7.27312,3.04864,1.61632,0.02672,0.04366,0.01501,0.00315,7.44527,3.05485,1.48338,0.00398605,0.00398605,0.00398605
301,607.468,7.09631,3.34934,1.5688,0.02605,0.04256,0.01473,0.00322,7.45682,3.09728,1.48915,0.00397977,0.00397977,0.00397977
302,609.554,7.1477,3.12446,1.59606,0.02798,0.04572,0.01644,0.00369,7.41594,3.06792,1.48217,0.00397347,0.00397347,0.00397347
303,611.431,7.27012,3.03725,1.63562,0.02832,0.04627,0.01635,0.00365,7.37693,3.04836,1.46446,0.00396716,0.00396716,0.00396716
304,613.344,7.23155,3.0068,1.70885,0.02924,0.04778,0.01717,0.00384,7.36799,3.08262,1.45899,0.00396083,0.00396083,0.00396083
305,615.255,6.93938,3.1932,1.56709,0.02849,0.04654,0.02054,0.0044,7.35776,3.10396,1.45548,0.00395449,0.00395449,0.00395449
306,617.388,7.15197,3.02578,1.67805,0.02723,0.04448,0.01976,0.00469,7.41614,3.02369,1.48466,0.00394814,0.00394814,0.00394814
307,619.411,7.15395,3.09726,1.60944,0.02832,0.04627,0.02045,0.00483,7.37913,3.05828,1.47046,0.00394177,0.00394177,0.00394177
308,621.641,6.97448,3.04024,1.60996,0.02723,0.04448,0.01976,0.00473,7.44554,3.11237,1.4898,0.00393539,0.00393539,0.00393539
309,623.823,7.25685,3.0684,1.52921,0.03,0.04901,0.02133,0.00507,7.39539,3.08866,1.46834,0.00392899,0.00392899,0.00392899
310,625.799,7.398,2.96893,1.59887,0.02824,0.04613,0.02034,0.00475,7.47164,3.1309,1.48836,0.00392258,0.00392258,0.00392258
311,627.898,7.21606,3.11034,1.63403,0.02849,0.04654,0.0171,0.00364,7.44386,3.05528,1.47901,0.00391616,0.00391616,0.00391616
312,630.002,7.32687,2.96726,1.57046,0.02798,0.04572,0.01756,0.00377,7.39453,3.06845,1.46381,0.00390972,0.00390972,0.00390972
313,631.852,7.23149,2.93407,1.5751,0.02891,0.04723,0.01733,0.00365,7.38959,3.11315,1.46138,0.00390327,0.00390327,0.00390327
314,633.885,7.1843,3.0545,1.55779,0.02739,0.04476,0.016,0.00358,7.42699,3.10379,1.4797,0.0038968,0.0038968,0.0038968
315,636.155,7.05198,3.02803,1.60568,0.02899,0.04736,0.02067,0.00479,7.4172,3.16348,1.47282,0.00389032,0.00389032,0.00389032
316,638.115,7.19299,3.13363,1.61024,0.02731,0.04462,0.0198,0.00464,7.40289,3.1545,1.46682,0.00388383,0.00388383,0.00388383
317,640.233,7.03087,3.04093,1.60037,0.02655,0.04338,0.01935,0.00503,7.45935,3.17803,1.48729,0.00387733,0.00387733,0.00387733
318,642.4,7.11903,3.20849,1.60312,0.02655,0.04338,0.01939,0.00505,7.46752,3.15995,1.49292,0.00387081,0.00387081,0.00387081
319,644.454,7.18332,3.03693,1.54141,0.02891,0.04723,0.01703,0.0038,7.3799,3.19372,1.45862,0.00386428,0.00386428,0.00386428
320,646.507,7.20351,2.91135,1.59544,0.02361,0.03858,0.01302,0.00296,7.58049,3.08019,1.52868,0.00385773,0.00385773,0.00385773
321,648.544,7.29428,3.15235,1.59917,0.02387,0.03899,0.01334,0.00309,7.55825,3.17927,1.52091,0.00385117,0.00385117,0.00385117
322,650.756,7.14678,2.92955,1.61693,0.02874,0.04695,0.01832,0.00404,7.43422,3.16482,1.48127,0.0038446,0.0038446,0.0038446
323,652.791,7.21441,3.04974,1.65258,0.02983,0.04874,0.01887,0.00406,7.38192,3.20904,1.45917,0.00383802,0.00383802,0.00383802
324,654.94,7.3034,3.13766,1.56724,0.02866,0.04681,0.01818,0.00392,7.45286,3.1583,1.49059,0.00383142,0.00383142,0.00383142
325,656.852,7.04549,3.20347,1.62565,0.02874,0.04695,0.01729,0.00355,7.40655,3.10795,1.47026,0.00382481,0.00382481,0.00382481
326,659.003,7.21339,3.02695,1.52577,0.02916,0.04764,0.01687,0.00359,7.41799,3.07018,1.47831,0.00381818,0.00381818,0.00381818
327,661.118,7.22908,2.93593,1.57575,0.02664,0.04352,0.01504,0.00323,7.46326,3.05245,1.49485,0.00381155,0.00381155,0.00381155
328,663.238,7.06652,3.00247,1.57471,0.03134,0.05121,0.01831,0.0039,7.3576,3.07979,1.46158,0.0038049,0.0038049,0.0038049
329,665.419,7.19922,3.00727,1.5013,0.03034,0.04956,0.0176,0.00382,7.37528,3.05361,1.46625,0.00379824,0.00379824,0.00379824
330,667.487,7.19724,3.03485,1.54992,0.02412,0.0394,0.01381,0.00324,7.50555,3.00789,1.50583,0.00379156,0.00379156,0.00379156
331,669.544,7.23687,2.93795,1.64449,0.02571,0.04201,0.01524,0.00339,7.47799,3.01127,1.49716,0.00378488,0.00378488,0.00378488
332,671.648,7.02967,3.07377,1.64226,0.02471,0.04036,0.01463,0.00339,7.49025,3.07343,1.50566,0.00377818,0.00377818,0.00377818
333,673.431,7.15185,3.11786,1.57679,0.0279,0.04558,0.01615,0.00355,7.38515,3.13373,1.47199,0.00377147,0.00377147,0.00377147
334,675.612,7.23702,3.05591,1.54386,0.02933,0.04791,0.01718,0.00368,7.38435,3.00128,1.47768,0.00376474,0.00376474,0.00376474
335,677.602,7.13967,3.02997,1.61397,0.02992,0.04887,0.01744,0.00377,7.35108,3.06126,1.44459,0.00375801,0.00375801,0.00375801
336,679.673,6.99725,2.91829,1.59562,0.02924,0.04778,0.01651,0.00351,7.34427,3.12869,1.45396,0.00375126,0.00375126,0.00375126
337,681.789,7.13255,3.03511,1.61943,0.02908,0.0475,0.01683,0.00363,7.35082,2.9697,1.45315,0.0037445,0.0037445,0.0037445
338,683.698,7.1053,2.94179,1.57172,0.02731,0.04462,0.01525,0.00324,7.38699,3.10974,1.47325,0.00373773,0.00373773,0.00373773
339,685.863,7.20743,2.98511,1.60984,0.02496,0.04077,0.01406,0.0031,7.47304,3.08274,1.50762,0.00373094,0.00373094,0.00373094
340,687.664,7.14199,2.98913,1.61046,0.0284,0.0464,0.01602,0.00337,7.34143,3.01804,1.45952,0.00372415,0.00372415,0.00372415
341,689.639,7.11852,2.8913,1.60455,0.02588,0.04228,0.01449,0.00302,7.44323,2.99891,1.49353,0.00371734,0.00371734,0.00371734
342,691.885,7.20969,2.88231,1.58529,0.0295,0.04819,0.01707,0.00357,7.34039,3.02021,1.44501,0.00371052,0.00371052,0.00371052
343,694.113,7.24998,2.97175,1.51712,0.02857,0.04668,0.01653,0.0034,7.34816,2.98345,1.45724,0.00370369,0.00370369,0.00370369
344,696.071,6.98709,2.94377,1.689,0.02975,0.0486,0.01718,0.00364,7.32812,3.01575,1.44864,0.00369685,0.00369685,0.00369685
345,697.961,7.07465,2.95078,1.53918,0.03059,0.04997,0.01753,0.00372,7.31453,3.01506,1.44308,0.00368999,0.00368999,0.00368999
346,700.143,7.21721,2.92933,1.6505,0.02916,0.04764,0.01678,0.00334,7.32299,3.09802,1.45445,0.00368313,0.00368313,0.00368313
347,702.243,7.04295,2.92626,1.67269,0.02697,0.04407,0.01504,0.00305,7.40672,3.10093,1.48541,0.00367625,0.00367625,0.00367625
348,704.187,7.27373,2.87014,1.54186,0.02882,0.04709,0.01622,0.00347,7.34666,3.04165,1.44166,0.00366936,0.00366936,0.00366936
349,706.145,7.23448,2.93589,1.57738,0.03046,0.0453,0.01598,0.00341,7.35068,2.95876,1.44705,0.00366246,0.00366246,0.00366246
350,708.33,7.03194,2.80364,1.54205,0.02761,0.04366,0.01533,0.00308,7.44008,2.96097,1.49393,0.00365555,0.00365555,0.00365555
351,710.21,7.16274,2.84701,1.68494,0.02821,0.04489,0.01575,0.0032,7.37345,2.95011,1.47189,0.00364863,0.00364863,0.00364863
352,712.275,7.1609,2.84334,1.63505,0.02689,0.04393,0.01515,0.00311,7.46395,2.95339,1.50102,0.00364169,0.00364169,0.00364169
353,714.187,7.03955,2.8684,1.61821,0.02739,0.04476,0.01549,0.00327,7.41845,2.98118,1.48752,0.00363475,0.00363475,0.00363475
354,716.434,7.06787,2.88181,1.71857,0.02672,0.04366,0.01548,0.00322,7.53229,2.94832,1.52611,0.00362779,0.00362779,0.00362779
355,718.471,7.18998,2.88602,1.54786,0.02798,0.04572,0.01601,0.00345,7.43672,2.97803,1.50181,0.00362083,0.00362083,0.00362083
356,720.669,7.0448,2.90131,1.58709,0.02941,0.04805,0.0168,0.00353,7.40172,2.9361,1.49064,0.00361385,0.00361385,0.00361385
357,722.31,7.12507,2.85022,1.57388,0.02882,0.04709,0.01641,0.00352,7.38136,3.01802,1.48143,0.00360686,0.00360686,0.00360686
358,724.508,7.04639,2.82167,1.66728,0.0284,0.0464,0.01651,0.00345,7.41455,2.91547,1.49709,0.00359986,0.00359986,0.00359986
359,726.576,7.08294,2.88631,1.55825,0.0305,0.04984,0.01733,0.00366,7.33536,2.93891,1.45814,0.00359285,0.00359285,0.00359285
360,728.629,7.13498,2.90959,1.5485,0.03109,0.0508,0.01882,0.00391,7.39294,2.92862,1.48749,0.00358583,0.00358583,0.00358583
361,730.697,7.15719,2.92529,1.49745,0.03118,0.05093,0.01778,0.00389,7.3374,2.92427,1.46542,0.0035788,0.0035788,0.0035788
362,732.626,7.07297,2.87212,1.6164,0.02303,0.03762,0.01268,0.00278,7.58196,3.3021,1.54136,0.00357176,0.00357176,0.00357176
363,734.961,7.28229,2.78551,1.57901,0.02748,0.04489,0.01626,0.00335,7.42536,3.0289,1.49565,0.00356471,0.00356471,0.00356471
364,736.864,7.06475,2.81704,1.56831,0.03168,0.05176,0.01821,0.00399,7.30762,2.90475,1.45241,0.00355765,0.00355765,0.00355765
365,738.894,6.91027,2.8678,1.63758,0.03193,0.05217,0.01827,0.00394,7.31559,2.894,1.45854,0.00355058,0.00355058,0.00355058
366,740.813,7.11682,2.96029,1.5305,0.03151,0.05148,0.01795,0.00397,7.29723,2.91453,1.45282,0.0035435,0.0035435,0.0035435
367,742.607,6.99473,2.80378,1.57764,0.03131,0.04984,0.01745,0.0038,7.30038,2.90465,1.44649,0.00353641,0.00353641,0.00353641
368,744.654,6.99946,2.8715,1.55276,0.03185,0.05203,0.01821,0.00384,7.31452,2.89126,1.4556,0.0035293,0.0035293,0.0035293
369,746.86,6.92022,2.72406,1.60653,0.03134,0.05121,0.01792,0.00393,7.32122,2.90978,1.44397,0.00352219,0.00352219,0.00352219
370,748.937,7.204,2.79357,1.54929,0.02849,0.04654,0.01653,0.00356,7.34885,2.99645,1.47531,0.00351507,0.00351507,0.00351507
371,750.777,6.92167,2.83104,1.69438,0.02983,0.04874,0.01757,0.00376,7.30302,2.93314,1.46072,0.00350794,0.00350794,0.00350794
372,752.617,7.01713,2.65288,1.56895,0.03101,0.05066,0.0177,0.00394,7.31742,2.97109,1.4468,0.0035008,0.0035008,0.0035008
373,754.646,6.97497,2.75056,1.5483,0.02966,0.04846,0.0172,0.00384,7.39011,2.96724,1.43867,0.00349365,0.00349365,0.00349365
374,757.026,6.99198,2.65694,1.61076,0.03,0.04901,0.01723,0.00385,7.39156,3.0363,1.43959,0.00348649,0.00348649,0.00348649
375,759.024,6.96165,2.66491,1.57811,0.03168,0.05176,0.01839,0.00429,7.32094,2.9773,1.45119,0.00347932,0.00347932,0.00347932
376,761.152,6.828,2.8323,1.68884,0.03294,0.05382,0.01926,0.00418,7.28438,2.96208,1.45917,0.00347214,0.00347214,0.00347214
377,763.128,6.8855,2.74359,1.65627,0.03193,0.05217,0.01877,0.0042,7.32616,3.03757,1.44237,0.00346495,0.00346495,0.00346495
378,765.259,6.97662,2.68182,1.63533,0.03244,0.05299,0.01887,0.00417,7.26971,2.94645,1.46264,0.00345776,0.00345776,0.00345776
379,767.318,7.08241,2.62818,1.61472,0.03328,0.05437,0.02011,0.00438,7.30462,2.99704,1.45217,0.00345055,0.00345055,0.00345055
380,769.413,6.88967,2.70595,1.52623,0.03244,0.05299,0.02079,0.0047,7.32802,3.04923,1.4458,0.00344333,0.00344333,0.00344333
381,771.302,6.90965,2.72866,1.71655,0.03361,0.05491,0.02157,0.00454,7.31609,3.06466,1.44436,0.00343611,0.00343611,0.00343611
382,773.442,6.88731,2.57759,1.64058,0.02992,0.04887,0.01658,0.00348,7.34202,3.36747,1.46917,0.00342887,0.00342887,0.00342887
383,775.552,6.70549,2.65269,1.63455,0.03277,0.05354,0.01963,0.00417,7.30705,3.10601,1.44543,0.00342163,0.00342163,0.00342163
384,777.52,6.90478,2.76501,1.63869,0.03311,0.05409,0.02375,0.00468,7.29234,3.13603,1.44193,0.00341438,0.00341438,0.00341438
385,779.533,7.03974,2.66271,1.51947,0.03193,0.05217,0.01875,0.00403,7.28456,3.22025,1.44589,0.00340712,0.00340712,0.00340712
386,781.883,6.78531,2.61267,1.55254,0.03328,0.05437,0.02212,0.00492,7.23872,3.21303,1.45199,0.00339985,0.00339985,0.00339985
387,783.834,6.90441,2.65669,1.55825,0.03252,0.05313,0.0207,0.00443,7.25636,3.26055,1.45686,0.00339257,0.00339257,0.00339257
388,786.087,6.84304,2.6299,1.6458,0.0337,0.05505,0.02226,0.00489,7.26776,3.12669,1.47874,0.00338529,0.00338529,0.00338529
389,787.865,6.82694,2.54364,1.55435,0.03311,0.05409,0.02203,0.00485,7.27165,3.10425,1.47961,0.00337799,0.00337799,0.00337799
390,789.846,6.77416,2.53586,1.54009,0.03328,0.05437,0.02267,0.00497,7.27364,3.02255,1.4827,0.00337069,0.00337069,0.00337069
391,791.702,6.91573,2.60307,1.48154,0.03437,0.05615,0.0233,0.00499,7.29331,3.00283,1.49194,0.00336338,0.00336338,0.00336338
392,793.605,6.89587,2.60462,1.52129,0.03555,0.05807,0.02367,0.00529,7.27886,3.01563,1.49456,0.00335606,0.00335606,0.00335606
393,795.412,6.77847,2.5941,1.52273,0.03546,0.05794,0.02415,0.00515,7.29727,2.97202,1.5019,0.00334873,0.00334873,0.00334873
394,797.363,6.47416,2.4345,1.44207,0.03672,0.05999,0.02414,0.00547,7.26728,2.97261,1.50256,0.00334139,0.00334139,0.00334139
395,799.393,6.74607,2.56805,1.53872,0.03782,0.06178,0.02386,0.00521,7.23757,3.04354,1.49134,0.00333405,0.00333405,0.00333405
396,801.694,6.72965,2.41061,1.48821,0.03193,0.05217,0.01991,0.00441,7.37202,3.41484,1.50525,0.0033267,0.0033267,0.0033267
397,803.695,6.55792,2.53791,1.48045,0.04025,0.06576,0.0245,0.0056,7.18669,3.16555,1.47046,0.00331934,0.00331934,0.00331934
398,805.759,6.80482,2.48284,1.51187,0.04235,0.06919,0.02599,0.00572,7.14572,3.09745,1.45287,0.00331197,0.00331197,0.00331197
399,807.806,6.69677,2.58783,1.56447,0.04193,0.06851,0.02559,0.00542,7.15947,3.18657,1.4397,0.00330459,0.00330459,0.00330459
400,810.042,6.73735,2.52865,1.49476,0.04387,0.07166,0.02748,0.00603,7.11842,3.06162,1.43878,0.00329721,0.00329721,0.00329721
401,812.027,6.74066,2.56054,1.47285,0.04294,0.07015,0.02749,0.00637,7.12478,3.09564,1.4394,0.00328982,0.00328982,0.00328982
402,814.484,6.51638,2.47651,1.57513,0.04538,0.07414,0.02877,0.00638,7.06843,2.93992,1.44276,0.00328242,0.00328242,0.00328242
403,816.467,6.52071,2.38608,1.58359,0.04655,0.07606,0.0295,0.0066,7.02154,3.03712,1.43873,0.00327501,0.00327501,0.00327501
404,818.53,6.66974,2.56166,1.5588,0.04765,0.07784,0.03156,0.00693,6.98117,2.8217,1.44935,0.0032676,0.0032676,0.0032676
405,820.531,6.28337,2.53942,1.45704,0.04815,0.07867,0.03168,0.00699,6.96792,2.86356,1.44309,0.00326018,0.00326018,0.00326018
406,822.926,6.43709,2.47413,1.53236,0.04975,0.08127,0.0333,0.00727,6.93336,2.7578,1.43731,0.00325275,0.00325275,0.00325275
407,824.924,6.56315,2.51479,1.46291,0.04992,0.08155,0.03371,0.00736,6.92825,2.7334,1.43489,0.00324531,0.00324531,0.00324531
408,826.953,6.44633,2.37659,1.47563,0.04983,0.08141,0.03585,0.00814,6.89863,2.71076,1.43361,0.00323787,0.00323787,0.00323787
409,829.014,6.41987,2.40086,1.53637,0.04655,0.07606,0.03432,0.00884,7.01622,2.7664,1.45115,0.00323042,0.00323042,0.00323042
410,831.154,6.51232,2.37658,1.45943,0.05151,0.08416,0.03882,0.0094,6.90335,2.71255,1.45067,0.00322297,0.00322297,0.00322297
411,833.393,6.42096,2.30824,1.51012,0.05076,0.08292,0.03793,0.01012,6.91303,2.74026,1.44008,0.0032155,0.0032155,0.0032155
412,835.375,6.56952,2.35818,1.52877,0.04597,0.0751,0.03088,0.00661,7.04216,2.94227,1.4556,0.00320803,0.00320803,0.00320803
413,837.311,6.3349,2.41774,1.50811,0.05689,0.09294,0.04298,0.01069,6.7946,2.71392,1.42813,0.00320056,0.00320056,0.00320056
414,839.327,6.1213,2.23706,1.48438,0.05798,0.09473,0.04385,0.0119,6.79954,2.68,1.42798,0.00319307,0.00319307,0.00319307
415,841.214,6.44707,2.3916,1.48037,0.06017,0.0983,0.04607,0.01118,6.79608,2.73184,1.42586,0.00318558,0.00318558,0.00318558
416,843.087,6.41058,2.48573,1.50951,0.05672,0.09267,0.04331,0.01178,6.78727,2.67261,1.41251,0.00317809,0.00317809,0.00317809
417,845.102,6.34631,2.30212,1.50079,0.05866,0.09583,0.04439,0.01059,6.78613,2.64392,1.41488,0.00317058,0.00317058,0.00317058
418,847.182,6.28314,2.26788,1.4764,0.05571,0.09102,0.04078,0.00931,6.84001,2.77281,1.40731,0.00316307,0.00316307,0.00316307
419,848.942,6.412,2.35924,1.4661,0.05941,0.09706,0.04382,0.01004,6.79708,2.78644,1.41292,0.00315556,0.00315556,0.00315556
420,851.18,6.24931,2.3041,1.47966,0.05479,0.08951,0.03973,0.00876,6.84969,2.79082,1.39847,0.00314804,0.00314804,0.00314804
421,853.162,6.33065,2.26429,1.46689,0.06126,0.10008,0.04646,0.01134,6.74223,2.70203,1.40047,0.00314051,0.00314051,0.00314051
422,855.208,6.17457,2.20462,1.48398,0.05126,0.08375,0.03708,0.0086,6.92767,2.79368,1.41039,0.00313297,0.00313297,0.00313297
423,857.316,6.3118,2.38439,1.53285,0.05437,0.08882,0.04015,0.00876,6.86325,2.72459,1.39546,0.00312543,0.00312543,0.00312543
424,859.695,6.13151,2.32543,1.491,0.06277,0.10255,0.04835,0.01131,6.70053,2.61648,1.39671,0.00311789,0.00311789,0.00311789
425,861.678,6.45108,2.33052,1.56049,0.05,0.08169,0.03352,0.00788,6.91142,2.74743,1.41693,0.00311034,0.00311034,0.00311034
426,863.931,6.31919,2.40583,1.55927,0.07892,0.10667,0.05368,0.01324,6.62818,2.51951,1.40791,0.00310278,0.00310278,0.00310278
427,865.899,6.24039,2.27706,1.48867,0.07469,0.10791,0.05392,0.01407,6.61982,2.51324,1.40927,0.00309521,0.00309521,0.00309521
428,868.056,6.16466,2.22703,1.51218,0.06559,0.10214,0.04825,0.01231,6.67796,2.5511,1.40212,0.00308764,0.00308764,0.00308764
429,870.102,6.02389,2.14872,1.42936,0.07987,0.11052,0.05392,0.01464,6.58468,2.46269,1.39435,0.00308007,0.00308007,0.00308007
430,872.118,6.5015,2.44209,1.43172,0.06303,0.10297,0.04695,0.01169,6.71994,2.56912,1.39384,0.00307249,0.00307249,0.00307249
431,874.228,6.32678,2.24953,1.4865,0.07239,0.10791,0.05149,0.01447,6.63852,2.50745,1.39918,0.0030649,0.0030649,0.0030649
432,876.308,6.244,2.32778,1.50811,0.05981,0.09569,0.04286,0.00962,6.76445,2.6069,1.40853,0.00305731,0.00305731,0.00305731
433,878.307,6.2647,2.24841,1.47389,0.09198,0.10242,0.05634,0.01582,6.61537,2.44085,1.40454,0.00304972,0.00304972,0.00304972
434,880.45,6.31639,2.25315,1.44931,0.11258,0.10379,0.06191,0.01569,6.56736,2.39946,1.40107,0.00304212,0.00304212,0.00304212
435,882.544,6.23049,2.32834,1.47149,0.09307,0.10736,0.05724,0.01461,6.56567,2.4091,1.39211,0.00303451,0.00303451,0.00303451
436,884.605,6.11914,2.25925,1.462,0.11713,0.09885,0.06109,0.01553,6.5799,2.38043,1.40748,0.0030269,0.0030269,0.0030269
437,886.667,6.06231,2.23038,1.52779,0.08068,0.10846,0.05381,0.01295,6.64265,2.47719,1.41284,0.00301928,0.00301928,0.00301928
438,888.688,6.23704,2.32105,1.47417,0.09423,0.11546,0.05952,0.0143,6.54837,2.44059,1.39534,0.00301166,0.00301166,0.00301166
439,890.699,6.20731,2.19296,1.43702,0.10306,0.11643,0.06303,0.01585,6.52912,2.38496,1.39542,0.00300403,0.00300403,0.00300403
440,892.81,5.83966,2.15178,1.42228,0.0934,0.12383,0.06321,0.01525,6.50859,2.42581,1.39375,0.0029964,0.0029964,0.0029964
441,894.921,6.09067,2.174,1.50062,0.10807,0.12095,0.06575,0.01601,6.47537,2.39841,1.3898,0.00298877,0.00298877,0.00298877
442,897.172,6.30398,2.22877,1.45575,0.11849,0.11848,0.06805,0.01655,6.44762,2.34315,1.38631,0.00298113,0.00298113,0.00298113
443,899.376,6.06032,2.1975,1.42606,0.12256,0.11175,0.06722,0.01626,6.49005,2.34346,1.39314,0.00297348,0.00297348,0.00297348
444,901.36,6.11847,2.31466,1.49451,0.09325,0.10969,0.05535,0.01263,6.63601,2.46349,1.41216,0.00296584,0.00296584,0.00296584
445,903.453,5.9933,2.19936,1.37028,0.07801,0.11312,0.05377,0.01204,6.65968,2.51347,1.41216,0.00295818,0.00295818,0.00295818
446,905.672,6.08142,2.22932,1.45647,0.10449,0.11917,0.06386,0.0153,6.45108,2.38459,1.38739,0.00295052,0.00295052,0.00295052
447,907.483,6.04869,2.21254,1.44323,0.08108,0.11752,0.05565,0.01244,6.58373,2.47389,1.39634,0.00294286,0.00294286,0.00294286
448,909.774,6.09805,2.29995,1.39878,0.11307,0.11834,0.06598,0.01598,6.47073,2.3644,1.39281,0.0029352,0.0029352,0.0029352
449,911.677,6.19679,2.21704,1.44583,0.10187,0.12219,0.06389,0.01499,6.47798,2.39241,1.38895,0.00292753,0.00292753,0.00292753
450,913.822,6.14553,2.18083,1.4924,0.1096,0.11889,0.06557,0.01583,6.43468,2.35137,1.38042,0.00291985,0.00291985,0.00291985
451,916.013,6.1597,2.23088,1.48384,0.11284,0.12658,0.06931,0.01728,6.37858,2.35574,1.37614,0.00291218,0.00291218,0.00291218
452,917.965,6.10571,2.33118,1.44135,0.11086,0.12946,0.07007,0.01739,6.38317,2.36114,1.38127,0.00290449,0.00290449,0.00290449
453,919.889,6.05691,2.21597,1.4025,0.11468,0.11614,0.06581,0.01664,6.44116,2.34775,1.39622,0.00289681,0.00289681,0.00289681
454,922.426,6.03483,2.20555,1.47327,0.12897,0.12452,0.07404,0.01762,6.39006,2.31885,1.38037,0.00288912,0.00288912,0.00288912
455,924.655,5.91955,2.14255,1.4256,0.11903,0.12809,0.07048,0.01704,6.36887,2.32696,1.37377,0.00288143,0.00288143,0.00288143
456,926.56,6.13909,2.23845,1.47574,0.12283,0.12466,0.07106,0.01744,6.37391,2.32308,1.37263,0.00287373,0.00287373,0.00287373
457,928.594,5.94699,2.37679,1.53276,0.10586,0.12534,0.06479,0.01546,6.47536,2.37089,1.37711,0.00286603,0.00286603,0.00286603
458,930.774,6.3216,2.25994,1.4125,0.12746,0.11903,0.07194,0.01783,6.38189,2.29808,1.38155,0.00285833,0.00285833,0.00285833
459,932.535,6.07314,2.20597,1.43372,0.12227,0.12672,0.07218,0.01755,6.36945,2.31331,1.37522,0.00285062,0.00285062,0.00285062
460,934.397,5.79712,2.1625,1.44464,0.11687,0.12383,0.06779,0.01664,6.42866,2.35616,1.37404,0.00284291,0.00284291,0.00284291
461,936.321,5.95595,2.07014,1.43704,0.12043,0.12356,0.06987,0.0175,6.38798,2.33083,1.37348,0.0028352,0.0028352,0.0028352
462,938.245,6.10948,2.21645,1.50995,0.11674,0.11971,0.067,0.01683,6.44932,2.3785,1.3779,0.00282748,0.00282748,0.00282748
463,940.518,5.93191,2.14171,1.42383,0.11458,0.11985,0.06563,0.01614,6.4848,2.37007,1.36825,0.00281977,0.00281977,0.00281977
464,942.46,6.05076,2.15338,1.52016,0.11205,0.12301,0.06637,0.01589,6.52132,2.37587,1.36611,0.00281204,0.00281204,0.00281204
465,944.385,5.90963,2.18187,1.37855,0.12094,0.12644,0.07102,0.01762,6.42736,2.34635,1.36892,0.00280432,0.00280432,0.00280432
466,946.532,6.21822,2.25923,1.46815,0.12622,0.12122,0.06945,0.01712,6.45643,2.36792,1.37566,0.00279659,0.00279659,0.00279659
467,948.552,5.95536,2.0767,1.44819,0.1285,0.12876,0.07366,0.0181,6.42071,2.33117,1.3715,0.00278886,0.00278886,0.00278886
468,950.511,6.04316,2.12504,1.49532,0.12817,0.12987,0.07239,0.01788,6.42657,2.338,1.36931,0.00278113,0.00278113,0.00278113
469,952.34,5.80915,2.12973,1.48337,0.12929,0.12479,0.0731,0.0176,6.41639,2.33513,1.37146,0.0027734,0.0027734,0.0027734
470,954.387,5.9432,2.14465,1.48144,0.13425,0.12905,0.07505,0.01814,6.39802,2.30773,1.36802,0.00276566,0.00276566,0.00276566
471,956.343,5.7675,2.15793,1.42962,0.12607,0.12521,0.07275,0.01774,6.4142,2.32902,1.37847,0.00275792,0.00275792,0.00275792
472,958.569,5.93419,2.15767,1.46482,0.14104,0.12932,0.07804,0.01934,6.34507,2.27611,1.36674,0.00275018,0.00275018,0.00275018
473,960.478,5.8964,2.21082,1.40935,0.14138,0.13207,0.08042,0.01978,6.34406,2.27485,1.36276,0.00274243,0.00274243,0.00274243
474,962.708,5.93791,2.20671,1.41725,0.14846,0.13097,0.08182,0.01982,6.31684,2.259,1.35708,0.00273469,0.00273469,0.00273469
475,964.633,5.68935,2.09554,1.46143,0.14371,0.12658,0.0782,0.01924,6.34793,2.289,1.37252,0.00272694,0.00272694,0.00272694
476,966.841,6.0592,2.13633,1.42144,0.14703,0.13193,0.08127,0.01984,6.31905,2.2848,1.36228,0.00271919,0.00271919,0.00271919
477,968.845,5.93814,2.10373,1.43884,0.15156,0.13317,0.0849,0.02096,6.2872,2.25189,1.35879,0.00271143,0.00271143,0.00271143
478,970.849,6.0833,2.26665,1.4336,0.14522,0.1263,0.07965,0.01953,6.3284,2.34679,1.37163,0.00270368,0.00270368,0.00270368
479,972.914,5.98741,2.15792,1.36707,0.14939,0.13276,0.08568,0.02075,6.29725,2.31735,1.35961,0.00269592,0.00269592,0.00269592
480,974.905,5.97611,2.23159,1.43161,0.12201,0.11683,0.0687,0.01601,6.46967,2.52487,1.37696,0.00268817,0.00268817,0.00268817
481,976.908,6.07826,2.12119,1.41417,0.1538,0.13138,0.08447,0.0201,6.32544,2.31499,1.36561,0.00268041,0.00268041,0.00268041
482,979.231,5.8228,2.14557,1.45634,0.13374,0.12107,0.07386,0.01757,6.41455,2.44625,1.37644,0.00267265,0.00267265,0.00267265
483,981.234,5.78083,2.1963,1.5232,0.15608,0.13152,0.08509,0.02047,6.31135,2.28468,1.36355,0.00266488,0.00266488,0.00266488
484,983.222,5.79075,2.08498,1.48223,0.15602,0.13468,0.08791,0.02152,6.24548,2.21951,1.35681,0.00265712,0.00265712,0.00265712
485,985.325,6.21463,2.29957,1.44608,0.14923,0.13138,0.08457,0.02123,6.23668,2.22179,1.36736,0.00264935,0.00264935,0.00264935
486,987.281,5.81128,2.16974,1.40871,0.15173,0.13907,0.087,0.02218,6.21968,2.2134,1.35895,0.00264159,0.00264159,0.00264159
487,989.176,5.91972,2.08697,1.38568,0.15028,0.13495,0.0846,0.02058,6.2721,2.22347,1.35018,0.00263382,0.00263382,0.00263382
488,991.166,5.76897,1.99817,1.45911,0.1235,0.12109,0.0688,0.01694,6.40032,2.31363,1.35337,0.00262605,0.00262605,0.00262605
489,993.33,6.00931,2.1816,1.41964,0.13138,0.12789,0.07467,0.01845,6.33873,2.32878,1.35879,0.00261828,0.00261828,0.00261828
490,995.237,5.89921,2.14205,1.44906,0.15269,0.13908,0.08814,0.0215,6.26941,2.20072,1.35478,0.00261051,0.00261051,0.00261051
491,997.052,5.92503,2.16445,1.43853,0.16178,0.13852,0.09003,0.02146,6.27635,2.19347,1.35036,0.00260274,0.00260274,0.00260274
492,999.264,5.84324,2.12683,1.45614,0.14575,0.13056,0.08199,0.01901,6.34448,2.24533,1.35334,0.00259497,0.00259497,0.00259497
493,1001.46,5.8484,2.12736,1.39634,0.15858,0.13591,0.08885,0.02216,6.24397,2.18172,1.35812,0.0025872,0.0025872,0.0025872
494,1003.48,5.83883,2.04683,1.42782,0.16765,0.14141,0.09341,0.0234,6.18799,2.16213,1.35548,0.00257942,0.00257942,0.00257942
495,1005.26,5.76274,2.1154,1.39976,0.16969,0.14333,0.09588,0.02359,6.16639,2.1739,1.35637,0.00257165,0.00257165,0.00257165
496,1007.15,5.86647,2.0638,1.57365,0.15023,0.13344,0.08508,0.02079,6.25963,2.24246,1.36494,0.00256388,0.00256388,0.00256388
497,1008.96,5.70728,2.14918,1.4167,0.1639,0.14141,0.09416,0.02355,6.14841,2.16428,1.35748,0.0025561,0.0025561,0.0025561
498,1011.04,5.93969,2.21266,1.40725,0.16467,0.14141,0.09475,0.02371,6.15539,2.16193,1.35822,0.00254833,0.00254833,0.00254833
499,1013,5.82106,2.10393,1.40357,0.16578,0.14786,0.09594,0.02346,6.16255,2.16562,1.3567,0.00254055,0.00254055,0.00254055
500,1015.14,5.69021,2.08281,1.43639,0.1654,0.14841,0.09538,0.02347,6.16502,2.16184,1.35519,0.00253278,0.00253278,0.00253278
501,1017.18,5.98784,2.11581,1.43679,0.16448,0.14333,0.09291,0.02387,6.13453,2.15026,1.35623,0.002525,0.002525,0.002525
502,1019.03,5.90097,2.16407,1.45494,0.15462,0.13056,0.0842,0.02183,6.19531,2.20382,1.36214,0.00251722,0.00251722,0.00251722
503,1021.08,5.65834,2.02992,1.40777,0.16587,0.13729,0.09224,0.02348,6.13539,2.15583,1.35442,0.00250945,0.00250945,0.00250945
504,1023.2,5.88702,2.03478,1.45366,0.17096,0.13729,0.09348,0.02427,6.12893,2.16238,1.35522,0.00250167,0.00250167,0.00250167
505,1025.05,5.82539,2.0951,1.40746,0.16941,0.13893,0.09486,0.02454,6.14257,2.15482,1.35829,0.0024939,0.0024939,0.0024939
506,1027.27,5.92038,2.1444,1.48526,0.17131,0.14676,0.09902,0.02544,6.1147,2.14296,1.36122,0.00248612,0.00248612,0.00248612
507,1029.32,5.87446,2.08425,1.47854,0.16335,0.13976,0.09481,0.02459,6.1352,2.15685,1.36587,0.00247835,0.00247835,0.00247835
508,1031.28,5.81534,1.99702,1.47935,0.15471,0.13303,0.08701,0.02293,6.24048,2.18581,1.37911,0.00247058,0.00247058,0.00247058
509,1033.24,5.79338,2.06811,1.41319,0.17112,0.14649,0.09966,0.0252,6.13024,2.15289,1.36015,0.0024628,0.0024628,0.0024628
510,1035.18,5.87567,2.14278,1.3677,0.17687,0.14882,0.10306,0.02618,6.08427,2.13874,1.34725,0.00245503,0.00245503,0.00245503
511,1037.28,5.67771,2.07452,1.46397,0.17977,0.148,0.10359,0.02671,6.09313,2.14555,1.35224,0.00244726,0.00244726,0.00244726
512,1039.39,5.83115,2.0065,1.46283,0.17278,0.14937,0.09999,0.0253,6.09842,2.14631,1.35071,0.00243949,0.00243949,0.00243949
513,1041.09,6.0048,2.19156,1.45522,0.17253,0.14779,0.09896,0.02511,6.08531,2.14314,1.34843,0.00243172,0.00243172,0.00243172
514,1043.15,5.92152,2.09398,1.43841,0.17282,0.14456,0.09912,0.02562,6.10478,2.16501,1.3529,0.00242395,0.00242395,0.00242395
515,1045.09,5.81248,2.08543,1.43979,0.16883,0.14854,0.09741,0.02459,6.14238,2.16978,1.35716,0.00241618,0.00241618,0.00241618
516,1047.1,6.03078,2.22704,1.32881,0.17546,0.1469,0.09936,0.02495,6.10447,2.15427,1.35142,0.00240841,0.00240841,0.00240841
517,1048.96,5.70465,2.03351,1.4468,0.17737,0.14099,0.09886,0.02586,6.10329,2.15679,1.35738,0.00240065,0.00240065,0.00240065
518,1050.93,5.9225,2.20883,1.43948,0.17263,0.13907,0.09625,0.02485,6.13437,2.15017,1.36259,0.00239288,0.00239288,0.00239288
519,1052.95,5.57231,2.0432,1.44058,0.17824,0.14264,0.09824,0.02517,6.09952,2.14551,1.35395,0.00238512,0.00238512,0.00238512
520,1055.1,5.88542,2.09961,1.42873,0.18285,0.14896,0.10537,0.02652,6.04414,2.12411,1.34411,0.00237735,0.00237735,0.00237735
521,1057.06,5.94176,2.04634,1.42559,0.17837,0.1458,0.10248,0.02607,6.05386,2.13195,1.35211,0.00236959,0.00236959,0.00236959
522,1059.12,5.77038,2.07342,1.46589,0.18618,0.14752,0.106,0.02624,6.02126,2.12749,1.349,0.00236183,0.00236183,0.00236183
523,1061.14,5.71797,2.04178,1.35226,0.18736,0.14807,0.10664,0.02578,6.01868,2.13199,1.3435,0.00235408,0.00235408,0.00235408
524,1063.19,5.72793,2.11452,1.45278,0.18497,0.14745,0.10743,0.02625,6.00979,2.11353,1.34575,0.00234632,0.00234632,0.00234632
525,1065.37,5.83523,2.02956,1.42332,0.18205,0.14422,0.10326,0.02683,6.05487,2.12393,1.3563,0.00233857,0.00233857,0.00233857
526,1067.52,5.75449,2.03426,1.43359,0.18796,0.14594,0.10605,0.02758,6.03154,2.12429,1.35546,0.00233081,0.00233081,0.00233081
527,1069.54,5.92754,2.05436,1.39569,0.18728,0.15239,0.10885,0.02722,6.01774,2.11104,1.3449,0.00232306,0.00232306,0.00232306
528,1071.69,5.90008,2.11669,1.36258,0.17999,0.15047,0.10473,0.02652,6.07112,2.13483,1.3508,0.00231531,0.00231531,0.00231531
529,1073.4,5.86016,2.0039,1.39811,0.16869,0.13893,0.09668,0.0251,6.15016,2.16983,1.36451,0.00230757,0.00230757,0.00230757
530,1075.44,5.70242,1.94743,1.46393,0.18064,0.14849,0.10437,0.02612,6.09656,2.1284,1.35307,0.00229982,0.00229982,0.00229982
531,1077.4,5.5839,1.99956,1.38855,0.18414,0.14717,0.10589,0.02671,6.0743,2.12146,1.35429,0.00229208,0.00229208,0.00229208
532,1079.45,5.56686,1.91101,1.40236,0.18021,0.14017,0.09858,0.02455,6.12969,2.18103,1.35836,0.00228434,0.00228434,0.00228434
533,1081.63,5.6479,2.00754,1.44368,0.19361,0.14827,0.10874,0.02741,6.01849,2.10744,1.35159,0.0022766,0.0022766,0.0022766
534,1083.81,5.77172,2.10648,1.37906,0.18813,0.1506,0.10905,0.02837,6.01853,2.11204,1.35112,0.00226887,0.00226887,0.00226887
535,1085.76,5.82003,2.12722,1.38359,0.17766,0.15225,0.10507,0.02627,6.04754,2.14132,1.3506,0.00226114,0.00226114,0.00226114
536,1088.05,6.2202,2.33364,1.43615,0.16732,0.15102,0.10123,0.02519,6.10728,2.20855,1.35398,0.00225341,0.00225341,0.00225341
537,1090.17,5.65616,1.99888,1.42618,0.17877,0.15486,0.10711,0.02729,6.02174,2.12744,1.3475,0.00224568,0.00224568,0.00224568
538,1092.07,5.7151,2.0072,1.42378,0.17068,0.15239,0.10398,0.0258,6.04145,2.13316,1.35192,0.00223796,0.00223796,0.00223796
539,1093.84,5.53612,1.98412,1.40923,0.18212,0.1539,0.1059,0.02662,6.00897,2.10414,1.34144,0.00223023,0.00223023,0.00223023
540,1095.94,5.67332,2.0249,1.4508,0.18528,0.14923,0.1057,0.02674,6.0115,2.11744,1.34376,0.00222252,0.00222252,0.00222252
541,1097.74,5.82561,2.13726,1.39821,0.1821,0.14566,0.1048,0.02655,6.03512,2.11457,1.35377,0.0022148,0.0022148,0.0022148
542,1099.89,5.77112,2.0394,1.43607,0.17941,0.14674,0.10306,0.02628,6.05475,2.12059,1.35379,0.00220709,0.00220709,0.00220709
543,1101.9,5.74909,1.99224,1.36206,0.18556,0.14896,0.10535,0.02591,6.05783,2.11575,1.34358,0.00219938,0.00219938,0.00219938
544,1103.71,5.7195,2.03969,1.37631,0.18684,0.15031,0.10673,0.0264,6.02894,2.10158,1.34065,0.00219167,0.00219167,0.00219167
545,1105.53,5.56408,1.94734,1.31296,0.18435,0.14539,0.10498,0.02736,6.0382,2.12322,1.34757,0.00218397,0.00218397,0.00218397
546,1107.75,5.62218,2.0363,1.37655,0.17782,0.14758,0.1007,0.02446,6.1014,2.12398,1.33904,0.00217627,0.00217627,0.00217627
547,1109.75,5.85558,2.04685,1.42848,0.17788,0.15157,0.1038,0.02654,6.06213,2.11703,1.34421,0.00216857,0.00216857,0.00216857
548,1111.98,5.9721,2.15984,1.41977,0.17016,0.14827,0.09914,0.02435,6.11604,2.14077,1.34465,0.00216088,0.00216088,0.00216088
549,1113.72,5.62392,2.07433,1.37788,0.16895,0.15019,0.10038,0.02515,6.08842,2.14156,1.34727,0.00215319,0.00215319,0.00215319
550,1115.9,5.59365,2.03473,1.38339,0.1734,0.14827,0.10225,0.02497,6.10173,2.12839,1.34154,0.00214551,0.00214551,0.00214551
551,1118.06,5.74324,2.04712,1.36269,0.17707,0.15103,0.10573,0.02591,6.0552,2.10833,1.33954,0.00213782,0.00213782,0.00213782
552,1120.09,5.81588,2.07114,1.30921,0.17949,0.15184,0.10793,0.02624,6.05229,2.10061,1.34135,0.00213015,0.00213015,0.00213015
553,1122.26,5.65677,2.01595,1.42327,0.17897,0.14786,0.10585,0.02601,6.06058,2.11217,1.34833,0.00212247,0.00212247,0.00212247
554,1124.59,5.46368,1.94544,1.41986,0.17909,0.1506,0.10649,0.02608,6.05982,2.10085,1.34906,0.0021148,0.0021148,0.0021148
555,1126.79,5.61226,1.94174,1.41118,0.18164,0.14662,0.10346,0.02498,6.07948,2.10116,1.34063,0.00210714,0.00210714,0.00210714
556,1128.94,5.56051,1.90289,1.43597,0.178,0.14772,0.10396,0.02526,6.05878,2.10002,1.33823,0.00209948,0.00209948,0.00209948
557,1130.8,5.59933,1.9553,1.38505,0.18575,0.14992,0.10729,0.02672,6.01497,2.10473,1.34322,0.00209182,0.00209182,0.00209182
558,1132.87,5.97728,2.09161,1.41312,0.18679,0.15266,0.1092,0.02749,6.01304,2.10115,1.34567,0.00208416,0.00208416,0.00208416
559,1134.76,5.47105,1.98693,1.43027,0.18716,0.15527,0.10875,0.02686,6.01086,2.09987,1.3442,0.00207652,0.00207652,0.00207652
560,1136.89,5.7733,1.99384,1.46731,0.17957,0.1561,0.10815,0.02716,6.02168,2.10635,1.34582,0.00206887,0.00206887,0.00206887
561,1139,5.51293,1.97935,1.36907,0.18889,0.15555,0.11236,0.02851,6.00491,2.10086,1.34213,0.00206123,0.00206123,0.00206123
562,1141.32,5.75051,2.02669,1.36914,0.18525,0.15266,0.10892,0.02813,6.02615,2.10875,1.34489,0.0020536,0.0020536,0.0020536
563,1143.18,5.6478,2.01095,1.38394,0.18915,0.15239,0.1087,0.02764,5.99107,2.10936,1.34688,0.00204597,0.00204597,0.00204597
564,1145.43,5.64634,1.98761,1.41355,0.18335,0.15266,0.1071,0.02707,6.02019,2.10956,1.3411,0.00203834,0.00203834,0.00203834
565,1147.12,5.60533,1.96373,1.38132,0.18081,0.15184,0.10824,0.02765,6.02228,2.10528,1.34536,0.00203072,0.00203072,0.00203072
566,1149.28,5.65643,1.94873,1.38852,0.18363,0.15459,0.11104,0.02863,6.00981,2.10593,1.34765,0.0020231,0.0020231,0.0020231
567,1151.11,5.69144,2.32702,1.39592,0.18286,0.15994,0.11246,0.02904,6.01485,2.09353,1.34314,0.00201549,0.00201549,0.00201549
568,1153.26,5.67893,2.06908,1.42369,0.1864,0.15568,0.11288,0.02859,5.99017,2.074,1.33518,0.00200788,0.00200788,0.00200788
569,1155.1,5.72652,2.01962,1.44317,0.18333,0.15843,0.11153,0.02823,5.99858,2.0753,1.33925,0.00200028,0.00200028,0.00200028
570,1157.3,5.56398,1.95099,1.43541,0.17458,0.15513,0.1089,0.02822,6.01198,2.08397,1.3481,0.00199269,0.00199269,0.00199269
571,1159.35,5.53189,1.92985,1.39368,0.18076,0.15719,0.11042,0.02774,6.00576,2.08371,1.34098,0.0019851,0.0019851,0.0019851
572,1161.51,5.52398,2.02378,1.35846,0.17468,0.15445,0.1057,0.02684,6.03777,2.11396,1.34185,0.00197751,0.00197751,0.00197751
573,1163.32,5.55719,2.10095,1.47624,0.17007,0.15719,0.10541,0.02665,6.0146,2.10637,1.33661,0.00196993,0.00196993,0.00196993
574,1165.54,5.67918,2.05366,1.40618,0.16971,0.14774,0.09972,0.02513,6.06112,2.1421,1.33718,0.00196236,0.00196236,0.00196236
575,1167.62,5.66297,2.02635,1.4402,0.17681,0.15525,0.10745,0.02748,5.98364,2.1136,1.33672,0.00195479,0.00195479,0.00195479
576,1169.89,5.63219,2.06089,1.36825,0.17954,0.15637,0.10709,0.02655,6.00794,2.11213,1.33341,0.00194722,0.00194722,0.00194722
577,1171.83,5.66721,1.94396,1.40226,0.1831,0.16076,0.11133,0.02836,5.97038,2.10023,1.33647,0.00193966,0.00193966,0.00193966
578,1174.04,5.79039,2.07549,1.48452,0.18379,0.1587,0.11154,0.02894,5.97515,2.0915,1.33819,0.00193211,0.00193211,0.00193211
579,1176.07,5.59059,1.96169,1.34634,0.18816,0.15939,0.11338,0.02857,5.99295,2.09536,1.33203,0.00192457,0.00192457,0.00192457
580,1178.22,5.84449,2.03985,1.42489,0.17394,0.15308,0.10509,0.0265,6.04102,2.13379,1.33577,0.00191703,0.00191703,0.00191703
581,1180.25,5.72262,1.99616,1.47919,0.17317,0.15747,0.10703,0.02774,6.01051,2.12833,1.3412,0.00190949,0.00190949,0.00190949
582,1182.54,5.78514,2.05001,1.43553,0.17943,0.16131,0.11269,0.02896,5.97783,2.0931,1.33784,0.00190196,0.00190196,0.00190196
583,1184.69,5.85361,2.01357,1.37767,0.17673,0.155,0.11113,0.02912,5.98443,2.09463,1.34649,0.00189444,0.00189444,0.00189444
584,1186.72,5.53009,2.09433,1.37469,0.17312,0.15541,0.10849,0.02816,5.99361,2.09225,1.34712,0.00188693,0.00188693,0.00188693
585,1188.52,5.75002,2.03269,1.42129,0.17202,0.15527,0.1085,0.02811,5.99329,2.09906,1.34764,0.00187942,0.00187942,0.00187942
586,1190.49,5.51063,2.02035,1.41578,0.18071,0.15719,0.11235,0.02868,5.96759,2.07478,1.34084,0.00187191,0.00187191,0.00187191
587,1192.35,5.70988,2.0348,1.38779,0.17271,0.15211,0.10516,0.02734,6.02291,2.10278,1.35124,0.00186442,0.00186442,0.00186442
588,1194.24,5.58596,2.04502,1.39758,0.17693,0.15335,0.10713,0.0285,6.00912,2.08835,1.34961,0.00185693,0.00185693,0.00185693
589,1196.24,5.65777,2.02562,1.4237,0.1706,0.15445,0.10733,0.02846,6.01345,2.08128,1.35186,0.00184944,0.00184944,0.00184944
590,1198.3,5.64494,1.97218,1.40784,0.17741,0.15815,0.11138,0.02886,5.99555,2.08277,1.34702,0.00184197,0.00184197,0.00184197
591,1200.38,5.44964,1.98903,1.41442,0.17712,0.15761,0.10971,0.0285,5.96809,2.09499,1.34124,0.0018345,0.0018345,0.0018345
592,1202.54,5.46834,1.90815,1.38593,0.17194,0.15623,0.10725,0.02825,5.99205,2.104,1.34565,0.00182703,0.00182703,0.00182703
593,1204.31,5.74559,1.96826,1.40985,0.18466,0.16145,0.1112,0.02826,5.92706,2.07642,1.33214,0.00181958,0.00181958,0.00181958
594,1206.04,5.84635,2.1115,1.36669,0.18614,0.15898,0.11203,0.02873,5.94814,2.07593,1.33296,0.00181213,0.00181213,0.00181213
595,1208.12,5.77201,2.03252,1.40572,0.181,0.16282,0.11228,0.02908,5.95535,2.07963,1.33952,0.00180469,0.00180469,0.00180469
596,1210.29,5.78278,1.99766,1.41909,0.18173,0.16474,0.11428,0.02959,5.95892,2.07483,1.3365,0.00179725,0.00179725,0.00179725
597,1212.36,5.63941,1.98742,1.41622,0.18699,0.16118,0.11634,0.02986,5.95465,2.07769,1.3405,0.00178982,0.00178982,0.00178982
598,1214.28,5.59378,1.9819,1.41225,0.18604,0.16557,0.11475,0.02952,5.96515,2.0727,1.33297,0.0017824,0.0017824,0.0017824
599,1216.07,5.52764,1.9587,1.39753,0.19158,0.16378,0.11687,0.02902,5.9758,2.06514,1.32891,0.00177499,0.00177499,0.00177499
600,1218.17,5.64838,2.02441,1.36716,0.19053,0.16516,0.1187,0.03011,5.93575,2.06583,1.33625,0.00176758,0.00176758,0.00176758
601,1220.24,5.72651,1.96403,1.45328,0.18184,0.15967,0.11395,0.02916,5.95868,2.08051,1.34563,0.00176018,0.00176018,0.00176018
602,1222.32,5.71545,2.02014,1.34339,0.18736,0.16488,0.11822,0.02973,5.94457,2.07799,1.33566,0.00175279,0.00175279,0.00175279
603,1224.45,5.54824,2.05492,1.38506,0.18804,0.16694,0.11774,0.03026,5.95752,2.07591,1.33389,0.00174541,0.00174541,0.00174541
604,1226.21,5.54815,1.99994,1.4147,0.19324,0.16571,0.11965,0.03051,5.94678,2.06791,1.33492,0.00173803,0.00173803,0.00173803
605,1227.95,5.70945,2.02483,1.348,0.19092,0.16474,0.11895,0.03062,5.94132,2.063,1.3323,0.00173066,0.00173066,0.00173066
606,1230.22,5.79962,1.95681,1.40388,0.19232,0.16571,0.12005,0.0306,5.92905,2.06291,1.33141,0.0017233,0.0017233,0.0017233
607,1232.32,5.40508,1.8678,1.37292,0.19574,0.16433,0.11998,0.03107,5.92277,2.05883,1.33411,0.00171595,0.00171595,0.00171595
608,1234.47,5.58318,1.95783,1.38448,0.19946,0.16474,0.12169,0.03165,5.90032,2.05155,1.33082,0.00170861,0.00170861,0.00170861
609,1236.28,5.69526,1.9751,1.44363,0.19292,0.16021,0.11696,0.02974,5.90376,2.04919,1.32738,0.00170127,0.00170127,0.00170127
610,1238.18,5.44259,1.89986,1.39136,0.20034,0.16172,0.11898,0.0307,5.88657,2.04175,1.33074,0.00169394,0.00169394,0.00169394
611,1239.93,5.35992,1.87984,1.38417,0.19642,0.16104,0.11903,0.03066,5.88818,2.04186,1.33724,0.00168662,0.00168662,0.00168662
612,1241.95,5.79087,1.97155,1.41937,0.19928,0.16063,0.11999,0.03085,5.90665,2.04641,1.33698,0.00167931,0.00167931,0.00167931
613,1243.79,5.72225,1.96069,1.43102,0.20592,0.16145,0.12119,0.03142,5.89452,2.04015,1.3296,0.00167201,0.00167201,0.00167201
614,1245.84,5.561,1.96573,1.37576,0.1979,0.16653,0.1202,0.03057,5.91905,2.03724,1.33028,0.00166471,0.00166471,0.00166471
615,1247.88,5.62269,1.99043,1.43248,0.2024,0.16323,0.12162,0.03088,5.91283,2.03869,1.33487,0.00165743,0.00165743,0.00165743
616,1249.87,5.73702,2.00688,1.39788,0.19471,0.1631,0.11907,0.03054,5.91753,2.04837,1.33854,0.00165015,0.00165015,0.00165015
617,1251.81,5.72744,2.02484,1.45827,0.20136,0.16365,0.12068,0.03029,5.91456,2.04239,1.332,0.00164288,0.00164288,0.00164288
618,1253.99,5.46708,1.93929,1.37884,0.19313,0.16118,0.11787,0.02953,5.9482,2.06833,1.33698,0.00163562,0.00163562,0.00163562
619,1256.21,5.55191,1.98509,1.34588,0.20094,0.16639,0.12124,0.03067,5.91655,2.04301,1.32915,0.00162837,0.00162837,0.00162837
620,1258.42,5.63252,2.03502,1.34965,0.19267,0.16123,0.11804,0.03093,5.92478,2.06781,1.34203,0.00162113,0.00162113,0.00162113
621,1260.5,5.3552,1.90842,1.37277,0.19934,0.16639,0.12039,0.03143,5.90634,2.05779,1.33276,0.00161389,0.00161389,0.00161389
622,1262.51,5.68503,2.17958,1.48203,0.20013,0.16598,0.12067,0.03189,5.89999,2.0469,1.33157,0.00160667,0.00160667,0.00160667
623,1264.26,5.63146,2.02077,1.43441,0.19792,0.16474,0.11958,0.03068,5.92204,2.05602,1.34088,0.00159945,0.00159945,0.00159945
624,1266.43,5.57071,2.02077,1.41234,0.20021,0.16722,0.12073,0.03163,5.89184,2.04886,1.33562,0.00159224,0.00159224,0.00159224
625,1268.26,5.46659,1.93579,1.42134,0.1908,0.16337,0.11488,0.02986,5.9276,2.07612,1.34091,0.00158505,0.00158505,0.00158505
626,1270.42,5.45907,1.90301,1.35788,0.18509,0.16021,0.11043,0.0294,5.96901,2.10855,1.34034,0.00157786,0.00157786,0.00157786
627,1272.41,5.82632,2.02212,1.41711,0.19177,0.1631,0.11656,0.03007,5.93731,2.09005,1.34074,0.00157068,0.00157068,0.00157068
628,1274.47,5.32442,1.84504,1.3678,0.19688,0.16571,0.11913,0.03092,5.92687,2.0572,1.3383,0.00156351,0.00156351,0.00156351
629,1276.46,5.55208,1.88686,1.43679,0.19103,0.16159,0.11452,0.03012,5.95549,2.06106,1.34564,0.00155635,0.00155635,0.00155635
630,1278.42,5.59554,1.97771,1.40668,0.19372,0.16131,0.11683,0.03054,5.91622,2.04374,1.34297,0.0015492,0.0015492,0.0015492
631,1280.53,5.4484,1.933,1.40236,0.19804,0.16392,0.119,0.03106,5.88264,2.04024,1.33384,0.00154206,0.00154206,0.00154206
632,1282.69,5.52228,1.97519,1.4095,0.19434,0.16172,0.11699,0.03098,5.88758,2.04708,1.33939,0.00153493,0.00153493,0.00153493
633,1284.52,5.6638,2.0353,1.44175,0.19349,0.16282,0.11733,0.03092,5.89145,2.03785,1.34108,0.00152781,0.00152781,0.00152781
634,1286.67,5.67792,2.03929,1.43431,0.17943,0.15115,0.10526,0.02793,6.00662,2.10569,1.35142,0.0015207,0.0015207,0.0015207
635,1288.45,5.77308,2.15722,1.41893,0.18356,0.15967,0.11299,0.03008,5.93971,2.05644,1.34253,0.00151359,0.00151359,0.00151359
636,1290.41,5.52368,1.89688,1.38869,0.19114,0.16447,0.116,0.0308,5.89532,2.03555,1.33145,0.0015065,0.0015065,0.0015065
637,1292.46,5.64135,1.94233,1.40057,0.19263,0.16578,0.11845,0.03184,5.8697,2.02813,1.33218,0.00149942,0.00149942,0.00149942
638,1294.64,5.51915,1.94283,1.36608,0.1979,0.16516,0.12106,0.03208,5.8871,2.02696,1.33596,0.00149235,0.00149235,0.00149235
639,1296.68,5.47282,1.89217,1.42854,0.20167,0.16955,0.1237,0.03196,5.87876,2.02656,1.33079,0.00148529,0.00148529,0.00148529
640,1298.6,5.76378,2.04526,1.39271,0.19369,0.16776,0.1173,0.03047,5.89962,2.04295,1.3301,0.00147824,0.00147824,0.00147824
641,1300.48,5.62005,1.99084,1.42608,0.19781,0.16433,0.11761,0.03065,5.88869,2.04938,1.33631,0.0014712,0.0014712,0.0014712
642,1302.26,5.35371,1.91372,1.39748,0.19979,0.16722,0.12037,0.03139,5.87274,2.0342,1.33488,0.00146417,0.00146417,0.00146417
643,1304.12,5.52166,1.9665,1.38664,0.20413,0.1712,0.12173,0.03141,5.86948,2.0324,1.32759,0.00145715,0.00145715,0.00145715
644,1306.31,5.47508,1.86457,1.40362,0.19504,0.16996,0.12099,0.03181,5.88147,2.04036,1.33197,0.00145014,0.00145014,0.00145014
645,1308.27,5.44985,1.98952,1.37331,0.19815,0.17079,0.12215,0.03206,5.87924,2.03316,1.32918,0.00144314,0.00144314,0.00144314
646,1310.37,5.71055,2.00982,1.38469,0.19618,0.16845,0.12066,0.03191,5.89135,2.02645,1.32934,0.00143615,0.00143615,0.00143615
647,1312.31,5.56658,1.94847,1.38137,0.1957,0.16722,0.11946,0.03159,5.88113,2.03176,1.33169,0.00142917,0.00142917,0.00142917
648,1314.47,5.53235,1.9853,1.36346,0.19187,0.16708,0.11786,0.03099,5.89154,2.04425,1.33197,0.00142221,0.00142221,0.00142221
649,1316.75,5.47529,1.96616,1.42897,0.19506,0.1668,0.11885,0.03152,5.87722,2.04112,1.33178,0.00141525,0.00141525,0.00141525
650,1318.82,5.4486,1.91738,1.39444,0.20778,0.17175,0.12531,0.03257,5.8756,2.02148,1.33099,0.00140831,0.00140831,0.00140831
651,1320.92,5.47811,1.92852,1.39864,0.20719,0.16763,0.12468,0.03226,5.88122,2.01957,1.33367,0.00140137,0.00140137,0.00140137
652,1322.61,5.61351,1.88015,1.43264,0.2098,0.16914,0.1259,0.03289,5.86943,2.01358,1.32963,0.00139445,0.00139445,0.00139445
653,1324.52,5.59728,1.94481,1.34211,0.20414,0.17051,0.12479,0.03211,5.89208,2.03073,1.33403,0.00138754,0.00138754,0.00138754
654,1326.72,5.58863,1.93328,1.37238,0.20282,0.16797,0.12235,0.03194,5.87743,2.04101,1.33083,0.00138064,0.00138064,0.00138064
655,1328.78,5.5751,1.99002,1.38361,0.20001,0.16941,0.12182,0.03128,5.86912,2.02044,1.32822,0.00137375,0.00137375,0.00137375
656,1330.92,5.57094,2.05351,1.45551,0.20524,0.16766,0.12167,0.03102,5.86195,2.02429,1.32862,0.00136687,0.00136687,0.00136687
657,1332.7,5.62979,2.0047,1.38815,0.20861,0.17103,0.12492,0.03132,5.84498,2.02206,1.32679,0.00136001,0.00136001,0.00136001
658,1334.64,5.69849,2.17472,1.48217,0.19777,0.16612,0.11831,0.03002,5.8687,2.04718,1.32653,0.00135315,0.00135315,0.00135315
659,1336.65,5.30399,1.92867,1.41936,0.19504,0.16571,0.11742,0.03038,5.86713,2.0588,1.33303,0.00134631,0.00134631,0.00134631
660,1338.59,5.61473,1.95003,1.44752,0.19573,0.16749,0.12128,0.03181,5.87407,2.03445,1.33791,0.00133948,0.00133948,0.00133948
661,1340.43,5.22196,1.89945,1.42116,0.20361,0.16914,0.12472,0.03212,5.85614,2.0189,1.33364,0.00133266,0.00133266,0.00133266
662,1342.68,5.46346,1.95935,1.41577,0.20928,0.17202,0.12723,0.03174,5.8625,2.00965,1.32505,0.00132585,0.00132585,0.00132585
663,1344.74,5.55519,1.9966,1.40945,0.20742,0.17216,0.12751,0.03232,5.86809,2.01068,1.32831,0.00131906,0.00131906,0.00131906
664,1347.04,5.58562,2.01217,1.36921,0.21095,0.17449,0.12801,0.03232,5.85469,2.00634,1.32783,0.00131227,0.00131227,0.00131227
665,1348.84,5.31356,1.89821,1.42109,0.21052,0.1723,0.12803,0.03236,5.84586,2.01292,1.32567,0.0013055,0.0013055,0.0013055
666,1351.16,5.49327,1.92607,1.37259,0.21208,0.17147,0.12709,0.03169,5.8512,2.02143,1.32677,0.00129874,0.00129874,0.00129874
667,1353.2,5.44608,1.9591,1.39792,0.2054,0.17079,0.12656,0.03241,5.84889,2.02701,1.32732,0.00129199,0.00129199,0.00129199
668,1355.36,5.69532,2.00084,1.39459,0.20418,0.16804,0.12578,0.0323,5.83769,2.01541,1.32574,0.00128526,0.00128526,0.00128526
669,1357.37,5.30574,1.89167,1.39628,0.20601,0.17216,0.12658,0.03211,5.84605,2.01693,1.33149,0.00127853,0.00127853,0.00127853
670,1359.31,5.2688,1.88844,1.35731,0.2071,0.16859,0.12371,0.03125,5.85131,2.02263,1.3258,0.00127182,0.00127182,0.00127182
671,1361.24,5.65315,2.03039,1.36806,0.20122,0.16763,0.12272,0.03123,5.84296,2.02222,1.33011,0.00126512,0.00126512,0.00126512
672,1363.48,5.4987,1.92132,1.36736,0.19769,0.16859,0.12251,0.03152,5.85851,2.02692,1.33404,0.00125844,0.00125844,0.00125844
673,1365.74,5.36739,1.96734,1.37972,0.20286,0.17004,0.12383,0.03176,5.84962,2.02253,1.32984,0.00125176,0.00125176,0.00125176
674,1367.83,5.48408,1.94766,1.45862,0.20293,0.16982,0.12631,0.03257,5.84226,2.02697,1.33062,0.0012451,0.0012451,0.0012451
675,1369.8,5.41471,1.89885,1.41448,0.20247,0.16928,0.12484,0.03298,5.84987,2.02971,1.32859,0.00123845,0.00123845,0.00123845
676,1372.13,5.41843,1.8966,1.36858,0.19042,0.15651,0.11526,0.03064,5.94483,2.10574,1.34797,0.00123182,0.00123182,0.00123182
677,1374.26,5.49088,1.97156,1.37913,0.19201,0.15898,0.11664,0.03112,5.92417,2.09048,1.34477,0.00122519,0.00122519,0.00122519
678,1376.62,5.08333,1.82414,1.36361,0.20171,0.17175,0.12623,0.03239,5.852,2.03663,1.33124,0.00121858,0.00121858,0.00121858
679,1378.52,5.61036,2.0065,1.41079,0.20285,0.17573,0.12707,0.03298,5.83345,2.02224,1.32811,0.00121198,0.00121198,0.00121198
680,1380.71,5.44204,1.98042,1.4032,0.20207,0.17573,0.12671,0.03269,5.81587,2.01689,1.3289,0.0012054,0.0012054,0.0012054
681,1382.54,5.71864,2.00949,1.37431,0.20223,0.17504,0.12515,0.03209,5.81334,2.00839,1.32422,0.00119883,0.00119883,0.00119883
682,1384.49,5.39528,1.82373,1.437,0.20617,0.17738,0.12978,0.03296,5.80546,1.99896,1.32343,0.00119227,0.00119227,0.00119227
683,1386.46,5.36098,1.93555,1.38938,0.20569,0.17586,0.12825,0.03266,5.8075,1.99664,1.3247,0.00118572,0.00118572,0.00118572
684,1388.53,5.68313,2.00207,1.36377,0.20918,0.17339,0.12673,0.03229,5.82744,2.00179,1.32779,0.00117919,0.00117919,0.00117919
685,1390.54,5.62164,1.99063,1.37455,0.2071,0.17394,0.12546,0.03206,5.82403,2.00001,1.3278,0.00117267,0.00117267,0.00117267
686,1392.69,5.37489,1.89115,1.41997,0.20715,0.17188,0.12685,0.03216,5.82396,2.00105,1.32789,0.00116617,0.00116617,0.00116617
687,1394.72,5.34842,2.02102,1.36878,0.20385,0.16859,0.12263,0.03149,5.84088,2.01088,1.32524,0.00115968,0.00115968,0.00115968
688,1397.1,5.31024,1.8846,1.3649,0.20208,0.16886,0.12298,0.03132,5.85523,2.02417,1.3278,0.0011532,0.0011532,0.0011532
689,1398.84,5.61747,1.92227,1.38353,0.19877,0.16873,0.12128,0.03107,5.86837,2.02876,1.32801,0.00114673,0.00114673,0.00114673
690,1401.14,5.46329,1.93151,1.38482,0.19806,0.16969,0.12384,0.03176,5.84645,2.01792,1.33457,0.00114028,0.00114028,0.00114028
691,1403.22,5.48531,1.92516,1.42203,0.2041,0.17545,0.12839,0.03228,5.82272,2.00509,1.32917,0.00113384,0.00113384,0.00113384
692,1405.21,5.47662,1.87218,1.39288,0.20437,0.17449,0.12902,0.03304,5.82448,2.00257,1.32646,0.00112742,0.00112742,0.00112742
693,1406.93,5.54174,1.88132,1.3875,0.20628,0.17202,0.12714,0.0329,5.83563,2.00728,1.33061,0.00112101,0.00112101,0.00112101
694,1409.04,5.47924,1.91583,1.39497,0.2068,0.17133,0.12654,0.03287,5.82842,2.00754,1.33432,0.00111461,0.00111461,0.00111461
695,1411.01,5.52302,1.89351,1.41069,0.20691,0.1712,0.12644,0.03261,5.83302,2.01142,1.3349,0.00110823,0.00110823,0.00110823
696,1413.32,5.52642,1.91482,1.44884,0.20992,0.17111,0.12734,0.03305,5.82257,2.00289,1.33327,0.00110186,0.00110186,0.00110186
697,1415.05,5.46985,1.82171,1.34543,0.21321,0.17367,0.13057,0.03375,5.80936,2.00189,1.32963,0.00109551,0.00109551,0.00109551
698,1417.28,5.80908,2.06407,1.36019,0.20696,0.17147,0.12797,0.03359,5.81976,2.00919,1.32852,0.00108917,0.00108917,0.00108917
699,1419.53,5.46358,1.93552,1.36237,0.20667,0.17216,0.12673,0.03301,5.83527,2.01672,1.33282,0.00108284,0.00108284,0.00108284
700,1421.73,5.59365,1.90951,1.38937,0.20393,0.16927,0.12458,0.03217,5.82287,2.01114,1.33734,0.00107653,0.00107653,0.00107653
701,1423.91,5.24153,1.84429,1.35216,0.20969,0.17133,0.1263,0.03252,5.79833,2.00729,1.33002,0.00107023,0.00107023,0.00107023
702,1426.05,5.58447,1.91552,1.4325,0.21109,0.17161,0.1273,0.03342,5.80101,2.00579,1.32704,0.00106395,0.00106395,0.00106395
703,1428.1,5.37905,1.92301,1.37075,0.20693,0.17133,0.12663,0.03339,5.8131,2.01144,1.32902,0.00105768,0.00105768,0.00105768
704,1430.42,5.51085,1.97813,1.37083,0.20637,0.17079,0.12474,0.03269,5.82074,2.01403,1.33188,0.00105142,0.00105142,0.00105142
705,1432.05,5.31303,1.86848,1.36185,0.2049,0.17257,0.12624,0.033,5.82631,2.01774,1.33067,0.00104519,0.00104519,0.00104519
706,1434.07,5.3939,1.90521,1.38848,0.20724,0.17525,0.12813,0.033,5.79863,2.01576,1.32398,0.00103896,0.00103896,0.00103896
707,1435.99,5.44442,1.95917,1.3544,0.21004,0.17435,0.12795,0.03302,5.78923,2.00403,1.32297,0.00103275,0.00103275,0.00103275
708,1438.15,5.60071,2.08351,1.34619,0.2126,0.17614,0.13128,0.03366,5.78035,1.99447,1.32307,0.00102655,0.00102655,0.00102655
709,1439.94,5.18877,1.84458,1.38465,0.20703,0.17449,0.12815,0.03293,5.78639,2.00842,1.32628,0.00102037,0.00102037,0.00102037
710,1441.88,5.62885,1.96229,1.37353,0.20324,0.17216,0.12646,0.03258,5.80237,2.0212,1.3304,0.00101421,0.00101421,0.00101421
711,1444.08,5.21586,1.85644,1.44836,0.19777,0.16735,0.12125,0.032,5.81265,2.02442,1.33643,0.00100806,0.00100806,0.00100806
712,1446.14,5.22244,1.81365,1.35324,0.20369,0.16763,0.12417,0.03262,5.8008,2.0145,1.33737,0.00100192,0.00100192,0.00100192
713,1448,5.57296,1.94259,1.44048,0.21227,0.17202,0.12924,0.03371,5.78373,2.0046,1.33103,0.000995797,0.000995797,0.000995797
714,1450,5.50939,1.96181,1.41931,0.21187,0.17257,0.1295,0.03393,5.78395,2.00221,1.32876,0.000989691,0.000989691,0.000989691
715,1451.97,5.15946,1.89121,1.37617,0.21026,0.17051,0.12802,0.03359,5.79165,2.00584,1.33209,0.0009836,0.0009836,0.0009836
716,1454.05,5.40406,1.90216,1.33485,0.21568,0.17683,0.13273,0.03423,5.75936,1.99744,1.32441,0.000977524,0.000977524,0.000977524
717,1455.84,5.58181,1.97058,1.3647,0.21516,0.17751,0.13255,0.03401,5.76734,1.99549,1.32249,0.000971464,0.000971464,0.000971464
718,1458,5.80201,1.9673,1.37852,0.21207,0.17532,0.13058,0.03379,5.79795,2.00609,1.32642,0.000965419,0.000965419,0.000965419
719,1460.03,5.3729,1.92388,1.35724,0.21526,0.17889,0.13317,0.03418,5.77854,1.99896,1.32155,0.000959389,0.000959389,0.000959389
720,1461.99,5.4998,1.87099,1.40064,0.20465,0.17133,0.1262,0.03309,5.81608,2.01289,1.33223,0.000953374,0.000953374,0.000953374
721,1464.07,5.46601,1.90551,1.39866,0.20212,0.17065,0.12482,0.03284,5.8137,2.01053,1.3326,0.000947376,0.000947376,0.000947376
722,1466.38,5.52821,1.89456,1.41318,0.20281,0.17435,0.12496,0.03272,5.79202,2.01451,1.32659,0.000941392,0.000941392,0.000941392
723,1468.35,5.18536,1.90963,1.51281,0.20776,0.17573,0.12623,0.03303,5.78647,2.00947,1.32599,0.000935425,0.000935425,0.000935425
724,1470.59,5.38224,1.95486,1.36413,0.21595,0.17724,0.13138,0.03423,5.78961,1.99726,1.32421,0.000929473,0.000929473,0.000929473
725,1472.68,5.32709,1.88213,1.36701,0.21677,0.17614,0.13119,0.03461,5.79002,1.98718,1.32543,0.000923536,0.000923536,0.000923536
726,1474.73,5.44899,2.00232,1.30233,0.2166,0.1759,0.13199,0.034,5.80115,1.99141,1.3273,0.000917616,0.000917616,0.000917616
727,1476.7,5.63587,1.96255,1.3597,0.21277,0.17518,0.12919,0.03374,5.79826,1.99997,1.32917,0.000911712,0.000911712,0.000911712
728,1478.76,5.24459,1.84816,1.37868,0.20393,0.17161,0.12282,0.03199,5.80181,1.99714,1.33195,0.000905823,0.000905823,0.000905823
729,1480.57,5.41293,1.96202,1.4152,0.20389,0.17038,0.12347,0.03238,5.79775,1.99744,1.33044,0.00089995,0.00089995,0.00089995
730,1482.84,5.3143,1.87212,1.40832,0.20186,0.16845,0.12326,0.03242,5.80283,1.98861,1.33075,0.000894094,0.000894094,0.000894094
731,1484.74,5.26144,1.93858,1.39001,0.20529,0.17137,0.12567,0.03285,5.79729,1.98952,1.32933,0.000888253,0.000888253,0.000888253
732,1486.81,5.33969,1.97931,1.34598,0.20442,0.17092,0.1265,0.03276,5.80664,1.98833,1.33148,0.000882429,0.000882429,0.000882429
733,1488.76,5.5732,1.95783,1.37179,0.20519,0.16969,0.12614,0.03293,5.8034,1.98632,1.332,0.000876621,0.000876621,0.000876621
734,1490.86,5.56404,1.9674,1.35803,0.20733,0.17504,0.1295,0.03339,5.77728,1.98022,1.32313,0.000870829,0.000870829,0.000870829
735,1492.93,5.58029,2.04709,1.40792,0.20498,0.17339,0.12815,0.0335,5.76894,1.9793,1.32442,0.000865053,0.000865053,0.000865053
736,1494.85,5.42535,1.86253,1.41523,0.20608,0.17216,0.12706,0.03336,5.76596,1.98278,1.32553,0.000859294,0.000859294,0.000859294
737,1496.85,5.58683,1.9714,1.35773,0.20495,0.17257,0.1266,0.03321,5.77332,1.98359,1.3262,0.000853551,0.000853551,0.000853551
738,1498.97,5.28018,1.92089,1.33412,0.21608,0.17518,0.1313,0.03398,5.77551,1.98411,1.31947,0.000847825,0.000847825,0.000847825
739,1501.08,5.5019,1.93637,1.38342,0.20909,0.17532,0.13112,0.0343,5.76271,1.98126,1.32094,0.000842115,0.000842115,0.000842115
740,1503.14,5.44109,1.9218,1.32956,0.20812,0.17477,0.13047,0.03425,5.76393,1.98423,1.32072,0.000836422,0.000836422,0.000836422
741,1505.04,5.81277,2.07404,1.33206,0.20891,0.17298,0.12875,0.03357,5.77385,1.98855,1.31938,0.000830746,0.000830746,0.000830746
742,1507.15,5.32925,1.9146,1.39506,0.20441,0.16996,0.12685,0.03386,5.7757,1.99321,1.32146,0.000825086,0.000825086,0.000825086
743,1509.11,5.39652,1.90773,1.38513,0.20787,0.17216,0.12857,0.03396,5.77741,1.99324,1.32273,0.000819443,0.000819443,0.000819443
744,1511.28,5.3211,1.82554,1.39045,0.20666,0.16969,0.12563,0.0331,5.78428,1.9967,1.32301,0.000813817,0.000813817,0.000813817
745,1513.5,5.20292,1.7992,1.4049,0.20316,0.16682,0.12526,0.0332,5.79473,1.99664,1.32747,0.000808208,0.000808208,0.000808208
746,1515.44,5.38052,1.91214,1.35945,0.20009,0.1668,0.12292,0.03243,5.81324,2.00471,1.32452,0.000802616,0.000802616,0.000802616
747,1517.53,5.02591,1.76567,1.38689,0.20286,0.16776,0.12498,0.03285,5.80005,1.99701,1.32512,0.000797041,0.000797041,0.000797041
748,1519.56,5.14649,1.90023,1.42517,0.202,0.17271,0.12603,0.03279,5.80055,1.99209,1.32632,0.000791482,0.000791482,0.000791482
749,1521.5,5.62619,1.84226,1.40361,0.20389,0.17271,0.12675,0.03282,5.80185,1.99273,1.32742,0.000785941,0.000785941,0.000785941
750,1523.56,5.67731,1.92797,1.42977,0.20837,0.17367,0.13039,0.03396,5.80079,1.98834,1.32455,0.000780417,0.000780417,0.000780417
751,1525.47,5.61709,1.97023,1.36132,0.20813,0.17339,0.12976,0.03427,5.7995,1.98976,1.32626,0.000774911,0.000774911,0.000774911
752,1527.62,5.5141,1.87038,1.41871,0.21065,0.17532,0.12994,0.03356,5.79927,1.97853,1.31826,0.000769421,0.000769421,0.000769421
753,1529.46,5.34475,1.81878,1.35103,0.20787,0.17532,0.12939,0.03401,5.78601,1.97504,1.31817,0.000763949,0.000763949,0.000763949
754,1531.59,5.4776,1.98532,1.3316,0.21622,0.17628,0.13282,0.03467,5.77037,1.96943,1.32202,0.000758494,0.000758494,0.000758494
755,1533.6,5.39952,1.92337,1.35712,0.2158,0.17669,0.13262,0.035,5.76373,1.9718,1.32509,0.000753057,0.000753057,0.000753057
756,1535.78,5.25561,1.855,1.36918,0.21294,0.17889,0.13134,0.03397,5.77348,1.98093,1.32032,0.000747637,0.000747637,0.000747637
757,1537.78,5.61911,1.9669,1.46422,0.21321,0.17861,0.1312,0.03405,5.77422,1.98405,1.32148,0.000742235,0.000742235,0.000742235
758,1539.91,5.68143,1.96363,1.38974,0.21343,0.17916,0.13218,0.03453,5.75408,1.98235,1.32115,0.000736851,0.000736851,0.000736851
759,1542.06,5.47164,1.85285,1.42876,0.21283,0.18053,0.13311,0.03442,5.75045,1.97844,1.32125,0.000731484,0.000731484,0.000731484
760,1544.29,5.47654,1.88792,1.39403,0.21145,0.17751,0.13247,0.03422,5.7551,1.97809,1.32472,0.000726134,0.000726134,0.000726134
761,1545.98,5.50041,1.94446,1.38365,0.21,0.1771,0.13074,0.0341,5.74911,1.97745,1.32376,0.000720803,0.000720803,0.000720803
762,1548.06,5.69211,1.96617,1.39471,0.21536,0.17834,0.13166,0.03395,5.75067,1.97566,1.31851,0.000715489,0.000715489,0.000715489
763,1550.24,5.36007,1.87026,1.36077,0.2164,0.17902,0.13259,0.03394,5.74599,1.97366,1.3167,0.000710193,0.000710193,0.000710193
764,1552.28,5.41756,1.95019,1.43236,0.21634,0.17861,0.13238,0.03395,5.74224,1.97039,1.32011,0.000704915,0.000704915,0.000704915
765,1554.22,5.43245,1.91569,1.43538,0.21674,0.17834,0.13275,0.03409,5.73325,1.97216,1.32107,0.000699655,0.000699655,0.000699655
766,1556.1,5.33444,1.82699,1.38983,0.2134,0.17799,0.13168,0.03395,5.73239,1.97119,1.32214,0.000694413,0.000694413,0.000694413
767,1557.97,5.2104,1.84439,1.43264,0.21444,0.17779,0.13078,0.03388,5.73282,1.97251,1.32211,0.000689189,0.000689189,0.000689189
768,1560.09,5.54966,1.91674,1.32785,0.21281,0.17655,0.1306,0.03396,5.73769,1.97417,1.3241,0.000683983,0.000683983,0.000683983
769,1562.19,5.5018,1.98654,1.44262,0.21715,0.17889,0.1319,0.03387,5.73698,1.9747,1.32104,0.000678796,0.000678796,0.000678796
770,1564.26,5.3873,1.80485,1.36579,0.21514,0.17641,0.13202,0.03421,5.73596,1.97502,1.32165,0.000673626,0.000673626,0.000673626
771,1566.14,5.25703,1.83033,1.33952,0.21584,0.17765,0.13245,0.03449,5.73346,1.97812,1.31957,0.000668475,0.000668475,0.000668475
772,1568.42,5.25646,1.92321,1.4481,0.2125,0.17738,0.13105,0.03444,5.72341,1.97125,1.32195,0.000663342,0.000663342,0.000663342
773,1570.24,5.50597,2.00828,1.32714,0.21485,0.17683,0.13134,0.03403,5.73435,1.97058,1.3205,0.000658228,0.000658228,0.000658228
774,1572.37,5.2548,1.9144,1.35711,0.21495,0.17724,0.13118,0.03436,5.74157,1.97116,1.3198,0.000653132,0.000653132,0.000653132
775,1574.31,5.16343,1.83691,1.44056,0.21427,0.17765,0.13144,0.03422,5.74132,1.9726,1.32041,0.000648054,0.000648054,0.000648054
776,1576.24,5.28745,1.83989,1.37342,0.21156,0.17628,0.12909,0.0336,5.73713,1.98237,1.31985,0.000642995,0.000642995,0.000642995
777,1578.08,5.31925,1.97954,1.38326,0.21112,0.17806,0.13011,0.0336,5.7376,1.98406,1.31907,0.000637955,0.000637955,0.000637955
778,1580.18,5.46372,1.89185,1.34339,0.21382,0.17806,0.13191,0.03418,5.73766,1.96951,1.31763,0.000632933,0.000632933,0.000632933
779,1582.14,5.34171,1.85378,1.42668,0.2146,0.17902,0.1337,0.03477,5.73641,1.96905,1.31805,0.00062793,0.00062793,0.00062793
780,1584.3,5.47217,1.9171,1.32051,0.21704,0.17902,0.13262,0.03452,5.74553,1.97242,1.31796,0.000622945,0.000622945,0.000622945
781,1586.17,5.49286,1.87334,1.36344,0.21662,0.17765,0.13271,0.0347,5.74395,1.97252,1.32006,0.00061798,0.00061798,0.00061798
782,1588.27,5.40597,1.8488,1.37063,0.21949,0.17683,0.13429,0.03504,5.73156,1.96844,1.31814,0.000613033,0.000613033,0.000613033
783,1590.28,5.33186,1.80626,1.40438,0.22033,0.176,0.13574,0.03529,5.72807,1.96821,1.3194,0.000608105,0.000608105,0.000608105
784,1592.36,5.14184,1.80366,1.36026,0.21677,0.17736,0.13433,0.03528,5.72141,1.96755,1.32091,0.000603196,0.000603196,0.000603196
785,1594.31,5.35078,1.83238,1.42376,0.21546,0.17477,0.13201,0.03482,5.73429,1.97151,1.32347,0.000598306,0.000598306,0.000598306
786,1596.52,5.37041,1.93033,1.37712,0.21563,0.17216,0.13093,0.03463,5.75098,1.97457,1.32669,0.000593435,0.000593435,0.000593435
787,1598.68,5.41217,1.9447,1.43669,0.21478,0.17449,0.13111,0.03479,5.74197,1.97319,1.32551,0.000588583,0.000588583,0.000588583
788,1600.58,5.3594,1.86503,1.45499,0.2142,0.17271,0.1315,0.03505,5.74677,1.97615,1.32793,0.00058375,0.00058375,0.00058375
789,1602.71,5.16876,1.81149,1.39669,0.21717,0.17435,0.13263,0.03534,5.74687,1.97655,1.32722,0.000578936,0.000578936,0.000578936
790,1604.77,5.20657,1.84796,1.37857,0.21735,0.17765,0.13358,0.03567,5.73901,1.97127,1.32327,0.000574142,0.000574142,0.000574142
791,1606.71,5.34458,1.9316,1.41554,0.21837,0.1782,0.13424,0.03546,5.74674,1.97601,1.32494,0.000569366,0.000569366,0.000569366
792,1608.81,5.49386,1.96178,1.38454,0.21934,0.17559,0.13541,0.0358,5.75763,1.97617,1.32714,0.00056461,0.00056461,0.00056461
793,1610.78,5.36851,1.93811,1.3742,0.21643,0.17394,0.13317,0.0355,5.75422,1.97276,1.32753,0.000559874,0.000559874,0.000559874
794,1612.75,5.23168,1.83403,1.35757,0.21776,0.1771,0.13464,0.03554,5.72505,1.96138,1.32287,0.000555157,0.000555157,0.000555157
795,1614.91,5.67097,2.05148,1.37307,0.21649,0.1793,0.13584,0.03588,5.71879,1.95788,1.3198,0.000550459,0.000550459,0.000550459
796,1616.94,5.4445,1.86782,1.40604,0.2156,0.17962,0.13571,0.0361,5.73168,1.96741,1.32258,0.00054578,0.00054578,0.00054578
797,1618.87,5.24379,1.83119,1.38862,0.21258,0.1804,0.13493,0.03602,5.72874,1.96643,1.32087,0.000541122,0.000541122,0.000541122
798,1620.9,5.49373,1.90293,1.4041,0.21419,0.18094,0.13585,0.0362,5.72616,1.96399,1.31985,0.000536483,0.000536483,0.000536483
799,1622.88,5.25926,1.81286,1.4597,0.2176,0.18067,0.13681,0.0364,5.72269,1.96121,1.31957,0.000531863,0.000531863,0.000531863
800,1625.23,5.51539,1.96384,1.37898,0.21701,0.17916,0.13529,0.03566,5.70744,1.95721,1.32014,0.000527263,0.000527263,0.000527263
801,1627.25,5.38639,1.87958,1.3387,0.2164,0.17806,0.13522,0.03567,5.69686,1.9565,1.32037,0.000522683,0.000522683,0.000522683
802,1629.18,5.24432,1.86788,1.37937,0.21771,0.17842,0.13618,0.03589,5.68941,1.9546,1.31751,0.000518123,0.000518123,0.000518123
803,1631.4,5.22573,1.8081,1.38114,0.22002,0.1793,0.13794,0.03623,5.6884,1.95268,1.31628,0.000513582,0.000513582,0.000513582
804,1633.42,5.55712,1.90052,1.36058,0.21631,0.17545,0.13429,0.03533,5.69689,1.95737,1.32239,0.000509061,0.000509061,0.000509061
805,1635.37,5.12797,1.83709,1.35333,0.21526,0.17477,0.13421,0.03528,5.69892,1.95745,1.32291,0.00050456,0.00050456,0.00050456
806,1637.6,5.31692,1.91068,1.3495,0.21789,0.17696,0.13455,0.03551,5.69225,1.95662,1.32233,0.000500079,0.000500079,0.000500079
807,1639.58,5.10698,1.82558,1.37835,0.21839,0.1763,0.13499,0.03545,5.69343,1.95726,1.32373,0.000495619,0.000495619,0.000495619
808,1641.75,5.48293,1.88155,1.39274,0.21693,0.17559,0.13523,0.03538,5.69659,1.95491,1.3251,0.000491178,0.000491178,0.000491178
809,1643.8,5.15301,1.81091,1.33072,0.21914,0.17738,0.13617,0.03566,5.68545,1.95311,1.32234,0.000486757,0.000486757,0.000486757
810,1645.93,5.42547,1.92767,1.35652,0.22061,0.17889,0.13609,0.03567,5.68009,1.95656,1.3223,0.000482356,0.000482356,0.000482356
811,1647.71,5.21312,1.78921,1.39765,0.22199,0.18136,0.13722,0.03575,5.67639,1.95707,1.31971,0.000477976,0.000477976,0.000477976
812,1649.8,5.1655,1.79438,1.42753,0.2181,0.17943,0.13589,0.03564,5.68038,1.95623,1.31982,0.000473615,0.000473615,0.000473615
813,1651.88,5.50082,1.92217,1.34353,0.21791,0.18081,0.1371,0.03604,5.67587,1.95743,1.31732,0.000469275,0.000469275,0.000469275
814,1653.84,5.27387,1.87881,1.36139,0.21485,0.18108,0.13558,0.03573,5.68175,1.95946,1.31749,0.000464955,0.000464955,0.000464955
815,1655.81,5.41376,1.8787,1.36714,0.21649,0.17998,0.13493,0.0355,5.68426,1.95989,1.31945,0.000460656,0.000460656,0.000460656
816,1657.92,5.19277,1.84672,1.37929,0.2186,0.17985,0.13695,0.03565,5.68271,1.95691,1.31925,0.000456377,0.000456377,0.000456377
817,1659.74,5.38378,1.86607,1.41215,0.21655,0.17847,0.13534,0.03543,5.69127,1.95838,1.32035,0.000452118,0.000452118,0.000452118
818,1661.85,5.69411,1.8884,1.38906,0.21596,0.17724,0.13293,0.03535,5.69416,1.96161,1.3211,0.00044788,0.00044788,0.00044788
819,1663.97,5.2985,1.91222,1.34794,0.21626,0.17847,0.13276,0.03539,5.6922,1.96159,1.32023,0.000443662,0.000443662,0.000443662
820,1665.88,5.52477,2.02354,1.35128,0.22173,0.18094,0.13617,0.036,5.68722,1.95843,1.31632,0.000439465,0.000439465,0.000439465
821,1667.71,5.3352,1.84377,1.37474,0.22235,0.17943,0.13581,0.03611,5.68619,1.95656,1.31665,0.000435288,0.000435288,0.000435288
822,1669.79,5.24023,1.846,1.39092,0.22207,0.18012,0.13808,0.03636,5.69529,1.95603,1.31441,0.000431132,0.000431132,0.000431132
823,1671.95,5.31829,1.89568,1.40188,0.22285,0.17985,0.13803,0.03669,5.69728,1.95401,1.31316,0.000426997,0.000426997,0.000426997
824,1674.11,5.32397,1.87803,1.39953,0.22437,0.18122,0.13882,0.03697,5.69321,1.9555,1.31518,0.000422883,0.000422883,0.000422883
825,1675.96,5.03537,1.76989,1.34177,0.22303,0.1804,0.13783,0.03665,5.69301,1.95739,1.31644,0.000418789,0.000418789,0.000418789
826,1678.11,5.18467,1.83734,1.35807,0.21834,0.18163,0.13582,0.0356,5.6966,1.95985,1.31731,0.000414716,0.000414716,0.000414716
827,1680.05,5.37189,1.8007,1.34363,0.21893,0.18133,0.13643,0.03569,5.69721,1.95878,1.31731,0.000410663,0.000410663,0.000410663
828,1682.07,5.49153,1.97308,1.42337,0.22133,0.18287,0.13819,0.03573,5.69215,1.95694,1.31731,0.000406632,0.000406632,0.000406632
829,1683.99,5.4209,1.91504,1.40936,0.21912,0.18108,0.13643,0.03594,5.68965,1.95821,1.3182,0.000402622,0.000402622,0.000402622
830,1685.99,5.34818,1.93698,1.37828,0.22409,0.18009,0.13766,0.03604,5.69028,1.96059,1.31625,0.000398632,0.000398632,0.000398632
831,1688.27,5.29627,1.79016,1.3848,0.2239,0.17902,0.13682,0.03612,5.69689,1.96159,1.31668,0.000394663,0.000394663,0.000394663
832,1690.36,5.3524,1.92449,1.43759,0.21699,0.17738,0.13483,0.03575,5.70584,1.96407,1.31885,0.000390716,0.000390716,0.000390716
833,1692.39,5.30632,1.81216,1.38577,0.21721,0.17696,0.13487,0.03599,5.71133,1.96344,1.31866,0.00038679,0.00038679,0.00038679
834,1694.37,5.11437,1.77883,1.37131,0.21727,0.17614,0.13422,0.03593,5.70621,1.96196,1.31616,0.000382884,0.000382884,0.000382884
835,1696.47,5.39085,1.87466,1.37656,0.21646,0.176,0.13369,0.03593,5.70447,1.96317,1.31743,0.000379,0.000379,0.000379
836,1698.16,5.41982,1.94123,1.37942,0.21653,0.17792,0.13468,0.03576,5.69824,1.96272,1.3154,0.000375137,0.000375137,0.000375137
837,1700.07,5.26559,1.75454,1.41666,0.21499,0.17792,0.13454,0.03581,5.69758,1.96225,1.31505,0.000371295,0.000371295,0.000371295
838,1702.31,5.60247,1.89736,1.45128,0.21645,0.17957,0.13679,0.03626,5.7005,1.96013,1.31396,0.000367475,0.000367475,0.000367475
839,1704.4,5.75905,2.00262,1.35953,0.21801,0.18012,0.13694,0.0362,5.7034,1.95885,1.31203,0.000363675,0.000363675,0.000363675
840,1706.32,5.25097,1.85859,1.39421,0.21423,0.17971,0.13614,0.03615,5.70098,1.95792,1.31059,0.000359898,0.000359898,0.000359898
841,1708.28,5.33921,1.88842,1.36714,0.21633,0.1804,0.13753,0.03629,5.68755,1.95491,1.31058,0.000356141,0.000356141,0.000356141
842,1710.43,5.43059,1.91367,1.3513,0.21573,0.18164,0.13866,0.03673,5.67535,1.95267,1.31251,0.000352406,0.000352406,0.000352406
843,1712.67,5.48698,1.97949,1.37055,0.21629,0.18094,0.13873,0.03734,5.67926,1.95386,1.31347,0.000348692,0.000348692,0.000348692
844,1714.73,5.18707,1.89672,1.36885,0.2156,0.17902,0.13741,0.03716,5.68834,1.96108,1.31546,0.000345,0.000345,0.000345
845,1716.86,5.353,1.84442,1.38112,0.21588,0.17806,0.13686,0.037,5.69266,1.95927,1.31522,0.000341329,0.000341329,0.000341329
846,1719.04,5.32274,1.84052,1.34123,0.2164,0.17873,0.13714,0.03686,5.69309,1.95574,1.31423,0.00033768,0.00033768,0.00033768
847,1721.17,5.1988,1.9117,1.33106,0.21876,0.1804,0.13907,0.03715,5.69283,1.95659,1.31569,0.000334053,0.000334053,0.000334053
848,1723.41,5.35854,1.87643,1.32385,0.21768,0.17998,0.1388,0.03726,5.68755,1.95491,1.31555,0.000330447,0.000330447,0.000330447
849,1725.44,5.21481,1.85058,1.37619,0.21907,0.17985,0.13942,0.03729,5.68523,1.95347,1.31593,0.000326862,0.000326862,0.000326862
850,1727.49,5.5008,1.93759,1.36095,0.21674,0.17998,0.13827,0.0372,5.67519,1.94975,1.31475,0.0003233,0.0003233,0.0003233
851,1729.38,5.18007,1.79261,1.3543,0.21789,0.17985,0.13783,0.03707,5.67471,1.95016,1.3158,0.000319759,0.000319759,0.000319759
852,1731.21,5.59009,1.90847,1.35671,0.21712,0.18191,0.1388,0.03714,5.67627,1.94973,1.31345,0.00031624,0.00031624,0.00031624
853,1733.01,5.10256,1.80046,1.42349,0.22053,0.17971,0.13907,0.03699,5.68218,1.95041,1.3124,0.000312742,0.000312742,0.000312742
854,1735.2,5.5857,1.91196,1.40504,0.2229,0.18063,0.13979,0.03697,5.68201,1.9492,1.31404,0.000309267,0.000309267,0.000309267
855,1737.24,5.32321,1.79647,1.4138,0.22202,0.18081,0.13926,0.03687,5.68478,1.95021,1.31411,0.000305813,0.000305813,0.000305813
856,1739.35,5.43519,1.92303,1.34184,0.22331,0.18191,0.13988,0.03665,5.68975,1.95314,1.31468,0.000302382,0.000302382,0.000302382
857,1741.41,5.41211,1.8683,1.36116,0.22132,0.18081,0.1381,0.03646,5.693,1.95451,1.31549,0.000298972,0.000298972,0.000298972
858,1743.49,5.24989,1.8382,1.35545,0.22092,0.1808,0.13818,0.03638,5.69625,1.95727,1.3161,0.000295584,0.000295584,0.000295584
859,1745.25,5.34984,1.91375,1.42356,0.22052,0.17902,0.13773,0.03628,5.69768,1.95795,1.31727,0.000292218,0.000292218,0.000292218
860,1747.59,5.4379,1.91325,1.37211,0.22291,0.1782,0.1381,0.03619,5.6925,1.95711,1.31739,0.000288875,0.000288875,0.000288875
861,1749.48,5.12305,1.94195,1.37029,0.22197,0.18053,0.13828,0.03649,5.68647,1.95562,1.31681,0.000285553,0.000285553,0.000285553
862,1751.64,5.12476,1.81704,1.36545,0.2205,0.17902,0.13711,0.03664,5.6807,1.95196,1.31753,0.000282253,0.000282253,0.000282253
863,1753.63,5.50041,2.00893,1.3648,0.22029,0.17916,0.13784,0.03687,5.67559,1.95057,1.3183,0.000278976,0.000278976,0.000278976
864,1755.73,5.35912,1.8911,1.38649,0.22048,0.17943,0.13741,0.03687,5.67224,1.94956,1.31771,0.000275721,0.000275721,0.000275721
865,1757.93,5.03098,1.77202,1.34346,0.22096,0.17875,0.13804,0.03717,5.6743,1.94886,1.31558,0.000272488,0.000272488,0.000272488
866,1760.08,5.29529,1.7948,1.32524,0.22115,0.17998,0.13843,0.03706,5.67378,1.9494,1.3147,0.000269277,0.000269277,0.000269277
867,1762.19,5.15522,1.85433,1.28516,0.22115,0.17971,0.13821,0.03696,5.67632,1.94957,1.31445,0.000266088,0.000266088,0.000266088
868,1764.19,5.36627,1.8708,1.35072,0.22209,0.17683,0.13815,0.03695,5.67755,1.94992,1.31393,0.000262922,0.000262922,0.000262922
869,1766.17,5.2947,1.82601,1.40068,0.2208,0.17696,0.13721,0.0369,5.67738,1.9509,1.31462,0.000259778,0.000259778,0.000259778
870,1768.27,5.3002,1.88358,1.42731,0.22261,0.17902,0.1363,0.03655,5.68437,1.95358,1.31756,0.000256657,0.000256657,0.000256657
871,1770.43,5.23065,1.79593,1.38917,0.21941,0.17792,0.13547,0.03642,5.68814,1.9551,1.31782,0.000253557,0.000253557,0.000253557
872,1772.41,5.16795,1.82555,1.34023,0.22121,0.17998,0.13722,0.03691,5.68805,1.95354,1.31543,0.000250481,0.000250481,0.000250481
873,1774.52,5.13403,1.7972,1.36414,0.22315,0.17875,0.13691,0.03685,5.6913,1.95202,1.31369,0.000247426,0.000247426,0.000247426
874,1776.69,5.01217,1.82019,1.36665,0.22065,0.17998,0.13777,0.03699,5.68878,1.95149,1.31351,0.000244394,0.000244394,0.000244394
875,1778.82,5.19586,1.8356,1.3482,0.22164,0.18136,0.13916,0.03713,5.68565,1.95197,1.31468,0.000241385,0.000241385,0.000241385
876,1780.92,5.25597,1.82116,1.42775,0.22013,0.18136,0.13861,0.03682,5.68556,1.94973,1.31503,0.000238398,0.000238398,0.000238398
877,1783.02,5.4029,1.86497,1.37203,0.22066,0.18094,0.13851,0.03686,5.68652,1.94893,1.31454,0.000235434,0.000235434,0.000235434
878,1784.96,5.26739,1.89099,1.40294,0.21849,0.17957,0.13685,0.03683,5.68633,1.94905,1.31489,0.000232492,0.000232492,0.000232492
879,1787.13,5.22691,1.78266,1.37252,0.2175,0.18076,0.13784,0.03689,5.68645,1.94841,1.31602,0.000229573,0.000229573,0.000229573
880,1789.48,5.1893,1.90495,1.37561,0.21697,0.17806,0.13657,0.03689,5.68196,1.9463,1.31682,0.000226677,0.000226677,0.000226677
881,1791.34,5.35159,1.82999,1.40065,0.21872,0.17943,0.13786,0.03671,5.68217,1.94714,1.31798,0.000223803,0.000223803,0.000223803
882,1793.3,5.33205,1.84892,1.43121,0.21495,0.1804,0.13625,0.03664,5.68433,1.94491,1.31744,0.000220952,0.000220952,0.000220952
883,1795.37,5.3516,1.84848,1.4273,0.21794,0.17889,0.1371,0.03658,5.68673,1.94497,1.31678,0.000218124,0.000218124,0.000218124
884,1797.41,5.63583,1.96178,1.3252,0.21903,0.17875,0.13726,0.0367,5.68469,1.94514,1.31651,0.000215319,0.000215319,0.000215319
885,1799.29,5.4427,1.86789,1.41052,0.21785,0.17724,0.13659,0.03661,5.68328,1.94407,1.31681,0.000212536,0.000212536,0.000212536
886,1801.62,5.08396,1.76635,1.30665,0.21937,0.17875,0.13644,0.03675,5.67966,1.94166,1.31752,0.000209776,0.000209776,0.000209776
887,1803.75,5.34369,1.84598,1.42671,0.2205,0.17902,0.13789,0.03698,5.67629,1.94098,1.31675,0.000207039,0.000207039,0.000207039
888,1805.92,5.18299,1.80283,1.36259,0.22078,0.17943,0.13763,0.03707,5.66729,1.93916,1.31732,0.000204325,0.000204325,0.000204325
889,1807.75,5.09856,1.79659,1.34547,0.22256,0.17902,0.13757,0.0371,5.66304,1.93847,1.31731,0.000201634,0.000201634,0.000201634
890,1809.88,5.46106,1.92801,1.39067,0.22129,0.17765,0.13762,0.03705,5.65799,1.93857,1.31729,0.000198965,0.000198965,0.000198965
891,1811.92,5.07745,1.73099,1.33016,0.21991,0.17738,0.13664,0.03663,5.65973,1.93896,1.31807,0.00019632,0.00019632,0.00019632
892,1814,5.53505,1.92922,1.33206,0.2223,0.17879,0.13829,0.03696,5.65874,1.93933,1.31698,0.000193698,0.000193698,0.000193698
893,1815.81,5.34292,1.88346,1.46615,0.22175,0.17916,0.13957,0.03731,5.65846,1.93965,1.31666,0.000191098,0.000191098,0.000191098
894,1817.66,5.30809,1.91035,1.4656,0.22392,0.18108,0.14057,0.03761,5.65603,1.93787,1.31532,0.000188522,0.000188522,0.000188522
895,1819.62,5.28725,1.82684,1.36298,0.2232,0.17985,0.14022,0.03766,5.65361,1.93705,1.31523,0.000185969,0.000185969,0.000185969
896,1821.83,5.31894,1.96812,1.36608,0.22465,0.18094,0.14063,0.0378,5.65118,1.93591,1.31477,0.000183439,0.000183439,0.000183439
897,1823.81,5.17476,1.84692,1.37433,0.22376,0.18259,0.14145,0.03782,5.65237,1.93639,1.31417,0.000180932,0.000180932,0.000180932
898,1825.77,5.02159,1.74722,1.37863,0.22558,0.18149,0.14091,0.0376,5.66281,1.93825,1.31378,0.000178448,0.000178448,0.000178448
899,1827.7,5.48291,1.8857,1.38366,0.22646,0.18163,0.14078,0.03756,5.66438,1.93975,1.3144,0.000175987,0.000175987,0.000175987
900,1829.97,5.36538,1.87648,1.37585,0.22481,0.1804,0.1388,0.03706,5.66226,1.94331,1.31678,0.000173549,0.000173549,0.000173549
901,1832.02,5.29669,1.86723,1.37154,0.22373,0.17957,0.13826,0.03688,5.66294,1.94466,1.31726,0.000171135,0.000171135,0.000171135
902,1834.22,5.23695,1.83001,1.39914,0.22559,0.17985,0.13834,0.03688,5.66339,1.94649,1.31709,0.000168744,0.000168744,0.000168744
903,1836.35,5.31476,1.79135,1.37017,0.22493,0.17985,0.13887,0.03672,5.66516,1.94642,1.31643,0.000166376,0.000166376,0.000166376
904,1838.37,5.29815,1.86224,1.40974,0.22349,0.18012,0.13896,0.0371,5.66684,1.94745,1.31429,0.000164032,0.000164032,0.000164032
905,1840.4,5.2125,1.94902,1.28535,0.22316,0.17875,0.13928,0.03727,5.66376,1.94726,1.31395,0.00016171,0.00016171,0.00016171
906,1842.4,5.41855,1.90716,1.41323,0.22035,0.17806,0.13859,0.03731,5.65956,1.94619,1.31548,0.000159412,0.000159412,0.000159412
907,1844.3,5.51058,1.94262,1.44256,0.22179,0.17916,0.1392,0.03734,5.65715,1.94567,1.31567,0.000157138,0.000157138,0.000157138
908,1846.63,5.18049,1.84658,1.39503,0.22338,0.17829,0.13948,0.03733,5.65647,1.94412,1.31423,0.000154886,0.000154886,0.000154886
909,1848.69,5.28678,1.85602,1.41124,0.22444,0.1785,0.14011,0.03714,5.6562,1.94313,1.31383,0.000152659,0.000152659,0.000152659
910,1850.92,5.22926,1.84493,1.47178,0.22265,0.17738,0.13925,0.03701,5.66173,1.94202,1.31502,0.000150454,0.000150454,0.000150454
911,1852.86,5.31776,1.82617,1.33276,0.22088,0.17724,0.13879,0.03685,5.66523,1.9424,1.31575,0.000148273,0.000148273,0.000148273
912,1855,5.12516,1.80537,1.38291,0.21909,0.17664,0.13817,0.03692,5.66782,1.94207,1.31621,0.000146116,0.000146116,0.000146116
913,1856.96,5.08653,1.78688,1.3435,0.21905,0.17641,0.13713,0.03669,5.66825,1.94161,1.3161,0.000143982,0.000143982,0.000143982
914,1859.08,5.18345,1.75501,1.36326,0.21894,0.17573,0.13643,0.03671,5.66825,1.94175,1.31719,0.000141871,0.000141871,0.000141871
915,1861.06,5.42812,1.89483,1.42872,0.21627,0.1771,0.13629,0.03676,5.66578,1.94269,1.31792,0.000139784,0.000139784,0.000139784
916,1863.26,5.2178,1.7786,1.39623,0.21703,0.17641,0.13714,0.03669,5.66522,1.94245,1.31821,0.00013772,0.00013772,0.00013772
917,1865.18,5.32393,1.85309,1.41083,0.21949,0.17573,0.13785,0.03681,5.66535,1.9427,1.3181,0.00013568,0.00013568,0.00013568
918,1867.33,5.35327,1.86929,1.36685,0.22291,0.1782,0.13957,0.03743,5.66176,1.94135,1.31508,0.000133664,0.000133664,0.000133664
919,1869.3,5.38126,1.87289,1.367,0.22503,0.17943,0.14119,0.03741,5.66212,1.9413,1.31366,0.000131671,0.000131671,0.000131671
920,1871.52,5.4207,1.93143,1.35886,0.22471,0.17971,0.14123,0.03744,5.66253,1.9409,1.3129,0.000129702,0.000129702,0.000129702
921,1873.4,5.57892,1.99039,1.34682,0.22386,0.18026,0.13995,0.03728,5.66324,1.94052,1.31324,0.000127757,0.000127757,0.000127757
922,1875.44,5.68618,1.9965,1.39848,0.22358,0.1804,0.14057,0.03751,5.65977,1.93922,1.31391,0.000125835,0.000125835,0.000125835
923,1877.5,5.44073,1.90479,1.35894,0.22362,0.18053,0.14054,0.03757,5.65904,1.93849,1.31363,0.000123937,0.000123937,0.000123937
924,1879.7,5.32429,1.85624,1.41473,0.22552,0.18177,0.14137,0.03761,5.65852,1.9372,1.3125,0.000122062,0.000122062,0.000122062
925,1881.59,5.30879,1.85127,1.41203,0.22564,0.18136,0.14076,0.03751,5.65956,1.9371,1.31247,0.000120211,0.000120211,0.000120211
926,1883.63,5.10702,1.8221,1.33743,0.22649,0.18026,0.13988,0.0373,5.66098,1.93771,1.31294,0.000118384,0.000118384,0.000118384
927,1885.7,5.69251,1.96926,1.44286,0.22542,0.17902,0.13944,0.03726,5.66009,1.93771,1.31351,0.000116581,0.000116581,0.000116581
928,1887.9,5.23107,1.8096,1.34752,0.22225,0.18053,0.13874,0.0371,5.66222,1.93973,1.31439,0.000114802,0.000114802,0.000114802
929,1890.02,5.37948,1.89117,1.38575,0.22295,0.17824,0.13816,0.0372,5.66254,1.94035,1.31463,0.000113046,0.000113046,0.000113046
930,1892.21,5.43887,1.90666,1.42391,0.22178,0.17573,0.13688,0.03686,5.66432,1.94116,1.31553,0.000111314,0.000111314,0.000111314
931,1894.28,5.28218,1.87734,1.3733,0.22052,0.17669,0.13626,0.03694,5.66261,1.94063,1.31548,0.000109606,0.000109606,0.000109606
932,1896.33,5.37005,1.85147,1.35296,0.22265,0.17724,0.13809,0.03723,5.6598,1.94081,1.31523,0.000107922,0.000107922,0.000107922
933,1898.54,5.25327,1.8286,1.3517,0.22328,0.17792,0.13862,0.03741,5.65918,1.94056,1.31525,0.000106261,0.000106261,0.000106261
934,1900.9,5.09196,1.85203,1.38053,0.22208,0.17628,0.13767,0.03716,5.65717,1.94069,1.31618,0.000104625,0.000104625,0.000104625
935,1902.96,5.13284,1.79897,1.30858,0.22123,0.17765,0.13851,0.03715,5.65632,1.94099,1.31655,0.000103012,0.000103012,0.000103012
936,1905.5,5.24305,1.85547,1.35555,0.21921,0.17696,0.13765,0.03708,5.65157,1.94062,1.31719,0.000101424,0.000101424,0.000101424
937,1907.46,5.58107,2.047,1.33588,0.21955,0.17861,0.13826,0.03715,5.64948,1.93952,1.31624,9.98587e-05,9.98587e-05,9.98587e-05
938,1909.5,5.3613,1.91806,1.38122,0.22097,0.17861,0.13951,0.03766,5.65005,1.93787,1.31428,9.83179e-05,9.83179e-05,9.83179e-05
939,1911.5,5.2999,1.86655,1.39231,0.22375,0.18067,0.14126,0.03774,5.65126,1.93815,1.31328,9.6801e-05,9.6801e-05,9.6801e-05
940,1913.55,5.30984,1.87801,1.35528,0.22585,0.17971,0.1419,0.03768,5.65195,1.93889,1.31298,9.5308e-05,9.5308e-05,9.5308e-05
941,1915.28,5.63327,1.97786,1.37425,0.22622,0.17943,0.14213,0.03773,5.65188,1.93913,1.3129,9.38391e-05,9.38391e-05,9.38391e-05
942,1917.14,5.19135,1.83865,1.41898,0.22463,0.17985,0.14208,0.03775,5.64968,1.93898,1.31291,9.23941e-05,9.23941e-05,9.23941e-05
943,1919.15,5.34571,1.85608,1.39821,0.22498,0.17957,0.14205,0.03787,5.6497,1.93962,1.3135,9.09731e-05,9.09731e-05,9.09731e-05
944,1921.12,5.16854,1.82636,1.3572,0.22325,0.17861,0.14054,0.0376,5.64901,1.94077,1.3149,8.95762e-05,8.95762e-05,8.95762e-05
945,1923,5.41496,1.8602,1.34401,0.22294,0.17751,0.13973,0.03757,5.6479,1.94018,1.31503,8.82033e-05,8.82033e-05,8.82033e-05
946,1925.44,5.2073,1.79309,1.40101,0.22595,0.17792,0.14065,0.03781,5.64861,1.94095,1.3142,8.68544e-05,8.68544e-05,8.68544e-05
947,1927.42,5.10342,1.74447,1.34519,0.22572,0.17834,0.14097,0.0379,5.64934,1.94067,1.31381,8.55296e-05,8.55296e-05,8.55296e-05
948,1929.78,5.44013,1.83777,1.39881,0.22803,0.1793,0.1422,0.03816,5.64862,1.94016,1.31314,8.42289e-05,8.42289e-05,8.42289e-05
949,1931.95,5.12282,1.81817,1.42238,0.22902,0.17964,0.14282,0.03818,5.64806,1.93892,1.3126,8.29523e-05,8.29523e-05,8.29523e-05
950,1934.13,5.44921,1.91984,1.42338,0.2291,0.17957,0.14242,0.03812,5.64459,1.93592,1.3127,8.16998e-05,8.16998e-05,8.16998e-05
951,1936.1,5.30331,1.84095,1.3853,0.22926,0.17916,0.14221,0.03797,5.64186,1.93493,1.3131,8.04714e-05,8.04714e-05,8.04714e-05
952,1938.1,5.21214,1.85631,1.38693,0.22972,0.17916,0.14271,0.03805,5.63593,1.93312,1.31366,7.92671e-05,7.92671e-05,7.92671e-05
953,1940.38,5.20243,1.83667,1.32938,0.22689,0.1793,0.14192,0.03795,5.63265,1.93286,1.31425,7.80869e-05,7.80869e-05,7.80869e-05
954,1942.84,5.47997,1.91927,1.38255,0.22681,0.17834,0.14184,0.03788,5.62919,1.9323,1.31449,7.69309e-05,7.69309e-05,7.69309e-05
955,1945,5.43679,1.89702,1.38645,0.22652,0.17985,0.14224,0.03808,5.62751,1.9317,1.31404,7.57991e-05,7.57991e-05,7.57991e-05
956,1947.04,5.11549,1.78949,1.38376,0.2283,0.17998,0.14222,0.03814,5.62834,1.93096,1.31325,7.46914e-05,7.46914e-05,7.46914e-05
957,1949,5.26209,1.84616,1.36208,0.22884,0.17998,0.1425,0.03816,5.63043,1.93054,1.313,7.3608e-05,7.3608e-05,7.3608e-05
958,1951.34,5.23598,1.85369,1.38727,0.22971,0.18053,0.14216,0.03821,5.63138,1.93025,1.3128,7.25487e-05,7.25487e-05,7.25487e-05
959,1953.55,5.41126,1.88342,1.36584,0.23038,0.18108,0.14301,0.03829,5.63192,1.93059,1.31317,7.15136e-05,7.15136e-05,7.15136e-05
960,1955.66,5.45701,1.86845,1.35577,0.22776,0.18053,0.14185,0.03793,5.63399,1.93187,1.3141,7.05028e-05,7.05028e-05,7.05028e-05
961,1957.63,5.32273,1.89652,1.40317,0.22496,0.17976,0.14095,0.03781,5.63783,1.93249,1.31421,6.95161e-05,6.95161e-05,6.95161e-05
962,1959.83,5.11029,1.77123,1.38913,0.22409,0.18044,0.14042,0.03796,5.64229,1.93317,1.31422,6.85537e-05,6.85537e-05,6.85537e-05
963,1962.07,5.16902,1.79561,1.34591,0.22441,0.18067,0.14083,0.03799,5.64322,1.93333,1.3139,6.76156e-05,6.76156e-05,6.76156e-05
964,1964.12,5.24529,1.82955,1.3483,0.2238,0.18047,0.14023,0.03776,5.6449,1.93446,1.31403,6.67016e-05,6.67016e-05,6.67016e-05
965,1966.04,5.29977,1.85608,1.37445,0.22377,0.18081,0.14044,0.03769,5.64635,1.93547,1.31428,6.5812e-05,6.5812e-05,6.5812e-05
966,1968.18,5.23865,1.79296,1.39993,0.22342,0.18067,0.1406,0.03788,5.64907,1.93601,1.31475,6.49466e-05,6.49466e-05,6.49466e-05
967,1970.17,5.40248,1.84938,1.45496,0.22231,0.18026,0.14075,0.0379,5.65013,1.93612,1.3146,6.41055e-05,6.41055e-05,6.41055e-05
968,1972.44,5.41671,1.86907,1.43484,0.22194,0.18122,0.1405,0.0379,5.64812,1.93505,1.31456,6.32887e-05,6.32887e-05,6.32887e-05
969,1974.15,5.39968,1.8787,1.41456,0.22223,0.18218,0.14131,0.03797,5.64626,1.93411,1.31434,6.24962e-05,6.24962e-05,6.24962e-05
970,1976.28,5.47372,1.90093,1.42384,0.22491,0.18177,0.14176,0.03781,5.64317,1.93333,1.31397,6.1728e-05,6.1728e-05,6.1728e-05
971,1978.38,5.15952,1.80822,1.39998,0.22325,0.18122,0.14108,0.03771,5.64232,1.93297,1.31412,6.09841e-05,6.09841e-05,6.09841e-05
972,1980.5,5.29257,1.84435,1.37191,0.22324,0.18081,0.14109,0.03766,5.64161,1.93262,1.31339,6.02646e-05,6.02646e-05,6.02646e-05
973,1982.27,5.18892,1.80913,1.37505,0.22311,0.18136,0.14139,0.03772,5.64249,1.93262,1.31335,5.95693e-05,5.95693e-05,5.95693e-05
974,1984.36,5.18584,1.80787,1.35113,0.22289,0.18218,0.1411,0.03786,5.64499,1.93305,1.31326,5.88984e-05,5.88984e-05,5.88984e-05
975,1985.98,5.32643,1.80563,1.40191,0.22284,0.18177,0.14111,0.03785,5.64544,1.93346,1.31323,5.82518e-05,5.82518e-05,5.82518e-05
976,1988.13,5.59142,1.88108,1.30807,0.22288,0.18122,0.14096,0.03799,5.64689,1.93314,1.31312,5.76296e-05,5.76296e-05,5.76296e-05
977,1990.1,5.42122,1.88944,1.35614,0.22378,0.18149,0.14075,0.0379,5.64674,1.93318,1.31312,5.70317e-05,5.70317e-05,5.70317e-05
978,1992.12,5.51007,1.89116,1.40861,0.2264,0.18177,0.14219,0.03809,5.64453,1.93342,1.31328,5.64582e-05,5.64582e-05,5.64582e-05
979,1994.2,5.4858,1.8464,1.34387,0.22566,0.18218,0.14202,0.03807,5.64379,1.93343,1.31318,5.5909e-05,5.5909e-05,5.5909e-05
980,1996.43,5.33216,1.85232,1.34129,0.22573,0.18177,0.14213,0.03808,5.64336,1.93394,1.31301,5.53843e-05,5.53843e-05,5.53843e-05
981,1998.22,5.45437,1.88997,1.36858,0.22544,0.18204,0.14236,0.03814,5.64237,1.93397,1.31284,5.48838e-05,5.48838e-05,5.48838e-05
982,2000.34,5.382,1.83056,1.38757,0.22678,0.18218,0.14242,0.03813,5.64513,1.9347,1.31245,5.44078e-05,5.44078e-05,5.44078e-05
983,2002.5,5.24311,1.84815,1.41202,0.22765,0.18177,0.1424,0.03812,5.6449,1.93464,1.31239,5.39562e-05,5.39562e-05,5.39562e-05
984,2004.6,5.27055,1.82116,1.39877,0.22571,0.18191,0.14231,0.03815,5.64683,1.93403,1.3125,5.35289e-05,5.35289e-05,5.35289e-05
985,2006.63,5.49419,1.92471,1.38341,0.22533,0.18094,0.14115,0.038,5.64448,1.934,1.31262,5.3126e-05,5.3126e-05,5.3126e-05
986,2008.56,5.18239,1.80902,1.38158,0.22653,0.18053,0.14157,0.03791,5.64311,1.93374,1.31285,5.27476e-05,5.27476e-05,5.27476e-05
987,2010.32,5.24517,1.92178,1.34776,0.22572,0.18053,0.14161,0.03798,5.64185,1.93386,1.31301,5.23935e-05,5.23935e-05,5.23935e-05
988,2012.5,5.19558,1.84373,1.41044,0.22544,0.18026,0.14096,0.03803,5.64184,1.93349,1.31338,5.20638e-05,5.20638e-05,5.20638e-05
989,2014.46,5.15376,1.82063,1.34701,0.22519,0.1804,0.14108,0.03804,5.64206,1.9332,1.31329,5.17586e-05,5.17586e-05,5.17586e-05
990,2016.48,5.34883,1.83649,1.42195,0.22629,0.18094,0.14135,0.03806,5.64278,1.93258,1.31329,5.14777e-05,5.14777e-05,5.14777e-05
991,2072,5.36085,1.90123,1.30746,0.22566,0.18053,0.14134,0.03796,5.64368,1.93217,1.313,5.12213e-05,5.12213e-05,5.12213e-05
992,2073.96,5.14952,1.855,1.34854,0.22613,0.17985,0.14043,0.03785,5.64308,1.93133,1.313,5.09892e-05,5.09892e-05,5.09892e-05
993,2076.13,5.13676,1.84398,1.34603,0.22498,0.17889,0.13991,0.03773,5.64304,1.93085,1.3131,5.07816e-05,5.07816e-05,5.07816e-05
994,2078.35,5.24173,1.86149,1.33628,0.22596,0.17842,0.14078,0.0377,5.64369,1.92948,1.31325,5.05984e-05,5.05984e-05,5.05984e-05
995,2080.54,5.06283,1.78067,1.32944,0.22702,0.18016,0.14123,0.03766,5.64321,1.92935,1.31325,5.04397e-05,5.04397e-05,5.04397e-05
996,2082.56,5.23989,1.84488,1.3425,0.22742,0.17971,0.14057,0.03777,5.64278,1.92954,1.31356,5.03053e-05,5.03053e-05,5.03053e-05
997,2084.45,5.42882,1.98184,1.36619,0.22711,0.17806,0.14001,0.03765,5.64358,1.92942,1.31413,5.01954e-05,5.01954e-05,5.01954e-05
998,2086.37,5.44062,1.91355,1.33936,0.22715,0.17943,0.1407,0.0378,5.64129,1.92929,1.31458,5.01099e-05,5.01099e-05,5.01099e-05
999,2088.04,5.26166,1.8388,1.33091,0.22719,0.17875,0.13997,0.03768,5.64127,1.92974,1.31458,5.00489e-05,5.00489e-05,5.00489e-05
1000,2090.09,5.11663,1.8079,1.3576,0.2286,0.17957,0.14044,0.03769,5.63946,1.93046,1.31451,5.00122e-05,5.00122e-05,5.00122e-05
