epoch,time,train/box_loss,train/cls_loss,train/dfl_loss,metrics/precision(B),metrics/recall(B),metrics/mAP50(B),metrics/mAP50-95(B),val/box_loss,val/cls_loss,val/dfl_loss,lr/pg0,lr/pg1,lr/pg2
1,4.46175,1.36905,17.6766,0.63599,0,0,0,0,1.95395,18.2682,0.82841,0.19005,5e-05,5e-05
2,7.51109,3.6711,17.0925,1.56516,0,0,0,0,4.87866,5.09524,1.70883,0.17811,0.00011,0.00011
3,10.5904,4.53201,5.06864,1.469,0,0,0,0,5.75015,4.80019,1.65627,0.16617,0.000169998,0.000169998
4,13.8473,5.56114,4.70385,1.56671,0,0,0,0,5.39284,4.50024,1.37095,0.15423,0.000229993,0.000229993
5,16.8794,4.80531,4.27382,1.2751,0,0,0,0,5.10694,4.04503,1.13663,0.14229,0.000289984,0.000289984
6,19.7375,4.6728,3.91407,1.09293,0,0,0,0,4.84077,3.69031,0.95061,0.13035,0.00034997,0.00034997
7,23.0564,4.37322,3.60717,0.91546,0,0,0,0,4.60497,3.4456,0.83046,0.11841,0.000409949,0.000409949
8,26.4721,4.38411,3.46352,0.84124,0.00017,0.00027,8e-05,1e-05,4.50936,3.25378,0.79016,0.10647,0.00046992,0.00046992
9,29.5667,4.2124,3.33942,0.84927,0.00034,0.00055,0.00017,3e-05,4.54147,3.32508,0.82063,0.0945299,0.000529882,0.000529882
10,33.0926,4.44907,3.28148,0.84416,0,0,0,0,4.5579,3.2008,0.83246,0.0825898,0.000589834,0.000589834
11,36.8105,4.21517,3.14047,0.82461,0,0,0,0,4.56239,3.09244,0.82652,0.0706498,0.000649774,0.000649774
12,40.0048,4.30131,2.95299,0.83272,0,0,0,0,4.62766,3.10273,0.85977,0.0587097,0.000709702,0.000709702
13,43.2627,4.32257,2.99793,0.81628,0,0,0,0,4.68271,3.12938,0.89612,0.0467696,0.000769615,0.000769615
14,46.3918,4.27194,2.90833,0.8392,0,0,0,0,4.72685,3.21586,0.9347,0.0348295,0.000829513,0.000829513
15,49.3941,4.35734,2.79784,0.80697,0,0,0,0,4.73629,3.19594,0.92018,0.0228894,0.000889395,0.000889395
16,52.413,4.29095,2.81499,0.80475,0.00084,0.00137,0.00044,0.00013,4.66242,3.02447,0.84849,0.0109493,0.000949259,0.000949259
17,55.5292,4.20489,2.82628,0.76839,0.00143,0.00233,0.00074,0.00015,4.65359,3.03478,0.85052,0.000999112,0.000999112,0.000999112
18,58.8496,4.36519,2.741,0.75238,0.00109,0.00178,0.00055,0.0001,4.74019,3.12274,0.9411,0.000998998,0.000998998,0.000998998
19,62.0252,4.27321,2.66582,0.79785,0.00521,0.00851,0.00282,0.00058,4.63924,3.03613,0.85652,0.000998876,0.000998876,0.000998876
20,65.379,4.31885,2.66365,0.81343,0.00571,0.00934,0.00334,0.00071,4.71424,3.00021,0.92947,0.000998748,0.000998748,0.000998748
21,68.5553,4.22203,2.76942,0.81924,0.00269,0.00439,0.003,0.0006,4.74832,3.1017,0.95618,0.000998613,0.000998613,0.000998613
22,71.847,4.18814,2.68964,0.79801,0,0,0,0,4.7702,3.18692,0.9733,0.000998471,0.000998471,0.000998471
23,74.911,4.249,2.61446,0.8045,0.00025,0.00041,0.00014,1e-05,4.76693,3.18844,0.97078,0.000998322,0.000998322,0.000998322
24,77.932,4.3683,2.57338,0.8096,0.00647,0.01057,0.00351,0.00079,4.70433,2.97777,0.91691,0.000998166,0.000998166,0.000998166
25,81.2524,4.32865,2.69424,0.76517,0.0063,0.0103,0.00441,0.00098,4.71809,2.99927,0.92325,0.000998003,0.000998003,0.000998003
26,84.462,4.34347,2.69504,0.78567,0.00294,0.00481,0.0017,0.00031,4.75043,3.12566,0.95086,0.000997833,0.000997833,0.000997833
27,87.3393,4.12415,2.50997,0.81769,0.00227,0.00371,0.00137,0.00025,4.75485,3.14048,0.95507,0.000997656,0.000997656,0.000997656
28,90.6592,4.32277,2.68448,0.75467,0.00546,0.00892,0.00373,0.00087,4.72749,3.12447,0.92681,0.000997473,0.000997473,0.000997473
29,93.6331,4.28144,2.59246,0.85936,0.00891,0.01455,0.00466,0.00104,4.68013,3.09673,0.89652,0.000997282,0.000997282,0.000997282
30,96.5887,4.33092,2.56987,0.75985,0.00639,0.01043,0.00346,0.00075,4.70046,3.16961,0.90628,0.000997085,0.000997085,0.000997085
31,99.6065,4.27711,2.51183,0.75653,0.00563,0.0092,0.00288,0.00063,4.68425,3.20121,0.89306,0.000996881,0.000996881,0.000996881
32,102.719,4.11968,2.46056,0.80299,0.01958,0.03199,0.01265,0.00311,4.47874,2.88011,0.78837,0.00099667,0.00099667,0.00099667
33,106.02,4.1509,2.43806,0.82839,0.01966,0.03213,0.01516,0.0034,4.47519,3.64039,0.78816,0.000996452,0.000996452,0.000996452
34,109.356,4.22565,2.54957,0.80175,0.02227,0.03638,0.01223,0.00277,4.40419,2.77416,0.77151,0.000996227,0.000996227,0.000996227
35,112.487,4.19524,2.35066,0.75044,0.02118,0.0346,0.01146,0.00261,4.43323,2.80297,0.78979,0.000995995,0.000995995,0.000995995
36,115.904,4.13286,2.36492,0.81113,0.01647,0.02691,0.00969,0.00194,4.6924,2.92736,0.89769,0.000995756,0.000995756,0.000995756
37,119.084,4.00362,2.33429,0.82318,0.01597,0.02608,0.00923,0.00197,4.69281,2.86778,0.90295,0.000995511,0.000995511,0.000995511
38,122.486,4.05269,2.27153,0.81526,0.02529,0.04132,0.01495,0.00324,4.45852,2.71392,0.80932,0.000995258,0.000995258,0.000995258
39,125.49,4.16826,2.4074,0.75415,0.03513,0.05739,0.02011,0.00429,4.30915,2.5445,0.77221,0.000994999,0.000994999,0.000994999
40,128.872,3.9649,2.1976,0.75433,0.04,0.06535,0.02457,0.00532,4.27574,2.75601,0.76763,0.000994733,0.000994733,0.000994733
41,131.953,3.86545,2.35985,0.79161,0.03882,0.06343,0.02463,0.00529,4.2868,2.53538,0.7731,0.00099446,0.00099446,0.00099446
42,135.082,3.76343,2.08798,0.74598,0.03185,0.05203,0.021,0.00475,4.38015,2.64421,0.80033,0.00099418,0.00099418,0.00099418
43,138.227,3.86718,2.13791,0.81573,0.04227,0.06906,0.03214,0.00743,4.2242,2.57092,0.76183,0.000993893,0.000993893,0.000993893
44,141.677,3.79262,2.11288,0.76039,0.04647,0.07592,0.03546,0.00883,4.15768,2.47743,0.74598,0.0009936,0.0009936,0.0009936
45,145.029,3.81501,2.05016,0.72063,0.05681,0.09281,0.03978,0.00945,4.04706,2.47001,0.72312,0.000993299,0.000993299,0.000993299
46,147.969,4.01454,2.3644,0.79935,0.05479,0.08951,0.03855,0.00966,4.03163,2.58094,0.7191,0.000992992,0.000992992,0.000992992
47,151.082,3.90715,2.25151,0.70358,0.06521,0.10653,0.04723,0.0116,3.92666,2.60641,0.705,0.000992678,0.000992678,0.000992678
48,154.034,3.68042,2.01226,0.7333,0.05571,0.09102,0.04366,0.01057,4.0404,2.42226,0.72463,0.000992357,0.000992357,0.000992357
49,157.114,3.75585,1.98319,0.8376,0.04925,0.07894,0.03638,0.00947,4.08115,2.36633,0.7369,0.000992029,0.000992029,0.000992029
50,160.37,3.80977,2.03574,0.74498,0.04916,0.08031,0.03324,0.00783,4.09628,2.43354,0.70387,0.000991695,0.000991695,0.000991695
51,163.309,3.69972,1.92604,0.70117,0.0437,0.07139,0.02907,0.00689,4.11577,2.49055,0.70275,0.000991353,0.000991353,0.000991353
52,166.407,3.76998,1.97946,0.73102,0.0671,0.10448,0.05009,0.01297,3.9251,2.25345,0.69144,0.000991005,0.000991005,0.000991005
53,169.315,3.67443,1.97399,0.75871,0.08997,0.10516,0.0556,0.01485,3.87243,2.18822,0.69476,0.00099065,0.00099065,0.00099065
54,172.46,3.82243,2.06166,0.72024,0.0835,0.11697,0.05733,0.01516,3.84631,2.22187,0.69473,0.000990289,0.000990289,0.000990289
55,175.749,3.65494,1.95234,0.75329,0.06479,0.10585,0.04919,0.01364,3.92189,2.34847,0.69445,0.00098992,0.00098992,0.00098992
56,179.054,3.57722,1.82632,0.71544,0.06555,0.10708,0.04996,0.01319,3.91634,2.26117,0.694,0.000989545,0.000989545,0.000989545
57,182.246,3.56833,1.86016,0.71617,0.07731,0.1263,0.05921,0.01586,3.82007,2.18665,0.68808,0.000989163,0.000989163,0.000989163
58,185.077,3.67215,2.03097,0.75068,0.07992,0.13056,0.06404,0.01681,3.80146,2.07843,0.69234,0.000988774,0.000988774,0.000988774
59,188.223,3.72792,1.95848,0.77641,0.08101,0.13234,0.06427,0.01695,3.80216,2.11457,0.69385,0.000988378,0.000988378,0.000988378
60,191.72,3.6428,1.87642,0.7416,0.08597,0.14044,0.06792,0.01711,3.7844,2.15741,0.69173,0.000987976,0.000987976,0.000987976
61,194.898,3.71582,1.89421,0.72448,0.07992,0.13056,0.06379,0.0165,3.85816,2.23147,0.69041,0.000987566,0.000987566,0.000987566
62,198.317,3.58677,1.86845,0.78198,0.07513,0.12273,0.06071,0.01447,3.90332,2.20084,0.68957,0.000987151,0.000987151,0.000987151
63,201.112,3.52476,1.77898,0.72172,0.08347,0.12054,0.05839,0.0134,3.90619,2.15609,0.68777,0.000986728,0.000986728,0.000986728
64,204.129,3.59105,1.92824,0.75387,0.13697,0.1123,0.0678,0.0167,3.79401,2.05414,0.68598,0.000986299,0.000986299,0.000986299
65,207.198,3.70202,1.9265,0.73601,0.15315,0.11724,0.07315,0.01845,3.74505,1.99919,0.68597,0.000985862,0.000985862,0.000985862
66,210.23,3.4958,1.83103,0.69491,0.11714,0.08224,0.05149,0.01283,3.93833,2.08601,0.71674,0.00098542,0.00098542,0.00098542
67,213.282,3.65225,1.78749,0.74176,0.15792,0.10351,0.06879,0.01736,3.77472,1.99567,0.69126,0.00098497,0.00098497,0.00098497
68,216.237,3.48921,1.69173,0.7413,0.1096,0.10173,0.05675,0.01371,3.9005,2.10152,0.69718,0.000984514,0.000984514,0.000984514
69,219.448,3.70681,1.86909,0.7088,0.08652,0.11285,0.05506,0.01328,3.90746,2.12238,0.69556,0.000984051,0.000984051,0.000984051
70,222.469,3.52674,1.70268,0.71996,0.10855,0.13234,0.07527,0.01767,3.79006,2.06149,0.68193,0.000983581,0.000983581,0.000983581
71,225.994,3.66629,2.01582,0.71086,0.13083,0.1296,0.0756,0.01908,3.74174,2.03596,0.68288,0.000983105,0.000983105,0.000983105
72,229.027,3.58388,1.97557,0.69174,0.15501,0.09981,0.06533,0.01647,3.80559,2.025,0.7007,0.000982622,0.000982622,0.000982622
73,231.998,3.4744,1.81471,0.71655,0.19079,0.10951,0.08259,0.021,3.69621,1.97628,0.69046,0.000982132,0.000982132,0.000982132
74,235.494,3.54038,1.79535,0.68893,0.2014,0.12438,0.09515,0.02228,3.66111,1.92174,0.6729,0.000981636,0.000981636,0.000981636
75,238.766,3.58602,1.76512,0.6954,0.1906,0.12864,0.09698,0.02354,3.65363,1.88731,0.6711,0.000981133,0.000981133,0.000981133
76,242.18,3.47764,1.80627,0.6814,0.18086,0.12658,0.08924,0.02172,3.68959,1.87118,0.67618,0.000980623,0.000980623,0.000980623
77,245.118,3.57954,1.86902,0.69162,0.16461,0.1145,0.08152,0.01991,3.73392,1.92908,0.6725,0.000980107,0.000980107,0.000980107
78,248.136,3.5131,1.69799,0.75372,0.19484,0.12538,0.09061,0.0223,3.66487,1.86578,0.68158,0.000979584,0.000979584,0.000979584
79,251.362,3.61386,1.79651,0.70712,0.19203,0.12356,0.08915,0.02182,3.67245,1.86489,0.685,0.000979054,0.000979054,0.000979054
80,254.492,3.55609,1.76504,0.6871,0.14347,0.09239,0.05826,0.01325,3.95155,1.91569,0.68623,0.000978518,0.000978518,0.000978518
81,257.588,3.64351,1.79783,0.65269,0.17281,0.1145,0.07554,0.01747,3.7951,1.81953,0.67966,0.000977975,0.000977975,0.000977975
82,260.925,3.32977,1.65026,0.71892,0.14877,0.10846,0.06714,0.01624,3.81372,1.8775,0.69048,0.000977426,0.000977426,0.000977426
83,263.959,3.60645,1.77838,0.68674,0.15256,0.10612,0.06896,0.01697,3.81788,1.85766,0.69225,0.00097687,0.00097687,0.00097687
84,267.105,3.52897,1.81139,0.69207,0.21522,0.12865,0.09961,0.02566,3.6076,1.79508,0.66986,0.000976308,0.000976308,0.000976308
85,270.155,3.35372,1.65723,0.71609,0.21117,0.13138,0.09706,0.02379,3.62283,1.77425,0.67306,0.000975738,0.000975738,0.000975738
86,273.253,3.44425,1.72057,0.69633,0.2124,0.12658,0.09669,0.02272,3.68816,1.79156,0.66708,0.000975163,0.000975163,0.000975163
87,276.541,3.36878,1.5939,0.70374,0.21219,0.13042,0.09774,0.02249,3.67492,1.76069,0.66677,0.00097458,0.00097458,0.00097458
88,279.974,3.52605,1.68263,0.68342,0.21532,0.14182,0.10836,0.02692,3.58059,1.72996,0.66729,0.000973992,0.000973992,0.000973992
89,283.168,3.46531,1.6249,0.71185,0.19674,0.13454,0.1013,0.02481,3.62162,1.74362,0.66792,0.000973396,0.000973396,0.000973396
90,286.534,3.61001,1.73995,0.66372,0.07799,0.06054,0.03743,0.00883,4.11885,2.05361,0.68688,0.000972794,0.000972794,0.000972794
91,289.806,3.43245,1.62716,0.69394,0.16082,0.10557,0.07708,0.01908,3.75246,1.84623,0.67106,0.000972186,0.000972186,0.000972186
92,293.123,3.40264,1.67095,0.68409,0.17202,0.10887,0.077,0.01917,3.76425,1.8057,0.68916,0.000971571,0.000971571,0.000971571
93,296.125,3.50998,1.7676,0.6744,0.21543,0.13605,0.10498,0.02561,3.61568,1.75048,0.66932,0.00097095,0.00097095,0.00097095
94,299.577,3.41024,1.65739,0.70689,0.11737,0.07716,0.04613,0.01031,4.05984,1.80254,0.68214,0.000970322,0.000970322,0.000970322
95,302.991,3.29718,1.71883,0.66698,0.13191,0.08786,0.05542,0.01258,3.97402,1.74658,0.67937,0.000969688,0.000969688,0.000969688
96,306.139,3.42167,1.67337,0.7224,0.22001,0.14936,0.11988,0.03034,3.53219,1.61199,0.66414,0.000969047,0.000969047,0.000969047
97,309.875,3.40284,1.6339,0.68609,0.22464,0.14964,0.11835,0.03013,3.5329,1.65361,0.66452,0.000968399,0.000968399,0.000968399
98,312.832,3.28484,1.53535,0.67341,0.2387,0.13921,0.11457,0.02852,3.55512,1.7049,0.66264,0.000967746,0.000967746,0.000967746
99,316.229,3.30343,1.61187,0.66075,0.23858,0.15232,0.12402,0.031,3.53514,1.63815,0.66305,0.000967085,0.000967085,0.000967085
100,319.409,3.53898,1.66196,0.71673,0.20424,0.12713,0.09546,0.02257,3.6679,1.65544,0.66666,0.000966419,0.000966419,0.000966419
101,322.618,3.39607,1.51795,0.7149,0.19911,0.12534,0.09164,0.0215,3.69039,1.66126,0.66753,0.000965746,0.000965746,0.000965746
102,325.824,3.37621,1.57755,0.68589,0.22655,0.14099,0.11274,0.02954,3.57078,1.65183,0.66967,0.000965066,0.000965066,0.000965066
103,329.257,3.49629,1.59357,0.68893,0.24046,0.14113,0.11474,0.03,3.56016,1.66145,0.67003,0.00096438,0.00096438,0.00096438
104,332.451,3.22549,1.50877,0.68945,0.2363,0.15005,0.12058,0.03119,3.51956,1.56932,0.66861,0.000963688,0.000963688,0.000963688
105,335.569,3.13802,1.48324,0.6787,0.23971,0.15857,0.12759,0.03398,3.4803,1.54928,0.66199,0.00096299,0.00096299,0.00096299
106,338.938,3.12895,1.48848,0.70104,0.23563,0.14444,0.11659,0.03202,3.52133,1.68441,0.66377,0.000962285,0.000962285,0.000962285
107,342.101,3.35657,1.54933,0.70146,0.24243,0.14909,0.11891,0.03118,3.51249,1.66473,0.66182,0.000961573,0.000961573,0.000961573
108,345.183,3.45481,1.58597,0.66426,0.19637,0.13111,0.09728,0.02453,3.66292,1.65157,0.68048,0.000960856,0.000960856,0.000960856
109,348.234,3.41564,1.55658,0.66777,0.19108,0.13729,0.09705,0.02494,3.64178,1.76508,0.67633,0.000960131,0.000960131,0.000960131
110,351.504,3.50204,1.74041,0.67157,0.23671,0.16076,0.13059,0.03279,3.50125,1.70555,0.6577,0.000959401,0.000959401,0.000959401
111,354.651,3.45781,1.53607,0.64646,0.24616,0.16098,0.12884,0.03407,3.48648,1.62923,0.66175,0.000958664,0.000958664,0.000958664
112,357.826,3.26233,1.4688,0.71856,0.266,0.16914,0.14255,0.03978,3.41886,1.55605,0.6581,0.000957921,0.000957921,0.000957921
113,361.323,3.30525,1.55744,0.65037,0.2249,0.12397,0.09917,0.02369,3.67922,1.6992,0.6674,0.000957172,0.000957172,0.000957172
114,364.773,3.4121,1.59873,0.6502,0.24541,0.1598,0.13201,0.03551,3.46655,1.55751,0.66035,0.000956417,0.000956417,0.000956417
115,367.775,3.32294,1.60986,0.62429,0.24277,0.16131,0.12883,0.03267,3.49613,1.5292,0.6585,0.000955655,0.000955655,0.000955655
116,370.7,3.23694,1.61451,0.65336,0.23811,0.15459,0.12189,0.034,3.4899,1.5585,0.66311,0.000954887,0.000954887,0.000954887
117,373.972,3.14459,1.49012,0.73754,0.23562,0.14511,0.1143,0.03116,3.54098,1.55642,0.67111,0.000954112,0.000954112,0.000954112
118,377.58,3.34238,1.56692,0.66321,0.24742,0.16804,0.13473,0.03865,3.38323,1.50083,0.65829,0.000953332,0.000953332,0.000953332
119,380.837,3.29993,1.51997,0.66988,0.25823,0.16982,0.13868,0.04004,3.37819,1.50878,0.6572,0.000952545,0.000952545,0.000952545
120,384.142,3.37289,1.51818,0.6926,0.24274,0.14992,0.12558,0.03268,3.49702,1.56691,0.65914,0.000951752,0.000951752,0.000951752
121,387.366,3.18232,1.52213,0.66085,0.25846,0.16667,0.13804,0.03815,3.41434,1.52595,0.65667,0.000950953,0.000950953,0.000950953
122,390.735,3.13284,1.51174,0.67628,0.23573,0.15405,0.12159,0.0343,3.47443,1.52079,0.66665,0.000950148,0.000950148,0.000950148
123,393.627,3.14984,1.5653,0.68496,0.22251,0.15211,0.11846,0.03326,3.48242,1.50945,0.66745,0.000949336,0.000949336,0.000949336
124,396.95,3.1576,1.45871,0.68585,0.26519,0.17792,0.14229,0.03853,3.39296,1.46506,0.65467,0.000948518,0.000948518,0.000948518
125,399.956,3.27434,1.49116,0.67423,0.24191,0.14896,0.11979,0.03154,3.51679,1.54257,0.66876,0.000947695,0.000947695,0.000947695
126,403.084,3.2544,1.50044,0.65943,0.29379,0.18019,0.15672,0.03951,3.40125,1.4943,0.6525,0.000946865,0.000946865,0.000946865
127,406.259,3.19465,1.44001,0.65525,0.27634,0.16776,0.14472,0.03618,3.45893,1.51314,0.65428,0.000946028,0.000946028,0.000946028
128,409.707,3.16824,1.43662,0.66308,0.26412,0.16996,0.14187,0.03916,3.39996,1.47979,0.65546,0.000945186,0.000945186,0.000945186
129,412.757,3.33229,1.56053,0.66818,0.27116,0.17779,0.14772,0.04134,3.35976,1.45701,0.64969,0.000944338,0.000944338,0.000944338
130,415.856,3.34223,1.50032,0.66734,0.29163,0.18245,0.16001,0.04623,3.29134,1.43548,0.6466,0.000943484,0.000943484,0.000943484
131,418.892,3.22976,1.47296,0.67095,0.27235,0.16667,0.14455,0.04142,3.38336,1.46168,0.65894,0.000942623,0.000942623,0.000942623
132,422.309,3.1743,1.38223,0.66657,0.26411,0.15953,0.13417,0.03611,3.44393,1.49003,0.65172,0.000941757,0.000941757,0.000941757
133,425.296,3.31756,1.5153,0.69761,0.24657,0.14292,0.11606,0.0297,3.53896,1.52326,0.65464,0.000940884,0.000940884,0.000940884
134,428.614,3.19272,1.41214,0.6805,0.28342,0.17532,0.1517,0.04295,3.35177,1.42383,0.65533,0.000940006,0.000940006,0.000940006
135,431.633,3.19274,1.4123,0.67562,0.29698,0.18946,0.1661,0.04781,3.29081,1.388,0.64837,0.000939121,0.000939121,0.000939121
136,434.873,2.98707,1.43324,0.67991,0.28431,0.19014,0.15821,0.04499,3.31438,1.404,0.64793,0.00093823,0.00093823,0.00093823
137,437.875,3.15087,1.41978,0.70334,0.24426,0.14758,0.11761,0.0327,3.53418,1.49557,0.67176,0.000937334,0.000937334,0.000937334
138,441.228,3.17724,1.40547,0.6815,0.31653,0.18561,0.17251,0.04801,3.27177,1.45771,0.64795,0.000936431,0.000936431,0.000936431
139,444.152,3.04676,1.37524,0.68909,0.29027,0.16763,0.14834,0.03814,3.39968,1.4868,0.64886,0.000935523,0.000935523,0.000935523
140,447.63,2.88999,1.3652,0.6543,0.29685,0.1841,0.16329,0.04621,3.29428,1.40625,0.65126,0.000934608,0.000934608,0.000934608
141,450.475,3.10492,1.46162,0.66268,0.24536,0.15137,0.12316,0.03375,3.47208,1.53626,0.66363,0.000933688,0.000933688,0.000933688
142,453.589,3.13449,1.48517,0.6414,0.28477,0.17669,0.15053,0.04151,3.34097,1.47876,0.64894,0.000932762,0.000932762,0.000932762
143,456.864,3.34337,1.50391,0.65234,0.2903,0.17243,0.14954,0.04046,3.34865,1.47054,0.64991,0.00093183,0.00093183,0.00093183
144,460.325,3.01548,1.36425,0.6568,0.31143,0.18685,0.17071,0.04879,3.25942,1.44325,0.64367,0.000930892,0.000930892,0.000930892
145,463.564,3.13378,1.39754,0.63552,0.31881,0.18955,0.17418,0.04932,3.2595,1.48627,0.64399,0.000929948,0.000929948,0.000929948
146,467.06,3.16691,1.43629,0.6489,0.31629,0.19385,0.17709,0.05001,3.24349,1.47393,0.64325,0.000928998,0.000928998,0.000928998
147,469.856,2.86393,1.42402,0.65395,0.30198,0.19385,0.17526,0.05167,3.21812,1.4323,0.6458,0.000928042,0.000928042,0.000928042
148,473.176,2.98809,1.32909,0.65487,0.30642,0.19097,0.1701,0.0498,3.21494,1.4138,0.64465,0.000927081,0.000927081,0.000927081
149,476.432,2.92241,1.33749,0.64985,0.30498,0.18602,0.16618,0.0452,3.29716,1.42458,0.64079,0.000926113,0.000926113,0.000926113
150,479.703,3.14324,1.49042,0.63419,0.29395,0.18218,0.16152,0.04304,3.34417,1.44734,0.64351,0.00092514,0.00092514,0.00092514
151,482.943,3.15133,1.40769,0.69785,0.29568,0.18465,0.15926,0.04576,3.27272,1.4886,0.64386,0.000924161,0.000924161,0.000924161
152,486.245,3.18708,1.43315,0.6794,0.30334,0.18904,0.17179,0.04849,3.23041,1.44934,0.63922,0.000923177,0.000923177,0.000923177
153,489.502,3.19912,1.50301,0.64472,0.16025,0.10297,0.07597,0.01819,3.75632,1.58631,0.66415,0.000922186,0.000922186,0.000922186
154,492.663,3.14017,1.40824,0.70828,0.20976,0.11944,0.09358,0.02366,3.63653,1.55701,0.65757,0.00092119,0.00092119,0.00092119
155,496.283,3.15559,1.41567,0.69224,0.31819,0.19591,0.18075,0.05443,3.17478,1.39639,0.63804,0.000920188,0.000920188,0.000920188
156,499.699,3.03368,1.36515,0.66044,0.3235,0.19879,0.1851,0.05524,3.15531,1.39315,0.63753,0.000919181,0.000919181,0.000919181
157,502.878,3.1052,1.37486,0.62696,0.2585,0.16255,0.13557,0.03565,3.4219,1.45812,0.64669,0.000918167,0.000918167,0.000918167
158,506.436,3.07788,1.39975,0.65578,0.30102,0.18808,0.16734,0.04595,3.28412,1.36008,0.63894,0.000917148,0.000917148,0.000917148
159,509.262,3.2567,1.41723,0.65419,0.30114,0.19042,0.16887,0.04976,3.24652,1.35689,0.64112,0.000916124,0.000916124,0.000916124
160,512.631,3.14335,1.40436,0.66541,0.2946,0.18245,0.16344,0.0478,3.27564,1.35547,0.64847,0.000915094,0.000915094,0.000915094
161,515.618,3.20897,1.41119,0.65854,0.34678,0.21252,0.19802,0.05684,3.13503,1.31149,0.63219,0.000914058,0.000914058,0.000914058
162,518.905,3.09779,1.37254,0.65897,0.33934,0.20738,0.19425,0.05815,3.14036,1.31107,0.63479,0.000913016,0.000913016,0.000913016
163,522.195,3.15804,1.33254,0.64363,0.30534,0.18287,0.16893,0.04978,3.2372,1.34906,0.64746,0.000911969,0.000911969,0.000911969
164,525.418,3.03168,1.32505,0.63064,0.34262,0.20785,0.19464,0.0578,3.13887,1.33986,0.63449,0.000910916,0.000910916,0.000910916
165,528.943,2.8775,1.24938,0.66161,0.33897,0.20747,0.1945,0.05767,3.16663,1.33383,0.63411,0.000909858,0.000909858,0.000909858
166,532.217,2.8935,1.30993,0.67199,0.31821,0.18877,0.17393,0.05094,3.2317,1.34077,0.64157,0.000908794,0.000908794,0.000908794
167,535.318,3.00828,1.33253,0.65571,0.33097,0.2014,0.18666,0.05507,3.16537,1.32327,0.63829,0.000907725,0.000907725,0.000907725
168,538.538,2.94082,1.33621,0.64572,0.34029,0.20085,0.19216,0.05738,3.16424,1.31603,0.63983,0.00090665,0.00090665,0.00090665
169,541.681,2.8984,1.2964,0.66256,0.34736,0.20524,0.19786,0.06068,3.13408,1.30388,0.63719,0.00090557,0.00090557,0.00090557
170,544.97,2.87626,1.38793,0.68936,0.3378,0.21513,0.19935,0.05855,3.14377,1.29944,0.6326,0.000904484,0.000904484,0.000904484
171,547.955,3.09853,1.33131,0.66191,0.33305,0.21822,0.19563,0.05916,3.11853,1.30468,0.63283,0.000903393,0.000903393,0.000903393
172,550.957,3.00783,1.32489,0.64416,0.3147,0.20855,0.18421,0.05531,3.13126,1.35253,0.63356,0.000902296,0.000902296,0.000902296
173,553.831,3.00375,1.28206,0.63528,0.31169,0.2165,0.19156,0.05536,3.12773,1.33099,0.63135,0.000901194,0.000901194,0.000901194
174,557.241,2.97298,1.36512,0.65013,0.31214,0.18657,0.17005,0.04933,3.24105,1.36957,0.64493,0.000900086,0.000900086,0.000900086
175,560.515,2.88873,1.27655,0.65176,0.30823,0.1841,0.16637,0.04909,3.24358,1.38266,0.64589,0.000898973,0.000898973,0.000898973
176,563.961,2.82413,1.30078,0.66359,0.33434,0.20881,0.19035,0.05384,3.17983,1.35174,0.63346,0.000897855,0.000897855,0.000897855
177,567.009,2.90806,1.38416,0.65965,0.34091,0.21252,0.19053,0.05712,3.14628,1.36283,0.63275,0.000896731,0.000896731,0.000896731
178,569.819,3.06075,1.33454,0.64791,0.31101,0.18342,0.16273,0.04809,3.27272,1.38062,0.64835,0.000895602,0.000895602,0.000895602
179,572.949,2.87649,1.26811,0.66153,0.35233,0.21431,0.20104,0.06314,3.09001,1.3008,0.63179,0.000894467,0.000894467,0.000894467
180,576.334,3.13566,1.50965,0.61613,0.3198,0.18836,0.1724,0.04699,3.28196,1.34786,0.63479,0.000893328,0.000893328,0.000893328
181,579.749,2.99911,1.32373,0.62172,0.35496,0.21595,0.20404,0.06049,3.10199,1.31083,0.62974,0.000892183,0.000892183,0.000892183
182,582.612,2.89446,1.27697,0.67109,0.34619,0.2154,0.20493,0.06554,3.07864,1.28215,0.63018,0.000891032,0.000891032,0.000891032
183,585.757,2.74461,1.23537,0.64333,0.35991,0.22378,0.21128,0.06079,3.11699,1.27321,0.62945,0.000889877,0.000889877,0.000889877
184,588.936,3.14956,1.35501,0.6393,0.34733,0.21774,0.2027,0.06402,3.0802,1.26599,0.62985,0.000888716,0.000888716,0.000888716
185,591.797,3.02075,1.3305,0.633,0.35152,0.21129,0.20061,0.06259,3.0937,1.27111,0.63323,0.00088755,0.00088755,0.00088755
186,594.961,2.90313,1.29642,0.62462,0.36851,0.22666,0.22213,0.06593,3.05753,1.26682,0.62856,0.000886379,0.000886379,0.000886379
187,598.049,3.00463,1.30598,0.63511,0.36695,0.20754,0.20667,0.06534,3.06705,1.26208,0.63295,0.000885202,0.000885202,0.000885202
188,601.024,3.04701,1.29172,0.64203,0.36584,0.22227,0.21465,0.06477,3.0541,1.25963,0.62601,0.000884021,0.000884021,0.000884021
189,604.067,3.03427,1.35605,0.67024,0.37006,0.22405,0.21389,0.06466,3.04615,1.25468,0.62558,0.000882834,0.000882834,0.000882834
190,607.043,2.86972,1.35008,0.63002,0.37339,0.21993,0.21629,0.06759,3.00225,1.23505,0.62844,0.000881642,0.000881642,0.000881642
191,610.129,3.30489,1.41184,0.59486,0.33074,0.1992,0.18037,0.05115,3.19281,1.2923,0.62812,0.000880445,0.000880445,0.000880445
192,613.362,2.79372,1.25724,0.65614,0.3659,0.21829,0.21297,0.06301,3.07322,1.25055,0.62573,0.000879243,0.000879243,0.000879243
193,616.513,2.70171,1.28303,0.65272,0.36183,0.21678,0.20804,0.06298,3.06816,1.26968,0.6268,0.000878036,0.000878036,0.000878036
194,619.888,2.68172,1.27892,0.65028,0.35787,0.22327,0.21535,0.06609,3.0255,1.25731,0.6242,0.000876824,0.000876824,0.000876824
195,622.881,2.94655,1.39064,0.63791,0.35311,0.21101,0.20621,0.06212,3.08108,1.28381,0.63369,0.000875606,0.000875606,0.000875606
196,626.16,2.9427,1.30442,0.62937,0.3452,0.19316,0.18859,0.05482,3.14694,1.33094,0.62775,0.000874384,0.000874384,0.000874384
197,629.025,3.04794,1.32339,0.62638,0.36612,0.20222,0.19747,0.05686,3.11688,1.33721,0.62729,0.000873157,0.000873157,0.000873157
198,632.013,3.14622,1.44114,0.61616,0.39841,0.22419,0.22462,0.06755,3.02341,1.26788,0.62588,0.000871925,0.000871925,0.000871925
199,635.118,2.55533,1.14816,0.65229,0.38533,0.22913,0.22314,0.06767,3.00886,1.29943,0.62526,0.000870687,0.000870687,0.000870687
200,638.273,2.94198,1.29047,0.62963,0.37068,0.22392,0.21832,0.06885,3.03434,1.23247,0.62799,0.000869445,0.000869445,0.000869445
201,641.779,2.89216,1.32512,0.63299,0.3531,0.20181,0.19788,0.06104,3.12882,1.25071,0.63544,0.000868198,0.000868198,0.000868198
202,644.869,2.75931,1.20978,0.64686,0.3429,0.21705,0.2038,0.06321,3.07752,1.25012,0.63059,0.000866946,0.000866946,0.000866946
203,647.918,2.96214,1.35525,0.63464,0.35381,0.22213,0.21286,0.06295,3.06916,1.25513,0.6279,0.000865689,0.000865689,0.000865689
204,650.869,2.76559,1.19235,0.64969,0.33515,0.20277,0.19393,0.05909,3.11861,1.27442,0.63615,0.000864427,0.000864427,0.000864427
205,653.868,2.88457,1.30241,0.63451,0.34617,0.20524,0.19886,0.06213,3.08818,1.25936,0.63353,0.000863161,0.000863161,0.000863161
206,656.897,2.87362,1.29223,0.63121,0.36569,0.23563,0.23019,0.07149,2.98196,1.20877,0.6233,0.000861889,0.000861889,0.000861889
207,660.007,2.74639,1.24878,0.68553,0.37244,0.22652,0.22305,0.06953,3.00995,1.23343,0.62675,0.000860613,0.000860613,0.000860613
208,663.559,3.01506,1.39929,0.63314,0.36742,0.21458,0.21208,0.06137,3.08419,1.25294,0.62375,0.000859332,0.000859332,0.000859332
209,666.875,2.82423,1.2461,0.644,0.37529,0.22927,0.22509,0.0665,3.03993,1.24301,0.6235,0.000858046,0.000858046,0.000858046
210,670.363,2.70712,1.30389,0.66986,0.39196,0.20442,0.20908,0.06553,3.07109,1.2481,0.63212,0.000856756,0.000856756,0.000856756
211,673.505,3.03133,1.30413,0.62728,0.40121,0.22323,0.23185,0.07386,2.99049,1.22701,0.62505,0.00085546,0.00085546,0.00085546
212,676.765,2.88255,1.26762,0.64644,0.36043,0.20923,0.20452,0.06122,3.11455,1.28237,0.63583,0.00085416,0.00085416,0.00085416
213,679.949,3.08678,1.31688,0.61861,0.38004,0.22295,0.21662,0.06627,3.04876,1.25753,0.62851,0.000852856,0.000852856,0.000852856
214,683.044,2.85665,1.24399,0.62955,0.3906,0.23147,0.23157,0.07176,3.00673,1.2085,0.62078,0.000851546,0.000851546,0.000851546
215,685.791,2.93228,1.26868,0.62603,0.38058,0.22652,0.22345,0.07079,2.99934,1.21094,0.62377,0.000850232,0.000850232,0.000850232
216,689.035,2.92319,1.31314,0.61848,0.39318,0.23558,0.23438,0.07057,2.98447,1.2024,0.61909,0.000848914,0.000848914,0.000848914
217,692.357,2.70528,1.2694,0.64033,0.3899,0.22294,0.22587,0.0684,3.01582,1.23084,0.62226,0.00084759,0.00084759,0.00084759
218,695.572,2.85313,1.32167,0.65131,0.37336,0.19754,0.19652,0.05916,3.1208,1.35234,0.63394,0.000846262,0.000846262,0.000846262
219,698.714,2.69326,1.17917,0.65337,0.39969,0.23613,0.23884,0.07554,2.95434,1.26371,0.61743,0.00084493,0.00084493,0.00084493
220,701.888,2.9173,1.21736,0.63505,0.37269,0.22845,0.2194,0.06144,3.1205,1.26952,0.62501,0.000843593,0.000843593,0.000843593
221,704.934,2.98222,1.30924,0.64859,0.39442,0.24108,0.23037,0.07062,3.0085,1.31673,0.62123,0.000842252,0.000842252,0.000842252
222,708.3,2.86659,1.3162,0.63476,0.37856,0.2073,0.20563,0.05994,3.10491,1.26191,0.62094,0.000840906,0.000840906,0.000840906
223,711.362,2.87245,1.23312,0.6411,0.30182,0.15472,0.1465,0.03947,3.39923,1.3076,0.63456,0.000839555,0.000839555,0.000839555
224,714.646,3.01505,1.35347,0.64242,0.39317,0.23929,0.24147,0.07607,2.96546,1.19672,0.6176,0.0008382,0.0008382,0.0008382
225,717.726,2.56116,1.16614,0.6506,0.36954,0.21554,0.21632,0.07073,3.01725,1.20802,0.62636,0.000836841,0.000836841,0.000836841
226,721.012,2.73702,1.30421,0.69232,0.37131,0.22364,0.22007,0.07186,2.99074,1.20607,0.62466,0.000835477,0.000835477,0.000835477
227,724.183,2.73469,1.19418,0.64548,0.37509,0.23668,0.23371,0.0722,2.96773,1.21003,0.61756,0.000834109,0.000834109,0.000834109
228,727.532,2.57306,1.11603,0.64241,0.36044,0.22543,0.21606,0.06304,3.08085,1.23128,0.61942,0.000832736,0.000832736,0.000832736
229,731.006,2.91965,1.25275,0.64024,0.40002,0.24204,0.24217,0.07588,2.96096,1.19848,0.61536,0.000831359,0.000831359,0.000831359
230,734.356,2.91288,1.2947,0.63753,0.40262,0.23558,0.23848,0.07117,3.01595,1.20298,0.61772,0.000829978,0.000829978,0.000829978
231,737.513,2.94216,1.26888,0.60619,0.40147,0.23504,0.23889,0.07087,3.01789,1.20003,0.61781,0.000828592,0.000828592,0.000828592
232,740.686,2.87978,1.28987,0.65908,0.40454,0.24184,0.24381,0.07611,2.93239,1.20397,0.61591,0.000827202,0.000827202,0.000827202
233,744.033,2.95943,1.26772,0.61191,0.38047,0.22529,0.21704,0.06819,3.00702,1.23578,0.62519,0.000825808,0.000825808,0.000825808
234,747.014,2.85416,1.29098,0.63592,0.40195,0.2419,0.24115,0.07554,2.96072,1.18287,0.62002,0.00082441,0.00082441,0.00082441
235,750.122,2.86485,1.19686,0.6227,0.40295,0.24588,0.24458,0.07736,2.95029,1.17167,0.61928,0.000823007,0.000823007,0.000823007
236,753.472,2.81117,1.23894,0.6306,0.41332,0.25014,0.25251,0.08044,2.90129,1.16125,0.61604,0.0008216,0.0008216,0.0008216
237,756.725,2.63981,1.24534,0.62643,0.39984,0.23655,0.23879,0.07535,2.9469,1.18229,0.61985,0.000820189,0.000820189,0.000820189
238,759.645,2.61012,1.16315,0.63386,0.42104,0.23819,0.24819,0.07861,2.91546,1.17874,0.61615,0.000818774,0.000818774,0.000818774
239,762.516,3.04798,1.35556,0.61408,0.40157,0.24272,0.24567,0.07507,2.94408,1.1741,0.61443,0.000817354,0.000817354,0.000817354
240,766.055,2.8418,1.27379,0.63943,0.4166,0.24506,0.25569,0.08216,2.87748,1.16057,0.6154,0.000815931,0.000815931,0.000815931
241,769.07,2.8016,1.27883,0.60325,0.40657,0.2441,0.25121,0.08033,2.88286,1.16354,0.61602,0.000814503,0.000814503,0.000814503
242,772.146,2.9563,1.26636,0.63217,0.38023,0.2408,0.23709,0.07189,2.95648,1.19169,0.61537,0.000813072,0.000813072,0.000813072
243,775.396,2.62026,1.20235,0.6305,0.40121,0.24322,0.24818,0.07743,2.91323,1.18452,0.61619,0.000811636,0.000811636,0.000811636
244,778.935,2.74222,1.1924,0.63545,0.40932,0.23806,0.24468,0.07798,2.92044,1.21265,0.61613,0.000810196,0.000810196,0.000810196
245,782.086,2.59509,1.13337,0.63001,0.41855,0.23558,0.24253,0.07849,2.92223,1.2379,0.61609,0.000808752,0.000808752,0.000808752
246,785.446,2.6222,1.24039,0.64602,0.39701,0.22694,0.22476,0.06981,3.00225,1.25438,0.62295,0.000807305,0.000807305,0.000807305
247,788.617,2.64249,1.1621,0.63559,0.41991,0.24849,0.25316,0.08018,2.90756,1.18331,0.61491,0.000805853,0.000805853,0.000805853
248,791.561,2.80381,1.21088,0.60946,0.41749,0.25137,0.25698,0.08222,2.88371,1.15499,0.61465,0.000804397,0.000804397,0.000804397
249,794.714,2.78097,1.20857,0.62438,0.40299,0.24835,0.25358,0.07939,2.91022,1.17636,0.61513,0.000802938,0.000802938,0.000802938
250,797.787,2.85462,1.2087,0.63554,0.41627,0.24202,0.25201,0.08181,2.88876,1.18904,0.61858,0.000801474,0.000801474,0.000801474
251,800.892,2.517,1.10236,0.63037,0.41994,0.24176,0.2527,0.08204,2.88901,1.17221,0.61802,0.000800007,0.000800007,0.000800007
252,804.045,2.59807,1.15883,0.64311,0.41237,0.22872,0.23862,0.07244,2.9869,1.20198,0.61423,0.000798535,0.000798535,0.000798535
253,807.118,2.71749,1.1457,0.63461,0.39005,0.21719,0.21653,0.0631,3.09563,1.25493,0.61904,0.00079706,0.00079706,0.00079706
254,810.209,2.93003,1.24542,0.69851,0.40682,0.24339,0.24144,0.07701,2.9073,1.22223,0.61442,0.000795581,0.000795581,0.000795581
255,813.108,2.72372,1.19729,0.63683,0.39912,0.24245,0.24423,0.0784,2.90029,1.18253,0.61292,0.000794099,0.000794099,0.000794099
256,816.417,2.60319,1.15358,0.63626,0.39985,0.25206,0.25618,0.08458,2.84438,1.16824,0.61111,0.000792612,0.000792612,0.000792612
257,819.522,2.8326,1.21035,0.61945,0.39946,0.24918,0.25481,0.08363,2.84456,1.17289,0.61237,0.000791122,0.000791122,0.000791122
258,822.674,2.9368,1.27564,0.59426,0.3874,0.24437,0.25105,0.08036,2.86757,1.18239,0.61266,0.000789628,0.000789628,0.000789628
259,825.714,2.56439,1.1671,0.62871,0.40151,0.24423,0.25316,0.0805,2.87283,1.1875,0.61228,0.000788131,0.000788131,0.000788131
260,829.042,2.83085,1.23594,0.60667,0.4113,0.24945,0.25852,0.07919,2.88651,1.1759,0.61376,0.000786629,0.000786629,0.000786629
261,832.178,2.66188,1.17094,0.62703,0.40908,0.25936,0.26121,0.08304,2.85025,1.13901,0.61164,0.000785124,0.000785124,0.000785124
262,835.507,2.56536,1.16514,0.65132,0.42752,0.24753,0.25452,0.08402,2.86288,1.16521,0.61215,0.000783616,0.000783616,0.000783616
263,838.499,2.68822,1.21796,0.6311,0.43364,0.25082,0.25955,0.08479,2.86182,1.14538,0.61054,0.000782104,0.000782104,0.000782104
264,841.826,2.60048,1.17263,0.65634,0.4345,0.25082,0.26363,0.08555,2.87137,1.15069,0.61257,0.000780588,0.000780588,0.000780588
265,845.119,2.76178,1.22211,0.61261,0.43683,0.24739,0.25945,0.0836,2.88285,1.15276,0.61396,0.000779069,0.000779069,0.000779069
266,848.369,2.78316,1.15765,0.62362,0.43285,0.25426,0.26741,0.08705,2.85167,1.13527,0.61161,0.000777546,0.000777546,0.000777546
267,851.456,2.77749,1.17968,0.65386,0.43447,0.24533,0.2604,0.08382,2.87698,1.14201,0.61418,0.000776019,0.000776019,0.000776019
268,854.766,2.64141,1.09117,0.62622,0.40085,0.24286,0.25067,0.07865,2.88675,1.13899,0.61214,0.00077449,0.00077449,0.00077449
269,857.806,2.9287,1.25431,0.61822,0.42645,0.24698,0.25998,0.08415,2.83376,1.14703,0.60992,0.000772956,0.000772956,0.000772956
270,861.356,2.77531,1.21444,0.62912,0.41651,0.24533,0.25039,0.08006,2.88567,1.16984,0.6161,0.00077142,0.00077142,0.00077142
271,864.445,2.62467,1.14222,0.6334,0.43786,0.24456,0.25973,0.08324,2.86269,1.14154,0.60992,0.00076988,0.00076988,0.00076988
272,867.534,2.79406,1.22967,0.61394,0.41989,0.23778,0.25085,0.07915,2.93981,1.1689,0.61088,0.000768336,0.000768336,0.000768336
273,870.77,2.78789,1.92499,0.62654,0.4365,0.24931,0.26484,0.08571,2.88712,1.1601,0.60885,0.000766789,0.000766789,0.000766789
274,874.062,2.71291,1.16942,0.62956,0.43698,0.257,0.26809,0.08509,2.88625,1.16219,0.60978,0.000765239,0.000765239,0.000765239
275,876.947,2.54056,1.17261,0.63868,0.44085,0.25741,0.26643,0.08742,2.8529,1.17707,0.61001,0.000763685,0.000763685,0.000763685
276,880.018,2.65379,1.22242,0.62856,0.39041,0.22096,0.22232,0.06862,2.99686,1.33072,0.62142,0.000762129,0.000762129,0.000762129
277,883.206,2.59478,1.23421,0.63869,0.41944,0.25824,0.26118,0.08782,2.8247,1.18864,0.60763,0.000760568,0.000760568,0.000760568
278,886.437,2.74544,1.18441,0.6222,0.42292,0.25958,0.26421,0.08465,2.8706,1.13857,0.60819,0.000759005,0.000759005,0.000759005
279,889.336,2.51307,1.11844,0.64369,0.44546,0.25714,0.27091,0.08803,2.84231,1.14023,0.60976,0.000757438,0.000757438,0.000757438
280,892.631,2.69582,1.26258,0.65108,0.45134,0.26208,0.28115,0.09098,2.8317,1.13818,0.60966,0.000755869,0.000755869,0.000755869
281,895.578,2.50227,1.09826,0.62518,0.44131,0.26098,0.27613,0.08848,2.82702,1.15698,0.60884,0.000754296,0.000754296,0.000754296
282,898.692,2.69315,1.19236,0.64711,0.43397,0.25343,0.26612,0.08829,2.82639,1.15665,0.61353,0.00075272,0.00075272,0.00075272
283,901.794,2.85547,1.24273,0.65475,0.40761,0.22748,0.23955,0.07596,2.94673,1.17384,0.62721,0.00075114,0.00075114,0.00075114
284,904.806,2.84433,1.22949,0.615,0.43089,0.2581,0.27374,0.0911,2.80132,1.13899,0.61045,0.000749558,0.000749558,0.000749558
285,908.289,2.55932,1.08538,0.62757,0.41756,0.24135,0.25269,0.07763,2.8927,1.19047,0.61007,0.000747973,0.000747973,0.000747973
286,911.84,2.70983,1.15281,0.63274,0.41342,0.25879,0.26741,0.08832,2.81638,1.1413,0.60828,0.000746384,0.000746384,0.000746384
287,914.849,2.56616,1.12196,0.63014,0.41806,0.26167,0.27197,0.09249,2.79441,1.12305,0.607,0.000744793,0.000744793,0.000744793
288,918.4,2.81985,1.17048,0.61411,0.42343,0.25398,0.2701,0.08856,2.83511,1.13678,0.60488,0.000743198,0.000743198,0.000743198
289,921.473,2.74684,1.17736,0.626,0.43432,0.25549,0.27351,0.0909,2.80909,1.13172,0.60471,0.000741601,0.000741601,0.000741601
290,924.501,2.60253,1.12957,0.63246,0.43995,0.24382,0.26244,0.08607,2.83765,1.1426,0.61303,0.00074,0.00074,0.00074
291,927.643,2.38685,1.07503,0.62599,0.4473,0.25934,0.27605,0.09387,2.78421,1.11231,0.60795,0.000738397,0.000738397,0.000738397
292,930.972,2.86853,1.2047,0.59242,0.41302,0.24451,0.25752,0.07861,2.93858,1.14243,0.61256,0.000736791,0.000736791,0.000736791
293,934.346,2.53761,1.09082,0.62358,0.42907,0.25467,0.27248,0.08764,2.85799,1.1246,0.60942,0.000735181,0.000735181,0.000735181
294,937.545,2.52135,1.08083,0.63894,0.43443,0.25192,0.26921,0.09047,2.8099,1.12205,0.61132,0.000733569,0.000733569,0.000733569
295,940.584,2.75189,1.16053,0.62811,0.44393,0.25351,0.27438,0.09315,2.77814,1.11783,0.60878,0.000731955,0.000731955,0.000731955
296,944.103,3.14719,1.36148,0.59442,0.43937,0.24478,0.26355,0.08543,2.85974,1.13529,0.6063,0.000730337,0.000730337,0.000730337
297,947.174,2.45097,1.1192,0.65791,0.46052,0.25666,0.27817,0.09251,2.80502,1.12754,0.60633,0.000728717,0.000728717,0.000728717
298,950.568,2.73048,1.19935,0.6193,0.43052,0.24945,0.26085,0.08443,2.86563,1.1445,0.61331,0.000727093,0.000727093,0.000727093
299,953.671,2.77721,1.20158,0.6399,0.44694,0.26361,0.28195,0.09362,2.7965,1.1182,0.60792,0.000725467,0.000725467,0.000725467
300,957.061,2.68105,1.14402,0.62658,0.45526,0.26675,0.28327,0.09365,2.78956,1.11144,0.60544,0.000723839,0.000723839,0.000723839
301,959.894,2.57077,1.11786,0.61343,0.45116,0.26661,0.28196,0.0946,2.77104,1.10176,0.60636,0.000722208,0.000722208,0.000722208
302,963.252,2.46993,1.05668,0.62233,0.42967,0.26606,0.27729,0.09199,2.7715,1.09759,0.6041,0.000720574,0.000720574,0.000720574
303,966.531,2.75833,1.15622,0.60016,0.3725,0.21774,0.21676,0.06431,3.0371,1.15996,0.61282,0.000718937,0.000718937,0.000718937
304,969.795,2.56116,1.14199,0.62602,0.42513,0.2419,0.25553,0.08388,2.8722,1.12575,0.60685,0.000717298,0.000717298,0.000717298
305,972.96,2.6826,1.14252,0.61315,0.43674,0.26359,0.27723,0.0932,2.79734,1.11395,0.6051,0.000715656,0.000715656,0.000715656
306,976.24,2.6791,1.152,0.63414,0.43691,0.26588,0.27924,0.09273,2.78243,1.09776,0.60431,0.000714012,0.000714012,0.000714012
307,979.234,2.53222,1.13126,0.67462,0.44188,0.2662,0.27981,0.09137,2.79036,1.10091,0.60501,0.000712365,0.000712365,0.000712365
308,982.277,2.56314,1.1379,0.63581,0.44741,0.26469,0.28456,0.09711,2.76408,1.1034,0.60608,0.000710716,0.000710716,0.000710716
309,985.51,2.70852,1.17079,0.62825,0.43312,0.26387,0.27882,0.09306,2.79351,1.1194,0.60768,0.000709064,0.000709064,0.000709064
310,988.408,2.79266,1.19903,0.58811,0.42549,0.26304,0.2753,0.09361,2.79096,1.10405,0.60815,0.000707409,0.000707409,0.000707409
311,991.992,2.6231,1.12749,0.61777,0.42795,0.2581,0.27458,0.09451,2.77856,1.10345,0.60738,0.000705753,0.000705753,0.000705753
312,995.274,2.82893,1.17864,0.60231,0.43594,0.25481,0.27272,0.09028,2.81909,1.11048,0.60582,0.000704094,0.000704094,0.000704094
313,998.192,2.49709,1.11065,0.61908,0.44642,0.26194,0.2805,0.09575,2.76865,1.10824,0.6048,0.000702432,0.000702432,0.000702432
314,1001.14,2.75333,1.15993,0.62505,0.44474,0.25783,0.27384,0.09039,2.81677,1.12254,0.60655,0.000700768,0.000700768,0.000700768
315,1004.1,2.68151,1.14369,0.63562,0.44642,0.264,0.27941,0.09227,2.80792,1.1203,0.60637,0.000699102,0.000699102,0.000699102
316,1007.25,2.92898,1.25135,0.60112,0.43912,0.26153,0.279,0.09592,2.76788,1.10645,0.60682,0.000697434,0.000697434,0.000697434
317,1010.06,2.50646,1.09953,0.63936,0.44762,0.26565,0.28798,0.09995,2.73036,1.10003,0.60495,0.000695763,0.000695763,0.000695763
318,1012.83,2.72507,1.12662,0.61342,0.44621,0.2603,0.27686,0.09527,2.75415,1.10576,0.60895,0.00069409,0.00069409,0.00069409
319,1016.06,2.71014,1.17102,0.6211,0.46219,0.26222,0.27877,0.09529,2.75376,1.12641,0.60686,0.000692415,0.000692415,0.000692415
320,1019.54,2.75032,1.18947,0.60265,0.47763,0.26936,0.28863,0.09446,2.77421,1.12444,0.60244,0.000690737,0.000690737,0.000690737
321,1022.61,2.61669,1.15015,0.63823,0.47775,0.27677,0.29603,0.0991,2.73988,1.11092,0.60238,0.000689058,0.000689058,0.000689058
322,1025.68,2.60305,1.1773,0.63872,0.46154,0.2721,0.29106,0.09796,2.75248,1.0979,0.60188,0.000687376,0.000687376,0.000687376
323,1028.91,2.55757,1.10196,0.63813,0.43531,0.25577,0.26923,0.08553,2.83701,1.13196,0.60506,0.000685692,0.000685692,0.000685692
324,1032,2.55444,1.19476,0.61942,0.43957,0.26953,0.28236,0.09504,2.76395,1.0949,0.6046,0.000684006,0.000684006,0.000684006
325,1035.18,2.50065,1.10391,0.61116,0.43472,0.26575,0.27874,0.09244,2.77757,1.10048,0.60681,0.000682318,0.000682318,0.000682318
326,1038.3,2.75294,1.1805,0.59939,0.42306,0.26098,0.27091,0.09064,2.78491,1.11868,0.60664,0.000680628,0.000680628,0.000680628
327,1041.31,2.71826,1.19301,0.62292,0.41987,0.24643,0.25836,0.08423,2.83317,1.15445,0.60908,0.000678936,0.000678936,0.000678936
328,1044.54,2.49715,1.06837,0.61512,0.41766,0.25266,0.26362,0.08881,2.79576,1.14494,0.60751,0.000677242,0.000677242,0.000677242
329,1047.79,2.64659,1.12817,0.6201,0.45004,0.25439,0.275,0.09424,2.76029,1.10495,0.60649,0.000675546,0.000675546,0.000675546
330,1051.06,2.49169,1.07412,0.61656,0.45372,0.26359,0.28612,0.09672,2.75989,1.11378,0.60468,0.000673848,0.000673848,0.000673848
331,1054.32,2.51213,1.10031,0.6362,0.46399,0.26689,0.29148,0.10094,2.72111,1.10517,0.60309,0.000672148,0.000672148,0.000672148
332,1057.55,2.47806,1.08226,0.6045,0.48359,0.27499,0.30039,0.10352,2.69467,1.0783,0.59991,0.000670446,0.000670446,0.000670446
333,1060.67,2.64139,1.16161,0.63384,0.47825,0.26675,0.28849,0.09502,2.78352,1.09382,0.60065,0.000668743,0.000668743,0.000668743
334,1063.59,2.77148,1.18523,0.62188,0.45559,0.264,0.2794,0.09171,2.79623,1.10029,0.60219,0.000667037,0.000667037,0.000667037
335,1066.74,2.64976,1.13349,0.61767,0.4716,0.27655,0.29405,0.10047,2.7159,1.08328,0.59993,0.00066533,0.00066533,0.00066533
336,1069.77,2.64315,1.12394,0.61663,0.41235,0.25343,0.25744,0.07764,2.90313,1.11734,0.60666,0.000663621,0.000663621,0.000663621
337,1073.12,2.41814,1.04892,0.64018,0.40857,0.25151,0.25508,0.07603,2.91614,1.12414,0.60685,0.00066191,0.00066191,0.00066191
338,1076.36,2.56854,1.09324,0.62722,0.45053,0.27128,0.29129,0.10185,2.7032,1.08147,0.60198,0.000660198,0.000660198,0.000660198
339,1079.35,2.60116,1.12136,0.61595,0.44903,0.26719,0.28748,0.10182,2.69996,1.08239,0.60212,0.000658484,0.000658484,0.000658484
340,1082.43,2.70145,1.17669,0.60505,0.46629,0.27155,0.29485,0.10234,2.71447,1.07598,0.60063,0.000656768,0.000656768,0.000656768
341,1085.56,2.59996,1.0696,0.62438,0.45342,0.26496,0.28579,0.09756,2.75381,1.09264,0.60512,0.00065505,0.00065505,0.00065505
342,1088.59,2.44009,1.04827,0.65,0.45622,0.26584,0.28985,0.10112,2.73251,1.07617,0.60308,0.000653331,0.000653331,0.000653331
343,1091.7,2.49802,1.09363,0.61945,0.44721,0.26647,0.28836,0.10208,2.70733,1.07186,0.6022,0.000651611,0.000651611,0.000651611
344,1094.71,2.59979,1.13811,0.6332,0.43084,0.25728,0.27718,0.09658,2.73412,1.08885,0.60613,0.000649888,0.000649888,0.000649888
345,1097.81,2.62346,1.15076,0.62284,0.45285,0.26853,0.29155,0.10209,2.68961,1.08005,0.60321,0.000648164,0.000648164,0.000648164
346,1101.19,2.64401,1.11396,0.63213,0.46728,0.26771,0.29101,0.10167,2.69012,1.07481,0.60323,0.000646439,0.000646439,0.000646439
347,1104.24,2.64623,1.12145,0.62722,0.46099,0.27018,0.29251,0.10115,2.69858,1.07414,0.60186,0.000644712,0.000644712,0.000644712
348,1107.54,2.36436,1.07556,0.62305,0.46514,0.27334,0.28988,0.10053,2.71393,1.08578,0.60137,0.000642984,0.000642984,0.000642984
349,1110.73,2.59255,1.15477,0.60442,0.45586,0.26593,0.28272,0.09533,2.74727,1.0931,0.60524,0.000641254,0.000641254,0.000641254
350,1114.34,2.6542,1.12154,0.6162,0.45807,0.26963,0.28864,0.09653,2.74058,1.10244,0.60167,0.000639523,0.000639523,0.000639523
351,1117.26,2.41886,1.0562,0.63725,0.45342,0.26455,0.27844,0.09022,2.79457,1.13928,0.60352,0.000637791,0.000637791,0.000637791
352,1120.22,2.53351,1.08279,0.60157,0.43897,0.26057,0.27915,0.09713,2.73773,1.10784,0.60709,0.000636057,0.000636057,0.000636057
353,1123.17,2.72113,1.19317,0.60949,0.4183,0.2557,0.27248,0.09275,2.76072,1.1056,0.60884,0.000634322,0.000634322,0.000634322
354,1126.47,2.44816,1.06704,0.62427,0.43246,0.27346,0.28961,0.09994,2.7137,1.09579,0.5993,0.000632585,0.000632585,0.000632585
355,1129.41,2.60485,1.09164,0.62554,0.45064,0.2765,0.29638,0.10309,2.68177,1.08243,0.59877,0.000630847,0.000630847,0.000630847
356,1132.68,2.70148,1.12738,0.60299,0.47819,0.27224,0.2986,0.1066,2.6696,1.05634,0.59912,0.000629108,0.000629108,0.000629108
357,1135.72,2.63512,1.09407,0.62853,0.48069,0.27608,0.30305,0.10767,2.67646,1.05585,0.59944,0.000627368,0.000627368,0.000627368
358,1139.01,2.41733,1.06092,0.61996,0.46457,0.28116,0.29917,0.10437,2.70232,1.07208,0.60047,0.000625627,0.000625627,0.000625627
359,1142.05,2.58591,1.14954,0.62188,0.46675,0.27595,0.29901,0.10298,2.71431,1.0591,0.60002,0.000623884,0.000623884,0.000623884
360,1145.07,2.60143,1.14761,0.61249,0.46969,0.27567,0.29833,0.09884,2.76118,1.06783,0.60117,0.00062214,0.00062214,0.00062214
361,1148.22,2.51973,1.06657,0.60688,0.48732,0.2802,0.30635,0.10734,2.67183,1.04995,0.59816,0.000620396,0.000620396,0.000620396
362,1151.41,2.4765,1.074,0.60104,0.47378,0.28391,0.30126,0.10478,2.6853,1.07418,0.5981,0.00061865,0.00061865,0.00061865
363,1154.52,2.59491,1.09182,0.61504,0.47811,0.27984,0.30154,0.10619,2.67487,1.06902,0.59929,0.000616903,0.000616903,0.000616903
364,1157.7,2.70203,1.14677,0.60088,0.4839,0.27128,0.29615,0.10157,2.73523,1.0817,0.60375,0.000615155,0.000615155,0.000615155
365,1160.75,2.56258,1.12156,0.61014,0.45235,0.2573,0.27255,0.08749,2.84738,1.13275,0.61111,0.000613406,0.000613406,0.000613406
366,1163.93,2.64411,1.14029,0.597,0.46637,0.2743,0.29252,0.09978,2.74674,1.09474,0.60435,0.000611656,0.000611656,0.000611656
367,1166.94,2.6576,1.11435,0.6189,0.46953,0.28254,0.29931,0.10358,2.71666,1.0796,0.60233,0.000609905,0.000609905,0.000609905
368,1170.13,2.59495,1.13142,0.62399,0.45739,0.26085,0.27775,0.09337,2.77738,1.09569,0.60775,0.000608153,0.000608153,0.000608153
369,1173.37,2.76715,1.20071,0.61551,0.47703,0.27713,0.29887,0.10355,2.68772,1.08792,0.60249,0.0006064,0.0006064,0.0006064
370,1176.31,2.59457,1.10729,0.64229,0.4605,0.24657,0.26729,0.08433,2.8688,1.14486,0.60239,0.000604646,0.000604646,0.000604646
371,1179.17,2.63435,1.15912,0.60142,0.46487,0.25653,0.27977,0.0908,2.81011,1.09499,0.60085,0.000602892,0.000602892,0.000602892
372,1182.45,2.69032,1.13836,0.60703,0.45101,0.26888,0.28479,0.09053,2.82709,1.07327,0.60066,0.000601137,0.000601137,0.000601137
373,1185.56,2.49175,1.04767,0.61445,0.45036,0.27142,0.28888,0.09002,2.83615,1.07378,0.60165,0.00059938,0.00059938,0.00059938
374,1188.57,2.4956,1.0925,0.62972,0.47511,0.28789,0.3052,0.1065,2.70203,1.06596,0.59732,0.000597624,0.000597624,0.000597624
375,1191.32,2.51657,1.05969,0.62871,0.48036,0.27979,0.30305,0.10248,2.7357,1.07216,0.59805,0.000595866,0.000595866,0.000595866
376,1194.39,2.42432,1.05834,0.61399,0.47881,0.29242,0.30927,0.10649,2.6809,1.0676,0.59766,0.000594108,0.000594108,0.000594108
377,1197.41,2.70053,1.12879,0.61211,0.46573,0.27389,0.28902,0.1003,2.71814,1.09634,0.60036,0.000592349,0.000592349,0.000592349
378,1200.55,2.58866,1.0927,0.61295,0.468,0.2813,0.30185,0.10399,2.68311,1.06068,0.59894,0.000590589,0.000590589,0.000590589
379,1203.47,2.57555,1.12217,0.59715,0.47767,0.27691,0.3022,0.10545,2.66023,1.06658,0.59748,0.000588829,0.000588829,0.000588829
380,1206.58,2.38763,1.04576,0.61622,0.4746,0.2732,0.30231,0.10805,2.64792,1.09427,0.59815,0.000587068,0.000587068,0.000587068
381,1209.86,2.58208,1.14061,0.62718,0.47274,0.27732,0.30306,0.10881,2.64414,1.08528,0.59868,0.000585307,0.000585307,0.000585307
382,1212.96,2.5377,1.06306,0.62764,0.4579,0.26469,0.28517,0.09737,2.74679,1.08553,0.61112,0.000583545,0.000583545,0.000583545
383,1216.14,2.73181,1.15391,0.62004,0.46369,0.27018,0.29175,0.10251,2.70452,1.07063,0.60807,0.000581782,0.000581782,0.000581782
384,1219.11,2.48523,1.09545,0.62268,0.48132,0.28473,0.31061,0.10952,2.66066,1.08111,0.59772,0.000580019,0.000580019,0.000580019
385,1222.3,2.62115,1.15482,0.60072,0.47706,0.28116,0.30889,0.1083,2.67598,1.08509,0.59793,0.000578256,0.000578256,0.000578256
386,1225.78,2.46659,1.10428,0.63498,0.46935,0.27722,0.30068,0.10357,2.70833,1.05929,0.5983,0.000576492,0.000576492,0.000576492
387,1228.98,2.45524,1.05428,0.6325,0.49093,0.28062,0.31043,0.10887,2.66493,1.06272,0.59814,0.000574728,0.000574728,0.000574728
388,1232.36,2.51312,1.06763,0.61957,0.4825,0.2846,0.30988,0.10907,2.65545,1.06009,0.59899,0.000572963,0.000572963,0.000572963
389,1235.36,2.43966,1.03845,0.60795,0.48029,0.28344,0.30997,0.1111,2.63865,1.04649,0.5968,0.000571198,0.000571198,0.000571198
390,1238.56,2.4933,1.04657,0.6003,0.48038,0.28199,0.31052,0.10831,2.66383,1.0381,0.59531,0.000569433,0.000569433,0.000569433
391,1241.73,2.34117,1.04664,0.60839,0.47886,0.28528,0.31197,0.10738,2.66931,1.03632,0.59588,0.000567667,0.000567667,0.000567667
392,1244.76,2.72712,1.20241,0.59424,0.46756,0.2916,0.30723,0.10472,2.69084,1.04772,0.5983,0.000565901,0.000565901,0.000565901
393,1247.82,2.69887,1.11337,0.60593,0.4614,0.28309,0.29772,0.10355,2.68747,1.06518,0.5988,0.000564135,0.000564135,0.000564135
394,1251.23,2.44948,1.069,0.60482,0.4835,0.28466,0.30815,0.11048,2.63923,1.04684,0.59592,0.000562368,0.000562368,0.000562368
395,1254.34,2.66214,1.13524,0.59472,0.49369,0.28116,0.30591,0.10708,2.67869,1.05623,0.59633,0.000560602,0.000560602,0.000560602
396,1257.55,2.45972,1.07075,0.62778,0.5108,0.28377,0.31577,0.11162,2.64103,1.07648,0.59731,0.000558835,0.000558835,0.000558835
397,1260.74,2.55204,1.10395,0.61541,0.5124,0.28803,0.32023,0.11332,2.63054,1.06966,0.59651,0.000557068,0.000557068,0.000557068
398,1263.92,2.48439,1.07375,0.61714,0.49209,0.28332,0.30965,0.11017,2.64519,1.04811,0.59707,0.000555301,0.000555301,0.000555301
399,1267.02,2.41477,1.00829,0.61749,0.48522,0.28314,0.30755,0.10651,2.64862,1.0761,0.5966,0.000553534,0.000553534,0.000553534
400,1270.22,2.51565,1.14523,0.61516,0.49753,0.27924,0.30902,0.10683,2.65892,1.08488,0.59668,0.000551767,0.000551767,0.000551767
401,1273.31,2.573,1.11296,0.59537,0.48028,0.27471,0.3023,0.10611,2.65318,1.07203,0.59828,0.00055,0.00055,0.00055
402,1276.37,2.56147,1.12291,0.6128,0.44071,0.26085,0.27887,0.09255,2.7435,1.09148,0.60484,0.000548233,0.000548233,0.000548233
403,1279.26,2.76376,1.17067,0.59259,0.47537,0.27641,0.29771,0.10389,2.66415,1.06591,0.59905,0.000546466,0.000546466,0.000546466
404,1282.25,2.42564,1.0333,0.61848,0.47122,0.28005,0.30563,0.10183,2.70602,1.07134,0.59806,0.000544699,0.000544699,0.000544699
405,1285.58,2.49075,1.08487,0.62648,0.48757,0.28418,0.31262,0.10665,2.67317,1.06927,0.59994,0.000542932,0.000542932,0.000542932
406,1288.86,2.48671,1.0369,0.60024,0.48407,0.28652,0.31458,0.11116,2.62612,1.06846,0.60012,0.000541165,0.000541165,0.000541165
407,1291.68,2.56784,1.13238,0.59486,0.49026,0.28226,0.30916,0.10548,2.6695,1.09252,0.59756,0.000539398,0.000539398,0.000539398
408,1294.68,2.42151,1.04582,0.62572,0.48724,0.28791,0.31477,0.10915,2.64773,1.04489,0.59634,0.000537632,0.000537632,0.000537632
409,1297.71,2.45784,1.08422,0.60942,0.48505,0.2894,0.31388,0.11199,2.62856,1.03981,0.59527,0.000535865,0.000535865,0.000535865
410,1300.8,2.53934,1.09033,0.61585,0.48249,0.29132,0.31271,0.10953,2.652,1.07309,0.59626,0.000534099,0.000534099,0.000534099
411,1303.8,2.52258,1.07312,0.59655,0.48434,0.29064,0.31601,0.11118,2.64086,1.04854,0.59491,0.000532333,0.000532333,0.000532333
412,1306.89,2.44735,1.0637,0.60659,0.48457,0.28995,0.31246,0.11307,2.62014,1.03339,0.59583,0.000530567,0.000530567,0.000530567
413,1309.65,2.36551,1.00934,0.62053,0.48036,0.29064,0.31302,0.11424,2.60269,1.02966,0.59507,0.000528802,0.000528802,0.000528802
414,1312.66,2.44215,1.04156,0.61176,0.47132,0.28611,0.30507,0.10088,2.72396,1.04821,0.59601,0.000527037,0.000527037,0.000527037
415,1315.84,2.5787,1.12567,0.60607,0.46313,0.28391,0.30081,0.09815,2.75938,1.05489,0.59719,0.000525272,0.000525272,0.000525272
416,1318.96,2.18018,0.95852,0.62361,0.48235,0.28926,0.3133,0.10943,2.65966,1.04357,0.59449,0.000523508,0.000523508,0.000523508
417,1321.83,2.45591,1.07296,0.63929,0.47873,0.28762,0.31273,0.10786,2.67977,1.04791,0.59444,0.000521744,0.000521744,0.000521744
418,1324.7,2.65452,1.16832,0.61524,0.4892,0.29105,0.31908,0.1136,2.60669,1.03496,0.59288,0.000519981,0.000519981,0.000519981
419,1327.7,2.34923,1.09083,0.59653,0.4925,0.29132,0.31892,0.1164,2.57506,1.02403,0.59433,0.000518218,0.000518218,0.000518218
420,1330.88,2.30849,1.00837,0.61108,0.46408,0.27279,0.29671,0.10392,2.66694,1.0552,0.60054,0.000516455,0.000516455,0.000516455
421,1334.18,2.72179,1.17277,0.61459,0.48274,0.28495,0.31164,0.11278,2.60129,1.03377,0.59544,0.000514693,0.000514693,0.000514693
422,1337.2,2.3797,1.05788,0.61165,0.50434,0.29448,0.31969,0.11397,2.61284,1.03284,0.59623,0.000512932,0.000512932,0.000512932
423,1340.18,2.58133,1.1329,0.60438,0.51161,0.29409,0.32217,0.11468,2.61091,1.03169,0.59576,0.000511171,0.000511171,0.000511171
424,1343.62,2.42814,1.00174,0.60451,0.49129,0.29599,0.31941,0.11216,2.62288,1.0308,0.59462,0.000509411,0.000509411,0.000509411
425,1346.73,2.47721,1.05938,0.62735,0.47352,0.28885,0.31091,0.10883,2.64085,1.03928,0.59675,0.000507651,0.000507651,0.000507651
426,1349.78,2.42264,1.0761,0.61133,0.45103,0.28075,0.29881,0.10307,2.67758,1.05917,0.60156,0.000505892,0.000505892,0.000505892
427,1352.76,2.442,1.08163,0.63351,0.46221,0.29023,0.31231,0.11006,2.62359,1.04174,0.59661,0.000504134,0.000504134,0.000504134
428,1356.09,2.41974,1.07068,0.59969,0.46686,0.29462,0.31515,0.1114,2.62331,1.03281,0.59443,0.000502376,0.000502376,0.000502376
429,1359.38,2.50451,1.07597,0.61103,0.47976,0.29187,0.31407,0.11122,2.62529,1.0372,0.59539,0.00050062,0.00050062,0.00050062
430,1362.3,2.75589,1.13946,0.6124,0.49826,0.29736,0.32622,0.11555,2.61314,1.02669,0.59301,0.000498863,0.000498863,0.000498863
431,1365.45,2.41495,1.04714,0.58886,0.48498,0.28391,0.31045,0.10272,2.71485,1.04209,0.5953,0.000497108,0.000497108,0.000497108
432,1368.5,2.34795,1.07454,0.62094,0.48968,0.28542,0.31145,0.10859,2.66237,1.04177,0.59285,0.000495354,0.000495354,0.000495354
433,1371.43,2.50087,1.07253,0.62898,0.48988,0.29393,0.31696,0.11493,2.59032,1.02521,0.59417,0.0004936,0.0004936,0.0004936
434,1374.75,2.50143,1.06928,0.60578,0.47032,0.28789,0.30473,0.10789,2.63122,1.04018,0.59615,0.000491847,0.000491847,0.000491847
435,1377.73,2.53865,1.0746,0.62149,0.48051,0.29379,0.31727,0.11565,2.58968,1.02781,0.59264,0.000490095,0.000490095,0.000490095
436,1380.82,2.44567,1.08768,0.60815,0.4768,0.29393,0.31514,0.10845,2.66193,1.03764,0.59373,0.000488344,0.000488344,0.000488344
437,1383.91,2.46422,1.03737,0.61259,0.48918,0.29278,0.31813,0.11448,2.60711,1.02798,0.59334,0.000486594,0.000486594,0.000486594
438,1387.15,2.33058,1.03153,0.61972,0.49746,0.29654,0.32301,0.11223,2.63277,1.03688,0.59388,0.000484845,0.000484845,0.000484845
439,1390.06,2.64716,1.13437,0.58456,0.49754,0.29901,0.32561,0.11244,2.62832,1.03812,0.59333,0.000483097,0.000483097,0.000483097
440,1393.34,2.56596,1.10591,0.60069,0.48417,0.28981,0.31146,0.11352,2.58217,1.0274,0.59306,0.00048135,0.00048135,0.00048135
441,1396.59,2.56268,1.13385,0.59796,0.46899,0.2835,0.30341,0.10728,2.63982,1.0469,0.59667,0.000479604,0.000479604,0.000479604
442,1399.63,2.70743,1.13537,0.59922,0.4873,0.29346,0.32005,0.11491,2.59752,1.02941,0.59517,0.00047786,0.00047786,0.00047786
443,1402.8,2.42158,1.04696,0.59193,0.48399,0.29585,0.32326,0.1175,2.5746,1.02535,0.59416,0.000476116,0.000476116,0.000476116
444,1405.93,2.45125,1.03039,0.59854,0.47709,0.27773,0.3082,0.11302,2.60133,1.04224,0.59642,0.000474373,0.000474373,0.000474373
445,1409,2.44586,1.09228,0.62403,0.49296,0.28405,0.31801,0.11757,2.56902,1.03375,0.59384,0.000472632,0.000472632,0.000472632
446,1412.4,2.65602,1.10484,0.60906,0.49772,0.2916,0.32314,0.11533,2.61151,1.02061,0.59188,0.000470892,0.000470892,0.000470892
447,1415.56,2.55018,1.11494,0.5944,0.52062,0.2953,0.32924,0.11847,2.58505,1.01684,0.59219,0.000469153,0.000469153,0.000469153
448,1418.68,2.42618,1.02706,0.60763,0.49889,0.28775,0.31273,0.10972,2.63567,1.05356,0.5963,0.000467415,0.000467415,0.000467415
449,1421.83,2.3268,1.01378,0.63955,0.50517,0.29846,0.32364,0.11553,2.61881,1.02955,0.59382,0.000465678,0.000465678,0.000465678
450,1424.93,2.61278,1.11585,0.6252,0.49937,0.29599,0.32231,0.11574,2.61277,1.02098,0.5926,0.000463943,0.000463943,0.000463943
451,1428.45,2.36184,1.02367,0.626,0.50656,0.29448,0.32427,0.1172,2.59198,1.02296,0.59152,0.000462209,0.000462209,0.000462209
452,1431.36,2.30411,0.99585,0.59845,0.45109,0.26208,0.28084,0.09209,2.78682,1.08559,0.59596,0.000460477,0.000460477,0.000460477
453,1434.69,2.55521,1.04424,0.60116,0.44103,0.2564,0.27146,0.08644,2.82862,1.09601,0.59732,0.000458746,0.000458746,0.000458746
454,1437.88,2.54737,1.06286,0.5982,0.4941,0.29023,0.32203,0.11709,2.5754,1.02607,0.59336,0.000457016,0.000457016,0.000457016
455,1441.14,2.47486,1.05775,0.62656,0.48607,0.28372,0.31065,0.11151,2.60975,1.03415,0.59632,0.000455288,0.000455288,0.000455288
456,1444.35,2.48181,1.06654,0.62527,0.48846,0.29407,0.32495,0.11438,2.60833,1.01874,0.593,0.000453561,0.000453561,0.000453561
457,1447.3,2.6698,1.13246,0.5992,0.48237,0.29077,0.31924,0.11124,2.64193,1.02284,0.59317,0.000451836,0.000451836,0.000451836
458,1450.63,2.55654,1.10423,0.60058,0.49533,0.28775,0.322,0.11719,2.59049,1.0211,0.59271,0.000450112,0.000450112,0.000450112
459,1453.67,2.55521,1.07537,0.61139,0.50302,0.2846,0.31888,0.11506,2.60882,1.02967,0.59408,0.000448389,0.000448389,0.000448389
460,1456.82,2.39902,1.03814,0.61622,0.49982,0.29633,0.32648,0.11801,2.58524,1.01301,0.59273,0.000446669,0.000446669,0.000446669
461,1459.86,2.45562,1.01949,0.62262,0.49933,0.29643,0.32515,0.11367,2.62106,1.02253,0.59391,0.00044495,0.00044495,0.00044495
462,1463.06,2.47766,1.06459,0.60662,0.51162,0.28864,0.32446,0.11899,2.56539,1.00945,0.59328,0.000443232,0.000443232,0.000443232
463,1466.2,2.42335,1.05976,0.6156,0.48378,0.28432,0.31145,0.11147,2.60998,1.02627,0.59669,0.000441516,0.000441516,0.000441516
464,1469.19,2.49488,1.10434,0.60741,0.49792,0.29846,0.32867,0.12013,2.54964,1.01176,0.591,0.000439802,0.000439802,0.000439802
465,1472.2,2.63264,1.12514,0.60482,0.49324,0.29489,0.32731,0.1157,2.58662,1.02408,0.59095,0.00043809,0.00043809,0.00043809
466,1475.25,2.5752,1.09827,0.59538,0.49809,0.29874,0.3312,0.11995,2.56403,1.03221,0.59112,0.000436379,0.000436379,0.000436379
467,1478.18,2.32119,0.9824,0.62294,0.50142,0.30148,0.33117,0.12057,2.55321,1.02691,0.59075,0.00043467,0.00043467,0.00043467
468,1481.5,2.47424,1.07206,0.61276,0.49711,0.2991,0.32768,0.12004,2.56078,1.00837,0.59043,0.000432963,0.000432963,0.000432963
469,1484.62,2.49634,1.08607,0.61434,0.48842,0.2932,0.31843,0.11673,2.57919,1.01949,0.59249,0.000431257,0.000431257,0.000431257
470,1488.22,2.46792,1.03534,0.61157,0.49141,0.29501,0.32325,0.11811,2.56759,1.01735,0.59135,0.000429554,0.000429554,0.000429554
471,1491.19,2.63999,1.11706,0.59622,0.48097,0.28817,0.31842,0.1153,2.5964,1.01641,0.59056,0.000427852,0.000427852,0.000427852
472,1494.27,2.4388,1.05871,0.59186,0.47939,0.29901,0.32459,0.11823,2.57964,1.01147,0.59013,0.000426152,0.000426152,0.000426152
473,1497.32,2.60059,1.11307,0.60482,0.48852,0.30135,0.32392,0.11759,2.57039,1.01302,0.59165,0.000424454,0.000424454,0.000424454
474,1500.58,2.46404,1.0639,0.62421,0.48055,0.29242,0.31414,0.11146,2.61166,1.02698,0.59439,0.000422758,0.000422758,0.000422758
475,1503.68,2.62483,1.09835,0.60012,0.49563,0.30533,0.32851,0.12036,2.5531,1.00932,0.59016,0.000421064,0.000421064,0.000421064
476,1506.92,2.35824,1.04794,0.62919,0.48442,0.29091,0.31631,0.11188,2.62706,1.03227,0.59162,0.000419372,0.000419372,0.000419372
477,1510.12,2.35886,0.99673,0.61664,0.49178,0.29407,0.32159,0.11667,2.57952,1.02333,0.59221,0.000417682,0.000417682,0.000417682
478,1513.08,2.36111,1.02535,0.62031,0.49397,0.29379,0.3232,0.11676,2.57437,1.02046,0.59435,0.000415994,0.000415994,0.000415994
479,1516.33,2.54649,1.09982,0.58766,0.49374,0.29887,0.32841,0.12038,2.55481,1.01342,0.59147,0.000414308,0.000414308,0.000414308
480,1519.67,2.60434,1.05476,0.59773,0.49526,0.30409,0.32888,0.11861,2.58926,1.00998,0.59081,0.000412624,0.000412624,0.000412624
481,1522.77,2.39851,1.04779,0.61224,0.5056,0.3056,0.33279,0.12273,2.56138,1.00696,0.59063,0.000410942,0.000410942,0.000410942
482,1525.96,2.62177,1.12673,0.60809,0.50004,0.28844,0.31695,0.11242,2.61386,1.04199,0.59611,0.000409263,0.000409263,0.000409263
483,1528.9,2.57294,1.09861,0.60696,0.50388,0.29709,0.3264,0.11864,2.58048,1.03117,0.59367,0.000407585,0.000407585,0.000407585
484,1531.93,2.53342,1.10847,0.60867,0.50783,0.2997,0.32956,0.11733,2.58241,1.0193,0.59006,0.00040591,0.00040591,0.00040591
485,1535.23,2.42835,1.0739,0.60804,0.52212,0.30546,0.33414,0.12009,2.56681,1.01791,0.5902,0.000404237,0.000404237,0.000404237
486,1538.55,2.41288,1.04268,0.60948,0.5169,0.29421,0.32323,0.11935,2.55736,1.01509,0.59152,0.000402566,0.000402566,0.000402566
487,1541.71,2.55432,1.079,0.59965,0.51621,0.29929,0.33298,0.1229,2.53951,1.0063,0.59026,0.000400898,0.000400898,0.000400898
488,1545.02,2.46935,1.08533,0.62171,0.49682,0.30553,0.33317,0.11889,2.56828,1.00794,0.59167,0.000399232,0.000399232,0.000399232
489,1548.09,2.41274,1.04516,0.61727,0.49699,0.30272,0.33273,0.12131,2.5545,1.00906,0.59214,0.000397568,0.000397568,0.000397568
490,1551.38,2.39187,1.00892,0.61536,0.49775,0.30299,0.33404,0.12418,2.53039,1.00484,0.59016,0.000395906,0.000395906,0.000395906
491,1554.82,2.55276,1.13107,0.59244,0.496,0.30399,0.33424,0.12466,2.52544,1.00164,0.58894,0.000394247,0.000394247,0.000394247
492,1558.14,2.35296,1.02311,0.61413,0.50935,0.30807,0.34121,0.12596,2.52777,1.00377,0.58837,0.000392591,0.000392591,0.000392591
493,1561.5,2.53792,1.04873,0.60073,0.50461,0.30684,0.33887,0.12489,2.53038,1.00508,0.58836,0.000390936,0.000390936,0.000390936
494,1564.78,2.32597,1.01673,0.61672,0.50033,0.30121,0.33361,0.12446,2.52417,1.00897,0.58928,0.000389284,0.000389284,0.000389284
495,1567.66,2.42806,1.043,0.61455,0.48507,0.29311,0.32346,0.12136,2.53374,1.01319,0.59114,0.000387635,0.000387635,0.000387635
496,1570.78,2.48754,1.06306,0.5976,0.47806,0.29791,0.32516,0.12214,2.5311,1.02699,0.58973,0.000385988,0.000385988,0.000385988
497,1573.95,2.38913,1.02247,0.60224,0.47645,0.29311,0.32042,0.1178,2.57619,1.04821,0.59023,0.000384344,0.000384344,0.000384344
498,1577.1,2.36381,1.02217,0.62127,0.47703,0.29352,0.32078,0.11509,2.5818,1.05154,0.59032,0.000382702,0.000382702,0.000382702
499,1580.2,2.38361,1.01183,0.61491,0.48686,0.29321,0.32457,0.1199,2.5387,1.03291,0.59212,0.000381063,0.000381063,0.000381063
500,1583.38,2.46269,1.05138,0.61316,0.49108,0.29338,0.32508,0.1192,2.54289,1.01943,0.5921,0.000379426,0.000379426,0.000379426
501,1586.44,2.63116,1.18377,0.60684,0.49761,0.29778,0.33142,0.12139,2.54159,1.02142,0.58947,0.000377792,0.000377792,0.000377792
502,1589.94,2.35229,1.05598,0.6013,0.50324,0.29434,0.32752,0.11428,2.5955,1.02138,0.58986,0.000376161,0.000376161,0.000376161
503,1593.04,2.35,0.99452,0.61272,0.50697,0.30231,0.33423,0.12217,2.5339,1.00126,0.58895,0.000374533,0.000374533,0.000374533
504,1596.37,2.51633,1.06363,0.61878,0.50821,0.30519,0.33641,0.12357,2.52644,0.99601,0.58869,0.000372907,0.000372907,0.000372907
505,1599.5,2.43406,1.02238,0.60567,0.50002,0.2997,0.32849,0.1146,2.58925,1.00605,0.58933,0.000371283,0.000371283,0.000371283
506,1602.72,2.49305,1.04166,0.61635,0.51126,0.30346,0.33469,0.1214,2.54831,0.99757,0.58806,0.000369663,0.000369663,0.000369663
507,1605.98,2.38271,1.0235,0.6133,0.52707,0.30684,0.34117,0.12666,2.50237,0.99954,0.5875,0.000368045,0.000368045,0.000368045
508,1609.1,2.33944,1.06441,0.60883,0.51605,0.30395,0.33783,0.1239,2.5204,1.01575,0.58839,0.000366431,0.000366431,0.000366431
509,1611.99,2.3924,1.02879,0.60078,0.53321,0.30876,0.34352,0.12863,2.50282,0.99805,0.58658,0.000364819,0.000364819,0.000364819
510,1614.98,2.28003,1.00294,0.61365,0.53187,0.30615,0.34198,0.12541,2.53211,0.99644,0.5874,0.000363209,0.000363209,0.000363209
511,1618.18,2.48255,1.06481,0.59397,0.53269,0.30601,0.34319,0.12865,2.50393,0.99266,0.58746,0.000361603,0.000361603,0.000361603
512,1621.39,2.31056,1.05974,0.63275,0.51509,0.30505,0.33971,0.128,2.49844,0.98508,0.58806,0.00036,0.00036,0.00036
513,1624.65,2.41424,1.02158,0.60753,0.50439,0.30656,0.33971,0.12386,2.52684,0.9974,0.58842,0.000358399,0.000358399,0.000358399
514,1627.78,2.29799,0.99147,0.61355,0.48666,0.30793,0.33882,0.12588,2.51477,1.01309,0.58957,0.000356802,0.000356802,0.000356802
515,1630.82,2.60136,1.07403,0.60031,0.48746,0.30519,0.3378,0.12798,2.50398,1.02007,0.59016,0.000355207,0.000355207,0.000355207
516,1633.9,2.48514,1.08339,0.61927,0.49841,0.30148,0.33607,0.1275,2.52225,1.02497,0.59018,0.000353616,0.000353616,0.000353616
517,1637.06,2.32605,1.01183,0.60759,0.49958,0.30739,0.33766,0.12643,2.51537,1.00671,0.58942,0.000352027,0.000352027,0.000352027
518,1640.34,2.3579,1.03457,0.60834,0.5012,0.30038,0.33043,0.12294,2.53082,0.99599,0.5892,0.000350442,0.000350442,0.000350442
519,1643.73,2.4155,1.0224,0.61482,0.5009,0.30313,0.33109,0.12192,2.53862,1.00027,0.58909,0.00034886,0.00034886,0.00034886
520,1647.12,2.27545,0.98792,0.59123,0.49127,0.30574,0.3317,0.12403,2.52022,0.99628,0.58836,0.00034728,0.00034728,0.00034728
521,1650,2.37692,1.0171,0.60591,0.48971,0.30574,0.3339,0.12705,2.5014,0.98847,0.58813,0.000345704,0.000345704,0.000345704
522,1653.25,2.30056,1.0069,0.61475,0.49346,0.3056,0.33571,0.1231,2.54488,1.0011,0.58765,0.000344131,0.000344131,0.000344131
523,1656.39,2.50803,1.05065,0.58626,0.48485,0.30231,0.33228,0.12034,2.5686,1.01,0.5882,0.000342562,0.000342562,0.000342562
524,1659.49,2.59917,1.08102,0.59862,0.49395,0.30615,0.33828,0.12669,2.52474,1.00616,0.58737,0.000340995,0.000340995,0.000340995
525,1662.53,2.64225,1.11988,0.59925,0.49078,0.30519,0.33547,0.12423,2.54165,1.01035,0.58803,0.000339432,0.000339432,0.000339432
526,1665.84,2.3618,0.99481,0.61278,0.49422,0.30643,0.33644,0.12607,2.5125,0.99448,0.58754,0.000337871,0.000337871,0.000337871
527,1668.92,2.51139,1.05701,0.61736,0.48791,0.3036,0.33257,0.12388,2.52113,0.99894,0.58799,0.000336315,0.000336315,0.000336315
528,1671.99,2.40757,1.07408,0.60313,0.49474,0.30247,0.33225,0.12362,2.5238,1.002,0.58745,0.000334761,0.000334761,0.000334761
529,1674.97,2.47525,1.03111,0.5843,0.49405,0.30739,0.3362,0.1249,2.53193,0.99563,0.58721,0.000333211,0.000333211,0.000333211
530,1678.22,2.45426,1.035,0.60926,0.51366,0.30807,0.34129,0.12698,2.51933,0.99282,0.58701,0.000331664,0.000331664,0.000331664
531,1680.99,2.39391,1.04923,0.63163,0.51504,0.30181,0.3357,0.126,2.51855,0.99576,0.589,0.00033012,0.00033012,0.00033012
532,1684.03,2.50879,1.03965,0.59737,0.51294,0.30258,0.33463,0.12474,2.5339,0.99729,0.59028,0.00032858,0.00032858,0.00032858
533,1686.96,2.48033,1.05712,0.60584,0.51301,0.30217,0.33561,0.12486,2.53177,0.99426,0.5907,0.000327044,0.000327044,0.000327044
534,1689.98,2.39889,1.03121,0.62235,0.49262,0.29105,0.32038,0.11824,2.57409,1.00673,0.59622,0.00032551,0.00032551,0.00032551
535,1693.31,2.32016,0.99494,0.5928,0.49929,0.29778,0.32876,0.12292,2.53541,0.99658,0.59354,0.000323981,0.000323981,0.000323981
536,1696.39,2.51972,1.10716,0.58084,0.49485,0.31137,0.34034,0.12787,2.49656,0.98503,0.58751,0.000322454,0.000322454,0.000322454
537,1699.46,2.26682,0.97268,0.60281,0.48433,0.31164,0.33969,0.1279,2.49216,0.98476,0.58674,0.000320931,0.000320931,0.000320931
538,1702.45,2.41102,1.0357,0.65395,0.50276,0.30643,0.33955,0.12612,2.49995,0.99853,0.5869,0.000319412,0.000319412,0.000319412
539,1705.33,2.51353,1.0439,0.60527,0.50702,0.31137,0.34309,0.1271,2.49373,0.99698,0.58598,0.000317896,0.000317896,0.000317896
540,1708.68,2.51908,1.03439,0.59462,0.51322,0.31645,0.34634,0.12796,2.49896,0.98923,0.58617,0.000316384,0.000316384,0.000316384
541,1711.54,2.42186,1.05225,0.59889,0.51638,0.31301,0.34454,0.12743,2.49616,0.99254,0.58744,0.000314876,0.000314876,0.000314876
542,1714.63,2.35103,0.98978,0.6124,0.51324,0.30848,0.34135,0.12837,2.49227,0.98883,0.58749,0.000313371,0.000313371,0.000313371
543,1717.48,2.4723,1.04154,0.58654,0.49704,0.30546,0.33569,0.12712,2.49976,0.98695,0.58607,0.000311869,0.000311869,0.000311869
544,1720.7,2.54877,1.06995,0.59179,0.49699,0.30519,0.3359,0.12524,2.5093,0.98823,0.5861,0.000310372,0.000310372,0.000310372
545,1723.93,2.27645,1.03439,0.6391,0.49715,0.30368,0.33729,0.12699,2.49518,0.98576,0.58674,0.000308878,0.000308878,0.000308878
546,1727.14,2.36403,1.03535,0.6034,0.5021,0.30292,0.33573,0.12613,2.51362,0.98618,0.58715,0.000307388,0.000307388,0.000307388
547,1730.52,2.27677,1.00531,0.60099,0.50436,0.3045,0.33854,0.12681,2.5132,0.98431,0.5872,0.000305901,0.000305901,0.000305901
548,1733.76,2.58474,1.05503,0.59529,0.5105,0.30711,0.34266,0.12943,2.48763,0.97986,0.58641,0.000304419,0.000304419,0.000304419
549,1736.85,2.42002,1.02361,0.5966,0.50729,0.30958,0.34319,0.13046,2.47473,0.97896,0.5859,0.00030294,0.00030294,0.00030294
550,1740.31,2.30591,1.0434,0.60701,0.50662,0.30394,0.34023,0.13005,2.47746,0.98758,0.58574,0.000301465,0.000301465,0.000301465
551,1743.66,2.21848,0.97072,0.60672,0.50996,0.30052,0.33692,0.1264,2.501,0.99888,0.58851,0.000299993,0.000299993,0.000299993
552,1746.73,2.23138,0.98971,0.61529,0.49467,0.29778,0.32969,0.12308,2.52583,1.00376,0.59046,0.000298526,0.000298526,0.000298526
553,1749.76,2.27062,1.01167,0.60473,0.49713,0.3045,0.33795,0.12777,2.49855,0.99077,0.58796,0.000297062,0.000297062,0.000297062
554,1753.01,2.22684,0.9828,0.60439,0.49402,0.30986,0.33936,0.1266,2.51153,0.98902,0.58684,0.000295603,0.000295603,0.000295603
555,1755.86,2.37964,1.05677,0.60455,0.48991,0.30788,0.338,0.12742,2.49929,0.98711,0.58662,0.000294147,0.000294147,0.000294147
556,1759.06,2.3234,1.00046,0.60537,0.49279,0.30656,0.33856,0.12747,2.49371,0.98846,0.58684,0.000292695,0.000292695,0.000292695
557,1762.21,2.35384,0.98304,0.61077,0.4949,0.30931,0.34005,0.12576,2.51331,0.99208,0.58692,0.000291248,0.000291248,0.000291248
558,1765.18,2.44314,1.00234,0.58782,0.4946,0.30942,0.33923,0.12707,2.49926,0.99237,0.58692,0.000289804,0.000289804,0.000289804
559,1768.18,2.58765,1.11511,0.58496,0.49371,0.30958,0.33765,0.12711,2.50024,0.99259,0.58704,0.000288364,0.000288364,0.000288364
560,1771.35,2.44155,1.04566,0.59635,0.49776,0.31137,0.34182,0.12831,2.48538,0.98676,0.58589,0.000286928,0.000286928,0.000286928
561,1774.45,2.35057,1.00118,0.59672,0.50054,0.31096,0.34197,0.12657,2.4951,0.99228,0.58608,0.000285497,0.000285497,0.000285497
562,1777.51,2.47405,1.01764,0.59373,0.50632,0.30972,0.34468,0.12874,2.47856,0.99192,0.58646,0.000284069,0.000284069,0.000284069
563,1780.72,2.42681,1.0174,0.58813,0.51151,0.31023,0.3468,0.12963,2.47497,0.98848,0.58579,0.000282646,0.000282646,0.000282646
564,1783.81,2.4422,1.0587,0.58917,0.51057,0.31741,0.34857,0.12882,2.49078,0.98383,0.5857,0.000281226,0.000281226,0.000281226
565,1786.9,2.44342,1.04503,0.59426,0.51759,0.31329,0.34685,0.12943,2.48853,0.9831,0.58526,0.000279811,0.000279811,0.000279811
566,1789.99,2.31762,1.01802,0.60445,0.5158,0.30903,0.34423,0.12996,2.47446,0.9822,0.58547,0.0002784,0.0002784,0.0002784
567,1792.81,2.43748,1.02775,0.59766,0.51788,0.30931,0.34606,0.13064,2.47996,0.98366,0.58537,0.000276993,0.000276993,0.000276993
568,1796.21,2.23499,0.9805,0.61567,0.51303,0.30697,0.34145,0.13057,2.47341,0.98056,0.5861,0.00027559,0.00027559,0.00027559
569,1799.08,2.49377,1.02119,0.59047,0.51249,0.30574,0.33947,0.12938,2.48198,0.98111,0.5865,0.000274192,0.000274192,0.000274192
570,1802,2.3832,1.03725,0.62247,0.50766,0.30258,0.3357,0.12629,2.50358,0.99308,0.58767,0.000272798,0.000272798,0.000272798
571,1805.2,2.42397,1.02726,0.57937,0.5128,0.30093,0.33545,0.124,2.52402,1.00233,0.58876,0.000271408,0.000271408,0.000271408
572,1808.5,2.35837,1.00597,0.60271,0.52023,0.31411,0.34678,0.13012,2.48046,0.98444,0.58566,0.000270022,0.000270022,0.000270022
573,1811.69,2.42006,1.01713,0.59382,0.51531,0.31425,0.34677,0.1294,2.48105,0.98496,0.58555,0.000268641,0.000268641,0.000268641
574,1814.96,2.31313,1.02784,0.59272,0.51103,0.3137,0.34545,0.12888,2.48858,0.99026,0.58628,0.000267264,0.000267264,0.000267264
575,1818.21,2.39947,0.98928,0.59985,0.5048,0.31335,0.34451,0.12963,2.49012,0.9925,0.58623,0.000265891,0.000265891,0.000265891
576,1821.22,2.37664,1.02503,0.58759,0.49999,0.30945,0.34129,0.12571,2.52776,1.00045,0.58669,0.000264523,0.000264523,0.000264523
577,1824.39,2.37856,1.03698,0.6127,0.50462,0.3115,0.3445,0.12779,2.49856,0.99104,0.58635,0.000263159,0.000263159,0.000263159
578,1827.46,2.16094,0.94431,0.60264,0.50525,0.30876,0.34268,0.12976,2.46657,0.98092,0.58755,0.0002618,0.0002618,0.0002618
579,1830.48,2.38042,1.02766,0.63255,0.49775,0.3117,0.34442,0.13075,2.46683,0.98333,0.58632,0.000260445,0.000260445,0.000260445
580,1834.07,2.34699,1.03186,0.5892,0.50007,0.31049,0.34621,0.13042,2.46993,0.98415,0.58467,0.000259094,0.000259094,0.000259094
581,1837.03,2.50561,1.06979,0.59085,0.50981,0.31192,0.34727,0.13029,2.46251,0.97791,0.58488,0.000257748,0.000257748,0.000257748
582,1840.22,2.41031,1.02514,0.59169,0.50372,0.31562,0.34694,0.1296,2.48033,0.98022,0.58472,0.000256407,0.000256407,0.000256407
583,1843.34,2.49982,1.05535,0.60113,0.50141,0.3126,0.34313,0.12595,2.50927,0.98686,0.58514,0.00025507,0.00025507,0.00025507
584,1846.32,2.39853,1.06177,0.58623,0.51352,0.31332,0.34711,0.1288,2.49222,0.98665,0.58542,0.000253738,0.000253738,0.000253738
585,1849.5,2.49872,1.10008,0.58549,0.52379,0.30711,0.34535,0.13067,2.46528,0.98186,0.58537,0.00025241,0.00025241,0.00025241
586,1852.46,2.22845,0.94311,0.61059,0.50999,0.31137,0.34556,0.13105,2.45517,0.98157,0.58566,0.000251086,0.000251086,0.000251086
587,1855.73,2.35059,1.02925,0.60367,0.51788,0.31452,0.34815,0.1323,2.45637,0.98031,0.58481,0.000249768,0.000249768,0.000249768
588,1859.24,2.35962,0.97981,0.60579,0.51466,0.31137,0.34648,0.13149,2.46703,0.98336,0.58484,0.000248454,0.000248454,0.000248454
589,1862.61,2.44938,1.01775,0.58519,0.51742,0.31027,0.34494,0.13131,2.46374,0.98906,0.58521,0.000247144,0.000247144,0.000247144
590,1865.84,2.2206,0.95381,0.61236,0.52071,0.3083,0.34452,0.12948,2.46893,0.99219,0.58658,0.00024584,0.00024584,0.00024584
591,1869,2.2555,0.99487,0.58867,0.51743,0.31096,0.34634,0.13009,2.46166,0.98168,0.58545,0.00024454,0.00024454,0.00024454
592,1872.05,2.36768,1.03363,0.60257,0.51807,0.30574,0.34504,0.12991,2.46773,0.97877,0.58531,0.000243244,0.000243244,0.000243244
593,1875.14,2.46736,1.00889,0.59203,0.51189,0.30711,0.34421,0.13012,2.46418,0.97801,0.58579,0.000241954,0.000241954,0.000241954
594,1878.28,2.18938,0.98853,0.62485,0.51984,0.31013,0.34868,0.13238,2.45314,0.97491,0.58561,0.000240668,0.000240668,0.000240668
595,1881.37,2.42118,1.02565,0.59592,0.51911,0.30589,0.34386,0.12992,2.45944,0.97589,0.5866,0.000239387,0.000239387,0.000239387
596,1884.72,2.3049,1.04098,0.62549,0.51278,0.30903,0.34376,0.13069,2.45319,0.97631,0.58581,0.000238111,0.000238111,0.000238111
597,1887.93,2.38401,1.04424,0.61289,0.5133,0.31096,0.3464,0.13208,2.44297,0.97628,0.58498,0.000236839,0.000236839,0.000236839
598,1891.07,2.22212,0.98018,0.58908,0.51683,0.31356,0.34839,0.13304,2.44288,0.97847,0.58544,0.000235573,0.000235573,0.000235573
599,1894.24,2.46821,1.15645,0.59896,0.51734,0.31005,0.34616,0.13223,2.44159,0.97812,0.58573,0.000234311,0.000234311,0.000234311
600,1897.54,2.15169,0.9337,0.58921,0.50778,0.30711,0.34307,0.13083,2.45324,0.98025,0.58595,0.000233054,0.000233054,0.000233054
601,1900.43,2.2701,0.95818,0.60584,0.50725,0.31041,0.3447,0.13125,2.45789,0.9781,0.58534,0.000231802,0.000231802,0.000231802
602,1903.57,2.28604,0.98479,0.59503,0.50926,0.30684,0.34075,0.12742,2.48393,0.98276,0.58655,0.000230555,0.000230555,0.000230555
603,1906.47,2.31445,0.95804,0.60553,0.51543,0.31163,0.34599,0.13057,2.46718,0.97766,0.58537,0.000229313,0.000229313,0.000229313
604,1909.66,2.42924,1.03522,0.59195,0.51753,0.3148,0.34903,0.13111,2.47267,0.97262,0.58447,0.000228075,0.000228075,0.000228075
605,1912.92,2.3014,0.96675,0.60315,0.51252,0.31411,0.34714,0.13004,2.47858,0.97432,0.58465,0.000226843,0.000226843,0.000226843
606,1915.92,2.23407,0.96854,0.60931,0.51164,0.31758,0.35079,0.13337,2.44905,0.97168,0.5838,0.000225616,0.000225616,0.000225616
607,1919.32,2.39224,1.0011,0.60714,0.51189,0.31562,0.34928,0.13316,2.44727,0.97309,0.58412,0.000224394,0.000224394,0.000224394
608,1922.28,2.43988,1.01069,0.60261,0.51244,0.31153,0.34853,0.1322,2.45396,0.97993,0.58409,0.000223176,0.000223176,0.000223176
609,1925.32,2.20173,0.95506,0.60493,0.51017,0.31185,0.34855,0.13295,2.44554,0.9813,0.58415,0.000221964,0.000221964,0.000221964
610,1928.22,2.31393,1.01834,0.61072,0.50677,0.3126,0.34789,0.13319,2.43793,0.98163,0.58484,0.000220757,0.000220757,0.000220757
611,1931.34,2.26174,0.9895,0.60634,0.50217,0.31535,0.34793,0.13228,2.45133,0.9821,0.58495,0.000219555,0.000219555,0.000219555
612,1934.59,2.43466,0.99163,0.60088,0.50362,0.30958,0.34509,0.1281,2.49635,0.99108,0.58483,0.000218358,0.000218358,0.000218358
613,1937.77,2.11718,0.94254,0.58974,0.50682,0.31052,0.34595,0.12779,2.50103,0.98977,0.58503,0.000217166,0.000217166,0.000217166
614,1941.02,2.51739,1.02083,0.59584,0.51259,0.32043,0.35319,0.13458,2.45055,0.97025,0.58408,0.000215979,0.000215979,0.000215979
615,1944.51,2.37398,1.04191,0.59907,0.52041,0.32125,0.35492,0.13401,2.45354,0.96933,0.58408,0.000214798,0.000214798,0.000214798
616,1947.5,2.52819,1.0387,0.59792,0.51786,0.3137,0.34979,0.13446,2.44272,0.97056,0.58365,0.000213621,0.000213621,0.000213621
617,1950.33,2.39051,0.996,0.58938,0.5198,0.31013,0.34747,0.13309,2.45351,0.9737,0.58534,0.00021245,0.00021245,0.00021245
618,1953.42,2.55283,1.13655,0.59735,0.51509,0.30986,0.34764,0.13176,2.46252,0.9758,0.58614,0.000211284,0.000211284,0.000211284
619,1956.49,2.39138,1.04705,0.58283,0.51814,0.31384,0.35229,0.134,2.44808,0.97285,0.58444,0.000210123,0.000210123,0.000210123
620,1959.74,2.33451,1.01383,0.59781,0.5194,0.31755,0.354,0.13547,2.43867,0.96797,0.58313,0.000208968,0.000208968,0.000208968
621,1962.72,2.43114,1.04403,0.58735,0.50848,0.31672,0.35051,0.134,2.43972,0.96982,0.58406,0.000207817,0.000207817,0.000207817
622,1965.72,2.22052,0.96039,0.60119,0.50275,0.31329,0.34532,0.13254,2.45045,0.9699,0.5844,0.000206672,0.000206672,0.000206672
623,1969,2.31338,0.95835,0.62126,0.51192,0.31645,0.34986,0.13433,2.44098,0.96707,0.58328,0.000205533,0.000205533,0.000205533
624,1972.3,2.3075,1.03741,0.60383,0.49312,0.31796,0.34935,0.13203,2.46385,0.9717,0.58309,0.000204398,0.000204398,0.000204398
625,1975.2,2.51413,1.05492,0.60291,0.50112,0.31892,0.35079,0.13286,2.45568,0.96938,0.58352,0.000203269,0.000203269,0.000203269
626,1978.32,2.30912,0.99684,0.60458,0.50923,0.31681,0.35078,0.13608,2.42955,0.96379,0.58382,0.000202145,0.000202145,0.000202145
627,1981.51,2.55796,1.0838,0.58817,0.50848,0.31715,0.35053,0.13468,2.43899,0.96457,0.58405,0.000201027,0.000201027,0.000201027
628,1984.53,2.30543,1.0094,0.59104,0.49735,0.30848,0.3422,0.12837,2.47386,0.98098,0.58551,0.000199914,0.000199914,0.000199914
629,1987.44,2.24919,0.94759,0.59655,0.49305,0.30697,0.33993,0.12682,2.48013,0.98516,0.58598,0.000198806,0.000198806,0.000198806
630,1990.53,2.48173,1.07,0.58746,0.50009,0.3137,0.34903,0.13431,2.43293,0.97335,0.58386,0.000197704,0.000197704,0.000197704
631,1993.6,2.35951,1.00007,0.60537,0.50291,0.31686,0.35117,0.13447,2.42763,0.97071,0.58407,0.000196607,0.000196607,0.000196607
632,1996.71,2.47696,1.22386,0.58362,0.50823,0.31796,0.35187,0.13493,2.42816,0.96678,0.58389,0.000195516,0.000195516,0.000195516
633,1999.75,2.39133,1.01097,0.58512,0.51076,0.31632,0.35117,0.13537,2.43255,0.96613,0.5837,0.00019443,0.00019443,0.00019443
634,2002.68,2.28169,0.97623,0.58329,0.50973,0.31768,0.34958,0.13361,2.44231,0.97048,0.58366,0.00019335,0.00019335,0.00019335
635,2005.73,2.43569,1.00983,0.60843,0.50488,0.31521,0.34586,0.13238,2.44504,0.97365,0.58383,0.000192275,0.000192275,0.000192275
636,2008.89,2.57702,1.06246,0.57453,0.50691,0.31768,0.34861,0.13445,2.43284,0.96555,0.58308,0.000191206,0.000191206,0.000191206
637,2011.62,2.54052,1.17008,0.56516,0.50581,0.31562,0.34772,0.13289,2.44201,0.96845,0.58289,0.000190142,0.000190142,0.000190142
638,2015.08,2.34684,0.97422,0.59822,0.51116,0.31625,0.35084,0.13619,2.41955,0.9727,0.58331,0.000189084,0.000189084,0.000189084
639,2018.1,2.29195,1.00215,0.58571,0.51272,0.31535,0.34874,0.13726,2.40962,0.97143,0.58337,0.000188031,0.000188031,0.000188031
640,2021.38,2.31584,0.99286,0.59698,0.50794,0.31864,0.35169,0.13711,2.40755,0.97149,0.58315,0.000186984,0.000186984,0.000186984
641,2024.43,2.44921,1.04937,0.58337,0.50513,0.31947,0.35307,0.13748,2.40656,0.97009,0.58303,0.000185942,0.000185942,0.000185942
642,2027.76,2.39803,1.02155,0.58588,0.50644,0.31768,0.35062,0.13469,2.42258,0.96844,0.58452,0.000184906,0.000184906,0.000184906
643,2030.78,2.3133,1.00165,0.58495,0.50349,0.31823,0.35015,0.13416,2.43026,0.96961,0.58494,0.000183876,0.000183876,0.000183876
644,2033.98,2.33984,0.98579,0.58701,0.51025,0.31823,0.35256,0.13601,2.42517,0.96678,0.58339,0.000182852,0.000182852,0.000182852
645,2037.21,2.40264,0.97335,0.59561,0.51592,0.31823,0.35311,0.13577,2.43169,0.96719,0.58346,0.000181833,0.000181833,0.000181833
646,2040.17,2.3141,1.01063,0.60021,0.52001,0.31974,0.35523,0.1369,2.42122,0.9633,0.58332,0.000180819,0.000180819,0.000180819
647,2043.46,2.316,1.01265,0.6134,0.52159,0.31851,0.35396,0.13791,2.42085,0.96321,0.58342,0.000179812,0.000179812,0.000179812
648,2046.85,2.46171,1.03494,0.5931,0.52825,0.3207,0.35622,0.13768,2.41871,0.96407,0.58305,0.00017881,0.00017881,0.00017881
649,2050.09,2.4423,1.03938,0.5939,0.52655,0.32098,0.35657,0.13729,2.41522,0.96191,0.58294,0.000177814,0.000177814,0.000177814
650,2053.15,2.19131,0.95625,0.60405,0.50727,0.31535,0.34836,0.13275,2.4499,0.96882,0.58495,0.000176823,0.000176823,0.000176823
651,2056.23,2.26613,0.93902,0.59367,0.49576,0.31384,0.34262,0.13034,2.46511,0.97335,0.58577,0.000175839,0.000175839,0.000175839
652,2059.63,2.28461,0.99566,0.59482,0.50021,0.31919,0.34978,0.13342,2.44196,0.96504,0.58353,0.00017486,0.00017486,0.00017486
653,2062.72,2.20104,0.95466,0.59422,0.49933,0.31782,0.35029,0.13437,2.44183,0.96362,0.58319,0.000173887,0.000173887,0.000173887
654,2065.93,2.30513,0.9995,0.60802,0.50267,0.317,0.35133,0.13445,2.44389,0.96175,0.58338,0.000172919,0.000172919,0.000172919
655,2068.84,2.3628,1.02588,0.59071,0.49908,0.31562,0.35009,0.13467,2.44374,0.96246,0.58356,0.000171958,0.000171958,0.000171958
656,2071.96,2.19269,0.93709,0.60791,0.51083,0.3137,0.35175,0.13547,2.4377,0.96169,0.58434,0.000171002,0.000171002,0.000171002
657,2075.12,2.21953,0.96794,0.6303,0.51085,0.31315,0.35003,0.13373,2.45062,0.96586,0.58559,0.000170052,0.000170052,0.000170052
658,2078.4,2.63965,1.14114,0.5829,0.5083,0.31356,0.35008,0.13417,2.44682,0.96809,0.58576,0.000169108,0.000169108,0.000169108
659,2081.34,2.35962,1.01747,0.60245,0.50904,0.31458,0.35192,0.13491,2.44158,0.96807,0.58546,0.00016817,0.00016817,0.00016817
660,2084.4,2.31288,1.01081,0.62797,0.51579,0.31604,0.35245,0.13333,2.4506,0.97231,0.58532,0.000167238,0.000167238,0.000167238
661,2087.57,2.42378,1.09564,0.59638,0.51677,0.31639,0.35282,0.13444,2.43573,0.96761,0.5839,0.000166312,0.000166312,0.000166312
662,2090.91,2.36325,1.02089,0.58783,0.51854,0.32015,0.3551,0.1351,2.4269,0.96457,0.5833,0.000165392,0.000165392,0.000165392
663,2093.63,2.11889,0.93005,0.60204,0.51597,0.32221,0.35792,0.13559,2.41985,0.96522,0.58324,0.000164477,0.000164477,0.000164477
664,2096.85,2.37493,0.98469,0.59222,0.51675,0.31945,0.35616,0.13692,2.41077,0.9663,0.58297,0.000163569,0.000163569,0.000163569
665,2099.85,2.42668,1.00126,0.5905,0.51613,0.32029,0.35581,0.13744,2.40218,0.96013,0.58274,0.000162666,0.000162666,0.000162666
666,2102.75,2.23354,1.02435,0.59736,0.51579,0.32276,0.3582,0.13763,2.40056,0.95709,0.58278,0.00016177,0.00016177,0.00016177
667,2105.72,2.51043,1.03423,0.58588,0.51233,0.31947,0.35499,0.13718,2.40977,0.95863,0.58243,0.000160879,0.000160879,0.000160879
668,2108.9,2.22951,0.97731,0.59457,0.51925,0.3148,0.35542,0.13737,2.41388,0.96253,0.58275,0.000159994,0.000159994,0.000159994
669,2111.98,2.34594,0.96766,0.61089,0.51805,0.31713,0.35521,0.13701,2.41879,0.96552,0.58342,0.000159116,0.000159116,0.000159116
670,2115.03,2.25754,0.96631,0.60012,0.52036,0.31576,0.35512,0.13707,2.41778,0.96582,0.58316,0.000158243,0.000158243,0.000158243
671,2118.09,2.30151,0.98184,0.60423,0.52165,0.31755,0.35672,0.13779,2.40907,0.9621,0.5824,0.000157377,0.000157377,0.000157377
672,2121.2,2.47459,1.00802,0.58832,0.51115,0.31713,0.35202,0.1343,2.44197,0.96399,0.58191,0.000156516,0.000156516,0.000156516
673,2124.23,2.24012,0.95758,0.59194,0.50687,0.31823,0.35275,0.13445,2.44035,0.96416,0.58185,0.000155662,0.000155662,0.000155662
674,2127.72,2.38135,1.03729,0.59397,0.51684,0.32084,0.35879,0.13829,2.40505,0.95932,0.58167,0.000154814,0.000154814,0.000154814
675,2130.96,2.42714,1.02043,0.59068,0.51842,0.32043,0.35933,0.13818,2.40575,0.95965,0.58162,0.000153972,0.000153972,0.000153972
676,2134.18,2.41202,1.06691,0.61022,0.50584,0.32042,0.35473,0.13382,2.45092,0.9717,0.58215,0.000153135,0.000153135,0.000153135
677,2137.07,2.4759,1.01244,0.5857,0.50069,0.32084,0.35406,0.13229,2.45885,0.9724,0.58273,0.000152305,0.000152305,0.000152305
678,2140.19,2.22641,0.95008,0.59681,0.50517,0.3239,0.35712,0.13727,2.41847,0.95699,0.58187,0.000151482,0.000151482,0.000151482
679,2143.3,2.33487,1.00709,0.5995,0.50917,0.31901,0.35589,0.13677,2.41922,0.9565,0.58197,0.000150664,0.000150664,0.000150664
680,2146.31,2.4198,1.01915,0.59566,0.5088,0.32262,0.35798,0.13691,2.42047,0.95472,0.5815,0.000149852,0.000149852,0.000149852
681,2149.39,2.41557,1.0255,0.59816,0.50721,0.32331,0.35763,0.13639,2.42372,0.95488,0.58159,0.000149047,0.000149047,0.000149047
682,2152.4,2.42196,0.97072,0.598,0.51373,0.32125,0.35578,0.13805,2.40404,0.95405,0.58222,0.000148248,0.000148248,0.000148248
683,2155.73,2.23945,0.96087,0.5902,0.50764,0.31672,0.35037,0.13514,2.41739,0.96094,0.58341,0.000147455,0.000147455,0.000147455
684,2158.91,2.42333,1.02731,0.59831,0.50461,0.31617,0.35024,0.13505,2.4122,0.95862,0.58297,0.000146668,0.000146668,0.000146668
685,2162.15,2.20029,0.97119,0.59318,0.51055,0.31878,0.35578,0.13789,2.39984,0.95141,0.58201,0.000145888,0.000145888,0.000145888
686,2165.47,2.27513,0.96432,0.60275,0.51089,0.31993,0.35674,0.13843,2.39274,0.94831,0.58178,0.000145113,0.000145113,0.000145113
687,2168.72,2.19749,0.96504,0.59945,0.5124,0.31796,0.35523,0.13844,2.39372,0.94895,0.58191,0.000144345,0.000144345,0.000144345
688,2172.17,2.38908,1.01715,0.59068,0.50969,0.31809,0.3558,0.13748,2.40456,0.95195,0.5824,0.000143583,0.000143583,0.000143583
689,2175.17,2.33859,0.98629,0.59966,0.51462,0.32098,0.35926,0.13858,2.40339,0.95031,0.58187,0.000142828,0.000142828,0.000142828
690,2178.44,2.26079,0.99793,0.60677,0.5169,0.32345,0.36134,0.13975,2.39985,0.95,0.58143,0.000142079,0.000142079,0.000142079
691,2181.84,2.21744,0.9173,0.59417,0.51572,0.32111,0.35976,0.13964,2.39889,0.95113,0.58155,0.000141336,0.000141336,0.000141336
692,2185,2.34243,1.02218,0.59647,0.51664,0.31919,0.35814,0.14018,2.39707,0.95555,0.58156,0.000140599,0.000140599,0.000140599
693,2188.19,2.33244,0.9706,0.5991,0.51761,0.31809,0.35661,0.14014,2.39872,0.95752,0.58184,0.000139869,0.000139869,0.000139869
694,2191.4,2.20036,0.93775,0.59036,0.51527,0.32043,0.35593,0.13935,2.39772,0.95799,0.58176,0.000139144,0.000139144,0.000139144
695,2194.56,2.35318,1.01407,0.61364,0.5131,0.31933,0.35413,0.13858,2.39678,0.95713,0.58199,0.000138427,0.000138427,0.000138427
696,2197.46,2.53173,1.20076,0.57105,0.50427,0.32317,0.35559,0.13927,2.39287,0.95859,0.58209,0.000137715,0.000137715,0.000137715
697,2200.61,2.3795,1.01182,0.58302,0.50565,0.32249,0.35574,0.13958,2.39442,0.96256,0.58162,0.00013701,0.00013701,0.00013701
698,2203.62,2.10873,0.93649,0.5876,0.50532,0.32235,0.35611,0.1388,2.3939,0.95603,0.58186,0.000136312,0.000136312,0.000136312
699,2206.75,2.31084,0.95178,0.58396,0.50771,0.32262,0.35635,0.13933,2.39353,0.95232,0.58161,0.00013562,0.00013562,0.00013562
700,2209.9,2.52817,1.11275,0.59589,0.51218,0.32071,0.35679,0.13806,2.40011,0.95174,0.58227,0.000134934,0.000134934,0.000134934
701,2213.12,2.344,0.97647,0.58087,0.51271,0.31796,0.35342,0.1357,2.41483,0.96005,0.58312,0.000134254,0.000134254,0.000134254
702,2216.36,2.41789,1.05734,0.58543,0.51519,0.31452,0.35129,0.13561,2.41651,0.96383,0.58299,0.000133581,0.000133581,0.000133581
703,2219.47,2.29187,0.96749,0.60095,0.5126,0.31974,0.35519,0.13741,2.40428,0.95863,0.58233,0.000132915,0.000132915,0.000132915
704,2222.91,2.48208,1.04513,0.60352,0.51403,0.31741,0.35379,0.13769,2.39506,0.95476,0.58188,0.000132254,0.000132254,0.000132254
705,2225.82,2.50291,1.03411,0.57256,0.51529,0.31864,0.35685,0.13899,2.39253,0.9532,0.58178,0.000131601,0.000131601,0.000131601
706,2228.9,2.30129,1.02767,0.59894,0.52046,0.32084,0.35948,0.14008,2.39274,0.95222,0.58155,0.000130953,0.000130953,0.000130953
707,2231.88,2.14322,0.94044,0.60403,0.51687,0.32125,0.35825,0.13954,2.3957,0.95111,0.58202,0.000130312,0.000130312,0.000130312
708,2235.31,2.21763,0.94159,0.60176,0.51362,0.32235,0.357,0.13843,2.39406,0.94914,0.58269,0.000129678,0.000129678,0.000129678
709,2238.51,2.2546,0.96108,0.5902,0.52267,0.32262,0.35927,0.14007,2.39025,0.94709,0.58222,0.00012905,0.00012905,0.00012905
710,2241.53,2.35509,0.99972,0.60957,0.52121,0.32331,0.36085,0.13688,2.42463,0.95517,0.58161,0.000128429,0.000128429,0.000128429
711,2244.8,2.19254,0.97375,0.58474,0.51705,0.32414,0.35979,0.13679,2.42677,0.95531,0.58151,0.000127814,0.000127814,0.000127814
712,2248.07,2.33769,0.96558,0.59374,0.51957,0.32455,0.36168,0.14086,2.38731,0.94612,0.58128,0.000127206,0.000127206,0.000127206
713,2251.34,2.49257,1.04104,0.58799,0.51862,0.32288,0.36041,0.14147,2.38585,0.94517,0.58157,0.000126604,0.000126604,0.000126604
714,2254.62,2.46972,1.0401,0.57516,0.51497,0.32496,0.36227,0.14162,2.38913,0.94709,0.58147,0.000126008,0.000126008,0.000126008
715,2257.77,2.15549,0.95514,0.61151,0.51316,0.32359,0.36208,0.14167,2.39237,0.94896,0.58161,0.00012542,0.00012542,0.00012542
716,2260.6,2.38494,1.00423,0.60139,0.52482,0.31988,0.36151,0.14069,2.39602,0.95227,0.58197,0.000124837,0.000124837,0.000124837
717,2263.99,2.47536,1.02955,0.5857,0.52107,0.31864,0.35969,0.14,2.39916,0.95132,0.5833,0.000124262,0.000124262,0.000124262
718,2266.83,2.56708,1.06031,0.57972,0.51686,0.31906,0.35948,0.13988,2.39467,0.95292,0.58238,0.000123692,0.000123692,0.000123692
719,2269.83,2.08547,0.95124,0.61798,0.51319,0.32194,0.35995,0.14021,2.39081,0.95284,0.58174,0.00012313,0.00012313,0.00012313
720,2273.01,2.33634,0.98207,0.59003,0.51207,0.32221,0.3599,0.14135,2.3852,0.95033,0.58161,0.000122574,0.000122574,0.000122574
721,2276.41,2.35469,1.02914,0.57668,0.51101,0.32084,0.35807,0.1409,2.38876,0.95168,0.58166,0.000122025,0.000122025,0.000122025
722,2279.52,2.31248,0.98799,0.59007,0.50603,0.32098,0.35712,0.13974,2.39584,0.95172,0.5813,0.000121482,0.000121482,0.000121482
723,2282.56,2.34695,1.00189,0.58453,0.50698,0.32276,0.35702,0.13929,2.40131,0.95036,0.58115,0.000120946,0.000120946,0.000120946
724,2285.69,2.2926,0.9329,0.58685,0.51678,0.32345,0.36008,0.13916,2.40356,0.9476,0.58096,0.000120416,0.000120416,0.000120416
725,2289.42,2.38229,0.98834,0.59549,0.51742,0.32236,0.36093,0.13921,2.40416,0.94903,0.58082,0.000119893,0.000119893,0.000119893
726,2292.37,2.25498,0.9791,0.6092,0.51959,0.32488,0.36171,0.13811,2.41282,0.94749,0.58111,0.000119377,0.000119377,0.000119377
727,2295.3,2.32991,1.02304,0.59154,0.51827,0.32169,0.35913,0.13656,2.42466,0.94991,0.58144,0.000118867,0.000118867,0.000118867
728,2298.26,2.20378,0.9416,0.59869,0.51991,0.32359,0.36068,0.13879,2.40776,0.94587,0.5816,0.000118364,0.000118364,0.000118364
729,2301.55,2.21327,0.97725,0.59822,0.51722,0.32681,0.36237,0.13949,2.39952,0.94493,0.58138,0.000117868,0.000117868,0.000117868
730,2304.45,2.23415,0.95594,0.5951,0.51299,0.32633,0.36196,0.13988,2.38965,0.94236,0.58131,0.000117378,0.000117378,0.000117378
731,2307.46,2.31502,0.97662,0.59264,0.51371,0.32537,0.36112,0.1396,2.38953,0.94265,0.58109,0.000116895,0.000116895,0.000116895
732,2310.49,2.25811,0.97178,0.59514,0.50741,0.32111,0.3542,0.13908,2.38726,0.94414,0.58175,0.000116419,0.000116419,0.000116419
733,2313.5,2.38474,0.96663,0.59804,0.50832,0.32077,0.35534,0.13888,2.39471,0.94729,0.58211,0.000115949,0.000115949,0.000115949
734,2316.7,2.18184,0.98307,0.59381,0.51487,0.32249,0.35832,0.13963,2.39846,0.9486,0.58123,0.000115486,0.000115486,0.000115486
735,2319.55,2.69505,1.13692,0.57671,0.5148,0.32414,0.36014,0.14018,2.39771,0.94737,0.58076,0.00011503,0.00011503,0.00011503
736,2322.58,2.22441,0.93705,0.59894,0.51836,0.32194,0.36028,0.14026,2.39689,0.94731,0.58069,0.00011458,0.00011458,0.00011458
737,2325.54,2.13188,0.93176,0.58755,0.52237,0.32139,0.36054,0.1401,2.39323,0.94579,0.5805,0.000114138,0.000114138,0.000114138
738,2328.72,2.30911,0.9845,0.59317,0.52642,0.32029,0.3617,0.13959,2.39275,0.94436,0.58087,0.000113701,0.000113701,0.000113701
739,2331.8,2.47754,1.07795,0.58724,0.52395,0.32111,0.36199,0.14,2.38716,0.94351,0.58095,0.000113272,0.000113272,0.000113272
740,2334.66,2.47553,1.0866,0.57167,0.51401,0.32194,0.35916,0.1404,2.38321,0.94971,0.58134,0.000112849,0.000112849,0.000112849
741,2337.71,2.33493,0.9751,0.60624,0.50723,0.32319,0.35833,0.14023,2.3839,0.95433,0.58123,0.000112434,0.000112434,0.000112434
742,2340.83,2.30355,0.96579,0.60752,0.50281,0.3229,0.3577,0.14019,2.39336,0.96199,0.58114,0.000112024,0.000112024,0.000112024
743,2343.99,2.22545,0.95839,0.61045,0.50477,0.32194,0.35697,0.13941,2.39702,0.96322,0.5812,0.000111622,0.000111622,0.000111622
744,2347.02,2.30354,0.96192,0.58665,0.50337,0.32455,0.35826,0.14001,2.38575,0.95502,0.58138,0.000111226,0.000111226,0.000111226
745,2350.11,2.25649,0.98288,0.61771,0.50154,0.32468,0.35751,0.13988,2.38817,0.95084,0.58194,0.000110837,0.000110837,0.000110837
746,2353.23,2.18693,0.93908,0.59625,0.50575,0.32208,0.35812,0.14067,2.3911,0.94782,0.58158,0.000110455,0.000110455,0.000110455
747,2355.92,2.34558,0.96189,0.5931,0.50902,0.32606,0.36015,0.14067,2.39133,0.94522,0.58119,0.00011008,0.00011008,0.00011008
748,2358.94,2.08577,0.9135,0.61308,0.51356,0.32597,0.36043,0.14009,2.38949,0.94656,0.58116,0.000109711,0.000109711,0.000109711
749,2361.95,2.26305,0.97852,0.59252,0.52078,0.32386,0.35941,0.13946,2.38897,0.94896,0.58149,0.00010935,0.00010935,0.00010935
750,2365.12,2.37319,1.01789,0.58067,0.52677,0.32002,0.35851,0.14001,2.38669,0.95086,0.58157,0.000108995,0.000108995,0.000108995
751,2368,2.18693,0.97924,0.60583,0.52687,0.31974,0.35713,0.13897,2.39705,0.9534,0.58221,0.000108647,0.000108647,0.000108647
752,2371.42,2.33945,0.97205,0.59852,0.52486,0.32015,0.35863,0.13909,2.39228,0.9484,0.5818,0.000108305,0.000108305,0.000108305
753,2374.58,2.37115,1.02342,0.59174,0.53039,0.32372,0.36247,0.14027,2.38397,0.94663,0.58082,0.000107971,0.000107971,0.000107971
754,2377.79,2.27703,0.99294,0.61102,0.52667,0.32578,0.3646,0.14026,2.38407,0.94619,0.58051,0.000107643,0.000107643,0.000107643
755,2380.85,2.19855,0.94534,0.5953,0.52847,0.32482,0.36244,0.1408,2.38239,0.94553,0.58072,0.000107322,0.000107322,0.000107322
756,2384.14,2.21433,0.93932,0.60287,0.51233,0.32098,0.35494,0.13829,2.39051,0.94935,0.58138,0.000107008,0.000107008,0.000107008
757,2387.18,2.37982,0.97951,0.5971,0.51348,0.3218,0.35744,0.13991,2.38531,0.94724,0.58093,0.000106701,0.000106701,0.000106701
758,2390.17,2.57663,1.03175,0.5865,0.51734,0.32194,0.36024,0.14064,2.38337,0.9447,0.58034,0.0001064,0.0001064,0.0001064
759,2393.28,2.22961,0.95915,0.61907,0.51315,0.32221,0.35973,0.14013,2.38851,0.94598,0.58041,0.000106107,0.000106107,0.000106107
760,2396.33,2.53443,1.0721,0.58283,0.51508,0.32345,0.36049,0.14059,2.37878,0.9466,0.58079,0.00010582,0.00010582,0.00010582
761,2399.64,2.49837,1.03711,0.58907,0.5099,0.32441,0.35914,0.14122,2.3755,0.94637,0.58128,0.00010554,0.00010554,0.00010554
762,2402.91,2.31037,0.99253,0.59772,0.51869,0.32633,0.36334,0.14195,2.36731,0.94608,0.5807,0.000105267,0.000105267,0.000105267
763,2406.14,2.32753,0.98251,0.59498,0.51291,0.32701,0.3624,0.1419,2.37412,0.9496,0.58053,0.000105001,0.000105001,0.000105001
764,2409.51,2.40732,1.01697,0.60511,0.52025,0.32647,0.3636,0.14142,2.37875,0.95171,0.58016,0.000104742,0.000104742,0.000104742
765,2412.89,2.26489,0.9671,0.59777,0.51671,0.32468,0.36159,0.14161,2.37346,0.94653,0.58018,0.000104489,0.000104489,0.000104489
766,2416.07,2.28921,1.00318,0.5937,0.51774,0.32676,0.36324,0.14041,2.39324,0.94901,0.58026,0.000104244,0.000104244,0.000104244
767,2419.35,2.25661,0.98301,0.59634,0.523,0.32441,0.36274,0.13808,2.41295,0.9542,0.58048,0.000104005,0.000104005,0.000104005
768,2422.54,2.48542,1.08402,0.56503,0.5167,0.32565,0.36231,0.13975,2.39488,0.94961,0.58046,0.000103773,0.000103773,0.000103773
769,2425.62,2.24126,0.98932,0.59518,0.51933,0.32578,0.36376,0.1421,2.37583,0.94457,0.58047,0.000103548,0.000103548,0.000103548
770,2429.21,2.4731,1.01326,0.57833,0.51938,0.32482,0.3618,0.14157,2.37176,0.94456,0.58144,0.00010333,0.00010333,0.00010333
771,2432.23,2.1348,0.9345,0.58508,0.51828,0.32633,0.36298,0.14194,2.36978,0.9423,0.58096,0.000103119,0.000103119,0.000103119
772,2435.34,2.24351,0.98175,0.59312,0.52072,0.324,0.36238,0.14235,2.37403,0.94123,0.57991,0.000102915,0.000102915,0.000102915
773,2438.58,2.26189,0.9606,0.58121,0.51952,0.32317,0.36213,0.14219,2.37636,0.94074,0.57994,0.000102718,0.000102718,0.000102718
774,2441.66,2.32554,0.98261,0.58212,0.51017,0.32372,0.35831,0.13982,2.38839,0.94461,0.58148,0.000102527,0.000102527,0.000102527
775,2444.91,2.36569,1.01241,0.57633,0.51295,0.32026,0.35546,0.13929,2.39279,0.9462,0.58185,0.000102344,0.000102344,0.000102344
776,2448.27,2.23236,0.92585,0.59814,0.51972,0.32537,0.36356,0.14228,2.37598,0.93973,0.58079,0.000102167,0.000102167,0.000102167
777,2451.57,2.31934,0.9721,0.60736,0.5206,0.32545,0.36474,0.14264,2.37682,0.93977,0.58044,0.000101997,0.000101997,0.000101997
778,2454.68,2.34207,1.02824,0.58417,0.52236,0.32578,0.36383,0.14233,2.37512,0.94039,0.58089,0.000101834,0.000101834,0.000101834
779,2458.01,2.18376,0.95818,0.59593,0.52935,0.32674,0.36689,0.14287,2.37408,0.94111,0.58134,0.000101678,0.000101678,0.000101678
780,2461.31,2.28344,0.95711,0.61361,0.5207,0.32592,0.36432,0.1428,2.37614,0.94202,0.58144,0.000101529,0.000101529,0.000101529
781,2464.37,2.3891,1.02312,0.58932,0.52102,0.32427,0.36322,0.14254,2.37581,0.94277,0.58133,0.000101387,0.000101387,0.000101387
782,2467.72,2.02252,0.92801,0.59979,0.52901,0.32227,0.36388,0.14214,2.37823,0.94467,0.58083,0.000101252,0.000101252,0.000101252
783,2470.7,2.34993,0.98478,0.58662,0.52922,0.3207,0.36246,0.1425,2.37654,0.9432,0.58071,0.000101124,0.000101124,0.000101124
784,2473.84,2.18728,0.92491,0.60309,0.52761,0.324,0.36447,0.14334,2.37311,0.94025,0.58077,0.000101002,0.000101002,0.000101002
785,2477.24,2.33373,0.99141,0.5979,0.52772,0.32386,0.36221,0.14257,2.37385,0.94026,0.58081,0.000100888,0.000100888,0.000100888
786,2480.52,2.2889,0.99314,0.60819,0.51986,0.32468,0.36092,0.14235,2.38185,0.94259,0.58061,0.00010078,0.00010078,0.00010078
787,2483.61,2.23527,0.95557,0.60151,0.518,0.32592,0.36187,0.14184,2.38326,0.94317,0.58043,0.00010068,0.00010068,0.00010068
788,2486.94,2.17481,0.93029,0.58967,0.52615,0.32674,0.36419,0.14209,2.38309,0.94407,0.58057,0.000100586,0.000100586,0.000100586
789,2489.97,2.34628,1.00932,0.5973,0.52791,0.32684,0.36452,0.14256,2.38193,0.94453,0.58039,0.0001005,0.0001005,0.0001005
790,2493.26,2.21387,0.94771,0.59362,0.52151,0.32468,0.36325,0.14174,2.37842,0.94367,0.58094,0.00010042,0.00010042,0.00010042
791,2549.13,2.19419,0.94961,0.59172,0.51413,0.32153,0.35786,0.1397,2.38383,0.94632,0.58166,0.000100347,0.000100347,0.000100347
792,2552.37,2.09955,0.89918,0.59613,0.5235,0.31713,0.35789,0.13905,2.38409,0.94725,0.58264,0.000100281,0.000100281,0.000100281
793,2555.42,2.06515,0.90672,0.58598,0.52011,0.32372,0.35986,0.14061,2.37267,0.94593,0.58152,0.000100222,0.000100222,0.000100222
794,2558.56,1.91462,0.86434,0.61946,0.52099,0.32482,0.36195,0.1414,2.36881,0.94669,0.58068,0.00010017,0.00010017,0.00010017
795,2561.91,2.11537,0.89502,0.59116,0.52301,0.32194,0.36148,0.14079,2.37531,0.94685,0.58097,0.000100125,0.000100125,0.000100125
796,2565.09,2.14436,0.98866,0.58171,0.51747,0.32125,0.35846,0.13927,2.38569,0.94947,0.58098,0.000100087,0.000100087,0.000100087
797,2568.2,1.99852,0.87596,0.60506,0.51526,0.32135,0.35862,0.13926,2.38957,0.95078,0.58091,0.000100056,0.000100056,0.000100056
798,2571.2,2.14164,0.94203,0.58909,0.50858,0.31796,0.35198,0.13606,2.40789,0.95712,0.58207,0.000100031,0.000100031,0.000100031
799,2574.26,2.00411,0.86754,0.60127,0.50796,0.32015,0.35386,0.136,2.40707,0.95802,0.58198,0.000100014,0.000100014,0.000100014
800,2577.42,2.11641,0.89641,0.60621,0.50613,0.32304,0.35714,0.13721,2.40153,0.95572,0.58136,0.000100003,0.000100003,0.000100003
