epoch,time,train/box_loss,train/cls_loss,train/dfl_loss,metrics/precision(B),metrics/recall(B),metrics/mAP50(B),metrics/mAP50-95(B),val/box_loss,val/cls_loss,val/dfl_loss,lr/pg0,lr/pg1,lr/pg2
1,6.13916,5.16653,2.68876,0.83057,0.10896,0.16818,0.06679,0.0259,5.57545,2.91444,0.71107,0.1962,0.0002,0.0002
2,10.4396,5.44676,2.4456,0.79523,0.30682,0.23998,0.17687,0.06356,5.22539,2.00216,0.64573,0.1905,0.000499501,0.000499501
3,14.7527,4.65222,1.54775,0.69793,0.39864,0.33882,0.28955,0.09856,5.50315,2.65816,0.62114,0.184798,0.000798402,0.000798402
4,18.9465,4.75308,1.33804,0.67738,0.38134,0.25192,0.2185,0.07066,5.84785,1.80819,0.62322,0.179097,0.0010967,0.0010967
5,23.7966,4.12802,1.3245,0.69014,0.17485,0.26908,0.15616,0.04522,6.69593,1.89043,0.63271,0.173394,0.00139441,0.00139441
6,28.6066,3.71608,1.11829,0.67915,0.25885,0.26139,0.1833,0.05992,5.90255,1.70539,0.61494,0.167692,0.00169151,0.00169151
7,32.8726,4.15716,1.03055,0.64238,0.36589,0.31155,0.25083,0.08148,5.62686,1.60658,0.61193,0.161988,0.00198801,0.00198801
8,36.5015,4.98827,1.07508,0.61554,0.3317,0.28226,0.20398,0.06478,5.90454,1.61847,0.6265,0.156284,0.00228392,0.00228392
9,40.8646,3.5698,1.27484,0.6351,0.45954,0.34424,0.3311,0.11703,5.25441,1.60563,0.60044,0.150579,0.00257922,0.00257922
10,45.1311,3.54518,0.89647,0.64352,0.35945,0.34528,0.24459,0.08134,5.46168,1.49634,0.60207,0.144874,0.00287393,0.00287393
11,49.4625,4.0751,1.06007,0.6382,0.26684,0.2629,0.1661,0.04983,5.96116,1.62294,0.60589,0.139168,0.00316803,0.00316803
12,53.7772,4.0858,1.02006,0.64747,0.3771,0.34692,0.27778,0.09148,5.24312,1.54922,0.59167,0.133462,0.00346154,0.00346154
13,78.8163,4.2871,0.96359,0.62658,0.33718,0.31549,0.23688,0.07031,5.73616,1.4338,0.59759,0.127754,0.00375445,0.00375445
14,82.9275,4.09457,1.01617,0.63001,0.16836,0.16104,0.0907,0.02236,7.39434,1.65968,0.64258,0.122047,0.00404675,0.00404675
15,86.5535,4.69996,1.0586,0.62387,0.45752,0.34981,0.33929,0.11117,5.43022,1.38548,0.59754,0.116338,0.00433846,0.00433846
16,110.628,3.56424,0.91356,0.64222,0.32768,0.25412,0.21809,0.06027,6.28712,1.48145,0.61109,0.11063,0.00462957,0.00462957
17,114.543,3.64722,0.90892,0.64568,0.42529,0.34541,0.31501,0.08778,5.82317,1.94546,0.60456,0.10492,0.00492008,0.00492008
18,119.381,4.0938,0.92585,0.63343,0.33242,0.25796,0.21581,0.05764,6.3163,1.52131,0.6112,0.09921,0.00520999,0.00520999
19,123.503,4.80251,1.00222,0.62114,0.46641,0.35653,0.33669,0.09981,5.51123,1.28949,0.60059,0.0934993,0.0054993,0.0054993
20,127.868,3.76823,0.89947,0.64513,0.43676,0.30841,0.2916,0.08003,5.78887,1.58752,0.61381,0.087788,0.00578801,0.00578801
21,132.31,3.72576,0.93349,0.63301,0.3437,0.3008,0.21147,0.05954,5.91509,1.28905,0.61519,0.0820761,0.00607612,0.00607612
22,136.609,5.0487,1.08748,0.62925,0.32388,0.22268,0.21672,0.06629,6.14966,1.23086,0.61573,0.0763636,0.00636364,0.00636364
23,140.4,4.16878,0.97825,0.63645,0.39231,0.29064,0.28612,0.08568,5.98005,1.35253,0.61083,0.0706505,0.00665055,0.00665055
24,165.321,5.29484,1.05499,0.62415,0.35927,0.27677,0.25947,0.07775,6.00032,1.27575,0.61706,0.0649369,0.00693686,0.00693686
25,169.299,4.2924,0.94781,0.63688,0.57373,0.39003,0.42411,0.14694,5.04685,1.30182,0.59951,0.0592226,0.00722258,0.00722258
26,172.655,5.38849,1.12414,0.59333,0.5112,0.35022,0.36303,0.11951,5.44998,1.28581,0.61169,0.0535077,0.00750769,0.00750769
27,176.44,5.67312,1.09804,0.62502,0.33144,0.28158,0.24425,0.07273,6.13755,1.23273,0.6142,0.0477922,0.00779221,0.00779221
28,180.135,5.73044,1.2722,0.62889,0.43855,0.3494,0.33747,0.10502,5.59955,1.19234,0.60782,0.0420761,0.00807612,0.00807612
29,184.413,4.45374,1.13003,0.62949,0.53487,0.35695,0.37492,0.11182,5.71194,1.92274,0.61102,0.0363594,0.00835944,0.00835944
30,187.468,4.77085,1.14823,0.61631,0.32726,0.2478,0.19017,0.05064,6.18666,2.87195,0.61392,0.0306422,0.00864216,0.00864216
31,191.189,4.47303,1.08657,0.62359,0.55103,0.42779,0.43835,0.16728,4.72341,1.12734,0.58444,0.0249243,0.00892428,0.00892428
32,195.148,4.71913,1.19035,0.65067,0.49248,0.31466,0.32391,0.10195,5.60534,1.24818,0.62126,0.0192058,0.00920579,0.00920579
33,198.859,4.26981,0.96279,0.63768,0.50705,0.3634,0.37409,0.12038,5.54738,1.15459,0.60915,0.0134867,0.00948671,0.00948671
34,203.028,5.08043,1.0682,0.65404,0.55752,0.38701,0.41232,0.1395,5.1586,1.15312,0.60052,0.00967033,0.00967033,0.00967033
35,206.499,4.73987,1.14531,0.61388,0.4304,0.29585,0.2757,0.07681,5.91023,2.75711,0.60914,0.00966034,0.00966034,0.00966034
36,210.862,4.23371,1.2111,0.62829,0.42427,0.35865,0.33017,0.10196,5.69052,1.48575,0.60545,0.00965035,0.00965035,0.00965035
37,213.951,5.22148,1.20863,0.62084,0.2955,0.24739,0.21301,0.06007,6.353,1.28799,0.63065,0.00964036,0.00964036,0.00964036
38,218.329,4.05809,0.93236,0.64796,0.42109,0.33373,0.3305,0.10611,5.58385,1.22191,0.60592,0.00963037,0.00963037,0.00963037
39,222.131,5.30846,1.11381,0.61431,0.52808,0.39312,0.4085,0.13298,5.23313,1.22615,0.60508,0.00962038,0.00962038,0.00962038
40,225.783,5.37283,1.10294,0.60334,0.44497,0.3149,0.31501,0.09023,5.84443,1.75288,0.61679,0.00961039,0.00961039,0.00961039
41,229.763,4.93805,1.08888,0.62155,0.59583,0.4385,0.47005,0.17721,4.7085,1.13068,0.59507,0.0096004,0.0096004,0.0096004
42,234.202,3.84371,0.9185,0.65965,0.53745,0.38891,0.39873,0.13476,5.21543,1.30972,0.60596,0.00959041,0.00959041,0.00959041
43,238.672,3.71929,0.91378,0.65308,0.39506,0.35859,0.28264,0.08636,5.73185,1.15969,0.61524,0.00958042,0.00958042,0.00958042
44,242.617,3.74976,0.94562,0.6346,0.34714,0.28353,0.25462,0.07426,6.26546,1.21291,0.62256,0.00957043,0.00957043,0.00957043
45,246.773,4.27731,1.04687,0.62611,0.47201,0.34885,0.35167,0.10611,5.591,1.76875,0.60585,0.00956044,0.00956044,0.00956044
46,251.12,4.02408,0.97522,0.64876,0.25796,0.22007,0.17505,0.04876,6.75449,1.61755,0.63358,0.00955045,0.00955045,0.00955045
47,254.51,4.39006,0.89055,0.61339,0.46111,0.37507,0.38193,0.12439,5.35884,1.18799,0.60714,0.00954046,0.00954046,0.00954046
48,258.039,4.5203,0.91419,0.59291,0.43026,0.32043,0.32501,0.09772,5.73767,1.15091,0.6274,0.00953047,0.00953047,0.00953047
49,261.525,5.13802,1.08196,0.62309,0.4411,0.38207,0.36917,0.11223,5.7212,1.13804,0.62603,0.00952048,0.00952048,0.00952048
50,264.978,4.52757,0.97396,0.61776,0.40285,0.3115,0.29977,0.08642,5.90621,1.22064,0.62481,0.00951049,0.00951049,0.00951049
51,269.007,4.33392,0.93276,0.64318,0.43079,0.31524,0.31482,0.09638,5.81964,1.2626,0.63008,0.0095005,0.0095005,0.0095005
52,272.829,4.62194,0.94369,0.61412,0.44228,0.34294,0.34408,0.11152,5.50892,1.04214,0.61511,0.00949051,0.00949051,0.00949051
53,276.586,4.67363,1.02899,0.62247,0.56701,0.39374,0.42694,0.13307,5.35207,1.32603,0.60992,0.00948052,0.00948052,0.00948052
54,280.927,3.93153,0.92197,0.63452,0.6093,0.43312,0.47224,0.17549,4.85526,1.07704,0.58965,0.00947053,0.00947053,0.00947053
55,285.238,4.37631,0.91668,0.62922,0.51971,0.39141,0.42165,0.14329,5.27249,1.04598,0.60694,0.00946054,0.00946054,0.00946054
56,289.107,4.74711,0.99495,0.62068,0.45072,0.32861,0.33693,0.11113,5.41482,1.23757,0.6084,0.00945055,0.00945055,0.00945055
57,292.975,4.68899,0.93566,0.6001,0.592,0.43589,0.46427,0.16175,4.95589,1.29562,0.58852,0.00944056,0.00944056,0.00944056
58,315.067,4.16397,0.94927,0.62799,0.61254,0.42381,0.47599,0.17406,4.75564,1.23188,0.58933,0.00943057,0.00943057,0.00943057
59,318.71,4.79285,0.96784,0.62961,0.46468,0.32345,0.3291,0.09904,5.6059,1.43767,0.61089,0.00942058,0.00942058,0.00942058
60,322.658,3.7182,0.82951,0.60826,0.40588,0.28199,0.27952,0.08405,5.82015,1.29224,0.62047,0.00941059,0.00941059,0.00941059
61,326.705,3.96016,0.87513,0.61447,0.61337,0.42601,0.47135,0.16925,4.76358,1.36483,0.59273,0.0094006,0.0094006,0.0094006
62,329.972,4.63684,0.93421,0.60856,0.55339,0.40486,0.42197,0.14217,4.96537,1.50166,0.60246,0.00939061,0.00939061,0.00939061
63,333.175,4.2558,0.85904,0.60401,0.4647,0.3358,0.33631,0.1086,5.28075,1.28933,0.60444,0.00938062,0.00938062,0.00938062
64,337.204,4.15801,0.89492,0.6175,0.5514,0.38083,0.41142,0.14022,5.02865,1.3191,0.60318,0.00937063,0.00937063,0.00937063
65,341.051,4.21362,0.89884,0.61649,0.661,0.45099,0.51366,0.20507,4.3243,1.23307,0.58888,0.00936064,0.00936064,0.00936064
66,345.125,4.69328,0.96434,0.62061,0.6191,0.44001,0.49701,0.19794,4.47378,1.17297,0.59123,0.00935065,0.00935065,0.00935065
67,349.417,3.95077,0.88934,0.61097,0.55817,0.39539,0.42431,0.13761,5.26978,1.23296,0.61454,0.00934066,0.00934066,0.00934066
68,353.473,3.98539,0.85397,0.62338,0.57395,0.40623,0.44021,0.14733,5.10156,1.11487,0.60518,0.00933067,0.00933067,0.00933067
69,356.52,5.01797,0.9272,0.57471,0.65792,0.4606,0.51617,0.19501,4.53476,1.08869,0.58634,0.00932068,0.00932068,0.00932068
70,360.755,4.04975,0.86856,0.62924,0.65441,0.46041,0.51777,0.20729,4.2863,1.09567,0.58374,0.00931069,0.00931069,0.00931069
71,364.542,3.99875,0.84574,0.60136,0.43382,0.3299,0.32086,0.09689,5.70638,1.23303,0.61969,0.0093007,0.0093007,0.0093007
72,368.98,3.67723,0.82922,0.63861,0.3821,0.28364,0.26469,0.07675,6.11201,1.2985,0.62902,0.00929071,0.00929071,0.00929071
73,372.116,3.81811,0.84776,0.61714,0.65471,0.45579,0.51595,0.20713,4.35955,1.0308,0.58461,0.00928072,0.00928072,0.00928072
74,375.571,4.86762,1.01299,0.59563,0.62467,0.44865,0.50023,0.1957,4.45644,1.02484,0.58362,0.00927073,0.00927073,0.00927073
75,379.755,3.39492,0.77926,0.6081,0.54931,0.419,0.44561,0.15396,5.13625,0.99967,0.60162,0.00926074,0.00926074,0.00926074
76,383.844,3.75441,0.83983,0.60974,0.21569,0.16571,0.12457,0.03462,7.13994,1.36313,0.64267,0.00925075,0.00925075,0.00925075
77,387.677,4.11366,0.88623,0.60499,0.58317,0.43245,0.47653,0.17169,4.75945,0.95932,0.59679,0.00924076,0.00924076,0.00924076
78,391.005,4.74156,0.95003,0.60238,0.58689,0.42051,0.4675,0.18043,4.65689,0.94744,0.59089,0.00923077,0.00923077,0.00923077
79,394.124,4.14839,0.86843,0.58581,0.49463,0.38811,0.38315,0.10887,5.54365,1.07935,0.61362,0.00922078,0.00922078,0.00922078
80,398.435,3.3515,0.79925,0.63384,0.63471,0.48425,0.53496,0.21558,4.1942,0.86961,0.58538,0.00921079,0.00921079,0.00921079
81,402.479,3.76024,0.84697,0.60895,0.65517,0.45361,0.51594,0.20966,4.34971,0.93804,0.58408,0.0092008,0.0092008,0.0092008
82,406.842,4.79346,0.96076,0.58019,0.63396,0.45456,0.50904,0.2012,4.44091,0.88567,0.5819,0.00919081,0.00919081,0.00919081
83,409.984,3.79185,0.83458,0.57609,0.62668,0.45085,0.50801,0.19003,4.46649,0.91065,0.58896,0.00918082,0.00918082,0.00918082
84,413.764,3.88368,0.83839,0.61282,0.53743,0.39827,0.42482,0.14344,4.84761,0.94487,0.59709,0.00917083,0.00917083,0.00917083
85,417.479,3.90013,0.83837,0.58796,0.68543,0.45868,0.53084,0.22622,4.11403,0.85364,0.58132,0.00916084,0.00916084,0.00916084
86,421.249,4.9443,0.91979,0.58892,0.66719,0.44769,0.49969,0.19,4.4711,0.9723,0.57592,0.00915085,0.00915085,0.00915085
87,425.098,4.48057,0.90713,0.60136,0.66499,0.47941,0.54712,0.23436,4.09575,0.84183,0.58094,0.00914086,0.00914086,0.00914086
88,428.948,4.20953,0.84841,0.61082,0.58362,0.45605,0.49113,0.18263,4.57287,0.88365,0.58611,0.00913087,0.00913087,0.00913087
89,453.22,3.75988,0.82783,0.60303,0.67169,0.49327,0.55477,0.24588,3.92542,0.81511,0.56856,0.00912088,0.00912088,0.00912088
90,457.547,4.1602,0.84605,0.59766,0.66726,0.47656,0.53922,0.22644,4.20632,0.84299,0.57622,0.00911089,0.00911089,0.00911089
91,460.986,4.098,0.85629,0.60358,0.52095,0.40191,0.41679,0.14167,4.97829,0.96286,0.59072,0.0091009,0.0091009,0.0091009
92,464.789,3.85356,0.7928,0.58918,0.49908,0.36134,0.38882,0.14265,4.96273,0.9497,0.59357,0.00909091,0.00909091,0.00909091
93,468.771,3.77167,0.89448,0.6128,0.58463,0.40651,0.45166,0.15914,4.72048,1.15899,0.59508,0.00908092,0.00908092,0.00908092
94,472.704,3.57826,0.82213,0.61871,0.60771,0.40815,0.46161,0.16207,4.63848,1.16609,0.59446,0.00907093,0.00907093,0.00907093
95,476.047,3.99065,0.80439,0.58775,0.45101,0.34171,0.33705,0.09888,5.50969,1.26501,0.61394,0.00906094,0.00906094,0.00906094
96,480.038,3.6525,0.80023,0.60663,0.60356,0.43204,0.47578,0.16307,4.77514,1.07049,0.59962,0.00905095,0.00905095,0.00905095
97,483.311,4.72009,0.91168,0.57804,0.51689,0.38591,0.41051,0.14035,5.05151,0.99952,0.60605,0.00904096,0.00904096,0.00904096
98,487.259,3.61464,0.82709,0.63515,0.58761,0.43548,0.47865,0.17897,4.58464,0.9928,0.59358,0.00903097,0.00903097,0.00903097
99,490.715,3.56297,0.78979,0.62056,0.70458,0.49671,0.56753,0.23985,4.00001,0.94082,0.57966,0.00902098,0.00902098,0.00902098
100,493.962,4.06627,0.82826,0.60034,0.68887,0.48586,0.55391,0.21669,4.25598,0.9358,0.58263,0.00901099,0.00901099,0.00901099
101,521.996,3.77462,0.80599,0.60475,0.72262,0.49429,0.56742,0.24435,3.9748,0.8817,0.57611,0.009001,0.009001,0.009001
102,525.846,3.78395,0.79447,0.59509,0.696,0.47902,0.54439,0.22318,4.12144,0.9371,0.57147,0.00899101,0.00899101,0.00899101
103,529.667,3.68599,0.80966,0.6075,0.7174,0.49066,0.57208,0.24788,4.07196,0.84397,0.5797,0.00898102,0.00898102,0.00898102
104,534.156,3.80791,0.81524,0.60385,0.7028,0.48988,0.56943,0.2468,4.01848,0.83592,0.57952,0.00897103,0.00897103,0.00897103
105,556.874,4.01494,0.8325,0.6161,0.71714,0.49424,0.5673,0.24847,3.93579,0.84505,0.56864,0.00896104,0.00896104,0.00896104
106,560.436,3.89119,0.79491,0.59216,0.71216,0.49519,0.57236,0.2494,3.97569,0.81701,0.57097,0.00895105,0.00895105,0.00895105
107,564.274,3.96347,0.82897,0.59679,0.66606,0.47234,0.54344,0.22067,4.20582,0.85434,0.58055,0.00894106,0.00894106,0.00894106
108,568.283,4.06786,0.84879,0.59058,0.63772,0.45566,0.52203,0.20826,4.30092,0.86651,0.58473,0.00893107,0.00893107,0.00893107
109,572.314,3.57303,0.80244,0.5935,0.69378,0.49863,0.5676,0.25016,3.96634,0.85404,0.5745,0.00892108,0.00892108,0.00892108
110,599.048,4.06268,0.88087,0.58731,0.66908,0.5052,0.56791,0.25002,3.99661,0.83563,0.57467,0.00891109,0.00891109,0.00891109
111,602.692,3.77421,0.80909,0.59907,0.62723,0.47048,0.53272,0.21257,4.30802,0.87811,0.5874,0.0089011,0.0089011,0.0089011
112,606.894,3.55662,0.78769,0.60958,0.57127,0.44467,0.47933,0.17215,4.72793,0.90559,0.59247,0.00889111,0.00889111,0.00889111
113,610.964,4.14149,0.86046,0.60174,0.696,0.50259,0.57139,0.2543,3.88291,0.81527,0.57131,0.00888112,0.00888112,0.00888112
114,615.277,3.22196,0.79517,0.64669,0.6786,0.48792,0.55813,0.24855,3.91866,0.83166,0.57309,0.00887113,0.00887113,0.00887113
115,618.718,4.38384,0.90008,0.58021,0.67874,0.49048,0.55999,0.23468,4.02816,0.82917,0.577,0.00886114,0.00886114,0.00886114
116,622.129,3.98575,0.8122,0.57317,0.7007,0.50343,0.5794,0.25441,3.9122,0.8205,0.57565,0.00885115,0.00885115,0.00885115
117,626.2,3.75632,0.87453,0.59297,0.72342,0.5151,0.59071,0.27311,3.76486,0.84111,0.56684,0.00884116,0.00884116,0.00884116
118,629.64,4.59074,0.89533,0.57283,0.69612,0.50522,0.5708,0.25093,3.98367,0.82742,0.56726,0.00883117,0.00883117,0.00883117
119,633.634,4.02955,0.82762,0.6062,0.65371,0.48984,0.55244,0.22708,4.11905,0.82724,0.5811,0.00882118,0.00882118,0.00882118
120,637.466,3.1932,0.77197,0.61833,0.65211,0.49163,0.55259,0.23412,4.07344,0.81431,0.57432,0.00881119,0.00881119,0.00881119
121,641.431,3.69427,0.7838,0.57238,0.69332,0.47829,0.55723,0.23482,4.12145,0.81591,0.56895,0.0088012,0.0088012,0.0088012
122,645.478,3.59294,0.78581,0.57928,0.69651,0.48174,0.55625,0.2278,4.14538,0.83485,0.57196,0.00879121,0.00879121,0.00879121
123,648.686,4.41733,0.84149,0.56466,0.69779,0.48202,0.55609,0.22653,4.15691,0.82307,0.57122,0.00878122,0.00878122,0.00878122
124,652.272,3.7848,0.75958,0.58432,0.70469,0.49712,0.57466,0.25161,3.95792,0.80137,0.57035,0.00877123,0.00877123,0.00877123
125,656.063,3.89192,0.81781,0.61153,0.63645,0.45154,0.50587,0.19166,4.39407,0.86041,0.58098,0.00876124,0.00876124,0.00876124
126,659.357,3.65722,0.75477,0.59125,0.64361,0.48594,0.53944,0.212,4.32566,0.86613,0.58143,0.00875125,0.00875125,0.00875125
127,663.537,4.47965,0.88391,0.59677,0.71052,0.50178,0.58161,0.26188,3.73392,0.79415,0.56963,0.00874126,0.00874126,0.00874126
128,667.518,3.0888,0.73085,0.62418,0.69767,0.49341,0.56905,0.24801,3.92198,0.78615,0.57557,0.00873127,0.00873127,0.00873127
129,670.7,3.66604,0.76944,0.58924,0.69956,0.49986,0.57462,0.23634,3.99396,0.81561,0.57414,0.00872128,0.00872128,0.00872128
130,675.098,3.56098,0.78965,0.60031,0.68858,0.49657,0.57447,0.24942,3.8401,0.78998,0.57362,0.00871129,0.00871129,0.00871129
131,678.711,3.80607,0.79673,0.58255,0.71794,0.49259,0.57677,0.25949,3.84637,0.82781,0.57056,0.0087013,0.0087013,0.0087013
132,682.682,3.43576,0.74186,0.59648,0.73,0.49849,0.57847,0.25537,3.89463,0.84986,0.57049,0.00869131,0.00869131,0.00869131
133,686.925,3.0905,0.73368,0.60021,0.67097,0.49163,0.55332,0.23018,4.07801,0.83367,0.57806,0.00868132,0.00868132,0.00868132
134,690.691,3.168,0.72267,0.60664,0.70528,0.51222,0.58202,0.23777,4.12172,0.82466,0.57662,0.00867133,0.00867133,0.00867133
135,694.388,3.81467,0.79741,0.58915,0.70776,0.50563,0.57971,0.24326,4.02135,0.81081,0.57535,0.00866134,0.00866134,0.00866134
136,722.848,3.66956,0.77941,0.58782,0.69441,0.5081,0.5814,0.25508,3.92376,0.79846,0.57505,0.00865135,0.00865135,0.00865135
137,726.986,4.05552,0.83162,0.61585,0.65209,0.47817,0.53969,0.21389,4.20624,0.84108,0.58351,0.00864136,0.00864136,0.00864136
138,731.081,4.91435,0.95205,0.58439,0.67192,0.48229,0.55447,0.22869,4.11799,0.8079,0.58071,0.00863137,0.00863137,0.00863137
139,734.965,3.81824,0.795,0.60504,0.70608,0.49533,0.56543,0.24481,3.9386,0.81339,0.56878,0.00862138,0.00862138,0.00862138
140,739.061,3.85776,0.83888,0.57661,0.70859,0.51318,0.57583,0.24981,3.86969,0.84338,0.56756,0.00861139,0.00861139,0.00861139
141,742.418,3.4837,0.7358,0.58965,0.67292,0.52265,0.58349,0.25684,3.90328,0.79377,0.57805,0.0086014,0.0086014,0.0086014
142,746.511,3.39092,0.7305,0.58247,0.69079,0.50741,0.57572,0.24163,3.97317,0.80757,0.58015,0.00859141,0.00859141,0.00859141
143,750.345,3.59338,0.75596,0.58932,0.7113,0.50481,0.58215,0.26072,3.77358,0.80469,0.57135,0.00858142,0.00858142,0.00858142
144,754.389,4.12095,0.82767,0.59195,0.7333,0.50728,0.58946,0.26769,3.74064,0.76916,0.56759,0.00857143,0.00857143,0.00857143
145,758.415,3.17629,0.72621,0.58671,0.68773,0.51112,0.58388,0.25172,3.95065,0.78556,0.57793,0.00856144,0.00856144,0.00856144
146,778.679,3.57944,0.79022,0.61764,0.70293,0.50124,0.58009,0.25556,3.85989,0.78,0.57576,0.00855145,0.00855145,0.00855145
147,782.137,3.2303,0.68802,0.57837,0.71186,0.49121,0.56987,0.23191,4.11131,0.81136,0.57143,0.00854146,0.00854146,0.00854146
148,800.268,3.37821,0.73868,0.5867,0.70138,0.50173,0.58126,0.25119,3.96074,0.79252,0.57389,0.00853147,0.00853147,0.00853147
149,804.649,3.37384,0.74209,0.59566,0.72792,0.51129,0.59415,0.2658,3.87336,0.78479,0.56893,0.00852148,0.00852148,0.00852148
150,808.819,3.39499,0.76785,0.61068,0.71631,0.51414,0.59269,0.24968,3.9959,0.7895,0.57459,0.00851149,0.00851149,0.00851149
151,812.605,3.89564,0.81364,0.58983,0.7298,0.51771,0.59501,0.27167,3.71831,0.76737,0.5693,0.0085015,0.0085015,0.0085015
152,816.773,3.94712,0.82976,0.58895,0.72553,0.51606,0.5944,0.27259,3.73095,0.78071,0.56738,0.00849151,0.00849151,0.00849151
153,835.974,3.28937,0.73028,0.59419,0.69836,0.52636,0.59557,0.26443,3.85506,0.79405,0.57583,0.00848152,0.00848152,0.00848152
154,839.502,3.9691,0.79779,0.57902,0.6716,0.51408,0.58293,0.25192,3.98494,0.79223,0.57636,0.00847153,0.00847153,0.00847153
155,843.342,3.41697,0.75751,0.61262,0.72083,0.50988,0.59095,0.26605,3.77828,0.77644,0.56481,0.00846154,0.00846154,0.00846154
156,847.513,3.31007,0.72438,0.59164,0.71853,0.50288,0.5803,0.26028,3.84757,0.80714,0.56839,0.00845155,0.00845155,0.00845155
157,851.565,3.7627,0.79789,0.60788,0.70867,0.51318,0.59513,0.27048,3.78725,0.7924,0.57344,0.00844156,0.00844156,0.00844156
158,855.504,3.10453,0.70363,0.59702,0.68409,0.5162,0.59002,0.25977,3.9074,0.79891,0.57544,0.00843157,0.00843157,0.00843157
159,858.731,3.62204,0.7545,0.58475,0.70227,0.51489,0.57917,0.24745,3.85513,0.81431,0.56451,0.00842158,0.00842158,0.00842158
160,862.884,3.20825,0.74633,0.5954,0.71123,0.53086,0.59998,0.27422,3.70914,0.7864,0.56673,0.00841159,0.00841159,0.00841159
161,867.044,3.77619,0.80583,0.59742,0.64862,0.49012,0.54763,0.21787,4.23311,0.84873,0.57907,0.0084016,0.0084016,0.0084016
162,871.272,3.19267,0.72162,0.59063,0.65115,0.49585,0.55866,0.22662,4.25589,0.83887,0.58276,0.00839161,0.00839161,0.00839161
163,874.988,3.13894,0.70969,0.60213,0.71351,0.52895,0.59926,0.26805,3.80981,0.79445,0.5711,0.00838162,0.00838162,0.00838162
164,879.041,3.79154,0.77386,0.57672,0.71438,0.52265,0.59932,0.27707,3.73235,0.77922,0.56686,0.00837163,0.00837163,0.00837163
165,883.29,3.56053,0.83025,0.58508,0.64992,0.47354,0.54877,0.22606,4.23022,0.84887,0.57937,0.00836164,0.00836164,0.00836164
166,886.492,3.93416,0.7928,0.574,0.6797,0.51194,0.58299,0.25077,4.00109,0.78554,0.57739,0.00835165,0.00835165,0.00835165
167,890.775,3.62104,0.76667,0.58744,0.72892,0.52979,0.6094,0.28746,3.58322,0.75385,0.56598,0.00834166,0.00834166,0.00834166
168,894.709,3.24487,0.74194,0.58962,0.71434,0.5173,0.5937,0.27195,3.74236,0.80312,0.56641,0.00833167,0.00833167,0.00833167
169,897.862,3.65851,0.76581,0.5832,0.69629,0.52924,0.60391,0.26568,3.85067,0.80207,0.57222,0.00832168,0.00832168,0.00832168
170,901.853,3.2665,0.71001,0.58991,0.72349,0.52567,0.60804,0.27906,3.69406,0.78541,0.57155,0.00831169,0.00831169,0.00831169
171,905.461,3.88706,0.782,0.57165,0.71707,0.49999,0.57495,0.24669,3.95249,0.79581,0.56785,0.0083017,0.0083017,0.0083017
172,909.751,3.15513,0.71419,0.60267,0.72618,0.51455,0.6008,0.2741,3.76675,0.76556,0.56742,0.00829171,0.00829171,0.00829171
173,913.647,3.54541,0.75015,0.58818,0.71661,0.50467,0.59183,0.26426,3.77531,0.77794,0.57077,0.00828172,0.00828172,0.00828172
174,916.815,3.61384,0.76943,0.56745,0.73027,0.52032,0.60881,0.2788,3.70115,0.77172,0.56821,0.00827173,0.00827173,0.00827173
175,920.983,3.63201,0.73757,0.57343,0.72414,0.52361,0.60373,0.28128,3.63422,0.76183,0.56136,0.00826174,0.00826174,0.00826174
176,925.28,3.03523,0.70916,0.6049,0.73023,0.52759,0.60675,0.2849,3.61937,0.75135,0.56023,0.00825175,0.00825175,0.00825175
177,929.545,4.48568,0.85999,0.58483,0.68771,0.50755,0.58393,0.25077,3.9281,0.77476,0.57139,0.00824176,0.00824176,0.00824176
178,933.726,3.45479,0.73709,0.59733,0.69743,0.51867,0.59657,0.25951,3.86451,0.76778,0.57255,0.00823177,0.00823177,0.00823177
179,936.999,3.47885,0.73252,0.59642,0.72053,0.52385,0.60729,0.28515,3.57968,0.74424,0.56639,0.00822178,0.00822178,0.00822178
180,940.82,3.56882,0.73987,0.57901,0.70355,0.51606,0.59785,0.28189,3.70457,0.7655,0.56953,0.00821179,0.00821179,0.00821179
181,944.834,3.44207,0.74513,0.60775,0.69687,0.51035,0.5913,0.25779,3.95216,0.79021,0.57335,0.0082018,0.0082018,0.0082018
182,948.81,4.01658,0.82069,0.59068,0.72291,0.52222,0.60686,0.2786,3.72306,0.76154,0.56876,0.00819181,0.00819181,0.00819181
183,952.634,3.28951,0.73346,0.60253,0.72631,0.51662,0.60004,0.27025,3.8514,0.76755,0.56935,0.00818182,0.00818182,0.00818182
184,956.534,3.44455,0.71978,0.58243,0.69825,0.52018,0.59591,0.26536,3.90529,0.76553,0.57009,0.00817183,0.00817183,0.00817183
185,960.709,3.21407,0.74178,0.60669,0.72526,0.52581,0.60165,0.28387,3.62747,0.75263,0.56436,0.00816184,0.00816184,0.00816184
186,964.13,4.37033,0.85868,0.57242,0.73516,0.52128,0.60318,0.2751,3.68753,0.75078,0.56249,0.00815185,0.00815185,0.00815185
187,968.424,3.82991,0.78835,0.57645,0.7286,0.53073,0.613,0.28324,3.68928,0.75848,0.56683,0.00814186,0.00814186,0.00814186
188,972.742,3.36664,0.74955,0.61015,0.72919,0.52828,0.61407,0.28767,3.65967,0.75162,0.56887,0.00813187,0.00813187,0.00813187
189,977.111,3.93117,0.78031,0.57146,0.72425,0.53062,0.61194,0.28432,3.67717,0.74909,0.56449,0.00812188,0.00812188,0.00812188
190,980.88,3.12435,0.69965,0.59497,0.72893,0.53273,0.61358,0.28402,3.67302,0.74491,0.56546,0.00811189,0.00811189,0.00811189
191,984.86,3.38799,0.71696,0.58497,0.71961,0.54077,0.62164,0.28793,3.69741,0.75201,0.57041,0.0081019,0.0081019,0.0081019
192,989.183,3.84858,0.78439,0.57764,0.71699,0.5405,0.61566,0.28563,3.66204,0.73406,0.56751,0.00809191,0.00809191,0.00809191
193,1007.39,2.97472,0.6841,0.58564,0.73774,0.54228,0.62647,0.30094,3.51968,0.72539,0.56637,0.00808192,0.00808192,0.00808192
194,1011.41,2.9568,0.65896,0.58096,0.73012,0.54132,0.62349,0.28846,3.64959,0.73592,0.56729,0.00807193,0.00807193,0.00807193
195,1015.51,3.07216,0.68968,0.59087,0.7325,0.5416,0.62158,0.29507,3.56419,0.72255,0.5635,0.00806194,0.00806194,0.00806194
196,1019.79,3.53901,0.7503,0.59082,0.72431,0.53144,0.61144,0.28863,3.57422,0.72279,0.5628,0.00805195,0.00805195,0.00805195
197,1023.29,3.19057,0.69767,0.59401,0.70973,0.52952,0.60458,0.27182,3.72357,0.75386,0.56834,0.00804196,0.00804196,0.00804196
198,1027.28,3.44794,0.70477,0.5675,0.71676,0.52044,0.60795,0.27713,3.61557,0.72887,0.56851,0.00803197,0.00803197,0.00803197
199,1031.48,3.12162,0.7053,0.61335,0.74056,0.52952,0.6138,0.29116,3.57527,0.71938,0.56303,0.00802198,0.00802198,0.00802198
200,1035.53,3.14941,0.70111,0.60035,0.74327,0.52306,0.60719,0.28263,3.61284,0.7293,0.56361,0.00801199,0.00801199,0.00801199
201,1058.62,3.17277,0.71238,0.57532,0.73229,0.52293,0.60931,0.27841,3.65035,0.7424,0.56732,0.008002,0.008002,0.008002
202,1063.04,3.40635,0.73286,0.60245,0.73621,0.53259,0.61369,0.27931,3.73951,0.76079,0.56714,0.00799201,0.00799201,0.00799201
203,1066.86,3.09185,0.67387,0.57804,0.73604,0.52677,0.60743,0.28612,3.5923,0.73651,0.56282,0.00798202,0.00798202,0.00798202
204,1070.87,3.86603,0.78481,0.57407,0.72994,0.52582,0.60964,0.28831,3.52898,0.72677,0.56171,0.00797203,0.00797203,0.00797203
205,1075.22,3.36685,0.78466,0.6101,0.71116,0.51819,0.59915,0.28003,3.57938,0.74106,0.56429,0.00796204,0.00796204,0.00796204
206,1079.34,3.13943,0.70967,0.59568,0.69486,0.52608,0.6002,0.27002,3.79176,0.76623,0.56523,0.00795205,0.00795205,0.00795205
207,1083.53,3.47765,0.7266,0.57976,0.69891,0.53666,0.60826,0.28264,3.59844,0.74303,0.565,0.00794206,0.00794206,0.00794206
208,1106.51,3.78441,0.81753,0.61505,0.68235,0.5221,0.58976,0.251,3.8586,0.76382,0.56975,0.00793207,0.00793207,0.00793207
209,1110.59,3.81283,0.82453,0.60182,0.72559,0.53817,0.61377,0.2931,3.51271,0.73598,0.56244,0.00792208,0.00792208,0.00792208
210,1129.74,3.60307,0.78775,0.61482,0.72429,0.52801,0.60232,0.27806,3.62009,0.74758,0.56461,0.00791209,0.00791209,0.00791209
211,1133.32,3.50094,0.72335,0.5739,0.71196,0.52883,0.6063,0.27593,3.67864,0.758,0.5692,0.0079021,0.0079021,0.0079021
212,1137.12,3.88888,0.76605,0.56491,0.7259,0.54174,0.62436,0.29156,3.61047,0.73261,0.56295,0.00789211,0.00789211,0.00789211
213,1140.64,3.21318,0.69728,0.57832,0.72633,0.54146,0.62335,0.29195,3.62841,0.73888,0.56345,0.00788212,0.00788212,0.00788212
214,1144.48,3.88637,0.80347,0.588,0.75734,0.53389,0.61973,0.28209,3.66592,0.74241,0.56166,0.00787213,0.00787213,0.00787213
215,1148.18,3.1486,0.69488,0.57567,0.7257,0.54297,0.62423,0.29448,3.59277,0.73272,0.565,0.00786214,0.00786214,0.00786214
216,1151.73,3.20509,0.70424,0.59802,0.75047,0.54585,0.63516,0.30861,3.49482,0.71084,0.56256,0.00785215,0.00785215,0.00785215
217,1155.41,3.25524,0.6918,0.57212,0.72292,0.52653,0.61195,0.27347,3.80186,0.73429,0.56526,0.00784216,0.00784216,0.00784216
218,1160.07,3.67671,0.77523,0.60264,0.71496,0.531,0.61429,0.28263,3.70169,0.73032,0.56778,0.00783217,0.00783217,0.00783217
219,1163.6,4.48046,0.85016,0.55891,0.74744,0.54023,0.62243,0.29849,3.50449,0.72053,0.56083,0.00782218,0.00782218,0.00782218
220,1167.64,3.6316,0.75408,0.56219,0.74839,0.54064,0.6211,0.29787,3.50501,0.72032,0.55901,0.00781219,0.00781219,0.00781219
221,1171.84,3.5553,0.7338,0.5644,0.73275,0.53158,0.62088,0.29413,3.55827,0.71868,0.56382,0.0078022,0.0078022,0.0078022
222,1175.91,3.03794,0.69124,0.58497,0.72536,0.52622,0.61487,0.27827,3.67196,0.72839,0.5649,0.00779221,0.00779221,0.00779221
223,1180.2,3.50204,0.71965,0.58953,0.73759,0.53775,0.62415,0.30374,3.46412,0.70798,0.55938,0.00778222,0.00778222,0.00778222
224,1184.01,3.02157,0.68353,0.57721,0.74138,0.5475,0.62847,0.30051,3.54952,0.70746,0.56011,0.00777223,0.00777223,0.00777223
225,1187.13,3.53368,0.7288,0.56496,0.72186,0.53018,0.61821,0.29116,3.5876,0.71673,0.56586,0.00776224,0.00776224,0.00776224
226,1191.26,3.19163,0.70789,0.58983,0.72428,0.53487,0.62055,0.28968,3.65646,0.71964,0.56718,0.00775225,0.00775225,0.00775225
227,1195.06,2.98177,0.66228,0.58094,0.70853,0.52554,0.60823,0.28386,3.6461,0.71987,0.56653,0.00774226,0.00774226,0.00774226
228,1198.38,3.61406,0.72513,0.56752,0.71568,0.53501,0.61712,0.27845,3.73597,0.72994,0.56741,0.00773227,0.00773227,0.00773227
229,1202.87,3.16622,0.70836,0.60751,0.7363,0.54174,0.62344,0.30221,3.46996,0.70887,0.56163,0.00772228,0.00772228,0.00772228
230,1207.17,3.16509,0.68616,0.59208,0.73561,0.54318,0.62216,0.29846,3.48769,0.72635,0.5603,0.00771229,0.00771229,0.00771229
231,1211.11,3.19096,0.69455,0.59055,0.75506,0.53377,0.62436,0.28875,3.53638,0.73092,0.56474,0.0077023,0.0077023,0.0077023
232,1215.04,3.27958,0.68805,0.58056,0.73349,0.53473,0.62137,0.29305,3.54809,0.72496,0.56522,0.00769231,0.00769231,0.00769231
233,1219.18,3.39418,0.72585,0.59695,0.7285,0.53624,0.61674,0.29936,3.42622,0.71471,0.56102,0.00768232,0.00768232,0.00768232
234,1222.81,3.05424,0.70154,0.59997,0.73532,0.53664,0.61644,0.29565,3.46275,0.71421,0.55982,0.00767233,0.00767233,0.00767233
235,1226.81,3.18699,0.6984,0.58631,0.72831,0.53913,0.62208,0.2934,3.59827,0.72176,0.56672,0.00766234,0.00766234,0.00766234
236,1230.63,3.56932,0.74698,0.57223,0.72902,0.54146,0.62398,0.29376,3.61173,0.71913,0.56689,0.00765235,0.00765235,0.00765235
237,1233.62,3.47356,0.71547,0.57612,0.74215,0.5486,0.62713,0.30033,3.46705,0.70068,0.55993,0.00764236,0.00764236,0.00764236
238,1237.79,3.33211,0.7223,0.57965,0.74182,0.54435,0.62397,0.29964,3.49025,0.70023,0.55934,0.00763237,0.00763237,0.00763237
239,1241.54,3.24177,0.69579,0.5875,0.72795,0.54075,0.6191,0.28013,3.72174,0.73274,0.56633,0.00762238,0.00762238,0.00762238
240,1245.74,3.15832,0.68676,0.58523,0.73263,0.54885,0.62675,0.29859,3.57725,0.71801,0.56476,0.00761239,0.00761239,0.00761239
241,1249.57,3.45237,0.7183,0.56919,0.74384,0.54448,0.6248,0.30914,3.40421,0.69844,0.55972,0.0076024,0.0076024,0.0076024
242,1253.68,3.14513,0.69767,0.57275,0.7496,0.54297,0.62614,0.3134,3.34524,0.70983,0.55731,0.00759241,0.00759241,0.00759241
243,1257.73,3.10328,0.69446,0.57755,0.731,0.53693,0.61727,0.29243,3.62747,0.72482,0.56316,0.00758242,0.00758242,0.00758242
244,1261.04,3.46582,0.69824,0.55694,0.74186,0.54627,0.63115,0.30953,3.48745,0.70747,0.56096,0.00757243,0.00757243,0.00757243
245,1264.4,3.62435,0.74223,0.54998,0.74934,0.53913,0.62237,0.30101,3.39904,0.70221,0.55559,0.00756244,0.00756244,0.00756244
246,1268.35,2.9278,0.65643,0.58292,0.73977,0.53898,0.61479,0.29804,3.41572,0.72544,0.55656,0.00755245,0.00755245,0.00755245
247,1271.63,4.45625,0.83264,0.55652,0.73756,0.53858,0.62288,0.30479,3.49285,0.71048,0.5625,0.00754246,0.00754246,0.00754246
248,1275.98,3.82372,0.77964,0.58449,0.73419,0.54613,0.62638,0.30866,3.43753,0.70652,0.56134,0.00753247,0.00753247,0.00753247
249,1280,3.33342,0.69273,0.56046,0.74054,0.54325,0.61904,0.29567,3.41723,0.70613,0.55586,0.00752248,0.00752248,0.00752248
250,1284.24,2.9105,0.65575,0.58363,0.75098,0.54652,0.62595,0.30013,3.43862,0.70922,0.55682,0.00751249,0.00751249,0.00751249
251,1287.8,3.68814,0.77038,0.58082,0.75373,0.55463,0.63713,0.31505,3.3628,0.7018,0.55921,0.0075025,0.0075025,0.0075025
252,1291.76,3.16557,0.64962,0.56734,0.75061,0.5486,0.63694,0.31422,3.41343,0.69664,0.56004,0.00749251,0.00749251,0.00749251
253,1295.28,3.23234,0.68851,0.57454,0.75959,0.55437,0.63757,0.3097,3.37739,0.6922,0.55645,0.00748252,0.00748252,0.00748252
254,1299.17,2.99686,0.69187,0.60471,0.73817,0.55546,0.63114,0.31056,3.3811,0.69835,0.55671,0.00747253,0.00747253,0.00747253
255,1302.67,3.65469,0.75538,0.58125,0.73928,0.5416,0.63003,0.30407,3.47727,0.70389,0.56053,0.00746254,0.00746254,0.00746254
256,1306.75,3.29007,0.73433,0.59908,0.75313,0.53527,0.62675,0.3083,3.44793,0.70239,0.55996,0.00745255,0.00745255,0.00745255
257,1310.76,3.34797,0.73888,0.59221,0.74656,0.54393,0.62857,0.30463,3.49999,0.70776,0.55797,0.00744256,0.00744256,0.00744256
258,1314.8,3.38452,0.70748,0.57665,0.73451,0.54421,0.62346,0.29154,3.62706,0.72057,0.55783,0.00743257,0.00743257,0.00743257
259,1318.84,2.975,0.65304,0.57785,0.73358,0.55437,0.63295,0.31232,3.4204,0.70044,0.55873,0.00742258,0.00742258,0.00742258
260,1322.17,4.04072,0.7749,0.54973,0.74092,0.55643,0.63772,0.31333,3.40098,0.70167,0.55925,0.00741259,0.00741259,0.00741259
261,1325.79,4.0588,0.79047,0.5533,0.72674,0.54075,0.62314,0.29444,3.60374,0.72188,0.56077,0.0074026,0.0074026,0.0074026
262,1329.99,3.09719,0.69293,0.59546,0.74,0.54274,0.62708,0.2994,3.53661,0.72979,0.56098,0.00739261,0.00739261,0.00739261
263,1333.37,3.31413,0.6937,0.58199,0.74617,0.54791,0.63241,0.31195,3.38871,0.73155,0.55671,0.00738262,0.00738262,0.00738262
264,1338.01,3.37164,0.68153,0.56878,0.75643,0.54744,0.63071,0.30488,3.47167,0.72499,0.55681,0.00737263,0.00737263,0.00737263
265,1341.35,3.88645,0.75172,0.56124,0.75778,0.54245,0.63341,0.3111,3.416,0.70856,0.55919,0.00736264,0.00736264,0.00736264
266,1345.61,3.50793,0.70486,0.56096,0.7662,0.55176,0.6416,0.31692,3.38081,0.69495,0.55752,0.00735265,0.00735265,0.00735265
267,1349.83,3.09964,0.67409,0.5994,0.76846,0.55818,0.64661,0.31948,3.36371,0.69228,0.5589,0.00734266,0.00734266,0.00734266
268,1353.26,3.50062,0.69757,0.56483,0.75599,0.56013,0.64492,0.31795,3.38103,0.69168,0.56032,0.00733267,0.00733267,0.00733267
269,1357.64,3.71413,0.75257,0.56799,0.76123,0.55807,0.64523,0.31875,3.36053,0.68367,0.55787,0.00732268,0.00732268,0.00732268
270,1379.42,3.72322,0.74091,0.56787,0.75966,0.55807,0.64161,0.31255,3.38537,0.67661,0.55682,0.00731269,0.00731269,0.00731269
271,1406.56,3.67758,0.73691,0.56289,0.75092,0.54883,0.63986,0.31927,3.38003,0.69991,0.56163,0.0073027,0.0073027,0.0073027
272,1409.76,2.97687,0.66397,0.56988,0.74816,0.54978,0.63878,0.31865,3.34783,0.70215,0.56014,0.00729271,0.00729271,0.00729271
273,1413.21,4.2379,0.80496,0.55465,0.75551,0.55661,0.64192,0.31869,3.27695,0.66248,0.55488,0.00728272,0.00728272,0.00728272
274,1416.93,3.19773,0.69689,0.58992,0.75562,0.55524,0.64008,0.31531,3.31862,0.67625,0.55522,0.00727273,0.00727273,0.00727273
275,1420.41,3.19633,0.67716,0.56254,0.73952,0.5416,0.63251,0.29891,3.67009,0.72539,0.56135,0.00726274,0.00726274,0.00726274
276,1424.59,2.91827,0.66135,0.57923,0.73965,0.54876,0.63864,0.30723,3.57893,0.71398,0.56413,0.00725275,0.00725275,0.00725275
277,1448.11,3.46443,0.7371,0.604,0.76108,0.55135,0.63881,0.32265,3.26764,0.66955,0.55732,0.00724276,0.00724276,0.00724276
278,1452.47,3.20406,0.70269,0.59929,0.77079,0.55121,0.64366,0.31897,3.31795,0.67281,0.55869,0.00723277,0.00723277,0.00723277
279,1456.59,3.20037,0.66508,0.57178,0.75505,0.54675,0.63864,0.31448,3.41325,0.68946,0.56442,0.00722278,0.00722278,0.00722278
280,1460,3.04555,0.66376,0.56226,0.74159,0.54764,0.62974,0.29513,3.58176,0.70999,0.56175,0.00721279,0.00721279,0.00721279
281,1464.49,2.93217,0.67056,0.60602,0.74414,0.55643,0.63585,0.31942,3.31691,0.68721,0.5568,0.0072028,0.0072028,0.0072028
282,1468.51,3.05516,0.65861,0.57797,0.75184,0.54956,0.63519,0.32102,3.27476,0.68029,0.55531,0.00719281,0.00719281,0.00719281
283,1489.86,2.89158,0.63927,0.59236,0.74003,0.54036,0.62976,0.30174,3.49976,0.70851,0.56025,0.00718282,0.00718282,0.00718282
284,1493.61,3.17639,0.71096,0.59074,0.75505,0.54833,0.6366,0.31445,3.38731,0.69049,0.55941,0.00717283,0.00717283,0.00717283
285,1498.1,3.39664,0.71519,0.57395,0.7637,0.55203,0.63889,0.31494,3.36642,0.68872,0.55716,0.00716284,0.00716284,0.00716284
286,1521,3.69103,0.73527,0.54881,0.77813,0.55643,0.64548,0.32165,3.33947,0.68525,0.55773,0.00715285,0.00715285,0.00715285
287,1524.61,3.6061,0.72505,0.56678,0.76928,0.55434,0.63893,0.30769,3.49596,0.69965,0.55823,0.00714286,0.00714286,0.00714286
288,1528.31,3.78604,0.73616,0.55925,0.764,0.55052,0.64005,0.31165,3.46744,0.69414,0.55868,0.00713287,0.00713287,0.00713287
289,1532.4,3.44631,0.69614,0.56909,0.75622,0.55011,0.64267,0.32178,3.3014,0.67667,0.5591,0.00712288,0.00712288,0.00712288
290,1536.65,2.89839,0.66136,0.59427,0.73676,0.5579,0.64036,0.31634,3.36145,0.69101,0.56148,0.00711289,0.00711289,0.00711289
291,1540.01,3.22575,0.66959,0.58368,0.74644,0.55354,0.63777,0.31727,3.33893,0.69536,0.55593,0.0071029,0.0071029,0.0071029
292,1543.81,3.17212,0.64961,0.56889,0.74394,0.55821,0.64256,0.32427,3.26292,0.67732,0.55522,0.00709291,0.00709291,0.00709291
293,1547.83,3.86829,0.77211,0.57445,0.74026,0.54973,0.6403,0.3183,3.3483,0.68367,0.56047,0.00708292,0.00708292,0.00708292
294,1551.98,3.65521,0.74297,0.56328,0.74043,0.55061,0.64201,0.32024,3.32226,0.67994,0.55947,0.00707293,0.00707293,0.00707293
295,1555.84,3.4193,0.7228,0.58074,0.75495,0.5556,0.64303,0.32169,3.3202,0.68654,0.55495,0.00706294,0.00706294,0.00706294
296,1559.28,3.29951,0.69611,0.56947,0.76096,0.55023,0.63959,0.3263,3.21604,0.68917,0.5567,0.00705295,0.00705295,0.00705295
297,1562.97,3.03126,0.65058,0.55867,0.74529,0.55597,0.64093,0.32013,3.30668,0.69581,0.55699,0.00704296,0.00704296,0.00704296
298,1566.44,3.44945,0.7162,0.58282,0.76042,0.54942,0.64493,0.32907,3.21011,0.66893,0.55647,0.00703297,0.00703297,0.00703297
299,1569.8,3.16903,0.66278,0.57709,0.75477,0.55299,0.639,0.31679,3.29854,0.67362,0.55516,0.00702298,0.00702298,0.00702298
300,1573.5,3.04609,0.64905,0.56635,0.76003,0.55244,0.63928,0.31341,3.32235,0.68232,0.55521,0.00701299,0.00701299,0.00701299
301,1578.03,2.9725,0.64384,0.56852,0.76194,0.54833,0.63902,0.32707,3.20128,0.6583,0.55535,0.007003,0.007003,0.007003
302,1582,2.96142,0.64694,0.56678,0.75295,0.54984,0.62975,0.31156,3.29996,0.68314,0.55425,0.00699301,0.00699301,0.00699301
303,1585.66,2.98709,0.66123,0.58904,0.75942,0.55478,0.64853,0.33028,3.22584,0.67466,0.5573,0.00698302,0.00698302,0.00698302
304,1589.35,3.02507,0.66323,0.58015,0.76387,0.5556,0.65045,0.32489,3.30388,0.68113,0.55834,0.00697303,0.00697303,0.00697303
305,1593.51,2.97507,0.66157,0.59213,0.75803,0.55656,0.6399,0.31834,3.25561,0.68254,0.55416,0.00696304,0.00696304,0.00696304
306,1597.66,2.75812,0.64871,0.59397,0.75367,0.55917,0.6425,0.32576,3.23153,0.66594,0.55408,0.00695305,0.00695305,0.00695305
307,1601.77,3.42369,0.72464,0.5642,0.7712,0.55931,0.65231,0.32742,3.24554,0.66669,0.55707,0.00694306,0.00694306,0.00694306
308,1605.46,3.77454,0.71619,0.55589,0.77248,0.56166,0.65396,0.33107,3.24509,0.67276,0.55625,0.00693307,0.00693307,0.00693307
309,1609.55,2.68757,0.61619,0.57467,0.76132,0.5534,0.63624,0.3099,3.44392,0.69775,0.55367,0.00692308,0.00692308,0.00692308
310,1613.62,3.6573,0.74578,0.55732,0.7741,0.56398,0.6536,0.32773,3.28541,0.66803,0.55354,0.00691309,0.00691309,0.00691309
311,1617.23,2.74306,0.62084,0.57961,0.76704,0.56315,0.65233,0.32956,3.22318,0.66004,0.5561,0.0069031,0.0069031,0.0069031
312,1620.49,3.68493,0.69381,0.55337,0.75487,0.55725,0.64801,0.32859,3.23575,0.66083,0.55698,0.00689311,0.00689311,0.00689311
313,1624.55,2.74861,0.63855,0.59089,0.77497,0.55711,0.65051,0.33212,3.21362,0.65004,0.55402,0.00688312,0.00688312,0.00688312
314,1628.52,2.71742,0.62358,0.57253,0.78007,0.5497,0.643,0.3266,3.26321,0.65644,0.5537,0.00687313,0.00687313,0.00687313
315,1632.15,3.09839,0.66851,0.57609,0.77984,0.55011,0.64953,0.32804,3.21127,0.65546,0.556,0.00686314,0.00686314,0.00686314
316,1636.27,3.47759,0.73851,0.57169,0.75372,0.55725,0.64446,0.32508,3.23987,0.6615,0.55566,0.00685315,0.00685315,0.00685315
317,1640.17,3.05255,0.64709,0.56381,0.76329,0.55071,0.63705,0.31519,3.35758,0.67687,0.55339,0.00684316,0.00684316,0.00684316
318,1643.44,3.24873,0.67481,0.56922,0.75267,0.55481,0.63598,0.30781,3.43483,0.69446,0.55431,0.00683317,0.00683317,0.00683317
319,1648.02,3.24936,0.67603,0.57469,0.76106,0.56495,0.65206,0.33035,3.23002,0.66127,0.5542,0.00682318,0.00682318,0.00682318
320,1651.99,2.88317,0.65375,0.58656,0.75064,0.56164,0.65123,0.3273,3.28981,0.67031,0.55497,0.00681319,0.00681319,0.00681319
321,1655.44,3.31126,0.69546,0.57111,0.76005,0.5626,0.64916,0.32517,3.31005,0.67822,0.55352,0.0068032,0.0068032,0.0068032
322,1659.37,3.59792,0.72553,0.55856,0.75645,0.56628,0.64891,0.3166,3.3839,0.6825,0.55388,0.00679321,0.00679321,0.00679321
323,1663.57,3.30573,0.67771,0.57089,0.74229,0.56509,0.65143,0.32247,3.29818,0.67091,0.55675,0.00678322,0.00678322,0.00678322
324,1667.59,3.25727,0.68667,0.58289,0.75669,0.56027,0.64866,0.32228,3.30242,0.67445,0.55617,0.00677323,0.00677323,0.00677323
325,1671.35,2.97163,0.6533,0.57695,0.74343,0.54709,0.62661,0.29414,3.62586,0.7293,0.55387,0.00676324,0.00676324,0.00676324
326,1700.47,2.78688,0.63256,0.59142,0.75007,0.55615,0.63975,0.31226,3.42616,0.68919,0.55305,0.00675325,0.00675325,0.00675325
327,1704.19,2.64063,0.61612,0.5818,0.75465,0.55992,0.64906,0.32526,3.26375,0.66705,0.55551,0.00674326,0.00674326,0.00674326
328,1708.14,2.95861,0.64641,0.57628,0.74911,0.567,0.65092,0.32419,3.30899,0.67904,0.55652,0.00673327,0.00673327,0.00673327
329,1711.22,3.55495,0.69849,0.55161,0.75988,0.56549,0.6502,0.321,3.33763,0.68426,0.55273,0.00672328,0.00672328,0.00672328
330,1715.17,3.27718,0.70383,0.59103,0.7565,0.56172,0.65063,0.32917,3.2528,0.66939,0.55319,0.00671329,0.00671329,0.00671329
331,1718.71,3.51616,0.70084,0.54642,0.74322,0.5534,0.64562,0.32211,3.28161,0.66563,0.55631,0.0067033,0.0067033,0.0067033
332,1722.61,2.99245,0.67665,0.56816,0.74642,0.55849,0.64765,0.32585,3.26913,0.66239,0.55557,0.00669331,0.00669331,0.00669331
333,1726.48,3.17029,0.67657,0.55882,0.7699,0.55546,0.64912,0.33041,3.23256,0.6627,0.55303,0.00668332,0.00668332,0.00668332
334,1730.16,3.52871,0.72168,0.552,0.76624,0.55629,0.64505,0.32003,3.30868,0.67752,0.55283,0.00667333,0.00667333,0.00667333
335,1734.48,2.92154,0.67456,0.58263,0.75571,0.55986,0.64833,0.32636,3.25717,0.66151,0.55532,0.00666334,0.00666334,0.00666334
336,1738.7,2.8136,0.63165,0.57674,0.74922,0.55505,0.64322,0.31924,3.30319,0.6697,0.55585,0.00665335,0.00665335,0.00665335
337,1743.01,3.40005,0.7088,0.56481,0.75831,0.55999,0.64766,0.33489,3.19083,0.65302,0.55404,0.00664336,0.00664336,0.00664336
338,1747.28,3.33104,0.70305,0.58644,0.75244,0.55873,0.64609,0.33358,3.22685,0.65981,0.55571,0.00663337,0.00663337,0.00663337
339,1751.36,3.74234,0.76602,0.58812,0.75365,0.55752,0.648,0.31975,3.37607,0.67477,0.55631,0.00662338,0.00662338,0.00662338
340,1755.07,2.87418,0.65906,0.58525,0.75843,0.56301,0.65532,0.32601,3.33123,0.66155,0.55495,0.00661339,0.00661339,0.00661339
341,1759.02,2.85679,0.62847,0.587,0.75714,0.56041,0.6555,0.33927,3.19943,0.65806,0.55635,0.0066034,0.0066034,0.0066034
342,1763.11,2.7896,0.62506,0.57547,0.74987,0.5615,0.65533,0.33242,3.26537,0.66727,0.55672,0.00659341,0.00659341,0.00659341
343,1767.1,3.14471,0.66409,0.57981,0.76298,0.5659,0.65862,0.34119,3.18377,0.6497,0.55419,0.00658342,0.00658342,0.00658342
344,1771.07,3.29918,0.68796,0.57122,0.75677,0.56853,0.6537,0.33464,3.19688,0.64542,0.55271,0.00657343,0.00657343,0.00657343
345,1774.57,3.654,0.72801,0.56225,0.75363,0.56329,0.65386,0.3329,3.26642,0.66422,0.55629,0.00656344,0.00656344,0.00656344
346,1778.7,2.8885,0.66989,0.58674,0.761,0.57002,0.65941,0.33574,3.2471,0.65858,0.55563,0.00655345,0.00655345,0.00655345
347,1782.65,3.48904,0.70722,0.56592,0.75901,0.56823,0.65324,0.33473,3.19926,0.64673,0.55215,0.00654346,0.00654346,0.00654346
348,1786.76,3.16258,0.69279,0.59129,0.76589,0.56041,0.65074,0.33498,3.20524,0.65451,0.55263,0.00653347,0.00653347,0.00653347
349,1790.77,3.02243,0.63565,0.57056,0.76068,0.5556,0.65074,0.33442,3.23069,0.65543,0.55434,0.00652348,0.00652348,0.00652348
350,1794.57,3.7176,0.74292,0.55814,0.75498,0.55615,0.64978,0.32233,3.3753,0.67144,0.55499,0.00651349,0.00651349,0.00651349
351,1798.69,2.99923,0.65415,0.56764,0.7645,0.5626,0.65723,0.3415,3.19647,0.64535,0.55206,0.0065035,0.0065035,0.0065035
352,1803.12,3.44843,0.7107,0.56731,0.75626,0.56164,0.65671,0.33763,3.23194,0.65216,0.55301,0.00649351,0.00649351,0.00649351
353,1806.94,2.87598,0.61538,0.57038,0.74568,0.55752,0.65029,0.31989,3.39154,0.67142,0.55453,0.00648352,0.00648352,0.00648352
354,1811.25,2.50482,0.61673,0.60663,0.74284,0.55299,0.64666,0.32186,3.3488,0.67142,0.55496,0.00647353,0.00647353,0.00647353
355,1815.06,2.67763,0.60284,0.57154,0.74612,0.55739,0.64566,0.3274,3.33405,0.66068,0.55303,0.00646354,0.00646354,0.00646354
356,1818.96,2.62739,0.61218,0.58294,0.75161,0.55945,0.65012,0.3335,3.25961,0.66053,0.55338,0.00645355,0.00645355,0.00645355
357,1823.15,2.53914,0.59423,0.59118,0.7484,0.55907,0.65027,0.33007,3.27548,0.66541,0.55537,0.00644356,0.00644356,0.00644356
358,1827.17,2.76848,0.61597,0.58217,0.75687,0.56285,0.65186,0.32978,3.29355,0.65926,0.55481,0.00643357,0.00643357,0.00643357
359,1830.97,2.92437,0.65765,0.57768,0.7543,0.56796,0.65813,0.33685,3.25818,0.6679,0.5555,0.00642358,0.00642358,0.00642358
360,1834.94,3.05692,0.63039,0.56482,0.7611,0.56598,0.66017,0.33276,3.28977,0.67428,0.55745,0.00641359,0.00641359,0.00641359
361,1839.18,3.05503,0.656,0.5671,0.76673,0.56096,0.65239,0.32882,3.27815,0.66608,0.55344,0.0064036,0.0064036,0.0064036
362,1862.26,3.22969,0.70738,0.56783,0.76794,0.55743,0.64496,0.31807,3.37099,0.67564,0.55305,0.00639361,0.00639361,0.00639361
363,1866.41,3.37226,0.69084,0.56634,0.76374,0.56439,0.65621,0.33098,3.26998,0.66918,0.55558,0.00638362,0.00638362,0.00638362
364,1870.31,2.88118,0.61811,0.56436,0.77225,0.55906,0.65465,0.3316,3.27342,0.66365,0.55527,0.00637363,0.00637363,0.00637363
365,1873.46,4.17429,0.78987,0.54481,0.76772,0.55132,0.64093,0.31181,3.42471,0.67721,0.55375,0.00636364,0.00636364,0.00636364
366,1877.28,3.37213,0.71203,0.55555,0.77181,0.56278,0.65121,0.33295,3.23445,0.65792,0.55239,0.00635365,0.00635365,0.00635365
367,1881.07,3.00065,0.64614,0.56998,0.76135,0.56988,0.65548,0.33467,3.24009,0.66498,0.55336,0.00634366,0.00634366,0.00634366
368,1885.78,2.65785,0.61031,0.56779,0.76249,0.56851,0.65396,0.32975,3.26888,0.66418,0.5525,0.00633367,0.00633367,0.00633367
369,1889.81,2.95621,0.64416,0.56705,0.7625,0.55848,0.63939,0.30747,3.38734,0.68407,0.55127,0.00632368,0.00632368,0.00632368
370,1893.39,2.94298,0.62437,0.564,0.76205,0.56279,0.6423,0.31532,3.2948,0.67414,0.55095,0.00631369,0.00631369,0.00631369
371,1897.31,3.3093,0.6823,0.55638,0.76428,0.56123,0.65184,0.33179,3.27031,0.66742,0.55421,0.0063037,0.0063037,0.0063037
372,1900.74,3.22603,0.673,0.57057,0.75175,0.57414,0.6569,0.33656,3.2072,0.66153,0.55344,0.00629371,0.00629371,0.00629371
373,1905.11,3.05226,0.66338,0.57806,0.76207,0.56837,0.65198,0.33075,3.23304,0.67291,0.55227,0.00628372,0.00628372,0.00628372
374,1909.26,2.69561,0.60336,0.57316,0.76459,0.56584,0.65608,0.3395,3.17247,0.64939,0.55172,0.00627373,0.00627373,0.00627373
375,1912.67,2.69587,0.62262,0.57081,0.75523,0.56384,0.65338,0.32753,3.35363,0.67895,0.55582,0.00626374,0.00626374,0.00626374
376,1916.41,2.64977,0.60552,0.56576,0.75101,0.5707,0.65255,0.3298,3.28114,0.66956,0.55534,0.00625375,0.00625375,0.00625375
377,1920.15,2.83003,0.6263,0.57694,0.75102,0.57153,0.65257,0.33255,3.23908,0.65849,0.55374,0.00624376,0.00624376,0.00624376
378,1923.85,3.45727,0.69224,0.55724,0.75445,0.56686,0.64863,0.32595,3.2456,0.66388,0.55399,0.00623377,0.00623377,0.00623377
379,1927.26,3.43375,0.66587,0.55027,0.74661,0.56947,0.65456,0.33652,3.23954,0.65559,0.5546,0.00622378,0.00622378,0.00622378
380,1930.54,3.55446,0.69754,0.56243,0.75794,0.57045,0.65852,0.33865,3.24516,0.65086,0.55484,0.00621379,0.00621379,0.00621379
381,1934.45,2.80476,0.61079,0.56043,0.76478,0.56892,0.65701,0.33876,3.14783,0.64394,0.55221,0.0062038,0.0062038,0.0062038
382,1958.37,2.79226,0.61015,0.56522,0.76316,0.57242,0.66043,0.34205,3.14638,0.64357,0.55259,0.00619381,0.00619381,0.00619381
383,1961.56,3.72443,0.71453,0.55719,0.76413,0.56841,0.66314,0.34227,3.20919,0.65246,0.55535,0.00618382,0.00618382,0.00618382
384,1965.62,3.10267,0.67689,0.57634,0.75923,0.56988,0.66195,0.33988,3.2297,0.65746,0.55546,0.00617383,0.00617383,0.00617383
385,1987.01,2.79324,0.61317,0.57514,0.76514,0.57965,0.66704,0.34481,3.19144,0.64097,0.55154,0.00616384,0.00616384,0.00616384
386,1991.17,2.88366,0.62828,0.56072,0.77322,0.5751,0.66694,0.34548,3.20454,0.64083,0.55284,0.00615385,0.00615385,0.00615385
387,1995.59,2.97983,0.66399,0.58705,0.76881,0.57565,0.66989,0.34637,3.23518,0.65661,0.55465,0.00614386,0.00614386,0.00614386
388,2000.06,3.23449,0.64837,0.55725,0.78068,0.57661,0.67509,0.34945,3.18595,0.64749,0.55327,0.00613387,0.00613387,0.00613387
389,2003.6,2.77736,0.5998,0.55541,0.78437,0.58045,0.67598,0.35171,3.15828,0.64116,0.55201,0.00612388,0.00612388,0.00612388
390,2031.23,2.86923,0.62511,0.57818,0.77177,0.57704,0.66982,0.35222,3.11555,0.64057,0.55159,0.00611389,0.00611389,0.00611389
391,2034.94,3.06993,0.62432,0.55437,0.75967,0.57935,0.66565,0.34869,3.13964,0.6383,0.55198,0.0061039,0.0061039,0.0061039
392,2038.79,2.74479,0.62606,0.57618,0.76573,0.57194,0.66106,0.34885,3.11785,0.63505,0.55225,0.00609391,0.00609391,0.00609391
393,2042.53,2.8392,0.61835,0.55895,0.77673,0.57084,0.66272,0.34705,3.16837,0.64338,0.55177,0.00608392,0.00608392,0.00608392
394,2046.25,3.0749,0.64362,0.58027,0.76297,0.56875,0.65723,0.34562,3.15198,0.64414,0.55089,0.00607393,0.00607393,0.00607393
395,2066.7,3.24533,0.66072,0.56698,0.7638,0.57224,0.66546,0.34644,3.13921,0.64248,0.5525,0.00606394,0.00606394,0.00606394
396,2070.86,2.99543,0.62534,0.55887,0.77506,0.56439,0.66217,0.34715,3.11114,0.64518,0.55198,0.00605395,0.00605395,0.00605395
397,2074.63,2.82915,0.61088,0.57526,0.7762,0.56343,0.65825,0.33937,3.18809,0.6569,0.55056,0.00604396,0.00604396,0.00604396
398,2078.92,2.71082,0.62251,0.59521,0.77329,0.56411,0.65705,0.34445,3.12158,0.64103,0.55085,0.00603397,0.00603397,0.00603397
399,2083.51,2.84278,0.62423,0.57091,0.7706,0.56343,0.65745,0.34078,3.1377,0.63803,0.55271,0.00602398,0.00602398,0.00602398
400,2087.28,3.0884,0.62449,0.55792,0.77326,0.56136,0.65711,0.34611,3.13217,0.63567,0.5527,0.00601399,0.00601399,0.00601399
401,2109.51,3.55068,0.71428,0.55536,0.77438,0.56137,0.65571,0.34543,3.11302,0.63542,0.5511,0.006004,0.006004,0.006004
402,2114.06,3.02545,0.6392,0.58788,0.76948,0.56507,0.65606,0.34485,3.10786,0.63801,0.5504,0.00599401,0.00599401,0.00599401
403,2118,3.15995,0.67458,0.56345,0.76743,0.56082,0.65341,0.33736,3.2138,0.65302,0.55373,0.00598402,0.00598402,0.00598402
404,2121.76,3.03439,0.65692,0.57623,0.77186,0.56398,0.65682,0.33751,3.20668,0.6567,0.55264,0.00597403,0.00597403,0.00597403
405,2125.37,2.76999,0.60574,0.56068,0.78135,0.56604,0.66019,0.34804,3.08006,0.63999,0.55082,0.00596404,0.00596404,0.00596404
406,2129.37,2.94409,0.61228,0.55329,0.78787,0.56291,0.66288,0.34849,3.09113,0.632,0.54947,0.00595405,0.00595405,0.00595405
407,2133.12,2.90578,0.60865,0.56839,0.78193,0.56514,0.66072,0.34517,3.12409,0.63738,0.54971,0.00594406,0.00594406,0.00594406
408,2137.41,3.09171,0.65713,0.5763,0.7794,0.56247,0.65864,0.33398,3.24081,0.658,0.55042,0.00593407,0.00593407,0.00593407
409,2141.38,2.58447,0.5923,0.58518,0.78801,0.5588,0.66048,0.33896,3.16884,0.65032,0.55037,0.00592408,0.00592408,0.00592408
410,2144.68,2.99779,0.63713,0.55576,0.78042,0.56343,0.65901,0.34104,3.13807,0.64345,0.55033,0.00591409,0.00591409,0.00591409
411,2169.43,2.78286,0.60587,0.56776,0.7661,0.57262,0.661,0.34053,3.17837,0.64164,0.55237,0.0059041,0.0059041,0.0059041
412,2201.26,2.61424,0.58255,0.56121,0.7706,0.57092,0.66548,0.3463,3.14736,0.64061,0.55273,0.00589411,0.00589411,0.00589411
413,2205.35,2.55426,0.60436,0.59389,0.76949,0.56371,0.66055,0.34243,3.13226,0.63361,0.55174,0.00588412,0.00588412,0.00588412
414,2209.5,2.58837,0.59166,0.5594,0.76783,0.56029,0.65888,0.33872,3.17799,0.64053,0.55002,0.00587413,0.00587413,0.00587413
415,2213.68,2.71133,0.58576,0.56195,0.77215,0.56295,0.66911,0.34933,3.15813,0.65262,0.55226,0.00586414,0.00586414,0.00586414
416,2217.64,2.5226,0.59188,0.57537,0.77348,0.56724,0.67243,0.34827,3.18736,0.65143,0.55261,0.00585415,0.00585415,0.00585415
417,2221.38,2.94571,0.62047,0.55912,0.77733,0.56521,0.67451,0.3557,3.08182,0.64344,0.55088,0.00584416,0.00584416,0.00584416
418,2224.77,2.81186,0.61575,0.57507,0.7627,0.57043,0.67184,0.35346,3.08035,0.63283,0.55035,0.00583417,0.00583417,0.00583417
419,2228.74,2.60791,0.58816,0.55638,0.76342,0.56864,0.66866,0.34707,3.17916,0.64605,0.55005,0.00582418,0.00582418,0.00582418
420,2233.07,2.5171,0.59985,0.58904,0.76584,0.56535,0.66892,0.34636,3.18012,0.64862,0.5515,0.00581419,0.00581419,0.00581419
421,2236.24,3.60058,0.68977,0.54763,0.77331,0.56864,0.6732,0.35556,3.04752,0.63354,0.55014,0.0058042,0.0058042,0.0058042
422,2239.34,3.82071,0.7584,0.56766,0.77538,0.57578,0.67416,0.35123,3.07818,0.63079,0.55009,0.00579421,0.00579421,0.00579421
423,2243.53,2.75329,0.62255,0.56299,0.77041,0.57798,0.67514,0.35244,3.13946,0.63814,0.55191,0.00578422,0.00578422,0.00578422
424,2247.54,3.11408,0.65504,0.56727,0.76994,0.57647,0.67034,0.35108,3.10248,0.63683,0.55147,0.00577423,0.00577423,0.00577423
425,2251.37,2.85822,0.6269,0.56866,0.777,0.57578,0.66896,0.34383,3.14264,0.64268,0.55093,0.00576424,0.00576424,0.00576424
426,2255.42,2.74345,0.60317,0.57158,0.77966,0.57414,0.66517,0.34085,3.18818,0.65659,0.55204,0.00575425,0.00575425,0.00575425
427,2258.68,3.15178,0.647,0.55446,0.78043,0.57949,0.67272,0.35016,3.11597,0.643,0.55211,0.00574426,0.00574426,0.00574426
428,2262.34,3.76652,0.7204,0.54458,0.77448,0.57551,0.67097,0.35143,3.09557,0.63605,0.55273,0.00573427,0.00573427,0.00573427
429,2266.24,3.38465,0.68023,0.55608,0.77059,0.57304,0.66668,0.3463,3.1225,0.63454,0.55056,0.00572428,0.00572428,0.00572428
430,2270.21,2.8194,0.61502,0.57026,0.77121,0.57523,0.66781,0.3514,3.08228,0.63063,0.54994,0.00571429,0.00571429,0.00571429
431,2274.3,2.92177,0.62153,0.55951,0.76526,0.57372,0.66434,0.34776,3.10787,0.63268,0.55199,0.0057043,0.0057043,0.0057043
432,2278.11,3.31384,0.69819,0.56365,0.75678,0.56729,0.65948,0.33939,3.15208,0.63704,0.55264,0.00569431,0.00569431,0.00569431
433,2281.41,2.91159,0.62042,0.56604,0.76321,0.57084,0.66254,0.35007,3.04537,0.62511,0.55031,0.00568432,0.00568432,0.00568432
434,2285.18,3.18434,0.66561,0.54335,0.76495,0.57331,0.66808,0.35022,3.08507,0.63382,0.55256,0.00567433,0.00567433,0.00567433
435,2289.31,3.11657,0.65335,0.56617,0.75985,0.57345,0.66777,0.34556,3.1534,0.64011,0.55365,0.00566434,0.00566434,0.00566434
436,2292.8,3.7057,0.75416,0.57694,0.77375,0.5789,0.66925,0.35189,3.08897,0.63105,0.55012,0.00565435,0.00565435,0.00565435
437,2296.41,2.9652,0.61965,0.55544,0.76958,0.57908,0.67142,0.35399,3.07419,0.63231,0.55201,0.00564436,0.00564436,0.00564436
438,2300.18,2.81199,0.62169,0.57152,0.7699,0.56913,0.66437,0.34821,3.12088,0.6344,0.55246,0.00563437,0.00563437,0.00563437
439,2303.73,3.68342,0.70079,0.56012,0.77194,0.57551,0.66826,0.35645,3.01696,0.61551,0.54914,0.00562438,0.00562438,0.00562438
440,2307.63,3.26705,0.6582,0.56707,0.7787,0.58375,0.6721,0.35801,3.03389,0.62157,0.54919,0.00561439,0.00561439,0.00561439
441,2312.19,2.75117,0.61497,0.56805,0.77397,0.57894,0.66927,0.35604,3.04569,0.62152,0.54959,0.0056044,0.0056044,0.0056044
442,2315.53,2.83942,0.59246,0.55327,0.77544,0.56651,0.66554,0.35024,3.10477,0.62836,0.55006,0.00559441,0.00559441,0.00559441
443,2319.34,3.17964,0.66279,0.56293,0.77406,0.571,0.66996,0.36192,2.99784,0.61634,0.54965,0.00558442,0.00558442,0.00558442
444,2343.52,3.01994,0.63754,0.56485,0.76496,0.57415,0.66594,0.35323,3.07,0.62713,0.55144,0.00557443,0.00557443,0.00557443
445,2347.69,2.86231,0.61623,0.56761,0.77408,0.56274,0.661,0.34656,3.11622,0.63484,0.55094,0.00556444,0.00556444,0.00556444
446,2351.75,2.77136,0.59999,0.56744,0.76142,0.56301,0.65943,0.34637,3.10158,0.6342,0.55068,0.00555445,0.00555445,0.00555445
447,2355.66,2.63673,0.58927,0.58009,0.76073,0.55696,0.65782,0.33798,3.25112,0.65961,0.5532,0.00554446,0.00554446,0.00554446
448,2359.68,2.68278,0.60451,0.57384,0.76609,0.56096,0.66394,0.34381,3.19792,0.64942,0.55246,0.00553447,0.00553447,0.00553447
449,2387.15,2.81237,0.59799,0.55481,0.76994,0.56653,0.66437,0.35128,3.07852,0.62852,0.54955,0.00552448,0.00552448,0.00552448
450,2391.66,2.76024,0.6328,0.59797,0.77283,0.56343,0.658,0.34661,3.10749,0.62903,0.54896,0.00551449,0.00551449,0.00551449
451,2395.51,3.20717,0.66873,0.55633,0.78231,0.56837,0.66581,0.35604,3.03626,0.62186,0.54941,0.0055045,0.0055045,0.0055045
452,2399.65,2.93503,0.60989,0.55713,0.77851,0.57688,0.6677,0.35742,3.03043,0.61972,0.54901,0.00549451,0.00549451,0.00549451
453,2403.42,3.06349,0.63051,0.55283,0.78606,0.57002,0.66271,0.34557,3.13225,0.63601,0.54862,0.00548452,0.00548452,0.00548452
454,2407.8,2.99963,0.63646,0.56721,0.77655,0.57276,0.66099,0.34797,3.10703,0.63656,0.54814,0.00547453,0.00547453,0.00547453
455,2411.76,2.74374,0.61406,0.56624,0.77666,0.58052,0.67039,0.35551,3.09403,0.63198,0.54938,0.00546454,0.00546454,0.00546454
456,2433.32,2.82795,0.6288,0.57303,0.77887,0.57853,0.67139,0.35495,3.10374,0.63065,0.54968,0.00545455,0.00545455,0.00545455
457,2436.41,3.02483,0.63619,0.56452,0.78044,0.57592,0.6699,0.35535,3.05924,0.62511,0.54837,0.00544456,0.00544456,0.00544456
458,2440.55,2.93381,0.62506,0.56575,0.769,0.56755,0.66039,0.3479,3.0678,0.62743,0.54801,0.00543457,0.00543457,0.00543457
459,2444.46,2.76775,0.61082,0.57097,0.78017,0.55545,0.65512,0.34364,3.16068,0.64362,0.55123,0.00542458,0.00542458,0.00542458
460,2448.65,2.7768,0.62405,0.5688,0.76952,0.55643,0.65653,0.34516,3.13807,0.64122,0.55071,0.00541459,0.00541459,0.00541459
461,2453.15,3.05642,0.65226,0.56264,0.77052,0.5587,0.65416,0.34417,3.08064,0.63048,0.54845,0.0054046,0.0054046,0.0054046
462,2456.89,2.89019,0.59801,0.55761,0.75288,0.57111,0.65699,0.3432,3.09773,0.62795,0.54728,0.00539461,0.00539461,0.00539461
463,2460.93,3.37563,0.69511,0.56704,0.76567,0.5707,0.66473,0.35237,3.10379,0.6318,0.54881,0.00538462,0.00538462,0.00538462
464,2464.76,2.66434,0.61069,0.56663,0.7701,0.57393,0.66813,0.35163,3.1008,0.63025,0.54855,0.00537463,0.00537463,0.00537463
465,2468.2,3.17664,0.6525,0.55164,0.77896,0.57647,0.66901,0.35159,3.06568,0.62363,0.547,0.00536464,0.00536464,0.00536464
466,2472.22,2.69277,0.59842,0.56423,0.77216,0.58004,0.6707,0.35468,3.04168,0.61885,0.54665,0.00535465,0.00535465,0.00535465
467,2476.05,2.74353,0.59613,0.56131,0.7746,0.57716,0.6706,0.35045,3.09387,0.62593,0.54741,0.00534466,0.00534466,0.00534466
468,2479.2,3.29478,0.67213,0.5484,0.78164,0.56741,0.66308,0.35223,3.0207,0.6203,0.54759,0.00533467,0.00533467,0.00533467
469,2483.37,2.89196,0.62665,0.58201,0.78564,0.56507,0.66287,0.34832,3.0671,0.62422,0.54841,0.00532468,0.00532468,0.00532468
470,2487.39,2.8892,0.61971,0.56179,0.7892,0.57102,0.66916,0.3549,3.01553,0.62031,0.54837,0.00531469,0.00531469,0.00531469
471,2491.11,2.95897,0.62031,0.5601,0.77702,0.57317,0.66457,0.34266,3.11555,0.62555,0.54732,0.0053047,0.0053047,0.0053047
472,2495.14,3.36033,0.66802,0.55229,0.78276,0.57208,0.66442,0.34521,3.09696,0.6214,0.54757,0.00529471,0.00529471,0.00529471
473,2499.34,2.81661,0.6002,0.57483,0.78144,0.57647,0.6699,0.35634,3.0327,0.61869,0.54859,0.00528472,0.00528472,0.00528472
474,2502.77,2.4974,0.58106,0.56257,0.78076,0.57716,0.67573,0.35981,3.03442,0.62335,0.54844,0.00527473,0.00527473,0.00527473
475,2507.04,2.67873,0.60658,0.5754,0.78384,0.58072,0.6794,0.3608,3.04027,0.62136,0.54729,0.00526474,0.00526474,0.00526474
476,2510.85,3.59947,0.70509,0.55277,0.79475,0.57412,0.67807,0.35693,3.06014,0.61814,0.54724,0.00525475,0.00525475,0.00525475
477,2535.06,3.86787,0.74233,0.54604,0.79357,0.56768,0.67516,0.36109,3.02777,0.62266,0.54832,0.00524476,0.00524476,0.00524476
478,2539,3.3204,0.66539,0.55851,0.78671,0.56663,0.66861,0.3512,3.08176,0.62956,0.54937,0.00523477,0.00523477,0.00523477
479,2543.33,2.76251,0.59642,0.56069,0.78197,0.57166,0.6724,0.3531,3.07656,0.61968,0.54795,0.00522478,0.00522478,0.00522478
480,2547.3,3.02741,0.65249,0.56735,0.77277,0.57414,0.67084,0.34825,3.11931,0.62619,0.54788,0.00521479,0.00521479,0.00521479
481,2566.66,2.83741,0.64065,0.59291,0.77625,0.57935,0.67291,0.3553,3.02976,0.61564,0.54818,0.0052048,0.0052048,0.0052048
482,2570.64,2.82092,0.61896,0.58054,0.78226,0.57359,0.67111,0.35506,3.03171,0.61683,0.54828,0.00519481,0.00519481,0.00519481
483,2574.68,2.70059,0.6092,0.5644,0.77959,0.57686,0.67278,0.35103,3.08428,0.61905,0.54766,0.00518482,0.00518482,0.00518482
484,2600.61,2.86164,0.59498,0.54979,0.77802,0.57276,0.67601,0.35037,3.14997,0.63449,0.5482,0.00517483,0.00517483,0.00517483
485,2604.68,3.08106,0.63677,0.55906,0.78435,0.5777,0.68174,0.36451,2.99807,0.62092,0.5471,0.00516484,0.00516484,0.00516484
486,2608.74,2.32784,0.55164,0.56609,0.78892,0.57798,0.67953,0.3644,2.98747,0.60953,0.54677,0.00515485,0.00515485,0.00515485
487,2613.16,3.04616,0.64816,0.55808,0.78086,0.57606,0.67679,0.35836,3.08589,0.61893,0.5481,0.00514486,0.00514486,0.00514486
488,2616.67,2.6344,0.57857,0.56396,0.78802,0.57153,0.67462,0.35724,3.07979,0.61518,0.5479,0.00513487,0.00513487,0.00513487
489,2620.51,2.55504,0.56919,0.56033,0.78061,0.58004,0.6754,0.3618,2.99839,0.60937,0.54605,0.00512488,0.00512488,0.00512488
490,2642.04,2.94366,0.66118,0.5839,0.78163,0.57592,0.67312,0.36186,2.98813,0.61025,0.54607,0.00511489,0.00511489,0.00511489
491,2663.41,2.66212,0.56998,0.55362,0.78203,0.57359,0.67397,0.36122,3.0332,0.61941,0.54773,0.0051049,0.0051049,0.0051049
492,2667.4,2.72386,0.576,0.55056,0.77931,0.57691,0.68044,0.36397,3.04928,0.63085,0.54829,0.00509491,0.00509491,0.00509491
493,2671.63,2.84045,0.6441,0.57521,0.77257,0.58059,0.67571,0.36518,2.99829,0.61715,0.5462,0.00508492,0.00508492,0.00508492
494,2695.99,2.44063,0.57186,0.57333,0.77143,0.57733,0.67275,0.35855,3.06425,0.62342,0.54677,0.00507493,0.00507493,0.00507493
495,2700.38,3.2267,0.67398,0.56033,0.77566,0.57825,0.67884,0.36346,3.06328,0.62816,0.54852,0.00506494,0.00506494,0.00506494
496,2704.44,2.70018,0.59408,0.5661,0.77676,0.57847,0.67757,0.36281,3.07357,0.62393,0.54769,0.00505495,0.00505495,0.00505495
497,2727.58,2.84629,0.60406,0.56184,0.77947,0.57452,0.67181,0.35284,3.10587,0.63492,0.54622,0.00504496,0.00504496,0.00504496
498,2731.14,2.97038,0.62029,0.55643,0.77122,0.58915,0.67703,0.36354,3.01217,0.61627,0.54576,0.00503497,0.00503497,0.00503497
499,2734.46,2.79244,0.60871,0.55771,0.77333,0.58362,0.67581,0.3592,3.06495,0.62064,0.54761,0.00502498,0.00502498,0.00502498
500,2738.28,2.93853,0.63242,0.56167,0.77534,0.57949,0.67448,0.35869,3.07743,0.62322,0.54819,0.00501499,0.00501499,0.00501499
501,2742.48,2.70402,0.58825,0.56403,0.78346,0.58414,0.67883,0.3605,3.02811,0.61677,0.5469,0.005005,0.005005,0.005005
502,2746.65,2.49607,0.5874,0.57544,0.79183,0.58541,0.68441,0.36859,2.98756,0.61532,0.54655,0.00499501,0.00499501,0.00499501
503,2751.22,2.68461,0.5985,0.56314,0.78568,0.58814,0.68487,0.36744,3.03558,0.62067,0.54794,0.00498502,0.00498502,0.00498502
504,2754.98,2.59177,0.58699,0.55209,0.78194,0.5891,0.6841,0.36442,3.04931,0.61938,0.54728,0.00497503,0.00497503,0.00497503
505,2758.23,3.06597,0.64244,0.55583,0.78567,0.58855,0.68325,0.36795,2.98891,0.60898,0.54537,0.00496504,0.00496504,0.00496504
506,2762.18,3.08716,0.65951,0.56048,0.78341,0.58496,0.68271,0.36649,2.99819,0.60751,0.54487,0.00495505,0.00495505,0.00495505
507,2766.24,2.85107,0.60472,0.56433,0.78341,0.58497,0.68694,0.37114,2.98531,0.61808,0.54599,0.00494506,0.00494506,0.00494506
508,2770.02,2.35483,0.54377,0.56185,0.77391,0.57908,0.68216,0.36509,3.02153,0.62834,0.54724,0.00493507,0.00493507,0.00493507
509,2773.69,3.61496,0.73043,0.54058,0.77766,0.58141,0.68234,0.36219,3.06419,0.62214,0.54708,0.00492508,0.00492508,0.00492508
510,2777.46,2.81023,0.59681,0.55026,0.77862,0.57949,0.68019,0.35566,3.13246,0.62373,0.54826,0.00491509,0.00491509,0.00491509
511,2781.28,3.15321,0.67574,0.55497,0.78489,0.58127,0.68282,0.36461,3.01364,0.60837,0.54783,0.0049051,0.0049051,0.0049051
512,2785.66,2.71285,0.61714,0.58778,0.78778,0.58196,0.68066,0.36395,3.00738,0.60981,0.54658,0.00489511,0.00489511,0.00489511
513,2789.09,3.13507,0.6398,0.55326,0.7789,0.58328,0.67899,0.35344,3.17071,0.63165,0.54863,0.00488512,0.00488512,0.00488512
514,2792.96,2.82715,0.61234,0.56195,0.78323,0.58512,0.68063,0.35654,3.10704,0.62306,0.5485,0.00487513,0.00487513,0.00487513
515,2796.04,2.65691,0.56408,0.55234,0.78708,0.58566,0.68263,0.36376,3.01643,0.61259,0.54786,0.00486514,0.00486514,0.00486514
516,2800.16,3.34289,0.6953,0.55747,0.78488,0.57702,0.68145,0.36501,3.03111,0.617,0.54824,0.00485515,0.00485515,0.00485515
517,2803.84,2.74481,0.58804,0.54909,0.78938,0.5809,0.6829,0.36704,3.00277,0.61175,0.54665,0.00484516,0.00484516,0.00484516
518,2807.75,2.90385,0.63373,0.56305,0.78693,0.57894,0.68163,0.36778,2.98462,0.60697,0.54658,0.00483517,0.00483517,0.00483517
519,2811.52,2.84944,0.59775,0.56414,0.77793,0.5771,0.67805,0.36344,3.00066,0.60899,0.54774,0.00482518,0.00482518,0.00482518
520,2815.64,3.02084,0.62141,0.55236,0.78503,0.57054,0.67626,0.36624,2.96694,0.60334,0.54761,0.00481519,0.00481519,0.00481519
521,2819.6,2.59046,0.58489,0.58898,0.79122,0.57439,0.67759,0.36115,3.03106,0.61391,0.54632,0.0048052,0.0048052,0.0048052
522,2823.52,2.7636,0.59382,0.55424,0.79365,0.56973,0.67365,0.35437,3.0857,0.62359,0.54655,0.00479521,0.00479521,0.00479521
523,2827.54,3.26666,0.65614,0.54563,0.7924,0.57119,0.67564,0.3651,2.95486,0.60831,0.5461,0.00478522,0.00478522,0.00478522
524,2831.86,2.70422,0.58904,0.57389,0.78571,0.57482,0.67713,0.36343,2.95148,0.60725,0.54684,0.00477523,0.00477523,0.00477523
525,2836.12,2.79675,0.60781,0.5623,0.78886,0.57043,0.67153,0.36046,2.98828,0.60888,0.54614,0.00476524,0.00476524,0.00476524
526,2840.15,2.70988,0.59243,0.57057,0.79404,0.57003,0.67179,0.36135,2.95868,0.60846,0.54567,0.00475525,0.00475525,0.00475525
527,2843.9,2.84304,0.59713,0.5555,0.7903,0.57226,0.67475,0.36733,2.91413,0.60139,0.54576,0.00474526,0.00474526,0.00474526
528,2847.6,3.70838,0.71699,0.54565,0.78977,0.57867,0.67945,0.36916,2.93542,0.60868,0.54629,0.00473527,0.00473527,0.00473527
529,2851.58,2.3894,0.54289,0.56196,0.78387,0.57317,0.6679,0.3587,3.02719,0.62205,0.54639,0.00472528,0.00472528,0.00472528
530,2855.96,2.79899,0.59505,0.56268,0.78503,0.57551,0.67692,0.36996,2.93392,0.60104,0.54484,0.00471529,0.00471529,0.00471529
531,2859.87,2.45088,0.57171,0.56305,0.79273,0.57468,0.68249,0.3734,2.91702,0.60094,0.54553,0.0047053,0.0047053,0.0047053
532,2864.24,2.46537,0.58012,0.58004,0.79893,0.5751,0.68318,0.37621,2.89761,0.60196,0.54541,0.00469531,0.00469531,0.00469531
533,2868.21,2.47713,0.55965,0.5588,0.79444,0.57125,0.6801,0.37083,2.9636,0.6086,0.5456,0.00468532,0.00468532,0.00468532
534,2871.86,2.53539,0.55718,0.55151,0.79269,0.57325,0.6816,0.37146,2.95904,0.60625,0.54566,0.00467533,0.00467533,0.00467533
535,2875.71,2.533,0.55814,0.5563,0.79293,0.57111,0.67919,0.37061,2.91484,0.60503,0.54566,0.00466534,0.00466534,0.00466534
536,2879.66,2.94081,0.63469,0.56124,0.79654,0.5718,0.67584,0.36786,2.9302,0.60188,0.54536,0.00465535,0.00465535,0.00465535
537,2883.83,2.77056,0.60043,0.56941,0.80014,0.56713,0.67216,0.36323,2.98784,0.60427,0.54571,0.00464536,0.00464536,0.00464536
538,2887.28,3.00143,0.60526,0.54595,0.79497,0.57011,0.67462,0.366,2.96641,0.606,0.54598,0.00463537,0.00463537,0.00463537
539,2890.49,2.85105,0.60153,0.54814,0.79452,0.57332,0.67865,0.36413,2.99847,0.6123,0.54615,0.00462538,0.00462538,0.00462538
540,2894.1,2.42756,0.56006,0.55524,0.78667,0.58018,0.68269,0.37054,2.95245,0.6035,0.5459,0.00461539,0.00461539,0.00461539
541,2897.96,2.56167,0.56547,0.56061,0.78613,0.58184,0.68047,0.37259,2.92832,0.60003,0.54457,0.0046054,0.0046054,0.0046054
542,2927.77,3.3624,0.66377,0.54675,0.78835,0.58649,0.68203,0.37102,2.92387,0.59955,0.54443,0.00459541,0.00459541,0.00459541
543,2931.64,3.06482,0.60112,0.54514,0.78644,0.58869,0.68202,0.371,2.94909,0.60188,0.54545,0.00458542,0.00458542,0.00458542
544,2935.61,2.92765,0.6161,0.56577,0.7918,0.58882,0.68559,0.37056,2.95013,0.60237,0.54554,0.00457543,0.00457543,0.00457543
545,2939.48,2.53274,0.56659,0.56289,0.78912,0.58462,0.68057,0.37211,2.89351,0.59713,0.54382,0.00456544,0.00456544,0.00456544
546,2943.88,2.71826,0.58879,0.56948,0.79909,0.58018,0.68046,0.37068,2.90105,0.59992,0.54428,0.00455545,0.00455545,0.00455545
547,2947.92,2.57238,0.58351,0.55906,0.79032,0.58196,0.68247,0.37096,2.93654,0.59802,0.54579,0.00454546,0.00454546,0.00454546
548,2951.49,2.8817,0.59293,0.54383,0.79363,0.58347,0.68611,0.37383,2.92927,0.59954,0.54474,0.00453547,0.00453547,0.00453547
549,2955.63,3.27061,0.65146,0.54411,0.79618,0.584,0.68428,0.37778,2.86943,0.59197,0.54307,0.00452548,0.00452548,0.00452548
550,2959.38,3.31149,0.67686,0.53682,0.79546,0.59006,0.68808,0.37831,2.87411,0.5917,0.54321,0.00451549,0.00451549,0.00451549
551,2978.5,2.43935,0.54291,0.55072,0.79344,0.58958,0.68842,0.37934,2.87797,0.59253,0.54378,0.0045055,0.0045055,0.0045055
552,2983.62,2.56913,0.5621,0.56952,0.79151,0.59051,0.6895,0.37734,2.90015,0.59429,0.5447,0.00449551,0.00449551,0.00449551
553,2987.75,3.23485,0.6643,0.56578,0.7917,0.58963,0.68681,0.36957,2.96159,0.60306,0.54528,0.00448552,0.00448552,0.00448552
554,2991.27,3.12644,0.63061,0.54382,0.79923,0.59006,0.6896,0.3724,2.93461,0.60503,0.54465,0.00447553,0.00447553,0.00447553
555,2995.03,2.55029,0.55236,0.54535,0.79511,0.58718,0.68695,0.37443,2.90762,0.60245,0.54433,0.00446554,0.00446554,0.00446554
556,2998.8,2.59837,0.5569,0.54605,0.79371,0.58471,0.6882,0.37864,2.87125,0.59184,0.54392,0.00445555,0.00445555,0.00445555
557,3002.17,2.66387,0.56956,0.54936,0.79283,0.59116,0.69123,0.37541,2.95815,0.60286,0.54489,0.00444556,0.00444556,0.00444556
558,3006.46,2.3606,0.55726,0.57148,0.78968,0.59434,0.69134,0.37655,2.92442,0.59944,0.54438,0.00443557,0.00443557,0.00443557
559,3010.31,3.10056,0.6358,0.54902,0.79375,0.59016,0.69075,0.3792,2.86948,0.59265,0.54398,0.00442558,0.00442558,0.00442558
560,3014.24,2.88036,0.6088,0.56145,0.79396,0.58869,0.68924,0.3774,2.8976,0.59228,0.54397,0.00441559,0.00441559,0.00441559
561,3018.3,2.55045,0.56991,0.56281,0.79098,0.58182,0.68504,0.36933,2.97791,0.60503,0.54474,0.0044056,0.0044056,0.0044056
562,3022.03,2.97437,0.62454,0.56336,0.7918,0.58594,0.68917,0.37565,2.93309,0.60054,0.54421,0.00439561,0.00439561,0.00439561
563,3025.96,2.39605,0.56022,0.56338,0.78907,0.58869,0.69104,0.38175,2.89455,0.59502,0.54474,0.00438562,0.00438562,0.00438562
564,3029.18,3.40046,0.68936,0.55142,0.79296,0.58734,0.69024,0.38249,2.882,0.58933,0.54431,0.00437563,0.00437563,0.00437563
565,3033.69,3.08447,0.64297,0.56212,0.79486,0.58515,0.68743,0.37851,2.8994,0.59041,0.54363,0.00436564,0.00436564,0.00436564
566,3037.1,3.0759,0.60248,0.54964,0.79386,0.58333,0.6871,0.37815,2.90587,0.59131,0.54376,0.00435565,0.00435565,0.00435565
567,3041.14,2.33451,0.55881,0.56606,0.7959,0.58251,0.68957,0.3852,2.84786,0.58691,0.54387,0.00434566,0.00434566,0.00434566
568,3045.15,2.53462,0.57712,0.56536,0.78896,0.58713,0.69103,0.38489,2.84402,0.58443,0.54417,0.00433567,0.00433567,0.00433567
569,3048.56,2.93271,0.61014,0.54036,0.79112,0.58758,0.68926,0.38237,2.87263,0.58801,0.54378,0.00432568,0.00432568,0.00432568
570,3052.06,2.74176,0.59527,0.55869,0.78998,0.59077,0.69243,0.38413,2.87267,0.58957,0.54442,0.00431569,0.00431569,0.00431569
571,3055.78,3.10608,0.65391,0.53955,0.78383,0.59061,0.69585,0.3862,2.88914,0.59483,0.54561,0.0043057,0.0043057,0.0043057
572,3060.04,2.59224,0.55983,0.55353,0.7845,0.58675,0.69162,0.38278,2.90183,0.59807,0.54576,0.00429571,0.00429571,0.00429571
573,3063.96,2.12062,0.52191,0.56307,0.7881,0.5821,0.69164,0.38631,2.85633,0.60105,0.54533,0.00428572,0.00428572,0.00428572
574,3068.33,2.60752,0.5775,0.56909,0.78893,0.59143,0.69366,0.38535,2.83354,0.5871,0.5446,0.00427573,0.00427573,0.00427573
575,3072.51,2.63097,0.57842,0.56612,0.79024,0.59067,0.69129,0.38142,2.8722,0.59208,0.54465,0.00426574,0.00426574,0.00426574
576,3076.52,2.60353,0.56143,0.55258,0.78652,0.58571,0.68755,0.37878,2.87949,0.59174,0.54454,0.00425575,0.00425575,0.00425575
577,3080.28,2.37695,0.53897,0.55504,0.79092,0.58979,0.68897,0.38158,2.84647,0.58638,0.54379,0.00424576,0.00424576,0.00424576
578,3084.5,2.50908,0.56121,0.55524,0.78836,0.58539,0.68527,0.38094,2.86637,0.58629,0.5436,0.00423577,0.00423577,0.00423577
579,3088.02,3.29573,0.66466,0.54286,0.78634,0.58416,0.68142,0.37301,2.92636,0.59143,0.54411,0.00422578,0.00422578,0.00422578
580,3091.68,3.10452,0.6619,0.55148,0.78752,0.58677,0.68322,0.37828,2.87679,0.58548,0.54415,0.00421579,0.00421579,0.00421579
581,3095.37,2.80472,0.60119,0.55834,0.79329,0.58841,0.6888,0.38249,2.84762,0.57735,0.54408,0.0042058,0.0042058,0.0042058
582,3099.42,2.46427,0.54427,0.55274,0.79884,0.58171,0.68371,0.3758,2.95615,0.59708,0.54476,0.00419581,0.00419581,0.00419581
583,3102.68,2.89638,0.60219,0.55015,0.79705,0.58773,0.68487,0.37531,2.91328,0.59135,0.54359,0.00418582,0.00418582,0.00418582
584,3129.27,2.9748,0.62981,0.55368,0.79893,0.59186,0.68901,0.37641,2.92292,0.59631,0.54334,0.00417583,0.00417583,0.00417583
585,3133.43,2.64877,0.57347,0.559,0.7964,0.5961,0.69444,0.37963,2.9192,0.59558,0.54427,0.00416584,0.00416584,0.00416584
586,3137.13,2.44807,0.54207,0.55533,0.79589,0.59152,0.69695,0.38036,2.92465,0.60106,0.54447,0.00415585,0.00415585,0.00415585
587,3141.04,2.66438,0.60645,0.56797,0.79762,0.5961,0.69799,0.38377,2.89358,0.59665,0.5433,0.00414586,0.00414586,0.00414586
588,3162.83,2.62193,0.55146,0.54829,0.79842,0.58677,0.69459,0.38512,2.8561,0.58792,0.54372,0.00413587,0.00413587,0.00413587
589,3167.37,2.63409,0.57221,0.55399,0.79718,0.58388,0.69324,0.38474,2.87739,0.59306,0.54494,0.00412588,0.00412588,0.00412588
590,3171.25,3.12603,0.63679,0.54479,0.78782,0.58224,0.68881,0.38177,2.88168,0.59281,0.54519,0.00411589,0.00411589,0.00411589
591,3175.64,2.51717,0.5588,0.54829,0.79099,0.5821,0.68731,0.38368,2.84445,0.58149,0.54377,0.0041059,0.0041059,0.0041059
592,3179.38,3.06537,0.62734,0.55448,0.7871,0.58484,0.68589,0.37969,2.85366,0.58077,0.54425,0.00409591,0.00409591,0.00409591
593,3183.63,2.77292,0.61045,0.56287,0.78694,0.58388,0.68802,0.37655,2.92688,0.59087,0.54612,0.00408592,0.00408592,0.00408592
594,3187.67,2.61353,0.56697,0.5513,0.78893,0.58704,0.68776,0.37832,2.90733,0.58865,0.54524,0.00407593,0.00407593,0.00407593
595,3191.82,2.47705,0.5626,0.56694,0.78961,0.58979,0.68721,0.38294,2.83876,0.5802,0.54388,0.00406594,0.00406594,0.00406594
596,3196.05,2.31756,0.53382,0.56591,0.78818,0.58979,0.68805,0.38246,2.86373,0.58732,0.54367,0.00405595,0.00405595,0.00405595
597,3199.62,2.36638,0.53349,0.54558,0.79104,0.588,0.68867,0.38018,2.91197,0.58926,0.54406,0.00404596,0.00404596,0.00404596
598,3203.54,2.74444,0.59198,0.55058,0.7927,0.59088,0.68754,0.38072,2.85635,0.58266,0.5439,0.00403597,0.00403597,0.00403597
599,3207.5,2.94645,0.64837,0.55895,0.78665,0.58677,0.68134,0.37666,2.87964,0.58963,0.5434,0.00402598,0.00402598,0.00402598
600,3212.11,2.55907,0.57482,0.55427,0.78937,0.58594,0.67974,0.36825,2.92577,0.58824,0.54325,0.00401599,0.00401599,0.00401599
601,3216.15,2.29143,0.55848,0.57759,0.79577,0.58467,0.68462,0.37387,2.9043,0.58839,0.54395,0.004006,0.004006,0.004006
602,3220.15,2.82302,0.59054,0.54975,0.79808,0.58496,0.68693,0.37383,2.93358,0.60151,0.54472,0.00399601,0.00399601,0.00399601
603,3223.81,2.41876,0.55851,0.56118,0.79907,0.5782,0.68347,0.37199,2.90958,0.5907,0.54388,0.00398602,0.00398602,0.00398602
604,3227.78,2.60327,0.56476,0.54426,0.79219,0.57881,0.68387,0.37366,2.91204,0.59353,0.54378,0.00397603,0.00397603,0.00397603
605,3231.46,3.19429,0.65561,0.55105,0.79068,0.57925,0.68434,0.37764,2.87341,0.59121,0.5441,0.00396604,0.00396604,0.00396604
606,3235.46,2.87516,0.61734,0.56361,0.79006,0.58471,0.68416,0.37821,2.86465,0.58393,0.5439,0.00395605,0.00395605,0.00395605
607,3238.75,2.65669,0.5559,0.54338,0.79599,0.58429,0.68619,0.37877,2.85097,0.5807,0.54309,0.00394606,0.00394606,0.00394606
608,3242.6,2.86609,0.59129,0.55181,0.79537,0.58814,0.68865,0.37955,2.86538,0.58372,0.54276,0.00393607,0.00393607,0.00393607
609,3246.71,2.49332,0.59377,0.57728,0.79533,0.5911,0.69144,0.38196,2.86595,0.58395,0.54258,0.00392608,0.00392608,0.00392608
610,3250.61,2.70691,0.57677,0.55693,0.79661,0.58992,0.69506,0.37975,2.90478,0.59413,0.54333,0.00391609,0.00391609,0.00391609
611,3254.43,2.49965,0.56029,0.55453,0.7983,0.58902,0.6939,0.38581,2.81852,0.58149,0.54202,0.0039061,0.0039061,0.0039061
612,3258.71,2.58575,0.56514,0.55951,0.80202,0.58855,0.6939,0.3859,2.83672,0.5855,0.54236,0.00389611,0.00389611,0.00389611
613,3261.91,2.72287,0.57965,0.54052,0.79965,0.58629,0.69596,0.38401,2.88063,0.58797,0.54326,0.00388612,0.00388612,0.00388612
614,3265.48,2.62815,0.56306,0.54698,0.7981,0.58284,0.69418,0.38694,2.83598,0.58272,0.54283,0.00387613,0.00387613,0.00387613
615,3269.78,2.41802,0.54912,0.56665,0.79749,0.58823,0.69508,0.38891,2.80989,0.57968,0.5424,0.00386614,0.00386614,0.00386614
616,3273.42,2.77594,0.59304,0.55477,0.79747,0.58924,0.69169,0.38831,2.80611,0.5748,0.54196,0.00385615,0.00385615,0.00385615
617,3277.24,2.53399,0.56388,0.56003,0.79457,0.58889,0.69148,0.38501,2.82995,0.57963,0.54245,0.00384616,0.00384616,0.00384616
618,3281.44,2.60049,0.5664,0.55926,0.79133,0.58882,0.6889,0.38487,2.82741,0.57682,0.54258,0.00383617,0.00383617,0.00383617
619,3285.07,2.61781,0.56028,0.54335,0.79192,0.59267,0.68871,0.38521,2.80011,0.57408,0.54207,0.00382618,0.00382618,0.00382618
620,3309.35,2.54608,0.57285,0.56857,0.79263,0.59267,0.68729,0.3848,2.79625,0.5753,0.54193,0.00381619,0.00381619,0.00381619
621,3333.5,2.50149,0.54734,0.55503,0.78874,0.58951,0.68695,0.38262,2.82383,0.57577,0.54296,0.0038062,0.0038062,0.0038062
622,3337.7,2.65688,0.60021,0.55264,0.79759,0.58731,0.68701,0.3822,2.82841,0.57695,0.54268,0.00379621,0.00379621,0.00379621
623,3341.16,3.04304,0.63245,0.54651,0.79493,0.58786,0.68371,0.38071,2.79558,0.57863,0.54156,0.00378622,0.00378622,0.00378622
624,3344.96,2.85612,0.58494,0.54418,0.7981,0.58306,0.6806,0.37906,2.79073,0.57947,0.54131,0.00377623,0.00377623,0.00377623
625,3348.99,2.27944,0.55418,0.56932,0.79593,0.58594,0.6843,0.38192,2.80557,0.57947,0.5424,0.00376624,0.00376624,0.00376624
626,3352.23,2.82752,0.58486,0.55152,0.79664,0.58459,0.68596,0.37986,2.86474,0.58823,0.54352,0.00375625,0.00375625,0.00375625
627,3356.06,2.72879,0.58498,0.55516,0.80195,0.5837,0.68587,0.38227,2.81248,0.57763,0.54268,0.00374626,0.00374626,0.00374626
628,3360.03,2.44283,0.54464,0.55309,0.79263,0.58677,0.68678,0.38019,2.88311,0.58946,0.54387,0.00373627,0.00373627,0.00373627
629,3363.81,2.70859,0.58069,0.54441,0.79307,0.58429,0.68538,0.37882,2.8875,0.58916,0.54309,0.00372628,0.00372628,0.00372628
630,3367.69,2.70468,0.61241,0.56864,0.79031,0.59061,0.68892,0.38101,2.84459,0.57706,0.54283,0.00371629,0.00371629,0.00371629
631,3371.74,2.6267,0.57721,0.56025,0.79029,0.59088,0.68804,0.37931,2.87244,0.57877,0.54379,0.0037063,0.0037063,0.0037063
632,3376.04,2.43603,0.53489,0.54776,0.7967,0.58759,0.68841,0.3821,2.85721,0.57959,0.54369,0.00369631,0.00369631,0.00369631
633,3379.48,2.99777,0.61812,0.54014,0.802,0.59185,0.69153,0.38329,2.84252,0.57544,0.54267,0.00368632,0.00368632,0.00368632
634,3383.25,2.37405,0.53642,0.54742,0.79855,0.59432,0.69336,0.38374,2.84025,0.57446,0.54258,0.00367633,0.00367633,0.00367633
635,3408.17,2.77216,0.59109,0.55695,0.79636,0.59267,0.69313,0.38444,2.85878,0.57757,0.5431,0.00366634,0.00366634,0.00366634
636,3412.34,2.86768,0.58822,0.54215,0.80983,0.59116,0.69515,0.38617,2.81735,0.57204,0.54245,0.00365635,0.00365635,0.00365635
637,3416.01,3.0669,0.614,0.54449,0.80581,0.59665,0.69763,0.38705,2.81334,0.5744,0.54188,0.00364636,0.00364636,0.00364636
638,3420,2.422,0.55434,0.56178,0.80351,0.59677,0.70114,0.39044,2.79657,0.57443,0.5421,0.00363637,0.00363637,0.00363637
639,3424.29,2.81192,0.60633,0.55578,0.79956,0.5994,0.70294,0.39191,2.84171,0.57778,0.54248,0.00362638,0.00362638,0.00362638
640,3427.98,3.10444,0.63121,0.54292,0.7925,0.59967,0.70402,0.38885,2.87015,0.58517,0.54318,0.00361639,0.00361639,0.00361639
641,3431.56,2.16537,0.52289,0.55929,0.79694,0.60406,0.70757,0.39393,2.82214,0.57891,0.54221,0.0036064,0.0036064,0.0036064
642,3435.98,2.96108,0.61943,0.54733,0.79416,0.59958,0.70113,0.38957,2.83967,0.57983,0.54189,0.00359641,0.00359641,0.00359641
643,3439.76,2.72557,0.58684,0.55658,0.79435,0.59869,0.70285,0.38944,2.85965,0.57884,0.54315,0.00358642,0.00358642,0.00358642
644,3443.66,3.28935,0.66953,0.54488,0.7932,0.59609,0.70376,0.39135,2.83191,0.57854,0.54301,0.00357643,0.00357643,0.00357643
645,3447.57,2.58445,0.57437,0.54619,0.79254,0.59473,0.70339,0.3937,2.8022,0.57418,0.5426,0.00356644,0.00356644,0.00356644
646,3451.24,2.6353,0.55689,0.53782,0.79379,0.59487,0.70305,0.39535,2.77317,0.56885,0.54228,0.00355645,0.00355645,0.00355645
647,3455.12,2.82783,0.56468,0.54469,0.79174,0.59075,0.70203,0.3904,2.84167,0.57852,0.54322,0.00354646,0.00354646,0.00354646
648,3459.15,2.55299,0.56588,0.54568,0.79188,0.59583,0.70301,0.39467,2.81571,0.57483,0.54191,0.00353647,0.00353647,0.00353647
649,3462.84,2.44879,0.545,0.55582,0.79231,0.59487,0.70361,0.39418,2.81173,0.57532,0.54166,0.00352648,0.00352648,0.00352648
650,3466.85,2.37948,0.53696,0.55305,0.78735,0.59487,0.70002,0.38929,2.84064,0.57904,0.54225,0.00351649,0.00351649,0.00351649
651,3470.91,2.39264,0.54779,0.55764,0.78828,0.59569,0.69749,0.38892,2.82324,0.57417,0.54189,0.0035065,0.0035065,0.0035065
652,3499.89,2.53236,0.53343,0.5455,0.79443,0.59102,0.69355,0.38424,2.85355,0.57465,0.54188,0.00349651,0.00349651,0.00349651
653,3503.72,2.68066,0.57681,0.56413,0.79586,0.58759,0.69248,0.38744,2.79638,0.57017,0.54138,0.00348652,0.00348652,0.00348652
654,3507.62,2.20493,0.5206,0.55826,0.79498,0.58609,0.68878,0.38628,2.80666,0.57423,0.54136,0.00347653,0.00347653,0.00347653
655,3511.54,2.28422,0.52959,0.55693,0.7942,0.58828,0.68873,0.38293,2.85479,0.57995,0.5418,0.00346654,0.00346654,0.00346654
656,3515.58,3.26716,0.6707,0.53327,0.7914,0.5823,0.68495,0.37843,2.91636,0.58558,0.54241,0.00345655,0.00345655,0.00345655
657,3519.84,2.92393,0.62364,0.56557,0.79442,0.58729,0.68654,0.3835,2.81997,0.57371,0.54115,0.00344656,0.00344656,0.00344656
658,3523.83,2.1663,0.5202,0.56625,0.79349,0.58606,0.68739,0.38639,2.79883,0.57419,0.54115,0.00343657,0.00343657,0.00343657
659,3527.29,2.71356,0.57149,0.54657,0.79325,0.5852,0.68895,0.38178,2.88086,0.58314,0.54216,0.00342658,0.00342658,0.00342658
660,3531.62,2.37751,0.53598,0.5561,0.79169,0.5821,0.68761,0.38326,2.85657,0.58,0.54213,0.00341659,0.00341659,0.00341659
661,3535.87,2.23524,0.54122,0.5778,0.78843,0.58635,0.68867,0.38864,2.77011,0.56828,0.54133,0.0034066,0.0034066,0.0034066
662,3540.24,2.41076,0.55264,0.57541,0.78174,0.58429,0.68508,0.38401,2.81198,0.57525,0.54179,0.00339661,0.00339661,0.00339661
663,3544.33,2.21214,0.52403,0.55786,0.78336,0.58629,0.68482,0.37863,2.87388,0.57962,0.54223,0.00338662,0.00338662,0.00338662
664,3548.27,2.38278,0.54667,0.56581,0.78227,0.58845,0.68557,0.37812,2.86517,0.57926,0.54217,0.00337663,0.00337663,0.00337663
665,3552.25,2.53625,0.55009,0.5496,0.78172,0.59033,0.68622,0.38377,2.79522,0.57195,0.54155,0.00336664,0.00336664,0.00336664
666,3556.66,2.45681,0.54125,0.56013,0.78499,0.59253,0.68743,0.3841,2.79738,0.57162,0.54125,0.00335665,0.00335665,0.00335665
667,3560.55,2.38101,0.54359,0.56499,0.78909,0.59294,0.68812,0.37387,2.91687,0.58781,0.54167,0.00334666,0.00334666,0.00334666
668,3563.99,2.77779,0.56889,0.53928,0.78964,0.59522,0.69206,0.38021,2.8613,0.58087,0.54083,0.00333667,0.00333667,0.00333667
669,3567.77,2.68381,0.57032,0.55559,0.79118,0.59401,0.69455,0.38951,2.78615,0.57061,0.54091,0.00332668,0.00332668,0.00332668
670,3571.41,2.2697,0.51325,0.55008,0.79381,0.59583,0.69513,0.38979,2.78397,0.56863,0.54142,0.00331669,0.00331669,0.00331669
671,3575.32,2.39844,0.54559,0.5524,0.79237,0.59569,0.69514,0.39242,2.73792,0.56353,0.54054,0.0033067,0.0033067,0.0033067
672,3579.54,2.64525,0.5668,0.55299,0.79352,0.59253,0.69559,0.39173,2.76595,0.56941,0.5409,0.00329671,0.00329671,0.00329671
673,3583,2.58202,0.56054,0.54843,0.7961,0.59377,0.69852,0.3929,2.79876,0.57588,0.54165,0.00328672,0.00328672,0.00328672
674,3587.26,2.77072,0.59732,0.54871,0.79668,0.59418,0.69921,0.39228,2.77669,0.57406,0.54145,0.00327673,0.00327673,0.00327673
675,3590.26,2.68616,0.56548,0.538,0.79725,0.58965,0.69558,0.38884,2.79906,0.57801,0.54136,0.00326674,0.00326674,0.00326674
676,3594.15,3.13805,0.64891,0.54309,0.79375,0.59116,0.69614,0.38974,2.8009,0.57985,0.54107,0.00325675,0.00325675,0.00325675
677,3597.68,2.72233,0.56416,0.55495,0.7878,0.59377,0.69512,0.38965,2.8054,0.57889,0.5415,0.00324676,0.00324676,0.00324676
678,3601.6,2.49635,0.55672,0.56934,0.78875,0.59363,0.6922,0.38757,2.82035,0.58192,0.54154,0.00323677,0.00323677,0.00323677
679,3604.96,3.00072,0.59283,0.53553,0.78806,0.59569,0.69206,0.39108,2.76995,0.57177,0.5407,0.00322678,0.00322678,0.00322678
680,3609.18,2.4593,0.54624,0.55267,0.78998,0.59437,0.69619,0.39399,2.76213,0.56523,0.54006,0.00321679,0.00321679,0.00321679
681,3612.29,3.0353,0.59154,0.54533,0.79173,0.59341,0.69946,0.39864,2.74981,0.56477,0.54007,0.0032068,0.0032068,0.0032068
682,3616.44,2.40099,0.55088,0.57273,0.78664,0.59638,0.69895,0.39944,2.73141,0.56258,0.53976,0.00319681,0.00319681,0.00319681
683,3620.57,2.81553,0.56916,0.54454,0.78357,0.595,0.69722,0.39716,2.74076,0.5616,0.53988,0.00318682,0.00318682,0.00318682
684,3624.61,2.20029,0.51994,0.55508,0.78968,0.5933,0.69811,0.39601,2.77131,0.57061,0.54012,0.00317683,0.00317683,0.00317683
685,3649.19,2.64817,0.5873,0.56788,0.78411,0.59473,0.69735,0.3946,2.77453,0.5726,0.54009,0.00316684,0.00316684,0.00316684
686,3652.86,1.98424,0.4968,0.5482,0.78597,0.59185,0.69762,0.39033,2.81826,0.57349,0.5404,0.00315685,0.00315685,0.00315685
687,3656.82,2.5715,0.57074,0.5695,0.79522,0.59075,0.69963,0.39258,2.77933,0.56651,0.53986,0.00314686,0.00314686,0.00314686
688,3660.87,2.40491,0.52623,0.53891,0.79204,0.59528,0.70075,0.39838,2.73189,0.55942,0.53917,0.00313687,0.00313687,0.00313687
689,3664.82,2.99484,0.62595,0.54102,0.79437,0.59239,0.70029,0.39646,2.77832,0.56685,0.53975,0.00312688,0.00312688,0.00312688
690,3668.63,2.52263,0.53404,0.54787,0.79051,0.59212,0.69842,0.39575,2.76614,0.56751,0.53968,0.00311689,0.00311689,0.00311689
691,3672.18,2.34137,0.53365,0.54836,0.79132,0.59102,0.69639,0.39476,2.72722,0.56051,0.53924,0.0031069,0.0031069,0.0031069
692,3675.96,2.6639,0.56742,0.54715,0.78782,0.5902,0.69422,0.39106,2.7569,0.56188,0.53933,0.00309691,0.00309691,0.00309691
693,3679.68,2.91902,0.59011,0.54049,0.78617,0.58955,0.69409,0.39228,2.75658,0.56293,0.53957,0.00308692,0.00308692,0.00308692
694,3683.58,2.30474,0.51827,0.54833,0.7898,0.58896,0.69426,0.39443,2.74709,0.56257,0.5395,0.00307693,0.00307693,0.00307693
695,3686.67,2.81291,0.57656,0.53717,0.78729,0.59045,0.6936,0.39339,2.72273,0.55883,0.53914,0.00306694,0.00306694,0.00306694
696,3690.61,2.5126,0.57076,0.57698,0.7972,0.58402,0.69506,0.39528,2.71129,0.55816,0.53953,0.00305695,0.00305695,0.00305695
697,3694.65,2.36325,0.52982,0.551,0.79411,0.58457,0.69596,0.39359,2.72912,0.56113,0.53976,0.00304696,0.00304696,0.00304696
698,3698.81,2.72856,0.60275,0.55659,0.7958,0.59075,0.69758,0.39376,2.74369,0.5614,0.54008,0.00303697,0.00303697,0.00303697
699,3717.14,2.42491,0.5382,0.55321,0.79998,0.59212,0.69694,0.39147,2.74205,0.55993,0.53959,0.00302698,0.00302698,0.00302698
700,3721.07,2.55729,0.57458,0.56571,0.79994,0.59198,0.69588,0.38894,2.76301,0.56329,0.53986,0.00301699,0.00301699,0.00301699
701,3724.5,2.90569,0.59564,0.53966,0.78913,0.59544,0.69537,0.39181,2.75195,0.56014,0.53996,0.003007,0.003007,0.003007
702,3728.32,2.44541,0.55337,0.55466,0.7875,0.59731,0.69724,0.39391,2.73457,0.55895,0.53976,0.00299701,0.00299701,0.00299701
703,3732.6,2.38292,0.53199,0.54853,0.79186,0.59542,0.69597,0.39365,2.71536,0.55625,0.53934,0.00298702,0.00298702,0.00298702
704,3736.66,2.43398,0.55106,0.55204,0.79789,0.58992,0.69578,0.39229,2.73435,0.56447,0.53949,0.00297703,0.00297703,0.00297703
705,3740.05,2.85519,0.60343,0.55463,0.79713,0.58718,0.69456,0.38965,2.7746,0.56839,0.54012,0.00296704,0.00296704,0.00296704
706,3744.12,2.42048,0.55412,0.56633,0.79205,0.58814,0.69539,0.39137,2.77415,0.57104,0.54015,0.00295705,0.00295705,0.00295705
707,3748.12,2.34121,0.52539,0.56159,0.79199,0.58964,0.69418,0.39269,2.7423,0.5662,0.53953,0.00294706,0.00294706,0.00294706
708,3751.6,2.67652,0.55866,0.53403,0.79828,0.59001,0.69992,0.39719,2.74463,0.56729,0.53946,0.00293707,0.00293707,0.00293707
709,3754.95,2.97067,0.58236,0.52695,0.80033,0.58635,0.70126,0.39965,2.75476,0.57155,0.53976,0.00292708,0.00292708,0.00292708
710,3758.74,3.48563,0.66202,0.52822,0.79883,0.58718,0.70043,0.39769,2.78237,0.57198,0.54013,0.00291709,0.00291709,0.00291709
711,3761.81,3.35966,0.67405,0.54502,0.80025,0.59226,0.70115,0.40032,2.71871,0.56166,0.53934,0.0029071,0.0029071,0.0029071
712,3766.01,2.72953,0.57007,0.54636,0.79413,0.58994,0.69726,0.39786,2.71042,0.56216,0.5394,0.00289711,0.00289711,0.00289711
713,3770.18,3.10392,0.64145,0.52517,0.79618,0.58507,0.69393,0.39323,2.75559,0.5654,0.54043,0.00288712,0.00288712,0.00288712
714,3774.31,2.69514,0.55697,0.54106,0.79749,0.59037,0.69872,0.39485,2.77057,0.56621,0.54059,0.00287713,0.00287713,0.00287713
715,3778.36,2.47213,0.53325,0.54196,0.80236,0.58896,0.69922,0.39793,2.73542,0.5627,0.54002,0.00286714,0.00286714,0.00286714
716,3782.38,2.38437,0.52826,0.56089,0.8016,0.58608,0.69816,0.39864,2.72849,0.56435,0.54008,0.00285715,0.00285715,0.00285715
717,3786.22,2.21079,0.49102,0.54184,0.79892,0.58882,0.6981,0.39398,2.79572,0.57343,0.541,0.00284716,0.00284716,0.00284716
718,3789.78,2.46028,0.5433,0.54329,0.80144,0.5885,0.69862,0.39679,2.74889,0.56431,0.54044,0.00283717,0.00283717,0.00283717
719,3793.59,2.69758,0.5818,0.55322,0.80248,0.5918,0.70259,0.40263,2.69857,0.55936,0.53987,0.00282718,0.00282718,0.00282718
720,3797.38,2.66452,0.57555,0.55319,0.79992,0.59075,0.70176,0.4004,2.70583,0.56045,0.54005,0.00281719,0.00281719,0.00281719
721,3801.35,2.46985,0.53901,0.54883,0.79337,0.58882,0.69794,0.39752,2.70513,0.56068,0.53996,0.0028072,0.0028072,0.0028072
722,3805.58,2.80984,0.578,0.5446,0.79764,0.58992,0.69734,0.39821,2.70307,0.55455,0.53961,0.00279721,0.00279721,0.00279721
723,3809.58,2.24962,0.52152,0.55938,0.79675,0.58924,0.69546,0.39939,2.70355,0.55376,0.54002,0.00278722,0.00278722,0.00278722
724,3813.02,2.56193,0.54319,0.53761,0.79844,0.59322,0.697,0.40059,2.69145,0.55073,0.53945,0.00277723,0.00277723,0.00277723
725,3816.25,2.65004,0.57414,0.53634,0.79817,0.59505,0.69781,0.40042,2.6812,0.54971,0.53905,0.00276724,0.00276724,0.00276724
726,3819.46,2.93882,0.59218,0.53548,0.79717,0.59336,0.69962,0.4026,2.67918,0.55054,0.53866,0.00275725,0.00275725,0.00275725
727,3823.58,2.6914,0.5673,0.53978,0.79961,0.59349,0.70169,0.40387,2.67735,0.55062,0.53867,0.00274726,0.00274726,0.00274726
728,3826.72,2.60127,0.5436,0.53606,0.79681,0.58992,0.70085,0.40488,2.66651,0.54933,0.53851,0.00273727,0.00273727,0.00273727
729,3830.5,2.50897,0.56481,0.54915,0.80206,0.58689,0.69996,0.40433,2.66527,0.55034,0.5385,0.00272728,0.00272728,0.00272728
730,3834.75,2.46769,0.53737,0.55577,0.79609,0.59065,0.69949,0.4048,2.67095,0.55048,0.53872,0.00271729,0.00271729,0.00271729
731,3857.14,2.44583,0.52551,0.53923,0.79843,0.59033,0.70147,0.40613,2.67124,0.55204,0.53911,0.0027073,0.0027073,0.0027073
732,3860.7,2.86196,0.58667,0.53106,0.79168,0.59253,0.69981,0.40631,2.66889,0.54885,0.53878,0.00269731,0.00269731,0.00269731
733,3864.06,2.78662,0.55831,0.53827,0.79498,0.59239,0.70104,0.40523,2.6723,0.54948,0.53844,0.00268732,0.00268732,0.00268732
734,3867.83,2.3353,0.52341,0.55023,0.7938,0.59514,0.70383,0.40508,2.68505,0.55115,0.53908,0.00267733,0.00267733,0.00267733
735,3871.35,3.08346,0.65572,0.52331,0.79516,0.59155,0.7027,0.40501,2.69991,0.55432,0.53956,0.00266734,0.00266734,0.00266734
736,3893.49,2.22922,0.51434,0.54921,0.79554,0.59747,0.70604,0.40351,2.72272,0.55903,0.53944,0.00265735,0.00265735,0.00265735
737,3898.1,2.32784,0.52223,0.54695,0.79109,0.60351,0.70818,0.40458,2.70738,0.56048,0.53917,0.00264736,0.00264736,0.00264736
738,3902.28,2.10769,0.5041,0.55561,0.78936,0.60255,0.70744,0.40257,2.71897,0.56128,0.53953,0.00263737,0.00263737,0.00263737
739,3905.7,2.35929,0.531,0.54421,0.79674,0.59841,0.70695,0.40062,2.73401,0.56205,0.53969,0.00262738,0.00262738,0.00262738
740,3909.72,2.38946,0.51444,0.54184,0.79741,0.59331,0.70473,0.40021,2.7334,0.56039,0.53975,0.00261739,0.00261739,0.00261739
741,3913.78,2.52844,0.53284,0.54969,0.79328,0.59432,0.70616,0.40269,2.71396,0.55819,0.53954,0.0026074,0.0026074,0.0026074
742,3917.57,2.85971,0.606,0.55878,0.79892,0.59253,0.70808,0.40514,2.69761,0.55372,0.53929,0.00259741,0.00259741,0.00259741
743,3921.71,2.41148,0.53477,0.54835,0.80253,0.58814,0.70585,0.40185,2.74225,0.56059,0.53954,0.00258742,0.00258742,0.00258742
744,3925.26,2.15395,0.50407,0.54452,0.80993,0.58759,0.70397,0.40316,2.69719,0.55143,0.53902,0.00257743,0.00257743,0.00257743
745,3929.23,2.34435,0.5454,0.55863,0.80974,0.58836,0.70314,0.40433,2.68495,0.54912,0.53885,0.00256744,0.00256744,0.00256744
746,3932.98,2.02622,0.48768,0.5499,0.80816,0.58819,0.70184,0.40228,2.70326,0.5523,0.53905,0.00255745,0.00255745,0.00255745
747,3936.88,2.59407,0.58657,0.54833,0.80882,0.5901,0.70266,0.39953,2.72504,0.55841,0.53939,0.00254746,0.00254746,0.00254746
748,3940.14,2.52856,0.53206,0.53987,0.80479,0.59267,0.70113,0.40041,2.71357,0.55815,0.5391,0.00253747,0.00253747,0.00253747
749,3944,2.39287,0.54459,0.56126,0.80824,0.58979,0.69997,0.40013,2.69908,0.55622,0.53855,0.00252748,0.00252748,0.00252748
750,3947.86,2.59674,0.56235,0.55168,0.80086,0.59487,0.70477,0.40424,2.67736,0.55256,0.53836,0.00251749,0.00251749,0.00251749
751,3972.77,2.42258,0.58176,0.57144,0.8051,0.59432,0.70404,0.40422,2.66375,0.55312,0.53777,0.0025075,0.0025075,0.0025075
752,3976.05,2.86335,0.58518,0.54702,0.80824,0.59404,0.70589,0.40304,2.6862,0.55554,0.53811,0.00249751,0.00249751,0.00249751
753,3980.11,2.69467,0.55961,0.54441,0.80174,0.60126,0.70612,0.40216,2.69295,0.55432,0.5382,0.00248752,0.00248752,0.00248752
754,3984.72,2.35039,0.53395,0.5552,0.80287,0.59953,0.70721,0.40096,2.71127,0.55701,0.53825,0.00247753,0.00247753,0.00247753
755,3988.38,2.36451,0.51461,0.54153,0.80152,0.59885,0.70754,0.40219,2.70433,0.55683,0.53831,0.00246754,0.00246754,0.00246754
756,3992.67,2.4278,0.53278,0.54436,0.80027,0.60132,0.71037,0.40575,2.68591,0.55466,0.53831,0.00245755,0.00245755,0.00245755
757,3996.6,2.33087,0.52776,0.54981,0.79274,0.60626,0.70902,0.40653,2.68442,0.55226,0.53778,0.00244756,0.00244756,0.00244756
758,4000.5,2.526,0.571,0.5612,0.79362,0.60516,0.70838,0.40696,2.67185,0.5471,0.53758,0.00243757,0.00243757,0.00243757
759,4003.86,3.15653,0.6257,0.54366,0.79117,0.60406,0.70787,0.40814,2.67112,0.54504,0.5376,0.00242758,0.00242758,0.00242758
760,4007.72,2.27208,0.52611,0.55833,0.80074,0.60489,0.71261,0.40729,2.68978,0.55135,0.53759,0.00241759,0.00241759,0.00241759
761,4010.91,2.71905,0.57488,0.53705,0.79553,0.60763,0.71286,0.409,2.67087,0.54806,0.53767,0.0024076,0.0024076,0.0024076
762,4015.15,2.68345,0.57363,0.55078,0.79689,0.60873,0.71134,0.41041,2.64523,0.54243,0.53698,0.00239761,0.00239761,0.00239761
763,4019.21,2.30715,0.53995,0.55826,0.79838,0.60832,0.7109,0.41016,2.66136,0.54429,0.53697,0.00238762,0.00238762,0.00238762
764,4023.3,2.08355,0.50933,0.55408,0.78793,0.60854,0.70922,0.40513,2.6923,0.54762,0.53718,0.00237763,0.00237763,0.00237763
765,4056.25,2.82266,0.58088,0.54907,0.78776,0.60969,0.70775,0.40494,2.67291,0.5447,0.53693,0.00236764,0.00236764,0.00236764
766,4059.71,2.47961,0.53587,0.53903,0.78629,0.60351,0.70488,0.40393,2.67794,0.5447,0.53708,0.00235765,0.00235765,0.00235765
767,4063.84,2.52486,0.54476,0.54358,0.78599,0.60146,0.70427,0.40468,2.68084,0.54636,0.53741,0.00234766,0.00234766,0.00234766
768,4067.37,2.24081,0.50195,0.54061,0.79224,0.59555,0.70505,0.4043,2.69632,0.55182,0.53769,0.00233767,0.00233767,0.00233767
769,4071.31,2.26626,0.52468,0.56126,0.79105,0.59668,0.70462,0.40127,2.72567,0.55436,0.53777,0.00232768,0.00232768,0.00232768
770,4074.79,2.77922,0.57561,0.54034,0.78767,0.59871,0.70631,0.40521,2.6953,0.55112,0.5373,0.00231769,0.00231769,0.00231769
771,4078.75,2.98127,0.63201,0.55559,0.79123,0.59775,0.70671,0.40643,2.6884,0.55121,0.53737,0.0023077,0.0023077,0.0023077
772,4081.81,3.00626,0.59822,0.5326,0.79384,0.59472,0.70584,0.40912,2.66088,0.54691,0.5372,0.00229771,0.00229771,0.00229771
773,4085.67,2.37982,0.52815,0.551,0.79026,0.59761,0.70457,0.4087,2.67358,0.54949,0.53699,0.00228772,0.00228772,0.00228772
774,4089,2.22436,0.51501,0.53889,0.78947,0.59857,0.70442,0.40728,2.68316,0.55316,0.5372,0.00227773,0.00227773,0.00227773
775,4092.38,2.5299,0.51062,0.53456,0.79329,0.59483,0.70571,0.40964,2.65771,0.54883,0.53715,0.00226774,0.00226774,0.00226774
776,4096.47,2.36214,0.56595,0.58059,0.79726,0.59569,0.70818,0.4102,2.67654,0.5549,0.53756,0.00225775,0.00225775,0.00225775
777,4100.67,2.39107,0.55326,0.56891,0.79721,0.59583,0.7088,0.4094,2.68328,0.55499,0.53724,0.00224776,0.00224776,0.00224776
778,4104.51,2.1984,0.50851,0.54648,0.79502,0.60063,0.70908,0.40733,2.69284,0.55415,0.53713,0.00223777,0.00223777,0.00223777
779,4108.51,2.13046,0.50261,0.54707,0.7979,0.5984,0.70924,0.41022,2.66716,0.55129,0.53703,0.00222778,0.00222778,0.00222778
780,4112.43,2.19454,0.4964,0.54306,0.80127,0.59781,0.70937,0.41088,2.6629,0.5491,0.53711,0.00221779,0.00221779,0.00221779
781,4116.44,2.2905,0.50749,0.53775,0.79721,0.59843,0.70918,0.40948,2.68611,0.55167,0.53745,0.0022078,0.0022078,0.0022078
782,4119.88,2.49846,0.52963,0.53684,0.80032,0.59445,0.70697,0.40518,2.71737,0.55468,0.53768,0.00219781,0.00219781,0.00219781
783,4123.45,2.95172,0.59187,0.5424,0.79881,0.59687,0.70695,0.40735,2.68105,0.55185,0.53733,0.00218782,0.00218782,0.00218782
784,4127.51,2.35837,0.51801,0.5478,0.7876,0.59714,0.70289,0.40377,2.70016,0.55538,0.53769,0.00217783,0.00217783,0.00217783
785,4131.19,2.79148,0.57127,0.54326,0.79141,0.59642,0.70258,0.4051,2.6799,0.55286,0.53717,0.00216784,0.00216784,0.00216784
786,4135.48,2.27017,0.51586,0.54869,0.79387,0.59267,0.7009,0.40513,2.67441,0.55137,0.53712,0.00215785,0.00215785,0.00215785
787,4139.38,2.84841,0.57374,0.54459,0.79463,0.59116,0.70101,0.40335,2.69618,0.55381,0.53738,0.00214786,0.00214786,0.00214786
788,4143.91,2.29211,0.54226,0.56998,0.79684,0.59157,0.70172,0.40393,2.67942,0.5492,0.53688,0.00213787,0.00213787,0.00213787
789,4148.04,2.18324,0.49715,0.54824,0.79877,0.59291,0.70181,0.40604,2.65757,0.54736,0.53654,0.00212788,0.00212788,0.00212788
790,4152.11,2.87793,0.59228,0.55064,0.79719,0.59226,0.70312,0.40835,2.64477,0.54387,0.53658,0.00211789,0.00211789,0.00211789
791,4156.35,1.95714,0.4701,0.54471,0.79602,0.59432,0.70323,0.40857,2.65155,0.54334,0.53669,0.0021079,0.0021079,0.0021079
792,4159.52,3.04903,0.60769,0.52909,0.79793,0.59445,0.70363,0.41085,2.63357,0.53925,0.53658,0.00209791,0.00209791,0.00209791
793,4163.16,2.25891,0.51143,0.5439,0.79752,0.59665,0.70536,0.40966,2.63853,0.54039,0.53651,0.00208792,0.00208792,0.00208792
794,4166.98,2.5905,0.54206,0.53866,0.79645,0.59294,0.70301,0.40884,2.63445,0.53819,0.53664,0.00207793,0.00207793,0.00207793
795,4171.01,2.21383,0.51968,0.56632,0.79575,0.59477,0.70232,0.40932,2.63156,0.53751,0.5369,0.00206794,0.00206794,0.00206794
796,4186.86,2.26053,0.50396,0.55054,0.79922,0.59473,0.70216,0.40651,2.65664,0.54258,0.53717,0.00205795,0.00205795,0.00205795
797,4190.94,2.272,0.51382,0.5408,0.80167,0.59655,0.70345,0.40642,2.65221,0.54343,0.53698,0.00204796,0.00204796,0.00204796
798,4194.75,2.89581,0.57463,0.53717,0.79773,0.59583,0.70282,0.40646,2.65867,0.5443,0.53689,0.00203797,0.00203797,0.00203797
799,4198.64,2.524,0.55833,0.5382,0.79907,0.59308,0.7029,0.40919,2.65088,0.54267,0.53718,0.00202798,0.00202798,0.00202798
800,4202.32,2.62234,0.56629,0.54116,0.79393,0.59281,0.70364,0.4104,2.6452,0.541,0.53733,0.00201799,0.00201799,0.00201799
801,4205.73,2.28619,0.52199,0.55481,0.79899,0.59428,0.70543,0.41144,2.64323,0.54126,0.53715,0.002008,0.002008,0.002008
802,4209.44,2.18283,0.50533,0.54953,0.80424,0.5913,0.70713,0.41204,2.64117,0.54259,0.537,0.00199801,0.00199801,0.00199801
803,4213.26,2.46645,0.55303,0.54088,0.81162,0.58773,0.70695,0.41158,2.6553,0.54473,0.53714,0.00198802,0.00198802,0.00198802
804,4217.58,2.14073,0.49869,0.54734,0.81105,0.588,0.7069,0.41083,2.65776,0.54402,0.53728,0.00197803,0.00197803,0.00197803
805,4220.79,2.95505,0.63312,0.55004,0.8073,0.58937,0.70566,0.40944,2.66086,0.54318,0.5372,0.00196804,0.00196804,0.00196804
806,4224.83,1.92029,0.46996,0.54517,0.80189,0.59157,0.70517,0.40808,2.67464,0.5456,0.53718,0.00195805,0.00195805,0.00195805
807,4228.37,2.28671,0.49477,0.53982,0.80092,0.59404,0.70583,0.40734,2.67983,0.54721,0.53716,0.00194806,0.00194806,0.00194806
808,4232.89,2.03828,0.49901,0.56604,0.79347,0.59706,0.70573,0.40889,2.66466,0.54706,0.5371,0.00193807,0.00193807,0.00193807
809,4237,2.396,0.54616,0.56664,0.7962,0.59761,0.7062,0.40756,2.67976,0.54946,0.53733,0.00192808,0.00192808,0.00192808
810,4240.45,2.30733,0.50855,0.53552,0.79484,0.60077,0.7052,0.40725,2.67883,0.54976,0.53737,0.00191809,0.00191809,0.00191809
811,4244.03,2.51238,0.53552,0.53048,0.79486,0.60057,0.70363,0.40614,2.67113,0.54831,0.53723,0.0019081,0.0019081,0.0019081
812,4248.1,2.03171,0.47476,0.55219,0.79951,0.59857,0.70336,0.4033,2.68226,0.54848,0.53718,0.00189811,0.00189811,0.00189811
813,4251.87,2.51563,0.52797,0.53963,0.80336,0.59508,0.70239,0.40218,2.68582,0.54824,0.53723,0.00188812,0.00188812,0.00188812
814,4256.04,2.11342,0.48727,0.5456,0.80468,0.59161,0.70015,0.4005,2.70244,0.55244,0.5374,0.00187813,0.00187813,0.00187813
815,4260.4,2.71879,0.56832,0.54951,0.80144,0.59102,0.70005,0.40294,2.67216,0.548,0.53717,0.00186814,0.00186814,0.00186814
816,4264.16,2.62893,0.54206,0.53763,0.79889,0.59583,0.70362,0.40642,2.6618,0.54464,0.5371,0.00185815,0.00185815,0.00185815
817,4268.01,2.6177,0.5801,0.55095,0.79725,0.59706,0.70297,0.40716,2.65416,0.54401,0.53702,0.00184816,0.00184816,0.00184816
818,4272.33,2.26983,0.53229,0.56579,0.79519,0.59789,0.70445,0.40694,2.65187,0.54317,0.53706,0.00183817,0.00183817,0.00183817
819,4276.14,2.35197,0.51276,0.54886,0.79678,0.59541,0.70314,0.40487,2.65892,0.54289,0.53686,0.00182818,0.00182818,0.00182818
820,4299.67,2.21578,0.54903,0.57918,0.79964,0.59363,0.70479,0.40686,2.65816,0.54615,0.53721,0.00181819,0.00181819,0.00181819
821,4303.62,2.68682,0.56293,0.53735,0.79775,0.59134,0.7031,0.40502,2.67099,0.54887,0.5374,0.0018082,0.0018082,0.0018082
822,4307.65,2.61114,0.5721,0.55828,0.79398,0.59514,0.70394,0.40577,2.66134,0.54526,0.5369,0.00179821,0.00179821,0.00179821
823,4311.64,1.99697,0.47929,0.54725,0.79486,0.59734,0.70544,0.40932,2.63373,0.54074,0.537,0.00178822,0.00178822,0.00178822
824,4315.01,2.66414,0.58173,0.5585,0.79048,0.60063,0.70615,0.40625,2.65799,0.54174,0.53712,0.00177823,0.00177823,0.00177823
825,4319.2,1.97936,0.47079,0.54069,0.78787,0.59995,0.70479,0.40555,2.66771,0.5423,0.53715,0.00176824,0.00176824,0.00176824
826,4343.63,2.28798,0.51131,0.54073,0.78864,0.59678,0.70391,0.40507,2.6732,0.5445,0.53704,0.00175825,0.00175825,0.00175825
827,4347.43,2.40622,0.53458,0.53831,0.78883,0.59857,0.70481,0.40721,2.65349,0.54097,0.53701,0.00174826,0.00174826,0.00174826
828,4351.33,2.56114,0.53751,0.54151,0.795,0.59416,0.7059,0.40918,2.65682,0.54531,0.53688,0.00173827,0.00173827,0.00173827
829,4355.48,2.338,0.51614,0.54619,0.79907,0.59237,0.70751,0.40972,2.65507,0.54537,0.53673,0.00172828,0.00172828,0.00172828
830,4359.3,2.36227,0.53921,0.54715,0.80166,0.59363,0.70849,0.4117,2.64004,0.54426,0.53647,0.00171829,0.00171829,0.00171829
831,4363.13,2.21624,0.52241,0.538,0.80403,0.59583,0.7107,0.4114,2.64832,0.54411,0.53637,0.0017083,0.0017083,0.0017083
832,4367.58,1.83553,0.45792,0.55076,0.80476,0.59816,0.71024,0.41064,2.63951,0.54223,0.53606,0.00169831,0.00169831,0.00169831
833,4371.42,2.3674,0.53663,0.55678,0.80246,0.59638,0.7084,0.41023,2.63449,0.54142,0.53598,0.00168832,0.00168832,0.00168832
834,4375.66,2.40001,0.52143,0.54164,0.80522,0.5965,0.70748,0.40839,2.64629,0.54126,0.53651,0.00167833,0.00167833,0.00167833
835,4379.46,2.41105,0.53866,0.54763,0.80064,0.60036,0.70654,0.40559,2.66762,0.54405,0.53666,0.00166834,0.00166834,0.00166834
836,4383.02,2.1505,0.50194,0.54676,0.80133,0.59981,0.70691,0.40722,2.65939,0.54342,0.53648,0.00165835,0.00165835,0.00165835
837,4386.51,2.35964,0.51014,0.5449,0.80395,0.5994,0.70706,0.40743,2.65255,0.54304,0.53638,0.00164836,0.00164836,0.00164836
838,4390.68,2.34052,0.53241,0.55635,0.8005,0.59734,0.70608,0.40851,2.6522,0.54273,0.53643,0.00163837,0.00163837,0.00163837
839,4394.53,2.27035,0.50631,0.54207,0.80134,0.59586,0.70682,0.41063,2.64138,0.54165,0.53622,0.00162838,0.00162838,0.00162838
840,4398.53,2.12495,0.49197,0.54531,0.80074,0.59802,0.70948,0.40858,2.66565,0.54605,0.53638,0.00161839,0.00161839,0.00161839
841,4402.46,2.0745,0.48939,0.54941,0.79873,0.59874,0.70857,0.4091,2.65729,0.54485,0.53617,0.0016084,0.0016084,0.0016084
842,4406.78,2.21077,0.5062,0.54541,0.79763,0.59706,0.70725,0.40859,2.66474,0.54675,0.5361,0.00159841,0.00159841,0.00159841
843,4410.99,2.10914,0.4923,0.54795,0.79844,0.59912,0.70705,0.40696,2.66923,0.54798,0.53621,0.00158842,0.00158842,0.00158842
844,4414.69,2.26344,0.49457,0.53242,0.79732,0.59568,0.70499,0.40648,2.67384,0.55416,0.53637,0.00157843,0.00157843,0.00157843
845,4418.14,3.01809,0.58121,0.52698,0.80264,0.59349,0.7051,0.40573,2.68196,0.55284,0.53641,0.00156844,0.00156844,0.00156844
846,4421.88,2.25526,0.52433,0.56397,0.80783,0.5913,0.70552,0.40618,2.64849,0.54488,0.53599,0.00155845,0.00155845,0.00155845
847,4426.22,2.05834,0.48626,0.54617,0.80575,0.59397,0.70613,0.40607,2.64756,0.54434,0.53594,0.00154846,0.00154846,0.00154846
848,4430.18,1.89568,0.47061,0.55098,0.80032,0.59426,0.70556,0.40548,2.66154,0.54481,0.536,0.00153847,0.00153847,0.00153847
849,4434.18,1.98142,0.46542,0.54002,0.79949,0.59143,0.70402,0.40402,2.68358,0.54716,0.53626,0.00152848,0.00152848,0.00152848
850,4437.51,3.09356,0.60571,0.52408,0.79893,0.59567,0.70679,0.40832,2.65922,0.54346,0.53618,0.00151849,0.00151849,0.00151849
851,4441.32,2.15791,0.49277,0.54008,0.80139,0.595,0.70752,0.40996,2.65302,0.54293,0.53612,0.0015085,0.0015085,0.0015085
852,4445.42,2.30091,0.52683,0.5515,0.80423,0.59418,0.7107,0.41262,2.65229,0.54505,0.53611,0.00149851,0.00149851,0.00149851
853,4449.13,2.25074,0.51827,0.55616,0.80287,0.59548,0.71215,0.41404,2.63485,0.54322,0.53593,0.00148852,0.00148852,0.00148852
854,4453.2,1.98379,0.48511,0.54845,0.80588,0.59503,0.71142,0.41459,2.6356,0.54334,0.53584,0.00147853,0.00147853,0.00147853
855,4456.94,2.20498,0.5013,0.55136,0.80386,0.59583,0.71104,0.41296,2.63921,0.54113,0.53574,0.00146854,0.00146854,0.00146854
856,4460.9,1.97196,0.47294,0.5464,0.80254,0.59541,0.70891,0.41256,2.62702,0.53997,0.53565,0.00145855,0.00145855,0.00145855
857,4464.35,2.4221,0.52506,0.54072,0.79735,0.59689,0.70828,0.41264,2.61698,0.5397,0.53553,0.00144856,0.00144856,0.00144856
858,4467.91,2.00536,0.47151,0.53579,0.79951,0.59734,0.70967,0.4148,2.61153,0.53839,0.53561,0.00143857,0.00143857,0.00143857
859,4472.11,2.38359,0.52146,0.53713,0.80388,0.59816,0.71088,0.41478,2.61243,0.5373,0.53565,0.00142858,0.00142858,0.00142858
860,4476.21,2.20948,0.50214,0.54033,0.80285,0.60214,0.71332,0.41605,2.60208,0.53528,0.53554,0.00141859,0.00141859,0.00141859
861,4480.14,1.884,0.45652,0.54267,0.79794,0.60255,0.71182,0.41744,2.58446,0.53403,0.53533,0.0014086,0.0014086,0.0014086
862,4483.48,2.68773,0.54255,0.5374,0.80088,0.59747,0.70979,0.41707,2.58109,0.53287,0.53514,0.00139861,0.00139861,0.00139861
863,4487.72,2.64554,0.53558,0.54128,0.8003,0.59749,0.70987,0.4168,2.5892,0.53348,0.53515,0.00138862,0.00138862,0.00138862
864,4491.28,2.10224,0.48503,0.53918,0.79864,0.59995,0.71028,0.41659,2.59444,0.53292,0.53506,0.00137863,0.00137863,0.00137863
865,4518.02,2.22861,0.49797,0.54433,0.79719,0.59843,0.70827,0.41561,2.60033,0.53325,0.53512,0.00136864,0.00136864,0.00136864
866,4522.31,1.97308,0.47297,0.54704,0.7983,0.59926,0.71012,0.41668,2.59253,0.53274,0.53497,0.00135865,0.00135865,0.00135865
867,4526.37,2.03366,0.47788,0.55065,0.79708,0.59911,0.7098,0.41547,2.60221,0.53507,0.53516,0.00134866,0.00134866,0.00134866
868,4529.66,2.73985,0.58097,0.54286,0.79723,0.59915,0.71091,0.4154,2.61899,0.53959,0.53503,0.00133867,0.00133867,0.00133867
869,4554.53,2.54782,0.54101,0.54462,0.79888,0.5994,0.71093,0.41661,2.60187,0.53769,0.53492,0.00132868,0.00132868,0.00132868
870,4557.89,2.46267,0.55414,0.55563,0.79738,0.59802,0.71076,0.41641,2.59396,0.53514,0.53493,0.00131869,0.00131869,0.00131869
871,4561.94,2.26452,0.51128,0.54568,0.79893,0.59786,0.7101,0.41566,2.5888,0.53384,0.5349,0.0013087,0.0013087,0.0013087
872,4565.79,2.77155,0.55766,0.53678,0.79784,0.59802,0.70907,0.41563,2.58241,0.53129,0.53476,0.00129871,0.00129871,0.00129871
873,4569.69,2.51263,0.54008,0.54566,0.79975,0.59665,0.70897,0.41633,2.57934,0.53142,0.53459,0.00128872,0.00128872,0.00128872
874,4592.77,2.28352,0.51517,0.54466,0.80116,0.59555,0.70925,0.41627,2.5792,0.52935,0.53468,0.00127873,0.00127873,0.00127873
875,4596.18,2.36398,0.53719,0.54208,0.80205,0.59473,0.70946,0.41573,2.59556,0.53089,0.53474,0.00126874,0.00126874,0.00126874
876,4600.2,2.08053,0.49032,0.55381,0.80534,0.59514,0.7097,0.41523,2.59537,0.53209,0.53496,0.00125875,0.00125875,0.00125875
877,4604.56,2.04331,0.47506,0.5377,0.80449,0.59541,0.70932,0.41521,2.61023,0.535,0.53501,0.00124876,0.00124876,0.00124876
878,4629.35,1.9681,0.46744,0.54574,0.80724,0.5945,0.70978,0.41466,2.61799,0.53827,0.53489,0.00123877,0.00123877,0.00123877
879,4632.96,2.31726,0.48834,0.53552,0.80734,0.59542,0.71049,0.41455,2.62138,0.5385,0.53498,0.00122878,0.00122878,0.00122878
880,4636.7,2.13026,0.50132,0.55241,0.80566,0.59759,0.71191,0.41709,2.61768,0.53874,0.53505,0.00121879,0.00121879,0.00121879
881,4640.25,2.65237,0.54983,0.5302,0.80527,0.5972,0.71278,0.41722,2.62141,0.53897,0.53503,0.0012088,0.0012088,0.0012088
882,4644.23,2.45865,0.53765,0.5505,0.80626,0.59816,0.71641,0.41989,2.61867,0.54037,0.53489,0.00119881,0.00119881,0.00119881
883,4647.9,2.24632,0.5132,0.55558,0.81075,0.59761,0.71842,0.4207,2.6155,0.54254,0.53485,0.00118882,0.00118882,0.00118882
884,4652.2,1.94704,0.47147,0.54873,0.8081,0.5961,0.71725,0.4212,2.60745,0.53882,0.53491,0.00117883,0.00117883,0.00117883
885,4656.61,2.23303,0.52516,0.55921,0.80881,0.5982,0.71849,0.4203,2.61747,0.53902,0.53513,0.00116884,0.00116884,0.00116884
886,4660.45,1.83822,0.44641,0.54029,0.804,0.60228,0.71647,0.41802,2.62831,0.53897,0.53523,0.00115885,0.00115885,0.00115885
887,4664.19,2.06034,0.47058,0.54294,0.79909,0.60175,0.71479,0.41591,2.6495,0.5407,0.53562,0.00114886,0.00114886,0.00114886
888,4667.38,2.12807,0.48821,0.53942,0.79779,0.60124,0.7136,0.41472,2.65078,0.54036,0.53553,0.00113887,0.00113887,0.00113887
889,4689.03,2.24784,0.50528,0.54291,0.79564,0.60255,0.71277,0.41342,2.65284,0.54028,0.53542,0.00112888,0.00112888,0.00112888
890,4693.02,2.62029,0.56879,0.54751,0.79964,0.59886,0.7109,0.41235,2.6546,0.5385,0.53514,0.00111889,0.00111889,0.00111889
891,4696.84,2.3438,0.5164,0.53697,0.79909,0.59871,0.71054,0.41095,2.66061,0.53825,0.53533,0.0011089,0.0011089,0.0011089
892,4700.14,2.94641,0.58181,0.53362,0.80175,0.5963,0.70875,0.41266,2.64209,0.53616,0.53536,0.00109891,0.00109891,0.00109891
893,4704.02,2.02654,0.4765,0.5444,0.79948,0.59553,0.70746,0.41124,2.65728,0.538,0.53547,0.00108892,0.00108892,0.00108892
894,4707.87,2.18198,0.51026,0.55547,0.79763,0.59418,0.70613,0.40948,2.65756,0.53862,0.53539,0.00107893,0.00107893,0.00107893
895,4711.1,2.23621,0.49359,0.53659,0.79812,0.59308,0.70635,0.4105,2.65016,0.53692,0.53525,0.00106894,0.00106894,0.00106894
896,4715.09,2.32736,0.54004,0.54323,0.80374,0.59092,0.70735,0.41126,2.63577,0.53453,0.53497,0.00105895,0.00105895,0.00105895
897,4718.97,2.24805,0.51364,0.54143,0.80659,0.59047,0.70924,0.41289,2.6294,0.53342,0.53482,0.00104896,0.00104896,0.00104896
898,4723.18,1.82756,0.45478,0.54572,0.80776,0.59184,0.71055,0.41519,2.62103,0.53131,0.53474,0.00103897,0.00103897,0.00103897
899,4726.56,2.58114,0.54547,0.5375,0.80342,0.59418,0.71175,0.41625,2.62162,0.53152,0.53473,0.00102898,0.00102898,0.00102898
900,4730.94,2.13365,0.49167,0.55722,0.80635,0.59692,0.71375,0.41717,2.62224,0.53079,0.53483,0.00101899,0.00101899,0.00101899
901,4734.63,2.82889,0.58491,0.54121,0.80374,0.5999,0.71417,0.41766,2.63185,0.53285,0.53499,0.001009,0.001009,0.001009
902,4738.2,3.03121,0.61857,0.52806,0.80462,0.60297,0.7166,0.4193,2.61949,0.5333,0.535,0.00099901,0.00099901,0.00099901
903,4741.75,2.32839,0.50089,0.53342,0.8032,0.60132,0.71511,0.41956,2.62492,0.53369,0.53521,0.00098902,0.00098902,0.00098902
904,4745.72,2.42652,0.52153,0.53886,0.80273,0.60224,0.71547,0.41904,2.62176,0.53271,0.53501,0.00097903,0.00097903,0.00097903
905,4749.27,2.46286,0.5357,0.54358,0.80455,0.60283,0.71624,0.42141,2.59787,0.52921,0.53477,0.00096904,0.00096904,0.00096904
906,4753.18,2.14607,0.49968,0.54207,0.80812,0.60049,0.71764,0.42133,2.60111,0.53099,0.5348,0.00095905,0.00095905,0.00095905
907,4782.59,2.07278,0.49407,0.54933,0.80748,0.6,0.71727,0.42068,2.60114,0.53182,0.53479,0.00094906,0.00094906,0.00094906
908,4786.16,2.04099,0.46793,0.53111,0.80586,0.60006,0.71763,0.42057,2.60381,0.53222,0.5348,0.00093907,0.00093907,0.00093907
909,4790.02,2.33737,0.51696,0.54485,0.80605,0.60252,0.71834,0.42077,2.59272,0.52953,0.53469,0.00092908,0.00092908,0.00092908
910,4793.75,2.237,0.52224,0.54344,0.80928,0.60049,0.71623,0.42115,2.58234,0.52555,0.53435,0.00091909,0.00091909,0.00091909
911,4797.83,2.11413,0.4805,0.54575,0.80706,0.60146,0.71566,0.42,2.59477,0.52729,0.53438,0.0009091,0.0009091,0.0009091
912,4801.26,2.41213,0.52623,0.53148,0.80569,0.602,0.71602,0.42072,2.58838,0.52647,0.53438,0.00089911,0.00089911,0.00089911
913,4805.19,1.82276,0.44342,0.54118,0.80422,0.60338,0.71655,0.42063,2.59154,0.52624,0.53448,0.00088912,0.00088912,0.00088912
914,4808.7,2.79731,0.588,0.54111,0.803,0.60489,0.71651,0.42005,2.59112,0.52564,0.53446,0.00087913,0.00087913,0.00087913
915,4834.84,2.34373,0.51644,0.53682,0.80042,0.60674,0.71555,0.42069,2.58583,0.52405,0.53439,0.00086914,0.00086914,0.00086914
916,4858.15,1.89725,0.47041,0.54594,0.79898,0.6084,0.71512,0.41996,2.59132,0.52555,0.53427,0.00085915,0.00085915,0.00085915
917,4862.41,2.77067,0.57989,0.54042,0.79844,0.60777,0.71319,0.41957,2.58735,0.52498,0.53425,0.00084916,0.00084916,0.00084916
918,4866.58,1.71209,0.43022,0.53756,0.79782,0.6062,0.71167,0.41942,2.5773,0.52388,0.53432,0.00083917,0.00083917,0.00083917
919,4870.68,2.15926,0.48103,0.53668,0.80172,0.60394,0.712,0.41892,2.58246,0.52442,0.5343,0.00082918,0.00082918,0.00082918
920,4874.17,2.35014,0.50588,0.53661,0.80344,0.60269,0.71334,0.42036,2.57584,0.52369,0.53414,0.00081919,0.00081919,0.00081919
921,4877.81,2.42229,0.51432,0.53751,0.8032,0.60159,0.71319,0.42183,2.56545,0.52224,0.53402,0.0008092,0.0008092,0.0008092
922,4881.93,2.36342,0.51991,0.54599,0.80195,0.60008,0.7134,0.4227,2.56376,0.52293,0.53404,0.00079921,0.00079921,0.00079921
923,4885.29,1.88669,0.45376,0.53943,0.80524,0.59997,0.71376,0.42242,2.56483,0.52369,0.53403,0.00078922,0.00078922,0.00078922
924,4888.5,2.42106,0.53445,0.54169,0.80753,0.59788,0.71433,0.4246,2.55409,0.52158,0.53392,0.00077923,0.00077923,0.00077923
925,4892.63,2.16838,0.48321,0.53769,0.80559,0.59638,0.71341,0.42423,2.55119,0.52056,0.53396,0.00076924,0.00076924,0.00076924
926,4896.18,2.37014,0.50237,0.52576,0.80197,0.59692,0.7128,0.42436,2.5506,0.52144,0.53425,0.00075925,0.00075925,0.00075925
927,4899.33,2.39385,0.52502,0.54696,0.80195,0.59802,0.71277,0.42402,2.54613,0.52124,0.53423,0.00074926,0.00074926,0.00074926
928,4903.25,1.95958,0.45717,0.53918,0.79961,0.59747,0.71128,0.42278,2.54787,0.52304,0.53423,0.00073927,0.00073927,0.00073927
929,4907.71,1.86049,0.4413,0.54292,0.80036,0.59473,0.70998,0.42116,2.55543,0.52454,0.53431,0.00072928,0.00072928,0.00072928
930,4911.47,2.08574,0.47974,0.53758,0.80211,0.59488,0.70863,0.41978,2.55787,0.5243,0.53421,0.00071929,0.00071929,0.00071929
931,4927.53,1.94082,0.46453,0.55149,0.80015,0.59692,0.70962,0.41915,2.55851,0.52399,0.53409,0.0007093,0.0007093,0.0007093
932,4931.92,2.13638,0.50922,0.55701,0.80012,0.59761,0.70823,0.41855,2.55976,0.52226,0.534,0.00069931,0.00069931,0.00069931
933,4935.93,2.63182,0.54592,0.53886,0.80114,0.59789,0.70829,0.41814,2.56473,0.52172,0.534,0.00068932,0.00068932,0.00068932
934,4960.85,2.78184,0.54586,0.53429,0.80316,0.59981,0.71003,0.41955,2.55722,0.51959,0.53397,0.00067933,0.00067933,0.00067933
935,4964.19,2.73618,0.57136,0.5303,0.80291,0.60214,0.71105,0.42105,2.55127,0.51827,0.53393,0.00066934,0.00066934,0.00066934
936,4967.69,2.0194,0.47149,0.53714,0.80571,0.60291,0.71278,0.42256,2.54365,0.51603,0.53399,0.00065935,0.00065935,0.00065935
937,4971.89,1.89007,0.47169,0.55115,0.80519,0.60351,0.71367,0.42341,2.54663,0.517,0.53406,0.00064936,0.00064936,0.00064936
938,4975.48,2.79108,0.56057,0.52484,0.80525,0.60455,0.71589,0.42493,2.53752,0.51649,0.53402,0.00063937,0.00063937,0.00063937
939,4979.15,2.34866,0.52638,0.53813,0.80435,0.60393,0.7155,0.42562,2.5343,0.5166,0.53407,0.00062938,0.00062938,0.00062938
940,4983.26,2.14882,0.49104,0.54856,0.80341,0.60368,0.71652,0.42596,2.53748,0.51715,0.53419,0.00061939,0.00061939,0.00061939
941,4986.78,2.41701,0.54308,0.54806,0.80327,0.60297,0.71605,0.42603,2.54031,0.51761,0.53431,0.0006094,0.0006094,0.0006094
942,4990.84,1.96368,0.46439,0.5434,0.80328,0.60228,0.71544,0.42419,2.54299,0.51739,0.53425,0.00059941,0.00059941,0.00059941
943,4994.68,2.71032,0.56127,0.54334,0.80255,0.60406,0.71608,0.42447,2.53524,0.51589,0.53413,0.00058942,0.00058942,0.00058942
944,4998.62,2.27161,0.51667,0.53819,0.80089,0.60242,0.71294,0.42337,2.53091,0.51479,0.53405,0.00057943,0.00057943,0.00057943
945,5002.19,2.60103,0.5543,0.53713,0.80068,0.60338,0.71265,0.423,2.53295,0.51493,0.53408,0.00056944,0.00056944,0.00056944
946,5005.99,2.3717,0.5068,0.54639,0.79985,0.602,0.71117,0.42303,2.53097,0.51472,0.53408,0.00055945,0.00055945,0.00055945
947,5029.71,2.3775,0.5066,0.53481,0.8001,0.60168,0.71125,0.42257,2.53532,0.51547,0.5341,0.00054946,0.00054946,0.00054946
948,5033,2.5952,0.5318,0.5318,0.79977,0.59967,0.71137,0.42243,2.53831,0.51579,0.53404,0.00053947,0.00053947,0.00053947
949,5036.27,2.37361,0.51192,0.53134,0.80037,0.59967,0.71112,0.42311,2.52773,0.51405,0.53389,0.00052948,0.00052948,0.00052948
950,5040.34,2.51241,0.5523,0.55621,0.80116,0.59852,0.71123,0.42349,2.52493,0.51382,0.53379,0.00051949,0.00051949,0.00051949
951,5044.4,2.62094,0.54911,0.53577,0.80119,0.59775,0.71138,0.42393,2.52734,0.51498,0.53373,0.0005095,0.0005095,0.0005095
952,5048.28,2.19384,0.4871,0.53584,0.8007,0.59885,0.71266,0.42492,2.52875,0.51503,0.53368,0.00049951,0.00049951,0.00049951
953,5052.25,1.86094,0.47439,0.56522,0.80115,0.59995,0.71347,0.42501,2.53033,0.51474,0.5337,0.00048952,0.00048952,0.00048952
954,5056.16,2.64805,0.56188,0.53772,0.80223,0.59922,0.71379,0.42499,2.5315,0.51553,0.53374,0.00047953,0.00047953,0.00047953
955,5060.2,1.99013,0.49532,0.55521,0.803,0.59935,0.71449,0.42483,2.53546,0.51695,0.53379,0.00046954,0.00046954,0.00046954
956,5064.55,1.97565,0.48031,0.54614,0.79942,0.60146,0.71469,0.42353,2.5466,0.51886,0.53367,0.00045955,0.00045955,0.00045955
957,5093.11,1.96284,0.4752,0.54852,0.79987,0.60063,0.71379,0.42317,2.55001,0.51972,0.53372,0.00044956,0.00044956,0.00044956
958,5097.55,2.32209,0.49603,0.53486,0.80263,0.60146,0.71487,0.42248,2.56523,0.52266,0.53388,0.00043957,0.00043957,0.00043957
959,5100.75,2.59551,0.53688,0.5262,0.80315,0.60091,0.71522,0.42289,2.56114,0.52213,0.53385,0.00042958,0.00042958,0.00042958
960,5105.16,2.07747,0.48228,0.5468,0.79878,0.60008,0.71305,0.42213,2.56608,0.52378,0.53384,0.00041959,0.00041959,0.00041959
961,5108.59,2.34667,0.51823,0.52969,0.80101,0.6007,0.71411,0.42286,2.56245,0.52306,0.53379,0.0004096,0.0004096,0.0004096
962,5112.3,2.68098,0.54202,0.53068,0.80238,0.59922,0.7135,0.42396,2.55724,0.52157,0.53373,0.00039961,0.00039961,0.00039961
963,5116.34,1.98426,0.48125,0.55756,0.79837,0.60049,0.71291,0.423,2.56398,0.52237,0.53378,0.00038962,0.00038962,0.00038962
964,5119.86,2.1931,0.49542,0.53253,0.79875,0.60242,0.71429,0.42395,2.55776,0.52185,0.53376,0.00037963,0.00037963,0.00037963
965,5123.38,2.43336,0.51128,0.53631,0.79981,0.60281,0.71453,0.42505,2.5527,0.5212,0.53372,0.00036964,0.00036964,0.00036964
966,5127.69,2.48864,0.53581,0.54974,0.80234,0.60351,0.71499,0.42563,2.54691,0.52013,0.53369,0.00035965,0.00035965,0.00035965
967,5132.19,1.85044,0.45753,0.55367,0.80533,0.60132,0.71528,0.42583,2.54546,0.51991,0.53366,0.00034966,0.00034966,0.00034966
968,5136.18,1.88495,0.45814,0.54269,0.80763,0.60173,0.71514,0.42448,2.54691,0.52012,0.53363,0.00033967,0.00033967,0.00033967
969,5162.8,3.03606,0.6308,0.54511,0.807,0.60269,0.7152,0.42436,2.54527,0.51988,0.53363,0.00032968,0.00032968,0.00032968
970,5166.6,2.06171,0.48834,0.54623,0.80841,0.60283,0.71627,0.42533,2.53732,0.519,0.53349,0.00031969,0.00031969,0.00031969
971,5170.49,2.29401,0.49745,0.53429,0.80919,0.60228,0.71645,0.42523,2.53967,0.51948,0.53343,0.0003097,0.0003097,0.0003097
972,5174.5,2.435,0.54156,0.55231,0.80902,0.60308,0.7165,0.42485,2.54382,0.52026,0.53334,0.00029971,0.00029971,0.00029971
973,5178.69,2.54943,0.52513,0.53475,0.80826,0.60379,0.71665,0.42584,2.53712,0.51827,0.53348,0.00028972,0.00028972,0.00028972
974,5182.77,2.0939,0.49416,0.55,0.80944,0.60214,0.71658,0.42662,2.53675,0.51853,0.53321,0.00027973,0.00027973,0.00027973
975,5186.73,1.89135,0.4595,0.54329,0.80864,0.602,0.71685,0.42636,2.53875,0.51875,0.53319,0.00026974,0.00026974,0.00026974
976,5191.26,2.45888,0.5386,0.55226,0.80648,0.60228,0.71734,0.42592,2.54612,0.51992,0.5332,0.00025975,0.00025975,0.00025975
977,5195.97,2.05992,0.48813,0.55625,0.80934,0.60132,0.71727,0.42575,2.55083,0.52077,0.53322,0.00024976,0.00024976,0.00024976
978,5200.09,2.02423,0.49396,0.55837,0.80863,0.5994,0.71597,0.42367,2.56528,0.52306,0.53337,0.00023977,0.00023977,0.00023977
979,5204.27,2.06022,0.48022,0.54507,0.80637,0.59918,0.71567,0.42287,2.57135,0.52394,0.53344,0.00022978,0.00022978,0.00022978
980,5207.46,2.6887,0.55193,0.52925,0.80665,0.5994,0.71617,0.42424,2.55863,0.52253,0.53334,0.00021979,0.00021979,0.00021979
981,5232.86,2.3374,0.49142,0.52816,0.80598,0.59953,0.71624,0.42528,2.55187,0.52159,0.53331,0.0002098,0.0002098,0.0002098
982,5236.25,2.18449,0.49464,0.54844,0.80506,0.59967,0.71602,0.42618,2.54406,0.52054,0.53326,0.00019981,0.00019981,0.00019981
983,5240.31,1.99178,0.46581,0.53933,0.80403,0.59988,0.71512,0.42576,2.54698,0.52088,0.53327,0.00018982,0.00018982,0.00018982
984,5244.47,2.32348,0.50586,0.53608,0.80477,0.59995,0.71622,0.42578,2.54437,0.51953,0.53344,0.00017983,0.00017983,0.00017983
985,5248.28,2.46322,0.53851,0.54297,0.8041,0.59995,0.71626,0.42594,2.5448,0.51956,0.53344,0.00016984,0.00016984,0.00016984
986,5252.21,1.75901,0.44424,0.54166,0.80488,0.60008,0.71621,0.42493,2.55348,0.52124,0.53329,0.00015985,0.00015985,0.00015985
987,5256.27,2.08421,0.47634,0.54275,0.80381,0.5994,0.71543,0.42401,2.55704,0.52136,0.53332,0.00014986,0.00014986,0.00014986
988,5259.9,2.49941,0.54131,0.53878,0.80393,0.60007,0.71589,0.42516,2.55209,0.52052,0.53331,0.00013987,0.00013987,0.00013987
989,5263.99,2.29739,0.50515,0.5457,0.8027,0.60077,0.71582,0.42493,2.55379,0.52085,0.53334,0.00012988,0.00012988,0.00012988
990,5267.66,2.42727,0.53054,0.53892,0.8057,0.60061,0.71643,0.42555,2.54615,0.52,0.53326,0.00011989,0.00011989,0.00011989
991,5322.72,2.29279,0.50061,0.53755,0.80621,0.60036,0.71668,0.42588,2.54347,0.51976,0.53326,0.0001099,0.0001099,0.0001099
992,5326.83,2.47643,0.53175,0.53338,0.80567,0.60063,0.71644,0.42558,2.53966,0.51939,0.53324,9.991e-05,9.991e-05,9.991e-05
993,5330.04,2.49953,0.51422,0.53393,0.80562,0.60104,0.71651,0.42614,2.53478,0.51856,0.53323,8.992e-05,8.992e-05,8.992e-05
994,5334.3,2.01205,0.47344,0.54822,0.80421,0.60008,0.71526,0.4251,2.5381,0.51899,0.53326,7.993e-05,7.993e-05,7.993e-05
995,5338.06,2.24702,0.48429,0.53631,0.80325,0.59972,0.71489,0.4244,2.54338,0.51997,0.53328,6.994e-05,6.994e-05,6.994e-05
996,5342.12,1.85565,0.44742,0.54016,0.80391,0.59886,0.71449,0.42365,2.54813,0.52061,0.53329,5.995e-05,5.995e-05,5.995e-05
997,5346.25,2.94376,0.62415,0.5219,0.80422,0.59947,0.7141,0.42311,2.55123,0.52104,0.53331,4.996e-05,4.996e-05,4.996e-05
998,5349.78,3.18943,0.62729,0.51362,0.80362,0.60063,0.71439,0.42418,2.54315,0.51967,0.53326,3.997e-05,3.997e-05,3.997e-05
999,5353.54,2.94087,0.59225,0.52744,0.80497,0.60063,0.71457,0.42471,2.53916,0.5191,0.53325,2.998e-05,2.998e-05,2.998e-05
1000,5357.51,2.23677,0.5006,0.5435,0.80605,0.60081,0.71533,0.42598,2.53092,0.51798,0.53321,1.999e-05,1.999e-05,1.999e-05
