epoch,time,train/box_loss,train/cls_loss,train/dfl_loss,metrics/precision(B),metrics/recall(B),metrics/mAP50(B),metrics/mAP50-95(B),val/box_loss,val/cls_loss,val/dfl_loss,lr/pg0,lr/pg1,lr/pg2
1,10.0259,4.9957,3.59335,1.4858,0.03118,0.04366,0.01935,0.0047,4.93503,2.49627,1.15029,0.00022,0.00022,0.00022
2,19.6759,3.81976,1.70808,1.1452,0.17467,0.19055,0.10118,0.02574,3.9295,5.45878,1.01864,0.000459818,0.000459818,0.000459818
3,29.6089,3.27115,1.41627,1.04004,0.29607,0.30931,0.19201,0.06046,3.32417,11.2446,0.96609,0.000699446,0.000699446,0.000699446
4,39.1554,3.01639,1.27782,0.99149,0.28589,0.33278,0.19512,0.06576,3.0464,9.5041,0.94437,0.000938883,0.000938883,0.000938883
5,48.7718,2.92759,1.24549,1.00148,0.37546,0.35736,0.25798,0.08677,2.98024,7.05724,0.96765,0.00117813,0.00117813,0.00117813
6,58.1216,2.78539,1.20825,0.97204,0.34756,0.35956,0.2283,0.07685,2.94919,5.79254,0.97519,0.00141719,0.00141719,0.00141719
7,67.1371,2.73644,1.18437,0.95542,0.05353,0.07359,0.02839,0.01309,nan,nan,nan,0.00165606,0.00165606,0.00165606
8,76.2307,2.70809,1.13211,0.95016,0.36059,0.27306,0.21185,0.06501,3.34652,9.69256,1.08702,0.00189473,0.00189473,0.00189473
9,85.1919,2.69747,1.18814,0.96956,0.52645,0.34995,0.37665,0.13328,2.7599,3.50322,0.94672,0.00199366,0.00199366,0.00199366
10,94.5607,2.67096,1.12765,0.936,0.54691,0.35571,0.38476,0.127,2.95774,3.27468,0.96599,0.00199287,0.00199287,0.00199287
11,103.601,2.57869,1.06625,0.93474,0.61349,0.42863,0.46994,0.1674,2.70255,3.5369,0.9131,0.00199208,0.00199208,0.00199208
12,112.914,2.62488,1.08178,0.95859,0.57008,0.38701,0.40919,0.13855,2.88928,4.38487,0.94606,0.00199129,0.00199129,0.00199129
13,121.944,2.53921,1.06857,0.94528,0.5098,0.35434,0.37139,0.12614,2.85031,2.97419,0.89938,0.0019905,0.0019905,0.0019905
14,130.948,2.60114,1.07692,0.92925,0.54656,0.39621,0.42971,0.1623,2.62195,2.75236,0.87857,0.0019897,0.0019897,0.0019897
15,140.31,2.59647,1.03259,0.92917,0.54285,0.40513,0.42108,0.16695,2.49685,1.78695,0.88073,0.00198891,0.00198891,0.00198891
16,149.391,2.45866,1.0097,0.91781,0.53846,0.41084,0.43636,0.17289,2.44615,1.52454,0.86859,0.00198812,0.00198812,0.00198812
17,158.881,2.52602,1.01025,0.92818,0.53657,0.41063,0.42865,0.16541,2.53103,1.64324,0.87912,0.00198733,0.00198733,0.00198733
18,168.245,2.49756,1.02254,0.92049,0.51116,0.41708,0.40777,0.15272,2.51883,1.42754,0.86883,0.00198654,0.00198654,0.00198654
19,177.788,2.49604,1.03353,0.92506,0.58962,0.42037,0.45379,0.16821,2.70882,1.80189,0.90377,0.00198574,0.00198574,0.00198574
20,187.032,2.40765,1.00564,0.91768,0.62668,0.45263,0.50363,0.20359,2.48748,1.4811,0.87203,0.00198495,0.00198495,0.00198495
21,196.362,2.37264,0.99197,0.92211,0.58614,0.46513,0.50528,0.21202,2.40054,0.96579,0.86427,0.00198416,0.00198416,0.00198416
22,205.838,2.3685,0.97329,0.92574,0.61256,0.46815,0.5195,0.21951,2.38487,0.99884,0.86501,0.00198337,0.00198337,0.00198337
23,215.227,2.29863,0.93542,0.90985,0.63336,0.48435,0.53599,0.21095,2.40879,1.12462,0.86565,0.00198258,0.00198258,0.00198258
24,224.322,2.38233,0.96382,0.913,0.6042,0.4838,0.52333,0.20206,2.47091,1.13645,0.87106,0.00198178,0.00198178,0.00198178
25,233.461,2.35689,0.94136,0.91412,0.62444,0.46376,0.5192,0.21282,2.34323,1.16447,0.85894,0.00198099,0.00198099,0.00198099
26,242.535,2.27988,0.93077,0.91334,0.6304,0.47699,0.53687,0.22151,2.35812,1.10359,0.85823,0.0019802,0.0019802,0.0019802
27,252.225,2.2778,0.93626,0.89845,0.65387,0.4715,0.54766,0.21752,2.37514,0.96506,0.85656,0.00197941,0.00197941,0.00197941
28,261.213,2.31484,0.95025,0.91557,0.65495,0.46129,0.53696,0.22405,2.38668,1.03961,0.86012,0.00197862,0.00197862,0.00197862
29,270.685,2.28943,0.90923,0.90062,0.66766,0.48023,0.55498,0.23942,2.19869,0.93276,0.84909,0.00197782,0.00197782,0.00197782
30,280.398,2.21671,0.91527,0.90464,0.6725,0.4846,0.56046,0.24018,2.34071,1.07251,0.85656,0.00197703,0.00197703,0.00197703
31,289.985,2.27893,0.9185,0.89344,0.68964,0.50425,0.58661,0.24834,2.20276,0.93982,0.84868,0.00197624,0.00197624,0.00197624
32,299.548,2.27871,0.91169,0.89251,0.69628,0.50261,0.58313,0.25661,2.24193,1.01004,0.8529,0.00197545,0.00197545,0.00197545
33,309.018,2.29177,0.93894,0.90001,0.6574,0.48815,0.55274,0.22948,2.42219,0.98924,0.8627,0.00197466,0.00197466,0.00197466
34,318.04,2.31301,0.92283,0.89545,0.59216,0.49972,0.53047,0.21929,2.25288,0.89442,0.84958,0.00197386,0.00197386,0.00197386
35,327.301,2.29353,0.92403,0.89992,0.67149,0.47131,0.53883,0.22475,2.45734,1.24514,0.86686,0.00197307,0.00197307,0.00197307
36,336.231,2.31717,0.92808,0.91874,0.67922,0.46132,0.53376,0.22607,2.43902,1.34917,0.86844,0.00197228,0.00197228,0.00197228
37,345.397,2.22925,0.90673,0.89843,0.621,0.48341,0.53829,0.22223,2.21714,0.88921,0.85114,0.00197149,0.00197149,0.00197149
38,354.43,2.25095,0.91598,0.90815,0.63137,0.49808,0.56133,0.24944,2.17107,0.86669,0.84683,0.0019707,0.0019707,0.0019707
39,363.769,2.24914,0.90099,0.90423,0.69897,0.51236,0.58969,0.25787,2.23247,0.92489,0.85836,0.0019699,0.0019699,0.0019699
40,373.121,2.31035,0.92579,0.904,0.60493,0.47776,0.52238,0.19963,2.29819,0.85745,0.85098,0.00196911,0.00196911,0.00196911
41,382.149,2.4323,0.96164,0.90883,0.63724,0.5162,0.56953,0.24217,2.24889,0.84255,0.85558,0.00196832,0.00196832,0.00196832
42,391.308,2.33121,0.92134,0.90052,0.64245,0.47485,0.5309,0.21158,2.47343,0.97892,0.8667,0.00196753,0.00196753,0.00196753
43,400.54,2.45509,0.97094,0.91379,0.65164,0.47309,0.54026,0.2294,2.41371,0.98487,0.86634,0.00196674,0.00196674,0.00196674
44,409.726,2.28498,0.93276,0.911,0.62468,0.48874,0.54788,0.233,2.21447,0.89172,0.85183,0.00196594,0.00196594,0.00196594
45,418.856,2.24757,0.91847,0.90505,0.65612,0.50426,0.56987,0.24394,2.2069,0.92883,0.85156,0.00196515,0.00196515,0.00196515
46,428.027,2.23632,0.91021,0.88998,0.68674,0.50961,0.57906,0.25494,2.21766,1.05632,0.85399,0.00196436,0.00196436,0.00196436
47,437.109,2.18976,0.86416,0.88324,0.66768,0.51663,0.5849,0.26226,2.17411,0.82388,0.85269,0.00196357,0.00196357,0.00196357
48,446.451,2.17159,0.9046,0.90021,0.68252,0.51001,0.58346,0.26716,2.18849,0.82741,0.85417,0.00196278,0.00196278,0.00196278
49,455.901,2.14724,0.9077,0.90453,0.69442,0.52018,0.5918,0.27184,2.17681,0.89213,0.85095,0.00196198,0.00196198,0.00196198
50,465.201,2.12841,0.86619,0.90092,0.6883,0.53075,0.59731,0.27045,2.25908,0.87726,0.84989,0.00196119,0.00196119,0.00196119
51,474.421,2.17005,0.87154,0.89731,0.68636,0.51853,0.58974,0.26779,2.24054,0.84416,0.85146,0.0019604,0.0019604,0.0019604
52,483.293,2.23363,0.89074,0.89964,0.67702,0.48256,0.55142,0.238,2.36653,0.91238,0.8612,0.00195961,0.00195961,0.00195961
53,492.626,2.21329,0.88907,0.90142,0.6913,0.51743,0.58782,0.2621,2.1972,0.87114,0.85256,0.00195882,0.00195882,0.00195882
54,501.87,2.15941,0.8635,0.89243,0.70145,0.51963,0.59518,0.26137,2.19954,0.92047,0.8509,0.00195802,0.00195802,0.00195802
55,511.014,2.19444,0.89419,0.89658,0.68706,0.52004,0.59593,0.27022,2.13465,0.8668,0.84488,0.00195723,0.00195723,0.00195723
56,520.267,2.2158,0.88192,0.8791,0.69882,0.51936,0.59589,0.26498,2.15792,0.84614,0.84592,0.00195644,0.00195644,0.00195644
57,529.235,2.19359,0.87708,0.8938,0.71175,0.50494,0.58086,0.25871,2.25502,0.8776,0.85304,0.00195565,0.00195565,0.00195565
58,538.248,2.13479,0.85099,0.88935,0.71146,0.52444,0.60158,0.2697,2.1825,0.84213,0.8492,0.00195486,0.00195486,0.00195486
59,547.155,2.10431,0.85823,0.88717,0.66589,0.53048,0.59396,0.25772,2.11,0.80175,0.84232,0.00195406,0.00195406,0.00195406
60,556.096,2.12441,0.852,0.89298,0.6891,0.5254,0.59928,0.27425,2.09255,0.82395,0.84244,0.00195327,0.00195327,0.00195327
61,565.774,2.15866,0.85378,0.8919,0.70139,0.51467,0.59891,0.28192,2.06015,0.8434,0.84008,0.00195248,0.00195248,0.00195248
62,575.226,2.13685,0.85036,0.89333,0.72481,0.49972,0.59246,0.26341,2.22411,0.91571,0.85241,0.00195169,0.00195169,0.00195169
63,584.37,2.14989,0.85907,0.89219,0.69399,0.50813,0.59489,0.28057,2.06713,0.86065,0.84154,0.0019509,0.0019509,0.0019509
64,593.321,2.14526,0.88129,0.89552,0.7009,0.52142,0.60753,0.27488,2.12719,0.86992,0.84093,0.0019501,0.0019501,0.0019501
65,602.599,2.10121,0.85157,0.89392,0.71684,0.5109,0.60049,0.26611,2.21814,0.95517,0.84858,0.00194931,0.00194931,0.00194931
66,611.646,2.14449,0.86218,0.89208,0.70833,0.52046,0.60784,0.27085,2.16562,0.90417,0.84565,0.00194852,0.00194852,0.00194852
67,620.937,2.05204,0.83038,0.88973,0.71733,0.5173,0.60145,0.28,2.19975,0.88024,0.84856,0.00194773,0.00194773,0.00194773
68,629.952,2.07522,0.82285,0.89091,0.70911,0.5232,0.60401,0.28008,2.15784,0.83105,0.8469,0.00194694,0.00194694,0.00194694
69,639.114,2.06796,0.83989,0.88753,0.70077,0.51989,0.60617,0.28165,2.01898,0.78375,0.83928,0.00194614,0.00194614,0.00194614
70,647.95,2.07459,0.82985,0.88549,0.72274,0.5232,0.615,0.29068,2.11305,0.87435,0.84839,0.00194535,0.00194535,0.00194535
71,657.479,2.13259,0.86166,0.88025,0.64747,0.49671,0.56757,0.23173,2.13821,0.80927,0.84346,0.00194456,0.00194456,0.00194456
72,666.463,2.21535,0.90767,0.89063,0.63564,0.51469,0.57179,0.23778,2.1494,0.83044,0.84693,0.00194377,0.00194377,0.00194377
73,675.743,2.15399,0.87155,0.87915,0.70637,0.51702,0.60177,0.27183,2.22344,0.86148,0.8475,0.00194298,0.00194298,0.00194298
74,684.717,2.14248,0.85586,0.88557,0.70007,0.53353,0.61195,0.28862,2.07705,0.82245,0.84066,0.00194218,0.00194218,0.00194218
75,693.773,2.10939,0.86722,0.87282,0.67633,0.51318,0.58875,0.25903,2.03594,0.78191,0.83877,0.00194139,0.00194139,0.00194139
76,702.906,2.11378,0.86107,0.88718,0.7098,0.53492,0.61652,0.28387,2.01528,0.78462,0.83876,0.0019406,0.0019406,0.0019406
77,712.24,2.15113,0.86457,0.88866,0.70046,0.54447,0.61845,0.28508,2.11245,0.81541,0.84311,0.00193981,0.00193981,0.00193981
78,721.438,2.04106,0.8425,0.88317,0.69478,0.55299,0.62347,0.29847,1.98611,0.78609,0.83627,0.00193902,0.00193902,0.00193902
79,731.244,2.02023,0.82461,0.87824,0.71908,0.5265,0.61133,0.29301,2.05051,0.83164,0.84108,0.00193822,0.00193822,0.00193822
80,740.288,2.08632,0.85844,0.88204,0.69497,0.50078,0.58953,0.26537,2.04267,0.79715,0.83795,0.00193743,0.00193743,0.00193743
81,749.644,2.12008,0.85066,0.88646,0.72511,0.50837,0.6048,0.28187,2.09363,0.82491,0.8417,0.00193664,0.00193664,0.00193664
82,758.754,2.07459,0.84614,0.88403,0.71244,0.51768,0.60372,0.27539,2.16833,0.84353,0.84793,0.00193585,0.00193585,0.00193585
83,767.867,1.99949,0.81602,0.88407,0.70423,0.51153,0.60281,0.27629,1.96112,0.77383,0.83463,0.00193506,0.00193506,0.00193506
84,776.685,2.01026,0.82244,0.87239,0.69721,0.5197,0.60701,0.27979,1.95621,0.77686,0.83407,0.00193426,0.00193426,0.00193426
85,785.746,2.04983,0.81801,0.87328,0.71613,0.53322,0.62124,0.29309,2.01483,0.79681,0.83653,0.00193347,0.00193347,0.00193347
86,795.061,2.04903,0.82669,0.87986,0.7097,0.55042,0.63429,0.30629,2.01107,0.77697,0.83727,0.00193268,0.00193268,0.00193268
87,804.679,2.03133,0.82191,0.88043,0.69538,0.55066,0.62639,0.29939,1.95084,0.75693,0.83478,0.00193189,0.00193189,0.00193189
88,813.75,2.04877,0.83817,0.88014,0.71077,0.52842,0.60947,0.29019,2.05832,0.80131,0.84088,0.0019311,0.0019311,0.0019311
89,822.85,1.9737,0.8036,0.87675,0.7439,0.53048,0.62816,0.29601,2.00302,0.79303,0.83733,0.0019303,0.0019303,0.0019303
90,831.983,2.03861,0.81824,0.88595,0.71538,0.53336,0.6208,0.28403,2.02716,0.77785,0.83728,0.00192951,0.00192951,0.00192951
91,840.978,2.09032,0.83774,0.88397,0.73049,0.55109,0.63605,0.29477,2.09223,0.81941,0.84078,0.00192872,0.00192872,0.00192872
92,850.211,2.13967,0.85414,0.86814,0.6671,0.52718,0.59191,0.25108,2.12227,0.80797,0.84193,0.00192793,0.00192793,0.00192793
93,859.482,2.08194,0.84722,0.87939,0.71013,0.53281,0.62016,0.29238,2.00623,0.83252,0.83571,0.00192714,0.00192714,0.00192714
94,868.655,2.1278,0.86776,0.88983,0.71894,0.52279,0.61256,0.28721,2.1018,0.85492,0.8406,0.00192634,0.00192634,0.00192634
95,878.028,2.04516,0.81642,0.87777,0.69562,0.53089,0.61154,0.28404,1.97019,0.77377,0.83491,0.00192555,0.00192555,0.00192555
96,887.023,2.02373,0.83726,0.87712,0.72956,0.52883,0.62103,0.29746,2.0243,0.80522,0.83712,0.00192476,0.00192476,0.00192476
97,896.245,1.96574,0.79969,0.86829,0.71056,0.53968,0.62117,0.28306,1.96602,0.76597,0.83447,0.00192397,0.00192397,0.00192397
98,905.201,2.05068,0.83323,0.88575,0.72667,0.53507,0.62673,0.28993,1.97225,0.79755,0.83585,0.00192318,0.00192318,0.00192318
99,914.323,2.02619,0.81171,0.87867,0.73002,0.53226,0.6302,0.29823,2.03811,0.80146,0.83716,0.00192238,0.00192238,0.00192238
100,923.398,2.04086,0.82437,0.88323,0.66421,0.50837,0.58923,0.26146,2.04342,0.77829,0.83683,0.00192159,0.00192159,0.00192159
101,932.524,2.02279,0.80595,0.88205,0.71023,0.5293,0.61932,0.29825,2.03613,0.80255,0.83721,0.0019208,0.0019208,0.0019208
102,941.502,2.01891,0.80941,0.88028,0.73079,0.53597,0.62747,0.30058,2.00077,0.80323,0.8339,0.00192001,0.00192001,0.00192001
103,950.418,2.00333,0.79378,0.87711,0.69338,0.53748,0.61942,0.27989,1.98512,0.77031,0.83299,0.00191922,0.00191922,0.00191922
104,959.507,2.06801,0.8328,0.88655,0.73278,0.54544,0.63864,0.31075,1.9902,0.77182,0.83415,0.00191842,0.00191842,0.00191842
105,969.064,1.99968,0.79873,0.87272,0.68246,0.53858,0.61425,0.2752,2.01156,0.76396,0.83583,0.00191763,0.00191763,0.00191763
106,978.072,2.04587,0.81301,0.87481,0.68641,0.53881,0.61255,0.27071,2.05972,0.77834,0.8402,0.00191684,0.00191684,0.00191684
107,987.08,2.04795,0.81859,0.87492,0.72389,0.54854,0.63349,0.30256,2.05437,0.79684,0.83827,0.00191605,0.00191605,0.00191605
108,995.964,1.98644,0.8065,0.88747,0.71703,0.54756,0.63561,0.31035,1.96375,0.76103,0.83365,0.00191526,0.00191526,0.00191526
109,1005.06,2.0965,0.82236,0.87897,0.61776,0.50082,0.55148,0.23768,2.12306,0.81763,0.84047,0.00191446,0.00191446,0.00191446
110,1014.18,2.17543,0.87253,0.88953,0.6536,0.53185,0.59523,0.27599,2.02357,0.8095,0.83873,0.00191367,0.00191367,0.00191367
111,1023.4,2.14169,0.85112,0.8853,0.7042,0.49517,0.57906,0.25514,2.28082,0.95121,0.85135,0.00191288,0.00191288,0.00191288
112,1032.74,2.16826,0.85984,0.90068,0.69996,0.49561,0.57959,0.26275,2.16622,0.89198,0.84676,0.00191209,0.00191209,0.00191209
113,1041.68,2.05374,0.82891,0.88393,0.71049,0.53103,0.61771,0.28475,1.95797,0.75419,0.83668,0.0019113,0.0019113,0.0019113
114,1050.6,2.06608,0.83359,0.8809,0.69596,0.53542,0.61464,0.28723,1.96184,0.76057,0.83872,0.0019105,0.0019105,0.0019105
115,1059.5,2.05344,0.83215,0.8835,0.71077,0.54297,0.62487,0.29014,1.97731,0.73822,0.83363,0.00190971,0.00190971,0.00190971
116,1068.41,2.01419,0.80605,0.87394,0.70813,0.55464,0.63446,0.3071,1.90348,0.72433,0.8297,0.00190892,0.00190892,0.00190892
117,1077.37,1.9742,0.79017,0.87632,0.69878,0.54942,0.6283,0.30175,1.92391,0.74518,0.83234,0.00190813,0.00190813,0.00190813
118,1086.1,1.98954,0.79818,0.88127,0.71082,0.54668,0.63084,0.30162,1.95715,0.76061,0.83428,0.00190734,0.00190734,0.00190734
119,1095.16,2.04559,0.81789,0.88868,0.7133,0.52622,0.60942,0.27581,2.15915,0.81993,0.84606,0.00190654,0.00190654,0.00190654
120,1104.28,2.08508,0.83266,0.88672,0.70242,0.54506,0.62023,0.29257,2.01297,0.79694,0.83949,0.00190575,0.00190575,0.00190575
121,1113.48,2.03154,0.82348,0.88655,0.70152,0.53273,0.61673,0.29143,1.97904,0.80297,0.83468,0.00190496,0.00190496,0.00190496
122,1122.84,2.0153,0.81547,0.87143,0.73784,0.52444,0.61623,0.29015,2.06206,0.8605,0.83838,0.00190417,0.00190417,0.00190417
123,1131.91,2.01546,0.83479,0.88456,0.73247,0.52736,0.62171,0.29512,2.04853,0.77067,0.83653,0.00190338,0.00190338,0.00190338
124,1141.02,2.02821,0.81101,0.87863,0.71155,0.53432,0.62331,0.30247,1.94689,0.77293,0.83236,0.00190258,0.00190258,0.00190258
125,1150.16,1.97999,0.79851,0.87037,0.70686,0.55272,0.63093,0.29135,1.97019,0.75402,0.83301,0.00190179,0.00190179,0.00190179
126,1159.22,1.94809,0.79578,0.88067,0.73266,0.55008,0.63875,0.31009,1.94785,0.75256,0.83293,0.001901,0.001901,0.001901
127,1168.26,2.00433,0.80996,0.87752,0.71012,0.53205,0.61722,0.29117,1.97817,0.76697,0.83463,0.00190021,0.00190021,0.00190021
128,1177.49,1.97907,0.81012,0.87342,0.70875,0.53899,0.62632,0.29139,1.90955,0.74029,0.82923,0.00189942,0.00189942,0.00189942
129,1186.65,1.97657,0.79386,0.87123,0.70697,0.55903,0.63675,0.30608,1.91396,0.76189,0.83147,0.00189862,0.00189862,0.00189862
130,1195.65,1.95221,0.80344,0.87324,0.72445,0.55622,0.64195,0.30926,1.88103,0.76506,0.82849,0.00189783,0.00189783,0.00189783
131,1204.76,1.93541,0.79336,0.87445,0.70508,0.51661,0.60632,0.27707,1.92144,0.73832,0.82934,0.00189704,0.00189704,0.00189704
132,1214.29,1.97345,0.81039,0.86789,0.70988,0.5462,0.63132,0.29848,1.91224,0.72559,0.8292,0.00189625,0.00189625,0.00189625
133,1223.33,1.96886,0.77887,0.86446,0.74551,0.55298,0.64407,0.30892,1.95487,0.7473,0.82996,0.00189546,0.00189546,0.00189546
134,1232.41,1.93382,0.78562,0.87481,0.73782,0.56164,0.64938,0.31466,1.95642,0.78851,0.83062,0.00189466,0.00189466,0.00189466
135,1241.94,1.98869,0.79294,0.87144,0.73303,0.5615,0.6442,0.30893,2.01664,0.78932,0.83542,0.00189387,0.00189387,0.00189387
136,1250.88,1.97509,0.78994,0.8691,0.73138,0.55437,0.64308,0.31785,1.90485,0.73195,0.82847,0.00189308,0.00189308,0.00189308
137,1260.58,1.94767,0.77721,0.86183,0.7371,0.54696,0.64047,0.31145,2.00759,0.74377,0.83514,0.00189229,0.00189229,0.00189229
138,1269.75,1.93989,0.78185,0.88402,0.73436,0.55945,0.64443,0.31401,2.01702,0.76244,0.8347,0.0018915,0.0018915,0.0018915
139,1278.8,1.92004,0.7717,0.86586,0.7187,0.56577,0.64854,0.32084,1.88514,0.72002,0.82802,0.0018907,0.0018907,0.0018907
140,1288.3,1.95454,0.76844,0.86622,0.74148,0.56782,0.65518,0.32502,1.92579,0.7302,0.82901,0.00188991,0.00188991,0.00188991
141,1297.74,1.87096,0.76561,0.8732,0.7315,0.55423,0.64286,0.31116,1.91757,0.72784,0.82994,0.00188912,0.00188912,0.00188912
142,1306.95,1.93529,0.79108,0.86592,0.72471,0.55217,0.63941,0.306,1.98663,0.74848,0.83292,0.00188833,0.00188833,0.00188833
143,1316.07,1.95939,0.78277,0.876,0.71665,0.55104,0.63522,0.30419,1.9701,0.78516,0.82983,0.00188754,0.00188754,0.00188754
144,1325.29,1.98031,0.79967,0.87548,0.7034,0.5499,0.63075,0.29003,1.95681,0.78169,0.82845,0.00188674,0.00188674,0.00188674
145,1334.1,1.89405,0.76818,0.86437,0.7484,0.55578,0.64672,0.32301,1.92875,0.75225,0.82681,0.00188595,0.00188595,0.00188595
146,1343.29,1.94148,0.77885,0.86651,0.73176,0.55368,0.63919,0.31248,1.99941,0.76569,0.83014,0.00188516,0.00188516,0.00188516
147,1352.39,1.93927,0.77543,0.86902,0.73224,0.57262,0.65429,0.31816,1.93112,0.76613,0.82724,0.00188437,0.00188437,0.00188437
148,1361.47,1.94774,0.77246,0.8632,0.72612,0.56416,0.64815,0.3162,1.88979,0.75761,0.82789,0.00188358,0.00188358,0.00188358
149,1370.81,1.93892,0.76932,0.86753,0.72199,0.55227,0.63917,0.31638,1.87704,0.74313,0.82538,0.00188278,0.00188278,0.00188278
150,1379.86,1.92606,0.76746,0.85669,0.74703,0.53913,0.63393,0.31207,1.97441,0.79301,0.82839,0.00188199,0.00188199,0.00188199
151,1388.93,1.92591,0.76999,0.8677,0.75089,0.55917,0.64563,0.31485,1.96959,0.7961,0.82932,0.0018812,0.0018812,0.0018812
152,1397.9,1.91467,0.76428,0.86022,0.75546,0.55588,0.6491,0.32213,1.8887,0.77286,0.82823,0.00188041,0.00188041,0.00188041
153,1407.01,1.92854,0.78149,0.87784,0.73758,0.56027,0.6455,0.31446,1.95244,0.72415,0.82854,0.00187962,0.00187962,0.00187962
154,1415.99,1.91598,0.76761,0.87068,0.72164,0.56068,0.64688,0.31471,1.85622,0.70665,0.82675,0.00187882,0.00187882,0.00187882
155,1425.05,1.9231,0.76713,0.87017,0.74781,0.57468,0.65636,0.31964,1.87264,0.71755,0.82838,0.00187803,0.00187803,0.00187803
156,1434.38,1.98067,0.78598,0.87283,0.75767,0.56425,0.65182,0.31682,1.91463,0.74562,0.82867,0.00187724,0.00187724,0.00187724
157,1443.86,1.98248,0.78941,0.86755,0.70453,0.56205,0.6339,0.28974,1.97319,0.74528,0.82894,0.00187645,0.00187645,0.00187645
158,1452.83,2.03123,0.78765,0.86775,0.70794,0.55442,0.62936,0.28806,2.00062,0.75328,0.83228,0.00187566,0.00187566,0.00187566
159,1462.13,2.00724,0.80189,0.87172,0.71687,0.54365,0.62673,0.30403,2.05486,0.76069,0.83498,0.00187486,0.00187486,0.00187486
160,1471.22,1.91891,0.77419,0.87772,0.71103,0.56013,0.63989,0.3077,1.94808,0.73314,0.83087,0.00187407,0.00187407,0.00187407
161,1480.37,1.92993,0.77746,0.86467,0.73337,0.55025,0.64416,0.31027,1.90008,0.81994,0.82767,0.00187328,0.00187328,0.00187328
162,1489.64,1.92676,0.78763,0.86636,0.7328,0.55045,0.64355,0.31446,1.88339,0.82707,0.82712,0.00187249,0.00187249,0.00187249
163,1498.69,1.92934,0.76707,0.865,0.73319,0.56398,0.6461,0.31183,1.95992,0.75645,0.83205,0.0018717,0.0018717,0.0018717
164,1507.84,1.91458,0.77449,0.87167,0.73063,0.55558,0.63601,0.30196,2.0431,0.78524,0.83671,0.0018709,0.0018709,0.0018709
165,1517.12,1.9478,0.79245,0.86926,0.73137,0.57482,0.65479,0.31577,1.89224,0.71546,0.82899,0.00187011,0.00187011,0.00187011
166,1526.34,1.99315,0.78879,0.86546,0.74613,0.55011,0.64566,0.31181,1.9246,0.74332,0.82898,0.00186932,0.00186932,0.00186932
167,1535.72,1.9104,0.76024,0.86338,0.75532,0.5545,0.65256,0.32394,1.87678,0.73752,0.82572,0.00186853,0.00186853,0.00186853
168,1544.55,1.92343,0.7694,0.86897,0.75176,0.55697,0.65177,0.32261,1.90923,0.74551,0.82811,0.00186774,0.00186774,0.00186774
169,1554.08,1.93326,0.76523,0.87161,0.73561,0.57661,0.65785,0.31615,1.88946,0.72277,0.82585,0.00186694,0.00186694,0.00186694
170,1563.32,1.97877,0.77138,0.8677,0.72531,0.57084,0.65116,0.30966,1.94566,0.74093,0.8272,0.00186615,0.00186615,0.00186615
171,1572.36,1.97699,0.78286,0.8753,0.75145,0.54585,0.64301,0.31253,1.98179,0.76549,0.83133,0.00186536,0.00186536,0.00186536
172,1581.41,1.97349,0.78891,0.87107,0.73288,0.55368,0.64263,0.31755,1.83573,0.7115,0.82603,0.00186457,0.00186457,0.00186457
173,1590.6,2.01915,0.79411,0.86616,0.70223,0.5464,0.62918,0.29027,1.99121,0.73715,0.83116,0.00186378,0.00186378,0.00186378
174,1599.4,1.98304,0.78759,0.86473,0.75204,0.5556,0.64862,0.31517,1.98894,0.74765,0.82848,0.00186298,0.00186298,0.00186298
175,1608.62,1.99374,0.7892,0.87118,0.74929,0.5615,0.65012,0.31853,1.91756,0.72306,0.82791,0.00186219,0.00186219,0.00186219
176,1617.82,1.89002,0.75961,0.86637,0.72964,0.5508,0.63739,0.30813,1.87385,0.71348,0.82615,0.0018614,0.0018614,0.0018614
177,1627.01,1.9831,0.77335,0.86133,0.73975,0.55546,0.64307,0.3132,1.85226,0.71098,0.82649,0.00186061,0.00186061,0.00186061
178,1636.03,1.88671,0.76619,0.87053,0.73422,0.56411,0.6499,0.31589,1.84521,0.71488,0.82655,0.00185982,0.00185982,0.00185982
179,1645.08,1.87536,0.74961,0.86622,0.74622,0.55862,0.65316,0.32169,1.84205,0.70868,0.82525,0.00185902,0.00185902,0.00185902
180,1654.13,1.85049,0.74106,0.86727,0.74279,0.55958,0.65529,0.32349,1.81636,0.69639,0.8236,0.00185823,0.00185823,0.00185823
181,1663.45,1.90564,0.75493,0.85542,0.74286,0.56837,0.6592,0.32725,1.8024,0.69101,0.82197,0.00185744,0.00185744,0.00185744
182,1672.74,1.86435,0.75069,0.86223,0.76174,0.56138,0.65872,0.33194,1.86968,0.72964,0.82329,0.00185665,0.00185665,0.00185665
183,1682.28,1.94384,0.76048,0.8663,0.74217,0.55189,0.64472,0.32113,1.95407,0.71903,0.82585,0.00185586,0.00185586,0.00185586
184,1691.5,1.91765,0.76548,0.85891,0.73596,0.55986,0.65075,0.3262,1.85166,0.70587,0.82184,0.00185506,0.00185506,0.00185506
185,1700.54,1.94624,0.76477,0.85851,0.75347,0.58182,0.66696,0.33297,1.89086,0.75771,0.82391,0.00185427,0.00185427,0.00185427
186,1709.9,1.86661,0.74812,0.86354,0.75512,0.57109,0.66443,0.32896,1.91105,0.773,0.82623,0.00185348,0.00185348,0.00185348
187,1719.59,1.8624,0.74833,0.8688,0.73723,0.57482,0.6609,0.3339,1.81174,0.7044,0.82101,0.00185269,0.00185269,0.00185269
188,1728.99,1.87132,0.76048,0.8691,0.74319,0.57921,0.66457,0.33602,1.82288,0.70113,0.82174,0.0018519,0.0018519,0.0018519
189,1738.46,1.88268,0.74518,0.85216,0.74402,0.57455,0.65903,0.32184,1.91131,0.73137,0.82526,0.0018511,0.0018511,0.0018511
190,1747.58,1.88747,0.73844,0.85887,0.74399,0.5729,0.65942,0.3286,1.83933,0.71923,0.8229,0.00185031,0.00185031,0.00185031
191,1756.63,1.85096,0.742,0.86461,0.75535,0.56374,0.65459,0.32505,1.90937,0.72211,0.8266,0.00184952,0.00184952,0.00184952
192,1765.46,1.87995,0.74416,0.85876,0.72873,0.56164,0.64836,0.31739,1.85536,0.70256,0.82483,0.00184873,0.00184873,0.00184873
193,1774.81,1.93097,0.76496,0.87383,0.74347,0.57976,0.66674,0.32872,1.78491,0.67875,0.82031,0.00184794,0.00184794,0.00184794
194,1784.06,1.81888,0.73238,0.862,0.75815,0.58487,0.67357,0.33291,1.80825,0.68514,0.82119,0.00184714,0.00184714,0.00184714
195,1793.59,1.88887,0.7577,0.86238,0.77034,0.58141,0.67332,0.33461,1.80378,0.70099,0.82295,0.00184635,0.00184635,0.00184635
196,1802.84,1.86464,0.74318,0.85547,0.75817,0.57523,0.66632,0.32769,1.81768,0.7008,0.82287,0.00184556,0.00184556,0.00184556
197,1812.18,1.93063,0.76102,0.85687,0.75052,0.57359,0.66417,0.32908,1.83525,0.70001,0.82249,0.00184477,0.00184477,0.00184477
198,1821.05,1.83166,0.74442,0.87564,0.76622,0.57098,0.66358,0.32626,1.93334,0.7265,0.8264,0.00184398,0.00184398,0.00184398
199,1830.42,1.88447,0.73373,0.86039,0.74544,0.57757,0.66721,0.3338,1.7941,0.68306,0.82031,0.00184318,0.00184318,0.00184318
200,1839.8,1.96341,0.76723,0.85501,0.74334,0.57773,0.66706,0.3291,1.84054,0.69518,0.82207,0.00184239,0.00184239,0.00184239
201,1849.04,1.93478,0.75094,0.86182,0.75922,0.5688,0.65996,0.32851,1.89254,0.71599,0.8261,0.0018416,0.0018416,0.0018416
202,1858.37,1.86001,0.74996,0.86434,0.76194,0.5729,0.6649,0.33813,1.79559,0.68511,0.82304,0.00184081,0.00184081,0.00184081
203,1867.73,1.85325,0.74885,0.86165,0.73602,0.57468,0.66175,0.32952,1.80691,0.68427,0.82251,0.00184002,0.00184002,0.00184002
204,1876.68,1.85889,0.74425,0.86975,0.74512,0.57523,0.65925,0.32397,1.87707,0.71523,0.82501,0.00183922,0.00183922,0.00183922
205,1886,1.90605,0.74969,0.86306,0.74132,0.57798,0.66561,0.33985,1.76088,0.67772,0.82009,0.00183843,0.00183843,0.00183843
206,1895.69,1.88086,0.74405,0.85556,0.73832,0.57537,0.66569,0.33442,1.74171,0.66857,0.81926,0.00183764,0.00183764,0.00183764
207,1904.65,1.8873,0.77079,0.87028,0.76612,0.56988,0.66489,0.33512,1.84974,0.69318,0.82384,0.00183685,0.00183685,0.00183685
208,1913.85,1.90022,0.74886,0.86911,0.77109,0.57438,0.66913,0.33873,1.82683,0.69122,0.82246,0.00183606,0.00183606,0.00183606
209,1923.34,1.89217,0.74047,0.85587,0.75308,0.57825,0.67012,0.33565,1.79791,0.69088,0.82088,0.00183526,0.00183526,0.00183526
210,1932.6,1.89646,0.74731,0.86125,0.7669,0.57769,0.6715,0.3379,1.79212,0.69414,0.82056,0.00183447,0.00183447,0.00183447
211,1941.67,1.86323,0.7375,0.86136,0.75783,0.54948,0.65412,0.33033,1.75257,0.69819,0.82102,0.00183368,0.00183368,0.00183368
212,1950.69,1.86743,0.73959,0.85094,0.74864,0.54846,0.65077,0.32517,1.7872,0.69901,0.82288,0.00183289,0.00183289,0.00183289
213,1959.86,1.82647,0.72595,0.86162,0.76407,0.56287,0.66409,0.34034,1.79943,0.6902,0.8221,0.0018321,0.0018321,0.0018321
214,1969.41,1.83203,0.72384,0.85564,0.74691,0.56964,0.66428,0.33636,1.76917,0.6795,0.82105,0.0018313,0.0018313,0.0018313
215,1978.65,1.86436,0.72822,0.85632,0.76584,0.56934,0.66911,0.34162,1.7586,0.66469,0.82037,0.00183051,0.00183051,0.00183051
216,1988.35,1.85002,0.73406,0.85385,0.76483,0.56919,0.66589,0.3432,1.76924,0.66813,0.82001,0.00182972,0.00182972,0.00182972
217,1998.01,1.8362,0.7243,0.85784,0.77288,0.57921,0.67312,0.33872,1.81264,0.67602,0.82133,0.00182893,0.00182893,0.00182893
218,2006.89,1.78854,0.70991,0.86084,0.76401,0.58429,0.67889,0.34725,1.76242,0.65901,0.8202,0.00182814,0.00182814,0.00182814
219,2016.37,1.83946,0.73081,0.86423,0.74668,0.5858,0.67519,0.34551,1.7566,0.6649,0.82038,0.00182734,0.00182734,0.00182734
220,2025.71,1.87421,0.75359,0.86351,0.74219,0.57674,0.6678,0.33469,1.76114,0.67626,0.81984,0.00182655,0.00182655,0.00182655
221,2034.92,1.81585,0.72324,0.85996,0.74877,0.5718,0.66447,0.32986,1.80591,0.6875,0.82206,0.00182576,0.00182576,0.00182576
222,2043.77,1.8859,0.74796,0.85306,0.75558,0.57002,0.66641,0.32992,1.81624,0.68501,0.82363,0.00182497,0.00182497,0.00182497
223,2053,1.8862,0.74762,0.86535,0.75692,0.56013,0.64498,0.31047,1.9546,0.7192,0.8293,0.00182418,0.00182418,0.00182418
224,2062.16,1.8281,0.71392,0.85665,0.75591,0.56928,0.65346,0.31758,1.92542,0.70624,0.82822,0.00182338,0.00182338,0.00182338
225,2071.43,1.88287,0.74068,0.85279,0.7739,0.58045,0.67282,0.3483,1.73268,0.66536,0.81912,0.00182259,0.00182259,0.00182259
226,2080.79,1.86282,0.72641,0.86217,0.77569,0.55986,0.64859,0.31331,1.86141,0.70645,0.82737,0.0018218,0.0018218,0.0018218
227,2089.99,1.85976,0.73208,0.86505,0.75642,0.58457,0.67339,0.34758,1.72738,0.65816,0.81855,0.00182101,0.00182101,0.00182101
228,2099.02,1.82648,0.73486,0.85972,0.74016,0.59185,0.67647,0.34607,1.72402,0.65576,0.81766,0.00182022,0.00182022,0.00182022
229,2108.27,1.85376,0.72947,0.85633,0.74866,0.58745,0.67598,0.34263,1.78944,0.67901,0.82039,0.00181942,0.00181942,0.00181942
230,2117.53,1.88827,0.7399,0.86057,0.73649,0.58292,0.66813,0.33454,1.8014,0.674,0.81986,0.00181863,0.00181863,0.00181863
231,2126.88,1.8709,0.74308,0.86594,0.75435,0.58939,0.67502,0.34384,1.85773,0.69553,0.82144,0.00181784,0.00181784,0.00181784
232,2135.87,1.8857,0.7371,0.85383,0.75691,0.59583,0.67851,0.33939,1.91297,0.72255,0.82479,0.00181705,0.00181705,0.00181705
233,2145.18,1.87181,0.74382,0.8547,0.74504,0.58278,0.66894,0.33244,1.81016,0.68767,0.82352,0.00181626,0.00181626,0.00181626
234,2154.46,1.90929,0.75477,0.86139,0.75552,0.56741,0.65988,0.33001,1.79303,0.69053,0.8234,0.00181546,0.00181546,0.00181546
235,2163.62,1.87117,0.7464,0.86676,0.75506,0.55519,0.64946,0.31741,1.9311,0.72189,0.83019,0.00181467,0.00181467,0.00181467
236,2172.9,1.88041,0.74104,0.86058,0.75005,0.56851,0.65731,0.32252,1.91868,0.7064,0.82736,0.00181388,0.00181388,0.00181388
237,2182.26,1.97057,0.77112,0.86062,0.74313,0.58759,0.66978,0.34236,1.78809,0.68149,0.81982,0.00181309,0.00181309,0.00181309
238,2191.19,1.85612,0.72693,0.85434,0.74866,0.5856,0.67174,0.33916,1.83188,0.71255,0.82176,0.0018123,0.0018123,0.0018123
239,2200.64,1.82124,0.74563,0.85744,0.76203,0.58908,0.67727,0.33869,1.83943,0.69043,0.82156,0.0018115,0.0018115,0.0018115
240,2209.58,1.84401,0.73319,0.85917,0.7686,0.58333,0.67432,0.33423,1.84218,0.69223,0.82179,0.00181071,0.00181071,0.00181071
241,2218.69,1.86885,0.74259,0.85007,0.77064,0.58766,0.67415,0.34165,1.80524,0.68254,0.82012,0.00180992,0.00180992,0.00180992
242,2227.75,1.85248,0.72657,0.85939,0.7646,0.59253,0.67813,0.34435,1.76174,0.6722,0.81812,0.00180913,0.00180913,0.00180913
243,2237.2,1.90746,0.75664,0.85331,0.75322,0.58869,0.67244,0.34348,1.75548,0.68557,0.81825,0.00180834,0.00180834,0.00180834
244,2246.38,1.80207,0.72443,0.86744,0.74821,0.58826,0.67309,0.34958,1.73227,0.67096,0.8173,0.00180754,0.00180754,0.00180754
245,2256.05,1.81623,0.72591,0.85921,0.75659,0.58224,0.67369,0.34617,1.75296,0.67433,0.81833,0.00180675,0.00180675,0.00180675
246,2265.01,1.77803,0.71619,0.86158,0.76035,0.59857,0.67751,0.34082,1.81541,0.69128,0.81984,0.00180596,0.00180596,0.00180596
247,2274.4,1.8092,0.72194,0.85418,0.76663,0.59926,0.68161,0.34846,1.76668,0.6771,0.81956,0.00180517,0.00180517,0.00180517
248,2283.54,1.85552,0.72664,0.85006,0.75889,0.5933,0.67757,0.34486,1.82455,0.69133,0.8219,0.00180438,0.00180438,0.00180438
249,2292.64,1.83633,0.74021,0.8556,0.74751,0.58771,0.67481,0.35043,1.74626,0.66579,0.81624,0.00180358,0.00180358,0.00180358
250,2302.06,1.86003,0.73339,0.85746,0.74655,0.57757,0.66781,0.34094,1.75444,0.66308,0.8187,0.00180279,0.00180279,0.00180279
251,2311.13,1.81403,0.72358,0.85535,0.76357,0.56054,0.65551,0.33602,1.78023,0.69702,0.82199,0.001802,0.001802,0.001802
252,2320.07,1.81707,0.71802,0.86153,0.74648,0.56452,0.66023,0.32721,1.75846,0.67305,0.81956,0.00180121,0.00180121,0.00180121
253,2329.2,1.89427,0.76017,0.86724,0.76304,0.58649,0.67456,0.33842,1.86277,0.69716,0.82279,0.00180042,0.00180042,0.00180042
254,2338.54,1.90109,0.74161,0.85625,0.77963,0.574,0.67082,0.33089,1.88915,0.711,0.82498,0.00179962,0.00179962,0.00179962
255,2347.82,1.85268,0.74156,0.86088,0.75234,0.5751,0.66255,0.33394,1.76701,0.68576,0.82038,0.00179883,0.00179883,0.00179883
256,2356.99,1.83819,0.73436,0.85875,0.76721,0.58443,0.67333,0.34851,1.74939,0.67616,0.81892,0.00179804,0.00179804,0.00179804
257,2365.99,1.86633,0.73431,0.85897,0.75906,0.58155,0.67308,0.3443,1.75202,0.66065,0.82087,0.00179725,0.00179725,0.00179725
258,2374.96,1.8197,0.71772,0.85705,0.76323,0.5648,0.66177,0.33853,1.72243,0.66656,0.81929,0.00179646,0.00179646,0.00179646
259,2384.35,1.85171,0.72497,0.85797,0.75087,0.58343,0.67363,0.34618,1.71681,0.65522,0.81783,0.00179566,0.00179566,0.00179566
260,2393.38,1.80534,0.72848,0.85391,0.75357,0.59951,0.68269,0.3487,1.73317,0.65691,0.81761,0.00179487,0.00179487,0.00179487
261,2402.56,1.84847,0.7286,0.86074,0.77356,0.59363,0.67877,0.34665,1.76262,0.6722,0.82044,0.00179408,0.00179408,0.00179408
262,2411.36,1.76682,0.71734,0.85923,0.77027,0.57999,0.66608,0.33547,1.79842,0.69982,0.82244,0.00179329,0.00179329,0.00179329
263,2420.71,1.83389,0.74123,0.86363,0.76172,0.58841,0.67314,0.34336,1.74653,0.67168,0.819,0.0017925,0.0017925,0.0017925
264,2429.87,1.89865,0.75134,0.85896,0.77257,0.5848,0.67203,0.34382,1.75642,0.67819,0.81888,0.0017917,0.0017917,0.0017917
265,2439.26,1.89166,0.74475,0.85358,0.77759,0.58004,0.67622,0.34432,1.80515,0.69462,0.82028,0.00179091,0.00179091,0.00179091
266,2448.18,1.82606,0.72489,0.85415,0.75692,0.58388,0.67675,0.34799,1.72105,0.65592,0.81655,0.00179012,0.00179012,0.00179012
267,2457.45,1.85901,0.7439,0.85996,0.75268,0.57455,0.66092,0.3418,1.7433,0.67004,0.8201,0.00178933,0.00178933,0.00178933
268,2466.59,1.8295,0.72546,0.85444,0.75036,0.57688,0.65808,0.3356,1.78667,0.68239,0.82164,0.00178854,0.00178854,0.00178854
269,2475.9,1.82846,0.7338,0.85767,0.75444,0.59347,0.68195,0.34941,1.72237,0.65716,0.81845,0.00178774,0.00178774,0.00178774
270,2485.25,1.82637,0.72798,0.85065,0.75933,0.58865,0.68043,0.34895,1.72044,0.65485,0.81866,0.00178695,0.00178695,0.00178695
271,2494.19,1.77041,0.7357,0.86638,0.76902,0.58114,0.67654,0.34892,1.77485,0.66358,0.82053,0.00178616,0.00178616,0.00178616
272,2503.41,1.91401,0.75992,0.86178,0.75073,0.57647,0.67052,0.34324,1.758,0.66545,0.81739,0.00178537,0.00178537,0.00178537
273,2512.6,1.79587,0.72981,0.86441,0.73968,0.56466,0.65658,0.33736,1.7557,0.69332,0.81709,0.00178458,0.00178458,0.00178458
274,2521.49,1.86819,0.74744,0.85823,0.76302,0.5795,0.67095,0.33652,1.84213,0.7301,0.82064,0.00178378,0.00178378,0.00178378
275,2530.59,1.84672,0.74327,0.85843,0.7563,0.59478,0.67918,0.34896,1.7664,0.67439,0.81974,0.00178299,0.00178299,0.00178299
276,2540,1.83811,0.732,0.84966,0.76326,0.59443,0.68142,0.35127,1.73872,0.66822,0.81919,0.0017822,0.0017822,0.0017822
277,2549.54,1.81182,0.72103,0.85994,0.76829,0.59308,0.68077,0.34221,1.82819,0.70357,0.82135,0.00178141,0.00178141,0.00178141
278,2558.44,1.83841,0.73283,0.85638,0.76442,0.59337,0.68496,0.35122,1.701,0.65635,0.81602,0.00178062,0.00178062,0.00178062
279,2567.82,1.84272,0.73249,0.85761,0.7497,0.56542,0.66225,0.33369,1.73103,0.66194,0.81859,0.00177982,0.00177982,0.00177982
280,2577.03,1.85729,0.737,0.85949,0.75392,0.56425,0.66405,0.33977,1.71569,0.65798,0.81886,0.00177903,0.00177903,0.00177903
281,2586.22,1.82467,0.7362,0.86274,0.74687,0.57359,0.66927,0.34041,1.73508,0.66351,0.81628,0.00177824,0.00177824,0.00177824
282,2595.18,1.79338,0.7224,0.85587,0.76474,0.59116,0.68262,0.34792,1.78454,0.6848,0.81771,0.00177745,0.00177745,0.00177745
283,2604.16,1.75125,0.71144,0.86129,0.77033,0.5961,0.68615,0.35218,1.78221,0.68837,0.81762,0.00177666,0.00177666,0.00177666
284,2613.59,1.78986,0.71752,0.85971,0.77705,0.59226,0.68622,0.35167,1.78468,0.68358,0.81761,0.00177586,0.00177586,0.00177586
285,2622.63,1.78582,0.71354,0.85859,0.768,0.57764,0.66837,0.33011,1.92135,0.73193,0.82329,0.00177507,0.00177507,0.00177507
286,2631.79,1.81507,0.72688,0.85924,0.76376,0.57674,0.67764,0.34839,1.73659,0.66828,0.81517,0.00177428,0.00177428,0.00177428
287,2641.18,1.86123,0.73559,0.84921,0.76351,0.58979,0.68421,0.35322,1.72353,0.66804,0.81666,0.00177349,0.00177349,0.00177349
288,2650.8,1.81921,0.7238,0.8537,0.77711,0.58278,0.68211,0.35175,1.74072,0.67096,0.81815,0.0017727,0.0017727,0.0017727
289,2660.26,1.81354,0.70418,0.8538,0.76798,0.57523,0.67541,0.35254,1.66097,0.64057,0.81387,0.0017719,0.0017719,0.0017719
290,2669.52,1.78085,0.70342,0.85449,0.77449,0.57192,0.67366,0.35504,1.66855,0.64183,0.81422,0.00177111,0.00177111,0.00177111
291,2678.96,1.80953,0.70262,0.84915,0.76672,0.58731,0.68229,0.34704,1.7525,0.66357,0.81713,0.00177032,0.00177032,0.00177032
292,2687.97,1.84148,0.72339,0.84956,0.76442,0.59789,0.68747,0.35063,1.71224,0.6552,0.81582,0.00176953,0.00176953,0.00176953
293,2697.09,1.83593,0.72579,0.85675,0.75926,0.57718,0.67159,0.3448,1.73688,0.65941,0.81726,0.00176874,0.00176874,0.00176874
294,2706.27,1.82366,0.71555,0.85462,0.7538,0.57963,0.67128,0.34824,1.73713,0.66287,0.81869,0.00176794,0.00176794,0.00176794
295,2715.7,1.82352,0.72763,0.86132,0.74601,0.58361,0.67378,0.3398,1.7943,0.66356,0.81849,0.00176715,0.00176715,0.00176715
296,2724.77,1.88028,0.73756,0.85151,0.75266,0.58745,0.67791,0.34402,1.77801,0.6638,0.81665,0.00176636,0.00176636,0.00176636
297,2734.11,1.81353,0.7198,0.85833,0.7629,0.58485,0.68031,0.35805,1.68125,0.64481,0.81454,0.00176557,0.00176557,0.00176557
298,2743.57,1.77669,0.71447,0.85297,0.76267,0.58333,0.67779,0.35366,1.70166,0.65427,0.81696,0.00176478,0.00176478,0.00176478
299,2752.77,1.77336,0.70414,0.85402,0.76221,0.59057,0.68044,0.35166,1.7328,0.6577,0.81722,0.00176398,0.00176398,0.00176398
300,2761.76,1.79084,0.71472,0.86673,0.76569,0.59533,0.68564,0.35524,1.73533,0.65651,0.81596,0.00176319,0.00176319,0.00176319
301,2771.11,1.78662,0.7053,0.85598,0.76996,0.59322,0.68359,0.34854,1.78466,0.65523,0.81716,0.0017624,0.0017624,0.0017624
302,2780.12,1.77079,0.70234,0.85763,0.76862,0.59226,0.68277,0.35561,1.7206,0.64603,0.81471,0.00176161,0.00176161,0.00176161
303,2789.12,1.84606,0.72219,0.85503,0.78173,0.59651,0.68679,0.34755,1.7794,0.68612,0.81568,0.00176082,0.00176082,0.00176082
304,2798.23,1.7701,0.70628,0.85314,0.77177,0.59933,0.68814,0.34534,1.80038,0.69616,0.81737,0.00176002,0.00176002,0.00176002
305,2807.29,1.81366,0.70813,0.84879,0.75439,0.59239,0.68309,0.35448,1.68853,0.65075,0.81349,0.00175923,0.00175923,0.00175923
306,2816.64,1.79582,0.71669,0.85023,0.75413,0.59752,0.68449,0.36083,1.655,0.63894,0.81379,0.00175844,0.00175844,0.00175844
307,2826.41,1.80297,0.70689,0.8486,0.77617,0.60176,0.69138,0.36043,1.69204,0.6416,0.81436,0.00175765,0.00175765,0.00175765
308,2835.4,1.80202,0.71942,0.85595,0.7612,0.60557,0.6889,0.35671,1.71754,0.65267,0.81591,0.00175686,0.00175686,0.00175686
309,2845.1,1.80169,0.70829,0.84813,0.75333,0.57043,0.66854,0.34714,1.68474,0.64242,0.81643,0.00175606,0.00175606,0.00175606
310,2854.2,1.81382,0.72395,0.86177,0.76005,0.57757,0.67533,0.35602,1.68325,0.63935,0.81706,0.00175527,0.00175527,0.00175527
311,2863.51,1.82598,0.72787,0.85039,0.76978,0.58389,0.67919,0.35324,1.75512,0.65618,0.81892,0.00175448,0.00175448,0.00175448
312,2872.44,1.7657,0.70684,0.8591,0.77663,0.58758,0.68019,0.35964,1.70465,0.64605,0.81681,0.00175369,0.00175369,0.00175369
313,2881.87,1.75277,0.69237,0.85622,0.77628,0.588,0.68131,0.35573,1.7265,0.65453,0.81761,0.0017529,0.0017529,0.0017529
314,2890.94,1.79282,0.711,0.85263,0.78132,0.59059,0.68072,0.35069,1.75259,0.65684,0.81823,0.0017521,0.0017521,0.0017521
315,2899.94,1.73868,0.69588,0.84762,0.77083,0.59541,0.68624,0.36461,1.65609,0.64675,0.81388,0.00175131,0.00175131,0.00175131
316,2909.27,1.80514,0.70806,0.84331,0.76118,0.59554,0.68633,0.36115,1.67601,0.65181,0.81567,0.00175052,0.00175052,0.00175052
317,2918.32,1.83572,0.72595,0.85111,0.76367,0.60112,0.68724,0.36225,1.69634,0.6501,0.8157,0.00174973,0.00174973,0.00174973
318,2927.33,1.74887,0.6944,0.84859,0.7676,0.58632,0.6785,0.35791,1.72654,0.66132,0.81821,0.00174894,0.00174894,0.00174894
319,2936.61,1.78564,0.70817,0.84673,0.75718,0.58773,0.67605,0.35136,1.68887,0.64477,0.81576,0.00174814,0.00174814,0.00174814
320,2945.75,1.80978,0.70544,0.84924,0.75739,0.58292,0.67479,0.35743,1.691,0.65085,0.81649,0.00174735,0.00174735,0.00174735
321,2955.02,1.788,0.71169,0.86075,0.77041,0.59289,0.68693,0.36523,1.69291,0.64071,0.81675,0.00174656,0.00174656,0.00174656
322,2964.48,1.80791,0.70723,0.85167,0.77126,0.60146,0.69279,0.36314,1.73728,0.65475,0.81658,0.00174577,0.00174577,0.00174577
323,2973.62,1.76577,0.69793,0.84377,0.76109,0.58779,0.68137,0.35555,1.71255,0.65474,0.81462,0.00174498,0.00174498,0.00174498
324,2982.93,1.79535,0.7096,0.84916,0.76201,0.58199,0.67615,0.35707,1.68325,0.64838,0.81368,0.00174418,0.00174418,0.00174418
325,2992.2,1.81497,0.71256,0.85443,0.75722,0.59185,0.67879,0.35837,1.68128,0.64246,0.81631,0.00174339,0.00174339,0.00174339
326,3001.08,1.74394,0.70241,0.85222,0.76454,0.59253,0.68734,0.3675,1.63949,0.62909,0.81413,0.0017426,0.0017426,0.0017426
327,3010.72,1.8038,0.71158,0.84912,0.77147,0.5858,0.68088,0.36034,1.67058,0.6276,0.81764,0.00174181,0.00174181,0.00174181
328,3019.54,1.75128,0.69333,0.84778,0.76573,0.58992,0.68035,0.35667,1.6913,0.63079,0.81915,0.00174102,0.00174102,0.00174102
329,3028.61,1.74053,0.69807,0.84886,0.76896,0.60297,0.69151,0.36252,1.67642,0.63763,0.81523,0.00174022,0.00174022,0.00174022
330,3037.75,1.8498,0.74753,0.86172,0.76316,0.59775,0.68416,0.34437,1.76268,0.67011,0.81934,0.00173943,0.00173943,0.00173943
331,3047.08,1.8457,0.72784,0.85677,0.74334,0.56947,0.66576,0.33869,1.73763,0.67168,0.81695,0.00173864,0.00173864,0.00173864
332,3056.17,1.81363,0.72927,0.86136,0.74085,0.55176,0.65695,0.32997,1.75005,0.68233,0.81745,0.00173785,0.00173785,0.00173785
333,3065.21,1.81927,0.72106,0.85704,0.7648,0.57631,0.66949,0.34369,1.7202,0.68654,0.81905,0.00173706,0.00173706,0.00173706
334,3074.27,1.81241,0.71652,0.8538,0.7766,0.58182,0.6749,0.34509,1.72512,0.6724,0.81848,0.00173626,0.00173626,0.00173626
335,3083.66,1.82001,0.70754,0.84586,0.76226,0.58983,0.68279,0.35707,1.66809,0.63432,0.81451,0.00173547,0.00173547,0.00173547
336,3092.75,1.8081,0.7137,0.85659,0.76488,0.59336,0.68548,0.35995,1.65401,0.62965,0.81418,0.00173468,0.00173468,0.00173468
337,3101.93,1.85296,0.72633,0.85043,0.76036,0.58589,0.66684,0.32979,1.77293,0.657,0.82024,0.00173389,0.00173389,0.00173389
338,3110.98,1.77162,0.70787,0.86076,0.76343,0.59212,0.6764,0.34477,1.71779,0.64725,0.81681,0.0017331,0.0017331,0.0017331
339,3120.3,1.75139,0.69926,0.84943,0.77396,0.60324,0.6903,0.36411,1.66278,0.64181,0.81518,0.0017323,0.0017323,0.0017323
340,3129.65,1.75935,0.69503,0.84819,0.76831,0.60365,0.68853,0.36579,1.67105,0.63996,0.81561,0.00173151,0.00173151,0.00173151
341,3138.8,1.76267,0.69155,0.84613,0.76525,0.59624,0.69213,0.36964,1.62553,0.6146,0.81085,0.00173072,0.00173072,0.00173072
342,3148.6,1.78326,0.6987,0.84896,0.77886,0.58895,0.68923,0.36544,1.62364,0.61142,0.81124,0.00172993,0.00172993,0.00172993
343,3157.78,1.76389,0.69421,0.8486,0.7723,0.59116,0.6865,0.36047,1.65078,0.61953,0.81456,0.00172914,0.00172914,0.00172914
344,3166.97,1.79512,0.70082,0.84865,0.76661,0.59363,0.6876,0.35326,1.67813,0.63311,0.81585,0.00172834,0.00172834,0.00172834
345,3176.4,1.78804,0.70989,0.85173,0.76386,0.59802,0.6845,0.34953,1.7097,0.64457,0.81671,0.00172755,0.00172755,0.00172755
346,3185.8,1.79161,0.70341,0.8468,0.75745,0.6042,0.68745,0.34724,1.73635,0.64787,0.81621,0.00172676,0.00172676,0.00172676
347,3194.81,1.81553,0.69785,0.84274,0.75263,0.60108,0.68737,0.35694,1.68504,0.64073,0.81535,0.00172597,0.00172597,0.00172597
348,3204.14,1.79673,0.70827,0.85296,0.76819,0.60379,0.69114,0.36501,1.66001,0.63161,0.8136,0.00172518,0.00172518,0.00172518
349,3213.09,1.77381,0.6895,0.85374,0.76076,0.60856,0.693,0.36673,1.66245,0.62341,0.81333,0.00172438,0.00172438,0.00172438
350,3221.92,1.73696,0.67802,0.84336,0.76472,0.61148,0.69422,0.36647,1.66932,0.62568,0.81307,0.00172359,0.00172359,0.00172359
351,3231.15,1.76329,0.69352,0.84423,0.77512,0.60557,0.69516,0.36432,1.70114,0.63839,0.81374,0.0017228,0.0017228,0.0017228
352,3240.19,1.80094,0.70562,0.85438,0.77154,0.59541,0.6855,0.34551,1.79592,0.66273,0.81685,0.00172201,0.00172201,0.00172201
353,3249.32,1.73394,0.69211,0.85013,0.76354,0.5832,0.6687,0.3243,1.8863,0.68622,0.81917,0.00172122,0.00172122,0.00172122
354,3258.59,1.72095,0.68741,0.85934,0.77867,0.5729,0.66898,0.33023,1.83434,0.67282,0.81895,0.00172042,0.00172042,0.00172042
355,3267.67,1.74364,0.69764,0.85271,0.77188,0.58484,0.68373,0.35705,1.67033,0.63386,0.8133,0.00171963,0.00171963,0.00171963
356,3276.67,1.81251,0.70671,0.84882,0.76934,0.58924,0.68248,0.35464,1.69087,0.63807,0.81562,0.00171884,0.00171884,0.00171884
357,3286.18,1.81808,0.70565,0.85056,0.76523,0.59695,0.68847,0.36254,1.63581,0.63092,0.81266,0.00171805,0.00171805,0.00171805
358,3295.47,1.75805,0.69212,0.85165,0.76773,0.59226,0.68625,0.36293,1.64966,0.63072,0.81379,0.00171726,0.00171726,0.00171726
359,3304.68,1.77561,0.70182,0.8473,0.74414,0.57839,0.66929,0.33989,1.68818,0.64217,0.81459,0.00171646,0.00171646,0.00171646
360,3313.8,1.75646,0.69657,0.84525,0.75079,0.56623,0.66561,0.33846,1.683,0.63788,0.81438,0.00171567,0.00171567,0.00171567
361,3323.22,1.83605,0.70635,0.85182,0.76051,0.582,0.67578,0.35664,1.67239,0.62686,0.81372,0.00171488,0.00171488,0.00171488
362,3332.51,1.7209,0.68229,0.85133,0.75831,0.59253,0.68483,0.3598,1.65816,0.62397,0.81208,0.00171409,0.00171409,0.00171409
363,3341.92,1.76891,0.6984,0.85119,0.77583,0.60187,0.69656,0.37331,1.62844,0.61198,0.81029,0.0017133,0.0017133,0.0017133
364,3351.29,1.78166,0.69172,0.85043,0.77523,0.59789,0.69619,0.37167,1.63166,0.61285,0.81135,0.0017125,0.0017125,0.0017125
365,3360.37,1.75222,0.68994,0.84179,0.77674,0.60736,0.69555,0.36657,1.6657,0.63118,0.81208,0.00171171,0.00171171,0.00171171
366,3369.44,1.76146,0.70262,0.85512,0.77416,0.6075,0.69582,0.36844,1.66776,0.64046,0.81189,0.00171092,0.00171092,0.00171092
367,3378.82,1.78489,0.69205,0.84911,0.78486,0.6,0.69456,0.36663,1.65639,0.63056,0.81187,0.00171013,0.00171013,0.00171013
368,3387.83,1.79323,0.70717,0.85657,0.76725,0.58937,0.68379,0.35956,1.63818,0.6259,0.81112,0.00170934,0.00170934,0.00170934
369,3397.34,1.76371,0.70077,0.85566,0.76806,0.58333,0.67993,0.35877,1.64347,0.62223,0.81396,0.00170854,0.00170854,0.00170854
370,3406.33,1.72899,0.68219,0.85052,0.75374,0.59143,0.68388,0.35574,1.66323,0.6243,0.81341,0.00170775,0.00170775,0.00170775
371,3415.28,1.72937,0.68156,0.84846,0.77577,0.6123,0.69844,0.37468,1.6139,0.60917,0.81197,0.00170696,0.00170696,0.00170696
372,3424.64,1.75691,0.69173,0.85569,0.78292,0.60655,0.69835,0.37394,1.61877,0.61356,0.81202,0.00170617,0.00170617,0.00170617
373,3433.54,1.77887,0.68488,0.83846,0.7808,0.60592,0.69876,0.36545,1.63887,0.6158,0.81132,0.00170538,0.00170538,0.00170538
374,3442.55,1.7803,0.6954,0.84945,0.78055,0.60036,0.69604,0.36558,1.6478,0.62441,0.81178,0.00170458,0.00170458,0.00170458
375,3451.81,1.82308,0.7067,0.84138,0.76927,0.60049,0.69251,0.37079,1.61458,0.61347,0.81005,0.00170379,0.00170379,0.00170379
376,3460.89,1.75109,0.68892,0.84902,0.78126,0.60599,0.69783,0.37173,1.61908,0.61402,0.80969,0.001703,0.001703,0.001703
377,3469.93,1.80743,0.70714,0.8497,0.78886,0.60219,0.69318,0.35253,1.74484,0.65128,0.81543,0.00170221,0.00170221,0.00170221
378,3479.26,1.79998,0.70124,0.85143,0.7807,0.61189,0.6998,0.3666,1.67079,0.62963,0.8123,0.00170142,0.00170142,0.00170142
379,3488.58,1.79857,0.69931,0.84956,0.76352,0.59912,0.6878,0.36401,1.66382,0.62506,0.8122,0.00170062,0.00170062,0.00170062
380,3497.53,1.76275,0.70249,0.85895,0.76635,0.59078,0.68234,0.36003,1.6893,0.63017,0.81343,0.00169983,0.00169983,0.00169983
381,3506.73,1.74338,0.69051,0.84938,0.76516,0.59157,0.68521,0.36191,1.65575,0.62562,0.81273,0.00169904,0.00169904,0.00169904
382,3516.01,1.72442,0.68502,0.84658,0.77673,0.59212,0.68995,0.36781,1.62801,0.6206,0.81119,0.00169825,0.00169825,0.00169825
383,3525.37,1.749,0.68707,0.848,0.77572,0.59363,0.68577,0.36765,1.63822,0.61761,0.8116,0.00169746,0.00169746,0.00169746
384,3534.63,1.8062,0.71158,0.85532,0.7756,0.5983,0.69242,0.36968,1.62257,0.61166,0.81066,0.00169666,0.00169666,0.00169666
385,3543.87,1.7773,0.69707,0.84539,0.77777,0.59198,0.69054,0.36317,1.66056,0.6208,0.81297,0.00169587,0.00169587,0.00169587
386,3553.13,1.71162,0.68113,0.8513,0.76594,0.59798,0.6892,0.36096,1.67521,0.62353,0.81324,0.00169508,0.00169508,0.00169508
387,3562.31,1.76488,0.68961,0.84287,0.76296,0.60475,0.69537,0.36875,1.64745,0.6154,0.8118,0.00169429,0.00169429,0.00169429
388,3571.47,1.76535,0.69489,0.85225,0.77285,0.61191,0.70359,0.37154,1.63147,0.61178,0.81118,0.0016935,0.0016935,0.0016935
389,3580.65,1.72673,0.68112,0.84615,0.78372,0.60445,0.697,0.36195,1.66039,0.62371,0.81191,0.0016927,0.0016927,0.0016927
390,3589.72,1.7322,0.68386,0.84821,0.78234,0.59418,0.69153,0.36529,1.64192,0.62989,0.81058,0.00169191,0.00169191,0.00169191
391,3599.09,1.74726,0.69829,0.85258,0.77114,0.60181,0.69438,0.36957,1.62303,0.62102,0.81176,0.00169112,0.00169112,0.00169112
392,3608.04,1.71988,0.6866,0.84457,0.77666,0.60036,0.69587,0.37025,1.62687,0.62957,0.81242,0.00169033,0.00169033,0.00169033
393,3617.3,1.75462,0.70651,0.85115,0.79299,0.60217,0.69844,0.36894,1.66633,0.63195,0.81415,0.00168954,0.00168954,0.00168954
394,3626.49,1.77472,0.69424,0.84753,0.78569,0.60497,0.69798,0.3697,1.6546,0.62131,0.81282,0.00168874,0.00168874,0.00168874
395,3635.61,1.81398,0.71577,0.85714,0.76578,0.60014,0.69072,0.3621,1.64533,0.62718,0.81097,0.00168795,0.00168795,0.00168795
396,3644.81,1.82641,0.71452,0.85248,0.76367,0.59445,0.68302,0.35222,1.6982,0.63999,0.81235,0.00168716,0.00168716,0.00168716
397,3653.85,1.73153,0.67913,0.8452,0.77188,0.60544,0.68927,0.35778,1.69972,0.64256,0.81248,0.00168637,0.00168637,0.00168637
398,3663.03,1.76527,0.70668,0.8618,0.77529,0.59995,0.69031,0.36731,1.64205,0.62542,0.8111,0.00168558,0.00168558,0.00168558
399,3672.21,1.75552,0.67958,0.84916,0.78608,0.59692,0.68774,0.3653,1.65425,0.61871,0.81221,0.00168478,0.00168478,0.00168478
400,3681.4,1.72542,0.68126,0.84907,0.78906,0.59898,0.69047,0.36719,1.65043,0.60455,0.81283,0.00168399,0.00168399,0.00168399
401,3690.31,1.79417,0.70405,0.8491,0.78398,0.61235,0.70234,0.37214,1.66897,0.62814,0.81141,0.0016832,0.0016832,0.0016832
402,3699.21,1.65145,0.66496,0.84177,0.7863,0.61752,0.70952,0.37673,1.62348,0.61722,0.80874,0.00168241,0.00168241,0.00168241
403,3708.65,1.74926,0.69883,0.85344,0.78429,0.60626,0.69799,0.37582,1.59428,0.61824,0.8087,0.00168162,0.00168162,0.00168162
404,3717.4,1.7522,0.69606,0.84841,0.77772,0.60406,0.6953,0.37392,1.61122,0.61174,0.80841,0.00168082,0.00168082,0.00168082
405,3726.52,1.7238,0.68341,0.84652,0.76937,0.58292,0.68333,0.3638,1.62676,0.63884,0.80975,0.00168003,0.00168003,0.00168003
406,3735.53,1.76033,0.70077,0.85487,0.77327,0.59033,0.68728,0.36756,1.63955,0.63071,0.81074,0.00167924,0.00167924,0.00167924
407,3744.51,1.7118,0.6826,0.84965,0.77198,0.5994,0.69615,0.36904,1.63223,0.62053,0.81186,0.00167845,0.00167845,0.00167845
408,3753.34,1.81506,0.69917,0.84053,0.77302,0.60928,0.7021,0.371,1.62627,0.61185,0.81133,0.00167766,0.00167766,0.00167766
409,3762.62,1.75812,0.69256,0.85145,0.78811,0.60283,0.69646,0.36958,1.62731,0.61902,0.81132,0.00167686,0.00167686,0.00167686
410,3771.51,1.7507,0.69278,0.85475,0.78593,0.5939,0.69193,0.36994,1.62444,0.61537,0.81169,0.00167607,0.00167607,0.00167607
411,3780.43,1.76674,0.69937,0.84042,0.74505,0.56672,0.66763,0.33148,1.73659,0.65858,0.81399,0.00167528,0.00167528,0.00167528
412,3789.4,1.82268,0.71715,0.85006,0.7416,0.57331,0.6726,0.34442,1.6982,0.6436,0.81379,0.00167449,0.00167449,0.00167449
413,3798.7,1.74888,0.70814,0.85636,0.77185,0.58169,0.67968,0.34944,1.73434,0.6538,0.81608,0.0016737,0.0016737,0.0016737
414,3807.68,1.87999,0.73286,0.84381,0.77611,0.58061,0.67785,0.34902,1.73296,0.65821,0.81726,0.0016729,0.0016729,0.0016729
415,3816.93,1.78681,0.71091,0.85706,0.76385,0.58361,0.67832,0.35178,1.67306,0.63512,0.81317,0.00167211,0.00167211,0.00167211
416,3825.97,1.7519,0.70324,0.84592,0.76957,0.59308,0.68562,0.3609,1.63702,0.62804,0.81156,0.00167132,0.00167132,0.00167132
417,3834.99,1.75254,0.68729,0.84622,0.7803,0.59624,0.6893,0.35819,1.6836,0.62869,0.81479,0.00167053,0.00167053,0.00167053
418,3843.84,1.73685,0.69488,0.85615,0.77591,0.60763,0.69466,0.36402,1.65648,0.62434,0.81424,0.00166974,0.00166974,0.00166974
419,3853.04,1.72014,0.6822,0.83919,0.77404,0.61326,0.70043,0.37584,1.60816,0.61183,0.8113,0.00166894,0.00166894,0.00166894
420,3862.04,1.72064,0.6844,0.85003,0.77111,0.6101,0.697,0.36742,1.6573,0.63194,0.81223,0.00166815,0.00166815,0.00166815
421,3870.96,1.6881,0.67304,0.84805,0.77859,0.60269,0.69541,0.36229,1.70258,0.64543,0.81435,0.00166736,0.00166736,0.00166736
422,3879.94,1.80551,0.69477,0.84001,0.78128,0.60465,0.69815,0.36954,1.64552,0.62409,0.8125,0.00166657,0.00166657,0.00166657
423,3889.29,1.76423,0.69811,0.84769,0.77698,0.60935,0.6968,0.36884,1.65075,0.60921,0.81186,0.00166578,0.00166578,0.00166578
424,3898.21,1.71354,0.67953,0.84361,0.78838,0.59775,0.69124,0.35691,1.68793,0.61933,0.81348,0.00166498,0.00166498,0.00166498
425,3907.17,1.70625,0.68165,0.84424,0.79023,0.60283,0.69368,0.3638,1.67222,0.62928,0.81348,0.00166419,0.00166419,0.00166419
426,3916.01,1.68267,0.66477,0.84151,0.78993,0.60859,0.70034,0.37397,1.62449,0.61336,0.8112,0.0016634,0.0016634,0.0016634
427,3925.41,1.76342,0.68085,0.84449,0.79011,0.61052,0.70206,0.37386,1.61395,0.60382,0.81068,0.00166261,0.00166261,0.00166261
428,3934.36,1.6956,0.66262,0.84228,0.78778,0.60644,0.69811,0.36825,1.62909,0.61262,0.81112,0.00166182,0.00166182,0.00166182
429,3943.51,1.71967,0.68004,0.84495,0.78034,0.60763,0.69761,0.3769,1.59506,0.61399,0.80998,0.00166102,0.00166102,0.00166102
430,3952.6,1.71259,0.67302,0.84707,0.77743,0.60461,0.6965,0.37198,1.62146,0.617,0.81053,0.00166023,0.00166023,0.00166023
431,3961.82,1.74167,0.68318,0.84344,0.78871,0.60681,0.69589,0.36592,1.61691,0.61198,0.81121,0.00165944,0.00165944,0.00165944
432,3970.72,1.79159,0.69553,0.85124,0.78356,0.60461,0.69593,0.36365,1.63067,0.61895,0.81371,0.00165865,0.00165865,0.00165865
433,3979.91,1.76303,0.68966,0.84878,0.77281,0.60755,0.69821,0.3719,1.63513,0.62351,0.81257,0.00165786,0.00165786,0.00165786
434,3989,1.72055,0.67999,0.84397,0.77535,0.61024,0.69992,0.3647,1.67244,0.62538,0.81295,0.00165706,0.00165706,0.00165706
435,3998.01,1.75357,0.68955,0.8447,0.7803,0.60901,0.70239,0.3737,1.63186,0.61098,0.81024,0.00165627,0.00165627,0.00165627
436,4006.98,1.75975,0.69155,0.84341,0.78351,0.61362,0.70705,0.37696,1.62055,0.60305,0.81009,0.00165548,0.00165548,0.00165548
437,4016.13,1.70614,0.67908,0.84359,0.78997,0.61463,0.7088,0.37707,1.61703,0.60396,0.81054,0.00165469,0.00165469,0.00165469
438,4025.24,1.74402,0.68639,0.84305,0.78939,0.61595,0.70821,0.37636,1.61729,0.60434,0.8099,0.0016539,0.0016539,0.0016539
439,4034.21,1.74179,0.69124,0.84636,0.78291,0.6156,0.70533,0.37526,1.6321,0.61237,0.8089,0.0016531,0.0016531,0.0016531
440,4043.11,1.7707,0.68154,0.83882,0.77802,0.61258,0.7044,0.37396,1.64244,0.61855,0.80965,0.00165231,0.00165231,0.00165231
441,4052.21,1.78421,0.68752,0.84255,0.78057,0.61239,0.70608,0.37425,1.64653,0.61823,0.80997,0.00165152,0.00165152,0.00165152
442,4061.26,1.72487,0.67839,0.84623,0.78845,0.60626,0.70266,0.37301,1.63965,0.61589,0.80995,0.00165073,0.00165073,0.00165073
443,4070.27,1.7236,0.67426,0.84422,0.78098,0.6053,0.69745,0.37136,1.60597,0.60197,0.81118,0.00164994,0.00164994,0.00164994
444,4079.26,1.75759,0.68055,0.84709,0.78096,0.60777,0.70025,0.37437,1.58775,0.60004,0.8106,0.00164914,0.00164914,0.00164914
445,4088.34,1.6398,0.64934,0.84406,0.77802,0.6164,0.70597,0.37705,1.60974,0.61918,0.80857,0.00164835,0.00164835,0.00164835
446,4097.77,1.73191,0.66926,0.83417,0.78044,0.61601,0.7087,0.38094,1.59214,0.61358,0.80732,0.00164756,0.00164756,0.00164756
447,4107.46,1.69664,0.66858,0.84582,0.78268,0.60271,0.69766,0.37566,1.60304,0.60799,0.80973,0.00164677,0.00164677,0.00164677
448,4116.19,1.72593,0.67855,0.84772,0.78745,0.60272,0.6982,0.36901,1.64122,0.61958,0.81107,0.00164598,0.00164598,0.00164598
449,4125.13,1.73056,0.69077,0.85715,0.78508,0.61436,0.70835,0.37949,1.61255,0.6165,0.80802,0.00164518,0.00164518,0.00164518
450,4134.1,1.75456,0.68661,0.84609,0.77629,0.61408,0.70422,0.38107,1.59492,0.6105,0.80854,0.00164439,0.00164439,0.00164439
451,4143.35,1.71978,0.67894,0.84435,0.75854,0.61502,0.69632,0.37094,1.63198,0.62154,0.80894,0.0016436,0.0016436,0.0016436
452,4152.23,1.77457,0.6869,0.85286,0.7613,0.60969,0.69437,0.36896,1.63464,0.62382,0.80971,0.00164281,0.00164281,0.00164281
453,4161.55,1.72446,0.67348,0.84403,0.78431,0.60553,0.70057,0.37768,1.61243,0.60648,0.81,0.00164202,0.00164202,0.00164202
454,4170.71,1.77281,0.68938,0.84094,0.78173,0.60477,0.70109,0.37831,1.60672,0.60147,0.80865,0.00164122,0.00164122,0.00164122
455,4179.95,1.74655,0.68624,0.84795,0.78831,0.60969,0.70171,0.37326,1.60455,0.60228,0.80876,0.00164043,0.00164043,0.00164043
456,4188.81,1.74314,0.68439,0.83854,0.79725,0.60029,0.69662,0.36521,1.63035,0.61288,0.80946,0.00163964,0.00163964,0.00163964
457,4197.96,1.68336,0.66758,0.84476,0.79081,0.61463,0.70594,0.37767,1.58063,0.59963,0.80791,0.00163885,0.00163885,0.00163885
458,4206.89,1.7377,0.68114,0.84785,0.78882,0.61463,0.70451,0.37509,1.60942,0.61063,0.80928,0.00163806,0.00163806,0.00163806
459,4216,1.71327,0.68487,0.84967,0.78911,0.60406,0.69756,0.36411,1.70975,0.63355,0.81137,0.00163726,0.00163726,0.00163726
460,4224.99,1.69133,0.66795,0.84395,0.78841,0.60393,0.69906,0.36391,1.68307,0.62625,0.8105,0.00163647,0.00163647,0.00163647
461,4234.49,1.73275,0.6792,0.84679,0.78163,0.60198,0.69846,0.37645,1.5822,0.60564,0.80841,0.00163568,0.00163568,0.00163568
462,4243.52,1.74748,0.68611,0.84071,0.76994,0.60741,0.69952,0.37639,1.58727,0.5998,0.80749,0.00163489,0.00163489,0.00163489
463,4252.46,1.72353,0.67739,0.8448,0.78335,0.61107,0.70717,0.38661,1.56604,0.59402,0.80639,0.0016341,0.0016341,0.0016341
464,4261.84,1.71998,0.67665,0.85338,0.78325,0.60623,0.70465,0.38473,1.57294,0.60109,0.80674,0.0016333,0.0016333,0.0016333
465,4270.97,1.72899,0.67822,0.8422,0.7841,0.5972,0.69652,0.37568,1.60232,0.6103,0.80809,0.00163251,0.00163251,0.00163251
466,4280.13,1.69681,0.67853,0.84683,0.78751,0.60752,0.7035,0.38073,1.59745,0.60482,0.80898,0.00163172,0.00163172,0.00163172
467,4288.95,1.74007,0.68549,0.84895,0.7803,0.61395,0.70395,0.37324,1.64175,0.61807,0.8121,0.00163093,0.00163093,0.00163093
468,4297.76,1.7576,0.68392,0.83844,0.78179,0.61216,0.70183,0.37142,1.62827,0.61146,0.81157,0.00163014,0.00163014,0.00163014
469,4306.72,1.7477,0.68257,0.84757,0.77633,0.60626,0.69763,0.37315,1.62226,0.60159,0.81223,0.00162934,0.00162934,0.00162934
470,4315.78,1.63996,0.65155,0.84642,0.78962,0.60406,0.70151,0.37996,1.59441,0.59427,0.81044,0.00162855,0.00162855,0.00162855
471,4324.95,1.72051,0.67405,0.84645,0.79361,0.60448,0.70476,0.38351,1.5802,0.59149,0.80939,0.00162776,0.00162776,0.00162776
472,4333.71,1.70708,0.66631,0.83922,0.7958,0.59967,0.70147,0.38322,1.58649,0.59589,0.80988,0.00162697,0.00162697,0.00162697
473,4342.84,1.70667,0.66518,0.84276,0.79099,0.60393,0.70126,0.37985,1.59343,0.59463,0.80987,0.00162618,0.00162618,0.00162618
474,4351.99,1.67218,0.64935,0.84457,0.7887,0.60832,0.70167,0.37918,1.59732,0.59322,0.80998,0.00162538,0.00162538,0.00162538
475,4361.19,1.71264,0.67179,0.84299,0.77934,0.61367,0.70689,0.38324,1.58539,0.59196,0.80868,0.00162459,0.00162459,0.00162459
476,4370.09,1.74495,0.66843,0.83897,0.77364,0.60528,0.70151,0.37889,1.6035,0.59792,0.80887,0.0016238,0.0016238,0.0016238
477,4379.41,1.76791,0.6854,0.8422,0.78257,0.60432,0.6988,0.37148,1.63564,0.60072,0.80961,0.00162301,0.00162301,0.00162301
478,4388.47,1.70338,0.66844,0.84231,0.77875,0.60928,0.70161,0.37994,1.59446,0.59506,0.8077,0.00162222,0.00162222,0.00162222
479,4397.34,1.68712,0.6618,0.83684,0.78582,0.61301,0.70553,0.37924,1.60973,0.60443,0.80927,0.00162142,0.00162142,0.00162142
480,4406.25,1.69183,0.66691,0.84314,0.79084,0.61563,0.70863,0.38126,1.61096,0.60015,0.80937,0.00162063,0.00162063,0.00162063
481,4415.17,1.63454,0.64686,0.84249,0.78328,0.60187,0.70138,0.37473,1.60485,0.604,0.80775,0.00161984,0.00161984,0.00161984
482,4424.3,1.67606,0.66014,0.84609,0.78426,0.5961,0.6973,0.37219,1.60807,0.60393,0.80777,0.00161905,0.00161905,0.00161905
483,4433.31,1.73515,0.67101,0.84199,0.77472,0.60351,0.69941,0.38136,1.5836,0.59271,0.80815,0.00161826,0.00161826,0.00161826
484,4442.27,1.72032,0.66852,0.84418,0.77385,0.61312,0.70416,0.38251,1.58068,0.59288,0.80874,0.00161746,0.00161746,0.00161746
485,4451.16,1.66446,0.66695,0.84349,0.79233,0.61148,0.70666,0.384,1.58381,0.59533,0.80866,0.00161667,0.00161667,0.00161667
486,4460.08,1.69626,0.66933,0.84531,0.78928,0.60832,0.70246,0.38366,1.58552,0.59435,0.80919,0.00161588,0.00161588,0.00161588
487,4468.99,1.67272,0.65981,0.84607,0.78846,0.60942,0.70163,0.37771,1.60989,0.60063,0.80877,0.00161509,0.00161509,0.00161509
488,4477.94,1.64816,0.65187,0.84536,0.78656,0.61834,0.70615,0.37626,1.62754,0.60322,0.80938,0.0016143,0.0016143,0.0016143
489,4486.86,1.68467,0.663,0.84354,0.78769,0.62346,0.7084,0.3822,1.59547,0.60135,0.8084,0.0016135,0.0016135,0.0016135
490,4495.87,1.70255,0.66318,0.84186,0.7872,0.62507,0.71137,0.3848,1.58627,0.59797,0.80928,0.00161271,0.00161271,0.00161271
491,4504.87,1.72428,0.66973,0.84255,0.78209,0.61395,0.70472,0.38335,1.5787,0.59249,0.80932,0.00161192,0.00161192,0.00161192
492,4514.1,1.63933,0.64706,0.84212,0.78704,0.60612,0.70089,0.38195,1.57804,0.59558,0.80892,0.00161113,0.00161113,0.00161113
493,4523.05,1.71036,0.66088,0.8384,0.79092,0.60832,0.70462,0.37964,1.57968,0.5928,0.80996,0.00161034,0.00161034,0.00161034
494,4531.91,1.67495,0.67041,0.84723,0.78036,0.61558,0.70414,0.37925,1.58177,0.59116,0.81007,0.00160954,0.00160954,0.00160954
495,4541.12,1.70114,0.66318,0.83695,0.78386,0.61999,0.7098,0.38077,1.59211,0.58648,0.80891,0.00160875,0.00160875,0.00160875
496,4549.93,1.72594,0.66991,0.84593,0.78698,0.61848,0.70967,0.38151,1.59296,0.59254,0.80851,0.00160796,0.00160796,0.00160796
497,4558.84,1.71536,0.68083,0.85735,0.78946,0.61156,0.70691,0.37295,1.65123,0.60795,0.8106,0.00160717,0.00160717,0.00160717
498,4567.93,1.77388,0.68733,0.84063,0.78945,0.60516,0.70448,0.37664,1.61985,0.6037,0.80751,0.00160638,0.00160638,0.00160638
499,4576.94,1.72548,0.68106,0.84633,0.79808,0.60997,0.70802,0.37839,1.63132,0.6091,0.80918,0.00160558,0.00160558,0.00160558
500,4585.77,1.70858,0.67329,0.84796,0.80003,0.60035,0.69647,0.36607,1.65179,0.61619,0.81197,0.00160479,0.00160479,0.00160479
501,4594.87,1.78363,0.69021,0.84446,0.78939,0.58526,0.69033,0.36973,1.62565,0.61529,0.81077,0.001604,0.001604,0.001604
502,4604.12,1.74934,0.68421,0.84309,0.77853,0.58007,0.6833,0.35273,1.66724,0.62472,0.81095,0.00160321,0.00160321,0.00160321
503,4613.02,1.78718,0.69599,0.84983,0.78958,0.60324,0.69939,0.37193,1.64235,0.61142,0.81077,0.00160242,0.00160242,0.00160242
504,4621.99,1.75138,0.68948,0.84879,0.79315,0.60433,0.69979,0.37194,1.66251,0.61803,0.81109,0.00160162,0.00160162,0.00160162
505,4631.23,1.75533,0.68802,0.84267,0.7948,0.61299,0.70704,0.38264,1.58974,0.60305,0.80767,0.00160083,0.00160083,0.00160083
506,4640.32,1.75742,0.68307,0.84345,0.78748,0.60791,0.70493,0.37596,1.6017,0.6153,0.80732,0.00160004,0.00160004,0.00160004
507,4649.33,1.74729,0.68462,0.84318,0.79358,0.61134,0.70519,0.37913,1.62625,0.60843,0.80835,0.00159925,0.00159925,0.00159925
508,4658.42,1.73041,0.67928,0.84861,0.79391,0.6101,0.70241,0.36807,1.69882,0.62921,0.81088,0.00159846,0.00159846,0.00159846
509,4667.54,1.7497,0.6873,0.84249,0.79708,0.60791,0.70669,0.38454,1.56783,0.59424,0.80663,0.00159766,0.00159766,0.00159766
510,4676.57,1.71009,0.67151,0.84094,0.79394,0.603,0.70537,0.38561,1.54944,0.58698,0.80576,0.00159687,0.00159687,0.00159687
511,4685.78,1.68211,0.66374,0.8451,0.80171,0.60889,0.7048,0.37271,1.64855,0.60465,0.81145,0.00159608,0.00159608,0.00159608
512,4694.52,1.69489,0.66236,0.84793,0.79572,0.6053,0.6977,0.35469,1.7318,0.62544,0.8141,0.00159529,0.00159529,0.00159529
513,4703.92,1.65875,0.65781,0.84014,0.79453,0.61985,0.71423,0.38673,1.5702,0.58987,0.80778,0.0015945,0.0015945,0.0015945
514,4713.32,1.75764,0.67705,0.83753,0.79093,0.61856,0.71201,0.38969,1.54942,0.58676,0.80656,0.0015937,0.0015937,0.0015937
515,4722.84,1.70178,0.65645,0.83742,0.79931,0.61793,0.71191,0.38456,1.59248,0.59866,0.80847,0.00159291,0.00159291,0.00159291
516,4731.48,1.67472,0.65343,0.84632,0.7965,0.62063,0.71312,0.38139,1.6142,0.60183,0.80803,0.00159212,0.00159212,0.00159212
517,4740.53,1.65679,0.64833,0.84584,0.79611,0.62617,0.71719,0.39129,1.56388,0.58219,0.8071,0.00159133,0.00159133,0.00159133
518,4749.83,1.66675,0.65224,0.84272,0.79631,0.61721,0.71035,0.39053,1.55813,0.58016,0.80706,0.00159054,0.00159054,0.00159054
519,4759.46,1.76949,0.6821,0.8373,0.78088,0.61302,0.70519,0.38103,1.58093,0.58751,0.80636,0.00158974,0.00158974,0.00158974
520,4768.6,1.7134,0.67323,0.85093,0.78323,0.62103,0.70989,0.3809,1.5882,0.59367,0.80677,0.00158895,0.00158895,0.00158895
521,4777.24,1.64791,0.6536,0.84621,0.78227,0.61834,0.70727,0.38082,1.61371,0.61521,0.80743,0.00158816,0.00158816,0.00158816
522,4786.2,1.6896,0.65769,0.84655,0.78493,0.60927,0.70402,0.38906,1.58366,0.60018,0.8073,0.00158737,0.00158737,0.00158737
523,4795.52,1.73634,0.6674,0.83925,0.78047,0.61614,0.70574,0.38351,1.60362,0.59781,0.80812,0.00158658,0.00158658,0.00158658
524,4804.49,1.70933,0.66699,0.84082,0.78552,0.6123,0.70235,0.37755,1.63495,0.60362,0.80803,0.00158578,0.00158578,0.00158578
525,4813.51,1.7233,0.66255,0.84158,0.78483,0.61644,0.70536,0.37401,1.64638,0.61073,0.80818,0.00158499,0.00158499,0.00158499
526,4822.6,1.7208,0.67735,0.84455,0.783,0.61774,0.70895,0.38186,1.60578,0.59677,0.8074,0.0015842,0.0015842,0.0015842
527,4831.58,1.65404,0.64481,0.83326,0.78966,0.6159,0.70886,0.37674,1.61757,0.60348,0.8093,0.00158341,0.00158341,0.00158341
528,4840.49,1.69371,0.66722,0.84087,0.79983,0.60516,0.7057,0.37888,1.59859,0.60247,0.80982,0.00158262,0.00158262,0.00158262
529,4849.48,1.76305,0.68088,0.84353,0.78683,0.61024,0.70967,0.38625,1.56761,0.58774,0.80697,0.00158182,0.00158182,0.00158182
530,4858.25,1.6495,0.65252,0.84375,0.77655,0.60791,0.70539,0.38093,1.59108,0.59239,0.80775,0.00158103,0.00158103,0.00158103
531,4867.15,1.68826,0.6555,0.84006,0.77762,0.60825,0.7021,0.38408,1.60701,0.59253,0.80941,0.00158024,0.00158024,0.00158024
532,4875.99,1.7248,0.66417,0.84005,0.79879,0.61314,0.70817,0.38268,1.61769,0.59748,0.8104,0.00157945,0.00157945,0.00157945
533,4885.3,1.67544,0.65452,0.83525,0.79813,0.62528,0.71397,0.38206,1.63206,0.61302,0.80814,0.00157866,0.00157866,0.00157866
534,4894.24,1.7103,0.67099,0.84549,0.79712,0.62905,0.71458,0.38325,1.62899,0.6103,0.80853,0.00157786,0.00157786,0.00157786
535,4903.09,1.66606,0.65938,0.84247,0.79305,0.61816,0.71347,0.39346,1.55374,0.58297,0.80615,0.00157707,0.00157707,0.00157707
536,4912.62,1.75053,0.66918,0.84306,0.78098,0.60393,0.70328,0.38342,1.56932,0.58498,0.80685,0.00157628,0.00157628,0.00157628
537,4921.77,1.65994,0.65761,0.83693,0.77929,0.60091,0.70002,0.38117,1.576,0.58713,0.80753,0.00157549,0.00157549,0.00157549
538,4930.88,1.67077,0.65639,0.83828,0.78652,0.60999,0.7083,0.38949,1.56243,0.58465,0.80754,0.0015747,0.0015747,0.0015747
539,4939.91,1.69341,0.66479,0.84975,0.78951,0.61537,0.7128,0.39454,1.57225,0.59666,0.80784,0.0015739,0.0015739,0.0015739
540,4949.14,1.69018,0.65493,0.84521,0.79305,0.61818,0.71562,0.3928,1.57844,0.59404,0.8084,0.00157311,0.00157311,0.00157311
541,4958.18,1.61915,0.64487,0.84588,0.78666,0.62081,0.70966,0.38857,1.5799,0.59585,0.80836,0.00157232,0.00157232,0.00157232
542,4967.2,1.74249,0.67207,0.84282,0.78333,0.61991,0.71205,0.39123,1.56318,0.58679,0.80713,0.00157153,0.00157153,0.00157153
543,4976.45,1.7354,0.67153,0.84222,0.78213,0.61903,0.70966,0.38632,1.5853,0.59049,0.80723,0.00157074,0.00157074,0.00157074
544,4985.26,1.65369,0.65978,0.83927,0.79056,0.62479,0.71483,0.38231,1.61263,0.6006,0.80803,0.00156994,0.00156994,0.00156994
545,4994.28,1.67405,0.66467,0.84389,0.79074,0.62548,0.7178,0.3928,1.55332,0.5918,0.8069,0.00156915,0.00156915,0.00156915
546,5003.02,1.69254,0.65973,0.83817,0.79075,0.62256,0.7152,0.39173,1.54711,0.58669,0.8073,0.00156836,0.00156836,0.00156836
547,5012.21,1.65348,0.64559,0.83947,0.7796,0.61656,0.70618,0.38387,1.57183,0.58642,0.80724,0.00156757,0.00156757,0.00156757
548,5020.96,1.67747,0.64897,0.83602,0.77818,0.61491,0.70567,0.38652,1.55659,0.58238,0.80634,0.00156678,0.00156678,0.00156678
549,5029.82,1.6604,0.65159,0.84947,0.7853,0.61212,0.70461,0.38165,1.60855,0.60198,0.80836,0.00156598,0.00156598,0.00156598
550,5038.71,1.71437,0.66279,0.85043,0.78927,0.61216,0.70681,0.38253,1.6107,0.60297,0.80851,0.00156519,0.00156519,0.00156519
551,5047.68,1.69645,0.65341,0.84439,0.78391,0.61011,0.70819,0.39013,1.55737,0.58804,0.80608,0.0015644,0.0015644,0.0015644
552,5056.46,1.73606,0.67419,0.83962,0.78764,0.60777,0.70691,0.38441,1.57501,0.58809,0.80624,0.00156361,0.00156361,0.00156361
553,5065.73,1.74371,0.67776,0.84145,0.77976,0.60763,0.70541,0.3849,1.56185,0.58353,0.80585,0.00156282,0.00156282,0.00156282
554,5074.5,1.71131,0.67067,0.84016,0.7843,0.60914,0.70902,0.38374,1.58287,0.58977,0.80672,0.00156202,0.00156202,0.00156202
555,5083.43,1.71498,0.66734,0.84032,0.78519,0.61958,0.71134,0.38775,1.5684,0.58562,0.80716,0.00156123,0.00156123,0.00156123
556,5092.48,1.69871,0.66376,0.84761,0.78266,0.6182,0.71172,0.3866,1.57281,0.58196,0.80631,0.00156044,0.00156044,0.00156044
557,5101.44,1.66297,0.65095,0.8389,0.77903,0.61324,0.70833,0.39019,1.55493,0.58366,0.80722,0.00155965,0.00155965,0.00155965
558,5110.44,1.64579,0.64894,0.84361,0.78385,0.61628,0.70891,0.385,1.5827,0.58894,0.80826,0.00155886,0.00155886,0.00155886
559,5119.36,1.70111,0.66421,0.8437,0.78884,0.62219,0.71321,0.38975,1.56228,0.5902,0.80631,0.00155806,0.00155806,0.00155806
560,5128.39,1.70706,0.66812,0.84639,0.7861,0.6237,0.71296,0.38778,1.57706,0.59503,0.80762,0.00155727,0.00155727,0.00155727
561,5137.46,1.70998,0.6654,0.84463,0.80238,0.61958,0.71258,0.3738,1.64694,0.61195,0.8104,0.00155648,0.00155648,0.00155648
562,5146.66,1.71915,0.67065,0.84451,0.80018,0.61848,0.71314,0.38212,1.6014,0.60146,0.80946,0.00155569,0.00155569,0.00155569
563,5155.72,1.70204,0.66374,0.84631,0.79855,0.61271,0.71239,0.39263,1.53892,0.58235,0.80703,0.0015549,0.0015549,0.0015549
564,5164.63,1.67585,0.65107,0.83587,0.79549,0.61642,0.71343,0.38967,1.55802,0.58811,0.80882,0.0015541,0.0015541,0.0015541
565,5173.52,1.73149,0.66668,0.84478,0.80836,0.61674,0.71358,0.36676,1.66983,0.61173,0.81033,0.00155331,0.00155331,0.00155331
566,5182.52,1.7022,0.66482,0.84264,0.78965,0.61436,0.707,0.37243,1.62576,0.61005,0.80895,0.00155252,0.00155252,0.00155252
567,5191.6,1.7303,0.67601,0.84792,0.79688,0.61238,0.70851,0.38862,1.54454,0.58534,0.80634,0.00155173,0.00155173,0.00155173
568,5200.41,1.6815,0.65967,0.84132,0.79689,0.61107,0.70419,0.38704,1.55939,0.58609,0.80874,0.00155094,0.00155094,0.00155094
569,5209.73,1.71344,0.66832,0.83998,0.79596,0.6123,0.71017,0.39236,1.5651,0.58506,0.80787,0.00155014,0.00155014,0.00155014
570,5218.9,1.67872,0.65768,0.83759,0.79142,0.61415,0.71053,0.39717,1.5377,0.57702,0.80543,0.00154935,0.00154935,0.00154935
571,5228.4,1.65713,0.65861,0.84274,0.8023,0.62232,0.71629,0.39423,1.5556,0.57767,0.80681,0.00154856,0.00154856,0.00154856
572,5237.19,1.67692,0.663,0.8431,0.80579,0.61862,0.71759,0.3945,1.5413,0.57874,0.80707,0.00154777,0.00154777,0.00154777
573,5246.31,1.69044,0.65337,0.83811,0.80346,0.6196,0.71392,0.39426,1.52916,0.58072,0.80674,0.00154698,0.00154698,0.00154698
574,5255.43,1.7106,0.66713,0.84741,0.7968,0.62081,0.70887,0.38803,1.56026,0.58905,0.80746,0.00154618,0.00154618,0.00154618
575,5264.41,1.69261,0.65044,0.84264,0.78592,0.62194,0.71216,0.38615,1.58031,0.59155,0.80722,0.00154539,0.00154539,0.00154539
576,5273.5,1.72278,0.6699,0.84062,0.78555,0.61875,0.71251,0.39156,1.55495,0.58776,0.80623,0.0015446,0.0015446,0.0015446
577,5282.59,1.69194,0.65054,0.83741,0.78992,0.61752,0.7095,0.38536,1.58473,0.5967,0.80619,0.00154381,0.00154381,0.00154381
578,5291.43,1.6713,0.64776,0.84088,0.80208,0.61255,0.70938,0.38201,1.59427,0.60075,0.80729,0.00154302,0.00154302,0.00154302
579,5300.47,1.70499,0.66183,0.84391,0.79368,0.61862,0.71287,0.38454,1.59527,0.59012,0.80684,0.00154222,0.00154222,0.00154222
580,5309.31,1.66501,0.6477,0.84244,0.79122,0.62279,0.71596,0.3891,1.56722,0.58195,0.80598,0.00154143,0.00154143,0.00154143
581,5318.44,1.72357,0.66999,0.84456,0.79665,0.62603,0.72124,0.40062,1.51768,0.5781,0.80507,0.00154064,0.00154064,0.00154064
582,5327.75,1.69093,0.65627,0.83714,0.79237,0.62644,0.71887,0.39712,1.52782,0.57804,0.80532,0.00153985,0.00153985,0.00153985
583,5336.97,1.67455,0.64937,0.83955,0.78698,0.6274,0.71693,0.39243,1.56273,0.5863,0.80681,0.00153906,0.00153906,0.00153906
584,5345.87,1.67507,0.65541,0.84517,0.79123,0.62781,0.71974,0.39737,1.54472,0.57697,0.80631,0.00153826,0.00153826,0.00153826
585,5355.01,1.6677,0.64877,0.84116,0.80688,0.62356,0.72161,0.40585,1.51019,0.56858,0.80551,0.00153747,0.00153747,0.00153747
586,5364.31,1.68353,0.65896,0.84018,0.80569,0.61779,0.71844,0.40273,1.52552,0.57375,0.80583,0.00153668,0.00153668,0.00153668
587,5373.4,1.67539,0.65147,0.83805,0.80718,0.61839,0.72035,0.39042,1.58402,0.59347,0.80749,0.00153589,0.00153589,0.00153589
588,5382.43,1.68401,0.65557,0.84066,0.80006,0.62021,0.71926,0.39021,1.58156,0.59215,0.80758,0.0015351,0.0015351,0.0015351
589,5391.55,1.64669,0.65581,0.8503,0.79122,0.61601,0.71205,0.39207,1.57861,0.58808,0.80859,0.0015343,0.0015343,0.0015343
590,5400.5,1.64378,0.64372,0.83499,0.79514,0.62027,0.71419,0.39179,1.59054,0.5901,0.80791,0.00153351,0.00153351,0.00153351
591,5409.26,1.66781,0.64352,0.84277,0.79939,0.62424,0.71761,0.39573,1.5787,0.58633,0.80612,0.00153272,0.00153272,0.00153272
592,5418.22,1.66178,0.65626,0.83975,0.79412,0.62328,0.71682,0.3987,1.54046,0.57843,0.80528,0.00153193,0.00153193,0.00153193
593,5427.28,1.69652,0.65569,0.84226,0.79461,0.6156,0.7116,0.39298,1.53662,0.5834,0.80613,0.00153114,0.00153114,0.00153114
594,5436.18,1.6595,0.65004,0.84105,0.7948,0.62056,0.71257,0.39397,1.53573,0.5858,0.80578,0.00153034,0.00153034,0.00153034
595,5445.49,1.66345,0.64572,0.84223,0.79975,0.61739,0.71291,0.39375,1.53555,0.57712,0.8056,0.00152955,0.00152955,0.00152955
596,5454.53,1.70757,0.66312,0.84109,0.80292,0.62081,0.71378,0.39056,1.57102,0.58417,0.80627,0.00152876,0.00152876,0.00152876
597,5463.9,1.72698,0.66764,0.84383,0.80369,0.61714,0.7153,0.39295,1.55115,0.58609,0.80438,0.00152797,0.00152797,0.00152797
598,5472.98,1.66804,0.65791,0.83798,0.80375,0.6156,0.71634,0.39326,1.54378,0.58524,0.805,0.00152718,0.00152718,0.00152718
599,5482.29,1.69545,0.65444,0.83555,0.78641,0.61079,0.70626,0.38756,1.55813,0.59599,0.80613,0.00152638,0.00152638,0.00152638
600,5491.32,1.69328,0.66383,0.8392,0.79449,0.60544,0.70395,0.38148,1.58815,0.60713,0.80681,0.00152559,0.00152559,0.00152559
601,5500.26,1.69504,0.65723,0.83999,0.79118,0.6101,0.70271,0.38576,1.57931,0.61063,0.8078,0.0015248,0.0015248,0.0015248
602,5509.27,1.67385,0.65779,0.83841,0.79738,0.60283,0.70357,0.3891,1.56011,0.5995,0.80654,0.00152401,0.00152401,0.00152401
603,5518.21,1.72191,0.66983,0.84174,0.78988,0.6156,0.70841,0.3899,1.56253,0.59395,0.80662,0.00152322,0.00152322,0.00152322
604,5527.36,1.7148,0.67082,0.83664,0.78885,0.61862,0.70868,0.38547,1.58678,0.59807,0.80713,0.00152242,0.00152242,0.00152242
605,5536.61,1.69118,0.66485,0.83656,0.79121,0.62169,0.71328,0.39704,1.54014,0.58345,0.80721,0.00152163,0.00152163,0.00152163
606,5545.58,1.74435,0.66997,0.83945,0.79426,0.61477,0.70977,0.39577,1.55735,0.58662,0.80856,0.00152084,0.00152084,0.00152084
607,5554.96,1.70802,0.66499,0.83464,0.78437,0.60875,0.702,0.39014,1.57477,0.58416,0.80777,0.00152005,0.00152005,0.00152005
608,5563.88,1.70058,0.65839,0.83949,0.79181,0.60983,0.70182,0.37986,1.63135,0.60554,0.80893,0.00151926,0.00151926,0.00151926
609,5572.99,1.68699,0.67555,0.84806,0.78883,0.61161,0.70215,0.37753,1.6497,0.61863,0.80947,0.00151846,0.00151846,0.00151846
610,5582.53,1.70778,0.6674,0.84128,0.78543,0.60983,0.7033,0.38861,1.56998,0.59173,0.8066,0.00151767,0.00151767,0.00151767
611,5591.28,1.69317,0.66929,0.84057,0.78645,0.60569,0.70063,0.38347,1.5693,0.59816,0.80657,0.00151688,0.00151688,0.00151688
612,5600.4,1.71987,0.67985,0.84649,0.79554,0.60956,0.70327,0.38861,1.55857,0.58919,0.80791,0.00151609,0.00151609,0.00151609
613,5609.63,1.70256,0.67151,0.84115,0.79005,0.61848,0.70998,0.39024,1.55171,0.57917,0.80587,0.0015153,0.0015153,0.0015153
614,5618.39,1.65799,0.65096,0.83949,0.79803,0.61614,0.71197,0.39097,1.54275,0.57748,0.80538,0.0015145,0.0015145,0.0015145
615,5627.48,1.65025,0.64401,0.83283,0.80147,0.61518,0.71367,0.39696,1.52053,0.5763,0.80447,0.00151371,0.00151371,0.00151371
616,5636.42,1.65069,0.64319,0.83367,0.79856,0.60902,0.7111,0.39334,1.53516,0.5781,0.80545,0.00151292,0.00151292,0.00151292
617,5645.53,1.6711,0.65175,0.8433,0.79736,0.60859,0.70848,0.39206,1.53673,0.57371,0.80709,0.00151213,0.00151213,0.00151213
618,5654.39,1.69553,0.65933,0.84235,0.79137,0.60668,0.70866,0.39506,1.51259,0.56899,0.80628,0.00151134,0.00151134,0.00151134
619,5663.7,1.71155,0.65746,0.84122,0.79043,0.6123,0.71134,0.39865,1.51741,0.56862,0.80577,0.00151054,0.00151054,0.00151054
620,5672.7,1.71016,0.66273,0.8352,0.79354,0.61104,0.71146,0.39623,1.53356,0.57869,0.80618,0.00150975,0.00150975,0.00150975
621,5681.95,1.65713,0.64727,0.83841,0.79129,0.61148,0.70982,0.39419,1.5202,0.5791,0.80605,0.00150896,0.00150896,0.00150896
622,5690.78,1.63903,0.64126,0.83895,0.79785,0.61556,0.71303,0.39637,1.52474,0.58029,0.8056,0.00150817,0.00150817,0.00150817
623,5699.76,1.65361,0.64682,0.84416,0.7976,0.61463,0.71357,0.39505,1.52169,0.57492,0.80568,0.00150738,0.00150738,0.00150738
624,5708.88,1.70083,0.65657,0.83382,0.79251,0.6204,0.71539,0.39544,1.5148,0.57061,0.80536,0.00150658,0.00150658,0.00150658
625,5717.87,1.61451,0.6417,0.84299,0.78846,0.6212,0.71294,0.39115,1.52847,0.58991,0.80533,0.00150579,0.00150579,0.00150579
626,5726.93,1.62638,0.65464,0.83993,0.78697,0.6204,0.71462,0.39317,1.52701,0.5836,0.80501,0.001505,0.001505,0.001505
627,5735.69,1.64677,0.6502,0.84169,0.79618,0.6237,0.72099,0.40057,1.53833,0.58343,0.80651,0.00150421,0.00150421,0.00150421
628,5744.46,1.66361,0.65626,0.8447,0.79969,0.61381,0.71742,0.40259,1.52486,0.58342,0.80595,0.00150342,0.00150342,0.00150342
629,5753.8,1.71306,0.66284,0.83916,0.78436,0.60942,0.71046,0.38848,1.5651,0.587,0.80689,0.00150262,0.00150262,0.00150262
630,5762.61,1.71198,0.66545,0.84553,0.7865,0.61532,0.71045,0.389,1.55051,0.5812,0.807,0.00150183,0.00150183,0.00150183
631,5771.98,1.72402,0.66816,0.84264,0.79819,0.61766,0.70901,0.37585,1.60948,0.60373,0.80929,0.00150104,0.00150104,0.00150104
632,5780.89,1.70276,0.66756,0.84071,0.7982,0.61367,0.70797,0.38179,1.58791,0.60177,0.80969,0.00150025,0.00150025,0.00150025
633,5789.93,1.72032,0.66679,0.83067,0.7811,0.60653,0.70314,0.38615,1.56046,0.591,0.80656,0.00149946,0.00149946,0.00149946
634,5798.85,1.70423,0.65897,0.84427,0.79101,0.60283,0.70225,0.38761,1.54858,0.58407,0.80642,0.00149866,0.00149866,0.00149866
635,5807.88,1.70759,0.67413,0.84133,0.79994,0.59692,0.69636,0.37647,1.59224,0.58914,0.8086,0.00149787,0.00149787,0.00149787
636,5816.84,1.63627,0.64197,0.83933,0.7956,0.59475,0.69537,0.38187,1.5565,0.58049,0.80801,0.00149708,0.00149708,0.00149708
637,5825.96,1.70544,0.66942,0.84602,0.79035,0.60398,0.70576,0.39277,1.52456,0.57473,0.80613,0.00149629,0.00149629,0.00149629
638,5834.63,1.63655,0.63625,0.83699,0.79078,0.61326,0.71201,0.3957,1.52023,0.57195,0.80559,0.0014955,0.0014955,0.0014955
639,5843.47,1.63583,0.65125,0.83965,0.79158,0.62397,0.7181,0.39721,1.53593,0.57909,0.80632,0.0014947,0.0014947,0.0014947
640,5852.49,1.69394,0.6561,0.84168,0.79365,0.62301,0.71776,0.3975,1.53316,0.57939,0.80555,0.00149391,0.00149391,0.00149391
641,5861.57,1.63279,0.63754,0.83971,0.79791,0.62109,0.71266,0.38047,1.60936,0.60318,0.80825,0.00149312,0.00149312,0.00149312
642,5870.59,1.66072,0.64779,0.84468,0.79584,0.62136,0.71107,0.37551,1.63867,0.6129,0.80988,0.00149233,0.00149233,0.00149233
643,5879.34,1.62261,0.62557,0.83376,0.8014,0.62068,0.71707,0.39141,1.5601,0.58856,0.80711,0.00149154,0.00149154,0.00149154
644,5888.36,1.70107,0.65152,0.83423,0.79947,0.62178,0.71573,0.38952,1.56261,0.58456,0.80571,0.00149074,0.00149074,0.00149074
645,5897.45,1.71136,0.65831,0.84137,0.80094,0.61422,0.7103,0.3814,1.5766,0.58904,0.80604,0.00148995,0.00148995,0.00148995
646,5906.48,1.66475,0.64884,0.84214,0.79631,0.62013,0.71337,0.39088,1.54231,0.58018,0.8052,0.00148916,0.00148916,0.00148916
647,5915.44,1.65876,0.65152,0.84586,0.78989,0.6182,0.71132,0.39282,1.53461,0.57758,0.80465,0.00148837,0.00148837,0.00148837
648,5924.58,1.66785,0.63952,0.82954,0.80014,0.62301,0.71405,0.39428,1.53508,0.58446,0.80498,0.00148758,0.00148758,0.00148758
649,5933.83,1.70632,0.65946,0.83829,0.81306,0.61985,0.71489,0.38967,1.55893,0.58742,0.8064,0.00148678,0.00148678,0.00148678
650,5942.75,1.66863,0.64682,0.8329,0.80573,0.61779,0.71229,0.39605,1.52116,0.573,0.80496,0.00148599,0.00148599,0.00148599
651,5951.88,1.71953,0.6684,0.83695,0.80136,0.61271,0.71067,0.39171,1.53526,0.57893,0.80569,0.0014852,0.0014852,0.0014852
652,5960.66,1.61534,0.63582,0.83494,0.8038,0.61354,0.7117,0.3937,1.53261,0.57641,0.80581,0.00148441,0.00148441,0.00148441
653,5969.86,1.72325,0.65923,0.83087,0.80037,0.60986,0.7136,0.39631,1.5308,0.57026,0.80571,0.00148362,0.00148362,0.00148362
654,5978.91,1.6355,0.63965,0.8389,0.79606,0.60873,0.7114,0.39015,1.54957,0.57525,0.8059,0.00148282,0.00148282,0.00148282
655,5987.86,1.60956,0.63019,0.83729,0.80625,0.61128,0.71744,0.40321,1.50209,0.56184,0.80502,0.00148203,0.00148203,0.00148203
656,5996.93,1.69304,0.65217,0.84397,0.8114,0.61427,0.71938,0.39943,1.52936,0.56968,0.80597,0.00148124,0.00148124,0.00148124
657,6006.01,1.74973,0.6754,0.84721,0.80113,0.61614,0.71598,0.39307,1.57039,0.58346,0.807,0.00148045,0.00148045,0.00148045
658,6015.12,1.7395,0.6708,0.83926,0.79398,0.61285,0.71278,0.38493,1.60944,0.59034,0.80671,0.00147966,0.00147966,0.00147966
659,6023.98,1.70009,0.6546,0.83653,0.79763,0.61971,0.71617,0.39794,1.53993,0.58712,0.80545,0.00147886,0.00147886,0.00147886
660,6033.22,1.64295,0.6521,0.83468,0.79684,0.62624,0.71887,0.39703,1.53968,0.58873,0.80566,0.00147807,0.00147807,0.00147807
661,6042.4,1.69451,0.65894,0.84586,0.7998,0.6193,0.71457,0.39674,1.54022,0.57668,0.80547,0.00147728,0.00147728,0.00147728
662,6051.44,1.65723,0.64992,0.84308,0.79999,0.61558,0.71388,0.39583,1.53725,0.57196,0.80588,0.00147649,0.00147649,0.00147649
663,6060.7,1.65864,0.64823,0.84232,0.80391,0.61546,0.71508,0.40008,1.51106,0.56436,0.80578,0.0014757,0.0014757,0.0014757
664,6069.56,1.69061,0.65685,0.83724,0.81034,0.61807,0.71703,0.40098,1.52433,0.56538,0.80615,0.0014749,0.0014749,0.0014749
665,6078.63,1.64824,0.64663,0.83371,0.80237,0.62438,0.71921,0.39797,1.55024,0.57435,0.80604,0.00147411,0.00147411,0.00147411
666,6087.56,1.68716,0.65357,0.84888,0.8027,0.62479,0.72051,0.39903,1.54307,0.56976,0.80592,0.00147332,0.00147332,0.00147332
667,6096.79,1.70913,0.655,0.83637,0.80652,0.62034,0.71806,0.39889,1.54021,0.56842,0.80586,0.00147253,0.00147253,0.00147253
668,6105.81,1.66333,0.65153,0.84032,0.80161,0.61964,0.71605,0.39874,1.54039,0.56784,0.80574,0.00147174,0.00147174,0.00147174
669,6114.64,1.67218,0.64656,0.84017,0.80358,0.62191,0.71623,0.39411,1.55955,0.57631,0.80652,0.00147094,0.00147094,0.00147094
670,6123.6,1.65972,0.65228,0.83768,0.79734,0.6217,0.71393,0.39577,1.54479,0.57653,0.8061,0.00147015,0.00147015,0.00147015
671,6132.56,1.65997,0.64679,0.84153,0.79532,0.61614,0.71177,0.39768,1.52361,0.57149,0.80465,0.00146936,0.00146936,0.00146936
672,6141.34,1.62551,0.63918,0.83861,0.79512,0.61646,0.71219,0.396,1.53823,0.57458,0.80534,0.00146857,0.00146857,0.00146857
673,6150.46,1.59855,0.6306,0.83518,0.79697,0.61656,0.71395,0.39586,1.54038,0.57877,0.80527,0.00146778,0.00146778,0.00146778
674,6159.45,1.64464,0.63995,0.84194,0.80149,0.6186,0.7173,0.39879,1.54342,0.57725,0.80545,0.00146698,0.00146698,0.00146698
675,6168.68,1.62107,0.63658,0.83544,0.80613,0.6182,0.7209,0.40173,1.54678,0.57835,0.80557,0.00146619,0.00146619,0.00146619
676,6177.52,1.5972,0.63555,0.84074,0.80065,0.62308,0.72266,0.40047,1.56168,0.57986,0.80557,0.0014654,0.0014654,0.0014654
677,6186.45,1.67129,0.6366,0.83245,0.79758,0.61666,0.71747,0.39954,1.54924,0.577,0.80544,0.00146461,0.00146461,0.00146461
678,6195.43,1.61884,0.63783,0.84208,0.79436,0.61244,0.71241,0.39816,1.54227,0.57493,0.80508,0.00146382,0.00146382,0.00146382
679,6204.45,1.63158,0.63171,0.8314,0.80327,0.61267,0.71342,0.40084,1.54103,0.57034,0.80532,0.00146302,0.00146302,0.00146302
680,6213.33,1.58751,0.62054,0.83701,0.80341,0.61324,0.71371,0.39689,1.55199,0.57392,0.80563,0.00146223,0.00146223,0.00146223
681,6222.58,1.61475,0.6274,0.83643,0.81563,0.61462,0.71842,0.40052,1.53563,0.56943,0.8047,0.00146144,0.00146144,0.00146144
682,6231.61,1.65171,0.64443,0.83673,0.80517,0.61299,0.71158,0.39704,1.53065,0.57059,0.80444,0.00146065,0.00146065,0.00146065
683,6240.59,1.68962,0.65206,0.83231,0.80368,0.59885,0.70635,0.39537,1.54253,0.57424,0.80534,0.00145986,0.00145986,0.00145986
684,6249.64,1.63443,0.6414,0.84097,0.80389,0.60887,0.71099,0.39788,1.54114,0.57548,0.80645,0.00145906,0.00145906,0.00145906
685,6258.76,1.67083,0.64677,0.84371,0.81379,0.61271,0.71742,0.39381,1.58868,0.59343,0.80902,0.00145827,0.00145827,0.00145827
686,6267.87,1.71572,0.66455,0.8343,0.80493,0.62136,0.72054,0.39644,1.55937,0.58589,0.80766,0.00145748,0.00145748,0.00145748
687,6276.74,1.66655,0.64683,0.83591,0.8061,0.61697,0.71631,0.3942,1.56852,0.58086,0.80566,0.00145669,0.00145669,0.00145669
688,6285.63,1.67229,0.64591,0.83289,0.80339,0.60557,0.70448,0.3847,1.58414,0.58569,0.80705,0.0014559,0.0014559,0.0014559
689,6294.74,1.66359,0.65764,0.84529,0.793,0.59536,0.69735,0.38811,1.53731,0.58069,0.80492,0.0014551,0.0014551,0.0014551
690,6303.64,1.6373,0.6487,0.84308,0.78935,0.59898,0.69877,0.38793,1.54575,0.58005,0.80482,0.00145431,0.00145431,0.00145431
691,6313,1.68793,0.64988,0.83498,0.80896,0.61389,0.7149,0.39306,1.55426,0.57888,0.80511,0.00145352,0.00145352,0.00145352
692,6321.87,1.67322,0.65495,0.84117,0.80794,0.61697,0.71922,0.39324,1.55694,0.58003,0.80539,0.00145273,0.00145273,0.00145273
693,6330.83,1.62706,0.63928,0.84182,0.81,0.61746,0.72062,0.40572,1.5035,0.56721,0.80297,0.00145194,0.00145194,0.00145194
694,6339.42,1.60718,0.62313,0.83879,0.80679,0.61518,0.71871,0.40565,1.50014,0.5642,0.80287,0.00145114,0.00145114,0.00145114
695,6348.46,1.6686,0.64521,0.83935,0.80309,0.6134,0.71602,0.39876,1.52878,0.5736,0.80398,0.00145035,0.00145035,0.00145035
696,6357.51,1.6532,0.64762,0.84662,0.80392,0.62084,0.71783,0.39465,1.5549,0.58368,0.80444,0.00144956,0.00144956,0.00144956
697,6366.7,1.66232,0.65155,0.84146,0.80563,0.62364,0.71976,0.39536,1.54825,0.58379,0.80486,0.00144877,0.00144877,0.00144877
698,6375.71,1.64703,0.64464,0.83918,0.81275,0.61794,0.72185,0.40192,1.50897,0.5716,0.8031,0.00144798,0.00144798,0.00144798
699,6384.69,1.6917,0.65828,0.84223,0.80198,0.61439,0.71864,0.39294,1.54292,0.58085,0.80369,0.00144718,0.00144718,0.00144718
700,6393.53,1.67042,0.65232,0.83993,0.80481,0.62356,0.7232,0.39554,1.54063,0.57724,0.80463,0.00144639,0.00144639,0.00144639
701,6402.71,1.6689,0.64963,0.8405,0.81356,0.62122,0.72309,0.39829,1.52884,0.57194,0.80447,0.0014456,0.0014456,0.0014456
702,6411.58,1.64826,0.64416,0.84375,0.80192,0.62136,0.72118,0.40186,1.50252,0.56698,0.80326,0.00144481,0.00144481,0.00144481
703,6420.66,1.65326,0.64257,0.8361,0.79561,0.61137,0.71144,0.39145,1.54301,0.57698,0.80622,0.00144402,0.00144402,0.00144402
704,6429.55,1.61382,0.63472,0.83609,0.79355,0.61065,0.70796,0.39279,1.54324,0.57424,0.80693,0.00144322,0.00144322,0.00144322
705,6438.39,1.61852,0.63195,0.83541,0.80127,0.61587,0.71395,0.39881,1.52029,0.56515,0.80525,0.00144243,0.00144243,0.00144243
706,6447.12,1.58937,0.62951,0.83775,0.80366,0.61779,0.71579,0.39998,1.52001,0.56181,0.80475,0.00144164,0.00144164,0.00144164
707,6456.11,1.66939,0.64357,0.83106,0.8092,0.61834,0.72249,0.40363,1.51092,0.56138,0.80435,0.00144085,0.00144085,0.00144085
708,6464.94,1.61763,0.63039,0.83283,0.80674,0.62124,0.72243,0.40045,1.52987,0.56441,0.80471,0.00144006,0.00144006,0.00144006
709,6474.12,1.61812,0.6234,0.83141,0.80547,0.62191,0.72166,0.4005,1.54981,0.57251,0.8058,0.00143926,0.00143926,0.00143926
710,6483.3,1.64542,0.63544,0.83952,0.80631,0.62685,0.72336,0.40478,1.55335,0.57615,0.80605,0.00143847,0.00143847,0.00143847
711,6492.25,1.67273,0.63979,0.83436,0.81069,0.62576,0.72493,0.40368,1.54559,0.5746,0.80574,0.00143768,0.00143768,0.00143768
712,6501.29,1.63062,0.63779,0.83961,0.81327,0.61825,0.72158,0.40255,1.53572,0.5713,0.80535,0.00143689,0.00143689,0.00143689
713,6510.67,1.64697,0.64082,0.83713,0.8072,0.61779,0.71835,0.3986,1.53634,0.56261,0.80574,0.0014361,0.0014361,0.0014361
714,6519.71,1.66275,0.64571,0.83168,0.81311,0.61862,0.7219,0.39704,1.55654,0.57067,0.80611,0.0014353,0.0014353,0.0014353
715,6528.96,1.61559,0.63474,0.83424,0.80892,0.62081,0.72042,0.3938,1.59497,0.58478,0.80654,0.00143451,0.00143451,0.00143451
716,6538.18,1.65345,0.63733,0.84035,0.81213,0.61663,0.72071,0.3985,1.55655,0.57491,0.80579,0.00143372,0.00143372,0.00143372
717,6547.18,1.67945,0.64819,0.83953,0.80675,0.59843,0.70802,0.39064,1.56231,0.57272,0.80513,0.00143293,0.00143293,0.00143293
718,6556.38,1.67247,0.64979,0.83592,0.80757,0.60379,0.70887,0.39349,1.55616,0.57042,0.80613,0.00143214,0.00143214,0.00143214
719,6565.07,1.63618,0.64791,0.83752,0.80745,0.60832,0.71049,0.39259,1.58051,0.57213,0.80585,0.00143134,0.00143134,0.00143134
720,6574.03,1.68152,0.64985,0.83851,0.79784,0.61189,0.71159,0.39466,1.57463,0.57033,0.80558,0.00143055,0.00143055,0.00143055
721,6582.9,1.68303,0.65332,0.83811,0.80571,0.62114,0.72177,0.40333,1.52996,0.56433,0.80362,0.00142976,0.00142976,0.00142976
722,6591.89,1.68195,0.64331,0.84264,0.80091,0.61875,0.71924,0.4012,1.52973,0.56279,0.80349,0.00142897,0.00142897,0.00142897
723,6600.77,1.653,0.63868,0.83442,0.79615,0.61862,0.71679,0.39023,1.59646,0.58152,0.80623,0.00142818,0.00142818,0.00142818
724,6609.52,1.63716,0.63458,0.8377,0.79473,0.61605,0.71546,0.39188,1.58379,0.57945,0.806,0.00142738,0.00142738,0.00142738
725,6618.51,1.6555,0.64243,0.84343,0.79934,0.61834,0.71931,0.40257,1.51613,0.56639,0.80382,0.00142659,0.00142659,0.00142659
726,6627.63,1.59658,0.6203,0.83344,0.80221,0.62507,0.72373,0.40422,1.51734,0.56477,0.80419,0.0014258,0.0014258,0.0014258
727,6636.8,1.61099,0.62845,0.84108,0.80616,0.62946,0.72423,0.40102,1.5424,0.56605,0.8057,0.00142501,0.00142501,0.00142501
728,6645.89,1.63469,0.6417,0.83806,0.80477,0.62795,0.72356,0.40333,1.52026,0.56036,0.80578,0.00142422,0.00142422,0.00142422
729,6654.92,1.72108,0.6615,0.83493,0.79681,0.63098,0.72226,0.40386,1.52456,0.56133,0.80446,0.00142342,0.00142342,0.00142342
730,6663.76,1.61051,0.62889,0.83454,0.80355,0.62809,0.72104,0.39843,1.56722,0.57392,0.80598,0.00142263,0.00142263,0.00142263
731,6672.85,1.6313,0.63915,0.83511,0.80769,0.61958,0.7179,0.40086,1.54985,0.57646,0.80596,0.00142184,0.00142184,0.00142184
732,6681.79,1.65146,0.63743,0.83374,0.80555,0.62177,0.71944,0.40521,1.52565,0.57048,0.80414,0.00142105,0.00142105,0.00142105
733,6691,1.67339,0.64985,0.833,0.80003,0.62219,0.72031,0.40008,1.54013,0.56602,0.80469,0.00142026,0.00142026,0.00142026
734,6700.02,1.64407,0.63515,0.83249,0.8069,0.62328,0.72051,0.39456,1.56158,0.57082,0.80521,0.00141946,0.00141946,0.00141946
735,6709.12,1.62629,0.63203,0.83474,0.80232,0.61683,0.71627,0.39847,1.5293,0.56375,0.80394,0.00141867,0.00141867,0.00141867
736,6718.48,1.61375,0.63394,0.83845,0.81014,0.61336,0.71557,0.39749,1.52701,0.56569,0.80365,0.00141788,0.00141788,0.00141788
737,6727.73,1.6585,0.64319,0.83417,0.79811,0.61435,0.71432,0.39692,1.51923,0.57089,0.80337,0.00141709,0.00141709,0.00141709
738,6736.66,1.66235,0.64375,0.83416,0.80053,0.61038,0.7123,0.39222,1.5448,0.57995,0.80463,0.0014163,0.0014163,0.0014163
739,6746.18,1.63199,0.63159,0.83401,0.80101,0.62054,0.71586,0.39667,1.54472,0.57749,0.80545,0.0014155,0.0014155,0.0014155
740,6755.11,1.60662,0.63383,0.839,0.80263,0.62978,0.72468,0.40473,1.52092,0.56793,0.80451,0.00141471,0.00141471,0.00141471
741,6764.31,1.62214,0.63482,0.83198,0.80686,0.62803,0.72317,0.39958,1.53682,0.57656,0.80418,0.00141392,0.00141392,0.00141392
742,6773.24,1.7312,0.68362,0.84672,0.81141,0.62589,0.72049,0.38986,1.57849,0.58749,0.80577,0.00141313,0.00141313,0.00141313
743,6782.58,1.6378,0.64152,0.83363,0.8138,0.62479,0.72478,0.39993,1.54211,0.57886,0.80461,0.00141234,0.00141234,0.00141234
744,6791.5,1.64768,0.64614,0.83991,0.80729,0.6226,0.7226,0.39831,1.53532,0.57617,0.80441,0.00141154,0.00141154,0.00141154
745,6800.62,1.63884,0.63885,0.83354,0.80937,0.61862,0.7197,0.3978,1.54804,0.5775,0.80515,0.00141075,0.00141075,0.00141075
746,6809.58,1.63244,0.63945,0.83837,0.80292,0.6175,0.71828,0.3972,1.53996,0.57318,0.80586,0.00140996,0.00140996,0.00140996
747,6818.35,1.65081,0.65154,0.83812,0.78998,0.60262,0.71001,0.38936,1.54906,0.58295,0.80568,0.00140917,0.00140917,0.00140917
748,6827.35,1.64023,0.64481,0.83488,0.78801,0.60846,0.7121,0.39144,1.54266,0.57575,0.80556,0.00140838,0.00140838,0.00140838
749,6836.6,1.62969,0.63885,0.83749,0.79379,0.62254,0.72111,0.40311,1.50802,0.56718,0.80446,0.00140758,0.00140758,0.00140758
750,6845.53,1.62043,0.63838,0.8317,0.80163,0.62415,0.72282,0.40735,1.499,0.56234,0.80416,0.00140679,0.00140679,0.00140679
751,6854.91,1.65022,0.64214,0.83704,0.81036,0.61656,0.72302,0.40592,1.5076,0.571,0.80381,0.001406,0.001406,0.001406
752,6864,1.62264,0.636,0.8395,0.80918,0.62292,0.72462,0.40104,1.53029,0.56984,0.80446,0.00140521,0.00140521,0.00140521
753,6872.91,1.6651,0.64295,0.83134,0.80075,0.63056,0.72423,0.39541,1.55037,0.57781,0.80428,0.00140442,0.00140442,0.00140442
754,6881.82,1.59871,0.6361,0.83829,0.80568,0.62946,0.72432,0.39954,1.52908,0.57591,0.80329,0.00140362,0.00140362,0.00140362
755,6890.64,1.63817,0.64262,0.83839,0.80055,0.6238,0.7216,0.40374,1.52118,0.57239,0.80373,0.00140283,0.00140283,0.00140283
756,6899.53,1.59746,0.63616,0.83447,0.79459,0.62452,0.72056,0.40531,1.51134,0.57109,0.80307,0.00140204,0.00140204,0.00140204
757,6908.42,1.61338,0.63014,0.83831,0.79558,0.62315,0.71727,0.39548,1.57845,0.58414,0.80496,0.00140125,0.00140125,0.00140125
758,6917.46,1.64295,0.64479,0.84219,0.79975,0.6245,0.7147,0.39327,1.59698,0.58862,0.80562,0.00140046,0.00140046,0.00140046
759,6926.48,1.7148,0.6629,0.83881,0.80025,0.61765,0.71139,0.3968,1.54239,0.57694,0.80532,0.00139966,0.00139966,0.00139966
760,6935.48,1.58332,0.62768,0.83885,0.80504,0.61735,0.71236,0.39746,1.54775,0.57927,0.80583,0.00139887,0.00139887,0.00139887
761,6944.46,1.60892,0.62934,0.84065,0.80483,0.61573,0.71208,0.3945,1.55246,0.5789,0.8051,0.00139808,0.00139808,0.00139808
762,6953.3,1.63369,0.64298,0.84372,0.80388,0.61312,0.71348,0.3974,1.52621,0.5722,0.80475,0.00139729,0.00139729,0.00139729
763,6962.61,1.6317,0.63323,0.83755,0.79155,0.62068,0.71767,0.40084,1.52879,0.57518,0.8046,0.0013965,0.0013965,0.0013965
764,6971.86,1.65183,0.64259,0.83606,0.78992,0.62255,0.71772,0.40114,1.53047,0.57767,0.80501,0.0013957,0.0013957,0.0013957
765,6980.75,1.63703,0.63663,0.83748,0.78851,0.62908,0.72232,0.40253,1.52253,0.57528,0.80442,0.00139491,0.00139491,0.00139491
766,6989.66,1.64219,0.63871,0.84331,0.80165,0.6307,0.72305,0.39892,1.54333,0.5763,0.8046,0.00139412,0.00139412,0.00139412
767,6998.72,1.65467,0.64311,0.83666,0.80668,0.62795,0.72024,0.39313,1.56718,0.57908,0.80592,0.00139333,0.00139333,0.00139333
768,7007.94,1.70422,0.65953,0.84141,0.80153,0.62521,0.71918,0.39738,1.53618,0.56871,0.80521,0.00139254,0.00139254,0.00139254
769,7016.8,1.65402,0.64197,0.83754,0.799,0.62378,0.71818,0.39784,1.53479,0.57182,0.80428,0.00139174,0.00139174,0.00139174
770,7025.71,1.66357,0.64608,0.83091,0.80255,0.62713,0.71977,0.39367,1.55625,0.58044,0.80494,0.00139095,0.00139095,0.00139095
771,7034.82,1.62214,0.63939,0.83997,0.80324,0.6305,0.71872,0.38939,1.57408,0.58847,0.80641,0.00139016,0.00139016,0.00139016
772,7043.67,1.62244,0.63676,0.82857,0.80436,0.63217,0.72407,0.39895,1.53602,0.57392,0.80457,0.00138937,0.00138937,0.00138937
773,7052.71,1.63003,0.63243,0.82743,0.80959,0.63221,0.72731,0.40405,1.52662,0.56681,0.80374,0.00138858,0.00138858,0.00138858
774,7061.81,1.64536,0.63287,0.8321,0.80789,0.62878,0.72473,0.4012,1.54292,0.56763,0.80427,0.00138778,0.00138778,0.00138778
775,7071.07,1.61799,0.62854,0.83609,0.80869,0.62685,0.72743,0.40603,1.51561,0.55581,0.80451,0.00138699,0.00138699,0.00138699
776,7079.77,1.5842,0.61963,0.83854,0.80637,0.61958,0.72316,0.40663,1.49937,0.55371,0.80407,0.0013862,0.0013862,0.0013862
777,7089.1,1.64775,0.63434,0.83821,0.79932,0.62383,0.72482,0.40727,1.48849,0.55602,0.80328,0.00138541,0.00138541,0.00138541
778,7098.04,1.64867,0.63427,0.83755,0.80187,0.62754,0.7274,0.40449,1.50753,0.55973,0.80307,0.00138462,0.00138462,0.00138462
779,7107.67,1.63899,0.63862,0.84256,0.80211,0.62795,0.72445,0.39405,1.55878,0.57643,0.80424,0.00138382,0.00138382,0.00138382
780,7116.58,1.62668,0.63128,0.8323,0.80628,0.62315,0.72207,0.39915,1.53587,0.57173,0.80382,0.00138303,0.00138303,0.00138303
781,7126.19,1.64819,0.63298,0.83509,0.79745,0.61642,0.7192,0.40226,1.51681,0.56816,0.80275,0.00138224,0.00138224,0.00138224
782,7135.35,1.67998,0.64394,0.83572,0.79644,0.6188,0.72072,0.40371,1.51795,0.56288,0.80298,0.00138145,0.00138145,0.00138145
783,7144.47,1.64528,0.63818,0.83781,0.80734,0.61889,0.72266,0.40143,1.527,0.56732,0.80324,0.00138066,0.00138066,0.00138066
784,7153.33,1.66659,0.63877,0.8355,0.80292,0.62383,0.72456,0.40516,1.51217,0.56349,0.80241,0.00137986,0.00137986,0.00137986
785,7162.26,1.66974,0.64754,0.84052,0.79325,0.62781,0.7243,0.40568,1.50604,0.56037,0.80157,0.00137907,0.00137907,0.00137907
786,7171.19,1.6317,0.62934,0.82986,0.79626,0.63097,0.72399,0.40371,1.51939,0.56193,0.80204,0.00137828,0.00137828,0.00137828
787,7180.48,1.57514,0.61726,0.83263,0.8096,0.63729,0.7306,0.40982,1.49632,0.55752,0.80229,0.00137749,0.00137749,0.00137749
788,7189.83,1.60154,0.62784,0.834,0.81123,0.63245,0.73097,0.41116,1.49496,0.55447,0.80288,0.0013767,0.0013767,0.0013767
789,7199.34,1.61821,0.63453,0.83097,0.81418,0.6328,0.73071,0.40845,1.50314,0.55698,0.80289,0.0013759,0.0013759,0.0013759
790,7208.29,1.61735,0.62617,0.83286,0.8065,0.63114,0.72775,0.40745,1.50749,0.56314,0.80299,0.00137511,0.00137511,0.00137511
791,7217.53,1.61224,0.62526,0.83287,0.7977,0.62416,0.72035,0.40642,1.49047,0.56185,0.80247,0.00137432,0.00137432,0.00137432
792,7226.3,1.63123,0.63714,0.84258,0.79837,0.6246,0.72014,0.40664,1.48878,0.56093,0.80305,0.00137353,0.00137353,0.00137353
793,7235.49,1.65635,0.63583,0.83294,0.80932,0.62583,0.71956,0.395,1.57531,0.57916,0.80547,0.00137274,0.00137274,0.00137274
794,7244.19,1.64813,0.63876,0.84067,0.81204,0.62644,0.72155,0.39732,1.57364,0.57682,0.80631,0.00137194,0.00137194,0.00137194
795,7253.24,1.67897,0.64713,0.833,0.80499,0.62328,0.72167,0.40392,1.50011,0.5635,0.80326,0.00137115,0.00137115,0.00137115
796,7262.21,1.65594,0.63007,0.83027,0.80953,0.62273,0.72344,0.4061,1.49224,0.56247,0.80265,0.00137036,0.00137036,0.00137036
797,7271.45,1.62268,0.63502,0.84294,0.80634,0.62891,0.72304,0.402,1.51745,0.56934,0.80323,0.00136957,0.00136957,0.00136957
798,7280.48,1.63154,0.63255,0.83828,0.81088,0.62276,0.72087,0.39745,1.53754,0.57262,0.80426,0.00136878,0.00136878,0.00136878
799,7289.58,1.66382,0.64108,0.83289,0.80908,0.6226,0.72483,0.40101,1.51236,0.56528,0.80435,0.00136798,0.00136798,0.00136798
800,7298.57,1.63044,0.62221,0.82571,0.81019,0.62411,0.72628,0.40642,1.49485,0.56091,0.80357,0.00136719,0.00136719,0.00136719
801,7307.72,1.65023,0.63875,0.83887,0.80503,0.63042,0.72935,0.40028,1.53516,0.57003,0.80342,0.0013664,0.0013664,0.0013664
802,7316.88,1.60619,0.62722,0.84219,0.80857,0.62858,0.72904,0.40033,1.53166,0.56844,0.80336,0.00136561,0.00136561,0.00136561
803,7326.31,1.65045,0.63434,0.82868,0.81106,0.63001,0.73201,0.41094,1.48664,0.5556,0.80234,0.00136482,0.00136482,0.00136482
804,7335.34,1.62448,0.62628,0.82533,0.81544,0.63446,0.73489,0.41265,1.48772,0.55463,0.80216,0.00136402,0.00136402,0.00136402
805,7344.55,1.62902,0.63211,0.83382,0.81587,0.62974,0.73211,0.41227,1.47858,0.55351,0.8021,0.00136323,0.00136323,0.00136323
806,7353.58,1.60965,0.61307,0.8318,0.81203,0.62713,0.73092,0.41025,1.48036,0.55128,0.80183,0.00136244,0.00136244,0.00136244
807,7362.69,1.60923,0.62253,0.83142,0.80447,0.62287,0.72596,0.40772,1.49106,0.55588,0.80172,0.00136165,0.00136165,0.00136165
808,7371.93,1.58627,0.62521,0.83895,0.80781,0.6237,0.72712,0.41085,1.47765,0.55472,0.80181,0.00136086,0.00136086,0.00136086
809,7380.93,1.60673,0.62019,0.82893,0.80516,0.63111,0.73046,0.41005,1.48529,0.55957,0.80144,0.00136006,0.00136006,0.00136006
810,7389.85,1.59463,0.62058,0.83338,0.80771,0.63386,0.73394,0.40843,1.49983,0.56506,0.80117,0.00135927,0.00135927,0.00135927
811,7398.94,1.63302,0.63005,0.82737,0.80812,0.62658,0.72862,0.40983,1.49308,0.56182,0.80247,0.00135848,0.00135848,0.00135848
812,7407.87,1.60653,0.62482,0.83714,0.80729,0.62457,0.72548,0.4083,1.49379,0.55945,0.8026,0.00135769,0.00135769,0.00135769
813,7417,1.57633,0.61249,0.83129,0.80576,0.62452,0.72293,0.40394,1.50929,0.56053,0.80362,0.0013569,0.0013569,0.0013569
814,7426.03,1.55415,0.61175,0.83521,0.81003,0.62752,0.72381,0.40469,1.51503,0.56429,0.80406,0.0013561,0.0013561,0.0013561
815,7435.09,1.64904,0.64051,0.83543,0.81499,0.63078,0.72977,0.40924,1.49606,0.56403,0.80342,0.00135531,0.00135531,0.00135531
816,7444.05,1.59435,0.62279,0.83022,0.8074,0.6274,0.72444,0.40408,1.51118,0.56909,0.80477,0.00135452,0.00135452,0.00135452
817,7453.03,1.58077,0.62135,0.83673,0.80805,0.61895,0.72426,0.40717,1.50668,0.5665,0.80423,0.00135373,0.00135373,0.00135373
818,7462.1,1.59568,0.62632,0.83124,0.80149,0.61528,0.7216,0.40584,1.50837,0.56533,0.80344,0.00135294,0.00135294,0.00135294
819,7471.36,1.61794,0.63287,0.83502,0.80608,0.61803,0.72323,0.40422,1.49747,0.55905,0.80269,0.00135214,0.00135214,0.00135214
820,7480.3,1.57857,0.62135,0.83711,0.80598,0.62095,0.72303,0.40453,1.49277,0.5585,0.80241,0.00135135,0.00135135,0.00135135
821,7489.32,1.65418,0.63929,0.83448,0.79862,0.61903,0.72038,0.40331,1.51895,0.56497,0.80265,0.00135056,0.00135056,0.00135056
822,7498.29,1.60979,0.63122,0.8366,0.79722,0.62178,0.71814,0.40228,1.52209,0.56622,0.80287,0.00134977,0.00134977,0.00134977
823,7507.26,1.6069,0.6339,0.8372,0.79255,0.63111,0.72339,0.40505,1.50375,0.56413,0.8014,0.00134898,0.00134898,0.00134898
824,7516.16,1.64073,0.6389,0.83622,0.78965,0.63138,0.72298,0.4048,1.49599,0.56241,0.801,0.00134818,0.00134818,0.00134818
825,7525.3,1.66298,0.64402,0.84009,0.79661,0.63125,0.72282,0.3968,1.54313,0.57127,0.80285,0.00134739,0.00134739,0.00134739
826,7534.53,1.56173,0.61266,0.83609,0.79929,0.63138,0.72468,0.39821,1.53666,0.56691,0.80326,0.0013466,0.0013466,0.0013466
827,7543.66,1.57573,0.61009,0.83326,0.80891,0.62658,0.7274,0.40829,1.49073,0.55696,0.80256,0.00134581,0.00134581,0.00134581
828,7552.82,1.64491,0.63483,0.83487,0.81368,0.62951,0.72908,0.40717,1.49734,0.5596,0.80231,0.00134502,0.00134502,0.00134502
829,7561.81,1.62876,0.6351,0.83673,0.80824,0.62841,0.72713,0.40268,1.5263,0.56444,0.8032,0.00134422,0.00134422,0.00134422
830,7570.66,1.6158,0.63259,0.83673,0.80984,0.62383,0.72653,0.40397,1.52536,0.56342,0.80341,0.00134343,0.00134343,0.00134343
831,7579.98,1.6375,0.63152,0.83218,0.81445,0.62397,0.72776,0.41274,1.47657,0.55385,0.80185,0.00134264,0.00134264,0.00134264
832,7589.5,1.60999,0.62565,0.83607,0.80959,0.62576,0.72703,0.40972,1.48637,0.55642,0.80232,0.00134185,0.00134185,0.00134185
833,7598.71,1.6101,0.6183,0.82923,0.80398,0.62905,0.72664,0.40664,1.50107,0.55632,0.8019,0.00134106,0.00134106,0.00134106
834,7607.63,1.66396,0.64056,0.83759,0.80555,0.62789,0.7265,0.40002,1.52439,0.56231,0.80218,0.00134026,0.00134026,0.00134026
835,7616.54,1.66618,0.63967,0.83512,0.80465,0.62836,0.72442,0.40216,1.52175,0.56876,0.80226,0.00133947,0.00133947,0.00133947
836,7625.47,1.58345,0.62161,0.84309,0.81168,0.62411,0.72538,0.40492,1.50618,0.56726,0.80239,0.00133868,0.00133868,0.00133868
837,7634.69,1.67392,0.64856,0.83604,0.80548,0.62164,0.72208,0.40288,1.51364,0.57407,0.80182,0.00133789,0.00133789,0.00133789
838,7643.71,1.63697,0.64092,0.83346,0.80405,0.62248,0.72283,0.40489,1.50492,0.57417,0.80149,0.0013371,0.0013371,0.0013371
839,7652.7,1.59635,0.62585,0.83748,0.8028,0.62542,0.72169,0.39975,1.52683,0.56853,0.80344,0.0013363,0.0013363,0.0013363
840,7661.66,1.62826,0.63659,0.83675,0.80645,0.6275,0.72468,0.40087,1.52068,0.56326,0.80398,0.00133551,0.00133551,0.00133551
841,7670.67,1.62499,0.63547,0.83377,0.8087,0.62493,0.72554,0.40702,1.50171,0.56079,0.80257,0.00133472,0.00133472,0.00133472
842,7679.37,1.61799,0.62528,0.83564,0.81067,0.62164,0.72326,0.40594,1.5066,0.56292,0.80284,0.00133393,0.00133393,0.00133393
843,7688.67,1.65011,0.63165,0.83472,0.81577,0.62246,0.72406,0.40382,1.50958,0.56005,0.80383,0.00133314,0.00133314,0.00133314
844,7697.64,1.58421,0.61362,0.83442,0.81096,0.62548,0.72524,0.40666,1.50296,0.55829,0.80284,0.00133234,0.00133234,0.00133234
845,7706.62,1.58438,0.6061,0.83135,0.80783,0.62987,0.72801,0.40929,1.48397,0.55447,0.80226,0.00133155,0.00133155,0.00133155
846,7715.84,1.56357,0.61188,0.83319,0.81266,0.63366,0.73226,0.41166,1.4804,0.55351,0.802,0.00133076,0.00133076,0.00133076
847,7724.78,1.54829,0.60592,0.83602,0.80352,0.63276,0.72847,0.41174,1.48173,0.55477,0.80161,0.00132997,0.00132997,0.00132997
848,7733.82,1.60475,0.62228,0.83651,0.80426,0.62953,0.72731,0.41091,1.48649,0.55511,0.80171,0.00132918,0.00132918,0.00132918
849,7743.04,1.60987,0.62619,0.83107,0.80057,0.62937,0.72579,0.40873,1.48447,0.55562,0.8017,0.00132838,0.00132838,0.00132838
850,7751.97,1.62143,0.62289,0.83028,0.79913,0.63194,0.72641,0.40742,1.49002,0.55687,0.80191,0.00132759,0.00132759,0.00132759
851,7761.34,1.626,0.62994,0.83441,0.80441,0.63125,0.72528,0.40615,1.51109,0.56204,0.8035,0.0013268,0.0013268,0.0013268
852,7770.08,1.59773,0.6286,0.8304,0.81328,0.62013,0.72184,0.40709,1.50305,0.56014,0.80442,0.00132601,0.00132601,0.00132601
853,7779.3,1.63727,0.6292,0.8286,0.80984,0.6215,0.72755,0.40857,1.4977,0.55898,0.8024,0.00132522,0.00132522,0.00132522
854,7788.06,1.60769,0.6255,0.83023,0.8067,0.62768,0.73142,0.40978,1.50163,0.55935,0.80214,0.00132442,0.00132442,0.00132442
855,7797.32,1.61812,0.63811,0.83349,0.80745,0.63688,0.73163,0.4036,1.54476,0.57176,0.80303,0.00132363,0.00132363,0.00132363
856,7806.14,1.67871,0.64866,0.83134,0.80974,0.63303,0.72899,0.40278,1.53885,0.57312,0.80331,0.00132284,0.00132284,0.00132284
857,7815.14,1.61671,0.62529,0.83111,0.80336,0.62932,0.72707,0.40957,1.48379,0.55361,0.80185,0.00132205,0.00132205,0.00132205
858,7824.13,1.60791,0.63552,0.84334,0.80387,0.62796,0.7273,0.41133,1.47487,0.55289,0.80184,0.00132126,0.00132126,0.00132126
859,7833.36,1.63821,0.63174,0.83938,0.80175,0.6274,0.72538,0.40736,1.48761,0.55472,0.80208,0.00132046,0.00132046,0.00132046
860,7842.27,1.64253,0.63135,0.83129,0.80034,0.61958,0.72136,0.40655,1.49258,0.55639,0.80194,0.00131967,0.00131967,0.00131967
861,7851.58,1.60216,0.62101,0.82602,0.80729,0.61652,0.72328,0.41167,1.47167,0.54585,0.80195,0.00131888,0.00131888,0.00131888
862,7860.48,1.6144,0.62287,0.83628,0.80856,0.62026,0.72491,0.41267,1.475,0.54584,0.80257,0.00131809,0.00131809,0.00131809
863,7869.39,1.57323,0.61727,0.83621,0.80677,0.61834,0.7251,0.40877,1.49048,0.55302,0.80296,0.0013173,0.0013173,0.0013173
864,7878.38,1.65013,0.63885,0.82828,0.81219,0.61793,0.72555,0.40887,1.4878,0.55243,0.80232,0.0013165,0.0013165,0.0013165
865,7887.52,1.56473,0.61395,0.82862,0.81516,0.62302,0.724,0.40377,1.50132,0.5506,0.80352,0.00131571,0.00131571,0.00131571
866,7896.3,1.61947,0.62112,0.82755,0.82029,0.62013,0.72211,0.40118,1.50864,0.55479,0.8036,0.00131492,0.00131492,0.00131492
867,7905.1,1.61483,0.62514,0.83945,0.81141,0.62611,0.72681,0.40634,1.509,0.56106,0.80332,0.00131413,0.00131413,0.00131413
868,7914.21,1.65593,0.64016,0.83537,0.81349,0.62809,0.72778,0.40982,1.49336,0.56028,0.80261,0.00131334,0.00131334,0.00131334
869,7923.28,1.6405,0.63115,0.83164,0.80547,0.62795,0.72328,0.40905,1.48189,0.55586,0.80165,0.00131254,0.00131254,0.00131254
870,7932.45,1.61633,0.627,0.83491,0.80317,0.62741,0.72318,0.40812,1.49099,0.55439,0.80223,0.00131175,0.00131175,0.00131175
871,7941.55,1.64007,0.62482,0.83178,0.80838,0.63276,0.73032,0.41184,1.46987,0.54717,0.80175,0.00131096,0.00131096,0.00131096
872,7950.4,1.60534,0.62648,0.83795,0.80631,0.63001,0.72838,0.41237,1.4643,0.54943,0.80156,0.00131017,0.00131017,0.00131017
873,7959.38,1.59923,0.62367,0.83257,0.81006,0.63152,0.72993,0.41145,1.45961,0.54339,0.80174,0.00130938,0.00130938,0.00130938
874,7968.15,1.62305,0.63319,0.83099,0.80568,0.63352,0.73075,0.41111,1.46819,0.54733,0.80197,0.00130858,0.00130858,0.00130858
875,7976.96,1.60198,0.62554,0.8307,0.80556,0.63331,0.72909,0.41029,1.48483,0.55648,0.80196,0.00130779,0.00130779,0.00130779
876,7986.09,1.65765,0.64539,0.83729,0.80326,0.63042,0.72769,0.41043,1.48252,0.56007,0.80194,0.001307,0.001307,0.001307
877,7995.07,1.63112,0.63366,0.82939,0.80572,0.62026,0.72277,0.40691,1.49198,0.55792,0.80218,0.00130621,0.00130621,0.00130621
878,8004.06,1.62993,0.63814,0.83413,0.80476,0.61917,0.7224,0.40722,1.48878,0.55462,0.80206,0.00130542,0.00130542,0.00130542
879,8013.34,1.63731,0.6342,0.83272,0.80584,0.61995,0.71966,0.39705,1.54961,0.57528,0.80491,0.00130462,0.00130462,0.00130462
880,8022.24,1.58649,0.62894,0.8351,0.8091,0.62317,0.72443,0.4013,1.54013,0.57543,0.80495,0.00130383,0.00130383,0.00130383
881,8031.41,1.62236,0.6379,0.83716,0.80727,0.63139,0.72926,0.40925,1.51177,0.56603,0.80401,0.00130304,0.00130304,0.00130304
882,8040.22,1.56786,0.61014,0.8336,0.80854,0.62904,0.72774,0.41152,1.49956,0.55961,0.80357,0.00130225,0.00130225,0.00130225
883,8049.55,1.58732,0.61871,0.83898,0.81203,0.62628,0.72397,0.41116,1.5085,0.55899,0.80503,0.00130146,0.00130146,0.00130146
884,8058.55,1.64743,0.63375,0.8356,0.80875,0.62013,0.71927,0.40762,1.518,0.56106,0.80483,0.00130066,0.00130066,0.00130066
885,8067.72,1.65107,0.6301,0.82851,0.80681,0.62093,0.72064,0.40838,1.49419,0.56216,0.80284,0.00129987,0.00129987,0.00129987
886,8076.59,1.66888,0.64739,0.83344,0.80563,0.6231,0.718,0.40328,1.50733,0.56546,0.80254,0.00129908,0.00129908,0.00129908
887,8085.45,1.62813,0.63091,0.82909,0.8067,0.61591,0.71696,0.40311,1.49138,0.56289,0.8012,0.00129829,0.00129829,0.00129829
888,8094.25,1.60553,0.63121,0.8459,0.79749,0.61742,0.71638,0.40156,1.50101,0.56496,0.80162,0.0012975,0.0012975,0.0012975
889,8103.64,1.59836,0.622,0.83397,0.79934,0.61697,0.7158,0.40275,1.50673,0.56722,0.80241,0.0012967,0.0012967,0.0012967
890,8112.5,1.62226,0.6288,0.83505,0.79519,0.62469,0.72067,0.4072,1.50471,0.56328,0.80192,0.00129591,0.00129591,0.00129591
891,8121.51,1.60633,0.62042,0.83199,0.80561,0.63001,0.72515,0.40912,1.50909,0.56374,0.8022,0.00129512,0.00129512,0.00129512
892,8130.63,1.62476,0.6309,0.83456,0.80759,0.62905,0.72392,0.40633,1.51409,0.56321,0.80346,0.00129433,0.00129433,0.00129433
893,8139.55,1.60288,0.62123,0.83572,0.79966,0.61807,0.71755,0.40351,1.49713,0.56641,0.80339,0.00129354,0.00129354,0.00129354
894,8148.82,1.64937,0.64001,0.83511,0.79701,0.61711,0.71908,0.40443,1.49227,0.56357,0.80277,0.00129274,0.00129274,0.00129274
895,8158.08,1.64707,0.64037,0.83868,0.80355,0.62558,0.72055,0.39363,1.54788,0.57232,0.80362,0.00129195,0.00129195,0.00129195
896,8167.14,1.69576,0.64152,0.83319,0.80373,0.62878,0.72071,0.38174,1.61749,0.58831,0.80607,0.00129116,0.00129116,0.00129116
897,8175.87,1.65476,0.64067,0.84404,0.80517,0.62751,0.72752,0.40136,1.55398,0.57712,0.80467,0.00129037,0.00129037,0.00129037
898,8185.04,1.58958,0.62858,0.83827,0.80755,0.62479,0.72794,0.40905,1.51153,0.56499,0.80262,0.00128958,0.00128958,0.00128958
899,8194.28,1.61012,0.63461,0.83126,0.81723,0.6206,0.72428,0.41231,1.47925,0.55278,0.8026,0.00128878,0.00128878,0.00128878
900,8203.3,1.60009,0.62376,0.83671,0.82253,0.6182,0.72486,0.41219,1.48239,0.55072,0.80257,0.00128799,0.00128799,0.00128799
901,8212.26,1.60357,0.62477,0.835,0.80926,0.62603,0.72765,0.41512,1.4685,0.55092,0.80206,0.0012872,0.0012872,0.0012872
902,8221.55,1.60997,0.62935,0.83171,0.80878,0.63001,0.72996,0.41613,1.46103,0.54945,0.80084,0.00128641,0.00128641,0.00128641
903,8231,1.62695,0.62802,0.8401,0.80745,0.62693,0.72765,0.41562,1.46135,0.55001,0.80132,0.00128562,0.00128562,0.00128562
904,8239.87,1.6125,0.62392,0.83036,0.81303,0.62566,0.7274,0.41453,1.46472,0.54929,0.80131,0.00128482,0.00128482,0.00128482
905,8248.72,1.5934,0.62751,0.84005,0.8108,0.62482,0.72711,0.41242,1.47653,0.55404,0.80214,0.00128403,0.00128403,0.00128403
906,8257.85,1.61811,0.63099,0.83074,0.80367,0.63276,0.73046,0.41214,1.48156,0.55487,0.80224,0.00128324,0.00128324,0.00128324
907,8266.87,1.57618,0.62013,0.83882,0.81403,0.63742,0.73344,0.41114,1.4977,0.55896,0.80245,0.00128245,0.00128245,0.00128245
908,8275.73,1.62383,0.631,0.83089,0.81203,0.634,0.73046,0.40954,1.50183,0.55932,0.80295,0.00128166,0.00128166,0.00128166
909,8284.83,1.57637,0.61507,0.83014,0.81101,0.62862,0.72729,0.41007,1.49032,0.55203,0.80258,0.00128086,0.00128086,0.00128086
910,8294.07,1.6133,0.62107,0.82734,0.80987,0.63096,0.73127,0.4109,1.49277,0.55141,0.80235,0.00128007,0.00128007,0.00128007
911,8303.15,1.58136,0.60903,0.83262,0.80824,0.63523,0.73476,0.40962,1.50337,0.55684,0.80249,0.00127928,0.00127928,0.00127928
912,8311.99,1.57975,0.61888,0.83594,0.8137,0.63578,0.73509,0.40882,1.50666,0.55946,0.80261,0.00127849,0.00127849,0.00127849
913,8321.36,1.65376,0.63252,0.82793,0.81485,0.62987,0.73177,0.40968,1.49199,0.55665,0.80218,0.0012777,0.0012777,0.0012777
914,8330.31,1.61173,0.62458,0.83126,0.82229,0.62635,0.73107,0.41003,1.49015,0.55658,0.80235,0.0012769,0.0012769,0.0012769
915,8339.45,1.5937,0.6122,0.83052,0.80971,0.6274,0.72741,0.40969,1.50217,0.55965,0.80189,0.00127611,0.00127611,0.00127611
916,8348.47,1.57596,0.61395,0.82897,0.8136,0.62644,0.72824,0.41003,1.49789,0.5562,0.80187,0.00127532,0.00127532,0.00127532
917,8357.51,1.60289,0.62172,0.83208,0.80624,0.61917,0.72503,0.40961,1.49105,0.54919,0.80148,0.00127453,0.00127453,0.00127453
918,8366.43,1.59391,0.61849,0.83117,0.80512,0.6182,0.72234,0.40904,1.48984,0.5512,0.80185,0.00127374,0.00127374,0.00127374
919,8375.49,1.62426,0.62388,0.83606,0.80549,0.61889,0.72171,0.40952,1.4857,0.54872,0.80192,0.00127294,0.00127294,0.00127294
920,8384.71,1.59136,0.62521,0.83313,0.81041,0.62521,0.72533,0.40844,1.49669,0.54949,0.80209,0.00127215,0.00127215,0.00127215
921,8393.72,1.59677,0.62388,0.83338,0.8133,0.62411,0.72712,0.40807,1.50336,0.55504,0.80238,0.00127136,0.00127136,0.00127136
922,8402.61,1.59311,0.63113,0.83405,0.81092,0.62781,0.72885,0.41,1.49557,0.55335,0.80171,0.00127057,0.00127057,0.00127057
923,8411.67,1.60899,0.6219,0.83122,0.81544,0.62685,0.72785,0.40613,1.51485,0.55655,0.80232,0.00126978,0.00126978,0.00126978
924,8420.42,1.52039,0.60718,0.83956,0.81656,0.62424,0.7271,0.40882,1.49552,0.55368,0.8019,0.00126898,0.00126898,0.00126898
925,8429.43,1.5671,0.60891,0.82936,0.81153,0.62562,0.72637,0.41197,1.46973,0.54817,0.80093,0.00126819,0.00126819,0.00126819
926,8438.66,1.63993,0.62914,0.83148,0.80752,0.63127,0.72845,0.41157,1.47216,0.5517,0.80071,0.0012674,0.0012674,0.0012674
927,8447.67,1.65621,0.63686,0.83478,0.81013,0.63265,0.73104,0.40208,1.53197,0.56603,0.80204,0.00126661,0.00126661,0.00126661
928,8456.62,1.58422,0.62123,0.8374,0.81029,0.63029,0.72943,0.40401,1.51895,0.56511,0.80219,0.00126582,0.00126582,0.00126582
929,8465.82,1.64929,0.62973,0.83174,0.80657,0.62411,0.72799,0.4159,1.46299,0.55378,0.80111,0.00126502,0.00126502,0.00126502
930,8475.04,1.6091,0.62364,0.84002,0.81086,0.62389,0.72942,0.41696,1.46634,0.55275,0.80151,0.00126423,0.00126423,0.00126423
931,8484.4,1.58901,0.61794,0.83502,0.81559,0.62965,0.73318,0.41765,1.46508,0.55113,0.80146,0.00126344,0.00126344,0.00126344
932,8493.69,1.63373,0.63045,0.83613,0.8083,0.63289,0.73537,0.41697,1.46819,0.55151,0.80134,0.00126265,0.00126265,0.00126265
933,8502.59,1.57681,0.61971,0.83489,0.8103,0.63688,0.73732,0.41956,1.46485,0.54677,0.80052,0.00126186,0.00126186,0.00126186
934,8512.06,1.59529,0.60635,0.83189,0.81617,0.63317,0.73537,0.41909,1.47072,0.54636,0.80141,0.00126106,0.00126106,0.00126106
935,8521.29,1.58785,0.61569,0.83354,0.81896,0.62727,0.73049,0.41651,1.46876,0.54286,0.80217,0.00126027,0.00126027,0.00126027
936,8530.16,1.59281,0.61447,0.83105,0.81724,0.62988,0.73016,0.41685,1.46654,0.54424,0.80179,0.00125948,0.00125948,0.00125948
937,8539.33,1.61891,0.62941,0.83211,0.81382,0.62472,0.72988,0.41538,1.46707,0.54504,0.80128,0.00125869,0.00125869,0.00125869
938,8548.46,1.59327,0.62025,0.83235,0.81133,0.62548,0.72924,0.41315,1.48193,0.54981,0.80164,0.0012579,0.0012579,0.0012579
939,8557.57,1.58286,0.61982,0.83524,0.81387,0.62878,0.73192,0.41409,1.48313,0.55303,0.80216,0.0012571,0.0012571,0.0012571
940,8566.8,1.58804,0.61274,0.83919,0.81205,0.6285,0.73155,0.41739,1.47533,0.54723,0.80193,0.00125631,0.00125631,0.00125631
941,8575.97,1.55873,0.60473,0.83071,0.82048,0.62998,0.73608,0.41866,1.48505,0.54104,0.80249,0.00125552,0.00125552,0.00125552
942,8584.89,1.56354,0.59921,0.83091,0.81687,0.62892,0.73577,0.41737,1.49451,0.5429,0.80259,0.00125473,0.00125473,0.00125473
943,8594.22,1.60272,0.61749,0.82414,0.82393,0.63088,0.73638,0.41734,1.48553,0.54327,0.8023,0.00125394,0.00125394,0.00125394
944,8603.14,1.57821,0.61475,0.83467,0.82004,0.63427,0.73409,0.41123,1.5148,0.55615,0.80362,0.00125314,0.00125314,0.00125314
945,8611.93,1.57157,0.60863,0.82788,0.81534,0.63248,0.72899,0.41109,1.48901,0.55688,0.80321,0.00125235,0.00125235,0.00125235
946,8621.23,1.65668,0.62962,0.83126,0.81451,0.62603,0.72773,0.40676,1.5063,0.56192,0.8031,0.00125156,0.00125156,0.00125156
947,8630.13,1.63793,0.62732,0.8387,0.81523,0.62177,0.72277,0.40598,1.51649,0.56456,0.80386,0.00125077,0.00125077,0.00125077
948,8639.29,1.66159,0.63888,0.83953,0.81622,0.6193,0.72044,0.40203,1.54406,0.57003,0.80448,0.00124998,0.00124998,0.00124998
949,8648.48,1.58637,0.61386,0.83558,0.8152,0.61834,0.72413,0.41218,1.49527,0.55537,0.80195,0.00124918,0.00124918,0.00124918
950,8657.61,1.66271,0.63812,0.83808,0.81669,0.61985,0.72812,0.41155,1.48439,0.55224,0.80146,0.00124839,0.00124839,0.00124839
951,8666.58,1.61421,0.62081,0.83223,0.81572,0.61316,0.72387,0.39913,1.55199,0.56101,0.8039,0.0012476,0.0012476,0.0012476
952,8675.53,1.64613,0.63888,0.83837,0.81552,0.61985,0.72443,0.40243,1.53762,0.55846,0.80385,0.00124681,0.00124681,0.00124681
953,8684.38,1.58144,0.6224,0.83524,0.81273,0.63289,0.72992,0.41074,1.49652,0.55377,0.80262,0.00124602,0.00124602,0.00124602
954,8693.23,1.64739,0.63532,0.83365,0.81431,0.63042,0.7296,0.41181,1.49575,0.55702,0.80274,0.00124522,0.00124522,0.00124522
955,8702.39,1.58506,0.62237,0.83429,0.80831,0.62452,0.72651,0.40684,1.51928,0.56415,0.80304,0.00124443,0.00124443,0.00124443
956,8711.22,1.59989,0.61641,0.8288,0.80861,0.63056,0.72738,0.40317,1.53748,0.56325,0.80314,0.00124364,0.00124364,0.00124364
957,8720.54,1.54936,0.60179,0.83325,0.81099,0.63148,0.73014,0.41132,1.50269,0.55476,0.8028,0.00124285,0.00124285,0.00124285
958,8729.53,1.61053,0.61596,0.8249,0.81615,0.62714,0.73127,0.4206,1.4582,0.54125,0.80123,0.00124206,0.00124206,0.00124206
959,8738.71,1.60089,0.62824,0.84175,0.80881,0.62725,0.73013,0.42067,1.45604,0.54187,0.80083,0.00124126,0.00124126,0.00124126
960,8748,1.53724,0.60215,0.8348,0.81077,0.62905,0.73062,0.41951,1.46938,0.54168,0.80183,0.00124047,0.00124047,0.00124047
961,8757.25,1.5827,0.61325,0.83289,0.81766,0.62981,0.73205,0.41866,1.4766,0.54288,0.80064,0.00123968,0.00123968,0.00123968
962,8766.41,1.59571,0.61731,0.83549,0.81876,0.63201,0.73532,0.42028,1.46941,0.54104,0.80026,0.00123889,0.00123889,0.00123889
963,8775.7,1.62795,0.62015,0.83541,0.81876,0.63321,0.73665,0.42062,1.47234,0.54456,0.80062,0.0012381,0.0012381,0.0012381
964,8784.5,1.56865,0.62412,0.8379,0.81498,0.63221,0.73657,0.42235,1.46606,0.54534,0.80009,0.0012373,0.0012373,0.0012373
965,8793.93,1.54484,0.60832,0.83377,0.80934,0.63289,0.73546,0.42024,1.4649,0.54605,0.8001,0.00123651,0.00123651,0.00123651
966,8802.85,1.61511,0.62093,0.82721,0.81073,0.63277,0.73339,0.41719,1.47624,0.54574,0.80037,0.00123572,0.00123572,0.00123572
967,8812.07,1.57505,0.61183,0.82771,0.80612,0.63537,0.73261,0.41617,1.4725,0.54526,0.80035,0.00123493,0.00123493,0.00123493
968,8820.99,1.58559,0.61101,0.83086,0.80963,0.6344,0.7328,0.41718,1.47409,0.54556,0.8006,0.00123414,0.00123414,0.00123414
969,8830.11,1.58069,0.62365,0.83668,0.80573,0.6344,0.73203,0.41668,1.47841,0.54559,0.80105,0.00123334,0.00123334,0.00123334
970,8839.27,1.55906,0.60776,0.83526,0.80695,0.63295,0.73253,0.41944,1.46929,0.54499,0.7999,0.00123255,0.00123255,0.00123255
971,8848.32,1.58363,0.62469,0.83406,0.80994,0.6336,0.73599,0.41656,1.48029,0.54739,0.80127,0.00123176,0.00123176,0.00123176
972,8857.24,1.56015,0.6027,0.83566,0.81282,0.63072,0.73464,0.41665,1.48436,0.54698,0.80165,0.00123097,0.00123097,0.00123097
973,8866.11,1.55589,0.61508,0.83831,0.80337,0.6263,0.7277,0.41535,1.47877,0.54615,0.80063,0.00123018,0.00123018,0.00123018
974,8875.29,1.56943,0.6057,0.82764,0.8077,0.62122,0.72674,0.41402,1.48025,0.54839,0.80058,0.00122938,0.00122938,0.00122938
975,8884.43,1.57556,0.61903,0.83169,0.80569,0.62448,0.72811,0.41299,1.47131,0.54686,0.80092,0.00122859,0.00122859,0.00122859
976,8893.56,1.54976,0.59876,0.82817,0.80421,0.62411,0.72615,0.41049,1.48708,0.54746,0.80197,0.0012278,0.0012278,0.0012278
977,8902.63,1.61122,0.61601,0.82595,0.80807,0.63125,0.73145,0.41542,1.48221,0.54894,0.80187,0.00122701,0.00122701,0.00122701
978,8911.8,1.58883,0.60785,0.82758,0.81211,0.63138,0.73169,0.41574,1.47376,0.54807,0.80142,0.00122622,0.00122622,0.00122622
979,8920.89,1.60573,0.61859,0.82721,0.80865,0.63482,0.73178,0.41479,1.47673,0.55015,0.80171,0.00122542,0.00122542,0.00122542
980,8930.01,1.55643,0.60735,0.829,0.80731,0.6318,0.72958,0.41261,1.49516,0.55367,0.80277,0.00122463,0.00122463,0.00122463
981,8938.71,1.55052,0.61407,0.8332,0.80905,0.63138,0.72988,0.41224,1.48867,0.55221,0.80255,0.00122384,0.00122384,0.00122384
982,8947.47,1.63585,0.62749,0.83698,0.81194,0.62531,0.72794,0.41482,1.4734,0.54811,0.80137,0.00122305,0.00122305,0.00122305
983,8956.68,1.55749,0.61494,0.83819,0.80202,0.62685,0.72552,0.41407,1.47671,0.54998,0.80052,0.00122226,0.00122226,0.00122226
984,8965.75,1.60783,0.61564,0.82971,0.80427,0.63111,0.73094,0.41793,1.46681,0.54736,0.80077,0.00122146,0.00122146,0.00122146
985,8974.84,1.58945,0.61322,0.8317,0.81994,0.63482,0.73645,0.42156,1.46318,0.54549,0.80129,0.00122067,0.00122067,0.00122067
986,8983.72,1.57366,0.61083,0.82839,0.81876,0.63322,0.73765,0.42287,1.45652,0.54528,0.80102,0.00121988,0.00121988,0.00121988
987,8993.52,1.65145,0.63061,0.83503,0.81172,0.6262,0.73017,0.41645,1.46557,0.54523,0.80118,0.00121909,0.00121909,0.00121909
988,9002.69,1.61456,0.62904,0.83563,0.80469,0.62674,0.7252,0.41183,1.47487,0.54779,0.80166,0.0012183,0.0012183,0.0012183
989,9011.87,1.61001,0.62422,0.83115,0.80509,0.6296,0.72549,0.41248,1.47483,0.54919,0.80159,0.0012175,0.0012175,0.0012175
990,9020.9,1.52159,0.60962,0.83304,0.80325,0.62795,0.72484,0.41397,1.4715,0.54562,0.80164,0.00121671,0.00121671,0.00121671
991,9030.26,1.59622,0.62082,0.82964,0.8093,0.62727,0.72771,0.41662,1.4662,0.54684,0.80108,0.00121592,0.00121592,0.00121592
992,9039.26,1.51897,0.60399,0.8341,0.81325,0.62685,0.72648,0.41466,1.47424,0.54777,0.80122,0.00121513,0.00121513,0.00121513
993,9048.2,1.56709,0.61466,0.83182,0.81485,0.62891,0.72845,0.41447,1.4818,0.54982,0.80188,0.00121434,0.00121434,0.00121434
994,9056.95,1.56105,0.60663,0.83063,0.81015,0.63153,0.72881,0.41411,1.4802,0.54722,0.80224,0.00121354,0.00121354,0.00121354
995,9066.24,1.60908,0.62015,0.83567,0.82196,0.63715,0.73586,0.41396,1.48714,0.54825,0.80229,0.00121275,0.00121275,0.00121275
996,9075.23,1.57116,0.6105,0.83297,0.81966,0.63957,0.73463,0.41308,1.48447,0.54905,0.80166,0.00121196,0.00121196,0.00121196
997,9084.22,1.60387,0.61728,0.82576,0.81326,0.63262,0.73309,0.41096,1.48074,0.55053,0.801,0.00121117,0.00121117,0.00121117
998,9093.1,1.63147,0.62677,0.82959,0.81436,0.62836,0.72968,0.40624,1.50286,0.55575,0.80166,0.00121038,0.00121038,0.00121038
999,9102.51,1.64275,0.62462,0.83077,0.82084,0.62534,0.73167,0.4115,1.49078,0.55083,0.80303,0.00120958,0.00120958,0.00120958
1000,9111.76,1.58427,0.6129,0.83217,0.81495,0.62637,0.72945,0.41117,1.49553,0.5528,0.80301,0.00120879,0.00120879,0.00120879
1001,9120.63,1.52029,0.5952,0.82792,0.81814,0.62328,0.73024,0.41501,1.48279,0.55134,0.8021,0.001208,0.001208,0.001208
1002,9129.73,1.56758,0.61459,0.8378,0.81169,0.62372,0.73017,0.41633,1.47479,0.54754,0.80164,0.00120721,0.00120721,0.00120721
1003,9139,1.54788,0.60185,0.8278,0.81768,0.62803,0.73218,0.41469,1.49579,0.55266,0.80201,0.00120642,0.00120642,0.00120642
1004,9147.91,1.57936,0.6176,0.83502,0.82027,0.62836,0.73371,0.41435,1.49863,0.54887,0.80185,0.00120562,0.00120562,0.00120562
1005,9157.34,1.63416,0.62771,0.83274,0.82132,0.62273,0.73024,0.41428,1.48151,0.54459,0.80056,0.00120483,0.00120483,0.00120483
1006,9166.25,1.55357,0.60942,0.83571,0.82271,0.62342,0.73075,0.41479,1.48019,0.54376,0.80042,0.00120404,0.00120404,0.00120404
1007,9175.25,1.5479,0.60274,0.83224,0.82296,0.6307,0.73543,0.41851,1.4745,0.54235,0.80056,0.00120325,0.00120325,0.00120325
1008,9184.06,1.55827,0.60207,0.8306,0.8233,0.63248,0.73611,0.42027,1.47275,0.54318,0.79991,0.00120246,0.00120246,0.00120246
1009,9193.13,1.53858,0.60249,0.82954,0.81702,0.63468,0.73443,0.41111,1.51558,0.55447,0.80162,0.00120166,0.00120166,0.00120166
1010,9202.07,1.59709,0.61245,0.82693,0.8196,0.63207,0.73343,0.41114,1.5229,0.55574,0.80226,0.00120087,0.00120087,0.00120087
1011,9211.2,1.5872,0.60978,0.82763,0.81376,0.6307,0.73325,0.41417,1.49993,0.55016,0.8019,0.00120008,0.00120008,0.00120008
1012,9220.21,1.56827,0.6025,0.82486,0.81555,0.63435,0.73488,0.41405,1.50201,0.55118,0.80183,0.00119929,0.00119929,0.00119929
1013,9229.4,1.60375,0.61087,0.83144,0.81689,0.63852,0.73463,0.41347,1.49719,0.55239,0.80244,0.0011985,0.0011985,0.0011985
1014,9238.3,1.53114,0.59867,0.83057,0.81288,0.63495,0.7332,0.41627,1.4851,0.5485,0.80202,0.0011977,0.0011977,0.0011977
1015,9247.32,1.53504,0.59424,0.82413,0.80981,0.63132,0.73152,0.41614,1.46586,0.54479,0.80157,0.00119691,0.00119691,0.00119691
1016,9256.23,1.60655,0.61875,0.83016,0.80818,0.6285,0.72896,0.41103,1.4905,0.54941,0.80217,0.00119612,0.00119612,0.00119612
1017,9265.4,1.58796,0.61468,0.82818,0.8158,0.62871,0.72999,0.40891,1.50957,0.55291,0.80248,0.00119533,0.00119533,0.00119533
1018,9274.56,1.57962,0.61705,0.83667,0.81241,0.63379,0.73096,0.41213,1.49273,0.55127,0.802,0.00119454,0.00119454,0.00119454
1019,9283.66,1.60105,0.62048,0.82851,0.81356,0.63193,0.73368,0.41767,1.46426,0.54295,0.80128,0.00119374,0.00119374,0.00119374
1020,9292.64,1.54985,0.60996,0.83292,0.81943,0.63083,0.73457,0.41779,1.46346,0.54066,0.80115,0.00119295,0.00119295,0.00119295
1021,9301.94,1.58489,0.61223,0.8302,0.81163,0.63354,0.73432,0.4182,1.46298,0.53917,0.79988,0.00119216,0.00119216,0.00119216
1022,9310.69,1.52428,0.59706,0.83167,0.81732,0.62672,0.73322,0.41833,1.4703,0.54217,0.80017,0.00119137,0.00119137,0.00119137
1023,9319.8,1.53758,0.60977,0.84038,0.81367,0.6331,0.73494,0.42,1.46049,0.54437,0.79958,0.00119058,0.00119058,0.00119058
1024,9328.72,1.60278,0.61366,0.82865,0.81484,0.63427,0.73621,0.41996,1.47087,0.54638,0.79978,0.00118978,0.00118978,0.00118978
1025,9337.79,1.59936,0.62312,0.83265,0.81414,0.63276,0.73413,0.4167,1.47088,0.54917,0.80004,0.00118899,0.00118899,0.00118899
1026,9346.95,1.62713,0.62742,0.83027,0.80786,0.63303,0.73287,0.41714,1.46664,0.54678,0.79994,0.0011882,0.0011882,0.0011882
1027,9355.74,1.5974,0.61193,0.83399,0.81392,0.61491,0.72568,0.41466,1.46597,0.5428,0.80152,0.00118741,0.00118741,0.00118741
1028,9364.6,1.58277,0.61746,0.83578,0.82488,0.60722,0.72438,0.41505,1.46262,0.54176,0.80181,0.00118662,0.00118662,0.00118662
1029,9373.81,1.51778,0.60421,0.83317,0.81796,0.60557,0.72067,0.41388,1.46109,0.53759,0.8012,0.00118582,0.00118582,0.00118582
1030,9382.56,1.52768,0.61278,0.83994,0.81302,0.61544,0.72497,0.41358,1.46861,0.53713,0.80103,0.00118503,0.00118503,0.00118503
1031,9391.71,1.58034,0.61113,0.83028,0.81227,0.62195,0.72758,0.41433,1.47092,0.53863,0.80094,0.00118424,0.00118424,0.00118424
1032,9400.93,1.63795,0.63164,0.83182,0.81249,0.62672,0.73029,0.41297,1.47299,0.53984,0.80153,0.00118345,0.00118345,0.00118345
1033,9410.07,1.61828,0.62467,0.83367,0.81245,0.63515,0.73377,0.41258,1.47837,0.5443,0.80157,0.00118266,0.00118266,0.00118266
1034,9418.94,1.60638,0.6223,0.83302,0.81741,0.63248,0.73429,0.41461,1.4753,0.53934,0.80118,0.00118186,0.00118186,0.00118186
1035,9428.19,1.6046,0.62757,0.83323,0.81571,0.63317,0.73596,0.41892,1.46253,0.5364,0.80159,0.00118107,0.00118107,0.00118107
1036,9437.07,1.63427,0.63048,0.83081,0.81735,0.63015,0.73521,0.41737,1.47352,0.53981,0.80242,0.00118028,0.00118028,0.00118028
1037,9446.2,1.57819,0.61624,0.83866,0.8204,0.63454,0.73518,0.41859,1.47824,0.54364,0.8024,0.00117949,0.00117949,0.00117949
1038,9455.11,1.56435,0.61221,0.83353,0.81501,0.63629,0.73563,0.42103,1.46572,0.54417,0.80118,0.0011787,0.0011787,0.0011787
1039,9464.53,1.59149,0.62152,0.83548,0.81056,0.63205,0.73407,0.41863,1.46334,0.54379,0.80138,0.0011779,0.0011779,0.0011779
1040,9473.53,1.55535,0.6037,0.8293,0.80861,0.6296,0.73059,0.416,1.47658,0.54568,0.8018,0.00117711,0.00117711,0.00117711
1041,9482.73,1.57729,0.60738,0.82818,0.81415,0.62438,0.72858,0.41342,1.4676,0.54483,0.80192,0.00117632,0.00117632,0.00117632
1042,9491.73,1.63322,0.63378,0.83492,0.81482,0.62232,0.72779,0.41248,1.47878,0.54716,0.80229,0.00117553,0.00117553,0.00117553
1043,9500.75,1.6114,0.62207,0.83852,0.80787,0.62288,0.72509,0.40918,1.50406,0.54769,0.80273,0.00117474,0.00117474,0.00117474
1044,9509.77,1.63193,0.63083,0.83189,0.80956,0.62563,0.72896,0.40637,1.51312,0.55083,0.80272,0.00117394,0.00117394,0.00117394
1045,9519.03,1.54575,0.6087,0.82999,0.81273,0.62713,0.72846,0.4093,1.51882,0.55228,0.80293,0.00117315,0.00117315,0.00117315
1046,9528,1.57418,0.61152,0.83219,0.81697,0.62576,0.73035,0.4117,1.51238,0.55132,0.80222,0.00117236,0.00117236,0.00117236
1047,9536.93,1.62019,0.62372,0.83116,0.81746,0.62781,0.73595,0.4155,1.49956,0.5516,0.80146,0.00117157,0.00117157,0.00117157
1048,9545.79,1.64419,0.63912,0.8295,0.81555,0.62932,0.73493,0.41448,1.49728,0.54921,0.80155,0.00117078,0.00117078,0.00117078
1049,9554.64,1.56421,0.61426,0.83197,0.82128,0.62711,0.73055,0.40896,1.51037,0.55479,0.80189,0.00116998,0.00116998,0.00116998
1050,9563.74,1.60499,0.62294,0.8327,0.81252,0.6263,0.72702,0.40943,1.49794,0.55242,0.80194,0.00116919,0.00116919,0.00116919
1051,9573,1.57431,0.61133,0.82453,0.81715,0.62164,0.72633,0.41265,1.48143,0.54701,0.80176,0.0011684,0.0011684,0.0011684
1052,9582.16,1.57949,0.6081,0.82777,0.81462,0.62424,0.72726,0.413,1.48936,0.54781,0.80195,0.00116761,0.00116761,0.00116761
1053,9591.17,1.59524,0.62677,0.83378,0.80862,0.63221,0.73086,0.41323,1.50311,0.55042,0.8017,0.00116682,0.00116682,0.00116682
1054,9600.14,1.5643,0.60587,0.83131,0.80919,0.63221,0.73315,0.41531,1.49614,0.54707,0.80142,0.00116602,0.00116602,0.00116602
1055,9609.21,1.60216,0.6171,0.83058,0.80852,0.62895,0.73129,0.41529,1.48235,0.54306,0.80123,0.00116523,0.00116523,0.00116523
1056,9618.54,1.55675,0.6036,0.83057,0.80882,0.62562,0.73069,0.41539,1.47929,0.54201,0.80107,0.00116444,0.00116444,0.00116444
1057,9627.66,1.61998,0.62199,0.82771,0.81021,0.62066,0.72856,0.40751,1.51865,0.55047,0.80171,0.00116365,0.00116365,0.00116365
1058,9636.7,1.62259,0.62166,0.83463,0.80678,0.62026,0.72522,0.40412,1.53826,0.55496,0.80291,0.00116286,0.00116286,0.00116286
1059,9645.63,1.55016,0.6109,0.83759,0.81465,0.62548,0.72765,0.41031,1.51919,0.5517,0.80231,0.00116206,0.00116206,0.00116206
1060,9654.7,1.60285,0.61402,0.83135,0.81134,0.62836,0.72777,0.41212,1.50479,0.55043,0.80197,0.00116127,0.00116127,0.00116127
1061,9663.72,1.61834,0.63421,0.84721,0.80957,0.62905,0.72959,0.41633,1.47918,0.54558,0.80049,0.00116048,0.00116048,0.00116048
1062,9672.36,1.51375,0.59277,0.8268,0.80887,0.63097,0.73099,0.41763,1.48063,0.54557,0.80053,0.00115969,0.00115969,0.00115969
1063,9681.57,1.58562,0.61306,0.82928,0.81365,0.63633,0.73455,0.41483,1.49703,0.54568,0.80048,0.0011589,0.0011589,0.0011589
1064,9690.48,1.61843,0.62104,0.83299,0.82005,0.63742,0.73716,0.41786,1.48695,0.54096,0.80013,0.0011581,0.0011581,0.0011581
1065,9699.67,1.54144,0.60558,0.82907,0.81353,0.63549,0.73367,0.42113,1.45601,0.53011,0.79991,0.00115731,0.00115731,0.00115731
1066,9708.5,1.53088,0.60121,0.83019,0.81411,0.63734,0.73527,0.42032,1.45871,0.53251,0.80058,0.00115652,0.00115652,0.00115652
1067,9717.83,1.59185,0.61899,0.8268,0.8158,0.6388,0.73829,0.42037,1.45399,0.53108,0.7998,0.00115573,0.00115573,0.00115573
1068,9726.96,1.52741,0.59623,0.82521,0.81596,0.63962,0.74014,0.42085,1.45941,0.53202,0.80018,0.00115494,0.00115494,0.00115494
1069,9736.13,1.55734,0.59533,0.82655,0.81369,0.64127,0.74249,0.42483,1.45923,0.53228,0.8006,0.00115414,0.00115414,0.00115414
1070,9745.26,1.54798,0.60536,0.82639,0.81687,0.63381,0.74022,0.42354,1.45763,0.53455,0.80032,0.00115335,0.00115335,0.00115335
1071,9754.41,1.56587,0.60455,0.82639,0.8197,0.63102,0.73711,0.41792,1.47399,0.53913,0.80154,0.00115256,0.00115256,0.00115256
1072,9763.27,1.58296,0.60359,0.82341,0.81414,0.6355,0.73591,0.41647,1.47949,0.54136,0.80204,0.00115177,0.00115177,0.00115177
1073,9772.21,1.58053,0.60545,0.82323,0.81934,0.63945,0.74154,0.42233,1.45969,0.53424,0.80083,0.00115098,0.00115098,0.00115098
1074,9781.13,1.5801,0.61135,0.8311,0.81921,0.64003,0.74044,0.41977,1.47056,0.53528,0.80119,0.00115018,0.00115018,0.00115018
1075,9790.08,1.54025,0.59996,0.82929,0.82095,0.6345,0.73769,0.42032,1.46456,0.53421,0.8007,0.00114939,0.00114939,0.00114939
1076,9799.2,1.52187,0.59907,0.83124,0.81271,0.63674,0.73642,0.42143,1.4564,0.5346,0.80033,0.0011486,0.0011486,0.0011486
1077,9808.34,1.54116,0.59449,0.82492,0.81081,0.64014,0.73625,0.42095,1.45624,0.53644,0.80068,0.00114781,0.00114781,0.00114781
1078,9817.19,1.53203,0.60204,0.83417,0.81077,0.64031,0.73631,0.41975,1.458,0.53984,0.80046,0.00114702,0.00114702,0.00114702
1079,9826.33,1.51929,0.59766,0.83583,0.81598,0.63739,0.73491,0.42333,1.44584,0.53868,0.79981,0.00114622,0.00114622,0.00114622
1080,9835.4,1.57561,0.60333,0.82336,0.81683,0.63907,0.73681,0.42574,1.43141,0.5316,0.7994,0.00114543,0.00114543,0.00114543
1081,9844.96,1.57263,0.61144,0.83353,0.81799,0.63797,0.73859,0.42518,1.4391,0.53267,0.79882,0.00114464,0.00114464,0.00114464
1082,9853.93,1.58011,0.61434,0.83519,0.8166,0.63942,0.73947,0.42503,1.44253,0.53305,0.79834,0.00114385,0.00114385,0.00114385
1083,9863.17,1.56627,0.6071,0.8327,0.81127,0.64113,0.73627,0.42182,1.44814,0.5371,0.79906,0.00114306,0.00114306,0.00114306
1084,9872.02,1.54394,0.60194,0.8353,0.80908,0.63767,0.73531,0.42048,1.4591,0.53822,0.79964,0.00114226,0.00114226,0.00114226
1085,9881.21,1.58329,0.61494,0.83652,0.81425,0.63001,0.73172,0.41302,1.49139,0.54753,0.80101,0.00114147,0.00114147,0.00114147
1086,9890.45,1.59466,0.62112,0.82841,0.8142,0.62754,0.72906,0.4132,1.49666,0.55087,0.80178,0.00114068,0.00114068,0.00114068
1087,9899.66,1.50775,0.59709,0.83716,0.81725,0.62685,0.73128,0.41614,1.48377,0.54931,0.80126,0.00113989,0.00113989,0.00113989
1088,9908.75,1.57512,0.60108,0.82096,0.81553,0.62998,0.73462,0.41669,1.47816,0.54621,0.80071,0.0011391,0.0011391,0.0011391
1089,9917.92,1.57509,0.6079,0.83139,0.81517,0.63234,0.73651,0.41641,1.48137,0.5471,0.80034,0.0011383,0.0011383,0.0011383
1090,9927.23,1.56729,0.611,0.8352,0.81321,0.63454,0.73624,0.41655,1.47156,0.54502,0.80018,0.00113751,0.00113751,0.00113751
1091,9936.19,1.55993,0.60532,0.83086,0.81018,0.63468,0.73661,0.41966,1.45883,0.54179,0.79978,0.00113672,0.00113672,0.00113672
1092,9944.92,1.57448,0.60411,0.82712,0.81316,0.62976,0.73478,0.41911,1.45489,0.5389,0.79971,0.00113593,0.00113593,0.00113593
1093,9954.11,1.59697,0.61529,0.83246,0.80929,0.63269,0.73541,0.41988,1.45652,0.54071,0.79984,0.00113514,0.00113514,0.00113514
1094,9963.31,1.56994,0.60167,0.8243,0.80819,0.63125,0.73238,0.41751,1.46568,0.54167,0.80038,0.00113434,0.00113434,0.00113434
1095,9972.54,1.58683,0.61023,0.82854,0.80754,0.62732,0.72833,0.41527,1.46677,0.54326,0.8007,0.00113355,0.00113355,0.00113355
1096,9981.7,1.58684,0.60794,0.82675,0.80713,0.62564,0.7274,0.41523,1.46791,0.54283,0.80033,0.00113276,0.00113276,0.00113276
1097,9990.97,1.56822,0.60499,0.82981,0.80304,0.62878,0.72765,0.41545,1.47427,0.54404,0.80082,0.00113197,0.00113197,0.00113197
1098,9999.94,1.57205,0.61344,0.82891,0.80558,0.62914,0.72811,0.41568,1.4747,0.54293,0.80055,0.00113118,0.00113118,0.00113118
1099,10008.9,1.55504,0.6118,0.83433,0.81782,0.6274,0.7316,0.41851,1.46892,0.54291,0.79971,0.00113038,0.00113038,0.00113038
1100,10018.1,1.516,0.58977,0.82687,0.81924,0.62719,0.73297,0.42107,1.45972,0.54147,0.79973,0.00112959,0.00112959,0.00112959
1101,10027.1,1.57401,0.61208,0.83223,0.82062,0.63057,0.73847,0.42494,1.45427,0.5386,0.80007,0.0011288,0.0011288,0.0011288
1102,10036.1,1.56339,0.61502,0.82915,0.82318,0.63468,0.73793,0.4216,1.46319,0.54092,0.8002,0.00112801,0.00112801,0.00112801
1103,10045.3,1.60703,0.62061,0.82981,0.81515,0.63751,0.73544,0.41906,1.4666,0.54068,0.79988,0.00112722,0.00112722,0.00112722
1104,10054,1.53296,0.60848,0.83646,0.81914,0.63424,0.73358,0.41757,1.47264,0.54253,0.7999,0.00112642,0.00112642,0.00112642
1105,10063.4,1.58168,0.61407,0.83191,0.81951,0.63001,0.73135,0.41223,1.49286,0.54685,0.80031,0.00112563,0.00112563,0.00112563
1106,10072.3,1.55069,0.60473,0.82704,0.81508,0.62814,0.72834,0.4168,1.47026,0.5455,0.80016,0.00112484,0.00112484,0.00112484
1107,10081.6,1.58496,0.61837,0.83038,0.81301,0.6307,0.7313,0.4212,1.4578,0.54024,0.7999,0.00112405,0.00112405,0.00112405
1108,10090.6,1.5571,0.59993,0.83194,0.81282,0.6344,0.73477,0.42135,1.46306,0.54345,0.8,0.00112326,0.00112326,0.00112326
1109,10100,1.54486,0.59918,0.83256,0.81592,0.63797,0.73738,0.42101,1.45717,0.53699,0.79993,0.00112246,0.00112246,0.00112246
1110,10108.8,1.56249,0.61626,0.83291,0.81803,0.63619,0.7367,0.42284,1.44105,0.53404,0.79998,0.00112167,0.00112167,0.00112167
1111,10118.1,1.51291,0.58394,0.82112,0.81593,0.62919,0.73383,0.42118,1.44799,0.53483,0.80012,0.00112088,0.00112088,0.00112088
1112,10127,1.56951,0.60926,0.83316,0.81275,0.63509,0.73656,0.42145,1.45137,0.53606,0.79963,0.00112009,0.00112009,0.00112009
1113,10136.2,1.56739,0.60228,0.82603,0.81187,0.63797,0.73688,0.41908,1.46466,0.53861,0.80023,0.0011193,0.0011193,0.0011193
1114,10145.2,1.59953,0.61698,0.83327,0.81475,0.63811,0.73794,0.41973,1.46361,0.53999,0.79993,0.0011185,0.0011185,0.0011185
1115,10154.1,1.60522,0.61547,0.82774,0.80959,0.62795,0.73249,0.41965,1.43653,0.53386,0.7993,0.00111771,0.00111771,0.00111771
1116,10163.3,1.56262,0.60558,0.83027,0.80684,0.62617,0.73194,0.41745,1.45046,0.53699,0.7995,0.00111692,0.00111692,0.00111692
1117,10172.7,1.59434,0.60432,0.82878,0.80706,0.63097,0.73441,0.41835,1.45481,0.53915,0.80025,0.00111613,0.00111613,0.00111613
1118,10181.6,1.58998,0.60376,0.82892,0.8082,0.63232,0.73403,0.41586,1.47626,0.54616,0.80055,0.00111534,0.00111534,0.00111534
1119,10190.9,1.54948,0.60379,0.82756,0.81018,0.63509,0.73716,0.41955,1.47643,0.54432,0.80111,0.00111454,0.00111454,0.00111454
1120,10199.8,1.55459,0.59975,0.82507,0.819,0.63363,0.73876,0.42276,1.46504,0.54113,0.80066,0.00111375,0.00111375,0.00111375
1121,10208.9,1.58882,0.61094,0.82907,0.81981,0.63289,0.73384,0.41685,1.47779,0.54546,0.80142,0.00111296,0.00111296,0.00111296
1122,10217.7,1.57297,0.60607,0.82363,0.81669,0.6307,0.73065,0.4165,1.46858,0.54523,0.80085,0.00111217,0.00111217,0.00111217
1123,10226.8,1.54393,0.59685,0.8292,0.8112,0.63221,0.73041,0.41413,1.47398,0.54566,0.80006,0.00111138,0.00111138,0.00111138
1124,10235.7,1.54854,0.59996,0.82474,0.81148,0.63413,0.73151,0.414,1.47692,0.54828,0.80002,0.00111058,0.00111058,0.00111058
1125,10244.7,1.56503,0.60868,0.8292,0.81143,0.63565,0.73493,0.41982,1.45127,0.54387,0.79886,0.00110979,0.00110979,0.00110979
1126,10253.6,1.55303,0.59802,0.82686,0.81227,0.63561,0.73426,0.419,1.44978,0.54107,0.79958,0.001109,0.001109,0.001109
1127,10262.6,1.50533,0.58955,0.82639,0.81297,0.63468,0.73356,0.41802,1.45477,0.53739,0.79919,0.00110821,0.00110821,0.00110821
1128,10271.5,1.52845,0.60132,0.83004,0.81899,0.6373,0.73726,0.42234,1.44135,0.53416,0.798,0.00110742,0.00110742,0.00110742
1129,10280.4,1.54888,0.59922,0.82112,0.83339,0.63248,0.74048,0.42384,1.44923,0.53778,0.7987,0.00110662,0.00110662,0.00110662
1130,10289.6,1.53727,0.58829,0.82393,0.82526,0.63674,0.7401,0.42323,1.45079,0.53893,0.7988,0.00110583,0.00110583,0.00110583
1131,10298.9,1.52097,0.59624,0.83059,0.82454,0.6342,0.73917,0.42287,1.44828,0.53775,0.79802,0.00110504,0.00110504,0.00110504
1132,10307.9,1.57316,0.59976,0.82336,0.82006,0.63317,0.73623,0.42041,1.45769,0.54181,0.79852,0.00110425,0.00110425,0.00110425
1133,10317,1.59099,0.60822,0.83345,0.8195,0.63638,0.73961,0.4211,1.46613,0.54107,0.79878,0.00110346,0.00110346,0.00110346
1134,10325.9,1.51313,0.59188,0.82515,0.81925,0.63331,0.73767,0.42136,1.4615,0.5416,0.79899,0.00110266,0.00110266,0.00110266
1135,10335,1.57794,0.60134,0.8339,0.82276,0.63152,0.73541,0.41979,1.46153,0.53992,0.79941,0.00110187,0.00110187,0.00110187
1136,10344.1,1.56723,0.6131,0.83003,0.82449,0.62974,0.73489,0.41817,1.46668,0.54142,0.79982,0.00110108,0.00110108,0.00110108
1137,10353.1,1.52227,0.59151,0.82703,0.82266,0.62795,0.73488,0.42296,1.44102,0.53599,0.79869,0.00110029,0.00110029,0.00110029
1138,10361.9,1.57912,0.61118,0.8302,0.82307,0.62779,0.73487,0.42456,1.43806,0.53431,0.79841,0.0010995,0.0010995,0.0010995
1139,10371.2,1.57368,0.60524,0.82826,0.82159,0.63111,0.73562,0.42174,1.45284,0.53405,0.79888,0.0010987,0.0010987,0.0010987
1140,10379.9,1.53077,0.59123,0.82813,0.81816,0.63374,0.73584,0.42194,1.45221,0.53395,0.79893,0.00109791,0.00109791,0.00109791
1141,10389.3,1.55274,0.59838,0.82456,0.81705,0.62905,0.73316,0.42308,1.4419,0.53088,0.7988,0.00109712,0.00109712,0.00109712
1142,10398.5,1.55029,0.59686,0.82738,0.81997,0.63152,0.7365,0.42484,1.4464,0.53084,0.79931,0.00109633,0.00109633,0.00109633
1143,10407.8,1.58546,0.60313,0.82176,0.82524,0.6366,0.73937,0.42531,1.44954,0.52844,0.79925,0.00109554,0.00109554,0.00109554
1144,10416.9,1.62728,0.62438,0.8305,0.81931,0.63605,0.73805,0.42727,1.44013,0.52747,0.79894,0.00109474,0.00109474,0.00109474
1145,10426.3,1.55216,0.60094,0.82906,0.81239,0.63482,0.73543,0.42427,1.43449,0.52889,0.79782,0.00109395,0.00109395,0.00109395
1146,10435.3,1.53755,0.59778,0.82968,0.81431,0.63729,0.73598,0.42522,1.43517,0.52888,0.79805,0.00109316,0.00109316,0.00109316
1147,10444.7,1.54245,0.59833,0.83128,0.81774,0.63259,0.73537,0.42506,1.43397,0.52719,0.79844,0.00109237,0.00109237,0.00109237
1148,10453.7,1.54614,0.60209,0.82274,0.81942,0.63107,0.73682,0.42916,1.42074,0.52543,0.79826,0.00109158,0.00109158,0.00109158
1149,10463.3,1.60355,0.61032,0.82726,0.82355,0.63289,0.74,0.43142,1.41821,0.52349,0.79828,0.00109078,0.00109078,0.00109078
1150,10472.5,1.54644,0.60036,0.83005,0.82724,0.637,0.74185,0.43015,1.42392,0.52495,0.79819,0.00108999,0.00108999,0.00108999
1151,10481.9,1.53646,0.60306,0.83299,0.82762,0.63871,0.74083,0.42631,1.43347,0.52587,0.79838,0.0010892,0.0010892,0.0010892
1152,10490.8,1.57985,0.59984,0.82504,0.83085,0.62982,0.73696,0.42489,1.42667,0.52329,0.79762,0.00108841,0.00108841,0.00108841
1153,10500,1.56667,0.60314,0.83128,0.82858,0.62919,0.7363,0.42599,1.41761,0.52126,0.79798,0.00108762,0.00108762,0.00108762
1154,10508.9,1.56726,0.60505,0.82983,0.82963,0.63376,0.73951,0.42628,1.41386,0.52217,0.79793,0.00108682,0.00108682,0.00108682
1155,10518,1.52135,0.59606,0.83039,0.82574,0.62971,0.73807,0.42699,1.42238,0.52361,0.79759,0.00108603,0.00108603,0.00108603
1156,10527.1,1.55436,0.5982,0.82828,0.82204,0.62911,0.73616,0.42549,1.42627,0.52614,0.79831,0.00108524,0.00108524,0.00108524
1157,10536.1,1.53396,0.59419,0.8277,0.82407,0.63029,0.7384,0.42959,1.4088,0.52103,0.79833,0.00108445,0.00108445,0.00108445
1158,10545.3,1.5683,0.60622,0.82661,0.82592,0.63111,0.73892,0.42905,1.41574,0.52421,0.79865,0.00108366,0.00108366,0.00108366
1159,10554.7,1.53658,0.59818,0.82522,0.82128,0.62393,0.73732,0.42483,1.43213,0.53293,0.79886,0.00108286,0.00108286,0.00108286
1160,10563.5,1.55563,0.60688,0.82918,0.82496,0.62287,0.73873,0.42705,1.43286,0.53186,0.7988,0.00108207,0.00108207,0.00108207
1161,10572.6,1.51212,0.59287,0.8273,0.82673,0.62821,0.73538,0.42211,1.44985,0.53458,0.79822,0.00108128,0.00108128,0.00108128
1162,10581.5,1.48653,0.58781,0.82892,0.82423,0.6318,0.73693,0.42205,1.44556,0.53613,0.79779,0.00108049,0.00108049,0.00108049
1163,10590.6,1.51409,0.59066,0.83643,0.82325,0.63097,0.73877,0.42962,1.41388,0.52653,0.79743,0.0010797,0.0010797,0.0010797
1164,10599.6,1.58064,0.60945,0.8269,0.8226,0.63725,0.74017,0.42705,1.42336,0.52879,0.79802,0.0010789,0.0010789,0.0010789
1165,10608.5,1.51319,0.58915,0.83394,0.81121,0.6388,0.73724,0.42413,1.4286,0.52896,0.79786,0.00107811,0.00107811,0.00107811
1166,10617.5,1.52065,0.60145,0.83448,0.81625,0.63948,0.73937,0.42587,1.41789,0.52601,0.79743,0.00107732,0.00107732,0.00107732
1167,10626.7,1.54112,0.59907,0.82644,0.81594,0.63509,0.73713,0.4288,1.41324,0.5257,0.79728,0.00107653,0.00107653,0.00107653
1168,10635.8,1.57068,0.59641,0.82634,0.81432,0.6358,0.7373,0.42644,1.42903,0.52701,0.79792,0.00107574,0.00107574,0.00107574
1169,10645.2,1.58247,0.60628,0.83214,0.81822,0.63836,0.74061,0.43048,1.41993,0.52389,0.79747,0.00107494,0.00107494,0.00107494
1170,10654,1.51782,0.58722,0.82499,0.81588,0.64044,0.74006,0.4318,1.41229,0.52361,0.79678,0.00107415,0.00107415,0.00107415
1171,10663.5,1.50592,0.58518,0.82634,0.81864,0.63756,0.74106,0.43307,1.40965,0.52443,0.79692,0.00107336,0.00107336,0.00107336
1172,10672.9,1.50728,0.58613,0.83155,0.81566,0.63605,0.739,0.43155,1.40543,0.52345,0.79671,0.00107257,0.00107257,0.00107257
1173,10681.9,1.49732,0.5909,0.83435,0.81519,0.63537,0.73811,0.42699,1.42323,0.52657,0.79811,0.00107178,0.00107178,0.00107178
1174,10691.2,1.56027,0.59549,0.82297,0.81542,0.63509,0.73805,0.42877,1.41799,0.52289,0.79811,0.00107098,0.00107098,0.00107098
1175,10700.3,1.59747,0.60841,0.82813,0.82113,0.63969,0.74279,0.43129,1.4203,0.52427,0.79786,0.00107019,0.00107019,0.00107019
1176,10709.2,1.53799,0.59944,0.82185,0.81739,0.64044,0.74235,0.42901,1.42766,0.52827,0.79756,0.0010694,0.0010694,0.0010694
1177,10718.4,1.5696,0.61268,0.83698,0.8096,0.63674,0.7365,0.42418,1.42787,0.5316,0.79794,0.00106861,0.00106861,0.00106861
1178,10727.4,1.53432,0.6012,0.83376,0.80958,0.6374,0.73633,0.42581,1.41613,0.53069,0.79732,0.00106782,0.00106782,0.00106782
1179,10736.7,1.5486,0.5992,0.82623,0.81072,0.63564,0.73738,0.42575,1.42696,0.53332,0.79735,0.00106702,0.00106702,0.00106702
1180,10745.5,1.52851,0.59896,0.82572,0.81269,0.64113,0.74143,0.42585,1.43255,0.53511,0.79739,0.00106623,0.00106623,0.00106623
1181,10754.8,1.52546,0.59565,0.83064,0.81911,0.63909,0.73958,0.42289,1.44125,0.53388,0.79779,0.00106544,0.00106544,0.00106544
1182,10763.7,1.57664,0.60937,0.82654,0.82048,0.63689,0.73812,0.42365,1.44449,0.53564,0.79856,0.00106465,0.00106465,0.00106465
1183,10773,1.58022,0.60533,0.82715,0.81875,0.6377,0.73742,0.42335,1.45261,0.53541,0.79866,0.00106386,0.00106386,0.00106386
1184,10782.1,1.56322,0.60876,0.82902,0.81494,0.63619,0.73747,0.42109,1.45967,0.53519,0.79921,0.00106306,0.00106306,0.00106306
1185,10791.5,1.5469,0.59868,0.82481,0.82034,0.63438,0.73885,0.42627,1.43726,0.52455,0.79864,0.00106227,0.00106227,0.00106227
1186,10800.3,1.51442,0.58936,0.82943,0.821,0.63474,0.74023,0.43014,1.42862,0.52101,0.79809,0.00106148,0.00106148,0.00106148
1187,10809.3,1.54324,0.60139,0.82893,0.82244,0.634,0.74154,0.4318,1.42623,0.5225,0.79806,0.00106069,0.00106069,0.00106069
1188,10818.3,1.52682,0.59509,0.82206,0.82019,0.6344,0.74074,0.43006,1.42923,0.52431,0.79776,0.0010599,0.0010599,0.0010599
1189,10827.6,1.50837,0.58567,0.82709,0.8247,0.63125,0.73811,0.42508,1.44477,0.52962,0.79855,0.0010591,0.0010591,0.0010591
1190,10836.5,1.59938,0.60953,0.82445,0.82107,0.63248,0.73669,0.42404,1.44013,0.52797,0.79837,0.00105831,0.00105831,0.00105831
1191,10845.5,1.59287,0.6162,0.82893,0.82237,0.62416,0.7315,0.42586,1.42531,0.52544,0.7979,0.00105752,0.00105752,0.00105752
1192,10854.3,1.52877,0.59346,0.82209,0.81846,0.62329,0.72988,0.42458,1.43069,0.52635,0.79806,0.00105673,0.00105673,0.00105673
1193,10863.7,1.58974,0.61222,0.82412,0.8176,0.62136,0.72813,0.42225,1.43839,0.53067,0.7979,0.00105594,0.00105594,0.00105594
1194,10872.7,1.50193,0.58798,0.82876,0.81968,0.62273,0.72969,0.42259,1.44145,0.52959,0.79793,0.00105514,0.00105514,0.00105514
1195,10881.5,1.53884,0.59926,0.83419,0.82419,0.63392,0.73736,0.42583,1.44233,0.52852,0.7986,0.00105435,0.00105435,0.00105435
1196,10890.4,1.58058,0.60155,0.82665,0.82554,0.63907,0.74118,0.42874,1.43723,0.52778,0.7986,0.00105356,0.00105356,0.00105356
1197,10899.5,1.55745,0.59923,0.82985,0.82218,0.63986,0.73997,0.42319,1.4615,0.53282,0.79999,0.00105277,0.00105277,0.00105277
1198,10908.4,1.51398,0.5953,0.82932,0.8198,0.6377,0.7386,0.41617,1.48699,0.53837,0.80082,0.00105198,0.00105198,0.00105198
1199,10917.6,1.55181,0.61027,0.83296,0.81869,0.62795,0.73592,0.42172,1.46298,0.53538,0.80011,0.00105118,0.00105118,0.00105118
1200,10926.5,1.50969,0.59657,0.83416,0.81756,0.62836,0.73624,0.42477,1.45126,0.53214,0.79967,0.00105039,0.00105039,0.00105039
1201,10935.5,1.58064,0.60669,0.82863,0.81877,0.63203,0.74034,0.42644,1.44317,0.52991,0.7986,0.0010496,0.0010496,0.0010496
1202,10944.5,1.53382,0.59473,0.82761,0.8164,0.63289,0.73928,0.42704,1.4367,0.527,0.79857,0.00104881,0.00104881,0.00104881
1203,10953.7,1.54357,0.60398,0.83288,0.81843,0.63358,0.7376,0.42377,1.44668,0.53178,0.79923,0.00104802,0.00104802,0.00104802
1204,10962.6,1.54224,0.60595,0.83541,0.8159,0.63344,0.73672,0.42523,1.44621,0.53232,0.79908,0.00104722,0.00104722,0.00104722
1205,10971.6,1.54998,0.59502,0.82757,0.81161,0.63344,0.73636,0.42543,1.44142,0.53437,0.79817,0.00104643,0.00104643,0.00104643
1206,10980.5,1.47412,0.58722,0.83396,0.80999,0.63441,0.73612,0.4241,1.4421,0.53312,0.7984,0.00104564,0.00104564,0.00104564
1207,10989.6,1.52684,0.59743,0.83511,0.8228,0.63564,0.73955,0.42595,1.43288,0.52624,0.79868,0.00104485,0.00104485,0.00104485
1208,10998.6,1.55,0.6011,0.83359,0.82098,0.63701,0.73956,0.42757,1.42566,0.52436,0.7988,0.00104406,0.00104406,0.00104406
1209,11007.7,1.48116,0.58144,0.82768,0.82077,0.63815,0.73957,0.4265,1.43548,0.52507,0.79913,0.00104326,0.00104326,0.00104326
1210,11016.6,1.56088,0.59881,0.82368,0.8187,0.63857,0.73957,0.42657,1.44377,0.52861,0.79889,0.00104247,0.00104247,0.00104247
1211,11025.8,1.54391,0.6003,0.83039,0.82073,0.64109,0.74477,0.43038,1.42919,0.5236,0.79749,0.00104168,0.00104168,0.00104168
1212,11034.8,1.54521,0.60432,0.83441,0.82525,0.64118,0.74685,0.43162,1.42934,0.52325,0.79771,0.00104089,0.00104089,0.00104089
1213,11044.1,1.56008,0.59617,0.82073,0.81868,0.64195,0.74377,0.42996,1.42988,0.52221,0.79817,0.0010401,0.0010401,0.0010401
1214,11053.1,1.5548,0.60559,0.83019,0.81486,0.64127,0.74334,0.43171,1.42708,0.52164,0.79795,0.0010393,0.0010393,0.0010393
1215,11062.1,1.53359,0.58951,0.82335,0.81375,0.64182,0.74248,0.4297,1.44252,0.52581,0.79811,0.00103851,0.00103851,0.00103851
1216,11071.2,1.53442,0.59785,0.83003,0.81269,0.63962,0.74179,0.43002,1.43248,0.52277,0.79766,0.00103772,0.00103772,0.00103772
1217,11080,1.5335,0.59564,0.82962,0.81593,0.64141,0.74538,0.4291,1.42793,0.52181,0.79792,0.00103693,0.00103693,0.00103693
1218,11088.9,1.50874,0.58766,0.831,0.81576,0.63948,0.74329,0.42695,1.43923,0.5224,0.79886,0.00103614,0.00103614,0.00103614
1219,11097.8,1.4865,0.58166,0.82842,0.81649,0.63772,0.74269,0.42678,1.43095,0.52086,0.79812,0.00103534,0.00103534,0.00103534
1220,11106.8,1.52015,0.5933,0.82563,0.81781,0.63742,0.74313,0.42788,1.42918,0.5203,0.79801,0.00103455,0.00103455,0.00103455
1221,11115.7,1.53478,0.59483,0.8292,0.81114,0.64058,0.74117,0.42527,1.44325,0.52777,0.79797,0.00103376,0.00103376,0.00103376
1222,11124.9,1.49908,0.58131,0.82851,0.81211,0.63968,0.74164,0.42559,1.4436,0.53088,0.79763,0.00103297,0.00103297,0.00103297
1223,11134.6,1.60307,0.61149,0.82661,0.8164,0.64031,0.74445,0.43278,1.4112,0.52366,0.79672,0.00103218,0.00103218,0.00103218
1224,11143.6,1.50271,0.58142,0.8242,0.81964,0.63935,0.74353,0.43281,1.40646,0.52115,0.79673,0.00103138,0.00103138,0.00103138
1225,11152.4,1.5053,0.58787,0.82662,0.81836,0.63207,0.73639,0.42921,1.41399,0.52145,0.7977,0.00103059,0.00103059,0.00103059
1226,11161.5,1.60969,0.61234,0.82676,0.82064,0.62438,0.73245,0.42735,1.41652,0.52082,0.79774,0.0010298,0.0010298,0.0010298
1227,11170.3,1.4977,0.58711,0.8283,0.82057,0.6237,0.73058,0.42391,1.42325,0.52581,0.79863,0.00102901,0.00102901,0.00102901
1228,11179.1,1.53118,0.59067,0.82319,0.8205,0.62836,0.73308,0.42612,1.42745,0.52491,0.79845,0.00102822,0.00102822,0.00102822
1229,11188.3,1.54408,0.59569,0.82852,0.81878,0.6366,0.73869,0.42712,1.43084,0.52334,0.7988,0.00102742,0.00102742,0.00102742
1230,11197.1,1.52738,0.59029,0.82172,0.81946,0.64017,0.74043,0.4274,1.42932,0.52471,0.79858,0.00102663,0.00102663,0.00102663
1231,11206.4,1.50222,0.58797,0.83012,0.8204,0.6344,0.73948,0.42908,1.41928,0.5209,0.7981,0.00102584,0.00102584,0.00102584
1232,11215.4,1.54385,0.59338,0.82076,0.82311,0.63116,0.73928,0.42711,1.42111,0.52242,0.79759,0.00102505,0.00102505,0.00102505
1233,11224.6,1.55408,0.60219,0.83498,0.81524,0.6318,0.73777,0.4262,1.42684,0.52362,0.79773,0.00102426,0.00102426,0.00102426
1234,11233.8,1.53307,0.59475,0.82876,0.81831,0.63619,0.74002,0.42613,1.43461,0.52409,0.798,0.00102346,0.00102346,0.00102346
1235,11243,1.53198,0.59619,0.82623,0.82327,0.63578,0.74155,0.4293,1.43107,0.52465,0.79882,0.00102267,0.00102267,0.00102267
1236,11252,1.5427,0.5934,0.82319,0.82037,0.63765,0.74335,0.43255,1.41938,0.52246,0.79818,0.00102188,0.00102188,0.00102188
1237,11261.1,1.56254,0.60048,0.83324,0.81702,0.63876,0.74133,0.42673,1.43177,0.52568,0.79853,0.00102109,0.00102109,0.00102109
1238,11270.1,1.54803,0.60424,0.8324,0.81481,0.63544,0.73931,0.41894,1.45767,0.5324,0.79961,0.0010203,0.0010203,0.0010203
1239,11279.2,1.56482,0.60836,0.8256,0.81741,0.6318,0.74104,0.42176,1.44897,0.53276,0.79956,0.0010195,0.0010195,0.0010195
1240,11288.3,1.55995,0.60209,0.82638,0.81569,0.63492,0.74278,0.42591,1.44423,0.53067,0.79939,0.00101871,0.00101871,0.00101871
1241,11297.5,1.5529,0.58992,0.81834,0.81669,0.64099,0.74417,0.42673,1.43576,0.52699,0.79902,0.00101792,0.00101792,0.00101792
1242,11306.5,1.54283,0.60054,0.82851,0.82076,0.64058,0.74412,0.42614,1.44156,0.52738,0.79914,0.00101713,0.00101713,0.00101713
1243,11315.8,1.54536,0.59692,0.82507,0.82199,0.64092,0.74509,0.43004,1.42904,0.52175,0.79845,0.00101634,0.00101634,0.00101634
1244,11324.9,1.5649,0.60822,0.82166,0.82034,0.63942,0.74291,0.43024,1.42567,0.51987,0.798,0.00101554,0.00101554,0.00101554
1245,11334,1.52001,0.59179,0.8225,0.81723,0.63596,0.73855,0.43105,1.41104,0.51764,0.79755,0.00101475,0.00101475,0.00101475
1246,11343,1.51093,0.58868,0.82634,0.82042,0.63633,0.7392,0.4313,1.40776,0.51722,0.79766,0.00101396,0.00101396,0.00101396
1247,11351.9,1.52034,0.58339,0.82662,0.82015,0.63481,0.74125,0.43304,1.40798,0.51807,0.79706,0.00101317,0.00101317,0.00101317
1248,11361.1,1.56221,0.5989,0.82392,0.82,0.63413,0.7416,0.43458,1.40596,0.51733,0.79719,0.00101238,0.00101238,0.00101238
1249,11370.3,1.54246,0.58987,0.82358,0.81612,0.6344,0.7429,0.43658,1.40488,0.51534,0.79673,0.00101158,0.00101158,0.00101158
1250,11379.5,1.54889,0.59818,0.83073,0.81638,0.63564,0.74161,0.4344,1.40742,0.5142,0.79653,0.00101079,0.00101079,0.00101079
1251,11388.4,1.51053,0.5842,0.82083,0.81911,0.63536,0.74288,0.43299,1.41587,0.5145,0.79698,0.00101,0.00101,0.00101
1252,11397.3,1.52269,0.59028,0.8255,0.81886,0.63468,0.74266,0.43215,1.42146,0.51759,0.79706,0.00100921,0.00100921,0.00100921
1253,11406.3,1.56052,0.5995,0.82394,0.81825,0.63847,0.74262,0.42913,1.43067,0.52169,0.79703,0.00100842,0.00100842,0.00100842
1254,11415.3,1.56041,0.60182,0.82698,0.81848,0.63935,0.74126,0.42502,1.4406,0.52695,0.79744,0.00100762,0.00100762,0.00100762
1255,11424.7,1.5645,0.60099,0.82954,0.82215,0.63372,0.73857,0.42681,1.43431,0.52638,0.79773,0.00100683,0.00100683,0.00100683
1256,11433.7,1.53741,0.59165,0.82917,0.82015,0.63386,0.73849,0.42853,1.4252,0.52383,0.79766,0.00100604,0.00100604,0.00100604
1257,11442.7,1.50598,0.59155,0.82585,0.81696,0.62987,0.73547,0.42947,1.42394,0.5246,0.79756,0.00100525,0.00100525,0.00100525
1258,11451.6,1.52206,0.59468,0.8289,0.81475,0.63372,0.7383,0.42913,1.41835,0.52136,0.79803,0.00100446,0.00100446,0.00100446
1259,11460.7,1.54193,0.59155,0.82831,0.81563,0.63772,0.73962,0.42634,1.44091,0.52517,0.79877,0.00100366,0.00100366,0.00100366
1260,11469.7,1.56297,0.60847,0.82452,0.81755,0.63962,0.74143,0.42912,1.433,0.52387,0.79849,0.00100287,0.00100287,0.00100287
1261,11478.9,1.52289,0.58698,0.8297,0.8171,0.63633,0.74144,0.4344,1.41377,0.52137,0.79741,0.00100208,0.00100208,0.00100208
1262,11487.9,1.52941,0.59637,0.82688,0.81998,0.6366,0.742,0.43587,1.41608,0.52005,0.79713,0.00100129,0.00100129,0.00100129
1263,11496.9,1.56027,0.60041,0.82807,0.82221,0.63808,0.74333,0.43347,1.42281,0.52188,0.79748,0.0010005,0.0010005,0.0010005
1264,11506,1.55082,0.59746,0.83688,0.81971,0.63852,0.74202,0.43274,1.41824,0.51871,0.79735,0.000999704,0.000999704,0.000999704
1265,11515,1.50566,0.58872,0.82361,0.82017,0.63537,0.74185,0.43455,1.40642,0.51556,0.79678,0.000998912,0.000998912,0.000998912
1266,11524.2,1.52825,0.5993,0.83068,0.82166,0.63503,0.74362,0.43619,1.39962,0.51184,0.79656,0.00099812,0.00099812,0.00099812
1267,11533.4,1.57819,0.60599,0.82629,0.82292,0.63797,0.74783,0.43907,1.39503,0.51063,0.79613,0.000997328,0.000997328,0.000997328
1268,11542.7,1.51443,0.58943,0.82646,0.82148,0.63997,0.74886,0.43803,1.39594,0.51175,0.79591,0.000996536,0.000996536,0.000996536
1269,11551.7,1.53133,0.58724,0.82793,0.8189,0.6377,0.74484,0.43431,1.41688,0.51384,0.79727,0.000995744,0.000995744,0.000995744
1270,11560.9,1.52681,0.59016,0.82815,0.82012,0.63846,0.74447,0.4345,1.41153,0.51169,0.79726,0.000994952,0.000994952,0.000994952
1271,11570,1.52597,0.59034,0.82514,0.82214,0.63966,0.7452,0.43639,1.40425,0.51401,0.79658,0.00099416,0.00099416,0.00099416
1272,11578.9,1.50245,0.58642,0.82859,0.81946,0.64099,0.74577,0.43583,1.4058,0.51543,0.79676,0.000993368,0.000993368,0.000993368
1273,11587.9,1.52796,0.58756,0.82293,0.82032,0.6458,0.74668,0.4313,1.42151,0.51781,0.79778,0.000992576,0.000992576,0.000992576
1274,11597,1.53554,0.59166,0.82333,0.81612,0.64773,0.74608,0.4296,1.4238,0.51788,0.79786,0.000991784,0.000991784,0.000991784
1275,11606.5,1.5144,0.58967,0.82605,0.8158,0.64511,0.74533,0.43258,1.40771,0.51159,0.79753,0.000990992,0.000990992,0.000990992
1276,11615.5,1.5449,0.59229,0.82956,0.81955,0.64346,0.74614,0.43389,1.40537,0.51121,0.79746,0.0009902,0.0009902,0.0009902
1277,11625,1.51184,0.58115,0.8262,0.82025,0.6469,0.74838,0.43113,1.42207,0.51337,0.79724,0.000989408,0.000989408,0.000989408
1278,11634.4,1.50163,0.57856,0.8266,0.8227,0.64722,0.74876,0.43026,1.42662,0.51323,0.79697,0.000988616,0.000988616,0.000988616
1279,11644,1.52528,0.58104,0.8216,0.82402,0.64413,0.74765,0.4317,1.42713,0.51586,0.79722,0.000987824,0.000987824,0.000987824
1280,11653.2,1.45392,0.57149,0.83313,0.82434,0.64347,0.74851,0.43397,1.42398,0.51591,0.79696,0.000987032,0.000987032,0.000987032
1281,11662.3,1.50392,0.5777,0.82549,0.82162,0.64499,0.74957,0.43653,1.41042,0.51091,0.79671,0.00098624,0.00098624,0.00098624
1282,11671.4,1.51906,0.5818,0.82261,0.82243,0.64278,0.74771,0.43431,1.41902,0.51468,0.79698,0.000985448,0.000985448,0.000985448
1283,11680.8,1.51823,0.5766,0.81872,0.82209,0.63946,0.74528,0.43276,1.42788,0.51915,0.79711,0.000984656,0.000984656,0.000984656
1284,11690,1.56122,0.59491,0.81855,0.82148,0.63744,0.74479,0.43475,1.41685,0.51495,0.79674,0.000983864,0.000983864,0.000983864
1285,11699.1,1.53733,0.58699,0.82556,0.82024,0.63386,0.739,0.4315,1.41917,0.51765,0.79749,0.000983072,0.000983072,0.000983072
1286,11708.5,1.48881,0.57737,0.82308,0.82184,0.63266,0.73904,0.43111,1.41543,0.51813,0.79738,0.00098228,0.00098228,0.00098228
1287,11717.5,1.47596,0.57821,0.82449,0.81559,0.63564,0.73893,0.43102,1.41317,0.51998,0.7968,0.000981488,0.000981488,0.000981488
1288,11726.5,1.53843,0.59859,0.82749,0.8186,0.63193,0.73967,0.43213,1.40927,0.51857,0.79669,0.000980696,0.000980696,0.000980696
1289,11735.6,1.47264,0.57362,0.81896,0.8263,0.64058,0.74446,0.43406,1.41777,0.51807,0.79794,0.000979904,0.000979904,0.000979904
1290,11744.6,1.50924,0.57761,0.824,0.82869,0.64401,0.74842,0.43717,1.41034,0.51471,0.79786,0.000979112,0.000979112,0.000979112
1291,11753.9,1.50957,0.58563,0.83006,0.83005,0.64223,0.75015,0.43723,1.41911,0.5173,0.79716,0.00097832,0.00097832,0.00097832
1292,11762.9,1.56048,0.59694,0.82332,0.8256,0.64264,0.74922,0.43609,1.42553,0.51786,0.79724,0.000977528,0.000977528,0.000977528
1293,11772,1.53094,0.59012,0.83151,0.82263,0.63962,0.74767,0.43789,1.40757,0.51212,0.7968,0.000976736,0.000976736,0.000976736
1294,11780.8,1.52883,0.59329,0.82572,0.8168,0.6377,0.74392,0.4366,1.40209,0.50897,0.79708,0.000975944,0.000975944,0.000975944
1295,11789.9,1.43286,0.57008,0.83011,0.81131,0.63331,0.73801,0.43388,1.39881,0.5076,0.79746,0.000975152,0.000975152,0.000975152
1296,11799.1,1.48348,0.57746,0.8228,0.81239,0.63372,0.7383,0.43381,1.40158,0.50862,0.79721,0.00097436,0.00097436,0.00097436
1297,11808.3,1.52333,0.59005,0.8292,0.81716,0.63015,0.7378,0.43346,1.4022,0.51084,0.79653,0.000973568,0.000973568,0.000973568
1298,11817.3,1.52358,0.58807,0.82903,0.81747,0.63083,0.73724,0.43248,1.40895,0.5132,0.79655,0.000972776,0.000972776,0.000972776
1299,11826.7,1.50579,0.58885,0.83262,0.81904,0.63413,0.73944,0.43061,1.42148,0.51501,0.79688,0.000971984,0.000971984,0.000971984
1300,11835.5,1.48542,0.58191,0.82457,0.81409,0.6366,0.74015,0.43043,1.41545,0.51805,0.79682,0.000971192,0.000971192,0.000971192
1301,11844.6,1.52875,0.59303,0.83022,0.81256,0.63739,0.7415,0.43369,1.40162,0.51571,0.79579,0.0009704,0.0009704,0.0009704
1302,11853.6,1.49229,0.58296,0.83212,0.81674,0.63693,0.74237,0.43168,1.41341,0.51802,0.79587,0.000969608,0.000969608,0.000969608
1303,11862.8,1.52172,0.58315,0.82127,0.81736,0.63756,0.74392,0.42705,1.44306,0.52389,0.7966,0.000968816,0.000968816,0.000968816
1304,11871.7,1.51897,0.58773,0.82334,0.81629,0.63962,0.74534,0.42976,1.43099,0.52013,0.79612,0.000968024,0.000968024,0.000968024
1305,11880.7,1.51007,0.58653,0.83144,0.82621,0.63454,0.74438,0.43516,1.40978,0.51506,0.79604,0.000967232,0.000967232,0.000967232
1306,11889.6,1.48175,0.57772,0.8252,0.82582,0.6344,0.74387,0.43489,1.40288,0.51035,0.79653,0.00096644,0.00096644,0.00096644
1307,11899,1.50833,0.58034,0.82054,0.82034,0.63377,0.74196,0.43531,1.39604,0.51008,0.79669,0.000965648,0.000965648,0.000965648
1308,11907.8,1.45146,0.57785,0.8295,0.82136,0.63626,0.74238,0.43479,1.39963,0.5106,0.79663,0.000964856,0.000964856,0.000964856
1309,11916.8,1.48792,0.58324,0.82693,0.81901,0.63988,0.74403,0.43623,1.40956,0.51205,0.79686,0.000964064,0.000964064,0.000964064
1310,11925.8,1.47541,0.56661,0.81798,0.81883,0.63839,0.74494,0.43756,1.40305,0.51081,0.79714,0.000963272,0.000963272,0.000963272
1311,11935,1.53412,0.58928,0.82688,0.81738,0.63413,0.74515,0.4375,1.39978,0.50843,0.79692,0.00096248,0.00096248,0.00096248
1312,11944.3,1.50425,0.58266,0.82237,0.81806,0.63523,0.74444,0.4374,1.39713,0.50684,0.79697,0.000961688,0.000961688,0.000961688
1313,11953.6,1.54774,0.58738,0.82449,0.81866,0.63094,0.74115,0.43568,1.40741,0.50904,0.79715,0.000960896,0.000960896,0.000960896
1314,11962.6,1.51078,0.58474,0.82461,0.81823,0.62727,0.73898,0.43487,1.40517,0.51186,0.79708,0.000960104,0.000960104,0.000960104
1315,11971.8,1.54344,0.5908,0.82546,0.81602,0.6285,0.73709,0.43234,1.41716,0.51778,0.79713,0.000959312,0.000959312,0.000959312
1316,11980.7,1.54272,0.59424,0.82672,0.81629,0.6344,0.74056,0.43147,1.42475,0.51958,0.7972,0.00095852,0.00095852,0.00095852
1317,11990.1,1.519,0.58778,0.82273,0.81814,0.63614,0.74091,0.42974,1.43044,0.52067,0.79721,0.000957728,0.000957728,0.000957728
1318,11999,1.55342,0.59304,0.82392,0.82039,0.63537,0.74074,0.43038,1.42384,0.52102,0.79732,0.000956936,0.000956936,0.000956936
1319,12008.1,1.52771,0.59213,0.82483,0.81579,0.63784,0.74082,0.43243,1.42529,0.52125,0.79777,0.000956144,0.000956144,0.000956144
1320,12017.2,1.54853,0.58808,0.81848,0.8228,0.63429,0.74147,0.43332,1.42528,0.52048,0.79774,0.000955352,0.000955352,0.000955352
1321,12026.3,1.495,0.58603,0.82942,0.82897,0.63083,0.74405,0.43547,1.41076,0.51724,0.79701,0.00095456,0.00095456,0.00095456
1322,12035.1,1.49656,0.58246,0.82823,0.82605,0.63565,0.74508,0.43487,1.41249,0.51726,0.79723,0.000953768,0.000953768,0.000953768
1323,12044.2,1.49782,0.58272,0.8235,0.82623,0.63591,0.74489,0.43265,1.42127,0.51898,0.79766,0.000952976,0.000952976,0.000952976
1324,12053.2,1.51418,0.5962,0.83347,0.82442,0.63753,0.74425,0.43314,1.42235,0.51986,0.79737,0.000952184,0.000952184,0.000952184
1325,12062.2,1.52679,0.59143,0.82977,0.8258,0.63912,0.74472,0.43557,1.42269,0.51785,0.79752,0.000951392,0.000951392,0.000951392
1326,12071.2,1.48599,0.58387,0.82634,0.82661,0.63839,0.74551,0.43616,1.4189,0.51626,0.79717,0.0009506,0.0009506,0.0009506
1327,12080.3,1.48984,0.58149,0.82519,0.8245,0.63983,0.74872,0.43721,1.41575,0.51681,0.79677,0.000949808,0.000949808,0.000949808
1328,12089.4,1.49672,0.58315,0.82721,0.8209,0.64058,0.74755,0.43714,1.41207,0.51533,0.79679,0.000949016,0.000949016,0.000949016
1329,12098.6,1.58375,0.60286,0.81939,0.82154,0.63852,0.74435,0.4345,1.40864,0.51416,0.79622,0.000948224,0.000948224,0.000948224
1330,12107.6,1.51184,0.58148,0.82262,0.81858,0.63988,0.74267,0.43254,1.41137,0.51521,0.79636,0.000947432,0.000947432,0.000947432
1331,12116.7,1.52673,0.58894,0.82402,0.81549,0.64182,0.74144,0.43286,1.40719,0.51765,0.7966,0.00094664,0.00094664,0.00094664
1332,12125.6,1.50203,0.58897,0.82385,0.81785,0.64072,0.74118,0.4331,1.40498,0.51554,0.79651,0.000945848,0.000945848,0.000945848
1333,12134.8,1.57281,0.59698,0.82401,0.81385,0.64017,0.74099,0.43161,1.4222,0.52092,0.79639,0.000945056,0.000945056,0.000945056
1334,12144.2,1.54532,0.60775,0.83107,0.81208,0.64251,0.7424,0.43393,1.41739,0.522,0.79628,0.000944264,0.000944264,0.000944264
1335,12153.3,1.48607,0.58165,0.83197,0.8241,0.63907,0.74671,0.43818,1.39434,0.52022,0.79597,0.000943472,0.000943472,0.000943472
1336,12162.5,1.56938,0.59912,0.82448,0.82267,0.64223,0.74691,0.435,1.40747,0.52385,0.79653,0.00094268,0.00094268,0.00094268
1337,12171.5,1.50104,0.58131,0.8228,0.82133,0.64264,0.74711,0.43446,1.41874,0.52645,0.79715,0.000941888,0.000941888,0.000941888
1338,12180.5,1.53598,0.58793,0.823,0.82498,0.63688,0.74591,0.43679,1.40528,0.51985,0.79726,0.000941096,0.000941096,0.000941096
1339,12189.7,1.52546,0.5886,0.82488,0.82267,0.63753,0.74548,0.43846,1.40539,0.5201,0.79689,0.000940304,0.000940304,0.000940304
1340,12199,1.50723,0.57852,0.8239,0.81996,0.63524,0.74236,0.43744,1.40245,0.51994,0.79684,0.000939512,0.000939512,0.000939512
1341,12207.8,1.54615,0.58489,0.82036,0.8208,0.63482,0.74139,0.43368,1.40602,0.51952,0.7969,0.00093872,0.00093872,0.00093872
1342,12216.8,1.52362,0.58934,0.82998,0.82292,0.63331,0.74124,0.43437,1.40709,0.51913,0.79663,0.000937928,0.000937928,0.000937928
1343,12225.9,1.49847,0.58081,0.82908,0.82496,0.63864,0.74665,0.43964,1.40705,0.51711,0.79674,0.000937136,0.000937136,0.000937136
1344,12235.5,1.52189,0.5856,0.82159,0.82925,0.64209,0.7492,0.43977,1.40724,0.51684,0.79687,0.000936344,0.000936344,0.000936344
1345,12245,1.5041,0.58851,0.82609,0.83353,0.64168,0.7476,0.43679,1.41187,0.5175,0.797,0.000935552,0.000935552,0.000935552
1346,12254.3,1.4881,0.57462,0.82482,0.83111,0.63578,0.74438,0.43646,1.40516,0.51521,0.7968,0.00093476,0.00093476,0.00093476
1347,12263.4,1.50897,0.5775,0.82246,0.82316,0.63454,0.74103,0.43745,1.39802,0.51374,0.79644,0.000933968,0.000933968,0.000933968
1348,12272.4,1.51688,0.58309,0.82186,0.81875,0.63935,0.74299,0.43585,1.40809,0.51533,0.79688,0.000933176,0.000933176,0.000933176
1349,12281.7,1.49618,0.57626,0.81696,0.823,0.64152,0.74719,0.43707,1.40768,0.52085,0.79649,0.000932384,0.000932384,0.000932384
1350,12290.7,1.51789,0.59163,0.82531,0.82392,0.6392,0.74695,0.4367,1.40087,0.51924,0.79633,0.000931592,0.000931592,0.000931592
1351,12299.8,1.51269,0.58215,0.82663,0.82231,0.63948,0.74477,0.43856,1.38518,0.51272,0.79564,0.0009308,0.0009308,0.0009308
1352,12308.9,1.45121,0.56398,0.82217,0.8221,0.63823,0.74445,0.43852,1.38342,0.51223,0.7955,0.000930008,0.000930008,0.000930008
1353,12318,1.50194,0.58338,0.83038,0.82101,0.64359,0.74656,0.43763,1.39142,0.5141,0.79589,0.000929216,0.000929216,0.000929216
1354,12327.1,1.4861,0.5736,0.82703,0.82209,0.64708,0.74781,0.43663,1.40644,0.51653,0.79686,0.000928424,0.000928424,0.000928424
1355,12336.2,1.49511,0.57369,0.82505,0.81974,0.6436,0.74812,0.43365,1.42454,0.52219,0.79771,0.000927632,0.000927632,0.000927632
1356,12345.3,1.51505,0.57931,0.82491,0.82245,0.6436,0.74819,0.43524,1.41237,0.51822,0.79727,0.00092684,0.00092684,0.00092684
1357,12354.1,1.47999,0.57337,0.82306,0.82044,0.64237,0.74726,0.43847,1.39417,0.51376,0.79648,0.000926048,0.000926048,0.000926048
1358,12362.9,1.47606,0.57402,0.82095,0.82345,0.64031,0.74698,0.43729,1.39539,0.51399,0.79616,0.000925256,0.000925256,0.000925256
1359,12372,1.52844,0.58122,0.82372,0.81979,0.64013,0.74623,0.43546,1.40292,0.5174,0.79625,0.000924464,0.000924464,0.000924464
1360,12380.9,1.50331,0.58313,0.82817,0.82325,0.63866,0.74663,0.43534,1.4073,0.51841,0.79652,0.000923672,0.000923672,0.000923672
1361,12390.1,1.49797,0.58095,0.81969,0.82191,0.63867,0.74588,0.4392,1.39152,0.51619,0.79589,0.00092288,0.00092288,0.00092288
1362,12399.2,1.51032,0.57959,0.82632,0.82067,0.63962,0.74582,0.44238,1.3878,0.51483,0.79562,0.000922088,0.000922088,0.000922088
1363,12408.7,1.50222,0.57692,0.82208,0.82616,0.64853,0.75095,0.43942,1.39673,0.51652,0.79603,0.000921296,0.000921296,0.000921296
1364,12417.7,1.50423,0.58357,0.8232,0.82542,0.64909,0.7508,0.44,1.39878,0.51773,0.79593,0.000920504,0.000920504,0.000920504
1365,12427.1,1.56064,0.59339,0.81995,0.82255,0.65101,0.75213,0.44167,1.39295,0.51396,0.79559,0.000919712,0.000919712,0.000919712
1366,12436.4,1.49864,0.58209,0.82405,0.8238,0.64894,0.75193,0.44172,1.39467,0.51102,0.79558,0.00091892,0.00091892,0.00091892
1367,12445.7,1.49075,0.57657,0.82292,0.82176,0.64319,0.7487,0.44345,1.38214,0.50898,0.79503,0.000918128,0.000918128,0.000918128
1368,12455.4,1.48376,0.5723,0.81881,0.81933,0.6425,0.74724,0.44224,1.37957,0.51158,0.79486,0.000917336,0.000917336,0.000917336
1369,12464.9,1.52377,0.58477,0.82428,0.81893,0.64347,0.74728,0.43555,1.40768,0.52026,0.79632,0.000916544,0.000916544,0.000916544
1370,12474,1.5179,0.57784,0.82813,0.81826,0.64566,0.74845,0.43523,1.41094,0.52232,0.79688,0.000915752,0.000915752,0.000915752
1371,12483,1.507,0.5881,0.82833,0.81528,0.64594,0.74763,0.43303,1.41194,0.52182,0.7971,0.00091496,0.00091496,0.00091496
1372,12492.4,1.51236,0.58591,0.82816,0.81594,0.64374,0.74641,0.4306,1.42444,0.52498,0.79772,0.000914168,0.000914168,0.000914168
1373,12501.8,1.4769,0.5796,0.82755,0.81966,0.64319,0.74649,0.43259,1.41759,0.5225,0.79767,0.000913376,0.000913376,0.000913376
1374,12510.6,1.50351,0.5755,0.82125,0.82116,0.64044,0.74531,0.43335,1.41432,0.51898,0.79729,0.000912584,0.000912584,0.000912584
1375,12519.9,1.53123,0.58771,0.81745,0.82144,0.63853,0.74533,0.43371,1.41937,0.5198,0.79675,0.000911792,0.000911792,0.000911792
1376,12528.9,1.52892,0.58625,0.82247,0.82476,0.64003,0.74683,0.4343,1.41737,0.51975,0.79659,0.000911,0.000911,0.000911
1377,12537.9,1.53574,0.59289,0.82024,0.82239,0.63825,0.74536,0.43675,1.40626,0.51835,0.79644,0.000910208,0.000910208,0.000910208
1378,12546.8,1.48724,0.57396,0.8222,0.82063,0.64068,0.7473,0.43678,1.40809,0.51751,0.79627,0.000909416,0.000909416,0.000909416
1379,12556.2,1.51329,0.59013,0.82993,0.82025,0.63839,0.74715,0.43877,1.40107,0.51738,0.79601,0.000908624,0.000908624,0.000908624
1380,12565.3,1.52588,0.59074,0.81734,0.81755,0.63795,0.74657,0.43942,1.39448,0.51631,0.79556,0.000907832,0.000907832,0.000907832
1381,12574.5,1.54504,0.59226,0.8275,0.82066,0.63703,0.74682,0.43473,1.41569,0.51607,0.79654,0.00090704,0.00090704,0.00090704
1382,12583.3,1.48824,0.58137,0.82237,0.82744,0.63197,0.74576,0.43168,1.42911,0.51547,0.79722,0.000906248,0.000906248,0.000906248
1383,12592.5,1.50264,0.57944,0.82174,0.826,0.63742,0.74832,0.43794,1.40324,0.51222,0.79669,0.000905456,0.000905456,0.000905456
1384,12601.5,1.50563,0.58087,0.82062,0.82664,0.63893,0.75067,0.44206,1.38952,0.50851,0.79644,0.000904664,0.000904664,0.000904664
1385,12610.6,1.54112,0.58797,0.82783,0.82642,0.64209,0.74873,0.44053,1.38884,0.50739,0.79642,0.000903872,0.000903872,0.000903872
1386,12619.8,1.43808,0.56462,0.8248,0.82852,0.64141,0.74823,0.44029,1.38538,0.50771,0.79583,0.00090308,0.00090308,0.00090308
1387,12628.9,1.4816,0.57376,0.82315,0.82347,0.64361,0.74907,0.44022,1.38746,0.50699,0.79559,0.000902288,0.000902288,0.000902288
1388,12638,1.50556,0.58324,0.82921,0.8227,0.64154,0.74767,0.44015,1.39265,0.51008,0.79601,0.000901496,0.000901496,0.000901496
1389,12647.2,1.52283,0.58487,0.82049,0.82129,0.64401,0.74918,0.44352,1.38204,0.50821,0.79562,0.000900704,0.000900704,0.000900704
1390,12656.4,1.49134,0.57721,0.82526,0.82275,0.64154,0.7492,0.44405,1.37738,0.50703,0.79566,0.000899912,0.000899912,0.000899912
1391,12666.1,1.49954,0.58109,0.82113,0.8158,0.64086,0.74611,0.44129,1.3877,0.50735,0.79615,0.00089912,0.00089912,0.00089912
1392,12675.1,1.48712,0.57618,0.8279,0.81688,0.63893,0.74661,0.43902,1.39619,0.50911,0.79616,0.000898328,0.000898328,0.000898328
1393,12684.3,1.48177,0.57887,0.82691,0.81431,0.6307,0.73959,0.43447,1.40619,0.51159,0.79644,0.000897536,0.000897536,0.000897536
1394,12693.4,1.54787,0.58832,0.82641,0.81591,0.63099,0.73981,0.43572,1.39534,0.50989,0.79595,0.000896744,0.000896744,0.000896744
1395,12702.8,1.49387,0.57376,0.82302,0.81874,0.63605,0.74328,0.43779,1.39007,0.50945,0.79565,0.000895952,0.000895952,0.000895952
1396,12711.9,1.50863,0.58293,0.82379,0.8186,0.63784,0.74502,0.43754,1.39515,0.50947,0.79554,0.00089516,0.00089516,0.00089516
1397,12721,1.48023,0.57762,0.83053,0.82354,0.63797,0.74806,0.43505,1.42061,0.51529,0.79648,0.000894368,0.000894368,0.000894368
1398,12730,1.41089,0.55348,0.82498,0.82536,0.63935,0.74835,0.43618,1.41874,0.51458,0.79616,0.000893576,0.000893576,0.000893576
1399,12739.2,1.55828,0.59865,0.82752,0.82874,0.63912,0.74829,0.43775,1.39781,0.51067,0.79561,0.000892784,0.000892784,0.000892784
1400,12748.1,1.47414,0.57244,0.82224,0.83011,0.63794,0.74712,0.43508,1.40242,0.51,0.79578,0.000891992,0.000891992,0.000891992
1401,12756.9,1.50258,0.59022,0.83304,0.82874,0.63454,0.74389,0.43324,1.40881,0.5127,0.79564,0.0008912,0.0008912,0.0008912
1402,12766,1.46914,0.57594,0.82642,0.82313,0.63382,0.74348,0.43305,1.41139,0.51405,0.79556,0.000890408,0.000890408,0.000890408
1403,12775.1,1.50241,0.58495,0.82755,0.82417,0.63125,0.74354,0.43418,1.41726,0.5189,0.79612,0.000889616,0.000889616,0.000889616
1404,12784.1,1.45316,0.57257,0.82649,0.81719,0.63399,0.74306,0.43464,1.4173,0.51935,0.79647,0.000888824,0.000888824,0.000888824
1405,12793.3,1.48191,0.5812,0.82664,0.8189,0.63756,0.74487,0.43611,1.41218,0.51931,0.79607,0.000888032,0.000888032,0.000888032
1406,12802.2,1.53327,0.58719,0.81677,0.82067,0.6421,0.74639,0.4365,1.41287,0.51802,0.79525,0.00088724,0.00088724,0.00088724
1407,12811.2,1.54005,0.59803,0.82644,0.82065,0.64138,0.74616,0.43638,1.41089,0.51767,0.79448,0.000886448,0.000886448,0.000886448
1408,12820.2,1.53158,0.59301,0.82708,0.82128,0.63972,0.74598,0.43676,1.40417,0.51467,0.79447,0.000885656,0.000885656,0.000885656
1409,12829.4,1.49547,0.57964,0.81828,0.82323,0.63935,0.74796,0.44115,1.39105,0.51017,0.79393,0.000884864,0.000884864,0.000884864
1410,12838.6,1.499,0.58145,0.82089,0.8222,0.63976,0.74879,0.44112,1.39324,0.50985,0.79414,0.000884072,0.000884072,0.000884072
1411,12847.8,1.51889,0.59365,0.82719,0.81671,0.63866,0.74662,0.44199,1.39161,0.50942,0.79439,0.00088328,0.00088328,0.00088328
1412,12856.9,1.4945,0.56991,0.8202,0.81714,0.63681,0.74467,0.44181,1.39331,0.51015,0.79414,0.000882488,0.000882488,0.000882488
1413,12865.9,1.50068,0.57795,0.82005,0.81567,0.63606,0.7411,0.43874,1.40297,0.51231,0.79497,0.000881696,0.000881696,0.000881696
1414,12875.1,1.49688,0.58356,0.82668,0.81795,0.63594,0.74187,0.43823,1.40949,0.51336,0.79544,0.000880904,0.000880904,0.000880904
1415,12884.2,1.49592,0.58017,0.82565,0.82086,0.64484,0.74845,0.43926,1.40806,0.51427,0.7954,0.000880112,0.000880112,0.000880112
1416,12893.3,1.55882,0.59703,0.82032,0.82279,0.64223,0.74762,0.44066,1.40413,0.51408,0.79521,0.00087932,0.00087932,0.00087932
1417,12902.4,1.48084,0.56677,0.8179,0.81967,0.6446,0.74919,0.43841,1.41107,0.51656,0.79544,0.000878528,0.000878528,0.000878528
1418,12911.4,1.49496,0.5787,0.82373,0.81811,0.64405,0.74958,0.43693,1.41718,0.51871,0.79554,0.000877736,0.000877736,0.000877736
1419,12920.6,1.50552,0.5824,0.82612,0.81835,0.64077,0.74796,0.4421,1.40139,0.51809,0.79564,0.000876944,0.000876944,0.000876944
1420,12929.5,1.47815,0.57489,0.82686,0.82144,0.6398,0.74922,0.44288,1.39505,0.51532,0.79554,0.000876152,0.000876152,0.000876152
1421,12938.6,1.48518,0.57534,0.82567,0.82042,0.64182,0.74884,0.44067,1.40053,0.51224,0.79532,0.00087536,0.00087536,0.00087536
1422,12948,1.52425,0.5915,0.82323,0.82383,0.64137,0.74894,0.43555,1.41278,0.51448,0.79578,0.000874568,0.000874568,0.000874568
1423,12957.1,1.502,0.58514,0.82533,0.82041,0.6388,0.74451,0.43079,1.43346,0.51803,0.79679,0.000873776,0.000873776,0.000873776
1424,12966.2,1.5124,0.57748,0.8206,0.82367,0.63742,0.74569,0.43444,1.42462,0.51539,0.79687,0.000872984,0.000872984,0.000872984
1425,12975.3,1.44706,0.56713,0.82945,0.82495,0.6366,0.74553,0.43925,1.40207,0.51152,0.79638,0.000872192,0.000872192,0.000872192
1426,12984.3,1.53342,0.59313,0.82861,0.82546,0.63629,0.74521,0.44019,1.39966,0.51265,0.79613,0.0008714,0.0008714,0.0008714
1427,12993.3,1.46165,0.57376,0.82743,0.82674,0.63962,0.74833,0.44131,1.39267,0.5119,0.79575,0.000870608,0.000870608,0.000870608
1428,13002.7,1.44748,0.56485,0.82063,0.82732,0.64113,0.74855,0.44196,1.39243,0.51076,0.79592,0.000869816,0.000869816,0.000869816
1429,13011.8,1.43812,0.5628,0.82535,0.82707,0.64525,0.75112,0.4452,1.39326,0.50929,0.79535,0.000869024,0.000869024,0.000869024
1430,13021.2,1.46301,0.57174,0.82468,0.82655,0.64552,0.75145,0.44505,1.39397,0.50836,0.79548,0.000868232,0.000868232,0.000868232
1431,13030,1.46724,0.57283,0.83003,0.82589,0.64621,0.75021,0.44607,1.38584,0.50621,0.79539,0.00086744,0.00086744,0.00086744
1432,13039.4,1.46716,0.58009,0.83062,0.82413,0.64703,0.75094,0.44572,1.38565,0.50768,0.7951,0.000866648,0.000866648,0.000866648
1433,13048.4,1.48654,0.58387,0.82843,0.82426,0.64713,0.75035,0.44066,1.40222,0.5123,0.7948,0.000865856,0.000865856,0.000865856
1434,13057.4,1.50157,0.57928,0.82322,0.82078,0.64635,0.74888,0.44062,1.39854,0.51064,0.79475,0.000865064,0.000865064,0.000865064
1435,13066.6,1.54009,0.58951,0.82687,0.82059,0.64298,0.74728,0.44108,1.39062,0.51027,0.79511,0.000864272,0.000864272,0.000864272
1436,13075.6,1.49459,0.57867,0.82723,0.82251,0.64305,0.74784,0.44035,1.38316,0.51093,0.7948,0.00086348,0.00086348,0.00086348
1437,13084.6,1.5135,0.57747,0.82506,0.82283,0.64333,0.74788,0.4393,1.39388,0.51223,0.79512,0.000862688,0.000862688,0.000862688
1438,13093.9,1.5212,0.57696,0.82025,0.82588,0.64607,0.7498,0.43986,1.39636,0.51215,0.79496,0.000861896,0.000861896,0.000861896
1439,13103.1,1.5324,0.5987,0.83016,0.8234,0.65088,0.75075,0.43865,1.39635,0.51338,0.79523,0.000861104,0.000861104,0.000861104
1440,13112.2,1.51785,0.58509,0.82368,0.82145,0.64978,0.74762,0.43723,1.39817,0.51406,0.79535,0.000860312,0.000860312,0.000860312
1441,13121.4,1.50963,0.5795,0.81772,0.82009,0.64209,0.74487,0.43903,1.39497,0.50952,0.79579,0.00085952,0.00085952,0.00085952
1442,13130.3,1.5135,0.57932,0.82625,0.82051,0.63935,0.74418,0.4408,1.39307,0.50838,0.79585,0.000858728,0.000858728,0.000858728
1443,13139.3,1.46951,0.57785,0.82473,0.828,0.6377,0.74433,0.43764,1.40782,0.51053,0.79587,0.000857936,0.000857936,0.000857936
1444,13148.3,1.50581,0.58144,0.82248,0.83295,0.6388,0.74505,0.43609,1.41932,0.51322,0.79595,0.000857144,0.000857144,0.000857144
1445,13157.5,1.47974,0.5753,0.82532,0.82926,0.63946,0.74662,0.44166,1.39735,0.50726,0.79527,0.000856352,0.000856352,0.000856352
1446,13166.6,1.47528,0.57864,0.82365,0.8282,0.6399,0.74775,0.44251,1.39091,0.50558,0.79506,0.00085556,0.00085556,0.00085556
1447,13175.6,1.45987,0.56101,0.81995,0.83167,0.64168,0.74945,0.43739,1.39966,0.50355,0.79519,0.000854768,0.000854768,0.000854768
1448,13184.7,1.46221,0.57095,0.82543,0.82624,0.643,0.74819,0.43704,1.40078,0.50515,0.79499,0.000853976,0.000853976,0.000853976
1449,13194,1.47055,0.567,0.81879,0.82164,0.6375,0.74493,0.43877,1.38498,0.50132,0.79455,0.000853184,0.000853184,0.000853184
1450,13203,1.51074,0.58186,0.82496,0.82381,0.6374,0.74564,0.43896,1.38602,0.50202,0.7946,0.000852392,0.000852392,0.000852392
1451,13212,1.47418,0.56318,0.823,0.82819,0.6373,0.74574,0.43862,1.38204,0.50354,0.79486,0.0008516,0.0008516,0.0008516
1452,13221,1.49261,0.57914,0.82552,0.83053,0.63866,0.74827,0.43871,1.38328,0.50541,0.79509,0.000850808,0.000850808,0.000850808
1453,13230.2,1.56339,0.59437,0.82348,0.82976,0.6436,0.75105,0.44265,1.37321,0.50309,0.79458,0.000850016,0.000850016,0.000850016
1454,13239.2,1.50822,0.58358,0.82548,0.83041,0.64399,0.75125,0.4442,1.37233,0.50236,0.79418,0.000849224,0.000849224,0.000849224
1455,13248.2,1.51967,0.58559,0.82019,0.82857,0.64154,0.7492,0.44396,1.37458,0.50486,0.79437,0.000848432,0.000848432,0.000848432
1456,13257.3,1.47584,0.57167,0.821,0.82677,0.64264,0.7494,0.44306,1.38291,0.5083,0.7948,0.00084764,0.00084764,0.00084764
1457,13266.5,1.52466,0.5859,0.82422,0.82682,0.64209,0.75098,0.44433,1.38876,0.51197,0.79477,0.000846848,0.000846848,0.000846848
1458,13275.8,1.50397,0.58608,0.82832,0.82359,0.63838,0.74967,0.44466,1.37717,0.50879,0.79417,0.000846056,0.000846056,0.000846056
1459,13284.8,1.48178,0.5714,0.82075,0.82353,0.63426,0.7471,0.44264,1.37872,0.50781,0.79401,0.000845264,0.000845264,0.000845264
1460,13294.1,1.4875,0.57645,0.82088,0.82248,0.63481,0.74551,0.44167,1.37794,0.50747,0.79433,0.000844472,0.000844472,0.000844472
1461,13303.2,1.52259,0.59445,0.82756,0.81996,0.64088,0.74737,0.43895,1.39132,0.51074,0.79479,0.00084368,0.00084368,0.00084368
1462,13312.2,1.48757,0.57671,0.82619,0.82005,0.64099,0.7483,0.43934,1.38871,0.50912,0.79466,0.000842888,0.000842888,0.000842888
1463,13321.3,1.50241,0.57314,0.82246,0.82204,0.64304,0.75088,0.44324,1.38851,0.50728,0.79503,0.000842096,0.000842096,0.000842096
1464,13330.6,1.45182,0.56494,0.81995,0.82255,0.6447,0.75223,0.44398,1.38649,0.50702,0.79489,0.000841304,0.000841304,0.000841304
1465,13339.9,1.47406,0.57797,0.82529,0.82038,0.64058,0.75062,0.44387,1.38636,0.50568,0.79483,0.000840512,0.000840512,0.000840512
1466,13349.1,1.46858,0.57164,0.82017,0.81891,0.64058,0.75072,0.44375,1.3865,0.50434,0.79479,0.00083972,0.00083972,0.00083972
1467,13358.3,1.49196,0.57791,0.82292,0.81839,0.64526,0.75122,0.44388,1.37831,0.50479,0.79471,0.000838928,0.000838928,0.000838928
1468,13367.6,1.49381,0.57457,0.82422,0.81929,0.64717,0.75184,0.44521,1.38193,0.50779,0.79466,0.000838136,0.000838136,0.000838136
1469,13376.6,1.4756,0.57327,0.82716,0.82076,0.6469,0.75067,0.44348,1.39213,0.51288,0.79477,0.000837344,0.000837344,0.000837344
1470,13385.5,1.50799,0.58256,0.82649,0.82422,0.64374,0.75016,0.44239,1.39827,0.51381,0.7954,0.000836552,0.000836552,0.000836552
1471,13394.8,1.45769,0.56416,0.81815,0.82386,0.63959,0.74693,0.44341,1.38257,0.51289,0.79525,0.00083576,0.00083576,0.00083576
1472,13403.9,1.51242,0.58552,0.82264,0.82363,0.64072,0.74707,0.44196,1.38627,0.51662,0.79572,0.000834968,0.000834968,0.000834968
1473,13413.2,1.50879,0.59068,0.8265,0.82213,0.63835,0.74616,0.44172,1.39035,0.51489,0.79577,0.000834176,0.000834176,0.000834176
1474,13422.5,1.53298,0.59101,0.82543,0.82403,0.64223,0.74803,0.44294,1.39041,0.51339,0.79591,0.000833384,0.000833384,0.000833384
1475,13431.8,1.45045,0.56063,0.81838,0.82225,0.64461,0.75139,0.44426,1.39069,0.5103,0.79568,0.000832592,0.000832592,0.000832592
1476,13440.8,1.50178,0.57954,0.82661,0.82264,0.64319,0.75049,0.44455,1.38985,0.51002,0.79548,0.0008318,0.0008318,0.0008318
1477,13449.8,1.45977,0.56618,0.81972,0.82071,0.6425,0.74988,0.44457,1.3789,0.50593,0.79513,0.000831008,0.000831008,0.000831008
1478,13458.7,1.45682,0.56177,0.8191,0.81767,0.64089,0.7488,0.4436,1.38282,0.50708,0.7949,0.000830216,0.000830216,0.000830216
1479,13467.7,1.47084,0.57213,0.82102,0.82736,0.63015,0.74403,0.44016,1.38757,0.51052,0.79581,0.000829424,0.000829424,0.000829424
1480,13476.8,1.46283,0.56646,0.82032,0.82783,0.6304,0.74451,0.43964,1.39327,0.51172,0.79579,0.000828632,0.000828632,0.000828632
1481,13485.9,1.50276,0.59207,0.82496,0.83293,0.6338,0.74866,0.43976,1.39295,0.5106,0.79551,0.00082784,0.00082784,0.00082784
1482,13494.8,1.50783,0.57812,0.81931,0.83073,0.63468,0.74985,0.4419,1.39129,0.50853,0.7955,0.000827048,0.000827048,0.000827048
1483,13503.8,1.44027,0.56859,0.82427,0.82492,0.64038,0.75183,0.44112,1.38763,0.51003,0.7953,0.000826256,0.000826256,0.000826256
1484,13512.8,1.45933,0.57117,0.8214,0.82162,0.64246,0.75081,0.4408,1.38937,0.50904,0.79561,0.000825464,0.000825464,0.000825464
1485,13521.9,1.46713,0.56691,0.82056,0.82347,0.64347,0.74898,0.44011,1.38423,0.5074,0.7961,0.000824672,0.000824672,0.000824672
1486,13531.2,1.4329,0.56522,0.82623,0.82322,0.64059,0.74784,0.43919,1.38642,0.50799,0.79674,0.00082388,0.00082388,0.00082388
1487,13540.4,1.52096,0.58313,0.81707,0.82453,0.64182,0.74629,0.4342,1.40386,0.51132,0.79666,0.000823088,0.000823088,0.000823088
1488,13549.8,1.4585,0.56585,0.82133,0.82081,0.64099,0.74532,0.4348,1.401,0.51145,0.79611,0.000822296,0.000822296,0.000822296
1489,13559.1,1.50138,0.57219,0.82025,0.82073,0.64347,0.74536,0.43532,1.39254,0.50841,0.79568,0.000821504,0.000821504,0.000821504
1490,13568,1.46849,0.57038,0.82268,0.82226,0.64527,0.74715,0.43498,1.39858,0.50989,0.79554,0.000820712,0.000820712,0.000820712
1491,13577.4,1.49565,0.58212,0.82385,0.82624,0.64302,0.74788,0.43473,1.39821,0.50973,0.7951,0.00081992,0.00081992,0.00081992
1492,13586.3,1.46827,0.57251,0.82576,0.82526,0.6432,0.74851,0.43679,1.39249,0.51029,0.79519,0.000819128,0.000819128,0.000819128
1493,13595.5,1.49102,0.57476,0.82413,0.82482,0.64575,0.75055,0.44203,1.37773,0.50518,0.79482,0.000818336,0.000818336,0.000818336
1494,13604.9,1.49859,0.58671,0.82447,0.82281,0.64451,0.74796,0.44064,1.3854,0.50744,0.79531,0.000817544,0.000817544,0.000817544
1495,13614,1.49161,0.58094,0.82553,0.82064,0.6436,0.74935,0.44247,1.37149,0.50312,0.79483,0.000816752,0.000816752,0.000816752
1496,13622.8,1.46482,0.57497,0.82348,0.81749,0.64322,0.74905,0.44072,1.37718,0.50415,0.79523,0.00081596,0.00081596,0.00081596
1497,13631.9,1.50002,0.58705,0.82229,0.82627,0.64141,0.75249,0.44028,1.38315,0.50602,0.79569,0.000815168,0.000815168,0.000815168
1498,13641,1.47663,0.57156,0.82573,0.82434,0.64489,0.75422,0.44238,1.37784,0.50564,0.795,0.000814376,0.000814376,0.000814376
1499,13650.2,1.54902,0.59073,0.82232,0.82575,0.64703,0.75075,0.44137,1.38103,0.50602,0.79485,0.000813584,0.000813584,0.000813584
1500,13659.4,1.43574,0.56805,0.82175,0.82337,0.64637,0.74904,0.4406,1.38303,0.50816,0.79468,0.000812792,0.000812792,0.000812792
1501,13668.4,1.45157,0.56935,0.82224,0.82246,0.64553,0.75082,0.44025,1.38441,0.50574,0.7947,0.000812,0.000812,0.000812
1502,13677.5,1.50875,0.57933,0.82055,0.82866,0.64209,0.75145,0.44092,1.38447,0.50565,0.7949,0.000811208,0.000811208,0.000811208
1503,13686.8,1.46133,0.57682,0.82483,0.82835,0.6425,0.75222,0.44529,1.36737,0.50113,0.79415,0.000810416,0.000810416,0.000810416
1504,13695.8,1.41199,0.55293,0.81456,0.83049,0.6436,0.7535,0.44694,1.36364,0.49978,0.79385,0.000809624,0.000809624,0.000809624
1505,13705.5,1.42987,0.56907,0.82697,0.82389,0.64827,0.75246,0.44621,1.36357,0.49745,0.79375,0.000808832,0.000808832,0.000808832
1506,13714.4,1.49342,0.58031,0.82085,0.82338,0.64576,0.75144,0.44608,1.36118,0.49794,0.79355,0.00080804,0.00080804,0.00080804
1507,13723.6,1.49519,0.57863,0.82029,0.83008,0.64453,0.75227,0.44786,1.36085,0.49557,0.79341,0.000807248,0.000807248,0.000807248
1508,13732.9,1.52154,0.5795,0.82222,0.82807,0.64566,0.75231,0.44875,1.3629,0.49778,0.79324,0.000806456,0.000806456,0.000806456
1509,13742.4,1.5008,0.58055,0.81954,0.82302,0.6458,0.75176,0.44487,1.37524,0.50256,0.79384,0.000805664,0.000805664,0.000805664
1510,13751.7,1.46929,0.56774,0.82058,0.82281,0.64484,0.75149,0.44481,1.37512,0.50258,0.79413,0.000804872,0.000804872,0.000804872
1511,13761,1.44119,0.55961,0.82108,0.82253,0.63691,0.74625,0.4449,1.36852,0.49951,0.79419,0.00080408,0.00080408,0.00080408
1512,13770.1,1.52484,0.58071,0.82155,0.824,0.63509,0.7464,0.44363,1.36997,0.49893,0.79427,0.000803288,0.000803288,0.000803288
1513,13779.4,1.46042,0.56201,0.82016,0.82092,0.63358,0.74524,0.44002,1.3789,0.5021,0.7941,0.000802496,0.000802496,0.000802496
1514,13788.3,1.48424,0.5716,0.82218,0.81712,0.63688,0.74631,0.44012,1.38406,0.50353,0.79367,0.000801704,0.000801704,0.000801704
1515,13797.8,1.47493,0.57127,0.82206,0.81941,0.64552,0.75245,0.442,1.37754,0.50384,0.79366,0.000800912,0.000800912,0.000800912
1516,13806.9,1.49436,0.57419,0.81972,0.82074,0.64552,0.75292,0.44398,1.37213,0.50312,0.79346,0.00080012,0.00080012,0.00080012
1517,13816,1.43917,0.56328,0.82093,0.82098,0.6436,0.752,0.44645,1.36306,0.501,0.79375,0.000799328,0.000799328,0.000799328
1518,13825.2,1.48244,0.57504,0.8218,0.8229,0.64443,0.7525,0.44723,1.36096,0.50078,0.79351,0.000798536,0.000798536,0.000798536
1519,13834.3,1.44594,0.56236,0.81805,0.82383,0.63839,0.7489,0.44397,1.37276,0.50569,0.79339,0.000797744,0.000797744,0.000797744
1520,13843.6,1.53912,0.58913,0.82461,0.82175,0.6366,0.74662,0.44322,1.37438,0.50613,0.7933,0.000796952,0.000796952,0.000796952
1521,13852.7,1.45768,0.56502,0.82268,0.82355,0.6399,0.75061,0.44717,1.36729,0.50221,0.79339,0.00079616,0.00079616,0.00079616
1522,13861.9,1.44577,0.56027,0.81858,0.82733,0.63938,0.75358,0.44922,1.36433,0.50073,0.79344,0.000795368,0.000795368,0.000795368
1523,13871.4,1.49713,0.57359,0.81859,0.82578,0.64161,0.7548,0.44978,1.36295,0.49919,0.7933,0.000794576,0.000794576,0.000794576
1524,13880.9,1.50157,0.57909,0.82311,0.82505,0.64099,0.7538,0.44855,1.36173,0.49909,0.79309,0.000793784,0.000793784,0.000793784
1525,13889.9,1.44846,0.56071,0.81848,0.82238,0.6399,0.75264,0.44743,1.36773,0.50103,0.79315,0.000792992,0.000792992,0.000792992
1526,13899,1.44593,0.56547,0.82463,0.82313,0.64082,0.75374,0.44672,1.3758,0.50359,0.79345,0.0007922,0.0007922,0.0007922
1527,13908,1.45944,0.56553,0.81944,0.82017,0.6399,0.75207,0.44546,1.38129,0.50491,0.79409,0.000791408,0.000791408,0.000791408
1528,13916.9,1.45153,0.56346,0.827,0.8223,0.64039,0.75228,0.44642,1.37327,0.50347,0.79395,0.000790616,0.000790616,0.000790616
1529,13926.2,1.49139,0.57351,0.82382,0.82508,0.64367,0.75428,0.44724,1.36445,0.50034,0.79334,0.000789824,0.000789824,0.000789824
1530,13935.1,1.48405,0.56784,0.81495,0.82543,0.64264,0.75347,0.446,1.36441,0.50108,0.7934,0.000789032,0.000789032,0.000789032
1531,13944.2,1.46496,0.56866,0.8245,0.82592,0.64289,0.75283,0.44325,1.37135,0.50265,0.79336,0.00078824,0.00078824,0.00078824
1532,13953.3,1.47991,0.57029,0.82065,0.82271,0.64536,0.75344,0.44521,1.36395,0.50356,0.79321,0.000787448,0.000787448,0.000787448
1533,13962.5,1.42382,0.55929,0.82308,0.82076,0.64686,0.75336,0.4483,1.35661,0.50111,0.79284,0.000786656,0.000786656,0.000786656
1534,13971.6,1.44134,0.56077,0.81856,0.81943,0.64909,0.75347,0.44773,1.35854,0.50299,0.79312,0.000785864,0.000785864,0.000785864
1535,13980.6,1.45539,0.56718,0.82438,0.82322,0.64964,0.7543,0.44552,1.36488,0.50324,0.7937,0.000785072,0.000785072,0.000785072
1536,13989.9,1.46314,0.56282,0.82265,0.82931,0.64566,0.75337,0.44529,1.36584,0.50483,0.79364,0.00078428,0.00078428,0.00078428
1537,13999,1.45205,0.56127,0.81887,0.8295,0.64319,0.75114,0.444,1.36811,0.50467,0.79322,0.000783488,0.000783488,0.000783488
1538,14007.9,1.50065,0.56803,0.8195,0.82732,0.64401,0.75174,0.44294,1.37024,0.50304,0.79338,0.000782696,0.000782696,0.000782696
1539,14017.2,1.49247,0.57185,0.81725,0.82529,0.64462,0.75307,0.44214,1.37101,0.50462,0.79357,0.000781904,0.000781904,0.000781904
1540,14026.3,1.47436,0.5643,0.81824,0.82658,0.6458,0.75362,0.44273,1.37031,0.50516,0.79381,0.000781112,0.000781112,0.000781112
1541,14035.6,1.43525,0.55618,0.82045,0.83266,0.64401,0.75611,0.44548,1.36514,0.49998,0.79362,0.00078032,0.00078032,0.00078032
1542,14044.6,1.46482,0.56076,0.81812,0.83328,0.63935,0.75487,0.44606,1.36606,0.49952,0.7937,0.000779528,0.000779528,0.000779528
1543,14053.9,1.44869,0.5549,0.81831,0.82689,0.64333,0.75516,0.44927,1.36269,0.50011,0.79367,0.000778736,0.000778736,0.000778736
1544,14063,1.41787,0.55419,0.82083,0.82685,0.64607,0.75722,0.44913,1.36543,0.50037,0.79372,0.000777944,0.000777944,0.000777944
1545,14072.3,1.51188,0.58009,0.82132,0.82699,0.64837,0.75758,0.44602,1.37546,0.50426,0.79382,0.000777152,0.000777152,0.000777152
1546,14081.2,1.46722,0.57542,0.82538,0.8258,0.64415,0.75472,0.44662,1.37283,0.50536,0.7937,0.00077636,0.00077636,0.00077636
1547,14090.3,1.51416,0.58427,0.82211,0.82464,0.6436,0.75343,0.44545,1.36716,0.50543,0.79379,0.000775568,0.000775568,0.000775568
1548,14099.6,1.48832,0.57293,0.81855,0.82151,0.64704,0.75343,0.44555,1.36793,0.50688,0.79408,0.000774776,0.000774776,0.000774776
1549,14109,1.41833,0.55485,0.8222,0.82567,0.64484,0.75415,0.44522,1.37754,0.50958,0.79454,0.000773984,0.000773984,0.000773984
1550,14118,1.50807,0.57813,0.81902,0.82339,0.64539,0.7537,0.44522,1.37878,0.50797,0.79473,0.000773192,0.000773192,0.000773192
1551,14126.8,1.45164,0.56827,0.8202,0.82631,0.64443,0.75422,0.44469,1.37744,0.50628,0.79443,0.0007724,0.0007724,0.0007724
1552,14136.1,1.46277,0.57144,0.82407,0.82428,0.64511,0.75331,0.44537,1.37334,0.50541,0.79419,0.000771608,0.000771608,0.000771608
1553,14145.2,1.41554,0.55714,0.81877,0.82313,0.64525,0.75244,0.44561,1.36819,0.50125,0.79358,0.000770816,0.000770816,0.000770816
1554,14154.2,1.51598,0.58169,0.82423,0.82116,0.6447,0.75158,0.44576,1.36534,0.50049,0.79362,0.000770024,0.000770024,0.000770024
1555,14163.7,1.45577,0.56599,0.8198,0.82623,0.6469,0.75514,0.44405,1.37329,0.49864,0.7938,0.000769232,0.000769232,0.000769232
1556,14172.7,1.45484,0.5644,0.81877,0.83047,0.64923,0.75764,0.44478,1.37728,0.4989,0.79421,0.00076844,0.00076844,0.00076844
1557,14181.6,1.44271,0.55651,0.81726,0.83247,0.64896,0.75954,0.44715,1.37339,0.50004,0.79451,0.000767648,0.000767648,0.000767648
1558,14190.9,1.53907,0.58631,0.8237,0.83255,0.64571,0.75808,0.44723,1.37321,0.5009,0.79429,0.000766856,0.000766856,0.000766856
1559,14200,1.48397,0.57205,0.81494,0.82944,0.64209,0.75344,0.44479,1.37389,0.50128,0.79445,0.000766064,0.000766064,0.000766064
1560,14209,1.43238,0.55392,0.81161,0.82499,0.64086,0.75197,0.44468,1.37228,0.50198,0.79423,0.000765272,0.000765272,0.000765272
1561,14218.2,1.43969,0.55979,0.81849,0.82297,0.64044,0.74967,0.44463,1.37615,0.50226,0.79489,0.00076448,0.00076448,0.00076448
1562,14227.2,1.47229,0.56805,0.82064,0.82626,0.64099,0.7507,0.44686,1.36783,0.50093,0.79495,0.000763688,0.000763688,0.000763688
1563,14236.4,1.45257,0.55869,0.81631,0.83171,0.64456,0.75319,0.44866,1.36266,0.49658,0.79498,0.000762896,0.000762896,0.000762896
1564,14245.3,1.4571,0.56611,0.82769,0.83086,0.64539,0.75396,0.44659,1.36538,0.49727,0.79474,0.000762104,0.000762104,0.000762104
1565,14254.5,1.44986,0.55861,0.81462,0.82883,0.64484,0.75583,0.44672,1.3698,0.49916,0.7944,0.000761312,0.000761312,0.000761312
1566,14263.3,1.45697,0.56617,0.82103,0.82941,0.64594,0.75615,0.44659,1.36875,0.49903,0.79414,0.00076052,0.00076052,0.00076052
1567,14272.7,1.499,0.57116,0.82409,0.82683,0.6458,0.75434,0.44421,1.37085,0.49833,0.7941,0.000759728,0.000759728,0.000759728
1568,14281.7,1.4592,0.57013,0.81937,0.82765,0.64676,0.75469,0.44416,1.37197,0.49901,0.79396,0.000758936,0.000758936,0.000758936
1569,14290.8,1.47477,0.57133,0.81827,0.82517,0.64537,0.75241,0.44398,1.36973,0.50174,0.79343,0.000758144,0.000758144,0.000758144
1570,14299.9,1.42221,0.55832,0.82076,0.82684,0.64573,0.75222,0.44337,1.37416,0.50321,0.79325,0.000757352,0.000757352,0.000757352
1571,14308.8,1.45682,0.56706,0.82429,0.82781,0.64023,0.75088,0.44578,1.36544,0.49861,0.79341,0.00075656,0.00075656,0.00075656
1572,14317.8,1.4549,0.56809,0.82483,0.82644,0.64132,0.75122,0.44659,1.36822,0.49863,0.79379,0.000755768,0.000755768,0.000755768
1573,14327.1,1.4665,0.56192,0.82126,0.82611,0.64439,0.75366,0.45031,1.35821,0.49686,0.79353,0.000754976,0.000754976,0.000754976
1574,14336.8,1.45515,0.56475,0.81696,0.82238,0.64264,0.75244,0.45,1.36279,0.498,0.79345,0.000754184,0.000754184,0.000754184
1575,14346,1.45362,0.55801,0.81705,0.82037,0.64113,0.74989,0.44374,1.39212,0.50436,0.79372,0.000753392,0.000753392,0.000753392
1576,14354.9,1.45047,0.56626,0.82403,0.82042,0.64072,0.7482,0.44302,1.38843,0.50464,0.79376,0.0007526,0.0007526,0.0007526
1577,14364.1,1.46624,0.5629,0.81634,0.82234,0.63675,0.74818,0.44482,1.37547,0.50365,0.79354,0.000751808,0.000751808,0.000751808
1578,14373,1.42845,0.55258,0.81483,0.82124,0.63826,0.74919,0.44572,1.37866,0.50436,0.79362,0.000751016,0.000751016,0.000751016
1579,14382.1,1.45013,0.56258,0.81789,0.82536,0.64168,0.75147,0.44449,1.37991,0.50498,0.79344,0.000750224,0.000750224,0.000750224
1580,14391.4,1.45234,0.56354,0.81706,0.82585,0.64129,0.75138,0.44518,1.37121,0.50164,0.79316,0.000749432,0.000749432,0.000749432
1581,14400.7,1.46826,0.56257,0.81876,0.82919,0.64017,0.75195,0.44487,1.3662,0.49934,0.79328,0.00074864,0.00074864,0.00074864
1582,14409.7,1.49354,0.56858,0.81923,0.83304,0.64003,0.75112,0.44372,1.36996,0.50009,0.79347,0.000747848,0.000747848,0.000747848
1583,14418.9,1.4217,0.55193,0.82045,0.83082,0.64116,0.75169,0.443,1.36495,0.49803,0.7936,0.000747056,0.000747056,0.000747056
1584,14428,1.44179,0.56189,0.8187,0.82764,0.64276,0.75159,0.44491,1.35761,0.49591,0.79378,0.000746264,0.000746264,0.000746264
1585,14436.9,1.52666,0.5773,0.8145,0.83416,0.64083,0.75304,0.44576,1.35589,0.4971,0.7938,0.000745472,0.000745472,0.000745472
1586,14446,1.47724,0.56822,0.82408,0.8328,0.64058,0.75411,0.44813,1.34803,0.49687,0.79348,0.00074468,0.00074468,0.00074468
1587,14455.1,1.46796,0.56301,0.81688,0.83116,0.64475,0.75536,0.44994,1.34873,0.49769,0.7934,0.000743888,0.000743888,0.000743888
1588,14464.2,1.47246,0.55961,0.81701,0.82859,0.64639,0.75714,0.45141,1.3477,0.49661,0.79339,0.000743096,0.000743096,0.000743096
1589,14473.9,1.4997,0.56933,0.82341,0.83002,0.64086,0.75483,0.45304,1.34212,0.49459,0.79332,0.000742304,0.000742304,0.000742304
1590,14483.3,1.45187,0.55805,0.82037,0.82915,0.64026,0.75422,0.45201,1.34338,0.49499,0.79328,0.000741512,0.000741512,0.000741512
1591,14492.6,1.47578,0.567,0.81709,0.8327,0.64017,0.75574,0.45217,1.34128,0.49419,0.79306,0.00074072,0.00074072,0.00074072
1592,14501.6,1.43523,0.56046,0.8255,0.83247,0.64194,0.75623,0.45307,1.34191,0.49308,0.7924,0.000739928,0.000739928,0.000739928
1593,14511.1,1.47721,0.56637,0.81823,0.8306,0.64556,0.75705,0.45443,1.35134,0.49686,0.7926,0.000739136,0.000739136,0.000739136
1594,14520.6,1.43477,0.55646,0.81496,0.83128,0.64934,0.75996,0.45358,1.35626,0.4974,0.79285,0.000738344,0.000738344,0.000738344
1595,14529.9,1.45903,0.56475,0.82186,0.83497,0.64841,0.76234,0.45465,1.35218,0.49408,0.79279,0.000737552,0.000737552,0.000737552
1596,14539.7,1.48072,0.57207,0.82373,0.83403,0.6492,0.76245,0.45589,1.35277,0.49483,0.79256,0.00073676,0.00073676,0.00073676
1597,14549.7,1.46633,0.565,0.81876,0.83149,0.64951,0.76119,0.45427,1.35086,0.49481,0.79286,0.000735968,0.000735968,0.000735968
1598,14558.6,1.45863,0.5662,0.82262,0.8299,0.64909,0.76004,0.45253,1.34915,0.49396,0.79299,0.000735176,0.000735176,0.000735176
1599,14568,1.48223,0.56803,0.82092,0.82851,0.64937,0.75836,0.4516,1.34817,0.49575,0.79331,0.000734384,0.000734384,0.000734384
1600,14577.1,1.43682,0.56443,0.81987,0.82902,0.6469,0.7561,0.45174,1.34679,0.49619,0.79319,0.000733592,0.000733592,0.000733592
1601,14586.3,1.47768,0.57626,0.82773,0.82848,0.64524,0.75514,0.45041,1.35646,0.49753,0.79306,0.0007328,0.0007328,0.0007328
1602,14595.4,1.45888,0.56353,0.8228,0.83107,0.64165,0.75424,0.44842,1.35934,0.49772,0.79345,0.000732008,0.000732008,0.000732008
1603,14604.5,1.47566,0.56771,0.81828,0.82753,0.63898,0.74967,0.44677,1.35816,0.49522,0.79328,0.000731216,0.000731216,0.000731216
1604,14613.5,1.43304,0.5653,0.8202,0.82878,0.63797,0.74914,0.44543,1.36571,0.49799,0.79325,0.000730424,0.000730424,0.000730424
1605,14622.5,1.47221,0.57341,0.81976,0.82268,0.64078,0.74862,0.44546,1.3695,0.49755,0.79347,0.000729632,0.000729632,0.000729632
1606,14631.5,1.40831,0.55187,0.82125,0.82678,0.64086,0.74998,0.44652,1.35971,0.49601,0.79329,0.00072884,0.00072884,0.00072884
1607,14640.8,1.45131,0.56624,0.82163,0.82932,0.64305,0.75241,0.44479,1.36646,0.49822,0.79402,0.000728048,0.000728048,0.000728048
1608,14649.7,1.43871,0.5563,0.81863,0.83059,0.64618,0.75354,0.44213,1.37729,0.50219,0.79416,0.000727256,0.000727256,0.000727256
1609,14658.8,1.45954,0.56246,0.82089,0.83586,0.6458,0.75686,0.44528,1.36779,0.49885,0.7937,0.000726464,0.000726464,0.000726464
1610,14667.7,1.47081,0.56603,0.82513,0.83262,0.64329,0.75627,0.44916,1.35582,0.49506,0.79343,0.000725672,0.000725672,0.000725672
1611,14677.1,1.45433,0.56117,0.81509,0.83595,0.64292,0.75613,0.44767,1.36524,0.49777,0.7935,0.00072488,0.00072488,0.00072488
1612,14686.3,1.47279,0.56133,0.81461,0.83665,0.6434,0.75601,0.44586,1.37127,0.49933,0.79374,0.000724088,0.000724088,0.000724088
1613,14695.7,1.49288,0.57313,0.81877,0.83685,0.64484,0.75507,0.4463,1.36254,0.49816,0.79334,0.000723296,0.000723296,0.000723296
1614,14704.7,1.42354,0.55984,0.82093,0.83602,0.64394,0.75493,0.44681,1.36065,0.49675,0.79344,0.000722504,0.000722504,0.000722504
1615,14714.2,1.44879,0.55796,0.81406,0.83576,0.64347,0.75435,0.44937,1.35407,0.49796,0.79324,0.000721712,0.000721712,0.000721712
1616,14723,1.47192,0.5662,0.81523,0.83215,0.64457,0.75405,0.44847,1.35413,0.49944,0.79315,0.00072092,0.00072092,0.00072092
1617,14732.4,1.50305,0.57012,0.82056,0.83152,0.64981,0.75479,0.44682,1.36567,0.50143,0.79324,0.000720128,0.000720128,0.000720128
1618,14741.5,1.43136,0.55185,0.81638,0.82828,0.64786,0.75469,0.4474,1.36445,0.50104,0.79294,0.000719336,0.000719336,0.000719336
1619,14750.5,1.44138,0.56969,0.83332,0.83583,0.63955,0.75399,0.45127,1.35006,0.49354,0.79222,0.000718544,0.000718544,0.000718544
1620,14759.5,1.43576,0.56184,0.82373,0.84141,0.63893,0.75488,0.4504,1.34787,0.49264,0.79195,0.000717752,0.000717752,0.000717752
1621,14768.8,1.43275,0.55929,0.81872,0.84132,0.63981,0.75413,0.44719,1.35688,0.49858,0.79204,0.00071696,0.00071696,0.00071696
1622,14778.1,1.46257,0.57034,0.81907,0.83701,0.64368,0.75433,0.44638,1.36172,0.49961,0.79233,0.000716168,0.000716168,0.000716168
1623,14787.4,1.45506,0.56181,0.81901,0.83563,0.64498,0.75451,0.44757,1.35304,0.49879,0.792,0.000715376,0.000715376,0.000715376
1624,14796.7,1.43377,0.55738,0.81951,0.83511,0.64316,0.75418,0.44903,1.34438,0.49724,0.79177,0.000714584,0.000714584,0.000714584
1625,14806,1.46878,0.56396,0.81868,0.83628,0.63866,0.7522,0.44885,1.33873,0.49448,0.7919,0.000713792,0.000713792,0.000713792
1626,14815,1.39824,0.54832,0.82004,0.83703,0.6388,0.75165,0.44813,1.34037,0.49628,0.79198,0.000713,0.000713,0.000713
1627,14824,1.47346,0.56412,0.82083,0.8304,0.64801,0.75558,0.44659,1.34696,0.49679,0.79254,0.000712208,0.000712208,0.000712208
1628,14833.2,1.44338,0.56192,0.81829,0.82895,0.64772,0.75485,0.44719,1.34541,0.49704,0.7921,0.000711416,0.000711416,0.000711416
1629,14842.2,1.43937,0.56205,0.81841,0.83217,0.64635,0.75627,0.44978,1.34964,0.49733,0.79214,0.000710624,0.000710624,0.000710624
1630,14851.7,1.47126,0.56868,0.82383,0.83469,0.64607,0.75678,0.45014,1.35099,0.49829,0.79213,0.000709832,0.000709832,0.000709832
1631,14860.8,1.46747,0.56638,0.8244,0.83075,0.64488,0.75524,0.44841,1.35416,0.49906,0.79217,0.00070904,0.00070904,0.00070904
1632,14869.8,1.40849,0.55243,0.82072,0.82871,0.64662,0.75473,0.4486,1.35732,0.501,0.79192,0.000708248,0.000708248,0.000708248
1633,14879.2,1.46529,0.56667,0.81705,0.83034,0.65074,0.75659,0.44803,1.35932,0.50092,0.79207,0.000707456,0.000707456,0.000707456
1634,14888.3,1.42784,0.54951,0.8197,0.8297,0.64868,0.75544,0.44806,1.36069,0.50124,0.79192,0.000706664,0.000706664,0.000706664
1635,14897.3,1.43131,0.55661,0.8193,0.83092,0.64839,0.75581,0.44915,1.34833,0.50018,0.79188,0.000705872,0.000705872,0.000705872
1636,14906.7,1.44327,0.55872,0.81658,0.82727,0.64635,0.75326,0.44889,1.3518,0.50067,0.792,0.00070508,0.00070508,0.00070508
1637,14915.8,1.4605,0.56465,0.81863,0.83476,0.63811,0.752,0.44843,1.35289,0.4997,0.79237,0.000704288,0.000704288,0.000704288
1638,14924.9,1.4756,0.56953,0.81981,0.83459,0.6366,0.75115,0.44986,1.35132,0.499,0.7923,0.000703496,0.000703496,0.000703496
1639,14934.3,1.44459,0.56009,0.82145,0.83851,0.63799,0.75363,0.44983,1.34906,0.49676,0.79225,0.000702704,0.000702704,0.000702704
1640,14943.2,1.44051,0.55945,0.82518,0.83821,0.63701,0.75297,0.45041,1.34653,0.49607,0.79195,0.000701912,0.000701912,0.000701912
1641,14952.3,1.43915,0.56567,0.82348,0.83527,0.64042,0.75258,0.45084,1.34271,0.49383,0.79199,0.00070112,0.00070112,0.00070112
1642,14961.5,1.486,0.57482,0.82389,0.83547,0.63907,0.75167,0.4491,1.34644,0.49681,0.79256,0.000700328,0.000700328,0.000700328
1643,14970.9,1.42506,0.55368,0.81908,0.84013,0.64044,0.75435,0.44948,1.34952,0.49863,0.79284,0.000699536,0.000699536,0.000699536
1644,14979.8,1.43202,0.56136,0.82029,0.84269,0.64141,0.75568,0.45017,1.3454,0.49568,0.79302,0.000698744,0.000698744,0.000698744
1645,14989.1,1.44207,0.55614,0.82091,0.84281,0.64116,0.75598,0.45193,1.33914,0.49513,0.79301,0.000697952,0.000697952,0.000697952
1646,14998.3,1.422,0.55503,0.81437,0.84258,0.64151,0.75536,0.45099,1.34234,0.49539,0.79315,0.00069716,0.00069716,0.00069716
1647,15007.6,1.45857,0.56497,0.81958,0.84341,0.64017,0.75592,0.45162,1.34535,0.4963,0.7931,0.000696368,0.000696368,0.000696368
1648,15016.5,1.39373,0.55145,0.8198,0.84021,0.63887,0.75395,0.45382,1.34137,0.49433,0.79279,0.000695576,0.000695576,0.000695576
1649,15025.9,1.42257,0.55059,0.82178,0.83979,0.64045,0.7541,0.45531,1.34145,0.49424,0.7923,0.000694784,0.000694784,0.000694784
1650,15034.7,1.44886,0.56056,0.81715,0.83872,0.64099,0.75419,0.45443,1.34517,0.49441,0.79239,0.000693992,0.000693992,0.000693992
1651,15043.8,1.42576,0.54963,0.81308,0.83579,0.64429,0.75524,0.45234,1.35349,0.49503,0.79232,0.0006932,0.0006932,0.0006932
1652,15052.9,1.46999,0.56903,0.8247,0.83224,0.6443,0.7555,0.45301,1.35536,0.49749,0.79219,0.000692408,0.000692408,0.000692408
1653,15062.2,1.41026,0.5542,0.82567,0.83511,0.64223,0.7557,0.45316,1.35178,0.49523,0.79174,0.000691616,0.000691616,0.000691616
1654,15071.1,1.44841,0.56111,0.81932,0.83366,0.64196,0.7554,0.45203,1.3543,0.49539,0.79191,0.000690824,0.000690824,0.000690824
1655,15080.6,1.43585,0.55705,0.81767,0.83521,0.63808,0.75264,0.45087,1.35097,0.49534,0.7922,0.000690032,0.000690032,0.000690032
1656,15089.9,1.46982,0.5656,0.82363,0.83572,0.63839,0.75315,0.45012,1.35306,0.49729,0.79228,0.00068924,0.00068924,0.00068924
1657,15099.1,1.39629,0.55293,0.82228,0.84015,0.64146,0.75449,0.45003,1.34916,0.49493,0.79257,0.000688448,0.000688448,0.000688448
1658,15108,1.3946,0.54178,0.81512,0.8392,0.64124,0.75369,0.45034,1.34897,0.49303,0.79266,0.000687656,0.000687656,0.000687656
1659,15117.4,1.45468,0.55949,0.81795,0.83792,0.64154,0.75175,0.45076,1.34558,0.49345,0.79244,0.000686864,0.000686864,0.000686864
1660,15126.9,1.44635,0.5517,0.82177,0.83558,0.63911,0.74929,0.44988,1.34331,0.49402,0.79218,0.000686072,0.000686072,0.000686072
1661,15136.3,1.49716,0.57435,0.81809,0.8368,0.64099,0.74989,0.44829,1.34577,0.49715,0.79195,0.00068528,0.00068528,0.00068528
1662,15145.7,1.43653,0.55899,0.81977,0.83357,0.64621,0.75151,0.44907,1.34486,0.49871,0.7922,0.000684488,0.000684488,0.000684488
1663,15155,1.42647,0.56075,0.8249,0.83154,0.6499,0.75387,0.45006,1.34816,0.49837,0.79231,0.000683696,0.000683696,0.000683696
1664,15164,1.41445,0.55609,0.82087,0.83482,0.65005,0.75516,0.45131,1.34234,0.49687,0.79234,0.000682904,0.000682904,0.000682904
1665,15172.9,1.43147,0.56045,0.82382,0.8345,0.65184,0.75641,0.45031,1.34733,0.49639,0.79214,0.000682112,0.000682112,0.000682112
1666,15181.9,1.45424,0.55998,0.81716,0.83515,0.64962,0.75603,0.44887,1.35235,0.49568,0.79215,0.00068132,0.00068132,0.00068132
1667,15191,1.43323,0.56039,0.82714,0.83096,0.64635,0.75238,0.44628,1.35757,0.49565,0.79233,0.000680528,0.000680528,0.000680528
1668,15199.9,1.41109,0.54991,0.81824,0.83329,0.64237,0.75136,0.44673,1.35512,0.49587,0.79236,0.000679736,0.000679736,0.000679736
1669,15209.1,1.39721,0.54619,0.81748,0.83495,0.63742,0.74905,0.44587,1.35005,0.49377,0.79232,0.000678944,0.000678944,0.000678944
1670,15218.2,1.46237,0.55683,0.81417,0.82981,0.63646,0.7482,0.44552,1.35354,0.49547,0.79257,0.000678152,0.000678152,0.000678152
1671,15227.5,1.50115,0.57807,0.81938,0.83331,0.63554,0.74996,0.44671,1.35042,0.49493,0.79209,0.00067736,0.00067736,0.00067736
1672,15236.4,1.41176,0.55757,0.81981,0.83438,0.63767,0.74997,0.44884,1.34682,0.49391,0.79196,0.000676568,0.000676568,0.000676568
1673,15245.7,1.42463,0.54581,0.81509,0.83225,0.63331,0.7487,0.45034,1.34025,0.49252,0.79156,0.000675776,0.000675776,0.000675776
1674,15254.7,1.43886,0.55149,0.81593,0.83531,0.63437,0.75051,0.4508,1.34039,0.49195,0.79161,0.000674984,0.000674984,0.000674984
1675,15263.9,1.43455,0.55884,0.82112,0.84063,0.63907,0.75385,0.44894,1.3455,0.49297,0.79248,0.000674192,0.000674192,0.000674192
1676,15273.1,1.42427,0.55766,0.82025,0.83778,0.64238,0.75534,0.44957,1.34587,0.49498,0.79235,0.0006734,0.0006734,0.0006734
1677,15282.1,1.41057,0.54842,0.82102,0.839,0.64415,0.7572,0.45209,1.34302,0.49645,0.79212,0.000672608,0.000672608,0.000672608
1678,15291.1,1.44204,0.55999,0.82111,0.8389,0.64333,0.75654,0.45184,1.34345,0.49729,0.79225,0.000671816,0.000671816,0.000671816
1679,15300.1,1.41601,0.55186,0.81753,0.83929,0.64384,0.75683,0.4528,1.34268,0.49534,0.79233,0.000671024,0.000671024,0.000671024
1680,15309.2,1.48608,0.56603,0.81703,0.83839,0.64594,0.75812,0.45283,1.34469,0.4958,0.79187,0.000670232,0.000670232,0.000670232
1681,15318.6,1.45134,0.56022,0.81655,0.8397,0.64507,0.76116,0.45433,1.34302,0.49542,0.79211,0.00066944,0.00066944,0.00066944
1682,15327.4,1.39612,0.55093,0.82349,0.83976,0.64484,0.76091,0.45667,1.33938,0.49487,0.79199,0.000668648,0.000668648,0.000668648
1683,15337.3,1.49428,0.56833,0.81546,0.83312,0.64511,0.75913,0.45801,1.33225,0.49356,0.79195,0.000667856,0.000667856,0.000667856
1684,15346.8,1.41015,0.54558,0.81673,0.82838,0.64477,0.75704,0.45658,1.33217,0.4933,0.7919,0.000667064,0.000667064,0.000667064
1685,15355.8,1.41864,0.54829,0.81498,0.83385,0.64099,0.75615,0.45678,1.3311,0.48964,0.79176,0.000666272,0.000666272,0.000666272
1686,15364.7,1.42967,0.55889,0.81986,0.83197,0.64031,0.75459,0.4568,1.33358,0.48681,0.79214,0.00066548,0.00066548,0.00066548
1687,15373.7,1.4248,0.55095,0.82275,0.832,0.64099,0.75475,0.45548,1.33432,0.48586,0.7921,0.000664688,0.000664688,0.000664688
1688,15382.8,1.41928,0.55548,0.82201,0.82942,0.6399,0.75449,0.45659,1.3313,0.4866,0.79211,0.000663896,0.000663896,0.000663896
1689,15391.8,1.43983,0.55368,0.81475,0.83775,0.63688,0.75623,0.45599,1.3338,0.48511,0.79207,0.000663104,0.000663104,0.000663104
1690,15401.1,1.44082,0.559,0.82351,0.83494,0.63948,0.75702,0.45638,1.33502,0.4868,0.79228,0.000662312,0.000662312,0.000662312
1691,15410,1.41,0.55765,0.81644,0.83689,0.63961,0.75674,0.45373,1.34185,0.49041,0.7925,0.00066152,0.00066152,0.00066152
1692,15418.9,1.44918,0.55919,0.81965,0.83258,0.6425,0.75683,0.45385,1.34371,0.4911,0.79258,0.000660728,0.000660728,0.000660728
1693,15428.1,1.45043,0.56273,0.81494,0.83839,0.63962,0.75812,0.45587,1.33537,0.49107,0.79238,0.000659936,0.000659936,0.000659936
1694,15437,1.41166,0.55667,0.82509,0.834,0.64264,0.75722,0.45561,1.33353,0.49072,0.79205,0.000659144,0.000659144,0.000659144
1695,15446.5,1.47441,0.56646,0.82217,0.83388,0.64086,0.75619,0.4537,1.3424,0.49307,0.79222,0.000658352,0.000658352,0.000658352
1696,15455.8,1.43713,0.55748,0.81844,0.83403,0.64023,0.75549,0.45254,1.34623,0.49416,0.7923,0.00065756,0.00065756,0.00065756
1697,15465.3,1.47761,0.56885,0.8167,0.83396,0.64003,0.75745,0.45267,1.34962,0.4936,0.79228,0.000656768,0.000656768,0.000656768
1698,15474.1,1.40121,0.547,0.81843,0.83307,0.63976,0.75659,0.45204,1.35075,0.49389,0.79222,0.000655976,0.000655976,0.000655976
1699,15483.2,1.47121,0.56699,0.81819,0.83136,0.64292,0.75862,0.45276,1.35151,0.49277,0.79232,0.000655184,0.000655184,0.000655184
1700,15492.2,1.41355,0.55372,0.8203,0.83276,0.6436,0.75918,0.45255,1.34908,0.49389,0.79217,0.000654392,0.000654392,0.000654392
1701,15501.6,1.44332,0.55434,0.81786,0.83555,0.64594,0.76148,0.45642,1.34324,0.48999,0.79178,0.0006536,0.0006536,0.0006536
1702,15510.8,1.41257,0.55161,0.81776,0.83385,0.64525,0.76165,0.45862,1.34065,0.48921,0.79173,0.000652808,0.000652808,0.000652808
1703,15520.3,1.40759,0.54538,0.81441,0.83225,0.64909,0.76206,0.45747,1.34519,0.48784,0.79173,0.000652016,0.000652016,0.000652016
1704,15529.3,1.47289,0.57011,0.81902,0.82975,0.64882,0.76109,0.45655,1.34084,0.48663,0.79168,0.000651224,0.000651224,0.000651224
1705,15538.6,1.43117,0.56105,0.8179,0.83012,0.64964,0.75917,0.45448,1.34268,0.4889,0.79168,0.000650432,0.000650432,0.000650432
1706,15547.8,1.41886,0.54947,0.81474,0.82975,0.64703,0.7583,0.45439,1.34108,0.48823,0.79177,0.00064964,0.00064964,0.00064964
1707,15557,1.39584,0.54211,0.81797,0.83286,0.64484,0.75764,0.45313,1.34227,0.48897,0.79181,0.000648848,0.000648848,0.000648848
1708,15565.8,1.40985,0.55082,0.81415,0.83563,0.64552,0.7578,0.45223,1.34585,0.48972,0.79191,0.000648056,0.000648056,0.000648056
1709,15574.9,1.40763,0.55233,0.82558,0.83772,0.64429,0.75687,0.45026,1.36215,0.49444,0.79253,0.000647264,0.000647264,0.000647264
1710,15583.8,1.4326,0.55987,0.81751,0.83893,0.64639,0.75917,0.45153,1.35151,0.49223,0.79227,0.000646472,0.000646472,0.000646472
1711,15592.7,1.42327,0.55412,0.82272,0.83608,0.64563,0.75942,0.45321,1.34185,0.48767,0.79206,0.00064568,0.00064568,0.00064568
1712,15601.7,1.46596,0.56667,0.81896,0.83713,0.64525,0.75929,0.45285,1.33895,0.48717,0.79183,0.000644888,0.000644888,0.000644888
1713,15610.7,1.4183,0.55539,0.81756,0.83506,0.64443,0.75914,0.45338,1.34152,0.48959,0.79192,0.000644096,0.000644096,0.000644096
1714,15619.9,1.46037,0.55819,0.81403,0.83485,0.64594,0.75987,0.45455,1.34031,0.48956,0.79189,0.000643304,0.000643304,0.000643304
1715,15629.1,1.45094,0.56089,0.81721,0.83454,0.64594,0.75888,0.45481,1.34236,0.49049,0.79224,0.000642512,0.000642512,0.000642512
1716,15638.1,1.43136,0.55588,0.81675,0.83487,0.64511,0.75823,0.45401,1.34529,0.4921,0.79231,0.00064172,0.00064172,0.00064172
1717,15647.4,1.38778,0.53947,0.81214,0.84117,0.64055,0.7567,0.45243,1.34481,0.48971,0.79234,0.000640928,0.000640928,0.000640928
1718,15656.8,1.42435,0.54209,0.81041,0.84212,0.63855,0.75633,0.453,1.34409,0.48912,0.79225,0.000640136,0.000640136,0.000640136
1719,15665.8,1.43249,0.55542,0.81698,0.84032,0.64443,0.75848,0.45211,1.34953,0.49029,0.7915,0.000639344,0.000639344,0.000639344
1720,15674.8,1.41554,0.55677,0.8213,0.84118,0.6457,0.75957,0.45337,1.34502,0.48921,0.79159,0.000638552,0.000638552,0.000638552
1721,15684.1,1.43352,0.55446,0.81532,0.84046,0.64896,0.7609,0.45455,1.33791,0.49033,0.79147,0.00063776,0.00063776,0.00063776
1722,15693.2,1.47029,0.56308,0.81827,0.84019,0.64961,0.76084,0.45427,1.34155,0.49189,0.79168,0.000636968,0.000636968,0.000636968
1723,15702.4,1.4568,0.55941,0.81612,0.84176,0.64631,0.75934,0.45276,1.34229,0.4917,0.79201,0.000636176,0.000636176,0.000636176
1724,15711.7,1.41021,0.54621,0.82069,0.84181,0.64649,0.76048,0.45438,1.33928,0.49031,0.79206,0.000635384,0.000635384,0.000635384
1725,15720.9,1.44351,0.55643,0.81434,0.8394,0.64319,0.75958,0.45658,1.32398,0.48736,0.79171,0.000634592,0.000634592,0.000634592
1726,15729.7,1.43018,0.55011,0.81195,0.83951,0.64058,0.75805,0.4565,1.32272,0.48538,0.79128,0.0006338,0.0006338,0.0006338
1727,15739.3,1.39776,0.54712,0.82077,0.84212,0.6399,0.7571,0.45587,1.32451,0.48674,0.79108,0.000633008,0.000633008,0.000633008
1728,15748.4,1.42996,0.56182,0.82052,0.8428,0.63948,0.75629,0.45737,1.31901,0.48511,0.79083,0.000632216,0.000632216,0.000632216
1729,15757.4,1.40402,0.54359,0.81696,0.84322,0.64385,0.75933,0.45881,1.31751,0.48352,0.79079,0.000631424,0.000631424,0.000631424
1730,15766.9,1.45359,0.56114,0.81545,0.8411,0.64662,0.76047,0.45919,1.32011,0.48384,0.79062,0.000630632,0.000630632,0.000630632
1731,15776.3,1.41463,0.54448,0.8159,0.84036,0.65041,0.76064,0.45904,1.32123,0.48645,0.79082,0.00062984,0.00062984,0.00062984
1732,15785.2,1.39083,0.54182,0.81439,0.84017,0.65166,0.76117,0.45913,1.32089,0.4867,0.79071,0.000629048,0.000629048,0.000629048
1733,15794.5,1.43835,0.55665,0.82066,0.84239,0.65019,0.76014,0.45949,1.31602,0.48466,0.79034,0.000628256,0.000628256,0.000628256
1734,15803.9,1.45098,0.56752,0.82385,0.83914,0.64887,0.75872,0.45967,1.31366,0.48378,0.79045,0.000627464,0.000627464,0.000627464
1735,15813.7,1.42555,0.5514,0.81919,0.83768,0.64258,0.75461,0.45467,1.3248,0.48853,0.79066,0.000626672,0.000626672,0.000626672
1736,15822.6,1.43893,0.55519,0.82004,0.83792,0.64292,0.7536,0.45447,1.32536,0.48902,0.79067,0.00062588,0.00062588,0.00062588
1737,15831.7,1.41339,0.5522,0.81657,0.83589,0.64429,0.75505,0.45604,1.31927,0.48627,0.79045,0.000625088,0.000625088,0.000625088
1738,15840.8,1.32963,0.53372,0.8223,0.83909,0.64505,0.75732,0.45668,1.31786,0.48433,0.79046,0.000624296,0.000624296,0.000624296
1739,15849.8,1.42141,0.55341,0.8199,0.83823,0.64978,0.76235,0.45846,1.31459,0.48339,0.79073,0.000623504,0.000623504,0.000623504
1740,15859,1.43308,0.55749,0.82103,0.84139,0.6517,0.76489,0.45987,1.31268,0.48369,0.79043,0.000622712,0.000622712,0.000622712
1741,15868.5,1.47439,0.56096,0.81698,0.84066,0.65404,0.76627,0.46109,1.31385,0.48391,0.79009,0.00062192,0.00062192,0.00062192
1742,15877.9,1.38059,0.53831,0.81243,0.84027,0.65362,0.76533,0.4597,1.31756,0.48448,0.79012,0.000621128,0.000621128,0.000621128
1743,15887.2,1.41075,0.55236,0.82077,0.84019,0.65321,0.76483,0.4602,1.31238,0.4836,0.79023,0.000620336,0.000620336,0.000620336
1744,15896.5,1.40334,0.5383,0.81319,0.84061,0.65349,0.76608,0.46024,1.31296,0.48246,0.7902,0.000619544,0.000619544,0.000619544
1745,15905.5,1.41549,0.55425,0.82352,0.83765,0.65307,0.76345,0.46128,1.31346,0.48108,0.79025,0.000618752,0.000618752,0.000618752
1746,15914.9,1.37046,0.53558,0.81259,0.83647,0.65239,0.76262,0.46089,1.31367,0.48185,0.7902,0.00061796,0.00061796,0.00061796
1747,15924.1,1.39925,0.54801,0.81381,0.8367,0.64854,0.76139,0.46141,1.31535,0.48365,0.79045,0.000617168,0.000617168,0.000617168
1748,15933.4,1.369,0.53894,0.82017,0.83844,0.64703,0.76103,0.46113,1.31778,0.48315,0.79059,0.000616376,0.000616376,0.000616376
1749,15942.4,1.40559,0.54265,0.81536,0.83967,0.64854,0.76204,0.4624,1.30942,0.48226,0.7911,0.000615584,0.000615584,0.000615584
1750,15951.6,1.46246,0.56213,0.82035,0.84284,0.64745,0.76239,0.46225,1.31017,0.48193,0.79103,0.000614792,0.000614792,0.000614792
1751,15960.7,1.37053,0.53785,0.81067,0.84767,0.64292,0.76108,0.46118,1.31255,0.48172,0.79094,0.000614,0.000614,0.000614
1752,15969.9,1.48142,0.57218,0.81336,0.84501,0.64292,0.76045,0.46097,1.31217,0.48283,0.79087,0.000613208,0.000613208,0.000613208
1753,15978.8,1.41131,0.54478,0.8137,0.84117,0.64276,0.75865,0.46084,1.31579,0.4837,0.79059,0.000612416,0.000612416,0.000612416
1754,15988,1.41819,0.54748,0.82111,0.83931,0.64395,0.75863,0.45944,1.32009,0.48508,0.79065,0.000611624,0.000611624,0.000611624
1755,15997,1.42127,0.54663,0.81191,0.84014,0.64649,0.75907,0.46018,1.32343,0.48789,0.79069,0.000610832,0.000610832,0.000610832
1756,16006,1.43778,0.54709,0.80798,0.84375,0.64717,0.76057,0.46123,1.31929,0.4865,0.79079,0.00061004,0.00061004,0.00061004
1757,16015.1,1.40438,0.54897,0.81766,0.84518,0.64827,0.76149,0.46081,1.31905,0.48509,0.79125,0.000609248,0.000609248,0.000609248
1758,16024,1.39086,0.5459,0.81674,0.84689,0.64758,0.76199,0.46031,1.32137,0.48788,0.79144,0.000608456,0.000608456,0.000608456
1759,16033,1.40582,0.54568,0.80892,0.83994,0.64909,0.76057,0.45962,1.32046,0.48736,0.79102,0.000607664,0.000607664,0.000607664
1760,16042.4,1.39738,0.54718,0.81708,0.83591,0.64763,0.75891,0.45961,1.31998,0.48686,0.791,0.000606872,0.000606872,0.000606872
1761,16051.7,1.38484,0.543,0.8188,0.83156,0.6493,0.75925,0.45912,1.32007,0.48836,0.7906,0.00060608,0.00060608,0.00060608
1762,16060.8,1.39894,0.53956,0.81491,0.8368,0.64676,0.7599,0.45876,1.31557,0.48611,0.79057,0.000605288,0.000605288,0.000605288
1763,16070.2,1.46979,0.55782,0.81142,0.83792,0.64909,0.76243,0.46135,1.30637,0.48398,0.79026,0.000604496,0.000604496,0.000604496
1764,16079.1,1.37662,0.5365,0.81657,0.8418,0.64951,0.76504,0.46271,1.30359,0.48346,0.79067,0.000603704,0.000603704,0.000603704
1765,16088.8,1.39129,0.54174,0.81751,0.8429,0.64675,0.76413,0.46402,1.31164,0.48316,0.79095,0.000602912,0.000602912,0.000602912
1766,16098.1,1.42735,0.54852,0.81653,0.84478,0.64781,0.76648,0.46601,1.30585,0.48132,0.79071,0.00060212,0.00060212,0.00060212
1767,16107.6,1.43424,0.54579,0.81432,0.84224,0.64635,0.76445,0.46662,1.30557,0.4826,0.79037,0.000601328,0.000601328,0.000601328
1768,16116.9,1.42058,0.54646,0.8157,0.84321,0.64827,0.76516,0.46593,1.30435,0.48413,0.79011,0.000600536,0.000600536,0.000600536
1769,16126,1.46282,0.56936,0.82008,0.84003,0.64812,0.76364,0.46364,1.3079,0.48413,0.79007,0.000599744,0.000599744,0.000599744
1770,16135,1.42057,0.55504,0.81887,0.84069,0.64731,0.76269,0.46296,1.3087,0.48237,0.79009,0.000598952,0.000598952,0.000598952
1771,16143.9,1.40329,0.54588,0.8153,0.84294,0.64717,0.76355,0.46486,1.29726,0.47922,0.79034,0.00059816,0.00059816,0.00059816
1772,16153.2,1.37409,0.53792,0.81869,0.84035,0.64525,0.76246,0.46461,1.29577,0.47827,0.79033,0.000597368,0.000597368,0.000597368
1773,16162.4,1.41997,0.55148,0.81573,0.83866,0.64539,0.76088,0.46283,1.30199,0.47797,0.79046,0.000596576,0.000596576,0.000596576
1774,16171.4,1.40589,0.54436,0.81489,0.83941,0.64585,0.7612,0.46309,1.2999,0.4763,0.79049,0.000595784,0.000595784,0.000595784
1775,16180.8,1.46629,0.5575,0.81517,0.83786,0.64701,0.76212,0.46374,1.30137,0.47517,0.79032,0.000594992,0.000594992,0.000594992
1776,16189.6,1.37543,0.53684,0.81823,0.83394,0.6469,0.76178,0.46264,1.30665,0.47746,0.79006,0.0005942,0.0005942,0.0005942
1777,16198.9,1.40232,0.53706,0.81068,0.83483,0.648,0.76213,0.46272,1.30821,0.47906,0.79011,0.000593408,0.000593408,0.000593408
1778,16207.8,1.37811,0.53593,0.81116,0.83717,0.64937,0.76354,0.4631,1.30269,0.47851,0.78973,0.000592616,0.000592616,0.000592616
1779,16216.9,1.35239,0.53542,0.82109,0.83798,0.65266,0.76431,0.46182,1.30493,0.48006,0.78985,0.000591824,0.000591824,0.000591824
1780,16225.7,1.4225,0.54696,0.81907,0.83919,0.65376,0.7641,0.45975,1.31487,0.48296,0.78982,0.000591032,0.000591032,0.000591032
1781,16234.8,1.4513,0.55298,0.81473,0.83694,0.65253,0.76324,0.46145,1.3133,0.48276,0.79002,0.00059024,0.00059024,0.00059024
1782,16244,1.4296,0.5552,0.8166,0.83614,0.65184,0.76264,0.4625,1.30529,0.48173,0.78984,0.000589448,0.000589448,0.000589448
1783,16253.2,1.40379,0.54643,0.81935,0.83699,0.64992,0.76109,0.46051,1.31123,0.48315,0.78993,0.000588656,0.000588656,0.000588656
1784,16262,1.38543,0.54278,0.81962,0.83969,0.65129,0.76195,0.45867,1.32042,0.48621,0.79032,0.000587864,0.000587864,0.000587864
1785,16271.1,1.4197,0.54548,0.81477,0.84218,0.65266,0.76286,0.45682,1.33184,0.48974,0.7906,0.000587072,0.000587072,0.000587072
1786,16280,1.4051,0.54197,0.8138,0.84282,0.65253,0.7641,0.45932,1.325,0.48734,0.79048,0.00058628,0.00058628,0.00058628
1787,16289.3,1.48791,0.56338,0.81705,0.83586,0.6502,0.76176,0.46017,1.31465,0.48114,0.79025,0.000585488,0.000585488,0.000585488
1788,16298.1,1.37328,0.53356,0.81813,0.83883,0.65129,0.76391,0.46142,1.3123,0.48064,0.79017,0.000584696,0.000584696,0.000584696
1789,16307.6,1.43625,0.54985,0.81274,0.8405,0.65115,0.76356,0.4596,1.31449,0.48312,0.79007,0.000583904,0.000583904,0.000583904
1790,16316.5,1.43512,0.54818,0.81357,0.83987,0.65005,0.76331,0.45894,1.31443,0.48334,0.79014,0.000583112,0.000583112,0.000583112
1791,16325.7,1.44421,0.55406,0.81623,0.83805,0.65004,0.76264,0.45923,1.31252,0.48221,0.78969,0.00058232,0.00058232,0.00058232
1792,16335.1,1.46741,0.55454,0.81462,0.83745,0.64772,0.76188,0.45994,1.31102,0.48254,0.78961,0.000581528,0.000581528,0.000581528
1793,16344.2,1.38564,0.53975,0.81341,0.83943,0.6458,0.76104,0.46029,1.31067,0.48143,0.79004,0.000580736,0.000580736,0.000580736
1794,16353.1,1.38965,0.54187,0.8165,0.83762,0.6458,0.76052,0.46026,1.3083,0.481,0.79013,0.000579944,0.000579944,0.000579944
1795,16362.3,1.41714,0.54644,0.81648,0.8376,0.64507,0.76151,0.46235,1.2999,0.47893,0.79013,0.000579152,0.000579152,0.000579152
1796,16371.4,1.41382,0.53545,0.81115,0.83442,0.64411,0.76077,0.46208,1.3014,0.47733,0.79021,0.00057836,0.00057836,0.00057836
1797,16380.8,1.45814,0.5508,0.81327,0.83462,0.64923,0.76258,0.46162,1.30747,0.4797,0.79036,0.000577568,0.000577568,0.000577568
1798,16389.7,1.3958,0.54081,0.81797,0.83343,0.65005,0.76301,0.46229,1.30914,0.48035,0.79046,0.000576776,0.000576776,0.000576776
1799,16398.9,1.42927,0.55741,0.81854,0.83109,0.65074,0.76181,0.46299,1.29675,0.47899,0.78989,0.000575984,0.000575984,0.000575984
1800,16407.6,1.393,0.54076,0.81575,0.82851,0.65102,0.75986,0.46324,1.29465,0.48086,0.7899,0.000575192,0.000575192,0.000575192
1801,16416.9,1.39465,0.54091,0.81707,0.83215,0.64933,0.75981,0.46137,1.30335,0.48548,0.7901,0.0005744,0.0005744,0.0005744
1802,16426.2,1.37224,0.54135,0.81327,0.83209,0.6477,0.75801,0.46022,1.30617,0.48606,0.79027,0.000573608,0.000573608,0.000573608
1803,16435.4,1.44836,0.56055,0.81658,0.83334,0.64256,0.75677,0.45979,1.3093,0.487,0.79005,0.000572816,0.000572816,0.000572816
1804,16444.3,1.42339,0.55046,0.81345,0.83351,0.64264,0.75725,0.46051,1.30714,0.48762,0.79006,0.000572024,0.000572024,0.000572024
1805,16453.5,1.42482,0.54912,0.81507,0.83459,0.64566,0.75869,0.45939,1.30584,0.48675,0.79006,0.000571232,0.000571232,0.000571232
1806,16462.5,1.38842,0.54695,0.82228,0.83585,0.64525,0.75908,0.4589,1.30856,0.48668,0.79048,0.00057044,0.00057044,0.00057044
1807,16471.5,1.40568,0.53591,0.81327,0.83636,0.64044,0.75741,0.4582,1.31413,0.48671,0.7908,0.000569648,0.000569648,0.000569648
1808,16480.8,1.37712,0.53954,0.81586,0.83474,0.64072,0.75845,0.45969,1.30679,0.4851,0.79063,0.000568856,0.000568856,0.000568856
1809,16489.7,1.37076,0.53547,0.81519,0.83693,0.64401,0.76029,0.46239,1.3045,0.48559,0.79046,0.000568064,0.000568064,0.000568064
1810,16498.7,1.40895,0.5454,0.81198,0.83618,0.64662,0.76129,0.46294,1.30548,0.48656,0.79089,0.000567272,0.000567272,0.000567272
1811,16507.9,1.42144,0.54792,0.81689,0.84038,0.64621,0.76238,0.46327,1.31029,0.48353,0.79118,0.00056648,0.00056648,0.00056648
1812,16517,1.35458,0.53165,0.81657,0.8375,0.64669,0.76261,0.46369,1.30558,0.48221,0.79119,0.000565688,0.000565688,0.000565688
1813,16526.2,1.4348,0.54916,0.80894,0.84073,0.64607,0.76259,0.46466,1.296,0.47835,0.79063,0.000564896,0.000564896,0.000564896
1814,16535.6,1.42769,0.54979,0.81032,0.84522,0.64525,0.76357,0.4649,1.29411,0.47883,0.79014,0.000564104,0.000564104,0.000564104
1815,16544.7,1.39251,0.54239,0.81697,0.84239,0.64425,0.76328,0.4654,1.29185,0.47773,0.78934,0.000563312,0.000563312,0.000563312
1816,16553.8,1.3987,0.53746,0.80985,0.84108,0.64525,0.76288,0.46552,1.29212,0.47663,0.78955,0.00056252,0.00056252,0.00056252
1817,16563,1.39192,0.54246,0.81547,0.84265,0.64992,0.76616,0.46605,1.29386,0.47624,0.78941,0.000561728,0.000561728,0.000561728
1818,16571.9,1.38758,0.54777,0.81193,0.84192,0.64909,0.76469,0.46539,1.29406,0.4758,0.78961,0.000560936,0.000560936,0.000560936
1819,16581.2,1.3585,0.52983,0.81192,0.83991,0.65183,0.76358,0.46308,1.30292,0.47962,0.78984,0.000560144,0.000560144,0.000560144
1820,16590.2,1.39322,0.54318,0.82534,0.83803,0.65115,0.76225,0.46113,1.31371,0.48113,0.78994,0.000559352,0.000559352,0.000559352
1821,16599.4,1.4202,0.55153,0.81733,0.83875,0.6469,0.76123,0.46137,1.31272,0.48215,0.78968,0.00055856,0.00055856,0.00055856
1822,16608.7,1.44147,0.55056,0.81028,0.83765,0.64531,0.76159,0.46359,1.30751,0.48131,0.78967,0.000557768,0.000557768,0.000557768
1823,16617.7,1.36921,0.53749,0.81756,0.83373,0.64676,0.76119,0.46345,1.30936,0.48091,0.79009,0.000556976,0.000556976,0.000556976
1824,16626.5,1.33937,0.52877,0.80979,0.83976,0.6447,0.76154,0.4627,1.30846,0.48003,0.79019,0.000556184,0.000556184,0.000556184
1825,16635.9,1.36519,0.53077,0.8127,0.83639,0.64292,0.76042,0.46201,1.30482,0.47984,0.79002,0.000555392,0.000555392,0.000555392
1826,16644.8,1.39562,0.54041,0.81034,0.83682,0.6456,0.76118,0.46284,1.30207,0.47931,0.79008,0.0005546,0.0005546,0.0005546
1827,16654,1.38395,0.53823,0.8146,0.83627,0.64793,0.76113,0.46262,1.29982,0.4789,0.78973,0.000553808,0.000553808,0.000553808
1828,16663.3,1.38698,0.54281,0.81582,0.83944,0.64594,0.76143,0.4624,1.30027,0.47895,0.78979,0.000553016,0.000553016,0.000553016
1829,16672.5,1.41036,0.54212,0.81174,0.83376,0.65019,0.76135,0.4608,1.30679,0.48082,0.79018,0.000552224,0.000552224,0.000552224
1830,16681.6,1.43669,0.55466,0.81208,0.84321,0.64443,0.76169,0.46062,1.3084,0.4801,0.79058,0.000551432,0.000551432,0.000551432
1831,16691,1.39453,0.53915,0.8184,0.84089,0.64648,0.76194,0.46171,1.30078,0.47773,0.79041,0.00055064,0.00055064,0.00055064
1832,16700.2,1.36302,0.54178,0.82402,0.84051,0.64827,0.76183,0.46136,1.30096,0.47832,0.79053,0.000549848,0.000549848,0.000549848
1833,16709.2,1.35329,0.53377,0.8168,0.84347,0.64772,0.7617,0.46216,1.29766,0.4783,0.79009,0.000549056,0.000549056,0.000549056
1834,16718.7,1.44547,0.5586,0.8172,0.84416,0.64923,0.76268,0.46164,1.29863,0.47794,0.79008,0.000548264,0.000548264,0.000548264
1835,16727.8,1.39878,0.53985,0.81291,0.84183,0.6458,0.76185,0.4625,1.29909,0.48078,0.78997,0.000547472,0.000547472,0.000547472
1836,16736.8,1.42803,0.54419,0.81433,0.84016,0.64498,0.7622,0.46342,1.2925,0.47995,0.78956,0.00054668,0.00054668,0.00054668
1837,16745.7,1.41842,0.54852,0.81745,0.83734,0.64525,0.76129,0.46421,1.28844,0.47867,0.78957,0.000545888,0.000545888,0.000545888
1838,16754.8,1.40513,0.54091,0.81558,0.83824,0.64703,0.76174,0.46435,1.29489,0.47934,0.78975,0.000545096,0.000545096,0.000545096
1839,16764.3,1.43964,0.56044,0.81388,0.84165,0.64944,0.76348,0.46494,1.29585,0.48023,0.79001,0.000544304,0.000544304,0.000544304
1840,16773.5,1.34999,0.53155,0.81887,0.84086,0.64854,0.76357,0.46553,1.29369,0.48018,0.79004,0.000543512,0.000543512,0.000543512
1841,16782.4,1.43606,0.54057,0.80937,0.84709,0.64724,0.76435,0.46441,1.29296,0.47948,0.79024,0.00054272,0.00054272,0.00054272
1842,16791.4,1.37379,0.54247,0.81942,0.84768,0.648,0.76383,0.46409,1.29181,0.47849,0.79051,0.000541928,0.000541928,0.000541928
1843,16800.8,1.42189,0.5423,0.80948,0.84531,0.64741,0.76211,0.46327,1.29571,0.47816,0.79051,0.000541136,0.000541136,0.000541136
1844,16809.9,1.43327,0.55127,0.81447,0.8425,0.64703,0.76169,0.46304,1.29591,0.47818,0.79025,0.000540344,0.000540344,0.000540344
1845,16819.1,1.39692,0.53715,0.81045,0.84243,0.6459,0.76122,0.46424,1.29202,0.47705,0.79016,0.000539552,0.000539552,0.000539552
1846,16828.1,1.41799,0.54725,0.81261,0.84283,0.64676,0.76181,0.46373,1.29346,0.47914,0.79004,0.00053876,0.00053876,0.00053876
1847,16837.1,1.43558,0.54822,0.81257,0.84067,0.64978,0.76378,0.46484,1.29965,0.47946,0.79022,0.000537968,0.000537968,0.000537968
1848,16846,1.39247,0.5423,0.81788,0.84174,0.6517,0.7668,0.46532,1.2976,0.47901,0.78977,0.000537176,0.000537176,0.000537176
1849,16855.5,1.41207,0.53464,0.81228,0.84385,0.65585,0.77078,0.46594,1.29963,0.47811,0.78996,0.000536384,0.000536384,0.000536384
1850,16864.4,1.40027,0.53716,0.81535,0.84356,0.65486,0.77006,0.46649,1.3018,0.47795,0.79033,0.000535592,0.000535592,0.000535592
1851,16873.9,1.38226,0.5419,0.81545,0.84365,0.65115,0.76882,0.46647,1.30003,0.4756,0.79059,0.0005348,0.0005348,0.0005348
1852,16883.1,1.42666,0.54808,0.81558,0.84436,0.6506,0.76746,0.46553,1.30303,0.47808,0.79067,0.000534008,0.000534008,0.000534008
1853,16892.5,1.39203,0.53717,0.81409,0.84738,0.64772,0.7639,0.46345,1.29918,0.4776,0.79043,0.000533216,0.000533216,0.000533216
1854,16901.6,1.44017,0.55096,0.81782,0.84716,0.64827,0.76314,0.46261,1.29597,0.47752,0.7902,0.000532424,0.000532424,0.000532424
1855,16910.8,1.35016,0.52663,0.81331,0.84346,0.6502,0.76291,0.46246,1.29372,0.4768,0.79022,0.000531632,0.000531632,0.000531632
1856,16920,1.41225,0.54102,0.81248,0.84373,0.65081,0.76368,0.46279,1.29159,0.47679,0.79005,0.00053084,0.00053084,0.00053084
1857,16929.2,1.31935,0.51645,0.81418,0.8436,0.6539,0.76496,0.46449,1.28849,0.47563,0.78953,0.000530048,0.000530048,0.000530048
1858,16938.3,1.44523,0.55193,0.81501,0.84945,0.65068,0.76547,0.4649,1.28778,0.4746,0.78965,0.000529256,0.000529256,0.000529256
1859,16947.5,1.3793,0.53543,0.81659,0.84483,0.64909,0.76318,0.46473,1.29669,0.47718,0.78978,0.000528464,0.000528464,0.000528464
1860,16956.7,1.41476,0.55111,0.81392,0.84339,0.64988,0.76319,0.46507,1.2977,0.4766,0.78974,0.000527672,0.000527672,0.000527672
1861,16966.1,1.34947,0.53255,0.81383,0.83985,0.64868,0.76395,0.46621,1.29531,0.47808,0.79012,0.00052688,0.00052688,0.00052688
1862,16974.8,1.34757,0.53129,0.81543,0.8433,0.65093,0.76572,0.46621,1.29115,0.47746,0.79023,0.000526088,0.000526088,0.000526088
1863,16983.9,1.41732,0.54248,0.8135,0.84191,0.6506,0.76558,0.46581,1.29479,0.48095,0.79043,0.000525296,0.000525296,0.000525296
1864,16992.9,1.38498,0.53817,0.81026,0.84273,0.64884,0.76401,0.46534,1.29092,0.47948,0.7903,0.000524504,0.000524504,0.000524504
1865,17002.3,1.3778,0.53589,0.81025,0.84112,0.64635,0.76275,0.46638,1.28665,0.47755,0.79046,0.000523712,0.000523712,0.000523712
1866,17011.4,1.41591,0.54429,0.81618,0.83958,0.64443,0.76148,0.46596,1.28374,0.47593,0.79045,0.00052292,0.00052292,0.00052292
1867,17020.9,1.40517,0.55093,0.81886,0.84029,0.64648,0.7624,0.46579,1.28143,0.47765,0.79002,0.000522128,0.000522128,0.000522128
1868,17030,1.40787,0.55281,0.81984,0.84037,0.6469,0.76201,0.46502,1.28504,0.47574,0.79006,0.000521336,0.000521336,0.000521336
1869,17039,1.33993,0.524,0.8124,0.84048,0.64741,0.76038,0.46272,1.29229,0.47591,0.79009,0.000520544,0.000520544,0.000520544
1870,17048.2,1.35551,0.53319,0.8159,0.83995,0.647,0.76069,0.46263,1.29141,0.47642,0.79048,0.000519752,0.000519752,0.000519752
1871,17057.3,1.34966,0.51952,0.8121,0.84293,0.6447,0.7603,0.46462,1.28837,0.47717,0.78994,0.00051896,0.00051896,0.00051896
1872,17066.6,1.38862,0.53677,0.81513,0.84582,0.64525,0.76221,0.46532,1.28449,0.47675,0.78962,0.000518168,0.000518168,0.000518168
1873,17075.9,1.35113,0.52697,0.8139,0.8476,0.64676,0.76533,0.46477,1.28428,0.477,0.78972,0.000517376,0.000517376,0.000517376
1874,17085,1.41424,0.55526,0.82182,0.84472,0.64902,0.76657,0.4652,1.28929,0.47745,0.78961,0.000516584,0.000516584,0.000516584
1875,17094.4,1.37738,0.5363,0.8159,0.84155,0.65198,0.76873,0.46793,1.28631,0.47569,0.79006,0.000515792,0.000515792,0.000515792
1876,17103.6,1.3789,0.5312,0.81287,0.8409,0.65158,0.76783,0.46925,1.28313,0.47508,0.79005,0.000515,0.000515,0.000515
1877,17113.3,1.42132,0.54172,0.81419,0.83712,0.6528,0.76684,0.46991,1.28781,0.47598,0.78997,0.000514208,0.000514208,0.000514208
1878,17122.7,1.4084,0.54024,0.81195,0.83728,0.65412,0.76787,0.4692,1.29346,0.47642,0.79028,0.000513416,0.000513416,0.000513416
1879,17131.8,1.36369,0.53532,0.8132,0.84072,0.64999,0.76712,0.4684,1.29379,0.47619,0.79023,0.000512624,0.000512624,0.000512624
1880,17140.9,1.40924,0.54728,0.81372,0.84167,0.64951,0.76593,0.46753,1.29065,0.47645,0.79018,0.000511832,0.000511832,0.000511832
1881,17149.9,1.36141,0.53738,0.81787,0.84257,0.64732,0.76406,0.46609,1.28411,0.47488,0.7898,0.00051104,0.00051104,0.00051104
1882,17159.2,1.36422,0.5333,0.8124,0.84309,0.64319,0.7624,0.46547,1.28416,0.47552,0.78963,0.000510248,0.000510248,0.000510248
1883,17168.3,1.40057,0.5376,0.81461,0.84317,0.64362,0.7612,0.46483,1.28349,0.47517,0.78947,0.000509456,0.000509456,0.000509456
1884,17177.5,1.39029,0.53927,0.81588,0.84093,0.64593,0.76219,0.46487,1.28026,0.47425,0.78952,0.000508664,0.000508664,0.000508664
1885,17186.8,1.40235,0.54647,0.81968,0.8452,0.64312,0.76332,0.46629,1.27521,0.47355,0.78918,0.000507872,0.000507872,0.000507872
1886,17195.9,1.4044,0.54658,0.81837,0.84451,0.64511,0.76397,0.46708,1.27623,0.47447,0.78908,0.00050708,0.00050708,0.00050708
1887,17205,1.45821,0.55507,0.81081,0.84924,0.64343,0.76449,0.46992,1.27381,0.47323,0.78897,0.000506288,0.000506288,0.000506288
1888,17214.4,1.39983,0.54159,0.81845,0.84687,0.64538,0.76465,0.46892,1.27645,0.47305,0.78875,0.000505496,0.000505496,0.000505496
1889,17223.7,1.43701,0.54885,0.81653,0.84439,0.64552,0.76383,0.46872,1.27367,0.47301,0.7888,0.000504704,0.000504704,0.000504704
1890,17232.6,1.39973,0.54286,0.81301,0.84197,0.64589,0.76198,0.46756,1.2762,0.47389,0.7889,0.000503912,0.000503912,0.000503912
1891,17241.7,1.39416,0.54421,0.81463,0.84162,0.6436,0.76001,0.46589,1.27669,0.47369,0.78948,0.00050312,0.00050312,0.00050312
1892,17251,1.4001,0.54652,0.81789,0.84628,0.64319,0.76053,0.46506,1.2823,0.47407,0.78978,0.000502328,0.000502328,0.000502328
1893,17260,1.37476,0.53365,0.81164,0.85047,0.64552,0.763,0.46589,1.28472,0.47364,0.79016,0.000501536,0.000501536,0.000501536
1894,17269.2,1.37425,0.53743,0.81264,0.84897,0.64745,0.76434,0.46695,1.28365,0.47278,0.79034,0.000500744,0.000500744,0.000500744
1895,17278.3,1.38267,0.542,0.81781,0.84906,0.64872,0.76533,0.46739,1.28137,0.47317,0.78983,0.000499952,0.000499952,0.000499952
1896,17287.5,1.36938,0.53368,0.81175,0.84967,0.64827,0.76576,0.46769,1.28057,0.47295,0.78968,0.00049916,0.00049916,0.00049916
1897,17296.6,1.3714,0.53136,0.80888,0.8462,0.64456,0.76377,0.46615,1.27946,0.47185,0.78965,0.000498368,0.000498368,0.000498368
1898,17305.5,1.36999,0.5462,0.8203,0.84644,0.64398,0.76367,0.46531,1.28331,0.47222,0.78987,0.000497576,0.000497576,0.000497576
1899,17314.5,1.43649,0.54312,0.81516,0.84976,0.64511,0.76369,0.46606,1.28302,0.47272,0.78971,0.000496784,0.000496784,0.000496784
1900,17323.5,1.42339,0.5449,0.81373,0.84886,0.64538,0.76433,0.46618,1.28208,0.4723,0.78989,0.000495992,0.000495992,0.000495992
1901,17332.5,1.41012,0.5461,0.81415,0.84815,0.64456,0.76376,0.46771,1.28584,0.47262,0.79005,0.0004952,0.0004952,0.0004952
1902,17342,1.43071,0.55236,0.81486,0.84657,0.64463,0.76348,0.46671,1.28417,0.47153,0.79026,0.000494408,0.000494408,0.000494408
1903,17351,1.40743,0.55157,0.82074,0.84817,0.64727,0.76384,0.46592,1.29136,0.47183,0.79071,0.000493616,0.000493616,0.000493616
1904,17359.9,1.39515,0.53829,0.81462,0.84738,0.64621,0.76387,0.46662,1.29061,0.47172,0.79038,0.000492824,0.000492824,0.000492824
1905,17368.8,1.37976,0.54059,0.81807,0.85042,0.64292,0.76268,0.46724,1.28069,0.47045,0.79021,0.000492032,0.000492032,0.000492032
1906,17377.8,1.35246,0.53291,0.81912,0.84798,0.64621,0.76267,0.46658,1.27932,0.46963,0.79007,0.00049124,0.00049124,0.00049124
1907,17386.9,1.39808,0.54091,0.80873,0.84396,0.64745,0.7616,0.46585,1.2826,0.47156,0.78982,0.000490448,0.000490448,0.000490448
1908,17396.2,1.35828,0.53739,0.81383,0.84441,0.64731,0.76132,0.46546,1.27754,0.4705,0.78966,0.000489656,0.000489656,0.000489656
1909,17405.5,1.37312,0.53175,0.81337,0.8453,0.64649,0.76115,0.46525,1.27956,0.47038,0.78945,0.000488864,0.000488864,0.000488864
1910,17414.8,1.35719,0.52732,0.81469,0.84718,0.64676,0.76209,0.46709,1.27564,0.47008,0.78951,0.000488072,0.000488072,0.000488072
1911,17424.2,1.34523,0.52794,0.81686,0.85108,0.64181,0.76218,0.46989,1.26489,0.46858,0.78924,0.00048728,0.00048728,0.00048728
1912,17433.2,1.37751,0.54118,0.8185,0.8469,0.64321,0.76187,0.47074,1.26679,0.46905,0.78909,0.000486488,0.000486488,0.000486488
1913,17442.5,1.35933,0.53035,0.81452,0.85362,0.64237,0.76339,0.47015,1.26344,0.46861,0.78869,0.000485696,0.000485696,0.000485696
1914,17451.6,1.39068,0.54427,0.81702,0.8474,0.64879,0.76407,0.47032,1.26241,0.46872,0.78876,0.000484904,0.000484904,0.000484904
1915,17460.4,1.36215,0.53113,0.81697,0.84887,0.64951,0.7654,0.46949,1.26764,0.46971,0.78884,0.000484112,0.000484112,0.000484112
1916,17469.4,1.34626,0.52558,0.81501,0.85106,0.65033,0.76655,0.46931,1.26655,0.47008,0.7888,0.00048332,0.00048332,0.00048332
1917,17478.5,1.36998,0.52921,0.81399,0.84985,0.64648,0.76443,0.46953,1.2689,0.47161,0.78902,0.000482528,0.000482528,0.000482528
1918,17487.5,1.36948,0.53418,0.81847,0.85024,0.65084,0.76684,0.46913,1.26908,0.47163,0.78877,0.000481736,0.000481736,0.000481736
1919,17496.4,1.38719,0.53857,0.81254,0.84704,0.65153,0.76671,0.46861,1.26892,0.47384,0.78868,0.000480944,0.000480944,0.000480944
1920,17505.4,1.3322,0.52387,0.80863,0.84594,0.6517,0.76573,0.46885,1.26983,0.47392,0.78867,0.000480152,0.000480152,0.000480152
1921,17514.6,1.43141,0.54414,0.81187,0.84197,0.64952,0.76271,0.46702,1.2708,0.47353,0.7889,0.00047936,0.00047936,0.00047936
1922,17523.6,1.39909,0.53862,0.81248,0.84186,0.64978,0.76226,0.46717,1.27146,0.47268,0.78853,0.000478568,0.000478568,0.000478568
1923,17532.9,1.3618,0.53331,0.80793,0.84063,0.65157,0.76265,0.46835,1.26874,0.46838,0.78832,0.000477776,0.000477776,0.000477776
1924,17541.9,1.37806,0.53606,0.8128,0.84082,0.64923,0.76236,0.46871,1.26767,0.46739,0.78817,0.000476984,0.000476984,0.000476984
1925,17551.2,1.41502,0.54429,0.81105,0.84087,0.64854,0.76238,0.46881,1.26935,0.4679,0.78839,0.000476192,0.000476192,0.000476192
1926,17560.1,1.37767,0.53136,0.81282,0.84183,0.64813,0.76318,0.46936,1.27183,0.46843,0.78855,0.0004754,0.0004754,0.0004754
1927,17569.1,1.37958,0.52894,0.81276,0.84386,0.64626,0.76233,0.46967,1.27129,0.46884,0.78886,0.000474608,0.000474608,0.000474608
1928,17578.1,1.36597,0.52827,0.81465,0.84316,0.64728,0.76253,0.46999,1.26642,0.46744,0.78844,0.000473816,0.000473816,0.000473816
1929,17587.2,1.38678,0.5344,0.81083,0.84391,0.6469,0.7634,0.47035,1.26289,0.46536,0.78829,0.000473024,0.000473024,0.000473024
1930,17596.3,1.38475,0.53809,0.814,0.84332,0.64806,0.76369,0.47047,1.26673,0.46576,0.78856,0.000472232,0.000472232,0.000472232
1931,17605.4,1.34841,0.52739,0.81114,0.84409,0.65033,0.76449,0.46992,1.27018,0.46674,0.78892,0.00047144,0.00047144,0.00047144
1932,17614.4,1.40256,0.53515,0.81324,0.8449,0.65211,0.76606,0.47053,1.27237,0.46694,0.78912,0.000470648,0.000470648,0.000470648
1933,17623.5,1.39433,0.53566,0.81269,0.8443,0.65033,0.76593,0.47202,1.26734,0.46564,0.78898,0.000469856,0.000469856,0.000469856
1934,17633.4,1.42935,0.54672,0.81633,0.84368,0.65198,0.76637,0.47145,1.26774,0.46665,0.78873,0.000469064,0.000469064,0.000469064
1935,17642.6,1.34898,0.53816,0.82141,0.843,0.65239,0.76664,0.47028,1.27638,0.46971,0.78869,0.000468272,0.000468272,0.000468272
1936,17651.7,1.39603,0.53977,0.8083,0.84173,0.65277,0.76673,0.46954,1.27845,0.47056,0.78885,0.00046748,0.00046748,0.00046748
1937,17661,1.39507,0.53936,0.81363,0.8372,0.65047,0.76534,0.46838,1.27859,0.47228,0.78866,0.000466688,0.000466688,0.000466688
1938,17670,1.39557,0.53643,0.80974,0.8375,0.64954,0.76497,0.46901,1.27298,0.47032,0.78829,0.000465896,0.000465896,0.000465896
1939,17679,1.32774,0.52334,0.81472,0.83638,0.64854,0.76374,0.46877,1.26997,0.46915,0.78843,0.000465104,0.000465104,0.000465104
1940,17688,1.39463,0.54655,0.81998,0.83542,0.64758,0.76289,0.46876,1.27145,0.46961,0.78864,0.000464312,0.000464312,0.000464312
1941,17697.2,1.4194,0.53818,0.81575,0.84217,0.64758,0.76418,0.46952,1.27245,0.47013,0.78844,0.00046352,0.00046352,0.00046352
1942,17706.8,1.36394,0.53792,0.81615,0.84271,0.64731,0.76389,0.46821,1.27772,0.47048,0.78841,0.000462728,0.000462728,0.000462728
1943,17715.9,1.38876,0.54071,0.81764,0.84236,0.64978,0.76588,0.46684,1.28065,0.47123,0.78816,0.000461936,0.000461936,0.000461936
1944,17725.2,1.37004,0.53379,0.81088,0.8408,0.65211,0.76602,0.4666,1.28013,0.47083,0.78797,0.000461144,0.000461144,0.000461144
1945,17734.7,1.41586,0.54666,0.81382,0.84435,0.65143,0.76668,0.46721,1.27368,0.4704,0.78783,0.000460352,0.000460352,0.000460352
1946,17743.9,1.39768,0.53735,0.81306,0.84478,0.65005,0.76529,0.46667,1.27403,0.47031,0.78802,0.00045956,0.00045956,0.00045956
1947,17753.2,1.35217,0.52577,0.80715,0.84247,0.65198,0.76543,0.46592,1.27827,0.47161,0.78844,0.000458768,0.000458768,0.000458768
1948,17762.2,1.40799,0.53746,0.81261,0.84485,0.65191,0.76626,0.46661,1.28195,0.47328,0.78843,0.000457976,0.000457976,0.000457976
1949,17771.2,1.35738,0.5319,0.81211,0.84287,0.65266,0.76713,0.46852,1.27841,0.47227,0.78846,0.000457184,0.000457184,0.000457184
1950,17780.4,1.40853,0.54149,0.81611,0.84257,0.65266,0.76787,0.46892,1.2766,0.47181,0.78842,0.000456392,0.000456392,0.000456392
1951,17789.6,1.34322,0.53722,0.81861,0.84423,0.65088,0.76782,0.47028,1.2751,0.47143,0.78886,0.0004556,0.0004556,0.0004556
1952,17798.7,1.35408,0.52698,0.81114,0.8458,0.64988,0.767,0.47109,1.27244,0.4705,0.78886,0.000454808,0.000454808,0.000454808
1953,17808.1,1.41024,0.54678,0.81685,0.84444,0.64835,0.76488,0.47196,1.26746,0.46806,0.78882,0.000454016,0.000454016,0.000454016
1954,17817.1,1.35403,0.52842,0.81561,0.84441,0.6482,0.76467,0.47131,1.26504,0.46712,0.78883,0.000453224,0.000453224,0.000453224
1955,17826.4,1.32052,0.51246,0.80735,0.8442,0.65129,0.76661,0.47127,1.26435,0.4687,0.78856,0.000452432,0.000452432,0.000452432
1956,17835.3,1.40722,0.5456,0.81707,0.84351,0.65122,0.76738,0.47194,1.26108,0.46848,0.78805,0.00045164,0.00045164,0.00045164
1957,17844.7,1.35712,0.5219,0.81039,0.8472,0.65006,0.76824,0.47317,1.25965,0.46797,0.78797,0.000450848,0.000450848,0.000450848
1958,17854.2,1.42727,0.54432,0.81361,0.84569,0.65005,0.76789,0.47383,1.25723,0.46669,0.78797,0.000450056,0.000450056,0.000450056
1959,17863.7,1.34123,0.51852,0.8105,0.84359,0.64772,0.76768,0.47569,1.25434,0.46649,0.78783,0.000449264,0.000449264,0.000449264
1960,17873,1.35024,0.53147,0.8111,0.84305,0.64893,0.76716,0.4751,1.25586,0.4665,0.78782,0.000448472,0.000448472,0.000448472
1961,17882.4,1.31813,0.51721,0.81223,0.84619,0.64813,0.76694,0.4738,1.25991,0.46841,0.78754,0.00044768,0.00044768,0.00044768
1962,17891.4,1.33754,0.52626,0.81268,0.84257,0.64854,0.76697,0.47355,1.25931,0.46824,0.7875,0.000446888,0.000446888,0.000446888
1963,17900.5,1.34239,0.52196,0.81587,0.84154,0.648,0.766,0.47198,1.25923,0.46945,0.78749,0.000446096,0.000446096,0.000446096
1964,17909.5,1.34638,0.52619,0.81374,0.84169,0.64813,0.76519,0.47065,1.25891,0.46957,0.78784,0.000445304,0.000445304,0.000445304
1965,17918.9,1.3931,0.53889,0.81042,0.84339,0.6469,0.7645,0.46884,1.26219,0.47169,0.78822,0.000444512,0.000444512,0.000444512
1966,17928.2,1.36341,0.53946,0.82014,0.84094,0.64673,0.76408,0.46868,1.26326,0.47095,0.7882,0.00044372,0.00044372,0.00044372
1967,17937.3,1.37559,0.52913,0.80706,0.84347,0.64659,0.76341,0.4697,1.26093,0.47065,0.78793,0.000442928,0.000442928,0.000442928
1968,17946.5,1.35385,0.5252,0.81375,0.84374,0.64662,0.76408,0.46976,1.261,0.46993,0.78781,0.000442136,0.000442136,0.000442136
1969,17955.6,1.37977,0.53188,0.80605,0.84145,0.64772,0.76371,0.46962,1.27116,0.47236,0.78805,0.000441344,0.000441344,0.000441344
1970,17964.9,1.36639,0.53445,0.8122,0.84261,0.64824,0.7642,0.47057,1.27078,0.47163,0.7879,0.000440552,0.000440552,0.000440552
1971,17974.2,1.34291,0.51874,0.81118,0.84474,0.64758,0.76489,0.4733,1.26634,0.46822,0.7877,0.00043976,0.00043976,0.00043976
1972,17982.9,1.30593,0.5171,0.81621,0.84483,0.64772,0.76442,0.47381,1.26356,0.46855,0.78775,0.000438968,0.000438968,0.000438968
1973,17992.2,1.39043,0.53797,0.81314,0.84342,0.65074,0.76622,0.47244,1.26761,0.46972,0.78769,0.000438176,0.000438176,0.000438176
1974,18001.3,1.31196,0.52025,0.81372,0.84419,0.65084,0.76619,0.47189,1.26585,0.46876,0.78767,0.000437384,0.000437384,0.000437384
1975,18010.3,1.35531,0.52893,0.81096,0.84593,0.64882,0.76567,0.47222,1.26393,0.46917,0.78757,0.000436592,0.000436592,0.000436592
1976,18019.6,1.35907,0.52739,0.81429,0.84443,0.64896,0.76587,0.47341,1.25984,0.46958,0.7876,0.0004358,0.0004358,0.0004358
1977,18028.7,1.32024,0.51919,0.81214,0.84749,0.65074,0.76882,0.47454,1.25898,0.46785,0.78773,0.000435008,0.000435008,0.000435008
1978,18037.7,1.35146,0.52661,0.8136,0.84619,0.65033,0.76903,0.47422,1.2583,0.46609,0.78807,0.000434216,0.000434216,0.000434216
1979,18046.7,1.36139,0.53522,0.81897,0.8426,0.65115,0.76865,0.47399,1.25632,0.46694,0.78822,0.000433424,0.000433424,0.000433424
1980,18056.1,1.37075,0.53841,0.81707,0.84532,0.65225,0.76893,0.47301,1.25686,0.46654,0.78814,0.000432632,0.000432632,0.000432632
1981,18065.7,1.37704,0.53565,0.81354,0.84587,0.65098,0.76628,0.47157,1.25657,0.46751,0.78827,0.00043184,0.00043184,0.00043184
1982,18074.5,1.31041,0.51898,0.81217,0.8468,0.65033,0.76551,0.47186,1.25491,0.46792,0.78839,0.000431048,0.000431048,0.000431048
1983,18083.7,1.34475,0.52429,0.81075,0.84354,0.65321,0.76733,0.47335,1.251,0.46538,0.7884,0.000430256,0.000430256,0.000430256
1984,18092.7,1.36871,0.52835,0.81433,0.84205,0.6536,0.76758,0.47363,1.2519,0.46495,0.78853,0.000429464,0.000429464,0.000429464
1985,18101.8,1.36718,0.53324,0.8095,0.84462,0.65349,0.76869,0.47284,1.25525,0.46608,0.78844,0.000428672,0.000428672,0.000428672
1986,18111,1.38234,0.54288,0.81746,0.84569,0.65088,0.76731,0.47206,1.25574,0.46611,0.78829,0.00042788,0.00042788,0.00042788
1987,18120,1.35183,0.52902,0.81396,0.84725,0.64649,0.76553,0.47209,1.25388,0.4663,0.78795,0.000427088,0.000427088,0.000427088
1988,18128.8,1.35205,0.52531,0.80838,0.84656,0.64684,0.76481,0.47261,1.25254,0.4667,0.78778,0.000426296,0.000426296,0.000426296
1989,18138.1,1.3207,0.52134,0.81012,0.84487,0.64992,0.76519,0.47245,1.25072,0.46577,0.78776,0.000425504,0.000425504,0.000425504
1990,18146.9,1.33501,0.52934,0.81631,0.84667,0.65198,0.76728,0.47285,1.25351,0.46624,0.78785,0.000424712,0.000424712,0.000424712
1991,18156.1,1.37326,0.52319,0.80842,0.84774,0.65047,0.76974,0.47458,1.25645,0.46744,0.78786,0.00042392,0.00042392,0.00042392
1992,18165,1.36926,0.53241,0.8144,0.84859,0.65171,0.7709,0.47515,1.25629,0.46727,0.78795,0.000423128,0.000423128,0.000423128
1993,18174.3,1.38381,0.53936,0.81308,0.84756,0.65184,0.77057,0.47577,1.25592,0.46598,0.78785,0.000422336,0.000422336,0.000422336
1994,18183.7,1.33968,0.52476,0.81371,0.84503,0.65129,0.76856,0.47381,1.2561,0.4667,0.78776,0.000421544,0.000421544,0.000421544
1995,18192.9,1.36923,0.53959,0.8169,0.8418,0.65088,0.76638,0.47116,1.26034,0.46816,0.78781,0.000420752,0.000420752,0.000420752
1996,18201.8,1.42039,0.54872,0.81232,0.84211,0.65033,0.76552,0.47047,1.26108,0.46977,0.7877,0.00041996,0.00041996,0.00041996
1997,18210.6,1.36994,0.52649,0.80886,0.84039,0.6506,0.7647,0.47017,1.26105,0.46929,0.7879,0.000419168,0.000419168,0.000419168
1998,18219.6,1.36211,0.52368,0.80681,0.84045,0.65088,0.76563,0.4703,1.25681,0.46809,0.78789,0.000418376,0.000418376,0.000418376
1999,18228.6,1.34661,0.52306,0.81135,0.84296,0.65184,0.76586,0.47104,1.25615,0.46797,0.78803,0.000417584,0.000417584,0.000417584
2000,18237.5,1.37869,0.5306,0.80804,0.8456,0.65184,0.76553,0.47043,1.26058,0.46822,0.78792,0.000416792,0.000416792,0.000416792
2001,18246.7,1.36265,0.53174,0.81317,0.84425,0.65074,0.7645,0.46751,1.26735,0.47031,0.78815,0.000416,0.000416,0.000416
2002,18255.5,1.36537,0.52648,0.81224,0.85012,0.64401,0.76384,0.46721,1.26624,0.47139,0.78823,0.000415208,0.000415208,0.000415208
2003,18264.6,1.33928,0.52874,0.81162,0.84758,0.64292,0.76391,0.46822,1.25936,0.47148,0.78782,0.000414416,0.000414416,0.000414416
2004,18273.6,1.36709,0.53025,0.81104,0.84508,0.64374,0.7637,0.4684,1.25737,0.47158,0.78748,0.000413624,0.000413624,0.000413624
2005,18282.7,1.38837,0.54007,0.81432,0.84546,0.6459,0.76622,0.46982,1.25865,0.47049,0.78761,0.000412832,0.000412832,0.000412832
2006,18291.6,1.34194,0.52508,0.81548,0.84341,0.6469,0.76604,0.47035,1.26019,0.47147,0.78773,0.00041204,0.00041204,0.00041204
2007,18300.6,1.33408,0.52276,0.81334,0.84371,0.64997,0.76782,0.47196,1.25835,0.47138,0.78758,0.000411248,0.000411248,0.000411248
2008,18310,1.33613,0.52591,0.80802,0.84316,0.65074,0.7689,0.47359,1.25223,0.46863,0.78737,0.000410456,0.000410456,0.000410456
2009,18319.1,1.3901,0.53281,0.81284,0.8438,0.6506,0.77026,0.47619,1.24662,0.46656,0.78693,0.000409664,0.000409664,0.000409664
2010,18328.7,1.32616,0.52409,0.81573,0.84491,0.65143,0.7707,0.47601,1.24747,0.46604,0.78685,0.000408872,0.000408872,0.000408872
2011,18337.8,1.31074,0.51709,0.81414,0.84508,0.65155,0.77103,0.47613,1.25139,0.46491,0.78704,0.00040808,0.00040808,0.00040808
2012,18346.7,1.36886,0.53586,0.81394,0.84285,0.65164,0.76945,0.47617,1.25052,0.46396,0.78697,0.000407288,0.000407288,0.000407288
2013,18355.6,1.34973,0.52273,0.80994,0.84288,0.6503,0.76869,0.47603,1.24954,0.46379,0.78702,0.000406496,0.000406496,0.000406496
2014,18364.5,1.33145,0.52277,0.81372,0.84189,0.64985,0.76872,0.47552,1.24953,0.46325,0.78716,0.000405704,0.000405704,0.000405704
2015,18373.4,1.37313,0.53515,0.81133,0.8437,0.64916,0.76846,0.4753,1.25133,0.46665,0.78732,0.000404912,0.000404912,0.000404912
2016,18382.6,1.35998,0.53497,0.8144,0.84523,0.64978,0.76846,0.47573,1.25078,0.46538,0.78729,0.00040412,0.00040412,0.00040412
2017,18391.9,1.33946,0.52959,0.8104,0.84933,0.64827,0.76893,0.4758,1.25093,0.46501,0.78742,0.000403328,0.000403328,0.000403328
2018,18400.9,1.37962,0.53446,0.81034,0.84761,0.64868,0.76845,0.47536,1.24942,0.46434,0.7873,0.000402536,0.000402536,0.000402536
2019,18410,1.34532,0.52312,0.811,0.84456,0.64745,0.76709,0.47439,1.2497,0.46446,0.78703,0.000401744,0.000401744,0.000401744
2020,18418.9,1.37287,0.52896,0.80892,0.84407,0.648,0.76755,0.47451,1.24619,0.464,0.78695,0.000400952,0.000400952,0.000400952
2021,18428,1.35188,0.52609,0.81308,0.84881,0.64731,0.76773,0.47343,1.24638,0.46479,0.78682,0.00040016,0.00040016,0.00040016
2022,18437,1.32574,0.51979,0.81138,0.8467,0.64731,0.76687,0.47291,1.24922,0.46515,0.78703,0.000399368,0.000399368,0.000399368
2023,18446.1,1.28742,0.50403,0.80364,0.84405,0.64717,0.76569,0.4736,1.246,0.46588,0.78688,0.000398576,0.000398576,0.000398576
2024,18455.1,1.28298,0.50758,0.80834,0.84578,0.64676,0.76569,0.47466,1.24462,0.46713,0.78681,0.000397784,0.000397784,0.000397784
2025,18464,1.29986,0.51002,0.80848,0.84442,0.64827,0.76728,0.47571,1.24579,0.46545,0.78644,0.000396992,0.000396992,0.000396992
2026,18473.1,1.36666,0.52403,0.81271,0.84592,0.64971,0.76892,0.47645,1.24755,0.46559,0.78671,0.0003962,0.0003962,0.0003962
2027,18482.4,1.33714,0.52383,0.81294,0.84892,0.65184,0.77044,0.47608,1.25045,0.46427,0.78672,0.000395408,0.000395408,0.000395408
2028,18491.6,1.33972,0.52283,0.81035,0.85063,0.65184,0.77072,0.47557,1.2513,0.46485,0.78663,0.000394616,0.000394616,0.000394616
2029,18500.8,1.34468,0.52528,0.81183,0.8499,0.64909,0.7686,0.47522,1.24821,0.46453,0.7869,0.000393824,0.000393824,0.000393824
2030,18509.9,1.36724,0.53129,0.81727,0.84651,0.65019,0.76858,0.47504,1.24653,0.46518,0.78698,0.000393032,0.000393032,0.000393032
2031,18519.1,1.33931,0.52112,0.81272,0.84681,0.64772,0.76732,0.47436,1.24797,0.46595,0.7871,0.00039224,0.00039224,0.00039224
2032,18528,1.38466,0.5344,0.81423,0.84486,0.64786,0.76748,0.47397,1.25063,0.4665,0.78714,0.000391448,0.000391448,0.000391448
2033,18537.2,1.32176,0.5152,0.80887,0.84575,0.6496,0.7682,0.47308,1.25113,0.46787,0.78724,0.000390656,0.000390656,0.000390656
2034,18546.3,1.35717,0.53078,0.81034,0.84537,0.64923,0.76763,0.47345,1.25202,0.46543,0.78743,0.000389864,0.000389864,0.000389864
2035,18555.4,1.317,0.51194,0.81195,0.84575,0.64937,0.76756,0.47325,1.25439,0.46627,0.78728,0.000389072,0.000389072,0.000389072
2036,18564.6,1.32163,0.52142,0.81315,0.84628,0.65266,0.76916,0.47465,1.25276,0.46589,0.78726,0.00038828,0.00038828,0.00038828
2037,18573.8,1.3202,0.51968,0.81427,0.84813,0.65321,0.7703,0.47562,1.25014,0.46411,0.78663,0.000387488,0.000387488,0.000387488
2038,18583,1.28808,0.51424,0.81531,0.84902,0.65311,0.77055,0.47523,1.25038,0.46418,0.78646,0.000386696,0.000386696,0.000386696
2039,18592.4,1.35668,0.52413,0.81163,0.84959,0.65129,0.76924,0.47485,1.24903,0.46395,0.78641,0.000385904,0.000385904,0.000385904
2040,18601.3,1.34876,0.5254,0.81015,0.85005,0.65184,0.76944,0.47448,1.24898,0.46369,0.78636,0.000385112,0.000385112,0.000385112
2041,18610.8,1.39464,0.53576,0.81506,0.85116,0.65086,0.77031,0.47326,1.2533,0.46513,0.78674,0.00038432,0.00038432,0.00038432
2042,18619.8,1.35877,0.52819,0.81302,0.84735,0.65184,0.76994,0.47258,1.25346,0.4669,0.78684,0.000383528,0.000383528,0.000383528
2043,18628.9,1.34309,0.51993,0.81553,0.84314,0.65086,0.76874,0.47192,1.25207,0.46541,0.78718,0.000382736,0.000382736,0.000382736
2044,18638.2,1.42934,0.5491,0.81303,0.83946,0.65183,0.76825,0.47203,1.2518,0.46548,0.78748,0.000381944,0.000381944,0.000381944
2045,18647.4,1.35678,0.5247,0.81336,0.83915,0.65143,0.76805,0.47346,1.25038,0.46678,0.78755,0.000381152,0.000381152,0.000381152
2046,18656.6,1.34625,0.52443,0.80799,0.83878,0.6521,0.7684,0.47363,1.25157,0.46686,0.7876,0.00038036,0.00038036,0.00038036
2047,18665.8,1.34661,0.52323,0.80803,0.84344,0.65088,0.76887,0.47341,1.25142,0.46679,0.78769,0.000379568,0.000379568,0.000379568
2048,18675.2,1.3877,0.53345,0.80599,0.84349,0.64965,0.76852,0.47317,1.25091,0.46593,0.78785,0.000378776,0.000378776,0.000378776
2049,18684.4,1.34921,0.52351,0.81121,0.84165,0.65143,0.76967,0.47418,1.24908,0.46475,0.78758,0.000377984,0.000377984,0.000377984
2050,18693.3,1.3034,0.50816,0.80685,0.84307,0.6517,0.77051,0.47518,1.24691,0.46501,0.78748,0.000377192,0.000377192,0.000377192
2051,18702.6,1.36117,0.52595,0.81493,0.84329,0.65307,0.77075,0.47649,1.24367,0.46476,0.78727,0.0003764,0.0003764,0.0003764
2052,18711.8,1.30815,0.52331,0.81468,0.84491,0.6537,0.77051,0.47617,1.24429,0.46601,0.78732,0.000375608,0.000375608,0.000375608
2053,18721.2,1.34096,0.5245,0.81455,0.84318,0.65251,0.76846,0.47402,1.24949,0.46558,0.78735,0.000374816,0.000374816,0.000374816
2054,18730.3,1.30445,0.51497,0.81314,0.84375,0.6517,0.76849,0.47388,1.24835,0.4653,0.78728,0.000374024,0.000374024,0.000374024
2055,18739.6,1.35691,0.52879,0.81435,0.84117,0.64999,0.76675,0.47377,1.24404,0.4629,0.78711,0.000373232,0.000373232,0.000373232
2056,18748.8,1.35093,0.53009,0.81612,0.84218,0.65033,0.76693,0.47437,1.24349,0.46262,0.78708,0.00037244,0.00037244,0.00037244
2057,18758.1,1.3225,0.52229,0.80811,0.84023,0.65143,0.76708,0.47379,1.24707,0.46136,0.78726,0.000371648,0.000371648,0.000371648
2058,18767,1.31705,0.51788,0.8104,0.84276,0.65362,0.76926,0.47426,1.24657,0.46021,0.78725,0.000370856,0.000370856,0.000370856
2059,18776.4,1.38103,0.53768,0.81318,0.84804,0.64892,0.7696,0.47499,1.24737,0.45955,0.78717,0.000370064,0.000370064,0.000370064
2060,18785.3,1.33108,0.51804,0.81003,0.84654,0.64662,0.7676,0.47459,1.24641,0.45992,0.78706,0.000369272,0.000369272,0.000369272
2061,18794.8,1.31365,0.51604,0.81479,0.84625,0.64676,0.76764,0.47467,1.24083,0.4597,0.78688,0.00036848,0.00036848,0.00036848
2062,18803.7,1.30369,0.51348,0.81201,0.84402,0.64778,0.76774,0.47437,1.24262,0.46008,0.78693,0.000367688,0.000367688,0.000367688
2063,18812.9,1.3526,0.52235,0.80644,0.84167,0.64978,0.76711,0.47507,1.24207,0.45962,0.78692,0.000366896,0.000366896,0.000366896
2064,18821.8,1.30566,0.5188,0.81496,0.84146,0.64924,0.76713,0.4755,1.24158,0.45982,0.78683,0.000366104,0.000366104,0.000366104
2065,18831,1.34592,0.52239,0.81275,0.84571,0.64869,0.76803,0.47507,1.24311,0.46079,0.7868,0.000365312,0.000365312,0.000365312
2066,18840.4,1.27049,0.50206,0.80906,0.84423,0.64909,0.76745,0.47431,1.24616,0.46186,0.78691,0.00036452,0.00036452,0.00036452
2067,18849.5,1.33664,0.51981,0.81353,0.84687,0.6506,0.76798,0.47242,1.25566,0.46543,0.78742,0.000363728,0.000363728,0.000363728
2068,18858.5,1.33642,0.51548,0.80859,0.84543,0.65115,0.7676,0.47275,1.2536,0.46459,0.78735,0.000362936,0.000362936,0.000362936
2069,18867.8,1.36815,0.53286,0.81056,0.84144,0.65088,0.7666,0.47287,1.25318,0.46622,0.78718,0.000362144,0.000362144,0.000362144
2070,18876.9,1.30768,0.51841,0.81328,0.84063,0.6503,0.76602,0.47139,1.25466,0.46639,0.78727,0.000361352,0.000361352,0.000361352
2071,18885.9,1.32051,0.51629,0.80956,0.84469,0.64868,0.76599,0.47228,1.25352,0.46473,0.78724,0.00036056,0.00036056,0.00036056
2072,18895.4,1.27973,0.50803,0.81353,0.84469,0.64735,0.76533,0.47354,1.25092,0.46368,0.78713,0.000359768,0.000359768,0.000359768
2073,18904.7,1.38473,0.53773,0.81431,0.84615,0.64786,0.7668,0.47469,1.25075,0.4647,0.78725,0.000358976,0.000358976,0.000358976
2074,18914.1,1.34177,0.52217,0.81209,0.84417,0.64964,0.7683,0.47535,1.25158,0.46449,0.78737,0.000358184,0.000358184,0.000358184
2075,18923.4,1.29054,0.50617,0.80922,0.84066,0.65335,0.76915,0.47571,1.25362,0.46555,0.7871,0.000357392,0.000357392,0.000357392
2076,18932.5,1.38187,0.53025,0.80669,0.84417,0.65375,0.77069,0.47638,1.25455,0.4653,0.78717,0.0003566,0.0003566,0.0003566
2077,18941.9,1.36515,0.52819,0.8143,0.8457,0.65308,0.77067,0.47696,1.25128,0.46489,0.78716,0.000355808,0.000355808,0.000355808
2078,18951.7,1.33591,0.52806,0.81857,0.84325,0.65211,0.76995,0.4767,1.25339,0.46464,0.78714,0.000355016,0.000355016,0.000355016
2079,18960.9,1.32625,0.5156,0.80763,0.84408,0.64957,0.76893,0.47561,1.24919,0.46424,0.78694,0.000354224,0.000354224,0.000354224
2080,18970.2,1.29332,0.5099,0.81357,0.84321,0.64937,0.76851,0.47509,1.25124,0.46469,0.78684,0.000353432,0.000353432,0.000353432
2081,18979.4,1.32706,0.52098,0.80939,0.84535,0.648,0.7693,0.47577,1.2474,0.46388,0.78693,0.00035264,0.00035264,0.00035264
2082,18988.4,1.3315,0.52016,0.8116,0.84906,0.64795,0.77021,0.47573,1.24593,0.46311,0.78709,0.000351848,0.000351848,0.000351848
2083,18997.8,1.33287,0.52056,0.80826,0.84748,0.64691,0.77052,0.47602,1.24576,0.46293,0.78713,0.000351056,0.000351056,0.000351056
2084,19006.7,1.29476,0.50424,0.80483,0.84819,0.64434,0.76893,0.47612,1.24609,0.46436,0.78728,0.000350264,0.000350264,0.000350264
2085,19015.8,1.37574,0.52591,0.80789,0.8473,0.64673,0.77114,0.47563,1.24803,0.46185,0.78718,0.000349472,0.000349472,0.000349472
2086,19024.6,1.33631,0.52199,0.80787,0.84635,0.64732,0.77059,0.47468,1.24924,0.46298,0.78714,0.00034868,0.00034868,0.00034868
2087,19033.9,1.31268,0.51024,0.8108,0.84158,0.64909,0.76894,0.47558,1.24224,0.46324,0.7868,0.000347888,0.000347888,0.000347888
2088,19042.9,1.34354,0.52298,0.80796,0.84481,0.64745,0.76892,0.47592,1.23928,0.46294,0.78682,0.000347096,0.000347096,0.000347096
2089,19051.9,1.38454,0.53652,0.81227,0.84575,0.6458,0.76749,0.47616,1.23669,0.46206,0.78685,0.000346304,0.000346304,0.000346304
2090,19060.8,1.32051,0.51765,0.81219,0.84361,0.64726,0.76698,0.47555,1.23985,0.46297,0.787,0.000345512,0.000345512,0.000345512
2091,19069.7,1.32114,0.51584,0.80812,0.84522,0.64841,0.76778,0.47428,1.24745,0.46478,0.78723,0.00034472,0.00034472,0.00034472
2092,19078.6,1.33828,0.52044,0.81123,0.84888,0.64627,0.76747,0.47375,1.24706,0.46329,0.78704,0.000343928,0.000343928,0.000343928
2093,19087.6,1.34686,0.52689,0.81316,0.84695,0.64649,0.7685,0.47467,1.25054,0.46544,0.78692,0.000343136,0.000343136,0.000343136
2094,19096.6,1.33929,0.51931,0.81032,0.84892,0.6447,0.76797,0.47473,1.24745,0.46449,0.78673,0.000342344,0.000342344,0.000342344
2095,19105.6,1.30402,0.50815,0.80635,0.84956,0.64498,0.76813,0.47669,1.2431,0.46259,0.78682,0.000341552,0.000341552,0.000341552
2096,19114.3,1.29573,0.51049,0.81078,0.85106,0.64484,0.76817,0.47706,1.24247,0.46213,0.78679,0.00034076,0.00034076,0.00034076
2097,19123.9,1.3358,0.51979,0.81291,0.85205,0.64443,0.76862,0.47787,1.23953,0.4614,0.78681,0.000339968,0.000339968,0.000339968
2098,19133.5,1.37865,0.53433,0.8142,0.8517,0.64539,0.76926,0.4771,1.24461,0.46204,0.78663,0.000339176,0.000339176,0.000339176
2099,19142.5,1.34107,0.523,0.80844,0.85072,0.64779,0.77151,0.47798,1.24458,0.462,0.78661,0.000338384,0.000338384,0.000338384
2100,19151.8,1.32829,0.51329,0.80812,0.85175,0.64839,0.77199,0.47805,1.24501,0.46099,0.78677,0.000337592,0.000337592,0.000337592
2101,19161.5,1.36643,0.53021,0.80987,0.84809,0.64868,0.7705,0.47791,1.24553,0.46263,0.78674,0.0003368,0.0003368,0.0003368
2102,19170.5,1.28836,0.5077,0.81254,0.84815,0.65026,0.77117,0.47768,1.24368,0.46127,0.78675,0.000336008,0.000336008,0.000336008
2103,19179.5,1.32631,0.51686,0.80367,0.84578,0.64992,0.77006,0.47712,1.24129,0.46086,0.78672,0.000335216,0.000335216,0.000335216
2104,19188.5,1.37957,0.53266,0.81254,0.84613,0.65005,0.76902,0.47655,1.24294,0.46222,0.78673,0.000334424,0.000334424,0.000334424
2105,19197.5,1.30098,0.51432,0.81406,0.8528,0.64824,0.76893,0.47686,1.23574,0.46154,0.78664,0.000333632,0.000333632,0.000333632
2106,19206.3,1.27882,0.50771,0.8094,0.84881,0.64937,0.76872,0.47698,1.23431,0.45986,0.78665,0.00033284,0.00033284,0.00033284
2107,19215.3,1.28191,0.49612,0.80704,0.84867,0.64951,0.76899,0.47685,1.23766,0.45976,0.7869,0.000332048,0.000332048,0.000332048
2108,19224.4,1.28121,0.50529,0.80957,0.84979,0.64841,0.76871,0.47729,1.23686,0.45929,0.78699,0.000331256,0.000331256,0.000331256
2109,19233.6,1.31812,0.52291,0.82123,0.84915,0.64951,0.7701,0.47742,1.24142,0.46111,0.78696,0.000330464,0.000330464,0.000330464
2110,19242.4,1.32127,0.51571,0.80997,0.84953,0.65111,0.77193,0.4784,1.24171,0.46089,0.78697,0.000329672,0.000329672,0.000329672
2111,19251.8,1.31992,0.5098,0.81202,0.85073,0.65294,0.77461,0.48047,1.24091,0.46224,0.78695,0.00032888,0.00032888,0.00032888
2112,19260.8,1.29648,0.51972,0.81356,0.85045,0.65431,0.77512,0.48146,1.2375,0.46147,0.78698,0.000328088,0.000328088,0.000328088
2113,19270.8,1.34252,0.52497,0.81108,0.84812,0.65362,0.77455,0.48116,1.23936,0.46139,0.78704,0.000327296,0.000327296,0.000327296
2114,19279.8,1.32876,0.51853,0.80993,0.84538,0.65453,0.77477,0.48102,1.24033,0.46126,0.78701,0.000326504,0.000326504,0.000326504
2115,19288.7,1.29799,0.51307,0.81333,0.84014,0.65224,0.77233,0.48103,1.23801,0.46171,0.78679,0.000325712,0.000325712,0.000325712
2116,19297.6,1.27619,0.50378,0.80838,0.83912,0.65308,0.7721,0.4808,1.23747,0.46211,0.78662,0.00032492,0.00032492,0.00032492
2117,19306.7,1.30934,0.51337,0.80879,0.84178,0.65088,0.77125,0.48065,1.23262,0.46001,0.78667,0.000324128,0.000324128,0.000324128
2118,19315.9,1.30855,0.51282,0.81481,0.84178,0.65047,0.77113,0.48104,1.22782,0.45939,0.78622,0.000323336,0.000323336,0.000323336
2119,19324.6,1.29405,0.51042,0.81061,0.83725,0.65033,0.77032,0.47991,1.22916,0.45994,0.78606,0.000322544,0.000322544,0.000322544
2120,19333.6,1.29741,0.51477,0.8148,0.83889,0.65019,0.76947,0.47955,1.23001,0.46108,0.7858,0.000321752,0.000321752,0.000321752
2121,19342.7,1.30042,0.51375,0.80957,0.8418,0.65164,0.77,0.4788,1.23821,0.46153,0.78602,0.00032096,0.00032096,0.00032096
2122,19351.8,1.31037,0.51691,0.81197,0.84237,0.65296,0.77103,0.47866,1.23455,0.46161,0.78585,0.000320168,0.000320168,0.000320168
2123,19360.8,1.2835,0.50451,0.80802,0.842,0.65239,0.77154,0.47966,1.23368,0.46168,0.78587,0.000319376,0.000319376,0.000319376
2124,19369.9,1.29545,0.50867,0.80651,0.84291,0.65157,0.77136,0.47994,1.23288,0.46102,0.78592,0.000318584,0.000318584,0.000318584
2125,19379.1,1.32604,0.51764,0.81345,0.85161,0.64745,0.77167,0.47947,1.23636,0.46364,0.78607,0.000317792,0.000317792,0.000317792
2126,19388.3,1.32478,0.51793,0.80949,0.85413,0.64607,0.77121,0.47944,1.23511,0.46271,0.78621,0.000317,0.000317,0.000317
2127,19397.6,1.36159,0.52686,0.80784,0.8533,0.64456,0.77034,0.4791,1.23396,0.46251,0.78645,0.000316208,0.000316208,0.000316208
2128,19406.6,1.31571,0.51063,0.80817,0.85273,0.64429,0.77025,0.4788,1.23473,0.46206,0.78658,0.000315416,0.000315416,0.000315416
2129,19415.6,1.35982,0.52915,0.81054,0.85349,0.64621,0.77162,0.47836,1.23704,0.46144,0.78678,0.000314624,0.000314624,0.000314624
2130,19424.4,1.34901,0.52916,0.81336,0.85442,0.64662,0.77149,0.47803,1.23942,0.46297,0.78672,0.000313832,0.000313832,0.000313832
2131,19433.6,1.30783,0.51607,0.80788,0.8522,0.64673,0.77226,0.47914,1.23577,0.46117,0.78633,0.00031304,0.00031304,0.00031304
2132,19442.6,1.32831,0.52116,0.8066,0.84987,0.64992,0.77298,0.48027,1.2346,0.46014,0.78626,0.000312248,0.000312248,0.000312248
2133,19452,1.29927,0.51696,0.81018,0.8519,0.64964,0.7724,0.48112,1.23117,0.45814,0.78632,0.000311456,0.000311456,0.000311456
2134,19461,1.33954,0.51211,0.80235,0.85197,0.64978,0.77294,0.48126,1.22872,0.45801,0.78624,0.000310664,0.000310664,0.000310664
2135,19470.3,1.3302,0.51638,0.8134,0.85012,0.64923,0.77241,0.48079,1.22912,0.45795,0.7862,0.000309872,0.000309872,0.000309872
2136,19479.4,1.30231,0.5056,0.80431,0.85634,0.64717,0.77181,0.48085,1.22878,0.45885,0.78586,0.00030908,0.00030908,0.00030908
2137,19488.5,1.3089,0.5112,0.80708,0.85371,0.64653,0.77055,0.48101,1.23131,0.4587,0.78603,0.000308288,0.000308288,0.000308288
2138,19497.7,1.29364,0.5051,0.80977,0.85057,0.64923,0.77018,0.48081,1.23388,0.45908,0.7862,0.000307496,0.000307496,0.000307496
2139,19506.8,1.32318,0.51216,0.81031,0.85135,0.65047,0.7715,0.48105,1.23393,0.4585,0.78621,0.000306704,0.000306704,0.000306704
2140,19516,1.27369,0.51249,0.8119,0.85224,0.6509,0.77228,0.48104,1.23314,0.4581,0.78616,0.000305912,0.000305912,0.000305912
2141,19525.7,1.31971,0.51919,0.81191,0.85151,0.65143,0.7725,0.48184,1.22864,0.45763,0.78569,0.00030512,0.00030512,0.00030512
2142,19535.1,1.31172,0.51736,0.80971,0.85153,0.65198,0.77255,0.48134,1.22813,0.45563,0.78578,0.000304328,0.000304328,0.000304328
2143,19544.5,1.34603,0.52343,0.8072,0.84798,0.6517,0.7712,0.48101,1.23007,0.45852,0.7861,0.000303536,0.000303536,0.000303536
2144,19553.9,1.38129,0.52625,0.80355,0.84718,0.65072,0.77048,0.47988,1.2314,0.4589,0.78604,0.000302744,0.000302744,0.000302744
2145,19563,1.3522,0.52557,0.81044,0.84885,0.64868,0.76992,0.47994,1.2289,0.45655,0.78616,0.000301952,0.000301952,0.000301952
2146,19572,1.3165,0.51322,0.80788,0.8474,0.64882,0.76961,0.47968,1.22513,0.4566,0.786,0.00030116,0.00030116,0.00030116
2147,19581,1.29841,0.50999,0.80777,0.84791,0.64906,0.76917,0.47955,1.22279,0.45533,0.78612,0.000300368,0.000300368,0.000300368
2148,19590.1,1.3327,0.51763,0.80678,0.84762,0.64854,0.76943,0.48001,1.22179,0.4551,0.78607,0.000299576,0.000299576,0.000299576
2149,19599.3,1.30524,0.50898,0.81217,0.84326,0.64923,0.76842,0.48005,1.22267,0.45456,0.7861,0.000298784,0.000298784,0.000298784
2150,19608.4,1.32589,0.51644,0.80967,0.84307,0.65054,0.76898,0.48049,1.22319,0.45435,0.78607,0.000297992,0.000297992,0.000297992
2151,19617.5,1.33241,0.51965,0.80794,0.8425,0.65067,0.76994,0.48168,1.22376,0.45541,0.7859,0.0002972,0.0002972,0.0002972
2152,19626.5,1.31858,0.515,0.80947,0.84241,0.65095,0.77016,0.4824,1.22029,0.45535,0.78572,0.000296408,0.000296408,0.000296408
2153,19636.1,1.32241,0.51716,0.8122,0.84402,0.65115,0.77043,0.4822,1.21695,0.45463,0.78564,0.000295616,0.000295616,0.000295616
2154,19645.2,1.32441,0.51526,0.80534,0.84446,0.6506,0.77033,0.48245,1.21713,0.45437,0.78554,0.000294824,0.000294824,0.000294824
2155,19654.8,1.3309,0.51146,0.80432,0.845,0.64909,0.77064,0.48213,1.22106,0.45436,0.78553,0.000294032,0.000294032,0.000294032
2156,19664.1,1.3584,0.52646,0.80641,0.84617,0.64868,0.77084,0.48221,1.22017,0.45464,0.78564,0.00029324,0.00029324,0.00029324
2157,19673.5,1.31315,0.51262,0.80686,0.84724,0.64799,0.77085,0.48289,1.21488,0.45332,0.78585,0.000292448,0.000292448,0.000292448
2158,19682.7,1.31517,0.52126,0.81808,0.84706,0.64862,0.77127,0.4833,1.21406,0.45232,0.78594,0.000291656,0.000291656,0.000291656
2159,19692.3,1.30361,0.51793,0.81041,0.84846,0.64758,0.77096,0.48349,1.21698,0.4532,0.78593,0.000290864,0.000290864,0.000290864
2160,19701.5,1.29265,0.51232,0.81194,0.84943,0.6469,0.77047,0.48232,1.21913,0.45319,0.78586,0.000290072,0.000290072,0.000290072
2161,19710.4,1.27174,0.51108,0.8168,0.84819,0.64813,0.77048,0.48073,1.2273,0.45482,0.78601,0.00028928,0.00028928,0.00028928
2162,19719.4,1.37661,0.52863,0.81094,0.84699,0.64717,0.76976,0.48054,1.22621,0.45645,0.78608,0.000288488,0.000288488,0.000288488
2163,19728.5,1.33504,0.51856,0.80987,0.84866,0.64745,0.77146,0.4808,1.22227,0.45531,0.78598,0.000287696,0.000287696,0.000287696
2164,19737.6,1.30368,0.51117,0.8092,0.84725,0.64953,0.77176,0.48143,1.22126,0.45586,0.78588,0.000286904,0.000286904,0.000286904
2165,19747.3,1.29657,0.5059,0.80501,0.85014,0.65264,0.77429,0.48287,1.22283,0.45504,0.78592,0.000286112,0.000286112,0.000286112
2166,19756.2,1.29098,0.50229,0.80595,0.84985,0.65351,0.7753,0.48492,1.21855,0.45445,0.78588,0.00028532,0.00028532,0.00028532
2167,19766,1.30304,0.50868,0.80973,0.85091,0.65431,0.77669,0.48583,1.21539,0.45357,0.78558,0.000284528,0.000284528,0.000284528
2168,19775.6,1.34682,0.51898,0.8082,0.84994,0.65318,0.77636,0.48628,1.21513,0.45254,0.78552,0.000283736,0.000283736,0.000283736
2169,19785.3,1.28305,0.50233,0.80849,0.84752,0.65157,0.77371,0.48527,1.21416,0.45127,0.78531,0.000282944,0.000282944,0.000282944
2170,19794.4,1.30132,0.5165,0.81311,0.84541,0.65244,0.7725,0.4849,1.21257,0.45153,0.7852,0.000282152,0.000282152,0.000282152
2171,19803.6,1.32805,0.5198,0.81378,0.84377,0.65184,0.77091,0.48387,1.21392,0.45197,0.78521,0.00028136,0.00028136,0.00028136
2172,19812.5,1.30119,0.51349,0.80696,0.84417,0.65157,0.77122,0.48373,1.2145,0.45287,0.78508,0.000280568,0.000280568,0.000280568
2173,19821.8,1.30634,0.51229,0.80772,0.84749,0.65088,0.77144,0.48302,1.21387,0.45222,0.7854,0.000279776,0.000279776,0.000279776
2174,19831,1.2854,0.50983,0.81037,0.84684,0.64978,0.77105,0.4825,1.21319,0.4525,0.78562,0.000278984,0.000278984,0.000278984
2175,19840.2,1.30428,0.51364,0.81356,0.84631,0.65088,0.77143,0.48335,1.21149,0.45117,0.78575,0.000278192,0.000278192,0.000278192
2176,19849.4,1.33385,0.51957,0.81308,0.84698,0.65115,0.77243,0.48437,1.21182,0.45203,0.78571,0.0002774,0.0002774,0.0002774
2177,19858.4,1.3253,0.51933,0.81176,0.84909,0.65115,0.77339,0.48488,1.21375,0.45237,0.78557,0.000276608,0.000276608,0.000276608
2178,19867.7,1.33924,0.51615,0.8042,0.84806,0.65362,0.77329,0.48393,1.21782,0.45422,0.78579,0.000275816,0.000275816,0.000275816
2179,19876.5,1.22281,0.48987,0.80562,0.84986,0.65239,0.7727,0.48202,1.22675,0.45504,0.78598,0.000275024,0.000275024,0.000275024
2180,19885.6,1.2926,0.50818,0.8098,0.85151,0.65349,0.7731,0.48195,1.22855,0.45485,0.78587,0.000274232,0.000274232,0.000274232
2181,19894.8,1.34773,0.51923,0.80761,0.85046,0.65507,0.7742,0.48215,1.22801,0.45605,0.78592,0.00027344,0.00027344,0.00027344
2182,19903.9,1.35697,0.51614,0.80845,0.85079,0.65486,0.77443,0.48159,1.22904,0.4564,0.78607,0.000272648,0.000272648,0.000272648
2183,19913.2,1.24722,0.49327,0.80335,0.85047,0.65225,0.77257,0.48205,1.22901,0.45556,0.7859,0.000271856,0.000271856,0.000271856
2184,19922.1,1.36432,0.52856,0.80949,0.85121,0.65019,0.77147,0.48244,1.22859,0.45591,0.78578,0.000271064,0.000271064,0.000271064
2185,19931.3,1.32217,0.51263,0.80102,0.85386,0.64745,0.7711,0.48282,1.22611,0.45472,0.78589,0.000270272,0.000270272,0.000270272
2186,19940.6,1.29558,0.5107,0.80565,0.85467,0.64731,0.77115,0.48266,1.22534,0.45438,0.78591,0.00026948,0.00026948,0.00026948
2187,19949.6,1.33059,0.51817,0.81241,0.85037,0.64759,0.77085,0.48368,1.2203,0.4528,0.78585,0.000268688,0.000268688,0.000268688
2188,19958.6,1.31648,0.51687,0.81171,0.85157,0.64882,0.77186,0.48368,1.22168,0.45351,0.78585,0.000267896,0.000267896,0.000267896
2189,19967.8,1.25856,0.49842,0.80559,0.85109,0.65129,0.77122,0.48275,1.22164,0.45321,0.78599,0.000267104,0.000267104,0.000267104
2190,19976.9,1.3402,0.519,0.80803,0.85289,0.64951,0.77079,0.4827,1.22084,0.45225,0.78598,0.000266312,0.000266312,0.000266312
2191,19986.1,1.3231,0.51602,0.81117,0.85279,0.64978,0.77183,0.48376,1.22058,0.45399,0.78613,0.00026552,0.00026552,0.00026552
2192,19995.3,1.29164,0.51441,0.80941,0.8518,0.64939,0.77186,0.48356,1.22142,0.45447,0.78596,0.000264728,0.000264728,0.000264728
2193,20004.7,1.30332,0.51369,0.80958,0.8523,0.64745,0.77051,0.48287,1.22263,0.45392,0.78598,0.000263936,0.000263936,0.000263936
2194,20013.9,1.29706,0.51253,0.8091,0.85199,0.64799,0.77081,0.48254,1.22176,0.45392,0.78616,0.000263144,0.000263144,0.000263144
2195,20023.3,1.30124,0.5093,0.80913,0.85376,0.64978,0.77236,0.48339,1.218,0.45257,0.78582,0.000262352,0.000262352,0.000262352
2196,20032.4,1.31099,0.50943,0.80708,0.85155,0.6505,0.77178,0.48323,1.21496,0.45172,0.7858,0.00026156,0.00026156,0.00026156
2197,20041.2,1.29964,0.51196,0.80955,0.84547,0.652,0.77179,0.48415,1.21408,0.45108,0.78557,0.000260768,0.000260768,0.000260768
2198,20050,1.28872,0.50554,0.80803,0.84653,0.65129,0.77176,0.48429,1.21514,0.45155,0.78551,0.000259976,0.000259976,0.000259976
2199,20059.3,1.27915,0.50191,0.80766,0.84948,0.65362,0.77506,0.48549,1.21525,0.45138,0.78541,0.000259184,0.000259184,0.000259184
2200,20068.7,1.31217,0.51753,0.81144,0.85008,0.65294,0.77417,0.48591,1.21328,0.45064,0.78534,0.000258392,0.000258392,0.000258392
2201,20078,1.32677,0.51971,0.81358,0.85423,0.65084,0.77426,0.48537,1.21715,0.45346,0.78537,0.0002576,0.0002576,0.0002576
2202,20086.9,1.26997,0.50279,0.80955,0.85469,0.65005,0.77391,0.48555,1.21858,0.45305,0.78556,0.000256808,0.000256808,0.000256808
2203,20096,1.30856,0.51538,0.81101,0.85243,0.64772,0.77114,0.48312,1.21757,0.45367,0.78534,0.000256016,0.000256016,0.000256016
2204,20105.1,1.26323,0.49969,0.80785,0.85205,0.64841,0.77128,0.48302,1.21895,0.45378,0.78531,0.000255224,0.000255224,0.000255224
2205,20114.6,1.31689,0.51409,0.80694,0.85167,0.64827,0.77007,0.48228,1.2203,0.45329,0.78554,0.000254432,0.000254432,0.000254432
2206,20123.4,1.2785,0.51077,0.81472,0.85215,0.64961,0.77025,0.48212,1.22042,0.45335,0.78554,0.00025364,0.00025364,0.00025364
2207,20132.9,1.31036,0.51271,0.80824,0.85175,0.64827,0.7707,0.48283,1.21445,0.45093,0.78541,0.000252848,0.000252848,0.000252848
2208,20142,1.28832,0.5098,0.80969,0.85033,0.64964,0.77172,0.48327,1.21331,0.45001,0.78544,0.000252056,0.000252056,0.000252056
2209,20151.3,1.36212,0.5208,0.80479,0.85049,0.64923,0.77102,0.48257,1.21424,0.45177,0.78557,0.000251264,0.000251264,0.000251264
2210,20160.7,1.28081,0.50391,0.81273,0.85018,0.64923,0.77032,0.48154,1.21713,0.45372,0.78575,0.000250472,0.000250472,0.000250472
2211,20170.2,1.31065,0.51403,0.81057,0.84633,0.64745,0.76838,0.48146,1.21451,0.45296,0.78598,0.00024968,0.00024968,0.00024968
2212,20179.1,1.25994,0.50211,0.80918,0.84597,0.64923,0.76946,0.48193,1.21489,0.45284,0.78601,0.000248888,0.000248888,0.000248888
2213,20188.5,1.30167,0.50941,0.80688,0.84392,0.65088,0.76977,0.48292,1.21354,0.45173,0.78575,0.000248096,0.000248096,0.000248096
2214,20197.6,1.31916,0.5108,0.80832,0.84334,0.6511,0.77035,0.48369,1.21385,0.45345,0.78605,0.000247304,0.000247304,0.000247304
2215,20206.7,1.28205,0.50328,0.80332,0.84552,0.65074,0.77057,0.48463,1.21479,0.45348,0.7859,0.000246512,0.000246512,0.000246512
2216,20216.1,1.33745,0.52321,0.80996,0.84544,0.65211,0.7722,0.48468,1.21527,0.45342,0.78601,0.00024572,0.00024572,0.00024572
2217,20225.3,1.31595,0.51006,0.80775,0.8456,0.65102,0.77107,0.48373,1.21968,0.45496,0.78619,0.000244928,0.000244928,0.000244928
2218,20234.1,1.29297,0.50519,0.81053,0.84554,0.65083,0.7708,0.48354,1.21877,0.45463,0.78614,0.000244136,0.000244136,0.000244136
2219,20243.5,1.3247,0.50784,0.80328,0.84559,0.6506,0.77077,0.48298,1.21814,0.45636,0.78601,0.000243344,0.000243344,0.000243344
2220,20252.8,1.2611,0.49316,0.80183,0.84599,0.65074,0.77121,0.48338,1.21815,0.45624,0.78613,0.000242552,0.000242552,0.000242552
2221,20261.9,1.27257,0.50192,0.8122,0.8474,0.65225,0.77283,0.4852,1.21751,0.45626,0.78583,0.00024176,0.00024176,0.00024176
2222,20271,1.33174,0.51476,0.80726,0.84694,0.65321,0.77335,0.48586,1.21754,0.45504,0.78576,0.000240968,0.000240968,0.000240968
2223,20280.4,1.2604,0.49285,0.80546,0.84637,0.65422,0.7748,0.48624,1.21743,0.45479,0.78577,0.000240176,0.000240176,0.000240176
2224,20289.3,1.32603,0.52215,0.81315,0.84782,0.6547,0.77536,0.48708,1.21587,0.45397,0.78579,0.000239384,0.000239384,0.000239384
2225,20298.6,1.26291,0.50318,0.80685,0.85017,0.65376,0.77468,0.48678,1.21192,0.4548,0.78587,0.000238592,0.000238592,0.000238592
2226,20307.9,1.34667,0.52074,0.80683,0.84966,0.65294,0.77374,0.4862,1.21259,0.45477,0.78584,0.0002378,0.0002378,0.0002378
2227,20317.2,1.31749,0.51439,0.80908,0.84821,0.65211,0.77277,0.48421,1.21511,0.4552,0.78599,0.000237008,0.000237008,0.000237008
2228,20326.3,1.36662,0.5261,0.81394,0.84786,0.65108,0.77208,0.48344,1.21596,0.45562,0.78603,0.000236216,0.000236216,0.000236216
2229,20335.5,1.30798,0.51015,0.81233,0.84538,0.6523,0.77262,0.48224,1.21795,0.45487,0.78615,0.000235424,0.000235424,0.000235424
2230,20344.7,1.35566,0.52908,0.80591,0.84558,0.65175,0.7722,0.48302,1.21993,0.45434,0.78617,0.000234632,0.000234632,0.000234632
2231,20353.8,1.32048,0.50493,0.80636,0.85335,0.64607,0.77037,0.48283,1.2193,0.45357,0.78611,0.00023384,0.00023384,0.00023384
2232,20362.9,1.29208,0.50627,0.80937,0.84778,0.64868,0.77013,0.48303,1.21951,0.45279,0.78595,0.000233048,0.000233048,0.000233048
2233,20372.3,1.28889,0.51309,0.81434,0.84763,0.64909,0.76987,0.48239,1.2214,0.45258,0.78589,0.000232256,0.000232256,0.000232256
2234,20381.6,1.32728,0.51658,0.81235,0.84913,0.65005,0.77038,0.48212,1.22214,0.45331,0.78575,0.000231464,0.000231464,0.000231464
2235,20390.5,1.23947,0.49582,0.8068,0.85117,0.64854,0.77025,0.48166,1.22287,0.45378,0.78577,0.000230672,0.000230672,0.000230672
2236,20399.9,1.30562,0.5064,0.80528,0.84954,0.65129,0.7711,0.48155,1.22026,0.45367,0.78545,0.00022988,0.00022988,0.00022988
2237,20408.8,1.28162,0.50708,0.80593,0.84966,0.65047,0.77051,0.4818,1.21588,0.45277,0.78537,0.000229088,0.000229088,0.000229088
2238,20417.7,1.2755,0.50617,0.81354,0.85205,0.64992,0.77077,0.48184,1.21537,0.45366,0.78527,0.000228296,0.000228296,0.000228296
2239,20426.7,1.31252,0.5077,0.80596,0.85144,0.64868,0.76991,0.48164,1.21557,0.45336,0.78536,0.000227504,0.000227504,0.000227504
2240,20436.1,1.31792,0.5121,0.80916,0.85345,0.64917,0.77088,0.48228,1.21653,0.453,0.78539,0.000226712,0.000226712,0.000226712
2241,20445.4,1.30901,0.50339,0.80431,0.85228,0.65031,0.77141,0.48197,1.2183,0.45286,0.78542,0.00022592,0.00022592,0.00022592
2242,20454.3,1.27215,0.50406,0.80621,0.85313,0.65074,0.77148,0.48218,1.21873,0.45431,0.78534,0.000225128,0.000225128,0.000225128
2243,20463.5,1.25649,0.49843,0.80746,0.85399,0.6517,0.77283,0.48414,1.21594,0.45378,0.78538,0.000224336,0.000224336,0.000224336
2244,20472.7,1.32923,0.51843,0.81162,0.85613,0.65032,0.7728,0.48441,1.21585,0.45378,0.78554,0.000223544,0.000223544,0.000223544
2245,20482.1,1.30013,0.50249,0.80594,0.84931,0.65459,0.77311,0.48491,1.21692,0.45328,0.78565,0.000222752,0.000222752,0.000222752
2246,20491.2,1.34839,0.5194,0.80775,0.85058,0.65414,0.77361,0.48527,1.21737,0.4534,0.7856,0.00022196,0.00022196,0.00022196
2247,20500.5,1.31486,0.51342,0.81072,0.85765,0.65308,0.77528,0.486,1.21262,0.45163,0.78528,0.000221168,0.000221168,0.000221168
2248,20509.6,1.31913,0.51712,0.80924,0.85768,0.65321,0.77541,0.48538,1.21321,0.45294,0.78513,0.000220376,0.000220376,0.000220376
2249,20518.8,1.23774,0.49501,0.81079,0.85765,0.65345,0.77592,0.48526,1.21162,0.45282,0.78509,0.000219584,0.000219584,0.000219584
2250,20527.8,1.30703,0.5164,0.81778,0.8574,0.65349,0.77488,0.48468,1.21212,0.4524,0.78521,0.000218792,0.000218792,0.000218792
2251,20536.9,1.29419,0.50126,0.8027,0.85209,0.65486,0.77495,0.4851,1.2115,0.45192,0.78537,0.000218,0.000218,0.000218
2252,20545.9,1.29897,0.50535,0.81312,0.85237,0.65472,0.77502,0.48521,1.21082,0.4511,0.7853,0.000217208,0.000217208,0.000217208
2253,20555.3,1.27918,0.50841,0.81223,0.85038,0.65464,0.77459,0.48528,1.21063,0.45052,0.78533,0.000216416,0.000216416,0.000216416
2254,20564.6,1.27683,0.50266,0.80727,0.8517,0.65308,0.77458,0.48556,1.21161,0.45132,0.78546,0.000215624,0.000215624,0.000215624
2255,20574.2,1.30989,0.51851,0.81138,0.85197,0.65581,0.7764,0.48688,1.21382,0.44975,0.78559,0.000214832,0.000214832,0.000214832
2256,20583.3,1.28461,0.50017,0.80669,0.85208,0.65555,0.7765,0.48707,1.21393,0.45023,0.78559,0.00021404,0.00021404,0.00021404
2257,20592.6,1.3049,0.51438,0.80875,0.85163,0.65562,0.77707,0.48648,1.21614,0.44922,0.7859,0.000213248,0.000213248,0.000213248
2258,20602,1.25788,0.50166,0.81039,0.85011,0.65623,0.77736,0.48644,1.21284,0.44931,0.78555,0.000212456,0.000212456,0.000212456
2259,20611.1,1.27903,0.50399,0.81108,0.8478,0.65294,0.77541,0.48771,1.20842,0.44786,0.78537,0.000211664,0.000211664,0.000211664
2260,20620.4,1.31225,0.50962,0.80953,0.84847,0.65198,0.77528,0.48751,1.207,0.44804,0.78536,0.000210872,0.000210872,0.000210872
2261,20629.6,1.25685,0.49947,0.80726,0.84733,0.65302,0.77511,0.48759,1.20827,0.44837,0.78541,0.00021008,0.00021008,0.00021008
2262,20638.8,1.28984,0.51024,0.81133,0.8461,0.65288,0.77509,0.48739,1.2099,0.44929,0.78534,0.000209288,0.000209288,0.000209288
2263,20647.9,1.32184,0.51275,0.81183,0.84462,0.65513,0.77479,0.48696,1.21084,0.44963,0.78549,0.000208496,0.000208496,0.000208496
2264,20656.9,1.27687,0.50228,0.80911,0.84538,0.6553,0.77406,0.48594,1.20893,0.44839,0.7853,0.000207704,0.000207704,0.000207704
2265,20666,1.24523,0.48872,0.80506,0.84545,0.65486,0.77319,0.48459,1.21004,0.44822,0.78527,0.000206912,0.000206912,0.000206912
2266,20675.3,1.32169,0.51654,0.81094,0.84495,0.655,0.773,0.48458,1.21164,0.44912,0.78521,0.00020612,0.00020612,0.00020612
2267,20684.7,1.25037,0.49348,0.813,0.84833,0.65225,0.77383,0.48469,1.21168,0.44903,0.78505,0.000205328,0.000205328,0.000205328
2268,20694,1.315,0.50063,0.80488,0.84965,0.6539,0.77603,0.48591,1.20917,0.44856,0.78497,0.000204536,0.000204536,0.000204536
2269,20703.1,1.27707,0.50566,0.81323,0.84776,0.65365,0.77583,0.48602,1.2102,0.45047,0.78484,0.000203744,0.000203744,0.000203744
2270,20712.1,1.34546,0.51928,0.81041,0.84882,0.65362,0.77634,0.48567,1.21076,0.45087,0.78478,0.000202952,0.000202952,0.000202952
2271,20721.5,1.33052,0.51927,0.81179,0.84793,0.65445,0.77562,0.48552,1.21399,0.45136,0.78466,0.00020216,0.00020216,0.00020216
2272,20730.4,1.28672,0.50364,0.80408,0.84929,0.65294,0.7752,0.48556,1.21235,0.4505,0.78482,0.000201368,0.000201368,0.000201368
2273,20739.5,1.29091,0.5046,0.80958,0.85067,0.65225,0.77606,0.48697,1.21288,0.45013,0.78479,0.000200576,0.000200576,0.000200576
2274,20748.5,1.33606,0.51628,0.80665,0.85019,0.65214,0.77584,0.48719,1.21305,0.45109,0.7848,0.000199784,0.000199784,0.000199784
2275,20757.9,1.26844,0.50391,0.80933,0.85296,0.65143,0.77611,0.48706,1.21382,0.4512,0.78481,0.000198992,0.000198992,0.000198992
2276,20767.2,1.31675,0.51288,0.80827,0.85402,0.65376,0.77693,0.48714,1.21372,0.44997,0.78494,0.0001982,0.0001982,0.0001982
2277,20776.2,1.29227,0.50846,0.81285,0.85386,0.65417,0.77678,0.48646,1.21481,0.45145,0.78537,0.000197408,0.000197408,0.000197408
2278,20785.2,1.29649,0.50211,0.80438,0.85315,0.65404,0.77614,0.48587,1.21432,0.45023,0.7855,0.000196616,0.000196616,0.000196616
2279,20794.5,1.3256,0.51236,0.81064,0.84873,0.65404,0.77509,0.48623,1.214,0.4498,0.78552,0.000195824,0.000195824,0.000195824
2280,20803.7,1.28326,0.49941,0.80466,0.84843,0.65397,0.77501,0.48569,1.21393,0.44916,0.78556,0.000195032,0.000195032,0.000195032
2281,20812.8,1.30077,0.51456,0.80961,0.84931,0.65383,0.77384,0.48518,1.21274,0.44963,0.78548,0.00019424,0.00019424,0.00019424
2282,20821.9,1.29252,0.51105,0.81088,0.85064,0.65365,0.77398,0.48544,1.21486,0.4507,0.7855,0.000193448,0.000193448,0.000193448
2283,20831.2,1.30364,0.50707,0.80637,0.8467,0.65212,0.77299,0.48588,1.21353,0.44975,0.78505,0.000192656,0.000192656,0.000192656
2284,20840.1,1.27524,0.49933,0.80202,0.84645,0.65311,0.77373,0.48621,1.2118,0.45027,0.78493,0.000191864,0.000191864,0.000191864
2285,20849.1,1.28027,0.4992,0.80416,0.84598,0.65376,0.77417,0.48554,1.21061,0.44834,0.785,0.000191072,0.000191072,0.000191072
2286,20858.1,1.24739,0.49403,0.8057,0.84651,0.65417,0.77438,0.48602,1.2116,0.4493,0.78517,0.00019028,0.00019028,0.00019028
2287,20867.4,1.26835,0.50007,0.80889,0.84826,0.65582,0.77509,0.48653,1.21008,0.44846,0.78502,0.000189488,0.000189488,0.000189488
2288,20876.3,1.29773,0.50408,0.80891,0.84862,0.65572,0.77507,0.48676,1.20957,0.44885,0.78481,0.000188696,0.000188696,0.000188696
2289,20885.6,1.29343,0.50189,0.80725,0.84875,0.65407,0.7744,0.48724,1.20589,0.44715,0.78469,0.000187904,0.000187904,0.000187904
2290,20895,1.30027,0.51403,0.8084,0.84778,0.65452,0.77401,0.48762,1.20393,0.44624,0.78475,0.000187112,0.000187112,0.000187112
2291,20904.2,1.29622,0.50928,0.80842,0.84515,0.65376,0.77316,0.48759,1.20289,0.44552,0.78486,0.00018632,0.00018632,0.00018632
2292,20913.2,1.28059,0.50011,0.80461,0.84579,0.65349,0.77338,0.48737,1.20292,0.44678,0.78487,0.000185528,0.000185528,0.000185528
2293,20922.4,1.30191,0.51264,0.81064,0.84771,0.65417,0.7736,0.48763,1.20264,0.44576,0.78466,0.000184736,0.000184736,0.000184736
2294,20931.5,1.24635,0.4959,0.80907,0.84725,0.65253,0.77329,0.48709,1.20567,0.44669,0.78482,0.000183944,0.000183944,0.000183944
2295,20940.9,1.30537,0.51042,0.80546,0.84585,0.65389,0.77401,0.48825,1.20652,0.44615,0.78487,0.000183152,0.000183152,0.000183152
2296,20950.5,1.26303,0.50125,0.81271,0.8473,0.65438,0.77485,0.48869,1.20515,0.44674,0.78474,0.00018236,0.00018236,0.00018236
2297,20960.2,1.30567,0.5039,0.80745,0.84776,0.65363,0.77577,0.4897,1.19907,0.44513,0.78463,0.000181568,0.000181568,0.000181568
2298,20969.6,1.29259,0.50411,0.81163,0.84782,0.65547,0.77659,0.48958,1.20316,0.44617,0.78484,0.000180776,0.000180776,0.000180776
2299,20978.8,1.34534,0.52106,0.80971,0.84942,0.65637,0.77759,0.48957,1.2048,0.44683,0.78501,0.000179984,0.000179984,0.000179984
2300,20987.8,1.27641,0.49716,0.80566,0.84851,0.65513,0.77701,0.48954,1.20313,0.44625,0.78499,0.000179192,0.000179192,0.000179192
2301,20996.9,1.25791,0.49725,0.80618,0.84786,0.655,0.77579,0.48993,1.2037,0.44625,0.78499,0.0001784,0.0001784,0.0001784
2302,21006.2,1.23384,0.49276,0.8063,0.85023,0.6539,0.77563,0.48997,1.20409,0.44711,0.78504,0.000177608,0.000177608,0.000177608
2303,21015.5,1.25388,0.4883,0.80405,0.84891,0.65486,0.77628,0.48973,1.20338,0.44668,0.78477,0.000176816,0.000176816,0.000176816
2304,21024.9,1.29224,0.50448,0.80422,0.84939,0.65486,0.77651,0.49031,1.20118,0.44525,0.7848,0.000176024,0.000176024,0.000176024
2305,21034.4,1.3075,0.51071,0.80713,0.84856,0.65431,0.77622,0.49083,1.19869,0.4445,0.78469,0.000175232,0.000175232,0.000175232
2306,21043.6,1.24892,0.49694,0.81106,0.84935,0.65403,0.77589,0.49061,1.20049,0.44544,0.78471,0.00017444,0.00017444,0.00017444
2307,21052.7,1.23436,0.49322,0.81191,0.85027,0.6539,0.77679,0.49027,1.20398,0.4462,0.78456,0.000173648,0.000173648,0.000173648
2308,21061.9,1.22999,0.48611,0.80198,0.84883,0.65335,0.77593,0.49012,1.20426,0.44586,0.78449,0.000172856,0.000172856,0.000172856
2309,21071.3,1.29232,0.5179,0.81361,0.84963,0.65472,0.77679,0.48947,1.20455,0.44635,0.78428,0.000172064,0.000172064,0.000172064
2310,21080.3,1.27047,0.5021,0.80793,0.84964,0.65513,0.77674,0.48967,1.20336,0.44568,0.78435,0.000171272,0.000171272,0.000171272
2311,21089.4,1.18127,0.47718,0.80567,0.84844,0.65568,0.77691,0.49023,1.20335,0.44563,0.78434,0.00017048,0.00017048,0.00017048
2312,21098.3,1.2811,0.50179,0.80846,0.84878,0.65497,0.77685,0.49033,1.20498,0.44656,0.78429,0.000169688,0.000169688,0.000169688
2313,21107.5,1.27493,0.49909,0.80684,0.84647,0.65541,0.77698,0.49007,1.20545,0.44645,0.7844,0.000168896,0.000168896,0.000168896
2314,21116.5,1.28957,0.5067,0.80671,0.84867,0.65459,0.777,0.48949,1.20503,0.44571,0.78435,0.000168104,0.000168104,0.000168104
2315,21125.7,1.29156,0.50561,0.80446,0.85118,0.65724,0.77862,0.49025,1.20463,0.44608,0.78459,0.000167312,0.000167312,0.000167312
2316,21134.8,1.21696,0.48352,0.80564,0.85009,0.65628,0.7781,0.49021,1.20593,0.44588,0.78457,0.00016652,0.00016652,0.00016652
2317,21144.2,1.24882,0.49294,0.8047,0.84693,0.65706,0.7777,0.49009,1.20656,0.44617,0.78451,0.000165728,0.000165728,0.000165728
2318,21153.2,1.30178,0.50978,0.80961,0.84757,0.65678,0.77747,0.4901,1.20585,0.44678,0.78462,0.000164936,0.000164936,0.000164936
2319,21162.6,1.34307,0.51777,0.81167,0.84871,0.6554,0.77638,0.48946,1.20424,0.44591,0.78453,0.000164144,0.000164144,0.000164144
2320,21171.8,1.31103,0.50807,0.80716,0.84952,0.65527,0.77594,0.4887,1.20189,0.44592,0.78456,0.000163352,0.000163352,0.000163352
2321,21180.7,1.27438,0.50241,0.81059,0.8515,0.65417,0.77572,0.48884,1.19912,0.44554,0.78455,0.00016256,0.00016256,0.00016256
2322,21190.1,1.29975,0.50169,0.80229,0.85169,0.65349,0.77523,0.48891,1.19925,0.44612,0.78457,0.000161768,0.000161768,0.000161768
2323,21199.1,1.28774,0.50337,0.81026,0.84868,0.65369,0.77475,0.48868,1.20136,0.44582,0.78454,0.000160976,0.000160976,0.000160976
2324,21208.3,1.27925,0.50325,0.80903,0.84775,0.65321,0.77489,0.48873,1.2021,0.4454,0.78461,0.000160184,0.000160184,0.000160184
2325,21217.5,1.23913,0.4908,0.80522,0.84871,0.65459,0.77538,0.48872,1.20186,0.44481,0.78472,0.000159392,0.000159392,0.000159392
2326,21226.4,1.27892,0.49745,0.80506,0.85014,0.65576,0.77614,0.48935,1.20058,0.44395,0.78489,0.0001586,0.0001586,0.0001586
2327,21235.9,1.27547,0.49982,0.80608,0.85025,0.65596,0.77693,0.49007,1.20069,0.44388,0.78513,0.000157808,0.000157808,0.000157808
2328,21245,1.22677,0.49264,0.80871,0.85225,0.65568,0.77727,0.49047,1.20018,0.44427,0.78495,0.000157016,0.000157016,0.000157016
2329,21254.4,1.30532,0.50543,0.80557,0.85196,0.65651,0.77716,0.49001,1.20035,0.44428,0.78498,0.000156224,0.000156224,0.000156224
2330,21263.6,1.2479,0.48877,0.80565,0.85182,0.65664,0.77753,0.49011,1.20012,0.44537,0.78488,0.000155432,0.000155432,0.000155432
2331,21272.7,1.23226,0.48757,0.80671,0.85236,0.65548,0.77751,0.49062,1.20071,0.44452,0.785,0.00015464,0.00015464,0.00015464
2332,21281.9,1.27929,0.49937,0.80563,0.85257,0.65568,0.77733,0.49076,1.20054,0.44418,0.78497,0.000153848,0.000153848,0.000153848
2333,21291.1,1.28371,0.49795,0.80487,0.85328,0.6561,0.77804,0.48926,1.20304,0.44479,0.78492,0.000153056,0.000153056,0.000153056
2334,21300.1,1.25325,0.49517,0.80236,0.85206,0.65596,0.77807,0.48969,1.20368,0.4444,0.7848,0.000152264,0.000152264,0.000152264
2335,21309.2,1.28583,0.50639,0.81053,0.84964,0.65553,0.77816,0.48979,1.2045,0.44406,0.78484,0.000151472,0.000151472,0.000151472
2336,21318.2,1.2461,0.4929,0.80488,0.84848,0.655,0.77742,0.48984,1.20375,0.44417,0.78474,0.00015068,0.00015068,0.00015068
2337,21327.5,1.25471,0.4926,0.80952,0.84896,0.65438,0.7775,0.4901,1.20421,0.4443,0.78469,0.000149888,0.000149888,0.000149888
2338,21336.7,1.28526,0.49963,0.80705,0.84899,0.65451,0.77744,0.49038,1.20291,0.44459,0.78466,0.000149096,0.000149096,0.000149096
2339,21346,1.31818,0.50816,0.80789,0.84981,0.65486,0.77729,0.48987,1.20288,0.44498,0.78452,0.000148304,0.000148304,0.000148304
2340,21355.1,1.26764,0.49726,0.8088,0.8505,0.65527,0.77744,0.48992,1.20246,0.44396,0.78445,0.000147512,0.000147512,0.000147512
2341,21364.5,1.28646,0.50453,0.80885,0.85007,0.655,0.77712,0.48997,1.20006,0.44315,0.78453,0.00014672,0.00014672,0.00014672
2342,21373.7,1.27635,0.50063,0.8051,0.84885,0.65534,0.77722,0.49032,1.2003,0.44367,0.78449,0.000145928,0.000145928,0.000145928
2343,21383,1.25674,0.49501,0.8064,0.84688,0.65453,0.77639,0.49016,1.20233,0.44292,0.78459,0.000145136,0.000145136,0.000145136
2344,21392.1,1.3266,0.51704,0.80456,0.8474,0.65566,0.77633,0.48985,1.20302,0.4428,0.78449,0.000144344,0.000144344,0.000144344
2345,21401.3,1.28912,0.50381,0.80882,0.84533,0.65513,0.77522,0.48943,1.20492,0.44357,0.7847,0.000143552,0.000143552,0.000143552
2346,21410.5,1.28118,0.50865,0.81058,0.84595,0.65445,0.77485,0.48931,1.20378,0.44341,0.78479,0.00014276,0.00014276,0.00014276
2347,21419.8,1.27832,0.49778,0.80212,0.84783,0.65596,0.77577,0.48944,1.20382,0.44342,0.7846,0.000141968,0.000141968,0.000141968
2348,21429.2,1.25618,0.495,0.80609,0.84682,0.65582,0.77586,0.48944,1.20289,0.44337,0.78465,0.000141176,0.000141176,0.000141176
2349,21438.6,1.2702,0.49459,0.80666,0.84744,0.65596,0.77718,0.49047,1.20344,0.44334,0.78476,0.000140384,0.000140384,0.000140384
2350,21447.9,1.24365,0.49469,0.81157,0.84712,0.65497,0.77632,0.49034,1.20562,0.44415,0.78478,0.000139592,0.000139592,0.000139592
2351,21457,1.27628,0.49915,0.80507,0.84765,0.65486,0.77744,0.49131,1.20693,0.44604,0.78494,0.0001388,0.0001388,0.0001388
2352,21466.6,1.31268,0.51368,0.81251,0.84872,0.65527,0.7787,0.49156,1.2051,0.44572,0.78485,0.000138008,0.000138008,0.000138008
2353,21476.2,1.23019,0.49017,0.8107,0.851,0.65362,0.77806,0.4918,1.20075,0.44409,0.78479,0.000137216,0.000137216,0.000137216
2354,21485.7,1.30361,0.49778,0.80043,0.85108,0.65404,0.7784,0.49207,1.20011,0.44416,0.78485,0.000136424,0.000136424,0.000136424
2355,21495.2,1.22047,0.48813,0.80557,0.85054,0.65362,0.77837,0.49221,1.20081,0.44437,0.78479,0.000135632,0.000135632,0.000135632
2356,21504.6,1.2734,0.49695,0.80554,0.85144,0.65431,0.77909,0.49247,1.19989,0.44396,0.78471,0.00013484,0.00013484,0.00013484
2357,21514.1,1.24424,0.48676,0.80262,0.85297,0.65308,0.77951,0.49207,1.20041,0.44447,0.7847,0.000134048,0.000134048,0.000134048
2358,21523.1,1.2245,0.48402,0.80425,0.85273,0.65266,0.77911,0.49211,1.20081,0.44475,0.7847,0.000133256,0.000133256,0.000133256
2359,21532.4,1.2926,0.50475,0.81032,0.85186,0.65541,0.78051,0.4926,1.19459,0.4433,0.78455,0.000132464,0.000132464,0.000132464
2360,21541.7,1.22141,0.48695,0.80873,0.85116,0.65637,0.78094,0.49263,1.19493,0.44387,0.78431,0.000131672,0.000131672,0.000131672
2361,21551.1,1.24154,0.49718,0.8119,0.85299,0.65555,0.78151,0.49292,1.18966,0.44199,0.78411,0.00013088,0.00013088,0.00013088
2362,21560.5,1.30563,0.5156,0.80914,0.85293,0.65596,0.78123,0.49299,1.19064,0.44239,0.78419,0.000130088,0.000130088,0.000130088
2363,21570.2,1.26789,0.49799,0.81108,0.84971,0.65582,0.7798,0.49208,1.1914,0.44265,0.78412,0.000129296,0.000129296,0.000129296
2364,21579.2,1.2352,0.48858,0.80448,0.8481,0.65614,0.77901,0.49236,1.19164,0.44399,0.78419,0.000128504,0.000128504,0.000128504
2365,21588.3,1.30343,0.51636,0.81016,0.84837,0.65675,0.7792,0.49203,1.19096,0.44541,0.78413,0.000127712,0.000127712,0.000127712
2366,21597.2,1.2933,0.50771,0.80718,0.8472,0.65689,0.77898,0.49184,1.18894,0.44477,0.78414,0.00012692,0.00012692,0.00012692
2367,21606.6,1.28038,0.50218,0.81287,0.84695,0.65868,0.77981,0.49175,1.19067,0.4463,0.78428,0.000126128,0.000126128,0.000126128
2368,21615.9,1.33051,0.51149,0.81046,0.84737,0.65898,0.78046,0.49215,1.18981,0.44553,0.78417,0.000125336,0.000125336,0.000125336
2369,21625.1,1.32808,0.51617,0.80812,0.84812,0.65898,0.77983,0.49179,1.19169,0.44477,0.78434,0.000124544,0.000124544,0.000124544
2370,21634.5,1.29821,0.51097,0.81111,0.84801,0.65796,0.77985,0.49201,1.19144,0.44434,0.78442,0.000123752,0.000123752,0.000123752
2371,21644,1.2896,0.50433,0.80251,0.84928,0.65755,0.77931,0.49239,1.19275,0.44485,0.78451,0.00012296,0.00012296,0.00012296
2372,21653.2,1.36675,0.52537,0.81358,0.84971,0.65666,0.77848,0.49207,1.19428,0.44588,0.78465,0.000122168,0.000122168,0.000122168
2373,21662.1,1.28301,0.50841,0.81157,0.84976,0.65613,0.77781,0.49036,1.19812,0.44779,0.78474,0.000121376,0.000121376,0.000121376
2374,21670.9,1.20369,0.48056,0.80172,0.84899,0.65651,0.77769,0.49051,1.19795,0.44743,0.78468,0.000120584,0.000120584,0.000120584
2375,21680.4,1.22713,0.48278,0.80181,0.8488,0.65664,0.77758,0.49079,1.19669,0.44588,0.78444,0.000119792,0.000119792,0.000119792
2376,21689.3,1.23232,0.49181,0.80627,0.84843,0.65623,0.77748,0.49075,1.19626,0.44741,0.78437,0.000119,0.000119,0.000119
2377,21698.5,1.25678,0.48916,0.80386,0.84968,0.6565,0.77822,0.49112,1.19263,0.44559,0.78419,0.000118208,0.000118208,0.000118208
2378,21707.8,1.22896,0.48362,0.80397,0.84878,0.65733,0.77849,0.49165,1.19289,0.44516,0.78426,0.000117416,0.000117416,0.000117416
2379,21716.9,1.24955,0.49789,0.81107,0.84753,0.65782,0.77902,0.49243,1.19306,0.44631,0.78424,0.000116624,0.000116624,0.000116624
2380,21725.9,1.23859,0.48841,0.8047,0.84922,0.65925,0.78028,0.49266,1.19358,0.44618,0.78419,0.000115832,0.000115832,0.000115832
2381,21735.2,1.18937,0.47682,0.80553,0.84953,0.65961,0.78056,0.49253,1.19691,0.44533,0.78433,0.00011504,0.00011504,0.00011504
2382,21744.7,1.28393,0.50359,0.80568,0.84872,0.65898,0.77999,0.49243,1.19798,0.4453,0.78431,0.000114248,0.000114248,0.000114248
2383,21753.8,1.22765,0.48904,0.80514,0.8488,0.65892,0.78073,0.49251,1.19716,0.44513,0.7842,0.000113456,0.000113456,0.000113456
2384,21762.9,1.3106,0.51383,0.8061,0.84792,0.65981,0.78093,0.49262,1.19773,0.44544,0.7843,0.000112664,0.000112664,0.000112664
2385,21771.7,1.23484,0.49168,0.80266,0.84787,0.65802,0.78029,0.49309,1.1963,0.44438,0.78435,0.000111872,0.000111872,0.000111872
2386,21781.3,1.2284,0.48881,0.80727,0.84664,0.65761,0.77989,0.49285,1.19791,0.44441,0.78431,0.00011108,0.00011108,0.00011108
2387,21790.7,1.24638,0.49151,0.80585,0.84817,0.65678,0.77891,0.49198,1.19604,0.44386,0.78453,0.000110288,0.000110288,0.000110288
2388,21799.6,1.25345,0.4942,0.8051,0.84907,0.6557,0.77824,0.49192,1.19492,0.44354,0.78458,0.000109496,0.000109496,0.000109496
2389,21808.9,1.27836,0.49771,0.80783,0.84814,0.65555,0.77732,0.49115,1.19564,0.44293,0.78451,0.000108704,0.000108704,0.000108704
2390,21817.9,1.28478,0.49489,0.80507,0.84856,0.65538,0.77725,0.49105,1.19603,0.44348,0.78441,0.000107912,0.000107912,0.000107912
2391,21826.9,1.27593,0.50347,0.80766,0.84845,0.65637,0.77722,0.49051,1.19657,0.44438,0.78443,0.00010712,0.00010712,0.00010712
2392,21835.9,1.25259,0.49663,0.8083,0.84786,0.65678,0.77773,0.49071,1.19369,0.44447,0.78441,0.000106328,0.000106328,0.000106328
2393,21845.2,1.2519,0.49125,0.80698,0.84752,0.6555,0.77652,0.49047,1.19469,0.44466,0.78444,0.000105536,0.000105536,0.000105536
2394,21854.2,1.3196,0.51145,0.80541,0.84744,0.65568,0.77658,0.49,1.19692,0.44492,0.78445,0.000104744,0.000104744,0.000104744
2395,21863.5,1.30109,0.50746,0.80444,0.84805,0.65664,0.77702,0.49067,1.1966,0.44373,0.78445,0.000103952,0.000103952,0.000103952
2396,21872.9,1.25614,0.48822,0.80434,0.84798,0.65706,0.7771,0.49092,1.1952,0.44353,0.78441,0.00010316,0.00010316,0.00010316
2397,21882.4,1.25361,0.49901,0.81021,0.84703,0.65678,0.77646,0.4909,1.1936,0.44338,0.78446,0.000102368,0.000102368,0.000102368
2398,21891.5,1.27223,0.49257,0.80436,0.84647,0.65699,0.7772,0.49123,1.1939,0.44371,0.78443,0.000101576,0.000101576,0.000101576
2399,21900.8,1.24808,0.4892,0.8061,0.84811,0.65541,0.77755,0.49164,1.19163,0.44387,0.78439,0.000100784,0.000100784,0.000100784
2400,21910.1,1.27866,0.50064,0.80965,0.84689,0.65536,0.7775,0.49146,1.19177,0.44357,0.78447,9.9992e-05,9.9992e-05,9.9992e-05
2401,21963.4,1.27597,0.87712,0.80801,0.84703,0.65486,0.77655,0.49003,1.19384,0.44275,0.78443,9.92e-05,9.92e-05,9.92e-05
2402,21971.5,1.34701,0.8727,0.8103,0.84669,0.65472,0.77614,0.48964,1.19454,0.44361,0.78449,9.8408e-05,9.8408e-05,9.8408e-05
2403,21979.8,1.26466,0.80516,0.81042,0.84447,0.6515,0.7728,0.48491,1.2066,0.44573,0.78482,9.7616e-05,9.7616e-05,9.7616e-05
2404,21988,1.24938,0.51627,0.81146,0.8438,0.6519,0.77108,0.483,1.21503,0.44895,0.78519,9.6824e-05,9.6824e-05,9.6824e-05
2405,21996.4,1.2583,0.51499,0.80683,0.84531,0.64854,0.76877,0.47854,1.23086,0.45665,0.78608,9.6032e-05,9.6032e-05,9.6032e-05
2406,22004.6,1.28856,0.51875,0.79788,0.84183,0.64884,0.76657,0.47563,1.23839,0.46092,0.78632,9.524e-05,9.524e-05,9.524e-05
2407,22012.9,1.19345,0.49089,0.79882,0.84218,0.64541,0.76351,0.47039,1.25374,0.46647,0.78701,9.4448e-05,9.4448e-05,9.4448e-05
2408,22021.1,1.16735,0.48899,0.80657,0.84096,0.64594,0.76378,0.46879,1.2614,0.47005,0.78722,9.3656e-05,9.3656e-05,9.3656e-05
2409,22029.5,1.1907,0.47746,0.80681,0.83901,0.64896,0.76768,0.46945,1.26931,0.47177,0.78751,9.2864e-05,9.2864e-05,9.2864e-05
2410,22037.7,1.20532,0.47793,0.79745,0.83724,0.65033,0.76882,0.4697,1.27218,0.47339,0.78795,9.2072e-05,9.2072e-05,9.2072e-05
2411,22046,1.16246,0.46659,0.80421,0.83804,0.65198,0.76774,0.46954,1.27841,0.47397,0.78808,9.128e-05,9.128e-05,9.128e-05
2412,22054.2,1.20063,0.47079,0.80547,0.83669,0.65143,0.76683,0.46942,1.27798,0.47327,0.78832,9.0488e-05,9.0488e-05,9.0488e-05
2413,22062.7,1.17981,0.46992,0.80115,0.83441,0.65047,0.76462,0.46934,1.27923,0.47414,0.78833,8.9696e-05,8.9696e-05,8.9696e-05
2414,22071,1.21061,0.48152,0.79901,0.83698,0.64813,0.76357,0.46924,1.27835,0.47368,0.78859,8.8904e-05,8.8904e-05,8.8904e-05
2415,22079.5,1.13763,0.4642,0.79797,0.83648,0.64961,0.76493,0.46918,1.27659,0.47319,0.78835,8.8112e-05,8.8112e-05,8.8112e-05
2416,22087.8,1.15596,0.46334,0.79571,0.83464,0.6493,0.76476,0.46969,1.27544,0.47233,0.78843,8.732e-05,8.732e-05,8.732e-05
2417,22096,1.1565,0.47008,0.79524,0.83813,0.64868,0.76661,0.471,1.27371,0.47159,0.78815,8.6528e-05,8.6528e-05,8.6528e-05
2418,22104.5,1.17075,0.47003,0.79204,0.83773,0.64978,0.76691,0.47125,1.27221,0.47034,0.78794,8.5736e-05,8.5736e-05,8.5736e-05
2419,22112.8,1.18311,0.477,0.80645,0.83954,0.65047,0.76803,0.47174,1.27032,0.47079,0.78789,8.4944e-05,8.4944e-05,8.4944e-05
2420,22120.8,1.22696,0.47468,0.79562,0.84126,0.65184,0.76867,0.47213,1.27029,0.47123,0.78811,8.4152e-05,8.4152e-05,8.4152e-05
2421,22128.9,1.21239,0.47238,0.8059,0.84085,0.65266,0.76948,0.47199,1.27252,0.47146,0.78837,8.336e-05,8.336e-05,8.336e-05
2422,22137.1,1.12334,0.44804,0.79452,0.84143,0.65308,0.7699,0.47189,1.27131,0.47059,0.78824,8.2568e-05,8.2568e-05,8.2568e-05
2423,22145.5,1.11845,0.45506,0.79942,0.8392,0.65308,0.76966,0.47263,1.26753,0.4683,0.78809,8.1776e-05,8.1776e-05,8.1776e-05
2424,22153.7,1.17526,0.47045,0.79768,0.84025,0.6528,0.77004,0.47325,1.26506,0.46789,0.78811,8.0984e-05,8.0984e-05,8.0984e-05
2425,22162.2,1.15724,0.46099,0.79768,0.84,0.65301,0.76999,0.47382,1.26181,0.46617,0.78795,8.0192e-05,8.0192e-05,8.0192e-05
2426,22170.7,1.12918,0.45238,0.79712,0.84032,0.65239,0.76976,0.47359,1.26135,0.46587,0.78792,7.94e-05,7.94e-05,7.94e-05
2427,22179.3,1.11886,0.45073,0.79809,0.84331,0.64947,0.76952,0.47453,1.25836,0.46454,0.78778,7.8608e-05,7.8608e-05,7.8608e-05
2428,22188,1.16115,0.45995,0.79748,0.84182,0.65211,0.77067,0.47514,1.25708,0.46412,0.78762,7.7816e-05,7.7816e-05,7.7816e-05
2429,22196.6,1.13317,0.45486,0.79553,0.83929,0.6517,0.76969,0.4752,1.254,0.46275,0.78754,7.7024e-05,7.7024e-05,7.7024e-05
2430,22205,1.16086,0.45656,0.79922,0.83949,0.65184,0.76937,0.4753,1.25232,0.46354,0.78756,7.6232e-05,7.6232e-05,7.6232e-05
2431,22213.7,1.14802,0.45278,0.7932,0.83984,0.65225,0.76887,0.47529,1.24688,0.46096,0.78751,7.544e-05,7.544e-05,7.544e-05
2432,22222.2,1.10802,0.44852,0.79736,0.8395,0.65459,0.77082,0.47631,1.24513,0.46101,0.78757,7.4648e-05,7.4648e-05,7.4648e-05
2433,22231,1.08494,0.44098,0.79709,0.84248,0.65351,0.77207,0.47757,1.24195,0.46001,0.78744,7.3856e-05,7.3856e-05,7.3856e-05
2434,22239.9,1.08264,0.43736,0.79541,0.84139,0.65266,0.77194,0.47816,1.24004,0.45959,0.78735,7.3064e-05,7.3064e-05,7.3064e-05
2435,22248.1,1.1384,0.45144,0.79126,0.83855,0.65376,0.772,0.47911,1.23733,0.45887,0.78715,7.2272e-05,7.2272e-05,7.2272e-05
2436,22256.6,1.08771,0.43958,0.79737,0.83943,0.65266,0.77218,0.47954,1.23853,0.45872,0.78731,7.148e-05,7.148e-05,7.148e-05
2437,22265.3,1.16719,0.4564,0.79014,0.84193,0.65151,0.77248,0.48026,1.23835,0.45865,0.78715,7.0688e-05,7.0688e-05,7.0688e-05
2438,22273.9,1.14402,0.4571,0.79579,0.8433,0.65225,0.77273,0.48051,1.23729,0.45823,0.7871,6.9896e-05,6.9896e-05,6.9896e-05
2439,22282.9,1.0663,0.43388,0.79639,0.84115,0.65356,0.77282,0.48084,1.23661,0.45916,0.78686,6.9104e-05,6.9104e-05,6.9104e-05
2440,22291.3,1.1061,0.44601,0.79526,0.84075,0.65362,0.77258,0.48117,1.23466,0.45799,0.78671,6.8312e-05,6.8312e-05,6.8312e-05
2441,22299.7,1.13083,0.45069,0.79808,0.84298,0.65301,0.77226,0.48106,1.23141,0.45709,0.78659,6.752e-05,6.752e-05,6.752e-05
2442,22308,1.14674,0.45947,0.79898,0.84206,0.65288,0.77208,0.48071,1.23071,0.45701,0.78664,6.6728e-05,6.6728e-05,6.6728e-05
2443,22316.4,1.04308,0.43258,0.80325,0.84185,0.65376,0.77243,0.48177,1.22693,0.45657,0.78612,6.5936e-05,6.5936e-05,6.5936e-05
2444,22324.6,1.09844,0.44087,0.7963,0.84292,0.65348,0.7726,0.48189,1.22597,0.45672,0.78607,6.5144e-05,6.5144e-05,6.5144e-05
2445,22332.9,1.10017,0.44564,0.79984,0.84258,0.6528,0.77243,0.48187,1.22765,0.45697,0.78613,6.4352e-05,6.4352e-05,6.4352e-05
2446,22341.3,1.12061,0.44506,0.79551,0.84179,0.65184,0.77206,0.4827,1.22785,0.45748,0.78608,6.356e-05,6.356e-05,6.356e-05
2447,22349.5,1.1214,0.4478,0.79508,0.84243,0.65253,0.77247,0.48275,1.22599,0.45627,0.78587,6.2768e-05,6.2768e-05,6.2768e-05
2448,22358.1,1.11977,0.44327,0.79625,0.84225,0.65239,0.77205,0.48258,1.22554,0.45591,0.78599,6.1976e-05,6.1976e-05,6.1976e-05
2449,22366.4,1.15539,0.46156,0.79483,0.84316,0.65308,0.77273,0.4829,1.22481,0.45536,0.7862,6.1184e-05,6.1184e-05,6.1184e-05
2450,22374.6,1.16989,0.45964,0.79486,0.84272,0.65322,0.77254,0.48282,1.22504,0.45556,0.7862,6.0392e-05,6.0392e-05,6.0392e-05
2451,22383,1.1401,0.45911,0.79769,0.84286,0.65404,0.77235,0.48215,1.22628,0.45584,0.78617,5.96e-05,5.96e-05,5.96e-05
2452,22391.4,1.10458,0.44489,0.80134,0.84363,0.65445,0.77281,0.48226,1.22551,0.45507,0.78625,5.8808e-05,5.8808e-05,5.8808e-05
2453,22399.7,1.11769,0.4523,0.80179,0.84547,0.65541,0.77394,0.4826,1.22727,0.45665,0.78615,5.8016e-05,5.8016e-05,5.8016e-05
2454,22407.8,1.10636,0.44446,0.80034,0.84578,0.65581,0.77384,0.48213,1.22869,0.4562,0.78614,5.7224e-05,5.7224e-05,5.7224e-05
2455,22416.1,1.10051,0.44064,0.8003,0.84453,0.65431,0.77308,0.48292,1.22668,0.45594,0.78601,5.6432e-05,5.6432e-05,5.6432e-05
2456,22424.4,1.17311,0.45142,0.79784,0.84421,0.65362,0.77293,0.48302,1.22496,0.45557,0.78601,5.564e-05,5.564e-05,5.564e-05
2457,22432.9,1.14422,0.45051,0.79444,0.84556,0.65318,0.7733,0.48375,1.22256,0.45512,0.78597,5.4848e-05,5.4848e-05,5.4848e-05
2458,22441.1,1.08484,0.43532,0.80383,0.8462,0.6526,0.77344,0.48438,1.22129,0.45405,0.78601,5.4056e-05,5.4056e-05,5.4056e-05
2459,22449.6,1.082,0.43283,0.79248,0.84858,0.65399,0.77485,0.48503,1.21721,0.45282,0.7858,5.3264e-05,5.3264e-05,5.3264e-05
2460,22457.9,1.08734,0.43644,0.7966,0.84827,0.65376,0.77506,0.48522,1.21485,0.45262,0.78565,5.2472e-05,5.2472e-05,5.2472e-05
2461,22466.4,1.15505,0.4509,0.79281,0.84949,0.65323,0.77558,0.48569,1.21553,0.45147,0.78569,5.168e-05,5.168e-05,5.168e-05
2462,22474.9,1.15175,0.44565,0.79186,0.84953,0.65362,0.77556,0.48638,1.21379,0.45098,0.78571,5.0888e-05,5.0888e-05,5.0888e-05
2463,22483.6,1.0753,0.43858,0.80012,0.84875,0.6539,0.77582,0.48597,1.2155,0.45066,0.7857,5.0096e-05,5.0096e-05,5.0096e-05
2464,22492.2,1.06171,0.43069,0.79506,0.84864,0.65404,0.77586,0.48552,1.21683,0.45121,0.78562,4.9304e-05,4.9304e-05,4.9304e-05
2465,22500.9,1.11507,0.43882,0.79865,0.84632,0.65404,0.77546,0.48544,1.21681,0.45068,0.78551,4.8512e-05,4.8512e-05,4.8512e-05
2466,22509.8,1.0909,0.43826,0.79614,0.84507,0.65371,0.77518,0.4853,1.21634,0.45078,0.78548,4.772e-05,4.772e-05,4.772e-05
2467,22518.1,1.12773,0.44754,0.79214,0.84537,0.65266,0.77443,0.48527,1.21787,0.45128,0.78571,4.6928e-05,4.6928e-05,4.6928e-05
2468,22526.5,1.05945,0.42998,0.79835,0.84451,0.6532,0.7747,0.48556,1.21685,0.45158,0.78564,4.6136e-05,4.6136e-05,4.6136e-05
2469,22535.3,1.17339,0.45035,0.79731,0.84596,0.65217,0.77441,0.48513,1.21795,0.45182,0.78567,4.5344e-05,4.5344e-05,4.5344e-05
2470,22544.2,1.13139,0.44788,0.79096,0.84633,0.65225,0.77454,0.48505,1.21672,0.45126,0.78563,4.4552e-05,4.4552e-05,4.4552e-05
2471,22552.3,1.12715,0.44991,0.80123,0.84603,0.65255,0.77451,0.48475,1.21785,0.45206,0.78569,4.376e-05,4.376e-05,4.376e-05
2472,22560.6,1.12214,0.4482,0.79777,0.84496,0.65171,0.77415,0.48506,1.21787,0.45223,0.78584,4.2968e-05,4.2968e-05,4.2968e-05
2473,22569.3,1.0296,0.42581,0.79461,0.84402,0.65143,0.77411,0.48558,1.21707,0.45174,0.78581,4.2176e-05,4.2176e-05,4.2176e-05
2474,22578,1.10942,0.44213,0.79552,0.84287,0.65211,0.77424,0.48564,1.21679,0.45143,0.78584,4.1384e-05,4.1384e-05,4.1384e-05
2475,22586.2,1.08827,0.44043,0.79146,0.84305,0.65143,0.77435,0.48621,1.21446,0.45124,0.78577,4.0592e-05,4.0592e-05,4.0592e-05
2476,22594.7,1.15237,0.48154,0.79511,0.84269,0.65184,0.77479,0.48631,1.21591,0.45131,0.78582,3.98e-05,3.98e-05,3.98e-05
2477,22603.4,1.13789,0.45075,0.79377,0.8405,0.65459,0.77497,0.48632,1.21438,0.4517,0.78582,3.9008e-05,3.9008e-05,3.9008e-05
2478,22612.1,1.09793,0.44303,0.79988,0.84275,0.65336,0.77479,0.48664,1.21286,0.4516,0.78584,3.8216e-05,3.8216e-05,3.8216e-05
2479,22620.5,1.14441,0.4552,0.80125,0.84398,0.65294,0.77453,0.48671,1.21548,0.45213,0.78585,3.7424e-05,3.7424e-05,3.7424e-05
2480,22628.6,1.06195,0.43922,0.80003,0.84164,0.65376,0.77428,0.48617,1.21466,0.45204,0.78584,3.6632e-05,3.6632e-05,3.6632e-05
2481,22637,1.07862,0.43541,0.79345,0.84185,0.65335,0.77431,0.48638,1.21574,0.45274,0.78578,3.584e-05,3.584e-05,3.584e-05
2482,22645.3,1.21319,0.46384,0.7944,0.842,0.65336,0.77405,0.4859,1.21543,0.45296,0.78585,3.5048e-05,3.5048e-05,3.5048e-05
2483,22653.5,1.07677,0.43566,0.79543,0.84087,0.65362,0.77455,0.48578,1.21548,0.45199,0.78592,3.4256e-05,3.4256e-05,3.4256e-05
2484,22662,1.11946,0.44427,0.79496,0.84215,0.65335,0.77476,0.48577,1.21646,0.45269,0.78582,3.3464e-05,3.3464e-05,3.3464e-05
2485,22670.8,1.09747,0.4356,0.79828,0.84273,0.65294,0.77437,0.48552,1.22049,0.45289,0.78583,3.2672e-05,3.2672e-05,3.2672e-05
2486,22679.5,1.13849,0.44213,0.79367,0.8418,0.65239,0.77382,0.48591,1.21954,0.45287,0.78586,3.188e-05,3.188e-05,3.188e-05
2487,22688.1,1.13709,0.44676,0.79317,0.84272,0.65175,0.7736,0.48553,1.21891,0.45223,0.78601,3.1088e-05,3.1088e-05,3.1088e-05
2488,22696.7,1.15542,0.46488,0.79893,0.84283,0.6517,0.77355,0.48547,1.21768,0.45234,0.786,3.0296e-05,3.0296e-05,3.0296e-05
2489,22705.6,1.08054,0.43084,0.79388,0.84407,0.65399,0.77476,0.48569,1.2164,0.45163,0.78609,2.9504e-05,2.9504e-05,2.9504e-05
2490,22714,1.13442,0.44344,0.79231,0.84384,0.65359,0.77436,0.48559,1.2161,0.45123,0.78614,2.8712e-05,2.8712e-05,2.8712e-05
2491,22722.7,1.09873,0.43898,0.79561,0.84233,0.65425,0.77495,0.48581,1.2158,0.45063,0.78622,2.792e-05,2.792e-05,2.792e-05
2492,22731.4,1.08888,0.43239,0.79411,0.84198,0.65404,0.77443,0.48603,1.21465,0.45127,0.78619,2.7128e-05,2.7128e-05,2.7128e-05
2493,22740.3,1.20312,0.45498,0.79403,0.8421,0.65362,0.77359,0.48615,1.21381,0.45015,0.78625,2.6336e-05,2.6336e-05,2.6336e-05
2494,22748.9,1.06731,0.4223,0.79546,0.84265,0.6539,0.77375,0.48651,1.21322,0.45075,0.78613,2.5544e-05,2.5544e-05,2.5544e-05
2495,22757.9,1.08249,0.43796,0.79594,0.84352,0.65274,0.77387,0.48667,1.21078,0.45061,0.78604,2.4752e-05,2.4752e-05,2.4752e-05
2496,22766.2,1.07126,0.42717,0.79754,0.84238,0.65349,0.77398,0.48673,1.21089,0.45056,0.78614,2.396e-05,2.396e-05,2.396e-05
2497,22774.9,1.10191,0.43475,0.79434,0.84229,0.65308,0.7737,0.48664,1.21164,0.44925,0.78598,2.3168e-05,2.3168e-05,2.3168e-05
2498,22783.5,1.06171,0.4303,0.79698,0.84147,0.65349,0.77386,0.48693,1.21171,0.44984,0.78604,2.2376e-05,2.2376e-05,2.2376e-05
2499,22792.2,1.12392,0.43734,0.79154,0.84132,0.65439,0.77399,0.4871,1.21094,0.44982,0.78603,2.1584e-05,2.1584e-05,2.1584e-05
2500,22801.1,1.01131,0.41563,0.79253,0.84265,0.65508,0.77477,0.48746,1.21055,0.44992,0.78603,2.0792e-05,2.0792e-05,2.0792e-05
