epoch,time,train/box_loss,train/cls_loss,train/dfl_loss,metrics/precision(B),metrics/recall(B),metrics/mAP50(B),metrics/mAP50-95(B),val/box_loss,val/cls_loss,val/dfl_loss,lr/pg0,lr/pg1,lr/pg2
1,4.46889,6.3604,4.20518,1.6939,0.04454,0.06617,0.02401,0.00947,6.35754,5.08437,1.44334,0.04902,2e-05,2e-05
2,7.06563,6.14537,4.1634,1.7164,0.04238,0.06329,0.02274,0.00887,6.41508,5.08048,1.45714,0.04755,4.99999e-05,4.99999e-05
3,9.39098,6.77153,4.5052,1.70137,0.04178,0.06205,0.02243,0.00868,6.45837,5.08123,1.46483,0.04608,7.99992e-05,7.99992e-05
4,11.8763,6.2328,4.05643,1.73539,0.04482,0.06768,0.02416,0.00935,6.48076,4.88539,1.46609,0.04461,0.000109998,0.000109998
5,14.5547,6.37607,4.04601,1.69072,0.05267,0.08169,0.02906,0.01151,6.3949,4.43575,1.45066,0.04314,0.000139995,0.000139995
6,17.7394,5.5771,3.38012,1.6095,0.07318,0.1182,0.04608,0.01802,6.23879,3.46801,1.40423,0.04167,0.00016999,0.00016999
7,20.6594,5.51275,2.75394,1.49812,0.18827,0.13303,0.0871,0.03168,6.10095,3.09622,1.33631,0.0402,0.000199982,0.000199982
8,23.7555,5.46748,2.32967,1.42482,0.28316,0.18808,0.15314,0.0525,5.97789,3.31687,1.26632,0.03873,0.000229972,0.000229972
9,26.6312,4.90164,2.12562,1.36285,0.33255,0.21225,0.18717,0.06227,6.00382,2.68608,1.22611,0.03726,0.000259959,0.000259959
10,29.6127,4.92939,1.87971,1.35412,0.34805,0.20826,0.18337,0.05966,6.15439,2.25247,1.21815,0.0357899,0.000289943,0.000289943
11,32.8627,5.47638,1.94104,1.2905,0.3606,0.19673,0.18395,0.05638,6.25639,2.13958,1.20697,0.0343199,0.000319922,0.000319922
12,35.6222,5.38005,1.82079,1.28332,0.33162,0.23119,0.20063,0.06218,6.2098,1.94047,1.20253,0.0328499,0.000349897,0.000349897
13,38.3004,4.97763,1.71489,1.25576,0.30796,0.2327,0.18613,0.05892,6.09375,1.97133,1.19204,0.0313799,0.000379866,0.000379866
14,41.0611,4.98941,1.58681,1.2745,0.29046,0.22501,0.16489,0.05267,6.0117,2.17273,1.1868,0.0299098,0.000409831,0.000409831
15,44.3947,4.8774,1.55627,1.25254,0.31486,0.23009,0.18316,0.05752,6.01967,2.14724,1.18467,0.0284398,0.000439789,0.000439789
16,47.2001,4.74501,1.47383,1.26848,0.33831,0.23676,0.20515,0.06715,5.8439,1.98369,1.17833,0.0269697,0.000469742,0.000469742
17,50.0022,4.42887,1.45736,1.25449,0.35149,0.2478,0.22438,0.0747,5.76857,1.95431,1.17462,0.0254997,0.000499687,0.000499687
18,53.3879,4.74442,1.39829,1.22547,0.35334,0.26414,0.2397,0.08389,5.63182,1.90718,1.1715,0.0240296,0.000529626,0.000529626
19,56.4349,4.60165,1.3616,1.20976,0.36729,0.27512,0.24976,0.0841,5.55302,1.77867,1.16458,0.0225596,0.000559557,0.000559557
20,59.235,4.72456,1.41486,1.20935,0.38764,0.28391,0.26239,0.0904,5.46034,1.89297,1.16523,0.0210895,0.00058948,0.00058948
21,62.0804,4.58663,1.43008,1.22031,0.39163,0.28817,0.26172,0.08794,5.41772,1.75997,1.16013,0.0196194,0.000619394,0.000619394
22,64.9001,4.92757,1.59058,1.21982,0.41774,0.28948,0.27099,0.09307,5.31205,1.67895,1.1539,0.0181493,0.0006493,0.0006493
23,67.9135,4.58967,1.31644,1.2006,0.4176,0.29591,0.2816,0.09738,5.37248,1.76094,1.1549,0.0166792,0.000679196,0.000679196
24,70.8367,4.94671,1.44715,1.19878,0.41945,0.29901,0.28445,0.09788,5.34803,1.66373,1.15109,0.0152091,0.000709083,0.000709083
25,73.4337,4.33027,1.30762,1.20499,0.43868,0.30395,0.29765,0.10759,5.25097,1.71548,1.15215,0.013739,0.000738959,0.000738959
26,76.4344,4.62252,1.36348,1.19447,0.4378,0.30986,0.30419,0.10777,5.24537,1.70386,1.14968,0.0122688,0.000768825,0.000768825
27,79.7531,4.9416,1.34514,1.19344,0.43754,0.31054,0.30197,0.10614,5.23259,1.65251,1.14784,0.0107987,0.00079868,0.00079868
28,82.4193,4.69695,1.38902,1.17414,0.4318,0.30505,0.29417,0.101,5.24627,1.59332,1.14694,0.00932852,0.000828523,0.000828523
29,85.0977,4.61639,1.37885,1.17678,0.45413,0.31658,0.31211,0.11289,5.11357,1.59494,1.14893,0.00785835,0.000858354,0.000858354
30,88.0184,4.53779,1.31191,1.19084,0.48722,0.30928,0.3229,0.12208,5.12235,1.97754,1.14996,0.00638817,0.000888173,0.000888173
31,90.844,4.49514,1.29822,1.19272,0.47087,0.31974,0.32589,0.1209,4.99876,1.60825,1.14206,0.00491798,0.000917979,0.000917979
32,93.83,4.77708,1.39459,1.23348,0.43854,0.30453,0.30099,0.10287,5.13861,1.51878,1.14017,0.00344777,0.000947772,0.000947772
33,96.5261,4.17935,1.24796,1.17773,0.47922,0.32345,0.3305,0.12354,4.9889,1.48733,1.13951,0.00197755,0.000977551,0.000977551
34,99.5608,4.72053,1.35315,1.20329,0.49287,0.32592,0.34186,0.13036,4.91897,1.4363,1.13693,0.000997342,0.000997342,0.000997342
35,102.32,4.55341,1.37682,1.18599,0.51352,0.32606,0.35287,0.13188,4.88422,1.60687,1.13491,0.000997179,0.000997179,0.000997179
36,105.127,4.40624,1.34121,1.19241,0.48526,0.31823,0.33054,0.12147,4.93934,1.4398,1.1349,0.000997011,0.000997011,0.000997011
37,107.915,4.71343,1.43323,1.19641,0.50355,0.32345,0.3438,0.1307,4.95687,1.4449,1.13897,0.000996838,0.000996838,0.000996838
38,110.904,4.21152,1.23494,1.18705,0.49459,0.33773,0.35195,0.13447,4.88484,1.43993,1.13739,0.00099666,0.00099666,0.00099666
39,113.662,4.54508,1.32954,1.16878,0.48706,0.33114,0.34368,0.12363,4.96414,1.45174,1.1355,0.000996477,0.000996477,0.000996477
40,116.672,4.56798,1.31833,1.16965,0.49684,0.33251,0.34883,0.12893,4.90008,1.38461,1.13415,0.000996289,0.000996289,0.000996289
41,119.554,4.17614,1.26166,1.16859,0.5088,0.33663,0.35808,0.13425,4.83995,1.40962,1.1338,0.000996097,0.000996097,0.000996097
42,122.091,4.06531,1.18108,1.17816,0.51075,0.3368,0.36006,0.13898,4.77829,1.35369,1.1331,0.000995899,0.000995899,0.000995899
43,125.159,4.00866,1.19681,1.199,0.49322,0.33361,0.34839,0.12633,4.88737,1.3517,1.1312,0.000995697,0.000995697,0.000995697
44,128.08,4.13423,1.23445,1.17991,0.50881,0.33841,0.36028,0.13444,4.8039,1.33797,1.12916,0.00099549,0.00099549,0.00099549
45,130.744,4.16617,1.2446,1.18934,0.51709,0.33965,0.36312,0.1401,4.76095,1.33169,1.1312,0.000995278,0.000995278,0.000995278
46,133.649,4.50748,1.26921,1.17784,0.51157,0.34179,0.364,0.13838,4.75725,1.33294,1.12832,0.000995062,0.000995062,0.000995062
47,136.698,4.07023,1.1803,1.16738,0.4977,0.3391,0.35863,0.13323,4.81804,1.33315,1.12758,0.00099484,0.00099484,0.00099484
48,139.528,3.97755,1.16709,1.16863,0.47973,0.32784,0.33717,0.11819,4.97775,1.37309,1.12803,0.000994614,0.000994614,0.000994614
49,142.284,4.61781,1.3751,1.21059,0.52081,0.35187,0.37642,0.14813,4.65629,1.31117,1.12466,0.000994383,0.000994383,0.000994383
50,145.3,4.4905,1.3035,1.18871,0.52599,0.35434,0.38175,0.15214,4.63104,1.29419,1.12364,0.000994147,0.000994147,0.000994147
51,148.01,4.60073,1.31193,1.1646,0.49553,0.33875,0.35254,0.12638,4.91205,1.33974,1.12381,0.000993906,0.000993906,0.000993906
52,150.623,3.94273,1.13648,1.16997,0.50893,0.34171,0.36318,0.13425,4.79083,1.32802,1.1225,0.00099366,0.00099366,0.00099366
53,153.702,4.43984,1.28951,1.18073,0.52545,0.35008,0.37861,0.15449,4.60495,1.29105,1.12313,0.00099341,0.00099341,0.00099341
54,156.589,4.09745,1.19382,1.18142,0.51793,0.35104,0.37591,0.15471,4.60043,1.29164,1.12406,0.000993154,0.000993154,0.000993154
55,159.601,4.42741,1.2512,1.18273,0.51059,0.35255,0.37363,0.14298,4.64459,1.32195,1.12215,0.000992894,0.000992894,0.000992894
56,162.436,4.6828,1.34025,1.17179,0.50809,0.35578,0.37569,0.14377,4.63982,1.30685,1.12071,0.000992629,0.000992629,0.000992629
57,165.16,4.51179,1.22785,1.15961,0.52637,0.35557,0.38298,0.15597,4.64613,1.29112,1.12286,0.000992359,0.000992359,0.000992359
58,168.173,4.12627,1.20942,1.1595,0.52936,0.35594,0.38358,0.15429,4.634,1.28662,1.12186,0.000992085,0.000992085,0.000992085
59,170.929,4.52394,1.26447,1.17738,0.51646,0.35379,0.37699,0.1445,4.63323,1.31571,1.11884,0.000991805,0.000991805,0.000991805
60,173.91,4.15578,1.17614,1.15749,0.52826,0.35867,0.38411,0.14993,4.57174,1.28599,1.11737,0.000991521,0.000991521,0.000991521
61,176.447,3.74017,1.1164,1.16691,0.54536,0.35612,0.38815,0.15924,4.56601,1.27637,1.12083,0.000991232,0.000991232,0.000991232
62,179.414,4.41455,1.24663,1.16925,0.53564,0.35969,0.38946,0.16061,4.50011,1.27342,1.11625,0.000990938,0.000990938,0.000990938
63,182.435,4.1949,1.20319,1.17327,0.54143,0.3645,0.39566,0.16019,4.48781,1.27357,1.11646,0.00099064,0.00099064,0.00099064
64,185.37,4.32518,1.23689,1.1638,0.53312,0.36779,0.39537,0.16185,4.46877,1.26311,1.11558,0.000990336,0.000990336,0.000990336
65,188.213,4.43686,1.24009,1.17039,0.53491,0.36159,0.39079,0.16067,4.52802,1.25466,1.11722,0.000990028,0.000990028,0.000990028
66,191.102,4.65725,1.30225,1.15185,0.53846,0.36024,0.39089,0.16052,4.52012,1.25617,1.11931,0.000989715,0.000989715,0.000989715
67,193.929,4.40913,1.2699,1.15749,0.53672,0.37315,0.40086,0.16436,4.40401,1.2631,1.11357,0.000989398,0.000989398,0.000989398
68,196.61,3.9421,1.17442,1.17271,0.5298,0.37111,0.39941,0.16941,4.40521,1.24379,1.1138,0.000989075,0.000989075,0.000989075
69,199.423,4.21967,1.20816,1.14576,0.54597,0.36617,0.4034,0.16527,4.448,1.27118,1.11469,0.000988748,0.000988748,0.000988748
70,202.28,3.93775,1.17579,1.1855,0.54791,0.35063,0.388,0.16089,4.52669,1.24589,1.12049,0.000988416,0.000988416,0.000988416
71,205.169,4.14499,1.18733,1.15286,0.55205,0.36477,0.40592,0.17073,4.35748,1.24839,1.11424,0.000988079,0.000988079,0.000988079
72,208.04,4.15925,1.17439,1.16812,0.54623,0.36491,0.40236,0.16996,4.35822,1.24768,1.11395,0.000987737,0.000987737,0.000987737
73,211.024,4.10784,1.2061,1.18229,0.54599,0.35489,0.39189,0.16314,4.48182,1.2364,1.11984,0.000987391,0.000987391,0.000987391
74,214.01,4.68187,1.28206,1.16434,0.56073,0.36024,0.39986,0.16748,4.42344,1.23101,1.11778,0.00098704,0.00098704,0.00098704
75,216.712,3.80111,1.08982,1.1563,0.5488,0.36619,0.40437,0.16598,4.47756,1.25521,1.11453,0.000986684,0.000986684,0.000986684
76,219.479,4.20715,1.20734,1.15539,0.54075,0.37122,0.40199,0.16404,4.48898,1.27414,1.11388,0.000986323,0.000986323,0.000986323
77,222.024,4.04208,1.16649,1.15948,0.55608,0.36917,0.40548,0.17272,4.34115,1.22957,1.11468,0.000985958,0.000985958,0.000985958
78,224.914,4.17183,1.22019,1.15866,0.55255,0.37399,0.40773,0.17425,4.3389,1.24141,1.11326,0.000985588,0.000985588,0.000985588
79,227.7,4.04937,1.18736,1.15975,0.53674,0.37919,0.40795,0.16543,4.48844,1.26153,1.11311,0.000985213,0.000985213,0.000985213
80,230.832,3.81105,1.12355,1.15107,0.53381,0.37548,0.40851,0.16666,4.48336,1.25941,1.1121,0.000984833,0.000984833,0.000984833
81,233.17,4.18075,1.17212,1.15557,0.54881,0.36958,0.40706,0.17411,4.34689,1.21994,1.11372,0.000984449,0.000984449,0.000984449
82,235.632,4.41996,1.2251,1.13756,0.54571,0.37081,0.40854,0.17495,4.34587,1.2106,1.1131,0.00098406,0.00098406,0.00098406
83,238.864,4.22654,1.19567,1.12434,0.53164,0.38166,0.41304,0.17168,4.41708,1.23982,1.1112,0.000983666,0.000983666,0.000983666
84,241.688,4.1421,1.16823,1.15063,0.53669,0.37576,0.41078,0.17193,4.36584,1.2366,1.11024,0.000983267,0.000983267,0.000983267
85,244.407,3.97068,1.17518,1.14031,0.54507,0.36477,0.40666,0.17234,4.37647,1.24186,1.11187,0.000982864,0.000982864,0.000982864
86,247.385,4.15492,1.17282,1.16023,0.55536,0.3693,0.41129,0.17409,4.37423,1.22103,1.11208,0.000982456,0.000982456,0.000982456
87,250.188,4.22957,1.19455,1.15111,0.54193,0.37466,0.41294,0.17467,4.33141,1.2247,1.10878,0.000982043,0.000982043,0.000982043
88,253.056,4.01522,1.15795,1.19161,0.54407,0.37562,0.4156,0.17575,4.33449,1.22834,1.10817,0.000981626,0.000981626,0.000981626
89,256.035,4.03453,1.16177,1.15429,0.54999,0.37177,0.41281,0.17841,4.28688,1.20698,1.10855,0.000981204,0.000981204,0.000981204
90,258.881,4.21309,1.17934,1.15087,0.5452,0.36862,0.41083,0.17432,4.34288,1.23742,1.1096,0.000980777,0.000980777,0.000980777
91,261.575,4.23855,1.19485,1.14393,0.53916,0.36463,0.40691,0.16784,4.43084,1.2827,1.10833,0.000980345,0.000980345,0.000980345
92,264.513,3.84757,1.11256,1.14393,0.54369,0.3763,0.41576,0.17286,4.36592,1.23714,1.10663,0.000979909,0.000979909,0.000979909
93,267.412,4.3203,1.22223,1.15625,0.55,0.37617,0.418,0.17762,4.33124,1.23121,1.10842,0.000979468,0.000979468,0.000979468
94,269.976,4.17122,1.17186,1.16272,0.54652,0.38221,0.42039,0.17987,4.32036,1.21675,1.10792,0.000979023,0.000979023,0.000979023
95,272.788,3.86395,1.10283,1.15166,0.54861,0.38009,0.4199,0.18297,4.26645,1.22774,1.10713,0.000978572,0.000978572,0.000978572
96,275.661,3.92947,1.14457,1.14704,0.55702,0.37644,0.41856,0.18309,4.24826,1.20488,1.10843,0.000978118,0.000978118,0.000978118
97,278.537,3.97451,1.09662,1.15007,0.54649,0.38166,0.42,0.17776,4.32058,1.24092,1.1063,0.000977658,0.000977658,0.000977658
98,281.49,4.20859,1.21434,1.18671,0.55142,0.3844,0.42416,0.18209,4.28399,1.21686,1.10693,0.000977194,0.000977194,0.000977194
99,284.14,4.07806,1.17426,1.17223,0.55692,0.37205,0.41279,0.17706,4.30894,1.20093,1.1113,0.000976725,0.000976725,0.000976725
100,287.219,3.83159,1.12011,1.1723,0.56236,0.36889,0.41368,0.1784,4.28618,1.20824,1.10886,0.000976251,0.000976251,0.000976251
101,289.999,4.14959,1.15766,1.14671,0.55342,0.38701,0.42781,0.18444,4.26436,1.21499,1.10548,0.000975773,0.000975773,0.000975773
102,293.018,4.024,1.1311,1.13111,0.55045,0.38831,0.42644,0.1819,4.3131,1.21241,1.10556,0.00097529,0.00097529,0.00097529
103,295.748,4.03959,1.13897,1.13803,0.55418,0.38248,0.42129,0.18116,4.28778,1.18814,1.10751,0.000974803,0.000974803,0.000974803
104,298.574,4.08903,1.17123,1.15475,0.54464,0.38125,0.41836,0.17821,4.33503,1.22448,1.10721,0.00097431,0.00097431,0.00097431
105,301.225,4.13109,1.18794,1.18207,0.55474,0.3866,0.42759,0.18723,4.21736,1.18361,1.10561,0.000973814,0.000973814,0.000973814
106,304.226,3.95046,1.13157,1.15654,0.54999,0.38605,0.42531,0.18748,4.22537,1.20449,1.10509,0.000973312,0.000973312,0.000973312
107,307.005,3.91945,1.13241,1.16011,0.55849,0.37703,0.4203,0.18124,4.28786,1.19773,1.10694,0.000972806,0.000972806,0.000972806
108,309.72,4.41131,1.23113,1.11528,0.56872,0.37511,0.41919,0.18143,4.28761,1.19623,1.10728,0.000972296,0.000972296,0.000972296
109,312.467,4.02125,1.12891,1.13227,0.55816,0.3864,0.42828,0.18825,4.21359,1.19041,1.10483,0.00097178,0.00097178,0.00097178
110,315.297,4.27609,1.21544,1.13621,0.55506,0.38893,0.42934,0.18809,4.22309,1.20688,1.10484,0.00097126,0.00097126,0.00097126
111,318.202,3.80395,1.12047,1.16262,0.56201,0.37932,0.42307,0.18467,4.24615,1.20336,1.107,0.000970736,0.000970736,0.000970736
112,320.975,3.91973,1.12097,1.15544,0.56244,0.38082,0.42795,0.18872,4.21394,1.20691,1.10662,0.000970207,0.000970207,0.000970207
113,323.913,4.34916,1.23528,1.16661,0.55665,0.38887,0.43348,0.18417,4.30321,1.22719,1.10603,0.000969673,0.000969673,0.000969673
114,326.946,3.86181,1.16165,1.15861,0.55922,0.38563,0.43124,0.18965,4.22732,1.24011,1.10562,0.000969135,0.000969135,0.000969135
115,329.978,4.17042,1.18014,1.13925,0.56501,0.38072,0.43176,0.1852,4.3,1.21235,1.10636,0.000968592,0.000968592,0.000968592
116,332.787,3.83875,1.10309,1.13109,0.55434,0.38907,0.43223,0.18653,4.26847,1.21373,1.10567,0.000968045,0.000968045,0.000968045
117,335.633,3.96782,1.14411,1.14739,0.55997,0.37713,0.42363,0.18734,4.22808,1.18117,1.10644,0.000967493,0.000967493,0.000967493
118,339.093,4.09759,1.16217,1.15941,0.55699,0.37672,0.42269,0.18614,4.23556,1.18737,1.10603,0.000966936,0.000966936,0.000966936
119,342.109,4.05608,1.16448,1.15693,0.55915,0.39161,0.43671,0.19084,4.22022,1.18773,1.10444,0.000966375,0.000966375,0.000966375
120,345.172,3.91148,1.16397,1.17875,0.56491,0.39141,0.43935,0.18947,4.23393,1.20065,1.10372,0.00096581,0.00096581,0.00096581
121,347.905,3.68714,1.05554,1.12204,0.56844,0.37987,0.42877,0.18954,4.19622,1.17121,1.1045,0.000965239,0.000965239,0.000965239
122,350.988,3.90261,1.12206,1.12657,0.57105,0.37777,0.42777,0.18831,4.19677,1.1636,1.10515,0.000964665,0.000964665,0.000964665
123,353.765,4.29697,1.17136,1.11358,0.57072,0.38866,0.43835,0.19097,4.19727,1.17063,1.10421,0.000964085,0.000964085,0.000964085
124,356.638,4.06612,1.12597,1.12888,0.56949,0.39027,0.43933,0.1908,4.18037,1.17386,1.10282,0.000963502,0.000963502,0.000963502
125,359.489,4.24551,1.17923,1.16389,0.57161,0.38893,0.43617,0.19167,4.17091,1.14914,1.10363,0.000962913,0.000962913,0.000962913
126,362.653,3.81876,1.09127,1.15789,0.57831,0.38992,0.43711,0.19096,4.16071,1.14242,1.10313,0.00096232,0.00096232,0.00096232
127,365.612,4.38559,1.20986,1.1439,0.56939,0.39237,0.43955,0.18969,4.18304,1.15232,1.10203,0.000961723,0.000961723,0.000961723
128,368.442,3.68893,1.06473,1.1571,0.57242,0.39758,0.44223,0.19335,4.15176,1.15185,1.10085,0.000961121,0.000961121,0.000961121
129,371.331,3.90583,1.09782,1.16801,0.57996,0.38517,0.43478,0.18797,4.19485,1.1441,1.10375,0.000960515,0.000960515,0.000960515
130,374.146,4.02296,1.1448,1.14817,0.57706,0.39075,0.43794,0.19344,4.12718,1.13492,1.10111,0.000959904,0.000959904,0.000959904
131,377.213,3.87113,1.09844,1.15975,0.57607,0.39811,0.44473,0.19133,4.18792,1.14238,1.10157,0.000959289,0.000959289,0.000959289
132,380.097,3.59799,1.05013,1.13593,0.56194,0.39305,0.4362,0.18912,4.21829,1.14566,1.10262,0.000958669,0.000958669,0.000958669
133,382.937,3.78002,1.07516,1.15081,0.56098,0.39896,0.44033,0.19162,4.1764,1.14492,1.10035,0.000958044,0.000958044,0.000958044
134,385.84,3.75275,1.07559,1.138,0.5633,0.40088,0.44184,0.19129,4.17954,1.14056,1.10039,0.000957416,0.000957416,0.000957416
135,388.614,3.97832,1.11824,1.16262,0.56316,0.39429,0.43752,0.19494,4.12216,1.12687,1.10238,0.000956782,0.000956782,0.000956782
136,391.541,3.9303,1.12705,1.13832,0.56371,0.39166,0.43522,0.19507,4.12633,1.12944,1.10155,0.000956145,0.000956145,0.000956145
137,394.406,4.10978,1.1554,1.17253,0.5653,0.40074,0.44328,0.19367,4.18214,1.15055,1.09968,0.000955502,0.000955502,0.000955502
138,397.372,4.21559,1.17338,1.1459,0.57045,0.40005,0.4451,0.19437,4.17413,1.14873,1.09991,0.000954856,0.000954856,0.000954856
139,400.008,4.08585,1.14279,1.15495,0.57271,0.39072,0.43906,0.19665,4.1171,1.13056,1.10136,0.000954205,0.000954205,0.000954205
140,402.991,4.07123,1.13162,1.12657,0.56582,0.39237,0.4393,0.19707,4.09996,1.13555,1.10149,0.000953549,0.000953549,0.000953549
141,405.769,3.60219,1.02932,1.14118,0.57061,0.39589,0.44445,0.19435,4.1863,1.15426,1.1004,0.000952889,0.000952889,0.000952889
142,408.607,3.95342,1.08752,1.13108,0.56208,0.39896,0.4452,0.19261,4.18657,1.14826,1.10059,0.000952225,0.000952225,0.000952225
143,411.38,3.81835,1.09551,1.14095,0.56792,0.39374,0.44186,0.19834,4.07883,1.12183,1.10081,0.000951556,0.000951556,0.000951556
144,414.653,3.77172,1.06262,1.16468,0.56394,0.39209,0.44087,0.19704,4.1022,1.12639,1.10161,0.000950883,0.000950883,0.000950883
145,417.334,3.83196,1.10645,1.13209,0.56668,0.39278,0.44541,0.19627,4.12555,1.14622,1.10061,0.000950206,0.000950206,0.000950206
146,420.478,4.21886,1.18126,1.13661,0.56772,0.40431,0.45245,0.19917,4.10511,1.11969,1.09937,0.000949524,0.000949524,0.000949524
147,423.552,3.57495,1.01907,1.14029,0.56132,0.40047,0.44569,0.19629,4.11843,1.11496,1.09997,0.000948837,0.000948837,0.000948837
148,426.34,3.68554,1.07077,1.12307,0.56436,0.39998,0.44357,0.19575,4.1024,1.11885,1.10021,0.000948147,0.000948147,0.000948147
149,429.305,4.05405,1.11886,1.13205,0.56917,0.40925,0.45248,0.20172,4.05946,1.1154,1.09775,0.000947452,0.000947452,0.000947452
150,432.096,3.98667,1.1426,1.13712,0.57111,0.39951,0.45036,0.20114,4.068,1.11522,1.09789,0.000946752,0.000946752,0.000946752
151,435.162,3.86772,1.0998,1.13614,0.57816,0.39882,0.4475,0.19987,4.07276,1.10438,1.09935,0.000946048,0.000946048,0.000946048
152,438.052,4.22398,1.16371,1.12203,0.57639,0.39456,0.44476,0.19956,4.0708,1.10298,1.10025,0.00094534,0.00094534,0.00094534
153,440.929,3.8587,1.10479,1.14075,0.58396,0.40074,0.45339,0.19967,4.10317,1.11396,1.09802,0.000944628,0.000944628,0.000944628
154,443.909,4.15809,1.15407,1.13917,0.5781,0.40198,0.45258,0.20027,4.09146,1.11036,1.09841,0.000943911,0.000943911,0.000943911
155,446.526,3.88499,1.13867,1.16713,0.57227,0.4006,0.447,0.1992,4.11103,1.11103,1.09983,0.000943189,0.000943189,0.000943189
156,449.537,3.93638,1.10956,1.13339,0.57481,0.40308,0.45034,0.20036,4.10952,1.1109,1.09874,0.000942464,0.000942464,0.000942464
157,452.055,3.82435,1.12744,1.15268,0.579,0.4067,0.45491,0.20231,4.07813,1.11851,1.09693,0.000941734,0.000941734,0.000941734
158,455.126,3.82718,1.05966,1.13544,0.57526,0.40944,0.45705,0.205,4.04134,1.1077,1.09654,0.000941,0.000941,0.000941
159,458.077,3.70313,1.06616,1.15674,0.58426,0.39882,0.4491,0.20109,4.04602,1.10037,1.09868,0.000940262,0.000940262,0.000940262
160,460.917,3.89581,1.12203,1.15976,0.58195,0.398,0.4488,0.20076,4.042,1.10377,1.09962,0.000939519,0.000939519,0.000939519
161,463.618,4.10596,1.12799,1.16276,0.57123,0.40706,0.45357,0.20231,4.04327,1.12087,1.09853,0.000938772,0.000938772,0.000938772
162,466.478,3.71396,1.07797,1.12089,0.57564,0.40596,0.45554,0.2011,4.03099,1.11906,1.09791,0.00093802,0.00093802,0.00093802
163,469.414,3.55214,1.03771,1.13725,0.57925,0.39813,0.44745,0.20225,4.03184,1.11249,1.09946,0.000937265,0.000937265,0.000937265
164,472.431,3.70334,1.06541,1.13856,0.57923,0.40047,0.45162,0.20412,4.01011,1.0992,1.099,0.000936505,0.000936505,0.000936505
165,475.543,3.65642,1.08781,1.13504,0.57317,0.39471,0.4474,0.19748,4.06545,1.12491,1.09838,0.000935741,0.000935741,0.000935741
166,478.513,3.91436,1.09466,1.14604,0.58416,0.40308,0.45612,0.19658,4.11737,1.11853,1.09799,0.000934973,0.000934973,0.000934973
167,481.685,3.81155,1.06596,1.11475,0.57637,0.40887,0.45662,0.20551,4.00019,1.0909,1.09752,0.0009342,0.0009342,0.0009342
168,484.656,3.70869,1.08128,1.13714,0.5818,0.40453,0.45424,0.20672,3.97506,1.09415,1.097,0.000933423,0.000933423,0.000933423
169,487.468,3.90589,1.08248,1.12971,0.57824,0.40524,0.456,0.19959,4.08516,1.12698,1.09678,0.000932642,0.000932642,0.000932642
170,490.533,3.73582,1.04157,1.12765,0.58117,0.41008,0.45896,0.20311,4.04393,1.11528,1.09626,0.000931857,0.000931857,0.000931857
171,493.389,3.97037,1.08087,1.11066,0.57308,0.40033,0.44731,0.20327,4.02241,1.10899,1.0978,0.000931067,0.000931067,0.000931067
172,496.166,4.02582,1.10634,1.12762,0.57184,0.40303,0.45022,0.2037,4.02105,1.10699,1.09899,0.000930274,0.000930274,0.000930274
173,499.102,3.90475,1.09749,1.14901,0.57958,0.4088,0.45981,0.20731,4.0208,1.12443,1.09578,0.000929476,0.000929476,0.000929476
174,502.218,3.91914,1.09294,1.11982,0.57675,0.41021,0.45992,0.20945,3.9875,1.1102,1.09552,0.000928674,0.000928674,0.000928674
175,505.187,3.90574,1.06402,1.13189,0.57594,0.4061,0.45668,0.20591,3.99482,1.09908,1.09789,0.000927867,0.000927867,0.000927867
176,507.981,3.82936,1.08981,1.13834,0.58193,0.40455,0.45853,0.20814,3.97817,1.09179,1.09652,0.000927057,0.000927057,0.000927057
177,510.636,3.95385,1.11047,1.15311,0.57366,0.40857,0.46013,0.20642,4.06233,1.118,1.09495,0.000926242,0.000926242,0.000926242
178,513.269,4.03937,1.10819,1.15085,0.57404,0.41337,0.46294,0.20843,4.00772,1.10366,1.0946,0.000925423,0.000925423,0.000925423
179,516.047,3.63709,1.0656,1.1705,0.57783,0.4023,0.45377,0.20654,4.00541,1.09967,1.09763,0.000924601,0.000924601,0.000924601
180,519.172,3.81602,1.0659,1.13127,0.58061,0.40033,0.45355,0.20732,3.99454,1.09569,1.09682,0.000923774,0.000923774,0.000923774
181,521.918,3.90876,1.14287,1.15127,0.58431,0.40988,0.46376,0.2096,3.9882,1.09925,1.09515,0.000922942,0.000922942,0.000922942
182,525.028,4.09722,1.14335,1.13176,0.58211,0.4109,0.46296,0.2093,3.99938,1.09911,1.09501,0.000922107,0.000922107,0.000922107
183,528.107,3.90267,1.12059,1.13934,0.57935,0.40376,0.45401,0.20599,4.00433,1.08888,1.09629,0.000921268,0.000921268,0.000921268
184,531.03,3.58831,1.05006,1.1367,0.58691,0.39909,0.45352,0.20674,3.97568,1.08305,1.09652,0.000920424,0.000920424,0.000920424
185,533.92,3.7934,1.10006,1.15216,0.57937,0.41049,0.46131,0.20949,4.00453,1.10338,1.09558,0.000919576,0.000919576,0.000919576
186,537.032,4.04956,1.11532,1.14582,0.58992,0.40747,0.46148,0.20792,4.02715,1.091,1.09475,0.000918725,0.000918725,0.000918725
187,539.686,3.7783,1.0513,1.13966,0.58675,0.4039,0.45475,0.20693,3.99757,1.07976,1.09633,0.000917869,0.000917869,0.000917869
188,542.398,4.00973,1.12814,1.14232,0.58249,0.4087,0.45605,0.20887,3.97747,1.09004,1.09505,0.000917009,0.000917009,0.000917009
189,545.192,4.13892,1.14515,1.13716,0.58345,0.41248,0.46117,0.20898,3.9772,1.09846,1.09515,0.000916145,0.000916145,0.000916145
190,548.006,3.74415,1.07241,1.13199,0.58892,0.40637,0.46114,0.20975,3.9558,1.0941,1.09401,0.000915277,0.000915277,0.000915277
191,551.038,4.03664,1.10076,1.11693,0.58439,0.40747,0.45876,0.20921,3.98806,1.09802,1.09355,0.000914405,0.000914405,0.000914405
192,553.783,3.99316,1.12283,1.13444,0.59072,0.4109,0.46372,0.21167,3.95353,1.07638,1.09364,0.000913529,0.000913529,0.000913529
193,557.004,3.54351,1.05699,1.12665,0.58247,0.40884,0.46035,0.2076,3.98871,1.09952,1.09437,0.000912649,0.000912649,0.000912649
194,559.751,3.58819,1.01172,1.12275,0.58522,0.41063,0.46337,0.20698,4.00713,1.09766,1.0946,0.000911764,0.000911764,0.000911764
195,562.405,3.78887,1.05646,1.13424,0.58489,0.40994,0.462,0.21228,3.92491,1.07282,1.09443,0.000910876,0.000910876,0.000910876
196,565.469,3.85082,1.08,1.12797,0.57856,0.41488,0.46475,0.21296,3.92294,1.07558,1.09386,0.000909984,0.000909984,0.000909984
197,568.104,3.73378,1.08963,1.14733,0.58147,0.41179,0.46408,0.20555,4.06319,1.10804,1.09387,0.000909088,0.000909088,0.000909088
198,571.059,3.47768,0.98922,1.1135,0.5853,0.41488,0.46557,0.2096,3.9912,1.08766,1.09352,0.000908188,0.000908188,0.000908188
199,573.947,3.95188,1.12728,1.142,0.5849,0.41088,0.46315,0.21209,3.92439,1.07187,1.09416,0.000907284,0.000907284,0.000907284
200,577.029,3.69076,1.04885,1.14167,0.59057,0.40694,0.46052,0.21083,3.92261,1.07104,1.09466,0.000906375,0.000906375,0.000906375
201,579.695,3.77709,1.08587,1.11927,0.5908,0.40843,0.46174,0.20947,3.94818,1.08348,1.09388,0.000905463,0.000905463,0.000905463
202,582.665,3.81752,1.05209,1.14159,0.57954,0.41584,0.46312,0.21201,3.93118,1.08096,1.09312,0.000904547,0.000904547,0.000904547
203,585.35,3.52658,1.01468,1.11431,0.5821,0.40655,0.4592,0.20959,3.95143,1.07487,1.09434,0.000903627,0.000903627,0.000903627
204,588.397,3.9399,1.09703,1.12401,0.58028,0.41365,0.46321,0.21465,3.88341,1.06396,1.09246,0.000902703,0.000902703,0.000902703
205,591.132,4.08177,1.16065,1.1581,0.58994,0.41529,0.46827,0.21011,3.98482,1.07683,1.09282,0.000901776,0.000901776,0.000901776
206,594.483,3.87531,1.06804,1.13101,0.59337,0.41612,0.47078,0.20971,3.99114,1.08131,1.09335,0.000900844,0.000900844,0.000900844
207,597.026,3.55416,1.01376,1.13057,0.59221,0.41949,0.47205,0.21682,3.89844,1.06442,1.09285,0.000899908,0.000899908,0.000899908
208,599.947,4.34964,1.18762,1.13079,0.58756,0.41543,0.46934,0.21218,3.95427,1.0805,1.09207,0.000898969,0.000898969,0.000898969
209,602.662,3.83418,1.13401,1.15064,0.58212,0.4168,0.46853,0.21362,3.92366,1.07028,1.09317,0.000898025,0.000898025,0.000898025
210,605.617,3.86864,1.10859,1.13519,0.5863,0.41365,0.46692,0.21328,3.90264,1.06755,1.09291,0.000897078,0.000897078,0.000897078
211,608.551,3.99308,1.12281,1.12185,0.58052,0.41625,0.46887,0.21353,3.90572,1.07945,1.09129,0.000896127,0.000896127,0.000896127
212,611.358,3.79407,1.05318,1.10531,0.57987,0.41323,0.46602,0.21448,3.87837,1.07883,1.0917,0.000895172,0.000895172,0.000895172
213,614.486,3.85079,1.07056,1.12756,0.58035,0.41214,0.46463,0.20926,3.9458,1.09749,1.09271,0.000894213,0.000894213,0.000894213
214,617.344,4.17172,1.19037,1.13349,0.58929,0.41149,0.46592,0.20947,3.94503,1.09357,1.0928,0.00089325,0.00089325,0.00089325
215,620.188,3.84277,1.07134,1.11138,0.58619,0.4109,0.4645,0.21555,3.86408,1.06805,1.09218,0.000892283,0.000892283,0.000892283
216,622.886,3.66674,1.06046,1.14987,0.59027,0.41159,0.46705,0.21301,3.91361,1.08036,1.0925,0.000891313,0.000891313,0.000891313
217,625.806,3.63832,1.0196,1.12297,0.58601,0.40596,0.46119,0.21286,3.88925,1.0719,1.09358,0.000890339,0.000890339,0.000890339
218,628.6,3.99473,1.10964,1.14927,0.58782,0.41406,0.46689,0.21292,3.90701,1.06779,1.09426,0.000889361,0.000889361,0.000889361
219,631.426,4.095,1.1216,1.11591,0.57994,0.41433,0.46698,0.21304,3.93396,1.08352,1.0932,0.000888379,0.000888379,0.000888379
220,634.487,3.54194,1.04997,1.11255,0.58347,0.41818,0.47043,0.21529,3.90843,1.07218,1.09239,0.000887393,0.000887393,0.000887393
221,637.315,3.81742,1.0674,1.11672,0.58212,0.4131,0.46462,0.21416,3.89803,1.06616,1.09307,0.000886404,0.000886404,0.000886404
222,640.19,3.6499,1.05596,1.11713,0.57659,0.41571,0.46446,0.21535,3.85439,1.05894,1.09249,0.000885411,0.000885411,0.000885411
223,643,3.9467,1.10183,1.13356,0.57689,0.42153,0.47039,0.2142,3.93028,1.07004,1.09254,0.000884414,0.000884414,0.000884414
224,645.921,3.4007,1.02823,1.13455,0.5823,0.42037,0.47141,0.21668,3.88401,1.06972,1.09196,0.000883413,0.000883413,0.000883413
225,648.732,3.76763,1.04316,1.12988,0.58298,0.41378,0.46296,0.21414,3.87938,1.06278,1.09239,0.000882409,0.000882409,0.000882409
226,651.688,3.47006,1.0259,1.1357,0.5915,0.41625,0.4693,0.21573,3.88265,1.06273,1.09209,0.000881401,0.000881401,0.000881401
227,654.528,3.75527,1.0383,1.10998,0.59355,0.41337,0.47192,0.21292,3.95924,1.08639,1.09204,0.000880389,0.000880389,0.000880389
228,657.29,3.70405,1.04237,1.13243,0.59387,0.41555,0.47435,0.21507,3.93881,1.07567,1.09139,0.000879374,0.000879374,0.000879374
229,659.941,3.84007,1.09346,1.14918,0.58891,0.41341,0.46607,0.2139,3.89538,1.06409,1.09197,0.000878354,0.000878354,0.000878354
230,662.784,3.68174,1.02929,1.1224,0.58873,0.41255,0.46626,0.21556,3.86369,1.05926,1.09136,0.000877332,0.000877332,0.000877332
231,665.566,3.79429,1.06087,1.13512,0.59944,0.41727,0.47593,0.2192,3.87365,1.06169,1.09041,0.000876305,0.000876305,0.000876305
232,668.456,3.5611,1.04606,1.12628,0.59533,0.41996,0.47531,0.21786,3.90113,1.0582,1.09008,0.000875275,0.000875275,0.000875275
233,671.377,3.78001,1.05056,1.13382,0.59098,0.41214,0.46686,0.21298,3.91325,1.05755,1.09202,0.000874241,0.000874241,0.000874241
234,674.252,3.62661,1.07633,1.1554,0.59606,0.412,0.46712,0.21534,3.86337,1.04859,1.09135,0.000873203,0.000873203,0.000873203
235,677.031,3.43498,1.01951,1.14837,0.60269,0.41653,0.47422,0.21585,3.896,1.06357,1.08997,0.000872162,0.000872162,0.000872162
236,679.794,4.0951,1.15883,1.10537,0.5983,0.4142,0.47299,0.21372,3.95355,1.06843,1.09073,0.000871117,0.000871117,0.000871117
237,682.556,3.76141,1.05675,1.13544,0.59686,0.41547,0.47194,0.2181,3.85365,1.04861,1.09109,0.000870069,0.000870069,0.000870069
238,685.287,3.83107,1.07629,1.11322,0.60064,0.41529,0.4739,0.2181,3.86992,1.05157,1.09014,0.000869017,0.000869017,0.000869017
239,687.938,3.72474,1.07012,1.12542,0.59895,0.41867,0.47474,0.21461,3.89763,1.05754,1.09094,0.000867961,0.000867961,0.000867961
240,690.827,3.54102,1.02614,1.12255,0.60106,0.41282,0.47325,0.21259,3.93496,1.07617,1.09168,0.000866902,0.000866902,0.000866902
241,693.491,3.70819,1.06513,1.10713,0.59641,0.41365,0.47107,0.21443,3.92574,1.06912,1.09121,0.000865839,0.000865839,0.000865839
242,696.336,3.55747,1.05893,1.1182,0.59325,0.41668,0.47165,0.2141,3.92705,1.06071,1.09131,0.000864773,0.000864773,0.000864773
243,698.891,3.5402,1.03557,1.12681,0.59857,0.41453,0.47301,0.21306,3.90294,1.06773,1.09041,0.000863703,0.000863703,0.000863703
244,701.828,3.56357,1.01258,1.11028,0.5943,0.41571,0.4725,0.21413,3.94531,1.06825,1.09047,0.00086263,0.00086263,0.00086263
245,704.588,3.5778,1.03328,1.09979,0.59616,0.41653,0.47078,0.21736,3.85883,1.05179,1.09073,0.000861553,0.000861553,0.000861553
246,707.606,3.44191,0.99442,1.1271,0.59492,0.41845,0.47128,0.21959,3.83765,1.04394,1.09028,0.000860473,0.000860473,0.000860473
247,710.45,4.12746,1.11328,1.13148,0.59736,0.4145,0.47495,0.21499,3.95952,1.06938,1.0904,0.000859389,0.000859389,0.000859389
248,713.246,3.7119,1.0488,1.15738,0.59045,0.41996,0.47527,0.21597,3.9321,1.06344,1.08958,0.000858301,0.000858301,0.000858301
249,715.881,3.55133,1.01715,1.11169,0.60088,0.41379,0.47165,0.22034,3.80375,1.04463,1.0896,0.00085721,0.00085721,0.00085721
250,718.66,3.71316,1.03202,1.10132,0.59858,0.4168,0.4738,0.22147,3.79721,1.04163,1.08848,0.000856116,0.000856116,0.000856116
251,721.662,4.00667,1.1345,1.1403,0.60095,0.41763,0.4787,0.2182,3.8789,1.05977,1.08839,0.000855018,0.000855018,0.000855018
252,724.582,3.58307,1.01008,1.12312,0.60043,0.419,0.47805,0.22208,3.81881,1.05221,1.08823,0.000853917,0.000853917,0.000853917
253,727.504,3.60711,1.01669,1.12782,0.60028,0.41543,0.47392,0.21896,3.84447,1.04363,1.09015,0.000852812,0.000852812,0.000852812
254,730.475,3.57818,1.01648,1.14202,0.60026,0.41694,0.47388,0.21855,3.83932,1.04488,1.09004,0.000851704,0.000851704,0.000851704
255,733.586,3.92458,1.10278,1.13748,0.59715,0.42147,0.47781,0.221,3.80778,1.0476,1.08955,0.000850592,0.000850592,0.000850592
256,736.601,3.86815,1.11235,1.13723,0.60138,0.41804,0.47445,0.21963,3.80136,1.04739,1.08955,0.000849477,0.000849477,0.000849477
257,739.281,3.9552,1.1413,1.14528,0.60269,0.4168,0.47452,0.2177,3.86444,1.0522,1.09009,0.000848358,0.000848358,0.000848358
258,742.091,3.93812,1.10904,1.11866,0.59926,0.41708,0.47382,0.21893,3.88173,1.05625,1.08973,0.000847237,0.000847237,0.000847237
259,744.775,3.48867,0.99654,1.12538,0.60314,0.41708,0.47462,0.21942,3.83823,1.05175,1.08981,0.000846111,0.000846111,0.000846111
260,747.617,3.76401,1.03835,1.11028,0.60231,0.41689,0.47338,0.21851,3.8554,1.04937,1.09011,0.000844983,0.000844983,0.000844983
261,750.49,3.63075,1.01809,1.12014,0.60504,0.41683,0.47366,0.22061,3.84728,1.05463,1.08935,0.000843851,0.000843851,0.000843851
262,753.284,3.69502,1.04789,1.13015,0.60864,0.41131,0.47419,0.21821,3.88456,1.05472,1.08955,0.000842716,0.000842716,0.000842716
263,756.161,3.88073,1.07629,1.12938,0.61373,0.41282,0.47502,0.22201,3.80962,1.04098,1.08884,0.000841577,0.000841577,0.000841577
264,758.843,3.75755,1.035,1.09931,0.60735,0.41886,0.47644,0.21976,3.82794,1.04137,1.08835,0.000840435,0.000840435,0.000840435
265,761.686,3.60064,1.04223,1.12151,0.61132,0.42106,0.48166,0.22114,3.86919,1.04844,1.08753,0.00083929,0.00083929,0.00083929
266,764.751,3.43298,0.97474,1.1097,0.60532,0.42051,0.48124,0.21903,3.88327,1.04696,1.08784,0.000838141,0.000838141,0.000838141
267,767.561,3.7614,1.06574,1.1355,0.60234,0.42069,0.48004,0.2257,3.77941,1.03051,1.08687,0.000836989,0.000836989,0.000836989
268,770.454,3.48807,0.99859,1.10426,0.59955,0.41694,0.47798,0.22473,3.80834,1.03616,1.08712,0.000835834,0.000835834,0.000835834
269,773.138,3.73082,1.03134,1.11624,0.60624,0.41378,0.47952,0.22114,3.88637,1.05497,1.08726,0.000834676,0.000834676,0.000834676
270,775.984,3.51111,1.01961,1.10655,0.6014,0.41433,0.47708,0.22031,3.91886,1.05685,1.08687,0.000833514,0.000833514,0.000833514
271,778.653,3.99844,1.10355,1.11571,0.58915,0.41749,0.47357,0.22469,3.78339,1.03555,1.08634,0.000832349,0.000832349,0.000832349
272,781.348,3.32871,0.97712,1.13534,0.60652,0.41413,0.47662,0.2246,3.79256,1.04121,1.08615,0.000831181,0.000831181,0.000831181
273,784.174,3.97801,1.07509,1.10995,0.60113,0.41566,0.47764,0.21905,3.92713,1.05397,1.08669,0.00083001,0.00083001,0.00083001
274,786.969,3.92855,1.08256,1.14058,0.60054,0.41886,0.47724,0.21967,3.90141,1.04983,1.08631,0.000828835,0.000828835,0.000828835
275,789.635,3.80577,1.03801,1.11534,0.60822,0.41873,0.47574,0.22342,3.81579,1.03544,1.08681,0.000827658,0.000827658,0.000827658
276,792.379,3.68036,1.02404,1.12386,0.60592,0.41941,0.47603,0.22186,3.83218,1.04013,1.08772,0.000826477,0.000826477,0.000826477
277,795.191,3.9424,1.12131,1.13393,0.59966,0.42435,0.4801,0.22195,3.87386,1.04479,1.08653,0.000825293,0.000825293,0.000825293
278,797.94,3.64637,1.04956,1.15251,0.59455,0.42696,0.47882,0.21911,3.91978,1.057,1.0879,0.000824105,0.000824105,0.000824105
279,800.559,3.32226,0.97456,1.10825,0.60545,0.42339,0.47976,0.22606,3.79603,1.03799,1.08731,0.000822915,0.000822915,0.000822915
280,803.734,3.53069,1.01878,1.10794,0.60347,0.42504,0.48169,0.22589,3.82519,1.04598,1.08784,0.000821722,0.000821722,0.000821722
281,806.496,3.5361,1.00785,1.12021,0.6018,0.42806,0.4828,0.22283,3.87345,1.0526,1.08842,0.000820525,0.000820525,0.000820525
282,809.465,3.47611,0.99868,1.12884,0.60277,0.42875,0.48328,0.22241,3.89532,1.05691,1.08892,0.000819325,0.000819325,0.000819325
283,812.102,3.76049,1.03246,1.11744,0.60241,0.42573,0.48204,0.22453,3.84584,1.04482,1.08877,0.000818122,0.000818122,0.000818122
284,815.086,3.83172,1.08061,1.14252,0.59878,0.4271,0.48353,0.22655,3.81157,1.03882,1.08846,0.000816916,0.000816916,0.000816916
285,817.88,3.89985,1.0935,1.11872,0.59433,0.4249,0.48326,0.2228,3.88087,1.05345,1.08825,0.000815707,0.000815707,0.000815707
286,820.738,3.70804,1.04741,1.1068,0.59899,0.42655,0.48247,0.22129,3.894,1.04938,1.08837,0.000814495,0.000814495,0.000814495
287,823.437,3.51807,1.01741,1.14782,0.60418,0.42079,0.48172,0.22664,3.77993,1.02694,1.08744,0.00081328,0.00081328,0.00081328
288,826.295,3.82456,1.07928,1.10987,0.5999,0.42147,0.48091,0.22656,3.79289,1.02789,1.08646,0.000812062,0.000812062,0.000812062
289,828.885,3.4926,0.98776,1.11503,0.60216,0.4185,0.4816,0.22168,3.86015,1.05085,1.0867,0.000810841,0.000810841,0.000810841
290,831.627,3.7065,1.04316,1.15074,0.59982,0.41763,0.47971,0.22364,3.84614,1.0421,1.08694,0.000809616,0.000809616,0.000809616
291,834.43,3.40923,0.97919,1.13198,0.60199,0.42243,0.4831,0.22508,3.80448,1.02872,1.08609,0.000808389,0.000808389,0.000808389
292,837.234,3.37178,0.94924,1.12063,0.60287,0.42224,0.4811,0.22634,3.76998,1.02653,1.0853,0.000807159,0.000807159,0.000807159
293,839.969,3.8005,1.06551,1.12685,0.60242,0.42298,0.4823,0.22691,3.77961,1.02782,1.08551,0.000805925,0.000805925,0.000805925
294,842.826,3.74393,1.01686,1.10553,0.60365,0.42353,0.48561,0.2246,3.83304,1.03767,1.0867,0.000804689,0.000804689,0.000804689
295,845.587,3.52207,1.02009,1.12656,0.60157,0.42518,0.48366,0.22813,3.77063,1.02238,1.08645,0.00080345,0.00080345,0.00080345
296,848.704,3.52405,1.02572,1.11534,0.59664,0.42724,0.48485,0.22935,3.74556,1.01728,1.08631,0.000802208,0.000802208,0.000802208
297,851.624,3.34204,0.97153,1.1122,0.59683,0.42504,0.4849,0.22657,3.82865,1.0318,1.08636,0.000800963,0.000800963,0.000800963
298,854.303,3.77048,1.07193,1.14817,0.60182,0.42422,0.48502,0.2293,3.77431,1.02808,1.08581,0.000799715,0.000799715,0.000799715
299,857.176,3.63376,1.03337,1.12864,0.59864,0.4255,0.48442,0.22654,3.793,1.02723,1.08692,0.000798464,0.000798464,0.000798464
300,860.25,3.24011,0.96156,1.13104,0.599,0.42669,0.48568,0.22762,3.78577,1.02316,1.0871,0.00079721,0.00079721,0.00079721
301,862.884,3.5175,0.99714,1.10983,0.59829,0.42284,0.48163,0.2246,3.8187,1.02472,1.08793,0.000795954,0.000795954,0.000795954
302,865.804,3.61362,1.01074,1.11044,0.59878,0.42381,0.48094,0.22597,3.76877,1.01906,1.08787,0.000794694,0.000794694,0.000794694
303,868.611,3.69285,1.04139,1.1429,0.60616,0.42889,0.48616,0.2275,3.77958,1.0215,1.0873,0.000793432,0.000793432,0.000793432
304,871.541,3.46335,0.98256,1.13458,0.60802,0.42548,0.48456,0.2262,3.79687,1.02467,1.08735,0.000792167,0.000792167,0.000792167
305,874.301,3.61685,1.01364,1.13417,0.60891,0.42353,0.48319,0.22538,3.80426,1.02315,1.08765,0.000790898,0.000790898,0.000790898
306,877.396,3.51883,0.99045,1.12378,0.61137,0.42724,0.4867,0.22831,3.78477,1.02005,1.08656,0.000789628,0.000789628,0.000789628
307,880.331,3.88072,1.07231,1.11441,0.60935,0.43,0.48967,0.22719,3.8292,1.02671,1.08618,0.000788354,0.000788354,0.000788354
308,883.278,3.93474,1.04736,1.10875,0.60725,0.42806,0.48685,0.22757,3.81423,1.02865,1.08604,0.000787077,0.000787077,0.000787077
309,886.276,3.44835,0.9902,1.1015,0.60357,0.42767,0.48586,0.22867,3.77924,1.0205,1.0859,0.000785798,0.000785798,0.000785798
310,889.005,3.97195,1.09004,1.11303,0.60478,0.42688,0.48622,0.22725,3.82305,1.02152,1.08606,0.000784516,0.000784516,0.000784516
311,891.75,3.22252,0.93514,1.14064,0.60736,0.42998,0.48941,0.22586,3.8583,1.03025,1.08594,0.000783231,0.000783231,0.000783231
312,894.444,3.5949,0.98029,1.10739,0.61456,0.43026,0.49219,0.2283,3.82911,1.02868,1.08567,0.000781944,0.000781944,0.000781944
313,897.409,3.51614,0.99592,1.13016,0.60646,0.4304,0.48976,0.22715,3.82492,1.02429,1.08562,0.000780653,0.000780653,0.000780653
314,900.168,3.27058,0.96084,1.13179,0.60263,0.42974,0.48718,0.2278,3.80559,1.02123,1.08521,0.00077936,0.00077936,0.00077936
315,902.786,3.61307,1.04634,1.1254,0.60523,0.43484,0.49158,0.23114,3.77745,1.02043,1.08475,0.000778065,0.000778065,0.000778065
316,905.604,3.89223,1.09735,1.11112,0.61071,0.43273,0.49152,0.2288,3.79612,1.02441,1.08406,0.000776766,0.000776766,0.000776766
317,908.016,3.44079,0.99788,1.1221,0.61436,0.42669,0.48902,0.22769,3.80005,1.02424,1.0848,0.000775465,0.000775465,0.000775465
318,911.077,3.83933,1.05942,1.10655,0.61235,0.42592,0.48984,0.22853,3.77803,1.0224,1.08441,0.000774161,0.000774161,0.000774161
319,913.932,3.7118,1.03401,1.12042,0.60711,0.43369,0.49247,0.23039,3.77506,1.02605,1.08414,0.000772855,0.000772855,0.000772855
320,917.005,3.60567,0.9995,1.13137,0.60771,0.4352,0.49202,0.23071,3.77183,1.0266,1.08392,0.000771546,0.000771546,0.000771546
321,919.767,3.57626,1.0124,1.13664,0.60352,0.43012,0.4884,0.2282,3.79005,1.0226,1.0846,0.000770234,0.000770234,0.000770234
322,922.734,3.71833,1.01601,1.11865,0.60948,0.43067,0.49048,0.23003,3.75898,1.02371,1.08402,0.00076892,0.00076892,0.00076892
323,925.689,3.47281,0.97589,1.11425,0.60439,0.43332,0.49064,0.22994,3.78889,1.03203,1.0833,0.000767603,0.000767603,0.000767603
324,928.389,3.64368,1.03585,1.11257,0.60466,0.43163,0.49073,0.22915,3.77308,1.02035,1.08331,0.000766284,0.000766284,0.000766284
325,931.088,3.6619,1.03484,1.11429,0.60355,0.42998,0.48718,0.22817,3.75309,1.02142,1.08366,0.000764961,0.000764961,0.000764961
326,934.28,3.43992,1.01322,1.12699,0.60439,0.42976,0.48807,0.22741,3.76493,1.02376,1.08383,0.000763637,0.000763637,0.000763637
327,936.9,3.26581,0.95905,1.12472,0.60263,0.43012,0.48879,0.2293,3.74487,1.0235,1.08316,0.00076231,0.00076231,0.00076231
328,939.59,3.59649,0.99978,1.11225,0.60783,0.43232,0.49196,0.22904,3.75158,1.01905,1.08363,0.00076098,0.00076098,0.00076098
329,942.25,3.58839,1.00506,1.12049,0.61041,0.43012,0.48952,0.22852,3.7658,1.01756,1.08424,0.000759648,0.000759648,0.000759648
330,944.986,3.76626,1.06152,1.1454,0.62142,0.42738,0.49074,0.22769,3.76599,1.01755,1.08486,0.000758313,0.000758313,0.000758313
331,947.57,3.65475,1.02311,1.09708,0.6241,0.43125,0.49506,0.23069,3.74563,1.01364,1.08428,0.000756976,0.000756976,0.000756976
332,950.44,3.31164,0.9888,1.11505,0.61837,0.43438,0.49491,0.23154,3.7217,1.01055,1.084,0.000755636,0.000755636,0.000755636
333,953.256,3.48171,0.98921,1.09977,0.61588,0.42946,0.48912,0.22834,3.76491,1.01226,1.08439,0.000754293,0.000754293,0.000754293
334,956.285,3.72618,1.05217,1.10559,0.6155,0.42916,0.48877,0.22782,3.73226,1.00746,1.08426,0.000752949,0.000752949,0.000752949
335,958.927,3.49781,1.0173,1.12957,0.61077,0.43369,0.49307,0.23164,3.69392,1.00494,1.08354,0.000751602,0.000751602,0.000751602
336,961.766,3.23679,0.93791,1.12662,0.60722,0.43163,0.49125,0.22996,3.7164,1.00291,1.08317,0.000750252,0.000750252,0.000750252
337,964.572,3.72755,1.04391,1.12238,0.61362,0.42974,0.49157,0.23273,3.6789,1.00003,1.08335,0.0007489,0.0007489,0.0007489
338,967.589,3.96623,1.07882,1.15179,0.60928,0.43163,0.49061,0.2312,3.70577,1.00493,1.08372,0.000747546,0.000747546,0.000747546
339,970.491,3.98603,1.09243,1.14728,0.60532,0.4363,0.49431,0.23193,3.71789,1.00746,1.08321,0.000746189,0.000746189,0.000746189
340,973.343,3.43326,1.00445,1.1431,0.6038,0.43438,0.49212,0.2309,3.73351,1.0147,1.08386,0.00074483,0.00074483,0.00074483
341,976.014,3.4805,0.98355,1.12906,0.61417,0.43191,0.49308,0.23381,3.69937,1.00706,1.08389,0.000743468,0.000743468,0.000743468
342,978.98,3.56302,1.00658,1.12309,0.61516,0.43034,0.49256,0.2336,3.71271,1.00901,1.08348,0.000742104,0.000742104,0.000742104
343,981.782,3.71061,1.04691,1.12507,0.60732,0.43245,0.49492,0.22905,3.79604,1.02298,1.08467,0.000740738,0.000740738,0.000740738
344,984.594,3.61322,1.02984,1.13409,0.61282,0.43383,0.4969,0.23148,3.74028,1.01691,1.08384,0.000739369,0.000739369,0.000739369
345,987.268,3.77635,1.02879,1.11624,0.61242,0.43234,0.49429,0.23442,3.71391,1.00349,1.08319,0.000737998,0.000737998,0.000737998
346,990.27,3.68159,1.08107,1.12994,0.60955,0.43575,0.49675,0.23348,3.74151,1.01159,1.08298,0.000736625,0.000736625,0.000736625
347,993.054,3.83144,1.06643,1.11095,0.60843,0.43493,0.49738,0.23177,3.74048,1.01367,1.0838,0.00073525,0.00073525,0.00073525
348,995.829,3.96037,1.09603,1.12075,0.60706,0.4348,0.49504,0.23141,3.7395,1.01137,1.08278,0.000733872,0.000733872,0.000733872
349,998.535,3.44124,0.96043,1.11676,0.61198,0.43726,0.49745,0.23535,3.68687,1.00273,1.0822,0.000732492,0.000732492,0.000732492
350,1001.48,3.74518,1.05207,1.09547,0.61067,0.43843,0.49653,0.23499,3.68186,1.00727,1.08149,0.00073111,0.00073111,0.00073111
351,1004.22,3.79762,1.04147,1.11701,0.6113,0.43657,0.49734,0.23102,3.75434,1.02019,1.08312,0.000729725,0.000729725,0.000729725
352,1007.05,3.47763,1.00825,1.12645,0.61179,0.43769,0.49654,0.23181,3.73108,1.01584,1.08206,0.000728339,0.000728339,0.000728339
353,1009.77,3.67693,1.03329,1.1044,0.61563,0.43575,0.49361,0.23252,3.68513,1.0078,1.08231,0.00072695,0.00072695,0.00072695
354,1012.7,3.14506,0.94588,1.14493,0.61932,0.43657,0.49504,0.23001,3.76035,1.01509,1.08277,0.000725559,0.000725559,0.000725559
355,1015.5,3.39694,0.97357,1.10545,0.61441,0.43781,0.49579,0.23252,3.73648,1.01749,1.08131,0.000724165,0.000724165,0.000724165
356,1018.33,3.37153,0.98289,1.11632,0.61841,0.43808,0.49736,0.23345,3.72549,1.01231,1.08137,0.00072277,0.00072277,0.00072277
357,1021.17,3.10849,0.92981,1.11952,0.62172,0.43575,0.49714,0.23221,3.73346,1.00871,1.08249,0.000721372,0.000721372,0.000721372
358,1024.15,3.39221,0.96767,1.11287,0.61852,0.43753,0.49636,0.23174,3.73056,1.00478,1.08274,0.000719973,0.000719973,0.000719973
359,1026.82,3.44155,1.00618,1.11162,0.61488,0.43926,0.49855,0.23424,3.71562,1.0033,1.08214,0.000718571,0.000718571,0.000718571
360,1029.63,3.4458,0.94957,1.09137,0.62184,0.4374,0.49872,0.2328,3.73415,1.00857,1.08218,0.000717167,0.000717167,0.000717167
361,1032.39,3.42524,0.97312,1.10696,0.6157,0.43451,0.49506,0.23168,3.72171,1.00141,1.08325,0.000715761,0.000715761,0.000715761
362,1035.16,3.66408,1.03713,1.12218,0.61604,0.43548,0.49524,0.2295,3.76026,1.00798,1.08386,0.000714353,0.000714353,0.000714353
363,1038.1,3.60903,1.01953,1.11206,0.61989,0.43323,0.49643,0.23301,3.73491,1.00771,1.08319,0.000712942,0.000712942,0.000712942
364,1040.78,3.54041,1.00042,1.10181,0.62289,0.43575,0.49918,0.23349,3.71761,1.00399,1.08281,0.00071153,0.00071153,0.00071153
365,1043.6,3.84757,1.07303,1.1138,0.62399,0.43332,0.49744,0.23527,3.69112,0.99949,1.08327,0.000710116,0.000710116,0.000710116
366,1046.64,3.29935,0.95657,1.10788,0.62401,0.43314,0.49906,0.23734,3.65276,0.99627,1.08242,0.0007087,0.0007087,0.0007087
367,1049.55,3.68207,1.0649,1.09655,0.61873,0.43314,0.49769,0.23428,3.73202,1.00318,1.08319,0.000707281,0.000707281,0.000707281
368,1052.24,3.49276,1.00115,1.09022,0.61896,0.433,0.49896,0.23592,3.68636,1.00268,1.08284,0.000705861,0.000705861,0.000705861
369,1054.78,3.48951,0.99824,1.11539,0.61358,0.43685,0.49873,0.23597,3.67072,0.99786,1.08323,0.000704439,0.000704439,0.000704439
370,1057.6,3.53228,0.99926,1.10308,0.61311,0.43149,0.49223,0.23046,3.73068,1.00356,1.08422,0.000703014,0.000703014,0.000703014
371,1060.33,3.40762,0.95705,1.12296,0.61597,0.43561,0.49859,0.23557,3.69423,1.00464,1.08326,0.000701588,0.000701588,0.000701588
372,1063.13,3.87163,1.07724,1.1342,0.61332,0.43891,0.49969,0.23469,3.71918,1.00333,1.08362,0.00070016,0.00070016,0.00070016
373,1065.92,3.7228,1.06752,1.13976,0.60544,0.43904,0.49611,0.23516,3.67929,0.99953,1.0833,0.00069873,0.00069873,0.00069873
374,1068.83,3.41289,0.97455,1.11494,0.60594,0.43826,0.49695,0.23496,3.69376,1.00259,1.08242,0.000697298,0.000697298,0.000697298
375,1071.63,3.33753,1.00435,1.13485,0.60594,0.44014,0.49935,0.23452,3.71312,1.00502,1.0825,0.000695864,0.000695864,0.000695864
376,1074.35,3.40728,0.96639,1.10633,0.60617,0.43846,0.49422,0.23208,3.74192,1.01005,1.08345,0.000694428,0.000694428,0.000694428
377,1077.11,3.39052,0.99493,1.12982,0.60944,0.43534,0.49365,0.23478,3.70571,1.00593,1.08324,0.000692991,0.000692991,0.000692991
378,1079.84,3.67289,1.03583,1.11425,0.60996,0.4354,0.49304,0.23401,3.70108,0.9999,1.08296,0.000691551,0.000691551,0.000691551
379,1082.85,3.52877,0.96801,1.09855,0.60817,0.43726,0.49535,0.23571,3.71242,1.00236,1.08265,0.00069011,0.00069011,0.00069011
380,1085.8,3.58058,1.02533,1.13257,0.60807,0.43424,0.49404,0.2349,3.71833,1.00053,1.08345,0.000688667,0.000688667,0.000688667
381,1088.3,3.40899,0.97126,1.10434,0.59737,0.43012,0.48602,0.22852,3.76055,1.00161,1.08491,0.000687222,0.000687222,0.000687222
382,1091.13,3.39489,0.96363,1.11203,0.61287,0.42889,0.49008,0.23247,3.71117,1.00064,1.0843,0.000685775,0.000685775,0.000685775
383,1093.79,3.5968,1.01051,1.13687,0.61335,0.43712,0.49799,0.23735,3.69727,0.99901,1.08306,0.000684326,0.000684326,0.000684326
384,1096.68,3.4849,1.01229,1.11343,0.62052,0.43891,0.50324,0.23893,3.71087,0.99521,1.08258,0.000682876,0.000682876,0.000682876
385,1099.63,3.46744,0.97863,1.10297,0.61591,0.43438,0.49701,0.23347,3.73016,0.99687,1.08385,0.000681424,0.000681424,0.000681424
386,1102.54,3.32741,0.95556,1.11639,0.61491,0.43781,0.49814,0.23626,3.69965,0.99272,1.08345,0.00067997,0.00067997,0.00067997
387,1105.2,3.49463,1.01303,1.14038,0.61842,0.44032,0.50458,0.23885,3.71043,0.99476,1.0821,0.000678514,0.000678514,0.000678514
388,1107.84,3.68474,1.00143,1.11337,0.62124,0.43822,0.5039,0.23941,3.69661,0.99778,1.08176,0.000677057,0.000677057,0.000677057
389,1110.81,3.23264,0.92442,1.09839,0.61313,0.43822,0.50086,0.2384,3.67133,0.99167,1.08217,0.000675598,0.000675598,0.000675598
390,1113.54,3.1257,0.92407,1.14367,0.62896,0.43262,0.50073,0.23677,3.69231,0.99255,1.08278,0.000674138,0.000674138,0.000674138
391,1116.33,3.44845,0.97048,1.0993,0.63356,0.43509,0.50446,0.23798,3.69791,0.99445,1.08268,0.000672675,0.000672675,0.000672675
392,1119.04,3.6193,1.01545,1.12555,0.63439,0.43427,0.50366,0.23589,3.72287,1.00009,1.08249,0.000671211,0.000671211,0.000671211
393,1121.97,3.4861,1.00289,1.10314,0.62853,0.4352,0.50147,0.23459,3.73211,0.99817,1.0835,0.000669746,0.000669746,0.000669746
394,1125.11,3.5856,0.99088,1.10663,0.6306,0.433,0.50059,0.23741,3.70939,0.9965,1.08316,0.000668278,0.000668278,0.000668278
395,1127.79,3.72959,1.02268,1.10483,0.63022,0.43497,0.50076,0.23591,3.7377,1.00071,1.08235,0.00066681,0.00066681,0.00066681
396,1130.98,3.44419,0.96988,1.1118,0.62885,0.43355,0.50156,0.23641,3.73962,1.00271,1.08212,0.000665339,0.000665339,0.000665339
397,1133.68,3.69717,1.0301,1.11789,0.62877,0.43273,0.49839,0.23779,3.68099,0.99607,1.08201,0.000663867,0.000663867,0.000663867
398,1136.31,3.4018,0.97597,1.12493,0.62054,0.4363,0.49869,0.23576,3.71694,1.00317,1.08268,0.000662393,0.000662393,0.000662393
399,1139.37,3.46269,0.99292,1.1174,0.61585,0.43767,0.49839,0.23481,3.77287,1.01155,1.08201,0.000660918,0.000660918,0.000660918
400,1142.24,3.43078,0.95374,1.10364,0.62302,0.43328,0.5001,0.23656,3.75492,1.00946,1.0817,0.000659442,0.000659442,0.000659442
401,1144.83,3.63488,1.01743,1.11524,0.62334,0.43287,0.49839,0.23642,3.69131,0.9986,1.08185,0.000657963,0.000657963,0.000657963
402,1147.7,3.46665,0.96861,1.12609,0.62192,0.43644,0.49959,0.23704,3.68006,0.99547,1.08119,0.000656484,0.000656484,0.000656484
403,1150.34,3.52895,1.00284,1.12349,0.62605,0.43836,0.50306,0.23817,3.70134,0.99699,1.08062,0.000655002,0.000655002,0.000655002
404,1153.19,3.80766,1.08373,1.13879,0.62466,0.43863,0.50256,0.23666,3.72701,1.0031,1.08081,0.00065352,0.00065352,0.00065352
405,1156.06,3.50966,1.02296,1.1127,0.62664,0.43685,0.50063,0.23917,3.66159,0.99491,1.08064,0.000652036,0.000652036,0.000652036
406,1159.01,3.37178,0.98282,1.11042,0.62591,0.44316,0.5054,0.24029,3.67162,0.9971,1.08049,0.00065055,0.00065055,0.00065055
407,1161.92,3.49707,0.96218,1.1082,0.62272,0.44179,0.50332,0.23715,3.70667,0.99927,1.08095,0.000649063,0.000649063,0.000649063
408,1164.83,3.52473,0.99348,1.11176,0.62003,0.44124,0.50234,0.23864,3.68789,0.99566,1.08146,0.000647574,0.000647574,0.000647574
409,1167.41,3.30034,0.93968,1.10387,0.62015,0.44303,0.5025,0.23778,3.70044,0.99895,1.08109,0.000646085,0.000646085,0.000646085
410,1170.18,3.48715,0.97329,1.09944,0.61879,0.43575,0.49641,0.23643,3.68559,0.99817,1.082,0.000644593,0.000644593,0.000644593
411,1172.99,3.52147,0.99465,1.10999,0.61769,0.43963,0.49866,0.23793,3.68177,1.00007,1.08085,0.000643101,0.000643101,0.000643101
412,1175.93,3.30011,0.93936,1.10541,0.62124,0.44001,0.50054,0.23774,3.70967,1.00175,1.08121,0.000641607,0.000641607,0.000641607
413,1178.65,3.29228,0.9768,1.13454,0.62186,0.44124,0.50194,0.23797,3.68547,0.99645,1.08124,0.000640111,0.000640111,0.000640111
414,1181.45,3.32486,0.96268,1.10989,0.62084,0.43948,0.50171,0.23836,3.68262,1.00041,1.08083,0.000638615,0.000638615,0.000638615
415,1184.25,3.2325,0.94138,1.11511,0.62324,0.43831,0.49962,0.23782,3.70238,1.00569,1.08088,0.000637116,0.000637116,0.000637116
416,1186.99,3.24625,0.96034,1.11276,0.62134,0.43932,0.49938,0.23813,3.69201,1.00287,1.0808,0.000635617,0.000635617,0.000635617
417,1189.67,3.28591,0.93917,1.12048,0.61898,0.43469,0.49748,0.23781,3.66856,0.99866,1.08105,0.000634117,0.000634117,0.000634117
418,1192.53,3.44681,0.96483,1.13315,0.61803,0.43693,0.49828,0.23686,3.69632,1.00039,1.08022,0.000632615,0.000632615,0.000632615
419,1195.16,3.30122,0.93511,1.10125,0.62272,0.43825,0.50006,0.238,3.66972,0.99283,1.07976,0.000631112,0.000631112,0.000631112
420,1198.26,3.21501,0.94781,1.12115,0.62395,0.43767,0.5008,0.23912,3.66896,0.99435,1.07961,0.000629607,0.000629607,0.000629607
421,1201.05,3.66297,1.00106,1.0908,0.6207,0.43767,0.49974,0.23807,3.68032,0.99391,1.08001,0.000628101,0.000628101,0.000628101
422,1203.81,4.05666,1.12469,1.12434,0.62144,0.43722,0.49964,0.23762,3.68574,0.99403,1.07964,0.000626595,0.000626595,0.000626595
423,1206.45,3.29902,0.98512,1.10814,0.62598,0.43987,0.50175,0.23782,3.66692,0.99357,1.07904,0.000625087,0.000625087,0.000625087
424,1209.23,3.4377,0.97164,1.13288,0.63007,0.43446,0.50127,0.23724,3.69597,0.99798,1.07988,0.000623577,0.000623577,0.000623577
425,1212.01,3.34328,0.96035,1.12128,0.6256,0.43589,0.50173,0.23974,3.6582,0.99024,1.0798,0.000622067,0.000622067,0.000622067
426,1215.26,3.51309,0.98097,1.11402,0.6252,0.43374,0.50178,0.23982,3.66617,0.98972,1.07987,0.000620555,0.000620555,0.000620555
427,1218.21,3.83191,1.02623,1.10075,0.62943,0.43383,0.50117,0.23894,3.68713,0.99109,1.08011,0.000619043,0.000619043,0.000619043
428,1221.25,3.62512,1.02093,1.1078,0.62546,0.43726,0.50259,0.23975,3.68141,0.99159,1.08052,0.000617529,0.000617529,0.000617529
429,1224.08,3.8044,1.03949,1.10003,0.62088,0.43699,0.5017,0.24173,3.66337,0.9884,1.07934,0.000616014,0.000616014,0.000616014
430,1226.69,3.44034,0.94705,1.11767,0.62102,0.43781,0.50139,0.23985,3.66781,0.98936,1.07994,0.000614498,0.000614498,0.000614498
431,1229.75,3.63456,1.00208,1.08624,0.62584,0.44083,0.50736,0.24117,3.67108,0.98948,1.07977,0.000612981,0.000612981,0.000612981
432,1232.38,3.58545,1.0148,1.11558,0.62134,0.43932,0.50563,0.24054,3.6733,0.99115,1.07991,0.000611463,0.000611463,0.000611463
433,1235.42,3.37231,0.98486,1.11278,0.61616,0.43561,0.4977,0.23926,3.6407,0.98852,1.07968,0.000609944,0.000609944,0.000609944
434,1238.29,3.54134,0.99795,1.10025,0.61818,0.43314,0.49671,0.2371,3.67516,0.99416,1.07982,0.000608423,0.000608423,0.000608423
435,1241.24,3.48382,0.98039,1.12096,0.62021,0.43852,0.50376,0.24052,3.66889,0.99249,1.07918,0.000606902,0.000606902,0.000606902
436,1244.16,3.75859,1.09716,1.13407,0.61997,0.43946,0.50504,0.2392,3.70155,0.99336,1.07999,0.00060538,0.00060538,0.00060538
437,1247.03,3.51254,0.96831,1.1031,0.61964,0.43863,0.50372,0.2412,3.65945,0.99103,1.07916,0.000603856,0.000603856,0.000603856
438,1249.95,3.56935,1.01404,1.12687,0.62233,0.4385,0.50476,0.24121,3.67042,0.98903,1.07959,0.000602332,0.000602332,0.000602332
439,1252.64,3.61442,0.99308,1.12794,0.62647,0.43959,0.50568,0.2426,3.66139,0.98881,1.07815,0.000600807,0.000600807,0.000600807
440,1255.66,3.39931,0.96179,1.12483,0.62711,0.43959,0.50824,0.24302,3.66087,0.98935,1.07851,0.000599281,0.000599281,0.000599281
441,1258.6,3.53218,0.99445,1.11233,0.6255,0.43728,0.5046,0.24218,3.6472,0.98724,1.07878,0.000597754,0.000597754,0.000597754
442,1261.52,3.26693,0.92852,1.10067,0.62546,0.44069,0.50527,0.24351,3.63291,0.98509,1.07806,0.000596226,0.000596226,0.000596226
443,1264.53,3.55134,1.00529,1.12299,0.62215,0.4408,0.50476,0.24123,3.70236,0.99305,1.0784,0.000594697,0.000594697,0.000594697
444,1267.41,3.4728,0.973,1.10831,0.62467,0.44212,0.50521,0.24172,3.67877,0.99467,1.07821,0.000593167,0.000593167,0.000593167
445,1270.19,3.49862,0.96828,1.11936,0.62737,0.44042,0.50351,0.2423,3.64813,0.98796,1.07882,0.000591636,0.000591636,0.000591636
446,1273.09,3.23123,0.94666,1.10089,0.62397,0.43877,0.50021,0.23895,3.67827,0.99229,1.07866,0.000590105,0.000590105,0.000590105
447,1275.94,3.51548,0.97449,1.11832,0.62451,0.44152,0.50463,0.24013,3.69274,0.99673,1.07876,0.000588573,0.000588573,0.000588573
448,1278.61,3.55045,0.98504,1.10002,0.62366,0.44159,0.50674,0.23926,3.72901,1.00482,1.07891,0.000587039,0.000587039,0.000587039
449,1281.53,3.4279,0.94942,1.10263,0.62372,0.44165,0.50613,0.24301,3.64879,0.99104,1.07878,0.000585505,0.000585505,0.000585505
450,1284.56,3.36343,0.97089,1.13708,0.62796,0.44042,0.5069,0.24457,3.65015,0.98864,1.07881,0.000583971,0.000583971,0.000583971
451,1287.3,3.27716,0.95586,1.09938,0.62906,0.44344,0.51053,0.24172,3.70049,1.00097,1.07813,0.000582435,0.000582435,0.000582435
452,1290.34,3.40664,0.95704,1.11732,0.63004,0.44097,0.50785,0.24283,3.66752,0.99814,1.07854,0.000580899,0.000580899,0.000580899
453,1293.23,3.46577,0.9662,1.09504,0.62986,0.44124,0.50685,0.2406,3.69365,0.99619,1.07882,0.000579362,0.000579362,0.000579362
454,1296.04,3.25981,0.95868,1.11428,0.62995,0.44577,0.50886,0.24176,3.66885,0.99363,1.0788,0.000577824,0.000577824,0.000577824
455,1298.98,3.46871,0.98466,1.11521,0.63036,0.44193,0.50679,0.24103,3.66628,0.99552,1.07838,0.000576285,0.000576285,0.000576285
456,1302.09,3.68077,1.04916,1.11836,0.6238,0.44179,0.50589,0.23947,3.72715,1.00035,1.07899,0.000574746,0.000574746,0.000574746
457,1304.98,3.4559,0.98792,1.1365,0.62926,0.43784,0.5051,0.24115,3.68758,0.9942,1.07955,0.000573206,0.000573206,0.000573206
458,1307.88,3.48645,0.97701,1.11432,0.62364,0.442,0.50532,0.24003,3.68834,0.9926,1.07934,0.000571666,0.000571666,0.000571666
459,1310.73,3.57632,1.02512,1.10706,0.62897,0.43836,0.50491,0.24074,3.66534,0.99339,1.07906,0.000570124,0.000570124,0.000570124
460,1313.53,3.65493,1.0292,1.0857,0.62576,0.4363,0.50125,0.23815,3.69473,0.99637,1.07957,0.000568582,0.000568582,0.000568582
461,1316.34,3.54591,1.0064,1.1134,0.62716,0.43932,0.50552,0.24226,3.65355,0.99197,1.07855,0.00056704,0.00056704,0.00056704
462,1319.04,3.43823,0.97698,1.11826,0.62519,0.43762,0.50407,0.24103,3.65862,0.99266,1.07892,0.000565497,0.000565497,0.000565497
463,1321.96,3.74008,1.04601,1.12076,0.62368,0.43481,0.50261,0.23972,3.71654,0.99719,1.07891,0.000563953,0.000563953,0.000563953
464,1324.97,3.22399,0.96174,1.11686,0.62855,0.43726,0.50526,0.24176,3.65315,0.98692,1.07828,0.000562409,0.000562409,0.000562409
465,1327.75,3.60647,1.00604,1.10852,0.6327,0.43088,0.50276,0.2393,3.69712,0.98884,1.07888,0.000560864,0.000560864,0.000560864
466,1330.8,3.18635,0.94172,1.10893,0.6317,0.43287,0.50345,0.24335,3.65822,0.9841,1.07881,0.000559318,0.000559318,0.000559318
467,1333.52,3.39057,0.94263,1.11299,0.63305,0.43328,0.50441,0.23841,3.72919,0.99156,1.07947,0.000557773,0.000557773,0.000557773
468,1336.33,3.66042,1.01788,1.10536,0.6338,0.43561,0.50768,0.24068,3.73308,0.99,1.07922,0.000556226,0.000556226,0.000556226
469,1338.94,3.22697,0.95159,1.11383,0.63632,0.43959,0.5087,0.243,3.67452,0.98321,1.07874,0.000554679,0.000554679,0.000554679
470,1341.66,3.28708,0.9505,1.09814,0.62875,0.4406,0.50629,0.24159,3.69598,0.98541,1.07956,0.000553132,0.000553132,0.000553132
471,1344.38,3.45351,0.98806,1.10758,0.62739,0.44316,0.50685,0.24144,3.66565,0.98591,1.07907,0.000551584,0.000551584,0.000551584
472,1347.21,3.54725,0.97618,1.1091,0.6304,0.44248,0.50853,0.2417,3.68262,0.98509,1.0795,0.000550035,0.000550035,0.000550035
473,1350.01,3.63083,0.98959,1.1057,0.63306,0.44275,0.5103,0.24226,3.69063,0.98801,1.07948,0.000548486,0.000548486,0.000548486
474,1352.68,3.12087,0.93497,1.1159,0.63345,0.43959,0.50898,0.24351,3.67625,0.9876,1.0792,0.000546937,0.000546937,0.000546937
475,1355.47,3.5326,1.00479,1.11311,0.63936,0.43822,0.50907,0.24438,3.64139,0.98023,1.07881,0.000545387,0.000545387,0.000545387
476,1358.28,3.72744,1.03357,1.11053,0.63603,0.44072,0.50974,0.24492,3.63882,0.98076,1.07821,0.000543837,0.000543837,0.000543837
477,1361.09,3.61961,0.98889,1.09291,0.62942,0.44047,0.50894,0.24373,3.67907,0.98729,1.078,0.000542287,0.000542287,0.000542287
478,1364.1,3.3578,0.95317,1.11296,0.62881,0.44467,0.51037,0.24331,3.66157,0.98415,1.0781,0.000540736,0.000540736,0.000540736
479,1367.09,3.23063,0.91914,1.10046,0.63164,0.44509,0.51043,0.24365,3.64961,0.98002,1.07873,0.000539185,0.000539185,0.000539185
480,1370.08,3.86985,1.09417,1.12203,0.62673,0.44495,0.50957,0.2436,3.65505,0.98015,1.07834,0.000537633,0.000537633,0.000537633
481,1372.83,3.78426,1.04908,1.13998,0.62332,0.44742,0.5107,0.24333,3.69189,0.98849,1.07806,0.000536081,0.000536081,0.000536081
482,1375.67,3.52789,0.98954,1.12952,0.62318,0.44615,0.51037,0.243,3.68977,0.98594,1.07831,0.000534529,0.000534529,0.000534529
483,1378.43,3.31911,0.95787,1.12408,0.62467,0.44555,0.51018,0.24339,3.66305,0.98274,1.07833,0.000532977,0.000532977,0.000532977
484,1381.1,3.3825,0.94759,1.1078,0.62805,0.44138,0.50862,0.24398,3.64398,0.98078,1.07842,0.000531424,0.000531424,0.000531424
485,1384.02,3.54367,1.00026,1.11176,0.63115,0.4414,0.50915,0.24422,3.64021,0.97578,1.07876,0.000529871,0.000529871,0.000529871
486,1387,2.98697,0.8904,1.10642,0.62685,0.44014,0.50627,0.24596,3.60667,0.97454,1.07814,0.000528318,0.000528318,0.000528318
487,1389.83,3.59496,0.99255,1.10326,0.62604,0.44173,0.50772,0.2445,3.66023,0.98288,1.07825,0.000526764,0.000526764,0.000526764
488,1392.49,3.41019,0.94227,1.10861,0.62534,0.44193,0.50636,0.24524,3.65463,0.97902,1.07831,0.000525211,0.000525211,0.000525211
489,1395.33,3.21333,0.93844,1.10782,0.62539,0.44467,0.5081,0.24498,3.65249,0.97668,1.07883,0.000523657,0.000523657,0.000523657
490,1398.02,3.79176,1.07329,1.12413,0.62588,0.44399,0.50804,0.24372,3.67336,0.97977,1.0792,0.000522103,0.000522103,0.000522103
491,1400.97,3.06084,0.90056,1.10234,0.62186,0.44432,0.50621,0.24351,3.6935,0.98096,1.07883,0.000520548,0.000520548,0.000520548
492,1403.91,3.18068,0.92661,1.09422,0.62285,0.44256,0.50586,0.24327,3.69102,0.98388,1.07896,0.000518994,0.000518994,0.000518994
493,1407.12,3.71001,1.06782,1.11828,0.6284,0.44261,0.50689,0.24471,3.6715,0.98161,1.07889,0.000517439,0.000517439,0.000517439
494,1409.87,3.27734,0.94473,1.12252,0.627,0.44138,0.50711,0.24316,3.70082,0.98516,1.07916,0.000515885,0.000515885,0.000515885
495,1412.68,3.42055,0.98343,1.11919,0.62576,0.44357,0.50745,0.24507,3.68618,0.98565,1.07874,0.00051433,0.00051433,0.00051433
496,1415.64,3.49137,1.00151,1.13314,0.62782,0.44234,0.50694,0.24646,3.64866,0.98291,1.07762,0.000512775,0.000512775,0.000512775
497,1418.38,3.51293,0.97107,1.10284,0.62611,0.44289,0.50795,0.24574,3.62742,0.97525,1.07719,0.00051122,0.00051122,0.00051122
498,1421.37,3.39283,0.95563,1.11221,0.63069,0.44289,0.5089,0.2461,3.62126,0.97652,1.07751,0.000509665,0.000509665,0.000509665
499,1424.07,3.49029,0.9646,1.11298,0.62437,0.44193,0.50633,0.24327,3.66642,0.98341,1.07768,0.00050811,0.00050811,0.00050811
500,1427.05,3.84153,1.06646,1.09983,0.62685,0.44756,0.51134,0.24547,3.63385,0.97511,1.07781,0.000506555,0.000506555,0.000506555
501,1429.82,3.52411,0.98189,1.09402,0.62854,0.44385,0.50865,0.24484,3.62138,0.97197,1.07717,0.000505,0.000505,0.000505
502,1432.55,3.27207,0.94595,1.12359,0.62747,0.44714,0.51099,0.24598,3.63033,0.97706,1.07697,0.000503445,0.000503445,0.000503445
503,1435.38,3.37967,0.95944,1.10791,0.62218,0.44522,0.50903,0.24566,3.64083,0.97353,1.07745,0.00050189,0.00050189,0.00050189
504,1438.21,3.22012,0.95936,1.11471,0.62912,0.44412,0.50884,0.24661,3.61351,0.96906,1.07659,0.000500335,0.000500335,0.000500335
505,1441.01,3.10015,0.91368,1.12436,0.63208,0.44344,0.51091,0.24655,3.64537,0.97403,1.07696,0.00049878,0.00049878,0.00049878
506,1444.36,3.20866,0.95621,1.12864,0.62689,0.44605,0.5084,0.2473,3.62275,0.97289,1.07658,0.000497225,0.000497225,0.000497225
507,1447.12,3.28956,0.94271,1.11658,0.62806,0.44626,0.50966,0.24759,3.63201,0.97673,1.07689,0.00049567,0.00049567,0.00049567
508,1449.99,3.31457,0.94052,1.10604,0.62971,0.44344,0.50799,0.24733,3.61817,0.97777,1.0767,0.000494115,0.000494115,0.000494115
509,1452.75,3.96365,1.1088,1.08937,0.62477,0.44467,0.50682,0.24566,3.63705,0.97811,1.07696,0.000492561,0.000492561,0.000492561
510,1455.91,3.36657,0.95222,1.09061,0.62801,0.4413,0.50667,0.24658,3.6236,0.97819,1.07646,0.000491006,0.000491006,0.000491006
511,1458.86,3.43752,1.01712,1.1138,0.62539,0.43918,0.50436,0.24335,3.65663,0.98235,1.07703,0.000489452,0.000489452,0.000489452
512,1461.62,3.42423,0.97492,1.12573,0.62833,0.43753,0.50528,0.24439,3.63442,0.98179,1.0771,0.000487897,0.000487897,0.000487897
513,1464.41,3.51331,0.99914,1.09887,0.62294,0.43987,0.50532,0.24449,3.63085,0.9836,1.07702,0.000486343,0.000486343,0.000486343
514,1466.96,3.48634,0.99348,1.11882,0.62259,0.43777,0.50403,0.24448,3.64445,0.98182,1.07695,0.000484789,0.000484789,0.000484789
515,1469.47,3.34737,0.93481,1.11162,0.62912,0.43836,0.50576,0.24263,3.65142,0.98165,1.07761,0.000483236,0.000483236,0.000483236
516,1472.37,3.89297,1.09324,1.09043,0.62369,0.43847,0.50521,0.24388,3.65216,0.98208,1.07766,0.000481682,0.000481682,0.000481682
517,1475.27,3.46324,0.99067,1.10092,0.62911,0.43849,0.5083,0.24534,3.64111,0.97567,1.07739,0.000480129,0.000480129,0.000480129
518,1478.17,3.24901,0.92966,1.11446,0.63051,0.43973,0.50875,0.2452,3.63417,0.97322,1.0769,0.000478576,0.000478576,0.000478576
519,1480.89,3.48281,0.9742,1.11288,0.62921,0.43767,0.50812,0.24502,3.65976,0.97463,1.07771,0.000477023,0.000477023,0.000477023
520,1483.9,3.41874,0.95125,1.10044,0.63831,0.43959,0.51106,0.24703,3.625,0.96837,1.07768,0.000475471,0.000475471,0.000475471
521,1486.59,3.41856,0.94102,1.11807,0.63034,0.44371,0.5104,0.24638,3.63978,0.96996,1.07768,0.000473919,0.000473919,0.000473919
522,1489.22,3.404,0.96784,1.10898,0.63348,0.44385,0.5135,0.24643,3.6459,0.97384,1.07738,0.000472367,0.000472367,0.000472367
523,1492.1,3.68207,1.00143,1.08728,0.63308,0.44414,0.51299,0.24814,3.60703,0.97236,1.07649,0.000470815,0.000470815,0.000470815
524,1494.93,3.22084,0.9163,1.10804,0.62856,0.44591,0.51467,0.25,3.59516,0.96822,1.07644,0.000469264,0.000469264,0.000469264
525,1497.65,3.38632,0.93506,1.11237,0.63058,0.44248,0.51249,0.24659,3.63714,0.96923,1.07732,0.000467713,0.000467713,0.000467713
526,1500.57,3.39393,0.96373,1.11277,0.63603,0.44239,0.51327,0.24873,3.60327,0.96944,1.07682,0.000466163,0.000466163,0.000466163
527,1503.29,3.25428,0.93329,1.10605,0.63378,0.44426,0.5149,0.2496,3.60786,0.97176,1.07654,0.000464613,0.000464613,0.000464613
528,1506.24,3.70532,1.03818,1.11129,0.63541,0.44083,0.51449,0.24853,3.63359,0.97569,1.07668,0.000463063,0.000463063,0.000463063
529,1509.02,3.13368,0.90915,1.10194,0.63393,0.44083,0.5129,0.24727,3.62006,0.97244,1.07674,0.000461514,0.000461514,0.000461514
530,1511.86,3.13918,0.9095,1.11886,0.62954,0.44187,0.51159,0.24851,3.60462,0.97175,1.07656,0.000459965,0.000459965,0.000459965
531,1514.59,3.32788,0.96182,1.10164,0.62864,0.44357,0.51372,0.2478,3.65197,0.9766,1.07748,0.000458416,0.000458416,0.000458416
532,1517.31,3.3793,0.94528,1.1075,0.63285,0.44124,0.5123,0.24737,3.63928,0.97672,1.07643,0.000456868,0.000456868,0.000456868
533,1520.2,3.23778,0.95239,1.10571,0.63168,0.44206,0.51262,0.24929,3.61666,0.97579,1.07608,0.000455321,0.000455321,0.000455321
534,1522.88,3.24426,0.93628,1.10062,0.62952,0.44392,0.51141,0.24877,3.63118,0.97664,1.07644,0.000453774,0.000453774,0.000453774
535,1525.83,3.34246,0.91716,1.09958,0.62974,0.44261,0.51067,0.24805,3.62632,0.97359,1.07664,0.000452227,0.000452227,0.000452227
536,1528.84,3.6827,1.03424,1.11776,0.62725,0.44591,0.5113,0.24928,3.6003,0.97057,1.0764,0.000450682,0.000450682,0.000450682
537,1531.49,3.28419,0.93824,1.11362,0.6276,0.44577,0.51175,0.24887,3.60234,0.97474,1.07657,0.000449136,0.000449136,0.000449136
538,1534.44,3.55028,0.98388,1.09493,0.62798,0.44852,0.51381,0.25136,3.57611,0.97265,1.07604,0.000447591,0.000447591,0.000447591
539,1537.6,3.49209,0.98758,1.09341,0.63034,0.44456,0.51316,0.24986,3.58831,0.97284,1.07595,0.000446047,0.000446047,0.000446047
540,1540.5,3.34982,0.96365,1.11471,0.62904,0.4479,0.51692,0.25157,3.56021,0.97017,1.07592,0.000444503,0.000444503,0.000444503
541,1543.42,3.35027,0.9684,1.09145,0.63102,0.44632,0.51426,0.25083,3.56747,0.96806,1.07659,0.00044296,0.00044296,0.00044296
542,1546.4,3.38262,0.97317,1.09638,0.63067,0.44682,0.51568,0.24998,3.57183,0.96785,1.07665,0.000441418,0.000441418,0.000441418
543,1549.01,3.64851,0.98397,1.08229,0.62678,0.44646,0.51476,0.25049,3.56749,0.96859,1.07561,0.000439876,0.000439876,0.000439876
544,1551.79,3.5966,0.98111,1.10734,0.62748,0.44493,0.51377,0.25077,3.57699,0.96663,1.07612,0.000438334,0.000438334,0.000438334
545,1554.49,3.48784,0.97821,1.08367,0.63188,0.44445,0.51602,0.24964,3.60781,0.97216,1.07581,0.000436794,0.000436794,0.000436794
546,1557.74,3.27397,0.94945,1.10588,0.64175,0.43799,0.51442,0.25041,3.59334,0.96952,1.07572,0.000435254,0.000435254,0.000435254
547,1560.75,3.28687,0.95221,1.10308,0.63423,0.44399,0.51359,0.25074,3.57652,0.96674,1.07596,0.000433715,0.000433715,0.000433715
548,1563.51,3.41803,0.94581,1.09204,0.63232,0.44717,0.51355,0.24946,3.59024,0.97051,1.07628,0.000432176,0.000432176,0.000432176
549,1566.34,3.58711,1.00968,1.08374,0.6276,0.44885,0.51344,0.25028,3.6107,0.9745,1.076,0.000430638,0.000430638,0.000430638
550,1569.32,3.42228,0.98664,1.09465,0.63494,0.4466,0.51303,0.25037,3.56973,0.96961,1.07563,0.000429101,0.000429101,0.000429101
551,1572.1,3.24295,0.96121,1.10152,0.6384,0.44671,0.51401,0.25112,3.55523,0.96822,1.07517,0.000427565,0.000427565,0.000427565
552,1574.89,3.30754,0.93148,1.11412,0.64082,0.44605,0.51324,0.24937,3.58436,0.96707,1.07505,0.000426029,0.000426029,0.000426029
553,1577.6,4.10858,1.11703,1.12505,0.63678,0.44509,0.51244,0.2498,3.57489,0.96588,1.07498,0.000424495,0.000424495,0.000424495
554,1580.28,3.65748,0.99429,1.09289,0.64489,0.4455,0.51636,0.24867,3.61024,0.97047,1.07492,0.000422961,0.000422961,0.000422961
555,1583.1,3.43055,0.95878,1.09623,0.64403,0.4451,0.51591,0.25087,3.57271,0.9654,1.07452,0.000421427,0.000421427,0.000421427
556,1585.97,3.21475,0.94008,1.09756,0.64143,0.44672,0.51595,0.25014,3.594,0.96888,1.07504,0.000419895,0.000419895,0.000419895
557,1588.74,3.28784,0.92305,1.0872,0.64162,0.4455,0.51754,0.24952,3.61217,0.97166,1.07455,0.000418364,0.000418364,0.000418364
558,1591.52,3.25385,0.94308,1.12764,0.63745,0.44811,0.51666,0.25079,3.59969,0.96823,1.0753,0.000416833,0.000416833,0.000416833
559,1594.32,3.54826,0.97559,1.09027,0.64088,0.44385,0.51436,0.24955,3.59494,0.96595,1.0753,0.000415303,0.000415303,0.000415303
560,1597.17,3.34617,0.97994,1.14057,0.63776,0.44474,0.51462,0.24902,3.60356,0.96798,1.07538,0.000413774,0.000413774,0.000413774
561,1599.84,3.40821,0.95677,1.10292,0.63772,0.44426,0.51635,0.25103,3.59515,0.96903,1.07519,0.000412246,0.000412246,0.000412246
562,1602.95,3.82053,1.051,1.11758,0.63088,0.44591,0.51585,0.25039,3.61291,0.96959,1.07572,0.000410719,0.000410719,0.000410719
563,1605.9,3.26027,0.95018,1.10636,0.63363,0.4444,0.51471,0.25039,3.61281,0.9683,1.07521,0.000409193,0.000409193,0.000409193
564,1608.81,3.55694,1.01912,1.11185,0.6357,0.44563,0.5151,0.25204,3.59379,0.96697,1.07474,0.000407668,0.000407668,0.000407668
565,1611.63,3.49586,0.96955,1.11093,0.64323,0.44083,0.51478,0.24978,3.63427,0.97246,1.07533,0.000406144,0.000406144,0.000406144
566,1614.6,3.45345,0.9599,1.1045,0.64499,0.44223,0.51654,0.24977,3.61612,0.96944,1.0756,0.00040462,0.00040462,0.00040462
567,1617.42,3.23172,0.95624,1.12178,0.64627,0.44422,0.51738,0.25144,3.59408,0.96748,1.07537,0.000403098,0.000403098,0.000403098
568,1620.11,3.33205,0.9775,1.11446,0.63412,0.44879,0.51627,0.25074,3.58739,0.96651,1.07517,0.000401577,0.000401577,0.000401577
569,1623.01,3.4491,0.95862,1.09997,0.63595,0.44824,0.51545,0.25087,3.58226,0.96768,1.07553,0.000400056,0.000400056,0.000400056
570,1625.63,3.33295,0.94583,1.11448,0.63377,0.44831,0.51494,0.25087,3.59551,0.9677,1.0762,0.000398537,0.000398537,0.000398537
571,1628.8,3.53607,0.97433,1.09751,0.63441,0.44764,0.51498,0.25052,3.61897,0.9707,1.07579,0.000397019,0.000397019,0.000397019
572,1631.51,3.30268,0.94416,1.09753,0.63321,0.44797,0.51506,0.25132,3.60533,0.97246,1.0759,0.000395502,0.000395502,0.000395502
573,1634.44,2.86031,0.86939,1.10314,0.63469,0.44563,0.51395,0.25081,3.59725,0.96992,1.07643,0.000393986,0.000393986,0.000393986
574,1637.33,3.2865,0.93039,1.11254,0.63594,0.44581,0.51374,0.24976,3.60229,0.9707,1.07656,0.000392471,0.000392471,0.000392471
575,1640.07,3.00812,0.89449,1.11966,0.63661,0.44742,0.51602,0.25008,3.5925,0.97028,1.07611,0.000390957,0.000390957,0.000390957
576,1642.8,3.33378,0.94133,1.08702,0.63012,0.44962,0.51651,0.24982,3.61092,0.97157,1.07586,0.000389445,0.000389445,0.000389445
577,1645.58,3.22315,0.91277,1.10104,0.63127,0.44769,0.51429,0.24898,3.59238,0.96861,1.07595,0.000387933,0.000387933,0.000387933
578,1648.45,3.41832,0.95116,1.10435,0.63247,0.44536,0.51382,0.24878,3.60339,0.96937,1.07618,0.000386423,0.000386423,0.000386423
579,1651.27,3.57922,1.00547,1.1088,0.62962,0.44879,0.51579,0.25011,3.59056,0.96787,1.07583,0.000384913,0.000384913,0.000384913
580,1654.09,3.25023,0.97565,1.09445,0.62937,0.44962,0.51478,0.25048,3.59686,0.97027,1.07554,0.000383405,0.000383405,0.000383405
581,1656.92,3.2311,0.94967,1.11612,0.62679,0.44948,0.51333,0.25087,3.58109,0.96655,1.0756,0.000381899,0.000381899,0.000381899
582,1659.98,3.32714,0.94338,1.09329,0.64206,0.44577,0.51503,0.25015,3.60015,0.96752,1.07489,0.000380393,0.000380393,0.000380393
583,1663.03,3.32656,0.94379,1.11352,0.63563,0.4503,0.51747,0.25248,3.56028,0.96207,1.07504,0.000378888,0.000378888,0.000378888
584,1666,3.75716,1.02793,1.11647,0.63682,0.45058,0.51742,0.25224,3.59301,0.96495,1.07503,0.000377385,0.000377385,0.000377385
585,1668.78,3.41038,0.94561,1.12072,0.63638,0.4492,0.51687,0.25413,3.56248,0.95901,1.07484,0.000375883,0.000375883,0.000375883
586,1672.11,3.20198,0.89647,1.09045,0.63656,0.44852,0.51817,0.25255,3.58343,0.96127,1.07514,0.000374383,0.000374383,0.000374383
587,1675.11,3.64981,1.039,1.11529,0.63756,0.44934,0.51882,0.25316,3.58066,0.96183,1.07499,0.000372884,0.000372884,0.000372884
588,1677.94,3.32895,0.92757,1.10506,0.63557,0.44989,0.51861,0.25288,3.57897,0.9617,1.07476,0.000371385,0.000371385,0.000371385
589,1680.52,3.1288,0.90256,1.10192,0.63765,0.44824,0.51925,0.25318,3.57342,0.96127,1.07497,0.000369889,0.000369889,0.000369889
590,1683.39,3.18301,0.93025,1.1009,0.63774,0.4492,0.52031,0.25352,3.577,0.9615,1.07455,0.000368393,0.000368393,0.000368393
591,1686.17,3.21696,0.94812,1.11095,0.63829,0.44769,0.52052,0.25318,3.56975,0.96502,1.07422,0.000366899,0.000366899,0.000366899
592,1689.06,3.59167,1.01969,1.10952,0.63876,0.44605,0.51826,0.25349,3.56472,0.96324,1.0751,0.000365407,0.000365407,0.000365407
593,1692.06,3.64872,0.99807,1.11533,0.63289,0.44948,0.5187,0.25316,3.56128,0.96173,1.07483,0.000363915,0.000363915,0.000363915
594,1694.83,3.13697,0.90758,1.08414,0.63477,0.44756,0.51881,0.25302,3.57504,0.96202,1.07472,0.000362426,0.000362426,0.000362426
595,1697.66,3.50747,0.98066,1.1043,0.63607,0.44646,0.5184,0.25414,3.56775,0.96154,1.07403,0.000360937,0.000360937,0.000360937
596,1700.94,3.19315,0.90319,1.10848,0.63787,0.44742,0.51815,0.25355,3.55328,0.95746,1.07395,0.00035945,0.00035945,0.00035945
597,1703.75,3.12318,0.90333,1.09122,0.64242,0.44783,0.51937,0.25365,3.55338,0.95765,1.07411,0.000357964,0.000357964,0.000357964
598,1706.64,3.29201,0.92534,1.09878,0.64453,0.44882,0.51988,0.25271,3.58381,0.95933,1.07449,0.00035648,0.00035648,0.00035648
599,1709.71,3.48482,1.00563,1.13505,0.64176,0.44632,0.51843,0.2502,3.58718,0.95835,1.07457,0.000354998,0.000354998,0.000354998
600,1712.72,3.2366,0.95043,1.09396,0.64143,0.4466,0.51966,0.25357,3.54558,0.95774,1.07441,0.000353516,0.000353516,0.000353516
601,1715.79,3.33405,0.97054,1.13004,0.63728,0.44879,0.51924,0.25359,3.55215,0.95682,1.07434,0.000352037,0.000352037,0.000352037
602,1718.66,3.51125,0.9624,1.08383,0.64573,0.44632,0.52065,0.25447,3.54273,0.95346,1.07381,0.000350558,0.000350558,0.000350558
603,1721.61,3.29548,0.94668,1.11956,0.63561,0.45058,0.5195,0.25344,3.55253,0.95314,1.07451,0.000349082,0.000349082,0.000349082
604,1724.29,3.16051,0.91118,1.0872,0.63378,0.4525,0.52111,0.25424,3.54964,0.95126,1.07372,0.000347607,0.000347607,0.000347607
605,1726.97,3.53268,1.00105,1.10845,0.63755,0.45044,0.51902,0.2538,3.55456,0.95347,1.07379,0.000346133,0.000346133,0.000346133
606,1729.97,3.37674,0.9732,1.11938,0.63073,0.44989,0.51715,0.25355,3.5556,0.95329,1.07452,0.000344661,0.000344661,0.000344661
607,1732.65,3.42893,0.927,1.09637,0.63538,0.44761,0.51799,0.25356,3.55912,0.95216,1.07434,0.00034319,0.00034319,0.00034319
608,1735.48,3.40987,0.94633,1.09519,0.63852,0.44673,0.51739,0.25499,3.52173,0.94785,1.07378,0.000341722,0.000341722,0.000341722
609,1738.12,3.33994,0.97188,1.10666,0.63835,0.44728,0.51794,0.25304,3.56655,0.95041,1.07468,0.000340254,0.000340254,0.000340254
610,1740.99,3.43396,0.96403,1.09656,0.6441,0.44124,0.5166,0.25318,3.56428,0.9507,1.07427,0.000338789,0.000338789,0.000338789
611,1743.89,3.08897,0.9011,1.10369,0.63873,0.44177,0.51444,0.25288,3.56366,0.95261,1.07392,0.000337325,0.000337325,0.000337325
612,1746.84,3.71469,1.00078,1.10164,0.63997,0.44731,0.5194,0.25561,3.53392,0.94711,1.07323,0.000335862,0.000335862,0.000335862
613,1749.74,3.16103,0.91707,1.10196,0.64014,0.44813,0.51982,0.25451,3.56496,0.95079,1.07349,0.000334402,0.000334402,0.000334402
614,1752.61,3.17068,0.906,1.10425,0.64399,0.44962,0.52243,0.2568,3.53101,0.94682,1.07313,0.000332943,0.000332943,0.000332943
615,1755.27,3.34182,0.93556,1.11267,0.64082,0.45044,0.52062,0.25468,3.54093,0.94762,1.07335,0.000331486,0.000331486,0.000331486
616,1757.97,3.34592,0.96009,1.10373,0.63984,0.45209,0.52174,0.25564,3.53618,0.94719,1.07298,0.00033003,0.00033003,0.00033003
617,1760.82,3.47834,0.96949,1.10355,0.6405,0.45129,0.52227,0.25673,3.53469,0.94656,1.07236,0.000328576,0.000328576,0.000328576
618,1763.87,3.41831,0.97953,1.09881,0.6356,0.45401,0.52296,0.25636,3.53855,0.94871,1.07279,0.000327124,0.000327124,0.000327124
619,1766.85,2.901,0.85348,1.10125,0.63067,0.45579,0.5201,0.25579,3.52686,0.94712,1.07263,0.000325674,0.000325674,0.000325674
620,1769.54,3.38674,0.94667,1.10654,0.63058,0.45003,0.51821,0.25553,3.53255,0.94873,1.07252,0.000324225,0.000324225,0.000324225
621,1772.02,3.40663,0.92509,1.09154,0.63105,0.44962,0.51901,0.25494,3.55306,0.95123,1.07283,0.000322778,0.000322778,0.000322778
622,1774.87,3.37044,0.96803,1.09393,0.63389,0.4503,0.52129,0.25645,3.52489,0.94828,1.07234,0.000321333,0.000321333,0.000321333
623,1777.86,3.47857,0.98732,1.10942,0.63581,0.45044,0.5219,0.25588,3.54388,0.95176,1.07178,0.00031989,0.00031989,0.00031989
624,1780.56,3.30444,0.94739,1.0996,0.63257,0.44975,0.52225,0.25538,3.55129,0.95371,1.07187,0.000318449,0.000318449,0.000318449
625,1783.31,3.15281,0.91925,1.10713,0.6354,0.45044,0.52232,0.25596,3.51935,0.94964,1.07214,0.000317009,0.000317009,0.000317009
626,1786.57,3.55229,0.99076,1.10974,0.63776,0.44989,0.52115,0.25596,3.50365,0.94635,1.07221,0.000315572,0.000315572,0.000315572
627,1789.31,3.38597,0.95315,1.1148,0.63769,0.44756,0.51988,0.25535,3.53323,0.9505,1.07225,0.000314136,0.000314136,0.000314136
628,1792.44,3.1105,0.90887,1.09965,0.63895,0.44989,0.52047,0.25632,3.50596,0.94771,1.07198,0.000312702,0.000312702,0.000312702
629,1795.26,3.15881,0.90609,1.09826,0.63985,0.45075,0.52145,0.256,3.50742,0.94891,1.07235,0.00031127,0.00031127,0.00031127
630,1798.12,3.6407,1.03407,1.11092,0.63503,0.45123,0.51994,0.25697,3.50974,0.94764,1.07286,0.00030984,0.00030984,0.00030984
631,1801.4,3.43179,0.96877,1.10501,0.63619,0.44962,0.51956,0.25683,3.51555,0.94789,1.07312,0.000308412,0.000308412,0.000308412
632,1804.26,3.03024,0.87722,1.09329,0.63954,0.44811,0.51955,0.25698,3.51591,0.94742,1.0733,0.000306986,0.000306986,0.000306986
633,1807.26,3.19213,0.92621,1.09998,0.63727,0.45003,0.52084,0.25692,3.51159,0.94931,1.07292,0.000305561,0.000305561,0.000305561
634,1810.24,3.30227,0.91672,1.09215,0.64123,0.44811,0.5211,0.25743,3.50767,0.94858,1.07246,0.000304139,0.000304139,0.000304139
635,1813.04,3.42287,0.95144,1.09506,0.64179,0.44767,0.52123,0.25728,3.50681,0.94446,1.07271,0.000302719,0.000302719,0.000302719
636,1815.74,3.85617,1.01605,1.08007,0.64084,0.44828,0.51981,0.25687,3.50867,0.94684,1.07284,0.0003013,0.0003013,0.0003013
637,1818.64,3.59606,1.00702,1.10632,0.63698,0.44948,0.51898,0.25725,3.50273,0.94698,1.07251,0.000299884,0.000299884,0.000299884
638,1821.7,3.29991,0.94622,1.10097,0.6462,0.44935,0.52211,0.25782,3.50945,0.94553,1.0724,0.00029847,0.00029847,0.00029847
639,1824.62,3.41727,0.97468,1.10591,0.63868,0.44967,0.52171,0.25787,3.49104,0.94428,1.07189,0.000297058,0.000297058,0.000297058
640,1827.69,3.58597,0.99504,1.10844,0.64125,0.44797,0.52118,0.2569,3.5081,0.94447,1.07268,0.000295647,0.000295647,0.000295647
641,1830.27,3.06525,0.90845,1.11411,0.64233,0.44838,0.52039,0.25534,3.53624,0.94622,1.07332,0.000294239,0.000294239,0.000294239
642,1833.02,3.81004,1.05532,1.07733,0.64316,0.45084,0.52246,0.25507,3.5199,0.94302,1.07313,0.000292833,0.000292833,0.000292833
643,1835.39,3.02246,0.88913,1.11374,0.6403,0.45283,0.52228,0.2565,3.50528,0.94275,1.07266,0.000291429,0.000291429,0.000291429
644,1838.14,3.83875,1.02262,1.09288,0.64002,0.45376,0.52484,0.2569,3.51846,0.94295,1.07269,0.000290027,0.000290027,0.000290027
645,1840.86,3.25697,0.93992,1.10035,0.63688,0.45678,0.52522,0.25643,3.52592,0.94651,1.0727,0.000288628,0.000288628,0.000288628
646,1843.83,2.89687,0.86647,1.11325,0.64267,0.45607,0.52635,0.25755,3.51828,0.94655,1.07213,0.00028723,0.00028723,0.00028723
647,1846.71,3.54784,0.96823,1.09453,0.64269,0.45486,0.52495,0.25764,3.52693,0.94613,1.07255,0.000285835,0.000285835,0.000285835
648,1849.52,3.44923,0.98412,1.10058,0.64165,0.45648,0.52431,0.25601,3.52641,0.94654,1.07275,0.000284441,0.000284441,0.000284441
649,1852.37,3.25662,0.94799,1.11679,0.64012,0.45621,0.52434,0.25632,3.54512,0.95072,1.07284,0.00028305,0.00028305,0.00028305
650,1855.26,3.3429,0.93284,1.08454,0.64055,0.45506,0.52383,0.25718,3.51513,0.94644,1.07273,0.000281661,0.000281661,0.000281661
651,1858.21,3.27556,0.9496,1.09884,0.6399,0.45346,0.52242,0.25837,3.50694,0.9461,1.07221,0.000280275,0.000280275,0.000280275
652,1860.98,3.22584,0.90105,1.09753,0.64312,0.45374,0.52352,0.25642,3.5366,0.94832,1.07273,0.00027889,0.00027889,0.00027889
653,1863.82,3.5211,0.98341,1.12391,0.64192,0.45319,0.52332,0.25694,3.5375,0.95058,1.07251,0.000277508,0.000277508,0.000277508
654,1866.94,3.13306,0.90749,1.10242,0.63714,0.45332,0.52229,0.25712,3.53738,0.94889,1.07256,0.000276128,0.000276128,0.000276128
655,1869.74,3.34309,0.94721,1.10393,0.63772,0.45071,0.52095,0.25771,3.52165,0.94646,1.07239,0.00027475,0.00027475,0.00027475
656,1872.51,3.22869,0.93298,1.08988,0.63816,0.4503,0.52204,0.25801,3.52081,0.94492,1.07242,0.000273375,0.000273375,0.000273375
657,1875.27,3.72014,1.05909,1.11551,0.64153,0.45167,0.52322,0.25755,3.52113,0.94463,1.0728,0.000272002,0.000272002,0.000272002
658,1877.89,3.09205,0.90675,1.10582,0.64128,0.45291,0.52354,0.25689,3.54157,0.94889,1.07234,0.000270631,0.000270631,0.000270631
659,1880.8,3.35758,0.94886,1.10947,0.64345,0.45044,0.52268,0.25701,3.53761,0.94791,1.07219,0.000269262,0.000269262,0.000269262
660,1883.82,3.39134,0.96223,1.10541,0.64329,0.45071,0.52227,0.25701,3.532,0.9494,1.07251,0.000267896,0.000267896,0.000267896
661,1886.5,3.2538,0.96056,1.12798,0.643,0.44756,0.52174,0.25665,3.54075,0.95253,1.0723,0.000266532,0.000266532,0.000266532
662,1889.42,3.45087,0.97007,1.10911,0.64176,0.44577,0.51974,0.25624,3.52963,0.94829,1.07234,0.00026517,0.00026517,0.00026517
663,1892.07,3.21617,0.92835,1.09234,0.64414,0.44797,0.52119,0.25755,3.525,0.94837,1.07191,0.000263811,0.000263811,0.000263811
664,1894.76,3.33653,0.95103,1.09579,0.64801,0.4471,0.521,0.25735,3.51038,0.94648,1.07167,0.000262454,0.000262454,0.000262454
665,1897.61,3.37239,0.95271,1.10134,0.649,0.44625,0.52101,0.25533,3.54235,0.94973,1.07152,0.0002611,0.0002611,0.0002611
666,1900.78,3.46131,0.98185,1.10761,0.64402,0.44811,0.52213,0.256,3.5117,0.94452,1.07193,0.000259748,0.000259748,0.000259748
667,1903.31,3.35739,0.97982,1.11223,0.64696,0.44797,0.52197,0.256,3.53613,0.94821,1.07195,0.000258398,0.000258398,0.000258398
668,1905.97,3.21741,0.91973,1.09351,0.65017,0.44856,0.52378,0.25661,3.53026,0.94713,1.07208,0.000257051,0.000257051,0.000257051
669,1908.71,3.40862,0.93534,1.09301,0.64556,0.44962,0.52331,0.25754,3.51568,0.94386,1.07186,0.000255707,0.000255707,0.000255707
670,1911.59,3.22166,0.90706,1.09731,0.64671,0.45003,0.52459,0.2567,3.52622,0.93975,1.07207,0.000254364,0.000254364,0.000254364
671,1914.27,3.25126,0.94755,1.09448,0.6471,0.45016,0.52437,0.25713,3.51771,0.93905,1.07188,0.000253024,0.000253024,0.000253024
672,1917.38,3.56115,0.98854,1.08421,0.64438,0.45016,0.52379,0.25715,3.52738,0.94083,1.07198,0.000251687,0.000251687,0.000251687
673,1920.34,3.51522,0.9681,1.08562,0.64259,0.44948,0.5224,0.25689,3.51408,0.9397,1.07185,0.000250352,0.000250352,0.000250352
674,1923.39,3.18871,0.923,1.09435,0.64562,0.45099,0.52385,0.25725,3.50815,0.9369,1.07166,0.00024902,0.00024902,0.00024902
675,1926.07,3.17423,0.91329,1.07918,0.64139,0.45058,0.52254,0.25746,3.51119,0.93699,1.07193,0.00024769,0.00024769,0.00024769
676,1929.12,3.33681,0.9373,1.08151,0.64094,0.4514,0.52127,0.25671,3.49439,0.93986,1.07148,0.000246363,0.000246363,0.000246363
677,1931.81,3.27629,0.92847,1.11809,0.64073,0.45277,0.52108,0.25758,3.4942,0.93938,1.07147,0.000245039,0.000245039,0.000245039
678,1934.52,3.35739,0.9459,1.11485,0.6414,0.45181,0.52222,0.25663,3.51468,0.94098,1.07163,0.000243716,0.000243716,0.000243716
679,1937.54,3.19816,0.90505,1.104,0.64226,0.45401,0.52295,0.25793,3.51249,0.94194,1.0712,0.000242397,0.000242397,0.000242397
680,1940.39,3.23854,0.94141,1.10388,0.64437,0.45401,0.52386,0.25739,3.51294,0.94412,1.07098,0.00024108,0.00024108,0.00024108
681,1943.15,3.45955,0.93001,1.1051,0.64663,0.45246,0.52336,0.25751,3.51559,0.94377,1.07088,0.000239766,0.000239766,0.000239766
682,1946.01,3.4627,0.97101,1.13082,0.64618,0.45222,0.52345,0.25688,3.53384,0.94738,1.07122,0.000238454,0.000238454,0.000238454
683,1948.75,3.48479,0.95099,1.09033,0.64361,0.45122,0.52064,0.25509,3.55369,0.9492,1.07151,0.000237145,0.000237145,0.000237145
684,1951.7,3.05487,0.89791,1.08881,0.643,0.45177,0.52238,0.25631,3.53411,0.94687,1.07118,0.000235839,0.000235839,0.000235839
685,1954.43,3.48111,0.99439,1.11669,0.64505,0.4525,0.52276,0.25703,3.52505,0.94507,1.07142,0.000234535,0.000234535,0.000234535
686,1957.54,2.84656,0.86089,1.10333,0.64603,0.45058,0.52223,0.25621,3.54175,0.94837,1.07145,0.000233234,0.000233234,0.000233234
687,1960.47,3.25186,0.95993,1.11446,0.64213,0.45167,0.52131,0.25646,3.51855,0.94558,1.07125,0.000231935,0.000231935,0.000231935
688,1963.38,3.40908,0.95785,1.0728,0.64371,0.45217,0.52161,0.25739,3.51724,0.94267,1.07177,0.00023064,0.00023064,0.00023064
689,1966.25,3.45302,0.97284,1.08412,0.64466,0.45071,0.52124,0.25716,3.50917,0.9436,1.07208,0.000229347,0.000229347,0.000229347
690,1968.93,3.46089,0.92354,1.08502,0.64539,0.452,0.52326,0.25733,3.52197,0.94443,1.07189,0.000228056,0.000228056,0.000228056
691,1971.75,3.43894,0.98468,1.10821,0.64594,0.45264,0.52451,0.25809,3.51931,0.94735,1.07164,0.000226769,0.000226769,0.000226769
692,1974.43,3.48836,1.00246,1.1002,0.64276,0.45538,0.52423,0.25763,3.52744,0.94728,1.07158,0.000225484,0.000225484,0.000225484
693,1977.3,3.4404,0.95166,1.08641,0.64016,0.45456,0.52342,0.25868,3.51935,0.94753,1.07123,0.000224202,0.000224202,0.000224202
694,1980.24,3.31065,0.92017,1.0845,0.64255,0.45511,0.52372,0.25949,3.49598,0.94396,1.07091,0.000222923,0.000222923,0.000222923
695,1983.22,3.16256,0.92353,1.09746,0.64431,0.45609,0.52469,0.25941,3.49641,0.943,1.07108,0.000221646,0.000221646,0.000221646
696,1986.12,3.64314,1.02069,1.13509,0.64159,0.45799,0.52505,0.25818,3.50588,0.94262,1.07111,0.000220372,0.000220372,0.000220372
697,1989.03,3.45639,0.94306,1.0952,0.64163,0.45644,0.52399,0.25935,3.49199,0.94386,1.07111,0.000219102,0.000219102,0.000219102
698,1991.85,3.67792,1.0434,1.12118,0.63714,0.45648,0.52434,0.2591,3.49473,0.94283,1.07108,0.000217833,0.000217833,0.000217833
699,1994.5,3.64451,1.00667,1.08428,0.63578,0.45634,0.52371,0.25904,3.49453,0.94359,1.07102,0.000216568,0.000216568,0.000216568
700,1997.62,3.70589,1.02814,1.12084,0.63658,0.4536,0.5239,0.25919,3.49083,0.94149,1.07072,0.000215306,0.000215306,0.000215306
701,2000.33,3.22449,0.91707,1.09918,0.63863,0.45662,0.52619,0.25999,3.48815,0.93997,1.07054,0.000214046,0.000214046,0.000214046
702,2003.06,3.33894,0.9505,1.1015,0.64242,0.45826,0.52776,0.26068,3.47984,0.93792,1.07023,0.00021279,0.00021279,0.00021279
703,2005.81,3.14707,0.93686,1.08494,0.64639,0.4573,0.52765,0.26092,3.47954,0.93761,1.07057,0.000211536,0.000211536,0.000211536
704,2008.78,3.5307,0.97007,1.10109,0.64875,0.4547,0.5258,0.25969,3.48788,0.93469,1.07068,0.000210285,0.000210285,0.000210285
705,2011.73,3.47563,0.96885,1.11314,0.64883,0.45506,0.52701,0.26041,3.4741,0.93423,1.07062,0.000209037,0.000209037,0.000209037
706,2014.75,3.1579,0.92793,1.12583,0.64655,0.45497,0.52602,0.25982,3.47618,0.93297,1.07068,0.000207792,0.000207792,0.000207792
707,2017.51,3.38381,0.94453,1.11795,0.64106,0.45459,0.52545,0.26013,3.48219,0.93385,1.07048,0.00020655,0.00020655,0.00020655
708,2020.48,3.15235,0.89104,1.0936,0.64809,0.4513,0.52535,0.26001,3.46952,0.93384,1.07059,0.000205311,0.000205311,0.000205311
709,2023.15,3.0721,0.88944,1.07366,0.6473,0.45154,0.52523,0.25968,3.47474,0.93616,1.07056,0.000204075,0.000204075,0.000204075
710,2025.93,3.48463,0.95442,1.08856,0.64545,0.45016,0.52372,0.25895,3.46654,0.93441,1.07088,0.000202841,0.000202841,0.000202841
711,2028.75,3.30375,0.95971,1.11812,0.647,0.44865,0.52214,0.25945,3.46139,0.93326,1.07061,0.000201611,0.000201611,0.000201611
712,2031.59,3.50527,0.9767,1.10253,0.64714,0.44879,0.52219,0.25866,3.47337,0.93211,1.07082,0.000200384,0.000200384,0.000200384
713,2034.42,3.42189,0.95863,1.08132,0.65233,0.44714,0.52294,0.25905,3.46169,0.93229,1.07091,0.000199159,0.000199159,0.000199159
714,2037.46,3.23939,0.91287,1.08738,0.65574,0.4469,0.52353,0.25961,3.45683,0.92995,1.07059,0.000197938,0.000197938,0.000197938
715,2040.23,3.0897,0.89403,1.08707,0.65762,0.44701,0.5245,0.25934,3.46143,0.92922,1.07076,0.00019672,0.00019672,0.00019672
716,2043.45,3.3719,0.94737,1.09412,0.66056,0.44749,0.52604,0.26044,3.45002,0.93171,1.07052,0.000195505,0.000195505,0.000195505
717,2046.11,3.19188,0.89434,1.09122,0.65703,0.44841,0.52517,0.26048,3.44775,0.93105,1.07046,0.000194293,0.000194293,0.000194293
718,2049.19,3.30938,0.94119,1.10005,0.6544,0.44797,0.52433,0.25969,3.46135,0.9311,1.07083,0.000193084,0.000193084,0.000193084
719,2052.01,3.26081,0.93936,1.10436,0.65473,0.44962,0.52533,0.26104,3.45491,0.92993,1.07039,0.000191878,0.000191878,0.000191878
720,2055.18,3.40538,0.97948,1.12296,0.65691,0.45003,0.52654,0.26092,3.45186,0.92953,1.07095,0.000190675,0.000190675,0.000190675
721,2057.88,3.32045,0.93408,1.10545,0.65689,0.44865,0.52609,0.26075,3.45045,0.93252,1.07083,0.000189475,0.000189475,0.000189475
722,2060.65,3.28518,0.92292,1.08732,0.65275,0.44827,0.5256,0.25982,3.46924,0.93495,1.07115,0.000188278,0.000188278,0.000188278
723,2063.51,3.06299,0.90009,1.10883,0.65184,0.4466,0.52375,0.25903,3.48259,0.93705,1.07139,0.000187085,0.000187085,0.000187085
724,2066.41,3.1687,0.90884,1.09189,0.65529,0.44654,0.52338,0.25943,3.4711,0.93639,1.07117,0.000185895,0.000185895,0.000185895
725,2069.2,3.27609,0.9475,1.10069,0.6551,0.44852,0.52521,0.25953,3.46596,0.93493,1.07107,0.000184707,0.000184707,0.000184707
726,2072.07,3.39571,0.94823,1.09696,0.65529,0.44632,0.52329,0.25922,3.47266,0.93937,1.07124,0.000183523,0.000183523,0.000183523
727,2074.87,3.25341,0.92569,1.0979,0.65694,0.44646,0.5248,0.25869,3.48319,0.94203,1.07135,0.000182342,0.000182342,0.000182342
728,2077.57,3.13745,0.88963,1.08834,0.64559,0.45167,0.52388,0.25906,3.46843,0.93914,1.07123,0.000181165,0.000181165,0.000181165
729,2080.6,3.02729,0.87961,1.11173,0.64667,0.45354,0.52554,0.25973,3.46704,0.94012,1.0708,0.00017999,0.00017999,0.00017999
730,2083.55,3.17313,0.90732,1.11335,0.64794,0.45483,0.52659,0.25881,3.48752,0.94082,1.07105,0.000178819,0.000178819,0.000178819
731,2086.31,3.18724,0.91072,1.09744,0.64658,0.4546,0.52671,0.25934,3.47545,0.93852,1.07089,0.000177651,0.000177651,0.000177651
732,2089.13,3.21148,0.91821,1.0953,0.64691,0.45579,0.528,0.26106,3.46096,0.93504,1.07011,0.000176486,0.000176486,0.000176486
733,2092.2,3.24082,0.8977,1.08949,0.64635,0.45516,0.52758,0.26039,3.4783,0.93661,1.06997,0.000175324,0.000175324,0.000175324
734,2095.06,3.336,0.93814,1.08777,0.6454,0.45456,0.52724,0.26049,3.47234,0.93682,1.06993,0.000174166,0.000174166,0.000174166
735,2097.94,3.37088,0.95196,1.08659,0.64464,0.45428,0.52672,0.26113,3.4751,0.93689,1.07,0.000173011,0.000173011,0.000173011
736,2100.87,2.99332,0.88744,1.10666,0.64736,0.45456,0.52814,0.26176,3.47664,0.93582,1.07038,0.000171859,0.000171859,0.000171859
737,2103.73,3.43733,0.97146,1.09025,0.64687,0.45519,0.52766,0.26187,3.46825,0.93468,1.07048,0.00017071,0.00017071,0.00017071
738,2106.91,3.27945,0.93416,1.10916,0.64673,0.45415,0.52763,0.26064,3.46792,0.93488,1.07052,0.000169565,0.000169565,0.000169565
739,2109.58,3.15879,0.91601,1.09726,0.64812,0.45263,0.52749,0.26044,3.47255,0.93537,1.07029,0.000168423,0.000168423,0.000168423
740,2112.58,3.2476,0.89257,1.07965,0.64893,0.45401,0.5289,0.26016,3.47381,0.93771,1.07026,0.000167284,0.000167284,0.000167284
741,2115.21,3.56401,0.95295,1.09009,0.64756,0.45429,0.52828,0.26023,3.48654,0.9372,1.0701,0.000166149,0.000166149,0.000166149
742,2118.07,3.55664,1.00336,1.14073,0.64889,0.45634,0.53096,0.26211,3.47694,0.9371,1.0697,0.000165017,0.000165017,0.000165017
743,2120.74,3.34126,0.95457,1.08798,0.64813,0.45621,0.52992,0.2626,3.4682,0.93472,1.06955,0.000163889,0.000163889,0.000163889
744,2123.49,3.2533,0.91952,1.09365,0.65134,0.45574,0.53155,0.26236,3.48136,0.93752,1.06957,0.000162763,0.000162763,0.000162763
745,2126.35,3.10899,0.93603,1.10056,0.65091,0.45621,0.53097,0.2618,3.48343,0.93885,1.0697,0.000161642,0.000161642,0.000161642
746,2129.44,3.06293,0.90484,1.10188,0.65312,0.45332,0.52931,0.26223,3.47536,0.93731,1.07013,0.000160523,0.000160523,0.000160523
747,2132.21,3.31151,0.9591,1.10461,0.65186,0.45277,0.52811,0.26195,3.48096,0.93679,1.0701,0.000159408,0.000159408,0.000159408
748,2134.94,3.27987,0.92224,1.10003,0.64874,0.4525,0.52742,0.26073,3.49462,0.93939,1.06999,0.000158296,0.000158296,0.000158296
749,2137.71,3.19853,0.92089,1.12572,0.6477,0.45346,0.5282,0.26007,3.50991,0.93991,1.0702,0.000157188,0.000157188,0.000157188
750,2140.35,3.27173,0.93486,1.11066,0.64754,0.45511,0.52938,0.26197,3.47949,0.93543,1.07029,0.000156083,0.000156083,0.000156083
751,2143.11,3.50079,1.01165,1.11765,0.645,0.45456,0.5284,0.26161,3.48053,0.93581,1.07036,0.000154982,0.000154982,0.000154982
752,2146.26,3.35772,0.9465,1.10825,0.6464,0.4547,0.53006,0.26157,3.48112,0.93723,1.07045,0.000153884,0.000153884,0.000153884
753,2149.25,3.50733,0.96002,1.08832,0.64616,0.45511,0.52978,0.26194,3.48088,0.93914,1.07042,0.00015279,0.00015279,0.00015279
754,2152.08,3.42144,0.98206,1.09736,0.64695,0.45384,0.52962,0.26227,3.471,0.9369,1.0703,0.000151699,0.000151699,0.000151699
755,2154.71,3.20998,0.90876,1.10387,0.64656,0.45401,0.52989,0.26276,3.4716,0.93618,1.07041,0.000150611,0.000150611,0.000150611
756,2157.64,3.27657,0.91609,1.11081,0.64795,0.45634,0.53034,0.26442,3.44889,0.93167,1.07042,0.000149527,0.000149527,0.000149527
757,2160.47,3.29001,0.94867,1.10308,0.64941,0.4547,0.53018,0.26466,3.45154,0.93404,1.07027,0.000148447,0.000148447,0.000148447
758,2163.63,3.2721,0.94513,1.12655,0.65027,0.45285,0.53008,0.26344,3.45691,0.93459,1.07069,0.00014737,0.00014737,0.00014737
759,2166.4,3.67655,0.98951,1.09095,0.6511,0.45323,0.53007,0.26344,3.46163,0.93585,1.07081,0.000146297,0.000146297,0.000146297
760,2169.31,3.24129,0.93702,1.10625,0.64954,0.4519,0.5289,0.2616,3.48505,0.93775,1.07065,0.000145227,0.000145227,0.000145227
761,2172.11,3.10388,0.90915,1.10773,0.65352,0.45212,0.5301,0.263,3.46621,0.93531,1.0705,0.000144161,0.000144161,0.000144161
762,2175.11,3.81701,1.03771,1.08044,0.65156,0.45234,0.53076,0.26237,3.47637,0.93928,1.07012,0.000143098,0.000143098,0.000143098
763,2178.01,3.44574,0.97734,1.11129,0.65178,0.45181,0.53123,0.26246,3.47132,0.93904,1.07003,0.000142039,0.000142039,0.000142039
764,2180.83,3.14066,0.9049,1.10359,0.65113,0.45167,0.53082,0.2623,3.47766,0.94082,1.07018,0.000140983,0.000140983,0.000140983
765,2183.65,3.4275,0.92481,1.09409,0.65314,0.45342,0.53227,0.26248,3.47968,0.93882,1.0702,0.000139931,0.000139931,0.000139931
766,2186.62,3.19472,0.8967,1.09764,0.65188,0.45478,0.53113,0.26246,3.47065,0.93542,1.07021,0.000138883,0.000138883,0.000138883
767,2189.6,3.23921,0.91469,1.11656,0.65261,0.45538,0.53227,0.26318,3.46816,0.937,1.0699,0.000137838,0.000137838,0.000137838
768,2192.54,3.16697,0.91025,1.08692,0.65019,0.45415,0.52977,0.26296,3.46775,0.93539,1.06986,0.000136797,0.000136797,0.000136797
769,2195.46,3.36372,0.97236,1.11805,0.64879,0.45421,0.52956,0.26242,3.47389,0.93549,1.06994,0.000135759,0.000135759,0.000135759
770,2198.37,3.37654,0.94136,1.11538,0.6473,0.45403,0.52845,0.26253,3.46433,0.93481,1.06957,0.000134725,0.000134725,0.000134725
771,2201.11,3.62985,1.00989,1.11908,0.64653,0.45291,0.52794,0.26208,3.46566,0.93481,1.06966,0.000133695,0.000133695,0.000133695
772,2203.97,3.51138,0.9509,1.08833,0.64896,0.45506,0.52982,0.2622,3.46746,0.93235,1.06975,0.000132668,0.000132668,0.000132668
773,2206.83,3.28237,0.91635,1.10355,0.64842,0.45423,0.52954,0.26274,3.45654,0.93102,1.06977,0.000131646,0.000131646,0.000131646
774,2209.78,2.95687,0.88817,1.10104,0.65229,0.45538,0.53026,0.2629,3.45727,0.93161,1.06983,0.000130626,0.000130626,0.000130626
775,2212.56,3.23051,0.88875,1.07861,0.65368,0.4547,0.53115,0.26262,3.46089,0.93192,1.06971,0.000129611,0.000129611,0.000129611
776,2215.3,3.45063,1.0122,1.11099,0.65225,0.45527,0.53195,0.26285,3.46462,0.93072,1.06961,0.000128599,0.000128599,0.000128599
777,2218.35,3.55676,0.99175,1.11649,0.65262,0.4536,0.53053,0.26294,3.45754,0.92815,1.06973,0.000127591,0.000127591,0.000127591
778,2221.07,3.23378,0.91678,1.07478,0.65288,0.4536,0.53104,0.26179,3.46044,0.92956,1.06947,0.000126587,0.000126587,0.000126587
779,2223.74,3.0728,0.89077,1.10415,0.65377,0.45332,0.53142,0.26153,3.47017,0.93091,1.06941,0.000125586,0.000125586,0.000125586
780,2226.43,3.24281,0.92476,1.08905,0.65298,0.45126,0.53007,0.26152,3.48002,0.93121,1.06954,0.000124589,0.000124589,0.000124589
781,2229.09,3.05259,0.90321,1.08371,0.65303,0.4514,0.52968,0.26149,3.47214,0.93082,1.06939,0.000123596,0.000123596,0.000123596
782,2231.96,3.15614,0.90028,1.09421,0.65286,0.45167,0.53054,0.26308,3.456,0.9284,1.06884,0.000122607,0.000122607,0.000122607
783,2234.7,3.48714,0.96174,1.13795,0.65259,0.45524,0.53279,0.26258,3.46366,0.92896,1.06902,0.000121621,0.000121621,0.000121621
784,2237.59,3.281,0.91614,1.0937,0.64763,0.45872,0.53362,0.26249,3.46977,0.93064,1.06915,0.000120639,0.000120639,0.000120639
785,2240.47,3.29214,0.92408,1.10109,0.64861,0.45881,0.53315,0.26274,3.46282,0.93003,1.0693,0.000119661,0.000119661,0.000119661
786,2243.56,3.06353,0.88276,1.09992,0.64921,0.45593,0.53235,0.26278,3.45924,0.9299,1.06977,0.000118687,0.000118687,0.000118687
787,2246.37,3.5116,0.95267,1.08982,0.65039,0.45552,0.53265,0.26348,3.44287,0.92703,1.0697,0.000117717,0.000117717,0.000117717
788,2249.1,3.2191,0.93674,1.12886,0.651,0.45456,0.53238,0.26304,3.44359,0.92902,1.06956,0.00011675,0.00011675,0.00011675
789,2251.75,3.19032,0.90911,1.10317,0.65211,0.45524,0.53311,0.26279,3.45235,0.92897,1.0696,0.000115787,0.000115787,0.000115787
790,2254.38,3.35185,0.95459,1.10099,0.65155,0.45428,0.53187,0.26236,3.4591,0.92909,1.06942,0.000114828,0.000114828,0.000114828
791,2257.27,3.07826,0.88274,1.10337,0.65073,0.45319,0.53121,0.26204,3.47774,0.93264,1.06938,0.000113873,0.000113873,0.000113873
792,2260.19,3.28594,0.92572,1.08111,0.64957,0.45154,0.52952,0.26176,3.47675,0.933,1.06939,0.000112922,0.000112922,0.000112922
793,2262.92,3.48353,0.94892,1.08282,0.65219,0.45058,0.53015,0.26143,3.46836,0.93244,1.06927,0.000111975,0.000111975,0.000111975
794,2265.99,3.16855,0.89976,1.09568,0.65079,0.45156,0.52902,0.26215,3.45762,0.93127,1.06919,0.000111031,0.000111031,0.000111031
795,2268.9,3.25689,0.93761,1.11962,0.65177,0.45044,0.53007,0.26242,3.4586,0.93261,1.06899,0.000110092,0.000110092,0.000110092
796,2271.96,3.37851,0.94891,1.09735,0.65335,0.45195,0.52973,0.26227,3.45474,0.93221,1.06888,0.000109156,0.000109156,0.000109156
797,2274.62,3.18439,0.91808,1.08024,0.65404,0.45058,0.52869,0.26197,3.4674,0.93362,1.0689,0.000108224,0.000108224,0.000108224
798,2277.42,3.46689,0.94157,1.08469,0.649,0.45167,0.52859,0.26253,3.45933,0.93204,1.06885,0.000107297,0.000107297,0.000107297
799,2280.1,3.38257,0.94826,1.07427,0.64802,0.45126,0.52828,0.26263,3.45531,0.93447,1.06898,0.000106373,0.000106373,0.000106373
800,2282.97,3.21756,0.95495,1.10052,0.65087,0.44934,0.52759,0.26248,3.46437,0.93395,1.06893,0.000105453,0.000105453,0.000105453
801,2285.9,3.33768,0.95156,1.128,0.64817,0.45291,0.52851,0.2623,3.48547,0.93684,1.06889,0.000104537,0.000104537,0.000104537
802,2288.8,3.18123,0.94587,1.11412,0.64939,0.45524,0.53083,0.26306,3.46928,0.93564,1.06904,0.000103625,0.000103625,0.000103625
803,2291.81,3.20338,0.9232,1.09677,0.64718,0.45538,0.52979,0.26355,3.45648,0.93466,1.06884,0.000102716,0.000102716,0.000102716
804,2294.64,3.05198,0.88498,1.09327,0.64926,0.45538,0.53024,0.26388,3.45399,0.93496,1.06868,0.000101812,0.000101812,0.000101812
805,2297.4,3.58946,1.03159,1.1484,0.65471,0.45442,0.5307,0.26376,3.45422,0.93433,1.06898,0.000100912,0.000100912,0.000100912
806,2300.39,2.97793,0.87859,1.09002,0.65079,0.45442,0.52931,0.2634,3.47303,0.93445,1.06868,0.000100016,0.000100016,0.000100016
807,2303.22,3.17082,0.89166,1.09502,0.65066,0.45524,0.53009,0.26306,3.47817,0.93444,1.06894,9.91237e-05,9.91237e-05,9.91237e-05
808,2306.04,3.11346,0.89318,1.11748,0.64742,0.45593,0.52996,0.26284,3.47781,0.93396,1.06907,9.82355e-05,9.82355e-05,9.82355e-05
809,2308.62,3.51982,1.00986,1.11554,0.65037,0.45406,0.52969,0.26343,3.46929,0.93449,1.06896,9.73514e-05,9.73514e-05,9.73514e-05
810,2311.14,3.22136,0.90786,1.08901,0.65174,0.45016,0.52837,0.26372,3.45772,0.93441,1.06881,9.64712e-05,9.64712e-05,9.64712e-05
811,2313.87,3.07086,0.8817,1.08577,0.65361,0.45209,0.52966,0.26422,3.45652,0.93235,1.06903,9.55951e-05,9.55951e-05,9.55951e-05
812,2316.68,3.16572,0.90322,1.09843,0.64993,0.45623,0.53105,0.26365,3.46605,0.93329,1.06889,9.4723e-05,9.4723e-05,9.4723e-05
813,2319.53,3.62,0.96951,1.09334,0.65243,0.45566,0.53151,0.26366,3.47144,0.93407,1.06915,9.3855e-05,9.3855e-05,9.3855e-05
814,2322.83,3.04975,0.88702,1.09083,0.65316,0.45941,0.53456,0.26432,3.47938,0.93646,1.06912,9.29911e-05,9.29911e-05,9.29911e-05
815,2325.43,3.35826,0.94188,1.09083,0.65105,0.45758,0.53306,0.26399,3.48248,0.93567,1.06915,9.21312e-05,9.21312e-05,9.21312e-05
816,2328.28,3.14115,0.894,1.09052,0.65146,0.45717,0.53293,0.26389,3.47911,0.93538,1.06892,9.12754e-05,9.12754e-05,9.12754e-05
817,2330.96,3.30663,0.92814,1.12316,0.65122,0.45785,0.53318,0.26417,3.47079,0.93393,1.06885,9.04236e-05,9.04236e-05,9.04236e-05
818,2333.93,3.56739,1.00535,1.112,0.64977,0.45821,0.5333,0.26362,3.47448,0.93276,1.0688,8.9576e-05,8.9576e-05,8.9576e-05
819,2336.63,3.41062,0.96011,1.10974,0.64906,0.45799,0.53336,0.26396,3.47333,0.93124,1.06891,8.87324e-05,8.87324e-05,8.87324e-05
820,2339.57,3.45638,1.00819,1.15904,0.64869,0.45883,0.53412,0.26406,3.47975,0.93281,1.06899,8.7893e-05,8.7893e-05,8.7893e-05
821,2342.32,3.14939,0.90545,1.09567,0.64765,0.45826,0.53296,0.26415,3.47238,0.93259,1.06882,8.70577e-05,8.70577e-05,8.70577e-05
822,2345.31,3.65325,0.99956,1.12453,0.64743,0.4573,0.53105,0.26411,3.4506,0.93299,1.06842,8.62265e-05,8.62265e-05,8.62265e-05
823,2348.22,3.24198,0.93432,1.10251,0.64811,0.45717,0.53119,0.26427,3.45259,0.93276,1.06855,8.53994e-05,8.53994e-05,8.53994e-05
824,2351.07,3.23175,0.94286,1.12617,0.6493,0.4573,0.53153,0.26406,3.45314,0.93119,1.06865,8.45765e-05,8.45765e-05,8.45765e-05
825,2353.68,3.18911,0.89521,1.09107,0.65057,0.4573,0.53215,0.2641,3.45076,0.93029,1.06871,8.37577e-05,8.37577e-05,8.37577e-05
826,2356.66,3.04613,0.88619,1.1001,0.64847,0.45607,0.52969,0.26408,3.44832,0.92984,1.06874,8.29431e-05,8.29431e-05,8.29431e-05
827,2359.24,3.37337,0.95144,1.08208,0.65107,0.45552,0.53093,0.2647,3.44022,0.92854,1.0688,8.21327e-05,8.21327e-05,8.21327e-05
828,2362.48,3.2801,0.92485,1.09929,0.65175,0.45415,0.53022,0.26451,3.44195,0.92974,1.06908,8.13264e-05,8.13264e-05,8.13264e-05
829,2365.31,3.0608,0.89819,1.11701,0.65037,0.45319,0.52969,0.26401,3.44479,0.9294,1.06903,8.05243e-05,8.05243e-05,8.05243e-05
830,2368.16,3.27759,0.93779,1.10156,0.64923,0.45332,0.52965,0.26389,3.45099,0.92978,1.06896,7.97264e-05,7.97264e-05,7.97264e-05
831,2371.1,3.03281,0.87867,1.09047,0.6481,0.45259,0.52884,0.26282,3.46034,0.92955,1.06952,7.89327e-05,7.89327e-05,7.89327e-05
832,2374.21,2.90599,0.85186,1.09632,0.64917,0.45277,0.52896,0.26236,3.46863,0.93148,1.0692,7.81432e-05,7.81432e-05,7.81432e-05
833,2377.13,3.17986,0.90796,1.11212,0.64956,0.45277,0.52989,0.26305,3.46026,0.92945,1.06951,7.73579e-05,7.73579e-05,7.73579e-05
834,2380.24,3.30757,0.9171,1.10296,0.64716,0.45483,0.52983,0.2638,3.45028,0.92864,1.06955,7.65768e-05,7.65768e-05,7.65768e-05
835,2383.02,3.32612,0.93647,1.116,0.6483,0.45526,0.53056,0.26404,3.45469,0.93048,1.06936,7.58e-05,7.58e-05,7.58e-05
836,2385.79,2.95508,0.8828,1.11144,0.64734,0.45461,0.53039,0.26378,3.46658,0.93136,1.0693,7.50274e-05,7.50274e-05,7.50274e-05
837,2388.55,3.21257,0.91137,1.10527,0.64723,0.45524,0.53066,0.26365,3.46381,0.93113,1.06921,7.4259e-05,7.4259e-05,7.4259e-05
838,2391.69,3.38174,0.94367,1.11916,0.64708,0.45686,0.53109,0.26323,3.47194,0.92924,1.06973,7.34949e-05,7.34949e-05,7.34949e-05
839,2394.66,3.27886,0.92279,1.09032,0.64806,0.45648,0.53087,0.26321,3.47358,0.92858,1.06989,7.27351e-05,7.27351e-05,7.27351e-05
840,2397.54,3.42543,0.95837,1.09568,0.64467,0.45566,0.52899,0.26268,3.47353,0.92939,1.06953,7.19795e-05,7.19795e-05,7.19795e-05
841,2400.21,3.45162,0.95908,1.10108,0.64739,0.45471,0.52965,0.26296,3.47945,0.92974,1.06961,7.12282e-05,7.12282e-05,7.12282e-05
842,2402.9,3.28962,0.94364,1.09477,0.6511,0.4504,0.52901,0.26326,3.46252,0.92984,1.06926,7.04812e-05,7.04812e-05,7.04812e-05
843,2405.76,3.29184,0.93586,1.09084,0.65204,0.45154,0.52927,0.26368,3.45442,0.92854,1.06932,6.97384e-05,6.97384e-05,6.97384e-05
844,2408.49,3.10914,0.89407,1.08644,0.6482,0.45373,0.52917,0.26369,3.45083,0.92892,1.06889,6.9e-05,6.9e-05,6.9e-05
845,2411.31,3.37047,0.93624,1.08113,0.64643,0.45456,0.52912,0.26349,3.45843,0.93021,1.06888,6.82658e-05,6.82658e-05,6.82658e-05
846,2414.33,3.33672,0.95821,1.10966,0.64636,0.45593,0.52941,0.26298,3.46649,0.93199,1.06864,6.7536e-05,6.7536e-05,6.7536e-05
847,2417.26,3.13798,0.91342,1.09063,0.64668,0.45566,0.52935,0.26303,3.46345,0.93137,1.06862,6.68105e-05,6.68105e-05,6.68105e-05
848,2420.05,3.20538,0.92816,1.10689,0.64538,0.45648,0.52904,0.2633,3.45722,0.93004,1.06885,6.60893e-05,6.60893e-05,6.60893e-05
849,2422.91,3.11185,0.87777,1.09752,0.64658,0.45579,0.52927,0.26306,3.45093,0.92819,1.06894,6.53725e-05,6.53725e-05,6.53725e-05
850,2425.91,3.16546,0.89169,1.08582,0.646,0.45772,0.53032,0.26412,3.44021,0.92764,1.06866,6.46599e-05,6.46599e-05,6.46599e-05
851,2428.74,3.08684,0.87824,1.09147,0.6483,0.45705,0.53053,0.26359,3.44408,0.92753,1.06853,6.39518e-05,6.39518e-05,6.39518e-05
852,2431.72,3.37593,0.96077,1.11347,0.64642,0.4595,0.53028,0.26448,3.43074,0.9265,1.06843,6.3248e-05,6.3248e-05,6.3248e-05
853,2434.58,3.05103,0.91168,1.11257,0.64801,0.45881,0.53016,0.26412,3.43153,0.92604,1.0683,6.25485e-05,6.25485e-05,6.25485e-05
854,2437.37,2.98237,0.89381,1.1006,0.64606,0.45883,0.53007,0.26422,3.43553,0.92854,1.06819,6.18534e-05,6.18534e-05,6.18534e-05
855,2440.06,3.31488,0.94222,1.08941,0.64794,0.45799,0.53067,0.26464,3.43621,0.92653,1.06825,6.11627e-05,6.11627e-05,6.11627e-05
856,2443.05,3.15817,0.88408,1.08542,0.64971,0.45813,0.53124,0.26449,3.43915,0.92828,1.06793,6.04763e-05,6.04763e-05,6.04763e-05
857,2445.89,3.44329,0.94683,1.09636,0.65027,0.45845,0.53109,0.26406,3.43973,0.92566,1.06816,5.97944e-05,5.97944e-05,5.97944e-05
858,2448.74,3.00958,0.88518,1.0937,0.64895,0.45708,0.5313,0.26451,3.44616,0.92691,1.06819,5.91168e-05,5.91168e-05,5.91168e-05
859,2451.72,2.95375,0.8782,1.10308,0.64853,0.45801,0.53129,0.26437,3.44585,0.92775,1.06815,5.84437e-05,5.84437e-05,5.84437e-05
860,2454.98,2.99669,0.8891,1.11012,0.64838,0.45799,0.53067,0.26427,3.4467,0.92844,1.06825,5.77749e-05,5.77749e-05,5.77749e-05
861,2457.53,2.97914,0.87919,1.07728,0.64713,0.4573,0.53012,0.26441,3.44199,0.92769,1.06834,5.71106e-05,5.71106e-05,5.71106e-05
862,2460.31,3.48684,0.95825,1.09004,0.64966,0.4573,0.53074,0.26436,3.44378,0.92914,1.06814,5.64507e-05,5.64507e-05,5.64507e-05
863,2463.37,3.30738,0.92258,1.09494,0.64878,0.45801,0.53136,0.26455,3.44224,0.92991,1.06798,5.57952e-05,5.57952e-05,5.57952e-05
864,2466.1,3.14375,0.90317,1.08156,0.65005,0.45368,0.52949,0.26465,3.43681,0.9263,1.06778,5.51442e-05,5.51442e-05,5.51442e-05
865,2468.85,3.2111,0.9127,1.10492,0.64845,0.45581,0.53006,0.26374,3.44462,0.9266,1.06797,5.44975e-05,5.44975e-05,5.44975e-05
866,2472.05,3.23813,0.9139,1.09288,0.64639,0.45332,0.52863,0.26363,3.45246,0.92857,1.06802,5.38554e-05,5.38554e-05,5.38554e-05
867,2474.99,3.2475,0.88979,1.07929,0.64828,0.45305,0.52836,0.26394,3.44527,0.92697,1.06803,5.32177e-05,5.32177e-05,5.32177e-05
868,2477.78,3.39702,0.98052,1.09984,0.65071,0.4525,0.52886,0.26449,3.44296,0.92777,1.06804,5.25844e-05,5.25844e-05,5.25844e-05
869,2480.58,3.58968,0.99746,1.09086,0.64976,0.45183,0.52879,0.26443,3.44102,0.92717,1.068,5.19556e-05,5.19556e-05,5.19556e-05
870,2483.63,3.3773,0.96993,1.13361,0.65094,0.45167,0.52867,0.26422,3.44126,0.92483,1.0682,5.13313e-05,5.13313e-05,5.13313e-05
871,2486.35,3.15965,0.90339,1.09024,0.65035,0.45154,0.52879,0.26462,3.44095,0.92482,1.0681,5.07115e-05,5.07115e-05,5.07115e-05
872,2489.15,3.5106,0.96927,1.09549,0.65133,0.4524,0.52945,0.26458,3.43881,0.92467,1.06808,5.00961e-05,5.00961e-05,5.00961e-05
873,2492.15,3.22358,0.92892,1.11171,0.65124,0.45099,0.52905,0.26413,3.44731,0.92577,1.06812,4.94852e-05,4.94852e-05,4.94852e-05
874,2495,3.4496,0.96795,1.10472,0.65133,0.4525,0.53062,0.26499,3.44029,0.9247,1.0681,4.88789e-05,4.88789e-05,4.88789e-05
875,2497.95,3.11476,0.90507,1.10526,0.65091,0.45291,0.53057,0.26473,3.44902,0.92564,1.06801,4.8277e-05,4.8277e-05,4.8277e-05
876,2500.66,3.28834,0.94781,1.12215,0.65128,0.45415,0.53075,0.26453,3.45055,0.92724,1.06813,4.76796e-05,4.76796e-05,4.76796e-05
877,2503.38,3.24987,0.92412,1.0907,0.64995,0.45442,0.53014,0.26417,3.45015,0.92597,1.06824,4.70868e-05,4.70868e-05,4.70868e-05
878,2506.37,3.15956,0.90523,1.08876,0.65304,0.45717,0.53189,0.26479,3.44287,0.92495,1.06834,4.64985e-05,4.64985e-05,4.64985e-05
879,2509.07,3.21633,0.91273,1.08904,0.65327,0.45428,0.53127,0.26475,3.44424,0.92431,1.0684,4.59146e-05,4.59146e-05,4.59146e-05
880,2511.83,3.21616,0.93507,1.11706,0.65175,0.45456,0.53079,0.26491,3.43761,0.92413,1.06838,4.53354e-05,4.53354e-05,4.53354e-05
881,2514.65,3.26978,0.90654,1.09297,0.65153,0.45415,0.53032,0.26486,3.43915,0.92423,1.06832,4.47606e-05,4.47606e-05,4.47606e-05
882,2517.6,3.55577,0.99493,1.10974,0.64919,0.45653,0.5316,0.26519,3.43539,0.92368,1.06828,4.41904e-05,4.41904e-05,4.41904e-05
883,2520.71,3.41138,0.96075,1.11658,0.64852,0.45579,0.5312,0.26533,3.43707,0.92404,1.06817,4.36248e-05,4.36248e-05,4.36248e-05
884,2523.61,3.1489,0.90317,1.09236,0.6495,0.45588,0.5315,0.26498,3.4416,0.92371,1.06875,4.30637e-05,4.30637e-05,4.30637e-05
885,2526.27,3.48945,0.98229,1.12017,0.64888,0.45566,0.53113,0.26525,3.4426,0.92406,1.06875,4.25072e-05,4.25072e-05,4.25072e-05
886,2529.22,3.14001,0.88442,1.0927,0.64831,0.4573,0.53152,0.26472,3.43827,0.92285,1.06865,4.19552e-05,4.19552e-05,4.19552e-05
887,2532.3,3.39127,0.91359,1.08297,0.64844,0.45717,0.53153,0.26465,3.43701,0.92499,1.0681,4.14078e-05,4.14078e-05,4.14078e-05
888,2534.97,3.04006,0.89564,1.10896,0.64893,0.45703,0.53008,0.26495,3.43978,0.92443,1.0685,4.0865e-05,4.0865e-05,4.0865e-05
889,2537.59,3.33162,0.94309,1.07074,0.6494,0.4573,0.53047,0.26544,3.43153,0.92502,1.06793,4.03267e-05,4.03267e-05,4.03267e-05
890,2540.65,3.1957,0.94375,1.13352,0.64878,0.45785,0.53081,0.26577,3.44002,0.92622,1.06849,3.97931e-05,3.97931e-05,3.97931e-05
891,2543.59,3.1515,0.90546,1.09281,0.64889,0.45746,0.53088,0.26558,3.43046,0.92663,1.06807,3.9264e-05,3.9264e-05,3.9264e-05
892,2546.47,3.55895,0.97018,1.07917,0.65162,0.45813,0.53304,0.26602,3.42176,0.92495,1.06779,3.87396e-05,3.87396e-05,3.87396e-05
893,2549.47,3.19925,0.91079,1.10532,0.65018,0.45813,0.53222,0.26599,3.42481,0.92542,1.068,3.82197e-05,3.82197e-05,3.82197e-05
894,2552.38,3.26132,0.96297,1.11298,0.65061,0.45761,0.53164,0.2663,3.42191,0.92212,1.06786,3.77044e-05,3.77044e-05,3.77044e-05
895,2555.39,3.28249,0.91266,1.09483,0.64889,0.45695,0.53077,0.26605,3.42058,0.92216,1.06784,3.71938e-05,3.71938e-05,3.71938e-05
896,2558.55,3.23462,0.93121,1.09846,0.65128,0.45614,0.53041,0.2657,3.43255,0.92507,1.0678,3.66877e-05,3.66877e-05,3.66877e-05
897,2561.25,3.09465,0.89799,1.09267,0.65025,0.45663,0.53053,0.26535,3.43441,0.92431,1.06785,3.61863e-05,3.61863e-05,3.61863e-05
898,2564.35,3.04062,0.90136,1.09146,0.65287,0.45524,0.53091,0.26548,3.43186,0.92477,1.06803,3.56896e-05,3.56896e-05,3.56896e-05
899,2567.23,3.16337,0.93008,1.08631,0.65426,0.45717,0.53234,0.26525,3.4281,0.92335,1.06813,3.51974e-05,3.51974e-05,3.51974e-05
900,2570.16,3.35441,0.94485,1.10741,0.65405,0.45621,0.53191,0.26466,3.43186,0.92292,1.06838,3.47099e-05,3.47099e-05,3.47099e-05
901,2572.92,3.67437,1.00567,1.10062,0.65547,0.45621,0.53185,0.26451,3.43274,0.92442,1.0683,3.4227e-05,3.4227e-05,3.4227e-05
902,2575.87,3.44634,0.9642,1.1066,0.65673,0.4547,0.53217,0.26479,3.43696,0.92423,1.06839,3.37488e-05,3.37488e-05,3.37488e-05
903,2578.52,3.14363,0.89313,1.09462,0.65616,0.45483,0.53199,0.26481,3.43479,0.92244,1.06849,3.32752e-05,3.32752e-05,3.32752e-05
904,2581.2,3.22377,0.90655,1.10614,0.6534,0.45689,0.53243,0.26467,3.44117,0.92397,1.06807,3.28063e-05,3.28063e-05,3.28063e-05
905,2583.98,3.3923,0.96598,1.10732,0.65448,0.45648,0.53247,0.26488,3.43411,0.92514,1.06807,3.23421e-05,3.23421e-05,3.23421e-05
906,2586.97,3.32397,0.95022,1.09279,0.65276,0.45629,0.53195,0.26508,3.42984,0.9239,1.06797,3.18825e-05,3.18825e-05,3.18825e-05
907,2589.53,3.0713,0.88496,1.09581,0.65186,0.45602,0.53143,0.26552,3.42367,0.92265,1.06797,3.14275e-05,3.14275e-05,3.14275e-05
908,2592.25,3.06926,0.88463,1.10146,0.65344,0.4573,0.53255,0.2657,3.42344,0.92385,1.06782,3.09773e-05,3.09773e-05,3.09773e-05
909,2594.94,3.49028,0.9694,1.10488,0.65338,0.45675,0.53254,0.26562,3.42455,0.92416,1.06795,3.05317e-05,3.05317e-05,3.05317e-05
910,2597.99,2.9717,0.87906,1.11634,0.65502,0.4573,0.53282,0.26478,3.43938,0.92456,1.06801,3.00908e-05,3.00908e-05,3.00908e-05
911,2600.83,3.20619,0.89756,1.09882,0.65255,0.45689,0.53239,0.26478,3.43822,0.92439,1.06804,2.96546e-05,2.96546e-05,2.96546e-05
912,2603.98,3.29286,0.94861,1.08665,0.65637,0.45717,0.53295,0.26459,3.43745,0.9259,1.06817,2.92231e-05,2.92231e-05,2.92231e-05
913,2607.13,2.99935,0.8511,1.0944,0.65496,0.45675,0.53217,0.26434,3.4297,0.92359,1.06796,2.87963e-05,2.87963e-05,2.87963e-05
914,2610,3.40336,0.96178,1.11342,0.65524,0.45609,0.5319,0.26466,3.42641,0.92308,1.06812,2.83742e-05,2.83742e-05,2.83742e-05
915,2613.03,3.26294,0.92058,1.10251,0.65428,0.45634,0.53186,0.2652,3.42323,0.92334,1.06821,2.79568e-05,2.79568e-05,2.79568e-05
916,2616.13,3.20793,0.91612,1.08957,0.65688,0.45705,0.53304,0.26548,3.41433,0.92212,1.06792,2.75441e-05,2.75441e-05,2.75441e-05
917,2618.77,3.529,0.99439,1.09798,0.65534,0.45689,0.53247,0.26552,3.41328,0.92182,1.06778,2.71361e-05,2.71361e-05,2.71361e-05
918,2621.51,2.90451,0.865,1.0927,0.65588,0.45689,0.53299,0.26569,3.40924,0.92109,1.06796,2.67328e-05,2.67328e-05,2.67328e-05
919,2624.52,3.03944,0.86682,1.09025,0.65722,0.45648,0.53318,0.26532,3.41259,0.91977,1.06791,2.63343e-05,2.63343e-05,2.63343e-05
920,2627.57,3.32046,0.91444,1.09539,0.65304,0.45736,0.53201,0.26478,3.41802,0.92144,1.06777,2.59404e-05,2.59404e-05,2.59404e-05
921,2630.62,3.36005,0.92955,1.0995,0.6535,0.45622,0.53171,0.26488,3.42619,0.92383,1.06767,2.55513e-05,2.55513e-05,2.55513e-05
922,2633.54,3.23606,0.92564,1.10942,0.65188,0.45648,0.53187,0.26485,3.43641,0.92526,1.06793,2.5167e-05,2.5167e-05,2.5167e-05
923,2636.36,2.83808,0.85619,1.11074,0.64912,0.45588,0.53088,0.26459,3.43696,0.92423,1.06785,2.47873e-05,2.47873e-05,2.47873e-05
924,2639.4,3.15311,0.92663,1.11463,0.64998,0.45686,0.53146,0.26435,3.44121,0.9258,1.06808,2.44124e-05,2.44124e-05,2.44124e-05
925,2642.15,2.96188,0.88462,1.09523,0.64851,0.45694,0.53062,0.26415,3.43692,0.92563,1.06797,2.40423e-05,2.40423e-05,2.40423e-05
926,2645.28,2.9958,0.8627,1.08327,0.65094,0.4573,0.53129,0.26392,3.44395,0.92637,1.06789,2.36769e-05,2.36769e-05,2.36769e-05
927,2648.5,3.42186,0.97291,1.11271,0.64985,0.45662,0.53051,0.26398,3.44338,0.92602,1.06793,2.33162e-05,2.33162e-05,2.33162e-05
928,2651.34,3.12469,0.89135,1.08764,0.6498,0.45744,0.53048,0.26425,3.44207,0.92619,1.06794,2.29603e-05,2.29603e-05,2.29603e-05
929,2654.3,3.19681,0.89739,1.07929,0.65119,0.45785,0.53136,0.26475,3.43625,0.92471,1.06791,2.26092e-05,2.26092e-05,2.26092e-05
930,2657.04,3.03395,0.87442,1.09999,0.64872,0.45712,0.53062,0.26425,3.43682,0.92458,1.06806,2.22628e-05,2.22628e-05,2.22628e-05
931,2659.77,3.08918,0.88592,1.08572,0.65126,0.4573,0.5312,0.26456,3.43218,0.92385,1.06797,2.19212e-05,2.19212e-05,2.19212e-05
932,2662.82,3.42065,0.97923,1.12079,0.65041,0.4573,0.53081,0.26453,3.4279,0.92459,1.06804,2.15844e-05,2.15844e-05,2.15844e-05
933,2665.67,3.73537,1.00283,1.08603,0.64872,0.45689,0.53067,0.26464,3.42915,0.92533,1.06795,2.12523e-05,2.12523e-05,2.12523e-05
934,2668.32,3.505,0.95779,1.0998,0.65101,0.4573,0.53222,0.2649,3.42991,0.92401,1.06814,2.0925e-05,2.0925e-05,2.0925e-05
935,2670.99,3.31433,0.92809,1.09684,0.6535,0.45519,0.5315,0.26512,3.42991,0.92481,1.06827,2.06025e-05,2.06025e-05,2.06025e-05
936,2674.03,3.37857,0.95659,1.09735,0.65733,0.4547,0.53259,0.26494,3.42976,0.92354,1.06806,2.02847e-05,2.02847e-05,2.02847e-05
937,2676.88,3.22697,0.93391,1.09735,0.65629,0.4556,0.53275,0.26512,3.42705,0.92345,1.06803,1.99717e-05,1.99717e-05,1.99717e-05
938,2679.75,3.26173,0.90324,1.08407,0.65283,0.45488,0.53048,0.26502,3.43402,0.9245,1.0679,1.96636e-05,1.96636e-05,1.96636e-05
939,2682.64,2.96053,0.87881,1.09417,0.65122,0.45552,0.53106,0.26522,3.43494,0.92345,1.06795,1.93602e-05,1.93602e-05,1.93602e-05
940,2685.49,3.35699,0.94986,1.11071,0.6507,0.45634,0.53184,0.26465,3.43633,0.92473,1.06799,1.90616e-05,1.90616e-05,1.90616e-05
941,2688.37,3.3227,0.97784,1.11055,0.65147,0.45593,0.5318,0.26452,3.43705,0.92463,1.06794,1.87678e-05,1.87678e-05,1.87678e-05
942,2691.02,3.09359,0.88439,1.09102,0.65229,0.45612,0.53285,0.26514,3.43775,0.92432,1.06784,1.84788e-05,1.84788e-05,1.84788e-05
943,2693.79,3.72751,1.01451,1.09889,0.65273,0.45607,0.53265,0.26519,3.43363,0.92405,1.06785,1.81946e-05,1.81946e-05,1.81946e-05
944,2696.68,3.25315,0.92982,1.08422,0.65376,0.45607,0.53328,0.26558,3.42461,0.92325,1.0678,1.79152e-05,1.79152e-05,1.79152e-05
945,2699.35,3.32095,0.94111,1.0946,0.65226,0.45621,0.53206,0.26513,3.42532,0.92271,1.06777,1.76407e-05,1.76407e-05,1.76407e-05
946,2702.25,3.15849,0.88496,1.09467,0.65328,0.45511,0.53231,0.26569,3.41941,0.92218,1.0679,1.73709e-05,1.73709e-05,1.73709e-05
947,2704.99,3.5709,0.96546,1.08812,0.65455,0.45471,0.53227,0.26566,3.42327,0.92355,1.06781,1.71059e-05,1.71059e-05,1.71059e-05
948,2708.05,3.33356,0.92496,1.09876,0.65502,0.45617,0.53327,0.26578,3.42672,0.92361,1.06773,1.68458e-05,1.68458e-05,1.68458e-05
949,2710.88,3.12432,0.88337,1.09557,0.65512,0.45648,0.53386,0.26583,3.42314,0.92324,1.06764,1.65905e-05,1.65905e-05,1.65905e-05
950,2713.66,3.26131,0.92963,1.11494,0.65393,0.45689,0.53331,0.26532,3.42832,0.92471,1.06772,1.634e-05,1.634e-05,1.634e-05
951,2716.41,3.18281,0.90917,1.0983,0.65479,0.4573,0.53352,0.26538,3.42832,0.92325,1.06775,1.60943e-05,1.60943e-05,1.60943e-05
952,2719.38,3.23381,0.90834,1.08318,0.65568,0.45828,0.53377,0.26549,3.4302,0.92335,1.06764,1.58534e-05,1.58534e-05,1.58534e-05
953,2722.28,3.0989,0.90667,1.11803,0.65231,0.45991,0.53368,0.26567,3.43044,0.92392,1.06794,1.56174e-05,1.56174e-05,1.56174e-05
954,2725.07,3.4335,0.9706,1.10573,0.6509,0.45854,0.53293,0.26557,3.43145,0.92404,1.06801,1.53862e-05,1.53862e-05,1.53862e-05
955,2727.97,3.35744,0.97227,1.10962,0.65373,0.4585,0.5333,0.26535,3.4349,0.92481,1.06768,1.51598e-05,1.51598e-05,1.51598e-05
956,2730.72,3.14606,0.90275,1.09025,0.65472,0.45826,0.53313,0.26552,3.43384,0.92488,1.06771,1.49383e-05,1.49383e-05,1.49383e-05
957,2733.42,3.12348,0.91411,1.11322,0.65485,0.45772,0.53335,0.26578,3.43182,0.92367,1.06776,1.47216e-05,1.47216e-05,1.47216e-05
958,2736.39,3.48959,0.96167,1.07217,0.65474,0.45799,0.53368,0.26543,3.43287,0.924,1.06792,1.45097e-05,1.45097e-05,1.45097e-05
959,2739.21,3.13804,0.88591,1.08695,0.65333,0.45772,0.53281,0.26524,3.43045,0.92469,1.06777,1.43027e-05,1.43027e-05,1.43027e-05
960,2741.99,3.49087,0.98267,1.09545,0.65555,0.4573,0.53359,0.26572,3.43395,0.92408,1.06774,1.41006e-05,1.41006e-05,1.41006e-05
961,2744.79,3.12273,0.93142,1.10312,0.65432,0.45703,0.53337,0.26578,3.43423,0.92385,1.06758,1.39032e-05,1.39032e-05,1.39032e-05
962,2747.8,3.2597,0.92382,1.08479,0.65504,0.45813,0.53412,0.26613,3.43215,0.92409,1.06778,1.37107e-05,1.37107e-05,1.37107e-05
963,2750.54,3.06086,0.89722,1.11123,0.65579,0.4573,0.53432,0.26595,3.43267,0.924,1.0678,1.35231e-05,1.35231e-05,1.35231e-05
964,2753.39,3.09249,0.88484,1.07791,0.65681,0.45909,0.53416,0.26598,3.42816,0.92305,1.06758,1.33403e-05,1.33403e-05,1.33403e-05
965,2756.07,3.29606,0.9183,1.09479,0.65596,0.45938,0.53447,0.26594,3.42775,0.92339,1.06779,1.31624e-05,1.31624e-05,1.31624e-05
966,2759.08,3.28496,0.91832,1.09735,0.65495,0.45923,0.53348,0.2656,3.42719,0.92378,1.0678,1.29893e-05,1.29893e-05,1.29893e-05
967,2762.05,3.16333,0.89614,1.10373,0.65276,0.45923,0.53301,0.26582,3.41986,0.92216,1.06775,1.28211e-05,1.28211e-05,1.28211e-05
968,2764.72,3.24979,0.91894,1.09019,0.65534,0.45854,0.5335,0.2657,3.42477,0.92188,1.06786,1.26577e-05,1.26577e-05,1.26577e-05
969,2767.77,3.62999,1.01275,1.10922,0.65596,0.45895,0.5341,0.26568,3.42802,0.9226,1.06796,1.24992e-05,1.24992e-05,1.24992e-05
970,2770.65,3.27826,0.93644,1.08263,0.65849,0.45849,0.53415,0.26618,3.42799,0.92386,1.06772,1.23456e-05,1.23456e-05,1.23456e-05
971,2773.61,3.44696,0.9436,1.07942,0.65845,0.45815,0.53438,0.26604,3.43097,0.92538,1.06778,1.21968e-05,1.21968e-05,1.21968e-05
972,2776.32,3.55157,0.98745,1.09549,0.65725,0.45938,0.53501,0.26587,3.42982,0.92349,1.06762,1.20529e-05,1.20529e-05,1.20529e-05
973,2779.01,3.47253,0.94203,1.08602,0.6585,0.45876,0.53492,0.2657,3.42827,0.92362,1.06747,1.19139e-05,1.19139e-05,1.19139e-05
974,2781.63,3.26322,0.93744,1.11768,0.6584,0.45813,0.53437,0.26583,3.42535,0.92338,1.0676,1.17797e-05,1.17797e-05,1.17797e-05
975,2784.36,3.10579,0.90406,1.09364,0.65847,0.45799,0.53418,0.26581,3.42946,0.92325,1.06778,1.16504e-05,1.16504e-05,1.16504e-05
976,2787.33,3.39479,0.94889,1.10636,0.66063,0.45752,0.53489,0.26639,3.42627,0.92285,1.06754,1.15259e-05,1.15259e-05,1.15259e-05
977,2789.86,3.45534,0.97402,1.11071,0.66019,0.45854,0.53555,0.2665,3.42681,0.92306,1.06764,1.14063e-05,1.14063e-05,1.14063e-05
978,2793.01,3.46133,0.9902,1.11617,0.65774,0.45721,0.53419,0.26677,3.42542,0.92295,1.06776,1.12916e-05,1.12916e-05,1.12916e-05
979,2795.96,3.29592,0.91607,1.08446,0.65579,0.45675,0.53386,0.26643,3.42104,0.92207,1.06781,1.11818e-05,1.11818e-05,1.11818e-05
980,2799.17,3.1746,0.91879,1.09174,0.65724,0.45703,0.53399,0.26661,3.42163,0.92188,1.06767,1.10769e-05,1.10769e-05,1.10769e-05
981,2802.08,3.21372,0.88292,1.0932,0.65443,0.45634,0.53347,0.26629,3.42568,0.92311,1.06777,1.09768e-05,1.09768e-05,1.09768e-05
982,2804.88,3.36992,0.9481,1.1221,0.65365,0.45634,0.53381,0.26635,3.42105,0.92214,1.06769,1.08816e-05,1.08816e-05,1.08816e-05
983,2807.86,2.89414,0.87347,1.08841,0.654,0.45648,0.53409,0.26634,3.42293,0.92239,1.06778,1.07912e-05,1.07912e-05,1.07912e-05
984,2810.56,3.18877,0.90986,1.08968,0.65266,0.45689,0.53384,0.26612,3.42797,0.92424,1.06774,1.07058e-05,1.07058e-05,1.07058e-05
985,2813.39,3.32931,0.95133,1.11752,0.65502,0.4573,0.53418,0.26691,3.42405,0.92398,1.06786,1.06252e-05,1.06252e-05,1.06252e-05
986,2816.56,3.03513,0.87649,1.09592,0.65454,0.45813,0.53383,0.26626,3.43215,0.92492,1.06778,1.05495e-05,1.05495e-05,1.05495e-05
987,2819.44,3.28493,0.9269,1.0977,0.65455,0.45813,0.53414,0.26612,3.42959,0.92446,1.06768,1.04787e-05,1.04787e-05,1.04787e-05
988,2822.39,3.15168,0.92112,1.11018,0.65507,0.45662,0.53355,0.26601,3.43223,0.92551,1.06792,1.04128e-05,1.04128e-05,1.04128e-05
989,2825.16,3.27106,0.9278,1.09801,0.65369,0.45717,0.53366,0.26605,3.42674,0.92543,1.06791,1.03517e-05,1.03517e-05,1.03517e-05
990,2828,3.29869,0.91469,1.10596,0.65266,0.4573,0.53314,0.26625,3.42588,0.92528,1.06771,1.02955e-05,1.02955e-05,1.02955e-05
991,2882.07,3.73333,0.99073,1.08041,0.65175,0.45675,0.53299,0.26631,3.42517,0.92537,1.06774,1.02443e-05,1.02443e-05,1.02443e-05
992,2884.94,3.37416,0.94996,1.08761,0.65227,0.45675,0.53279,0.26643,3.42926,0.9252,1.06787,1.01978e-05,1.01978e-05,1.01978e-05
993,2888.01,3.40839,0.9476,1.09028,0.65199,0.45653,0.53143,0.26621,3.42817,0.9254,1.06788,1.01563e-05,1.01563e-05,1.01563e-05
994,2890.81,3.42345,0.9418,1.08349,0.65169,0.45697,0.53165,0.26617,3.43123,0.92624,1.06753,1.01197e-05,1.01197e-05,1.01197e-05
995,2893.71,3.33666,0.92302,1.09319,0.65383,0.45689,0.53254,0.26623,3.43184,0.92513,1.06764,1.00879e-05,1.00879e-05,1.00879e-05
996,2896.35,3.38888,0.94243,1.08287,0.6538,0.45717,0.53223,0.2661,3.43569,0.92563,1.06763,1.00611e-05,1.00611e-05,1.00611e-05
997,2899.16,3.61569,1.01711,1.08335,0.65396,0.45689,0.53229,0.26643,3.43588,0.92569,1.06773,1.00391e-05,1.00391e-05,1.00391e-05
998,2902.03,3.64553,0.98824,1.08992,0.65272,0.45595,0.532,0.26622,3.43619,0.92725,1.06763,1.0022e-05,1.0022e-05,1.0022e-05
999,2905.1,3.54801,0.96504,1.07964,0.65432,0.45511,0.53169,0.26588,3.43803,0.92794,1.0676,1.00098e-05,1.00098e-05,1.00098e-05
1000,2908.05,3.25321,0.92709,1.09297,0.65255,0.45638,0.53191,0.26608,3.43323,0.92714,1.06754,1.00024e-05,1.00024e-05,1.00024e-05
