epoch,time,train/box_loss,train/cls_loss,train/dfl_loss,metrics/precision(B),metrics/recall(B),metrics/mAP50(B),metrics/mAP50-95(B),val/box_loss,val/cls_loss,val/dfl_loss,lr/pg0,lr/pg1,lr/pg2
1,7.74189,13.7359,6.35052,2.55984,0.02353,0.03295,0.01269,0.00469,15.4995,6.53331,2.72824,0.0001,0.0001,0.0001
2,14.852,13.1697,5.28656,2.38863,0.35167,0.31809,0.26476,0.09495,11.5226,4.35568,1.87484,0.000219802,0.000219802,0.000219802
3,21.556,8.88737,2.7123,1.92407,0.46224,0.32743,0.35107,0.13349,10.6949,4.91028,1.83608,0.000339388,0.000339388,0.000339388
4,28.0661,10.7075,2.53405,1.87745,0.40762,0.33677,0.29843,0.09765,11.7405,9.92451,1.87668,0.000458758,0.000458758,0.000458758
5,34.3104,9.51564,2.45548,1.88754,0.43527,0.36312,0.31163,0.11956,10.5913,5.41787,1.81596,0.000577912,0.000577912,0.000577912
6,41.2024,8.3536,2.24077,1.90712,0.48552,0.36963,0.33961,0.12768,10.2851,5.84771,1.82998,0.00069685,0.00069685,0.00069685
7,47.3752,9.66306,2.25551,1.87483,0.51496,0.37095,0.36518,0.13501,10.4106,17.4392,1.81512,0.000815572,0.000815572,0.000815572
8,53.4278,9.27499,2.50392,1.84614,0.35273,0.32386,0.23323,0.08105,10.967,inf,1.8343,0.000934078,0.000934078,0.000934078
9,59.7382,8.59994,2.15438,1.86017,0.05961,0.08347,0.03231,0.01634,10.3947,44.1008,1.86199,0.00105237,0.00105237,0.00105237
10,65.5849,9.19063,2.13509,1.82192,0.4061,0.33004,0.28507,0.11185,10.2051,22.1859,1.82755,0.00117044,0.00117044,0.00117044
11,71.2049,9.50679,2.11501,1.84984,0.58143,0.38921,0.44543,0.17354,9.73637,3.49225,1.79533,0.0012883,0.0012883,0.0012883
12,77.7821,9.51041,2.18016,1.87908,0.57538,0.38605,0.43627,0.16211,9.96937,2.33967,1.79698,0.00140594,0.00140594,0.00140594
13,83.5168,10.5204,2.17768,1.76484,0.5621,0.39264,0.43227,0.16276,9.91574,2.38981,1.79005,0.00152337,0.00152337,0.00152337
14,89.1742,10.1188,2.23487,1.84517,0.55116,0.36436,0.40167,0.14026,10.5043,3.31297,1.80478,0.00164058,0.00164058,0.00164058
15,94.7464,9.47542,1.95768,1.81808,0.55855,0.36134,0.40575,0.14943,10.366,2.94419,1.7928,0.00175757,0.00175757,0.00175757
16,101.006,9.39804,2.0693,1.85432,0.43443,0.36079,0.29594,0.10133,10.7032,4.72589,1.78961,0.00187435,0.00187435,0.00187435
17,106.762,9.08083,1.98382,1.80104,0.41571,0.32702,0.29546,0.09036,11.507,4.41045,1.81245,0.0019712,0.0019712,0.0019712
18,112.676,10.1913,2.08745,1.8004,0.3464,0.22762,0.21714,0.06075,13.1358,3.01533,1.86152,0.0019694,0.0019694,0.0019694
19,118.365,9.52512,2.05512,1.79559,0.36757,0.27746,0.27012,0.08169,12.3446,2.99946,1.84464,0.0019676,0.0019676,0.0019676
20,124.601,11.0284,2.37446,1.79748,0.37465,0.30478,0.28086,0.09237,11.3793,2.97597,1.83803,0.0019658,0.0019658,0.0019658
21,130.591,9.98798,2.05877,1.84641,0.36,0.30766,0.26828,0.0856,11.3139,2.86908,1.82337,0.001964,0.001964,0.001964
22,136.552,9.32239,1.98722,1.82755,0.52683,0.37617,0.419,0.16659,10.0232,2.3303,1.79714,0.0019622,0.0019622,0.0019622
23,142.391,9.32064,2.12341,1.83724,0.52612,0.3777,0.40854,0.16069,10.0622,2.39438,1.79583,0.0019604,0.0019604,0.0019604
24,148.031,9.99881,2.01813,1.74013,0.56073,0.4374,0.46135,0.18365,9.59079,2.13481,1.76821,0.0019586,0.0019586,0.0019586
25,154.498,9.44424,1.8909,1.71011,0.56545,0.4352,0.4554,0.17605,9.81218,2.16274,1.77514,0.0019568,0.0019568,0.0019568
26,160.768,8.90837,1.95936,1.80638,0.57446,0.44124,0.46952,0.18031,9.80333,2.00162,1.7644,0.001955,0.001955,0.001955
27,166.694,9.85322,2.01311,1.78116,0.58369,0.44206,0.48252,0.18246,9.93282,2.04266,1.76772,0.0019532,0.0019532,0.0019532
28,172.922,9.8134,2.38951,1.80787,0.60212,0.45305,0.50355,0.19216,9.7241,2.16876,1.75547,0.0019514,0.0019514,0.0019514
29,178.964,9.50705,2.04981,1.83984,0.59404,0.44417,0.48972,0.18677,9.76479,2.2508,1.76541,0.0019496,0.0019496,0.0019496
30,184.943,8.88684,1.95502,1.81176,0.59754,0.40175,0.45779,0.18692,9.74797,2.1681,1.78516,0.0019478,0.0019478,0.0019478
31,191.3,9.3002,2.03673,1.78437,0.56404,0.39964,0.44653,0.17332,9.80898,2.23072,1.7791,0.001946,0.001946,0.001946
32,197.234,9.16932,2.0053,1.76263,0.58885,0.41845,0.47158,0.18967,9.46436,2.04837,1.75354,0.0019442,0.0019442,0.0019442
33,203.148,8.80398,2.02227,1.7785,0.54272,0.40005,0.44438,0.18512,9.25914,2.02415,1.74545,0.0019424,0.0019424,0.0019424
34,209.105,8.51865,2.02032,1.79465,0.61665,0.43263,0.49455,0.20554,9.30529,2.21444,1.75079,0.0019406,0.0019406,0.0019406
35,215.077,9.21448,1.95854,1.76025,0.57299,0.43218,0.46706,0.17045,10.1341,2.5284,1.77317,0.0019388,0.0019388,0.0019388
36,221.291,8.48354,1.92913,1.80099,0.613,0.43726,0.49492,0.19375,9.367,2.10012,1.74529,0.001937,0.001937,0.001937
37,227.568,8.55322,1.972,1.76669,0.5471,0.39676,0.42867,0.14581,10.178,2.21281,1.76226,0.0019352,0.0019352,0.0019352
38,234.304,8.33502,1.82455,1.77956,0.62895,0.4293,0.49806,0.20644,9.2132,1.95663,1.73797,0.0019334,0.0019334,0.0019334
39,240.019,9.17106,1.86753,1.72436,0.62078,0.41365,0.48311,0.19909,9.32808,2.00589,1.74246,0.0019316,0.0019316,0.0019316
40,246.203,8.28217,1.84871,1.74989,0.53498,0.38175,0.42647,0.15488,10.1916,2.4904,1.75622,0.0019298,0.0019298,0.0019298
41,251.818,8.63508,1.92918,1.79568,0.56788,0.38682,0.43758,0.16966,9.89844,2.43336,1.75343,0.001928,0.001928,0.001928
42,257.962,8.55174,1.8944,1.80994,0.51716,0.36642,0.4015,0.14924,10.4494,2.41195,1.77345,0.0019262,0.0019262,0.0019262
43,263.804,9.70494,1.98248,1.70917,0.59731,0.42477,0.47682,0.19913,9.63136,2.1136,1.74777,0.0019244,0.0019244,0.0019244
44,269.367,9.8938,1.89123,1.74169,0.55356,0.41914,0.44533,0.15245,10.505,2.26734,1.7713,0.0019226,0.0019226,0.0019226
45,275.47,9.22011,1.8997,1.7479,0.59568,0.43712,0.48161,0.17768,9.93683,2.10474,1.74977,0.0019208,0.0019208,0.0019208
46,281.38,8.96006,1.85527,1.75801,0.42657,0.28964,0.30474,0.0936,11.7363,2.74327,1.81607,0.001919,0.001919,0.001919
47,287.149,8.11061,1.79161,1.80483,0.46757,0.31604,0.34944,0.11855,11.2303,2.69656,1.7984,0.0019172,0.0019172,0.0019172
48,292.981,8.99836,1.83481,1.78003,0.30228,0.25069,0.2346,0.07395,12.392,3.18136,1.82907,0.0019154,0.0019154,0.0019154
49,298.769,9.16657,1.91839,1.75648,0.4045,0.29627,0.31322,0.11201,10.7391,2.83144,1.77992,0.0019136,0.0019136,0.0019136
50,305.191,8.78545,1.82476,1.73426,0.51241,0.35723,0.39225,0.14101,10.264,2.39072,1.77435,0.0019118,0.0019118,0.0019118
51,311.132,8.48194,1.89368,1.81735,0.60195,0.42339,0.47943,0.18859,9.38939,2.05743,1.74231,0.00191,0.00191,0.00191
52,317.058,7.81088,1.76561,1.76898,0.67008,0.4606,0.53799,0.22984,8.92553,1.84901,1.72218,0.0019082,0.0019082,0.0019082
53,322.999,8.65724,1.82088,1.71896,0.6163,0.43657,0.49445,0.19501,9.56783,1.9841,1.74112,0.0019064,0.0019064,0.0019064
54,328.912,8.97937,1.87348,1.80229,0.65707,0.45559,0.53063,0.22402,9.09346,1.88812,1.73765,0.0019046,0.0019046,0.0019046
55,334.28,8.58928,1.82548,1.76131,0.65524,0.44385,0.51653,0.21587,9.23787,1.92108,1.74937,0.0019028,0.0019028,0.0019028
56,339.997,8.7902,1.81002,1.77286,0.63162,0.4606,0.52261,0.2066,9.3642,1.95445,1.73407,0.001901,0.001901,0.001901
57,346.178,8.18069,1.80511,1.8439,0.63114,0.47831,0.54066,0.23009,8.92971,1.90151,1.72505,0.0018992,0.0018992,0.0018992
58,352.284,9.267,1.86962,1.72884,0.63532,0.47488,0.53831,0.23588,8.75712,1.88576,1.71773,0.0018974,0.0018974,0.0018974
59,357.975,10.3949,2.03073,1.67046,0.63925,0.48147,0.54117,0.23016,8.82767,1.80044,1.71454,0.0018956,0.0018956,0.0018956
60,364.157,8.62291,1.8366,1.84405,0.6727,0.46348,0.54943,0.24866,8.38035,1.77712,1.70987,0.0018938,0.0018938,0.0018938
61,369.77,9.07932,1.84594,1.73228,0.6403,0.43204,0.50867,0.20521,9.23194,1.89803,1.73238,0.001892,0.001892,0.001892
62,375.457,9.3611,1.86279,1.75614,0.6581,0.45579,0.53618,0.23309,8.76082,1.85146,1.72094,0.0018902,0.0018902,0.0018902
63,381.561,8.72388,1.80384,1.77247,0.65745,0.46787,0.5458,0.24498,8.54095,1.75202,1.71559,0.0018884,0.0018884,0.0018884
64,387.641,8.35419,1.82436,1.7882,0.64145,0.45442,0.52566,0.21954,9.02276,1.83775,1.72801,0.0018866,0.0018866,0.0018866
65,393.189,8.3781,1.72009,1.72951,0.65999,0.46458,0.53747,0.23303,8.6934,1.80309,1.72074,0.0018848,0.0018848,0.0018848
66,399.499,8.90792,1.77952,1.72866,0.65765,0.49843,0.56947,0.25867,8.37933,1.71436,1.71304,0.001883,0.001883,0.001883
67,405.298,7.55341,1.60263,1.78378,0.66378,0.50441,0.57842,0.26869,8.23924,1.69535,1.70621,0.0018812,0.0018812,0.0018812
68,411.193,8.48424,1.71147,1.71972,0.67752,0.48476,0.56231,0.2545,8.50686,1.70716,1.71343,0.0018794,0.0018794,0.0018794
69,417.198,9.34002,1.92298,1.7478,0.704,0.47007,0.5526,0.24636,8.58008,1.74601,1.71901,0.0018776,0.0018776,0.0018776
70,423.218,8.93325,1.79733,1.77272,0.5803,0.38729,0.43079,0.14899,10.3822,2.07295,1.76431,0.0018758,0.0018758,0.0018758
71,428.671,8.05451,1.69741,1.76029,0.63044,0.45991,0.51735,0.20082,9.45762,1.86416,1.7407,0.001874,0.001874,0.001874
72,434.434,8.83878,1.80104,1.74579,0.66379,0.48833,0.55944,0.25232,8.52248,1.7366,1.7129,0.0018722,0.0018722,0.0018722
73,440.163,7.36924,1.70023,1.78871,0.61495,0.46153,0.5177,0.20755,9.35275,1.8548,1.73106,0.0018704,0.0018704,0.0018704
74,445.889,8.35969,1.69781,1.75145,0.65945,0.46156,0.53888,0.23215,8.7789,1.82763,1.72622,0.0018686,0.0018686,0.0018686
75,451.931,7.8155,1.6531,1.76606,0.66657,0.45675,0.53468,0.23307,8.82175,1.86003,1.72826,0.0018668,0.0018668,0.0018668
76,458.147,8.47511,1.76724,1.76852,0.63803,0.44937,0.52074,0.2111,9.06968,1.94425,1.72255,0.001865,0.001865,0.001865
77,463.629,8.47708,1.73251,1.71569,0.6343,0.45483,0.52718,0.21387,9.14154,1.86523,1.72338,0.0018632,0.0018632,0.0018632
78,469.768,7.72337,1.70566,1.76621,0.66685,0.4691,0.55033,0.24355,8.61716,1.75341,1.71031,0.0018614,0.0018614,0.0018614
79,475.619,8.74276,1.77808,1.7635,0.67054,0.45181,0.53757,0.23396,8.80033,1.80285,1.72216,0.0018596,0.0018596,0.0018596
80,481.712,8.4595,1.71191,1.76073,0.69413,0.46911,0.55652,0.24708,8.62464,1.73952,1.71427,0.0018578,0.0018578,0.0018578
81,487.402,8.48354,1.76981,1.7589,0.67485,0.46616,0.54731,0.23417,8.78229,1.76746,1.71276,0.001856,0.001856,0.001856
82,493.316,8.81998,1.75285,1.75077,0.67332,0.49561,0.57013,0.25864,8.36155,1.69547,1.7045,0.0018542,0.0018542,0.0018542
83,498.834,8.5359,1.77398,1.70501,0.6641,0.48339,0.55739,0.2512,8.52256,1.72405,1.70745,0.0018524,0.0018524,0.0018524
84,504.821,7.8524,1.65937,1.70695,0.69994,0.48037,0.56693,0.2668,8.14094,1.63586,1.69933,0.0018506,0.0018506,0.0018506
85,510.717,7.74818,1.58809,1.73509,0.68828,0.47858,0.56036,0.25725,8.22446,1.68251,1.7019,0.0018488,0.0018488,0.0018488
86,516.833,7.87758,1.67695,1.79789,0.68703,0.49364,0.56931,0.2521,8.3113,1.6671,1.70101,0.001847,0.001847,0.001847
87,522.643,7.93798,1.71489,1.70022,0.69247,0.48782,0.5693,0.25908,8.21833,1.68281,1.69841,0.0018452,0.0018452,0.0018452
88,528.416,7.94865,1.81291,1.72883,0.69386,0.48571,0.57038,0.26021,8.23178,1.69618,1.69836,0.0018434,0.0018434,0.0018434
89,534.059,8.30745,1.73777,1.73499,0.67967,0.50015,0.5772,0.26899,8.15633,1.76227,1.70062,0.0018416,0.0018416,0.0018416
90,540.431,8.33044,1.73923,1.72661,0.65066,0.48609,0.55462,0.25726,8.1691,1.7539,1.69799,0.0018398,0.0018398,0.0018398
91,546.457,8.18503,1.78288,1.75782,0.64823,0.49204,0.5611,0.25553,8.28298,1.7293,1.70087,0.001838,0.001838,0.001838
92,552.291,8.0017,1.69067,1.7244,0.66995,0.49533,0.57222,0.25352,8.53201,1.77678,1.70784,0.0018362,0.0018362,0.0018362
93,557.955,8.44396,1.7358,1.69783,0.67779,0.48957,0.57041,0.26938,8.1625,1.7598,1.69897,0.0018344,0.0018344,0.0018344
94,564.083,8.3797,1.74609,1.74883,0.70197,0.47922,0.56906,0.26923,8.05998,1.72123,1.69293,0.0018326,0.0018326,0.0018326
95,570.454,8.00445,1.70739,1.75148,0.68539,0.49931,0.57942,0.26903,8.07458,1.70147,1.69386,0.0018308,0.0018308,0.0018308
96,576.635,8.12485,1.74947,1.75644,0.63582,0.46362,0.51975,0.21256,8.88746,1.73905,1.71151,0.001829,0.001829,0.001829
97,583.093,7.8969,1.68313,1.74915,0.65214,0.48366,0.54608,0.24198,8.47459,1.68632,1.70967,0.0018272,0.0018272,0.0018272
98,589.359,7.60443,1.6703,1.7823,0.62635,0.47954,0.53275,0.22689,8.85398,1.78932,1.72488,0.0018254,0.0018254,0.0018254
99,595.194,8.31619,1.66353,1.72395,0.61988,0.47241,0.52729,0.21862,9.04284,1.81372,1.72625,0.0018236,0.0018236,0.0018236
100,601.173,7.95823,1.84601,1.79173,0.67839,0.49368,0.56841,0.2595,8.35423,1.77411,1.71523,0.0018218,0.0018218,0.0018218
101,606.424,7.68896,1.67674,1.79376,0.65374,0.45671,0.53135,0.22229,8.84281,1.81473,1.71122,0.00182,0.00182,0.00182
102,612.942,8.63757,1.80183,1.77952,0.65335,0.473,0.54521,0.22767,8.82135,1.81749,1.72036,0.0018182,0.0018182,0.0018182
103,618.824,7.55385,1.68594,1.8134,0.70057,0.48078,0.56821,0.25797,8.40634,1.74782,1.71128,0.0018164,0.0018164,0.0018164
104,624.63,8.10262,1.71842,1.75909,0.66387,0.47474,0.55236,0.25189,8.40266,1.76121,1.71116,0.0018146,0.0018146,0.0018146
105,630.512,8.24054,1.7215,1.77943,0.63761,0.46981,0.53076,0.22368,8.83894,1.8395,1.71755,0.0018128,0.0018128,0.0018128
106,636.763,8.52449,1.78949,1.70101,0.66529,0.49882,0.56978,0.24739,8.6157,1.75422,1.71673,0.001811,0.001811,0.001811
107,643.091,7.72407,1.64678,1.78259,0.67222,0.49519,0.57058,0.25656,8.30312,1.71024,1.70714,0.0018092,0.0018092,0.0018092
108,649.178,7.31072,1.56088,1.74736,0.59527,0.4179,0.48392,0.20043,8.91061,1.96125,1.71533,0.0018074,0.0018074,0.0018074
109,654.973,8.02889,1.68333,1.71637,0.65104,0.43973,0.52579,0.23451,8.4314,1.86662,1.70788,0.0018056,0.0018056,0.0018056
110,660.74,8.62844,1.76579,1.70571,0.66781,0.48244,0.55975,0.2429,8.60367,1.70309,1.70835,0.0018038,0.0018038,0.0018038
111,666.295,7.95682,1.6471,1.72371,0.67551,0.50071,0.58296,0.2663,8.2371,1.63696,1.6973,0.001802,0.001802,0.001802
112,672.497,7.60078,1.63967,1.74101,0.67589,0.47556,0.57003,0.27156,7.90225,1.63563,1.69521,0.0018002,0.0018002,0.0018002
113,678.629,8.38604,1.66268,1.69698,0.67327,0.47707,0.56601,0.26414,8.09739,1.66542,1.6976,0.0017984,0.0017984,0.0017984
114,685.185,7.96536,1.60796,1.73524,0.70804,0.49368,0.58535,0.28752,7.86009,1.56581,1.69193,0.0017966,0.0017966,0.0017966
115,691.387,7.57174,1.63009,1.77687,0.70212,0.49994,0.5867,0.28161,7.93527,1.57897,1.68909,0.0017948,0.0017948,0.0017948
116,697.399,7.31402,1.55621,1.75748,0.69364,0.49629,0.5791,0.26824,8.16948,1.63325,1.69449,0.001793,0.001793,0.001793
117,703.44,7.56694,1.56657,1.74245,0.70417,0.47973,0.57211,0.26075,8.26721,1.69482,1.69517,0.0017912,0.0017912,0.0017912
118,710.037,7.9671,1.6404,1.74364,0.67071,0.44495,0.52928,0.22904,8.59402,1.85739,1.70876,0.0017894,0.0017894,0.0017894
119,715.741,8.13046,1.6549,1.73294,0.69469,0.48174,0.56757,0.25886,8.31745,1.74306,1.70273,0.0017876,0.0017876,0.0017876
120,721.862,7.68921,1.61358,1.7761,0.67643,0.50261,0.58024,0.26469,8.31921,1.71288,1.70346,0.0017858,0.0017858,0.0017858
121,727.715,7.81988,1.59024,1.74489,0.67752,0.50824,0.58521,0.27624,8.07675,1.64897,1.69612,0.001784,0.001784,0.001784
122,733.867,7.83758,1.57205,1.70813,0.65944,0.49418,0.56942,0.25211,8.5109,1.68073,1.70217,0.0017822,0.0017822,0.0017822
123,739.594,7.8695,1.57215,1.70376,0.65792,0.50829,0.5854,0.26976,8.15877,1.60786,1.69408,0.0017804,0.0017804,0.0017804
124,745.532,8.73089,1.68753,1.67418,0.65186,0.48737,0.56289,0.25296,8.44071,1.6943,1.70264,0.0017786,0.0017786,0.0017786
125,751.448,7.67552,1.58536,1.76837,0.69683,0.50686,0.59511,0.28604,7.89557,1.6241,1.69019,0.0017768,0.0017768,0.0017768
126,757.533,8.49021,1.6557,1.70588,0.62167,0.46458,0.53548,0.22821,8.87503,1.81204,1.705,0.001775,0.001775,0.001775
127,763.184,8.2198,1.68535,1.78509,0.59031,0.43301,0.49401,0.19327,9.54315,1.9102,1.72038,0.0017732,0.0017732,0.0017732
128,768.858,8.0021,1.60688,1.69936,0.69774,0.50755,0.58903,0.28235,7.93445,1.60942,1.68909,0.0017714,0.0017714,0.0017714
129,774.769,7.94369,1.61622,1.76548,0.69864,0.49629,0.57823,0.26579,8.26993,1.63907,1.69897,0.0017696,0.0017696,0.0017696
130,781.143,8.72409,1.74629,1.72044,0.67924,0.50247,0.58159,0.26583,8.2844,1.68071,1.69765,0.0017678,0.0017678,0.0017678
131,787.168,8.31119,1.73971,1.73763,0.69976,0.51002,0.59251,0.27288,8.23921,1.66276,1.69388,0.001766,0.001766,0.001766
132,793.143,7.95348,1.64035,1.69025,0.67606,0.48622,0.56677,0.25289,8.37186,1.70264,1.69605,0.0017642,0.0017642,0.0017642
133,799.182,9.10972,1.77901,1.68914,0.65358,0.47131,0.54573,0.2386,8.52526,1.77827,1.70634,0.0017624,0.0017624,0.0017624
134,805.255,7.76273,1.56549,1.6922,0.66348,0.46856,0.55444,0.26244,8.11852,1.71186,1.70014,0.0017606,0.0017606,0.0017606
135,811.056,8.60161,1.71686,1.71957,0.65563,0.46225,0.54823,0.2537,8.19757,1.74959,1.69469,0.0017588,0.0017588,0.0017588
136,817.521,8.37378,1.65587,1.70047,0.6728,0.47694,0.56952,0.26504,8.15878,1.64263,1.69821,0.001757,0.001757,0.001757
137,823.43,8.41084,1.67922,1.72233,0.67996,0.48174,0.57806,0.27428,8.00212,1.62229,1.69233,0.0017552,0.0017552,0.0017552
138,829.354,7.60306,1.59978,1.7471,0.67555,0.48996,0.57657,0.25999,8.3499,1.62955,1.69202,0.0017534,0.0017534,0.0017534
139,835.438,7.77587,1.60299,1.75597,0.69237,0.50837,0.59426,0.28248,7.99355,1.59762,1.68872,0.0017516,0.0017516,0.0017516
140,841.745,7.58779,1.62309,1.74052,0.68294,0.50988,0.58777,0.27962,7.96356,1.61046,1.69263,0.0017498,0.0017498,0.0017498
141,847.814,7.63228,1.60988,1.75669,0.72047,0.50096,0.59735,0.28687,7.79381,1.59669,1.68597,0.001748,0.001748,0.001748
142,854.207,6.99545,1.56227,1.76642,0.68576,0.47941,0.56534,0.2535,8.34938,1.70455,1.69771,0.0017462,0.0017462,0.0017462
143,860.242,8.61148,1.69897,1.73815,0.68461,0.4625,0.54767,0.24384,8.50175,1.77924,1.70335,0.0017444,0.0017444,0.0017444
144,866.291,9.20878,1.75849,1.65191,0.68947,0.48243,0.57115,0.27086,8.06949,1.66482,1.69232,0.0017426,0.0017426,0.0017426
145,872.245,8.14864,1.7029,1.72586,0.67867,0.50048,0.57829,0.26799,8.24407,1.61913,1.69188,0.0017408,0.0017408,0.0017408
146,878.486,7.92797,1.56053,1.72271,0.69831,0.50824,0.59476,0.28453,7.82639,1.57866,1.69034,0.001739,0.001739,0.001739
147,884.399,8.60566,1.73682,1.72136,0.69922,0.50645,0.59903,0.2916,7.76049,1.582,1.68947,0.0017372,0.0017372,0.0017372
148,890.488,8.40688,1.58938,1.68696,0.65069,0.4849,0.5577,0.22741,9.24238,1.75628,1.71634,0.0017354,0.0017354,0.0017354
149,896.662,8.4666,1.706,1.69765,0.69154,0.50467,0.5888,0.26713,8.36837,1.64269,1.69989,0.0017336,0.0017336,0.0017336
150,902.348,8.35044,1.66264,1.73082,0.69874,0.49822,0.58303,0.27233,8.18639,1.62326,1.70047,0.0017318,0.0017318,0.0017318
151,908.273,8.00109,1.62064,1.78656,0.67712,0.48917,0.5704,0.26964,8.13515,1.66945,1.69285,0.00173,0.00173,0.00173
152,914.175,7.8967,1.70876,1.75711,0.61531,0.46159,0.52091,0.21566,8.93058,1.78276,1.70537,0.0017282,0.0017282,0.0017282
153,920.103,8.00269,1.73083,1.81971,0.65363,0.48462,0.55423,0.23705,8.68452,1.86217,1.69594,0.0017264,0.0017264,0.0017264
154,926.342,8.13118,1.75352,1.7084,0.72517,0.50062,0.59856,0.28838,7.8025,1.94402,1.68701,0.0017246,0.0017246,0.0017246
155,931.913,7.41985,1.63202,1.74993,0.71722,0.50206,0.59749,0.28683,7.86129,1.70305,1.6883,0.0017228,0.0017228,0.0017228
156,938.282,8.47735,1.77815,1.73126,0.68729,0.4897,0.57777,0.27293,7.96291,1.63654,1.6896,0.001721,0.001721,0.001721
157,944.142,7.28424,1.66322,1.76802,0.6834,0.49668,0.58115,0.27411,7.99961,1.61582,1.6928,0.0017192,0.0017192,0.0017192
158,950.054,8.04425,1.67498,1.71069,0.66677,0.49176,0.56778,0.24753,8.52971,1.6969,1.70604,0.0017174,0.0017174,0.0017174
159,955.706,7.85817,1.5802,1.733,0.67661,0.48984,0.56878,0.25287,8.4679,1.70905,1.70482,0.0017156,0.0017156,0.0017156
160,961.665,7.28324,1.57354,1.75576,0.69821,0.49899,0.58889,0.28237,7.80188,1.59636,1.68401,0.0017138,0.0017138,0.0017138
161,967.341,8.3467,1.66201,1.70263,0.66808,0.50796,0.5889,0.28632,7.7102,1.58974,1.68209,0.001712,0.001712,0.001712
162,973.5,7.97572,1.63584,1.73237,0.6671,0.50783,0.5879,0.27849,7.95461,1.57872,1.6856,0.0017102,0.0017102,0.0017102
163,979.824,7.13774,1.50047,1.76533,0.69137,0.50755,0.5959,0.28966,7.75498,1.53942,1.687,0.0017084,0.0017084,0.0017084
164,985.541,7.0372,1.50264,1.74732,0.67557,0.49259,0.5765,0.26754,8.08013,1.62719,1.69459,0.0017066,0.0017066,0.0017066
165,990.827,8.37472,1.62374,1.71037,0.67162,0.49533,0.57639,0.25872,8.36172,1.6609,1.69991,0.0017048,0.0017048,0.0017048
166,997.308,8.18449,1.62113,1.69813,0.69238,0.53171,0.61565,0.30202,7.61451,1.50927,1.68166,0.001703,0.001703,0.001703
167,1003.42,8.25261,1.55987,1.69201,0.69363,0.52677,0.61422,0.29933,7.73417,1.52045,1.67882,0.0017012,0.0017012,0.0017012
168,1009.84,7.65938,1.59647,1.77388,0.71474,0.53803,0.62295,0.3127,7.42285,1.47439,1.67681,0.0016994,0.0016994,0.0016994
169,1015.85,7.83276,1.57286,1.7017,0.71991,0.53185,0.61975,0.31032,7.46775,1.48818,1.67788,0.0016976,0.0016976,0.0016976
170,1022.13,7.70896,1.52276,1.68254,0.71086,0.51689,0.60784,0.30324,7.54917,1.5208,1.67768,0.0016958,0.0016958,0.0016958
171,1028.02,7.2642,1.47384,1.74154,0.70024,0.51002,0.59945,0.29677,7.59786,1.53731,1.67972,0.001694,0.001694,0.001694
172,1033.8,7.62853,1.55361,1.72306,0.70084,0.51524,0.59876,0.28169,7.99618,1.595,1.68934,0.0016922,0.0016922,0.0016922
173,1039.34,7.94331,1.66806,1.76078,0.69858,0.52085,0.60077,0.28169,7.86672,1.62959,1.6885,0.0016904,0.0016904,0.0016904
174,1045.58,7.32557,1.55806,1.75282,0.70069,0.51853,0.60219,0.28124,7.98106,1.63648,1.69217,0.0016886,0.0016886,0.0016886
175,1051.58,7.85178,1.59391,1.70556,0.68655,0.51752,0.59749,0.27016,8.07477,1.62022,1.6916,0.0016868,0.0016868,0.0016868
176,1057.69,8.46052,1.67019,1.70566,0.66645,0.49973,0.57532,0.24485,8.51927,1.67536,1.70218,0.001685,0.001685,0.001685
177,1063.44,7.37485,1.58595,1.73561,0.69545,0.49574,0.5846,0.27055,8.10409,1.63264,1.69259,0.0016832,0.0016832,0.0016832
178,1069.52,7.36758,1.57527,1.76137,0.69145,0.47776,0.57039,0.2722,7.97018,1.66384,1.69186,0.0016814,0.0016814,0.0016814
179,1075.47,6.90513,1.51794,1.77754,0.70131,0.48778,0.58157,0.27393,8.06259,1.61414,1.69352,0.0016796,0.0016796,0.0016796
180,1081.64,7.66157,1.6327,1.73455,0.6796,0.5081,0.58829,0.28164,7.97693,1.60244,1.69504,0.0016778,0.0016778,0.0016778
181,1087.41,7.52394,1.57711,1.74127,0.70189,0.51016,0.60049,0.2944,7.7355,1.61065,1.68802,0.001676,0.001676,0.001676
182,1093.85,7.60561,1.59263,1.72914,0.70354,0.51085,0.6034,0.28198,8.04729,1.62365,1.68781,0.0016742,0.0016742,0.0016742
183,1099.62,9.0372,1.68717,1.6572,0.69496,0.51949,0.60092,0.27121,8.29989,1.62294,1.69191,0.0016724,0.0016724,0.0016724
184,1105.59,7.49492,1.69935,1.76109,0.70504,0.51167,0.59631,0.27574,8.02346,1.66859,1.68876,0.0016706,0.0016706,0.0016706
185,1111.42,8.01441,1.67601,1.69323,0.72789,0.51112,0.60727,0.29341,7.76179,1.59988,1.6824,0.0016688,0.0016688,0.0016688
186,1117.29,7.9927,1.58075,1.67935,0.69157,0.49945,0.5924,0.28328,8.0719,1.66326,1.68498,0.001667,0.001667,0.001667
187,1123.11,7.53971,1.63219,1.7201,0.68739,0.51277,0.60144,0.29176,7.94708,1.62415,1.681,0.0016652,0.0016652,0.0016652
188,1128.51,7.24494,1.54069,1.73646,0.69606,0.53542,0.6158,0.30769,7.58626,1.55023,1.67884,0.0016634,0.0016634,0.0016634
189,1133.88,8.08055,1.60897,1.71415,0.6819,0.52306,0.59908,0.27266,8.31076,1.62598,1.69638,0.0016616,0.0016616,0.0016616
190,1139.81,8.47074,1.57987,1.65442,0.70377,0.52554,0.61397,0.29406,7.81797,1.53097,1.68409,0.0016598,0.0016598,0.0016598
191,1145.78,7.72468,1.509,1.70236,0.7122,0.52677,0.61622,0.30044,7.65335,1.49922,1.68012,0.001658,0.001658,0.001658
192,1151.89,8.85066,1.74399,1.68403,0.67254,0.50879,0.58911,0.26411,8.38891,1.60375,1.68663,0.0016562,0.0016562,0.0016562
193,1157.8,7.95051,1.60243,1.74731,0.68204,0.51222,0.59809,0.27191,8.21978,1.57146,1.68754,0.0016544,0.0016544,0.0016544
194,1163.96,8.00686,1.63871,1.7324,0.68891,0.52595,0.60645,0.29943,7.74891,1.5229,1.68221,0.0016526,0.0016526,0.0016526
195,1169.42,8.25867,1.6431,1.68958,0.68116,0.52238,0.60198,0.28647,8.08136,1.57127,1.68918,0.0016508,0.0016508,0.0016508
196,1175.86,7.8061,1.5619,1.69928,0.67523,0.50755,0.59172,0.28992,7.76863,1.58859,1.68322,0.001649,0.001649,0.001649
197,1181.94,7.44468,1.53753,1.74384,0.69257,0.51339,0.59675,0.29259,7.71069,1.54724,1.68094,0.0016472,0.0016472,0.0016472
198,1188.24,7.63871,1.51652,1.71594,0.72758,0.51647,0.61157,0.30562,7.54209,1.48961,1.6791,0.0016454,0.0016454,0.0016454
199,1193.69,6.77842,1.46161,1.73501,0.70394,0.52348,0.60909,0.29221,7.80815,1.51356,1.68259,0.0016436,0.0016436,0.0016436
200,1199.98,7.4744,1.53184,1.73288,0.71797,0.52828,0.618,0.30589,7.48225,1.48553,1.6789,0.0016418,0.0016418,0.0016418
201,1206.11,7.86399,1.59483,1.74517,0.72018,0.52691,0.62058,0.31184,7.40374,1.47917,1.67608,0.00164,0.00164,0.00164
202,1212.17,7.38359,1.47695,1.69767,0.71705,0.52979,0.61995,0.3121,7.46432,1.48584,1.67511,0.0016382,0.0016382,0.0016382
203,1218.16,7.96015,1.52434,1.68317,0.72098,0.53103,0.62121,0.31175,7.46586,1.45711,1.67481,0.0016364,0.0016364,0.0016364
204,1223.77,7.06119,1.42205,1.73365,0.70972,0.52967,0.61681,0.31286,7.31709,1.44859,1.67136,0.0016346,0.0016346,0.0016346
205,1229.7,6.99691,1.46704,1.73735,0.71294,0.52306,0.61212,0.3106,7.30046,1.47652,1.66972,0.0016328,0.0016328,0.0016328
206,1235.77,7.31225,1.46011,1.71672,0.70146,0.52031,0.61094,0.30988,7.40741,1.47279,1.66982,0.001631,0.001631,0.001631
207,1241.21,7.04165,1.45051,1.74213,0.71793,0.52567,0.6172,0.31373,7.34973,1.45123,1.66867,0.0016292,0.0016292,0.0016292
208,1247.58,7.04084,1.4643,1.71083,0.72334,0.52677,0.62183,0.30991,7.47746,1.47317,1.67125,0.0016274,0.0016274,0.0016274
209,1253.29,7.44136,1.51451,1.68518,0.72153,0.52824,0.62292,0.30855,7.52441,1.48205,1.67222,0.0016256,0.0016256,0.0016256
210,1260.24,6.82337,1.44428,1.74905,0.72227,0.53158,0.62806,0.31094,7.49273,1.4757,1.67231,0.0016238,0.0016238,0.0016238
211,1265.91,8.04234,1.54296,1.66519,0.7132,0.53601,0.62845,0.31168,7.59371,1.49189,1.67535,0.001622,0.001622,0.001622
212,1272.27,7.66508,1.58925,1.72898,0.72385,0.52252,0.61614,0.29753,7.77095,1.52265,1.68467,0.0016202,0.0016202,0.0016202
213,1278.06,7.37278,1.48433,1.72793,0.72839,0.52348,0.62155,0.30934,7.55779,1.49867,1.67774,0.0016184,0.0016184,0.0016184
214,1284.1,8.16403,1.61715,1.68852,0.64153,0.44742,0.52205,0.20814,9.26176,1.73664,1.69777,0.0016166,0.0016166,0.0016166
215,1290.2,8.89244,1.6911,1.75634,0.66036,0.45607,0.53962,0.22578,8.84135,1.69613,1.69342,0.0016148,0.0016148,0.0016148
216,1296.18,7.52682,1.61177,1.72888,0.7203,0.48943,0.59183,0.29435,7.69615,1.55399,1.68167,0.001613,0.001613,0.001613
217,1302.18,8.2366,1.56993,1.69896,0.71382,0.49574,0.59376,0.29344,7.71705,1.54846,1.68049,0.0016112,0.0016112,0.0016112
218,1308.59,8.10278,1.54549,1.68398,0.67661,0.50261,0.58475,0.26292,8.36782,1.59707,1.68256,0.0016094,0.0016094,0.0016094
219,1314.69,7.72767,1.48585,1.6912,0.69333,0.52169,0.60784,0.29428,7.74627,1.51943,1.67311,0.0016076,0.0016076,0.0016076
220,1320.5,8.75822,1.60974,1.64644,0.71534,0.53748,0.6244,0.30453,7.55617,1.48482,1.67938,0.0016058,0.0016058,0.0016058
221,1326.6,7.6289,1.4855,1.69657,0.70958,0.54146,0.62672,0.31348,7.38633,1.45749,1.67542,0.001604,0.001604,0.001604
222,1332.84,7.90539,1.49934,1.71502,0.68417,0.51922,0.60542,0.28904,8.10034,1.54309,1.67591,0.0016022,0.0016022,0.0016022
223,1338.73,7.91387,1.52077,1.69813,0.70125,0.53171,0.62122,0.30946,7.66278,1.50188,1.67139,0.0016004,0.0016004,0.0016004
224,1344.5,7.13768,1.49612,1.77909,0.69783,0.52938,0.61611,0.30733,7.46585,1.50928,1.67526,0.0015986,0.0015986,0.0015986
225,1350.28,6.86529,1.43978,1.71602,0.68096,0.50892,0.60115,0.29865,7.65328,1.62806,1.6797,0.0015968,0.0015968,0.0015968
226,1356.57,7.95267,1.55346,1.68827,0.68662,0.50865,0.6056,0.30066,7.61199,1.61108,1.67411,0.001595,0.001595,0.001595
227,1362.74,7.48881,1.48522,1.67272,0.69705,0.51194,0.60743,0.30095,7.54191,1.62516,1.67827,0.0015932,0.0015932,0.0015932
228,1368.74,7.32216,1.47516,1.70755,0.6886,0.50121,0.59627,0.2831,7.96359,1.63028,1.67845,0.0015914,0.0015914,0.0015914
229,1374.16,7.81071,1.52932,1.67628,0.68789,0.51249,0.60317,0.29906,7.62473,1.57211,1.67376,0.0015896,0.0015896,0.0015896
230,1380.48,6.70389,1.44997,1.76542,0.72284,0.50851,0.60914,0.29908,7.7045,1.51998,1.68013,0.0015878,0.0015878,0.0015878
231,1386.52,8.75089,1.71426,1.68774,0.71451,0.51098,0.60874,0.30061,7.66561,1.5202,1.68184,0.001586,0.001586,0.001586
232,1392.61,7.25107,1.45047,1.69173,0.67611,0.51154,0.59833,0.27975,7.91273,1.5909,1.68426,0.0015842,0.0015842,0.0015842
233,1398.88,7.35591,1.49768,1.69603,0.68522,0.5162,0.60511,0.28685,7.86242,1.56633,1.68203,0.0015824,0.0015824,0.0015824
234,1404.76,7.78991,1.55671,1.70369,0.70541,0.53103,0.6238,0.31561,7.40845,1.49982,1.6712,0.0015806,0.0015806,0.0015806
235,1410.81,8.17524,1.59617,1.71381,0.70551,0.53089,0.62269,0.31344,7.44759,1.49869,1.67091,0.0015788,0.0015788,0.0015788
236,1416.63,8.17578,1.62348,1.69021,0.71678,0.53295,0.6252,0.3161,7.41693,1.43935,1.67324,0.001577,0.001577,0.001577
237,1422.72,6.63817,1.3966,1.71744,0.74289,0.52361,0.62227,0.30846,7.55718,1.4473,1.67878,0.0015752,0.0015752,0.0015752
238,1428.95,7.29898,1.4958,1.70039,0.72874,0.52964,0.62381,0.31164,7.40919,1.46148,1.67456,0.0015734,0.0015734,0.0015734
239,1434.72,8.62931,1.64736,1.6863,0.70206,0.52348,0.61417,0.29898,7.55749,1.52179,1.67258,0.0015716,0.0015716,0.0015716
240,1440.77,7.38877,1.47895,1.72229,0.69615,0.53103,0.61513,0.30927,7.53417,1.53283,1.67171,0.0015698,0.0015698,0.0015698
241,1447.02,7.20975,1.47059,1.73346,0.70982,0.53638,0.62347,0.31662,7.34925,1.48607,1.669,0.001568,0.001568,0.001568
242,1453.34,7.52774,1.52174,1.67083,0.73018,0.52273,0.61948,0.31573,7.34907,1.47784,1.66846,0.0015662,0.0015662,0.0015662
243,1459.3,7.72486,1.53069,1.71889,0.72632,0.52403,0.61998,0.31128,7.37655,1.46781,1.67045,0.0015644,0.0015644,0.0015644
244,1465.44,7.50655,1.51959,1.7079,0.71986,0.53913,0.62563,0.31153,7.42572,1.4744,1.6782,0.0015626,0.0015626,0.0015626
245,1471.2,6.65394,1.39324,1.72486,0.70801,0.54352,0.62473,0.31634,7.3521,1.45174,1.67162,0.0015608,0.0015608,0.0015608
246,1477.74,7.6909,1.51362,1.68694,0.72979,0.51503,0.6071,0.29226,7.76104,1.49067,1.67968,0.001559,0.001559,0.001559
247,1483.84,7.08241,1.46004,1.73951,0.72961,0.50728,0.60194,0.29413,7.71196,1.48607,1.68003,0.0015572,0.0015572,0.0015572
248,1489.49,7.7015,1.54606,1.7073,0.70619,0.51509,0.60779,0.3081,7.40905,1.48296,1.67202,0.0015554,0.0015554,0.0015554
249,1495.27,7.2036,1.49588,1.71456,0.70898,0.52306,0.6182,0.31762,7.26179,1.4406,1.6687,0.0015536,0.0015536,0.0015536
250,1501.81,7.28135,1.44591,1.72128,0.71935,0.53734,0.62611,0.31505,7.40255,1.45094,1.67268,0.0015518,0.0015518,0.0015518
251,1507.98,6.90095,1.42496,1.72893,0.7171,0.52677,0.62259,0.30911,7.48727,1.47919,1.6764,0.00155,0.00155,0.00155
252,1514.05,7.13496,1.43398,1.71225,0.7407,0.52745,0.62685,0.31737,7.31516,1.45918,1.67593,0.0015482,0.0015482,0.0015482
253,1519.62,8.28054,1.60112,1.66917,0.74331,0.5394,0.64003,0.32599,7.21515,1.42696,1.67189,0.0015464,0.0015464,0.0015464
254,1525.53,7.11617,1.45624,1.72199,0.68398,0.52499,0.60657,0.28081,8.09817,1.55881,1.69003,0.0015446,0.0015446,0.0015446
255,1531.51,7.69128,1.46204,1.66714,0.69193,0.52403,0.60647,0.29173,7.8104,1.56515,1.68964,0.0015428,0.0015428,0.0015428
256,1537.61,7.23359,1.43714,1.69137,0.69562,0.52169,0.60756,0.30078,7.50982,1.51231,1.68002,0.001541,0.001541,0.001541
257,1543.16,7.43118,1.48971,1.70527,0.68282,0.50934,0.59534,0.28604,7.74344,1.55516,1.67834,0.0015392,0.0015392,0.0015392
258,1550.23,7.47694,1.46087,1.70357,0.67896,0.4989,0.58925,0.27998,7.93845,1.60743,1.68081,0.0015374,0.0015374,0.0015374
259,1555.98,7.82658,1.57003,1.6815,0.71303,0.52457,0.6187,0.31368,7.40474,1.47492,1.66989,0.0015356,0.0015356,0.0015356
260,1562.32,7.42457,1.4458,1.64859,0.71277,0.52499,0.61943,0.30773,7.52991,1.50061,1.67463,0.0015338,0.0015338,0.0015338
261,1568.14,6.94205,1.43257,1.73968,0.72124,0.5291,0.62462,0.31051,7.53411,1.49231,1.67312,0.001532,0.001532,0.001532
262,1574.47,7.00182,1.41669,1.69212,0.74775,0.52279,0.62913,0.32148,7.39264,1.46176,1.66996,0.0015302,0.0015302,0.0015302
263,1580.3,6.68352,1.37918,1.70993,0.7405,0.51016,0.61889,0.31277,7.42798,1.48142,1.67183,0.0015284,0.0015284,0.0015284
264,1585.92,7.74282,1.48061,1.65339,0.7352,0.51332,0.61591,0.31441,7.40271,1.47349,1.67137,0.0015266,0.0015266,0.0015266
265,1591.37,6.97429,1.3955,1.67999,0.74447,0.50877,0.61586,0.31401,7.39939,1.46536,1.66907,0.0015248,0.0015248,0.0015248
266,1598,6.76584,1.4124,1.75777,0.73959,0.52224,0.62635,0.31731,7.38286,1.43087,1.6733,0.001523,0.001523,0.001523
267,1604.21,6.94402,1.41094,1.7277,0.72166,0.52787,0.62499,0.30993,7.61403,1.47012,1.68099,0.0015212,0.0015212,0.0015212
268,1609.97,6.74062,1.39207,1.71406,0.72392,0.52526,0.62864,0.31469,7.39239,1.46101,1.67243,0.0015194,0.0015194,0.0015194
269,1615.9,7.72106,1.50614,1.70832,0.72274,0.52894,0.62671,0.31724,7.28365,1.43714,1.6692,0.0015176,0.0015176,0.0015176
270,1622.17,7.21508,1.44203,1.68183,0.68924,0.51661,0.60419,0.29154,7.63998,1.50455,1.67017,0.0015158,0.0015158,0.0015158
271,1628.19,7.90117,1.56517,1.67295,0.68993,0.51483,0.60077,0.28854,7.7859,1.53166,1.6744,0.001514,0.001514,0.001514
272,1634.29,7.01232,1.44385,1.71569,0.72795,0.53008,0.62618,0.317,7.34188,1.43863,1.66663,0.0015122,0.0015122,0.0015122
273,1640.5,6.91125,1.48869,1.75026,0.71976,0.5291,0.62371,0.30851,7.4316,1.46159,1.66718,0.0015104,0.0015104,0.0015104
274,1646.55,7.10494,1.41929,1.70551,0.7137,0.51757,0.61602,0.29905,7.64169,1.53109,1.67239,0.0015086,0.0015086,0.0015086
275,1652.52,8.30796,1.63685,1.63425,0.72249,0.514,0.61775,0.29677,7.72503,1.56662,1.679,0.0015068,0.0015068,0.0015068
276,1658.43,7.24764,1.5106,1.73994,0.72402,0.54503,0.63944,0.32184,7.42146,1.44436,1.67137,0.001505,0.001505,0.001505
277,1663.97,6.99911,1.44016,1.68613,0.71773,0.55176,0.64352,0.32649,7.30956,1.42812,1.66927,0.0015032,0.0015032,0.0015032
278,1669.86,7.26765,1.43092,1.65703,0.70613,0.5243,0.62274,0.31075,7.5845,1.50934,1.67191,0.0015014,0.0015014,0.0015014
279,1675.55,7.11307,1.46685,1.74693,0.72866,0.52183,0.62687,0.31391,7.41193,1.46587,1.67136,0.0014996,0.0014996,0.0014996
280,1681.59,7.60438,1.57735,1.6781,0.71953,0.52689,0.63021,0.31648,7.4124,1.43526,1.67269,0.0014978,0.0014978,0.0014978
281,1687.52,7.02917,1.43425,1.72792,0.70611,0.52841,0.62489,0.31892,7.38708,1.46829,1.67197,0.001496,0.001496,0.001496
282,1693.42,7.88651,1.57294,1.69988,0.70206,0.50357,0.60096,0.28801,7.92084,1.53186,1.67539,0.0014942,0.0014942,0.0014942
283,1699.24,7.51721,1.46526,1.67859,0.70554,0.51181,0.60827,0.29662,7.68907,1.48494,1.67104,0.0014924,0.0014924,0.0014924
284,1705.52,6.63263,1.39855,1.73019,0.72539,0.51071,0.61479,0.30406,7.55442,1.49933,1.67138,0.0014906,0.0014906,0.0014906
285,1711.33,7.54046,1.49374,1.67145,0.71545,0.52674,0.6235,0.31593,7.375,1.4563,1.66782,0.0014888,0.0014888,0.0014888
286,1717.4,7.80092,1.49443,1.66643,0.69778,0.52809,0.62135,0.31489,7.48322,1.46257,1.66862,0.001487,0.001487,0.001487
287,1723.31,6.76437,1.41532,1.71784,0.70387,0.52603,0.62082,0.31559,7.459,1.4689,1.66877,0.0014852,0.0014852,0.0014852
288,1729.73,7.62937,1.5645,1.68407,0.71994,0.53572,0.63199,0.32351,7.29198,1.43452,1.66833,0.0014834,0.0014834,0.0014834
289,1735.7,6.80636,1.40775,1.7141,0.70192,0.53007,0.62316,0.3085,7.55421,1.49125,1.67055,0.0014816,0.0014816,0.0014816
290,1741.78,7.83889,1.54267,1.67907,0.71511,0.52856,0.62502,0.30951,7.54325,1.48417,1.67193,0.0014798,0.0014798,0.0014798
291,1747.58,6.9989,1.44358,1.72497,0.71973,0.5306,0.62944,0.32209,7.28092,1.43027,1.66824,0.001478,0.001478,0.001478
292,1753.86,7.97847,1.5343,1.65838,0.70996,0.53158,0.62491,0.32507,7.17209,1.41094,1.66331,0.0014762,0.0014762,0.0014762
293,1759.84,6.70318,1.3918,1.70638,0.72353,0.53666,0.62944,0.32751,7.18298,1.42035,1.6646,0.0014744,0.0014744,0.0014744
294,1766.08,7.17924,1.46558,1.70117,0.72298,0.55025,0.63965,0.3316,7.20149,1.41012,1.66504,0.0014726,0.0014726,0.0014726
295,1772.29,7.9053,1.556,1.67998,0.73021,0.54697,0.63987,0.32243,7.37896,1.45984,1.66764,0.0014708,0.0014708,0.0014708
296,1778.58,7.54528,1.48454,1.69335,0.71406,0.5482,0.63708,0.31897,7.38579,1.45221,1.66877,0.001469,0.001469,0.001469
297,1784.31,7.16609,1.47373,1.69323,0.70688,0.5346,0.62952,0.31982,7.35444,1.45913,1.66755,0.0014672,0.0014672,0.0014672
298,1790.23,6.62214,1.39152,1.7407,0.72418,0.52238,0.62458,0.319,7.36394,1.44435,1.66694,0.0014654,0.0014654,0.0014654
299,1796.22,7.4186,1.46389,1.69299,0.72212,0.52444,0.62321,0.31695,7.35543,1.42524,1.66662,0.0014636,0.0014636,0.0014636
300,1802.04,6.95376,1.38856,1.66574,0.76079,0.5291,0.63499,0.32556,7.22459,1.4119,1.6682,0.0014618,0.0014618,0.0014618
301,1807.84,7.16195,1.50507,1.72933,0.75897,0.52499,0.63113,0.31576,7.39407,1.4361,1.67191,0.00146,0.00146,0.00146
302,1814.02,7.18376,1.42299,1.69262,0.7316,0.53364,0.62953,0.31626,7.31464,1.42347,1.66566,0.0014582,0.0014582,0.0014582
303,1820.48,7.79603,1.53022,1.69167,0.72723,0.53075,0.62546,0.31533,7.34989,1.42615,1.66726,0.0014564,0.0014564,0.0014564
304,1826.6,7.61916,1.45488,1.69288,0.73389,0.51985,0.62187,0.31287,7.43267,1.44925,1.66674,0.0014546,0.0014546,0.0014546
305,1832.76,6.8637,1.43382,1.74891,0.72293,0.51771,0.61737,0.3063,7.52158,1.47013,1.66561,0.0014528,0.0014528,0.0014528
306,1838.78,7.32098,1.45885,1.71139,0.74265,0.5243,0.62117,0.31473,7.42513,1.45148,1.67265,0.001451,0.001451,0.001451
307,1844.6,7.68152,1.51236,1.66695,0.73952,0.52658,0.62206,0.31534,7.45662,1.45096,1.6703,0.0014492,0.0014492,0.0014492
308,1850.51,7.08177,1.42712,1.70735,0.73069,0.53005,0.62617,0.31317,7.40379,1.43195,1.66765,0.0014474,0.0014474,0.0014474
309,1856.3,6.68872,1.38654,1.75005,0.7278,0.5374,0.62938,0.32319,7.23485,1.41397,1.66419,0.0014456,0.0014456,0.0014456
310,1862.6,7.77144,1.50933,1.67806,0.72768,0.52897,0.62527,0.31271,7.48858,1.44749,1.6668,0.0014438,0.0014438,0.0014438
311,1868.28,7.34038,1.48472,1.74224,0.71857,0.53171,0.62431,0.31043,7.54178,1.46505,1.67245,0.001442,0.001442,0.001442
312,1874.07,7.69703,1.48425,1.67819,0.73283,0.5335,0.63139,0.3197,7.32487,1.43015,1.66743,0.0014402,0.0014402,0.0014402
313,1880.15,7.02266,1.45348,1.72748,0.72696,0.53515,0.63412,0.32414,7.2437,1.43576,1.66753,0.0014384,0.0014384,0.0014384
314,1885.97,7.64959,1.51973,1.68313,0.71479,0.52828,0.62446,0.31653,7.40467,1.45402,1.66545,0.0014366,0.0014366,0.0014366
315,1892.07,7.28311,1.50766,1.72683,0.72344,0.53617,0.63392,0.32321,7.27989,1.4179,1.66349,0.0014348,0.0014348,0.0014348
316,1897.8,7.61687,1.49406,1.69803,0.75121,0.53748,0.64282,0.33758,7.06235,1.36634,1.66148,0.001433,0.001433,0.001433
317,1903.91,7.41235,1.47197,1.65675,0.71401,0.54599,0.63859,0.33383,7.06065,1.38625,1.66187,0.0014312,0.0014312,0.0014312
318,1910.31,7.20774,1.41741,1.69687,0.70059,0.53903,0.63,0.33236,7.09288,1.44426,1.66133,0.0014294,0.0014294,0.0014294
319,1916.93,7.21112,1.43197,1.6694,0.71688,0.54541,0.63667,0.33454,7.08374,1.38704,1.66072,0.0014276,0.0014276,0.0014276
320,1922.81,8.20235,1.55691,1.6553,0.7177,0.54309,0.63596,0.32411,7.30134,1.40368,1.66516,0.0014258,0.0014258,0.0014258
321,1928.36,6.69215,1.40704,1.7541,0.74488,0.54174,0.64668,0.33457,7.16133,1.39646,1.66236,0.001424,0.001424,0.001424
322,1934.76,7.95913,1.5553,1.67862,0.73462,0.52869,0.63621,0.32779,7.23355,1.42046,1.66216,0.0014222,0.0014222,0.0014222
323,1940.61,8.33666,1.55843,1.66132,0.72968,0.5291,0.63345,0.33266,7.1671,1.39501,1.6603,0.0014204,0.0014204,0.0014204
324,1946.53,7.32276,1.48508,1.67543,0.72379,0.53666,0.63205,0.32617,7.21723,1.39652,1.6635,0.0014186,0.0014186,0.0014186
325,1952.1,6.65252,1.33877,1.69411,0.71269,0.53704,0.6308,0.32648,7.22787,1.40524,1.66264,0.0014168,0.0014168,0.0014168
326,1958.55,7.37532,1.46154,1.68659,0.73345,0.54888,0.64262,0.33064,7.15538,1.38211,1.66295,0.001415,0.001415,0.001415
327,1965.09,6.79148,1.3497,1.70975,0.74285,0.54134,0.64029,0.33044,7.12686,1.37696,1.66204,0.0014132,0.0014132,0.0014132
328,1971.26,6.89331,1.40127,1.69023,0.74087,0.5405,0.64103,0.33067,7.15436,1.39313,1.66234,0.0014114,0.0014114,0.0014114
329,1977.02,6.29342,1.32255,1.72179,0.74553,0.53281,0.63855,0.32447,7.26912,1.42726,1.66312,0.0014096,0.0014096,0.0014096
330,1983.22,6.99796,1.37244,1.67303,0.73036,0.5346,0.63751,0.33206,7.08255,1.40658,1.661,0.0014078,0.0014078,0.0014078
331,1989.79,6.59117,1.37151,1.7392,0.72014,0.53899,0.63642,0.33199,7.09519,1.39894,1.66107,0.001406,0.001406,0.001406
332,1996.2,6.46676,1.36634,1.74196,0.71661,0.53048,0.62907,0.32626,7.19933,1.47903,1.6654,0.0014042,0.0014042,0.0014042
333,2001.78,7.06478,1.38994,1.67446,0.71149,0.53324,0.6285,0.32235,7.29772,1.46833,1.668,0.0014024,0.0014024,0.0014024
334,2007.74,7.02102,1.43174,1.69652,0.71824,0.54297,0.63472,0.32242,7.32277,1.44662,1.67298,0.0014006,0.0014006,0.0014006
335,2013.69,6.93152,1.41673,1.69686,0.72847,0.54599,0.63933,0.32622,7.27559,1.4485,1.6723,0.0013988,0.0013988,0.0013988
336,2019.61,6.69804,1.37175,1.72747,0.71769,0.53501,0.6281,0.31238,7.53995,1.51077,1.67247,0.001397,0.001397,0.001397
337,2025.57,7.85116,1.49991,1.64987,0.72871,0.53693,0.63317,0.3234,7.28266,1.46432,1.6687,0.0013952,0.0013952,0.0013952
338,2031.06,7.58914,1.48381,1.67293,0.7321,0.54136,0.6341,0.32604,7.22606,1.40789,1.66817,0.0013934,0.0013934,0.0013934
339,2036.7,7.51984,1.46378,1.67006,0.73406,0.53158,0.62846,0.32255,7.26637,1.43405,1.66806,0.0013916,0.0013916,0.0013916
340,2042.55,7.57097,1.46466,1.65844,0.73448,0.53089,0.62706,0.32252,7.29765,1.43033,1.6674,0.0013898,0.0013898,0.0013898
341,2048.76,7.46636,1.46309,1.68371,0.73638,0.53158,0.62824,0.32512,7.2356,1.41491,1.66795,0.001388,0.001388,0.001388
342,2055.1,7.50256,1.49216,1.69514,0.75124,0.53144,0.63827,0.33,7.19128,1.3866,1.66514,0.0013862,0.0013862,0.0013862
343,2061.11,6.79353,1.36071,1.69081,0.73149,0.53819,0.63695,0.32442,7.32366,1.39397,1.66787,0.0013844,0.0013844,0.0013844
344,2066.56,6.8952,1.4262,1.6947,0.7536,0.54846,0.65141,0.34137,7.02715,1.3603,1.66075,0.0013826,0.0013826,0.0013826
345,2072.44,6.99422,1.42295,1.728,0.755,0.5372,0.64718,0.34199,7.00564,1.36051,1.66056,0.0013808,0.0013808,0.0013808
346,2078.57,6.82014,1.3662,1.70838,0.72926,0.54137,0.63792,0.32901,7.21474,1.3895,1.66298,0.001379,0.001379,0.001379
347,2084.45,7.3037,1.40756,1.66302,0.7362,0.54119,0.63883,0.32389,7.30419,1.40419,1.66511,0.0013772,0.0013772,0.0013772
348,2090.27,7.3616,1.44992,1.65956,0.73062,0.54028,0.63855,0.33639,7.00054,1.37629,1.65709,0.0013754,0.0013754,0.0013754
349,2096.09,6.52705,1.34792,1.70203,0.73259,0.54119,0.63942,0.33383,7.04404,1.39921,1.65563,0.0013736,0.0013736,0.0013736
350,2102.37,6.43394,1.32715,1.71472,0.7313,0.54517,0.63882,0.33462,7.0819,1.38408,1.65697,0.0013718,0.0013718,0.0013718
351,2108.08,7.45903,1.46752,1.66664,0.73161,0.54337,0.63915,0.33677,7.01402,1.37334,1.65596,0.00137,0.00137,0.00137
352,2113.91,6.58417,1.33212,1.71382,0.7328,0.53577,0.63273,0.32627,7.217,1.43203,1.66328,0.0013682,0.0013682,0.0013682
353,2119.62,7.01562,1.38377,1.68793,0.72481,0.53789,0.63469,0.32974,7.16139,1.45698,1.66242,0.0013664,0.0013664,0.0013664
354,2126.26,7.14792,1.42041,1.67978,0.7371,0.55313,0.64989,0.33948,7.02328,1.3921,1.65666,0.0013646,0.0013646,0.0013646
355,2132.22,8.5986,1.58665,1.62031,0.73348,0.55189,0.64516,0.33443,7.0611,1.37375,1.65697,0.0013628,0.0013628,0.0013628
356,2137.79,7.84824,1.50238,1.63795,0.74202,0.54668,0.64069,0.33061,7.12174,1.37193,1.65822,0.001361,0.001361,0.001361
357,2143.62,7.75562,1.48664,1.64988,0.73661,0.54036,0.63696,0.33241,7.14764,1.38297,1.65938,0.0013592,0.0013592,0.0013592
358,2149.53,6.35813,1.30555,1.69912,0.71113,0.53264,0.62466,0.30728,7.55024,1.47408,1.66429,0.0013574,0.0013574,0.0013574
359,2155.66,7.09402,1.39454,1.65269,0.73613,0.53556,0.63558,0.32627,7.25112,1.41971,1.66019,0.0013556,0.0013556,0.0013556
360,2162.06,7.31178,1.43572,1.65068,0.73633,0.54517,0.64099,0.33422,7.15565,1.37293,1.66082,0.0013538,0.0013538,0.0013538
361,2168.21,7.26823,1.40255,1.66033,0.72696,0.53693,0.6325,0.32151,7.3413,1.39724,1.66566,0.001352,0.001352,0.001352
362,2174.47,7.22126,1.41729,1.66843,0.7585,0.53251,0.64047,0.33824,6.97434,1.34333,1.65645,0.0013502,0.0013502,0.0013502
363,2179.96,7.91589,1.45458,1.62544,0.74041,0.53748,0.63909,0.33604,7.03189,1.34348,1.65657,0.0013484,0.0013484,0.0013484
364,2185.88,8.23455,1.54806,1.63623,0.72258,0.53405,0.62911,0.31602,7.41276,1.39158,1.66258,0.0013466,0.0013466,0.0013466
365,2191.44,6.9903,1.39429,1.69209,0.75672,0.5335,0.64,0.33337,7.12449,1.36255,1.6588,0.0013448,0.0013448,0.0013448
366,2197.49,7.77317,1.47272,1.63355,0.76403,0.53431,0.64148,0.33207,7.1131,1.35862,1.65885,0.001343,0.001343,0.001343
367,2203.58,6.94953,1.39805,1.65399,0.76088,0.53638,0.64116,0.33272,7.03949,1.36211,1.65736,0.0013412,0.0013412,0.0013412
368,2209.6,7.33572,1.39836,1.66326,0.74871,0.54321,0.64605,0.33611,7.06773,1.35456,1.65783,0.0013394,0.0013394,0.0013394
369,2215.42,6.19697,1.2988,1.71019,0.731,0.54208,0.63785,0.3296,7.1586,1.36751,1.66156,0.0013376,0.0013376,0.0013376
370,2221.45,7.31793,1.39689,1.67567,0.76927,0.53487,0.64537,0.33538,7.07165,1.35743,1.65826,0.0013358,0.0013358,0.0013358
371,2227.03,7.08983,1.39699,1.68726,0.74751,0.5372,0.63564,0.32662,7.16401,1.37854,1.65942,0.001334,0.001334,0.001334
372,2232.76,6.78732,1.35896,1.68564,0.72786,0.52348,0.62113,0.31944,7.21718,1.42816,1.66228,0.0013322,0.0013322,0.0013322
373,2238.42,6.44537,1.33575,1.71211,0.73744,0.52746,0.62515,0.32326,7.19906,1.40935,1.66404,0.0013304,0.0013304,0.0013304
374,2244.49,7.58366,1.41144,1.6688,0.71247,0.52416,0.61705,0.31753,7.31157,1.43374,1.66704,0.0013286,0.0013286,0.0013286
375,2250.13,7.4174,1.44181,1.7011,0.70652,0.5291,0.62074,0.31972,7.30968,1.43261,1.66572,0.0013268,0.0013268,0.0013268
376,2255.88,7.29612,1.44429,1.68564,0.73369,0.54239,0.63749,0.33212,7.20289,1.37954,1.66192,0.001325,0.001325,0.001325
377,2261.45,6.6563,1.34153,1.68292,0.75071,0.54407,0.64358,0.34092,6.98554,1.3487,1.65599,0.0013232,0.0013232,0.0013232
378,2267.51,7.13115,1.37941,1.66625,0.7507,0.54846,0.64711,0.33581,7.06262,1.35254,1.65878,0.0013214,0.0013214,0.0013214
379,2273.01,6.75483,1.35632,1.69449,0.74544,0.55409,0.64918,0.33901,7.01252,1.33169,1.65791,0.0013196,0.0013196,0.0013196
380,2278.26,6.95373,1.37587,1.66184,0.7268,0.54132,0.63688,0.34417,6.8792,1.35181,1.65315,0.0013178,0.0013178,0.0013178
381,2283.87,7.2466,1.41901,1.64104,0.73152,0.54053,0.63951,0.34279,6.88776,1.35446,1.65406,0.001316,0.001316,0.001316
382,2290.17,6.21324,1.35229,1.7364,0.7289,0.54874,0.64409,0.34617,6.92614,1.35058,1.65301,0.0013142,0.0013142,0.0013142
383,2296.38,7.68881,1.46542,1.67545,0.73314,0.5545,0.64991,0.34671,6.95915,1.34607,1.65439,0.0013124,0.0013124,0.0013124
384,2302.78,7.10082,1.33946,1.68317,0.746,0.5536,0.65362,0.34156,6.99973,1.35405,1.65544,0.0013106,0.0013106,0.0013106
385,2308.56,7.02139,1.37081,1.67926,0.74629,0.54338,0.64725,0.33937,7.01097,1.36576,1.65659,0.0013088,0.0013088,0.0013088
386,2314.61,7.65077,1.43689,1.64944,0.74185,0.53432,0.63804,0.33829,6.97849,1.37993,1.65786,0.001307,0.001307,0.001307
387,2320.44,7.1128,1.38792,1.66539,0.74263,0.53202,0.6351,0.33515,7.0005,1.38155,1.65792,0.0013052,0.0013052,0.0013052
388,2325.94,7.02798,1.37434,1.68573,0.74651,0.54337,0.64515,0.33857,7.00344,1.34217,1.65728,0.0013034,0.0013034,0.0013034
389,2331.48,6.33237,1.3114,1.72526,0.73975,0.54846,0.64684,0.33592,7.09156,1.36487,1.65926,0.0013016,0.0013016,0.0013016
390,2337.77,6.61399,1.34681,1.70265,0.7278,0.53885,0.63823,0.33373,7.15706,1.4694,1.66255,0.0012998,0.0012998,0.0012998
391,2343.67,7.19926,1.39235,1.65743,0.71968,0.53926,0.63672,0.3348,7.11277,1.48057,1.6605,0.001298,0.001298,0.001298
392,2349.62,7.56266,1.39729,1.65576,0.73642,0.5534,0.64764,0.3461,6.96258,1.35769,1.65681,0.0012962,0.0012962,0.0012962
393,2355.25,7.69286,1.46711,1.63921,0.74319,0.54827,0.6479,0.34164,7.02424,1.34002,1.6563,0.0012944,0.0012944,0.0012944
394,2361.63,6.95253,1.37401,1.70204,0.74697,0.54544,0.64743,0.34151,7.00237,1.33636,1.65489,0.0012926,0.0012926,0.0012926
395,2367.52,7.13891,1.43738,1.67293,0.74312,0.54434,0.6458,0.34098,7.02731,1.33716,1.65463,0.0012908,0.0012908,0.0012908
396,2373.38,7.16585,1.40445,1.65556,0.73049,0.53955,0.63752,0.33254,7.11206,1.35293,1.65507,0.001289,0.001289,0.001289
397,2378.7,6.72871,1.33688,1.68206,0.73252,0.53679,0.63575,0.33483,7.05175,1.34789,1.65507,0.0012872,0.0012872,0.0012872
398,2384.8,6.14962,1.29581,1.69052,0.74286,0.53226,0.63727,0.33323,7.08979,1.35329,1.65697,0.0012854,0.0012854,0.0012854
399,2390,7.12103,1.38757,1.66202,0.73057,0.52897,0.63259,0.32233,7.27947,1.37552,1.65974,0.0012836,0.0012836,0.0012836
400,2395.9,7.56182,1.44945,1.66371,0.74436,0.54365,0.64352,0.33724,7.1226,1.35485,1.65725,0.0012818,0.0012818,0.0012818
401,2401.36,6.87316,1.31117,1.66288,0.72738,0.5383,0.63459,0.32127,7.36994,1.37682,1.65743,0.00128,0.00128,0.00128
402,2407.52,7.04015,1.38513,1.67632,0.73916,0.53995,0.641,0.33465,7.08629,1.35885,1.65566,0.0012782,0.0012782,0.0012782
403,2413.23,7.19078,1.43116,1.70889,0.74552,0.53432,0.63941,0.33826,7.00277,1.35854,1.65743,0.0012764,0.0012764,0.0012764
404,2418.98,6.58302,1.3498,1.71387,0.73403,0.53007,0.6317,0.32356,7.22562,1.41876,1.66043,0.0012746,0.0012746,0.0012746
405,2424.99,5.99662,1.30725,1.70307,0.74262,0.53254,0.63515,0.33327,7.06166,1.38591,1.65666,0.0012728,0.0012728,0.0012728
406,2431.4,6.67164,1.322,1.67121,0.7432,0.5453,0.64455,0.3377,7.0448,1.34618,1.6561,0.001271,0.001271,0.001271
407,2437.45,6.67632,1.36193,1.70638,0.75984,0.5534,0.65375,0.34636,6.92537,1.32826,1.65355,0.0012692,0.0012692,0.0012692
408,2443.48,7.78762,1.48544,1.67897,0.74895,0.55327,0.64995,0.3436,7.01062,1.34691,1.65545,0.0012674,0.0012674,0.0012674
409,2449.38,6.566,1.33621,1.70203,0.74698,0.55725,0.65219,0.34599,6.94643,1.32238,1.65574,0.0012656,0.0012656,0.0012656
410,2455.65,6.6232,1.30541,1.71007,0.74691,0.54695,0.64948,0.3415,6.95987,1.3411,1.65674,0.0012638,0.0012638,0.0012638
411,2461.67,6.91167,1.34483,1.66223,0.74355,0.54493,0.64819,0.34265,6.90815,1.34853,1.65524,0.001262,0.001262,0.001262
412,2467.57,6.60847,1.34789,1.69446,0.75863,0.54942,0.65061,0.33948,7.00372,1.34966,1.65721,0.0012602,0.0012602,0.0012602
413,2473.57,6.89775,1.36675,1.6937,0.75919,0.54915,0.64917,0.33743,7.06783,1.35527,1.65836,0.0012584,0.0012584,0.0012584
414,2479.68,6.9178,1.35795,1.68116,0.76703,0.54421,0.64986,0.34575,6.9178,1.32542,1.65589,0.0012566,0.0012566,0.0012566
415,2485.46,6.87023,1.37776,1.66348,0.76101,0.53885,0.64724,0.34488,6.90106,1.31947,1.65337,0.0012548,0.0012548,0.0012548
416,2491.7,6.91444,1.37702,1.70157,0.7513,0.54288,0.64303,0.33716,7.05712,1.34263,1.65755,0.001253,0.001253,0.001253
417,2497.77,7.11879,1.39865,1.69522,0.75083,0.54359,0.64293,0.33614,7.12128,1.35461,1.65741,0.0012512,0.0012512,0.0012512
418,2503.78,7.17024,1.39574,1.67634,0.72477,0.53652,0.6386,0.32809,7.24208,1.39926,1.65696,0.0012494,0.0012494,0.0012494
419,2509.51,7.08273,1.39589,1.69424,0.70803,0.53213,0.62839,0.3089,7.59056,1.4463,1.66249,0.0012476,0.0012476,0.0012476
420,2515.79,6.92358,1.3705,1.70256,0.72319,0.54791,0.64147,0.33455,7.11337,1.37347,1.65791,0.0012458,0.0012458,0.0012458
421,2521.64,6.58386,1.32539,1.70048,0.74344,0.54422,0.64609,0.34344,6.95591,1.34757,1.65393,0.001244,0.001244,0.001244
422,2528.21,7.10806,1.40549,1.69393,0.73249,0.54366,0.64331,0.33538,7.06476,1.36528,1.65329,0.0012422,0.0012422,0.0012422
423,2534.05,7.17187,1.38258,1.69116,0.72566,0.54846,0.64451,0.33774,7.06181,1.36931,1.65373,0.0012404,0.0012404,0.0012404
424,2540.36,6.29172,1.29855,1.711,0.72851,0.54654,0.64381,0.345,6.91258,1.3576,1.65385,0.0012386,0.0012386,0.0012386
425,2546.42,7.39997,1.44118,1.63009,0.72718,0.5464,0.64445,0.34511,6.92165,1.34302,1.65331,0.0012368,0.0012368,0.0012368
426,2553.1,6.80374,1.39255,1.66403,0.73689,0.55367,0.6496,0.34756,6.91382,1.33238,1.65542,0.001235,0.001235,0.001235
427,2559,7.08382,1.39661,1.68487,0.74689,0.55286,0.65136,0.34555,6.94413,1.34411,1.65546,0.0012332,0.0012332,0.0012332
428,2565.19,6.49198,1.32554,1.70371,0.72623,0.54372,0.6391,0.337,7.00532,1.35412,1.65439,0.0012314,0.0012314,0.0012314
429,2571.34,7.0126,1.40044,1.67246,0.75093,0.53528,0.64272,0.34483,6.89948,1.32958,1.65345,0.0012296,0.0012296,0.0012296
430,2577.26,7.49444,1.39799,1.66557,0.73644,0.53899,0.64187,0.34788,6.82974,1.33424,1.65232,0.0012278,0.0012278,0.0012278
431,2583.21,6.78378,1.32236,1.6785,0.73182,0.53611,0.64177,0.34462,6.88882,1.34663,1.65494,0.001226,0.001226,0.001226
432,2589.42,7.163,1.39508,1.67554,0.74302,0.54833,0.65346,0.35241,6.87811,1.33656,1.65447,0.0012242,0.0012242,0.0012242
433,2595.36,6.71631,1.33669,1.68454,0.74114,0.54901,0.65118,0.35046,6.87223,1.33393,1.65359,0.0012224,0.0012224,0.0012224
434,2601.46,6.28477,1.27657,1.69054,0.75324,0.5486,0.65094,0.35267,6.82732,1.31393,1.65262,0.0012206,0.0012206,0.0012206
435,2607.65,7.12842,1.37027,1.67403,0.74756,0.5517,0.65164,0.35011,6.9118,1.31943,1.65367,0.0012188,0.0012188,0.0012188
436,2613.73,6.99012,1.3559,1.67135,0.75237,0.55986,0.66103,0.35477,6.85856,1.30885,1.6513,0.001217,0.001217,0.001217
437,2619.34,6.83496,1.38159,1.67058,0.75075,0.55821,0.66196,0.35474,6.8404,1.32055,1.65151,0.0012152,0.0012152,0.0012152
438,2625.11,6.94325,1.32797,1.66139,0.73871,0.55519,0.65466,0.35333,6.86353,1.35129,1.65098,0.0012134,0.0012134,0.0012134
439,2631.25,6.66388,1.3111,1.69869,0.7433,0.54984,0.65231,0.35111,6.90384,1.356,1.65166,0.0012116,0.0012116,0.0012116
440,2637.46,7.33803,1.4005,1.63847,0.74971,0.55958,0.65428,0.35196,6.8373,1.30686,1.65308,0.0012098,0.0012098,0.0012098
441,2643.2,7.35341,1.44309,1.69053,0.74484,0.55785,0.65284,0.34928,6.87804,1.31361,1.65409,0.001208,0.001208,0.001208
442,2649.51,6.1016,1.3045,1.70613,0.75627,0.55711,0.65811,0.34779,6.9539,1.33356,1.65427,0.0012062,0.0012062,0.0012062
443,2655.69,6.09897,1.28559,1.71517,0.75938,0.55437,0.65576,0.34652,6.92991,1.33759,1.65207,0.0012044,0.0012044,0.0012044
444,2661.75,6.84309,1.33692,1.69994,0.75849,0.55577,0.6528,0.34713,6.93076,1.33485,1.65409,0.0012026,0.0012026,0.0012026
445,2667.82,7.11562,1.37026,1.66365,0.7569,0.55533,0.65134,0.34373,7.0103,1.33298,1.65587,0.0012008,0.0012008,0.0012008
446,2674.09,7.33968,1.44783,1.64051,0.76161,0.54709,0.64857,0.34219,7.01623,1.33126,1.6564,0.001199,0.001199,0.001199
447,2680.05,6.58566,1.35354,1.71321,0.76706,0.55217,0.65218,0.34805,6.90724,1.31375,1.65336,0.0011972,0.0011972,0.0011972
448,2685.84,6.50262,1.28467,1.67054,0.7679,0.55148,0.65658,0.34973,6.86711,1.30232,1.651,0.0011954,0.0011954,0.0011954
449,2691.61,6.73127,1.37966,1.72516,0.77263,0.53883,0.65263,0.34713,6.8939,1.31242,1.65014,0.0011936,0.0011936,0.0011936
450,2698,6.85836,1.32677,1.65969,0.75472,0.5556,0.65464,0.34449,6.95228,1.3212,1.65358,0.0011918,0.0011918,0.0011918
451,2703.72,6.84323,1.34042,1.66907,0.7622,0.5452,0.65086,0.34411,6.97738,1.31984,1.65427,0.00119,0.00119,0.00119
452,2709.77,7.91004,1.45423,1.62478,0.74797,0.54215,0.64794,0.34634,6.89128,1.33585,1.65171,0.0011882,0.0011882,0.0011882
453,2716.01,6.42318,1.27428,1.69796,0.74684,0.54242,0.64979,0.34608,6.89269,1.34257,1.65122,0.0011864,0.0011864,0.0011864
454,2722.52,6.48885,1.30109,1.68236,0.74524,0.54709,0.65551,0.35237,6.82159,1.32917,1.6488,0.0011846,0.0011846,0.0011846
455,2728.19,6.74018,1.30388,1.65552,0.73618,0.54859,0.65506,0.35209,6.82731,1.32918,1.64999,0.0011828,0.0011828,0.0011828
456,2734.15,6.39949,1.32113,1.69109,0.74911,0.5534,0.65773,0.35354,6.8169,1.31472,1.65076,0.001181,0.001181,0.001181
457,2740.33,6.90722,1.35399,1.7005,0.753,0.5486,0.65642,0.35339,6.80658,1.3101,1.6499,0.0011792,0.0011792,0.0011792
458,2746.32,6.88505,1.33105,1.68029,0.75664,0.54984,0.65464,0.35453,6.79065,1.30645,1.64774,0.0011774,0.0011774,0.0011774
459,2752.09,7.14435,1.40087,1.66056,0.75416,0.55003,0.65506,0.35443,6.78333,1.30887,1.64884,0.0011756,0.0011756,0.0011756
460,2758.16,6.94368,1.39646,1.68277,0.73524,0.55656,0.65492,0.35392,6.75806,1.34263,1.64823,0.0011738,0.0011738,0.0011738
461,2763.45,6.97084,1.41858,1.6596,0.74268,0.56306,0.66072,0.3558,6.76537,1.31718,1.64826,0.001172,0.001172,0.001172
462,2769.57,6.99326,1.35193,1.64119,0.76137,0.56658,0.66398,0.35855,6.7674,1.30833,1.65047,0.0011702,0.0011702,0.0011702
463,2775.74,7.12906,1.46095,1.64595,0.74759,0.55848,0.656,0.35015,6.91202,1.31641,1.65271,0.0011684,0.0011684,0.0011684
464,2782.24,6.58443,1.2827,1.65948,0.74769,0.5475,0.65098,0.34728,6.91634,1.31532,1.65296,0.0011666,0.0011666,0.0011666
465,2788.22,6.55371,1.31671,1.69593,0.75612,0.54952,0.65644,0.35245,6.85479,1.30907,1.65184,0.0011648,0.0011648,0.0011648
466,2794.5,6.24324,1.25442,1.69812,0.74821,0.55423,0.65523,0.35771,6.77448,1.32343,1.64756,0.001163,0.001163,0.001163
467,2800.32,7.12308,1.34361,1.66602,0.75418,0.55305,0.65874,0.36002,6.78074,1.31077,1.64707,0.0011612,0.0011612,0.0011612
468,2806.18,6.9954,1.36392,1.65131,0.7609,0.55958,0.66326,0.35844,6.73286,1.29388,1.64543,0.0011594,0.0011594,0.0011594
469,2811.93,6.7056,1.31752,1.69112,0.75732,0.56082,0.66219,0.35691,6.73776,1.29689,1.64646,0.0011576,0.0011576,0.0011576
470,2818.03,6.89447,1.33444,1.65742,0.75332,0.56516,0.66407,0.3577,6.81121,1.3152,1.64815,0.0011558,0.0011558,0.0011558
471,2824.24,6.44291,1.30713,1.68315,0.75817,0.56452,0.66515,0.35895,6.76382,1.30909,1.64762,0.001154,0.001154,0.001154
472,2830.23,6.5995,1.31415,1.6824,0.73914,0.5545,0.6532,0.35268,6.83452,1.34819,1.64906,0.0011522,0.0011522,0.0011522
473,2836.14,7.06517,1.35697,1.66113,0.73618,0.55135,0.65011,0.35115,6.85568,1.36506,1.65069,0.0011504,0.0011504,0.0011504
474,2842.38,7.57107,1.38574,1.66016,0.74174,0.55123,0.65213,0.34547,6.9273,1.35186,1.6525,0.0011486,0.0011486,0.0011486
475,2848.21,7.58704,1.40478,1.65667,0.74023,0.54997,0.6518,0.34334,7.01845,1.35717,1.65341,0.0011468,0.0011468,0.0011468
476,2853.95,7.57786,1.4423,1.65699,0.75788,0.54942,0.65782,0.35068,6.87607,1.33315,1.64997,0.001145,0.001145,0.001145
477,2859.77,6.82229,1.35966,1.6894,0.75671,0.55409,0.66085,0.35309,6.85765,1.3302,1.64878,0.0011432,0.0011432,0.0011432
478,2866.02,5.74376,1.21333,1.70922,0.74401,0.55162,0.65569,0.34793,6.94102,1.35544,1.64828,0.0011414,0.0011414,0.0011414
479,2872.04,6.12813,1.23718,1.68375,0.75318,0.55635,0.6615,0.35379,6.80998,1.32839,1.64719,0.0011396,0.0011396,0.0011396
480,2877.79,6.75384,1.32456,1.66192,0.75681,0.55327,0.66031,0.3515,6.83217,1.31917,1.64729,0.0011378,0.0011378,0.0011378
481,2883.89,6.99341,1.33193,1.64229,0.7582,0.55533,0.66016,0.35257,6.82718,1.31474,1.64644,0.001136,0.001136,0.001136
482,2890.11,7.21396,1.41328,1.65935,0.77167,0.55643,0.6611,0.35964,6.6896,1.28804,1.6452,0.0011342,0.0011342,0.0011342
483,2895.96,7.11207,1.39961,1.65752,0.75246,0.55588,0.65487,0.34981,6.81447,1.30788,1.64598,0.0011324,0.0011324,0.0011324
484,2902.21,5.94487,1.22837,1.7274,0.74223,0.56082,0.65593,0.34997,6.87148,1.32773,1.64696,0.0011306,0.0011306,0.0011306
485,2907.81,7.32161,1.42652,1.65533,0.76804,0.55848,0.66199,0.35462,6.79772,1.31284,1.64683,0.0011288,0.0011288,0.0011288
486,2913.91,6.60496,1.28828,1.68546,0.75583,0.56205,0.66244,0.3583,6.74902,1.29706,1.64583,0.001127,0.001127,0.001127
487,2919.85,6.75225,1.35461,1.6722,0.76468,0.56479,0.66522,0.35931,6.74615,1.28948,1.64587,0.0011252,0.0011252,0.0011252
488,2925.41,6.28205,1.25374,1.68096,0.75066,0.55752,0.65968,0.35745,6.72157,1.28997,1.6463,0.0011234,0.0011234,0.0011234
489,2931.32,6.25108,1.23026,1.68433,0.75768,0.5589,0.66233,0.35665,6.7551,1.29957,1.64796,0.0011216,0.0011216,0.0011216
490,2937.6,7.01023,1.3446,1.66434,0.75807,0.55821,0.65942,0.35324,6.87856,1.3389,1.6547,0.0011198,0.0011198,0.0011198
491,2943.2,6.68751,1.30041,1.65244,0.74301,0.54778,0.65001,0.34728,6.91056,1.36532,1.65286,0.001118,0.001118,0.001118
492,2948.83,7.46516,1.42032,1.65249,0.72877,0.5404,0.6371,0.33741,6.97372,1.37671,1.65476,0.0011162,0.0011162,0.0011162
493,2954.85,6.59251,1.32336,1.69274,0.75023,0.55093,0.65063,0.34729,6.806,1.32062,1.6525,0.0011144,0.0011144,0.0011144
494,2960.73,7.4584,1.43318,1.66948,0.74463,0.55437,0.65024,0.34356,6.92815,1.31956,1.65223,0.0011126,0.0011126,0.0011126
495,2966.8,6.99506,1.34402,1.65012,0.73212,0.54599,0.64435,0.34349,6.89956,1.33001,1.65185,0.0011108,0.0011108,0.0011108
496,2972.38,6.32731,1.27348,1.67339,0.74268,0.55656,0.65751,0.35517,6.7517,1.31313,1.64707,0.001109,0.001109,0.001109
497,2977.84,6.77675,1.35209,1.67869,0.75397,0.56292,0.66439,0.36074,6.71038,1.29653,1.64739,0.0011072,0.0011072,0.0011072
498,2984.06,6.14837,1.27617,1.7215,0.75513,0.56393,0.66458,0.36221,6.68121,1.28555,1.64428,0.0011054,0.0011054,0.0011054
499,2990.18,7.09681,1.35529,1.65262,0.75766,0.56096,0.66615,0.36481,6.6616,1.28227,1.64416,0.0011036,0.0011036,0.0011036
500,2996.7,7.2232,1.456,1.66327,0.76434,0.55313,0.66484,0.36581,6.66303,1.28624,1.64423,0.0011018,0.0011018,0.0011018
501,3002.35,6.58792,1.2949,1.66512,0.75502,0.55588,0.66259,0.36318,6.70574,1.29474,1.64432,0.0011,0.0011,0.0011
502,3008.4,6.92997,1.34801,1.65238,0.75924,0.54984,0.66159,0.36098,6.72979,1.30388,1.64408,0.0010982,0.0010982,0.0010982
503,3014.61,6.49101,1.31993,1.67618,0.75447,0.55313,0.66142,0.36092,6.72709,1.3114,1.64295,0.0010964,0.0010964,0.0010964
504,3020.37,7.28837,1.3546,1.63767,0.76663,0.55653,0.66334,0.36181,6.68957,1.29598,1.64483,0.0010946,0.0010946,0.0010946
505,3026.36,6.13941,1.24688,1.6959,0.76502,0.54791,0.65823,0.35646,6.74996,1.30204,1.64764,0.0010928,0.0010928,0.0010928
506,3032.64,7.00488,1.3546,1.65562,0.75887,0.54283,0.65549,0.35266,6.80004,1.31323,1.64734,0.001091,0.001091,0.001091
507,3038.38,6.59346,1.24258,1.65458,0.74864,0.54913,0.6529,0.34961,6.83825,1.32613,1.64693,0.0010892,0.0010892,0.0010892
508,3044.49,7.32599,1.38059,1.64039,0.75251,0.54226,0.65252,0.35316,6.77538,1.32272,1.64494,0.0010874,0.0010874,0.0010874
509,3050.47,6.69501,1.28513,1.68006,0.74531,0.54462,0.64778,0.35196,6.82391,1.32226,1.64448,0.0010856,0.0010856,0.0010856
510,3056.31,6.68737,1.32185,1.65277,0.75786,0.55038,0.65238,0.35116,6.78029,1.30533,1.64458,0.0010838,0.0010838,0.0010838
511,3062.3,7.03823,1.35211,1.66593,0.75515,0.54791,0.65023,0.35371,6.72641,1.29725,1.64456,0.001082,0.001082,0.001082
512,3068.08,7.33668,1.44547,1.64958,0.75535,0.54517,0.64979,0.35285,6.77375,1.31295,1.64773,0.0010802,0.0010802,0.0010802
513,3074.29,6.74051,1.30257,1.69072,0.76145,0.54253,0.64843,0.3494,6.83695,1.32211,1.64908,0.0010784,0.0010784,0.0010784
514,3080.11,6.65385,1.31462,1.67653,0.7635,0.55395,0.65501,0.35344,6.73701,1.30243,1.64661,0.0010766,0.0010766,0.0010766
515,3086.06,6.89705,1.36235,1.65462,0.76151,0.55945,0.65773,0.35456,6.72713,1.3089,1.64545,0.0010748,0.0010748,0.0010748
516,3092.69,6.09187,1.30487,1.75961,0.74989,0.5635,0.66324,0.36021,6.67424,1.29357,1.6455,0.001073,0.001073,0.001073
517,3098.77,6.75983,1.36918,1.70457,0.7479,0.55766,0.66222,0.36024,6.70933,1.30573,1.64472,0.0010712,0.0010712,0.0010712
518,3104.92,7.04112,1.33867,1.62415,0.75373,0.55807,0.66196,0.35574,6.81337,1.31561,1.64772,0.0010694,0.0010694,0.0010694
519,3110.57,6.27153,1.30115,1.72413,0.74965,0.55581,0.65699,0.3491,6.92168,1.32524,1.65201,0.0010676,0.0010676,0.0010676
520,3116.73,6.25078,1.24611,1.67036,0.75001,0.5589,0.65821,0.35579,6.76346,1.29999,1.6485,0.0010658,0.0010658,0.0010658
521,3122.39,6.50002,1.2865,1.67116,0.75475,0.55972,0.66258,0.35632,6.74325,1.30286,1.64623,0.001064,0.001064,0.001064
522,3128.41,6.76125,1.34072,1.66369,0.75398,0.56423,0.66563,0.36209,6.69507,1.29292,1.64387,0.0010622,0.0010622,0.0010622
523,3134.06,7.01751,1.38078,1.65281,0.75544,0.56755,0.66834,0.3648,6.65004,1.2946,1.64281,0.0010604,0.0010604,0.0010604
524,3139.89,7.06414,1.38975,1.6883,0.74992,0.56607,0.66443,0.36189,6.71729,1.30728,1.64475,0.0010586,0.0010586,0.0010586
525,3145.86,6.81172,1.33107,1.69075,0.75744,0.56329,0.66731,0.36406,6.69735,1.29231,1.64628,0.0010568,0.0010568,0.0010568
526,3152.03,7.09386,1.35574,1.64414,0.7517,0.56274,0.6625,0.3626,6.6657,1.29113,1.64574,0.001055,0.001055,0.001055
527,3158.32,7.11728,1.35015,1.62475,0.75397,0.56715,0.663,0.36045,6.70803,1.29661,1.64667,0.0010532,0.0010532,0.0010532
528,3164.2,6.74832,1.34747,1.62705,0.75302,0.56645,0.6656,0.36233,6.66937,1.29224,1.64586,0.0010514,0.0010514,0.0010514
529,3169.94,6.77233,1.34384,1.66862,0.74833,0.56619,0.66242,0.35946,6.66302,1.282,1.64581,0.0010496,0.0010496,0.0010496
530,3176.02,6.36856,1.2609,1.67436,0.75432,0.56301,0.66238,0.35479,6.76856,1.29641,1.647,0.0010478,0.0010478,0.0010478
531,3181.63,6.76419,1.30359,1.67284,0.75427,0.5578,0.66168,0.35442,6.83901,1.30621,1.64793,0.001046,0.001046,0.001046
532,3187.79,6.01092,1.24074,1.67933,0.74635,0.56604,0.66632,0.36312,6.70453,1.30378,1.64524,0.0010442,0.0010442,0.0010442
533,3193.75,6.99488,1.3356,1.63881,0.74711,0.55643,0.66379,0.35976,6.77805,1.31771,1.64738,0.0010424,0.0010424,0.0010424
534,3200.06,7.25002,1.41921,1.62941,0.74285,0.54848,0.65618,0.35474,6.83759,1.35685,1.64774,0.0010406,0.0010406,0.0010406
535,3205.94,6.3451,1.24048,1.65996,0.74271,0.5497,0.65706,0.35746,6.78725,1.3491,1.64692,0.0010388,0.0010388,0.0010388
536,3211.44,7.00138,1.33607,1.6611,0.75732,0.54311,0.65525,0.35876,6.6667,1.28951,1.64418,0.001037,0.001037,0.001037
537,3217,6.73082,1.32968,1.66468,0.76825,0.55024,0.66161,0.36179,6.61978,1.26832,1.64264,0.0010352,0.0010352,0.0010352
538,3223.3,7.03724,1.38797,1.65037,0.76996,0.54222,0.6551,0.3527,6.77122,1.30469,1.64413,0.0010334,0.0010334,0.0010334
539,3229.23,6.79514,1.31603,1.6984,0.77046,0.55038,0.66032,0.35843,6.66655,1.28097,1.64146,0.0010316,0.0010316,0.0010316
540,3235.37,6.63706,1.30537,1.65875,0.76369,0.55502,0.65902,0.35924,6.67879,1.28075,1.64191,0.0010298,0.0010298,0.0010298
541,3241.05,7.38709,1.43056,1.60716,0.75738,0.55714,0.65808,0.35796,6.72692,1.28351,1.64289,0.001028,0.001028,0.001028
542,3246.93,6.52146,1.2935,1.68314,0.764,0.54267,0.65108,0.35557,6.69288,1.28067,1.64499,0.0010262,0.0010262,0.0010262
543,3252.92,7.19846,1.40547,1.63781,0.77543,0.53624,0.65017,0.35382,6.70709,1.28921,1.64624,0.0010244,0.0010244,0.0010244
544,3258.37,7.23447,1.38242,1.63835,0.77321,0.54379,0.65584,0.35405,6.76019,1.30659,1.64609,0.0010226,0.0010226,0.0010226
545,3264.01,7.9632,1.46222,1.62716,0.78002,0.55162,0.66135,0.3577,6.75622,1.30188,1.64468,0.0010208,0.0010208,0.0010208
546,3270.01,6.89676,1.37938,1.68881,0.77849,0.55862,0.66409,0.36557,6.57642,1.28341,1.6396,0.001019,0.001019,0.001019
547,3276,6.72198,1.30906,1.65027,0.76874,0.56054,0.66387,0.36673,6.54889,1.275,1.63948,0.0010172,0.0010172,0.0010172
548,3281.87,7.88241,1.47321,1.60292,0.75371,0.55972,0.66079,0.36001,6.65194,1.29429,1.64118,0.0010154,0.0010154,0.0010154
549,3287.42,6.55664,1.28492,1.67495,0.75288,0.56439,0.66291,0.36323,6.59677,1.27953,1.63999,0.0010136,0.0010136,0.0010136
550,3293.68,6.75173,1.33046,1.66919,0.75987,0.5587,0.66327,0.36022,6.66485,1.2911,1.64025,0.0010118,0.0010118,0.0010118
551,3299.55,5.85968,1.1919,1.6743,0.76416,0.55828,0.6635,0.3603,6.67818,1.29798,1.64198,0.00101,0.00101,0.00101
552,3305.6,6.65021,1.29855,1.66537,0.76238,0.55983,0.66462,0.36406,6.63158,1.27745,1.64236,0.0010082,0.0010082,0.0010082
553,3311.57,6.33953,1.28364,1.67621,0.75405,0.55656,0.66148,0.36095,6.68449,1.28811,1.64153,0.0010064,0.0010064,0.0010064
554,3317.29,7.48945,1.43323,1.61957,0.76042,0.5473,0.6582,0.36004,6.65454,1.29564,1.64143,0.0010046,0.0010046,0.0010046
555,3322.87,6.1359,1.25314,1.67114,0.75973,0.5487,0.65844,0.35894,6.6452,1.29095,1.64318,0.0010028,0.0010028,0.0010028
556,3328.94,6.95934,1.36457,1.65661,0.7511,0.5456,0.65649,0.36106,6.65077,1.3067,1.64274,0.001001,0.001001,0.001001
557,3334.99,6.18909,1.26455,1.71246,0.75404,0.54572,0.65658,0.35937,6.68152,1.31395,1.64363,0.0009992,0.0009992,0.0009992
558,3341.24,7.24021,1.37352,1.63122,0.77168,0.5556,0.66593,0.36242,6.64456,1.29291,1.64387,0.0009974,0.0009974,0.0009974
559,3347.09,6.89825,1.36529,1.64533,0.75166,0.55711,0.66104,0.35565,6.73498,1.31143,1.64534,0.0009956,0.0009956,0.0009956
560,3352.78,6.72735,1.30072,1.66364,0.76134,0.55917,0.66441,0.35974,6.67601,1.29022,1.64569,0.0009938,0.0009938,0.0009938
561,3358.93,7.41347,1.42753,1.6524,0.77203,0.55437,0.66363,0.35916,6.71285,1.2883,1.6456,0.000992,0.000992,0.000992
562,3365.43,7.33497,1.40059,1.65047,0.74423,0.55958,0.66104,0.35866,6.73657,1.2861,1.64457,0.0009902,0.0009902,0.0009902
563,3371.21,6.31934,1.23493,1.67116,0.73789,0.55972,0.65733,0.35681,6.76457,1.29439,1.64417,0.0009884,0.0009884,0.0009884
564,3377.22,6.34989,1.2393,1.64041,0.75079,0.56704,0.6683,0.3639,6.71647,1.28947,1.64351,0.0009866,0.0009866,0.0009866
565,3383.33,5.6985,1.21548,1.68328,0.74875,0.56741,0.67037,0.3646,6.73461,1.29342,1.64341,0.0009848,0.0009848,0.0009848
566,3389.91,6.02184,1.25386,1.67956,0.76265,0.5729,0.67419,0.3687,6.62,1.27319,1.64096,0.000983,0.000983,0.000983
567,3396.13,6.42782,1.26521,1.66424,0.77259,0.57317,0.67419,0.36773,6.63374,1.27041,1.64159,0.0009812,0.0009812,0.0009812
568,3401.94,6.4033,1.26574,1.64253,0.77471,0.57235,0.6743,0.36981,6.57301,1.25808,1.64124,0.0009794,0.0009794,0.0009794
569,3407.95,6.90527,1.34573,1.66677,0.75781,0.57359,0.67158,0.36251,6.72016,1.28037,1.64374,0.0009776,0.0009776,0.0009776
570,3414.48,6.27298,1.24167,1.69006,0.75708,0.57163,0.66909,0.36254,6.68181,1.28327,1.64327,0.0009758,0.0009758,0.0009758
571,3420.53,6.29629,1.2511,1.66093,0.7638,0.56604,0.66866,0.36505,6.60486,1.27456,1.64183,0.000974,0.000974,0.000974
572,3426.74,6.26302,1.23042,1.67791,0.75749,0.55661,0.66422,0.36361,6.64231,1.29198,1.64367,0.0009722,0.0009722,0.0009722
573,3432.67,6.49667,1.27792,1.64734,0.75947,0.55766,0.66413,0.36261,6.64665,1.27854,1.64379,0.0009704,0.0009704,0.0009704
574,3438.75,6.88389,1.33216,1.63567,0.74877,0.56068,0.66209,0.36125,6.63334,1.27001,1.6427,0.0009686,0.0009686,0.0009686
575,3444.56,6.26998,1.24052,1.7009,0.74744,0.56041,0.66139,0.36488,6.55948,1.27097,1.64087,0.0009668,0.0009668,0.0009668
576,3450.53,6.50447,1.30295,1.67206,0.75813,0.56521,0.66761,0.36925,6.54797,1.26245,1.63946,0.000965,0.000965,0.000965
577,3456.93,6.1492,1.24273,1.70973,0.76323,0.56467,0.66822,0.36896,6.56378,1.25344,1.63897,0.0009632,0.0009632,0.0009632
578,3462.88,7.71183,1.41876,1.59243,0.75784,0.56067,0.66571,0.36716,6.57772,1.25789,1.6398,0.0009614,0.0009614,0.0009614
579,3468.77,6.31555,1.23531,1.65584,0.75952,0.55933,0.66519,0.36788,6.58465,1.27085,1.64008,0.0009596,0.0009596,0.0009596
580,3474.76,6.75425,1.27675,1.62904,0.76209,0.55675,0.66699,0.36779,6.65018,1.29695,1.63955,0.0009578,0.0009578,0.0009578
581,3480.95,7.11354,1.34349,1.64902,0.76457,0.55776,0.66862,0.36846,6.6277,1.28746,1.63908,0.000956,0.000956,0.000956
582,3486.8,6.45794,1.25743,1.6291,0.75289,0.5751,0.67386,0.36933,6.64341,1.26792,1.63873,0.0009542,0.0009542,0.0009542
583,3492.73,6.97892,1.37295,1.63638,0.74287,0.5707,0.6668,0.36457,6.64149,1.26791,1.64043,0.0009524,0.0009524,0.0009524
584,3499.24,6.50683,1.27145,1.64842,0.73758,0.56562,0.66451,0.36511,6.62529,1.26359,1.64174,0.0009506,0.0009506,0.0009506
585,3505.44,6.4169,1.25389,1.6786,0.74843,0.56323,0.66507,0.366,6.60527,1.2601,1.64209,0.0009488,0.0009488,0.0009488
586,3511.71,5.9221,1.20259,1.67572,0.73542,0.5545,0.65684,0.35899,6.70851,1.29091,1.64465,0.000947,0.000947,0.000947
587,3518.16,7.06416,1.35231,1.62181,0.72998,0.55505,0.65563,0.35547,6.73843,1.3006,1.64486,0.0009452,0.0009452,0.0009452
588,3524.5,6.20292,1.24935,1.67138,0.73336,0.56041,0.65663,0.35597,6.74663,1.28769,1.64412,0.0009434,0.0009434,0.0009434
589,3530.44,5.83669,1.18226,1.67555,0.74763,0.5615,0.6624,0.36085,6.70341,1.2725,1.64135,0.0009416,0.0009416,0.0009416
590,3536.54,5.88157,1.18598,1.67633,0.76494,0.56113,0.66695,0.3654,6.62027,1.26794,1.63953,0.0009398,0.0009398,0.0009398
591,3542.17,6.00981,1.22106,1.67444,0.75663,0.55957,0.66518,0.36597,6.62867,1.27863,1.63937,0.000938,0.000938,0.000938
592,3548.1,6.979,1.31659,1.6188,0.75335,0.55903,0.66547,0.36931,6.6383,1.29302,1.63913,0.0009362,0.0009362,0.0009362
593,3553.81,6.15366,1.21922,1.6753,0.75158,0.56247,0.66944,0.36974,6.61496,1.29515,1.64136,0.0009344,0.0009344,0.0009344
594,3559.91,7.07486,1.30941,1.6036,0.75365,0.56533,0.67087,0.37282,6.50793,1.27459,1.63873,0.0009326,0.0009326,0.0009326
595,3566.18,7.30766,1.42441,1.61977,0.7599,0.56864,0.67427,0.3736,6.49953,1.26712,1.63844,0.0009308,0.0009308,0.0009308
596,3571.97,6.54852,1.32986,1.66699,0.77409,0.56604,0.67754,0.3685,6.57758,1.26081,1.63839,0.000929,0.000929,0.000929
597,3577.98,6.97493,1.3554,1.64612,0.76319,0.56356,0.67281,0.36791,6.59795,1.26463,1.63853,0.0009272,0.0009272,0.0009272
598,3583.8,6.08606,1.25024,1.64914,0.77048,0.56247,0.67353,0.36887,6.57691,1.25909,1.63921,0.0009254,0.0009254,0.0009254
599,3590.08,6.56215,1.25579,1.63482,0.76577,0.5637,0.67243,0.3692,6.5721,1.26051,1.6389,0.0009236,0.0009236,0.0009236
600,3596.12,5.86715,1.16061,1.66744,0.76379,0.56713,0.67379,0.37135,6.54324,1.24884,1.63801,0.0009218,0.0009218,0.0009218
601,3601.36,6.71684,1.27667,1.6472,0.77476,0.56619,0.67617,0.3717,6.51284,1.25127,1.6374,0.00092,0.00092,0.00092
602,3607.52,6.44007,1.25297,1.66123,0.76101,0.57098,0.67356,0.36778,6.58357,1.26968,1.64049,0.0009182,0.0009182,0.0009182
603,3613.46,6.67421,1.28154,1.66339,0.76303,0.56823,0.67127,0.36478,6.65921,1.28713,1.64209,0.0009164,0.0009164,0.0009164
604,3619.52,6.00979,1.23406,1.67564,0.76302,0.56452,0.66901,0.3675,6.57938,1.2956,1.63925,0.0009146,0.0009146,0.0009146
605,3624.97,6.62399,1.31011,1.65366,0.76615,0.55997,0.66756,0.36791,6.58939,1.30391,1.63897,0.0009128,0.0009128,0.0009128
606,3631.08,6.20055,1.24488,1.65229,0.76548,0.55835,0.66536,0.36685,6.61873,1.30227,1.63944,0.000911,0.000911,0.000911
607,3636.64,7.27553,1.35604,1.62847,0.76181,0.55848,0.66487,0.3656,6.65482,1.29472,1.63902,0.0009092,0.0009092,0.0009092
608,3642.63,6.2618,1.24733,1.66335,0.77484,0.56686,0.67268,0.37155,6.58302,1.26473,1.63882,0.0009074,0.0009074,0.0009074
609,3648.28,6.41521,1.26778,1.67257,0.77692,0.56324,0.67298,0.37266,6.5806,1.26335,1.63932,0.0009056,0.0009056,0.0009056
610,3654.44,6.26643,1.25008,1.65372,0.74816,0.5659,0.66854,0.36912,6.62253,1.27428,1.63978,0.0009038,0.0009038,0.0009038
611,3660.44,7.56979,1.36688,1.5863,0.75818,0.57291,0.67484,0.37263,6.57802,1.2634,1.63915,0.000902,0.000902,0.000902
612,3666.63,6.3596,1.22459,1.67323,0.7713,0.57249,0.6757,0.37027,6.5909,1.25091,1.64141,0.0009002,0.0009002,0.0009002
613,3672.37,6.46582,1.27203,1.63384,0.77066,0.56823,0.67434,0.37256,6.5651,1.24745,1.64197,0.0008984,0.0008984,0.0008984
614,3678.7,6.42414,1.28311,1.65853,0.76754,0.56288,0.67215,0.36858,6.63365,1.26046,1.64204,0.0008966,0.0008966,0.0008966
615,3684.7,6.86302,1.3706,1.66224,0.76329,0.56399,0.67058,0.36966,6.58841,1.26023,1.64069,0.0008948,0.0008948,0.0008948
616,3691.46,6.55413,1.32223,1.67575,0.75644,0.56154,0.66655,0.36856,6.59335,1.26321,1.64101,0.000893,0.000893,0.000893
617,3696.94,7.10183,1.41072,1.62865,0.7665,0.55848,0.66846,0.36932,6.59968,1.26607,1.64165,0.0008912,0.0008912,0.0008912
618,3703.25,6.72201,1.29108,1.66879,0.77283,0.56507,0.67204,0.37222,6.54378,1.25572,1.64125,0.0008894,0.0008894,0.0008894
619,3709.26,6.65449,1.33021,1.65459,0.7685,0.56511,0.66946,0.37091,6.57305,1.26395,1.64078,0.0008876,0.0008876,0.0008876
620,3715.44,6.80178,1.28296,1.63297,0.77088,0.56351,0.67131,0.36715,6.63849,1.25265,1.63918,0.0008858,0.0008858,0.0008858
621,3721.11,5.90776,1.2316,1.69764,0.76885,0.5696,0.67187,0.37169,6.52031,1.24541,1.63848,0.000884,0.000884,0.000884
622,3727.71,6.85323,1.34309,1.66864,0.76953,0.56063,0.669,0.36982,6.5468,1.25723,1.63956,0.0008822,0.0008822,0.0008822
623,3733.42,6.18749,1.24344,1.66455,0.76467,0.56207,0.66957,0.37312,6.51388,1.25424,1.63773,0.0008804,0.0008804,0.0008804
624,3739.19,6.07177,1.2302,1.66517,0.76076,0.56219,0.66716,0.36967,6.58043,1.26205,1.6403,0.0008786,0.0008786,0.0008786
625,3745.08,5.96061,1.21418,1.68857,0.76454,0.55395,0.66313,0.36693,6.58907,1.2705,1.64136,0.0008768,0.0008768,0.0008768
626,3751.25,6.66248,1.27675,1.66195,0.76171,0.56084,0.66697,0.37056,6.50563,1.26863,1.64074,0.000875,0.000875,0.000875
627,3757,6.34382,1.28952,1.68468,0.77435,0.56109,0.67168,0.37167,6.54648,1.26511,1.64066,0.0008732,0.0008732,0.0008732
628,3762.86,7.85999,1.45045,1.59521,0.77851,0.56205,0.67566,0.37243,6.54475,1.25443,1.63697,0.0008714,0.0008714,0.0008714
629,3768.99,6.78925,1.32187,1.6596,0.79078,0.55917,0.67629,0.37285,6.52009,1.24988,1.63666,0.0008696,0.0008696,0.0008696
630,3775.16,7.6724,1.42862,1.59515,0.79265,0.55272,0.67058,0.37323,6.50619,1.24215,1.63666,0.0008678,0.0008678,0.0008678
631,3780.34,6.98572,1.32369,1.63567,0.78596,0.55574,0.67141,0.37116,6.55819,1.24265,1.63807,0.000866,0.000866,0.000866
632,3786.08,6.43806,1.274,1.64981,0.78474,0.56288,0.67512,0.37513,6.49305,1.23296,1.63847,0.0008642,0.0008642,0.0008642
633,3791.88,5.99028,1.20811,1.685,0.78632,0.56126,0.67425,0.3744,6.50114,1.23978,1.63924,0.0008624,0.0008624,0.0008624
634,3798.34,6.34713,1.2417,1.65981,0.78057,0.55752,0.66823,0.36247,6.67211,1.26788,1.6428,0.0008606,0.0008606,0.0008606
635,3804.57,6.89775,1.32038,1.6522,0.76648,0.5556,0.66387,0.36028,6.70286,1.27819,1.64322,0.0008588,0.0008588,0.0008588
636,3810.83,7.68222,1.40313,1.5879,0.77198,0.55172,0.66449,0.36505,6.60347,1.27744,1.6418,0.000857,0.000857,0.000857
637,3816.99,6.0816,1.24146,1.68388,0.77421,0.55711,0.6702,0.36761,6.58815,1.27018,1.64149,0.0008552,0.0008552,0.0008552
638,3822.86,6.21212,1.26568,1.70871,0.76771,0.56082,0.67132,0.3696,6.59011,1.27716,1.64082,0.0008534,0.0008534,0.0008534
639,3828.5,6.59129,1.27369,1.6359,0.76506,0.55927,0.66849,0.36782,6.57849,1.27005,1.64064,0.0008516,0.0008516,0.0008516
640,3834.39,6.70753,1.30012,1.60446,0.76204,0.56576,0.67047,0.36998,6.54572,1.24387,1.64138,0.0008498,0.0008498,0.0008498
641,3840.2,6.08883,1.20832,1.66797,0.75048,0.56736,0.66814,0.37011,6.55721,1.23981,1.64202,0.000848,0.000848,0.000848
642,3846.21,5.99708,1.19189,1.64922,0.74912,0.56406,0.66808,0.36762,6.60806,1.25725,1.64001,0.0008462,0.0008462,0.0008462
643,3852.36,6.04688,1.20591,1.66357,0.75944,0.55903,0.66902,0.37025,6.58095,1.258,1.63994,0.0008444,0.0008444,0.0008444
644,3857.98,6.61471,1.2634,1.64197,0.76001,0.56068,0.66739,0.3681,6.63149,1.26168,1.63745,0.0008426,0.0008426,0.0008426
645,3863.72,6.55029,1.27815,1.6452,0.77516,0.56041,0.67207,0.37248,6.5798,1.25012,1.63725,0.0008408,0.0008408,0.0008408
646,3869.6,6.16084,1.21375,1.65091,0.77229,0.56727,0.67542,0.37319,6.60351,1.25401,1.63726,0.000839,0.000839,0.000839
647,3875.34,6.6535,1.29735,1.65197,0.76303,0.56098,0.66975,0.36887,6.66997,1.26093,1.63631,0.0008372,0.0008372,0.0008372
648,3881.04,6.96962,1.31633,1.62769,0.75881,0.56713,0.66934,0.37252,6.54438,1.24323,1.63588,0.0008354,0.0008354,0.0008354
649,3886.73,6.44393,1.27406,1.63529,0.76371,0.56531,0.67065,0.37423,6.4896,1.23761,1.63611,0.0008336,0.0008336,0.0008336
650,3893.37,6.23593,1.21264,1.66297,0.76456,0.56356,0.6732,0.37306,6.54943,1.24767,1.63653,0.0008318,0.0008318,0.0008318
651,3899.25,6.78125,1.29138,1.6575,0.75956,0.56864,0.67395,0.37673,6.50919,1.24092,1.63576,0.00083,0.00083,0.00083
652,3905.61,6.9572,1.30681,1.64168,0.76139,0.57139,0.67695,0.37732,6.48499,1.24157,1.63494,0.0008282,0.0008282,0.0008282
653,3911.49,5.88238,1.19382,1.6917,0.7522,0.5707,0.6732,0.37615,6.49318,1.2383,1.63513,0.0008264,0.0008264,0.0008264
654,3917.46,6.99169,1.30949,1.61861,0.75787,0.57109,0.67518,0.37578,6.47747,1.22755,1.63483,0.0008246,0.0008246,0.0008246
655,3923.46,5.93265,1.22265,1.69088,0.76179,0.5707,0.67472,0.37572,6.4869,1.22708,1.63489,0.0008228,0.0008228,0.0008228
656,3929.2,6.17821,1.21903,1.66061,0.7602,0.56823,0.66981,0.37394,6.50547,1.23257,1.63555,0.000821,0.000821,0.000821
657,3935,5.91163,1.19206,1.67382,0.75974,0.56576,0.66928,0.37385,6.48134,1.23011,1.63558,0.0008192,0.0008192,0.0008192
658,3940.72,6.85778,1.33855,1.6276,0.75497,0.56192,0.66657,0.37279,6.48437,1.23033,1.6345,0.0008174,0.0008174,0.0008174
659,3946.68,5.66676,1.19351,1.70704,0.75593,0.55658,0.66395,0.37037,6.51836,1.24039,1.63523,0.0008156,0.0008156,0.0008156
660,3952.8,6.39517,1.22593,1.62687,0.75364,0.56247,0.6662,0.37506,6.45547,1.23626,1.63509,0.0008138,0.0008138,0.0008138
661,3959.16,5.92189,1.19661,1.66544,0.7567,0.56446,0.67006,0.3772,6.42895,1.22957,1.63499,0.000812,0.000812,0.000812
662,3965.74,6.14578,1.25407,1.68852,0.76766,0.56233,0.67267,0.37364,6.46986,1.22862,1.63421,0.0008102,0.0008102,0.0008102
663,3971.2,6.26869,1.26276,1.62194,0.77241,0.55818,0.67067,0.37297,6.48858,1.23301,1.63249,0.0008084,0.0008084,0.0008084
664,3977.48,5.86262,1.18629,1.64419,0.75157,0.55588,0.65964,0.3602,6.72525,1.28848,1.636,0.0008066,0.0008066,0.0008066
665,3983.07,6.17902,1.23082,1.65165,0.75181,0.55768,0.6615,0.36411,6.67397,1.28128,1.63725,0.0008048,0.0008048,0.0008048
666,3988.84,5.85143,1.18791,1.66571,0.75095,0.55719,0.65811,0.36015,6.68973,1.28812,1.63843,0.000803,0.000803,0.000803
667,3994.19,6.11785,1.17134,1.62383,0.75216,0.5615,0.66158,0.36331,6.6205,1.2763,1.63615,0.0008012,0.0008012,0.0008012
668,3999.96,6.28471,1.2465,1.63736,0.76832,0.56183,0.66761,0.36924,6.53312,1.25723,1.63408,0.0007994,0.0007994,0.0007994
669,4005.6,6.58115,1.26559,1.64875,0.76767,0.56439,0.6712,0.37157,6.50959,1.2482,1.6349,0.0007976,0.0007976,0.0007976
670,4011.5,6.9227,1.32394,1.62035,0.76461,0.5668,0.67247,0.37569,6.43565,1.23619,1.6343,0.0007958,0.0007958,0.0007958
671,4017.61,6.52022,1.27622,1.64853,0.75936,0.57056,0.67262,0.37641,6.44122,1.24039,1.63459,0.000794,0.000794,0.000794
672,4023.87,5.72146,1.18254,1.67051,0.76125,0.56604,0.67124,0.37693,6.45651,1.25329,1.63519,0.0007922,0.0007922,0.0007922
673,4029.61,7.21559,1.3637,1.63479,0.76762,0.56521,0.67375,0.37674,6.46682,1.24764,1.63515,0.0007904,0.0007904,0.0007904
674,4035.53,6.52193,1.29311,1.64279,0.76515,0.56044,0.66842,0.3739,6.4516,1.23464,1.63427,0.0007886,0.0007886,0.0007886
675,4041.44,7.10703,1.33564,1.61602,0.76985,0.55566,0.66463,0.36938,6.51825,1.24182,1.63617,0.0007868,0.0007868,0.0007868
676,4047.44,5.71843,1.16348,1.66048,0.78265,0.54544,0.66212,0.36479,6.60628,1.25274,1.6391,0.000785,0.000785,0.000785
677,4053.55,6.18843,1.251,1.64749,0.77158,0.55217,0.66359,0.36424,6.60498,1.25622,1.63948,0.0007832,0.0007832,0.0007832
678,4060.28,5.80507,1.20174,1.6942,0.75045,0.5524,0.66012,0.36231,6.64396,1.29658,1.63914,0.0007814,0.0007814,0.0007814
679,4065.94,6.3603,1.24493,1.64684,0.75019,0.5545,0.66267,0.36544,6.60514,1.29796,1.63737,0.0007796,0.0007796,0.0007796
680,4071.67,5.88898,1.18333,1.65672,0.75946,0.56914,0.67138,0.37164,6.4984,1.26082,1.63602,0.0007778,0.0007778,0.0007778
681,4077.49,6.74884,1.27923,1.61193,0.75372,0.56988,0.67059,0.36907,6.56446,1.26049,1.63672,0.000776,0.000776,0.000776
682,4083.62,6.29726,1.20688,1.64133,0.7554,0.56474,0.66525,0.36362,6.63925,1.25704,1.63698,0.0007742,0.0007742,0.0007742
683,4089.74,6.31458,1.22585,1.65401,0.75332,0.56557,0.6656,0.36709,6.54174,1.24538,1.63581,0.0007724,0.0007724,0.0007724
684,4096,6.73202,1.31882,1.62538,0.75838,0.56343,0.66515,0.36817,6.50593,1.24316,1.63591,0.0007706,0.0007706,0.0007706
685,4102.27,5.98873,1.2282,1.68721,0.75407,0.57043,0.6687,0.37164,6.47909,1.23734,1.6351,0.0007688,0.0007688,0.0007688
686,4108.43,6.93084,1.28587,1.63298,0.75424,0.57217,0.67599,0.37581,6.48825,1.24425,1.63411,0.000767,0.000767,0.000767
687,4114.35,6.52745,1.28498,1.65202,0.76122,0.57084,0.67924,0.37879,6.48022,1.24795,1.63396,0.0007652,0.0007652,0.0007652
688,4121.01,6.59689,1.28141,1.6547,0.76546,0.57386,0.68236,0.38249,6.41415,1.2271,1.63402,0.0007634,0.0007634,0.0007634
689,4126.98,7.14994,1.36322,1.61695,0.77236,0.57194,0.68146,0.3822,6.4065,1.22117,1.63368,0.0007616,0.0007616,0.0007616
690,4133.09,6.42764,1.23445,1.64941,0.77033,0.56775,0.67397,0.37824,6.39557,1.23006,1.63463,0.0007598,0.0007598,0.0007598
691,4139.27,6.40341,1.23367,1.66852,0.7701,0.56334,0.67153,0.37662,6.42044,1.241,1.63511,0.000758,0.000758,0.000758
692,4145.32,5.80364,1.16548,1.64229,0.76932,0.56041,0.67221,0.37799,6.38416,1.23498,1.63472,0.0007562,0.0007562,0.0007562
693,4151.04,6.22758,1.21572,1.65856,0.77189,0.55697,0.672,0.37363,6.475,1.24746,1.63649,0.0007544,0.0007544,0.0007544
694,4157.22,5.65218,1.17849,1.67661,0.75719,0.55913,0.66748,0.37036,6.54482,1.27946,1.63669,0.0007526,0.0007526,0.0007526
695,4162.9,7.02207,1.34688,1.64596,0.76876,0.55866,0.67082,0.3723,6.53364,1.28078,1.63597,0.0007508,0.0007508,0.0007508
696,4169.3,6.79744,1.30325,1.62694,0.77832,0.56347,0.67474,0.37836,6.43967,1.23864,1.63361,0.000749,0.000749,0.000749
697,4174.99,5.95918,1.1832,1.66988,0.77532,0.56672,0.67288,0.37464,6.47381,1.22759,1.63428,0.0007472,0.0007472,0.0007472
698,4181.03,5.93871,1.20191,1.65552,0.78002,0.56521,0.67229,0.37171,6.51142,1.23819,1.63553,0.0007454,0.0007454,0.0007454
699,4186.91,7.07462,1.34308,1.61791,0.77332,0.56755,0.67092,0.37399,6.44836,1.23556,1.63481,0.0007436,0.0007436,0.0007436
700,4192.92,6.12259,1.2157,1.65509,0.77399,0.55948,0.66933,0.37605,6.43353,1.24287,1.63439,0.0007418,0.0007418,0.0007418
701,4198.54,5.83243,1.17223,1.65061,0.76974,0.56542,0.67171,0.37776,6.41957,1.23253,1.63511,0.00074,0.00074,0.00074
702,4204.66,7.09057,1.33305,1.61749,0.7649,0.5718,0.67401,0.3783,6.41693,1.21996,1.63374,0.0007382,0.0007382,0.0007382
703,4210.89,6.32795,1.2385,1.63131,0.75778,0.57578,0.67577,0.38048,6.35162,1.21152,1.63204,0.0007364,0.0007364,0.0007364
704,4216.71,6.62474,1.28141,1.66021,0.75108,0.57386,0.67673,0.38164,6.3783,1.22206,1.63183,0.0007346,0.0007346,0.0007346
705,4222.43,5.73277,1.18804,1.66868,0.75322,0.57976,0.68192,0.38379,6.37524,1.22347,1.63188,0.0007328,0.0007328,0.0007328
706,4228.62,6.41687,1.23486,1.62271,0.76295,0.57592,0.68174,0.38094,6.40961,1.22157,1.63215,0.000731,0.000731,0.000731
707,4234.02,5.3917,1.13144,1.67181,0.77018,0.5696,0.68036,0.38243,6.37266,1.2172,1.63125,0.0007292,0.0007292,0.0007292
708,4239.84,7.03671,1.3186,1.62844,0.76351,0.56112,0.67156,0.37724,6.43874,1.22672,1.6328,0.0007274,0.0007274,0.0007274
709,4245.87,6.03684,1.17477,1.652,0.76395,0.56068,0.67172,0.37557,6.48174,1.2346,1.63439,0.0007256,0.0007256,0.0007256
710,4252.28,6.41342,1.27557,1.65756,0.76397,0.56344,0.67243,0.37429,6.50042,1.2363,1.63341,0.0007238,0.0007238,0.0007238
711,4258.07,5.98292,1.19715,1.64893,0.76101,0.5587,0.6714,0.3766,6.46078,1.2357,1.63268,0.000722,0.000722,0.000722
712,4263.66,7.21848,1.34752,1.6308,0.76241,0.56876,0.67686,0.38181,6.35983,1.22566,1.63016,0.0007202,0.0007202,0.0007202
713,4269.36,6.54701,1.23325,1.61815,0.76665,0.56686,0.67629,0.38105,6.36783,1.22414,1.62954,0.0007184,0.0007184,0.0007184
714,4275.51,7.22308,1.35092,1.589,0.76482,0.56524,0.67413,0.37438,6.4909,1.24387,1.63193,0.0007166,0.0007166,0.0007166
715,4281.13,6.47132,1.24828,1.63566,0.76957,0.56397,0.67693,0.37857,6.4285,1.23518,1.63135,0.0007148,0.0007148,0.0007148
716,4286.9,6.18864,1.22551,1.65209,0.78389,0.56572,0.68059,0.38253,6.33028,1.21792,1.63081,0.000713,0.000713,0.000713
717,4292.72,6.38113,1.22129,1.64322,0.77907,0.55903,0.67563,0.37952,6.35467,1.2211,1.63114,0.0007112,0.0007112,0.0007112
718,4298.67,7.10434,1.33728,1.59856,0.78349,0.56576,0.67803,0.38111,6.33545,1.20715,1.63119,0.0007094,0.0007094,0.0007094
719,4304.45,6.25788,1.23217,1.6452,0.77696,0.56617,0.67728,0.38249,6.31752,1.20403,1.6311,0.0007076,0.0007076,0.0007076
720,4310.3,6.12439,1.19902,1.64193,0.77854,0.56613,0.68076,0.38481,6.31805,1.20855,1.63099,0.0007058,0.0007058,0.0007058
721,4316.75,5.97521,1.21093,1.66522,0.7828,0.56864,0.68469,0.38763,6.32649,1.21298,1.63141,0.000704,0.000704,0.000704
722,4323.34,6.34315,1.24293,1.64901,0.76565,0.57619,0.68299,0.38697,6.33013,1.2186,1.63096,0.0007022,0.0007022,0.0007022
723,4329.37,5.81949,1.1686,1.65953,0.77276,0.56911,0.67832,0.38345,6.36789,1.22027,1.63053,0.0007004,0.0007004,0.0007004
724,4335.76,6.29813,1.255,1.6171,0.78165,0.56686,0.67732,0.38388,6.29261,1.20311,1.62979,0.0006986,0.0006986,0.0006986
725,4341.66,5.79023,1.16337,1.65899,0.78934,0.56178,0.6761,0.38229,6.30585,1.20633,1.63068,0.0006968,0.0006968,0.0006968
726,4347.73,6.44709,1.23087,1.63958,0.76851,0.5615,0.67188,0.37802,6.34377,1.21706,1.63131,0.000695,0.000695,0.000695
727,4353.62,6.00125,1.18133,1.64949,0.76399,0.56573,0.67282,0.3802,6.32999,1.2134,1.63126,0.0006932,0.0006932,0.0006932
728,4359.68,6.1209,1.206,1.65061,0.77272,0.56385,0.6761,0.38436,6.31792,1.20942,1.62946,0.0006914,0.0006914,0.0006914
729,4365.39,6.1474,1.19703,1.64664,0.7708,0.56411,0.67611,0.38371,6.33344,1.20456,1.62989,0.0006896,0.0006896,0.0006896
730,4371.39,6.38351,1.23442,1.61272,0.78522,0.56717,0.68038,0.38757,6.2934,1.19218,1.62856,0.0006878,0.0006878,0.0006878
731,4376.92,6.55635,1.27055,1.63005,0.7882,0.57057,0.68265,0.38666,6.33334,1.1949,1.63018,0.000686,0.000686,0.000686
732,4382.73,6.04974,1.22429,1.67124,0.78933,0.56686,0.68315,0.38188,6.41135,1.21257,1.6302,0.0006842,0.0006842,0.0006842
733,4388.67,6.80121,1.29411,1.65493,0.78165,0.56862,0.68377,0.38157,6.42505,1.21605,1.63028,0.0006824,0.0006824,0.0006824
734,4394.75,6.16286,1.18555,1.65293,0.78276,0.56755,0.68306,0.38559,6.35734,1.22098,1.6303,0.0006806,0.0006806,0.0006806
735,4400.26,5.86798,1.16934,1.66915,0.77784,0.56658,0.68133,0.38689,6.32778,1.22208,1.62973,0.0006788,0.0006788,0.0006788
736,4405.92,6.3555,1.23988,1.62587,0.7773,0.56562,0.68168,0.38686,6.30675,1.20658,1.63003,0.000677,0.000677,0.000677
737,4411.71,6.42309,1.23913,1.63445,0.78545,0.56672,0.68128,0.38711,6.27667,1.19565,1.62968,0.0006752,0.0006752,0.0006752
738,4417.83,5.86844,1.15429,1.62725,0.78365,0.56686,0.67971,0.38424,6.30633,1.19868,1.6298,0.0006734,0.0006734,0.0006734
739,4423.8,5.91795,1.18327,1.60704,0.78257,0.56823,0.67927,0.3852,6.2919,1.1982,1.62944,0.0006716,0.0006716,0.0006716
740,4429.87,6.13826,1.20824,1.62481,0.77847,0.56411,0.6749,0.38436,6.30281,1.21289,1.62871,0.0006698,0.0006698,0.0006698
741,4435.62,6.04394,1.15365,1.6537,0.77409,0.56384,0.6736,0.38182,6.32678,1.20992,1.62858,0.000668,0.000668,0.000668
742,4442.12,5.53487,1.14337,1.69832,0.77684,0.56727,0.67447,0.38137,6.32811,1.20863,1.62854,0.0006662,0.0006662,0.0006662
743,4447.87,6.18239,1.22395,1.63242,0.76673,0.57015,0.67313,0.37941,6.38024,1.21421,1.62887,0.0006644,0.0006644,0.0006644
744,4454.09,6.81726,1.28013,1.6354,0.77352,0.56878,0.6772,0.38177,6.34715,1.21358,1.62971,0.0006626,0.0006626,0.0006626
745,4459.71,6.1958,1.21427,1.65959,0.77437,0.57249,0.68026,0.38364,6.32162,1.21097,1.62952,0.0006608,0.0006608,0.0006608
746,4466.13,6.65532,1.27816,1.62081,0.78128,0.57194,0.68222,0.38604,6.31683,1.21193,1.62976,0.000659,0.000659,0.000659
747,4472.44,5.73128,1.14933,1.63311,0.7766,0.56878,0.67911,0.38481,6.34206,1.21802,1.63016,0.0006572,0.0006572,0.0006572
748,4478.16,6.62032,1.24403,1.61863,0.77213,0.57029,0.67857,0.38735,6.27724,1.19744,1.62949,0.0006554,0.0006554,0.0006554
749,4483.88,6.40527,1.20241,1.62637,0.77236,0.57527,0.68253,0.38781,6.27819,1.19317,1.62918,0.0006536,0.0006536,0.0006536
750,4490.44,5.99884,1.1864,1.64895,0.76671,0.57084,0.67677,0.38271,6.35723,1.19576,1.63055,0.0006518,0.0006518,0.0006518
751,4496.47,7.38563,1.37451,1.57831,0.76676,0.57908,0.68215,0.38729,6.26919,1.18541,1.62882,0.00065,0.00065,0.00065
752,4502.23,5.97583,1.18544,1.64887,0.7749,0.57414,0.6819,0.38848,6.25004,1.18359,1.62849,0.0006482,0.0006482,0.0006482
753,4508.15,6.37339,1.24233,1.64068,0.7719,0.57609,0.68193,0.38805,6.24892,1.18145,1.62842,0.0006464,0.0006464,0.0006464
754,4514.19,6.51034,1.21261,1.61707,0.77571,0.57261,0.6798,0.38612,6.2636,1.18887,1.62791,0.0006446,0.0006446,0.0006446
755,4520.04,5.94637,1.16244,1.62643,0.77803,0.5741,0.6803,0.38678,6.2807,1.18642,1.62949,0.0006428,0.0006428,0.0006428
756,4525.98,6.0108,1.20702,1.67376,0.77852,0.57565,0.67955,0.38429,6.32224,1.20741,1.63043,0.000641,0.000641,0.000641
757,4531.94,6.55292,1.2141,1.61314,0.77372,0.5751,0.67857,0.38244,6.34259,1.22517,1.6315,0.0006392,0.0006392,0.0006392
758,4537.89,5.99403,1.20495,1.67917,0.77144,0.56425,0.67224,0.37798,6.39753,1.23327,1.6335,0.0006374,0.0006374,0.0006374
759,4543.63,5.99603,1.18766,1.65686,0.77679,0.56315,0.67369,0.37834,6.38993,1.22183,1.63293,0.0006356,0.0006356,0.0006356
760,4549.52,6.93237,1.3329,1.60618,0.77249,0.56398,0.67395,0.37773,6.39317,1.21577,1.63127,0.0006338,0.0006338,0.0006338
761,4555.43,6.49468,1.26675,1.6528,0.76664,0.5674,0.67527,0.37967,6.36157,1.20737,1.63154,0.000632,0.000632,0.000632
762,4562.5,6.34532,1.24282,1.6195,0.78008,0.56631,0.67958,0.38551,6.2565,1.19815,1.62893,0.0006302,0.0006302,0.0006302
763,4568.27,5.87959,1.18914,1.65277,0.78643,0.56878,0.68232,0.38488,6.28658,1.20804,1.62886,0.0006284,0.0006284,0.0006284
764,4573.62,6.50879,1.26835,1.62156,0.77645,0.57139,0.68,0.38399,6.28482,1.20537,1.62869,0.0006266,0.0006266,0.0006266
765,4579.1,7.31825,1.4144,1.59233,0.77566,0.57009,0.67909,0.38561,6.24383,1.19498,1.62776,0.0006248,0.0006248,0.0006248
766,4585.49,6.7207,1.29574,1.63549,0.77656,0.56617,0.67865,0.38526,6.24205,1.18859,1.6286,0.000623,0.000623,0.000623
767,4591.67,5.93519,1.1468,1.65757,0.77942,0.56301,0.67945,0.38465,6.29417,1.20086,1.62974,0.0006212,0.0006212,0.0006212
768,4597.23,6.598,1.25186,1.6188,0.77434,0.56027,0.67894,0.38198,6.3614,1.23549,1.63212,0.0006194,0.0006194,0.0006194
769,4603.24,6.54859,1.24026,1.64133,0.76598,0.56782,0.68009,0.3857,6.30454,1.2248,1.63123,0.0006176,0.0006176,0.0006176
770,4609.82,5.88849,1.16143,1.64538,0.77558,0.57235,0.68121,0.38988,6.21559,1.19869,1.62905,0.0006158,0.0006158,0.0006158
771,4615.87,6.12753,1.20919,1.65326,0.77801,0.56947,0.6804,0.38837,6.2281,1.19757,1.62872,0.000614,0.000614,0.000614
772,4622.19,5.99151,1.18548,1.62934,0.77862,0.56977,0.6817,0.38669,6.26481,1.19304,1.62972,0.0006122,0.0006122,0.0006122
773,4627.77,6.39925,1.23237,1.64088,0.76923,0.57523,0.68304,0.38819,6.22714,1.18423,1.62919,0.0006104,0.0006104,0.0006104
774,4633.78,5.74794,1.16799,1.6563,0.76236,0.57562,0.67879,0.38153,6.3431,1.20129,1.63195,0.0006086,0.0006086,0.0006086
775,4639.84,6.26492,1.20376,1.65419,0.75791,0.57565,0.67778,0.3801,6.3631,1.20812,1.63278,0.0006068,0.0006068,0.0006068
776,4645.91,5.67103,1.12133,1.64347,0.76716,0.56604,0.67655,0.38002,6.36159,1.21345,1.62995,0.000605,0.000605,0.000605
777,4651.64,6.33117,1.21218,1.63118,0.77339,0.56205,0.67799,0.38034,6.37812,1.21438,1.62929,0.0006032,0.0006032,0.0006032
778,4658.03,6.43984,1.23596,1.64518,0.7739,0.57043,0.68206,0.38674,6.28735,1.20061,1.62783,0.0006014,0.0006014,0.0006014
779,4663.78,6.2205,1.22875,1.63049,0.78377,0.56768,0.68337,0.38878,6.27094,1.19735,1.62797,0.0005996,0.0005996,0.0005996
780,4669.93,5.60384,1.15669,1.68461,0.79221,0.55862,0.68063,0.38813,6.29988,1.20018,1.62763,0.0005978,0.0005978,0.0005978
781,4675.56,6.21683,1.20154,1.66615,0.7889,0.56179,0.68062,0.38991,6.22216,1.18884,1.62649,0.000596,0.000596,0.000596
782,4681.34,5.63244,1.13072,1.64966,0.78083,0.56864,0.68241,0.39241,6.15659,1.18487,1.62538,0.0005942,0.0005942,0.0005942
783,4687.55,6.0448,1.16733,1.63153,0.78149,0.56521,0.6793,0.39108,6.19991,1.19313,1.62506,0.0005924,0.0005924,0.0005924
784,4693.3,5.83258,1.20248,1.64722,0.78832,0.56123,0.67989,0.39139,6.21316,1.19527,1.62559,0.0005906,0.0005906,0.0005906
785,4699.18,6.47109,1.2486,1.60711,0.77586,0.56713,0.67941,0.39123,6.22324,1.20095,1.62509,0.0005888,0.0005888,0.0005888
786,4705.25,5.44326,1.08369,1.65129,0.77467,0.56494,0.6774,0.38926,6.25285,1.21055,1.62559,0.000587,0.000587,0.000587
787,4711.19,6.61934,1.27813,1.6445,0.77583,0.57017,0.68041,0.38904,6.21903,1.20253,1.62552,0.0005852,0.0005852,0.0005852
788,4717.56,6.02369,1.17747,1.65719,0.76741,0.57619,0.68127,0.38929,6.2388,1.20748,1.62734,0.0005834,0.0005834,0.0005834
789,4723.48,6.458,1.27212,1.63008,0.77072,0.58018,0.68607,0.39355,6.18864,1.19941,1.62682,0.0005816,0.0005816,0.0005816
790,4729.92,6.03945,1.15708,1.63955,0.77954,0.58224,0.6913,0.39681,6.167,1.19662,1.62696,0.0005798,0.0005798,0.0005798
791,4735.58,5.8895,1.19262,1.65488,0.78078,0.57921,0.68927,0.39634,6.17574,1.19889,1.62726,0.000578,0.000578,0.000578
792,4741.52,5.78028,1.14714,1.63063,0.78656,0.57688,0.6889,0.39365,6.1767,1.18019,1.62682,0.0005762,0.0005762,0.0005762
793,4747.2,5.74956,1.1345,1.64761,0.79269,0.57839,0.68794,0.39245,6.17694,1.17422,1.62641,0.0005744,0.0005744,0.0005744
794,4753.62,6.57847,1.2663,1.61557,0.79023,0.57046,0.68305,0.39164,6.1958,1.17456,1.62707,0.0005726,0.0005726,0.0005726
795,4759.75,6.04347,1.22555,1.62528,0.79485,0.56507,0.68265,0.39174,6.19584,1.18028,1.62656,0.0005708,0.0005708,0.0005708
796,4765.59,6.16167,1.16998,1.62406,0.78912,0.56919,0.6852,0.39258,6.19188,1.18016,1.62604,0.000569,0.000569,0.000569
797,4771.31,5.67756,1.1179,1.67558,0.78623,0.57208,0.68566,0.39268,6.16743,1.17395,1.62499,0.0005672,0.0005672,0.0005672
798,4777.21,6.56707,1.22596,1.598,0.78845,0.57307,0.68295,0.3925,6.15542,1.1678,1.62443,0.0005654,0.0005654,0.0005654
799,4783.39,5.72093,1.12551,1.63903,0.78691,0.57139,0.68118,0.39239,6.14514,1.16632,1.62407,0.0005636,0.0005636,0.0005636
800,4789.82,5.44293,1.09879,1.65805,0.78412,0.56547,0.67995,0.39195,6.14824,1.16782,1.62442,0.0005618,0.0005618,0.0005618
801,4795.73,6.29786,1.20575,1.60549,0.7887,0.56507,0.68194,0.39298,6.14729,1.17492,1.62425,0.00056,0.00056,0.00056
802,4801.76,6.0251,1.14759,1.62516,0.78412,0.5729,0.6875,0.39581,6.13643,1.18968,1.6236,0.0005582,0.0005582,0.0005582
803,4807.94,6.09517,1.18779,1.63615,0.78565,0.57221,0.68667,0.3948,6.16173,1.19357,1.62487,0.0005564,0.0005564,0.0005564
804,4814.07,6.31308,1.22802,1.63816,0.77972,0.57372,0.68481,0.39486,6.15999,1.1866,1.62507,0.0005546,0.0005546,0.0005546
805,4820.55,6.25427,1.17913,1.63256,0.78317,0.57578,0.68519,0.39613,6.1159,1.17522,1.62356,0.0005528,0.0005528,0.0005528
806,4826.73,5.70971,1.13893,1.67534,0.78361,0.57122,0.6836,0.39215,6.1728,1.17953,1.62496,0.000551,0.000551,0.000551
807,4832.93,6.47845,1.23973,1.62795,0.77728,0.574,0.68281,0.39103,6.20069,1.18096,1.62532,0.0005492,0.0005492,0.0005492
808,4839.01,5.98302,1.14095,1.63801,0.76724,0.57921,0.6839,0.39363,6.14671,1.1734,1.62459,0.0005474,0.0005474,0.0005474
809,4844.37,5.78445,1.17096,1.67128,0.76908,0.58031,0.68395,0.39259,6.16809,1.18163,1.62446,0.0005456,0.0005456,0.0005456
810,4850.88,6.14633,1.17833,1.63702,0.76978,0.57057,0.67826,0.38762,6.26882,1.20043,1.62552,0.0005438,0.0005438,0.0005438
811,4856.93,5.80568,1.15969,1.64728,0.77282,0.5721,0.6796,0.38863,6.24639,1.19264,1.62568,0.000542,0.000542,0.000542
812,4862.48,6.44887,1.20716,1.62159,0.77323,0.57839,0.68446,0.39201,6.19246,1.18476,1.62407,0.0005402,0.0005402,0.0005402
813,4868.3,6.29631,1.21009,1.62155,0.77137,0.57483,0.68227,0.39183,6.20032,1.18708,1.62388,0.0005384,0.0005384,0.0005384
814,4874.46,5.87175,1.12631,1.63335,0.77279,0.57537,0.68237,0.3917,6.19563,1.18796,1.62423,0.0005366,0.0005366,0.0005366
815,4879.97,5.98849,1.1538,1.62951,0.77687,0.58196,0.68886,0.39609,6.13512,1.17265,1.62291,0.0005348,0.0005348,0.0005348
816,4886.25,5.5818,1.0902,1.64776,0.77887,0.58731,0.69147,0.39747,6.13011,1.16926,1.62246,0.000533,0.000533,0.000533
817,4892.17,6.48567,1.27195,1.62436,0.78814,0.58031,0.69059,0.39731,6.11204,1.16369,1.62162,0.0005312,0.0005312,0.0005312
818,4898.32,6.22701,1.17972,1.61423,0.77907,0.57894,0.68803,0.39637,6.11335,1.16164,1.62203,0.0005294,0.0005294,0.0005294
819,4904.16,6.71968,1.21391,1.6185,0.78268,0.58333,0.69182,0.39994,6.07157,1.15407,1.62121,0.0005276,0.0005276,0.0005276
820,4910.37,6.21708,1.18368,1.65695,0.78818,0.58237,0.69339,0.39788,6.11122,1.15755,1.62232,0.0005258,0.0005258,0.0005258
821,4916.15,6.21101,1.18875,1.64842,0.78677,0.57386,0.68754,0.39834,6.09684,1.16193,1.62233,0.000524,0.000524,0.000524
822,4922.31,5.9841,1.1838,1.61349,0.78239,0.56963,0.68475,0.39367,6.16383,1.17566,1.62322,0.0005222,0.0005222,0.0005222
823,4928.36,6.56177,1.24371,1.61502,0.78393,0.5733,0.688,0.39586,6.1284,1.1644,1.62302,0.0005204,0.0005204,0.0005204
824,4934.12,5.6548,1.14807,1.67789,0.79976,0.57098,0.68822,0.39618,6.11986,1.15785,1.62253,0.0005186,0.0005186,0.0005186
825,4940.92,6.09529,1.17706,1.62981,0.7942,0.57164,0.6862,0.39375,6.13105,1.16343,1.62283,0.0005168,0.0005168,0.0005168
826,4947.14,6.35072,1.1991,1.63038,0.79331,0.5712,0.68697,0.39431,6.12906,1.16695,1.62234,0.000515,0.000515,0.000515
827,4953.25,6.48175,1.26027,1.62888,0.79093,0.5751,0.68864,0.39891,6.06865,1.1553,1.62133,0.0005132,0.0005132,0.0005132
828,4959.49,6.23075,1.21284,1.61667,0.79831,0.57468,0.69055,0.39935,6.07265,1.15674,1.62135,0.0005114,0.0005114,0.0005114
829,4965.43,5.739,1.12757,1.6594,0.78922,0.57166,0.68654,0.39379,6.17453,1.17157,1.6219,0.0005096,0.0005096,0.0005096
830,4972.07,5.76969,1.14986,1.66237,0.77254,0.56041,0.67256,0.37594,6.48887,1.21084,1.62717,0.0005078,0.0005078,0.0005078
831,4978.25,6.96728,1.28104,1.59852,0.77148,0.56315,0.67426,0.38053,6.39083,1.20025,1.62625,0.000506,0.000506,0.000506
832,4984.23,6.2263,1.21242,1.63845,0.78634,0.56878,0.68231,0.39499,6.11491,1.16278,1.62284,0.0005042,0.0005042,0.0005042
833,4990.03,5.78099,1.14625,1.65118,0.79081,0.56725,0.68412,0.3964,6.08592,1.15758,1.62234,0.0005024,0.0005024,0.0005024
834,4995.97,5.98392,1.20347,1.60661,0.77932,0.57063,0.68374,0.3986,6.07222,1.16518,1.62178,0.0005006,0.0005006,0.0005006
835,5001.66,6.03438,1.21123,1.63774,0.77306,0.57345,0.68555,0.39931,6.09148,1.17007,1.62188,0.0004988,0.0004988,0.0004988
836,5007.4,5.42708,1.10221,1.66734,0.77713,0.57494,0.6877,0.40091,6.08809,1.1704,1.62167,0.000497,0.000497,0.000497
837,5013.68,6.62568,1.2462,1.61763,0.78213,0.57441,0.68815,0.40146,6.05718,1.16494,1.62134,0.0004952,0.0004952,0.0004952
838,5019.86,6.03041,1.20922,1.62342,0.7807,0.57372,0.68685,0.40062,6.04397,1.16077,1.62084,0.0004934,0.0004934,0.0004934
839,5025.65,6.27704,1.21077,1.60945,0.78928,0.57387,0.68829,0.40176,6.03198,1.15872,1.61995,0.0004916,0.0004916,0.0004916
840,5031.69,5.48714,1.11226,1.67419,0.78707,0.57455,0.68762,0.40068,6.05753,1.17003,1.62017,0.0004898,0.0004898,0.0004898
841,5037.79,5.21436,1.06559,1.66241,0.77727,0.57394,0.68646,0.39954,6.07557,1.17829,1.62051,0.000488,0.000488,0.000488
842,5043.95,6.28814,1.19713,1.6183,0.77452,0.57276,0.68595,0.40064,6.07851,1.1827,1.62206,0.0004862,0.0004862,0.0004862
843,5049.83,6.09512,1.17341,1.60984,0.77879,0.57125,0.68668,0.40051,6.0858,1.17928,1.62242,0.0004844,0.0004844,0.0004844
844,5055.68,5.94386,1.1341,1.64761,0.79091,0.56645,0.68678,0.40112,6.07755,1.17519,1.62145,0.0004826,0.0004826,0.0004826
845,5061.51,5.25001,1.05534,1.6405,0.79241,0.57002,0.68834,0.40246,6.04626,1.16403,1.62095,0.0004808,0.0004808,0.0004808
846,5067.93,6.0837,1.1935,1.6828,0.78692,0.5714,0.68976,0.40456,6.01252,1.15809,1.62005,0.000479,0.000479,0.000479
847,5073.9,7.22933,1.32413,1.57272,0.78031,0.57372,0.68982,0.40463,6.0082,1.15714,1.62083,0.0004772,0.0004772,0.0004772
848,5079.72,5.92742,1.15004,1.61563,0.77985,0.57045,0.68724,0.40165,6.04685,1.1612,1.62167,0.0004754,0.0004754,0.0004754
849,5085.96,5.88641,1.13897,1.61859,0.77872,0.57153,0.68624,0.40218,6.01239,1.15497,1.62067,0.0004736,0.0004736,0.0004736
850,5091.98,5.60412,1.11468,1.61637,0.77957,0.57345,0.68637,0.40058,6.04128,1.15942,1.62026,0.0004718,0.0004718,0.0004718
851,5097.67,6.53714,1.22054,1.59198,0.78119,0.57445,0.68768,0.40123,6.0279,1.15616,1.62049,0.00047,0.00047,0.00047
852,5103.69,6.08652,1.15791,1.62684,0.77786,0.57935,0.68993,0.40462,5.99977,1.14552,1.62037,0.0004682,0.0004682,0.0004682
853,5109.75,5.7236,1.12968,1.62737,0.77781,0.57815,0.68975,0.40263,6.03481,1.14509,1.62176,0.0004664,0.0004664,0.0004664
854,5116.6,7.01549,1.27854,1.60401,0.78866,0.57578,0.68984,0.40175,6.06038,1.14486,1.62325,0.0004646,0.0004646,0.0004646
855,5122.7,6.99837,1.30876,1.59201,0.78706,0.58059,0.69119,0.40306,6.02565,1.14256,1.62247,0.0004628,0.0004628,0.0004628
856,5128.86,5.94222,1.13703,1.64856,0.78951,0.57621,0.69022,0.40235,6.01804,1.1446,1.62244,0.000461,0.000461,0.000461
857,5134.85,6.35217,1.22307,1.61626,0.79179,0.57427,0.68958,0.40235,6.03256,1.14468,1.62237,0.0004592,0.0004592,0.0004592
858,5140.54,5.96896,1.15987,1.65417,0.79515,0.57551,0.6905,0.4038,6.01796,1.1397,1.62182,0.0004574,0.0004574,0.0004574
859,5146.39,7.02035,1.30303,1.62383,0.79444,0.57345,0.69025,0.40389,6.00791,1.14079,1.62133,0.0004556,0.0004556,0.0004556
860,5152.63,5.7745,1.14647,1.64747,0.77957,0.5777,0.68845,0.39867,6.09651,1.16007,1.6231,0.0004538,0.0004538,0.0004538
861,5158.38,6.11346,1.16944,1.62099,0.77549,0.57921,0.68746,0.39883,6.09177,1.16269,1.62324,0.000452,0.000452,0.000452
862,5164.05,6.00959,1.17024,1.62637,0.78615,0.57455,0.68842,0.40126,6.02991,1.15349,1.62188,0.0004502,0.0004502,0.0004502
863,5169.87,5.68148,1.11253,1.63525,0.78554,0.57275,0.686,0.4005,6.02944,1.15368,1.62188,0.0004484,0.0004484,0.0004484
864,5175.86,6.02334,1.15154,1.6305,0.78714,0.57386,0.68718,0.40052,6.0642,1.15731,1.62198,0.0004466,0.0004466,0.0004466
865,5182.16,6.26672,1.20222,1.63704,0.78519,0.5777,0.68762,0.39996,6.07827,1.15813,1.62213,0.0004448,0.0004448,0.0004448
866,5188.21,5.48031,1.07496,1.66063,0.78505,0.57125,0.68567,0.39904,6.1012,1.15949,1.62204,0.000443,0.000443,0.000443
867,5193.89,5.70406,1.13199,1.65161,0.78379,0.57208,0.68448,0.39882,6.09655,1.16235,1.62146,0.0004412,0.0004412,0.0004412
868,5199.85,5.96386,1.11928,1.6321,0.78272,0.57619,0.68633,0.40138,6.02383,1.15652,1.62062,0.0004394,0.0004394,0.0004394
869,5206,6.50913,1.20209,1.59224,0.78129,0.57702,0.68567,0.40168,6.00939,1.15509,1.61996,0.0004376,0.0004376,0.0004376
870,5212.45,5.04296,1.06134,1.66538,0.78951,0.57565,0.68664,0.40217,6.01305,1.15124,1.62048,0.0004358,0.0004358,0.0004358
871,5218.64,6.12102,1.16576,1.62192,0.79303,0.57798,0.68844,0.40199,6.02475,1.1516,1.62104,0.000434,0.000434,0.000434
872,5224.75,5.58949,1.09752,1.63006,0.792,0.5766,0.6887,0.40241,6.01803,1.15088,1.62079,0.0004322,0.0004322,0.0004322
873,5230.33,6.24298,1.20196,1.62576,0.79468,0.57439,0.68785,0.40323,6.00531,1.15077,1.62079,0.0004304,0.0004304,0.0004304
874,5236.67,6.44528,1.22037,1.62319,0.79609,0.57672,0.68956,0.40367,5.967,1.14141,1.62002,0.0004286,0.0004286,0.0004286
875,5242.66,5.85238,1.13055,1.63917,0.79116,0.57619,0.68857,0.40321,5.97929,1.13971,1.6202,0.0004268,0.0004268,0.0004268
876,5248.96,6.27112,1.20531,1.64235,0.79164,0.57481,0.68591,0.40322,5.9769,1.13739,1.6198,0.000425,0.000425,0.000425
877,5254.59,6.13896,1.22147,1.61536,0.7964,0.57743,0.68916,0.40333,5.99067,1.14117,1.61965,0.0004232,0.0004232,0.0004232
878,5260.42,6.08249,1.16305,1.59989,0.79114,0.57921,0.69041,0.4031,5.99524,1.14697,1.61978,0.0004214,0.0004214,0.0004214
879,5266.2,5.8257,1.10848,1.62292,0.78691,0.57619,0.6891,0.40366,5.98892,1.15304,1.61978,0.0004196,0.0004196,0.0004196
880,5272.38,5.26225,1.06124,1.66373,0.78224,0.57743,0.68843,0.40345,6.00018,1.15365,1.62057,0.0004178,0.0004178,0.0004178
881,5278.02,6.20065,1.21791,1.5945,0.77659,0.58169,0.6898,0.40254,6.03469,1.15646,1.62117,0.000416,0.000416,0.000416
882,5284.56,5.76127,1.16044,1.62483,0.77847,0.58045,0.68963,0.40114,6.06867,1.15795,1.62166,0.0004142,0.0004142,0.0004142
883,5290.62,5.19054,1.04448,1.65108,0.7815,0.57943,0.69016,0.40399,6.015,1.15125,1.62098,0.0004124,0.0004124,0.0004124
884,5296.24,5.71722,1.13288,1.6147,0.78752,0.57802,0.68889,0.40236,6.00815,1.15592,1.6197,0.0004106,0.0004106,0.0004106
885,5301.97,6.26565,1.20018,1.61685,0.78772,0.57669,0.68866,0.40131,6.0373,1.15919,1.61944,0.0004088,0.0004088,0.0004088
886,5308.57,5.43277,1.11085,1.63299,0.78981,0.58088,0.6902,0.40303,6.00529,1.14499,1.61942,0.000407,0.000407,0.000407
887,5314.48,5.81957,1.122,1.6296,0.79004,0.57921,0.69016,0.40472,5.96595,1.14224,1.61916,0.0004052,0.0004052,0.0004052
888,5320.06,6.29904,1.20776,1.60098,0.78406,0.57304,0.68839,0.40447,5.97108,1.14984,1.62115,0.0004034,0.0004034,0.0004034
889,5325.64,5.86208,1.1393,1.61846,0.78553,0.57575,0.69038,0.40554,5.9633,1.14903,1.62093,0.0004016,0.0004016,0.0004016
890,5332.24,5.75884,1.11683,1.61657,0.7915,0.57431,0.68997,0.40654,5.95599,1.14819,1.62064,0.0003998,0.0003998,0.0003998
891,5337.97,5.48831,1.10815,1.65414,0.79175,0.57523,0.69051,0.40631,5.95394,1.15149,1.6207,0.000398,0.000398,0.000398
892,5344.01,6.29564,1.17251,1.63069,0.78224,0.57455,0.68773,0.40263,6.01039,1.16626,1.62241,0.0003962,0.0003962,0.0003962
893,5349.99,6.38015,1.20404,1.60796,0.78527,0.5718,0.6869,0.40171,6.03073,1.16499,1.62248,0.0003944,0.0003944,0.0003944
894,5356.23,6.80292,1.2939,1.59666,0.79323,0.5777,0.69175,0.40574,5.9962,1.14842,1.62195,0.0003926,0.0003926,0.0003926
895,5362.1,5.92582,1.14677,1.62366,0.79032,0.581,0.69226,0.40578,5.9937,1.14557,1.62122,0.0003908,0.0003908,0.0003908
896,5368.67,5.81066,1.13854,1.6514,0.78865,0.57784,0.68937,0.40457,6.02252,1.14402,1.62059,0.000389,0.000389,0.000389
897,5374.55,5.51091,1.10771,1.64098,0.78714,0.57812,0.68984,0.40486,5.992,1.13928,1.62056,0.0003872,0.0003872,0.0003872
898,5381.21,6.42134,1.20001,1.60848,0.78183,0.57949,0.69058,0.40469,6.00514,1.14722,1.62121,0.0003854,0.0003854,0.0003854
899,5386.99,5.64141,1.13511,1.6521,0.78139,0.5777,0.68931,0.403,6.02512,1.15295,1.62151,0.0003836,0.0003836,0.0003836
900,5392.88,5.90971,1.16057,1.63563,0.77971,0.57345,0.6896,0.40246,6.04613,1.17303,1.62182,0.0003818,0.0003818,0.0003818
901,5398.63,6.43292,1.21445,1.60667,0.7821,0.57457,0.6911,0.40295,6.03587,1.17459,1.62122,0.00038,0.00038,0.00038
902,5405.12,5.02301,1.01413,1.6359,0.77949,0.57482,0.68945,0.4019,6.05342,1.17402,1.62062,0.0003782,0.0003782,0.0003782
903,5410.96,5.24415,1.05643,1.64273,0.78042,0.57153,0.68651,0.40072,6.08317,1.1729,1.62026,0.0003764,0.0003764,0.0003764
904,5417.24,5.46002,1.0973,1.62416,0.78681,0.57054,0.68553,0.40315,6.03211,1.15624,1.61902,0.0003746,0.0003746,0.0003746
905,5422.99,5.6491,1.13212,1.66956,0.78605,0.56947,0.68527,0.40453,5.98584,1.14747,1.61882,0.0003728,0.0003728,0.0003728
906,5428.92,5.3239,1.06243,1.62291,0.78598,0.56906,0.68441,0.40262,6.01408,1.1464,1.61956,0.000371,0.000371,0.000371
907,5435.2,5.62543,1.11067,1.63003,0.78551,0.5718,0.68493,0.40256,6.0229,1.1489,1.61992,0.0003692,0.0003692,0.0003692
908,5441.55,5.35474,1.08398,1.65166,0.77711,0.57139,0.68604,0.40382,6.01996,1.15607,1.61905,0.0003674,0.0003674,0.0003674
909,5447.56,5.45985,1.09303,1.66089,0.77678,0.57166,0.68762,0.40345,6.02226,1.162,1.61827,0.0003656,0.0003656,0.0003656
910,5454.06,5.99935,1.11533,1.61661,0.78168,0.56851,0.68623,0.40193,6.05093,1.16101,1.61863,0.0003638,0.0003638,0.0003638
911,5459.99,5.70091,1.10296,1.62469,0.78685,0.57441,0.68968,0.40359,6.02014,1.15247,1.61821,0.000362,0.000362,0.000362
912,5465.86,6.18597,1.17994,1.62631,0.78951,0.57565,0.69028,0.40444,5.99039,1.14757,1.61842,0.0003602,0.0003602,0.0003602
913,5471.44,6.70255,1.25698,1.61016,0.79284,0.57429,0.69003,0.40404,5.99087,1.14512,1.61843,0.0003584,0.0003584,0.0003584
914,5478.18,5.31145,1.07845,1.65104,0.79375,0.57633,0.69071,0.40459,5.99047,1.13974,1.61827,0.0003566,0.0003566,0.0003566
915,5484.03,5.89282,1.10126,1.63294,0.78912,0.58361,0.69278,0.40587,5.97996,1.1382,1.6179,0.0003548,0.0003548,0.0003548
916,5489.96,5.87372,1.12835,1.62655,0.78832,0.58375,0.6941,0.40775,5.95988,1.13721,1.61819,0.000353,0.000353,0.000353
917,5495.81,6.04543,1.15196,1.62613,0.78082,0.58649,0.69374,0.40965,5.92689,1.13234,1.61762,0.0003512,0.0003512,0.0003512
918,5501.67,5.09396,1.03958,1.62556,0.77744,0.58237,0.6903,0.40911,5.92244,1.13302,1.61693,0.0003494,0.0003494,0.0003494
919,5507.67,6.31768,1.22055,1.59253,0.7784,0.58402,0.69065,0.40916,5.93169,1.13122,1.61647,0.0003476,0.0003476,0.0003476
920,5513.88,5.91669,1.15411,1.61574,0.77762,0.58665,0.69086,0.40922,5.91904,1.12987,1.61688,0.0003458,0.0003458,0.0003458
921,5519.81,5.59915,1.09729,1.62096,0.78112,0.58793,0.6919,0.40949,5.89344,1.12989,1.61696,0.000344,0.000344,0.000344
922,5525.31,6.15104,1.19357,1.62015,0.78532,0.58107,0.69401,0.40966,5.92855,1.14514,1.61716,0.0003422,0.0003422,0.0003422
923,5531.17,5.56732,1.09792,1.63425,0.7808,0.57935,0.69239,0.40669,5.97459,1.15861,1.61752,0.0003404,0.0003404,0.0003404
924,5537.26,6.03983,1.15055,1.61608,0.77277,0.58316,0.69206,0.40445,6.03862,1.16632,1.61887,0.0003386,0.0003386,0.0003386
925,5542.9,5.97985,1.13615,1.63579,0.77775,0.5832,0.69348,0.4057,6.01774,1.15655,1.61843,0.0003368,0.0003368,0.0003368
926,5549.23,5.82685,1.13881,1.62163,0.77592,0.58443,0.69126,0.40586,6.00531,1.14724,1.61801,0.000335,0.000335,0.000335
927,5555.46,5.57643,1.0966,1.62752,0.77328,0.58439,0.68931,0.40443,6.00342,1.15026,1.61787,0.0003332,0.0003332,0.0003332
928,5561.27,6.32292,1.20105,1.62286,0.77492,0.58059,0.6874,0.40545,5.93616,1.14611,1.6166,0.0003314,0.0003314,0.0003314
929,5567.47,6.10008,1.17316,1.6279,0.77562,0.57993,0.68905,0.40628,5.91233,1.14156,1.61589,0.0003296,0.0003296,0.0003296
930,5573.8,4.96979,1.00981,1.62865,0.78419,0.57618,0.68938,0.40479,5.94636,1.15034,1.61625,0.0003278,0.0003278,0.0003278
931,5579.72,5.70019,1.14156,1.64862,0.7834,0.57908,0.69023,0.40517,5.94901,1.15029,1.61629,0.000326,0.000326,0.000326
932,5585.66,6.11648,1.1961,1.60818,0.77929,0.58567,0.69216,0.40756,5.90135,1.13752,1.6165,0.0003242,0.0003242,0.0003242
933,5591.68,5.66155,1.09395,1.6205,0.77555,0.58594,0.69197,0.40925,5.88189,1.13464,1.61645,0.0003224,0.0003224,0.0003224
934,5598.11,6.20305,1.17931,1.59869,0.77564,0.58333,0.6908,0.40753,5.92897,1.13645,1.61681,0.0003206,0.0003206,0.0003206
935,5604.04,5.59539,1.11333,1.65519,0.77661,0.58663,0.6928,0.40943,5.90843,1.12929,1.61688,0.0003188,0.0003188,0.0003188
936,5609.9,5.78291,1.10248,1.63323,0.78102,0.58786,0.69629,0.41007,5.89709,1.12779,1.61746,0.000317,0.000317,0.000317
937,5615.48,5.25628,1.07302,1.65341,0.78072,0.58759,0.69641,0.40924,5.91775,1.13068,1.61768,0.0003152,0.0003152,0.0003152
938,5621.71,5.52283,1.09125,1.65783,0.78403,0.58278,0.69607,0.41006,5.9133,1.13807,1.61694,0.0003134,0.0003134,0.0003134
939,5627.85,5.65537,1.11273,1.63279,0.78472,0.58114,0.6949,0.41011,5.92132,1.14298,1.61728,0.0003116,0.0003116,0.0003116
940,5634.41,6.78125,1.25723,1.5841,0.78026,0.58059,0.6943,0.40995,5.92109,1.14117,1.61644,0.0003098,0.0003098,0.0003098
941,5639.64,6.62334,1.25265,1.59406,0.77783,0.58224,0.69416,0.40979,5.91763,1.13388,1.61655,0.000308,0.000308,0.000308
942,5645.98,6.00636,1.13997,1.62454,0.78053,0.58375,0.69511,0.40882,5.95366,1.12977,1.61743,0.0003062,0.0003062,0.0003062
943,5652.11,6.54008,1.22281,1.62279,0.78193,0.58347,0.69403,0.40877,5.95477,1.1271,1.61671,0.0003044,0.0003044,0.0003044
944,5658.15,5.24538,1.06265,1.65063,0.78151,0.58169,0.69227,0.4089,5.91042,1.12428,1.61551,0.0003026,0.0003026,0.0003026
945,5664.13,5.45742,1.10206,1.65487,0.78249,0.57976,0.69163,0.41007,5.89238,1.12509,1.61554,0.0003008,0.0003008,0.0003008
946,5670.15,6.13173,1.1643,1.59911,0.78634,0.58471,0.69476,0.41025,5.88972,1.1264,1.61628,0.000299,0.000299,0.000299
947,5676.19,6.29044,1.21406,1.62059,0.78971,0.58471,0.6961,0.40969,5.89676,1.12193,1.61676,0.0002972,0.0002972,0.0002972
948,5682.57,5.41747,1.08417,1.62366,0.78828,0.58196,0.69295,0.4073,5.92184,1.12334,1.61759,0.0002954,0.0002954,0.0002954
949,5688.51,5.96791,1.15784,1.62663,0.78993,0.58114,0.69362,0.40799,5.90712,1.12178,1.61735,0.0002936,0.0002936,0.0002936
950,5694.52,5.58553,1.09171,1.6178,0.79024,0.58265,0.69249,0.41084,5.86372,1.12107,1.61682,0.0002918,0.0002918,0.0002918
951,5700.66,5.24028,1.05133,1.64099,0.78761,0.58089,0.6923,0.41051,5.88753,1.12695,1.61711,0.00029,0.00029,0.00029
952,5706.42,5.85282,1.1246,1.62255,0.78465,0.58125,0.69287,0.40942,5.92897,1.13912,1.61749,0.0002882,0.0002882,0.0002882
953,5712.55,4.96878,1.02365,1.65407,0.78112,0.58353,0.69451,0.41157,5.9031,1.13277,1.61728,0.0002864,0.0002864,0.0002864
954,5719.02,6.08227,1.13301,1.60521,0.78372,0.58663,0.69702,0.41174,5.90294,1.13166,1.61672,0.0002846,0.0002846,0.0002846
955,5724.81,6.42125,1.19623,1.59572,0.78515,0.58567,0.69719,0.41201,5.8969,1.12965,1.61664,0.0002828,0.0002828,0.0002828
956,5730.65,6.29389,1.1752,1.59121,0.78118,0.58155,0.69332,0.4091,5.94744,1.13143,1.61699,0.000281,0.000281,0.000281
957,5736.65,5.49561,1.08521,1.62929,0.78953,0.57936,0.69328,0.408,5.94876,1.13031,1.61703,0.0002792,0.0002792,0.0002792
958,5742.45,5.49391,1.08434,1.62739,0.7976,0.57781,0.69506,0.41048,5.89043,1.12055,1.61622,0.0002774,0.0002774,0.0002774
959,5748.22,5.0866,1.03289,1.63474,0.79923,0.57658,0.69368,0.41003,5.87917,1.11899,1.61602,0.0002756,0.0002756,0.0002756
960,5753.46,6.02603,1.1561,1.60796,0.7949,0.57729,0.69363,0.41156,5.87613,1.11582,1.61592,0.0002738,0.0002738,0.0002738
961,5759.31,5.9231,1.11892,1.60502,0.79551,0.57574,0.69208,0.41074,5.865,1.111,1.61594,0.000272,0.000272,0.000272
962,5765.55,5.59282,1.0907,1.6262,0.79478,0.57743,0.69178,0.41097,5.86134,1.10784,1.61558,0.0002702,0.0002702,0.0002702
963,5771.2,5.70359,1.11493,1.63007,0.79841,0.57386,0.68966,0.40995,5.86768,1.10835,1.61545,0.0002684,0.0002684,0.0002684
964,5776.59,5.67641,1.11461,1.63497,0.79466,0.5685,0.68755,0.40841,5.88367,1.11313,1.61605,0.0002666,0.0002666,0.0002666
965,5782.71,5.84469,1.14108,1.61442,0.78954,0.57477,0.68953,0.40982,5.86966,1.1137,1.61643,0.0002648,0.0002648,0.0002648
966,5788.95,6.28085,1.20742,1.60125,0.79571,0.57908,0.69282,0.4124,5.84052,1.11097,1.61566,0.000263,0.000263,0.000263
967,5794.96,6.21062,1.20273,1.63413,0.79296,0.58086,0.69372,0.41314,5.85268,1.11153,1.61557,0.0002612,0.0002612,0.0002612
968,5800.91,5.83852,1.12974,1.64332,0.78976,0.58274,0.69499,0.41233,5.87978,1.11523,1.61577,0.0002594,0.0002594,0.0002594
969,5806.61,6.40136,1.199,1.59571,0.78901,0.58512,0.6962,0.41416,5.85859,1.11361,1.61548,0.0002576,0.0002576,0.0002576
970,5812.99,5.75949,1.15463,1.6536,0.78426,0.58731,0.69672,0.4157,5.82431,1.10994,1.6151,0.0002558,0.0002558,0.0002558
971,5819.41,5.39888,1.06544,1.65136,0.78302,0.58759,0.69524,0.41578,5.8141,1.11114,1.61487,0.000254,0.000254,0.000254
972,5825.21,5.82782,1.1152,1.62196,0.79086,0.5832,0.69607,0.41399,5.84094,1.11514,1.61561,0.0002522,0.0002522,0.0002522
973,5831.1,5.70188,1.09244,1.6184,0.78742,0.58347,0.69456,0.41305,5.8403,1.1146,1.61567,0.0002504,0.0002504,0.0002504
974,5837.75,6.28191,1.15899,1.60722,0.78364,0.58169,0.69163,0.41171,5.85875,1.11178,1.61626,0.0002486,0.0002486,0.0002486
975,5843.59,5.95945,1.16129,1.60546,0.78757,0.57592,0.69037,0.41029,5.88071,1.11205,1.61679,0.0002468,0.0002468,0.0002468
976,5849.53,6.71282,1.23249,1.57535,0.78311,0.57619,0.69154,0.41121,5.86064,1.1101,1.61676,0.000245,0.000245,0.000245
977,5855.46,5.34884,1.09426,1.66698,0.78512,0.57496,0.69287,0.41111,5.88258,1.11426,1.61724,0.0002432,0.0002432,0.0002432
978,5861.74,5.80411,1.11934,1.62883,0.78342,0.57604,0.69184,0.41157,5.88636,1.12021,1.61742,0.0002414,0.0002414,0.0002414
979,5867.67,5.76603,1.13852,1.62915,0.78898,0.57606,0.69245,0.41289,5.86133,1.11683,1.61687,0.0002396,0.0002396,0.0002396
980,5873.97,5.61631,1.12599,1.64176,0.79124,0.57702,0.69195,0.41252,5.86412,1.11627,1.61564,0.0002378,0.0002378,0.0002378
981,5879.67,6.11645,1.16657,1.61635,0.78994,0.57874,0.69326,0.41293,5.86125,1.11372,1.61517,0.000236,0.000236,0.000236
982,5885.62,5.78231,1.10175,1.6315,0.79403,0.58058,0.69595,0.4124,5.87062,1.11198,1.61564,0.0002342,0.0002342,0.0002342
983,5891.49,5.14624,1.0324,1.64369,0.79257,0.58224,0.69673,0.41329,5.87371,1.11348,1.61586,0.0002324,0.0002324,0.0002324
984,5897.49,6.02785,1.13901,1.61856,0.79042,0.58237,0.69591,0.41354,5.88125,1.11872,1.61534,0.0002306,0.0002306,0.0002306
985,5902.99,5.83031,1.14341,1.60522,0.78616,0.58195,0.69508,0.41353,5.87326,1.1185,1.61559,0.0002288,0.0002288,0.0002288
986,5909.05,5.29571,1.07939,1.66466,0.78341,0.58526,0.69614,0.41212,5.89514,1.12218,1.61632,0.000227,0.000227,0.000227
987,5915.07,5.45994,1.08304,1.63962,0.78033,0.5821,0.69319,0.41087,5.91975,1.12374,1.61681,0.0002252,0.0002252,0.0002252
988,5921.22,5.26085,1.05695,1.64599,0.77767,0.58237,0.69161,0.40839,5.93329,1.12635,1.61745,0.0002234,0.0002234,0.0002234
989,5927.44,5.67796,1.10283,1.64047,0.77902,0.58124,0.69177,0.40951,5.91981,1.12134,1.61757,0.0002216,0.0002216,0.0002216
990,5933.67,6.1552,1.17968,1.61068,0.77695,0.58498,0.69296,0.41151,5.89707,1.1169,1.61709,0.0002198,0.0002198,0.0002198
991,5992.4,5.77044,1.12941,1.63023,0.77552,0.58649,0.69486,0.41169,5.88333,1.11491,1.61659,0.000218,0.000218,0.000218
992,5998.21,6.47751,1.24678,1.61396,0.78252,0.58567,0.69408,0.41293,5.86885,1.11033,1.61627,0.0002162,0.0002162,0.0002162
993,6004.18,5.52336,1.07736,1.63651,0.78495,0.58375,0.6944,0.41217,5.86884,1.10913,1.61604,0.0002144,0.0002144,0.0002144
994,6010.4,5.90064,1.1447,1.61524,0.79024,0.5799,0.69378,0.41207,5.87791,1.11184,1.6163,0.0002126,0.0002126,0.0002126
995,6016.06,5.91897,1.14255,1.61146,0.79058,0.57867,0.6935,0.41149,5.87475,1.11377,1.61658,0.0002108,0.0002108,0.0002108
996,6022.16,6.03233,1.16748,1.61291,0.78777,0.57839,0.69296,0.41078,5.88652,1.11591,1.61661,0.000209,0.000209,0.000209
997,6027.84,5.93321,1.1401,1.61098,0.78688,0.57838,0.69231,0.4112,5.88631,1.11833,1.61628,0.0002072,0.0002072,0.0002072
998,6034.07,6.06174,1.15334,1.61198,0.78649,0.58072,0.69433,0.41141,5.87761,1.11978,1.61592,0.0002054,0.0002054,0.0002054
999,6039.93,5.561,1.0858,1.63537,0.78886,0.58072,0.69528,0.41267,5.86914,1.11904,1.61566,0.0002036,0.0002036,0.0002036
1000,6046.11,5.49507,1.0829,1.6101,0.79059,0.57523,0.69266,0.41139,5.87189,1.11987,1.61497,0.0002018,0.0002018,0.0002018
