epoch,time,train/box_loss,train/cls_loss,train/dfl_loss,metrics/precision(B),metrics/recall(B),metrics/mAP50(B),metrics/mAP50-95(B),val/box_loss,val/cls_loss,val/dfl_loss,lr/pg0,lr/pg1,lr/pg2
1,5.1135,4.4286,4.08534,1.25676,0.05156,0.08388,0.02797,0.01191,4.47263,4.42478,1.1648,0.19005,5e-05,5e-05
2,9.06787,3.98028,2.74025,1.05687,0.03963,0.0151,0.00841,0.00197,6.34313,6.84811,1.08114,0.17811,0.00011,0.00011
3,13.2085,3.3469,1.56981,0.92946,0.07765,0.12685,0.05171,0.0131,6.29365,3.64832,1.24642,0.16617,0.000169998,0.000169998
4,17.5206,3.56798,1.51562,0.9538,0.10437,0.17051,0.06926,0.01666,6.14929,3.03632,1.14259,0.15423,0.000229995,0.000229995
5,21.7411,3.21848,1.4688,0.91249,0.17338,0.21623,0.11909,0.02683,6.01433,2.58278,1.09597,0.14229,0.00028999,0.00028999
6,26.1587,3.26726,1.42725,0.91385,0.38837,0.29736,0.27123,0.07677,4.9582,2.36269,1.01734,0.13035,0.000349981,0.000349981
7,30.7264,2.89818,1.2916,0.91765,0.29665,0.25467,0.19236,0.04867,5.28257,2.75835,1.01595,0.11841,0.000409967,0.000409967
8,34.8322,3.1633,1.26977,0.90576,0.43837,0.35681,0.33658,0.10567,4.39607,1.94235,0.95649,0.10647,0.000469949,0.000469949
9,39.0199,2.97893,1.19858,0.90219,0.47528,0.40706,0.39001,0.13143,3.99727,1.72976,0.91247,0.0945299,0.000529925,0.000529925
10,43.2078,2.89485,1.20893,0.91149,0.4718,0.47474,0.39025,0.14473,3.6378,1.64691,0.88933,0.0825899,0.000589894,0.000589894
11,47.3166,2.76174,1.19139,0.88367,0.4803,0.40088,0.40412,0.14227,3.92853,1.55262,0.89952,0.0706499,0.000649856,0.000649856
12,51.3301,2.95128,1.18684,0.89652,0.53319,0.44577,0.45633,0.17667,3.51856,1.49441,0.88431,0.0587098,0.000709809,0.000709809
13,55.5673,2.78832,1.13589,0.88109,0.59724,0.47666,0.51336,0.20268,3.43529,1.54057,0.88292,0.0467698,0.000769754,0.000769754
14,59.7336,2.75725,1.17617,0.91349,0.38642,0.34377,0.28833,0.09761,4.01248,1.62784,0.89512,0.0348297,0.000829689,0.000829689
15,63.7152,2.83446,1.18363,0.90307,0.52361,0.44936,0.42372,0.15533,3.63105,1.89999,0.88327,0.0228896,0.000889613,0.000889613
16,67.7602,3.01026,1.18402,0.88417,0.56675,0.47803,0.49935,0.20006,3.4422,1.52203,0.88103,0.0109495,0.000949525,0.000949525
17,71.7546,2.62385,1.07092,0.87599,0.57997,0.46733,0.49957,0.19404,3.50854,1.42756,0.88264,0.000999432,0.000999432,0.000999432
18,75.7463,2.77291,1.09693,0.8927,0.53328,0.432,0.44344,0.15302,4.05215,1.44409,0.91086,0.000999358,0.000999358,0.000999358
19,79.7286,2.69819,1.06363,0.8636,0.57496,0.48751,0.51386,0.20342,3.61965,1.32635,0.89268,0.000999281,0.000999281,0.000999281
20,83.7986,2.72059,1.07219,0.87323,0.4891,0.48092,0.43475,0.15876,3.61772,1.3581,0.87971,0.000999199,0.000999199,0.000999199
21,87.6398,2.80692,1.0861,0.88298,0.47192,0.5008,0.41145,0.1512,3.61579,1.42667,0.8825,0.000999112,0.000999112,0.000999112
22,91.7473,2.73647,1.0618,0.87563,0.46687,0.44362,0.42154,0.15318,3.74188,1.36429,0.88196,0.000999021,0.000999021,0.000999021
23,95.757,2.72151,1.06076,0.87252,0.58153,0.521,0.52789,0.22397,3.18086,1.23674,0.86623,0.000998926,0.000998926,0.000998926
24,99.8334,2.77883,1.0688,0.88956,0.64413,0.52622,0.55837,0.24389,3.08932,1.21795,0.86805,0.000998826,0.000998826,0.000998826
25,104.015,2.71329,1.02085,0.87717,0.64776,0.53473,0.57562,0.25369,3.02852,1.17299,0.86337,0.000998722,0.000998722,0.000998722
26,108.325,2.86996,1.09139,0.88128,0.66027,0.53071,0.58851,0.27728,2.92943,1.227,0.86599,0.000998613,0.000998613,0.000998613
27,112.31,2.57661,1.06664,0.87746,0.64266,0.52773,0.5764,0.24861,3.13217,1.20288,0.86768,0.0009985,0.0009985,0.0009985
28,116.433,2.78673,1.06268,0.8682,0.61478,0.53954,0.57628,0.2425,3.20913,1.1623,0.86383,0.000998382,0.000998382,0.000998382
29,120.361,2.6866,1.03128,0.86222,0.6151,0.55972,0.59238,0.25841,3.12384,1.13216,0.8613,0.00099826,0.00099826,0.00099826
30,124.37,2.60763,1.01935,0.87806,0.67487,0.54486,0.61358,0.28163,2.96149,1.06923,0.85743,0.000998134,0.000998134,0.000998134
31,128.383,2.65109,0.99922,0.87918,0.67055,0.56233,0.62407,0.29156,2.89627,1.05509,0.85474,0.000998003,0.000998003,0.000998003
32,132.534,2.60405,1.00357,0.87338,0.65972,0.58264,0.63568,0.30755,2.81009,1.05936,0.85193,0.000997868,0.000997868,0.000997868
33,136.74,2.4765,0.97838,0.86157,0.65164,0.5755,0.62546,0.31661,2.7453,1.07284,0.85029,0.000997728,0.000997728,0.000997728
34,140.863,2.59814,0.98846,0.85904,0.65139,0.57331,0.63044,0.31253,2.79353,1.04593,0.85159,0.000997584,0.000997584,0.000997584
35,144.842,2.57353,0.99124,0.86912,0.7374,0.56192,0.65415,0.33594,2.71328,1.01219,0.85019,0.000997435,0.000997435,0.000997435
36,148.856,2.51867,1.02484,0.86749,0.67161,0.5545,0.61787,0.28952,2.8407,1.11141,0.85363,0.000997282,0.000997282,0.000997282
37,152.846,2.58785,1.0324,0.87523,0.67591,0.55313,0.62251,0.30302,2.83005,1.05511,0.85262,0.000997125,0.000997125,0.000997125
38,156.905,2.59267,1.02024,0.86724,0.68543,0.54504,0.62214,0.29181,2.93845,1.05202,0.85541,0.000996963,0.000996963,0.000996963
39,160.787,2.62967,0.98628,0.85887,0.70049,0.54805,0.63066,0.30154,2.8924,1.03424,0.85612,0.000996797,0.000996797,0.000996797
40,164.832,2.5419,0.97871,0.87295,0.72875,0.54809,0.64175,0.31736,2.78508,1.00326,0.85387,0.000996627,0.000996627,0.000996627
41,168.685,2.55483,0.99857,0.85912,0.71456,0.55368,0.63947,0.30383,2.85308,1.02065,0.85619,0.000996452,0.000996452,0.000996452
42,172.666,2.46712,0.96481,0.87507,0.6936,0.59142,0.65773,0.33587,2.67297,0.97556,0.85045,0.000996272,0.000996272,0.000996272
43,176.563,2.43826,0.95217,0.86576,0.68291,0.57273,0.64412,0.31219,2.83175,1.02317,0.85578,0.000996088,0.000996088,0.000996088
44,180.671,2.64009,0.96606,0.85929,0.74803,0.57467,0.67214,0.34136,2.66964,0.96424,0.84839,0.0009959,0.0009959,0.0009959
45,184.684,2.6138,0.98153,0.85382,0.71021,0.56458,0.65221,0.30586,2.88577,1.0149,0.85452,0.000995708,0.000995708,0.000995708
46,188.678,2.43636,0.95278,0.87773,0.72028,0.56846,0.65737,0.3252,2.75317,1.0013,0.8503,0.000995511,0.000995511,0.000995511
47,192.606,2.57266,0.98672,0.86887,0.72975,0.56831,0.66098,0.3273,2.75176,0.98504,0.84931,0.000995309,0.000995309,0.000995309
48,196.628,2.63263,0.97744,0.85698,0.68903,0.55903,0.63882,0.28871,3.03483,1.03397,0.85551,0.000995103,0.000995103,0.000995103
49,200.465,2.39008,0.92622,0.85662,0.7361,0.57173,0.66352,0.3436,2.62803,0.94581,0.84563,0.000994893,0.000994893,0.000994893
50,204.606,2.47012,0.95086,0.86014,0.68575,0.55821,0.63224,0.29935,2.90171,1.09411,0.85579,0.000994679,0.000994679,0.000994679
51,208.522,2.61329,0.9729,0.8567,0.72099,0.56425,0.65317,0.33754,2.66736,0.97726,0.84755,0.00099446,0.00099446,0.00099446
52,212.691,2.46193,0.92981,0.85188,0.63137,0.53679,0.58401,0.24377,3.241,1.11089,0.86096,0.000994236,0.000994236,0.000994236
53,216.62,2.50211,0.97967,0.85465,0.64842,0.54077,0.59508,0.25318,3.17494,1.09799,0.86091,0.000994009,0.000994009,0.000994009
54,220.648,2.62098,0.98811,0.85838,0.72734,0.58141,0.66582,0.34164,2.68526,0.97295,0.84544,0.000993777,0.000993777,0.000993777
55,224.569,2.4094,0.92778,0.84957,0.72535,0.59098,0.66991,0.3312,2.76017,0.9879,0.84778,0.00099354,0.00099354,0.00099354
56,228.64,2.29803,0.89887,0.86386,0.7447,0.5923,0.67844,0.36091,2.57065,0.94691,0.84145,0.000993299,0.000993299,0.000993299
57,232.74,2.34292,0.91217,0.84805,0.72099,0.6095,0.67984,0.3557,2.58739,0.94452,0.84371,0.000993054,0.000993054,0.000993054
58,236.751,2.48268,0.94403,0.84837,0.76316,0.58759,0.67747,0.35062,2.61399,0.95914,0.84372,0.000992804,0.000992804,0.000992804
59,240.642,2.48517,0.94935,0.85837,0.76374,0.58553,0.67975,0.36052,2.54857,0.95346,0.8422,0.00099255,0.00099255,0.00099255
60,244.519,2.36793,0.93596,0.85099,0.73697,0.59045,0.67553,0.34639,2.6351,0.94955,0.8415,0.000992292,0.000992292,0.000992292
61,248.524,2.5103,0.93532,0.8486,0.75653,0.59212,0.68192,0.35571,2.59111,0.9478,0.84185,0.000992029,0.000992029,0.000992029
62,252.496,2.49262,0.95716,0.85341,0.69714,0.60297,0.67198,0.35233,2.59812,0.97899,0.84486,0.000991762,0.000991762,0.000991762
63,256.466,2.57813,0.95196,0.85511,0.71224,0.60008,0.67839,0.35114,2.60571,0.94744,0.8426,0.000991491,0.000991491,0.000991491
64,260.427,2.36189,0.89833,0.85814,0.70781,0.58306,0.66208,0.33739,2.63245,0.9714,0.84151,0.000991215,0.000991215,0.000991215
65,264.419,2.483,0.9342,0.85663,0.75309,0.58649,0.67899,0.35364,2.60532,0.94151,0.8425,0.000990935,0.000990935,0.000990935
66,268.565,2.46737,0.96844,0.86008,0.7056,0.58866,0.66318,0.34478,2.62734,0.9873,0.84447,0.00099065,0.00099065,0.00099065
67,272.598,2.49958,0.95269,0.85617,0.73137,0.58869,0.67311,0.35357,2.58585,0.94313,0.84332,0.000990361,0.000990361,0.000990361
68,276.551,2.26223,0.92014,0.85828,0.77576,0.58656,0.68587,0.35107,2.62191,1.00565,0.84345,0.000990068,0.000990068,0.000990068
69,280.483,2.31873,0.9316,0.86761,0.75704,0.56864,0.67069,0.34201,2.61954,0.9609,0.84489,0.000989771,0.000989771,0.000989771
70,284.436,2.28022,0.93438,0.86635,0.74954,0.58526,0.68056,0.36434,2.51029,0.93497,0.83913,0.000989469,0.000989469,0.000989469
71,288.453,2.33285,0.91682,0.84557,0.75008,0.59898,0.68821,0.35784,2.60305,0.94847,0.84321,0.000989163,0.000989163,0.000989163
72,292.545,2.47796,0.92499,0.85449,0.75103,0.61148,0.69352,0.35916,2.59637,0.95024,0.84246,0.000988852,0.000988852,0.000988852
73,296.352,2.45079,0.93642,0.84819,0.72535,0.60365,0.68129,0.35062,2.625,0.96222,0.84298,0.000988537,0.000988537,0.000988537
74,300.385,2.52622,0.94235,0.86402,0.64982,0.53885,0.60295,0.26275,3.12856,1.09733,0.8568,0.000988218,0.000988218,0.000988218
75,304.286,2.52919,0.96675,0.84686,0.71057,0.57536,0.65707,0.32415,2.81281,1.01588,0.84853,0.000987894,0.000987894,0.000987894
76,308.217,2.3656,0.92836,0.85794,0.72286,0.56793,0.65923,0.34271,2.65796,0.98302,0.84302,0.000987566,0.000987566,0.000987566
77,312.131,2.33565,0.90853,0.8526,0.70169,0.5637,0.64619,0.31014,2.85694,1.02814,0.84873,0.000987234,0.000987234,0.000987234
78,316.189,2.40472,0.91727,0.85282,0.74115,0.5963,0.68301,0.36416,2.54363,0.93241,0.83889,0.000986898,0.000986898,0.000986898
79,320.107,2.47471,0.92731,0.84867,0.73153,0.59473,0.67953,0.36079,2.55686,0.94597,0.83992,0.000986557,0.000986557,0.000986557
80,324.053,2.31285,0.90101,0.85227,0.74703,0.58663,0.6772,0.36742,2.4912,0.91469,0.83868,0.000986212,0.000986212,0.000986212
81,328.097,2.29523,0.8884,0.8477,0.71091,0.58471,0.66305,0.35302,2.54554,0.93623,0.83762,0.000985862,0.000985862,0.000985862
82,332.154,2.36643,0.91388,0.84581,0.75214,0.58948,0.68353,0.36936,2.49828,0.9199,0.83718,0.000985509,0.000985509,0.000985509
83,336.268,2.55999,0.94016,0.84541,0.76299,0.60193,0.69391,0.36795,2.51933,0.92374,0.83883,0.000985151,0.000985151,0.000985151
84,340.206,2.26604,0.88974,0.84977,0.75165,0.58877,0.67448,0.34915,2.65672,0.94943,0.84515,0.000984788,0.000984788,0.000984788
85,344.079,2.37163,0.91231,0.84741,0.74199,0.59624,0.67657,0.36487,2.53446,0.93043,0.84165,0.000984422,0.000984422,0.000984422
86,348.15,2.28728,0.88786,0.86199,0.75061,0.58869,0.68059,0.36868,2.47024,0.91644,0.83763,0.000984051,0.000984051,0.000984051
87,352.05,2.28127,0.87426,0.844,0.75605,0.58402,0.67549,0.35457,2.5294,0.94105,0.83941,0.000983676,0.000983676,0.000983676
88,356.152,2.40934,0.93154,0.84959,0.74684,0.58347,0.67744,0.36505,2.5284,0.94604,0.84068,0.000983296,0.000983296,0.000983296
89,360.18,2.29935,0.9069,0.85066,0.75027,0.58567,0.67784,0.36573,2.53133,0.95137,0.84159,0.000982912,0.000982912,0.000982912
90,364.191,2.26179,0.89114,0.85764,0.73505,0.61971,0.69387,0.36762,2.51114,0.92996,0.83837,0.000982524,0.000982524,0.000982524
91,368.062,2.41053,0.90626,0.85313,0.73922,0.61971,0.69546,0.37089,2.49146,0.9164,0.83795,0.000982132,0.000982132,0.000982132
92,372.245,2.26017,0.8882,0.85019,0.74874,0.60942,0.69013,0.36418,2.52018,0.944,0.8378,0.000981736,0.000981736,0.000981736
93,376.132,2.30026,0.88405,0.84447,0.74915,0.60708,0.69056,0.36419,2.59302,0.92648,0.84017,0.000981335,0.000981335,0.000981335
94,380.266,2.20759,0.87024,0.83996,0.72847,0.61738,0.69058,0.36394,2.57623,0.95325,0.83795,0.00098093,0.00098093,0.00098093
95,384.188,2.20993,0.88461,0.83573,0.73069,0.60695,0.68552,0.34933,2.6269,0.94609,0.84029,0.00098052,0.00098052,0.00098052
96,388.248,2.18858,0.85775,0.84886,0.73777,0.6153,0.69334,0.35838,2.61068,0.94608,0.84356,0.000980107,0.000980107,0.000980107
97,392.213,2.42722,0.89619,0.84008,0.76099,0.61614,0.6998,0.37303,2.48952,0.92115,0.83751,0.000979689,0.000979689,0.000979689
98,396.299,2.27952,0.87676,0.85117,0.70363,0.57269,0.6449,0.29563,2.86321,1.01259,0.8444,0.000979267,0.000979267,0.000979267
99,400.456,2.39669,0.89284,0.84496,0.6987,0.56082,0.63408,0.28594,2.92363,1.0337,0.8464,0.000978841,0.000978841,0.000978841
100,404.441,2.34701,0.89372,0.8493,0.73127,0.61454,0.68444,0.37111,2.49256,0.95172,0.8361,0.00097841,0.00097841,0.00097841
101,408.396,2.48425,0.93131,0.83275,0.71763,0.60677,0.67497,0.35265,2.5731,0.95615,0.83777,0.000977975,0.000977975,0.000977975
102,412.476,2.38871,0.90275,0.84918,0.76977,0.59404,0.69234,0.37526,2.47349,0.89908,0.83747,0.000977536,0.000977536,0.000977536
103,416.455,2.26731,0.85661,0.84405,0.77504,0.60022,0.69957,0.3757,2.45362,0.88459,0.83559,0.000977093,0.000977093,0.000977093
104,420.833,2.49294,0.91881,0.85085,0.7757,0.60203,0.70094,0.36306,2.55436,0.91998,0.8379,0.000976646,0.000976646,0.000976646
105,424.719,2.35377,0.8926,0.84922,0.78649,0.61848,0.7086,0.37041,2.51191,0.92447,0.83619,0.000976194,0.000976194,0.000976194
106,428.73,2.27293,0.89257,0.85263,0.74925,0.60708,0.6953,0.37488,2.48385,0.91612,0.83555,0.000975738,0.000975738,0.000975738
107,432.599,2.2017,0.8658,0.84599,0.74397,0.60022,0.68935,0.36501,2.53183,0.9153,0.83623,0.000975278,0.000975278,0.000975278
108,436.639,2.30125,0.88701,0.84161,0.76289,0.61133,0.70161,0.3869,2.41515,0.88989,0.8339,0.000974814,0.000974814,0.000974814
109,440.936,2.36089,0.89909,0.84845,0.74547,0.60969,0.69659,0.36998,2.52519,0.90981,0.83847,0.000974346,0.000974346,0.000974346
110,444.908,2.16662,0.85459,0.84069,0.78677,0.61628,0.7092,0.38465,2.45969,0.89552,0.83548,0.000973873,0.000973873,0.000973873
111,448.771,2.2112,0.85307,0.84491,0.76893,0.62191,0.70758,0.38581,2.43207,0.89855,0.83509,0.000973396,0.000973396,0.000973396
112,452.859,2.23945,0.84805,0.83844,0.76678,0.61079,0.70601,0.38482,2.45488,0.8831,0.83387,0.000972915,0.000972915,0.000972915
113,456.755,2.21651,0.84307,0.83476,0.77097,0.61862,0.71032,0.39384,2.38652,0.86443,0.8327,0.00097243,0.00097243,0.00097243
114,460.906,2.22583,0.85131,0.842,0.76255,0.61505,0.70366,0.37723,2.45879,0.88715,0.83265,0.000971941,0.000971941,0.000971941
115,464.944,2.22703,0.85053,0.83359,0.76653,0.61161,0.70427,0.39186,2.36086,0.8737,0.82877,0.000971447,0.000971447,0.000971447
116,468.901,2.1926,0.85453,0.84577,0.7555,0.60239,0.69338,0.3825,2.39546,0.88248,0.8305,0.00097095,0.00097095,0.00097095
117,472.891,2.03561,0.81923,0.83382,0.77704,0.6123,0.70781,0.3962,2.33126,0.85861,0.82937,0.000970448,0.000970448,0.000970448
118,476.93,2.266,0.86534,0.84208,0.76982,0.6093,0.70759,0.39722,2.34313,0.87077,0.83122,0.000969942,0.000969942,0.000969942
119,481.033,2.19895,0.82992,0.84627,0.75846,0.61752,0.70329,0.38534,2.40957,0.87549,0.83308,0.000969432,0.000969432,0.000969432
120,484.995,2.33241,0.86664,0.83368,0.74444,0.60049,0.68572,0.38006,2.40839,0.90408,0.83124,0.000968918,0.000968918,0.000968918
121,488.96,2.21304,0.84227,0.83322,0.74234,0.60653,0.68675,0.3598,2.55524,0.91692,0.83532,0.000968399,0.000968399,0.000968399
122,492.909,2.2311,0.85902,0.83406,0.77799,0.59753,0.70089,0.38573,2.41272,0.88043,0.83355,0.000967877,0.000967877,0.000967877
123,496.829,2.35139,0.87017,0.8358,0.77322,0.602,0.7005,0.38555,2.3973,0.87688,0.83454,0.00096735,0.00096735,0.00096735
124,500.809,2.18314,0.84097,0.83808,0.78506,0.60956,0.71157,0.38767,2.40683,0.86539,0.83153,0.00096682,0.00096682,0.00096682
125,504.772,2.16294,0.82436,0.82923,0.76692,0.61944,0.71195,0.38762,2.42451,0.87065,0.83255,0.000966285,0.000966285,0.000966285
126,508.831,2.18672,0.82892,0.83557,0.76254,0.63303,0.71926,0.39667,2.39627,0.88704,0.83057,0.000965746,0.000965746,0.000965746
127,512.843,2.22614,0.85033,0.83924,0.76044,0.63825,0.7177,0.38472,2.46359,0.90052,0.83292,0.000965203,0.000965203,0.000965203
128,516.793,2.23629,0.86737,0.83387,0.75233,0.62068,0.70295,0.38167,2.44445,0.88574,0.83352,0.000964656,0.000964656,0.000964656
129,520.646,2.27903,0.86643,0.8422,0.78103,0.62466,0.70883,0.37832,2.47472,0.90362,0.83324,0.000964104,0.000964104,0.000964104
130,524.625,2.38742,0.9032,0.84198,0.77467,0.62351,0.7145,0.39648,2.37075,0.86748,0.82917,0.000963549,0.000963549,0.000963549
131,528.682,2.23726,0.86075,0.83929,0.75949,0.62123,0.70985,0.38228,2.47514,0.88651,0.83257,0.00096299,0.00096299,0.00096299
132,532.696,2.19864,0.83518,0.84494,0.80031,0.6091,0.71598,0.3978,2.35394,0.8679,0.82817,0.000962426,0.000962426,0.000962426
133,536.71,2.22774,0.8497,0.83712,0.80141,0.60379,0.70891,0.38897,2.38393,0.87298,0.83034,0.000961859,0.000961859,0.000961859
134,540.72,2.11605,0.84288,0.84187,0.78084,0.60502,0.70725,0.39679,2.32335,0.85156,0.83009,0.000961287,0.000961287,0.000961287
135,544.699,2.15084,0.842,0.8369,0.79346,0.61074,0.71647,0.39164,2.38414,0.86232,0.8293,0.000960711,0.000960711,0.000960711
136,548.57,2.15291,0.84238,0.82939,0.75876,0.62438,0.71684,0.39014,2.39466,0.8784,0.82903,0.000960131,0.000960131,0.000960131
137,552.677,2.23937,0.87462,0.83803,0.75183,0.62823,0.71118,0.39134,2.37111,0.85423,0.83001,0.000959548,0.000959548,0.000959548
138,556.663,2.24293,0.86239,0.83766,0.7907,0.60599,0.70524,0.38967,2.37207,0.85671,0.83091,0.00095896,0.00095896,0.00095896
139,560.522,2.20049,0.82932,0.83388,0.77747,0.60173,0.70747,0.39191,2.35771,0.85626,0.828,0.000958368,0.000958368,0.000958368
140,564.503,2.12872,0.84165,0.8367,0.78613,0.60077,0.71082,0.39499,2.35471,0.8557,0.82762,0.000957772,0.000957772,0.000957772
141,568.417,2.23612,0.84545,0.83309,0.77889,0.60838,0.71166,0.39715,2.32882,0.86586,0.82784,0.000957172,0.000957172,0.000957172
142,572.476,2.2461,0.83566,0.83508,0.79656,0.63001,0.72518,0.40097,2.33172,0.86036,0.82746,0.000956568,0.000956568,0.000956568
143,576.62,2.1862,0.85497,0.83937,0.77414,0.61477,0.71321,0.38425,2.42845,0.8707,0.82793,0.00095596,0.00095596,0.00095596
144,580.642,2.16319,0.83704,0.83897,0.75739,0.63047,0.71377,0.39217,2.41837,0.87703,0.83042,0.000955348,0.000955348,0.000955348
145,584.598,2.2326,0.84237,0.83073,0.77583,0.61719,0.71225,0.39143,2.44432,0.89279,0.83197,0.000954732,0.000954732,0.000954732
146,588.632,2.44904,0.89894,0.84862,0.76634,0.61056,0.70636,0.3816,2.45031,0.90743,0.83369,0.000954112,0.000954112,0.000954112
147,592.507,2.27141,0.85371,0.84229,0.78268,0.61669,0.71424,0.40089,2.35375,0.84629,0.83121,0.000953488,0.000953488,0.000953488
148,596.501,2.25991,0.83502,0.83933,0.7605,0.60928,0.7069,0.37229,2.51007,0.88742,0.83318,0.000952861,0.000952861,0.000952861
149,600.485,2.19476,0.82619,0.83313,0.75449,0.60763,0.70258,0.37108,2.5008,0.89443,0.83251,0.000952229,0.000952229,0.000952229
150,604.482,2.3313,0.86072,0.82551,0.7893,0.62691,0.72154,0.39609,2.3566,0.84537,0.82913,0.000951593,0.000951593,0.000951593
151,608.411,2.18325,0.85184,0.83082,0.77934,0.62397,0.71824,0.40653,2.30852,0.83722,0.82798,0.000950953,0.000950953,0.000950953
152,612.581,2.30745,0.87458,0.83296,0.77551,0.62984,0.71647,0.40021,2.33943,0.84367,0.82806,0.000950309,0.000950309,0.000950309
153,616.575,2.12679,0.82346,0.8324,0.77866,0.61889,0.71526,0.39885,2.35038,0.85394,0.82832,0.000949661,0.000949661,0.000949661
154,620.76,2.13165,0.7979,0.83112,0.78159,0.59775,0.70563,0.38153,2.43175,0.89416,0.83136,0.00094901,0.00094901,0.00094901
155,624.57,2.14438,0.82236,0.8339,0.79591,0.60722,0.71401,0.4046,2.29124,0.83585,0.82656,0.000948354,0.000948354,0.000948354
156,628.517,2.04823,0.80303,0.84497,0.79187,0.61584,0.7198,0.40218,2.30577,0.83566,0.82685,0.000947695,0.000947695,0.000947695
157,632.463,2.12187,0.82812,0.82762,0.79111,0.62184,0.72393,0.40658,2.30788,0.83404,0.82604,0.000947031,0.000947031,0.000947031
158,636.477,2.07034,0.81133,0.83696,0.80433,0.61244,0.71719,0.39897,2.38979,0.84619,0.82921,0.000946364,0.000946364,0.000946364
159,640.521,2.13432,0.8239,0.8281,0.7933,0.61227,0.71862,0.40678,2.31574,0.83799,0.82691,0.000945692,0.000945692,0.000945692
160,644.544,2.11207,0.80779,0.83877,0.79042,0.62727,0.72631,0.41121,2.29453,0.83833,0.82547,0.000945017,0.000945017,0.000945017
161,648.668,2.07679,0.79279,0.83226,0.7789,0.62534,0.72231,0.40067,2.36124,0.85068,0.82692,0.000944338,0.000944338,0.000944338
162,652.585,2.16228,0.819,0.8334,0.79041,0.61354,0.7212,0.40597,2.31269,0.83692,0.82534,0.000943655,0.000943655,0.000943655
163,656.486,2.21474,0.8111,0.82762,0.8025,0.62367,0.72849,0.41462,2.25923,0.82533,0.82477,0.000942968,0.000942968,0.000942968
164,660.8,2.29597,0.82634,0.83352,0.78182,0.62331,0.7235,0.41296,2.27612,0.82725,0.82418,0.000942277,0.000942277,0.000942277
165,664.909,2.02611,0.78824,0.83212,0.79395,0.62603,0.72934,0.4149,2.2588,0.82453,0.82329,0.000941583,0.000941583,0.000941583
166,669.075,2.16329,0.81802,0.83583,0.78728,0.63767,0.73075,0.41209,2.30018,0.8379,0.8252,0.000940884,0.000940884,0.000940884
167,673.072,2.16538,0.81156,0.83469,0.80063,0.63015,0.72668,0.38531,2.45621,0.87348,0.82944,0.000940182,0.000940182,0.000940182
168,677.115,2.34453,0.8415,0.83838,0.77623,0.62452,0.71595,0.40287,2.33391,0.84602,0.82826,0.000939476,0.000939476,0.000939476
169,681.045,2.10694,0.82421,0.84316,0.77683,0.63289,0.72471,0.39452,2.39274,0.86459,0.82737,0.000938766,0.000938766,0.000938766
170,684.994,2.15838,0.83005,0.82726,0.80146,0.63042,0.72811,0.40578,2.32801,0.90605,0.82477,0.000938052,0.000938052,0.000938052
171,689.023,2.16204,0.85906,0.83411,0.77132,0.62122,0.71326,0.38963,2.40728,0.86568,0.82606,0.000937334,0.000937334,0.000937334
172,693.066,2.16805,0.8718,0.83037,0.7973,0.63125,0.72816,0.4033,2.3265,0.85785,0.82513,0.000936612,0.000936612,0.000936612
173,696.996,2.12714,0.82235,0.84135,0.81727,0.63386,0.73302,0.40653,2.30605,0.90662,0.82479,0.000935887,0.000935887,0.000935887
174,700.991,2.07823,0.8194,0.82934,0.79789,0.64072,0.73788,0.41629,2.26884,0.83319,0.82496,0.000935158,0.000935158,0.000935158
175,705.018,2.09947,0.80384,0.83077,0.79745,0.63221,0.73129,0.40536,2.34866,0.84339,0.82717,0.000934425,0.000934425,0.000934425
176,709.153,1.94837,0.78086,0.82806,0.79449,0.61883,0.72755,0.41824,2.26895,0.82556,0.82398,0.000933688,0.000933688,0.000933688
177,713.215,2.27061,0.84635,0.83312,0.79646,0.62328,0.73142,0.41968,2.26388,0.83004,0.8237,0.000932948,0.000932948,0.000932948
178,717.288,2.21634,0.82441,0.82512,0.7877,0.61684,0.72642,0.41506,2.29653,0.84102,0.82418,0.000932203,0.000932203,0.000932203
179,721.313,2.20058,0.82552,0.8319,0.77787,0.62315,0.72576,0.41306,2.30536,0.83486,0.82372,0.000931455,0.000931455,0.000931455
180,725.245,2.11772,0.80673,0.83992,0.80335,0.62383,0.72506,0.40791,2.29178,0.82128,0.82534,0.000930703,0.000930703,0.000930703
181,729.342,2.11462,0.80574,0.83414,0.79764,0.63421,0.72779,0.40888,2.31472,0.82379,0.82581,0.000929948,0.000929948,0.000929948
182,733.281,2.03641,0.77723,0.82838,0.77756,0.63001,0.72697,0.41666,2.25691,0.8174,0.82453,0.000929188,0.000929188,0.000929188
183,737.208,2.1016,0.79459,0.82921,0.78326,0.62493,0.7245,0.41837,2.23645,0.81208,0.8239,0.000928425,0.000928425,0.000928425
184,741.201,2.02169,0.77594,0.82413,0.7792,0.6204,0.72566,0.40655,2.345,0.83458,0.82546,0.000927658,0.000927658,0.000927658
185,745.151,2.24937,0.82449,0.82777,0.7838,0.63784,0.7346,0.41909,2.29006,0.8146,0.82445,0.000926888,0.000926888,0.000926888
186,749.11,2.07533,0.78765,0.82151,0.80768,0.63825,0.73973,0.42655,2.24512,0.81732,0.82371,0.000926113,0.000926113,0.000926113
187,753.321,2.02755,0.77297,0.82885,0.79225,0.63646,0.73683,0.42612,2.22497,0.81424,0.82264,0.000925335,0.000925335,0.000925335
188,757.313,2.04985,0.7853,0.82589,0.77338,0.64292,0.73471,0.42802,2.2162,0.8026,0.82135,0.000924554,0.000924554,0.000924554
189,761.33,1.93735,0.75539,0.82958,0.77245,0.64827,0.73821,0.42835,2.22413,0.8015,0.82221,0.000923768,0.000923768,0.000923768
190,765.488,1.95635,0.75825,0.8251,0.8111,0.62122,0.74003,0.42626,2.23191,0.80914,0.8225,0.000922979,0.000922979,0.000922979
191,769.346,2.09261,0.78283,0.81851,0.79464,0.63271,0.74003,0.42223,2.26305,0.81749,0.82168,0.000922186,0.000922186,0.000922186
192,773.408,2.20188,0.80898,0.83507,0.80561,0.63262,0.73814,0.42405,2.25869,0.81826,0.82275,0.00092139,0.00092139,0.00092139
193,777.216,2.02204,0.77641,0.82019,0.80029,0.62166,0.73004,0.42069,2.26362,0.82347,0.82227,0.00092059,0.00092059,0.00092059
194,781.26,2.15597,0.80493,0.83023,0.79275,0.63173,0.72832,0.41806,2.26887,0.83209,0.82177,0.000919786,0.000919786,0.000919786
195,785.07,2.11608,0.80045,0.82609,0.77926,0.62471,0.72484,0.40612,2.34096,0.84739,0.82432,0.000918978,0.000918978,0.000918978
196,788.958,2.01368,0.78763,0.83417,0.78749,0.63303,0.73033,0.41397,2.26794,0.82694,0.82276,0.000918167,0.000918167,0.000918167
197,793.018,2.10161,0.80487,0.82707,0.80652,0.62754,0.73362,0.41001,2.29589,0.82955,0.82437,0.000917353,0.000917353,0.000917353
198,797.062,2.13976,0.84293,0.82846,0.80475,0.63138,0.73544,0.40975,2.29172,0.8284,0.82461,0.000916534,0.000916534,0.000916534
199,800.941,1.9897,0.7891,0.83668,0.8232,0.62713,0.73558,0.41827,2.25414,0.83601,0.82352,0.000915712,0.000915712,0.000915712
200,804.892,2.11167,0.80001,0.82586,0.81275,0.61752,0.72937,0.41146,2.27935,0.82404,0.82313,0.000914887,0.000914887,0.000914887
201,808.789,1.9404,0.7763,0.81789,0.82114,0.62778,0.73315,0.41586,2.26518,0.82876,0.8231,0.000914058,0.000914058,0.000914058
202,812.929,2.03662,0.77564,0.8259,0.78818,0.63523,0.72975,0.41177,2.27931,0.8266,0.82375,0.000913225,0.000913225,0.000913225
203,816.813,2.10429,0.80451,0.83382,0.80735,0.62596,0.73218,0.41525,2.28697,0.82155,0.82425,0.000912389,0.000912389,0.000912389
204,820.746,1.99394,0.78655,0.82671,0.77408,0.6469,0.73539,0.4206,2.24902,0.81409,0.82231,0.000911549,0.000911549,0.000911549
205,824.681,2.0035,0.78304,0.82728,0.78929,0.63029,0.73137,0.41351,2.29629,0.8213,0.82301,0.000910705,0.000910705,0.000910705
206,828.698,2.10982,0.77808,0.82441,0.79725,0.62296,0.72693,0.41623,2.24617,0.81285,0.82295,0.000909858,0.000909858,0.000909858
207,832.489,2.01556,0.7808,0.83229,0.79491,0.62727,0.73232,0.41849,2.24199,0.81556,0.8228,0.000909007,0.000909007,0.000909007
208,836.581,2.03997,0.78618,0.82495,0.80617,0.63029,0.73737,0.41626,2.28563,0.82048,0.82308,0.000908153,0.000908153,0.000908153
209,840.466,2.07197,0.78619,0.82303,0.79222,0.6366,0.73599,0.42082,2.24151,0.81677,0.82346,0.000907296,0.000907296,0.000907296
210,844.541,2.06424,0.78136,0.82842,0.78965,0.63081,0.73342,0.40736,2.34989,0.82839,0.8256,0.000906434,0.000906434,0.000906434
211,848.394,2.13149,0.80209,0.83412,0.78707,0.63111,0.7234,0.39366,2.40245,0.83918,0.82674,0.00090557,0.00090557,0.00090557
212,852.26,2.14178,0.80106,0.83518,0.76986,0.63344,0.72272,0.41578,2.2494,0.81492,0.82271,0.000904702,0.000904702,0.000904702
213,856.16,2.10573,0.79238,0.82077,0.7522,0.6272,0.71423,0.39795,2.35794,0.83778,0.82383,0.00090383,0.00090383,0.00090383
214,860.267,2.10374,0.79762,0.82326,0.79657,0.63488,0.73021,0.41202,2.26984,0.82742,0.82326,0.000902955,0.000902955,0.000902955
215,864.138,2.0518,0.78461,0.82298,0.79894,0.63097,0.72786,0.41219,2.25925,0.81674,0.82392,0.000902076,0.000902076,0.000902076
216,868.087,2.05235,0.80018,0.82752,0.79662,0.62594,0.72639,0.407,2.29099,0.82192,0.82392,0.000901194,0.000901194,0.000901194
217,871.953,2.03284,0.7931,0.82665,0.79557,0.6285,0.72978,0.41521,2.23931,0.8097,0.82153,0.000900308,0.000900308,0.000900308
218,876.027,1.96638,0.78213,0.828,0.79743,0.62809,0.73482,0.42899,2.19555,0.80386,0.82094,0.000899419,0.000899419,0.000899419
219,880.06,1.99973,0.78576,0.82721,0.81907,0.62479,0.73621,0.42689,2.20769,0.80113,0.82108,0.000898526,0.000898526,0.000898526
220,884.104,2.04362,0.7888,0.83179,0.80842,0.62101,0.7298,0.42321,2.22096,0.81168,0.82301,0.00089763,0.00089763,0.00089763
221,888.21,1.98787,0.77606,0.82904,0.78462,0.63266,0.72681,0.42169,2.21379,0.81622,0.82295,0.000896731,0.000896731,0.000896731
222,892.148,1.99409,0.77079,0.82328,0.79777,0.63015,0.7349,0.42101,2.24429,0.8105,0.82232,0.000895828,0.000895828,0.000895828
223,896.168,2.07977,0.7834,0.81979,0.80441,0.6228,0.73002,0.41855,2.24169,0.80887,0.82232,0.000894922,0.000894922,0.000894922
224,900.119,1.99991,0.77299,0.82309,0.77013,0.61955,0.71859,0.41317,2.27469,0.85183,0.8221,0.000894012,0.000894012,0.000894012
225,904.064,2.032,0.78325,0.81583,0.80076,0.62878,0.7335,0.42541,2.20287,0.80387,0.81997,0.000893099,0.000893099,0.000893099
226,908.037,1.99816,0.77444,0.83109,0.79871,0.62917,0.73576,0.42578,2.21216,0.80619,0.82055,0.000892183,0.000892183,0.000892183
227,911.931,1.96555,0.7659,0.82554,0.79165,0.62672,0.7328,0.41772,2.25328,0.81661,0.82094,0.000891263,0.000891263,0.000891263
228,916.099,2.13119,0.7942,0.81864,0.78277,0.63716,0.73885,0.42003,2.28915,0.82565,0.82343,0.00089034,0.00089034,0.00089034
229,919.957,1.97847,0.75933,0.82175,0.79624,0.64099,0.74293,0.42346,2.2388,0.80857,0.82078,0.000889413,0.000889413,0.000889413
230,923.891,2.0088,0.77106,0.82225,0.80505,0.62507,0.73646,0.41264,2.25467,0.81774,0.82165,0.000888483,0.000888483,0.000888483
231,927.668,2.00349,0.77393,0.83023,0.78684,0.63398,0.72938,0.4091,2.25612,0.81812,0.82145,0.00088755,0.00088755,0.00088755
232,931.607,1.94503,0.76767,0.82348,0.81101,0.6345,0.73361,0.41944,2.21695,0.8194,0.8212,0.000886613,0.000886613,0.000886613
233,935.597,1.94233,0.77645,0.81944,0.79721,0.63221,0.73303,0.41511,2.25127,0.81888,0.82111,0.000885674,0.000885674,0.000885674
234,939.51,1.92379,0.76377,0.82287,0.78077,0.64182,0.73422,0.418,2.25821,0.81488,0.82149,0.00088473,0.00088473,0.00088473
235,943.379,2.05789,0.79927,0.82553,0.79543,0.62932,0.73518,0.41111,2.30911,0.81946,0.82374,0.000883784,0.000883784,0.000883784
236,947.373,2.07641,0.77145,0.82155,0.80714,0.63839,0.73787,0.41202,2.32352,0.8193,0.82474,0.000882834,0.000882834,0.000882834
237,951.26,2.13756,0.80586,0.82594,0.80702,0.63605,0.73508,0.40129,2.36305,0.82815,0.82559,0.000881881,0.000881881,0.000881881
238,955.285,1.99615,0.76948,0.82711,0.81106,0.63015,0.7388,0.42227,2.2013,0.79691,0.82004,0.000880925,0.000880925,0.000880925
239,959.196,1.97621,0.76155,0.81776,0.82081,0.63769,0.74211,0.42639,2.20739,0.80087,0.81994,0.000879965,0.000879965,0.000879965
240,963.287,1.95506,0.75668,0.82427,0.80353,0.61477,0.72933,0.42159,2.21338,0.81706,0.82039,0.000879002,0.000879002,0.000879002
241,967.126,2.02671,0.77398,0.82869,0.80828,0.60773,0.72623,0.41476,2.25827,0.82853,0.8215,0.000878036,0.000878036,0.000878036
242,971.1,2.03119,0.76139,0.81742,0.80335,0.63166,0.73268,0.42454,2.18446,0.8021,0.82196,0.000877067,0.000877067,0.000877067
243,975.114,1.9436,0.75646,0.82891,0.80722,0.63292,0.73768,0.43166,2.15744,0.78888,0.8202,0.000876094,0.000876094,0.000876094
244,979.363,1.89568,0.73372,0.81526,0.80662,0.64021,0.74344,0.43802,2.1562,0.78347,0.81947,0.000875118,0.000875118,0.000875118
245,983.37,2.00032,0.75729,0.8205,0.81885,0.62878,0.74454,0.44186,2.14323,0.78587,0.81904,0.000874139,0.000874139,0.000874139
246,987.43,1.9288,0.75262,0.81988,0.81678,0.63509,0.74433,0.44006,2.16361,0.78522,0.81913,0.000873157,0.000873157,0.000873157
247,991.298,1.82636,0.71764,0.81213,0.82093,0.63509,0.74218,0.43437,2.1875,0.78698,0.8199,0.000872171,0.000872171,0.000872171
248,995.36,2.00987,0.76978,0.82054,0.81068,0.63564,0.74485,0.42876,2.23936,0.79447,0.82056,0.000871183,0.000871183,0.000871183
249,999.217,1.96516,0.76459,0.82497,0.80651,0.63634,0.74242,0.42498,2.27796,0.79913,0.82137,0.000870191,0.000870191,0.000870191
250,1003.14,1.95998,0.74942,0.82551,0.8133,0.63372,0.74145,0.43179,2.20452,0.78832,0.81963,0.000869196,0.000869196,0.000869196
251,1007.07,2.00383,0.76138,0.8221,0.81649,0.62731,0.74011,0.43071,2.20358,0.78947,0.81945,0.000868198,0.000868198,0.000868198
252,1011.08,1.98971,0.75212,0.82139,0.80129,0.63721,0.74031,0.42973,2.18802,0.79259,0.81838,0.000867197,0.000867197,0.000867197
253,1015.06,1.92151,0.74861,0.81993,0.81129,0.63125,0.74242,0.43774,2.14731,0.78014,0.81741,0.000866192,0.000866192,0.000866192
254,1019.02,1.97431,0.75379,0.82388,0.8084,0.62383,0.73749,0.43672,2.14452,0.77645,0.81911,0.000865185,0.000865185,0.000865185
255,1022.95,1.86224,0.73004,0.81994,0.79423,0.62836,0.73687,0.43597,2.16631,0.78008,0.82032,0.000864174,0.000864174,0.000864174
256,1026.93,2.06435,0.77058,0.82031,0.79707,0.62229,0.73716,0.42667,2.22445,0.79861,0.82105,0.000863161,0.000863161,0.000863161
257,1030.79,2.00879,0.76366,0.82456,0.80509,0.62987,0.74169,0.43317,2.1825,0.7817,0.81861,0.000862144,0.000862144,0.000862144
258,1034.78,2.03627,0.76503,0.81332,0.80873,0.62866,0.74201,0.43235,2.18982,0.78782,0.81961,0.000861124,0.000861124,0.000861124
259,1038.73,1.98828,0.75362,0.82462,0.8153,0.62164,0.73942,0.43281,2.18148,0.78645,0.81857,0.000860101,0.000860101,0.000860101
260,1042.59,2.02178,0.75836,0.82506,0.80649,0.63042,0.73956,0.43285,2.16407,0.78508,0.81684,0.000859075,0.000859075,0.000859075
261,1046.41,1.88979,0.74183,0.81898,0.8003,0.61862,0.73014,0.41001,2.3268,0.81489,0.82132,0.000858046,0.000858046,0.000858046
262,1050.37,1.96454,0.75129,0.8184,0.81632,0.63087,0.74042,0.43661,2.15277,0.78024,0.81716,0.000857014,0.000857014,0.000857014
263,1054.4,1.95223,0.73782,0.81171,0.82425,0.63907,0.74978,0.44228,2.1151,0.76737,0.81611,0.000855979,0.000855979,0.000855979
264,1058.51,1.88321,0.7281,0.81868,0.78946,0.64502,0.74468,0.43838,2.16663,0.78379,0.81599,0.000854941,0.000854941,0.000854941
265,1062.41,1.91164,0.7265,0.81623,0.79995,0.64615,0.74962,0.44634,2.11911,0.77336,0.81547,0.0008539,0.0008539,0.0008539
266,1066.67,1.93814,0.73823,0.82021,0.81388,0.63756,0.74685,0.43613,2.15947,0.78311,0.81811,0.000852856,0.000852856,0.000852856
267,1070.5,1.82174,0.71364,0.81414,0.81082,0.64374,0.74887,0.44203,2.11599,0.77165,0.8168,0.000851809,0.000851809,0.000851809
268,1074.66,1.89881,0.73856,0.82494,0.79474,0.63138,0.73586,0.4259,2.19828,0.79903,0.81731,0.000850758,0.000850758,0.000850758
269,1078.54,1.89441,0.73566,0.81901,0.80134,0.64295,0.74052,0.43738,2.13282,0.792,0.816,0.000849705,0.000849705,0.000849705
270,1082.55,1.88446,0.73264,0.81837,0.81895,0.62346,0.73548,0.4334,2.16329,0.78861,0.81845,0.000848649,0.000848649,0.000848649
271,1086.5,1.85622,0.75909,0.82712,0.81769,0.62273,0.73419,0.43059,2.17275,0.79458,0.81807,0.00084759,0.00084759,0.00084759
272,1090.41,1.87869,0.73992,0.8239,0.80309,0.63664,0.74115,0.435,2.14078,0.78209,0.81635,0.000846528,0.000846528,0.000846528
273,1094.41,1.90666,0.74022,0.8163,0.80948,0.63138,0.73955,0.42175,2.23382,0.79331,0.81874,0.000845464,0.000845464,0.000845464
274,1098.37,2.01496,0.77134,0.82858,0.81674,0.64498,0.74931,0.43877,2.12611,0.76585,0.81715,0.000844396,0.000844396,0.000844396
275,1102.19,1.96081,0.75573,0.82365,0.8124,0.64684,0.74729,0.44044,2.1213,0.76581,0.81767,0.000843325,0.000843325,0.000843325
276,1106.12,2.03861,0.75235,0.82261,0.80877,0.62727,0.74334,0.43553,2.16861,0.78028,0.81726,0.000842252,0.000842252,0.000842252
277,1110.09,2.04142,0.76172,0.81333,0.80707,0.62974,0.7433,0.44,2.14248,0.77871,0.81565,0.000841175,0.000841175,0.000841175
278,1114.23,1.90604,0.73679,0.81887,0.80896,0.6447,0.74937,0.44359,2.11722,0.77338,0.81514,0.000840096,0.000840096,0.000840096
279,1118.06,1.85757,0.72208,0.81572,0.81564,0.63852,0.74577,0.44256,2.10623,0.76354,0.815,0.000839014,0.000839014,0.000839014
280,1122.04,1.93778,0.74101,0.81753,0.82012,0.64845,0.75434,0.44732,2.08856,0.77004,0.8152,0.000837929,0.000837929,0.000837929
281,1126.1,2.00473,0.74926,0.81857,0.82313,0.64913,0.7577,0.44933,2.11557,0.76283,0.81571,0.000836841,0.000836841,0.000836841
282,1130.23,1.67944,0.68928,0.81819,0.80654,0.64429,0.7547,0.44738,2.12135,0.776,0.81521,0.00083575,0.00083575,0.00083575
283,1134.21,1.84607,0.71215,0.81543,0.82014,0.63916,0.75597,0.44595,2.14735,0.78256,0.81633,0.000834657,0.000834657,0.000834657
284,1138.22,1.77684,0.70983,0.82155,0.82742,0.63979,0.75551,0.44683,2.09693,0.75878,0.81641,0.00083356,0.00083356,0.00083356
285,1142.09,1.8583,0.72464,0.81537,0.83843,0.63578,0.75358,0.44308,2.11097,0.76348,0.81611,0.000832461,0.000832461,0.000832461
286,1146.06,1.84006,0.73095,0.82246,0.8348,0.63688,0.74793,0.42983,2.2057,0.78812,0.81707,0.000831359,0.000831359,0.000831359
287,1149.91,1.79184,0.71309,0.81281,0.83617,0.62905,0.74636,0.44235,2.10509,0.7673,0.81525,0.000830255,0.000830255,0.000830255
288,1153.85,1.92052,0.73855,0.81204,0.81853,0.64401,0.74692,0.43511,2.16802,0.79385,0.81615,0.000829147,0.000829147,0.000829147
289,1157.92,1.92407,0.73535,0.81896,0.8233,0.64477,0.74871,0.43803,2.16431,0.77914,0.81491,0.000828037,0.000828037,0.000828037
290,1161.9,1.90477,0.72488,0.81643,0.82842,0.64813,0.75622,0.45028,2.08997,0.76059,0.81276,0.000826924,0.000826924,0.000826924
291,1165.82,1.93978,0.73532,0.81494,0.8242,0.65033,0.75842,0.44647,2.1334,0.77095,0.81448,0.000825808,0.000825808,0.000825808
292,1170.13,2.0257,0.75632,0.82122,0.81062,0.64415,0.75433,0.45093,2.09417,0.75625,0.81451,0.00082469,0.00082469,0.00082469
293,1174.18,1.80965,0.7228,0.82723,0.79871,0.64607,0.74955,0.44965,2.09361,0.76453,0.81546,0.000823569,0.000823569,0.000823569
294,1178.22,2.0745,0.7575,0.81273,0.80435,0.65239,0.75592,0.44334,2.15341,0.77669,0.81582,0.000822445,0.000822445,0.000822445
295,1182.02,1.91697,0.74032,0.81526,0.80907,0.65157,0.7558,0.44864,2.09977,0.76729,0.81427,0.000821318,0.000821318,0.000821318
296,1185.96,1.93747,0.73468,0.81554,0.82616,0.62328,0.74134,0.44045,2.12379,0.76569,0.81513,0.000820189,0.000820189,0.000820189
297,1189.9,1.96811,0.74329,0.81671,0.81694,0.62891,0.74228,0.44011,2.10293,0.76058,0.81452,0.000819057,0.000819057,0.000819057
298,1193.77,1.83803,0.72464,0.81671,0.82369,0.64539,0.7487,0.4329,2.1528,0.79692,0.81539,0.000817923,0.000817923,0.000817923
299,1197.61,1.99916,0.75771,0.81185,0.82465,0.64889,0.74874,0.42995,2.17969,0.8036,0.81546,0.000816786,0.000816786,0.000816786
300,1201.73,1.95104,0.73122,0.80785,0.81501,0.6363,0.74303,0.43643,2.11964,0.77076,0.81471,0.000815646,0.000815646,0.000815646
301,1205.6,2.00341,0.74446,0.81534,0.82942,0.63701,0.74794,0.43972,2.10717,0.76279,0.81475,0.000814503,0.000814503,0.000814503
302,1209.61,1.91957,0.73251,0.81698,0.80915,0.65306,0.75567,0.44932,2.0938,0.75961,0.81391,0.000813358,0.000813358,0.000813358
303,1213.52,1.92107,0.72734,0.82025,0.81402,0.64992,0.75789,0.45452,2.07786,0.75764,0.81377,0.000812211,0.000812211,0.000812211
304,1217.6,1.84692,0.71812,0.81856,0.81687,0.64788,0.76257,0.46129,2.05681,0.75353,0.81431,0.000811061,0.000811061,0.000811061
305,1221.78,1.81027,0.71643,0.82768,0.8318,0.63683,0.76071,0.45711,2.06695,0.75135,0.81489,0.000809908,0.000809908,0.000809908
306,1225.73,1.98394,0.74344,0.81753,0.82516,0.63646,0.75673,0.45246,2.07563,0.74899,0.81552,0.000808752,0.000808752,0.000808752
307,1229.62,1.86862,0.7097,0.81396,0.82963,0.64649,0.76017,0.44853,2.13654,0.77215,0.815,0.000807594,0.000807594,0.000807594
308,1233.55,1.89774,0.72751,0.81058,0.81325,0.63613,0.75492,0.44743,2.14109,0.78609,0.81551,0.000806434,0.000806434,0.000806434
309,1237.41,1.77194,0.71514,0.81752,0.7992,0.64586,0.75295,0.44357,2.15599,0.79086,0.81644,0.000805271,0.000805271,0.000805271
310,1241.34,1.9012,0.73631,0.81087,0.80087,0.6539,0.74793,0.43949,2.15259,0.77715,0.81571,0.000804106,0.000804106,0.000804106
311,1245.23,2.05054,0.76982,0.81875,0.80209,0.6458,0.74479,0.42847,2.22781,0.78777,0.81702,0.000802938,0.000802938,0.000802938
312,1249.2,1.94632,0.73135,0.81559,0.81551,0.65157,0.75277,0.44199,2.11642,0.77554,0.81427,0.000801767,0.000801767,0.000801767
313,1253.05,1.81783,0.72406,0.8173,0.82245,0.65157,0.75388,0.44381,2.10185,0.7702,0.81381,0.000800594,0.000800594,0.000800594
314,1257.08,1.92481,0.73169,0.82172,0.81565,0.63963,0.74664,0.43463,2.18534,0.77416,0.81594,0.000799419,0.000799419,0.000799419
315,1260.98,1.84412,0.72597,0.81696,0.81752,0.648,0.75023,0.44768,2.07836,0.75513,0.81385,0.000798241,0.000798241,0.000798241
316,1265.18,1.90507,0.72697,0.81569,0.81474,0.64854,0.75126,0.44587,2.10738,0.75373,0.81433,0.00079706,0.00079706,0.00079706
317,1268.99,1.83434,0.72455,0.81714,0.82037,0.63952,0.75151,0.44874,2.07578,0.74717,0.81387,0.000795877,0.000795877,0.000795877
318,1272.98,1.92621,0.71578,0.8112,0.81818,0.64498,0.75634,0.45311,2.08809,0.75861,0.8147,0.000794692,0.000794692,0.000794692
319,1276.85,1.80962,0.71818,0.82528,0.82042,0.6385,0.75771,0.45381,2.08147,0.75327,0.8147,0.000793505,0.000793505,0.000793505
320,1280.76,1.8935,0.72448,0.81715,0.81484,0.64827,0.75317,0.44785,2.08412,0.7503,0.81547,0.000792315,0.000792315,0.000792315
321,1284.67,1.84115,0.70879,0.81532,0.80981,0.64594,0.74807,0.44677,2.07441,0.74631,0.8149,0.000791122,0.000791122,0.000791122
322,1288.78,1.91836,0.71336,0.81145,0.77616,0.65376,0.74373,0.44488,2.09954,0.75673,0.81539,0.000789927,0.000789927,0.000789927
323,1292.72,1.89174,0.72101,0.81621,0.82193,0.62545,0.74589,0.44749,2.08496,0.75304,0.81474,0.00078873,0.00078873,0.00078873
324,1296.62,1.73171,0.69806,0.81127,0.81676,0.64017,0.75227,0.44755,2.10424,0.75876,0.81437,0.00078753,0.00078753,0.00078753
325,1300.5,1.84507,0.71349,0.81088,0.82229,0.64909,0.75413,0.45129,2.08527,0.75446,0.81317,0.000786329,0.000786329,0.000786329
326,1304.53,1.78305,0.68897,0.80703,0.82301,0.6388,0.75275,0.4522,2.0684,0.75069,0.81415,0.000785124,0.000785124,0.000785124
327,1308.57,1.8558,0.71936,0.81829,0.81338,0.64326,0.7519,0.44878,2.09497,0.75447,0.81439,0.000783918,0.000783918,0.000783918
328,1312.58,1.84204,0.70697,0.80451,0.81305,0.64841,0.75306,0.44955,2.06978,0.75213,0.81402,0.000782709,0.000782709,0.000782709
329,1316.48,1.62056,0.66341,0.80484,0.81506,0.64863,0.75429,0.45236,2.05335,0.74675,0.81342,0.000781498,0.000781498,0.000781498
330,1320.42,1.84367,0.70138,0.8111,0.82152,0.65005,0.75786,0.45439,2.06174,0.74778,0.81318,0.000780284,0.000780284,0.000780284
331,1324.51,1.75665,0.70019,0.8096,0.82134,0.6444,0.7555,0.45926,2.03575,0.74804,0.81318,0.000779069,0.000779069,0.000779069
332,1328.49,1.72312,0.68883,0.8087,0.82703,0.6506,0.75947,0.45916,2.04273,0.74103,0.81315,0.000777851,0.000777851,0.000777851
333,1332.39,1.76631,0.68739,0.80862,0.82685,0.64379,0.7585,0.4596,2.03061,0.73692,0.81242,0.00077663,0.00077663,0.00077663
334,1336.4,1.79019,0.69215,0.81035,0.8268,0.64703,0.75888,0.45985,2.0296,0.7369,0.81113,0.000775408,0.000775408,0.000775408
335,1340.38,1.84117,0.70749,0.81189,0.82372,0.64772,0.75944,0.45454,2.08259,0.75321,0.81173,0.000774183,0.000774183,0.000774183
336,1344.51,1.7474,0.68991,0.80687,0.8157,0.64662,0.75668,0.46183,2.01701,0.74389,0.81175,0.000772956,0.000772956,0.000772956
337,1348.56,1.95989,0.71566,0.80968,0.82799,0.641,0.7554,0.46018,2.02933,0.74287,0.81234,0.000771727,0.000771727,0.000771727
338,1352.61,1.78942,0.70448,0.82264,0.82924,0.65321,0.76473,0.45955,2.05367,0.7434,0.81218,0.000770496,0.000770496,0.000770496
339,1356.55,1.90227,0.7319,0.81229,0.83349,0.6517,0.76547,0.46428,2.00573,0.73308,0.81138,0.000769263,0.000769263,0.000769263
340,1360.58,1.61237,0.6607,0.80659,0.82955,0.64679,0.76453,0.46436,2.02035,0.73523,0.81072,0.000768027,0.000768027,0.000768027
341,1364.79,1.81671,0.69225,0.81278,0.83907,0.64264,0.76502,0.47038,1.97644,0.72575,0.8104,0.000766789,0.000766789,0.000766789
342,1368.88,1.6798,0.6801,0.81299,0.84199,0.64223,0.76626,0.46747,2.00272,0.72878,0.81133,0.000765549,0.000765549,0.000765549
343,1372.73,1.72065,0.67482,0.81039,0.83471,0.64649,0.76609,0.46491,2.01677,0.73031,0.81214,0.000764307,0.000764307,0.000764307
344,1376.7,1.77528,0.6863,0.81249,0.81446,0.64665,0.7593,0.45286,2.11833,0.7601,0.81403,0.000763063,0.000763063,0.000763063
345,1380.58,1.81746,0.70957,0.81352,0.82171,0.64923,0.76072,0.46074,2.05211,0.75006,0.81264,0.000761817,0.000761817,0.000761817
346,1384.68,1.68696,0.68325,0.80713,0.81039,0.64545,0.75855,0.45734,2.06195,0.75121,0.81384,0.000760568,0.000760568,0.000760568
347,1388.57,1.75467,0.68806,0.80923,0.80504,0.655,0.76048,0.46189,2.02681,0.74313,0.81278,0.000759318,0.000759318,0.000759318
348,1392.55,1.89667,0.72303,0.80788,0.81636,0.64498,0.75803,0.45624,2.05531,0.74444,0.81298,0.000758065,0.000758065,0.000758065
349,1396.39,1.7723,0.69611,0.82191,0.82478,0.64237,0.75658,0.45072,2.07609,0.74544,0.81326,0.000756811,0.000756811,0.000756811
350,1400.48,1.75754,0.69725,0.81599,0.82932,0.64264,0.75779,0.45853,2.05355,0.74457,0.81174,0.000755554,0.000755554,0.000755554
351,1404.53,1.78888,0.70261,0.8133,0.81776,0.65795,0.76332,0.46004,2.06549,0.74728,0.81171,0.000754296,0.000754296,0.000754296
352,1408.61,1.75551,0.6907,0.81323,0.82414,0.65074,0.76628,0.47017,2.00151,0.72789,0.81093,0.000753035,0.000753035,0.000753035
353,1412.55,1.81204,0.69495,0.80982,0.83861,0.63797,0.76259,0.46912,1.98742,0.72714,0.81093,0.000751772,0.000751772,0.000751772
354,1416.52,1.84271,0.69242,0.80288,0.83261,0.64607,0.75956,0.46634,1.98795,0.72665,0.81062,0.000750508,0.000750508,0.000750508
355,1420.48,1.7952,0.68313,0.81123,0.84075,0.6447,0.76493,0.46807,1.98237,0.72122,0.81147,0.000749241,0.000749241,0.000749241
356,1424.52,1.75266,0.68312,0.81016,0.82692,0.65417,0.76617,0.46915,1.98753,0.72134,0.8119,0.000747973,0.000747973,0.000747973
357,1428.46,1.81196,0.69692,0.80995,0.83443,0.6517,0.76597,0.46892,2.00229,0.72681,0.8123,0.000746702,0.000746702,0.000746702
358,1432.42,1.71669,0.66916,0.81457,0.81628,0.65756,0.75591,0.45321,2.04909,0.74685,0.81308,0.00074543,0.00074543,0.00074543
359,1436.29,1.96929,0.74994,0.81923,0.82246,0.65321,0.75248,0.4442,2.09729,0.75916,0.81403,0.000744155,0.000744155,0.000744155
360,1440.25,1.75553,0.69232,0.80469,0.82152,0.63701,0.75159,0.45903,2.02456,0.74518,0.81278,0.000742879,0.000742879,0.000742879
361,1444.21,1.8078,0.70687,0.81426,0.8149,0.65074,0.75286,0.45775,2.03749,0.74523,0.81284,0.000741601,0.000741601,0.000741601
362,1448.26,1.82719,0.70293,0.80658,0.83108,0.65225,0.76147,0.46085,2.01608,0.73838,0.8121,0.000740321,0.000740321,0.000740321
363,1452.18,1.69764,0.68173,0.81241,0.82875,0.65129,0.76182,0.46534,1.99224,0.72325,0.81124,0.000739039,0.000739039,0.000739039
364,1456.2,1.70422,0.6738,0.81466,0.82623,0.66256,0.766,0.46978,1.97963,0.72015,0.81045,0.000737755,0.000737755,0.000737755
365,1460.23,1.61176,0.67008,0.81047,0.82683,0.65815,0.76546,0.4708,1.99177,0.72425,0.81092,0.000736469,0.000736469,0.000736469
366,1464.48,1.80006,0.69703,0.81013,0.83654,0.65693,0.76519,0.46315,2.03925,0.74002,0.81024,0.000735181,0.000735181,0.000735181
367,1468.43,1.7487,0.69188,0.80866,0.82705,0.65848,0.76423,0.4607,2.0523,0.74421,0.81068,0.000733892,0.000733892,0.000733892
368,1472.42,1.71589,0.68213,0.81426,0.82371,0.65303,0.7596,0.46314,2.01809,0.73605,0.81117,0.000732601,0.000732601,0.000732601
369,1476.37,1.7369,0.689,0.80957,0.8227,0.65806,0.76094,0.46155,2.01716,0.73749,0.81067,0.000731308,0.000731308,0.000731308
370,1480.32,1.73978,0.68604,0.81116,0.79986,0.64813,0.75209,0.44939,2.10418,0.75439,0.81293,0.000730013,0.000730013,0.000730013
371,1484.35,1.66265,0.67079,0.80781,0.8026,0.65335,0.75532,0.4556,2.06569,0.74199,0.81213,0.000728717,0.000728717,0.000728717
372,1488.36,1.64434,0.66547,0.80401,0.8188,0.66241,0.76667,0.46774,2.015,0.72687,0.81131,0.000727418,0.000727418,0.000727418
373,1492.26,1.70387,0.68013,0.81213,0.831,0.655,0.76817,0.47055,2.00765,0.72366,0.81128,0.000726118,0.000726118,0.000726118
374,1496.22,1.80225,0.68432,0.81091,0.82264,0.65678,0.76525,0.46945,2.01659,0.7291,0.8113,0.000724816,0.000724816,0.000724816
375,1500.14,1.66129,0.66029,0.80811,0.80097,0.66518,0.76542,0.47016,2.01572,0.73121,0.81096,0.000723513,0.000723513,0.000723513
376,1504.3,1.76096,0.67106,0.80455,0.82412,0.66323,0.76645,0.47497,1.95518,0.71562,0.80977,0.000722208,0.000722208,0.000722208
377,1508.34,1.7079,0.67569,0.81391,0.83179,0.65852,0.76524,0.47494,1.95674,0.71698,0.81046,0.000720901,0.000720901,0.000720901
378,1512.29,1.75674,0.6822,0.80585,0.83936,0.64937,0.76625,0.47306,1.97775,0.71982,0.81023,0.000719592,0.000719592,0.000719592
379,1516.17,1.67217,0.67078,0.81399,0.8326,0.65349,0.76625,0.47269,1.98155,0.71578,0.81001,0.000718282,0.000718282,0.000718282
380,1520.25,1.73441,0.67867,0.80799,0.83592,0.65431,0.76731,0.47466,1.9684,0.71228,0.80965,0.00071697,0.00071697,0.00071697
381,1524.24,1.71018,0.66937,0.80811,0.83898,0.65453,0.76739,0.47564,1.96866,0.71731,0.80943,0.000715656,0.000715656,0.000715656
382,1528.31,1.67825,0.66241,0.80439,0.8465,0.64401,0.76984,0.4682,2.02111,0.72712,0.81097,0.000714341,0.000714341,0.000714341
383,1532.31,1.74389,0.67488,0.81225,0.83414,0.64555,0.76832,0.46473,2.04536,0.73568,0.81165,0.000713024,0.000713024,0.000713024
384,1536.31,1.71957,0.67457,0.80903,0.8297,0.65843,0.77022,0.47398,1.98351,0.72397,0.80949,0.000711705,0.000711705,0.000711705
385,1540.2,1.58195,0.64691,0.80953,0.82438,0.65089,0.76424,0.46879,2.00277,0.72434,0.81061,0.000710385,0.000710385,0.000710385
386,1544.41,1.71563,0.66841,0.80732,0.82699,0.65494,0.76138,0.46998,1.96045,0.71869,0.80931,0.000709064,0.000709064,0.000709064
387,1548.35,1.75592,0.68148,0.80748,0.82026,0.65953,0.76249,0.46729,1.98548,0.72656,0.80978,0.00070774,0.00070774,0.00070774
388,1552.35,1.71484,0.6813,0.81486,0.80533,0.65997,0.76267,0.47016,1.99704,0.72712,0.81035,0.000706416,0.000706416,0.000706416
389,1556.26,1.67503,0.66639,0.81308,0.82181,0.655,0.76541,0.47301,1.96333,0.7168,0.80912,0.000705089,0.000705089,0.000705089
390,1560.18,1.72625,0.67885,0.80444,0.81385,0.65005,0.76338,0.47569,1.96806,0.71641,0.80979,0.000703761,0.000703761,0.000703761
391,1564.27,1.68992,0.67659,0.81428,0.81265,0.64671,0.76375,0.47133,1.99526,0.72818,0.8105,0.000702432,0.000702432,0.000702432
392,1568.23,1.77979,0.67983,0.81046,0.82113,0.65047,0.76346,0.46871,2.00234,0.72761,0.81085,0.000701101,0.000701101,0.000701101
393,1572.09,1.7751,0.68322,0.80834,0.82238,0.64649,0.7633,0.47012,1.99219,0.72251,0.81052,0.000699769,0.000699769,0.000699769
394,1576.1,1.79099,0.68334,0.80355,0.82006,0.6626,0.76668,0.47439,1.94726,0.7158,0.80947,0.000698435,0.000698435,0.000698435
395,1580.05,1.75822,0.67887,0.808,0.80947,0.66928,0.76663,0.47098,1.97868,0.72217,0.8097,0.0006971,0.0006971,0.0006971
396,1584.11,1.74243,0.67237,0.81074,0.82604,0.64538,0.76317,0.47204,1.97881,0.72521,0.8094,0.000695763,0.000695763,0.000695763
397,1587.95,1.77837,0.67778,0.80434,0.82219,0.65447,0.7656,0.47292,1.96867,0.71512,0.8091,0.000694425,0.000694425,0.000694425
398,1591.92,1.72899,0.6761,0.80813,0.82542,0.65756,0.76727,0.47738,1.95865,0.71438,0.80888,0.000693085,0.000693085,0.000693085
399,1596.01,1.72072,0.67104,0.80692,0.82058,0.65927,0.76933,0.47659,1.96831,0.71432,0.80925,0.000691744,0.000691744,0.000691744
400,1599.93,1.743,0.68166,0.81015,0.82601,0.66433,0.77112,0.47946,1.948,0.70897,0.80928,0.000690401,0.000690401,0.000690401
401,1603.89,1.737,0.67925,0.81163,0.81951,0.6587,0.76764,0.47885,1.95069,0.70748,0.80981,0.000689058,0.000689058,0.000689058
402,1607.82,1.63114,0.64915,0.8029,0.83539,0.64717,0.76728,0.47887,1.9434,0.70451,0.80973,0.000687712,0.000687712,0.000687712
403,1611.71,1.73393,0.67543,0.80679,0.83422,0.64786,0.76908,0.47729,1.96103,0.71015,0.81075,0.000686366,0.000686366,0.000686366
404,1615.67,1.86895,0.70123,0.80324,0.83316,0.64374,0.76371,0.46966,1.99156,0.71659,0.81134,0.000685018,0.000685018,0.000685018
405,1619.66,1.55627,0.6448,0.80626,0.82326,0.66124,0.76256,0.46646,1.99845,0.723,0.81233,0.000683669,0.000683669,0.000683669
406,1623.81,1.67968,0.67261,0.80424,0.83616,0.64662,0.76239,0.46784,1.98539,0.71582,0.81136,0.000682318,0.000682318,0.000682318
407,1627.68,1.80096,0.69205,0.80663,0.83725,0.64443,0.76251,0.46956,1.98536,0.71713,0.81091,0.000680966,0.000680966,0.000680966
408,1631.61,1.65416,0.67872,0.81485,0.83833,0.65102,0.76569,0.47403,1.96994,0.7145,0.81003,0.000679613,0.000679613,0.000679613
409,1635.48,1.68144,0.66243,0.80303,0.83364,0.65362,0.76609,0.47693,1.95218,0.71455,0.80986,0.000678259,0.000678259,0.000678259
410,1639.52,1.66876,0.66883,0.81165,0.83254,0.64911,0.76518,0.47718,1.95696,0.71406,0.80951,0.000676903,0.000676903,0.000676903
411,1643.47,1.54281,0.62837,0.80266,0.81808,0.65115,0.7638,0.47079,1.99479,0.7212,0.81026,0.000675546,0.000675546,0.000675546
412,1647.36,1.67481,0.66649,0.80798,0.84738,0.64182,0.76516,0.47497,1.96012,0.71255,0.80963,0.000674188,0.000674188,0.000674188
413,1651.24,1.63642,0.6474,0.80499,0.84278,0.64731,0.76403,0.47162,1.97909,0.72156,0.81,0.000672828,0.000672828,0.000672828
414,1655.17,1.5422,0.63829,0.80904,0.83956,0.64209,0.76433,0.47139,2.00634,0.72222,0.81129,0.000671468,0.000671468,0.000671468
415,1659.06,1.70253,0.67994,0.81075,0.83341,0.64854,0.76618,0.4739,1.99504,0.72103,0.81113,0.000670106,0.000670106,0.000670106
416,1662.99,1.55871,0.64168,0.80776,0.82513,0.65829,0.7681,0.47885,1.95559,0.71511,0.80916,0.000668743,0.000668743,0.000668743
417,1666.93,1.71041,0.68414,0.81025,0.82828,0.64761,0.76583,0.47478,1.98086,0.72727,0.80991,0.000667379,0.000667379,0.000667379
418,1670.87,1.69767,0.67028,0.80949,0.83992,0.65198,0.77205,0.47799,1.97071,0.72479,0.81047,0.000666013,0.000666013,0.000666013
419,1674.69,1.67221,0.66901,0.81614,0.82873,0.66096,0.77362,0.4757,1.98128,0.72726,0.8112,0.000664647,0.000664647,0.000664647
420,1678.67,1.78302,0.68295,0.80797,0.81002,0.66186,0.76951,0.46422,2.06023,0.74622,0.81308,0.000663279,0.000663279,0.000663279
421,1682.52,1.68153,0.66793,0.81256,0.80296,0.66749,0.76989,0.47524,1.97868,0.72771,0.81081,0.00066191,0.00066191,0.00066191
422,1686.59,1.61524,0.65979,0.80884,0.8344,0.63688,0.76236,0.47097,1.99192,0.73853,0.81095,0.000660541,0.000660541,0.000660541
423,1690.65,1.58064,0.65827,0.80799,0.82115,0.65111,0.76306,0.46985,2.01324,0.74098,0.81095,0.00065917,0.00065917,0.00065917
424,1694.57,1.66373,0.66888,0.80783,0.83239,0.6511,0.7656,0.47484,1.95372,0.71455,0.80987,0.000657798,0.000657798,0.000657798
425,1698.53,1.71913,0.6748,0.81028,0.83684,0.64731,0.76648,0.47711,1.95408,0.711,0.81001,0.000656425,0.000656425,0.000656425
426,1702.46,1.63566,0.65685,0.80552,0.8445,0.65266,0.77034,0.47624,1.94201,0.7104,0.80966,0.00065505,0.00065505,0.00065505
427,1706.32,1.70911,0.6761,0.81034,0.85229,0.64525,0.77067,0.47738,1.95675,0.71092,0.8112,0.000653675,0.000653675,0.000653675
428,1710.31,1.66001,0.64946,0.80334,0.83044,0.65421,0.76734,0.4729,2.00951,0.71905,0.81296,0.000652299,0.000652299,0.000652299
429,1714.18,1.66297,0.6558,0.80788,0.8437,0.64978,0.76907,0.47972,1.94258,0.7061,0.81103,0.000650922,0.000650922,0.000650922
430,1718.25,1.65324,0.6498,0.80888,0.8296,0.65436,0.7683,0.47573,1.96203,0.71405,0.81058,0.000649544,0.000649544,0.000649544
431,1722.06,1.65864,0.65277,0.80863,0.82726,0.65747,0.76949,0.47616,1.97235,0.71794,0.80996,0.000648164,0.000648164,0.000648164
432,1725.96,1.75406,0.68374,0.81155,0.84323,0.655,0.77449,0.48343,1.934,0.70951,0.80862,0.000646784,0.000646784,0.000646784
433,1730.06,1.59147,0.64303,0.80534,0.84895,0.65005,0.77483,0.48354,1.93827,0.70725,0.80854,0.000645403,0.000645403,0.000645403
434,1734.2,1.51011,0.62649,0.8011,0.81966,0.67106,0.77414,0.48586,1.90455,0.69501,0.80818,0.000644021,0.000644021,0.000644021
435,1738.19,1.67842,0.65448,0.80716,0.81138,0.67206,0.77395,0.48477,1.9097,0.6959,0.8085,0.000642638,0.000642638,0.000642638
436,1742.2,1.55379,0.63538,0.79912,0.83587,0.65234,0.76953,0.48169,1.92161,0.70113,0.80805,0.000641254,0.000641254,0.000641254
437,1746.1,1.66427,0.66257,0.80906,0.83128,0.65527,0.76827,0.48134,1.91491,0.69931,0.80839,0.000639869,0.000639869,0.000639869
438,1750.17,1.65308,0.64825,0.80452,0.82733,0.66708,0.77163,0.47411,1.96638,0.72078,0.80845,0.000638484,0.000638484,0.000638484
439,1754.06,1.61474,0.6516,0.8073,0.83815,0.66049,0.77106,0.47441,1.96918,0.71692,0.8084,0.000637097,0.000637097,0.000637097
440,1758.04,1.60163,0.64565,0.80833,0.81586,0.64992,0.7622,0.4726,1.99577,0.71672,0.80819,0.00063571,0.00063571,0.00063571
441,1761.92,1.61969,0.65619,0.80656,0.819,0.64853,0.76202,0.4731,1.97643,0.7128,0.8082,0.000634322,0.000634322,0.000634322
442,1765.82,1.803,0.69267,0.80574,0.84357,0.64772,0.76387,0.47456,1.94819,0.7094,0.80857,0.000632933,0.000632933,0.000632933
443,1769.7,1.52593,0.63549,0.8055,0.8332,0.64328,0.75821,0.46506,2.00969,0.72217,0.81019,0.000631543,0.000631543,0.000631543
444,1773.89,1.73564,0.66141,0.80872,0.84691,0.64481,0.76178,0.47229,1.95112,0.71275,0.8083,0.000630152,0.000630152,0.000630152
445,1777.71,1.67185,0.65686,0.8068,0.8432,0.6541,0.76705,0.47634,1.93629,0.70917,0.80753,0.00062876,0.00062876,0.00062876
446,1781.66,1.62682,0.64449,0.8056,0.84345,0.65568,0.77198,0.48296,1.91363,0.70449,0.80762,0.000627368,0.000627368,0.000627368
447,1785.48,1.53013,0.61844,0.80407,0.84781,0.65467,0.77643,0.48387,1.91601,0.69889,0.80766,0.000625975,0.000625975,0.000625975
448,1789.59,1.68438,0.65336,0.79881,0.83486,0.65898,0.77587,0.4836,1.93105,0.69954,0.8079,0.000624581,0.000624581,0.000624581
449,1793.51,1.49611,0.62915,0.79953,0.82738,0.66735,0.77552,0.48403,1.92647,0.69797,0.80797,0.000623187,0.000623187,0.000623187
450,1797.61,1.70756,0.6666,0.80464,0.82636,0.65884,0.77275,0.48434,1.92162,0.69912,0.80877,0.000621791,0.000621791,0.000621791
451,1801.44,1.60929,0.64727,0.80571,0.82721,0.65725,0.77437,0.48221,1.95256,0.7097,0.80962,0.000620396,0.000620396,0.000620396
452,1805.36,1.67208,0.65827,0.8026,0.83033,0.65486,0.7691,0.47155,2.00813,0.71501,0.81027,0.000618999,0.000618999,0.000618999
453,1809.33,1.70096,0.66429,0.80051,0.82719,0.65914,0.77151,0.48121,1.95126,0.70895,0.80923,0.000617602,0.000617602,0.000617602
454,1813.4,1.68842,0.65519,0.80408,0.84472,0.65294,0.77378,0.48945,1.90252,0.69442,0.80768,0.000616204,0.000616204,0.000616204
455,1817.47,1.61221,0.64241,0.80008,0.83401,0.66131,0.77515,0.48849,1.90797,0.69477,0.80714,0.000614805,0.000614805,0.000614805
456,1821.4,1.53946,0.62672,0.80522,0.83514,0.65211,0.77369,0.48637,1.95079,0.70624,0.80885,0.000613406,0.000613406,0.000613406
457,1825.26,1.59224,0.63347,0.79745,0.85231,0.6458,0.77616,0.49213,1.90478,0.69937,0.80726,0.000612006,0.000612006,0.000612006
458,1829.45,1.52774,0.62336,0.80094,0.83982,0.65623,0.77475,0.4877,1.91424,0.69664,0.80716,0.000610605,0.000610605,0.000610605
459,1833.6,1.68096,0.65742,0.80473,0.83986,0.65857,0.77424,0.48796,1.90435,0.69352,0.80664,0.000609204,0.000609204,0.000609204
460,1837.56,1.56314,0.64079,0.80175,0.82258,0.66543,0.77365,0.48867,1.88925,0.69193,0.80588,0.000607802,0.000607802,0.000607802
461,1841.43,1.57587,0.63486,0.80682,0.82956,0.66219,0.77432,0.48891,1.90048,0.69479,0.80632,0.0006064,0.0006064,0.0006064
462,1845.38,1.64826,0.64159,0.80036,0.83352,0.66323,0.77547,0.49112,1.89741,0.6961,0.80666,0.000604997,0.000604997,0.000604997
463,1849.28,1.55076,0.62779,0.80231,0.82681,0.66655,0.77505,0.48523,1.94345,0.70511,0.80789,0.000603594,0.000603594,0.000603594
464,1853.31,1.63877,0.64798,0.80117,0.83121,0.67134,0.78165,0.49505,1.87987,0.6937,0.8065,0.00060219,0.00060219,0.00060219
465,1857.32,1.59789,0.63803,0.80574,0.84431,0.6561,0.77818,0.49362,1.90602,0.69994,0.80758,0.000600785,0.000600785,0.000600785
466,1861.24,1.43519,0.60135,0.8012,0.8158,0.67916,0.77641,0.49367,1.86631,0.69296,0.80675,0.00059938,0.00059938,0.00059938
467,1865.16,1.53958,0.63463,0.80462,0.85109,0.65596,0.77634,0.49162,1.87197,0.69436,0.80684,0.000597975,0.000597975,0.000597975
468,1869.1,1.7453,0.6667,0.8047,0.81727,0.66743,0.7763,0.49063,1.89772,0.69759,0.80727,0.000596569,0.000596569,0.000596569
469,1873.11,1.65247,0.64085,0.80776,0.82785,0.66678,0.77723,0.49318,1.8718,0.69243,0.80706,0.000595163,0.000595163,0.000595163
470,1877.08,1.54962,0.63049,0.80243,0.82831,0.66131,0.77235,0.48834,1.87808,0.69201,0.80665,0.000593756,0.000593756,0.000593756
471,1881.03,1.61952,0.64449,0.80601,0.84142,0.65678,0.77234,0.4859,1.89318,0.6949,0.80674,0.000592349,0.000592349,0.000592349
472,1885.1,1.66163,0.64813,0.80459,0.8463,0.66598,0.77433,0.48704,1.88486,0.6956,0.8067,0.000590941,0.000590941,0.000590941
473,1888.91,1.452,0.61192,0.80101,0.8539,0.66008,0.77646,0.48996,1.87323,0.68973,0.80645,0.000589533,0.000589533,0.000589533
474,1892.96,1.55352,0.61916,0.80299,0.85411,0.66227,0.78047,0.49315,1.86237,0.68973,0.80597,0.000588125,0.000588125,0.000588125
475,1896.82,1.51629,0.61716,0.80025,0.84842,0.66104,0.78212,0.4952,1.86127,0.68979,0.80663,0.000586716,0.000586716,0.000586716
476,1900.85,1.57364,0.63328,0.8028,0.83099,0.65445,0.77539,0.48806,1.93582,0.69948,0.80815,0.000585307,0.000585307,0.000585307
477,1904.79,1.58569,0.64818,0.81049,0.83239,0.66378,0.77841,0.4927,1.88539,0.68768,0.80696,0.000583897,0.000583897,0.000583897
478,1908.83,1.55718,0.6288,0.80018,0.84174,0.65651,0.77375,0.48774,1.9106,0.69634,0.80811,0.000582487,0.000582487,0.000582487
479,1912.91,1.56418,0.61814,0.79882,0.84301,0.65833,0.77534,0.49092,1.90062,0.69259,0.80814,0.000581077,0.000581077,0.000581077
480,1916.87,1.60731,0.63735,0.80131,0.83532,0.66572,0.78035,0.49743,1.8545,0.68626,0.80617,0.000579667,0.000579667,0.000579667
481,1920.77,1.59892,0.62359,0.7995,0.83798,0.65966,0.78079,0.49488,1.87629,0.69597,0.80655,0.000578256,0.000578256,0.000578256
482,1924.89,1.58755,0.64306,0.80437,0.82127,0.67243,0.77938,0.49184,1.89084,0.6919,0.80675,0.000576845,0.000576845,0.000576845
483,1928.82,1.45371,0.61349,0.79927,0.83449,0.66667,0.77923,0.49567,1.86165,0.68089,0.80661,0.000575433,0.000575433,0.000575433
484,1932.9,1.57204,0.62567,0.7975,0.8233,0.67292,0.77824,0.49461,1.86465,0.68026,0.8065,0.000574022,0.000574022,0.000574022
485,1936.8,1.5908,0.64224,0.80165,0.82633,0.6642,0.77627,0.48995,1.90192,0.69015,0.80697,0.00057261,0.00057261,0.00057261
486,1940.7,1.597,0.63644,0.80306,0.83111,0.65829,0.77297,0.48958,1.91608,0.69831,0.80801,0.000571198,0.000571198,0.000571198
487,1944.5,1.65745,0.64313,0.8044,0.8413,0.65431,0.77052,0.48894,1.9042,0.69357,0.80739,0.000569786,0.000569786,0.000569786
488,1948.43,1.51269,0.62704,0.80405,0.84242,0.65088,0.76974,0.48525,1.91588,0.6954,0.80732,0.000568373,0.000568373,0.000568373
489,1952.41,1.67196,0.63986,0.7999,0.84692,0.64978,0.77141,0.48278,1.93198,0.6994,0.80818,0.000566961,0.000566961,0.000566961
490,1956.4,1.58245,0.6432,0.80454,0.84569,0.66008,0.77355,0.4865,1.8913,0.69061,0.80694,0.000565548,0.000565548,0.000565548
491,1960.27,1.49686,0.61743,0.79818,0.84109,0.66255,0.77254,0.48939,1.87761,0.69046,0.80744,0.000564135,0.000564135,0.000564135
492,1964.31,1.79762,0.67162,0.80423,0.83654,0.66396,0.77475,0.48991,1.87556,0.68853,0.80725,0.000562722,0.000562722,0.000562722
493,1968.23,1.67645,0.65116,0.80243,0.84044,0.66186,0.77694,0.4891,1.88752,0.68714,0.80668,0.000561309,0.000561309,0.000561309
494,1972.33,1.62069,0.64378,0.80112,0.83531,0.66378,0.77661,0.48982,1.89363,0.6907,0.80643,0.000559895,0.000559895,0.000559895
495,1976.17,1.61775,0.64034,0.80508,0.83495,0.66337,0.77737,0.49334,1.88021,0.6873,0.8066,0.000558482,0.000558482,0.000558482
496,1980.04,1.53696,0.61628,0.80249,0.83578,0.66657,0.77679,0.49511,1.86443,0.68895,0.8063,0.000557068,0.000557068,0.000557068
497,1983.96,1.57795,0.62785,0.80696,0.84064,0.65967,0.77687,0.49582,1.86968,0.68959,0.80626,0.000555655,0.000555655,0.000555655
498,1987.9,1.52205,0.61582,0.80139,0.82243,0.674,0.78104,0.49472,1.88972,0.69247,0.80592,0.000554241,0.000554241,0.000554241
499,1991.95,1.50967,0.62186,0.80539,0.82308,0.67051,0.78109,0.49686,1.87432,0.6867,0.80571,0.000552827,0.000552827,0.000552827
500,1995.87,1.43576,0.59295,0.7957,0.83169,0.66078,0.7788,0.49281,1.90103,0.69091,0.80654,0.000551414,0.000551414,0.000551414
501,1999.8,1.66659,0.63682,0.80166,0.84339,0.6561,0.77946,0.49477,1.89776,0.69047,0.80656,0.00055,0.00055,0.00055
502,2003.74,1.42758,0.59519,0.79779,0.838,0.65692,0.78,0.49839,1.87067,0.6947,0.80661,0.000548586,0.000548586,0.000548586
503,2007.88,1.45558,0.61339,0.80326,0.81485,0.66639,0.77734,0.49637,1.88423,0.69747,0.80691,0.000547173,0.000547173,0.000547173
504,2011.95,1.53743,0.63249,0.80536,0.82683,0.67106,0.78186,0.50166,1.85152,0.68054,0.80577,0.000545759,0.000545759,0.000545759
505,2016,1.58908,0.64872,0.80977,0.83633,0.66928,0.78288,0.4995,1.85581,0.68085,0.8057,0.000544345,0.000544345,0.000544345
506,2019.94,1.63356,0.63664,0.79847,0.84154,0.66227,0.78018,0.4983,1.84091,0.67767,0.8045,0.000542932,0.000542932,0.000542932
507,2023.84,1.54157,0.64002,0.80597,0.83257,0.662,0.77593,0.49783,1.8421,0.67885,0.80427,0.000541518,0.000541518,0.000541518
508,2027.87,1.56932,0.63654,0.80546,0.84984,0.66351,0.77759,0.49358,1.8478,0.68182,0.80387,0.000540105,0.000540105,0.000540105
509,2032.06,1.52412,0.63124,0.80351,0.84856,0.66735,0.77481,0.49172,1.8481,0.68225,0.80455,0.000538691,0.000538691,0.000538691
510,2035.99,1.43905,0.60243,0.80107,0.84697,0.65857,0.77627,0.49402,1.84711,0.67618,0.80525,0.000537278,0.000537278,0.000537278
511,2039.83,1.45515,0.60374,0.79919,0.84033,0.66112,0.7766,0.49172,1.86867,0.68114,0.80565,0.000535865,0.000535865,0.000535865
512,2043.85,1.5982,0.62696,0.80266,0.83468,0.67304,0.78338,0.49867,1.84848,0.67955,0.80515,0.000534452,0.000534452,0.000534452
513,2047.81,1.63173,0.64003,0.8039,0.83756,0.66557,0.78093,0.49803,1.8516,0.6834,0.8056,0.000533039,0.000533039,0.000533039
514,2051.89,1.48541,0.61793,0.8087,0.83982,0.64995,0.7726,0.49146,1.88347,0.69213,0.80703,0.000531627,0.000531627,0.000531627
515,2055.78,1.57721,0.62437,0.79934,0.85278,0.64237,0.77056,0.48765,1.90232,0.69569,0.80707,0.000530214,0.000530214,0.000530214
516,2059.82,1.47702,0.60854,0.79707,0.81877,0.66675,0.77325,0.49203,1.88466,0.69059,0.80642,0.000528802,0.000528802,0.000528802
517,2063.78,1.72445,0.65305,0.80457,0.81165,0.66447,0.77122,0.48465,1.94772,0.70591,0.80845,0.00052739,0.00052739,0.00052739
518,2067.71,1.61846,0.64336,0.80582,0.82765,0.66323,0.77673,0.49384,1.89192,0.69692,0.80776,0.000525978,0.000525978,0.000525978
519,2071.8,1.68158,0.65576,0.8045,0.83356,0.6528,0.77542,0.49184,1.89313,0.70047,0.80838,0.000524567,0.000524567,0.000524567
520,2075.81,1.53801,0.63431,0.81049,0.83462,0.65184,0.7731,0.48117,1.95193,0.71173,0.80939,0.000523155,0.000523155,0.000523155
521,2079.76,1.67961,0.64623,0.80109,0.83689,0.65227,0.772,0.48233,1.93287,0.70892,0.80848,0.000521744,0.000521744,0.000521744
522,2083.72,1.45656,0.61659,0.79962,0.81226,0.66186,0.771,0.48949,1.88787,0.70229,0.80671,0.000520333,0.000520333,0.000520333
523,2087.67,1.5844,0.64163,0.80579,0.83511,0.65582,0.77401,0.48833,1.89489,0.69775,0.80624,0.000518923,0.000518923,0.000518923
524,2091.81,1.58355,0.64158,0.80226,0.83957,0.65582,0.77668,0.49148,1.89246,0.69217,0.80623,0.000517513,0.000517513,0.000517513
525,2095.76,1.55884,0.61643,0.79536,0.83953,0.65718,0.77858,0.49677,1.86536,0.68758,0.80585,0.000516103,0.000516103,0.000516103
526,2099.73,1.57605,0.63428,0.80507,0.83653,0.65651,0.77754,0.4944,1.87315,0.68232,0.80489,0.000514693,0.000514693,0.000514693
527,2103.6,1.44369,0.60823,0.80487,0.83016,0.6587,0.7761,0.4962,1.85595,0.67716,0.80462,0.000513284,0.000513284,0.000513284
528,2107.61,1.60057,0.63549,0.79855,0.82582,0.66323,0.77879,0.49764,1.86521,0.6811,0.80513,0.000511875,0.000511875,0.000511875
529,2111.61,1.54039,0.61936,0.80229,0.82056,0.66673,0.78035,0.49849,1.86898,0.68308,0.80533,0.000510467,0.000510467,0.000510467
530,2115.6,1.52126,0.61652,0.79511,0.80253,0.68182,0.78042,0.50216,1.84985,0.67616,0.80556,0.000509059,0.000509059,0.000509059
531,2119.69,1.43477,0.59551,0.79498,0.82021,0.67704,0.78144,0.49668,1.87226,0.67925,0.80599,0.000507651,0.000507651,0.000507651
532,2123.69,1.58887,0.64171,0.80543,0.81618,0.67545,0.77904,0.49524,1.87559,0.68331,0.80729,0.000506244,0.000506244,0.000506244
533,2127.53,1.47706,0.59772,0.79759,0.81797,0.67408,0.77972,0.49808,1.85762,0.67646,0.80693,0.000504837,0.000504837,0.000504837
534,2131.57,1.57647,0.626,0.80177,0.82405,0.6793,0.78126,0.49916,1.84877,0.67358,0.80571,0.000503431,0.000503431,0.000503431
535,2135.52,1.55349,0.61039,0.79772,0.81932,0.6749,0.78,0.50164,1.83876,0.66985,0.806,0.000502025,0.000502025,0.000502025
536,2139.51,1.47874,0.6039,0.80661,0.81806,0.67628,0.77987,0.50296,1.83429,0.67054,0.80566,0.00050062,0.00050062,0.00050062
537,2143.57,1.49903,0.60903,0.79608,0.81458,0.6797,0.77966,0.50171,1.82852,0.6701,0.80522,0.000499215,0.000499215,0.000499215
538,2147.58,1.46185,0.6134,0.80346,0.81286,0.67806,0.77705,0.49229,1.88996,0.6804,0.8063,0.00049781,0.00049781,0.00049781
539,2151.73,1.60565,0.62377,0.80018,0.81285,0.68033,0.77847,0.49915,1.83794,0.67101,0.80526,0.000496406,0.000496406,0.000496406
540,2155.73,1.52972,0.62246,0.79633,0.82316,0.66886,0.7806,0.49958,1.87009,0.68422,0.80706,0.000495003,0.000495003,0.000495003
541,2159.65,1.47373,0.60741,0.80371,0.80994,0.67631,0.78166,0.49825,1.88816,0.69157,0.80774,0.0004936,0.0004936,0.0004936
542,2163.67,1.53784,0.61532,0.80204,0.82595,0.67236,0.78324,0.50742,1.80735,0.66712,0.80534,0.000492198,0.000492198,0.000492198
543,2167.68,1.41047,0.5895,0.79775,0.82813,0.67342,0.78354,0.50411,1.83261,0.6725,0.80538,0.000490796,0.000490796,0.000490796
544,2171.64,1.50852,0.60439,0.80272,0.82063,0.67899,0.78239,0.50251,1.82637,0.67066,0.805,0.000489395,0.000489395,0.000489395
545,2175.64,1.38005,0.58587,0.79363,0.82882,0.67257,0.78222,0.50258,1.82195,0.67001,0.80482,0.000487994,0.000487994,0.000487994
546,2179.62,1.41589,0.5929,0.80368,0.82528,0.67326,0.77993,0.49479,1.87763,0.68051,0.80538,0.000486594,0.000486594,0.000486594
547,2183.54,1.52828,0.61577,0.79762,0.82728,0.67655,0.78134,0.50195,1.8199,0.66887,0.80428,0.000485195,0.000485195,0.000485195
548,2187.5,1.46527,0.59586,0.79695,0.82579,0.67484,0.78077,0.49814,1.85974,0.67693,0.80589,0.000483796,0.000483796,0.000483796
549,2191.32,1.65106,0.6269,0.80057,0.83967,0.66292,0.77969,0.49747,1.87509,0.68122,0.80612,0.000482398,0.000482398,0.000482398
550,2195.52,1.43185,0.59839,0.80131,0.84317,0.66871,0.78159,0.50119,1.81181,0.67198,0.80411,0.000481001,0.000481001,0.000481001
551,2199.49,1.59598,0.62365,0.79878,0.83469,0.67147,0.77799,0.49591,1.83247,0.67988,0.80422,0.000479604,0.000479604,0.000479604
552,2203.45,1.44225,0.60558,0.80154,0.83105,0.67669,0.7787,0.4993,1.80078,0.67025,0.80344,0.000478209,0.000478209,0.000478209
553,2207.39,1.53019,0.60018,0.79951,0.84735,0.66818,0.78,0.50095,1.80159,0.66798,0.80344,0.000476813,0.000476813,0.000476813
554,2211.49,1.48418,0.60014,0.80182,0.83882,0.67586,0.785,0.49855,1.85519,0.68188,0.80438,0.000475419,0.000475419,0.000475419
555,2215.47,1.44793,0.59984,0.79831,0.83103,0.67669,0.78597,0.50543,1.816,0.6705,0.8043,0.000474025,0.000474025,0.000474025
556,2219.57,1.61308,0.63007,0.80062,0.82566,0.67881,0.78187,0.4994,1.82732,0.67325,0.80421,0.000472632,0.000472632,0.000472632
557,2223.49,1.4476,0.59621,0.79384,0.83116,0.67719,0.781,0.49658,1.84992,0.67647,0.80494,0.00047124,0.00047124,0.00047124
558,2227.45,1.5,0.61237,0.80204,0.83613,0.67738,0.78596,0.50945,1.79061,0.66122,0.80374,0.000469848,0.000469848,0.000469848
559,2231.46,1.5031,0.61046,0.80059,0.83228,0.67394,0.78583,0.50937,1.80177,0.66628,0.80416,0.000468457,0.000468457,0.000468457
560,2235.53,1.49051,0.6034,0.80114,0.82463,0.68104,0.78518,0.50251,1.82458,0.67723,0.80404,0.000467067,0.000467067,0.000467067
561,2239.75,1.59744,0.6243,0.79839,0.8348,0.675,0.78423,0.50051,1.82211,0.67406,0.80388,0.000465678,0.000465678,0.000465678
562,2243.82,1.38049,0.5986,0.80632,0.83537,0.66722,0.77999,0.49898,1.8218,0.67628,0.80461,0.00046429,0.00046429,0.00046429
563,2247.8,1.49062,0.60142,0.80505,0.82875,0.67284,0.78121,0.50245,1.80322,0.67,0.80413,0.000462903,0.000462903,0.000462903
564,2251.75,1.42954,0.60036,0.79909,0.83964,0.67367,0.78352,0.5014,1.81615,0.67421,0.80407,0.000461516,0.000461516,0.000461516
565,2255.63,1.42618,0.58308,0.79671,0.82994,0.67532,0.78386,0.50442,1.81147,0.67079,0.80442,0.000460131,0.000460131,0.000460131
566,2259.69,1.40191,0.58114,0.79962,0.83864,0.66763,0.78119,0.50487,1.80183,0.66991,0.80453,0.000458746,0.000458746,0.000458746
567,2263.62,1.57957,0.61831,0.7972,0.83645,0.66912,0.78103,0.50299,1.81133,0.66966,0.80522,0.000457362,0.000457362,0.000457362
568,2267.6,1.47563,0.59474,0.80022,0.83453,0.67371,0.78268,0.50298,1.81218,0.67044,0.8053,0.000455979,0.000455979,0.000455979
569,2271.63,1.51176,0.60871,0.8022,0.83669,0.67133,0.784,0.50574,1.80859,0.66816,0.80515,0.000454597,0.000454597,0.000454597
570,2275.62,1.3984,0.59695,0.80315,0.81304,0.68836,0.7872,0.51057,1.79407,0.66515,0.80425,0.000453216,0.000453216,0.000453216
571,2279.64,1.39441,0.58887,0.79937,0.8323,0.68202,0.78892,0.51146,1.78333,0.66075,0.80398,0.000451836,0.000451836,0.000451836
572,2283.9,1.40331,0.59307,0.80103,0.84336,0.66747,0.78253,0.5065,1.80688,0.66793,0.80416,0.000450456,0.000450456,0.000450456
573,2287.82,1.36394,0.58012,0.79648,0.84133,0.66464,0.77967,0.50421,1.80363,0.66816,0.80466,0.000449078,0.000449078,0.000449078
574,2291.77,1.45797,0.60693,0.80111,0.81834,0.67779,0.78082,0.50589,1.80813,0.6691,0.80537,0.000447701,0.000447701,0.000447701
575,2295.71,1.49111,0.6044,0.8039,0.82306,0.67545,0.78115,0.50658,1.80213,0.668,0.80496,0.000446325,0.000446325,0.000446325
576,2299.74,1.54611,0.60813,0.79569,0.83639,0.67298,0.78471,0.50648,1.82016,0.67093,0.80488,0.00044495,0.00044495,0.00044495
577,2303.78,1.50284,0.60494,0.80051,0.83408,0.67188,0.78287,0.50769,1.8134,0.66968,0.80481,0.000443575,0.000443575,0.000443575
578,2307.7,1.43885,0.58278,0.7992,0.8283,0.67188,0.78399,0.51116,1.80512,0.66516,0.80515,0.000442202,0.000442202,0.000442202
579,2311.61,1.42521,0.594,0.79804,0.82647,0.67345,0.78425,0.51233,1.80368,0.66616,0.80547,0.00044083,0.00044083,0.00044083
580,2315.81,1.46697,0.59981,0.79748,0.83113,0.67163,0.78546,0.51042,1.80925,0.66745,0.80479,0.000439459,0.000439459,0.000439459
581,2319.73,1.43482,0.59541,0.80196,0.84386,0.66378,0.78638,0.50984,1.81129,0.66803,0.80482,0.00043809,0.00043809,0.00043809
582,2323.81,1.45956,0.59584,0.7955,0.82696,0.67643,0.78594,0.50874,1.79743,0.66509,0.80463,0.000436721,0.000436721,0.000436721
583,2327.74,1.46626,0.60148,0.80141,0.83309,0.66332,0.78435,0.50534,1.82854,0.67211,0.80556,0.000435353,0.000435353,0.000435353
584,2331.8,1.44419,0.58768,0.79015,0.83029,0.6723,0.78462,0.50418,1.80598,0.66631,0.8052,0.000433987,0.000433987,0.000433987
585,2335.69,1.53049,0.62055,0.79726,0.83513,0.67353,0.78479,0.50612,1.79583,0.66411,0.80514,0.000432621,0.000432621,0.000432621
586,2339.68,1.46342,0.60937,0.79524,0.84244,0.66212,0.7835,0.50972,1.79667,0.66685,0.80548,0.000431257,0.000431257,0.000431257
587,2343.72,1.56055,0.62,0.79891,0.83774,0.6668,0.78296,0.51013,1.79564,0.66741,0.80544,0.000429894,0.000429894,0.000429894
588,2347.64,1.48586,0.59518,0.8011,0.82328,0.67348,0.78335,0.50934,1.78985,0.67008,0.80445,0.000428532,0.000428532,0.000428532
589,2351.44,1.49578,0.59769,0.79857,0.81815,0.67751,0.78412,0.50758,1.79854,0.6719,0.80422,0.000427172,0.000427172,0.000427172
590,2355.36,1.38615,0.57724,0.79838,0.82257,0.68328,0.78597,0.50596,1.79307,0.67164,0.80371,0.000425812,0.000425812,0.000425812
591,2359.23,1.51065,0.59632,0.79665,0.82448,0.68122,0.78532,0.50762,1.78419,0.66592,0.80378,0.000424454,0.000424454,0.000424454
592,2363.29,1.42216,0.59151,0.79768,0.85426,0.65743,0.78234,0.50242,1.81913,0.66915,0.80462,0.000423097,0.000423097,0.000423097
593,2367.13,1.38739,0.58796,0.79733,0.85431,0.66131,0.78229,0.50242,1.81185,0.6654,0.8045,0.000421741,0.000421741,0.000421741
594,2370.95,1.45083,0.59598,0.79134,0.84827,0.66845,0.78352,0.5109,1.74783,0.6506,0.80296,0.000420387,0.000420387,0.000420387
595,2374.83,1.51346,0.60211,0.8004,0.83926,0.67284,0.78427,0.51124,1.76136,0.65159,0.8028,0.000419034,0.000419034,0.000419034
596,2378.78,1.48059,0.59587,0.79857,0.83221,0.67381,0.78505,0.51461,1.76142,0.65081,0.80223,0.000417682,0.000417682,0.000417682
597,2382.72,1.4995,0.60703,0.80329,0.83391,0.67545,0.78755,0.51688,1.73842,0.64645,0.80173,0.000416331,0.000416331,0.000416331
598,2386.99,1.50646,0.59997,0.79694,0.83511,0.67586,0.78569,0.50944,1.7791,0.65851,0.80171,0.000414982,0.000414982,0.000414982
599,2390.94,1.49062,0.60325,0.79617,0.83775,0.67573,0.78484,0.50848,1.78259,0.658,0.80205,0.000413634,0.000413634,0.000413634
600,2394.92,1.46473,0.58804,0.79685,0.85311,0.66886,0.79024,0.51326,1.76333,0.65187,0.80255,0.000412288,0.000412288,0.000412288
601,2398.73,1.33114,0.56665,0.8014,0.85253,0.67147,0.79064,0.51197,1.78049,0.65596,0.80292,0.000410942,0.000410942,0.000410942
602,2402.6,1.43793,0.5796,0.79746,0.83877,0.67298,0.78869,0.51468,1.76824,0.65472,0.80317,0.000409599,0.000409599,0.000409599
603,2406.53,1.37409,0.57252,0.796,0.81325,0.6917,0.79062,0.51467,1.77224,0.65889,0.8031,0.000408256,0.000408256,0.000408256
604,2410.62,1.45422,0.58653,0.79014,0.81879,0.68546,0.78876,0.51221,1.77395,0.65485,0.80309,0.000406915,0.000406915,0.000406915
605,2414.37,1.3716,0.57376,0.79893,0.81673,0.68314,0.7876,0.51261,1.76513,0.65271,0.80275,0.000405575,0.000405575,0.000405575
606,2418.38,1.50772,0.60875,0.80565,0.86689,0.65805,0.78838,0.51211,1.77534,0.65608,0.80287,0.000404237,0.000404237,0.000404237
607,2422.34,1.41206,0.57567,0.79325,0.86098,0.66172,0.78872,0.51178,1.78388,0.66058,0.80272,0.0004029,0.0004029,0.0004029
608,2426.27,1.46935,0.5959,0.79471,0.86396,0.66173,0.79059,0.51837,1.74339,0.64921,0.80219,0.000401565,0.000401565,0.000401565
609,2430.44,1.48642,0.59547,0.79872,0.85422,0.66076,0.78678,0.51946,1.73786,0.64721,0.80248,0.000400231,0.000400231,0.000400231
610,2434.63,1.354,0.56836,0.8007,0.84703,0.67175,0.78818,0.51216,1.78194,0.65175,0.80264,0.000398899,0.000398899,0.000398899
611,2438.49,1.37985,0.5728,0.79413,0.84873,0.67324,0.78951,0.51513,1.76845,0.64712,0.80192,0.000397568,0.000397568,0.000397568
612,2442.33,1.43347,0.58035,0.79587,0.83372,0.67435,0.78959,0.51622,1.78127,0.6559,0.80255,0.000396239,0.000396239,0.000396239
613,2446.16,1.54914,0.60327,0.7972,0.83497,0.6723,0.78914,0.51365,1.79533,0.66022,0.80278,0.000394911,0.000394911,0.000394911
614,2450.19,1.43568,0.59391,0.80204,0.85929,0.66901,0.78978,0.51187,1.77801,0.65582,0.8026,0.000393584,0.000393584,0.000393584
615,2454.03,1.36266,0.56981,0.79754,0.85792,0.66941,0.78801,0.51161,1.77664,0.65467,0.80238,0.00039226,0.00039226,0.00039226
616,2457.99,1.4754,0.59016,0.79874,0.85407,0.66557,0.7881,0.51481,1.76082,0.64771,0.80251,0.000390936,0.000390936,0.000390936
617,2461.86,1.40213,0.58314,0.80233,0.85108,0.6668,0.78977,0.51476,1.76906,0.64932,0.80275,0.000389615,0.000389615,0.000389615
618,2465.8,1.39216,0.58249,0.79908,0.84688,0.66831,0.7906,0.51468,1.7721,0.65591,0.80261,0.000388295,0.000388295,0.000388295
619,2469.82,1.3521,0.57338,0.7982,0.8102,0.68391,0.78811,0.51041,1.79664,0.66104,0.80307,0.000386976,0.000386976,0.000386976
620,2473.77,1.47569,0.59205,0.79817,0.83105,0.67596,0.78799,0.51014,1.79941,0.66296,0.80276,0.000385659,0.000385659,0.000385659
621,2477.64,1.38278,0.58261,0.7966,0.84095,0.67144,0.78895,0.51313,1.793,0.66194,0.80246,0.000384344,0.000384344,0.000384344
622,2481.59,1.47582,0.5887,0.7939,0.84394,0.67435,0.79374,0.52059,1.76385,0.66226,0.80242,0.00038303,0.00038303,0.00038303
623,2485.57,1.36663,0.57033,0.79467,0.8592,0.66772,0.79483,0.52258,1.75522,0.66457,0.80232,0.000381718,0.000381718,0.000381718
624,2489.75,1.46684,0.59205,0.79678,0.85302,0.67037,0.79514,0.51842,1.78235,0.66904,0.8031,0.000380408,0.000380408,0.000380408
625,2493.73,1.45962,0.6069,0.79686,0.8584,0.66831,0.79258,0.51561,1.78606,0.66144,0.80334,0.000379099,0.000379099,0.000379099
626,2497.66,1.53654,0.60523,0.79443,0.83751,0.68497,0.78937,0.50811,1.79413,0.66456,0.80325,0.000377792,0.000377792,0.000377792
627,2501.53,1.47567,0.59578,0.79676,0.85913,0.66955,0.78812,0.50936,1.78953,0.66067,0.80299,0.000376487,0.000376487,0.000376487
628,2505.46,1.48099,0.59056,0.79852,0.83512,0.67985,0.78626,0.51165,1.76258,0.65289,0.80249,0.000375184,0.000375184,0.000375184
629,2509.37,1.38702,0.57847,0.79693,0.8369,0.68475,0.78905,0.51321,1.75969,0.65414,0.80216,0.000373882,0.000373882,0.000373882
630,2513.46,1.5558,0.60932,0.79455,0.84622,0.67689,0.78772,0.51357,1.75622,0.64917,0.80236,0.000372582,0.000372582,0.000372582
631,2517.34,1.46672,0.58814,0.79691,0.85109,0.67872,0.78766,0.5132,1.7488,0.64601,0.80212,0.000371283,0.000371283,0.000371283
632,2521.33,1.40346,0.58106,0.79272,0.84558,0.67573,0.78484,0.51163,1.7607,0.64984,0.80203,0.000369987,0.000369987,0.000369987
633,2525.27,1.32744,0.56055,0.79223,0.83842,0.6739,0.78229,0.51145,1.76075,0.64916,0.80179,0.000368692,0.000368692,0.000368692
634,2529.2,1.29337,0.54805,0.78884,0.8411,0.67477,0.78618,0.512,1.76283,0.64748,0.80192,0.000367399,0.000367399,0.000367399
635,2533.12,1.36904,0.58143,0.80213,0.84081,0.67439,0.78662,0.51316,1.77236,0.65232,0.80239,0.000366108,0.000366108,0.000366108
636,2537.1,1.53372,0.60359,0.79711,0.83062,0.68265,0.78782,0.51477,1.75919,0.64843,0.80189,0.000364819,0.000364819,0.000364819
637,2541.03,1.43992,0.58003,0.79176,0.84017,0.6793,0.78956,0.51241,1.7759,0.65473,0.80238,0.000363531,0.000363531,0.000363531
638,2545.01,1.4387,0.57781,0.79358,0.83821,0.68163,0.78962,0.51455,1.76342,0.6516,0.80201,0.000362245,0.000362245,0.000362245
639,2548.88,1.38574,0.57662,0.79373,0.83855,0.68383,0.79062,0.51206,1.78579,0.65747,0.80233,0.000360961,0.000360961,0.000360961
640,2553.02,1.34598,0.56948,0.79336,0.83999,0.68394,0.79098,0.51289,1.77923,0.65382,0.80165,0.000359679,0.000359679,0.000359679
641,2556.95,1.49117,0.60187,0.79887,0.84314,0.68136,0.79017,0.51437,1.76773,0.65128,0.80166,0.000358399,0.000358399,0.000358399
642,2560.85,1.41521,0.57901,0.79315,0.84029,0.67834,0.79029,0.51643,1.77164,0.65002,0.80215,0.000357121,0.000357121,0.000357121
643,2564.68,1.45224,0.58523,0.79551,0.84398,0.67284,0.78954,0.51996,1.75112,0.64996,0.8018,0.000355845,0.000355845,0.000355845
644,2568.63,1.40541,0.58035,0.79738,0.84272,0.6738,0.7889,0.5177,1.74523,0.64772,0.8021,0.00035457,0.00035457,0.00035457
645,2572.56,1.43293,0.57566,0.79552,0.85157,0.66928,0.78874,0.51664,1.75119,0.65,0.80217,0.000353298,0.000353298,0.000353298
646,2576.65,1.41715,0.57304,0.79482,0.85204,0.67037,0.79114,0.5177,1.74321,0.64828,0.80159,0.000352027,0.000352027,0.000352027
647,2580.49,1.47561,0.5986,0.79952,0.83826,0.6731,0.78974,0.52016,1.73092,0.64742,0.8013,0.000350759,0.000350759,0.000350759
648,2584.53,1.42095,0.5769,0.79363,0.83161,0.678,0.78989,0.51737,1.73774,0.64556,0.80116,0.000349492,0.000349492,0.000349492
649,2588.42,1.35134,0.56414,0.79665,0.8477,0.67463,0.78915,0.51539,1.73798,0.64623,0.80086,0.000348228,0.000348228,0.000348228
650,2592.34,1.365,0.57022,0.79848,0.8354,0.6841,0.7884,0.5155,1.7417,0.65092,0.80128,0.000346965,0.000346965,0.000346965
651,2596.13,1.37652,0.55927,0.79863,0.84166,0.68136,0.78998,0.51676,1.74372,0.65321,0.80171,0.000345704,0.000345704,0.000345704
652,2600.21,1.41202,0.57782,0.79244,0.83533,0.68387,0.79104,0.51608,1.76499,0.65397,0.80185,0.000344446,0.000344446,0.000344446
653,2604.09,1.47617,0.58493,0.79186,0.84297,0.67765,0.78998,0.51616,1.76542,0.6516,0.80173,0.000343189,0.000343189,0.000343189
654,2607.99,1.38058,0.56786,0.79436,0.84949,0.67243,0.79139,0.51994,1.74735,0.64423,0.8011,0.000341935,0.000341935,0.000341935
655,2611.88,1.50558,0.59523,0.80004,0.85368,0.67257,0.79278,0.5202,1.74394,0.64659,0.80098,0.000340682,0.000340682,0.000340682
656,2615.98,1.35595,0.56703,0.79325,0.84534,0.67985,0.79048,0.51312,1.77357,0.65532,0.80173,0.000339432,0.000339432,0.000339432
657,2619.9,1.3715,0.5713,0.78961,0.83993,0.67714,0.78754,0.51336,1.7602,0.6495,0.8018,0.000338183,0.000338183,0.000338183
658,2623.86,1.42441,0.58588,0.7971,0.83511,0.67791,0.78638,0.51044,1.77138,0.65308,0.80244,0.000336937,0.000336937,0.000336937
659,2627.72,1.45609,0.58862,0.79166,0.82037,0.68328,0.78552,0.51016,1.78166,0.65636,0.80247,0.000335693,0.000335693,0.000335693
660,2631.73,1.33572,0.56995,0.7958,0.82451,0.68628,0.7879,0.51456,1.75002,0.64977,0.80148,0.000334451,0.000334451,0.000334451
661,2635.67,1.4127,0.57355,0.79613,0.82837,0.68848,0.78899,0.51538,1.74833,0.6478,0.80108,0.000333211,0.000333211,0.000333211
662,2639.62,1.54629,0.60608,0.79571,0.84235,0.67353,0.78763,0.51628,1.75269,0.64427,0.80199,0.000331973,0.000331973,0.000331973
663,2643.43,1.47063,0.58313,0.78931,0.84318,0.67764,0.78938,0.51887,1.73882,0.64243,0.80151,0.000330737,0.000330737,0.000330737
664,2647.4,1.38299,0.57508,0.79413,0.84258,0.68177,0.79292,0.52145,1.74541,0.64181,0.80123,0.000329504,0.000329504,0.000329504
665,2651.42,1.4586,0.59933,0.80435,0.82511,0.69042,0.79432,0.52328,1.74313,0.64385,0.80121,0.000328273,0.000328273,0.000328273
666,2655.57,1.37416,0.57345,0.79509,0.82545,0.68836,0.79382,0.52422,1.7353,0.64727,0.8013,0.000327044,0.000327044,0.000327044
667,2659.67,1.4497,0.57724,0.79352,0.82594,0.68728,0.79394,0.5208,1.75649,0.65059,0.80176,0.000325817,0.000325817,0.000325817
668,2663.56,1.48009,0.59544,0.79984,0.83887,0.6783,0.79084,0.51511,1.77057,0.6512,0.80279,0.000324592,0.000324592,0.000324592
669,2667.35,1.34916,0.58081,0.80267,0.83274,0.68383,0.78951,0.51446,1.75978,0.65028,0.80235,0.00032337,0.00032337,0.00032337
670,2671.23,1.43433,0.58729,0.79798,0.84202,0.67957,0.789,0.51716,1.74205,0.64597,0.80133,0.000322149,0.000322149,0.000322149
671,2675.26,1.45212,0.5804,0.79501,0.83941,0.683,0.79152,0.51938,1.73015,0.64496,0.80069,0.000320931,0.000320931,0.000320931
672,2679.21,1.5583,0.60642,0.79412,0.83259,0.68756,0.79105,0.51296,1.76311,0.65226,0.80114,0.000319716,0.000319716,0.000319716
673,2683.11,1.34828,0.5719,0.80188,0.83351,0.68523,0.78917,0.51423,1.75485,0.64941,0.80136,0.000318502,0.000318502,0.000318502
674,2687.12,1.40506,0.58567,0.80203,0.82977,0.68877,0.79133,0.52173,1.70771,0.63551,0.80106,0.000317291,0.000317291,0.000317291
675,2691.06,1.32867,0.56309,0.79453,0.85466,0.67248,0.79304,0.52355,1.70444,0.63609,0.80114,0.000316082,0.000316082,0.000316082
676,2695.11,1.27767,0.55183,0.79659,0.83699,0.67792,0.79238,0.52306,1.7187,0.64187,0.8011,0.000314876,0.000314876,0.000314876
677,2699.02,1.47161,0.57754,0.79418,0.8236,0.68946,0.79399,0.52375,1.71468,0.64027,0.80095,0.000313671,0.000313671,0.000313671
678,2703.03,1.39415,0.5796,0.80546,0.82558,0.68918,0.79469,0.52274,1.72507,0.639,0.80079,0.00031247,0.00031247,0.00031247
679,2707.02,1.36986,0.57282,0.7943,0.8248,0.69543,0.79578,0.52401,1.70894,0.63335,0.80033,0.00031127,0.00031127,0.00031127
680,2710.97,1.27361,0.54656,0.79417,0.84576,0.67916,0.79415,0.5222,1.71891,0.63562,0.80012,0.000310073,0.000310073,0.000310073
681,2714.93,1.48463,0.57813,0.79278,0.83219,0.68506,0.79377,0.52497,1.70877,0.63348,0.80019,0.000308878,0.000308878,0.000308878
682,2719.09,1.41518,0.58085,0.79944,0.82219,0.69066,0.79316,0.52638,1.71142,0.63184,0.8004,0.000307685,0.000307685,0.000307685
683,2723.06,1.42145,0.56473,0.79478,0.84074,0.68201,0.79447,0.52842,1.69588,0.62718,0.80015,0.000306495,0.000306495,0.000306495
684,2727.23,1.29389,0.55169,0.79439,0.82718,0.68685,0.79381,0.52575,1.73289,0.63627,0.80095,0.000305308,0.000305308,0.000305308
685,2731.02,1.42124,0.56371,0.79224,0.82483,0.69237,0.79403,0.5236,1.74331,0.63986,0.80117,0.000304123,0.000304123,0.000304123
686,2735.14,1.37313,0.56754,0.79361,0.82666,0.69316,0.79483,0.52401,1.73693,0.64027,0.80022,0.00030294,0.00030294,0.00030294
687,2739.01,1.48494,0.58977,0.79919,0.82952,0.68959,0.79538,0.52294,1.75423,0.64407,0.80121,0.000301759,0.000301759,0.000301759
688,2743.02,1.41716,0.57841,0.79724,0.83366,0.68314,0.79173,0.52118,1.75201,0.64605,0.80058,0.000300581,0.000300581,0.000300581
689,2746.86,1.31912,0.55674,0.79412,0.831,0.68791,0.79192,0.52137,1.73904,0.64105,0.80039,0.000299406,0.000299406,0.000299406
690,2750.8,1.38716,0.56901,0.80189,0.82632,0.69179,0.79429,0.52128,1.76102,0.64461,0.80106,0.000298233,0.000298233,0.000298233
691,2754.79,1.53012,0.59217,0.79165,0.83078,0.69124,0.79536,0.51936,1.76484,0.64761,0.80073,0.000297062,0.000297062,0.000297062
692,2758.69,1.42994,0.58911,0.79701,0.82697,0.6922,0.7941,0.51869,1.74932,0.64461,0.80057,0.000295894,0.000295894,0.000295894
693,2762.52,1.33002,0.55289,0.79282,0.83938,0.68314,0.7923,0.51806,1.74909,0.6428,0.80062,0.000294729,0.000294729,0.000294729
694,2766.57,1.37757,0.56747,0.79325,0.84972,0.68934,0.79596,0.51725,1.74408,0.64514,0.80029,0.000293566,0.000293566,0.000293566
695,2770.45,1.38232,0.56131,0.7905,0.84568,0.68987,0.79562,0.51913,1.73427,0.64437,0.79973,0.000292406,0.000292406,0.000292406
696,2774.54,1.31468,0.55325,0.8013,0.84045,0.68671,0.79352,0.5228,1.71906,0.6387,0.79968,0.000291248,0.000291248,0.000291248
697,2778.44,1.32568,0.55014,0.7914,0.85027,0.68215,0.79305,0.52239,1.70913,0.63643,0.79964,0.000290092,0.000290092,0.000290092
698,2782.45,1.24369,0.54246,0.79426,0.85099,0.68259,0.79276,0.52244,1.71818,0.63398,0.80013,0.000288939,0.000288939,0.000288939
699,2786.36,1.32208,0.54756,0.79083,0.85151,0.6782,0.79175,0.52047,1.73105,0.6328,0.80069,0.000287789,0.000287789,0.000287789
700,2790.33,1.37093,0.56983,0.79319,0.83705,0.68644,0.79149,0.52041,1.71299,0.63238,0.80035,0.000286642,0.000286642,0.000286642
701,2794.38,1.38261,0.56331,0.79374,0.83454,0.68218,0.78901,0.51691,1.73884,0.63946,0.80094,0.000285497,0.000285497,0.000285497
702,2798.33,1.45622,0.58765,0.79728,0.83757,0.68328,0.7898,0.52058,1.71787,0.63722,0.80075,0.000284354,0.000284354,0.000284354
703,2802.2,1.38216,0.55748,0.79017,0.83678,0.68413,0.79106,0.52385,1.69767,0.63322,0.80033,0.000283214,0.000283214,0.000283214
704,2806.16,1.36967,0.56129,0.79007,0.84591,0.67603,0.79248,0.5255,1.70703,0.63235,0.80034,0.000282077,0.000282077,0.000282077
705,2810.05,1.30706,0.56013,0.7936,0.84808,0.67641,0.79273,0.52635,1.69551,0.62655,0.8,0.000280943,0.000280943,0.000280943
706,2814.22,1.34329,0.55921,0.79138,0.84332,0.68203,0.79339,0.52697,1.69451,0.6251,0.80007,0.000279811,0.000279811,0.000279811
707,2818.04,1.19315,0.53137,0.79064,0.84351,0.68067,0.79321,0.52571,1.69884,0.62638,0.79994,0.000278682,0.000278682,0.000278682
708,2821.92,1.32082,0.55212,0.79656,0.85671,0.67389,0.79234,0.52575,1.69083,0.62698,0.79965,0.000277555,0.000277555,0.000277555
709,2825.85,1.25103,0.53707,0.79115,0.84174,0.68259,0.79121,0.52101,1.72836,0.63626,0.79984,0.000276431,0.000276431,0.000276431
710,2829.75,1.42575,0.57897,0.79455,0.84903,0.68136,0.78991,0.51964,1.73889,0.64504,0.79958,0.00027531,0.00027531,0.00027531
711,2833.7,1.23373,0.5237,0.79405,0.8485,0.68122,0.78976,0.52159,1.70327,0.63816,0.79882,0.000274192,0.000274192,0.000274192
712,2837.68,1.42135,0.57322,0.79341,0.84462,0.67573,0.78933,0.51971,1.7193,0.63935,0.79958,0.000273076,0.000273076,0.000273076
713,2841.66,1.42453,0.56694,0.79231,0.83477,0.68355,0.79092,0.52095,1.72745,0.64069,0.79996,0.000271963,0.000271963,0.000271963
714,2845.57,1.37418,0.56778,0.79715,0.8311,0.68975,0.79275,0.52611,1.68534,0.63196,0.79973,0.000270853,0.000270853,0.000270853
715,2849.44,1.31821,0.55685,0.79499,0.83357,0.68781,0.79392,0.5271,1.68133,0.63133,0.79979,0.000269745,0.000269745,0.000269745
716,2853.6,1.33093,0.55741,0.7958,0.84193,0.68561,0.79503,0.52329,1.70374,0.63733,0.80003,0.000268641,0.000268641,0.000268641
717,2857.53,1.19323,0.52679,0.78534,0.84531,0.68419,0.79653,0.52617,1.6885,0.63289,0.79978,0.000267539,0.000267539,0.000267539
718,2861.45,1.28938,0.54735,0.79717,0.84377,0.68287,0.79595,0.52492,1.70586,0.6373,0.80024,0.00026644,0.00026644,0.00026644
719,2865.27,1.29282,0.54726,0.79366,0.84112,0.68394,0.79572,0.52586,1.70585,0.63754,0.80024,0.000265343,0.000265343,0.000265343
720,2869.29,1.50006,0.57762,0.79305,0.81641,0.69231,0.7929,0.52901,1.68804,0.63022,0.80006,0.00026425,0.00026425,0.00026425
721,2873.49,1.25066,0.5398,0.79705,0.81638,0.69591,0.79395,0.52867,1.69203,0.62989,0.79968,0.000263159,0.000263159,0.000263159
722,2877.62,1.47679,0.58032,0.79261,0.82995,0.68493,0.79454,0.53006,1.69699,0.63004,0.80005,0.000262071,0.000262071,0.000262071
723,2881.61,1.35918,0.55408,0.78699,0.82654,0.68424,0.79378,0.53177,1.68508,0.62556,0.79991,0.000260986,0.000260986,0.000260986
724,2885.67,1.29792,0.55008,0.79273,0.83919,0.68206,0.79612,0.5304,1.69723,0.62775,0.79985,0.000259904,0.000259904,0.000259904
725,2889.65,1.35741,0.55663,0.78987,0.83195,0.68784,0.79605,0.52773,1.72067,0.635,0.80022,0.000258825,0.000258825,0.000258825
726,2893.73,1.40578,0.5624,0.79363,0.83545,0.69014,0.7966,0.52731,1.71813,0.63188,0.7999,0.000257748,0.000257748,0.000257748
727,2897.57,1.21829,0.53764,0.79365,0.83864,0.69055,0.79688,0.52875,1.6994,0.62864,0.79976,0.000256675,0.000256675,0.000256675
728,2901.51,1.42866,0.5763,0.79069,0.82528,0.69014,0.79294,0.52679,1.71361,0.63383,0.79969,0.000255604,0.000255604,0.000255604
729,2905.42,1.25726,0.54282,0.79503,0.8268,0.69274,0.79531,0.52803,1.70893,0.63349,0.79938,0.000254536,0.000254536,0.000254536
730,2909.44,1.36377,0.56455,0.79059,0.846,0.68685,0.79832,0.52785,1.69185,0.63108,0.79863,0.000253472,0.000253472,0.000253472
731,2913.39,1.33809,0.55455,0.79463,0.84813,0.68355,0.79725,0.52828,1.69095,0.63075,0.7985,0.00025241,0.00025241,0.00025241
732,2917.37,1.38617,0.55442,0.79617,0.84351,0.68314,0.79518,0.52671,1.70024,0.63047,0.79865,0.000251351,0.000251351,0.000251351
733,2921.23,1.34127,0.5422,0.78608,0.84954,0.68287,0.79611,0.52738,1.69517,0.62966,0.79869,0.000250295,0.000250295,0.000250295
734,2925.16,1.34848,0.56234,0.79385,0.84543,0.68705,0.79761,0.52908,1.68571,0.62681,0.799,0.000249242,0.000249242,0.000249242
735,2928.97,1.24264,0.55452,0.79735,0.8523,0.67957,0.79605,0.52914,1.68165,0.62554,0.79909,0.000248191,0.000248191,0.000248191
736,2933.06,1.27378,0.53871,0.79155,0.85403,0.67792,0.79566,0.52837,1.68654,0.62481,0.79973,0.000247144,0.000247144,0.000247144
737,2937.19,1.30509,0.54447,0.79111,0.85393,0.67641,0.79505,0.52815,1.68701,0.62677,0.79975,0.0002461,0.0002461,0.0002461
738,2941.1,1.27695,0.5373,0.79183,0.84959,0.67985,0.79464,0.52684,1.6855,0.6271,0.79936,0.000245059,0.000245059,0.000245059
739,2945.08,1.29244,0.53819,0.79018,0.85601,0.67661,0.79569,0.52548,1.69497,0.62766,0.79955,0.000244021,0.000244021,0.000244021
740,2949.03,1.32085,0.55522,0.78994,0.85582,0.67449,0.79518,0.52685,1.69039,0.63024,0.79968,0.000242986,0.000242986,0.000242986
741,2952.93,1.23386,0.52996,0.79181,0.83508,0.69097,0.79669,0.52892,1.66923,0.62537,0.7991,0.000241954,0.000241954,0.000241954
742,2956.98,1.41534,0.56646,0.79577,0.8532,0.67518,0.79677,0.5283,1.69261,0.628,0.80006,0.000240925,0.000240925,0.000240925
743,2960.94,1.27399,0.54161,0.79636,0.85642,0.67435,0.79689,0.52901,1.69053,0.62668,0.80009,0.000239899,0.000239899,0.000239899
744,2964.89,1.34483,0.54928,0.79325,0.81841,0.70016,0.79712,0.5325,1.66931,0.62274,0.79989,0.000238876,0.000238876,0.000238876
745,2968.88,1.34476,0.55198,0.79086,0.86222,0.67096,0.79658,0.53138,1.6773,0.62491,0.79983,0.000237856,0.000237856,0.000237856
746,2972.83,1.10849,0.50287,0.79472,0.85855,0.67655,0.79638,0.52965,1.67895,0.62632,0.79957,0.000236839,0.000236839,0.000236839
747,2976.78,1.30692,0.53813,0.79674,0.85442,0.67442,0.79378,0.52778,1.68609,0.62653,0.79977,0.000235826,0.000235826,0.000235826
748,2980.82,1.35653,0.55414,0.79282,0.85152,0.67518,0.79199,0.52707,1.67797,0.62232,0.79929,0.000234815,0.000234815,0.000234815
749,2984.67,1.34848,0.55021,0.79097,0.8399,0.68133,0.79027,0.52703,1.68076,0.62292,0.79951,0.000233808,0.000233808,0.000233808
750,2988.62,1.26537,0.52795,0.79787,0.84332,0.68352,0.79144,0.52438,1.69147,0.62885,0.79906,0.000232803,0.000232803,0.000232803
751,2992.58,1.29845,0.54755,0.79844,0.85121,0.68026,0.79384,0.5273,1.68597,0.62635,0.79928,0.000231802,0.000231802,0.000231802
752,2996.51,1.2965,0.5479,0.79517,0.86113,0.67255,0.79676,0.52938,1.68567,0.62539,0.79893,0.000230804,0.000230804,0.000230804
753,3000.5,1.33206,0.55468,0.79303,0.84627,0.68287,0.79751,0.52947,1.6847,0.62665,0.79915,0.000229809,0.000229809,0.000229809
754,3004.61,1.35107,0.54883,0.79364,0.83426,0.68276,0.7943,0.529,1.69514,0.63216,0.79997,0.000228817,0.000228817,0.000228817
755,3008.56,1.29156,0.53938,0.79266,0.85283,0.67305,0.79452,0.52953,1.68531,0.63089,0.79956,0.000227829,0.000227829,0.000227829
756,3012.48,1.40668,0.56294,0.79108,0.83037,0.69219,0.79549,0.52931,1.68487,0.62753,0.79928,0.000226843,0.000226843,0.000226843
757,3016.34,1.30802,0.5554,0.79854,0.8418,0.68465,0.79684,0.53187,1.68054,0.62404,0.79919,0.000225861,0.000225861,0.000225861
758,3020.5,1.38582,0.5579,0.79362,0.8474,0.68053,0.79621,0.53034,1.68712,0.62517,0.79916,0.000224882,0.000224882,0.000224882
759,3024.34,1.30896,0.5462,0.79106,0.85078,0.67785,0.79594,0.52922,1.69212,0.62612,0.79918,0.000223906,0.000223906,0.000223906
760,3028.21,1.32769,0.55087,0.7938,0.85987,0.67463,0.79924,0.53419,1.66621,0.62274,0.79865,0.000222933,0.000222933,0.000222933
761,3032.29,1.37604,0.5608,0.7947,0.85611,0.67435,0.79666,0.53232,1.67196,0.62392,0.79844,0.000221964,0.000221964,0.000221964
762,3036.31,1.28693,0.54172,0.79504,0.83233,0.69385,0.79685,0.5262,1.71593,0.6326,0.7985,0.000220998,0.000220998,0.000220998
763,3040.2,1.32456,0.54729,0.79056,0.83889,0.68904,0.79619,0.52828,1.7012,0.63079,0.79839,0.000220035,0.000220035,0.000220035
764,3044.27,1.35309,0.55237,0.79019,0.84392,0.68177,0.79578,0.53106,1.68107,0.62329,0.79808,0.000219075,0.000219075,0.000219075
765,3048.14,1.21666,0.52247,0.79221,0.83257,0.68973,0.79544,0.53045,1.68953,0.62554,0.79841,0.000218119,0.000218119,0.000218119
766,3052.2,1.28276,0.5455,0.7926,0.8531,0.68204,0.79814,0.53036,1.68001,0.6232,0.79808,0.000217166,0.000217166,0.000217166
767,3056.03,1.31945,0.54898,0.79087,0.84059,0.69097,0.79882,0.53186,1.67344,0.62077,0.79824,0.000216216,0.000216216,0.000216216
768,3059.94,1.33886,0.5465,0.78961,0.84284,0.68694,0.79754,0.5316,1.67604,0.62383,0.79849,0.00021527,0.00021527,0.00021527
769,3063.88,1.22895,0.53238,0.78912,0.84386,0.68262,0.79556,0.53036,1.67209,0.62147,0.79838,0.000214326,0.000214326,0.000214326
770,3067.98,1.2405,0.53211,0.79134,0.85906,0.67271,0.79412,0.53048,1.66206,0.62361,0.79814,0.000213387,0.000213387,0.000213387
771,3071.84,1.32695,0.54248,0.79427,0.85483,0.67669,0.79572,0.53088,1.66662,0.62175,0.79843,0.00021245,0.00021245,0.00021245
772,3075.79,1.29638,0.55125,0.80112,0.82131,0.69599,0.79514,0.53253,1.65416,0.61892,0.79855,0.000211517,0.000211517,0.000211517
773,3079.72,1.26215,0.53396,0.7888,0.85973,0.66982,0.79417,0.53276,1.65393,0.61919,0.7985,0.000210587,0.000210587,0.000210587
774,3083.82,1.26609,0.5276,0.79152,0.84261,0.68342,0.79732,0.53258,1.65906,0.61838,0.79859,0.00020966,0.00020966,0.00020966
775,3087.81,1.37096,0.55859,0.79683,0.84125,0.68149,0.79471,0.53035,1.66911,0.61892,0.79889,0.000208737,0.000208737,0.000208737
776,3091.76,1.23192,0.52775,0.79483,0.83516,0.68383,0.79277,0.5262,1.68445,0.62421,0.79942,0.000207817,0.000207817,0.000207817
777,3095.63,1.23877,0.52455,0.7925,0.83913,0.68459,0.79428,0.52702,1.68097,0.62335,0.79907,0.000206901,0.000206901,0.000206901
778,3099.58,1.33173,0.54685,0.78905,0.83617,0.69021,0.79772,0.52894,1.68439,0.62311,0.7993,0.000205988,0.000205988,0.000205988
779,3103.59,1.35785,0.54473,0.79201,0.83145,0.69077,0.79814,0.53037,1.68186,0.62091,0.79954,0.000205078,0.000205078,0.000205078
780,3107.62,1.23875,0.52142,0.79165,0.82852,0.69383,0.79844,0.5329,1.67202,0.61649,0.79968,0.000204172,0.000204172,0.000204172
781,3111.49,1.23108,0.53284,0.7903,0.82783,0.69852,0.79885,0.53202,1.67232,0.61874,0.79926,0.000203269,0.000203269,0.000203269
782,3115.44,1.40922,0.56005,0.79472,0.8301,0.69069,0.79556,0.53127,1.66317,0.62104,0.79899,0.00020237,0.00020237,0.00020237
783,3119.34,1.25458,0.53533,0.79355,0.8264,0.6921,0.79508,0.53072,1.66317,0.62343,0.7989,0.000201474,0.000201474,0.000201474
784,3123.4,1.32077,0.55802,0.7973,0.83743,0.68644,0.79701,0.53429,1.64823,0.61864,0.79864,0.000200581,0.000200581,0.000200581
785,3127.56,1.27519,0.53015,0.79038,0.84031,0.68795,0.79713,0.53465,1.64097,0.61606,0.79855,0.000199692,0.000199692,0.000199692
786,3131.7,1.24129,0.52945,0.78854,0.84678,0.67792,0.79498,0.53364,1.66482,0.62146,0.79858,0.000198806,0.000198806,0.000198806
787,3135.61,1.29424,0.54936,0.79368,0.85869,0.67488,0.79519,0.53484,1.66304,0.62117,0.79845,0.000197924,0.000197924,0.000197924
788,3139.67,1.26391,0.53497,0.78864,0.83428,0.68973,0.7972,0.53257,1.68334,0.62695,0.79875,0.000197045,0.000197045,0.000197045
789,3143.51,1.24,0.53165,0.79315,0.82293,0.69618,0.79594,0.53098,1.68981,0.62887,0.79884,0.00019617,0.00019617,0.00019617
790,3147.75,1.27647,0.54415,0.79129,0.83608,0.6885,0.797,0.53324,1.66306,0.6216,0.7983,0.000195298,0.000195298,0.000195298
791,3151.59,1.3047,0.53718,0.78775,0.83166,0.69055,0.79588,0.53065,1.67719,0.62562,0.79829,0.00019443,0.00019443,0.00019443
792,3155.6,1.32997,0.54153,0.7887,0.84813,0.68204,0.7964,0.52814,1.68989,0.62797,0.79876,0.000193566,0.000193566,0.000193566
793,3159.48,1.36915,0.55066,0.78847,0.85036,0.68836,0.79914,0.53133,1.66575,0.6228,0.7978,0.000192704,0.000192704,0.000192704
794,3163.4,1.29611,0.55151,0.79267,0.83466,0.69581,0.79901,0.53297,1.65671,0.6192,0.79798,0.000191847,0.000191847,0.000191847
795,3167.28,1.22793,0.52786,0.79327,0.83358,0.69385,0.79764,0.53054,1.68237,0.62333,0.79849,0.000190993,0.000190993,0.000190993
796,3171.41,1.36716,0.55983,0.79745,0.84633,0.6843,0.79684,0.52849,1.69043,0.62912,0.79843,0.000190142,0.000190142,0.000190142
797,3175.24,1.33994,0.55712,0.7994,0.82373,0.69993,0.79727,0.53225,1.65618,0.62145,0.79795,0.000189295,0.000189295,0.000189295
798,3179.14,1.18077,0.51401,0.7927,0.82149,0.70428,0.79756,0.53387,1.66231,0.6208,0.79848,0.000188451,0.000188451,0.000188451
799,3182.95,1.28341,0.53287,0.79314,0.81998,0.69934,0.7972,0.53119,1.68829,0.62326,0.79915,0.000187611,0.000187611,0.000187611
800,3186.9,1.33622,0.54922,0.79317,0.8201,0.70195,0.79707,0.53081,1.68782,0.62256,0.79885,0.000186775,0.000186775,0.000186775
801,3190.9,1.31556,0.54796,0.79486,0.82294,0.70593,0.79925,0.53494,1.66186,0.61691,0.79828,0.000185942,0.000185942,0.000185942
802,3195,1.25792,0.52373,0.79192,0.82051,0.7084,0.80011,0.53859,1.64199,0.61286,0.79802,0.000185113,0.000185113,0.000185113
803,3199.12,1.31623,0.55129,0.79688,0.81893,0.70854,0.79938,0.5378,1.65046,0.61603,0.79793,0.000184288,0.000184288,0.000184288
804,3203.17,1.30178,0.5329,0.7927,0.82419,0.70703,0.80122,0.53756,1.64539,0.61555,0.79738,0.000183466,0.000183466,0.000183466
805,3206.93,1.26736,0.52811,0.78348,0.8235,0.70222,0.79926,0.53881,1.63642,0.61199,0.79734,0.000182647,0.000182647,0.000182647
806,3211.15,1.32947,0.54487,0.79454,0.83338,0.69344,0.79978,0.53791,1.63885,0.6127,0.79731,0.000181833,0.000181833,0.000181833
807,3215.08,1.2761,0.54663,0.79342,0.82745,0.70332,0.80196,0.53667,1.64717,0.61596,0.79707,0.000181022,0.000181022,0.000181022
808,3219.05,1.249,0.53652,0.79434,0.82536,0.70277,0.80261,0.53734,1.64949,0.61723,0.79738,0.000180214,0.000180214,0.000180214
809,3222.97,1.30237,0.54697,0.79066,0.83368,0.6944,0.80144,0.53729,1.65878,0.61836,0.79772,0.00017941,0.00017941,0.00017941
810,3226.91,1.26564,0.52413,0.78973,0.82095,0.70552,0.80228,0.5379,1.65626,0.61936,0.79767,0.00017861,0.00017861,0.00017861
811,3230.92,1.30543,0.5349,0.79302,0.83448,0.69412,0.80149,0.53723,1.65441,0.61814,0.79809,0.000177814,0.000177814,0.000177814
812,3234.86,1.23483,0.53467,0.7958,0.83224,0.69469,0.79903,0.53498,1.66184,0.61774,0.79802,0.000177021,0.000177021,0.000177021
813,3238.7,1.25883,0.52811,0.79226,0.83125,0.69412,0.79839,0.53463,1.66775,0.62073,0.79796,0.000176232,0.000176232,0.000176232
814,3242.62,1.33382,0.534,0.79174,0.82724,0.69632,0.79981,0.53533,1.66236,0.61863,0.79832,0.000175446,0.000175446,0.000175446
815,3246.44,1.20376,0.53076,0.79153,0.83925,0.69042,0.79924,0.53539,1.65658,0.61698,0.79822,0.000174665,0.000174665,0.000174665
816,3250.41,1.18038,0.5226,0.79503,0.86212,0.6756,0.80146,0.53631,1.66407,0.6165,0.79814,0.000173887,0.000173887,0.000173887
817,3254.51,1.28472,0.53381,0.78972,0.85904,0.67889,0.80031,0.53583,1.6663,0.61754,0.79822,0.000173112,0.000173112,0.000173112
818,3258.45,1.21954,0.51721,0.79269,0.85412,0.68081,0.79979,0.53678,1.66083,0.61585,0.7984,0.000172342,0.000172342,0.000172342
819,3262.4,1.45877,0.56692,0.79439,0.84835,0.68342,0.80017,0.53479,1.67214,0.61783,0.79852,0.000171575,0.000171575,0.000171575
820,3266.35,1.22109,0.52677,0.79113,0.82311,0.69953,0.80076,0.53508,1.66769,0.62064,0.79869,0.000170812,0.000170812,0.000170812
821,3270.21,1.31808,0.54729,0.79255,0.82147,0.70154,0.80092,0.53389,1.66543,0.62035,0.79907,0.000170052,0.000170052,0.000170052
822,3274.24,1.20876,0.53792,0.79804,0.85473,0.67971,0.79816,0.53399,1.65507,0.62021,0.79898,0.000169297,0.000169297,0.000169297
823,3278.19,1.18562,0.51666,0.79452,0.85357,0.68328,0.79855,0.53286,1.65969,0.62411,0.7989,0.000168545,0.000168545,0.000168545
824,3282.09,1.25492,0.53522,0.79273,0.83445,0.69275,0.79709,0.53271,1.65328,0.61699,0.79922,0.000167797,0.000167797,0.000167797
825,3286.01,1.28692,0.53916,0.7933,0.83205,0.69169,0.79535,0.53268,1.64854,0.61555,0.79899,0.000167052,0.000167052,0.000167052
826,3289.94,1.26777,0.52785,0.79029,0.83899,0.68746,0.79355,0.53005,1.65305,0.61661,0.79899,0.000166312,0.000166312,0.000166312
827,3293.98,1.2632,0.53085,0.78867,0.84125,0.68575,0.79335,0.53071,1.65078,0.61526,0.79893,0.000165575,0.000165575,0.000165575
828,3297.95,1.19833,0.52655,0.78885,0.84187,0.68699,0.79459,0.53141,1.64856,0.61452,0.7986,0.000164842,0.000164842,0.000164842
829,3301.8,1.26931,0.54549,0.79383,0.83006,0.69742,0.79621,0.53192,1.6528,0.61643,0.79854,0.000164113,0.000164113,0.000164113
830,3305.74,1.3342,0.54634,0.79232,0.86548,0.67628,0.79798,0.53343,1.64753,0.61269,0.79805,0.000163388,0.000163388,0.000163388
831,3309.6,1.32637,0.54528,0.78827,0.85279,0.68589,0.79927,0.53585,1.63562,0.61026,0.79803,0.000162666,0.000162666,0.000162666
832,3313.67,1.26708,0.53455,0.78702,0.83327,0.69811,0.80017,0.53766,1.6399,0.61083,0.79772,0.000161948,0.000161948,0.000161948
833,3317.56,1.27362,0.53162,0.79252,0.84873,0.68555,0.8001,0.53897,1.63217,0.6083,0.79772,0.000161234,0.000161234,0.000161234
834,3321.65,1.22466,0.52585,0.78683,0.85158,0.68768,0.80123,0.53774,1.63944,0.60807,0.79789,0.000160524,0.000160524,0.000160524
835,3325.5,1.24119,0.53889,0.79125,0.85077,0.68878,0.80251,0.53727,1.6498,0.61041,0.79783,0.000159818,0.000159818,0.000159818
836,3329.44,1.26132,0.52559,0.78834,0.83084,0.70126,0.80283,0.54097,1.63103,0.60821,0.7979,0.000159116,0.000159116,0.000159116
837,3333.44,1.303,0.5373,0.7908,0.83373,0.69597,0.80199,0.54138,1.63359,0.6105,0.79803,0.000158417,0.000158417,0.000158417
838,3337.75,1.30351,0.53268,0.78733,0.83433,0.69412,0.80154,0.54089,1.6381,0.61239,0.79781,0.000157723,0.000157723,0.000157723
839,3341.62,1.29213,0.53522,0.78596,0.83537,0.69399,0.80047,0.54082,1.63213,0.6134,0.79756,0.000157032,0.000157032,0.000157032
840,3345.62,1.33097,0.54431,0.79343,0.83766,0.69422,0.80007,0.53862,1.64417,0.6141,0.79755,0.000156345,0.000156345,0.000156345
841,3349.49,1.25887,0.52188,0.79066,0.84654,0.68891,0.7988,0.53738,1.65066,0.61517,0.79789,0.000155662,0.000155662,0.000155662
842,3353.5,1.32333,0.54303,0.79017,0.8531,0.6863,0.80062,0.53767,1.63983,0.61,0.79792,0.000154983,0.000154983,0.000154983
843,3357.29,1.21186,0.51444,0.7872,0.85391,0.68191,0.79997,0.53814,1.6431,0.6123,0.79769,0.000154308,0.000154308,0.000154308
844,3361.39,1.27183,0.52745,0.78772,0.84877,0.68795,0.80193,0.53984,1.63432,0.61054,0.79768,0.000153636,0.000153636,0.000153636
845,3365.23,1.26866,0.52908,0.78517,0.83018,0.70222,0.80257,0.54005,1.6272,0.60915,0.79741,0.000152969,0.000152969,0.000152969
846,3369.26,1.26437,0.52716,0.79183,0.83125,0.7014,0.80266,0.54057,1.62112,0.60757,0.79726,0.000152305,0.000152305,0.000152305
847,3373.11,1.18508,0.51003,0.78964,0.83288,0.69993,0.80179,0.54127,1.61505,0.60549,0.79738,0.000151646,0.000151646,0.000151646
848,3377.08,1.1801,0.50314,0.78967,0.8488,0.68987,0.80172,0.54048,1.62158,0.60671,0.79757,0.00015099,0.00015099,0.00015099
849,3380.96,1.25603,0.53711,0.79045,0.86303,0.68253,0.80257,0.54054,1.62281,0.6068,0.79778,0.000150339,0.000150339,0.000150339
850,3384.84,1.26998,0.52197,0.79015,0.87203,0.67738,0.80161,0.54147,1.61648,0.60692,0.79742,0.000149691,0.000149691,0.000149691
851,3388.84,1.23179,0.5244,0.78752,0.87312,0.67829,0.8026,0.54182,1.61578,0.60664,0.79749,0.000149047,0.000149047,0.000149047
852,3392.95,1.26322,0.53294,0.79226,0.86601,0.677,0.80049,0.53884,1.63068,0.61238,0.79745,0.000148407,0.000148407,0.000148407
853,3397,1.19285,0.51683,0.78978,0.84641,0.68848,0.80007,0.53848,1.62651,0.61153,0.79753,0.000147771,0.000147771,0.000147771
854,3401.01,1.21863,0.52444,0.7901,0.842,0.69591,0.8022,0.53804,1.64361,0.61338,0.7982,0.000147139,0.000147139,0.000147139
855,3404.89,1.11562,0.50241,0.79153,0.85201,0.68762,0.80162,0.53724,1.64525,0.61372,0.79761,0.000146512,0.000146512,0.000146512
856,3408.87,1.24596,0.52298,0.78666,0.85749,0.68314,0.80174,0.53758,1.6503,0.61455,0.79769,0.000145888,0.000145888,0.000145888
857,3412.7,1.18744,0.51273,0.79148,0.85887,0.6841,0.80291,0.53908,1.64975,0.61354,0.79783,0.000145268,0.000145268,0.000145268
858,3416.71,1.30986,0.53755,0.79191,0.85015,0.69008,0.80282,0.53987,1.65456,0.61307,0.7976,0.000144652,0.000144652,0.000144652
859,3420.63,1.19664,0.50985,0.78576,0.84885,0.68918,0.80208,0.53878,1.66369,0.6144,0.79796,0.00014404,0.00014404,0.00014404
860,3424.58,1.23754,0.52032,0.79249,0.84442,0.69234,0.80297,0.54348,1.63824,0.60746,0.79754,0.000143432,0.000143432,0.000143432
861,3428.65,1.19203,0.50557,0.78875,0.8558,0.68848,0.8045,0.54415,1.6294,0.60533,0.79733,0.000142828,0.000142828,0.000142828
862,3432.76,1.38955,0.55096,0.79092,0.85652,0.68767,0.80377,0.54222,1.6389,0.60637,0.79728,0.000142228,0.000142228,0.000142228
863,3436.92,1.27155,0.53377,0.78969,0.8559,0.68741,0.80446,0.54194,1.63818,0.60792,0.79736,0.000141632,0.000141632,0.000141632
864,3440.84,1.29549,0.53347,0.78813,0.86276,0.68443,0.80361,0.54032,1.63276,0.61003,0.79701,0.00014104,0.00014104,0.00014104
865,3444.74,1.15967,0.49755,0.78597,0.87126,0.68012,0.80301,0.53844,1.63337,0.61168,0.79713,0.000140452,0.000140452,0.000140452
866,3448.74,1.13159,0.50605,0.79217,0.86262,0.68136,0.80101,0.53929,1.62115,0.6079,0.79711,0.000139869,0.000139869,0.000139869
867,3452.51,1.18396,0.51963,0.79484,0.86571,0.68026,0.80065,0.54012,1.61697,0.60829,0.79694,0.000139289,0.000139289,0.000139289
868,3456.72,1.31536,0.54921,0.79869,0.87103,0.67614,0.80203,0.53965,1.63047,0.61069,0.79728,0.000138713,0.000138713,0.000138713
869,3460.62,1.31591,0.53303,0.79107,0.87429,0.67518,0.80277,0.54212,1.62416,0.60627,0.79731,0.000138141,0.000138141,0.000138141
870,3464.51,1.2626,0.52594,0.7907,0.86853,0.67353,0.80182,0.54401,1.62501,0.60354,0.79747,0.000137574,0.000137574,0.000137574
871,3468.41,1.23686,0.51829,0.79096,0.86928,0.67065,0.80144,0.54308,1.62556,0.60477,0.79729,0.00013701,0.00013701,0.00013701
872,3472.4,1.23125,0.52001,0.79243,0.86192,0.67614,0.80218,0.54377,1.61148,0.60447,0.79719,0.000136451,0.000136451,0.000136451
873,3476.52,1.19975,0.50908,0.78204,0.85838,0.6765,0.80113,0.5428,1.61821,0.60911,0.79716,0.000135896,0.000135896,0.000135896
874,3480.71,1.19021,0.51481,0.78839,0.8611,0.67847,0.80214,0.54279,1.62326,0.6116,0.79728,0.000135344,0.000135344,0.000135344
875,3484.63,1.18323,0.51157,0.78967,0.8662,0.67792,0.80167,0.54266,1.62236,0.60861,0.79712,0.000134797,0.000134797,0.000134797
876,3488.7,1.31615,0.53683,0.79038,0.86312,0.68136,0.79974,0.54046,1.61918,0.60972,0.79675,0.000134254,0.000134254,0.000134254
877,3492.54,1.32854,0.53605,0.79007,0.86225,0.68781,0.80207,0.53985,1.62196,0.61246,0.79649,0.000133715,0.000133715,0.000133715
878,3496.75,1.24867,0.52871,0.79393,0.86031,0.68863,0.80202,0.53892,1.61864,0.6149,0.79648,0.00013318,0.00013318,0.00013318
879,3500.65,1.24281,0.52604,0.78975,0.86403,0.68571,0.80199,0.54074,1.61538,0.61204,0.79693,0.00013265,0.00013265,0.00013265
880,3504.52,1.25525,0.52019,0.79268,0.8524,0.68898,0.80146,0.5434,1.61262,0.60905,0.79689,0.000132123,0.000132123,0.000132123
881,3508.39,1.23426,0.52049,0.78655,0.85278,0.68822,0.80089,0.54463,1.60206,0.60702,0.79658,0.000131601,0.000131601,0.000131601
882,3512.46,1.17102,0.50563,0.78619,0.84771,0.68699,0.79968,0.54474,1.60405,0.60603,0.79649,0.000131082,0.000131082,0.000131082
883,3516.58,1.1474,0.5035,0.78965,0.85376,0.67834,0.79804,0.54519,1.60352,0.60646,0.79683,0.000130568,0.000130568,0.000130568
884,3520.79,1.2444,0.51981,0.79146,0.85845,0.6749,0.79763,0.54535,1.59638,0.60161,0.79671,0.000130058,0.000130058,0.000130058
885,3524.83,1.29021,0.53366,0.79757,0.8625,0.67513,0.79772,0.543,1.60086,0.60111,0.79655,0.000129552,0.000129552,0.000129552
886,3528.79,1.33482,0.5334,0.78895,0.86189,0.67724,0.79821,0.54135,1.61261,0.60259,0.79666,0.00012905,0.00012905,0.00012905
887,3532.72,1.19532,0.51526,0.7915,0.86372,0.67692,0.7995,0.54248,1.60844,0.60315,0.79668,0.000128553,0.000128553,0.000128553
888,3536.75,1.151,0.50554,0.78884,0.845,0.69165,0.80252,0.54422,1.60789,0.60326,0.79635,0.000128059,0.000128059,0.000128059
889,3540.62,1.17487,0.51033,0.79401,0.8649,0.67998,0.80196,0.54445,1.61064,0.60344,0.79648,0.00012757,0.00012757,0.00012757
890,3544.49,1.04212,0.48134,0.78711,0.85774,0.68622,0.80338,0.54586,1.60025,0.60105,0.7963,0.000127085,0.000127085,0.000127085
891,3548.62,1.20665,0.51353,0.78742,0.85736,0.68712,0.80238,0.54495,1.59966,0.60006,0.79591,0.000126604,0.000126604,0.000126604
892,3552.57,1.24231,0.51358,0.7869,0.85834,0.68211,0.7993,0.5429,1.60723,0.60196,0.79607,0.000126127,0.000126127,0.000126127
893,3556.59,1.28694,0.52586,0.7892,0.85729,0.68449,0.79958,0.54342,1.60297,0.60264,0.79624,0.000125654,0.000125654,0.000125654
894,3560.68,1.20866,0.51478,0.78803,0.85599,0.68222,0.79887,0.54356,1.60346,0.60433,0.79615,0.000125186,0.000125186,0.000125186
895,3564.56,1.20227,0.51346,0.7963,0.86165,0.68012,0.80008,0.54338,1.60206,0.60313,0.79613,0.000124722,0.000124722,0.000124722
896,3568.42,1.08665,0.50206,0.7914,0.86576,0.68176,0.80313,0.54378,1.60516,0.60592,0.79647,0.000124262,0.000124262,0.000124262
897,3572.26,1.19475,0.50529,0.78695,0.86934,0.68081,0.80446,0.54346,1.60903,0.60673,0.79642,0.000123806,0.000123806,0.000123806
898,3576.39,1.31686,0.52871,0.79131,0.85762,0.68191,0.80277,0.54303,1.61847,0.6074,0.79714,0.000123354,0.000123354,0.000123354
899,3580.26,1.22952,0.51295,0.78856,0.85046,0.68789,0.8034,0.54314,1.62163,0.60709,0.79724,0.000122907,0.000122907,0.000122907
900,3584.17,1.16555,0.50111,0.7862,0.8399,0.69714,0.80403,0.54229,1.63225,0.60855,0.79746,0.000122464,0.000122464,0.000122464
901,3588.01,1.19283,0.51002,0.7855,0.83825,0.69811,0.80453,0.54454,1.622,0.60627,0.7975,0.000122025,0.000122025,0.000122025
902,3591.96,1.1228,0.50163,0.78643,0.86812,0.6769,0.80357,0.54642,1.61472,0.60247,0.79767,0.00012159,0.00012159,0.00012159
903,3596.08,1.21277,0.51052,0.7934,0.86242,0.67916,0.80264,0.54548,1.62359,0.60634,0.79792,0.000121159,0.000121159,0.000121159
904,3600,1.13275,0.4938,0.79124,0.85717,0.68551,0.80421,0.54692,1.61161,0.60428,0.79781,0.000120733,0.000120733,0.000120733
905,3603.99,1.17374,0.51048,0.78807,0.85296,0.68781,0.80304,0.54713,1.6005,0.60153,0.7975,0.000120311,0.000120311,0.000120311
906,3608.21,1.11572,0.50522,0.78864,0.85093,0.6912,0.80333,0.54627,1.60511,0.60269,0.79719,0.000119893,0.000119893,0.000119893
907,3612.13,1.24833,0.51879,0.79171,0.84642,0.69399,0.80242,0.54575,1.60379,0.60294,0.79716,0.00011948,0.00011948,0.00011948
908,3616.12,1.25614,0.52386,0.79483,0.84337,0.69907,0.80367,0.54402,1.60279,0.60135,0.79689,0.00011907,0.00011907,0.00011907
909,3619.98,1.11141,0.48869,0.78692,0.845,0.69879,0.8036,0.54302,1.60714,0.60308,0.79707,0.000118665,0.000118665,0.000118665
910,3623.94,1.16862,0.51795,0.79252,0.84607,0.69385,0.80159,0.54364,1.60926,0.60112,0.79754,0.000118264,0.000118264,0.000118264
911,3627.81,1.32075,0.5341,0.78859,0.84407,0.69334,0.80132,0.54415,1.60709,0.60171,0.79738,0.000117868,0.000117868,0.000117868
912,3631.84,1.28249,0.52511,0.78847,0.84252,0.69334,0.80303,0.54477,1.61177,0.60039,0.79732,0.000117476,0.000117476,0.000117476
913,3635.83,1.32301,0.53984,0.78905,0.84448,0.69124,0.8031,0.54443,1.61151,0.60196,0.79709,0.000117088,0.000117088,0.000117088
914,3639.82,1.24818,0.51788,0.79217,0.83958,0.6984,0.80341,0.54384,1.60352,0.60068,0.79662,0.000116704,0.000116704,0.000116704
915,3643.83,1.25804,0.52868,0.79351,0.83519,0.69934,0.80145,0.54221,1.61188,0.60284,0.79688,0.000116324,0.000116324,0.000116324
916,3647.87,1.25249,0.5256,0.78876,0.83901,0.69467,0.80004,0.54023,1.61869,0.60272,0.79691,0.000115949,0.000115949,0.000115949
917,3651.81,1.15866,0.50449,0.79318,0.83175,0.70107,0.80013,0.54126,1.61101,0.60064,0.7969,0.000115578,0.000115578,0.000115578
918,3655.94,1.19774,0.51238,0.7857,0.82632,0.70428,0.80041,0.54149,1.61332,0.60169,0.79671,0.000115212,0.000115212,0.000115212
919,3659.93,1.31445,0.53636,0.78751,0.82937,0.70346,0.80206,0.54233,1.61367,0.60231,0.79662,0.000114849,0.000114849,0.000114849
920,3663.84,1.14884,0.50828,0.78951,0.8336,0.69877,0.80127,0.54237,1.61286,0.60136,0.7964,0.000114491,0.000114491,0.000114491
921,3667.82,1.3273,0.5383,0.79048,0.83286,0.70003,0.80155,0.54219,1.62037,0.60387,0.79667,0.000114138,0.000114138,0.000114138
922,3671.77,1.16383,0.50576,0.79365,0.84794,0.69248,0.80304,0.54143,1.62673,0.60422,0.79619,0.000113788,0.000113788,0.000113788
923,3675.78,1.21783,0.51033,0.7879,0.84801,0.69316,0.80262,0.54105,1.62588,0.60532,0.79603,0.000113443,0.000113443,0.000113443
924,3679.75,1.29112,0.53475,0.79107,0.86851,0.67943,0.80169,0.54037,1.62872,0.60581,0.79659,0.000113102,0.000113102,0.000113102
925,3683.62,1.31137,0.53526,0.79371,0.85991,0.68314,0.80203,0.53992,1.62982,0.60647,0.79683,0.000112766,0.000112766,0.000112766
926,3687.6,1.24978,0.51881,0.78752,0.84736,0.68959,0.80131,0.54028,1.61916,0.6055,0.79686,0.000112434,0.000112434,0.000112434
927,3691.45,1.21061,0.51425,0.78649,0.8441,0.69069,0.80187,0.54128,1.62002,0.60606,0.79695,0.000112106,0.000112106,0.000112106
928,3695.32,1.18823,0.51211,0.79037,0.84596,0.6863,0.80144,0.54238,1.61303,0.6028,0.7969,0.000111782,0.000111782,0.000111782
929,3699.33,1.3147,0.53722,0.78724,0.86384,0.67696,0.80157,0.54382,1.61019,0.60411,0.79666,0.000111463,0.000111463,0.000111463
930,3703.26,1.22959,0.50991,0.78768,0.85147,0.68784,0.80352,0.54499,1.60323,0.6014,0.79631,0.000111148,0.000111148,0.000111148
931,3707.1,1.21427,0.52354,0.79311,0.84526,0.69467,0.80565,0.54669,1.59619,0.60051,0.79615,0.000110837,0.000110837,0.000110837
932,3711.02,1.13476,0.49429,0.7853,0.84659,0.69547,0.80627,0.54471,1.60482,0.60387,0.79553,0.000110531,0.000110531,0.000110531
933,3714.82,1.14845,0.50126,0.78573,0.8541,0.69344,0.80628,0.54484,1.60678,0.60517,0.79553,0.000110229,0.000110229,0.000110229
934,3718.91,1.18687,0.50269,0.79169,0.86137,0.68756,0.80343,0.54511,1.59201,0.60103,0.79593,0.000109932,0.000109932,0.000109932
935,3722.85,1.20004,0.50565,0.78764,0.85677,0.6911,0.80253,0.5443,1.59218,0.60199,0.79592,0.000109639,0.000109639,0.000109639
936,3726.85,1.1546,0.50007,0.78468,0.85958,0.68994,0.80103,0.5427,1.60149,0.60219,0.79629,0.00010935,0.00010935,0.00010935
937,3730.72,1.18446,0.50884,0.78614,0.85968,0.68718,0.80111,0.54312,1.60377,0.60155,0.79663,0.000109065,0.000109065,0.000109065
938,3734.7,1.30181,0.5286,0.79506,0.86074,0.68561,0.80227,0.54452,1.60094,0.60052,0.79675,0.000108785,0.000108785,0.000108785
939,3738.52,1.30138,0.53241,0.79513,0.85904,0.68369,0.80098,0.54375,1.60605,0.60389,0.79675,0.000108509,0.000108509,0.000108509
940,3742.67,1.31026,0.53021,0.78781,0.86104,0.68392,0.80273,0.54615,1.60268,0.60606,0.79644,0.000108238,0.000108238,0.000108238
941,3746.56,1.2863,0.51798,0.7812,0.85988,0.68575,0.80307,0.54789,1.59505,0.60295,0.79642,0.000107971,0.000107971,0.000107971
942,3750.7,1.23281,0.52103,0.79337,0.86956,0.6793,0.80458,0.54813,1.59633,0.59983,0.79662,0.000107708,0.000107708,0.000107708
943,3754.73,1.21073,0.50934,0.78667,0.8671,0.68012,0.80465,0.54771,1.59302,0.59929,0.79679,0.00010745,0.00010745,0.00010745
944,3758.69,1.15238,0.50539,0.79023,0.85433,0.68918,0.80375,0.5456,1.60144,0.60069,0.79682,0.000107196,0.000107196,0.000107196
945,3762.63,1.22162,0.49908,0.79068,0.84703,0.69454,0.80314,0.5446,1.60279,0.6022,0.79654,0.000106946,0.000106946,0.000106946
946,3766.55,1.1547,0.49469,0.78807,0.85125,0.69375,0.805,0.54731,1.59199,0.59828,0.79639,0.000106701,0.000106701,0.000106701
947,3770.43,1.16842,0.50014,0.7911,0.83894,0.69907,0.80437,0.54798,1.59284,0.59641,0.79665,0.00010646,0.00010646,0.00010646
948,3774.36,1.2463,0.51764,0.78518,0.8388,0.69783,0.80442,0.54695,1.60508,0.59875,0.79697,0.000106223,0.000106223,0.000106223
949,3778.19,1.10847,0.49249,0.78599,0.83713,0.70113,0.80482,0.54691,1.60047,0.59851,0.79688,0.000105991,0.000105991,0.000105991
950,3782.34,1.23074,0.51526,0.78506,0.83334,0.70703,0.80488,0.54593,1.59672,0.604,0.79655,0.000105764,0.000105764,0.000105764
951,3786.26,1.15053,0.49408,0.78507,0.83382,0.70497,0.80447,0.54479,1.60393,0.60409,0.79654,0.00010554,0.00010554,0.00010554
952,3790.19,1.2999,0.52389,0.78921,0.85232,0.69344,0.80538,0.54461,1.61014,0.60578,0.79665,0.000105321,0.000105321,0.000105321
953,3794.07,1.21631,0.50236,0.78479,0.85611,0.6933,0.80572,0.54578,1.60324,0.60503,0.79646,0.000105107,0.000105107,0.000105107
954,3798.02,1.26942,0.52748,0.79161,0.86391,0.68795,0.80558,0.5447,1.60354,0.60608,0.79652,0.000104897,0.000104897,0.000104897
955,3801.91,1.2932,0.53179,0.79324,0.85956,0.68836,0.80477,0.54362,1.61229,0.60781,0.79682,0.000104691,0.000104691,0.000104691
956,3805.99,1.18368,0.50612,0.79087,0.85831,0.68609,0.80344,0.54324,1.60849,0.60353,0.79697,0.000104489,0.000104489,0.000104489
957,3809.83,1.20073,0.5054,0.7853,0.86226,0.68325,0.804,0.54446,1.6081,0.60422,0.79691,0.000104292,0.000104292,0.000104292
958,3813.87,1.30948,0.5266,0.78712,0.82503,0.70566,0.80332,0.54646,1.60346,0.60291,0.79693,0.0001041,0.0001041,0.0001041
959,3817.95,1.13815,0.49894,0.79024,0.82754,0.70593,0.80445,0.54701,1.59883,0.60315,0.79685,0.000103912,0.000103912,0.000103912
960,3821.95,1.29579,0.53459,0.78914,0.82926,0.7008,0.80385,0.54671,1.59817,0.60435,0.79669,0.000103728,0.000103728,0.000103728
961,3825.87,1.0591,0.47296,0.78701,0.83127,0.69838,0.80353,0.54565,1.60359,0.60373,0.79656,0.000103548,0.000103548,0.000103548
962,3829.93,1.22707,0.51571,0.78965,0.84269,0.69124,0.80386,0.54741,1.59499,0.60076,0.79628,0.000103373,0.000103373,0.000103373
963,3833.93,1.22031,0.51104,0.7862,0.82859,0.70348,0.80416,0.54776,1.59155,0.59921,0.79611,0.000103203,0.000103203,0.000103203
964,3837.95,1.3132,0.52896,0.79026,0.82963,0.70798,0.80638,0.54748,1.59781,0.59885,0.7964,0.000103037,0.000103037,0.000103037
965,3841.84,1.14022,0.50027,0.79196,0.86311,0.68212,0.80479,0.54702,1.59295,0.59653,0.79631,0.000102875,0.000102875,0.000102875
966,3845.96,1.16723,0.4967,0.7876,0.84446,0.69371,0.80379,0.54384,1.60581,0.60194,0.79677,0.000102718,0.000102718,0.000102718
967,3849.79,1.25023,0.51968,0.78885,0.84182,0.69289,0.8019,0.54183,1.61578,0.60665,0.79703,0.000102565,0.000102565,0.000102565
968,3853.7,1.20231,0.51874,0.79336,0.84822,0.69001,0.80071,0.54056,1.6074,0.60825,0.7969,0.000102416,0.000102416,0.000102416
969,3857.57,1.21799,0.5126,0.78658,0.85301,0.68946,0.80074,0.5404,1.60242,0.60808,0.79681,0.000102272,0.000102272,0.000102272
970,3861.69,1.27448,0.52449,0.78883,0.84471,0.69165,0.79983,0.54093,1.6077,0.60799,0.79661,0.000102132,0.000102132,0.000102132
971,3865.71,1.16583,0.50149,0.7912,0.84055,0.69426,0.79956,0.5401,1.61367,0.60897,0.79635,0.000101997,0.000101997,0.000101997
972,3869.67,1.2036,0.50481,0.78615,0.8512,0.68822,0.8013,0.54124,1.60792,0.60682,0.79612,0.000101866,0.000101866,0.000101866
973,3873.52,1.19435,0.50611,0.78512,0.87065,0.6782,0.80274,0.54248,1.60117,0.604,0.79593,0.00010174,0.00010174,0.00010174
974,3877.67,1.19747,0.49789,0.78672,0.86265,0.67889,0.80176,0.54317,1.60254,0.60437,0.79598,0.000101618,0.000101618,0.000101618
975,3881.51,1.23048,0.51544,0.78989,0.86511,0.67916,0.80261,0.54441,1.59795,0.603,0.79595,0.0001015,0.0001015,0.0001015
976,3885.53,1.29694,0.5255,0.78907,0.86339,0.68245,0.80343,0.54462,1.59104,0.59911,0.79595,0.000101387,0.000101387,0.000101387
977,3889.31,1.20526,0.51567,0.79461,0.83641,0.69811,0.80313,0.54426,1.59318,0.59887,0.7962,0.000101278,0.000101278,0.000101278
978,3893.39,1.1502,0.49449,0.79023,0.83904,0.70064,0.80401,0.54495,1.58711,0.59828,0.79643,0.000101174,0.000101174,0.000101174
979,3897.26,1.26864,0.52662,0.79379,0.83747,0.70195,0.80405,0.54557,1.58455,0.59768,0.79659,0.000101074,0.000101074,0.000101074
980,3901.24,1.23674,0.51223,0.78503,0.83235,0.70343,0.8037,0.54671,1.58455,0.59784,0.79642,0.000100979,0.000100979,0.000100979
981,3905.11,1.26772,0.52664,0.79117,0.83254,0.70302,0.80402,0.54793,1.58105,0.59703,0.79634,0.000100888,0.000100888,0.000100888
982,3909.22,1.21626,0.50938,0.79006,0.8406,0.69563,0.80355,0.54997,1.56854,0.59312,0.79625,0.000100801,0.000100801,0.000100801
983,3913.27,1.40716,0.54821,0.79263,0.84309,0.69412,0.80337,0.55062,1.57359,0.59343,0.79646,0.000100719,0.000100719,0.000100719
984,3917.38,1.26481,0.53246,0.79142,0.85101,0.68836,0.80342,0.54945,1.59029,0.59468,0.79676,0.000100642,0.000100642,0.000100642
985,3921.28,1.14301,0.50573,0.7912,0.84759,0.69303,0.80455,0.54971,1.58506,0.5921,0.79652,0.000100568,0.000100568,0.000100568
986,3925.15,1.32337,0.53519,0.78758,0.84741,0.69836,0.80684,0.55166,1.57881,0.5928,0.79636,0.0001005,0.0001005,0.0001005
987,3929.28,1.20515,0.51316,0.79386,0.84059,0.70195,0.80793,0.55124,1.58274,0.59508,0.79634,0.000100435,0.000100435,0.000100435
988,3933.35,1.18949,0.51482,0.79146,0.84629,0.69466,0.80715,0.55146,1.57379,0.59523,0.79617,0.000100375,0.000100375,0.000100375
989,3937.25,1.13916,0.50464,0.78973,0.84602,0.69469,0.80779,0.55231,1.56508,0.59139,0.79605,0.00010032,0.00010032,0.00010032
990,3941.29,1.26442,0.52107,0.78185,0.84074,0.69719,0.80547,0.55143,1.56588,0.58987,0.79579,0.000100269,0.000100269,0.000100269
991,3996.93,1.30482,0.52871,0.78121,0.84195,0.69992,0.80634,0.55105,1.57596,0.59152,0.7959,0.000100222,0.000100222,0.000100222
992,4001,1.255,0.51221,0.78232,0.84204,0.70167,0.80655,0.5518,1.57219,0.59131,0.79584,0.00010018,0.00010018,0.00010018
993,4005.17,1.21554,0.50591,0.78572,0.83701,0.70501,0.80635,0.55149,1.57271,0.5922,0.79576,0.000100142,0.000100142,0.000100142
994,4009.2,1.18942,0.50599,0.79029,0.8451,0.69731,0.80532,0.54888,1.58943,0.59852,0.79568,0.000100109,0.000100109,0.000100109
995,4013.07,1.25159,0.5071,0.78334,0.84477,0.69728,0.80526,0.54763,1.59198,0.59892,0.79572,0.00010008,0.00010008,0.00010008
996,4017.01,1.26399,0.50952,0.78681,0.8655,0.6838,0.80302,0.54819,1.57777,0.59718,0.79498,0.000100056,0.000100056,0.000100056
997,4020.88,1.14513,0.48914,0.78641,0.86427,0.68355,0.8015,0.5471,1.58025,0.59799,0.79522,0.000100036,0.000100036,0.000100036
998,4024.96,1.28993,0.51714,0.77977,0.86301,0.68497,0.80261,0.54605,1.59667,0.60256,0.79533,0.00010002,0.00010002,0.00010002
999,4028.86,1.16767,0.49256,0.78696,0.86134,0.68369,0.80253,0.54636,1.59804,0.60274,0.79553,0.000100009,0.000100009,0.000100009
1000,4032.76,1.1215,0.49357,0.77841,0.86952,0.67875,0.80287,0.54658,1.60043,0.60377,0.79573,0.000100002,0.000100002,0.000100002
