epoch,time,train/box_loss,train/cls_loss,train/dfl_loss,metrics/precision(B),metrics/recall(B),metrics/mAP50(B),metrics/mAP50-95(B),val/box_loss,val/cls_loss,val/dfl_loss,lr/pg0,lr/pg1,lr/pg2
1,4.58805,9.00144,12.2365,1.90144,0,0,0,0,6.47885,24.5736,1.28319,0.09802,2e-05,2e-05
2,7.17521,8.7814,14.1416,1.88025,0,0,0,0,6.46232,24.584,1.28018,0.09505,4.99999e-05,4.99999e-05
3,9.63669,13.382,17.2221,2.84674,0,0,0,0,6.47445,24.5815,1.28263,0.09208,7.99992e-05,7.99992e-05
4,12.0184,4.29961,10.653,0.93513,0,0,0,0,6.43755,24.6028,1.27548,0.08911,0.000109998,0.000109998
5,14.7379,13.3641,16.2539,2.80687,0,0,0,0,6.30401,21.4299,1.24929,0.08614,0.000139994,0.000139994
6,17.5179,13.2062,19.2071,2.76682,0,0,0,0,6.20505,21.5087,1.22962,0.08317,0.00016999,0.00016999
7,19.8896,7.4242,15.0098,1.51483,0,0,0,0,6.04788,5.03619,1.19863,0.0802,0.000199982,0.000199982
8,21.8979,13.5718,15.3023,2.82263,0,0,0,0,5.91795,5.10849,1.17157,0.07723,0.000229972,0.000229972
9,24.3434,13.2181,10.4585,2.84266,0,0,0,0,5.81258,5.14701,1.14837,0.07426,0.000259959,0.000259959
10,26.7889,8.73547,4.95843,1.88328,0,0,0,0,5.7309,1.81992,1.12885,0.0712899,0.000289942,0.000289942
11,29.1981,4.71987,5.06047,1.02673,0,0,0,0,5.66099,1.85162,1.11168,0.0683199,0.000319921,0.000319921
12,31.5733,9.09566,4.48562,1.88678,0,0,0,0,5.65438,1.90244,1.10534,0.0653499,0.000349896,0.000349896
13,33.5477,11.8348,5.70601,2.43076,0,0,0,0,5.60968,1.93387,1.09101,0.0623799,0.000379865,0.000379865
14,35.5176,13.0759,6.71041,2.75453,0,0,0,0,5.63483,1.97194,1.08903,0.0594098,0.000409829,0.000409829
15,37.5479,8.14116,4.16693,1.83465,0,0,0,0,5.69558,2.02267,1.09306,0.0564398,0.000439787,0.000439787
16,39.7103,7.99592,3.64435,1.81633,0,0,0,0,5.79235,2.07127,1.10252,0.0534697,0.000469739,0.000469739
17,41.8042,9.07588,4.47922,1.74104,0,0,0,0,5.83463,2.10025,1.10539,0.0504997,0.000499685,0.000499685
18,43.931,5.74237,2.70127,1.10588,0,0,0,0,5.91878,2.14929,1.11443,0.0475296,0.000529623,0.000529623
19,45.6466,0.08817,0.61562,0.01656,0,0,0,0,5.92733,2.16499,1.11323,0.0445596,0.000559553,0.000559553
20,48.0005,3.28207,2.81736,0.60224,0,0,0,0,5.97935,2.21708,1.11795,0.0415895,0.000589475,0.000589475
21,49.844,7.42827,3.59614,1.41358,0,0,0,0,5.98523,2.22835,1.11665,0.0386194,0.000619389,0.000619389
22,51.9644,12.1816,5.10178,2.31701,0,0,0,0,6.07919,2.27673,1.12809,0.0356493,0.000649294,0.000649294
23,53.7612,4.15077,2.3043,0.76084,0,0,0,0,6.10513,2.29598,1.13022,0.0326792,0.000679189,0.000679189
24,55.8419,5.08393,2.84704,1.11046,0,0,0,0,6.21789,2.34606,1.14496,0.0297091,0.000709075,0.000709075
25,57.7154,11.0024,4.88096,2.14801,0,0,0,0,6.26554,2.3688,1.15068,0.0267389,0.00073895,0.00073895
26,59.7656,12.4584,5.30271,2.61722,0,0,0,0,6.38189,2.41077,1.16622,0.0237688,0.000768814,0.000768814
27,61.7182,4.24412,2.31598,0.80863,0,0,0,0,6.41616,2.4257,1.17005,0.0207987,0.000798668,0.000798668
28,63.4788,10.4037,4.61646,2.01812,0,0,0,0,6.51939,2.46891,1.18392,0.0178285,0.000828509,0.000828509
29,65.3808,5.03141,2.66137,0.911,0,0,0,0,6.56619,2.48576,1.19034,0.0148583,0.000858339,0.000858339
30,67.1347,6.62252,3.32465,1.36272,0,0,0,0,6.68415,2.52841,1.2072,0.0118882,0.000888156,0.000888156
31,69.1304,2.94155,2.05595,0.53008,0,0,0,0,6.73181,2.54394,1.21422,0.00891796,0.000917961,0.000917961
32,70.8612,7.23506,3.28577,1.51761,0,0,0,0,6.81188,2.57636,1.22639,0.00594775,0.000947751,0.000947751
33,72.5603,4.61138,2.2027,0.91758,0,0,0,0,6.84672,2.59033,1.23175,0.00297753,0.000977528,0.000977528
34,74.594,10.712,4.44294,1.97021,0,0,0,0,6.91558,2.60476,1.24205,0.000997318,0.000997318,0.000997318
35,76.5776,10.2396,4.23906,1.85637,0,0,0,0,6.98015,2.63934,1.25156,0.000997153,0.000997153,0.000997153
36,78.4671,8.95613,3.59371,1.63608,0,0,0,0,7.14557,2.70135,1.27534,0.000996983,0.000996983,0.000996983
37,80.4979,8.3371,3.59392,1.65141,0,0,0,0,7.23106,2.72501,1.28802,0.000996809,0.000996809,0.000996809
38,82.5485,9.57212,3.99475,1.74103,0,0,0,0,7.40041,2.78107,1.30959,0.000996629,0.000996629,0.000996629
39,84.6618,4.59039,2.03032,0.86121,0,0,0,0,7.56914,2.83484,1.33119,0.000996445,0.000996445,0.000996445
40,86.7566,9.59044,4.0702,1.75253,0,0,0,0,7.75064,2.87976,1.35288,0.000996256,0.000996256,0.000996256
41,88.6623,7.93656,3.52678,1.44094,0,0,0,0,7.94295,2.95033,1.37987,0.000996061,0.000996061,0.000996061
42,90.6146,4.71439,2.06172,0.84603,0,0,0,0,7.96725,2.94116,1.37285,0.000995862,0.000995862,0.000995862
43,92.4893,8.7098,3.47123,1.58354,0,0,0,0,8.14129,2.97747,1.39254,0.000995658,0.000995658,0.000995658
44,94.4428,11.7658,4.46603,2.00656,0,0,0,0,8.57522,3.07668,1.4516,0.000995449,0.000995449,0.000995449
45,96.2987,12.8131,4.59016,2.33722,0,0,0,0,8.78484,3.0713,1.52684,0.000995235,0.000995235,0.000995235
46,98.6357,13.5461,4.84655,2.28566,0.00017,0.00027,9e-05,3e-05,8.43281,15.645,1.70883,0.000995017,0.000995017,0.000995017
47,100.811,10.4412,4.15942,2.0136,0.00017,0.00027,9e-05,4e-05,8.26449,62.7316,1.91812,0.000994793,0.000994793,0.000994793
48,102.929,12.417,4.54023,2.26861,0.00028,0.00041,0.00013,6e-05,8.47113,426.096,2.32278,0.000994565,0.000994565,0.000994565
49,104.92,9.23311,3.04654,1.63532,0.00028,0.00041,0.00014,6e-05,8.74278,636.167,2.5026,0.000994332,0.000994332,0.000994332
50,107.181,12.6052,3.88796,2.34131,0.00053,0.00082,0.00028,7e-05,10.3422,2128.65,3.13358,0.000994093,0.000994093,0.000994093
51,109.485,12.5533,3.66682,2.32586,0.00151,0.00014,0.0003,0.00011,10.8464,inf,3.73536,0.00099385,0.00099385,0.00099385
52,111.642,11.3819,3.37986,2.22609,0.00026,0.00041,0.0002,3e-05,10.8691,inf,5.63442,0.000993602,0.000993602,0.000993602
53,113.626,11.9124,3.69908,2.11248,0.0007,0.0011,0.00046,9e-05,10.6124,inf,5.71153,0.00099335,0.00099335,0.00099335
54,115.912,10.3211,3.23797,2.05948,0.00239,0.00371,0.00132,0.00028,10.5012,inf,6.50415,0.000993092,0.000993092,0.000993092
55,118.262,10.5386,3.58485,1.77673,0.00411,0.00645,0.00227,0.00052,10.4582,inf,6.50891,0.000992829,0.000992829,0.000992829
56,120.625,12.1357,3.58203,1.94087,0.00508,0.0081,0.00256,0.00052,10.4422,inf,4.97455,0.000992562,0.000992562,0.000992562
57,122.829,10.8126,3.09449,1.84846,0.00524,0.00837,0.00264,0.00053,10.4621,inf,4.59186,0.00099229,0.00099229,0.00099229
58,124.781,10.435,3.24003,1.89817,0.00415,0.00632,0.00209,0.00048,10.4989,inf,4.60885,0.000992013,0.000992013,0.000992013
59,127.018,10.3007,2.94297,1.80007,0.00492,0.00741,0.00248,0.00044,10.7766,inf,4.46414,0.000991731,0.000991731,0.000991731
60,129.223,10.0952,2.99742,1.7502,0.00077,0.0011,0.00039,9e-05,12.0849,inf,2.87984,0.000991444,0.000991444,0.000991444
61,131.38,10.7823,2.71096,1.78024,0.00048,0.00069,0.00024,7e-05,11.6564,inf,2.08351,0.000991152,0.000991152,0.000991152
62,133.975,10.1845,2.87488,1.74282,0,0,0,0,12.3245,inf,2.00102,0.000990856,0.000990856,0.000990856
63,135.949,10.154,2.86334,1.65435,0,0,0,0,11.6178,586.914,1.82507,0.000990555,0.000990555,0.000990555
64,138.163,9.89244,2.78351,1.60442,0,0,0,0,11.6706,783.795,1.81856,0.000990249,0.000990249,0.000990249
65,140.375,10.5477,2.37143,1.49983,0,0,0,0,11.4132,796.885,1.77805,0.000989938,0.000989938,0.000989938
66,142.365,9.669,2.66395,1.60426,0.0002,0.00027,0.0001,1e-05,11.1217,inf,1.73456,0.000989622,0.000989622,0.000989622
67,144.61,10.1133,2.65049,1.58184,0,0,0,0,11.6236,513.188,1.68475,0.000989301,0.000989301,0.000989301
68,146.837,10.0688,2.51491,1.50847,0.00085,0.0011,0.00043,9e-05,11.4617,161.659,1.64222,0.000988976,0.000988976,0.000988976
69,148.842,11.2368,2.52521,1.52326,0.00136,0.00178,0.00068,0.0001,11.255,153.833,1.62957,0.000988645,0.000988645,0.000988645
70,151.452,10.6895,2.78236,1.55438,0.00063,0.00096,0.00032,6e-05,11.093,214.033,1.60296,0.00098831,0.00098831,0.00098831
71,153.968,9.81139,2.46438,1.53479,0.00071,0.0011,0.00035,6e-05,11.0587,307.496,1.57715,0.00098797,0.00098797,0.00098797
72,156.227,9.84435,2.43249,1.51501,0.00037,0.00055,0.00018,2e-05,11.2209,277.545,1.57504,0.000987626,0.000987626,0.000987626
73,158.138,9.80102,2.30992,1.41073,9e-05,0.00014,4e-05,0,10.8338,inf,1.52947,0.000987276,0.000987276,0.000987276
74,160.762,9.48624,2.34045,1.42046,0.00089,0.00137,0.00043,6e-05,11.044,170.514,1.57893,0.000986922,0.000986922,0.000986922
75,162.974,9.56356,2.44723,1.41413,0.00077,0.00124,0.00038,6e-05,11.1841,inf,1.61526,0.000986563,0.000986563,0.000986563
76,165.295,9.81252,2.23007,1.33074,0.0011,0.00178,0.00056,0.0001,11.2352,inf,1.5725,0.000986199,0.000986199,0.000986199
77,167.569,10.272,2.45745,1.3666,0.0024,0.00371,0.00116,0.00023,10.9964,inf,1.48101,0.00098583,0.00098583,0.00098583
78,169.767,9.97244,2.25078,1.32599,0.00216,0.00288,0.00098,0.0002,10.9803,99.9827,1.38677,0.000985457,0.000985457,0.000985457
79,171.87,9.08751,2.3833,1.31686,0.00607,0.00837,0.00306,0.00059,10.596,33.0817,1.29186,0.000985078,0.000985078,0.000985078
80,174.082,9.94994,2.29172,1.22736,0.00517,0.00714,0.00262,0.00053,10.6021,45.4899,1.24989,0.000984695,0.000984695,0.000984695
81,176.406,9.47178,2.37061,1.23924,0.00687,0.00988,0.00352,0.00068,10.524,45.9158,1.20916,0.000984307,0.000984307,0.000984307
82,178.86,9.65799,2.22095,1.17686,0.01244,0.01867,0.00637,0.00119,10.1696,30.2951,1.12792,0.000983915,0.000983915,0.000983915
83,181.073,9.67781,2.21598,1.13467,0.01164,0.0173,0.0059,0.00109,10.2461,41.0281,1.1148,0.000983517,0.000983517,0.000983517
84,183.335,9.43872,2.24814,1.13415,0.01174,0.01812,0.00604,0.00122,10.1845,26.0126,1.05735,0.000983115,0.000983115,0.000983115
85,185.611,9.7554,2.19364,1.11999,0.0156,0.02389,0.00817,0.00168,10.0432,10.4946,1.0229,0.000982708,0.000982708,0.000982708
86,187.98,9.7411,2.30792,1.11085,0.01767,0.02759,0.00971,0.00194,10.0046,5.10138,0.98737,0.000982296,0.000982296,0.000982296
87,190.129,10.2199,2.31447,1.07976,0.01738,0.02732,0.00982,0.00205,10.0253,4.30102,0.97149,0.00098188,0.00098188,0.00098188
88,192.436,9.33302,2.13488,1.05713,0.01903,0.02924,0.01036,0.00213,10.0021,3.41642,0.93949,0.000981459,0.000981459,0.000981459
89,194.601,9.65478,2.23172,1.02983,0.01834,0.02952,0.00991,0.00212,10.0858,2.45949,0.94296,0.000981033,0.000981033,0.000981033
90,196.91,9.36514,2.17211,1.01183,0.01826,0.02965,0.00994,0.00212,9.96785,2.71812,0.90424,0.000980602,0.000980602,0.000980602
91,199.169,10.1503,2.17863,0.91024,0.01854,0.0302,0.00994,0.00203,9.9368,2.41706,0.89285,0.000980167,0.000980167,0.000980167
92,201.542,9.72928,2.27042,0.89571,0.01994,0.03254,0.01069,0.0023,9.7693,2.3437,0.85709,0.000979727,0.000979727,0.000979727
93,203.697,9.39477,2.08845,0.93972,0.02017,0.02691,0.01031,0.00222,9.6747,3.17454,0.82843,0.000979282,0.000979282,0.000979282
94,205.829,10.2703,2.11086,0.82399,0.02304,0.03515,0.01256,0.00267,9.53853,2.5552,0.81243,0.000978832,0.000978832,0.000978832
95,207.947,9.4984,2.06767,0.88261,0.02168,0.03542,0.01199,0.00253,9.55202,2.41167,0.82777,0.000978378,0.000978378,0.000978378
96,210.383,9.08178,2.09402,0.98208,0.02462,0.03803,0.01446,0.00294,9.55562,2.36461,0.82864,0.000977919,0.000977919,0.000977919
97,212.373,9.05424,2.10433,0.98742,0.02681,0.04379,0.01562,0.00329,9.61483,2.14507,0.83673,0.000977455,0.000977455,0.000977455
98,214.772,9.45737,2.18673,0.87162,0.03081,0.03871,0.01763,0.00375,9.36765,2.22245,0.81339,0.000976986,0.000976986,0.000976986
99,217.008,9.41309,2.01215,0.80504,0.03469,0.03666,0.01766,0.00396,9.32858,2.48195,0.80755,0.000976513,0.000976513,0.000976513
100,219.374,9.24874,2.0233,0.88604,0.03505,0.03803,0.01618,0.00348,9.31205,2.28949,0.82015,0.000976035,0.000976035,0.000976035
101,221.738,9.17187,2.14731,0.95468,0.02881,0.04119,0.01489,0.00321,9.33996,2.20827,0.84038,0.000975553,0.000975553,0.000975553
102,223.992,9.28731,1.97275,0.81297,0.02747,0.03871,0.01392,0.00324,9.29317,2.23797,0.81304,0.000975065,0.000975065,0.000975065
103,226.18,9.16249,2.03456,0.89779,0.02714,0.04434,0.01567,0.00371,9.22473,2.22125,0.83245,0.000974574,0.000974574,0.000974574
104,228.543,8.95365,2.16087,1.01526,0.02702,0.03281,0.01382,0.00357,9.48097,2.26189,0.80197,0.000974077,0.000974077,0.000974077
105,230.7,9.2052,1.9921,0.81771,0.03028,0.03075,0.01299,0.00309,9.46489,2.27888,0.79724,0.000973576,0.000973576,0.000973576
106,233.147,8.90853,2.12577,1.01518,0.02633,0.02869,0.01156,0.00266,9.45775,2.29401,0.79165,0.00097307,0.00097307,0.00097307
107,235.096,8.70681,2.04703,1.00651,0.02338,0.02186,0.0099,0.00209,9.71598,3.00554,0.77184,0.000972559,0.000972559,0.000972559
108,237.047,9.03445,2.03746,0.85004,0.03154,0.04901,0.01765,0.00376,9.19422,2.1129,0.81145,0.000972044,0.000972044,0.000972044
109,239.458,8.75821,1.98466,0.94599,0.03047,0.04009,0.01486,0.00331,9.29297,2.48089,0.78777,0.000971524,0.000971524,0.000971524
110,241.632,9.52648,2.15178,0.80961,0.0339,0.04736,0.01773,0.00392,9.12725,2.16632,0.80713,0.000970999,0.000970999,0.000970999
111,244.156,9.26796,2.20946,0.81836,0.03944,0.03858,0.01599,0.00365,9.11873,2.48122,0.7861,0.00097047,0.00097047,0.00097047
112,246.376,9.07112,1.95827,0.83631,0.0334,0.0486,0.01814,0.0041,9.10067,2.1299,0.78974,0.000969936,0.000969936,0.000969936
113,248.452,8.81739,1.9662,1.01691,0.03563,0.05821,0.02153,0.0046,9.11357,2.0781,0.82258,0.000969398,0.000969398,0.000969398
114,250.643,9.26024,2.00533,0.7838,0.03767,0.05903,0.02282,0.00482,9.10748,2.19813,0.81944,0.000968854,0.000968854,0.000968854
115,252.706,9.22509,2.05052,0.89206,0.03614,0.05505,0.02212,0.00475,9.16271,2.28819,0.82737,0.000968307,0.000968307,0.000968307
116,254.897,8.24556,1.98017,1.06997,0.03686,0.05546,0.02268,0.0047,9.20643,2.29052,0.83813,0.000967754,0.000967754,0.000967754
117,257.214,8.65756,1.96758,0.94512,0.0389,0.05848,0.02395,0.00514,9.07525,2.22442,0.81742,0.000967197,0.000967197,0.000967197
118,259.15,8.45352,1.98783,1.08717,0.03504,0.05203,0.02321,0.00476,9.27244,2.59736,0.86992,0.000966636,0.000966636,0.000966636
119,261.389,8.59796,1.9385,0.94594,0.03782,0.05684,0.02766,0.00547,9.12189,2.61002,0.85299,0.00096607,0.00096607,0.00096607
120,263.755,9.29499,2.0699,0.87158,0.03709,0.05615,0.0273,0.00618,9.21615,2.62113,0.86637,0.000965499,0.000965499,0.000965499
121,265.942,8.49371,1.92143,0.94451,0.02871,0.04476,0.01873,0.00387,9.57635,2.72506,0.91222,0.000964923,0.000964923,0.000964923
122,268.086,8.66813,1.98318,0.95176,0.02496,0.03858,0.01416,0.00315,9.84483,2.75751,0.94081,0.000964343,0.000964343,0.000964343
123,270.214,8.46814,1.90383,0.87482,0.02683,0.0427,0.01545,0.00347,9.68524,2.63597,0.92389,0.000963759,0.000963759,0.000963759
124,272.592,8.76424,1.89625,1.02797,0.01866,0.03048,0.01051,0.00239,9.98942,2.64497,0.94588,0.00096317,0.00096317,0.00096317
125,274.685,8.9021,1.95973,0.86486,0.02874,0.04695,0.01915,0.00409,9.31527,2.45369,0.88668,0.000962576,0.000962576,0.000962576
126,276.956,8.69901,1.86616,0.88882,0.02227,0.03611,0.01278,0.00293,9.82019,2.51576,0.92608,0.000961978,0.000961978,0.000961978
127,279.214,8.48539,1.84694,0.94347,0.01101,0.01798,0.00595,0.00142,10.5092,2.66389,0.9946,0.000961375,0.000961375,0.000961375
128,281.324,8.39607,1.89341,0.95219,0.03059,0.04997,0.01879,0.00418,9.24374,2.36746,0.87463,0.000960768,0.000960768,0.000960768
129,283.782,8.04472,1.85556,1.05235,0.02319,0.03789,0.01429,0.0032,9.56074,2.48443,0.89961,0.000960156,0.000960156,0.000960156
130,286.262,8.73769,1.89739,0.86363,0.02941,0.04805,0.02202,0.00438,9.28855,2.42125,0.87739,0.000959539,0.000959539,0.000959539
131,288.243,9.0809,1.95718,0.80401,0.03109,0.0508,0.02306,0.00467,9.19313,2.38719,0.87284,0.000958918,0.000958918,0.000958918
132,290.531,8.90224,1.92249,0.75166,0.03067,0.05011,0.02317,0.00448,9.19737,2.3507,0.8741,0.000958293,0.000958293,0.000958293
133,292.709,8.47285,1.90064,0.89627,0.0284,0.0464,0.01733,0.00375,9.268,2.35033,0.88051,0.000957663,0.000957663,0.000957663
134,294.666,8.01146,1.87368,0.98735,0.02538,0.04146,0.01495,0.00323,9.64798,2.10891,0.90169,0.000957028,0.000957028,0.000957028
135,296.894,8.33577,1.80498,0.93533,0.0284,0.0464,0.0167,0.00383,9.38486,2.19086,0.88356,0.000956389,0.000956389,0.000956389
136,298.911,8.27046,1.78645,0.85887,0.03126,0.05107,0.01958,0.0042,9.34108,1.99883,0.88566,0.000955746,0.000955746,0.000955746
137,300.815,8.33999,1.82819,0.88346,0.01597,0.02608,0.009,0.0019,10.2794,2.15133,0.95761,0.000955098,0.000955098,0.000955098
138,302.997,8.47351,1.80312,0.82396,0.01059,0.0173,0.00597,0.0013,10.6934,2.21365,0.9858,0.000954445,0.000954445,0.000954445
139,305.21,8.47779,1.88735,0.82779,0.02294,0.03748,0.01343,0.00294,9.75607,2.0977,0.91284,0.000953788,0.000953788,0.000953788
140,307.896,7.96406,1.83179,0.91961,0.01555,0.0254,0.00939,0.00182,10.2577,2.27315,0.95779,0.000953127,0.000953127,0.000953127
141,310.045,9.02765,1.87833,0.73635,0.01883,0.03062,0.01135,0.00224,10.0855,2.16356,0.94591,0.000952461,0.000952461,0.000952461
142,312.019,8.22746,1.6849,0.79779,0.03508,0.05588,0.02164,0.00461,9.24019,1.94877,0.87842,0.000951791,0.000951791,0.000951791
143,314.248,7.98091,1.75415,0.79596,0.01975,0.03226,0.01211,0.00249,9.89666,2.06379,0.91649,0.000951116,0.000951116,0.000951116
144,316.429,7.91233,1.70915,0.84695,0.03169,0.05093,0.02114,0.00461,9.31993,2.03763,0.86858,0.000950437,0.000950437,0.000950437
145,318.562,7.86072,1.85643,0.97749,0.01539,0.0243,0.01067,0.00212,10.2323,2.19791,0.91209,0.000949753,0.000949753,0.000949753
146,320.775,7.80516,1.74715,0.90014,0.02177,0.03405,0.01339,0.00284,9.88337,2.0763,0.8793,0.000949065,0.000949065,0.000949065
147,323.003,8.07777,1.82179,0.89155,0.04407,0.06878,0.03023,0.00689,8.86199,1.97118,0.82117,0.000948372,0.000948372,0.000948372
148,325.375,8.54268,1.83313,0.74137,0.0512,0.07949,0.03382,0.00753,8.63326,1.98799,0.80935,0.000947675,0.000947675,0.000947675
149,327.542,8.73239,1.80052,0.73903,0.03305,0.05121,0.02137,0.00454,9.29983,2.09742,0.85063,0.000946974,0.000946974,0.000946974
150,330.01,8.40941,1.93221,0.85297,0.03469,0.0545,0.02246,0.00483,9.30396,2.02805,0.84846,0.000946268,0.000946268,0.000946268
151,332.144,7.71391,1.75173,0.95565,0.05346,0.08402,0.03647,0.00854,8.53217,1.91408,0.79704,0.000945558,0.000945558,0.000945558
152,334.419,7.39811,1.64907,0.92125,0.05151,0.08416,0.0383,0.00869,8.64528,1.93696,0.80294,0.000944843,0.000944843,0.000944843
153,336.712,8.42303,1.85902,0.73806,0.05096,0.08086,0.03507,0.00814,8.63558,1.98834,0.79629,0.000944124,0.000944124,0.000944124
154,338.83,7.6154,1.66115,0.95238,0.05773,0.09432,0.04454,0.0099,8.49432,2.03284,0.79272,0.000943401,0.000943401,0.000943401
155,340.785,7.76586,1.74519,0.88085,0.06563,0.10722,0.05114,0.01151,8.29413,1.99585,0.78052,0.000942673,0.000942673,0.000942673
156,343.037,7.96753,1.67786,0.85524,0.07899,0.08594,0.04333,0.00972,8.45143,1.9652,0.78307,0.000941941,0.000941941,0.000941941
157,345.178,7.95337,1.83572,0.75731,0.06261,0.10228,0.0462,0.01053,8.41519,1.93966,0.78653,0.000941204,0.000941204,0.000941204
158,347.494,7.80515,1.76383,0.8539,0.05762,0.0891,0.03984,0.0093,8.64003,1.89451,0.78902,0.000940464,0.000940464,0.000940464
159,349.783,7.40785,1.60222,0.95748,0.09956,0.10104,0.05411,0.01282,8.17197,1.92715,0.75112,0.000939718,0.000939718,0.000939718
160,351.736,7.70211,1.70378,0.81948,0.05592,0.06782,0.03139,0.00724,8.93543,2.0667,0.802,0.000938969,0.000938969,0.000938969
161,353.99,7.511,1.68454,0.90745,0.07927,0.09898,0.04826,0.01144,8.25821,1.98574,0.76183,0.000938215,0.000938215,0.000938215
162,356.498,7.83105,1.80191,0.85394,0.07731,0.1263,0.06007,0.01437,8.04989,1.89188,0.74747,0.000937457,0.000937457,0.000937457
163,358.846,7.39935,1.65376,0.93593,0.0827,0.1344,0.0639,0.01496,8.07596,1.83804,0.74761,0.000936695,0.000936695,0.000936695
164,361.101,7.9633,1.75345,0.80435,0.08218,0.12987,0.06341,0.01504,8.04349,1.98511,0.76152,0.000935928,0.000935928,0.000935928
165,363.193,7.92799,1.80411,0.84965,0.07997,0.12466,0.0601,0.01455,8.08284,1.96774,0.76629,0.000935157,0.000935157,0.000935157
166,365.719,7.69608,1.66144,0.81601,0.07539,0.12026,0.05796,0.0135,8.21568,2.04884,0.78304,0.000934381,0.000934381,0.000934381
167,367.718,8.3763,1.77757,0.6971,0.07977,0.12603,0.06141,0.01492,8.06036,2.05732,0.77789,0.000933602,0.000933602,0.000933602
168,370.003,7.27626,1.65821,0.9241,0.08107,0.1285,0.06174,0.01501,8.09681,1.96201,0.77426,0.000932818,0.000932818,0.000932818
169,372.367,7.61277,1.67939,0.80322,0.06835,0.10942,0.05244,0.01244,8.38286,2.00235,0.79678,0.00093203,0.00093203,0.00093203
170,374.69,7.54257,1.61151,0.81944,0.0447,0.07208,0.0323,0.00753,9.02136,2.00398,0.82243,0.000931237,0.000931237,0.000931237
171,376.985,7.65552,1.6658,0.86983,0.06095,0.09926,0.04733,0.01115,8.54108,1.90928,0.79442,0.000930441,0.000930441,0.000930441
172,379.247,7.61196,1.76457,0.7718,0.0619,0.09088,0.04278,0.00995,8.66114,1.86199,0.79809,0.00092964,0.00092964,0.00092964
173,381.538,7.89083,1.67459,0.80525,0.06962,0.10791,0.05084,0.012,8.38824,1.82983,0.7841,0.000928835,0.000928835,0.000928835
174,383.591,8.22882,1.7594,0.73942,0.11188,0.07839,0.04637,0.01083,8.53565,1.75475,0.78398,0.000928025,0.000928025,0.000928025
175,385.726,7.88708,1.63656,0.82606,0.07366,0.04599,0.02681,0.00638,9.2165,1.85043,0.82275,0.000927212,0.000927212,0.000927212
176,387.842,7.76618,1.68331,0.83162,0.09588,0.08429,0.04799,0.01177,8.51905,1.76929,0.79173,0.000926394,0.000926394,0.000926394
177,390.184,7.32987,1.66659,0.83753,0.10336,0.05862,0.03934,0.00973,8.80877,1.99393,0.80096,0.000925572,0.000925572,0.000925572
178,392.366,7.63657,1.61762,0.77613,0.11206,0.07262,0.04619,0.01167,8.66687,2.12735,0.78373,0.000924746,0.000924746,0.000924746
179,394.514,8.17978,1.74412,0.8075,0.13267,0.09706,0.0628,0.01613,8.21797,1.75883,0.75585,0.000923915,0.000923915,0.000923915
180,396.837,7.10917,1.60721,0.94748,0.13576,0.10612,0.06577,0.01701,8.09197,1.69336,0.75097,0.000923081,0.000923081,0.000923081
181,399.079,7.96032,1.71906,0.81186,0.12146,0.08045,0.05221,0.01263,8.48774,1.72033,0.78135,0.000922242,0.000922242,0.000922242
182,401.26,7.40712,1.63924,0.7772,0.0914,0.1031,0.05501,0.01391,8.3584,1.76963,0.78223,0.000921399,0.000921399,0.000921399
183,403.521,7.42846,1.59181,0.79945,0.13341,0.09418,0.05961,0.01481,8.16363,1.70577,0.7606,0.000920552,0.000920552,0.000920552
184,406.021,7.41355,1.57294,0.81849,0.13315,0.10434,0.06698,0.01708,8.02194,1.76685,0.7573,0.000919701,0.000919701,0.000919701
185,408.264,7.42894,1.55283,0.8032,0.11469,0.13372,0.07571,0.01976,7.76485,1.78506,0.74148,0.000918845,0.000918845,0.000918845
186,410.757,8.1253,1.78279,0.73074,0.12306,0.10859,0.06843,0.01794,7.93386,1.83273,0.74005,0.000917986,0.000917986,0.000917986
187,412.981,7.29314,1.55425,0.84619,0.12886,0.09171,0.06181,0.01583,8.1405,1.86009,0.74649,0.000917122,0.000917122,0.000917122
188,415.139,8.11202,1.77287,0.74874,0.08982,0.1436,0.07412,0.01888,7.8505,1.8009,0.74269,0.000916254,0.000916254,0.000916254
189,417.358,7.66161,1.59562,0.77605,0.08764,0.11958,0.06274,0.01595,8.13987,1.78163,0.75228,0.000915383,0.000915383,0.000915383
190,419.69,7.05996,1.54782,0.84814,0.12422,0.08498,0.05285,0.01295,8.36579,1.76008,0.75718,0.000914507,0.000914507,0.000914507
191,421.802,7.9955,1.67013,0.7101,0.10894,0.13461,0.07411,0.01903,7.87076,1.72814,0.73705,0.000913627,0.000913627,0.000913627
192,423.944,7.17553,1.58383,0.82565,0.09277,0.15157,0.08021,0.02041,7.73313,1.80404,0.73111,0.000912743,0.000912743,0.000912743
193,426.275,7.33528,1.66682,0.74096,0.0758,0.12383,0.06319,0.01626,8.14571,1.85334,0.75901,0.000911855,0.000911855,0.000911855
194,428.323,7.73235,1.58595,0.7521,0.09569,0.15582,0.08162,0.02054,7.74973,1.81402,0.73348,0.000910962,0.000910962,0.000910962
195,430.706,7.62764,1.63778,0.72969,0.10738,0.11171,0.06145,0.01607,8.17678,1.72435,0.75229,0.000910066,0.000910066,0.000910066
196,432.784,7.34196,1.50119,0.77871,0.08789,0.14305,0.07421,0.0191,7.90039,1.84176,0.74548,0.000909166,0.000909166,0.000909166
197,434.799,8.34572,1.67299,0.70969,0.12386,0.09212,0.05594,0.01371,8.38663,1.71329,0.77008,0.000908261,0.000908261,0.000908261
198,437.07,8.05021,1.71699,0.66305,0.11741,0.11573,0.06708,0.01694,8.15784,1.7177,0.75518,0.000907353,0.000907353,0.000907353
199,439.104,6.96461,1.62178,0.92435,0.14082,0.0858,0.05717,0.01441,8.39867,1.64972,0.76522,0.000906441,0.000906441,0.000906441
200,441.374,7.58289,1.59952,0.76846,0.13599,0.09404,0.05843,0.01416,8.37398,1.86421,0.75484,0.000905524,0.000905524,0.000905524
201,443.598,7.98143,1.65536,0.75182,0.12857,0.07468,0.0489,0.01259,8.61511,1.80516,0.77571,0.000904604,0.000904604,0.000904604
202,446.123,6.99095,1.52879,0.81799,0.15847,0.09995,0.0713,0.01817,8.04534,1.63088,0.74367,0.00090368,0.00090368,0.00090368
203,448.364,7.32283,1.59656,0.87092,0.13111,0.06617,0.04653,0.0114,8.67468,1.67244,0.78617,0.000902751,0.000902751,0.000902751
204,450.395,7.48592,1.57937,0.74747,0.15886,0.1263,0.08237,0.02107,7.80039,1.65181,0.74063,0.000901819,0.000901819,0.000901819
205,452.599,7.10876,1.60971,0.79056,0.14976,0.08086,0.05749,0.01439,8.35228,1.63706,0.77684,0.000900883,0.000900883,0.000900883
206,454.933,7.27758,1.49003,0.81534,0.12085,0.1587,0.08815,0.02142,7.63437,1.71042,0.72636,0.000899942,0.000899942,0.000899942
207,457.013,7.44983,1.60194,0.80654,0.16495,0.12273,0.08288,0.02076,7.70962,1.65569,0.73922,0.000898998,0.000898998,0.000898998
208,459.253,8.69796,1.86422,0.64522,0.13708,0.13482,0.08521,0.02103,7.60464,1.89951,0.72023,0.00089805,0.00089805,0.00089805
209,461.698,7.53547,1.74945,0.81902,0.16269,0.11766,0.08341,0.02117,7.67492,1.85249,0.73413,0.000897098,0.000897098,0.000897098
210,463.919,7.37509,1.58403,0.83541,0.14943,0.08759,0.06252,0.01615,8.14336,1.85418,0.75497,0.000896142,0.000896142,0.000896142
211,466.181,7.75573,1.62449,0.78331,0.15936,0.12727,0.08928,0.02297,7.60188,1.66618,0.72882,0.000895182,0.000895182,0.000895182
212,468.552,7.98814,1.66739,0.6957,0.1683,0.10695,0.07977,0.02046,7.86226,1.62973,0.73976,0.000894219,0.000894219,0.000894219
213,470.636,7.77297,1.68262,0.73544,0.15853,0.09926,0.07301,0.0182,8.02541,1.64865,0.75135,0.000893251,0.000893251,0.000893251
214,472.802,7.68187,1.68048,0.7106,0.16127,0.1145,0.08214,0.02099,7.84809,1.62008,0.73076,0.00089228,0.00089228,0.00089228
215,475.108,7.49643,1.53401,0.76102,0.12766,0.07743,0.05235,0.01291,8.52164,2.02796,0.75976,0.000891304,0.000891304,0.000891304
216,477.526,8.0933,1.69478,0.72303,0.12743,0.07386,0.05109,0.01284,8.52352,1.93578,0.76638,0.000890325,0.000890325,0.000890325
217,479.991,7.90767,1.63124,0.70109,0.16292,0.10557,0.07802,0.02046,7.82209,1.99228,0.72785,0.000889342,0.000889342,0.000889342
218,481.917,7.70068,1.6178,0.70825,0.17335,0.12534,0.09061,0.0238,7.57609,2.35725,0.71032,0.000888355,0.000888355,0.000888355
219,484.147,7.5546,1.75583,0.67889,0.17571,0.12122,0.08845,0.02351,7.64585,2.0227,0.71942,0.000887364,0.000887364,0.000887364
220,486.393,7.5957,1.5832,0.74175,0.16058,0.09665,0.07072,0.01891,8.00517,1.98611,0.7395,0.00088637,0.00088637,0.00088637
221,488.493,6.91843,1.48906,0.81957,0.16067,0.09775,0.07196,0.01898,7.95437,2.15661,0.73598,0.000885371,0.000885371,0.000885371
222,490.708,6.94018,1.51948,0.77178,0.20263,0.12548,0.10089,0.02556,7.45059,1.68186,0.71144,0.000884369,0.000884369,0.000884369
223,492.884,7.95813,1.62409,0.68497,0.18881,0.11024,0.08428,0.0223,7.80308,1.54187,0.73449,0.000883363,0.000883363,0.000883363
224,495.154,6.93497,1.51238,0.86141,0.1628,0.08278,0.06086,0.01575,8.35183,1.57928,0.76372,0.000882354,0.000882354,0.000882354
225,497.262,7.44231,1.53755,0.75973,0.19534,0.11082,0.08631,0.02313,7.75647,1.551,0.72631,0.00088134,0.00088134,0.00088134
226,499.676,7.48722,1.58195,0.81428,0.17458,0.10049,0.07453,0.01905,8.07978,1.60017,0.7405,0.000880323,0.000880323,0.000880323
227,501.947,7.42702,1.55239,0.70355,0.21446,0.12987,0.10234,0.02631,7.58002,1.53054,0.71366,0.000879302,0.000879302,0.000879302
228,504.455,7.7741,1.57866,0.70933,0.11935,0.05848,0.04094,0.01005,8.88667,1.69656,0.79304,0.000878277,0.000878277,0.000878277
229,506.675,7.79727,1.64824,0.76438,0.11712,0.07345,0.04611,0.01122,8.5548,1.77487,0.77515,0.000877249,0.000877249,0.000877249
230,508.976,8.21099,1.72256,0.64117,0.17874,0.11395,0.08106,0.02069,7.79035,2.00905,0.7234,0.000876216,0.000876216,0.000876216
231,510.943,6.70708,1.46625,0.93957,0.20441,0.13125,0.09837,0.02461,7.51738,1.81076,0.70905,0.00087518,0.00087518,0.00087518
232,513.529,7.42698,1.57174,0.7882,0.20716,0.13001,0.09509,0.0239,7.55615,1.77545,0.71493,0.000874141,0.000874141,0.000874141
233,515.814,8.01229,1.62968,0.65327,0.20892,0.13509,0.10115,0.02599,7.52642,1.52319,0.71464,0.000873098,0.000873098,0.000873098
234,517.863,7.1612,1.50503,0.83095,0.23308,0.13138,0.10619,0.02759,7.47049,1.55276,0.72052,0.000872051,0.000872051,0.000872051
235,520.182,7.34992,1.60498,0.83955,0.23659,0.13232,0.10678,0.02581,7.57351,1.59769,0.70678,0.000871,0.000871,0.000871
236,522.389,7.45703,1.53134,0.69195,0.23625,0.13784,0.11274,0.02869,7.46535,1.52648,0.70802,0.000869946,0.000869946,0.000869946
237,524.501,7.48829,1.53339,0.75786,0.19632,0.12273,0.09093,0.0241,7.73137,1.51839,0.72617,0.000868888,0.000868888,0.000868888
238,526.883,7.66261,1.56248,0.71007,0.18879,0.12095,0.08903,0.02348,7.74487,1.53571,0.72578,0.000867826,0.000867826,0.000867826
239,529.358,7.18456,1.46046,0.72509,0.22725,0.13646,0.11016,0.02872,7.47996,1.48517,0.71364,0.000866761,0.000866761,0.000866761
240,531.578,7.08037,1.45899,0.77239,0.25099,0.14566,0.11992,0.03081,7.37698,1.51141,0.70609,0.000865692,0.000865692,0.000865692
241,533.894,7.29039,1.5662,0.73866,0.22057,0.12438,0.09986,0.02646,7.56487,1.52222,0.72413,0.00086462,0.00086462,0.00086462
242,536.234,7.19896,1.58696,0.81804,0.22137,0.13001,0.10221,0.02727,7.53555,1.50434,0.71859,0.000863544,0.000863544,0.000863544
243,538.514,6.85287,1.46598,0.832,0.25542,0.14621,0.1228,0.03164,7.32448,1.51335,0.70258,0.000862464,0.000862464,0.000862464
244,540.854,6.91825,1.4709,0.79634,0.23353,0.1467,0.1149,0.03035,7.38132,1.46544,0.7058,0.000861381,0.000861381,0.000861381
245,542.747,6.72487,1.48115,0.78384,0.20256,0.12479,0.09449,0.02505,7.64515,1.49825,0.72212,0.000860294,0.000860294,0.000860294
246,544.978,7.19204,1.48893,0.78396,0.22079,0.13921,0.10689,0.02844,7.43138,1.47092,0.71244,0.000859204,0.000859204,0.000859204
247,547.286,7.5113,1.42276,0.739,0.21644,0.15459,0.11324,0.02939,7.3911,1.55964,0.71723,0.00085811,0.00085811,0.00085811
248,549.768,6.8146,1.44908,0.81543,0.15218,0.16488,0.10531,0.02782,7.53783,1.66819,0.72921,0.000857013,0.000857013,0.000857013
249,551.772,7.24806,1.49692,0.7632,0.19828,0.16552,0.11746,0.02989,7.41105,1.63785,0.71358,0.000855912,0.000855912,0.000855912
250,554.367,7.8302,1.62473,0.65166,0.21862,0.13276,0.10439,0.0278,7.57327,1.60902,0.72165,0.000854808,0.000854808,0.000854808
251,556.517,6.89837,1.44308,0.76587,0.17705,0.09088,0.06904,0.01867,8.1984,1.59449,0.75336,0.0008537,0.0008537,0.0008537
252,558.813,6.95071,1.42508,0.74833,0.1636,0.08141,0.06042,0.01564,8.36411,1.55646,0.7588,0.000852588,0.000852588,0.000852588
253,560.944,6.56283,1.40031,0.82005,0.2255,0.11395,0.09698,0.02569,7.6413,1.51969,0.72555,0.000851474,0.000851474,0.000851474
254,562.885,7.41391,1.54201,0.79446,0.16918,0.16172,0.10851,0.02871,7.42808,1.65826,0.72313,0.000850355,0.000850355,0.000850355
255,564.827,7.51625,1.4984,0.75627,0.22594,0.10214,0.08936,0.02338,7.78504,1.57029,0.73344,0.000849234,0.000849234,0.000849234
256,567.213,7.43176,1.5609,0.78295,0.18518,0.10393,0.08024,0.02154,7.91263,1.61365,0.73204,0.000848108,0.000848108,0.000848108
257,569.392,6.81834,1.42823,0.86097,0.19182,0.09898,0.07862,0.02088,7.95418,1.57464,0.73236,0.00084698,0.00084698,0.00084698
258,571.828,6.49399,1.34144,0.80686,0.223,0.13097,0.10467,0.02782,7.47914,1.59664,0.70976,0.000845848,0.000845848,0.000845848
259,573.979,7.85533,1.56687,0.65651,0.24456,0.14649,0.12054,0.03081,7.29095,1.59152,0.69483,0.000844712,0.000844712,0.000844712
260,576.382,7.34662,1.5373,0.81016,0.22555,0.13811,0.10687,0.02785,7.42351,1.6248,0.70874,0.000843574,0.000843574,0.000843574
261,578.673,7.10745,1.49916,0.77869,0.22462,0.11134,0.0922,0.02511,7.6463,1.60174,0.72545,0.000842431,0.000842431,0.000842431
262,580.807,6.74691,1.38171,0.82541,0.231,0.14264,0.11533,0.03075,7.29463,1.61028,0.69713,0.000841286,0.000841286,0.000841286
263,583.054,6.86581,1.37248,0.78041,0.21327,0.1316,0.09943,0.02577,7.54267,1.67696,0.71282,0.000840137,0.000840137,0.000840137
264,585.233,7.38483,1.52271,0.71031,0.21193,0.09762,0.07751,0.02059,7.9061,1.6444,0.7389,0.000838984,0.000838984,0.000838984
265,587.414,7.12529,1.43653,0.73116,0.2405,0.12507,0.10583,0.02925,7.38516,1.60673,0.71024,0.000837829,0.000837829,0.000837829
266,589.466,7.42862,1.54115,0.67229,0.2177,0.11477,0.09176,0.02482,7.68486,1.72263,0.71718,0.00083667,0.00083667,0.00083667
267,591.615,7.37176,1.48044,0.73706,0.23215,0.12809,0.10751,0.02933,7.33942,1.67104,0.70337,0.000835507,0.000835507,0.000835507
268,594.05,7.36329,1.46503,0.70488,0.23001,0.13921,0.11458,0.03051,7.28675,1.82349,0.69014,0.000834342,0.000834342,0.000834342
269,596.087,7.1032,1.43502,0.75513,0.21439,0.13358,0.10585,0.0287,7.433,1.89692,0.70078,0.000833173,0.000833173,0.000833173
270,598.156,7.28134,1.4463,0.67179,0.22433,0.14978,0.11687,0.03096,7.37144,1.50028,0.7028,0.000832001,0.000832001,0.000832001
271,600.336,6.55326,1.37954,0.79406,0.20113,0.11258,0.08683,0.02235,7.83819,1.4731,0.73078,0.000830825,0.000830825,0.000830825
272,602.469,7.06738,1.45813,0.75744,0.25396,0.14374,0.12241,0.0325,7.27602,1.55904,0.70891,0.000829647,0.000829647,0.000829647
273,604.647,7.0359,1.41018,0.71547,0.23093,0.16527,0.12911,0.03187,7.29347,1.56418,0.69366,0.000828465,0.000828465,0.000828465
274,606.893,6.68211,1.43822,0.78048,0.25141,0.12315,0.10483,0.02773,7.63328,1.51544,0.71814,0.000827279,0.000827279,0.000827279
275,609.045,6.6862,1.38008,0.78376,0.27099,0.13839,0.122,0.03319,7.31101,1.50712,0.70095,0.000826091,0.000826091,0.000826091
276,611.274,6.91937,1.38211,0.75686,0.2725,0.14333,0.12478,0.03389,7.27023,1.48646,0.69854,0.000824899,0.000824899,0.000824899
277,613.568,7.37067,1.49969,0.74606,0.23165,0.13166,0.10401,0.02779,7.58233,1.47282,0.71183,0.000823704,0.000823704,0.000823704
278,615.877,6.59004,1.36189,0.78902,0.25392,0.13207,0.11244,0.02998,7.48408,1.49346,0.70954,0.000822506,0.000822506,0.000822506
279,617.962,6.93073,1.48735,0.74461,0.27288,0.15102,0.12965,0.03296,7.23224,1.47325,0.69558,0.000821305,0.000821305,0.000821305
280,620.206,7.14143,1.48758,0.80292,0.22148,0.176,0.13047,0.03241,7.22688,1.61423,0.69947,0.000820101,0.000820101,0.000820101
281,622.409,7.19612,1.54022,0.74567,0.26033,0.1344,0.11512,0.03039,7.4021,1.52481,0.70952,0.000818893,0.000818893,0.000818893
282,624.636,7.85438,1.49789,0.69222,0.27239,0.14168,0.12268,0.03247,7.36029,1.48066,0.70599,0.000817683,0.000817683,0.000817683
283,626.942,6.59454,1.40282,0.7869,0.27647,0.15802,0.13539,0.03442,7.20319,1.45032,0.69451,0.000816469,0.000816469,0.000816469
284,629.48,6.66144,1.35258,0.8267,0.27764,0.15994,0.13598,0.03519,7.17717,1.42629,0.69666,0.000815252,0.000815252,0.000815252
285,631.653,6.50217,1.36813,0.80097,0.24121,0.13839,0.10895,0.02892,7.54798,1.43449,0.71406,0.000814032,0.000814032,0.000814032
286,633.699,6.96139,1.41596,0.72533,0.18953,0.11477,0.08331,0.02211,7.89158,1.74072,0.72536,0.000812809,0.000812809,0.000812809
287,635.985,6.95428,1.45106,0.89444,0.21413,0.13523,0.10247,0.02823,7.57405,1.46933,0.71257,0.000811582,0.000811582,0.000811582
288,638.331,7.69531,1.55759,0.70325,0.25593,0.16221,0.13029,0.03337,7.26642,1.42442,0.68386,0.000810353,0.000810353,0.000810353
289,640.396,7.25113,1.46688,0.73715,0.24924,0.16969,0.131,0.03591,7.18607,1.43116,0.69581,0.000809121,0.000809121,0.000809121
290,642.571,6.78635,1.38263,0.81076,0.27935,0.14676,0.12929,0.03485,7.21994,1.4716,0.70766,0.000807885,0.000807885,0.000807885
291,644.811,8.06253,1.60685,0.66681,0.2505,0.16392,0.13282,0.03353,7.22659,1.58056,0.70426,0.000806647,0.000806647,0.000806647
292,647.158,7.30193,1.49307,0.69803,0.27766,0.16227,0.13773,0.03718,7.12761,1.42145,0.69802,0.000805406,0.000805406,0.000805406
293,649.479,6.39901,1.30958,0.75725,0.24343,0.13948,0.11426,0.03074,7.41347,1.53312,0.7077,0.000804161,0.000804161,0.000804161
294,651.617,6.43252,1.30576,0.75545,0.17251,0.1064,0.07592,0.02039,8.01327,2.08672,0.72791,0.000802914,0.000802914,0.000802914
295,653.747,7.02215,1.44984,0.79364,0.22838,0.14003,0.10953,0.03029,7.46312,1.82172,0.70073,0.000801663,0.000801663,0.000801663
296,656.177,6.95856,1.38028,0.74663,0.27206,0.16512,0.13852,0.03739,7.1429,1.43594,0.68994,0.00080041,0.00080041,0.00080041
297,658.335,8.05831,1.5665,0.66966,0.24188,0.15294,0.12112,0.03441,7.29326,1.4468,0.69763,0.000799154,0.000799154,0.000799154
298,660.637,7.11075,1.41312,0.71805,0.2342,0.13839,0.11046,0.02935,7.51379,1.43304,0.71199,0.000797894,0.000797894,0.000797894
299,662.955,6.57212,1.29314,0.75009,0.27211,0.14443,0.12542,0.03445,7.28399,1.43454,0.70403,0.000796632,0.000796632,0.000796632
300,665.144,6.25809,1.29926,0.81577,0.27195,0.12548,0.11362,0.03162,7.39328,1.57986,0.70783,0.000795367,0.000795367,0.000795367
301,667.303,6.48272,1.37062,0.743,0.25763,0.15664,0.13157,0.03492,7.03934,1.59728,0.69355,0.000794099,0.000794099,0.000794099
302,669.62,6.5617,1.3756,0.7716,0.23949,0.13986,0.1105,0.03034,7.4208,1.42327,0.70719,0.000792828,0.000792828,0.000792828
303,672.112,7.24809,1.43962,0.78103,0.27385,0.16708,0.13672,0.03808,7.04949,1.38818,0.69221,0.000791554,0.000791554,0.000791554
304,674.317,7.44613,1.46042,0.69849,0.28305,0.17641,0.14497,0.03942,7.01623,1.39241,0.6871,0.000790277,0.000790277,0.000790277
305,676.413,7.62142,1.50713,0.67488,0.28496,0.16571,0.14154,0.03847,7.09823,1.39025,0.69594,0.000788998,0.000788998,0.000788998
306,678.558,7.35678,1.47667,0.69754,0.28623,0.16572,0.14419,0.0383,7.05888,1.40416,0.69764,0.000787715,0.000787715,0.000787715
307,680.834,6.85531,1.42542,0.73079,0.28674,0.16722,0.14495,0.03944,7.0378,1.41977,0.69237,0.00078643,0.00078643,0.00078643
308,683.238,7.78911,1.47988,0.65301,0.29666,0.1668,0.14782,0.03882,7.01358,1.4016,0.69246,0.000785142,0.000785142,0.000785142
309,685.255,7.22991,1.46206,0.69075,0.28169,0.17586,0.14853,0.03971,7.0186,1.39229,0.68662,0.000783851,0.000783851,0.000783851
310,687.588,7.12422,1.44028,0.71607,0.28389,0.17284,0.1472,0.04047,7.02533,1.39052,0.69136,0.000782557,0.000782557,0.000782557
311,690.098,7.3761,1.47687,0.72948,0.29638,0.16776,0.14628,0.03807,7.05357,1.41091,0.68854,0.000781261,0.000781261,0.000781261
312,692.731,6.92121,1.35199,0.7034,0.28263,0.16749,0.14303,0.03863,7.06979,1.41154,0.6881,0.000779961,0.000779961,0.000779961
313,694.856,7.41318,1.52113,0.76211,0.27679,0.16186,0.13691,0.03679,7.14787,1.40417,0.69177,0.000778659,0.000778659,0.000778659
314,696.984,7.23084,1.44312,0.71678,0.29214,0.15774,0.13965,0.03691,7.1749,1.40436,0.69503,0.000777355,0.000777355,0.000777355
315,699.208,6.40378,1.4099,0.81381,0.29493,0.15459,0.13743,0.03567,7.22921,1.40712,0.69681,0.000776047,0.000776047,0.000776047
316,701.447,6.91035,1.50501,0.77847,0.22546,0.12315,0.10112,0.02608,7.54142,1.61447,0.70836,0.000774737,0.000774737,0.000774737
317,703.781,6.85538,1.44961,0.71341,0.27647,0.14429,0.12629,0.03406,7.17078,1.53605,0.69207,0.000773424,0.000773424,0.000773424
318,705.924,6.9961,1.41314,0.72583,0.32145,0.16722,0.15258,0.04124,6.959,1.46027,0.68363,0.000772108,0.000772108,0.000772108
319,708.18,6.49794,1.3266,0.76449,0.27312,0.14841,0.12778,0.03555,7.26986,1.43108,0.69488,0.00077079,0.00077079,0.00077079
320,710.289,6.83593,1.33828,0.75074,0.24355,0.14891,0.11642,0.03228,7.42133,1.4855,0.69736,0.000769469,0.000769469,0.000769469
321,712.399,6.65821,1.38921,0.79324,0.29323,0.17243,0.15077,0.04175,7.03791,1.3958,0.68126,0.000768145,0.000768145,0.000768145
322,714.655,7.24856,1.41433,0.72156,0.3101,0.17161,0.15399,0.04246,7.03226,1.40661,0.67979,0.000766819,0.000766819,0.000766819
323,716.895,7.00226,1.42514,0.70801,0.27828,0.16269,0.13639,0.03838,7.18293,1.40877,0.68543,0.00076549,0.00076549,0.00076549
324,719.456,6.92557,1.35288,0.71575,0.2736,0.14923,0.12953,0.03519,7.2736,1.41292,0.69173,0.000764159,0.000764159,0.000764159
325,721.675,6.50849,1.34227,0.70224,0.32759,0.16804,0.15737,0.04149,6.96589,1.46033,0.67634,0.000762825,0.000762825,0.000762825
326,723.947,6.83652,1.43155,0.69654,0.24941,0.13591,0.11672,0.03136,7.47057,1.56506,0.69863,0.000761488,0.000761488,0.000761488
327,726.122,6.55367,1.29847,0.74129,0.28129,0.15496,0.13803,0.03818,7.12016,1.52333,0.68602,0.000760149,0.000760149,0.000760149
328,728.409,7.01577,1.42497,0.70424,0.29731,0.14841,0.13602,0.03678,7.17229,1.63967,0.6918,0.000758807,0.000758807,0.000758807
329,730.521,6.6006,1.347,0.74376,0.25185,0.12685,0.10757,0.0285,7.61922,1.75334,0.70607,0.000757463,0.000757463,0.000757463
330,732.536,6.3964,1.28179,0.7429,0.22594,0.11381,0.09108,0.02372,7.93162,1.66876,0.71884,0.000756116,0.000756116,0.000756116
331,734.682,6.55368,1.3375,0.77443,0.24672,0.13495,0.10906,0.02924,7.57527,1.38902,0.70539,0.000754766,0.000754766,0.000754766
332,736.763,6.39504,1.40652,0.77659,0.30144,0.1587,0.14189,0.03877,7.16832,1.3882,0.69257,0.000753414,0.000753414,0.000753414
333,738.764,7.07151,1.40229,0.69274,0.26737,0.15912,0.13234,0.03647,7.23025,1.38666,0.69301,0.00075206,0.00075206,0.00075206
334,740.828,7.16683,1.46722,0.66509,0.18744,0.102,0.07505,0.01897,8.06086,2.12057,0.72604,0.000750703,0.000750703,0.000750703
335,743.177,6.22329,1.32714,0.87568,0.22088,0.12727,0.09861,0.02563,7.63478,1.95675,0.70813,0.000749343,0.000749343,0.000749343
336,745.384,6.78747,1.33187,0.70188,0.26067,0.15362,0.12666,0.03438,7.27598,1.41079,0.69615,0.000747982,0.000747982,0.000747982
337,747.557,6.38629,1.34127,0.77275,0.29579,0.17259,0.14906,0.04029,7.03109,1.39227,0.68701,0.000746617,0.000746617,0.000746617
338,750.08,7.45604,1.41695,0.67927,0.30345,0.16859,0.14801,0.03935,7.0669,1.40756,0.68729,0.000745251,0.000745251,0.000745251
339,752.509,7.23418,1.44121,0.69461,0.26321,0.14621,0.12279,0.03236,7.36375,1.42411,0.69879,0.000743881,0.000743881,0.000743881
340,754.906,7.42564,1.45554,0.63584,0.27277,0.17463,0.14194,0.0386,7.1671,1.4027,0.68483,0.00074251,0.00074251,0.00074251
341,757.157,6.49476,1.27827,0.72901,0.24408,0.15555,0.12116,0.03222,7.41551,1.49438,0.69509,0.000741136,0.000741136,0.000741136
342,759.378,6.51394,1.33186,0.77624,0.23908,0.1447,0.11577,0.03001,7.49822,1.81142,0.69927,0.00073976,0.00073976,0.00073976
343,761.459,7.52505,1.5272,0.64547,0.25929,0.15555,0.12892,0.03503,7.29768,1.69494,0.69319,0.000738381,0.000738381,0.000738381
344,763.933,6.86027,1.32174,0.68024,0.26938,0.16598,0.136,0.0363,7.23547,1.38948,0.6905,0.000737,0.000737,0.000737
345,766.266,6.60718,1.30269,0.71354,0.31081,0.18383,0.15968,0.04314,6.91652,1.35574,0.67688,0.000735617,0.000735617,0.000735617
346,768.786,6.88785,1.41834,0.71317,0.30932,0.18094,0.15731,0.04199,6.94184,1.35593,0.67404,0.000734231,0.000734231,0.000734231
347,771.292,6.74379,1.34748,0.72038,0.29399,0.17243,0.14469,0.03806,7.15097,1.37188,0.68554,0.000732843,0.000732843,0.000732843
348,773.548,7.31413,1.44252,0.69891,0.28866,0.17079,0.14376,0.03804,7.12809,1.36818,0.68564,0.000731453,0.000731453,0.000731453
349,775.896,7.58083,1.46516,0.69908,0.30521,0.17916,0.156,0.04283,6.9772,1.37474,0.67833,0.00073006,0.00073006,0.00073006
350,778.246,7.53677,1.47871,0.65191,0.30074,0.17312,0.1511,0.04112,7.02152,1.43811,0.679,0.000728665,0.000728665,0.000728665
351,780.8,6.62504,1.27383,0.70283,0.2861,0.17298,0.14625,0.0401,7.08521,1.38147,0.68247,0.000727268,0.000727268,0.000727268
352,782.964,6.94566,1.39234,0.727,0.30717,0.18685,0.16288,0.0443,6.93776,1.35561,0.67587,0.000725869,0.000725869,0.000725869
353,785.208,7.57508,1.44735,0.67432,0.29269,0.17312,0.14728,0.04014,7.1126,1.37223,0.68748,0.000724467,0.000724467,0.000724467
354,787.406,6.47669,1.34432,0.7665,0.26332,0.15459,0.1309,0.03596,7.26202,1.62387,0.69026,0.000723064,0.000723064,0.000723064
355,789.57,6.90561,1.36697,0.71847,0.30687,0.17806,0.16122,0.04361,6.90666,1.50161,0.67755,0.000721658,0.000721658,0.000721658
356,791.606,6.7235,1.33582,0.69296,0.17762,0.08333,0.06336,0.01533,8.41594,1.89368,0.74165,0.00072025,0.00072025,0.00072025
357,793.977,6.62555,1.38904,0.71971,0.22475,0.10393,0.08643,0.02246,7.97071,1.6525,0.72114,0.000718839,0.000718839,0.000718839
358,796.185,6.38693,1.27223,0.70414,0.29561,0.17024,0.1493,0.04084,7.09377,1.40664,0.68533,0.000717427,0.000717427,0.000717427
359,798.726,6.43885,1.4063,0.8054,0.33325,0.18342,0.17027,0.04649,6.8406,1.36785,0.67894,0.000716012,0.000716012,0.000716012
360,801.042,5.98999,1.21393,0.73692,0.31921,0.18561,0.16596,0.04499,6.87216,1.36466,0.68031,0.000714596,0.000714596,0.000714596
361,803.2,6.68755,1.31928,0.68869,0.30889,0.18753,0.16624,0.04521,6.86476,1.36879,0.67568,0.000713177,0.000713177,0.000713177
362,805.156,7.04704,1.40657,0.72481,0.31315,0.1802,0.16137,0.04358,6.94189,1.37476,0.67964,0.000711756,0.000711756,0.000711756
363,807.505,6.9876,1.35811,0.667,0.29308,0.16227,0.14164,0.0388,7.11703,1.38704,0.68826,0.000710333,0.000710333,0.000710333
364,809.521,6.85142,1.37961,0.70241,0.29343,0.16282,0.14129,0.03806,7.1393,1.37257,0.68759,0.000708908,0.000708908,0.000708908
365,811.727,6.4954,1.3418,0.7464,0.31998,0.18191,0.1634,0.04414,6.94211,1.3643,0.67834,0.000707481,0.000707481,0.000707481
366,813.823,6.63869,1.37497,0.71391,0.35377,0.17243,0.16706,0.04499,6.89303,1.43041,0.67963,0.000706051,0.000706051,0.000706051
367,816.093,6.68204,1.42623,0.69095,0.32331,0.16641,0.15199,0.04159,7.05942,1.3987,0.6842,0.00070462,0.00070462,0.00070462
368,818.521,6.30421,1.34523,0.7032,0.32802,0.18081,0.16214,0.04369,6.95124,1.37104,0.68033,0.000703187,0.000703187,0.000703187
369,820.554,6.8659,1.35054,0.69582,0.29382,0.17065,0.14524,0.03902,7.11666,1.36157,0.68424,0.000701752,0.000701752,0.000701752
370,822.873,7.61281,1.53547,0.67915,0.28237,0.16735,0.14088,0.0387,7.09963,1.35501,0.68489,0.000700315,0.000700315,0.000700315
371,825.095,6.65097,1.32116,0.71959,0.31618,0.18204,0.15845,0.04352,6.88969,1.35509,0.67655,0.000698875,0.000698875,0.000698875
372,827.096,6.62675,1.32939,0.72186,0.31179,0.18548,0.16086,0.04403,6.90012,1.34535,0.67346,0.000697434,0.000697434,0.000697434
373,829.253,6.8067,1.34178,0.73867,0.31179,0.20065,0.1709,0.0458,6.79944,1.34702,0.6664,0.000695991,0.000695991,0.000695991
374,831.57,6.44556,1.31297,0.7051,0.27563,0.17655,0.14762,0.04031,7.06497,1.40579,0.68128,0.000694546,0.000694546,0.000694546
375,833.92,6.7039,1.35989,0.70689,0.32709,0.19124,0.17057,0.04645,6.80188,1.34687,0.67329,0.000693099,0.000693099,0.000693099
376,836.065,7.64773,1.47499,0.61777,0.29861,0.17298,0.14936,0.04161,6.95267,1.52316,0.67618,0.00069165,0.00069165,0.00069165
377,838.098,6.64702,1.35637,0.76933,0.30293,0.17381,0.15251,0.04064,6.90152,1.48354,0.67298,0.0006902,0.0006902,0.0006902
378,840.13,6.84776,1.41783,0.75776,0.31161,0.17711,0.15732,0.04359,6.86183,1.43492,0.67641,0.000688747,0.000688747,0.000688747
379,842.497,6.35998,1.28044,0.72802,0.31082,0.17449,0.1578,0.0417,6.84817,1.44824,0.66964,0.000687293,0.000687293,0.000687293
380,844.607,6.70309,1.32878,0.76489,0.31214,0.1712,0.15574,0.04116,6.8695,1.52501,0.66891,0.000685836,0.000685836,0.000685836
381,847.145,7.17837,1.41304,0.71758,0.32439,0.19097,0.16892,0.04595,6.78057,1.38323,0.66958,0.000684378,0.000684378,0.000684378
382,849.655,7.86441,1.48508,0.6249,0.34269,0.18946,0.17319,0.04684,6.78797,1.36848,0.66971,0.000682918,0.000682918,0.000682918
383,852.086,6.55834,1.34988,0.76644,0.33433,0.19069,0.17316,0.04761,6.77467,1.35429,0.67149,0.000681457,0.000681457,0.000681457
384,854.244,6.23579,1.27662,0.73624,0.32288,0.1852,0.16829,0.04659,6.73626,1.50491,0.66976,0.000679993,0.000679993,0.000679993
385,856.45,6.76823,1.34686,0.75319,0.36348,0.18342,0.17814,0.04675,6.73898,1.43543,0.673,0.000678528,0.000678528,0.000678528
386,858.706,6.6608,1.29487,0.70035,0.3557,0.18548,0.17834,0.04748,6.73522,1.39487,0.67342,0.000677061,0.000677061,0.000677061
387,860.579,6.98411,1.4062,0.64723,0.35479,0.18602,0.17827,0.04678,6.76706,1.39157,0.67136,0.000675592,0.000675592,0.000675592
388,863.149,6.48357,1.26982,0.77397,0.35622,0.18191,0.17513,0.04627,6.75204,1.41125,0.67038,0.000674121,0.000674121,0.000674121
389,865.42,6.72445,1.37276,0.70555,0.33523,0.18277,0.16651,0.04564,6.80781,1.40639,0.67327,0.000672649,0.000672649,0.000672649
390,867.61,6.23345,1.2561,0.78675,0.31553,0.17847,0.16226,0.04473,6.8303,1.45722,0.67386,0.000671175,0.000671175,0.000671175
391,869.658,6.25766,1.24779,0.71784,0.30874,0.18506,0.16396,0.04558,6.77718,1.56164,0.66984,0.0006697,0.0006697,0.0006697
392,871.801,7.095,1.37652,0.72233,0.29963,0.18644,0.16276,0.04471,6.82876,1.63831,0.67072,0.000668222,0.000668222,0.000668222
393,873.99,6.76161,1.38763,0.73397,0.31678,0.19179,0.16806,0.04635,6.81033,1.35676,0.67221,0.000666743,0.000666743,0.000666743
394,876.085,6.10546,1.24917,0.69174,0.31622,0.17834,0.159,0.0422,6.86869,1.39235,0.66855,0.000665263,0.000665263,0.000665263
395,878.164,6.96076,1.36526,0.66775,0.32596,0.19327,0.17181,0.04658,6.74998,1.33822,0.66654,0.000663781,0.000663781,0.000663781
396,880.579,6.37468,1.22804,0.69588,0.32063,0.19261,0.17042,0.04572,6.73762,1.33415,0.66568,0.000662297,0.000662297,0.000662297
397,882.673,6.7579,1.28366,0.66733,0.32066,0.19083,0.17073,0.04619,6.7499,1.33569,0.6702,0.000660811,0.000660811,0.000660811
398,885.102,6.44326,1.26098,0.70144,0.31527,0.19014,0.16731,0.04523,6.81933,1.35419,0.67204,0.000659324,0.000659324,0.000659324
399,887.357,6.06041,1.3115,0.78807,0.31872,0.18657,0.17031,0.04671,6.73593,1.34732,0.6678,0.000657836,0.000657836,0.000657836
400,889.612,6.5197,1.31034,0.75473,0.31327,0.17985,0.16061,0.04415,6.91669,1.39364,0.67366,0.000656346,0.000656346,0.000656346
401,892.042,6.1053,1.24342,0.74529,0.3035,0.17353,0.15167,0.04137,7.00121,1.42325,0.67702,0.000654854,0.000654854,0.000654854
402,894.278,6.47755,1.32293,0.72409,0.29361,0.17073,0.15032,0.0411,6.96398,1.64756,0.67458,0.000653361,0.000653361,0.000653361
403,896.343,7.49879,1.47544,0.65185,0.31766,0.18506,0.16775,0.0461,6.7587,1.41093,0.66495,0.000651866,0.000651866,0.000651866
404,898.874,6.46007,1.37255,0.74152,0.32901,0.19069,0.17192,0.04685,6.76594,1.34948,0.66914,0.00065037,0.00065037,0.00065037
405,901.054,7.27939,1.4068,0.63019,0.32477,0.19138,0.1697,0.04655,6.81694,1.34563,0.67153,0.000648872,0.000648872,0.000648872
406,903.347,5.94,1.25577,0.76966,0.33247,0.18987,0.17069,0.04708,6.81563,1.32661,0.67401,0.000647373,0.000647373,0.000647373
407,905.625,6.89956,1.34515,0.6791,0.3271,0.18472,0.16501,0.04589,6.84085,1.33297,0.67622,0.000645873,0.000645873,0.000645873
408,907.902,6.79896,1.31457,0.73984,0.33425,0.19371,0.17426,0.04693,6.72597,1.33323,0.67167,0.000644371,0.000644371,0.000644371
409,910.037,7.00421,1.43387,0.72675,0.33201,0.19577,0.17691,0.04764,6.74398,1.32373,0.67124,0.000642867,0.000642867,0.000642867
410,912.235,6.7724,1.36366,0.68249,0.30205,0.16337,0.14627,0.03962,6.99443,1.46776,0.68422,0.000641362,0.000641362,0.000641362
411,914.194,6.70143,1.31231,0.71664,0.30163,0.17422,0.15397,0.04213,6.83963,1.46696,0.67637,0.000639856,0.000639856,0.000639856
412,916.407,6.70691,1.27946,0.6914,0.30531,0.19042,0.16609,0.04459,6.74716,1.47103,0.66766,0.000638348,0.000638348,0.000638348
413,918.502,7.14785,1.4736,0.67482,0.29994,0.18081,0.15662,0.04318,6.87215,1.50801,0.67221,0.000636839,0.000636839,0.000636839
414,920.531,6.70897,1.40004,0.74455,0.3136,0.18026,0.15948,0.0438,6.89092,1.33835,0.67892,0.000635329,0.000635329,0.000635329
415,922.919,6.38982,1.2614,0.73708,0.32694,0.19234,0.17109,0.04723,6.76205,1.3242,0.6728,0.000633818,0.000633818,0.000633818
416,925.547,6.66457,1.44289,0.72596,0.32193,0.20167,0.17734,0.04868,6.69111,1.32037,0.66627,0.000632305,0.000632305,0.000632305
417,927.87,6.58845,1.31788,0.71257,0.30564,0.18904,0.16207,0.04471,6.85768,1.34305,0.67265,0.00063079,0.00063079,0.00063079
418,930.292,6.59575,1.30515,0.74756,0.32611,0.18616,0.17051,0.0464,6.73185,1.34302,0.67363,0.000629275,0.000629275,0.000629275
419,932.441,7.1026,1.38233,0.6676,0.3143,0.18493,0.16554,0.04498,6.73598,1.34067,0.6738,0.000627758,0.000627758,0.000627758
420,934.75,6.88097,1.36941,0.69054,0.30271,0.18067,0.1604,0.04332,6.80213,1.34842,0.67506,0.00062624,0.00062624,0.00062624
421,936.769,6.85858,1.37627,0.7045,0.32857,0.18795,0.17012,0.04654,6.71392,1.34944,0.67455,0.000624721,0.000624721,0.000624721
422,938.741,6.69348,1.38027,0.67521,0.32653,0.18396,0.16532,0.04561,6.82716,1.3415,0.67594,0.0006232,0.0006232,0.0006232
423,941.034,6.21138,1.23143,0.70806,0.35028,0.18959,0.17654,0.04679,6.72278,1.34487,0.66865,0.000621678,0.000621678,0.000621678
424,943.296,6.52097,1.31382,0.75597,0.29953,0.16722,0.1464,0.03983,7.06453,1.36207,0.68382,0.000620155,0.000620155,0.000620155
425,945.382,6.66713,1.40613,0.81862,0.30689,0.16969,0.14954,0.04128,7.01599,1.34486,0.68154,0.000618631,0.000618631,0.000618631
426,947.714,6.35557,1.25764,0.75113,0.34924,0.18081,0.17172,0.04743,6.7628,1.34958,0.67601,0.000617106,0.000617106,0.000617106
427,950.096,6.21862,1.2921,0.79192,0.37091,0.1804,0.17836,0.04908,6.66408,1.39287,0.67287,0.00061558,0.00061558,0.00061558
428,952.438,6.57862,1.29411,0.67047,0.30838,0.17861,0.15897,0.04401,6.91612,1.50644,0.67149,0.000614052,0.000614052,0.000614052
429,954.642,6.75374,1.29645,0.67417,0.31961,0.17902,0.1656,0.04583,6.7899,1.47594,0.66782,0.000612523,0.000612523,0.000612523
430,956.996,6.3196,1.26894,0.67589,0.33895,0.16969,0.16159,0.0453,6.81408,1.42474,0.67111,0.000610993,0.000610993,0.000610993
431,959.291,6.29268,1.25133,0.71233,0.34076,0.18149,0.17126,0.04747,6.70566,1.40865,0.66767,0.000609463,0.000609463,0.000609463
432,961.394,6.2407,1.27863,0.77035,0.32519,0.1863,0.1697,0.04713,6.79857,1.38012,0.66946,0.000607931,0.000607931,0.000607931
433,963.641,6.81962,1.2671,0.62598,0.32495,0.1911,0.17396,0.04818,6.74272,1.46396,0.66882,0.000606398,0.000606398,0.000606398
434,966.14,6.71363,1.31805,0.68602,0.33552,0.19426,0.17489,0.04835,6.78404,1.34608,0.67106,0.000604863,0.000604863,0.000604863
435,968.218,6.88625,1.38101,0.69039,0.35422,0.19275,0.17869,0.04946,6.75839,1.34009,0.67256,0.000603328,0.000603328,0.000603328
436,970.593,6.30713,1.33535,0.68143,0.35297,0.18245,0.17137,0.04773,6.81399,1.35792,0.67628,0.000601792,0.000601792,0.000601792
437,972.56,7.02213,1.42171,0.72865,0.35115,0.17438,0.16814,0.04553,6.87314,1.37331,0.67828,0.000600255,0.000600255,0.000600255
438,975.036,7.39564,1.3922,0.65446,0.33976,0.17916,0.16843,0.04606,6.86052,1.3405,0.67556,0.000598717,0.000598717,0.000598717
439,977.291,6.73187,1.24855,0.6852,0.35091,0.19698,0.18246,0.0499,6.71343,1.31686,0.66988,0.000597178,0.000597178,0.000597178
440,979.623,6.79657,1.31149,0.71107,0.32425,0.18287,0.16734,0.04541,6.90572,1.32378,0.67539,0.000595638,0.000595638,0.000595638
441,981.639,6.66232,1.35898,0.7295,0.34521,0.19165,0.18013,0.04885,6.74491,1.32572,0.67106,0.000594097,0.000594097,0.000594097
442,983.967,6.77992,1.27359,0.68882,0.33226,0.1911,0.17716,0.04824,6.81635,1.31627,0.67177,0.000592555,0.000592555,0.000592555
443,986.127,6.55747,1.29613,0.69527,0.29156,0.16914,0.15101,0.04155,7.1086,1.35887,0.67881,0.000591012,0.000591012,0.000591012
444,988.443,6.70584,1.36776,0.72815,0.31566,0.17147,0.15658,0.04283,7.05584,1.33992,0.6803,0.000589469,0.000589469,0.000589469
445,990.318,6.06017,1.24407,0.743,0.34487,0.18946,0.1793,0.05012,6.74002,1.31858,0.67001,0.000587924,0.000587924,0.000587924
446,992.477,6.52453,1.32662,0.71105,0.31576,0.17957,0.16293,0.04549,6.92238,1.42628,0.67372,0.000586379,0.000586379,0.000586379
447,994.432,6.82131,1.29862,0.67039,0.3231,0.17738,0.16273,0.0452,6.94299,1.30658,0.67658,0.000584832,0.000584832,0.000584832
448,996.702,6.55597,1.30452,0.6854,0.34208,0.18973,0.17777,0.0496,6.74396,1.29732,0.67146,0.000583285,0.000583285,0.000583285
449,998.811,6.8202,1.34066,0.67045,0.31074,0.16928,0.15213,0.04201,7.00956,1.31161,0.68012,0.000581737,0.000581737,0.000581737
450,1001.08,6.79134,1.35884,0.71777,0.32265,0.17381,0.16187,0.04489,6.873,1.31612,0.67659,0.000580189,0.000580189,0.000580189
451,1002.96,7.0542,1.39101,0.66193,0.32929,0.17504,0.1642,0.04591,6.83844,1.53756,0.67293,0.000578639,0.000578639,0.000578639
452,1005.24,6.4402,1.26043,0.69388,0.32447,0.17559,0.16206,0.04473,6.86294,1.39745,0.67556,0.000577089,0.000577089,0.000577089
453,1007.63,5.73477,1.21631,0.76981,0.28507,0.15074,0.13199,0.03445,7.36009,1.44297,0.68988,0.000575538,0.000575538,0.000575538
454,1009.82,6.70267,1.34144,0.72379,0.303,0.16516,0.14914,0.04134,7.13934,1.35678,0.68084,0.000573986,0.000573986,0.000573986
455,1011.91,6.27348,1.27176,0.69326,0.34882,0.19076,0.179,0.05,6.72613,1.3072,0.66871,0.000572433,0.000572433,0.000572433
456,1014.17,7.44445,1.47311,0.64762,0.34419,0.19879,0.18716,0.05266,6.61138,1.28764,0.6656,0.00057088,0.00057088,0.00057088
457,1016.41,6.01837,1.19573,0.75902,0.33979,0.2047,0.18813,0.0525,6.62183,1.28984,0.66452,0.000569326,0.000569326,0.000569326
458,1018.72,7.12209,1.43629,0.66047,0.30147,0.18067,0.15856,0.04402,6.9055,1.39875,0.67509,0.000567772,0.000567772,0.000567772
459,1020.87,6.07964,1.29108,0.83492,0.33262,0.20099,0.18419,0.05122,6.65194,1.32799,0.66595,0.000566216,0.000566216,0.000566216
460,1022.94,6.02452,1.20919,0.71316,0.34569,0.20579,0.18855,0.0524,6.57904,1.42254,0.66186,0.00056466,0.00056466,0.00056466
461,1025.44,6.72658,1.33128,0.70148,0.29704,0.17175,0.15066,0.04221,6.98898,1.601,0.67717,0.000563104,0.000563104,0.000563104
462,1027.79,7.06121,1.31642,0.65975,0.35691,0.20496,0.19077,0.05268,6.55942,1.29089,0.66497,0.000561547,0.000561547,0.000561547
463,1029.99,6.59161,1.28322,0.70729,0.35527,0.20683,0.19262,0.05267,6.54744,1.28828,0.66176,0.000559989,0.000559989,0.000559989
464,1032.28,6.20285,1.24906,0.7686,0.34427,0.21458,0.19453,0.05338,6.56093,1.28062,0.65943,0.000558431,0.000558431,0.000558431
465,1034.36,7.15334,1.39334,0.67265,0.33208,0.20813,0.18481,0.0513,6.66193,1.29934,0.66324,0.000556872,0.000556872,0.000556872
466,1036.59,6.51894,1.33222,0.73905,0.33652,0.21156,0.19079,0.05309,6.59626,1.32053,0.65777,0.000555312,0.000555312,0.000555312
467,1038.85,6.68874,1.28758,0.71398,0.30666,0.19467,0.16854,0.04769,6.8131,1.37176,0.66626,0.000553752,0.000553752,0.000553752
468,1040.99,6.05503,1.26063,0.75324,0.34179,0.20442,0.18967,0.05239,6.6016,1.30838,0.66042,0.000552192,0.000552192,0.000552192
469,1043.06,6.04402,1.26493,0.72522,0.33171,0.19206,0.17618,0.05028,6.75101,1.34002,0.66672,0.000550631,0.000550631,0.000550631
470,1045.16,6.55215,1.27569,0.69018,0.32259,0.19248,0.17443,0.04901,6.82748,1.42261,0.66796,0.000549069,0.000549069,0.000549069
471,1047.31,6.67399,1.38536,0.73449,0.34356,0.2106,0.19007,0.05336,6.61683,1.39678,0.65939,0.000547507,0.000547507,0.000547507
472,1049.74,7.05601,1.34686,0.66542,0.33095,0.20277,0.18125,0.05065,6.68976,1.37364,0.66194,0.000545945,0.000545945,0.000545945
473,1051.94,6.59401,1.2855,0.67945,0.34721,0.2073,0.18944,0.05331,6.58513,1.3176,0.65672,0.000544382,0.000544382,0.000544382
474,1054.19,6.44267,1.34894,0.75625,0.31715,0.19728,0.17292,0.04734,6.77163,1.35941,0.66574,0.000542818,0.000542818,0.000542818
475,1056.66,6.58678,1.32317,0.75137,0.33888,0.20881,0.19019,0.05254,6.59798,1.29865,0.65997,0.000541255,0.000541255,0.000541255
476,1059.08,6.25139,1.24056,0.74208,0.37694,0.20524,0.1996,0.05491,6.51706,1.29963,0.65994,0.00053969,0.00053969,0.00053969
477,1061.28,6.63699,1.3018,0.73016,0.36029,0.20071,0.19044,0.05264,6.60837,1.2996,0.66371,0.000538126,0.000538126,0.000538126
478,1063.32,6.7209,1.35307,0.73678,0.35135,0.20099,0.18893,0.0524,6.60438,1.29926,0.6623,0.000536561,0.000536561,0.000536561
479,1065.64,6.72429,1.31777,0.72087,0.33642,0.19673,0.18126,0.05117,6.64441,1.28986,0.66467,0.000534995,0.000534995,0.000534995
480,1068.16,6.38791,1.26402,0.67107,0.34652,0.20607,0.19095,0.05304,6.57617,1.28046,0.66114,0.00053343,0.00053343,0.00053343
481,1070.19,5.99392,1.21784,0.77912,0.35602,0.21267,0.19846,0.05472,6.55499,1.27375,0.65779,0.000531864,0.000531864,0.000531864
482,1072.35,7.75272,1.42183,0.62771,0.35718,0.21183,0.19949,0.05481,6.51648,1.26835,0.66008,0.000530298,0.000530298,0.000530298
483,1074.65,6.63347,1.33213,0.70462,0.34981,0.20423,0.18928,0.05193,6.55946,1.28048,0.66494,0.000528731,0.000528731,0.000528731
484,1076.9,6.16378,1.24811,0.72888,0.35634,0.20991,0.1948,0.05405,6.50367,1.2749,0.66187,0.000527164,0.000527164,0.000527164
485,1079.08,6.87051,1.30899,0.65772,0.36313,0.20689,0.19669,0.05529,6.50033,1.28818,0.66161,0.000525597,0.000525597,0.000525597
486,1081.85,6.25223,1.28455,0.73426,0.33225,0.19152,0.1748,0.04915,6.74018,1.35508,0.66841,0.00052403,0.00052403,0.00052403
487,1084.02,6.3691,1.32441,0.72578,0.28713,0.16214,0.14007,0.03714,7.19485,1.60423,0.68122,0.000522462,0.000522462,0.000522462
488,1086.21,6.15652,1.18962,0.69484,0.35965,0.2117,0.19763,0.05577,6.49867,1.29651,0.65708,0.000520894,0.000520894,0.000520894
489,1088.26,6.5009,1.25353,0.63723,0.35875,0.21142,0.1977,0.05592,6.51276,1.27336,0.65862,0.000519326,0.000519326,0.000519326
490,1090.44,6.38103,1.32468,0.68215,0.33626,0.19811,0.18369,0.05225,6.69897,1.28989,0.66575,0.000517758,0.000517758,0.000517758
491,1092.58,5.6376,1.19295,0.75241,0.33499,0.19179,0.17741,0.04976,6.82326,1.32173,0.66858,0.00051619,0.00051619,0.00051619
492,1094.51,6.26152,1.23183,0.7365,0.35439,0.20016,0.1894,0.05399,6.5757,1.30787,0.66131,0.000514621,0.000514621,0.000514621
493,1096.63,7.08107,1.36131,0.63939,0.37439,0.20236,0.19507,0.05418,6.48487,1.32141,0.65955,0.000513052,0.000513052,0.000513052
494,1098.88,5.97148,1.15353,0.67922,0.38974,0.19948,0.19865,0.05538,6.4587,1.34529,0.66506,0.000511484,0.000511484,0.000511484
495,1101.04,7.29767,1.4595,0.65964,0.38834,0.19962,0.1985,0.05512,6.45866,1.34434,0.66508,0.000509915,0.000509915,0.000509915
496,1103.2,6.53147,1.25698,0.69391,0.38209,0.20332,0.19756,0.05578,6.43635,1.32551,0.66343,0.000508346,0.000508346,0.000508346
497,1105.33,6.32816,1.27133,0.66596,0.38667,0.20373,0.20069,0.05413,6.49748,1.32358,0.66043,0.000506777,0.000506777,0.000506777
498,1107.7,6.61383,1.26064,0.66468,0.39508,0.20401,0.20265,0.05599,6.44524,1.34155,0.66269,0.000505208,0.000505208,0.000505208
499,1109.89,6.46148,1.29239,0.72989,0.39167,0.20044,0.20096,0.05568,6.43526,1.34673,0.66318,0.000503638,0.000503638,0.000503638
500,1112.36,6.16566,1.24757,0.72079,0.3544,0.17161,0.16826,0.04254,6.8246,1.40647,0.66364,0.000502069,0.000502069,0.000502069
501,1114.46,6.36102,1.23582,0.68271,0.37492,0.18767,0.18763,0.04863,6.64009,1.36399,0.66152,0.0005005,0.0005005,0.0005005
502,1116.82,6.28191,1.26198,0.71722,0.39066,0.20799,0.20366,0.05726,6.44535,1.30889,0.66102,0.000498931,0.000498931,0.000498931
503,1119.3,6.46071,1.28716,0.71644,0.39725,0.19605,0.20255,0.05448,6.49473,1.36727,0.66267,0.000497362,0.000497362,0.000497362
504,1121.49,6.76087,1.31704,0.63726,0.37666,0.19605,0.1966,0.05222,6.52742,1.33578,0.66005,0.000495792,0.000495792,0.000495792
505,1123.66,6.74354,1.37147,0.7201,0.3627,0.19316,0.18533,0.04855,6.61824,1.34326,0.66106,0.000494223,0.000494223,0.000494223
506,1125.65,6.07231,1.26365,0.76438,0.3301,0.19948,0.18294,0.05157,6.53467,1.29446,0.6636,0.000492654,0.000492654,0.000492654
507,1127.9,6.78282,1.3246,0.68973,0.34594,0.2073,0.19077,0.05216,6.51477,1.29758,0.65966,0.000491085,0.000491085,0.000491085
508,1130.05,6.56771,1.25813,0.67282,0.34408,0.20511,0.18917,0.05054,6.63215,1.30299,0.65564,0.000489516,0.000489516,0.000489516
509,1132.27,6.14521,1.24017,0.68763,0.33667,0.20415,0.18842,0.05253,6.52194,1.32268,0.66035,0.000487948,0.000487948,0.000487948
510,1134.38,6.32454,1.30455,0.6545,0.35128,0.21568,0.19744,0.0563,6.43974,1.36573,0.65615,0.000486379,0.000486379,0.000486379
511,1136.73,6.10508,1.22718,0.7167,0.33207,0.20291,0.18432,0.05197,6.65055,1.49328,0.66334,0.00048481,0.00048481,0.00048481
512,1138.93,7.36625,1.40974,0.67975,0.3147,0.18026,0.16016,0.04419,6.9718,1.33054,0.67613,0.000483242,0.000483242,0.000483242
513,1141.3,7.03279,1.33869,0.70089,0.35507,0.2003,0.18892,0.05323,6.63691,1.27359,0.66649,0.000481674,0.000481674,0.000481674
514,1143.76,7.35461,1.42172,0.63306,0.34006,0.1944,0.18027,0.05103,6.6598,1.50837,0.66667,0.000480106,0.000480106,0.000480106
515,1146.34,6.3714,1.22983,0.67558,0.34056,0.19783,0.18118,0.05149,6.6302,1.58055,0.66306,0.000478538,0.000478538,0.000478538
516,1148.58,6.7525,1.36345,0.68178,0.38078,0.20826,0.20134,0.05739,6.44202,1.27948,0.66292,0.00047697,0.00047697,0.00047697
517,1150.91,5.75197,1.18229,0.71865,0.38803,0.21031,0.20442,0.05666,6.43888,1.2968,0.6596,0.000475403,0.000475403,0.000475403
518,1153.17,5.92651,1.23275,0.74571,0.36735,0.21211,0.20076,0.05655,6.44001,1.29224,0.65582,0.000473836,0.000473836,0.000473836
519,1155.28,5.80411,1.20332,0.70474,0.35269,0.20826,0.19271,0.05493,6.5265,1.44181,0.65849,0.000472269,0.000472269,0.000472269
520,1157.49,6.7821,1.31907,0.64155,0.3775,0.21746,0.20909,0.0586,6.40482,1.23397,0.65417,0.000470702,0.000470702,0.000470702
521,1159.87,6.12006,1.1872,0.7178,0.38068,0.21578,0.20984,0.05886,6.40765,1.23376,0.65621,0.000469136,0.000469136,0.000469136
522,1162.1,6.42986,1.3117,0.71613,0.3793,0.21472,0.20742,0.05855,6.40592,1.239,0.65475,0.00046757,0.00046757,0.00046757
523,1164.33,6.7047,1.32286,0.64017,0.38496,0.21774,0.21152,0.05914,6.41497,1.23389,0.65173,0.000466005,0.000466005,0.000466005
524,1166.65,6.1596,1.22495,0.72464,0.36858,0.20854,0.19957,0.05793,6.45469,1.2411,0.65702,0.000464439,0.000464439,0.000464439
525,1168.68,6.63048,1.27565,0.68538,0.38177,0.21373,0.20843,0.05947,6.39582,1.2389,0.65446,0.000462874,0.000462874,0.000462874
526,1170.64,5.56675,1.1818,0.7607,0.3736,0.21019,0.20303,0.05794,6.43652,1.2515,0.65591,0.00046131,0.00046131,0.00046131
527,1172.64,5.91109,1.22813,0.81755,0.36892,0.20511,0.19717,0.05666,6.49666,1.25959,0.65904,0.000459745,0.000459745,0.000459745
528,1174.72,6.16398,1.25242,0.715,0.36453,0.20895,0.19855,0.05728,6.48128,1.27359,0.65644,0.000458182,0.000458182,0.000458182
529,1177.01,6.12982,1.23193,0.73328,0.34093,0.19797,0.1826,0.05189,6.69478,1.3586,0.66259,0.000456618,0.000456618,0.000456618
530,1179.18,6.62283,1.29499,0.66045,0.36101,0.21485,0.19903,0.05765,6.48626,1.27635,0.65609,0.000455055,0.000455055,0.000455055
531,1181.58,6.06364,1.25113,0.69928,0.37093,0.20991,0.20065,0.05849,6.44372,1.24859,0.65792,0.000453493,0.000453493,0.000453493
532,1183.88,5.98263,1.2031,0.72385,0.37686,0.20826,0.2003,0.05815,6.45819,1.26529,0.66138,0.000451931,0.000451931,0.000451931
533,1186.03,5.83984,1.16883,0.72809,0.38,0.21266,0.2053,0.05956,6.38519,1.24982,0.65799,0.000450369,0.000450369,0.000450369
534,1188.45,6.16451,1.23378,0.6821,0.36714,0.21197,0.19961,0.05768,6.49399,1.26482,0.65823,0.000448808,0.000448808,0.000448808
535,1190.71,6.67401,1.30587,0.7093,0.34562,0.20387,0.18957,0.05438,6.57839,1.31866,0.66017,0.000447248,0.000447248,0.000447248
536,1192.91,6.36127,1.34403,0.68041,0.35144,0.2073,0.19358,0.05614,6.52733,1.26603,0.65971,0.000445688,0.000445688,0.000445688
537,1195.12,6.44469,1.23719,0.68105,0.37163,0.21815,0.20885,0.05967,6.39049,1.25506,0.65622,0.000444128,0.000444128,0.000444128
538,1197.53,6.73615,1.32811,0.67421,0.33809,0.20301,0.19397,0.05601,6.47418,1.39744,0.65926,0.000442569,0.000442569,0.000442569
539,1199.48,6.68174,1.34029,0.64062,0.38133,0.20428,0.20209,0.05784,6.41496,1.33753,0.66089,0.000441011,0.000441011,0.000441011
540,1201.86,6.74177,1.29162,0.64901,0.34697,0.19001,0.17775,0.0509,6.6828,1.337,0.66749,0.000439453,0.000439453,0.000439453
541,1203.92,6.71732,1.35692,0.65949,0.33751,0.1885,0.17813,0.05138,6.63974,1.42619,0.66493,0.000437896,0.000437896,0.000437896
542,1206.27,6.14452,1.22984,0.73361,0.3743,0.20634,0.20016,0.05742,6.4151,1.26322,0.65967,0.00043634,0.00043634,0.00043634
543,1208.43,6.40992,1.25658,0.63953,0.37461,0.20419,0.19594,0.05614,6.43121,1.27507,0.66111,0.000434784,0.000434784,0.000434784
544,1210.59,6.12354,1.17211,0.70897,0.39778,0.20566,0.20878,0.05907,6.36336,1.30144,0.65878,0.000433228,0.000433228,0.000433228
545,1212.65,5.35233,1.08935,0.68219,0.38942,0.20621,0.20469,0.05835,6.36234,1.28432,0.65879,0.000431674,0.000431674,0.000431674
546,1215.16,6.2977,1.22711,0.69463,0.39106,0.20772,0.20715,0.05907,6.35666,1.29609,0.6591,0.00043012,0.00043012,0.00043012
547,1217.45,6.41172,1.2267,0.70838,0.36501,0.20456,0.19248,0.05484,6.47742,1.26818,0.66233,0.000428567,0.000428567,0.000428567
548,1219.69,6.6146,1.27203,0.6847,0.35153,0.21211,0.19399,0.05555,6.45997,1.25695,0.65885,0.000427014,0.000427014,0.000427014
549,1221.68,5.94408,1.24544,0.70842,0.32998,0.19193,0.17213,0.04849,6.71619,1.2948,0.66647,0.000425462,0.000425462,0.000425462
550,1223.49,6.1226,1.24818,0.68868,0.36718,0.20524,0.19519,0.05578,6.4582,1.2496,0.65953,0.000423911,0.000423911,0.000423911
551,1225.67,6.66537,1.35308,0.67871,0.37946,0.21156,0.20474,0.05787,6.36982,1.24349,0.65763,0.000422361,0.000422361,0.000422361
552,1227.79,6.21259,1.18305,0.67657,0.35524,0.21005,0.19524,0.05568,6.49692,1.25072,0.65794,0.000420811,0.000420811,0.000420811
553,1229.92,6.47704,1.32238,0.6695,0.36194,0.2105,0.19871,0.05705,6.46335,1.25054,0.65629,0.000419263,0.000419263,0.000419263
554,1232.18,5.82906,1.21488,0.76565,0.3672,0.21156,0.20233,0.0583,6.41443,1.23396,0.6564,0.000417715,0.000417715,0.000417715
555,1234.34,6.39967,1.24503,0.68744,0.3795,0.21513,0.21019,0.06001,6.34242,1.22884,0.65528,0.000416168,0.000416168,0.000416168
556,1236.7,6.68262,1.34474,0.68226,0.37023,0.21691,0.20868,0.06045,6.33519,1.24355,0.65308,0.000414621,0.000414621,0.000414621
557,1238.83,6.34853,1.2832,0.67605,0.37111,0.22199,0.21175,0.06016,6.34933,1.25142,0.65058,0.000413076,0.000413076,0.000413076
558,1241.35,6.49098,1.30629,0.75195,0.35606,0.21362,0.19797,0.05666,6.47544,1.31188,0.65665,0.000411531,0.000411531,0.000411531
559,1243.61,5.87717,1.18286,0.71446,0.36306,0.21582,0.20278,0.05817,6.43429,1.28243,0.65572,0.000409988,0.000409988,0.000409988
560,1245.74,6.80335,1.28711,0.66861,0.38524,0.21925,0.21292,0.06104,6.32902,1.21974,0.65368,0.000408445,0.000408445,0.000408445
561,1248.11,5.45406,1.19094,0.76686,0.38677,0.21733,0.21224,0.06071,6.33883,1.22511,0.65595,0.000406903,0.000406903,0.000406903
562,1250.52,6.39347,1.20911,0.63402,0.37587,0.21033,0.2019,0.058,6.46293,1.23708,0.6584,0.000405362,0.000405362,0.000405362
563,1252.62,7.06237,1.33161,0.64758,0.37849,0.21294,0.20487,0.05919,6.44613,1.23317,0.65793,0.000403822,0.000403822,0.000403822
564,1254.96,7.09576,1.36583,0.62372,0.40235,0.21623,0.21678,0.06203,6.30472,1.24188,0.65574,0.000402283,0.000402283,0.000402283
565,1257.34,7.63411,1.41894,0.61536,0.3958,0.21225,0.21347,0.05974,6.3527,1.26533,0.65619,0.000400745,0.000400745,0.000400745
566,1259.84,7.19673,1.34898,0.63737,0.38783,0.21705,0.21405,0.0605,6.32806,1.24537,0.65568,0.000399208,0.000399208,0.000399208
567,1262.05,7.31621,1.47505,0.62556,0.383,0.21938,0.21317,0.06125,6.28955,1.23038,0.65589,0.000397672,0.000397672,0.000397672
568,1264.44,6.25781,1.28059,0.69386,0.38739,0.21389,0.20754,0.05717,6.41554,1.26358,0.65565,0.000396137,0.000396137,0.000396137
569,1266.54,5.65363,1.1575,0.70859,0.39341,0.2198,0.21593,0.06026,6.30608,1.2496,0.65556,0.000394602,0.000394602,0.000394602
570,1268.67,6.47032,1.24954,0.70363,0.39276,0.21911,0.21335,0.06062,6.29804,1.25528,0.65533,0.000393069,0.000393069,0.000393069
571,1271.1,6.47416,1.22233,0.67805,0.38094,0.21595,0.20739,0.05941,6.32312,1.2471,0.65601,0.000391537,0.000391537,0.000391537
572,1273.37,6.48663,1.31876,0.67344,0.3825,0.21966,0.21218,0.06,6.30811,1.2344,0.65351,0.000390007,0.000390007,0.000390007
573,1275.63,5.89539,1.20555,0.72712,0.38504,0.22762,0.2183,0.06206,6.28185,1.22349,0.65226,0.000388477,0.000388477,0.000388477
574,1277.86,7.07713,1.34179,0.64329,0.38451,0.22639,0.21752,0.0622,6.27706,1.22896,0.65067,0.000386948,0.000386948,0.000386948
575,1280.03,6.61408,1.31386,0.7116,0.39172,0.22419,0.21734,0.06166,6.30906,1.23415,0.651,0.00038542,0.00038542,0.00038542
576,1282.4,6.23034,1.25603,0.65236,0.38948,0.22611,0.21867,0.06272,6.28068,1.22161,0.65081,0.000383894,0.000383894,0.000383894
577,1284.32,6.66378,1.25615,0.62731,0.37596,0.21265,0.20465,0.05575,6.47574,1.23489,0.64904,0.000382369,0.000382369,0.000382369
578,1286.58,6.66966,1.28037,0.68914,0.38914,0.22707,0.21893,0.06291,6.2888,1.2168,0.65059,0.000380845,0.000380845,0.000380845
579,1288.65,6.1789,1.22911,0.68507,0.38413,0.22597,0.21823,0.06272,6.28412,1.21234,0.65066,0.000379322,0.000379322,0.000379322
580,1290.93,6.63907,1.30475,0.70817,0.37927,0.22144,0.21324,0.0609,6.29925,1.20704,0.64919,0.0003778,0.0003778,0.0003778
581,1293.17,6.98643,1.33678,0.67157,0.38161,0.22419,0.21574,0.06143,6.28791,1.20452,0.64881,0.000376279,0.000376279,0.000376279
582,1295.55,6.14572,1.20402,0.68771,0.37514,0.22254,0.21377,0.06114,6.30062,1.21109,0.6502,0.00037476,0.00037476,0.00037476
583,1297.68,6.79899,1.25662,0.64271,0.38078,0.22268,0.21644,0.06184,6.29951,1.20912,0.6483,0.000373242,0.000373242,0.000373242
584,1300.11,7.13232,1.33261,0.63396,0.37545,0.21925,0.21001,0.0606,6.38102,1.23963,0.65419,0.000371725,0.000371725,0.000371725
585,1302.22,6.13659,1.21131,0.74582,0.38119,0.22007,0.21292,0.06106,6.3498,1.23547,0.65494,0.00037021,0.00037021,0.00037021
586,1304.57,5.5911,1.14565,0.72998,0.38169,0.2176,0.21032,0.0607,6.34674,1.32587,0.65456,0.000368695,0.000368695,0.000368695
587,1306.88,6.14886,1.23836,0.64046,0.38003,0.21502,0.20665,0.05883,6.42151,1.32679,0.6563,0.000367182,0.000367182,0.000367182
588,1309.06,5.70036,1.12463,0.69131,0.3798,0.22111,0.2143,0.06152,6.29468,1.22426,0.65078,0.000365671,0.000365671,0.000365671
589,1311.31,5.58347,1.1677,0.77547,0.36559,0.21417,0.20412,0.05867,6.38075,1.24284,0.65413,0.000364161,0.000364161,0.000364161
590,1313.85,6.61145,1.30126,0.69354,0.37682,0.21787,0.20989,0.06062,6.3224,1.22762,0.65354,0.000362652,0.000362652,0.000362652
591,1316.13,5.84242,1.20063,0.71708,0.36514,0.21417,0.20305,0.05807,6.39548,1.23612,0.65565,0.000361144,0.000361144,0.000361144
592,1318.29,6.67312,1.27844,0.63719,0.33716,0.19701,0.18348,0.05255,6.59376,1.26361,0.66198,0.000359638,0.000359638,0.000359638
593,1320.4,6.01228,1.17053,0.7311,0.37789,0.21472,0.20742,0.06029,6.31693,1.2325,0.65387,0.000358133,0.000358133,0.000358133
594,1322.64,5.6816,1.17493,0.70169,0.3635,0.20016,0.19098,0.05543,6.46267,1.25987,0.66103,0.000356629,0.000356629,0.000356629
595,1324.77,5.65797,1.15879,0.7207,0.37203,0.20566,0.19852,0.05754,6.37194,1.26779,0.65872,0.000355127,0.000355127,0.000355127
596,1327.34,5.81748,1.19842,0.76097,0.38403,0.20714,0.20455,0.05971,6.32718,1.26656,0.65547,0.000353627,0.000353627,0.000353627
597,1329.76,6.37239,1.31326,0.68972,0.37724,0.2084,0.20128,0.05866,6.36849,1.24195,0.65487,0.000352128,0.000352128,0.000352128
598,1331.97,6.2986,1.20663,0.66904,0.3689,0.21348,0.20476,0.0591,6.38778,1.24546,0.65348,0.00035063,0.00035063,0.00035063
599,1334.11,6.4211,1.22633,0.66512,0.38488,0.22172,0.21539,0.06293,6.27946,1.22862,0.65053,0.000349134,0.000349134,0.000349134
600,1336.24,6.11005,1.18893,0.67322,0.37812,0.21762,0.20912,0.06046,6.32834,1.2344,0.65283,0.000347639,0.000347639,0.000347639
601,1338.34,6.90628,1.30439,0.68184,0.39261,0.2235,0.21677,0.06336,6.27431,1.21739,0.65093,0.000346146,0.000346146,0.000346146
602,1340.68,6.1133,1.20417,0.70014,0.39087,0.22309,0.2177,0.06341,6.26163,1.2092,0.6516,0.000344654,0.000344654,0.000344654
603,1342.77,5.84854,1.16784,0.67797,0.38898,0.2209,0.21454,0.06271,6.28544,1.2105,0.65216,0.000343164,0.000343164,0.000343164
604,1344.97,6.2903,1.25787,0.72271,0.39523,0.22392,0.22147,0.06401,6.23219,1.20892,0.64996,0.000341676,0.000341676,0.000341676
605,1347.2,6.03222,1.20998,0.71505,0.39408,0.22213,0.21903,0.06396,6.22541,1.20982,0.65081,0.000340189,0.000340189,0.000340189
606,1349.48,6.3161,1.19227,0.67124,0.36141,0.20332,0.19312,0.0563,6.47978,1.2337,0.6611,0.000338703,0.000338703,0.000338703
607,1351.84,6.53528,1.21114,0.64747,0.38404,0.2128,0.20776,0.06044,6.33327,1.2317,0.65763,0.000337219,0.000337219,0.000337219
608,1354.34,7.00114,1.39907,0.64626,0.39042,0.22246,0.21789,0.06342,6.27313,1.22049,0.65043,0.000335737,0.000335737,0.000335737
609,1356.56,6.01255,1.17999,0.70109,0.37268,0.21829,0.2072,0.05958,6.46878,1.27169,0.6536,0.000334257,0.000334257,0.000334257
610,1358.97,5.34786,1.14616,0.70413,0.35908,0.2073,0.19512,0.05649,6.58237,1.3695,0.65633,0.000332778,0.000332778,0.000332778
611,1361.1,6.05638,1.20899,0.69854,0.37234,0.22022,0.21194,0.06139,6.41156,1.27654,0.65141,0.0003313,0.0003313,0.0003313
612,1363.15,6.5885,1.25387,0.65124,0.37871,0.22144,0.21297,0.06262,6.35141,1.23991,0.65061,0.000329825,0.000329825,0.000329825
613,1364.97,6.77972,1.31673,0.65249,0.37882,0.22131,0.21287,0.06253,6.3367,1.23142,0.65221,0.000328351,0.000328351,0.000328351
614,1367.01,6.14711,1.23191,0.70848,0.36862,0.2165,0.20864,0.06062,6.45158,1.33766,0.6549,0.000326879,0.000326879,0.000326879
615,1369.02,5.84109,1.14713,0.6938,0.37123,0.21431,0.20479,0.05962,6.50293,1.40648,0.65492,0.000325408,0.000325408,0.000325408
616,1371.21,6.48862,1.25056,0.65208,0.37704,0.21554,0.20967,0.06148,6.44299,1.31732,0.65513,0.000323939,0.000323939,0.000323939
617,1372.99,7.04487,1.37837,0.64224,0.3863,0.22076,0.21544,0.06412,6.31745,1.25416,0.65295,0.000322472,0.000322472,0.000322472
618,1375.27,6.29934,1.23393,0.6853,0.39264,0.21993,0.21642,0.06443,6.31132,1.22902,0.65255,0.000321007,0.000321007,0.000321007
619,1377.36,6.02235,1.23527,0.6994,0.3864,0.22282,0.21915,0.06511,6.24174,1.21421,0.64882,0.000319543,0.000319543,0.000319543
620,1379.65,6.47296,1.22816,0.64909,0.37542,0.21852,0.20925,0.0612,6.35519,1.22522,0.65237,0.000318082,0.000318082,0.000318082
621,1381.92,5.45394,1.16171,0.70265,0.37809,0.22337,0.21603,0.06388,6.25459,1.2126,0.65099,0.000316622,0.000316622,0.000316622
622,1384.13,5.39426,1.17386,0.80537,0.39187,0.2209,0.21921,0.06435,6.20829,1.23437,0.65077,0.000315164,0.000315164,0.000315164
623,1386.15,5.78409,1.20127,0.73324,0.39047,0.21829,0.21427,0.06272,6.25687,1.24035,0.65332,0.000313707,0.000313707,0.000313707
624,1388.4,6.1122,1.29192,0.73589,0.38783,0.21609,0.2117,0.06189,6.30049,1.25097,0.65493,0.000312253,0.000312253,0.000312253
625,1390.72,6.58026,1.30285,0.6687,0.3864,0.21966,0.21501,0.06318,6.27799,1.25522,0.65329,0.0003108,0.0003108,0.0003108
626,1393.12,6.45592,1.21563,0.63352,0.36252,0.21501,0.20259,0.05839,6.45445,1.26854,0.65433,0.00030935,0.00030935,0.00030935
627,1395.31,7.00705,1.3384,0.66833,0.37588,0.22007,0.2104,0.06067,6.39253,1.25011,0.65158,0.000307901,0.000307901,0.000307901
628,1397.67,5.8784,1.15326,0.6799,0.387,0.22323,0.21822,0.06406,6.25806,1.22705,0.64821,0.000306454,0.000306454,0.000306454
629,1400.24,6.72527,1.27373,0.65666,0.37862,0.21513,0.20847,0.06061,6.38246,1.23479,0.65201,0.000305009,0.000305009,0.000305009
630,1402.62,6.52495,1.23368,0.64409,0.39521,0.22323,0.22009,0.06491,6.21668,1.2257,0.64813,0.000303566,0.000303566,0.000303566
631,1404.97,5.8564,1.1513,0.67179,0.39809,0.22295,0.22063,0.06492,6.21516,1.22395,0.6479,0.000302125,0.000302125,0.000302125
632,1407.18,6.54323,1.26594,0.63565,0.3899,0.22254,0.21721,0.06441,6.26402,1.21527,0.64835,0.000300685,0.000300685,0.000300685
633,1409.38,6.10042,1.27789,0.69722,0.39515,0.22566,0.22185,0.06528,6.22539,1.21553,0.64759,0.000299248,0.000299248,0.000299248
634,1411.72,6.36483,1.35349,0.71429,0.39005,0.22035,0.21622,0.06371,6.27333,1.2312,0.64902,0.000297813,0.000297813,0.000297813
635,1413.86,5.98903,1.1836,0.69662,0.39445,0.22241,0.22015,0.06401,6.25622,1.23353,0.64902,0.00029638,0.00029638,0.00029638
636,1416.23,6.18738,1.24909,0.68407,0.37811,0.21787,0.21053,0.06093,6.3567,1.23431,0.6525,0.000294949,0.000294949,0.000294949
637,1418.39,6.31718,1.17871,0.67158,0.38746,0.22378,0.21886,0.06376,6.23616,1.22829,0.6495,0.000293519,0.000293519,0.000293519
638,1420.64,5.7353,1.14969,0.71017,0.38995,0.22543,0.21923,0.06335,6.21886,1.2214,0.65016,0.000292092,0.000292092,0.000292092
639,1422.91,6.84118,1.28711,0.64611,0.38308,0.2257,0.2173,0.06344,6.24276,1.21866,0.65108,0.000290667,0.000290667,0.000290667
640,1425.4,6.46773,1.28472,0.6506,0.3867,0.22941,0.22202,0.06547,6.20813,1.20932,0.64796,0.000289244,0.000289244,0.000289244
641,1427.42,5.69978,1.15135,0.68991,0.38962,0.22776,0.22112,0.06543,6.18095,1.21213,0.64692,0.000287823,0.000287823,0.000287823
642,1429.75,6.11521,1.19189,0.68943,0.38583,0.22872,0.22167,0.06542,6.27014,1.30083,0.64657,0.000286404,0.000286404,0.000286404
643,1431.8,6.18478,1.30138,0.73343,0.36274,0.21183,0.20609,0.06079,6.38377,1.47384,0.64943,0.000284988,0.000284988,0.000284988
644,1433.94,6.11566,1.15393,0.64798,0.36401,0.22295,0.21297,0.06342,6.31933,1.33576,0.6497,0.000283573,0.000283573,0.000283573
645,1436.04,6.43049,1.34451,0.6825,0.3926,0.22735,0.22351,0.06666,6.1733,1.22839,0.64728,0.000282161,0.000282161,0.000282161
646,1438.41,6.02999,1.23564,0.74037,0.40096,0.2279,0.22477,0.06619,6.19163,1.21428,0.64914,0.00028075,0.00028075,0.00028075
647,1440.44,5.63895,1.16354,0.69462,0.38981,0.22103,0.21651,0.06432,6.31317,1.23904,0.65235,0.000279342,0.000279342,0.000279342
648,1443.08,6.35399,1.20185,0.69212,0.34912,0.19344,0.18301,0.05265,6.67656,1.5168,0.6614,0.000277936,0.000277936,0.000277936
649,1445.38,6.46277,1.28166,0.68233,0.34535,0.19357,0.18106,0.05262,6.66006,1.59662,0.66094,0.000276533,0.000276533,0.000276533
650,1447.82,5.60666,1.18543,0.74842,0.3909,0.22543,0.2215,0.06573,6.19164,1.21395,0.64795,0.000275131,0.000275131,0.000275131
651,1450.32,5.64575,1.19574,0.69783,0.38387,0.22035,0.21732,0.06477,6.21672,1.23219,0.64815,0.000273732,0.000273732,0.000273732
652,1452.33,5.88274,1.18843,0.69249,0.38299,0.2209,0.21366,0.0625,6.32595,1.24884,0.65169,0.000272335,0.000272335,0.000272335
653,1454.43,6.91526,1.28827,0.61853,0.38656,0.22227,0.21643,0.06382,6.29831,1.23012,0.65042,0.00027094,0.00027094,0.00027094
654,1456.72,6.67623,1.31212,0.67288,0.38739,0.22433,0.21817,0.06441,6.27706,1.20501,0.64975,0.000269547,0.000269547,0.000269547
655,1458.96,5.29615,1.15907,0.74913,0.39379,0.2279,0.22188,0.06568,6.24753,1.20239,0.64993,0.000268157,0.000268157,0.000268157
656,1461.3,5.76541,1.18673,0.72792,0.39178,0.22433,0.21917,0.06447,6.30575,1.21335,0.65074,0.000266769,0.000266769,0.000266769
657,1463.75,6.55099,1.38601,0.74553,0.38977,0.22501,0.21882,0.06399,6.30511,1.21338,0.65008,0.000265383,0.000265383,0.000265383
658,1466.14,5.69562,1.22737,0.75896,0.38704,0.22433,0.22018,0.06446,6.26224,1.20706,0.64805,0.000264,0.000264,0.000264
659,1468.19,6.27409,1.24466,0.69747,0.38981,0.22968,0.2274,0.06614,6.18822,1.19633,0.64595,0.000262619,0.000262619,0.000262619
660,1470.32,5.84735,1.20692,0.73444,0.38815,0.22488,0.2206,0.06432,6.28833,1.21295,0.64761,0.00026124,0.00026124,0.00026124
661,1472.67,5.95348,1.22646,0.69398,0.38516,0.22529,0.2197,0.0644,6.28616,1.21372,0.64813,0.000259864,0.000259864,0.000259864
662,1474.92,5.82566,1.15699,0.66932,0.38294,0.22024,0.21315,0.06184,6.4038,1.24403,0.65153,0.00025849,0.00025849,0.00025849
663,1477.25,6.67995,1.30947,0.67846,0.38459,0.22543,0.21762,0.06315,6.35473,1.24252,0.64955,0.000257119,0.000257119,0.000257119
664,1479.51,5.85295,1.19343,0.67828,0.38364,0.22913,0.22026,0.06366,6.34438,1.24812,0.64785,0.000255749,0.000255749,0.000255749
665,1481.9,6.19852,1.27026,0.71456,0.38333,0.229,0.22184,0.06431,6.32747,1.24476,0.64721,0.000254383,0.000254383,0.000254383
666,1484.17,6.08261,1.24595,0.68022,0.38144,0.22488,0.21595,0.06341,6.33575,1.25605,0.64894,0.000253018,0.000253018,0.000253018
667,1486.55,5.96044,1.17436,0.73793,0.39054,0.23133,0.22471,0.06612,6.22504,1.22757,0.64624,0.000251657,0.000251657,0.000251657
668,1488.83,5.89322,1.21953,0.73248,0.38937,0.23268,0.22298,0.06573,6.24828,1.25736,0.64674,0.000250297,0.000250297,0.000250297
669,1491.1,6.12747,1.22715,0.67368,0.38923,0.2349,0.2252,0.06595,6.23794,1.25177,0.6455,0.00024894,0.00024894,0.00024894
670,1493.41,6.32414,1.20954,0.66677,0.38859,0.23202,0.2219,0.06532,6.28141,1.24598,0.64719,0.000247586,0.000247586,0.000247586
671,1495.45,5.80347,1.18424,0.68304,0.39755,0.23462,0.2289,0.06715,6.21956,1.21996,0.64515,0.000246234,0.000246234,0.000246234
672,1497.9,5.74698,1.16385,0.69463,0.38969,0.2279,0.2204,0.06447,6.33818,1.24037,0.64815,0.000244884,0.000244884,0.000244884
673,1500.23,5.55613,1.16015,0.7139,0.39715,0.23078,0.22655,0.0667,6.25622,1.22028,0.64605,0.000243537,0.000243537,0.000243537
674,1502.83,5.82767,1.21596,0.77934,0.39488,0.23105,0.22661,0.06646,6.18242,1.20527,0.64464,0.000242193,0.000242193,0.000242193
675,1505.07,5.94333,1.13579,0.66436,0.39278,0.22748,0.22264,0.06579,6.24824,1.21446,0.64599,0.000240851,0.000240851,0.000240851
676,1507.35,6.55758,1.32708,0.63625,0.39949,0.22694,0.22444,0.0662,6.21844,1.2158,0.64555,0.000239512,0.000239512,0.000239512
677,1509.64,6.27595,1.2012,0.73743,0.38952,0.22241,0.21788,0.0643,6.29212,1.22693,0.6477,0.000238175,0.000238175,0.000238175
678,1511.94,5.56681,1.18743,0.7296,0.39357,0.2198,0.21982,0.06445,6.27511,1.22854,0.64762,0.000236841,0.000236841,0.000236841
679,1514.27,5.65197,1.16849,0.72608,0.40155,0.22446,0.22499,0.06575,6.19653,1.22232,0.64561,0.00023551,0.00023551,0.00023551
680,1516.31,6.77147,1.31795,0.6496,0.38962,0.2198,0.21872,0.06444,6.34646,1.23465,0.6481,0.000234181,0.000234181,0.000234181
681,1518.35,6.56911,1.22631,0.68237,0.39209,0.22199,0.22262,0.06498,6.31362,1.24995,0.6466,0.000232855,0.000232855,0.000232855
682,1520.7,5.97126,1.22185,0.71789,0.36781,0.21444,0.21179,0.06155,6.39251,1.32944,0.64731,0.000231531,0.000231531,0.000231531
683,1523.05,5.57402,1.13306,0.66507,0.37283,0.21611,0.211,0.06122,6.43689,1.30816,0.64907,0.00023021,0.00023021,0.00023021
684,1525.31,6.33304,1.21899,0.6898,0.37977,0.21806,0.213,0.06173,6.43563,1.30545,0.64862,0.000228892,0.000228892,0.000228892
685,1527.55,5.19896,1.08456,0.71351,0.38236,0.22323,0.21711,0.06307,6.38517,1.25943,0.64836,0.000227576,0.000227576,0.000227576
686,1529.86,5.81876,1.13668,0.70219,0.39558,0.23105,0.22606,0.0661,6.20959,1.20341,0.64578,0.000226263,0.000226263,0.000226263
687,1532.09,6.78319,1.38743,0.67161,0.39835,0.22886,0.22462,0.06615,6.20822,1.20328,0.64617,0.000224953,0.000224953,0.000224953
688,1534.19,6.70379,1.30411,0.61212,0.40015,0.22777,0.22748,0.06654,6.16429,1.20095,0.6475,0.000223645,0.000223645,0.000223645
689,1536.41,5.489,1.17514,0.69617,0.39508,0.22845,0.22592,0.06595,6.19608,1.20194,0.64831,0.000222341,0.000222341,0.000222341
690,1538.49,6.01677,1.16461,0.66006,0.40333,0.22982,0.22873,0.06678,6.16303,1.19849,0.64689,0.000221039,0.000221039,0.000221039
691,1540.64,6.43432,1.33523,0.67981,0.39961,0.22927,0.22744,0.06701,6.12706,1.1954,0.64529,0.000219739,0.000219739,0.000219739
692,1542.95,5.48616,1.18073,0.71801,0.38746,0.22584,0.2205,0.06527,6.24981,1.21449,0.64922,0.000218443,0.000218443,0.000218443
693,1545.05,6.2628,1.19337,0.67877,0.38533,0.2268,0.22058,0.0646,6.27963,1.21717,0.64944,0.000217149,0.000217149,0.000217149
694,1547.27,5.87295,1.229,0.73599,0.38816,0.2327,0.22706,0.06656,6.17181,1.20518,0.64513,0.000215858,0.000215858,0.000215858
695,1549.62,5.70885,1.19205,0.72241,0.38718,0.23119,0.22369,0.06591,6.23778,1.21664,0.6462,0.00021457,0.00021457,0.00021457
696,1551.74,6.66255,1.28286,0.69417,0.39007,0.23339,0.22604,0.06616,6.24654,1.22851,0.64665,0.000213285,0.000213285,0.000213285
697,1554.11,5.89352,1.08927,0.64721,0.37836,0.22488,0.21313,0.06244,6.39837,1.26157,0.65115,0.000212002,0.000212002,0.000212002
698,1556.32,6.82061,1.36641,0.68409,0.3907,0.22405,0.21692,0.06336,6.35443,1.28678,0.65124,0.000210723,0.000210723,0.000210723
699,1558.67,6.53059,1.27651,0.65278,0.35983,0.20936,0.19785,0.05786,6.57286,1.45197,0.65608,0.000209446,0.000209446,0.000209446
700,1561.16,6.01718,1.21311,0.69319,0.3582,0.21101,0.1987,0.05794,6.56567,1.45796,0.65629,0.000208172,0.000208172,0.000208172
701,1563.18,5.58322,1.11664,0.68208,0.36174,0.21499,0.20271,0.05904,6.51208,1.41273,0.65469,0.000206901,0.000206901,0.000206901
702,1565.48,5.93435,1.19953,0.69622,0.39113,0.22941,0.22279,0.06496,6.30751,1.23908,0.649,0.000205633,0.000205633,0.000205633
703,1567.72,5.43746,1.16691,0.72936,0.38314,0.22614,0.21664,0.06315,6.36061,1.24401,0.64987,0.000204368,0.000204368,0.000204368
704,1569.83,5.70946,1.12361,0.68031,0.38932,0.22666,0.22139,0.06443,6.31841,1.22738,0.64832,0.000203106,0.000203106,0.000203106
705,1571.92,6.18996,1.24062,0.69657,0.38789,0.22872,0.22364,0.06557,6.26983,1.21966,0.64699,0.000201846,0.000201846,0.000201846
706,1574.26,5.9631,1.19368,0.67122,0.38354,0.22597,0.21777,0.06483,6.33595,1.25145,0.64785,0.00020059,0.00020059,0.00020059
707,1576.57,6.22954,1.22925,0.63701,0.39621,0.23023,0.22757,0.06628,6.28239,1.2441,0.64614,0.000199337,0.000199337,0.000199337
708,1578.91,5.61106,1.15632,0.726,0.3849,0.22872,0.2227,0.06557,6.28111,1.22035,0.64718,0.000198086,0.000198086,0.000198086
709,1581.04,5.79776,1.23028,0.7703,0.39061,0.22817,0.22344,0.06626,6.24729,1.21314,0.64604,0.000196839,0.000196839,0.000196839
710,1583.19,5.68025,1.1272,0.694,0.4008,0.2338,0.23118,0.06776,6.15811,1.19636,0.64376,0.000195594,0.000195594,0.000195594
711,1585.36,6.29503,1.19593,0.7023,0.40401,0.23298,0.22982,0.06725,6.14755,1.19568,0.64369,0.000194353,0.000194353,0.000194353
712,1587.79,6.69113,1.22958,0.64057,0.3981,0.23028,0.22691,0.06696,6.19115,1.19755,0.64553,0.000193115,0.000193115,0.000193115
713,1589.81,6.30437,1.22288,0.68092,0.3974,0.23051,0.22727,0.06701,6.17781,1.19779,0.64525,0.000191879,0.000191879,0.000191879
714,1592.41,6.22497,1.27782,0.67872,0.39906,0.23174,0.22856,0.06665,6.19848,1.19427,0.64587,0.000190647,0.000190647,0.000190647
715,1594.57,5.66104,1.25389,0.78133,0.39027,0.22968,0.22245,0.06493,6.26406,1.20179,0.64813,0.000189418,0.000189418,0.000189418
716,1596.69,5.86411,1.15463,0.64741,0.38856,0.22831,0.22233,0.06553,6.25267,1.20328,0.64726,0.000188191,0.000188191,0.000188191
717,1598.65,5.62214,1.14308,0.71774,0.38444,0.2246,0.21926,0.06375,6.33144,1.21371,0.64852,0.000186968,0.000186968,0.000186968
718,1600.68,6.85229,1.3735,0.65251,0.38495,0.22803,0.22233,0.06453,6.31139,1.21124,0.648,0.000185748,0.000185748,0.000185748
719,1602.93,5.81765,1.2062,0.68872,0.39016,0.22845,0.22502,0.06641,6.23323,1.20312,0.6462,0.000184531,0.000184531,0.000184531
720,1605.01,5.95186,1.17098,0.68881,0.39511,0.22831,0.22603,0.06748,6.18072,1.19678,0.64603,0.000183317,0.000183317,0.000183317
721,1607.59,6.39611,1.19249,0.66,0.39841,0.23133,0.22905,0.06799,6.15744,1.19443,0.64485,0.000182107,0.000182107,0.000182107
722,1609.98,6.3236,1.22851,0.69117,0.40133,0.23119,0.22943,0.06834,6.12879,1.19436,0.6445,0.000180899,0.000180899,0.000180899
723,1612.08,6.74493,1.31642,0.70086,0.40265,0.2316,0.22927,0.0682,6.11476,1.19515,0.644,0.000179695,0.000179695,0.000179695
724,1614.18,6.01283,1.19649,0.69443,0.39732,0.23151,0.22664,0.06809,6.13809,1.19184,0.64455,0.000178494,0.000178494,0.000178494
725,1616.39,5.86141,1.21163,0.70512,0.40076,0.23023,0.22774,0.06815,6.1306,1.19146,0.64478,0.000177296,0.000177296,0.000177296
726,1618.41,5.68036,1.15782,0.71139,0.40518,0.22968,0.22859,0.06824,6.1127,1.20103,0.64453,0.000176101,0.000176101,0.000176101
727,1620.45,5.99827,1.18097,0.64169,0.40936,0.22954,0.23006,0.0686,6.10691,1.20424,0.64474,0.000174909,0.000174909,0.000174909
728,1622.73,6.55763,1.22694,0.64717,0.40359,0.23133,0.23018,0.06899,6.11231,1.19733,0.64346,0.000173721,0.000173721,0.000173721
729,1624.91,5.90038,1.2229,0.76916,0.40457,0.23243,0.23178,0.06901,6.10886,1.1951,0.64349,0.000172535,0.000172535,0.000172535
730,1627.26,6.2465,1.24595,0.67534,0.40697,0.22982,0.23069,0.06903,6.11327,1.20619,0.64476,0.000171353,0.000171353,0.000171353
731,1629.63,5.77422,1.21652,0.65451,0.39939,0.22721,0.22469,0.06739,6.21645,1.22491,0.64833,0.000170175,0.000170175,0.000170175
732,1631.61,6.57745,1.3022,0.6378,0.37275,0.2187,0.21106,0.0624,6.32081,1.31792,0.65123,0.000168999,0.000168999,0.000168999
733,1633.55,5.74863,1.1421,0.6995,0.38352,0.22474,0.21821,0.0645,6.24923,1.2975,0.64919,0.000167827,0.000167827,0.000167827
734,1636.18,6.59588,1.35379,0.66833,0.36917,0.22501,0.2134,0.0629,6.32267,1.31114,0.6502,0.000166658,0.000166658,0.000166658
735,1638.71,5.72198,1.17731,0.68218,0.36277,0.22323,0.21189,0.0621,6.32855,1.35084,0.64917,0.000165493,0.000165493,0.000165493
736,1641.21,6.03086,1.19259,0.67031,0.3654,0.22515,0.21761,0.06329,6.33006,1.39229,0.64793,0.00016433,0.00016433,0.00016433
737,1643.37,6.27564,1.23379,0.66895,0.37055,0.22282,0.21658,0.06282,6.35638,1.43766,0.64873,0.000163171,0.000163171,0.000163171
738,1645.71,5.95934,1.25514,0.68182,0.3983,0.2327,0.22674,0.06589,6.29589,1.24085,0.6483,0.000162016,0.000162016,0.000162016
739,1648.04,5.69338,1.17814,0.74388,0.39849,0.23265,0.22793,0.06726,6.21998,1.21661,0.64694,0.000160863,0.000160863,0.000160863
740,1650.18,6.83723,1.29177,0.63572,0.40627,0.2338,0.2329,0.06952,6.13577,1.1901,0.64345,0.000159714,0.000159714,0.000159714
741,1652.33,6.27406,1.20681,0.63836,0.40852,0.236,0.23467,0.06981,6.12815,1.18641,0.64342,0.000158569,0.000158569,0.000158569
742,1654.49,5.90293,1.20702,0.71228,0.40144,0.2338,0.23034,0.06789,6.21266,1.20015,0.64568,0.000157426,0.000157426,0.000157426
743,1656.6,6.06831,1.18273,0.63904,0.40145,0.23504,0.23098,0.06785,6.22614,1.20236,0.64584,0.000156288,0.000156288,0.000156288
744,1659.24,5.95507,1.18084,0.70482,0.4005,0.2347,0.23131,0.06832,6.18845,1.19663,0.6438,0.000155152,0.000155152,0.000155152
745,1661.45,5.39633,1.22785,0.74182,0.40081,0.23473,0.23211,0.06889,6.17043,1.18946,0.64367,0.00015402,0.00015402,0.00015402
746,1663.68,5.77677,1.17292,0.70733,0.40132,0.23007,0.22984,0.06826,6.1451,1.19873,0.64372,0.000152892,0.000152892,0.000152892
747,1665.95,5.29886,1.14583,0.72857,0.40175,0.22941,0.22834,0.06811,6.14108,1.2051,0.64364,0.000151766,0.000151766,0.000151766
748,1668.18,5.807,1.1685,0.71465,0.39772,0.22828,0.22727,0.06778,6.1711,1.20688,0.64451,0.000150645,0.000150645,0.000150645
749,1670.22,6.56635,1.22308,0.65079,0.39382,0.22869,0.2258,0.06683,6.21932,1.20798,0.64552,0.000149526,0.000149526,0.000149526
750,1672.53,6.65715,1.25185,0.64575,0.39768,0.23366,0.22897,0.06832,6.15483,1.19536,0.6441,0.000148412,0.000148412,0.000148412
751,1674.86,5.56112,1.14135,0.69523,0.39634,0.23517,0.22987,0.06867,6.11571,1.18808,0.64365,0.0001473,0.0001473,0.0001473
752,1677.24,6.43006,1.26883,0.64965,0.40653,0.23641,0.23415,0.06956,6.06547,1.18396,0.64206,0.000146192,0.000146192,0.000146192
753,1679.19,6.55044,1.2598,0.65502,0.40108,0.23637,0.23264,0.06899,6.07308,1.18194,0.6425,0.000145088,0.000145088,0.000145088
754,1681.5,5.93484,1.17637,0.66072,0.4004,0.23504,0.23113,0.06862,6.09291,1.18436,0.6437,0.000143987,0.000143987,0.000143987
755,1683.55,6.31936,1.27092,0.69153,0.40035,0.2338,0.23079,0.06864,6.10872,1.18826,0.64462,0.00014289,0.00014289,0.00014289
756,1685.71,5.71686,1.14248,0.72594,0.39784,0.23064,0.22694,0.0674,6.17858,1.19587,0.64587,0.000141796,0.000141796,0.000141796
757,1688,6.13016,1.20335,0.69954,0.40204,0.23009,0.22794,0.06744,6.15282,1.19571,0.6455,0.000140706,0.000140706,0.000140706
758,1690.24,6.02586,1.22472,0.74984,0.40048,0.22625,0.22492,0.06704,6.18934,1.20588,0.64676,0.000139619,0.000139619,0.000139619
759,1692.47,6.93581,1.3193,0.65242,0.4006,0.22694,0.22636,0.06762,6.17732,1.21099,0.64666,0.000138536,0.000138536,0.000138536
760,1694.88,6.37231,1.28796,0.69474,0.39346,0.2279,0.22382,0.06672,6.2119,1.20862,0.64692,0.000137456,0.000137456,0.000137456
761,1696.95,6.61699,1.3034,0.66675,0.39019,0.2257,0.21906,0.06461,6.28509,1.21928,0.64874,0.00013638,0.00013638,0.00013638
762,1699.33,6.54149,1.27114,0.64921,0.39108,0.23545,0.22879,0.06766,6.15331,1.20467,0.64543,0.000135308,0.000135308,0.000135308
763,1701.58,6.61808,1.34215,0.62053,0.39334,0.236,0.22988,0.06833,6.1422,1.20118,0.64501,0.000134239,0.000134239,0.000134239
764,1704.06,6.31307,1.28788,0.70731,0.40216,0.23861,0.23338,0.06882,6.11645,1.19509,0.64376,0.000133174,0.000133174,0.000133174
765,1706.66,5.93818,1.23321,0.72454,0.40447,0.2397,0.23481,0.06924,6.1015,1.19502,0.64379,0.000132112,0.000132112,0.000132112
766,1709.11,6.33637,1.27743,0.67823,0.40925,0.23778,0.23411,0.06913,6.08945,1.19053,0.64392,0.000131054,0.000131054,0.000131054
767,1711.27,5.95522,1.24267,0.79921,0.40802,0.23792,0.23379,0.06914,6.08701,1.18958,0.64346,0.00013,0.00013,0.00013
768,1713.37,5.64338,1.20435,0.71989,0.40865,0.23572,0.23317,0.06914,6.1144,1.1969,0.64288,0.000128949,0.000128949,0.000128949
769,1715.57,6.11795,1.21887,0.69318,0.40682,0.23723,0.23299,0.06884,6.11851,1.2013,0.64224,0.000127902,0.000127902,0.000127902
770,1717.97,5.98192,1.14709,0.67287,0.4058,0.23806,0.23434,0.06903,6.11876,1.19632,0.6423,0.000126859,0.000126859,0.000126859
771,1719.99,6.17639,1.19837,0.65821,0.40185,0.23806,0.23376,0.06932,6.11162,1.18936,0.64205,0.00012582,0.00012582,0.00012582
772,1722.17,6.7107,1.24521,0.63382,0.40373,0.23888,0.23502,0.06936,6.11025,1.18343,0.64155,0.000124784,0.000124784,0.000124784
773,1724.23,6.27919,1.32569,0.70995,0.40146,0.23723,0.23301,0.06921,6.11292,1.18363,0.64133,0.000123751,0.000123751,0.000123751
774,1726.5,6.14688,1.18798,0.65806,0.40382,0.2374,0.23493,0.06922,6.08794,1.18399,0.64136,0.000122723,0.000122723,0.000122723
775,1728.8,5.85751,1.18501,0.6961,0.40503,0.2371,0.23599,0.06985,6.09891,1.18578,0.64239,0.000121698,0.000121698,0.000121698
776,1731.22,5.97032,1.21279,0.6493,0.4029,0.23353,0.23271,0.06892,6.10559,1.18899,0.64168,0.000120677,0.000120677,0.000120677
777,1733.32,6.44222,1.25488,0.67139,0.40254,0.23339,0.23358,0.06911,6.10563,1.18845,0.64161,0.00011966,0.00011966,0.00011966
778,1735.77,5.57157,1.14662,0.69362,0.40917,0.23339,0.23434,0.06897,6.11371,1.19352,0.64259,0.000118646,0.000118646,0.000118646
779,1737.73,5.25595,1.09552,0.73492,0.39904,0.23325,0.23158,0.06955,6.09591,1.19048,0.643,0.000117637,0.000117637,0.000117637
780,1740.01,6.21343,1.27107,0.70919,0.39746,0.23037,0.22915,0.06829,6.12985,1.1914,0.64567,0.000116631,0.000116631,0.000116631
781,1742.22,5.67221,1.16596,0.7309,0.3979,0.23105,0.22923,0.069,6.09596,1.18772,0.64475,0.000115629,0.000115629,0.000115629
782,1744.23,5.99056,1.19941,0.72278,0.40189,0.23078,0.22988,0.06954,6.1022,1.18413,0.6436,0.00011463,0.00011463,0.00011463
783,1746.34,5.66549,1.17926,0.74002,0.40003,0.22982,0.2287,0.06915,6.09223,1.18408,0.64338,0.000113636,0.000113636,0.000113636
784,1748.83,5.73149,1.19605,0.72046,0.40264,0.23243,0.23026,0.06854,6.14013,1.19131,0.64502,0.000112645,0.000112645,0.000112645
785,1751.12,6.8807,1.29183,0.63283,0.40269,0.23174,0.22894,0.06788,6.16128,1.19367,0.64538,0.000111658,0.000111658,0.000111658
786,1753.71,6.15443,1.24571,0.67341,0.40064,0.2316,0.22644,0.06702,6.16482,1.19189,0.64577,0.000110675,0.000110675,0.000110675
787,1756.01,5.79206,1.15226,0.70949,0.39969,0.23105,0.22636,0.06687,6.18654,1.19419,0.64619,0.000109696,0.000109696,0.000109696
788,1758.22,6.69189,1.30386,0.71651,0.40204,0.23256,0.22626,0.06796,6.13601,1.19014,0.64507,0.00010872,0.00010872,0.00010872
789,1760.43,5.85344,1.1888,0.73777,0.39889,0.2327,0.22757,0.06838,6.12645,1.1903,0.64469,0.000107749,0.000107749,0.000107749
790,1762.52,6.24364,1.27292,0.70758,0.40174,0.23366,0.22908,0.06821,6.15034,1.1926,0.64503,0.000106781,0.000106781,0.000106781
791,1764.45,5.74845,1.13154,0.69696,0.40389,0.23353,0.22984,0.06859,6.13003,1.19181,0.64447,0.000105818,0.000105818,0.000105818
792,1766.67,6.57016,1.30955,0.64594,0.40476,0.23462,0.23222,0.06909,6.08153,1.18898,0.643,0.000104858,0.000104858,0.000104858
793,1768.74,6.11807,1.19765,0.66835,0.40338,0.23586,0.23289,0.0692,6.09457,1.18655,0.64296,0.000103902,0.000103902,0.000103902
794,1770.95,5.99516,1.18042,0.65659,0.40568,0.23627,0.23422,0.0697,6.06679,1.18578,0.64287,0.00010295,0.00010295,0.00010295
795,1773.15,6.94954,1.35201,0.67836,0.40458,0.23545,0.23355,0.06992,6.06353,1.18591,0.64299,0.000102002,0.000102002,0.000102002
796,1775.59,5.77322,1.17868,0.6984,0.40577,0.23531,0.23332,0.06982,6.06672,1.1821,0.64439,0.000101058,0.000101058,0.000101058
797,1777.64,5.83404,1.29483,0.70469,0.40567,0.23407,0.23274,0.07013,6.06389,1.18288,0.64455,0.000100117,0.000100117,0.000100117
798,1779.6,6.36838,1.2189,0.65835,0.40257,0.23339,0.23075,0.07,6.06727,1.1879,0.64423,9.9181e-05,9.9181e-05,9.9181e-05
799,1782.03,6.5518,1.29102,0.6234,0.4004,0.23366,0.23075,0.07012,6.07462,1.18677,0.64409,9.82487e-05,9.82487e-05,9.82487e-05
800,1784.29,6.64945,1.40092,0.74021,0.3982,0.23078,0.2295,0.06874,6.13708,1.18724,0.64626,9.73204e-05,9.73204e-05,9.73204e-05
801,1786.49,6.21351,1.24316,0.67343,0.39907,0.23202,0.23005,0.06893,6.13553,1.18697,0.64605,9.6396e-05,9.6396e-05,9.6396e-05
802,1788.78,6.30598,1.21472,0.65559,0.40445,0.23435,0.23298,0.06979,6.09146,1.17854,0.64382,9.54756e-05,9.54756e-05,9.54756e-05
803,1790.92,5.74825,1.24808,0.71484,0.40106,0.23462,0.23248,0.06962,6.09543,1.17776,0.64419,9.45593e-05,9.45593e-05,9.45593e-05
804,1793.24,6.05887,1.21044,0.67421,0.40513,0.23613,0.2335,0.07025,6.07075,1.17523,0.64304,9.36469e-05,9.36469e-05,9.36469e-05
805,1795.53,6.12261,1.15956,0.66889,0.40195,0.2371,0.23389,0.0702,6.06715,1.174,0.64227,9.27385e-05,9.27385e-05,9.27385e-05
806,1797.85,6.88945,1.34988,0.64982,0.40867,0.23915,0.23715,0.07127,6.06374,1.17022,0.64107,9.18342e-05,9.18342e-05,9.18342e-05
807,1800.05,5.3564,1.08604,0.69846,0.40667,0.23861,0.23671,0.07085,6.07873,1.17212,0.6414,9.09339e-05,9.09339e-05,9.09339e-05
808,1802.26,6.06625,1.17728,0.68397,0.40368,0.23668,0.23414,0.06874,6.14349,1.18274,0.64308,9.00377e-05,9.00377e-05,9.00377e-05
809,1804.14,6.65407,1.28723,0.62156,0.4034,0.23655,0.23385,0.06873,6.14846,1.1827,0.64312,8.91455e-05,8.91455e-05,8.91455e-05
810,1806.64,5.49936,1.14583,0.72833,0.40591,0.23891,0.23541,0.06985,6.12006,1.17621,0.64201,8.82573e-05,8.82573e-05,8.82573e-05
811,1808.68,5.92824,1.22437,0.73623,0.40423,0.23827,0.23511,0.06956,6.11892,1.17721,0.64239,8.73733e-05,8.73733e-05,8.73733e-05
812,1810.66,5.97682,1.13557,0.67336,0.39731,0.23696,0.23176,0.06884,6.14417,1.1821,0.64345,8.64933e-05,8.64933e-05,8.64933e-05
813,1812.92,6.68422,1.27261,0.64892,0.40026,0.2349,0.23181,0.06893,6.13909,1.18307,0.64382,8.56173e-05,8.56173e-05,8.56173e-05
814,1815.31,5.70635,1.14134,0.68897,0.39687,0.23751,0.23105,0.06903,6.15326,1.19071,0.64429,8.47455e-05,8.47455e-05,8.47455e-05
815,1817.28,6.09658,1.18187,0.65224,0.39647,0.23833,0.23125,0.06876,6.17269,1.19517,0.64467,8.38778e-05,8.38778e-05,8.38778e-05
816,1819.83,5.93962,1.20392,0.72513,0.39838,0.23782,0.23247,0.06995,6.10367,1.18455,0.64401,8.30142e-05,8.30142e-05,8.30142e-05
817,1821.91,6.10441,1.22184,0.71749,0.40177,0.23902,0.23415,0.07029,6.08758,1.18021,0.64317,8.21547e-05,8.21547e-05,8.21547e-05
818,1824.13,5.93042,1.13594,0.68953,0.40388,0.23778,0.23428,0.07018,6.08328,1.18148,0.64346,8.12994e-05,8.12994e-05,8.12994e-05
819,1826.54,6.10436,1.17423,0.67109,0.40211,0.23702,0.23298,0.07019,6.07587,1.18044,0.64309,8.04482e-05,8.04482e-05,8.04482e-05
820,1828.82,6.04074,1.21917,0.68738,0.403,0.23586,0.23326,0.07006,6.08925,1.17983,0.64345,7.96011e-05,7.96011e-05,7.96011e-05
821,1831.33,7.01591,1.40994,0.6588,0.40474,0.23627,0.23381,0.06975,6.09268,1.17969,0.64352,7.87582e-05,7.87582e-05,7.87582e-05
822,1833.97,6.20769,1.24538,0.70126,0.40532,0.23531,0.2349,0.07035,6.07648,1.17623,0.64283,7.79195e-05,7.79195e-05,7.79195e-05
823,1836.18,5.71335,1.18289,0.73916,0.41052,0.23929,0.23777,0.07072,6.05225,1.17472,0.64207,7.70849e-05,7.70849e-05,7.70849e-05
824,1838.54,5.76567,1.12001,0.67882,0.40847,0.24039,0.2375,0.07028,6.06062,1.17167,0.64142,7.62545e-05,7.62545e-05,7.62545e-05
825,1840.58,6.10119,1.22134,0.69402,0.40497,0.24012,0.23648,0.07031,6.06556,1.17251,0.64139,7.54283e-05,7.54283e-05,7.54283e-05
826,1842.79,5.56424,1.11531,0.67826,0.40356,0.23833,0.23562,0.06996,6.07579,1.17279,0.64139,7.46062e-05,7.46062e-05,7.46062e-05
827,1844.9,5.52595,1.16128,0.72202,0.40418,0.23998,0.23744,0.07021,6.08297,1.17419,0.64157,7.37884e-05,7.37884e-05,7.37884e-05
828,1847.34,6.90695,1.34482,0.66599,0.40428,0.23998,0.23841,0.07026,6.06915,1.17371,0.64163,7.29748e-05,7.29748e-05,7.29748e-05
829,1849.53,6.50496,1.2411,0.68269,0.40584,0.24108,0.23906,0.07058,6.06857,1.17299,0.64133,7.21654e-05,7.21654e-05,7.21654e-05
830,1851.7,5.42332,1.1687,0.73065,0.40285,0.2419,0.23809,0.0706,6.06057,1.17088,0.64096,7.13603e-05,7.13603e-05,7.13603e-05
831,1853.47,5.99454,1.14792,0.66864,0.4029,0.24094,0.23654,0.07061,6.05468,1.17034,0.64105,7.05594e-05,7.05594e-05,7.05594e-05
832,1856.02,5.69715,1.18091,0.73703,0.40442,0.2422,0.23804,0.07067,6.05811,1.17022,0.64124,6.97627e-05,6.97627e-05,6.97627e-05
833,1858.28,5.62702,1.1419,0.68778,0.40352,0.23888,0.23496,0.06997,6.07743,1.17288,0.64154,6.89703e-05,6.89703e-05,6.89703e-05
834,1860.42,6.71252,1.25836,0.65442,0.39907,0.23586,0.23285,0.06956,6.11835,1.17774,0.6431,6.81821e-05,6.81821e-05,6.81821e-05
835,1862.45,5.64397,1.10522,0.67005,0.39747,0.23517,0.2314,0.0693,6.11171,1.17708,0.64317,6.73982e-05,6.73982e-05,6.73982e-05
836,1864.72,6.01523,1.21649,0.6507,0.40817,0.23861,0.23518,0.06993,6.06782,1.17398,0.64162,6.66186e-05,6.66186e-05,6.66186e-05
837,1866.74,6.40236,1.25887,0.6779,0.40922,0.24012,0.23669,0.07041,6.05512,1.17358,0.64137,6.58432e-05,6.58432e-05,6.58432e-05
838,1869.01,6.30708,1.32589,0.70788,0.40545,0.23724,0.23464,0.07027,6.06513,1.17749,0.64216,6.50722e-05,6.50722e-05,6.50722e-05
839,1871.2,5.9148,1.19718,0.73988,0.40483,0.23737,0.23374,0.07018,6.07394,1.17888,0.64223,6.43054e-05,6.43054e-05,6.43054e-05
840,1873.37,6.4823,1.25304,0.70386,0.4045,0.23778,0.23525,0.07002,6.07451,1.17855,0.64306,6.3543e-05,6.3543e-05,6.3543e-05
841,1875.63,6.01571,1.17244,0.68556,0.40327,0.23696,0.23337,0.06969,6.07878,1.17935,0.64262,6.27848e-05,6.27848e-05,6.27848e-05
842,1878.08,6.94289,1.40158,0.63772,0.40185,0.23778,0.2339,0.07004,6.06122,1.17692,0.64219,6.2031e-05,6.2031e-05,6.2031e-05
843,1880.47,5.8823,1.20621,0.67839,0.40244,0.23627,0.23317,0.07001,6.06741,1.1771,0.64224,6.12815e-05,6.12815e-05,6.12815e-05
844,1882.85,6.59777,1.2737,0.6335,0.40269,0.23641,0.23281,0.06969,6.11191,1.18414,0.64303,6.05363e-05,6.05363e-05,6.05363e-05
845,1884.75,6.84299,1.30725,0.61395,0.40269,0.23655,0.23168,0.06937,6.1394,1.18972,0.64366,5.97955e-05,5.97955e-05,5.97955e-05
846,1886.93,5.61453,1.12538,0.68514,0.40437,0.23897,0.23428,0.06941,6.16253,1.19908,0.64403,5.90591e-05,5.90591e-05,5.90591e-05
847,1889,5.88353,1.2175,0.70597,0.40323,0.23822,0.23384,0.06933,6.16183,1.19889,0.6439,5.8327e-05,5.8327e-05,5.8327e-05
848,1891.22,5.81854,1.10257,0.65764,0.40146,0.23558,0.23196,0.0689,6.19157,1.20382,0.6438,5.75992e-05,5.75992e-05,5.75992e-05
849,1893.2,5.65337,1.14985,0.69924,0.40315,0.23778,0.23368,0.06888,6.19019,1.2008,0.64367,5.68758e-05,5.68758e-05,5.68758e-05
850,1895.28,6.14482,1.20177,0.67656,0.40525,0.23902,0.23505,0.0692,6.16579,1.19104,0.64274,5.61568e-05,5.61568e-05,5.61568e-05
851,1897.75,5.73995,1.11789,0.66907,0.40197,0.23847,0.2355,0.06958,6.14567,1.18522,0.64189,5.54422e-05,5.54422e-05,5.54422e-05
852,1900.28,6.2828,1.23158,0.68344,0.40319,0.23819,0.23649,0.0699,6.11688,1.17855,0.64165,5.4732e-05,5.4732e-05,5.4732e-05
853,1902.43,5.83532,1.15884,0.66863,0.40724,0.23751,0.2369,0.06988,6.09612,1.17587,0.64143,5.40262e-05,5.40262e-05,5.40262e-05
854,1904.79,6.66551,1.25747,0.67619,0.40961,0.23764,0.23647,0.06982,6.09867,1.17595,0.64137,5.33248e-05,5.33248e-05,5.33248e-05
855,1907.05,5.84898,1.11235,0.6685,0.41011,0.23737,0.23637,0.0699,6.08381,1.17495,0.64122,5.26278e-05,5.26278e-05,5.26278e-05
856,1909.1,6.52417,1.23387,0.63135,0.41118,0.23764,0.23663,0.07013,6.08163,1.17422,0.64109,5.19352e-05,5.19352e-05,5.19352e-05
857,1911.29,5.85114,1.16484,0.68483,0.41493,0.23902,0.23728,0.0703,6.07668,1.17372,0.64085,5.12471e-05,5.12471e-05,5.12471e-05
858,1913.49,6.02804,1.24117,0.68242,0.41773,0.23902,0.23858,0.07063,6.05505,1.17283,0.63996,5.05634e-05,5.05634e-05,5.05634e-05
859,1915.5,5.8275,1.13519,0.68284,0.41964,0.23833,0.23827,0.07057,6.05606,1.17157,0.64,4.98841e-05,4.98841e-05,4.98841e-05
860,1917.82,5.82482,1.14241,0.69974,0.41278,0.23943,0.23837,0.0706,6.06575,1.16916,0.64053,4.92093e-05,4.92093e-05,4.92093e-05
861,1919.99,5.35634,1.17265,0.74638,0.41156,0.23929,0.23855,0.07094,6.07253,1.16941,0.64057,4.85389e-05,4.85389e-05,4.85389e-05
862,1922.27,6.91786,1.31753,0.60593,0.40176,0.23792,0.236,0.06987,6.09236,1.17166,0.64153,4.7873e-05,4.7873e-05,4.7873e-05
863,1924.57,6.12826,1.20901,0.67779,0.39898,0.23806,0.23482,0.06973,6.10265,1.174,0.64175,4.72115e-05,4.72115e-05,4.72115e-05
864,1926.82,5.89409,1.1962,0.69632,0.39963,0.23586,0.23294,0.06988,6.12414,1.18024,0.64223,4.65546e-05,4.65546e-05,4.65546e-05
865,1929.06,5.89884,1.18973,0.71458,0.40014,0.23627,0.23279,0.06969,6.12003,1.1808,0.64184,4.59021e-05,4.59021e-05,4.59021e-05
866,1931.4,7.29391,1.4501,0.65042,0.4059,0.2419,0.23768,0.07,6.10865,1.18245,0.64122,4.52541e-05,4.52541e-05,4.52541e-05
867,1933.63,5.94091,1.14516,0.68427,0.40569,0.24272,0.23886,0.07022,6.10905,1.18358,0.64105,4.46106e-05,4.46106e-05,4.46106e-05
868,1935.85,5.21365,1.10314,0.68691,0.40304,0.24137,0.23852,0.07065,6.10345,1.18429,0.64085,4.39715e-05,4.39715e-05,4.39715e-05
869,1937.95,5.54951,1.1102,0.68237,0.40368,0.24314,0.23957,0.07079,6.10394,1.18554,0.64061,4.3337e-05,4.3337e-05,4.3337e-05
870,1940.25,6.77517,1.341,0.66177,0.40386,0.24172,0.23821,0.07064,6.10884,1.1902,0.64092,4.2707e-05,4.2707e-05,4.2707e-05
871,1942.43,6.70358,1.32563,0.64684,0.40563,0.23929,0.23604,0.07056,6.12642,1.19263,0.64146,4.20816e-05,4.20816e-05,4.20816e-05
872,1944.72,6.35334,1.25107,0.65999,0.39964,0.23613,0.23246,0.0692,6.17723,1.20257,0.6424,4.14606e-05,4.14606e-05,4.14606e-05
873,1946.87,5.69256,1.16624,0.68534,0.39628,0.23696,0.233,0.0695,6.17022,1.20128,0.64236,4.08442e-05,4.08442e-05,4.08442e-05
874,1949.22,6.18977,1.20372,0.66228,0.39949,0.23998,0.23648,0.07073,6.10363,1.18678,0.64096,4.02323e-05,4.02323e-05,4.02323e-05
875,1951.26,6.53607,1.20925,0.64758,0.3978,0.2397,0.23558,0.07059,6.09169,1.18491,0.64053,3.9625e-05,3.9625e-05,3.9625e-05
876,1953.25,6.90435,1.30696,0.65656,0.40374,0.23943,0.2365,0.07078,6.08587,1.18267,0.6406,3.90222e-05,3.90222e-05,3.90222e-05
877,1955.58,5.92117,1.13498,0.68341,0.40221,0.23943,0.23608,0.07066,6.09032,1.18293,0.64078,3.84239e-05,3.84239e-05,3.84239e-05
878,1957.84,6.29676,1.21771,0.63947,0.40051,0.23984,0.23683,0.07036,6.0896,1.18321,0.64087,3.78303e-05,3.78303e-05,3.78303e-05
879,1960.13,6.82353,1.33828,0.61725,0.40229,0.2397,0.2357,0.07043,6.08468,1.18269,0.64091,3.72411e-05,3.72411e-05,3.72411e-05
880,1962.66,5.9422,1.24338,0.71104,0.40173,0.24135,0.23695,0.07034,6.09992,1.18178,0.64156,3.66566e-05,3.66566e-05,3.66566e-05
881,1964.87,5.82136,1.14811,0.70511,0.40473,0.23888,0.23632,0.07009,6.10136,1.18083,0.64178,3.60766e-05,3.60766e-05,3.60766e-05
882,1967.39,6.3603,1.21834,0.68335,0.40228,0.23903,0.23562,0.07043,6.0843,1.17743,0.64199,3.55013e-05,3.55013e-05,3.55013e-05
883,1969.58,5.44781,1.09527,0.70114,0.40918,0.23929,0.23869,0.07111,6.06115,1.17527,0.64147,3.49305e-05,3.49305e-05,3.49305e-05
884,1971.88,5.68379,1.21363,0.7801,0.40937,0.23984,0.23747,0.07128,6.03718,1.1728,0.64105,3.43643e-05,3.43643e-05,3.43643e-05
885,1974.02,6.33513,1.19824,0.66769,0.41175,0.24066,0.23822,0.07156,6.03449,1.17244,0.6411,3.38027e-05,3.38027e-05,3.38027e-05
886,1976.27,5.51177,1.11037,0.65156,0.41024,0.2397,0.2382,0.07183,6.03226,1.17414,0.64092,3.32457e-05,3.32457e-05,3.32457e-05
887,1978.58,6.34028,1.25515,0.69689,0.40961,0.23833,0.23667,0.07161,6.03247,1.17442,0.64101,3.26933e-05,3.26933e-05,3.26933e-05
888,1980.93,6.18795,1.26802,0.73805,0.40901,0.23792,0.23566,0.07131,6.0365,1.17527,0.64155,3.21456e-05,3.21456e-05,3.21456e-05
889,1983.11,6.10261,1.20142,0.65711,0.41249,0.23861,0.23585,0.07139,6.02926,1.17434,0.64131,3.16024e-05,3.16024e-05,3.16024e-05
890,1985.4,6.15491,1.25119,0.72805,0.40818,0.23847,0.23535,0.07123,6.03991,1.17401,0.64137,3.10639e-05,3.10639e-05,3.10639e-05
891,1987.6,5.71218,1.17044,0.69975,0.40308,0.23929,0.23569,0.07135,6.04643,1.17397,0.6413,3.05301e-05,3.05301e-05,3.05301e-05
892,1989.93,6.53349,1.26465,0.66934,0.40619,0.24121,0.23746,0.07135,6.05809,1.1746,0.64118,3.00008e-05,3.00008e-05,3.00008e-05
893,1992.11,6.37359,1.29781,0.67884,0.40455,0.24135,0.23722,0.07131,6.05431,1.17308,0.6411,2.94762e-05,2.94762e-05,2.94762e-05
894,1994.5,5.99416,1.17382,0.65853,0.40429,0.23943,0.2357,0.07073,6.08707,1.18087,0.64125,2.89563e-05,2.89563e-05,2.89563e-05
895,1996.67,5.32163,1.1009,0.69776,0.40165,0.23847,0.23392,0.07053,6.09237,1.18151,0.64114,2.8441e-05,2.8441e-05,2.8441e-05
896,1999.22,5.853,1.18191,0.64134,0.39952,0.23932,0.23518,0.07034,6.09621,1.18594,0.6414,2.79304e-05,2.79304e-05,2.79304e-05
897,2001.32,5.95737,1.21208,0.69355,0.40122,0.23957,0.23524,0.07049,6.09809,1.18551,0.64142,2.74244e-05,2.74244e-05,2.74244e-05
898,2003.82,5.98897,1.17608,0.67709,0.40076,0.24012,0.23662,0.07059,6.09602,1.18562,0.64119,2.69231e-05,2.69231e-05,2.69231e-05
899,2005.82,6.23654,1.26244,0.64622,0.39853,0.23929,0.23463,0.07041,6.09242,1.18378,0.64121,2.64265e-05,2.64265e-05,2.64265e-05
900,2008.16,6.73641,1.26921,0.63095,0.40009,0.23943,0.23553,0.0704,6.0996,1.18493,0.64123,2.59345e-05,2.59345e-05,2.59345e-05
901,2010.65,6.46765,1.28824,0.66567,0.39821,0.23874,0.23415,0.07039,6.09858,1.18468,0.6413,2.54473e-05,2.54473e-05,2.54473e-05
902,2012.97,5.78874,1.10097,0.71703,0.39452,0.23421,0.2302,0.06936,6.14889,1.19226,0.64315,2.49647e-05,2.49647e-05,2.49647e-05
903,2015.21,5.65897,1.10017,0.67315,0.39254,0.23545,0.22934,0.06917,6.1465,1.19169,0.64315,2.44868e-05,2.44868e-05,2.44868e-05
904,2017.51,6.64578,1.26468,0.66899,0.3966,0.23394,0.22876,0.06876,6.14889,1.18946,0.64375,2.40136e-05,2.40136e-05,2.40136e-05
905,2019.62,5.2013,1.09619,0.71895,0.39568,0.23407,0.22901,0.06881,6.15151,1.1902,0.64384,2.35452e-05,2.35452e-05,2.35452e-05
906,2022.07,5.32919,1.15376,0.76599,0.39768,0.23341,0.22989,0.06868,6.17343,1.18991,0.64457,2.30814e-05,2.30814e-05,2.30814e-05
907,2023.98,5.60476,1.19209,0.757,0.39679,0.23272,0.22938,0.06873,6.16195,1.18792,0.64427,2.26223e-05,2.26223e-05,2.26223e-05
908,2026.21,5.47334,1.10061,0.70872,0.39893,0.23298,0.23203,0.06979,6.13033,1.18223,0.64312,2.2168e-05,2.2168e-05,2.2168e-05
909,2028.26,5.55955,1.12983,0.71272,0.39884,0.23366,0.232,0.06997,6.11641,1.1795,0.64266,2.17184e-05,2.17184e-05,2.17184e-05
910,2030.72,5.90757,1.11953,0.6644,0.40504,0.23641,0.2345,0.07096,6.07756,1.17627,0.64147,2.12735e-05,2.12735e-05,2.12735e-05
911,2032.97,7.03136,1.36546,0.66537,0.40315,0.23751,0.23529,0.07091,6.06488,1.17578,0.6412,2.08333e-05,2.08333e-05,2.08333e-05
912,2035.27,5.84088,1.23636,0.72269,0.40785,0.23764,0.23766,0.0712,6.05796,1.17519,0.64099,2.03979e-05,2.03979e-05,2.03979e-05
913,2037.62,5.78638,1.12032,0.65933,0.40687,0.23847,0.23795,0.07101,6.05793,1.17447,0.64085,1.99672e-05,1.99672e-05,1.99672e-05
914,2039.99,5.75435,1.15842,0.7083,0.40946,0.23723,0.23665,0.07122,6.05597,1.17435,0.64078,1.95412e-05,1.95412e-05,1.95412e-05
915,2042.21,6.09954,1.1987,0.65157,0.40913,0.23833,0.23742,0.07137,6.05333,1.17385,0.64084,1.912e-05,1.912e-05,1.912e-05
916,2044.24,5.79742,1.15738,0.69431,0.40872,0.23764,0.23653,0.0711,6.07079,1.17505,0.64139,1.87036e-05,1.87036e-05,1.87036e-05
917,2046.34,5.97567,1.17528,0.70314,0.40766,0.23682,0.23526,0.07123,6.0657,1.17454,0.6414,1.82919e-05,1.82919e-05,1.82919e-05
918,2048.54,5.52907,1.15854,0.70795,0.40212,0.23657,0.23376,0.07068,6.08638,1.1759,0.64193,1.78849e-05,1.78849e-05,1.78849e-05
919,2050.63,5.96389,1.17816,0.67608,0.40202,0.23531,0.23306,0.07063,6.09718,1.17611,0.64221,1.74828e-05,1.74828e-05,1.74828e-05
920,2052.79,6.39347,1.22536,0.66693,0.39998,0.23538,0.23374,0.0707,6.10125,1.17646,0.64244,1.70853e-05,1.70853e-05,1.70853e-05
921,2054.91,6.9771,1.32374,0.63627,0.40059,0.23525,0.23372,0.07061,6.10167,1.17654,0.64249,1.66927e-05,1.66927e-05,1.66927e-05
922,2056.9,5.74641,1.21101,0.75517,0.40072,0.23648,0.23477,0.07064,6.101,1.17407,0.64208,1.63048e-05,1.63048e-05,1.63048e-05
923,2059,5.96533,1.18657,0.69581,0.40047,0.23682,0.23466,0.07073,6.09282,1.17275,0.64206,1.59218e-05,1.59218e-05,1.59218e-05
924,2061.43,5.77514,1.23706,0.76083,0.40579,0.23847,0.23689,0.07105,6.06706,1.17041,0.64136,1.55435e-05,1.55435e-05,1.55435e-05
925,2063.53,5.23989,1.12161,0.74363,0.4062,0.24053,0.2377,0.07112,6.0666,1.171,0.64142,1.51699e-05,1.51699e-05,1.51699e-05
926,2065.97,6.2882,1.2062,0.64517,0.40448,0.24012,0.23781,0.07124,6.06549,1.17038,0.64135,1.48012e-05,1.48012e-05,1.48012e-05
927,2068.19,7.00902,1.28802,0.62457,0.40381,0.24027,0.23773,0.07106,6.06011,1.16998,0.64136,1.44373e-05,1.44373e-05,1.44373e-05
928,2070.49,6.32468,1.26445,0.68924,0.40818,0.23998,0.2379,0.07107,6.05523,1.16875,0.64159,1.40782e-05,1.40782e-05,1.40782e-05
929,2072.6,5.5866,1.11997,0.66275,0.4076,0.24025,0.23865,0.07124,6.04585,1.16869,0.64145,1.37238e-05,1.37238e-05,1.37238e-05
930,2074.86,6.23783,1.26441,0.68877,0.40614,0.23957,0.23788,0.07112,6.05135,1.16975,0.64146,1.33743e-05,1.33743e-05,1.33743e-05
931,2077.27,5.53701,1.10123,0.67538,0.40643,0.23957,0.23778,0.071,6.04942,1.16959,0.64158,1.30296e-05,1.30296e-05,1.30296e-05
932,2079.41,6.86797,1.34377,0.64372,0.40402,0.2397,0.23732,0.07104,6.05048,1.16884,0.64132,1.26897e-05,1.26897e-05,1.26897e-05
933,2081.77,5.62178,1.15671,0.69548,0.40619,0.2397,0.23825,0.07095,6.05704,1.16981,0.64147,1.23546e-05,1.23546e-05,1.23546e-05
934,2083.86,5.97118,1.14109,0.6572,0.40325,0.2397,0.23702,0.07077,6.06874,1.17091,0.64164,1.20243e-05,1.20243e-05,1.20243e-05
935,2086.01,6.13903,1.23784,0.64369,0.39983,0.23926,0.23605,0.07081,6.06768,1.17074,0.64165,1.16988e-05,1.16988e-05,1.16988e-05
936,2088.14,6.46458,1.26433,0.64155,0.40015,0.23943,0.23642,0.07094,6.07352,1.17244,0.64173,1.13782e-05,1.13782e-05,1.13782e-05
937,2090.1,6.32974,1.29712,0.68499,0.40119,0.23951,0.23691,0.07121,6.06458,1.17151,0.64148,1.10624e-05,1.10624e-05,1.10624e-05
938,2092.28,6.1823,1.19348,0.66103,0.40096,0.2397,0.23731,0.07121,6.06235,1.17168,0.64142,1.07514e-05,1.07514e-05,1.07514e-05
939,2094.48,5.61412,1.15977,0.73939,0.40257,0.23984,0.23732,0.0712,6.06413,1.17145,0.64134,1.04453e-05,1.04453e-05,1.04453e-05
940,2097,6.26297,1.24506,0.67586,0.40298,0.23929,0.23797,0.07122,6.06086,1.17109,0.64131,1.0144e-05,1.0144e-05,1.0144e-05
941,2098.95,5.50267,1.15318,0.71847,0.40158,0.23806,0.23653,0.0708,6.06495,1.17234,0.64139,9.84752e-06,9.84752e-06,9.84752e-06
942,2101.39,5.34647,1.09133,0.72083,0.40102,0.23819,0.23598,0.07067,6.06158,1.17249,0.64128,9.5559e-06,9.5559e-06,9.5559e-06
943,2103.52,6.05617,1.22528,0.67671,0.401,0.23778,0.23561,0.07044,6.06988,1.17404,0.64141,9.26912e-06,9.26912e-06,9.26912e-06
944,2105.75,5.80697,1.16291,0.67825,0.40301,0.2366,0.2361,0.07059,6.06825,1.17274,0.6416,8.98719e-06,8.98719e-06,8.98719e-06
945,2108.3,6.09432,1.2647,0.68832,0.40157,0.23723,0.23637,0.0703,6.06997,1.17341,0.64166,8.71011e-06,8.71011e-06,8.71011e-06
946,2110.97,5.28657,1.12354,0.72792,0.40222,0.23721,0.23595,0.07023,6.07566,1.17503,0.6419,8.43789e-06,8.43789e-06,8.43789e-06
947,2113.22,6.02548,1.15146,0.67091,0.40169,0.23806,0.23624,0.0705,6.07785,1.175,0.64197,8.17052e-06,8.17052e-06,8.17052e-06
948,2115.48,5.59663,1.11738,0.71952,0.40081,0.23847,0.2364,0.07075,6.07962,1.1761,0.64186,7.90802e-06,7.90802e-06,7.90802e-06
949,2117.77,5.09911,1.07375,0.71515,0.40135,0.23819,0.23684,0.07084,6.07727,1.17564,0.64193,7.65037e-06,7.65037e-06,7.65037e-06
950,2120.06,5.64606,1.09904,0.68539,0.40396,0.23819,0.23737,0.07097,6.08094,1.17621,0.64173,7.39759e-06,7.39759e-06,7.39759e-06
951,2122.21,5.85525,1.23872,0.7295,0.40113,0.23888,0.23711,0.07081,6.08199,1.17679,0.64154,7.14967e-06,7.14967e-06,7.14967e-06
952,2124.66,7.06131,1.31128,0.63044,0.40136,0.23858,0.23685,0.07089,6.06782,1.17581,0.64155,6.90663e-06,6.90663e-06,6.90663e-06
953,2126.78,5.73044,1.1436,0.66867,0.4009,0.23847,0.23623,0.07052,6.06813,1.17577,0.64145,6.66845e-06,6.66845e-06,6.66845e-06
954,2128.98,6.46477,1.30271,0.68854,0.40104,0.23943,0.23724,0.07058,6.07167,1.17575,0.6415,6.43515e-06,6.43515e-06,6.43515e-06
955,2131.13,6.24177,1.23491,0.67188,0.40312,0.23984,0.23758,0.07061,6.07427,1.1759,0.64164,6.20673e-06,6.20673e-06,6.20673e-06
956,2133.5,6.05031,1.14867,0.64368,0.40374,0.23861,0.23719,0.07061,6.0665,1.1746,0.6416,5.98318e-06,5.98318e-06,5.98318e-06
957,2135.68,6.19965,1.22985,0.6766,0.4033,0.23929,0.23742,0.07049,6.06556,1.17346,0.64158,5.76452e-06,5.76452e-06,5.76452e-06
958,2137.83,6.29532,1.22357,0.62985,0.40419,0.23943,0.23767,0.07063,6.06398,1.17215,0.64141,5.55074e-06,5.55074e-06,5.55074e-06
959,2139.99,6.92942,1.36605,0.65659,0.40298,0.23943,0.23764,0.07065,6.06181,1.17184,0.64153,5.34184e-06,5.34184e-06,5.34184e-06
960,2142.12,6.01229,1.19762,0.66106,0.40813,0.2397,0.23801,0.07083,6.0531,1.17191,0.64148,5.13783e-06,5.13783e-06,5.13783e-06
961,2144.22,5.8432,1.19646,0.73579,0.40647,0.24012,0.23822,0.07076,6.05268,1.17171,0.64142,4.93871e-06,4.93871e-06,4.93871e-06
962,2146.45,6.12879,1.20239,0.68824,0.40709,0.24025,0.23838,0.07096,6.0482,1.17254,0.64109,4.74448e-06,4.74448e-06,4.74448e-06
963,2148.82,5.58288,1.12753,0.72397,0.40823,0.23914,0.23794,0.07094,6.04689,1.17281,0.64108,4.55514e-06,4.55514e-06,4.55514e-06
964,2151.02,6.02089,1.16927,0.64243,0.40579,0.23926,0.238,0.07093,6.04263,1.17419,0.64097,4.3707e-06,4.3707e-06,4.3707e-06
965,2153.31,5.61243,1.14915,0.7197,0.40677,0.23984,0.23859,0.071,6.05001,1.1746,0.64098,4.19115e-06,4.19115e-06,4.19115e-06
966,2155.52,5.35755,1.06063,0.70409,0.40917,0.23957,0.23845,0.07116,6.05057,1.17623,0.64108,4.0165e-06,4.0165e-06,4.0165e-06
967,2157.96,6.82834,1.25004,0.64004,0.40451,0.23984,0.23769,0.07116,6.04649,1.1747,0.64087,3.84676e-06,3.84676e-06,3.84676e-06
968,2160.26,5.55257,1.14766,0.72444,0.40333,0.2408,0.23798,0.07087,6.0509,1.17444,0.64102,3.68191e-06,3.68191e-06,3.68191e-06
969,2162.4,6.31073,1.23495,0.67011,0.40386,0.24012,0.23792,0.07092,6.05051,1.17449,0.64106,3.52197e-06,3.52197e-06,3.52197e-06
970,2164.55,6.16753,1.22184,0.66991,0.40237,0.23996,0.2374,0.07082,6.04656,1.17318,0.64083,3.36693e-06,3.36693e-06,3.36693e-06
971,2166.67,5.32675,1.08195,0.66337,0.40481,0.23943,0.23751,0.07053,6.04319,1.17327,0.6405,3.2168e-06,3.2168e-06,3.2168e-06
972,2169.13,5.81738,1.11284,0.68096,0.40312,0.23866,0.23654,0.07083,6.04613,1.17347,0.64043,3.07158e-06,3.07158e-06,3.07158e-06
973,2171.27,6.11342,1.18834,0.66014,0.40134,0.23943,0.23643,0.07072,6.04766,1.17312,0.64033,2.93126e-06,2.93126e-06,2.93126e-06
974,2173.58,5.20389,1.07201,0.71038,0.40417,0.23819,0.23668,0.07061,6.05012,1.17304,0.64073,2.79586e-06,2.79586e-06,2.79586e-06
975,2175.85,6.53228,1.2867,0.67172,0.40448,0.23888,0.23749,0.07082,6.04987,1.17359,0.64056,2.66537e-06,2.66537e-06,2.66537e-06
976,2178.18,6.40094,1.22239,0.65918,0.40434,0.23923,0.23808,0.07071,6.04324,1.17238,0.64065,2.53979e-06,2.53979e-06,2.53979e-06
977,2180.13,6.22313,1.22502,0.67814,0.40337,0.23943,0.23782,0.07088,6.04667,1.17208,0.64073,2.41913e-06,2.41913e-06,2.41913e-06
978,2182.65,5.64126,1.16454,0.74236,0.40195,0.2388,0.23754,0.07087,6.04805,1.1724,0.64068,2.30338e-06,2.30338e-06,2.30338e-06
979,2184.84,5.44559,1.10441,0.7162,0.40246,0.23861,0.23676,0.07064,6.0514,1.17278,0.64067,2.19255e-06,2.19255e-06,2.19255e-06
980,2187.29,6.42029,1.22732,0.64453,0.40334,0.23847,0.23715,0.07073,6.05392,1.17288,0.64072,2.08664e-06,2.08664e-06,2.08664e-06
981,2189.3,5.96986,1.15208,0.72181,0.40264,0.23915,0.237,0.07064,6.04807,1.17206,0.64085,1.98565e-06,1.98565e-06,1.98565e-06
982,2191.57,7.36123,1.34931,0.6156,0.4062,0.23915,0.23725,0.07109,6.04575,1.17027,0.64104,1.88958e-06,1.88958e-06,1.88958e-06
983,2193.87,6.41454,1.21135,0.64782,0.40704,0.23888,0.23744,0.07129,6.03913,1.16871,0.641,1.79843e-06,1.79843e-06,1.79843e-06
984,2196.24,5.25635,1.08487,0.69658,0.40491,0.23984,0.23792,0.07128,6.04159,1.16884,0.64102,1.7122e-06,1.7122e-06,1.7122e-06
985,2198.29,5.33996,1.12174,0.67469,0.40431,0.24004,0.23819,0.07129,6.04724,1.16964,0.64115,1.63089e-06,1.63089e-06,1.63089e-06
986,2201.01,5.86119,1.21495,0.71058,0.40381,0.23929,0.23781,0.07103,6.04886,1.17092,0.64104,1.55451e-06,1.55451e-06,1.55451e-06
