epoch,time,train/box_loss,train/cls_loss,train/dfl_loss,metrics/precision(B),metrics/recall(B),metrics/mAP50(B),metrics/mAP50-95(B),val/box_loss,val/cls_loss,val/dfl_loss,lr/pg0,lr/pg1,lr/pg2
1,5.7317,6.85973,2.33512,0.84963,0.00034,0.00055,0.00017,5e-05,6.56229,2.25499,0.77222,0.0001,0.0001,0.0001
2,10.5967,5.41925,1.67034,0.72085,0.39088,0.23188,0.22345,0.07451,5.73394,1.10292,0.6059,0.000219999,0.000219999,0.000219999
3,16.5287,5.85051,1.03544,0.64233,0.36461,0.2662,0.22239,0.07317,5.59556,0.89821,0.59225,0.000339997,0.000339997,0.000339997
4,21.975,4.92598,0.70179,0.61194,0.40943,0.30217,0.26073,0.08326,5.42484,2.03716,0.5875,0.00045999,0.00045999,0.00045999
5,27.8298,4.97747,0.64395,0.61492,0.34591,0.27683,0.21754,0.06936,5.50385,3.59146,0.58282,0.000579977,0.000579977,0.000579977
6,33.2155,5.01975,0.70697,0.59487,0.0216,0.03528,0.01118,0.00441,nan,nan,nan,0.000699957,0.000699957,0.000699957
7,38.6491,4.74088,0.67292,0.62702,0.00681,0.01112,0.00344,0.00145,nan,nan,nan,0.000819927,0.000819927,0.000819927
8,44.1588,5.23726,0.72643,0.60116,0.02966,0.04846,0.01556,0.00702,nan,nan,nan,0.000939886,0.000939886,0.000939886
9,49.5408,4.35281,0.61445,0.59223,0.27482,0.24272,0.15486,0.05037,6.11136,7.88402,0.61189,0.00105983,0.00105983,0.00105983
10,54.8366,5.06506,0.65167,0.60642,0.26111,0.27924,0.15797,0.0571,5.48953,9.8406,0.60301,0.00117976,0.00117976,0.00117976
11,60.1583,4.64651,0.62988,0.61796,0.18579,0.10667,0.06892,0.02122,7.2985,1.27631,0.6811,0.00129968,0.00129968,0.00129968
12,65.6587,4.61974,0.6067,0.60915,0.23651,0.14141,0.10847,0.03579,6.66979,1.1157,0.64661,0.00141958,0.00141958,0.00141958
13,71.0083,5.23567,0.63738,0.58887,0.30443,0.23572,0.16873,0.05684,5.72619,1.35979,0.60391,0.00153945,0.00153945,0.00153945
14,76.3101,4.40047,0.58319,0.60996,0.09269,0.1204,0.0475,0.01854,5.95059,7.69927,0.64311,0.00165931,0.00165931,0.00165931
15,81.553,4.73814,0.60944,0.61389,0.04429,0.07235,0.02377,0.00972,5.99054,inf,0.65486,0.00177914,0.00177914,0.00177914
16,86.8443,5.23698,0.66978,0.59811,0.02882,0.04709,0.01511,0.00646,6.24926,inf,0.66923,0.00189895,0.00189895,0.00189895
17,92.2039,5.07339,0.64007,0.60961,0.06252,0.10214,0.03452,0.01366,6.17862,68.6548,0.68409,0.00199874,0.00199874,0.00199874
18,97.5597,4.77214,0.61521,0.59147,0.03619,0.05903,0.0192,0.00668,6.9695,117.988,0.73801,0.00199858,0.00199858,0.00199858
19,102.701,5.04289,0.63475,0.6222,0.09549,0.1446,0.05311,0.02167,5.75417,26.101,0.6341,0.0019984,0.0019984,0.0019984
20,108.037,4.88556,0.5975,0.61296,0.17693,0.17147,0.08774,0.03381,5.61292,4.80798,0.6269,0.00199822,0.00199822,0.00199822
21,113.324,4.9846,0.60065,0.6035,0.37092,0.22584,0.23853,0.09183,5.07494,0.77139,0.60024,0.00199803,0.00199803,0.00199803
22,119.037,4.91725,0.62255,0.58129,0.48715,0.31741,0.33048,0.11263,5.23114,0.61434,0.58256,0.00199783,0.00199783,0.00199783
23,124.817,4.438,0.59582,0.60378,0.46957,0.29778,0.31062,0.11095,5.20813,0.66423,0.58092,0.00199761,0.00199761,0.00199761
24,130.13,4.65603,0.64127,0.5899,0.32679,0.23998,0.27288,0.1092,5.28045,1.02325,0.61376,0.00199739,0.00199739,0.00199739
25,135.275,4.47143,0.5798,0.59029,0.30286,0.3402,0.31283,0.11603,5.32886,0.82227,0.58706,0.00199716,0.00199716,0.00199716
26,140.977,4.69205,0.60231,0.59418,0.48535,0.2765,0.31234,0.11006,5.29792,0.68816,0.58455,0.00199692,0.00199692,0.00199692
27,146.214,4.45185,0.58254,0.59574,0.48007,0.29548,0.32044,0.11604,5.28263,0.67153,0.58381,0.00199667,0.00199667,0.00199667
28,151.997,4.49218,0.58977,0.59858,0.51599,0.35942,0.35049,0.13287,4.75826,0.66063,0.56991,0.00199641,0.00199641,0.00199641
29,157.758,4.60886,0.59686,0.59541,0.50464,0.3682,0.36516,0.1384,4.81777,0.76259,0.56911,0.00199614,0.00199614,0.00199614
30,163.524,4.38077,0.54463,0.60412,0.50832,0.32825,0.34588,0.12527,5.04842,0.69863,0.5706,0.00199586,0.00199586,0.00199586
31,168.634,5.02022,0.64777,0.5761,0.53647,0.35777,0.38522,0.13735,5.04322,0.65398,0.57151,0.00199557,0.00199557,0.00199557
32,173.883,5.02165,0.62974,0.6078,0.53933,0.36436,0.39849,0.15755,4.67033,0.58597,0.56792,0.00199527,0.00199527,0.00199527
33,179.412,4.35348,0.5668,0.5991,0.51692,0.34679,0.37824,0.1445,4.83907,0.59452,0.57101,0.00199496,0.00199496,0.00199496
34,184.745,4.83885,0.58513,0.58128,0.54183,0.35901,0.38823,0.15092,4.89458,0.58118,0.57309,0.00199464,0.00199464,0.00199464
35,190.044,4.55573,0.56317,0.59676,0.55036,0.36779,0.40025,0.157,4.6924,0.54786,0.56761,0.00199431,0.00199431,0.00199431
36,195.277,4.60734,0.60491,0.58845,0.52483,0.324,0.37132,0.14541,4.70571,0.64482,0.5726,0.00199397,0.00199397,0.00199397
37,200.619,4.57809,0.58333,0.59689,0.53683,0.35118,0.38829,0.15414,4.63509,0.56869,0.56977,0.00199362,0.00199362,0.00199362
38,205.824,4.8018,0.59397,0.57968,0.52495,0.37315,0.39633,0.15134,4.61397,0.56008,0.56428,0.00199326,0.00199326,0.00199326
39,211.059,4.30972,0.5626,0.59337,0.53972,0.37895,0.40694,0.16202,4.52398,0.55097,0.56387,0.00199289,0.00199289,0.00199289
40,216.75,4.27596,0.56628,0.60728,0.49044,0.32125,0.34596,0.12908,4.93889,0.62798,0.56981,0.00199251,0.00199251,0.00199251
41,222.099,4.30552,0.55924,0.58522,0.47859,0.30306,0.33327,0.12238,5.08348,0.64801,0.57373,0.00199212,0.00199212,0.00199212
42,227.372,4.80909,0.63917,0.59911,0.53065,0.32702,0.36826,0.14396,4.79626,0.62428,0.57182,0.00199172,0.00199172,0.00199172
43,232.648,4.96011,0.5879,0.57262,0.50273,0.29723,0.3321,0.12136,5.09192,0.64396,0.57417,0.00199132,0.00199132,0.00199132
44,237.904,4.83856,0.61904,0.59046,0.53007,0.36779,0.39697,0.15633,4.65728,0.56684,0.5677,0.0019909,0.0019909,0.0019909
45,243.148,4.61004,0.55899,0.57635,0.55719,0.3818,0.41838,0.16529,4.61027,0.55716,0.56563,0.00199047,0.00199047,0.00199047
46,248.818,4.6064,0.5819,0.58394,0.57462,0.3876,0.42913,0.17512,4.41941,0.52521,0.56303,0.00199003,0.00199003,0.00199003
47,254.559,4.46742,0.56688,0.58554,0.58192,0.39003,0.43155,0.18102,4.43222,0.52247,0.56493,0.00198959,0.00198959,0.00198959
48,260.263,4.16207,0.53071,0.58216,0.57382,0.34706,0.40585,0.16183,4.62413,0.58186,0.56415,0.00198913,0.00198913,0.00198913
49,265.347,4.45612,0.53643,0.56197,0.54112,0.33786,0.38559,0.15176,4.79685,0.57686,0.56774,0.00198866,0.00198866,0.00198866
50,270.702,4.68196,0.57542,0.58121,0.58576,0.38509,0.43115,0.17402,4.46869,0.52258,0.56346,0.00198819,0.00198819,0.00198819
51,275.877,4.13628,0.54202,0.57728,0.58091,0.39992,0.441,0.18146,4.3695,0.51394,0.56098,0.0019877,0.0019877,0.0019877
52,281.604,4.0315,0.52747,0.58455,0.58702,0.40692,0.44852,0.18598,4.34474,0.52615,0.55901,0.0019872,0.0019872,0.0019872
53,287.339,4.27021,0.53743,0.57052,0.58894,0.40445,0.44925,0.18405,4.34929,0.58517,0.56008,0.0019867,0.0019867,0.0019867
54,292.53,4.06064,0.51652,0.59334,0.59028,0.38125,0.43578,0.18496,4.2529,0.5818,0.55988,0.00198618,0.00198618,0.00198618
55,297.726,4.50858,0.56731,0.58727,0.60768,0.38907,0.44588,0.18529,4.30448,0.52809,0.56097,0.00198566,0.00198566,0.00198566
56,303.047,4.53736,0.57362,0.59719,0.55939,0.37369,0.40436,0.16313,4.59397,0.56055,0.57362,0.00198512,0.00198512,0.00198512
57,308.383,4.34443,0.53078,0.5794,0.54943,0.35626,0.38262,0.15412,4.69716,0.58209,0.58177,0.00198458,0.00198458,0.00198458
58,313.69,4.51492,0.57021,0.57237,0.43807,0.24643,0.26448,0.09451,5.81341,0.74163,0.6179,0.00198403,0.00198403,0.00198403
59,318.788,4.61406,0.57047,0.57632,0.40039,0.20892,0.22394,0.08092,6.20149,0.78931,0.62368,0.00198346,0.00198346,0.00198346
60,323.981,4.61584,0.59624,0.60269,0.5346,0.37548,0.40256,0.16146,4.57428,0.58642,0.56697,0.00198289,0.00198289,0.00198289
61,329.143,4.57751,0.57731,0.58971,0.53392,0.3795,0.40751,0.16262,4.56782,0.58245,0.56557,0.0019823,0.0019823,0.0019823
62,334.349,4.54712,0.57337,0.58051,0.4964,0.32716,0.35683,0.13178,4.93773,0.6071,0.57209,0.00198171,0.00198171,0.00198171
63,339.742,4.5517,0.57098,0.58325,0.58599,0.38533,0.43343,0.17119,4.52435,0.55796,0.56497,0.00198111,0.00198111,0.00198111
64,344.953,4.12921,0.58939,0.61973,0.5384,0.3651,0.39209,0.14778,4.76763,0.55151,0.57213,0.0019805,0.0019805,0.0019805
65,350.45,4.29525,0.55617,0.58638,0.58452,0.39865,0.4395,0.17471,4.46185,0.52762,0.56604,0.00197988,0.00197988,0.00197988
66,355.751,4.15848,0.52541,0.59445,0.58353,0.39525,0.43899,0.17525,4.43525,0.53423,0.56445,0.00197924,0.00197924,0.00197924
67,360.946,4.42194,0.54201,0.57953,0.58475,0.37315,0.42372,0.16383,4.56082,0.54418,0.56638,0.0019786,0.0019786,0.0019786
68,366.264,4.35446,0.5791,0.58015,0.55743,0.34528,0.3896,0.15466,4.63575,0.55877,0.56984,0.00197795,0.00197795,0.00197795
69,371.522,4.08554,0.54684,0.60507,0.56353,0.36355,0.40663,0.15802,4.62533,0.52825,0.56609,0.00197729,0.00197729,0.00197729
70,376.843,4.47772,0.54429,0.57846,0.5883,0.41708,0.45385,0.1917,4.27609,0.49786,0.5597,0.00197662,0.00197662,0.00197662
71,382.522,3.84018,0.50529,0.58284,0.58601,0.41214,0.45319,0.19084,4.26894,0.50523,0.56004,0.00197594,0.00197594,0.00197594
72,387.813,4.39777,0.57743,0.57609,0.55897,0.36079,0.39653,0.15817,4.60392,0.53931,0.56576,0.00197525,0.00197525,0.00197525
73,392.958,4.36432,0.53949,0.56742,0.59463,0.39745,0.44048,0.17749,4.47037,0.51786,0.56528,0.00197455,0.00197455,0.00197455
74,398.323,4.11502,0.49572,0.57512,0.60424,0.39868,0.45208,0.18087,4.37697,0.52352,0.56585,0.00197384,0.00197384,0.00197384
75,403.726,4.56847,0.5526,0.57459,0.60927,0.39319,0.44772,0.18528,4.31601,0.50746,0.56348,0.00197313,0.00197313,0.00197313
76,408.918,4.07504,0.59368,0.57138,0.58546,0.39154,0.4407,0.18006,4.41785,0.5041,0.56332,0.0019724,0.0019724,0.0019724
77,414.159,4.32557,0.55633,0.56403,0.59863,0.39293,0.44135,0.18374,4.30807,0.50153,0.56339,0.00197166,0.00197166,0.00197166
78,419.289,4.17028,0.53446,0.58361,0.5949,0.39152,0.43381,0.17718,4.39167,0.49938,0.56236,0.00197091,0.00197091,0.00197091
79,424.51,4.64151,0.64481,0.57643,0.62912,0.39621,0.45254,0.18549,4.38023,0.55403,0.56028,0.00197016,0.00197016,0.00197016
80,429.796,4.24282,0.54023,0.57187,0.61292,0.38907,0.4454,0.19578,4.18996,0.51426,0.55912,0.00196939,0.00196939,0.00196939
81,435.564,4.07893,0.53702,0.573,0.5897,0.3844,0.43268,0.18658,4.31339,0.52136,0.56192,0.00196861,0.00196861,0.00196861
82,440.867,4.51296,0.59012,0.56213,0.59939,0.40115,0.44684,0.19695,4.23247,0.51429,0.55941,0.00196783,0.00196783,0.00196783
83,446.519,4.25357,0.59069,0.58716,0.59293,0.36355,0.41057,0.16645,4.64351,0.57904,0.56548,0.00196703,0.00196703,0.00196703
84,451.777,4.32012,0.57648,0.56647,0.50227,0.32661,0.34925,0.12727,5.06081,0.56877,0.5685,0.00196623,0.00196623,0.00196623
85,457.031,4.18339,0.53908,0.57087,0.4789,0.3078,0.32045,0.11462,5.21992,0.59672,0.57536,0.00196542,0.00196542,0.00196542
86,462.267,4.41453,0.56427,0.58186,0.53369,0.34816,0.38198,0.15365,4.62193,0.64654,0.56947,0.00196459,0.00196459,0.00196459
87,467.619,4.67019,0.59095,0.56371,0.48236,0.27828,0.29189,0.10636,5.22561,0.85726,0.58388,0.00196376,0.00196376,0.00196376
88,472.841,4.36741,0.53974,0.57122,0.41381,0.24327,0.23589,0.07203,5.73135,0.74808,0.58351,0.00196292,0.00196292,0.00196292
89,478.087,3.96646,0.5197,0.59249,0.48869,0.29733,0.30898,0.10531,5.18052,0.70762,0.57912,0.00196207,0.00196207,0.00196207
90,483.285,4.05336,0.51999,0.58715,0.53673,0.34377,0.37744,0.13803,4.84021,0.56639,0.56722,0.0019612,0.0019612,0.0019612
91,488.497,4.13027,0.52751,0.57318,0.58672,0.38083,0.42634,0.17744,4.37378,0.50766,0.55834,0.00196033,0.00196033,0.00196033
92,493.877,4.17632,0.52428,0.5804,0.60337,0.3899,0.44406,0.18976,4.30521,0.50619,0.56123,0.00195945,0.00195945,0.00195945
93,499.272,4.22733,0.53308,0.56773,0.61174,0.41337,0.46463,0.20059,4.16649,0.48439,0.55742,0.00195856,0.00195856,0.00195856
94,505.225,4.06868,0.50094,0.58018,0.63045,0.41175,0.4698,0.20355,4.03949,0.52395,0.55585,0.00195766,0.00195766,0.00195766
95,510.792,4.0985,0.52182,0.57622,0.60349,0.41118,0.46422,0.20595,3.99236,0.48509,0.55427,0.00195676,0.00195676,0.00195676
96,516.632,4.05113,0.5088,0.57178,0.56809,0.3765,0.41407,0.17123,4.49933,0.53059,0.56478,0.00195584,0.00195584,0.00195584
97,521.815,4.38928,0.54687,0.57605,0.59976,0.40019,0.44395,0.19074,4.2713,0.50896,0.56039,0.00195491,0.00195491,0.00195491
98,527.193,4.42472,0.54298,0.57232,0.59838,0.41318,0.45824,0.20305,4.06202,0.48882,0.55603,0.00195397,0.00195397,0.00195397
99,532.498,4.19848,0.56543,0.57694,0.59839,0.40522,0.4499,0.19351,4.21445,0.49446,0.55664,0.00195303,0.00195303,0.00195303
100,537.763,4.07783,0.56996,0.58542,0.58771,0.39841,0.43692,0.17913,4.35772,0.5369,0.55928,0.00195207,0.00195207,0.00195207
101,542.975,4.29408,0.54168,0.57676,0.60702,0.40546,0.455,0.19156,4.24067,0.52584,0.5573,0.00195111,0.00195111,0.00195111
102,548.391,4.27855,0.54252,0.56661,0.58374,0.38646,0.4299,0.17219,4.49159,0.60339,0.56324,0.00195013,0.00195013,0.00195013
103,553.614,4.53856,0.5863,0.5711,0.57178,0.39237,0.43312,0.17633,4.45836,0.55695,0.56268,0.00194915,0.00194915,0.00194915
104,558.938,4.30771,0.54633,0.57708,0.58656,0.39347,0.44002,0.18844,4.24159,0.52215,0.559,0.00194815,0.00194815,0.00194815
105,564.176,4.01594,0.54741,0.58248,0.58272,0.38386,0.43097,0.17426,4.39473,0.53178,0.55983,0.00194715,0.00194715,0.00194715
106,569.542,4.30077,0.57122,0.59257,0.55548,0.38248,0.41101,0.16813,4.44985,0.55504,0.56231,0.00194614,0.00194614,0.00194614
107,574.715,4.54178,0.55639,0.57574,0.56864,0.39154,0.42722,0.17848,4.3531,0.53757,0.55877,0.00194512,0.00194512,0.00194512
108,580.002,4.22334,0.52532,0.58021,0.55413,0.37177,0.40609,0.15022,4.83474,0.55629,0.56056,0.00194409,0.00194409,0.00194409
109,585.159,4.35647,0.55061,0.57888,0.59106,0.39937,0.44313,0.18393,4.34628,0.51829,0.55749,0.00194305,0.00194305,0.00194305
110,590.58,4.3179,0.52461,0.56793,0.54927,0.33042,0.37246,0.14055,4.91884,0.5779,0.56371,0.001942,0.001942,0.001942
111,595.867,4.36552,0.54496,0.57213,0.53079,0.30711,0.34601,0.12823,5.04603,0.60405,0.57046,0.00194094,0.00194094,0.00194094
112,601.139,4.32102,0.55484,0.59191,0.61125,0.33677,0.40094,0.14535,4.93391,0.71962,0.57458,0.00193987,0.00193987,0.00193987
113,606.395,4.44026,0.55184,0.56726,0.52664,0.30876,0.34776,0.12037,5.23939,0.7479,0.57366,0.0019388,0.0019388,0.0019388
114,611.699,4.4273,0.54816,0.56595,0.5533,0.42161,0.44606,0.18759,4.20999,0.51765,0.55898,0.00193771,0.00193771,0.00193771
115,617.115,3.89247,0.52052,0.58356,0.59229,0.4246,0.463,0.19293,4.24335,0.53709,0.55808,0.00193661,0.00193661,0.00193661
116,622.343,3.93418,0.49478,0.56408,0.61663,0.42684,0.48067,0.21038,4.13924,0.49023,0.55626,0.00193551,0.00193551,0.00193551
117,628.026,4.01807,0.52476,0.58923,0.6098,0.41214,0.46224,0.19635,4.30882,0.5015,0.55892,0.00193439,0.00193439,0.00193439
118,633.348,4.49611,0.5633,0.57162,0.59737,0.40595,0.45726,0.19702,4.17777,0.50698,0.5562,0.00193327,0.00193327,0.00193327
119,638.667,4.29429,0.52282,0.5737,0.59682,0.41145,0.46196,0.20279,4.14697,0.49494,0.5559,0.00193214,0.00193214,0.00193214
120,644.034,4.34587,0.53423,0.5697,0.60333,0.41219,0.46647,0.20277,4.1268,0.48956,0.55628,0.001931,0.001931,0.001931
121,649.343,4.0834,0.50364,0.56789,0.57918,0.41049,0.45358,0.18923,4.27977,0.50755,0.55675,0.00192985,0.00192985,0.00192985
122,654.853,3.92172,0.51094,0.5788,0.59511,0.43191,0.47674,0.21618,3.94942,0.48159,0.55412,0.00192869,0.00192869,0.00192869
123,660.417,3.87815,0.49302,0.58727,0.60536,0.41955,0.47602,0.2034,4.27966,0.53716,0.55804,0.00192752,0.00192752,0.00192752
124,665.629,4.02253,0.51915,0.56955,0.6317,0.41969,0.48308,0.21377,4.18638,0.51683,0.55852,0.00192634,0.00192634,0.00192634
125,670.822,4.09623,0.50902,0.5744,0.64077,0.41776,0.48356,0.21322,4.17491,0.49906,0.55895,0.00192515,0.00192515,0.00192515
126,676.011,4.08508,0.49898,0.56302,0.58445,0.40898,0.45432,0.17256,4.57486,0.52783,0.56424,0.00192396,0.00192396,0.00192396
127,681.35,4.33556,0.53658,0.5622,0.6018,0.44124,0.48241,0.20164,4.18731,0.50062,0.55912,0.00192275,0.00192275,0.00192275
128,686.635,4.07362,0.50497,0.56756,0.60615,0.41996,0.46308,0.20197,4.10392,0.48672,0.55797,0.00192154,0.00192154,0.00192154
129,691.906,4.05573,0.54996,0.58234,0.59491,0.41634,0.45613,0.20429,4.05333,0.49303,0.55581,0.00192031,0.00192031,0.00192031
130,697.322,4.07782,0.51908,0.58123,0.60522,0.42504,0.46817,0.19744,4.25061,0.49793,0.55397,0.00191908,0.00191908,0.00191908
131,702.497,3.9938,0.51372,0.55911,0.62353,0.43149,0.47751,0.20775,4.10463,0.49505,0.5532,0.00191784,0.00191784,0.00191784
132,707.83,4.28751,0.55011,0.58801,0.5751,0.3629,0.41748,0.1629,4.60686,0.54632,0.55744,0.00191659,0.00191659,0.00191659
133,713.181,4.39908,0.5702,0.56897,0.55148,0.3575,0.4023,0.14655,4.8633,0.55743,0.55928,0.00191533,0.00191533,0.00191533
134,718.435,4.09038,0.54216,0.56768,0.62182,0.41694,0.48049,0.21308,4.12499,0.48052,0.55433,0.00191406,0.00191406,0.00191406
135,723.657,4.42073,0.54947,0.58062,0.63331,0.42271,0.48359,0.21537,4.09667,0.4785,0.55283,0.00191278,0.00191278,0.00191278
136,728.98,4.08729,0.51289,0.56126,0.62829,0.41776,0.48204,0.21392,4.03709,0.46653,0.55276,0.00191149,0.00191149,0.00191149
137,734.252,4.1553,0.531,0.57682,0.63956,0.4241,0.48674,0.21826,3.98097,0.46696,0.55171,0.0019102,0.0019102,0.0019102
138,740.05,3.9018,0.46857,0.57456,0.63225,0.41488,0.47469,0.21322,3.95446,0.47757,0.55166,0.00190889,0.00190889,0.00190889
139,745.246,3.9702,0.51196,0.56834,0.60473,0.39758,0.45065,0.1846,4.29919,0.50606,0.5543,0.00190758,0.00190758,0.00190758
140,750.594,4.60778,0.55151,0.57151,0.62763,0.42299,0.4787,0.19743,4.24187,0.48077,0.55423,0.00190625,0.00190625,0.00190625
141,755.872,4.16445,0.52083,0.58188,0.63581,0.42765,0.484,0.21018,4.07487,0.47586,0.55269,0.00190492,0.00190492,0.00190492
142,761.135,4.677,0.58701,0.5635,0.61499,0.41749,0.47196,0.21011,4.0597,0.48925,0.55347,0.00190358,0.00190358,0.00190358
143,766.281,3.96965,0.49849,0.55802,0.60127,0.39072,0.44638,0.18962,4.20034,0.52025,0.55358,0.00190223,0.00190223,0.00190223
144,771.76,4.31877,0.53884,0.55871,0.62508,0.41474,0.4727,0.19966,4.13192,0.48182,0.5557,0.00190087,0.00190087,0.00190087
145,776.84,3.96758,0.49882,0.57528,0.63695,0.4223,0.47798,0.21123,4.05158,0.46739,0.55567,0.00189951,0.00189951,0.00189951
146,782.159,4.48569,0.55039,0.55825,0.63609,0.42518,0.48268,0.21675,3.92855,0.4534,0.55402,0.00189813,0.00189813,0.00189813
147,787.435,4.0869,0.5115,0.55574,0.62684,0.42985,0.48036,0.20728,4.04124,0.46156,0.55329,0.00189674,0.00189674,0.00189674
148,792.833,4.14739,0.50638,0.55861,0.64603,0.43946,0.49459,0.22472,3.86114,0.44978,0.55204,0.00189535,0.00189535,0.00189535
149,798.377,4.02647,0.50237,0.56343,0.63894,0.43506,0.48873,0.22165,3.90409,0.45829,0.55288,0.00189395,0.00189395,0.00189395
150,803.975,4.56721,0.55741,0.55957,0.63941,0.43396,0.49385,0.21549,3.99613,0.47298,0.55274,0.00189254,0.00189254,0.00189254
151,809.183,4.06027,0.50071,0.56872,0.63619,0.43067,0.49154,0.21498,4.00693,0.47299,0.55332,0.00189112,0.00189112,0.00189112
152,814.546,3.80885,0.47191,0.57368,0.66346,0.42271,0.48835,0.21643,3.95518,0.47442,0.5537,0.00188969,0.00188969,0.00188969
153,819.717,3.77029,0.47049,0.57169,0.64605,0.43001,0.48697,0.218,3.89845,0.47477,0.55345,0.00188825,0.00188825,0.00188825
154,825.02,4.02588,0.49408,0.56306,0.63372,0.43081,0.48063,0.19779,4.12021,0.49464,0.55563,0.0018868,0.0018868,0.0018868
155,830.435,4.2867,0.52661,0.55612,0.64996,0.43287,0.48914,0.21455,3.90443,0.4677,0.55349,0.00188535,0.00188535,0.00188535
156,835.861,3.91238,0.48096,0.56559,0.63605,0.42257,0.47572,0.21951,3.87232,0.46293,0.55321,0.00188388,0.00188388,0.00188388
157,841.228,4.1794,0.52782,0.56145,0.6315,0.42161,0.47887,0.21452,3.91575,0.47396,0.55288,0.00188241,0.00188241,0.00188241
158,846.672,4.30376,0.53743,0.55936,0.62164,0.41625,0.47496,0.21341,3.94741,0.46706,0.55404,0.00188093,0.00188093,0.00188093
159,851.915,3.9999,0.50186,0.58768,0.61173,0.41639,0.46983,0.21249,3.98618,0.46427,0.55395,0.00187944,0.00187944,0.00187944
160,857.105,4.03557,0.49352,0.57747,0.6226,0.4304,0.49138,0.21961,3.93767,0.45739,0.55114,0.00187794,0.00187794,0.00187794
161,862.433,3.83902,0.49208,0.56228,0.62619,0.43685,0.49332,0.22042,3.98303,0.46238,0.55207,0.00187643,0.00187643,0.00187643
162,867.643,3.99394,0.50297,0.55965,0.63486,0.43753,0.4908,0.22431,3.92304,0.45635,0.55301,0.00187491,0.00187491,0.00187491
163,872.882,4.11102,0.52032,0.57373,0.64219,0.44591,0.50195,0.22884,3.8722,0.45447,0.55126,0.00187339,0.00187339,0.00187339
164,878.669,4.32968,0.54658,0.55836,0.64419,0.44481,0.49932,0.22356,3.93108,0.46166,0.55025,0.00187186,0.00187186,0.00187186
165,883.856,4.45714,0.55051,0.58466,0.65342,0.43657,0.49523,0.21954,3.94485,0.46349,0.55206,0.00187031,0.00187031,0.00187031
166,889.124,3.80006,0.44933,0.56518,0.63037,0.42532,0.48385,0.21383,4.01688,0.46078,0.55159,0.00186876,0.00186876,0.00186876
167,894.465,4.0938,0.49585,0.56758,0.61581,0.42216,0.4759,0.20406,4.14543,0.46827,0.5536,0.0018672,0.0018672,0.0018672
168,899.663,4.03406,0.49328,0.56892,0.63959,0.44371,0.49856,0.22561,3.88364,0.46291,0.55215,0.00186564,0.00186564,0.00186564
169,904.932,4.09942,0.50117,0.56319,0.63748,0.43657,0.49722,0.22297,3.87869,0.46392,0.55121,0.00186406,0.00186406,0.00186406
170,910.239,4.02041,0.47243,0.57009,0.6297,0.42504,0.48998,0.21431,3.94994,0.46418,0.55082,0.00186247,0.00186247,0.00186247
171,915.513,4.03313,0.51726,0.5657,0.64581,0.43532,0.49925,0.22501,3.89867,0.45814,0.55128,0.00186088,0.00186088,0.00186088
172,920.94,3.85066,0.47015,0.56772,0.63746,0.43795,0.49872,0.22935,3.85935,0.45296,0.55189,0.00185928,0.00185928,0.00185928
173,926.655,3.84881,0.48621,0.56792,0.63895,0.44522,0.50537,0.23178,3.82502,0.45544,0.55063,0.00185767,0.00185767,0.00185767
174,932.37,3.98311,0.49656,0.56384,0.64855,0.44934,0.50403,0.23008,3.83231,0.44752,0.55067,0.00185605,0.00185605,0.00185605
175,937.657,4.24723,0.54545,0.55997,0.65973,0.45222,0.50916,0.23014,3.84831,0.45284,0.5504,0.00185442,0.00185442,0.00185442
176,942.896,3.58154,0.45834,0.56982,0.64658,0.45044,0.50545,0.22244,3.96147,0.46758,0.55258,0.00185279,0.00185279,0.00185279
177,948.021,3.955,0.50189,0.57055,0.6441,0.43778,0.49131,0.21287,4.03401,0.48238,0.55517,0.00185114,0.00185114,0.00185114
178,953.674,4.01302,0.48841,0.56919,0.63475,0.42559,0.49046,0.22077,3.97634,0.47331,0.55461,0.00184949,0.00184949,0.00184949
179,958.788,4.21812,0.5285,0.5809,0.63747,0.43477,0.49825,0.22586,3.9004,0.45826,0.55242,0.00184783,0.00184783,0.00184783
180,964.07,3.72227,0.47186,0.57151,0.64507,0.43795,0.49886,0.23019,3.82765,0.45388,0.55182,0.00184616,0.00184616,0.00184616
181,969.498,3.93058,0.4821,0.55118,0.64893,0.43726,0.50122,0.23291,3.81759,0.45838,0.55086,0.00184448,0.00184448,0.00184448
182,975.171,3.89937,0.48973,0.56698,0.6337,0.42326,0.48232,0.21253,4.03476,0.47539,0.55504,0.0018428,0.0018428,0.0018428
183,980.312,3.63516,0.4598,0.56944,0.63783,0.43136,0.49256,0.2264,3.88949,0.46053,0.55209,0.0018411,0.0018411,0.0018411
184,985.663,3.91463,0.49884,0.56765,0.65579,0.426,0.49487,0.22146,3.89617,0.46184,0.55163,0.0018394,0.0018394,0.0018394
185,990.922,3.98188,0.49975,0.55701,0.64481,0.41804,0.48333,0.21616,3.94358,0.46864,0.55187,0.00183769,0.00183769,0.00183769
186,996.144,3.83294,0.47971,0.55809,0.58782,0.39726,0.42303,0.18836,3.97241,0.52286,0.55207,0.00183597,0.00183597,0.00183597
187,1001.34,3.77166,0.46696,0.56675,0.61532,0.39978,0.44972,0.19971,3.99058,0.49198,0.55345,0.00183424,0.00183424,0.00183424
188,1006.66,3.9643,0.48792,0.57121,0.58652,0.36752,0.41277,0.19464,3.96314,0.66459,0.55331,0.00183251,0.00183251,0.00183251
189,1011.99,3.68185,0.47504,0.56956,0.61415,0.40582,0.45405,0.20536,4.02585,0.51248,0.55537,0.00183077,0.00183077,0.00183077
190,1017.36,3.89451,0.5101,0.57406,0.63358,0.42216,0.4793,0.21599,3.95321,0.46171,0.55358,0.00182901,0.00182901,0.00182901
191,1022.68,3.76151,0.4919,0.57451,0.63476,0.43026,0.48607,0.21996,3.96737,0.46102,0.55335,0.00182725,0.00182725,0.00182725
192,1027.95,3.7529,0.47096,0.57168,0.64049,0.42408,0.48379,0.21571,3.98964,0.46528,0.55361,0.00182549,0.00182549,0.00182549
193,1033.24,3.91167,0.49429,0.56518,0.62947,0.42518,0.48442,0.2181,3.9673,0.46758,0.55194,0.00182371,0.00182371,0.00182371
194,1038.42,3.85234,0.47422,0.56354,0.62814,0.44317,0.50166,0.22651,3.90159,0.45542,0.55048,0.00182192,0.00182192,0.00182192
195,1043.74,3.757,0.48916,0.57135,0.63273,0.45246,0.50676,0.23621,3.79213,0.45125,0.54941,0.00182013,0.00182013,0.00182013
196,1049.39,3.78639,0.47898,0.55918,0.64693,0.43465,0.49632,0.23077,3.82142,0.46776,0.55066,0.00181833,0.00181833,0.00181833
197,1054.63,3.95459,0.49276,0.56357,0.6488,0.43294,0.50073,0.23438,3.77586,0.46924,0.55086,0.00181652,0.00181652,0.00181652
198,1059.95,3.70057,0.47421,0.56138,0.62328,0.44838,0.49979,0.22565,3.87088,0.46095,0.55238,0.00181471,0.00181471,0.00181471
199,1065.11,3.72668,0.49107,0.57516,0.63929,0.44746,0.50497,0.22823,3.88017,0.45973,0.55204,0.00181288,0.00181288,0.00181288
200,1070.45,4.37978,0.51684,0.55289,0.63751,0.44371,0.50118,0.2329,3.84257,0.46254,0.55151,0.00181105,0.00181105,0.00181105
201,1075.62,3.83962,0.48731,0.56017,0.64259,0.44536,0.50583,0.23219,3.87527,0.47088,0.55059,0.00180921,0.00180921,0.00180921
202,1080.97,4.12256,0.49156,0.55945,0.63626,0.44235,0.49821,0.22245,3.97132,0.46267,0.5514,0.00180736,0.00180736,0.00180736
203,1086.13,4.59808,0.57216,0.54616,0.62678,0.43163,0.48861,0.21349,4.00558,0.46741,0.55146,0.0018055,0.0018055,0.0018055
204,1091.45,4.00211,0.50288,0.55806,0.63604,0.42655,0.48429,0.2153,3.9835,0.4701,0.5534,0.00180364,0.00180364,0.00180364
205,1096.57,3.81933,0.49206,0.55594,0.63695,0.42079,0.48295,0.21417,4.02657,0.47233,0.55242,0.00180177,0.00180177,0.00180177
206,1102,4.12699,0.51187,0.54973,0.60787,0.39223,0.44907,0.18941,4.32168,0.50744,0.55531,0.00179988,0.00179988,0.00179988
207,1107.18,3.75145,0.47357,0.56738,0.62321,0.41502,0.46954,0.20869,4.08375,0.48104,0.55251,0.001798,0.001798,0.001798
208,1112.31,3.86305,0.47234,0.55861,0.64036,0.40349,0.46944,0.19909,4.17763,0.47955,0.55326,0.0017961,0.0017961,0.0017961
209,1117.59,3.82553,0.51327,0.57578,0.63765,0.4039,0.46718,0.19298,4.22539,0.48625,0.55416,0.0017942,0.0017942,0.0017942
210,1122.88,4.09324,0.5484,0.56201,0.64433,0.43108,0.49606,0.22474,3.88661,0.4715,0.55095,0.00179228,0.00179228,0.00179228
211,1128.09,3.74844,0.4805,0.56795,0.63562,0.43191,0.49675,0.22282,3.90399,0.4622,0.55054,0.00179036,0.00179036,0.00179036
212,1133.59,3.42381,0.43956,0.56512,0.65214,0.4385,0.50573,0.23715,3.79661,0.46117,0.54949,0.00178844,0.00178844,0.00178844
213,1139.21,3.9758,0.48739,0.54654,0.65227,0.43598,0.50089,0.23278,3.85011,0.46949,0.55015,0.0017865,0.0017865,0.0017865
214,1144.51,3.83839,0.48667,0.57589,0.63552,0.4455,0.5047,0.232,3.84791,0.46869,0.54972,0.00178456,0.00178456,0.00178456
215,1149.83,3.73917,0.46838,0.55923,0.63659,0.44289,0.50187,0.22935,3.8516,0.47033,0.55086,0.00178261,0.00178261,0.00178261
216,1155.09,3.8047,0.4757,0.55324,0.64822,0.4422,0.50441,0.2324,3.78729,0.44738,0.54917,0.00178065,0.00178065,0.00178065
217,1160.35,3.87041,0.46651,0.56928,0.64677,0.44745,0.50701,0.23783,3.74644,0.44218,0.54809,0.00177868,0.00177868,0.00177868
218,1166.03,3.77699,0.49037,0.56712,0.64389,0.44646,0.5055,0.23726,3.78112,0.44825,0.54682,0.00177671,0.00177671,0.00177671
219,1171.18,3.3736,0.43982,0.57159,0.66055,0.45417,0.5139,0.24302,3.71567,0.43904,0.546,0.00177473,0.00177473,0.00177473
220,1176.96,3.68286,0.4785,0.57057,0.64989,0.46507,0.51985,0.24259,3.71389,0.4369,0.54695,0.00177274,0.00177274,0.00177274
221,1182.21,3.81735,0.4643,0.5673,0.6529,0.45524,0.51494,0.23161,3.81729,0.4519,0.54916,0.00177074,0.00177074,0.00177074
222,1187.42,4.23449,0.5104,0.54586,0.66879,0.45058,0.5177,0.2374,3.74655,0.44399,0.54924,0.00176874,0.00176874,0.00176874
223,1192.7,3.94492,0.49028,0.56978,0.65284,0.45552,0.51726,0.24011,3.74508,0.43882,0.54771,0.00176673,0.00176673,0.00176673
224,1197.84,3.70719,0.46616,0.56357,0.63817,0.44371,0.50628,0.23061,3.86968,0.44862,0.54915,0.00176471,0.00176471,0.00176471
225,1202.97,3.86424,0.4705,0.56191,0.64675,0.44616,0.50973,0.23687,3.79446,0.44075,0.54893,0.00176268,0.00176268,0.00176268
226,1208.42,3.64188,0.49454,0.5704,0.65185,0.44752,0.51277,0.23732,3.77666,0.43931,0.54805,0.00176065,0.00176065,0.00176065
227,1213.66,3.73684,0.45758,0.5577,0.6535,0.45052,0.51564,0.2395,3.76756,0.4355,0.54825,0.0017586,0.0017586,0.0017586
228,1218.93,3.75485,0.46773,0.56768,0.65223,0.45566,0.51821,0.24115,3.72626,0.43315,0.5488,0.00175655,0.00175655,0.00175655
229,1224.3,4.04868,0.50891,0.5611,0.66305,0.4525,0.52108,0.24032,3.73322,0.43906,0.54959,0.0017545,0.0017545,0.0017545
230,1229.63,3.5205,0.46853,0.56532,0.6529,0.45321,0.52174,0.24351,3.74402,0.43634,0.5492,0.00175243,0.00175243,0.00175243
231,1235.23,4.09097,0.49705,0.56301,0.65397,0.45785,0.52438,0.24449,3.71324,0.43009,0.5487,0.00175036,0.00175036,0.00175036
232,1240.89,3.99829,0.49604,0.56109,0.65446,0.44687,0.51201,0.22937,3.87241,0.44378,0.54848,0.00174828,0.00174828,0.00174828
233,1246.17,3.88148,0.46267,0.55682,0.65124,0.45092,0.51544,0.2352,3.80325,0.44755,0.54781,0.0017462,0.0017462,0.0017462
234,1251.44,4.27733,0.52611,0.57162,0.66376,0.45717,0.52226,0.24065,3.73569,0.43741,0.5481,0.0017441,0.0017441,0.0017441
235,1256.92,3.78852,0.45905,0.55276,0.66419,0.45634,0.5244,0.24346,3.73735,0.4343,0.5483,0.001742,0.001742,0.001742
236,1262.24,3.7124,0.44788,0.55719,0.68376,0.45428,0.52715,0.2434,3.72163,0.43582,0.54852,0.00173989,0.00173989,0.00173989
237,1267.56,4.07761,0.50838,0.56227,0.67465,0.46252,0.5289,0.24903,3.64378,0.43137,0.54711,0.00173778,0.00173778,0.00173778
238,1273.37,3.71387,0.48607,0.58329,0.659,0.4514,0.51885,0.24432,3.69333,0.4315,0.54668,0.00173565,0.00173565,0.00173565
239,1278.5,3.95542,0.4907,0.54328,0.6578,0.44852,0.51891,0.24083,3.69607,0.4308,0.54614,0.00173352,0.00173352,0.00173352
240,1283.82,3.81197,0.48977,0.5576,0.65802,0.46472,0.52445,0.24829,3.67187,0.43828,0.54656,0.00173138,0.00173138,0.00173138
241,1289.14,3.48002,0.4599,0.56883,0.66493,0.44783,0.51617,0.2343,3.83438,0.45444,0.54811,0.00172924,0.00172924,0.00172924
242,1294.33,3.87678,0.51921,0.56792,0.6525,0.45601,0.52468,0.24149,3.79097,0.44639,0.5488,0.00172709,0.00172709,0.00172709
243,1299.57,3.64021,0.46362,0.56169,0.66987,0.46382,0.5345,0.25357,3.67007,0.43471,0.54843,0.00172493,0.00172493,0.00172493
244,1305.34,3.85087,0.47198,0.56143,0.67049,0.45895,0.53268,0.25511,3.65902,0.44698,0.5486,0.00172276,0.00172276,0.00172276
245,1311.13,4.24045,0.50818,0.55268,0.66796,0.43946,0.52228,0.23774,3.88885,0.47798,0.54907,0.00172059,0.00172059,0.00172059
246,1316.38,4.36854,0.5439,0.5542,0.62965,0.42806,0.48831,0.21283,4.11822,0.47524,0.55311,0.00171841,0.00171841,0.00171841
247,1321.73,3.92775,0.49177,0.55781,0.63661,0.4223,0.48128,0.20966,4.0934,0.46561,0.55304,0.00171622,0.00171622,0.00171622
248,1327.04,4.36078,0.54287,0.55878,0.67036,0.4433,0.51448,0.2367,3.74871,0.43806,0.54877,0.00171403,0.00171403,0.00171403
249,1332.35,4.01872,0.50393,0.57405,0.65047,0.44225,0.50416,0.22331,3.90733,0.44592,0.55001,0.00171182,0.00171182,0.00171182
250,1337.7,3.47636,0.44778,0.56086,0.68174,0.45082,0.52132,0.24606,3.67121,0.43191,0.54796,0.00170962,0.00170962,0.00170962
251,1342.89,3.64015,0.44688,0.55666,0.67539,0.45222,0.51894,0.24483,3.69608,0.43219,0.54867,0.0017074,0.0017074,0.0017074
252,1348.42,3.6886,0.45173,0.55936,0.68232,0.44811,0.52299,0.25156,3.60763,0.42676,0.54723,0.00170518,0.00170518,0.00170518
253,1353.71,3.30472,0.43228,0.56443,0.68282,0.44953,0.52278,0.24889,3.65372,0.43146,0.54728,0.00170295,0.00170295,0.00170295
254,1359.01,3.62202,0.44639,0.56036,0.65849,0.46568,0.53025,0.24891,3.65702,0.43838,0.54746,0.00170071,0.00170071,0.00170071
255,1364.18,3.83416,0.45778,0.55424,0.66252,0.45387,0.52139,0.23665,3.74052,0.44122,0.5486,0.00169847,0.00169847,0.00169847
256,1369.41,4.18525,0.52075,0.55443,0.6807,0.45188,0.53578,0.25292,3.66331,0.43518,0.54671,0.00169622,0.00169622,0.00169622
257,1374.63,3.87789,0.49139,0.56869,0.669,0.44865,0.53208,0.25043,3.67983,0.43204,0.54683,0.00169396,0.00169396,0.00169396
258,1379.99,3.71982,0.46593,0.56203,0.66689,0.45405,0.52575,0.24717,3.68053,0.42771,0.5475,0.0016917,0.0016917,0.0016917
259,1385.25,3.82078,0.46553,0.55144,0.65991,0.45394,0.52172,0.24466,3.68204,0.43153,0.54689,0.00168942,0.00168942,0.00168942
260,1390.6,3.47409,0.44859,0.56855,0.66454,0.45566,0.51946,0.24296,3.67189,0.43715,0.54607,0.00168715,0.00168715,0.00168715
261,1395.79,3.57144,0.44828,0.56909,0.66307,0.45607,0.51902,0.24208,3.71176,0.43645,0.5458,0.00168486,0.00168486,0.00168486
262,1401.1,4.18945,0.49935,0.55558,0.65851,0.46019,0.5193,0.24017,3.74313,0.43398,0.5475,0.00168257,0.00168257,0.00168257
263,1406.3,3.72031,0.4651,0.56389,0.66181,0.4584,0.52135,0.24075,3.73324,0.43046,0.54803,0.00168027,0.00168027,0.00168027
264,1411.85,3.72798,0.49524,0.55744,0.68872,0.44289,0.525,0.23827,3.79149,0.45638,0.54808,0.00167797,0.00167797,0.00167797
265,1417.01,3.60263,0.45894,0.56417,0.68191,0.44357,0.52783,0.24347,3.74602,0.45731,0.54763,0.00167566,0.00167566,0.00167566
266,1422.28,3.56443,0.4359,0.55977,0.66835,0.45703,0.53229,0.24395,3.72805,0.4335,0.5472,0.00167334,0.00167334,0.00167334
267,1427.52,3.57939,0.44765,0.56065,0.65981,0.45772,0.52331,0.24355,3.6775,0.43111,0.54751,0.00167101,0.00167101,0.00167101
268,1432.91,3.68461,0.45466,0.56475,0.64573,0.45016,0.51431,0.23269,3.7973,0.45862,0.5488,0.00166868,0.00166868,0.00166868
269,1438.19,3.77268,0.48346,0.57018,0.64432,0.44989,0.51482,0.23512,3.76467,0.45746,0.54751,0.00166635,0.00166635,0.00166635
270,1443.46,3.56739,0.45608,0.55843,0.68213,0.46578,0.54023,0.24843,3.67723,0.44287,0.54565,0.001664,0.001664,0.001664
271,1448.69,4.25965,0.528,0.5467,0.6607,0.46301,0.52776,0.24028,3.75718,0.44934,0.54675,0.00166165,0.00166165,0.00166165
272,1453.93,3.98778,0.50032,0.55811,0.65958,0.45195,0.51592,0.23252,3.79276,0.45051,0.54771,0.00165929,0.00165929,0.00165929
273,1459.07,3.7413,0.45447,0.55407,0.65739,0.45085,0.51196,0.22791,3.87914,0.45434,0.54966,0.00165693,0.00165693,0.00165693
274,1464.34,3.49468,0.4368,0.57038,0.65211,0.45137,0.51457,0.23495,3.78973,0.44983,0.54871,0.00165456,0.00165456,0.00165456
275,1469.68,4.06957,0.51081,0.56884,0.65704,0.45689,0.51894,0.23845,3.75006,0.45135,0.54841,0.00165218,0.00165218,0.00165218
276,1474.95,4.02069,0.49768,0.55258,0.66974,0.44495,0.52158,0.24533,3.68476,0.43338,0.54609,0.0016498,0.0016498,0.0016498
277,1480.2,3.43802,0.44124,0.58794,0.65834,0.45195,0.52395,0.24896,3.63697,0.43396,0.54587,0.00164741,0.00164741,0.00164741
278,1485.57,3.55681,0.44918,0.55238,0.64679,0.44344,0.50862,0.23749,3.73353,0.44426,0.54754,0.00164501,0.00164501,0.00164501
279,1490.7,4.09282,0.49473,0.56438,0.63411,0.44179,0.5024,0.23127,3.78259,0.45125,0.54814,0.00164261,0.00164261,0.00164261
280,1495.97,3.89685,0.48318,0.55804,0.6528,0.45302,0.51111,0.24309,3.62576,0.43967,0.54636,0.0016402,0.0016402,0.0016402
281,1501.34,3.76772,0.50623,0.56466,0.65594,0.44454,0.50857,0.243,3.6514,0.43535,0.54584,0.00163779,0.00163779,0.00163779
282,1506.57,3.79297,0.48863,0.56673,0.65545,0.43616,0.50221,0.23202,3.77773,0.44954,0.54622,0.00163537,0.00163537,0.00163537
283,1511.94,3.90142,0.49206,0.55114,0.66376,0.44258,0.51241,0.24333,3.6389,0.43526,0.54622,0.00163294,0.00163294,0.00163294
284,1517.19,3.48047,0.45434,0.57006,0.66874,0.44454,0.51127,0.23665,3.74961,0.44785,0.54676,0.0016305,0.0016305,0.0016305
285,1522.46,3.64619,0.46198,0.5552,0.65676,0.4374,0.50198,0.22918,3.81055,0.46191,0.54696,0.00162806,0.00162806,0.00162806
286,1527.75,3.79911,0.45272,0.56204,0.66323,0.43959,0.50682,0.23502,3.73718,0.46433,0.54691,0.00162562,0.00162562,0.00162562
287,1533,3.75328,0.44664,0.55416,0.6733,0.42971,0.51338,0.23168,3.83141,0.47358,0.54691,0.00162316,0.00162316,0.00162316
288,1538.32,3.86502,0.46784,0.55975,0.68626,0.45538,0.5297,0.24766,3.71431,0.43673,0.54826,0.00162071,0.00162071,0.00162071
289,1543.44,3.38423,0.43736,0.55789,0.67361,0.45291,0.52461,0.2448,3.73237,0.43637,0.54792,0.00161824,0.00161824,0.00161824
290,1548.72,3.46702,0.44567,0.56994,0.67892,0.44852,0.52567,0.24618,3.69172,0.4383,0.54647,0.00161577,0.00161577,0.00161577
291,1554.07,3.80537,0.48831,0.56927,0.66939,0.45085,0.52478,0.24462,3.69353,0.43474,0.54686,0.00161329,0.00161329,0.00161329
292,1559.37,3.49683,0.44151,0.56137,0.67352,0.45552,0.5266,0.24959,3.63352,0.42993,0.5474,0.00161081,0.00161081,0.00161081
293,1564.58,3.57889,0.44513,0.5594,0.66812,0.4455,0.52002,0.24657,3.65005,0.43429,0.54722,0.00160832,0.00160832,0.00160832
294,1569.85,3.74617,0.45469,0.55473,0.67565,0.45385,0.52868,0.25695,3.52148,0.41699,0.54438,0.00160583,0.00160583,0.00160583
295,1575.46,3.99698,0.47791,0.55041,0.66012,0.45346,0.52189,0.25242,3.58686,0.42264,0.54416,0.00160333,0.00160333,0.00160333
296,1580.62,3.68528,0.45707,0.54799,0.66317,0.45708,0.52835,0.25429,3.58303,0.42535,0.54357,0.00160082,0.00160082,0.00160082
297,1585.91,3.56915,0.43481,0.5466,0.66857,0.4539,0.52661,0.2545,3.56475,0.42389,0.54434,0.00159831,0.00159831,0.00159831
298,1591.26,3.36731,0.43325,0.56828,0.68333,0.4444,0.52145,0.24753,3.634,0.43401,0.54599,0.00159579,0.00159579,0.00159579
299,1596.48,3.84806,0.4586,0.55833,0.68061,0.44385,0.52328,0.24702,3.64073,0.42993,0.54437,0.00159326,0.00159326,0.00159326
300,1601.83,3.70374,0.46385,0.56405,0.65714,0.4668,0.52848,0.25276,3.57127,0.42402,0.54347,0.00159073,0.00159073,0.00159073
301,1607.04,3.66462,0.459,0.56516,0.67445,0.46321,0.53303,0.25222,3.60306,0.42496,0.54376,0.0015882,0.0015882,0.0015882
302,1612.41,3.45806,0.4286,0.56319,0.69704,0.4584,0.53208,0.24749,3.65787,0.42797,0.5458,0.00158566,0.00158566,0.00158566
303,1617.83,3.57134,0.43475,0.56022,0.69537,0.46527,0.53875,0.25697,3.56581,0.41749,0.54513,0.00158311,0.00158311,0.00158311
304,1623.67,3.40285,0.42382,0.56733,0.69223,0.46938,0.5417,0.24986,3.65,0.42375,0.54558,0.00158055,0.00158055,0.00158055
305,1628.84,3.73391,0.45378,0.54271,0.69269,0.46938,0.54153,0.2561,3.60893,0.42454,0.54473,0.001578,0.001578,0.001578
306,1634.07,4.09975,0.5012,0.54614,0.65295,0.44399,0.51525,0.24366,3.75524,0.45005,0.54498,0.00157543,0.00157543,0.00157543
307,1639.25,3.76711,0.46721,0.55814,0.65644,0.45415,0.52221,0.25064,3.6484,0.43633,0.54391,0.00157286,0.00157286,0.00157286
308,1644.63,3.83895,0.47094,0.559,0.67869,0.46252,0.52981,0.25211,3.61296,0.42628,0.54418,0.00157028,0.00157028,0.00157028
309,1649.89,3.71707,0.45861,0.55723,0.66389,0.45964,0.52298,0.24116,3.72361,0.4341,0.54526,0.0015677,0.0015677,0.0015677
310,1655.27,3.60102,0.43693,0.55625,0.65682,0.44906,0.51142,0.23349,3.77529,0.43922,0.54571,0.00156511,0.00156511,0.00156511
311,1660.48,3.5595,0.43687,0.56086,0.65968,0.45346,0.51602,0.24108,3.69295,0.43712,0.5451,0.00156252,0.00156252,0.00156252
312,1665.75,4.02168,0.47714,0.55818,0.64167,0.44371,0.50089,0.22338,3.92392,0.45015,0.54772,0.00155992,0.00155992,0.00155992
313,1670.98,3.82142,0.47517,0.55598,0.66435,0.46058,0.5257,0.24812,3.67272,0.43241,0.54506,0.00155732,0.00155732,0.00155732
314,1676.26,3.65629,0.43877,0.55292,0.67433,0.46307,0.5358,0.25875,3.60127,0.42197,0.54414,0.00155471,0.00155471,0.00155471
315,1681.88,3.4324,0.43631,0.55861,0.68103,0.45977,0.53675,0.25789,3.61949,0.41989,0.54497,0.00155209,0.00155209,0.00155209
316,1687.09,3.82581,0.45696,0.55276,0.68419,0.45195,0.5344,0.2578,3.59151,0.4193,0.54474,0.00154947,0.00154947,0.00154947
317,1692.37,3.84906,0.4843,0.55224,0.6719,0.44522,0.52797,0.24684,3.69961,0.4357,0.54535,0.00154685,0.00154685,0.00154685
318,1697.66,3.88045,0.50079,0.56822,0.6722,0.45689,0.53726,0.25849,3.5704,0.42274,0.54468,0.00154422,0.00154422,0.00154422
319,1702.89,3.80027,0.48942,0.56242,0.67406,0.4537,0.53576,0.25625,3.58189,0.42267,0.54474,0.00154158,0.00154158,0.00154158
320,1708.16,3.36453,0.4367,0.55969,0.65977,0.43928,0.52093,0.23757,3.74599,0.43735,0.54568,0.00153894,0.00153894,0.00153894
321,1713.39,3.65234,0.46604,0.56102,0.66524,0.45264,0.52967,0.24965,3.61439,0.42642,0.54388,0.00153629,0.00153629,0.00153629
322,1718.73,4.17985,0.51401,0.55928,0.6653,0.45703,0.53323,0.24987,3.65477,0.42623,0.54355,0.00153364,0.00153364,0.00153364
323,1723.94,3.29936,0.41464,0.55619,0.67094,0.4628,0.53615,0.25283,3.63833,0.42138,0.54316,0.00153098,0.00153098,0.00153098
324,1729.23,3.70922,0.43686,0.5512,0.68408,0.46642,0.54013,0.25981,3.54728,0.41777,0.54315,0.00152832,0.00152832,0.00152832
325,1735.01,3.65589,0.4608,0.54737,0.67288,0.46568,0.53748,0.25632,3.59655,0.42669,0.54356,0.00152565,0.00152565,0.00152565
326,1740.33,3.58903,0.46244,0.55003,0.68332,0.46924,0.5398,0.26072,3.58707,0.42352,0.54312,0.00152298,0.00152298,0.00152298
327,1746.07,3.72506,0.45676,0.55451,0.68382,0.46585,0.53732,0.25937,3.56736,0.41986,0.54295,0.0015203,0.0015203,0.0015203
328,1751.37,3.37831,0.42224,0.56009,0.69051,0.44934,0.52295,0.24494,3.69291,0.42294,0.54537,0.00151761,0.00151761,0.00151761
329,1756.59,3.20877,0.42095,0.55869,0.68792,0.45364,0.52804,0.25374,3.5766,0.41889,0.5439,0.00151493,0.00151493,0.00151493
330,1761.8,3.98371,0.4714,0.53634,0.68519,0.45854,0.52708,0.24296,3.71389,0.43253,0.54667,0.00151223,0.00151223,0.00151223
331,1767.03,3.67578,0.45276,0.55348,0.68895,0.46884,0.53769,0.25008,3.67626,0.42906,0.54578,0.00150953,0.00150953,0.00150953
332,1772.38,3.4459,0.42391,0.55254,0.68266,0.46513,0.53952,0.2575,3.57226,0.42274,0.54383,0.00150683,0.00150683,0.00150683
333,1777.54,3.89555,0.48108,0.53803,0.69372,0.47186,0.54905,0.26172,3.56096,0.42585,0.54356,0.00150412,0.00150412,0.00150412
334,1783.2,3.50138,0.43003,0.56215,0.67162,0.47131,0.5419,0.2489,3.70717,0.44227,0.54426,0.00150141,0.00150141,0.00150141
335,1788.37,3.68391,0.46359,0.55212,0.66342,0.46334,0.53366,0.24173,3.75244,0.44073,0.54366,0.00149869,0.00149869,0.00149869
336,1793.67,3.88211,0.44965,0.54562,0.66032,0.46691,0.53694,0.25617,3.56443,0.42281,0.54312,0.00149596,0.00149596,0.00149596
337,1798.86,3.5176,0.44897,0.55591,0.66493,0.46321,0.5322,0.25513,3.54971,0.41982,0.5429,0.00149323,0.00149323,0.00149323
338,1804.18,3.66575,0.45716,0.55756,0.67921,0.46364,0.53127,0.25649,3.52617,0.42391,0.54303,0.0014905,0.0014905,0.0014905
339,1809.39,4.01341,0.49409,0.54734,0.72029,0.4405,0.51056,0.24583,3.61798,0.49354,0.54661,0.00148776,0.00148776,0.00148776
340,1814.77,3.34888,0.4321,0.56025,0.67795,0.46623,0.54082,0.25681,3.63034,0.4262,0.54576,0.00148502,0.00148502,0.00148502
341,1819.91,3.50258,0.42245,0.55113,0.6797,0.45552,0.53517,0.24929,3.70459,0.43333,0.54666,0.00148227,0.00148227,0.00148227
342,1825.23,3.57664,0.45876,0.55933,0.69038,0.46266,0.53979,0.25556,3.60488,0.41971,0.54453,0.00147952,0.00147952,0.00147952
343,1830.37,3.73118,0.44329,0.54689,0.69374,0.46609,0.5433,0.26466,3.51247,0.41644,0.54361,0.00147676,0.00147676,0.00147676
344,1836.29,3.52785,0.45185,0.54959,0.69926,0.46513,0.54185,0.2596,3.56899,0.41816,0.54501,0.001474,0.001474,0.001474
345,1841.43,3.85865,0.4595,0.54244,0.69693,0.46092,0.53903,0.25526,3.62588,0.41852,0.54503,0.00147123,0.00147123,0.00147123
346,1846.66,3.45583,0.44558,0.57294,0.69829,0.4676,0.54955,0.2697,3.45936,0.40562,0.54256,0.00146846,0.00146846,0.00146846
347,1852.37,3.63773,0.4634,0.56222,0.65955,0.46307,0.51514,0.24989,3.51656,0.42474,0.54258,0.00146569,0.00146569,0.00146569
348,1857.66,3.54202,0.43415,0.5532,0.6568,0.45222,0.47581,0.21773,3.69314,0.45777,0.5449,0.00146291,0.00146291,0.00146291
349,1862.89,3.87605,0.46718,0.55647,0.65533,0.46412,0.51596,0.24459,3.62822,0.43192,0.54401,0.00146012,0.00146012,0.00146012
350,1868.26,3.80225,0.4645,0.55067,0.65964,0.47213,0.52274,0.25118,3.54455,0.42887,0.54313,0.00145733,0.00145733,0.00145733
351,1873.39,3.94871,0.4934,0.54203,0.66289,0.46892,0.54123,0.26469,3.4918,0.41397,0.54212,0.00145454,0.00145454,0.00145454
352,1878.58,3.70453,0.46795,0.55278,0.69791,0.45181,0.5406,0.26331,3.54035,0.41105,0.54207,0.00145174,0.00145174,0.00145174
353,1883.86,3.67976,0.4501,0.5597,0.69559,0.44728,0.53589,0.25579,3.59369,0.4154,0.54245,0.00144893,0.00144893,0.00144893
354,1889.14,3.47874,0.42844,0.55433,0.69758,0.45696,0.54255,0.26806,3.46966,0.40403,0.54268,0.00144613,0.00144613,0.00144613
355,1894.43,3.82441,0.47046,0.54188,0.69419,0.46248,0.54429,0.26278,3.56217,0.40784,0.54348,0.00144332,0.00144332,0.00144332
356,1899.67,3.55672,0.44458,0.57052,0.68537,0.4665,0.54035,0.26242,3.55263,0.40999,0.54335,0.0014405,0.0014405,0.0014405
357,1904.9,3.82463,0.46752,0.55568,0.68713,0.4654,0.54066,0.26135,3.54802,0.41234,0.54359,0.00143768,0.00143768,0.00143768
358,1910.17,3.34172,0.40939,0.55416,0.6771,0.46664,0.53966,0.25944,3.53317,0.4141,0.54481,0.00143485,0.00143485,0.00143485
359,1915.46,3.66226,0.46012,0.56568,0.67192,0.45415,0.52558,0.25239,3.52435,0.41829,0.54495,0.00143202,0.00143202,0.00143202
360,1920.87,3.78585,0.4649,0.55217,0.67593,0.44701,0.52301,0.24006,3.68962,0.43644,0.54586,0.00142919,0.00142919,0.00142919
361,1926.03,3.84489,0.46188,0.54626,0.68088,0.45264,0.53076,0.24762,3.65422,0.43191,0.54594,0.00142635,0.00142635,0.00142635
362,1931.34,3.97932,0.47069,0.55771,0.68303,0.47048,0.54131,0.26183,3.51982,0.41683,0.54467,0.00142351,0.00142351,0.00142351
363,1936.58,3.4507,0.43717,0.54813,0.68042,0.47293,0.54316,0.26365,3.49272,0.41412,0.54398,0.00142067,0.00142067,0.00142067
364,1941.82,3.483,0.43168,0.55313,0.68683,0.47103,0.54841,0.26887,3.47363,0.41076,0.54297,0.00141782,0.00141782,0.00141782
365,1947.02,3.58239,0.46725,0.56912,0.68792,0.47481,0.54738,0.26921,3.45618,0.40808,0.5425,0.00141496,0.00141496,0.00141496
366,1952.41,3.73634,0.44325,0.54973,0.68545,0.47845,0.54987,0.26528,3.4764,0.4088,0.5424,0.0014121,0.0014121,0.0014121
367,1957.65,3.47937,0.42899,0.55465,0.6785,0.47446,0.5449,0.26266,3.49314,0.41024,0.54276,0.00140924,0.00140924,0.00140924
368,1963.02,3.45443,0.42684,0.55417,0.6986,0.47144,0.54696,0.26351,3.48975,0.40604,0.54236,0.00140637,0.00140637,0.00140637
369,1968.15,3.42407,0.43088,0.55548,0.69305,0.46125,0.54137,0.26242,3.52662,0.4153,0.54171,0.0014035,0.0014035,0.0014035
370,1973.46,3.7207,0.44721,0.55554,0.69686,0.46582,0.54357,0.2677,3.46367,0.41279,0.54077,0.00140063,0.00140063,0.00140063
371,1978.67,3.44235,0.41964,0.55719,0.69972,0.47251,0.54879,0.27013,3.43362,0.40355,0.54086,0.00139775,0.00139775,0.00139775
372,1984.62,3.6755,0.45458,0.55708,0.69038,0.46684,0.54264,0.2624,3.53595,0.4098,0.54176,0.00139487,0.00139487,0.00139487
373,1989.92,3.49205,0.43733,0.55237,0.69559,0.46197,0.54513,0.26578,3.48785,0.40499,0.54112,0.00139198,0.00139198,0.00139198
374,1995.15,3.604,0.43643,0.54505,0.70057,0.46787,0.54884,0.27007,3.42063,0.39976,0.54121,0.00138909,0.00138909,0.00138909
375,2000.28,3.43862,0.45309,0.55597,0.6998,0.46664,0.54672,0.26894,3.4346,0.39941,0.54112,0.0013862,0.0013862,0.0013862
376,2005.5,3.92539,0.48915,0.54367,0.70034,0.46417,0.5492,0.26963,3.45159,0.39995,0.54184,0.0013833,0.0013833,0.0013833
377,2010.82,3.37042,0.41499,0.5539,0.69984,0.47278,0.54975,0.27057,3.41409,0.39543,0.54144,0.0013804,0.0013804,0.0013804
378,2016.46,3.69558,0.45204,0.55087,0.69984,0.47611,0.55132,0.27211,3.36858,0.39582,0.54091,0.00137749,0.00137749,0.00137749
379,2022.15,3.22922,0.41508,0.563,0.69315,0.48105,0.55416,0.27227,3.38821,0.39557,0.54079,0.00137459,0.00137459,0.00137459
380,2027.83,3.48701,0.43836,0.54738,0.69501,0.47584,0.55337,0.27338,3.39071,0.39765,0.54011,0.00137167,0.00137167,0.00137167
381,2033.82,3.61639,0.47104,0.559,0.70579,0.47158,0.55211,0.27533,3.35503,0.39527,0.54008,0.00136876,0.00136876,0.00136876
382,2039.52,3.64325,0.47146,0.58135,0.70824,0.47048,0.55519,0.2699,3.47631,0.40109,0.54092,0.00136584,0.00136584,0.00136584
383,2044.79,3.69163,0.46182,0.54971,0.71071,0.47419,0.55548,0.27149,3.44647,0.39946,0.54102,0.00136291,0.00136291,0.00136291
384,2050.21,3.49488,0.42678,0.54639,0.70676,0.47019,0.55679,0.27721,3.38017,0.39772,0.54131,0.00135999,0.00135999,0.00135999
385,2055.89,3.68147,0.43698,0.53942,0.70816,0.47105,0.55695,0.27485,3.4162,0.40047,0.54164,0.00135706,0.00135706,0.00135706
386,2061.13,3.2336,0.40878,0.55944,0.70875,0.46527,0.55503,0.26641,3.51506,0.40629,0.54237,0.00135412,0.00135412,0.00135412
387,2066.41,3.32988,0.41426,0.55261,0.70294,0.46856,0.55555,0.26977,3.45037,0.4025,0.54257,0.00135118,0.00135118,0.00135118
388,2071.69,3.5338,0.43249,0.54943,0.70255,0.46822,0.55986,0.27215,3.44638,0.40356,0.54239,0.00134824,0.00134824,0.00134824
389,2077.07,3.47494,0.43245,0.54846,0.70266,0.46623,0.55947,0.27181,3.48278,0.4101,0.54275,0.0013453,0.0013453,0.0013453
390,2082.5,3.57331,0.45834,0.56079,0.69838,0.47364,0.55155,0.27191,3.39307,0.39666,0.5416,0.00134235,0.00134235,0.00134235
391,2087.55,3.4649,0.44785,0.55364,0.69736,0.47584,0.55105,0.27095,3.41146,0.39573,0.54172,0.0013394,0.0013394,0.0013394
392,2092.82,3.65023,0.4486,0.548,0.69933,0.47172,0.54956,0.27178,3.40578,0.39529,0.54191,0.00133644,0.00133644,0.00133644
393,2098.06,3.2883,0.41708,0.55724,0.70418,0.46765,0.54715,0.26928,3.42956,0.39844,0.54198,0.00133349,0.00133349,0.00133349
394,2103.37,3.56141,0.43582,0.55221,0.69454,0.46211,0.545,0.26189,3.57144,0.41318,0.54197,0.00133053,0.00133053,0.00133053
395,2108.96,3.58722,0.4268,0.54002,0.69352,0.46623,0.54791,0.26752,3.49603,0.40717,0.54169,0.00132756,0.00132756,0.00132756
396,2114.17,3.37508,0.42752,0.54894,0.68787,0.47199,0.54544,0.26396,3.47096,0.40899,0.54116,0.00132459,0.00132459,0.00132459
397,2119.22,3.64207,0.46478,0.56727,0.69372,0.47482,0.54987,0.2683,3.4255,0.40716,0.54062,0.00132162,0.00132162,0.00132162
398,2124.55,3.31415,0.41985,0.55714,0.70257,0.47117,0.55004,0.27057,3.43535,0.41106,0.54022,0.00131865,0.00131865,0.00131865
399,2129.91,3.10936,0.41181,0.56199,0.70336,0.47446,0.55191,0.27256,3.41918,0.40672,0.54045,0.00131567,0.00131567,0.00131567
400,2135.11,3.71964,0.45504,0.55465,0.69473,0.46664,0.54941,0.26986,3.48049,0.41098,0.54169,0.00131269,0.00131269,0.00131269
401,2140.67,3.55724,0.44544,0.55329,0.69978,0.47213,0.55606,0.27281,3.46029,0.40824,0.54151,0.00130971,0.00130971,0.00130971
402,2145.96,3.38013,0.41688,0.54689,0.69224,0.47247,0.55149,0.27209,3.42748,0.40336,0.54153,0.00130672,0.00130672,0.00130672
403,2151.04,3.23816,0.40457,0.55421,0.69037,0.46513,0.54349,0.26756,3.44511,0.4084,0.54201,0.00130373,0.00130373,0.00130373
404,2156.44,3.54165,0.44195,0.54492,0.65423,0.45319,0.52446,0.24563,3.70735,0.42569,0.54397,0.00130074,0.00130074,0.00130074
405,2161.65,3.36665,0.42523,0.55911,0.67079,0.4525,0.52402,0.24978,3.64281,0.41981,0.54365,0.00129774,0.00129774,0.00129774
406,2166.97,3.25926,0.40187,0.56966,0.67534,0.42323,0.4913,0.22462,3.87859,0.44741,0.5455,0.00129475,0.00129475,0.00129475
407,2172.3,3.57443,0.44726,0.5635,0.67721,0.41241,0.4857,0.22431,3.82479,0.46371,0.54506,0.00129175,0.00129175,0.00129175
408,2177.66,3.4268,0.43617,0.55024,0.67931,0.46389,0.5362,0.26323,3.47218,0.41119,0.54292,0.00128874,0.00128874,0.00128874
409,2182.85,3.54062,0.43238,0.54154,0.68405,0.46554,0.53989,0.2611,3.5035,0.41645,0.54326,0.00128573,0.00128573,0.00128573
410,2188.29,3.68265,0.45659,0.56378,0.68178,0.47004,0.54145,0.25919,3.52035,0.42054,0.54394,0.00128272,0.00128272,0.00128272
411,2193.4,3.47518,0.44569,0.54932,0.6927,0.46914,0.54217,0.25962,3.52702,0.42093,0.54408,0.00127971,0.00127971,0.00127971
412,2198.63,3.45879,0.44599,0.56707,0.69622,0.46829,0.54015,0.26349,3.47774,0.40646,0.54332,0.0012767,0.0012767,0.0012767
413,2204.07,3.51665,0.42652,0.54363,0.70326,0.46376,0.54214,0.26637,3.44979,0.40508,0.54241,0.00127368,0.00127368,0.00127368
414,2209.33,3.05832,0.41232,0.57329,0.68916,0.46252,0.54023,0.26265,3.44758,0.40639,0.54216,0.00127066,0.00127066,0.00127066
415,2214.58,3.71705,0.44196,0.54712,0.6879,0.47268,0.54882,0.26654,3.44184,0.40541,0.54161,0.00126764,0.00126764,0.00126764
416,2220.12,3.52585,0.42608,0.55661,0.7017,0.47103,0.5546,0.27022,3.45481,0.40875,0.54078,0.00126461,0.00126461,0.00126461
417,2225.38,3.54891,0.43723,0.555,0.69435,0.46937,0.55409,0.27175,3.45252,0.41551,0.5406,0.00126158,0.00126158,0.00126158
418,2230.77,3.56494,0.43298,0.55554,0.71086,0.45552,0.55581,0.26795,3.50027,0.42483,0.54098,0.00125855,0.00125855,0.00125855
419,2235.97,3.39272,0.42777,0.56839,0.70651,0.46074,0.55568,0.27426,3.41847,0.41679,0.54072,0.00125552,0.00125552,0.00125552
420,2241.38,3.50321,0.45498,0.56054,0.69927,0.4606,0.55293,0.26784,3.49065,0.41747,0.54195,0.00125248,0.00125248,0.00125248
421,2246.55,3.65641,0.45658,0.5412,0.69162,0.46647,0.55209,0.26906,3.47613,0.40828,0.54161,0.00124944,0.00124944,0.00124944
422,2251.8,3.34635,0.41546,0.56247,0.69757,0.47404,0.55327,0.27004,3.45881,0.40766,0.54192,0.0012464,0.0012464,0.0012464
423,2256.9,3.48279,0.44304,0.55771,0.6992,0.46528,0.54703,0.26379,3.54766,0.41399,0.54232,0.00124336,0.00124336,0.00124336
424,2262.29,3.66723,0.46315,0.57467,0.69878,0.46938,0.551,0.26539,3.52673,0.41541,0.54217,0.00124031,0.00124031,0.00124031
425,2267.5,3.67006,0.43226,0.54821,0.69794,0.47488,0.55251,0.26382,3.48752,0.41269,0.54225,0.00123726,0.00123726,0.00123726
426,2272.75,3.66916,0.46706,0.55694,0.69527,0.47831,0.55654,0.26457,3.50501,0.4111,0.54261,0.00123421,0.00123421,0.00123421
427,2278.11,3.71417,0.45149,0.56574,0.69745,0.47662,0.55765,0.27521,3.42848,0.40355,0.54075,0.00123116,0.00123116,0.00123116
428,2283.41,3.80289,0.44659,0.54669,0.69428,0.46362,0.55032,0.26499,3.53681,0.42166,0.54181,0.0012281,0.0012281,0.0012281
429,2288.68,3.81005,0.47388,0.54866,0.69245,0.4654,0.54719,0.26586,3.50742,0.41615,0.54205,0.00122505,0.00122505,0.00122505
430,2294.13,4.04434,0.50079,0.55585,0.68756,0.46266,0.54434,0.26985,3.45812,0.40969,0.54199,0.00122199,0.00122199,0.00122199
431,2299.32,3.91581,0.46778,0.54263,0.67653,0.45827,0.54009,0.26411,3.52288,0.4136,0.54113,0.00121893,0.00121893,0.00121893
432,2304.64,3.88797,0.48878,0.53827,0.65983,0.43904,0.51895,0.23824,3.7377,0.4283,0.54267,0.00121586,0.00121586,0.00121586
433,2309.79,3.768,0.46241,0.56317,0.67844,0.44632,0.52904,0.25294,3.56452,0.41933,0.54164,0.0012128,0.0012128,0.0012128
434,2315.05,3.61432,0.45908,0.55999,0.69287,0.45683,0.53367,0.26001,3.47354,0.41046,0.54116,0.00120973,0.00120973,0.00120973
435,2320.39,3.63995,0.44471,0.54906,0.69729,0.46019,0.54295,0.2607,3.53496,0.41847,0.54096,0.00120666,0.00120666,0.00120666
436,2325.74,3.31675,0.43186,0.54605,0.69195,0.48009,0.55609,0.27387,3.39326,0.4027,0.54044,0.00120358,0.00120358,0.00120358
437,2330.93,3.48073,0.42127,0.54698,0.69413,0.479,0.55464,0.2747,3.3883,0.40304,0.54066,0.00120051,0.00120051,0.00120051
438,2336.25,3.49327,0.44696,0.55456,0.68887,0.48174,0.55726,0.27902,3.33994,0.39445,0.54045,0.00119743,0.00119743,0.00119743
439,2341.82,3.37587,0.41555,0.55298,0.70534,0.48078,0.56097,0.28341,3.31116,0.39146,0.54022,0.00119436,0.00119436,0.00119436
440,2347.67,3.43353,0.44171,0.54968,0.70455,0.4779,0.55608,0.27922,3.35544,0.39316,0.54006,0.00119128,0.00119128,0.00119128
441,2353.03,3.81021,0.45891,0.5418,0.70595,0.47803,0.55328,0.27401,3.40529,0.39839,0.54057,0.00118819,0.00118819,0.00118819
442,2358.3,3.25832,0.41673,0.55548,0.70905,0.47941,0.5594,0.27358,3.42413,0.39832,0.54068,0.00118511,0.00118511,0.00118511
443,2363.53,3.41925,0.42431,0.55921,0.71283,0.48105,0.56313,0.27701,3.39672,0.3944,0.54058,0.00118202,0.00118202,0.00118202
444,2368.78,3.37914,0.43735,0.55478,0.71386,0.47129,0.55681,0.27337,3.42816,0.3992,0.54053,0.00117894,0.00117894,0.00117894
445,2374,3.43364,0.4227,0.55575,0.70212,0.46719,0.55358,0.26893,3.5171,0.40651,0.54048,0.00117585,0.00117585,0.00117585
446,2379.45,3.45882,0.42581,0.55594,0.69278,0.46362,0.5506,0.26543,3.56222,0.40927,0.54023,0.00117276,0.00117276,0.00117276
447,2384.68,3.66783,0.43908,0.54482,0.69594,0.47543,0.56118,0.27571,3.43373,0.40317,0.53988,0.00116966,0.00116966,0.00116966
448,2389.97,3.43011,0.43023,0.55497,0.69249,0.47488,0.55657,0.27289,3.4404,0.4018,0.54028,0.00116657,0.00116657,0.00116657
449,2395.26,3.9974,0.48692,0.54085,0.69818,0.47035,0.55524,0.27691,3.39004,0.39967,0.53962,0.00116347,0.00116347,0.00116347
450,2400.48,3.54088,0.44056,0.54159,0.70279,0.47446,0.5592,0.28493,3.30895,0.39551,0.5385,0.00116038,0.00116038,0.00116038
451,2406.1,3.32917,0.41045,0.54734,0.70324,0.48147,0.56358,0.28567,3.29093,0.3895,0.5383,0.00115728,0.00115728,0.00115728
452,2411.97,3.52384,0.43213,0.55215,0.69612,0.47872,0.56139,0.28187,3.33964,0.39311,0.53837,0.00115418,0.00115418,0.00115418
453,2417.17,3.54415,0.42701,0.55191,0.69488,0.47735,0.56148,0.28247,3.33557,0.39402,0.53833,0.00115108,0.00115108,0.00115108
454,2422.44,3.44863,0.42334,0.55045,0.70507,0.48213,0.56548,0.28891,3.27356,0.38686,0.53818,0.00114797,0.00114797,0.00114797
455,2428,3.64035,0.44239,0.54616,0.71388,0.48469,0.5691,0.28734,3.31131,0.38549,0.53881,0.00114487,0.00114487,0.00114487
456,2433.36,3.50258,0.42822,0.55468,0.70584,0.48476,0.56641,0.28094,3.3671,0.38636,0.53943,0.00114176,0.00114176,0.00114176
457,2438.6,3.8125,0.48787,0.55115,0.70199,0.4816,0.56049,0.27773,3.37158,0.38858,0.5401,0.00113865,0.00113865,0.00113865
458,2444.29,3.24165,0.40078,0.55242,0.69048,0.47103,0.55135,0.27563,3.39409,0.39307,0.5399,0.00113554,0.00113554,0.00113554
459,2449.53,3.51335,0.43105,0.54409,0.68575,0.46636,0.54705,0.26513,3.5162,0.4033,0.54101,0.00113243,0.00113243,0.00113243
460,2454.85,3.39123,0.4142,0.55524,0.69693,0.47639,0.55465,0.2723,3.42019,0.39901,0.54061,0.00112932,0.00112932,0.00112932
461,2460.07,3.51827,0.43742,0.56156,0.69523,0.47509,0.55398,0.26626,3.46297,0.4051,0.54166,0.00112621,0.00112621,0.00112621
462,2465.38,3.51109,0.45699,0.56966,0.70007,0.47433,0.55738,0.27946,3.32942,0.39352,0.54019,0.00112309,0.00112309,0.00112309
463,2470.69,3.3734,0.43274,0.55568,0.69653,0.47158,0.55656,0.27918,3.33997,0.39318,0.54013,0.00111998,0.00111998,0.00111998
464,2476.05,3.49777,0.42442,0.55324,0.71009,0.47254,0.557,0.28061,3.3012,0.38927,0.53989,0.00111686,0.00111686,0.00111686
465,2481.26,3.60653,0.4384,0.54988,0.71114,0.47758,0.55832,0.28118,3.30206,0.38942,0.53946,0.00111374,0.00111374,0.00111374
466,2486.59,3.54896,0.441,0.55076,0.71002,0.48339,0.56927,0.28609,3.32801,0.38951,0.53975,0.00111062,0.00111062,0.00111062
467,2491.85,3.81331,0.44496,0.54593,0.7138,0.48558,0.57247,0.28959,3.31493,0.38917,0.53957,0.0011075,0.0011075,0.0011075
468,2497.6,3.36836,0.41807,0.55262,0.71686,0.48819,0.5708,0.28942,3.29097,0.3838,0.53923,0.00110438,0.00110438,0.00110438
469,2502.91,3.55679,0.4316,0.54439,0.71742,0.48984,0.57158,0.2901,3.29517,0.38477,0.53866,0.00110126,0.00110126,0.00110126
470,2508.68,3.07273,0.39713,0.5631,0.7153,0.4838,0.56675,0.28599,3.28618,0.38445,0.53877,0.00109814,0.00109814,0.00109814
471,2513.95,3.42731,0.41397,0.54757,0.71038,0.48737,0.56955,0.28492,3.30098,0.38306,0.53871,0.00109501,0.00109501,0.00109501
472,2519.27,3.23818,0.40321,0.55495,0.71395,0.48298,0.57096,0.28973,3.28131,0.38225,0.53786,0.00109189,0.00109189,0.00109189
473,2524.54,3.11312,0.40122,0.54978,0.71115,0.48284,0.56547,0.28655,3.29302,0.38172,0.53827,0.00108876,0.00108876,0.00108876
474,2529.92,3.48556,0.44398,0.54514,0.6977,0.47876,0.55843,0.27107,3.45414,0.39433,0.54003,0.00108564,0.00108564,0.00108564
475,2535.24,3.58652,0.4443,0.5484,0.69294,0.47309,0.55508,0.26372,3.53135,0.39963,0.54117,0.00108251,0.00108251,0.00108251
476,2540.43,3.5685,0.43936,0.54877,0.69512,0.47927,0.55847,0.27381,3.42216,0.39624,0.5408,0.00107938,0.00107938,0.00107938
477,2545.7,3.33068,0.40976,0.56362,0.70264,0.47752,0.56014,0.27432,3.4147,0.39729,0.54068,0.00107625,0.00107625,0.00107625
478,2550.99,3.69469,0.4573,0.54884,0.69073,0.47597,0.55681,0.26816,3.48416,0.40008,0.54036,0.00107312,0.00107312,0.00107312
479,2556.12,3.61215,0.44637,0.54115,0.69411,0.47663,0.55836,0.27196,3.46494,0.39725,0.5402,0.00106999,0.00106999,0.00106999
480,2561.54,3.62456,0.46723,0.55088,0.70532,0.48133,0.56349,0.28318,3.29746,0.38723,0.53961,0.00106686,0.00106686,0.00106686
481,2566.79,3.21212,0.39247,0.55716,0.70916,0.48174,0.56663,0.28404,3.29253,0.38485,0.53978,0.00106373,0.00106373,0.00106373
482,2572.04,3.30051,0.40121,0.55343,0.7071,0.47721,0.56205,0.27558,3.39355,0.39053,0.54106,0.0010606,0.0010606,0.0010606
483,2577.33,3.42979,0.42395,0.54841,0.71405,0.47392,0.56263,0.27647,3.39496,0.39203,0.54084,0.00105746,0.00105746,0.00105746
484,2582.68,3.29258,0.41101,0.55265,0.71354,0.47913,0.56893,0.28777,3.28452,0.38723,0.53916,0.00105433,0.00105433,0.00105433
485,2587.86,3.85383,0.47328,0.54097,0.71476,0.47681,0.5635,0.28302,3.33567,0.38768,0.53953,0.00105119,0.00105119,0.00105119
486,2593.29,3.34901,0.40359,0.55851,0.72028,0.47419,0.56334,0.28415,3.31645,0.38626,0.53917,0.00104806,0.00104806,0.00104806
487,2598.5,3.25441,0.41124,0.5571,0.71848,0.47721,0.56494,0.28641,3.26985,0.38283,0.53829,0.00104492,0.00104492,0.00104492
488,2603.64,3.39977,0.40473,0.54063,0.71914,0.4735,0.56083,0.28164,3.32464,0.38597,0.53835,0.00104179,0.00104179,0.00104179
489,2609.01,3.18142,0.39162,0.55124,0.70652,0.47611,0.5586,0.28394,3.31067,0.38547,0.53874,0.00103865,0.00103865,0.00103865
490,2614.23,3.67195,0.44847,0.54929,0.70244,0.47694,0.55868,0.2847,3.27257,0.38393,0.53831,0.00103552,0.00103552,0.00103552
491,2619.49,3.33146,0.40997,0.55758,0.70812,0.47735,0.56147,0.28345,3.30924,0.38672,0.5385,0.00103238,0.00103238,0.00103238
492,2624.9,3.39517,0.41767,0.56316,0.72053,0.47803,0.56771,0.28492,3.32746,0.38965,0.53929,0.00102924,0.00102924,0.00102924
493,2630.03,3.58017,0.42983,0.54874,0.72053,0.47996,0.57229,0.28963,3.28527,0.39017,0.53908,0.0010261,0.0010261,0.0010261
494,2635.35,3.19273,0.39607,0.54845,0.7207,0.47405,0.57705,0.29145,3.28269,0.39589,0.53881,0.00102297,0.00102297,0.00102297
495,2641.07,3.37966,0.42663,0.54354,0.71898,0.47639,0.57635,0.29106,3.29514,0.39306,0.53899,0.00101983,0.00101983,0.00101983
496,2646.27,3.41438,0.42428,0.5427,0.71259,0.48517,0.57724,0.29308,3.25829,0.3864,0.53837,0.00101669,0.00101669,0.00101669
497,2652.02,3.28439,0.42414,0.54452,0.71222,0.4871,0.57786,0.29341,3.26296,0.38674,0.53834,0.00101355,0.00101355,0.00101355
498,2657.79,3.34546,0.40699,0.54788,0.71327,0.48529,0.57529,0.29027,3.28424,0.38873,0.53829,0.00101042,0.00101042,0.00101042
499,2662.99,3.38747,0.41815,0.5446,0.70934,0.48806,0.56964,0.28362,3.33143,0.38946,0.53842,0.00100728,0.00100728,0.00100728
500,2668.34,3.45521,0.42442,0.54326,0.71007,0.49533,0.57253,0.28514,3.31701,0.38747,0.53818,0.00100414,0.00100414,0.00100414
501,2673.64,3.54652,0.41926,0.5408,0.70422,0.4908,0.56967,0.28393,3.31961,0.38724,0.53808,0.001001,0.001001,0.001001
502,2678.9,3.49839,0.42339,0.54477,0.70674,0.48778,0.56864,0.28408,3.31532,0.3873,0.5382,0.000997862,0.000997862,0.000997862
503,2684.16,3.24919,0.40633,0.55854,0.70707,0.49012,0.57201,0.28823,3.27741,0.38482,0.53819,0.000994723,0.000994723,0.000994723
504,2689.57,3.52446,0.4283,0.54447,0.70335,0.4908,0.57179,0.28795,3.27613,0.38083,0.53837,0.000991585,0.000991585,0.000991585
505,2694.74,3.43176,0.43245,0.55981,0.70271,0.48775,0.57236,0.28639,3.30729,0.38201,0.53884,0.000988447,0.000988447,0.000988447
506,2700.21,3.60607,0.44503,0.54497,0.70271,0.48256,0.57092,0.28456,3.3418,0.38527,0.53963,0.000985308,0.000985308,0.000985308
507,2705.5,3.53169,0.42889,0.54933,0.70527,0.47941,0.57257,0.28637,3.32305,0.3832,0.53951,0.00098217,0.00098217,0.00098217
508,2710.84,3.35807,0.42692,0.56614,0.71932,0.47529,0.57286,0.28852,3.29084,0.38359,0.53963,0.000979033,0.000979033,0.000979033
509,2716.15,3.37114,0.41594,0.54822,0.72175,0.47213,0.5703,0.2857,3.31386,0.38601,0.53964,0.000975895,0.000975895,0.000975895
510,2721.41,3.37404,0.41496,0.53972,0.7159,0.46554,0.55794,0.27653,3.38351,0.3922,0.54025,0.000972758,0.000972758,0.000972758
511,2726.67,3.22595,0.40925,0.55833,0.71434,0.46623,0.55815,0.28207,3.30801,0.38794,0.53928,0.000969621,0.000969621,0.000969621
512,2732.01,3.58389,0.431,0.5465,0.71454,0.46322,0.55408,0.28089,3.28938,0.39038,0.53885,0.000966484,0.000966484,0.000966484
513,2737.21,3.51309,0.41913,0.54036,0.71154,0.46158,0.5507,0.27885,3.31833,0.39429,0.53872,0.000963348,0.000963348,0.000963348
514,2742.6,3.38494,0.40822,0.54562,0.71065,0.4617,0.5477,0.27672,3.30781,0.39726,0.53854,0.000960211,0.000960211,0.000960211
515,2747.92,3.33139,0.39741,0.54773,0.7051,0.4589,0.54641,0.27136,3.36674,0.39958,0.53834,0.000957076,0.000957076,0.000957076
516,2753.25,3.29317,0.40357,0.54933,0.70426,0.4654,0.55301,0.27684,3.30239,0.39296,0.53812,0.000953941,0.000953941,0.000953941
517,2758.65,3.62749,0.43963,0.55075,0.70666,0.47254,0.55871,0.28362,3.25231,0.3854,0.53754,0.000950806,0.000950806,0.000950806
518,2763.94,3.21057,0.38458,0.54973,0.70364,0.47721,0.56176,0.28567,3.27191,0.38415,0.53771,0.000947672,0.000947672,0.000947672
519,2769.12,3.53568,0.42291,0.53893,0.71389,0.48094,0.56966,0.29085,3.23952,0.38075,0.53716,0.000944538,0.000944538,0.000944538
520,2774.51,3.52847,0.42604,0.54712,0.73279,0.47927,0.57715,0.29397,3.22971,0.3811,0.5371,0.000941405,0.000941405,0.000941405
521,2780.09,3.47879,0.42876,0.54741,0.72628,0.47996,0.57601,0.28992,3.26508,0.38322,0.53763,0.000938272,0.000938272,0.000938272
522,2785.31,3.47623,0.42465,0.54534,0.70908,0.49231,0.57607,0.28298,3.3434,0.3939,0.53908,0.00093514,0.00093514,0.00093514
523,2790.49,3.55064,0.42365,0.53871,0.70838,0.49355,0.57777,0.28952,3.28155,0.38751,0.53882,0.000932009,0.000932009,0.000932009
524,2795.68,3.18481,0.4114,0.55122,0.70683,0.48425,0.56882,0.2838,3.34387,0.38957,0.53873,0.000928878,0.000928878,0.000928878
525,2801.1,3.44937,0.41548,0.55106,0.70597,0.48105,0.56739,0.28314,3.35469,0.38797,0.53879,0.000925749,0.000925749,0.000925749
526,2806.53,3.76058,0.45213,0.54631,0.71144,0.48336,0.57194,0.29139,3.26425,0.38029,0.53835,0.000922619,0.000922619,0.000922619
527,2811.78,3.34164,0.40333,0.54494,0.72017,0.48256,0.57476,0.29309,3.25522,0.37941,0.53824,0.000919491,0.000919491,0.000919491
528,2817.13,3.48896,0.44097,0.54906,0.72569,0.48613,0.57453,0.29171,3.24293,0.3789,0.53773,0.000916363,0.000916363,0.000916363
529,2822.33,3.37046,0.40832,0.54906,0.7258,0.48572,0.57222,0.28606,3.30935,0.38538,0.5385,0.000913237,0.000913237,0.000913237
530,2827.61,3.54124,0.47059,0.55369,0.71813,0.48759,0.57051,0.2825,3.32701,0.3922,0.53849,0.000910111,0.000910111,0.000910111
531,2833.14,3.12183,0.38017,0.54814,0.71858,0.47913,0.56099,0.26953,3.44783,0.40608,0.53967,0.000906986,0.000906986,0.000906986
532,2838.59,3.57093,0.43801,0.56288,0.7153,0.47529,0.55801,0.2646,3.52007,0.40654,0.54029,0.000903862,0.000903862,0.000903862
533,2843.77,3.40408,0.42748,0.54696,0.72344,0.4838,0.57298,0.28288,3.34982,0.38891,0.53869,0.000900739,0.000900739,0.000900739
534,2849.17,3.31854,0.40716,0.55498,0.73495,0.48188,0.5782,0.29361,3.24553,0.3814,0.53738,0.000897617,0.000897617,0.000897617
535,2854.43,3.41393,0.4158,0.54564,0.7292,0.48244,0.57816,0.29389,3.25604,0.38063,0.53739,0.000894495,0.000894495,0.000894495
536,2859.81,3.53243,0.43176,0.54617,0.71885,0.48517,0.57775,0.28891,3.3221,0.38626,0.538,0.000891375,0.000891375,0.000891375
537,2865.26,3.42198,0.42879,0.54548,0.71634,0.48833,0.57889,0.29145,3.29666,0.38351,0.53779,0.000888256,0.000888256,0.000888256
538,2870.48,2.83573,0.37269,0.55653,0.72124,0.48586,0.57432,0.29348,3.23007,0.3801,0.53684,0.000885139,0.000885139,0.000885139
539,2875.74,3.03038,0.38099,0.55571,0.72036,0.48309,0.57267,0.28945,3.2684,0.38195,0.53703,0.000882022,0.000882022,0.000882022
540,2881.01,3.27902,0.4096,0.54204,0.71773,0.4838,0.57083,0.2882,3.29388,0.38012,0.53741,0.000878906,0.000878906,0.000878906
541,2886.25,3.29134,0.38727,0.54492,0.71638,0.48687,0.57159,0.29136,3.23249,0.37736,0.53717,0.000875792,0.000875792,0.000875792
542,2891.61,3.44628,0.43117,0.55786,0.72241,0.48806,0.57331,0.28813,3.25873,0.38284,0.53795,0.000872679,0.000872679,0.000872679
543,2896.93,3.57931,0.4344,0.54453,0.71968,0.48435,0.57279,0.28629,3.29536,0.38673,0.53844,0.000869567,0.000869567,0.000869567
544,2902.24,3.38186,0.41074,0.55223,0.72093,0.48305,0.57511,0.2954,3.21392,0.37978,0.53787,0.000866457,0.000866457,0.000866457
545,2907.91,3.67888,0.44024,0.53504,0.71649,0.47941,0.57382,0.29786,3.19456,0.37862,0.53759,0.000863347,0.000863347,0.000863347
546,2913.6,3.28879,0.40974,0.5437,0.70393,0.47131,0.56071,0.28374,3.29126,0.38855,0.53891,0.00086024,0.00086024,0.00086024
547,2918.82,3.88476,0.47348,0.55368,0.71362,0.47378,0.56295,0.28721,3.25618,0.38322,0.53862,0.000857133,0.000857133,0.000857133
548,2924.12,3.01684,0.37509,0.54861,0.72287,0.47198,0.56965,0.29344,3.22431,0.3775,0.5378,0.000854028,0.000854028,0.000854028
549,2929.42,3.51936,0.41418,0.53677,0.72444,0.46921,0.56616,0.29351,3.2173,0.37909,0.5374,0.000850925,0.000850925,0.000850925
550,2934.77,3.32384,0.41173,0.54858,0.72025,0.47858,0.57181,0.2976,3.1758,0.37248,0.53716,0.000847823,0.000847823,0.000847823
551,2939.97,3.37403,0.41495,0.55428,0.72535,0.48187,0.57277,0.29699,3.18144,0.37144,0.5373,0.000844722,0.000844722,0.000844722
552,2945.26,3.52759,0.41075,0.54274,0.72529,0.48426,0.57688,0.29934,3.17013,0.37183,0.53722,0.000841623,0.000841623,0.000841623
553,2950.93,3.37646,0.41642,0.54785,0.72586,0.48147,0.5753,0.29946,3.16147,0.37359,0.53732,0.000838525,0.000838525,0.000838525
554,2956.63,3.65916,0.45635,0.54397,0.7192,0.48298,0.57563,0.29535,3.21255,0.3728,0.53745,0.00083543,0.00083543,0.00083543
555,2961.95,3.25596,0.41326,0.56882,0.71383,0.48174,0.57524,0.29378,3.23995,0.37385,0.53742,0.000832335,0.000832335,0.000832335
556,2967.37,3.19567,0.38207,0.54597,0.71472,0.48429,0.57227,0.29592,3.21823,0.37121,0.53781,0.000829243,0.000829243,0.000829243
557,2972.57,3.50206,0.41486,0.55021,0.71667,0.48339,0.5721,0.29391,3.22229,0.37199,0.53807,0.000826152,0.000826152,0.000826152
558,2977.83,3.59616,0.44044,0.53697,0.72168,0.47172,0.56849,0.28529,3.32354,0.38106,0.53832,0.000823063,0.000823063,0.000823063
559,2983.04,3.37901,0.40604,0.54658,0.71583,0.46801,0.56533,0.27819,3.43607,0.38806,0.53906,0.000819975,0.000819975,0.000819975
560,2988.37,3.30376,0.4034,0.53849,0.72019,0.48188,0.57608,0.29189,3.29572,0.37611,0.53839,0.00081689,0.00081689,0.00081689
561,2993.58,3.40047,0.41259,0.53975,0.72656,0.48462,0.57908,0.29675,3.22493,0.37123,0.53768,0.000813806,0.000813806,0.000813806
562,2998.92,3.33983,0.42793,0.55729,0.72204,0.48682,0.58002,0.29857,3.22145,0.37243,0.53696,0.000810724,0.000810724,0.000810724
563,3004.17,2.93063,0.37379,0.54439,0.72189,0.48785,0.57826,0.29562,3.23798,0.37511,0.5369,0.000807644,0.000807644,0.000807644
564,3009.53,3.67798,0.42268,0.52957,0.72379,0.49215,0.57648,0.2954,3.21765,0.37313,0.53717,0.000804566,0.000804566,0.000804566
565,3014.83,2.9968,0.37679,0.54596,0.73004,0.48627,0.57578,0.29818,3.17086,0.36954,0.53677,0.00080149,0.00080149,0.00080149
566,3020.09,3.46752,0.41667,0.54485,0.72749,0.48847,0.5828,0.30293,3.13409,0.36704,0.53672,0.000798415,0.000798415,0.000798415
567,3025.8,3.23556,0.39831,0.5567,0.72514,0.48788,0.58076,0.30103,3.15057,0.36612,0.53667,0.000795343,0.000795343,0.000795343
568,3031.14,3.11205,0.38643,0.54456,0.72196,0.48553,0.57567,0.28624,3.29259,0.37653,0.53779,0.000792273,0.000792273,0.000792273
569,3036.44,3.53438,0.43972,0.55217,0.72138,0.48163,0.57045,0.28494,3.303,0.37923,0.53775,0.000789205,0.000789205,0.000789205
570,3041.75,3.66467,0.45847,0.54882,0.72389,0.48174,0.56946,0.29217,3.19384,0.37212,0.5371,0.000786139,0.000786139,0.000786139
571,3047.05,3.59609,0.43313,0.54481,0.72305,0.48816,0.57485,0.29483,3.18121,0.37019,0.5373,0.000783075,0.000783075,0.000783075
572,3052.28,3.34132,0.42413,0.55048,0.7287,0.49228,0.58445,0.29702,3.20976,0.37382,0.53724,0.000780013,0.000780013,0.000780013
573,3057.75,3.46036,0.43687,0.55394,0.72703,0.49216,0.58878,0.30049,3.2208,0.3742,0.53733,0.000776954,0.000776954,0.000776954
574,3063.07,3.05429,0.37929,0.54248,0.72999,0.49368,0.59552,0.30792,3.17145,0.37504,0.5362,0.000773896,0.000773896,0.000773896
575,3068.56,3.17038,0.38487,0.55686,0.72708,0.49046,0.5954,0.30657,3.19778,0.37826,0.53638,0.000770841,0.000770841,0.000770841
576,3073.81,3.36048,0.41761,0.54488,0.71804,0.48105,0.58377,0.29524,3.30363,0.38345,0.53737,0.000767788,0.000767788,0.000767788
577,3079.05,3.21571,0.40789,0.55041,0.72076,0.48476,0.58402,0.29517,3.27958,0.37628,0.53727,0.000764738,0.000764738,0.000764738
578,3084.43,3.29971,0.41754,0.5453,0.71853,0.48902,0.57853,0.29434,3.21204,0.37083,0.53648,0.000761689,0.000761689,0.000761689
579,3089.82,3.38066,0.43263,0.55431,0.71951,0.49022,0.5788,0.29525,3.19421,0.37101,0.53601,0.000758643,0.000758643,0.000758643
580,3095.06,3.47227,0.42992,0.54668,0.72511,0.48236,0.57168,0.29313,3.21665,0.37593,0.53662,0.0007556,0.0007556,0.0007556
581,3100.43,3.23909,0.40052,0.54147,0.72778,0.48302,0.57376,0.2958,3.17869,0.3726,0.53633,0.000752559,0.000752559,0.000752559
582,3105.68,3.25449,0.40621,0.53766,0.71128,0.48915,0.5711,0.28817,3.26901,0.37924,0.53756,0.00074952,0.00074952,0.00074952
583,3110.85,3.0112,0.38191,0.54712,0.70901,0.48778,0.56952,0.28679,3.27242,0.38293,0.53778,0.000746484,0.000746484,0.000746484
584,3116.35,3.08716,0.38557,0.54014,0.72425,0.48915,0.57562,0.2946,3.18223,0.37062,0.53649,0.00074345,0.00074345,0.00074345
585,3121.57,3.88538,0.46461,0.5315,0.73117,0.48914,0.57643,0.29694,3.17066,0.3691,0.53636,0.000740419,0.000740419,0.000740419
586,3126.82,3.50698,0.4326,0.53304,0.73418,0.48806,0.57694,0.29607,3.19287,0.36971,0.53646,0.000737391,0.000737391,0.000737391
587,3132.14,3.35076,0.40879,0.54821,0.72885,0.49176,0.57868,0.29508,3.20565,0.37024,0.53653,0.000734365,0.000734365,0.000734365
588,3137.4,3.12092,0.3972,0.5398,0.72597,0.48888,0.58041,0.29854,3.188,0.36897,0.53587,0.000731342,0.000731342,0.000731342
589,3142.82,3.18641,0.38449,0.54303,0.7197,0.48999,0.57955,0.29719,3.19964,0.36931,0.53572,0.000728321,0.000728321,0.000728321
590,3148.2,3.09964,0.38504,0.55518,0.72483,0.49218,0.58402,0.29752,3.23245,0.37568,0.53584,0.000725303,0.000725303,0.000725303
591,3153.37,3.14888,0.3824,0.54616,0.73069,0.49093,0.58501,0.29597,3.25358,0.3776,0.5363,0.000722288,0.000722288,0.000722288
592,3158.58,3.56589,0.42551,0.5381,0.72391,0.49423,0.58601,0.29966,3.20364,0.37402,0.53621,0.000719275,0.000719275,0.000719275
593,3163.82,3.37144,0.4005,0.54646,0.72477,0.49506,0.58566,0.29925,3.19383,0.37319,0.53615,0.000716266,0.000716266,0.000716266
594,3169.03,3.39649,0.39987,0.5511,0.73201,0.49163,0.58499,0.29984,3.1804,0.37071,0.53581,0.000713259,0.000713259,0.000713259
595,3174.48,3.47232,0.41838,0.53735,0.73058,0.49326,0.58528,0.29875,3.20032,0.37215,0.53612,0.000710255,0.000710255,0.000710255
596,3179.76,3.2924,0.39945,0.54042,0.72808,0.49552,0.58561,0.29853,3.21724,0.37207,0.53628,0.000707254,0.000707254,0.000707254
597,3184.84,3.3992,0.43162,0.5525,0.72691,0.49662,0.58659,0.30111,3.18329,0.36906,0.53637,0.000704255,0.000704255,0.000704255
598,3190.29,3.47422,0.42039,0.54904,0.73263,0.49533,0.58875,0.30136,3.16599,0.36783,0.53636,0.00070126,0.00070126,0.00070126
599,3195.49,3.3789,0.40099,0.53422,0.72978,0.49424,0.58739,0.30167,3.1632,0.36757,0.53639,0.000698268,0.000698268,0.000698268
600,3200.92,3.46831,0.4179,0.53829,0.72765,0.48998,0.58773,0.30507,3.14964,0.36619,0.5357,0.000695278,0.000695278,0.000695278
601,3206.28,3.33511,0.40965,0.55079,0.73122,0.49176,0.58869,0.30672,3.13726,0.36443,0.53584,0.000692292,0.000692292,0.000692292
602,3211.47,3.19261,0.40258,0.54629,0.73344,0.49163,0.5864,0.30221,3.16972,0.36546,0.53627,0.000689309,0.000689309,0.000689309
603,3216.75,2.93464,0.37186,0.54826,0.72909,0.49616,0.589,0.30404,3.16296,0.36369,0.53606,0.000686328,0.000686328,0.000686328
604,3221.99,3.30654,0.3918,0.5371,0.72981,0.49945,0.59298,0.30518,3.1542,0.36131,0.5361,0.000683351,0.000683351,0.000683351
605,3227.22,3.36435,0.41999,0.53477,0.73702,0.49794,0.59275,0.30546,3.15548,0.36253,0.5361,0.000680377,0.000680377,0.000680377
606,3232.48,3.59117,0.4625,0.54952,0.73439,0.49245,0.58733,0.30384,3.17852,0.36532,0.5363,0.000677406,0.000677406,0.000677406
607,3238,2.93295,0.3683,0.54969,0.72662,0.48888,0.58291,0.30174,3.20467,0.36863,0.53676,0.000674439,0.000674439,0.000674439
608,3243.21,3.05002,0.38528,0.54045,0.73188,0.49368,0.5867,0.30501,3.14409,0.36624,0.53629,0.000671474,0.000671474,0.000671474
609,3248.5,3.23628,0.39792,0.54375,0.74006,0.49423,0.59049,0.30693,3.12455,0.36519,0.53601,0.000668513,0.000668513,0.000668513
610,3253.76,2.85538,0.36354,0.53886,0.73052,0.49108,0.58665,0.30257,3.19155,0.37041,0.5365,0.000665555,0.000665555,0.000665555
611,3258.92,3.19353,0.39015,0.5402,0.72924,0.49094,0.58598,0.30354,3.17851,0.36936,0.53648,0.000662601,0.000662601,0.000662601
612,3264.35,3.5223,0.41147,0.53375,0.73096,0.49497,0.59146,0.3085,3.13597,0.36506,0.53611,0.00065965,0.00065965,0.00065965
613,3269.94,3.40735,0.40911,0.53279,0.73556,0.49644,0.59302,0.30768,3.13193,0.3634,0.53612,0.000656702,0.000656702,0.000656702
614,3275.17,3.08469,0.386,0.54292,0.74036,0.49451,0.59848,0.31122,3.13751,0.36418,0.53602,0.000653757,0.000653757,0.000653757
615,3280.74,3.43695,0.41289,0.54706,0.74073,0.493,0.59906,0.31119,3.15894,0.36682,0.53585,0.000650816,0.000650816,0.000650816
616,3286.04,3.42031,0.42972,0.54443,0.73975,0.493,0.59587,0.31052,3.16362,0.36581,0.53602,0.000647879,0.000647879,0.000647879
617,3291.17,3.52291,0.41592,0.53586,0.731,0.49272,0.58935,0.30658,3.18272,0.36667,0.53643,0.000644945,0.000644945,0.000644945
618,3296.67,3.49228,0.40855,0.54402,0.72526,0.4907,0.5838,0.30437,3.16254,0.36617,0.53619,0.000642014,0.000642014,0.000642014
619,3301.92,3.46066,0.40559,0.54475,0.72971,0.48572,0.58001,0.30409,3.15395,0.36446,0.53606,0.000639087,0.000639087,0.000639087
620,3307.14,3.56327,0.41439,0.54023,0.72697,0.48284,0.57877,0.30394,3.15366,0.36533,0.53632,0.000636163,0.000636163,0.000636163
621,3312.51,3.63323,0.43501,0.54024,0.72572,0.48313,0.58159,0.30618,3.14997,0.36569,0.53633,0.000633244,0.000633244,0.000633244
622,3317.78,3.31134,0.39934,0.54261,0.73369,0.48981,0.58762,0.31015,3.11221,0.3628,0.53548,0.000630327,0.000630327,0.000630327
623,3323.11,3.2442,0.40182,0.55008,0.73417,0.49272,0.58957,0.30952,3.11586,0.3629,0.53533,0.000627415,0.000627415,0.000627415
624,3328.62,3.35683,0.41184,0.54505,0.72166,0.49121,0.58491,0.30615,3.15235,0.36501,0.5353,0.000624506,0.000624506,0.000624506
625,3333.92,3.24542,0.39267,0.55146,0.72856,0.48641,0.58215,0.30335,3.16293,0.36618,0.53523,0.000621601,0.000621601,0.000621601
626,3339.13,3.26058,0.40467,0.5394,0.7319,0.486,0.58241,0.30613,3.12325,0.36293,0.53513,0.000618699,0.000618699,0.000618699
627,3344.44,3.44629,0.42803,0.5424,0.73983,0.48682,0.5839,0.30702,3.11977,0.36311,0.53514,0.000615802,0.000615802,0.000615802
628,3349.69,3.51819,0.4164,0.53608,0.73198,0.48545,0.57963,0.30105,3.1729,0.36766,0.53566,0.000612908,0.000612908,0.000612908
629,3354.84,3.20818,0.39655,0.55737,0.73294,0.48682,0.58041,0.30081,3.18337,0.36893,0.53553,0.000610018,0.000610018,0.000610018
630,3360.21,3.27619,0.39679,0.55236,0.73309,0.48476,0.5802,0.30206,3.1797,0.36962,0.53538,0.000607132,0.000607132,0.000607132
631,3365.41,3.19616,0.41036,0.53551,0.72967,0.48819,0.5831,0.30428,3.15082,0.36768,0.53485,0.000604249,0.000604249,0.000604249
632,3370.67,3.41181,0.41689,0.54039,0.7238,0.49506,0.58793,0.30725,3.12111,0.36723,0.53469,0.000601371,0.000601371,0.000601371
633,3376.03,3.11073,0.39009,0.54139,0.72019,0.49823,0.58797,0.3054,3.13204,0.36855,0.53484,0.000598496,0.000598496,0.000598496
634,3381.42,3.14214,0.39644,0.54957,0.72276,0.49713,0.58627,0.30424,3.14292,0.36937,0.53458,0.000595626,0.000595626,0.000595626
635,3386.93,2.97169,0.36973,0.55146,0.72382,0.49725,0.5882,0.30497,3.12684,0.36829,0.53431,0.00059276,0.00059276,0.00059276
636,3392.47,3.09278,0.38681,0.55143,0.72347,0.49012,0.58642,0.30634,3.13408,0.36892,0.53437,0.000589897,0.000589897,0.000589897
637,3397.69,2.97472,0.39677,0.54866,0.72298,0.48872,0.58591,0.30482,3.14237,0.3692,0.53455,0.000587039,0.000587039,0.000587039
638,3402.96,3.45994,0.43756,0.53439,0.729,0.49204,0.58653,0.30033,3.16708,0.37147,0.53485,0.000584185,0.000584185,0.000584185
639,3408.17,3.2169,0.38974,0.54362,0.72971,0.49035,0.58447,0.3004,3.16547,0.36994,0.53502,0.000581334,0.000581334,0.000581334
640,3413.47,3.64637,0.43531,0.53525,0.73508,0.49292,0.5865,0.30554,3.1339,0.36642,0.53478,0.000578488,0.000578488,0.000578488
641,3418.86,3.7474,0.45067,0.53914,0.73817,0.49382,0.58804,0.30717,3.14559,0.36839,0.5341,0.000575646,0.000575646,0.000575646
642,3424.1,2.6921,0.34611,0.53769,0.7285,0.48147,0.58028,0.30473,3.13965,0.36735,0.53329,0.000572809,0.000572809,0.000572809
643,3429.32,3.48318,0.42838,0.54856,0.74397,0.48449,0.58326,0.30699,3.11533,0.36549,0.53308,0.000569975,0.000569975,0.000569975
644,3434.66,3.17858,0.40585,0.54177,0.74308,0.48681,0.58454,0.30783,3.12094,0.36497,0.53252,0.000567146,0.000567146,0.000567146
645,3439.85,3.29435,0.39103,0.53474,0.74466,0.4827,0.58388,0.30883,3.1227,0.36644,0.53265,0.000564321,0.000564321,0.000564321
646,3445.31,3.23961,0.41705,0.54991,0.74907,0.48531,0.58736,0.3109,3.10247,0.36528,0.53254,0.000561501,0.000561501,0.000561501
647,3450.52,3.33411,0.42773,0.54271,0.75263,0.48786,0.58779,0.31123,3.09941,0.36483,0.53272,0.000558685,0.000558685,0.000558685
648,3456.17,3.01031,0.37616,0.54064,0.7418,0.48943,0.58332,0.3053,3.13963,0.36727,0.53242,0.000555873,0.000555873,0.000555873
649,3461.46,3.06495,0.40363,0.5576,0.74528,0.48627,0.58074,0.30343,3.15735,0.36828,0.53203,0.000553065,0.000553065,0.000553065
650,3466.76,3.13256,0.3954,0.5516,0.7467,0.47858,0.57655,0.3024,3.15233,0.37162,0.53186,0.000550262,0.000550262,0.000550262
651,3471.84,3.25569,0.40415,0.53874,0.74058,0.47515,0.57161,0.30089,3.15404,0.37298,0.53194,0.000547463,0.000547463,0.000547463
652,3477.33,3.33951,0.40137,0.53863,0.73113,0.48723,0.57735,0.30034,3.17382,0.37352,0.53226,0.000544669,0.000544669,0.000544669
653,3482.48,3.60436,0.44232,0.5353,0.72707,0.48737,0.57791,0.30019,3.18673,0.37355,0.53267,0.00054188,0.00054188,0.00054188
654,3487.69,3.25462,0.40201,0.53642,0.73362,0.48531,0.57712,0.30062,3.19467,0.37483,0.53274,0.000539095,0.000539095,0.000539095
655,3492.84,3.11707,0.39781,0.53437,0.7393,0.4871,0.58047,0.30291,3.1759,0.37374,0.5326,0.000536314,0.000536314,0.000536314
656,3498.11,3.46886,0.4444,0.54127,0.7326,0.49231,0.5816,0.30153,3.20381,0.37527,0.53251,0.000533538,0.000533538,0.000533538
657,3503.21,3.14294,0.38598,0.53981,0.72674,0.48925,0.57894,0.30113,3.20653,0.3746,0.53265,0.000530767,0.000530767,0.000530767
658,3508.62,3.21447,0.4103,0.53929,0.73122,0.49077,0.58083,0.3045,3.16641,0.37073,0.53188,0.000528,0.000528,0.000528
659,3513.8,3.10501,0.39584,0.54029,0.73333,0.49004,0.58193,0.30487,3.16567,0.37088,0.53178,0.000525238,0.000525238,0.000525238
660,3518.97,3.24502,0.40147,0.54723,0.74365,0.493,0.58561,0.30481,3.17848,0.37197,0.53172,0.000522481,0.000522481,0.000522481
661,3524.14,3.48378,0.41621,0.53342,0.7476,0.4904,0.58444,0.30569,3.17857,0.37204,0.53154,0.000519728,0.000519728,0.000519728
662,3529.38,3.271,0.41028,0.53367,0.75594,0.48262,0.58517,0.30937,3.13811,0.37125,0.53121,0.00051698,0.00051698,0.00051698
663,3534.52,3.25125,0.4016,0.55146,0.75798,0.48119,0.58624,0.3097,3.13808,0.37214,0.53119,0.000514237,0.000514237,0.000514237
664,3539.97,3.27052,0.40615,0.53911,0.76011,0.48641,0.58807,0.31014,3.14967,0.37079,0.53198,0.000511499,0.000511499,0.000511499
665,3545.24,3.36194,0.40793,0.54255,0.7586,0.48621,0.58741,0.30814,3.1607,0.37115,0.53204,0.000508765,0.000508765,0.000508765
666,3550.49,3.37256,0.40047,0.53529,0.76155,0.47793,0.58379,0.30714,3.16709,0.37265,0.53192,0.000506037,0.000506037,0.000506037
667,3555.72,3.48223,0.41485,0.53211,0.7648,0.47611,0.58333,0.30842,3.15524,0.37325,0.53166,0.000503313,0.000503313,0.000503313
668,3560.97,3.50481,0.41083,0.5338,0.75613,0.48312,0.58098,0.31056,3.1136,0.36888,0.53098,0.000500594,0.000500594,0.000500594
669,3566.25,3.39659,0.42622,0.5392,0.74821,0.48682,0.58025,0.3079,3.12501,0.36883,0.531,0.00049788,0.00049788,0.00049788
670,3571.65,3.30416,0.40776,0.54565,0.73813,0.4827,0.57325,0.29747,3.20043,0.37578,0.53126,0.000495172,0.000495172,0.000495172
671,3576.89,3.51953,0.4333,0.54586,0.73742,0.47831,0.56971,0.29456,3.21015,0.37655,0.53149,0.000492468,0.000492468,0.000492468
672,3582.21,3.24489,0.4004,0.54189,0.73722,0.48517,0.57523,0.30013,3.15484,0.37294,0.53137,0.000489769,0.000489769,0.000489769
673,3587.5,3.12758,0.37826,0.54634,0.73468,0.48696,0.57637,0.30268,3.13586,0.37131,0.53138,0.000487075,0.000487075,0.000487075
674,3592.89,3.3274,0.42119,0.54236,0.74197,0.48359,0.58033,0.3043,3.15724,0.37025,0.53106,0.000484386,0.000484386,0.000484386
675,3598.27,3.20623,0.38779,0.54543,0.74623,0.48161,0.58191,0.30174,3.19191,0.37277,0.53117,0.000481702,0.000481702,0.000481702
676,3603.46,3.02439,0.3728,0.53479,0.74834,0.49039,0.58903,0.3082,3.14873,0.36877,0.53104,0.000479024,0.000479024,0.000479024
677,3608.65,3.50362,0.42207,0.53568,0.75377,0.49245,0.58893,0.31235,3.10073,0.36325,0.53124,0.000476351,0.000476351,0.000476351
678,3614.2,2.92934,0.36727,0.55602,0.74972,0.49561,0.58861,0.30965,3.10551,0.36383,0.53196,0.000473682,0.000473682,0.000473682
679,3619.32,3.25495,0.40374,0.54398,0.75063,0.49384,0.58675,0.3081,3.12517,0.36481,0.53204,0.000471019,0.000471019,0.000471019
680,3624.68,3.36402,0.42701,0.53534,0.75247,0.48871,0.58561,0.30926,3.12423,0.36349,0.53172,0.000468362,0.000468362,0.000468362
681,3629.85,3.28811,0.39774,0.53045,0.75327,0.48496,0.58436,0.30896,3.1336,0.36513,0.53176,0.000465709,0.000465709,0.000465709
682,3635.19,3.02343,0.36935,0.55277,0.75563,0.48141,0.58615,0.30919,3.13766,0.36578,0.53193,0.000463062,0.000463062,0.000463062
683,3640.36,3.48187,0.4176,0.5386,0.75608,0.48471,0.5884,0.30696,3.1547,0.36618,0.53212,0.00046042,0.00046042,0.00046042
684,3645.71,3.40518,0.42035,0.54523,0.75861,0.48435,0.5901,0.30995,3.11527,0.36398,0.53189,0.000457783,0.000457783,0.000457783
685,3650.92,3.56505,0.43752,0.5277,0.75677,0.48133,0.59036,0.31243,3.10619,0.3638,0.53165,0.000455152,0.000455152,0.000455152
686,3656.72,3.0515,0.37908,0.53823,0.75803,0.4827,0.58974,0.31272,3.09656,0.36446,0.53162,0.000452526,0.000452526,0.000452526
687,3662.55,3.03359,0.37508,0.54025,0.75756,0.4849,0.58799,0.3114,3.10083,0.36406,0.5318,0.000449906,0.000449906,0.000449906
688,3667.76,3.24213,0.40314,0.53625,0.76546,0.48927,0.59366,0.31254,3.11232,0.36291,0.53141,0.000447291,0.000447291,0.000447291
689,3673.16,3.36869,0.39888,0.53312,0.75935,0.48777,0.59338,0.31323,3.13452,0.3642,0.53171,0.000444681,0.000444681,0.000444681
690,3678.87,3.22383,0.40488,0.54101,0.76769,0.48627,0.59421,0.31444,3.11478,0.36289,0.53163,0.000442077,0.000442077,0.000442077
691,3684.57,3.0633,0.40341,0.55527,0.76829,0.48394,0.59272,0.31329,3.11534,0.36423,0.53148,0.000439479,0.000439479,0.000439479
692,3690.03,3.33711,0.40314,0.53566,0.76031,0.4816,0.58749,0.30928,3.15537,0.36741,0.53131,0.000436886,0.000436886,0.000436886
693,3695.18,3.52728,0.42501,0.52284,0.76183,0.48504,0.58935,0.30957,3.14601,0.367,0.53127,0.000434298,0.000434298,0.000434298
694,3700.48,3.29509,0.40454,0.55067,0.75889,0.48957,0.5906,0.31044,3.13609,0.36659,0.5313,0.000431717,0.000431717,0.000431717
695,3705.7,3.22599,0.4071,0.53383,0.7522,0.48819,0.58785,0.30812,3.15104,0.36772,0.53135,0.00042914,0.00042914,0.00042914
696,3710.94,3.53067,0.43728,0.53728,0.75747,0.48778,0.58768,0.30782,3.12652,0.36603,0.53114,0.00042657,0.00042657,0.00042657
697,3716.39,3.22377,0.40096,0.53551,0.75563,0.4871,0.58708,0.30718,3.11631,0.3647,0.53109,0.000424005,0.000424005,0.000424005
698,3721.75,3.28879,0.40909,0.53558,0.75461,0.48435,0.5848,0.30728,3.12606,0.36531,0.53106,0.000421446,0.000421446,0.000421446
699,3726.93,3.24153,0.41095,0.54509,0.75472,0.48353,0.58424,0.30757,3.12482,0.36479,0.531,0.000418892,0.000418892,0.000418892
700,3732.25,3.28548,0.41046,0.54096,0.74995,0.48366,0.5821,0.30722,3.1248,0.36436,0.53123,0.000416344,0.000416344,0.000416344
701,3737.52,3.04325,0.38497,0.56007,0.75005,0.48778,0.58369,0.30674,3.12967,0.36449,0.53171,0.000413803,0.000413803,0.000413803
702,3742.71,3.32932,0.40619,0.54822,0.75032,0.49327,0.58649,0.30701,3.13358,0.36404,0.53163,0.000411266,0.000411266,0.000411266
703,3748.08,3.08566,0.38916,0.55158,0.75199,0.49382,0.58844,0.30822,3.13414,0.36501,0.53155,0.000408736,0.000408736,0.000408736
704,3753.34,3.1026,0.37543,0.54262,0.75219,0.49382,0.59097,0.31071,3.13293,0.36597,0.53142,0.000406212,0.000406212,0.000406212
705,3758.54,3.13904,0.38761,0.54139,0.75225,0.49012,0.59124,0.31345,3.11065,0.3656,0.53127,0.000403693,0.000403693,0.000403693
706,3763.96,3.1742,0.38938,0.54144,0.75801,0.48638,0.59248,0.31549,3.10459,0.36439,0.53115,0.00040118,0.00040118,0.00040118
707,3769.66,3.05689,0.38094,0.53942,0.75733,0.48757,0.59274,0.31551,3.1047,0.36334,0.53076,0.000398673,0.000398673,0.000398673
708,3775.51,3.1073,0.38522,0.53535,0.75412,0.48421,0.58851,0.31082,3.13397,0.36333,0.5306,0.000396173,0.000396173,0.000396173
709,3780.96,3.18749,0.39977,0.54936,0.74794,0.48354,0.58544,0.30824,3.14937,0.36364,0.53082,0.000393678,0.000393678,0.000393678
710,3786.29,3.09226,0.39146,0.54759,0.74643,0.48586,0.58544,0.31391,3.08583,0.36064,0.53024,0.000391189,0.000391189,0.000391189
711,3791.66,3.51408,0.44966,0.53373,0.75402,0.48817,0.58872,0.3152,3.06678,0.3592,0.53021,0.000388706,0.000388706,0.000388706
712,3796.96,3.5418,0.41777,0.5407,0.75969,0.48105,0.58559,0.31316,3.09294,0.36135,0.53054,0.000386229,0.000386229,0.000386229
713,3802.13,3.43695,0.41199,0.5331,0.7555,0.479,0.58337,0.31334,3.07935,0.36036,0.53036,0.000383758,0.000383758,0.000383758
714,3807.49,3.12898,0.38556,0.53974,0.76005,0.48271,0.58601,0.314,3.06929,0.35883,0.53045,0.000381294,0.000381294,0.000381294
715,3812.84,3.32227,0.39782,0.53554,0.75683,0.4838,0.58291,0.3139,3.07235,0.35824,0.53057,0.000378835,0.000378835,0.000378835
716,3818.19,3.22023,0.39524,0.54745,0.76098,0.48806,0.58691,0.31378,3.07546,0.35857,0.53082,0.000376383,0.000376383,0.000376383
717,3823.47,3.16266,0.39967,0.54967,0.76374,0.48595,0.58629,0.31325,3.07738,0.35787,0.53069,0.000373936,0.000373936,0.000373936
718,3828.82,3.70379,0.45502,0.5239,0.75785,0.48123,0.58534,0.31326,3.07599,0.35883,0.53048,0.000371496,0.000371496,0.000371496
719,3834.02,3.05592,0.38611,0.53793,0.75999,0.48215,0.5859,0.31342,3.06732,0.35845,0.53062,0.000369062,0.000369062,0.000369062
720,3839.44,3.279,0.39705,0.53229,0.76455,0.48681,0.59201,0.31514,3.07959,0.35894,0.53085,0.000366635,0.000366635,0.000366635
721,3844.81,2.94664,0.36669,0.53939,0.76327,0.49163,0.59405,0.31527,3.07765,0.35799,0.53106,0.000364213,0.000364213,0.000364213
722,3850.18,3.42963,0.42175,0.52737,0.76655,0.49657,0.59959,0.31582,3.09155,0.35864,0.53082,0.000361798,0.000361798,0.000361798
723,3855.93,2.82911,0.35677,0.54434,0.7612,0.49625,0.59705,0.31431,3.10283,0.35976,0.53103,0.00035939,0.00035939,0.00035939
724,3861.19,3.26645,0.41212,0.53965,0.75837,0.49231,0.59524,0.3122,3.11863,0.36004,0.53114,0.000356987,0.000356987,0.000356987
725,3866.48,3.28157,0.40796,0.53732,0.75855,0.49082,0.59391,0.31298,3.09969,0.35881,0.53136,0.000354591,0.000354591,0.000354591
726,3871.88,2.73898,0.34758,0.53393,0.75704,0.4908,0.59095,0.31313,3.08882,0.35888,0.53111,0.000352201,0.000352201,0.000352201
727,3877.13,3.10482,0.39079,0.54202,0.75537,0.4897,0.59142,0.31282,3.09085,0.35782,0.53127,0.000349818,0.000349818,0.000349818
728,3882.36,2.96066,0.36779,0.54495,0.75571,0.48671,0.58724,0.31068,3.10253,0.35881,0.53121,0.000347441,0.000347441,0.000347441
729,3887.57,3.27569,0.40223,0.53425,0.75461,0.48655,0.58677,0.31093,3.08722,0.35816,0.53084,0.000345071,0.000345071,0.000345071
730,3892.81,3.11936,0.37928,0.53211,0.76043,0.48682,0.58711,0.31221,3.0706,0.35775,0.53036,0.000342707,0.000342707,0.000342707
731,3898.02,3.29872,0.41917,0.54705,0.76148,0.48606,0.58677,0.31229,3.0702,0.35785,0.53029,0.000340349,0.000340349,0.000340349
732,3903.26,3.16384,0.37954,0.53953,0.76153,0.48795,0.58872,0.31253,3.08284,0.35772,0.53021,0.000337999,0.000337999,0.000337999
733,3908.49,2.92488,0.36185,0.54195,0.76177,0.48993,0.58863,0.31173,3.0974,0.35739,0.53048,0.000335654,0.000335654,0.000335654
734,3913.87,3.46598,0.42204,0.53803,0.76356,0.48857,0.58936,0.31352,3.1006,0.35776,0.53078,0.000333316,0.000333316,0.000333316
735,3919.13,3.16627,0.40097,0.54553,0.76416,0.48751,0.59124,0.31628,3.08015,0.3568,0.53067,0.000330985,0.000330985,0.000330985
736,3924.86,2.70317,0.3446,0.54306,0.76413,0.49053,0.59358,0.31764,3.08209,0.35778,0.53046,0.00032866,0.00032866,0.00032866
737,3930.47,3.03329,0.37364,0.54301,0.76651,0.49382,0.59453,0.31705,3.08061,0.35738,0.53022,0.000326343,0.000326343,0.000326343
738,3935.86,3.0394,0.37119,0.54155,0.75861,0.49396,0.59009,0.31458,3.07625,0.35702,0.52996,0.000324031,0.000324031,0.000324031
739,3940.99,2.94313,0.37118,0.5336,0.76178,0.48998,0.58988,0.31483,3.07495,0.35766,0.53006,0.000321727,0.000321727,0.000321727
740,3946.3,2.96215,0.37904,0.54378,0.75805,0.48874,0.58986,0.31386,3.07438,0.3583,0.53017,0.000319429,0.000319429,0.000319429
741,3951.5,3.14014,0.39009,0.53794,0.75503,0.4908,0.59075,0.31491,3.07039,0.35871,0.53026,0.000317137,0.000317137,0.000317137
742,3956.9,3.2916,0.39895,0.53359,0.75423,0.49314,0.59192,0.31489,3.07774,0.35914,0.53062,0.000314853,0.000314853,0.000314853
743,3962.03,3.47004,0.43113,0.54144,0.75331,0.49121,0.59055,0.31401,3.0841,0.35906,0.53068,0.000312575,0.000312575,0.000312575
744,3967.49,3.37066,0.4044,0.53453,0.75409,0.49173,0.59219,0.31414,3.08195,0.35762,0.53057,0.000310304,0.000310304,0.000310304
745,3972.75,3.13415,0.37816,0.53803,0.75875,0.49093,0.59291,0.31605,3.07699,0.35666,0.53032,0.00030804,0.00030804,0.00030804
746,3978.07,3.54356,0.42836,0.53104,0.76784,0.48811,0.59514,0.31877,3.05252,0.35484,0.52988,0.000305783,0.000305783,0.000305783
747,3983.65,3.10766,0.37691,0.54396,0.76509,0.48668,0.59405,0.31972,3.04138,0.35403,0.52962,0.000303533,0.000303533,0.000303533
748,3989.43,3.35107,0.39896,0.53611,0.7673,0.48936,0.59439,0.32018,3.02294,0.35298,0.52934,0.000301289,0.000301289,0.000301289
749,3995.21,3.36513,0.40961,0.54127,0.76621,0.48999,0.59513,0.31996,3.02943,0.35323,0.52945,0.000299053,0.000299053,0.000299053
750,4000.58,3.21906,0.40272,0.53996,0.75754,0.49396,0.59484,0.31745,3.04978,0.35435,0.52958,0.000296823,0.000296823,0.000296823
751,4005.84,3.0436,0.37668,0.54356,0.75802,0.49506,0.59508,0.31783,3.04366,0.35503,0.52956,0.0002946,0.0002946,0.0002946
752,4011.03,3.29709,0.40442,0.54244,0.75288,0.49204,0.59116,0.31725,3.05761,0.35598,0.52995,0.000292385,0.000292385,0.000292385
753,4016.18,3.20828,0.40644,0.54374,0.75759,0.49066,0.5915,0.3179,3.05387,0.35586,0.52986,0.000290176,0.000290176,0.000290176
754,4021.57,3.13534,0.39149,0.53739,0.75864,0.49063,0.59325,0.31942,3.04849,0.35642,0.52961,0.000287974,0.000287974,0.000287974
755,4026.89,3.42292,0.41322,0.53502,0.76355,0.49121,0.59445,0.31921,3.04536,0.35626,0.52959,0.000285779,0.000285779,0.000285779
756,4032.21,3.34621,0.40453,0.53907,0.76606,0.49478,0.59774,0.31932,3.04965,0.35579,0.52951,0.000283592,0.000283592,0.000283592
757,4037.35,3.07676,0.37792,0.53617,0.76691,0.49616,0.59982,0.31989,3.05055,0.35672,0.52949,0.000281411,0.000281411,0.000281411
758,4042.77,3.19104,0.38892,0.52445,0.7647,0.49794,0.59998,0.32047,3.06445,0.35605,0.52959,0.000279238,0.000279238,0.000279238
759,4048.43,3.37964,0.40373,0.52952,0.76435,0.49562,0.59979,0.32116,3.05848,0.35612,0.52966,0.000277072,0.000277072,0.000277072
760,4054.14,3.59755,0.43515,0.52962,0.76703,0.49231,0.60013,0.32216,3.05076,0.35523,0.52977,0.000274912,0.000274912,0.000274912
761,4059.87,3.09593,0.37459,0.54199,0.76647,0.49066,0.59956,0.32202,3.04817,0.35499,0.52974,0.00027276,0.00027276,0.00027276
762,4065.25,3.5882,0.43976,0.53383,0.77185,0.48874,0.59939,0.32198,3.03739,0.35332,0.53013,0.000270616,0.000270616,0.000270616
763,4070.45,3.39463,0.41123,0.53795,0.77204,0.48861,0.60103,0.32377,3.02409,0.35231,0.53026,0.000268478,0.000268478,0.000268478
764,4076.13,3.02708,0.37349,0.54309,0.77344,0.48627,0.60105,0.32283,3.03432,0.35342,0.53019,0.000266348,0.000266348,0.000266348
765,4081.45,3.22562,0.38606,0.53688,0.77145,0.48843,0.60024,0.32135,3.03954,0.35407,0.5302,0.000264224,0.000264224,0.000264224
766,4086.62,3.13375,0.37066,0.53818,0.76933,0.49382,0.5992,0.32105,3.03191,0.3527,0.53016,0.000262109,0.000262109,0.000262109
767,4092.02,3.19707,0.40909,0.54164,0.76694,0.49341,0.59783,0.31963,3.03483,0.35234,0.53011,0.00026,0.00026,0.00026
768,4097.24,3.10199,0.39177,0.55133,0.76601,0.49163,0.59457,0.32022,3.025,0.35235,0.53,0.000257899,0.000257899,0.000257899
769,4102.5,3.7262,0.44383,0.52703,0.76872,0.4878,0.59358,0.3188,3.04481,0.35337,0.52995,0.000255805,0.000255805,0.000255805
770,4107.85,2.8542,0.35352,0.53532,0.76683,0.48998,0.59438,0.31939,3.04179,0.3529,0.52981,0.000253718,0.000253718,0.000253718
771,4113.11,3.24545,0.40482,0.53638,0.7654,0.49314,0.59508,0.32062,3.02067,0.35168,0.52974,0.000251639,0.000251639,0.000251639
772,4118.56,2.94838,0.36907,0.55232,0.76411,0.49519,0.59859,0.32255,3.01672,0.35114,0.5297,0.000249567,0.000249567,0.000249567
773,4123.84,2.91166,0.35405,0.53555,0.76338,0.4941,0.59966,0.32287,3.02762,0.35255,0.52994,0.000247503,0.000247503,0.000247503
774,4129.03,3.25138,0.38863,0.52812,0.76377,0.49136,0.59737,0.3232,3.02567,0.35079,0.53008,0.000245446,0.000245446,0.000245446
775,4134.26,3.29122,0.39483,0.53256,0.75965,0.49163,0.59618,0.32212,3.02093,0.34993,0.52986,0.000243396,0.000243396,0.000243396
776,4139.59,3.47597,0.43752,0.5387,0.76196,0.48723,0.59369,0.32107,3.02223,0.3495,0.52992,0.000241354,0.000241354,0.000241354
777,4144.75,2.93397,0.37512,0.53416,0.76145,0.48366,0.59259,0.32172,3.02224,0.3495,0.52978,0.00023932,0.00023932,0.00023932
778,4150.14,3.25124,0.39322,0.5361,0.7662,0.48119,0.59384,0.3204,3.04142,0.35031,0.53006,0.000237293,0.000237293,0.000237293
779,4155.25,3.03639,0.3752,0.54468,0.77111,0.4824,0.59474,0.32119,3.03642,0.3498,0.53009,0.000235273,0.000235273,0.000235273
780,4160.61,2.78306,0.35507,0.54345,0.77274,0.48915,0.59692,0.32256,3.02511,0.34819,0.53008,0.000233262,0.000233262,0.000233262
781,4165.74,3.14823,0.38979,0.53709,0.77199,0.49133,0.59846,0.32115,3.05079,0.34971,0.53007,0.000231257,0.000231257,0.000231257
782,4171.09,3.23241,0.38382,0.53468,0.76899,0.49265,0.59924,0.3204,3.06609,0.35134,0.53014,0.000229261,0.000229261,0.000229261
783,4176.38,3.42341,0.41082,0.52652,0.76799,0.49259,0.60012,0.32117,3.0599,0.35129,0.53007,0.000227271,0.000227271,0.000227271
784,4181.8,3.32813,0.41221,0.53725,0.7675,0.49533,0.60355,0.32449,3.03716,0.3505,0.52979,0.00022529,0.00022529,0.00022529
785,4187.44,2.87437,0.36169,0.53771,0.76886,0.49594,0.60452,0.32532,3.01855,0.34902,0.52981,0.000223316,0.000223316,0.000223316
786,4193.08,2.96503,0.35637,0.52917,0.77103,0.49492,0.60268,0.32442,3.00119,0.34894,0.52959,0.00022135,0.00022135,0.00022135
787,4198.33,3.07733,0.38651,0.5379,0.76851,0.49341,0.60061,0.32441,3.00133,0.34862,0.52952,0.000219392,0.000219392,0.000219392
788,4203.62,2.96736,0.36994,0.53807,0.75972,0.4849,0.59632,0.3209,3.02613,0.3493,0.52961,0.000217441,0.000217441,0.000217441
789,4208.9,2.97856,0.36392,0.53646,0.75989,0.48339,0.59511,0.31909,3.0439,0.3504,0.52969,0.000215498,0.000215498,0.000215498
790,4214.47,3.13404,0.38792,0.53502,0.75841,0.48778,0.59669,0.32081,3.01261,0.34854,0.52955,0.000213563,0.000213563,0.000213563
791,4219.68,3.23094,0.39485,0.53193,0.75829,0.4908,0.5975,0.32234,2.9994,0.3474,0.52934,0.000211635,0.000211635,0.000211635
792,4224.92,3.04682,0.37628,0.54178,0.75809,0.49135,0.59826,0.3235,2.98412,0.34595,0.52925,0.000209715,0.000209715,0.000209715
793,4230.19,2.83717,0.35227,0.53855,0.7575,0.49273,0.59793,0.32344,2.98986,0.34618,0.52926,0.000207804,0.000207804,0.000207804
794,4235.48,3.04213,0.37548,0.54397,0.75661,0.49036,0.59697,0.32296,2.99383,0.34667,0.52924,0.0002059,0.0002059,0.0002059
795,4240.89,3.08908,0.37661,0.54275,0.75664,0.48902,0.59483,0.32337,2.99104,0.3471,0.52926,0.000204003,0.000204003,0.000204003
796,4246.25,3.03271,0.37482,0.54636,0.76056,0.49066,0.59759,0.32411,2.98515,0.3465,0.52932,0.000202115,0.000202115,0.000202115
797,4251.46,2.86895,0.36207,0.54066,0.76435,0.48929,0.59691,0.32424,2.98444,0.346,0.52931,0.000200235,0.000200235,0.000200235
798,4256.69,2.92188,0.35905,0.53636,0.76378,0.49094,0.59944,0.32335,2.99866,0.34661,0.52945,0.000198362,0.000198362,0.000198362
799,4261.96,3.29174,0.41623,0.53962,0.76223,0.49121,0.59995,0.32371,2.99846,0.34631,0.5294,0.000196497,0.000196497,0.000196497
800,4267.15,3.35325,0.41368,0.55238,0.75613,0.49451,0.60028,0.324,3.00698,0.34809,0.52946,0.000194641,0.000194641,0.000194641
801,4272.45,3.34051,0.40141,0.52974,0.75495,0.49574,0.60253,0.32422,3.01228,0.3481,0.52949,0.000192792,0.000192792,0.000192792
802,4277.81,3.10084,0.39296,0.53165,0.75572,0.49226,0.60123,0.32494,3.00891,0.3473,0.52936,0.000190951,0.000190951,0.000190951
803,4283.04,3.27956,0.4079,0.53255,0.76074,0.48915,0.60084,0.32494,3.00594,0.34732,0.52939,0.000189119,0.000189119,0.000189119
804,4288.31,3.01658,0.36076,0.53749,0.76075,0.48891,0.60269,0.32634,3.01387,0.34642,0.52969,0.000187294,0.000187294,0.000187294
805,4294.13,3.14467,0.38988,0.53898,0.76368,0.48874,0.60196,0.32652,3.01205,0.34567,0.52979,0.000185477,0.000185477,0.000185477
806,4299.81,3.22699,0.39917,0.52798,0.76314,0.4908,0.60322,0.32607,3.00967,0.34484,0.52971,0.000183668,0.000183668,0.000183668
807,4305.03,3.42925,0.41657,0.53706,0.76511,0.49149,0.60362,0.32664,3.00225,0.34478,0.52964,0.000181868,0.000181868,0.000181868
808,4310.75,2.93623,0.37148,0.53057,0.7663,0.49327,0.60432,0.32801,2.98716,0.34379,0.5296,0.000180075,0.000180075,0.000180075
809,4316.35,3.12692,0.38265,0.53006,0.76341,0.49286,0.60286,0.32855,2.9852,0.34315,0.52968,0.000178291,0.000178291,0.000178291
810,4322.02,3.32418,0.40317,0.53488,0.76493,0.49368,0.60354,0.32856,2.99731,0.34442,0.52955,0.000176515,0.000176515,0.000176515
811,4327.61,3.14762,0.38173,0.53914,0.7624,0.49492,0.60554,0.32805,3.00373,0.34509,0.52955,0.000174747,0.000174747,0.000174747
812,4333.09,2.76939,0.35724,0.54195,0.76094,0.49533,0.60685,0.32781,3.01147,0.34649,0.52956,0.000172987,0.000172987,0.000172987
813,4338.17,3.1054,0.37738,0.53588,0.76026,0.49519,0.60569,0.32726,3.01252,0.34762,0.52947,0.000171235,0.000171235,0.000171235
814,4343.41,2.96077,0.37784,0.54854,0.75498,0.49451,0.60414,0.32847,3.00708,0.34742,0.52932,0.000169491,0.000169491,0.000169491
815,4348.71,3.18162,0.3733,0.53591,0.75805,0.49337,0.60422,0.32919,3.00711,0.34672,0.52927,0.000167756,0.000167756,0.000167756
816,4354.5,3.30861,0.4042,0.52982,0.76174,0.49027,0.60447,0.32759,3.00431,0.34739,0.52909,0.000166028,0.000166028,0.000166028
817,4359.69,2.94526,0.37189,0.54238,0.75856,0.49025,0.60398,0.32709,2.99927,0.34719,0.52888,0.000164309,0.000164309,0.000164309
818,4365.24,3.00816,0.38374,0.53865,0.75361,0.48984,0.60145,0.32474,3.01982,0.34702,0.52907,0.000162599,0.000162599,0.000162599
819,4370.33,2.94595,0.37471,0.54029,0.7505,0.48978,0.60174,0.32394,3.02759,0.34784,0.5293,0.000160896,0.000160896,0.000160896
820,4375.53,3.36212,0.40085,0.54525,0.75415,0.48851,0.60369,0.32558,3.01658,0.34715,0.52933,0.000159202,0.000159202,0.000159202
821,4380.7,2.98519,0.36664,0.54017,0.75828,0.4897,0.60416,0.32693,3.00338,0.34598,0.5293,0.000157516,0.000157516,0.000157516
822,4386.06,2.9833,0.37499,0.53297,0.764,0.49245,0.60729,0.3301,2.98705,0.34403,0.52919,0.000155839,0.000155839,0.000155839
823,4391.87,2.72597,0.33838,0.54527,0.76512,0.49328,0.6084,0.33044,2.97915,0.34339,0.52923,0.00015417,0.00015417,0.00015417
824,4397.71,3.00739,0.37375,0.54278,0.76271,0.49382,0.60871,0.33083,2.97601,0.34424,0.52916,0.000152509,0.000152509,0.000152509
825,4403.36,2.7092,0.34083,0.53923,0.76158,0.4951,0.60897,0.33054,2.97422,0.34364,0.52914,0.000150857,0.000150857,0.000150857
826,4408.73,2.88885,0.36098,0.53182,0.76194,0.49204,0.60574,0.32853,2.98822,0.34415,0.52919,0.000149212,0.000149212,0.000149212
827,4413.87,3.28709,0.39227,0.53988,0.76298,0.49245,0.60451,0.32787,2.99323,0.34407,0.5293,0.000147577,0.000147577,0.000147577
828,4419.19,2.92351,0.37584,0.54385,0.75428,0.49204,0.60228,0.32701,2.98994,0.34369,0.52907,0.00014595,0.00014595,0.00014595
829,4424.58,3.10497,0.38779,0.53177,0.75079,0.49272,0.60305,0.32743,2.9912,0.34356,0.52912,0.000144331,0.000144331,0.000144331
830,4429.77,3.0221,0.37061,0.53498,0.75251,0.49423,0.6046,0.32743,2.98796,0.34388,0.529,0.000142721,0.000142721,0.000142721
831,4434.98,3.24327,0.39353,0.53484,0.75412,0.49478,0.60496,0.32718,2.98781,0.3442,0.52898,0.000141119,0.000141119,0.000141119
832,4440.25,3.00538,0.37261,0.54026,0.75214,0.49822,0.60448,0.32778,2.98361,0.3437,0.52909,0.000139525,0.000139525,0.000139525
833,4445.51,3.28345,0.40833,0.53244,0.75339,0.49911,0.60562,0.32773,2.98537,0.34338,0.52913,0.000137941,0.000137941,0.000137941
834,4450.75,3.13749,0.39376,0.53532,0.7536,0.49841,0.6042,0.32772,2.99349,0.34413,0.52922,0.000136364,0.000136364,0.000136364
835,4456.14,2.73102,0.34063,0.5378,0.75801,0.49657,0.60477,0.32744,2.99688,0.3444,0.52925,0.000134796,0.000134796,0.000134796
836,4461.27,2.90845,0.35737,0.53805,0.76103,0.49623,0.605,0.32792,3.00574,0.34414,0.5292,0.000133237,0.000133237,0.000133237
837,4466.51,3.3028,0.40213,0.531,0.76058,0.49719,0.60578,0.32838,2.99907,0.34374,0.52925,0.000131686,0.000131686,0.000131686
838,4471.83,3.08463,0.38166,0.54403,0.76543,0.49772,0.60832,0.32962,2.97515,0.34172,0.52919,0.000130144,0.000130144,0.000130144
839,4477.05,3.23039,0.39585,0.54788,0.7672,0.49602,0.60824,0.3303,2.96589,0.34116,0.5291,0.000128611,0.000128611,0.000128611
840,4482.47,2.9517,0.36758,0.54442,0.76931,0.49353,0.60704,0.33083,2.95208,0.34026,0.52907,0.000127086,0.000127086,0.000127086
841,4488.15,3.16866,0.38987,0.53791,0.7673,0.49108,0.6051,0.33054,2.9543,0.34033,0.52892,0.00012557,0.00012557,0.00012557
842,4493.31,3.00345,0.37467,0.54076,0.76511,0.49121,0.60547,0.33045,2.96168,0.34088,0.52899,0.000124062,0.000124062,0.000124062
843,4498.62,3.11614,0.38408,0.53014,0.76303,0.493,0.60621,0.33015,2.96644,0.34127,0.52896,0.000122563,0.000122563,0.000122563
844,4503.86,3.07216,0.36935,0.53922,0.75845,0.49451,0.60522,0.331,2.95865,0.34128,0.5288,0.000121073,0.000121073,0.000121073
845,4509.44,2.84847,0.3514,0.53276,0.76148,0.49355,0.60535,0.33062,2.95546,0.34131,0.52874,0.000119591,0.000119591,0.000119591
846,4514.73,2.86657,0.35205,0.53993,0.7631,0.49794,0.60824,0.33131,2.95233,0.34156,0.52872,0.000118118,0.000118118,0.000118118
847,4520.29,2.74093,0.35593,0.55354,0.76444,0.49808,0.60862,0.33161,2.95084,0.34161,0.52866,0.000116654,0.000116654,0.000116654
848,4525.97,3.08127,0.376,0.52613,0.76262,0.49698,0.60776,0.33055,2.96113,0.34255,0.52863,0.000115198,0.000115198,0.000115198
849,4531.15,3.18959,0.37424,0.52772,0.76346,0.49478,0.60599,0.33029,2.96643,0.34241,0.52867,0.000113752,0.000113752,0.000113752
850,4536.42,3.50473,0.42184,0.53963,0.7617,0.49367,0.60432,0.32925,2.97784,0.34249,0.52883,0.000112314,0.000112314,0.000112314
851,4541.57,2.86625,0.34666,0.53312,0.75935,0.49427,0.60469,0.32985,2.97583,0.34218,0.52888,0.000110884,0.000110884,0.000110884
852,4547.18,2.8807,0.36893,0.53697,0.75294,0.49904,0.60657,0.33032,2.9719,0.34199,0.5288,0.000109464,0.000109464,0.000109464
853,4552.49,2.74562,0.35268,0.53742,0.75331,0.49876,0.60682,0.33017,2.97489,0.34263,0.52887,0.000108052,0.000108052,0.000108052
854,4557.8,2.9463,0.36704,0.54147,0.7488,0.49969,0.60714,0.33075,2.96857,0.34257,0.52891,0.00010665,0.00010665,0.00010665
855,4563.03,2.74786,0.34766,0.53992,0.74905,0.49876,0.60663,0.33027,2.96934,0.34272,0.52886,0.000105256,0.000105256,0.000105256
856,4568.33,3.17465,0.37821,0.53113,0.74974,0.49848,0.60742,0.33028,2.97019,0.34315,0.5288,0.00010387,0.00010387,0.00010387
857,4573.76,2.74758,0.35797,0.53821,0.74808,0.49725,0.60699,0.32996,2.97151,0.34301,0.52884,0.000102494,0.000102494,0.000102494
858,4579.04,3.52777,0.42618,0.54253,0.7545,0.49576,0.60766,0.33043,2.97346,0.34341,0.5288,0.000101127,0.000101127,0.000101127
859,4584.24,2.91364,0.3649,0.54295,0.75842,0.49616,0.60768,0.32974,2.97184,0.34253,0.5287,9.97682e-05,9.97682e-05,9.97682e-05
860,4589.6,3.64887,0.43809,0.52885,0.75997,0.49561,0.6085,0.33062,2.96681,0.342,0.52879,9.84185e-05,9.84185e-05,9.84185e-05
861,4594.73,2.87274,0.3589,0.53737,0.7573,0.49521,0.60727,0.33043,2.96311,0.34146,0.52887,9.70778e-05,9.70778e-05,9.70778e-05
862,4599.93,2.79833,0.33989,0.54021,0.75953,0.49327,0.60494,0.32891,2.96385,0.34192,0.52868,9.57459e-05,9.57459e-05,9.57459e-05
863,4605.14,3.00881,0.36236,0.52815,0.76012,0.49355,0.60455,0.32906,2.96337,0.34124,0.52864,9.44231e-05,9.44231e-05,9.44231e-05
864,4610.45,3.11094,0.40009,0.55207,0.76332,0.49458,0.60562,0.32856,2.9703,0.34242,0.52862,9.31091e-05,9.31091e-05,9.31091e-05
865,4615.63,3.02308,0.37248,0.53452,0.76326,0.49442,0.60611,0.32927,2.96964,0.34221,0.52866,9.18041e-05,9.18041e-05,9.18041e-05
866,4621.01,2.83997,0.35214,0.53409,0.76697,0.49478,0.60756,0.32969,2.96208,0.34155,0.52866,9.05081e-05,9.05081e-05,9.05081e-05
867,4626.13,3.00183,0.36616,0.53668,0.76672,0.49437,0.60782,0.32973,2.9622,0.34185,0.5286,8.92211e-05,8.92211e-05,8.92211e-05
868,4631.54,3.14597,0.37472,0.53115,0.76271,0.49733,0.60869,0.32988,2.95962,0.3409,0.52862,8.79431e-05,8.79431e-05,8.79431e-05
869,4636.92,3.16467,0.38536,0.52835,0.76192,0.49671,0.60926,0.32951,2.96036,0.34072,0.5286,8.66741e-05,8.66741e-05,8.66741e-05
870,4642.26,3.00676,0.3674,0.53849,0.76077,0.49533,0.60824,0.32904,2.96514,0.34132,0.52867,8.54141e-05,8.54141e-05,8.54141e-05
871,4647.55,2.76396,0.33481,0.53357,0.75878,0.49519,0.60774,0.3293,2.95975,0.3414,0.52867,8.41631e-05,8.41631e-05,8.41631e-05
872,4652.91,2.92892,0.36254,0.5423,0.75833,0.49533,0.60806,0.33013,2.94793,0.34048,0.52869,8.29212e-05,8.29212e-05,8.29212e-05
873,4658.28,2.80461,0.344,0.54173,0.75522,0.49602,0.60766,0.33006,2.94957,0.34026,0.52872,8.16884e-05,8.16884e-05,8.16884e-05
874,4663.67,3.05871,0.37687,0.53214,0.75795,0.49643,0.60826,0.33187,2.94442,0.33981,0.52856,8.04646e-05,8.04646e-05,8.04646e-05
875,4669.38,3.30398,0.39701,0.52873,0.75897,0.49628,0.60956,0.33232,2.94414,0.33945,0.52863,7.92499e-05,7.92499e-05,7.92499e-05
876,4675.12,2.71219,0.32971,0.5347,0.75898,0.49761,0.6103,0.33321,2.9433,0.33955,0.52867,7.80443e-05,7.80443e-05,7.80443e-05
877,4680.81,2.99047,0.37084,0.53327,0.75571,0.4986,0.60941,0.33263,2.94749,0.33979,0.52873,7.68479e-05,7.68479e-05,7.68479e-05
878,4686.04,2.87337,0.3647,0.53905,0.7545,0.49945,0.60934,0.33266,2.95218,0.33974,0.52859,7.56605e-05,7.56605e-05,7.56605e-05
879,4691.26,2.92949,0.3527,0.52957,0.75512,0.49931,0.60919,0.33237,2.95086,0.3394,0.52856,7.44823e-05,7.44823e-05,7.44823e-05
880,4696.58,3.26154,0.388,0.53096,0.75576,0.49916,0.60982,0.33219,2.95299,0.33968,0.52848,7.33132e-05,7.33132e-05,7.33132e-05
881,4701.92,3.0313,0.37297,0.55226,0.75513,0.4978,0.60925,0.33213,2.95217,0.33986,0.52848,7.21533e-05,7.21533e-05,7.21533e-05
882,4707.2,3.09249,0.36151,0.53529,0.75666,0.49753,0.61013,0.33303,2.94605,0.33954,0.52843,7.10025e-05,7.10025e-05,7.10025e-05
883,4712.48,2.99489,0.36144,0.54188,0.75803,0.49794,0.61098,0.33315,2.94341,0.33953,0.5284,6.9861e-05,6.9861e-05,6.9861e-05
884,4717.77,3.10389,0.37859,0.5401,0.75811,0.49698,0.60949,0.33356,2.93942,0.33879,0.5284,6.87286e-05,6.87286e-05,6.87286e-05
885,4723.44,3.12687,0.40117,0.53162,0.75842,0.49698,0.60971,0.33357,2.94812,0.33948,0.52846,6.76054e-05,6.76054e-05,6.76054e-05
886,4729.11,3.11855,0.36803,0.53128,0.75536,0.49849,0.61066,0.33388,2.95897,0.34002,0.52851,6.64914e-05,6.64914e-05,6.64914e-05
887,4734.72,3.1335,0.3712,0.53724,0.7551,0.49739,0.6104,0.33384,2.95697,0.34016,0.52857,6.53867e-05,6.53867e-05,6.53867e-05
888,4740,2.95067,0.36895,0.53697,0.75761,0.4978,0.61169,0.33414,2.96542,0.34034,0.5288,6.42911e-05,6.42911e-05,6.42911e-05
889,4745.64,3.01537,0.37929,0.55052,0.75492,0.49942,0.61214,0.33446,2.95732,0.33974,0.52865,6.32049e-05,6.32049e-05,6.32049e-05
890,4751.32,3.10913,0.38201,0.53014,0.75958,0.49904,0.61367,0.335,2.95586,0.33977,0.52845,6.21279e-05,6.21279e-05,6.21279e-05
891,4756.91,3.2336,0.39664,0.53896,0.75164,0.50124,0.61346,0.33549,2.95531,0.34002,0.52837,6.10601e-05,6.10601e-05,6.10601e-05
892,4762.61,2.93462,0.36157,0.53566,0.75375,0.50133,0.61345,0.33584,2.95595,0.34047,0.5283,6.00016e-05,6.00016e-05,6.00016e-05
893,4768.53,3.31916,0.39772,0.53363,0.75759,0.5,0.61441,0.3365,2.95395,0.3402,0.52836,5.89525e-05,5.89525e-05,5.89525e-05
894,4774.23,2.96018,0.37131,0.53763,0.76269,0.50027,0.61505,0.33585,2.95354,0.34036,0.52831,5.79126e-05,5.79126e-05,5.79126e-05
895,4779.41,3.05636,0.38613,0.5278,0.7644,0.50055,0.6153,0.3356,2.95464,0.34033,0.52815,5.6882e-05,5.6882e-05,5.6882e-05
896,4784.74,2.87153,0.35748,0.53912,0.76338,0.49835,0.61215,0.33503,2.94855,0.33956,0.5283,5.58607e-05,5.58607e-05,5.58607e-05
897,4790.06,2.8311,0.34248,0.54379,0.7629,0.4989,0.61189,0.33492,2.94864,0.33954,0.52838,5.48488e-05,5.48488e-05,5.48488e-05
898,4795.41,3.259,0.3963,0.53382,0.76279,0.49671,0.60947,0.3333,2.94817,0.3403,0.52827,5.38462e-05,5.38462e-05,5.38462e-05
899,4800.6,2.92805,0.36626,0.5314,0.76257,0.49698,0.60866,0.33228,2.95044,0.34026,0.52821,5.2853e-05,5.2853e-05,5.2853e-05
900,4805.74,2.95466,0.38468,0.54635,0.7593,0.495,0.60592,0.33052,2.96497,0.34134,0.52825,5.18691e-05,5.18691e-05,5.18691e-05
901,4810.99,3.0593,0.37264,0.53187,0.75923,0.49465,0.60511,0.33022,2.96902,0.34178,0.52825,5.08945e-05,5.08945e-05,5.08945e-05
902,4816.34,2.75026,0.35135,0.53559,0.76172,0.49465,0.60479,0.32975,2.97753,0.34213,0.5284,4.99294e-05,4.99294e-05,4.99294e-05
903,4821.55,3.03879,0.37405,0.53799,0.76343,0.49443,0.60491,0.3295,2.97728,0.34243,0.52834,4.89736e-05,4.89736e-05,4.89736e-05
904,4826.93,3.04612,0.3741,0.53011,0.76253,0.49463,0.60598,0.33021,2.96497,0.34087,0.52832,4.80273e-05,4.80273e-05,4.80273e-05
905,4832.01,2.84075,0.35223,0.53585,0.76414,0.49643,0.60774,0.33094,2.96308,0.34132,0.52827,4.70903e-05,4.70903e-05,4.70903e-05
906,4837.21,3.32535,0.4168,0.53016,0.76829,0.49391,0.60681,0.33093,2.9588,0.34145,0.52822,4.61628e-05,4.61628e-05,4.61628e-05
907,4842.39,2.64165,0.34108,0.53825,0.76579,0.49478,0.60683,0.33071,2.95633,0.34134,0.5282,4.52447e-05,4.52447e-05,4.52447e-05
908,4847.92,2.96236,0.37389,0.54443,0.76389,0.49423,0.60603,0.33125,2.95094,0.3409,0.52812,4.4336e-05,4.4336e-05,4.4336e-05
909,4853.23,2.94293,0.38084,0.54098,0.76369,0.49396,0.60584,0.33112,2.95112,0.34042,0.52826,4.34367e-05,4.34367e-05,4.34367e-05
910,4858.92,3.14144,0.38342,0.52653,0.76154,0.49325,0.60606,0.33197,2.95255,0.34007,0.52826,4.25469e-05,4.25469e-05,4.25469e-05
911,4864.16,3.02754,0.36537,0.54264,0.75993,0.49327,0.60575,0.33225,2.94932,0.33994,0.52818,4.16666e-05,4.16666e-05,4.16666e-05
912,4869.5,3.52759,0.42144,0.52605,0.76053,0.49506,0.60685,0.33249,2.95239,0.34028,0.52826,4.07957e-05,4.07957e-05,4.07957e-05
913,4874.88,2.93773,0.36566,0.5348,0.75892,0.49533,0.60692,0.33294,2.95059,0.33967,0.52827,3.99344e-05,3.99344e-05,3.99344e-05
914,4880.22,3.19419,0.40109,0.53454,0.75791,0.49588,0.609,0.3337,2.95216,0.33999,0.52837,3.90825e-05,3.90825e-05,3.90825e-05
915,4885.72,2.92526,0.35697,0.54454,0.75893,0.49533,0.60916,0.33403,2.94992,0.33968,0.52831,3.824e-05,3.824e-05,3.824e-05
916,4891.15,3.12338,0.37133,0.53216,0.76027,0.49635,0.60919,0.33288,2.94943,0.33938,0.52827,3.74071e-05,3.74071e-05,3.74071e-05
917,4896.51,3.04118,0.36175,0.5294,0.75677,0.49808,0.60949,0.33299,2.9507,0.33966,0.52819,3.65837e-05,3.65837e-05,3.65837e-05
918,4901.75,3.65269,0.42185,0.52732,0.75874,0.49739,0.61025,0.33371,2.93853,0.3382,0.52807,3.57699e-05,3.57699e-05,3.57699e-05
919,4906.98,2.87088,0.35236,0.53546,0.75902,0.49698,0.60976,0.33392,2.93343,0.33798,0.52811,3.49655e-05,3.49655e-05,3.49655e-05
920,4912.19,2.73032,0.344,0.54894,0.75899,0.49753,0.60945,0.33446,2.92863,0.33756,0.52799,3.41707e-05,3.41707e-05,3.41707e-05
921,4917.51,3.13569,0.36912,0.5323,0.75959,0.49657,0.60931,0.33455,2.92782,0.33836,0.528,3.33854e-05,3.33854e-05,3.33854e-05
922,4922.8,2.95113,0.36787,0.53191,0.76175,0.4978,0.61103,0.33486,2.93261,0.33837,0.52809,3.26097e-05,3.26097e-05,3.26097e-05
923,4927.94,3.0885,0.36665,0.53495,0.75999,0.49725,0.61046,0.33483,2.93131,0.33797,0.52812,3.18435e-05,3.18435e-05,3.18435e-05
924,4933.45,3.11216,0.38217,0.53993,0.76274,0.49808,0.61285,0.3352,2.93099,0.33796,0.52818,3.10869e-05,3.10869e-05,3.10869e-05
925,4938.65,3.01773,0.36044,0.52712,0.7623,0.49739,0.61195,0.33494,2.93209,0.33808,0.52819,3.03399e-05,3.03399e-05,3.03399e-05
926,4943.84,2.95968,0.3522,0.52921,0.76254,0.49684,0.61107,0.33477,2.92954,0.33798,0.52823,2.96024e-05,2.96024e-05,2.96024e-05
927,4949.25,3.11539,0.37847,0.53545,0.7618,0.49698,0.61125,0.33489,2.93483,0.33817,0.52832,2.88746e-05,2.88746e-05,2.88746e-05
928,4954.5,3.06407,0.37086,0.5383,0.7588,0.49698,0.61053,0.33439,2.92939,0.3377,0.52834,2.81563e-05,2.81563e-05,2.81563e-05
929,4959.75,3.1142,0.38473,0.53375,0.76015,0.49629,0.60982,0.33397,2.93231,0.33751,0.5283,2.74477e-05,2.74477e-05,2.74477e-05
930,4964.99,3.01245,0.37604,0.54324,0.75912,0.49574,0.60967,0.33299,2.93572,0.33798,0.52828,2.67486e-05,2.67486e-05,2.67486e-05
931,4970.18,3.12985,0.38167,0.53457,0.75744,0.49657,0.60949,0.33282,2.93953,0.33817,0.52829,2.60592e-05,2.60592e-05,2.60592e-05
932,4975.43,2.81716,0.35411,0.54544,0.76081,0.49562,0.60945,0.33274,2.94341,0.33851,0.52826,2.53793e-05,2.53793e-05,2.53793e-05
933,4980.68,2.92979,0.36642,0.53822,0.76322,0.49698,0.611,0.33331,2.94183,0.33808,0.52832,2.47091e-05,2.47091e-05,2.47091e-05
934,4985.91,3.06657,0.36833,0.52906,0.76087,0.49668,0.61025,0.33387,2.93794,0.33758,0.52825,2.40486e-05,2.40486e-05,2.40486e-05
935,4991.13,2.89436,0.36307,0.53418,0.76059,0.49616,0.60983,0.33327,2.9433,0.33834,0.52825,2.33977e-05,2.33977e-05,2.33977e-05
936,4996.51,3.12732,0.38916,0.53789,0.75908,0.49602,0.60978,0.33343,2.94202,0.33841,0.5282,2.27564e-05,2.27564e-05,2.27564e-05
937,5001.78,3.04106,0.36408,0.53021,0.76096,0.49649,0.61085,0.3336,2.94182,0.33817,0.52823,2.21248e-05,2.21248e-05,2.21248e-05
938,5007.13,3.29199,0.3978,0.52695,0.76084,0.49533,0.61026,0.33314,2.94327,0.33772,0.52816,2.15029e-05,2.15029e-05,2.15029e-05
939,5012.5,3.00434,0.36875,0.5258,0.75887,0.49772,0.6097,0.33327,2.93928,0.33737,0.52817,2.08906e-05,2.08906e-05,2.08906e-05
940,5017.62,3.05516,0.36549,0.53349,0.7594,0.49767,0.60979,0.33328,2.94091,0.33713,0.52821,2.0288e-05,2.0288e-05,2.0288e-05
941,5022.9,2.97435,0.34854,0.53667,0.75925,0.49794,0.60959,0.3329,2.94066,0.33727,0.52815,1.9695e-05,1.9695e-05,1.9695e-05
942,5028.27,3.05888,0.37034,0.5367,0.75891,0.49876,0.61031,0.33344,2.94111,0.33787,0.52819,1.91118e-05,1.91118e-05,1.91118e-05
943,5033.51,2.94995,0.36414,0.53627,0.7579,0.49973,0.61118,0.3337,2.94104,0.33736,0.52827,1.85382e-05,1.85382e-05,1.85382e-05
944,5038.95,3.10376,0.37778,0.5347,0.75863,0.49904,0.6121,0.33442,2.94079,0.3374,0.52836,1.79744e-05,1.79744e-05,1.79744e-05
945,5044.14,2.85237,0.35328,0.539,0.75935,0.49986,0.61196,0.3341,2.9421,0.33759,0.52833,1.74202e-05,1.74202e-05,1.74202e-05
946,5049.4,3.03222,0.37192,0.53166,0.75941,0.50027,0.61253,0.33503,2.93614,0.33691,0.52837,1.68758e-05,1.68758e-05,1.68758e-05
947,5054.6,3.03334,0.37217,0.53112,0.75895,0.49904,0.61183,0.33461,2.93967,0.33691,0.52837,1.6341e-05,1.6341e-05,1.6341e-05
948,5059.79,2.8533,0.34715,0.53155,0.75887,0.49835,0.61174,0.33484,2.93554,0.3369,0.52834,1.5816e-05,1.5816e-05,1.5816e-05
949,5065.03,2.98277,0.36353,0.53293,0.76013,0.49849,0.61166,0.33462,2.9361,0.33693,0.52828,1.53007e-05,1.53007e-05,1.53007e-05
950,5070.39,2.70348,0.33782,0.53535,0.75802,0.50041,0.61262,0.33505,2.93765,0.33713,0.52825,1.47952e-05,1.47952e-05,1.47952e-05
951,5075.67,2.84229,0.35751,0.53384,0.75709,0.50063,0.61217,0.33488,2.93543,0.33687,0.52824,1.42993e-05,1.42993e-05,1.42993e-05
952,5080.91,3.0094,0.37105,0.53086,0.75727,0.49941,0.61148,0.33492,2.93396,0.33688,0.52819,1.38133e-05,1.38133e-05,1.38133e-05
953,5086.17,3.1117,0.39359,0.53525,0.75716,0.50027,0.61169,0.33529,2.93675,0.33684,0.52823,1.33369e-05,1.33369e-05,1.33369e-05
954,5091.4,2.79276,0.34754,0.54227,0.75601,0.49931,0.61108,0.33512,2.93441,0.33717,0.52817,1.28703e-05,1.28703e-05,1.28703e-05
955,5096.68,2.6349,0.34728,0.54633,0.75528,0.49945,0.61106,0.33531,2.9374,0.33723,0.52822,1.24135e-05,1.24135e-05,1.24135e-05
956,5101.93,2.58438,0.32987,0.53599,0.75357,0.49863,0.61022,0.33509,2.93773,0.33737,0.52825,1.19664e-05,1.19664e-05,1.19664e-05
957,5107.1,2.82029,0.34883,0.52842,0.75398,0.499,0.61067,0.3352,2.93673,0.33715,0.52827,1.1529e-05,1.1529e-05,1.1529e-05
958,5112.33,2.95264,0.3565,0.54417,0.7535,0.5,0.61082,0.33498,2.93556,0.33685,0.52823,1.11015e-05,1.11015e-05,1.11015e-05
959,5117.59,3.05441,0.36754,0.53595,0.75381,0.5,0.61105,0.33504,2.93431,0.33672,0.5282,1.06837e-05,1.06837e-05,1.06837e-05
960,5122.9,3.07183,0.36934,0.53333,0.75482,0.49945,0.60971,0.33471,2.93571,0.33668,0.52821,1.02757e-05,1.02757e-05,1.02757e-05
961,5128.14,3.1228,0.38648,0.53266,0.75523,0.50026,0.6101,0.33471,2.93544,0.33656,0.52822,9.87741e-06,9.87741e-06,9.87741e-06
962,5133.57,3.46933,0.41747,0.53224,0.75551,0.49973,0.61039,0.33508,2.92906,0.33601,0.52817,9.48895e-06,9.48895e-06,9.48895e-06
963,5138.79,2.99448,0.36334,0.53389,0.75629,0.49973,0.61041,0.33471,2.92828,0.3357,0.52817,9.11028e-06,9.11028e-06,9.11028e-06
964,5144.01,3.13802,0.36872,0.52675,0.7569,0.49973,0.61009,0.3346,2.9304,0.33589,0.52813,8.74139e-06,8.74139e-06,8.74139e-06
965,5149.18,3.08459,0.38417,0.53212,0.75939,0.4989,0.611,0.33524,2.92815,0.33563,0.52805,8.3823e-06,8.3823e-06,8.3823e-06
966,5154.47,2.62054,0.33381,0.54085,0.75892,0.49959,0.6115,0.33497,2.92695,0.33555,0.52805,8.03301e-06,8.03301e-06,8.03301e-06
967,5159.8,2.81789,0.34627,0.53687,0.75951,0.49959,0.61127,0.33494,2.92863,0.33587,0.52802,7.69351e-06,7.69351e-06,7.69351e-06
968,5165.03,2.9773,0.36795,0.5277,0.76008,0.49799,0.6106,0.33505,2.92961,0.33583,0.52803,7.36382e-06,7.36382e-06,7.36382e-06
969,5170.26,3.07975,0.36585,0.53973,0.76064,0.49909,0.61107,0.33473,2.93177,0.33597,0.52801,7.04393e-06,7.04393e-06,7.04393e-06
970,5175.48,3.00958,0.37689,0.54841,0.76124,0.49945,0.61094,0.33527,2.92491,0.33561,0.5279,6.73386e-06,6.73386e-06,6.73386e-06
971,5180.74,3.11297,0.36064,0.53074,0.76205,0.49946,0.61182,0.33544,2.92889,0.33571,0.52795,6.4336e-06,6.4336e-06,6.4336e-06
972,5185.96,2.77713,0.3418,0.53592,0.75749,0.4989,0.61058,0.33523,2.9266,0.33558,0.528,6.14315e-06,6.14315e-06,6.14315e-06
973,5191.45,3.26546,0.38092,0.53162,0.75842,0.49959,0.61139,0.33549,2.92589,0.3356,0.528,5.86252e-06,5.86252e-06,5.86252e-06
974,5196.64,2.79277,0.34157,0.54047,0.76018,0.49822,0.61117,0.33524,2.9265,0.33587,0.52799,5.59172e-06,5.59172e-06,5.59172e-06
975,5201.8,3.02514,0.37203,0.53449,0.75991,0.49796,0.61138,0.33533,2.92563,0.33556,0.528,5.33074e-06,5.33074e-06,5.33074e-06
976,5207.02,3.18942,0.37453,0.53793,0.75779,0.4974,0.61105,0.33564,2.92718,0.33605,0.52806,5.07958e-06,5.07958e-06,5.07958e-06
977,5212.23,2.94185,0.35548,0.54007,0.75737,0.49753,0.61109,0.33574,2.92485,0.33607,0.52807,4.83826e-06,4.83826e-06,4.83826e-06
978,5217.63,2.88387,0.3469,0.53701,0.75834,0.49712,0.61152,0.33572,2.92549,0.33611,0.52808,4.60677e-06,4.60677e-06,4.60677e-06
979,5222.85,2.88191,0.35835,0.54396,0.7598,0.49725,0.61165,0.33573,2.92269,0.336,0.52808,4.38511e-06,4.38511e-06,4.38511e-06
980,5228.06,3.08142,0.37896,0.54493,0.7624,0.49823,0.6118,0.33527,2.92861,0.33643,0.52816,4.17328e-06,4.17328e-06,4.17328e-06
981,5233.3,2.71161,0.33369,0.5378,0.76137,0.49808,0.61124,0.3349,2.92927,0.33637,0.52808,3.9713e-06,3.9713e-06,3.9713e-06
982,5238.63,2.83264,0.35597,0.53277,0.7613,0.49712,0.61016,0.33494,2.9298,0.33666,0.52805,3.77915e-06,3.77915e-06,3.77915e-06
983,5243.78,3.0568,0.36535,0.53891,0.76148,0.49702,0.61002,0.33507,2.93219,0.33663,0.52808,3.59685e-06,3.59685e-06,3.59685e-06
984,5249.24,2.94076,0.36095,0.53812,0.7618,0.49753,0.61041,0.33476,2.9286,0.33633,0.52809,3.42439e-06,3.42439e-06,3.42439e-06
985,5254.53,2.9976,0.36745,0.53143,0.76155,0.4978,0.61014,0.33466,2.9323,0.33659,0.52816,3.26178e-06,3.26178e-06,3.26178e-06
986,5259.76,2.89713,0.34961,0.5378,0.7591,0.49837,0.61009,0.33458,2.93263,0.33654,0.52803,3.10901e-06,3.10901e-06,3.10901e-06
987,5264.97,2.67404,0.34413,0.53814,0.7583,0.49794,0.60976,0.33487,2.93308,0.3363,0.52813,2.9661e-06,2.9661e-06,2.9661e-06
988,5270.19,2.84996,0.35604,0.5365,0.76077,0.49863,0.61048,0.33457,2.93812,0.33706,0.52823,2.83303e-06,2.83303e-06,2.83303e-06
989,5275.61,3.28594,0.39927,0.52548,0.76248,0.49794,0.61061,0.33433,2.93907,0.33685,0.52826,2.70982e-06,2.70982e-06,2.70982e-06
990,5280.98,3.0144,0.36822,0.5385,0.76386,0.49822,0.61128,0.33475,2.93488,0.33695,0.52826,2.59645e-06,2.59645e-06,2.59645e-06
991,5338.45,3.02769,0.38232,0.5298,0.76125,0.49863,0.61121,0.33443,2.93542,0.33664,0.52818,2.49295e-06,2.49295e-06,2.49295e-06
992,5343.99,2.97991,0.36862,0.5407,0.75845,0.49876,0.60903,0.33293,2.94508,0.33769,0.52817,2.39929e-06,2.39929e-06,2.39929e-06
993,5349.08,2.94262,0.36209,0.53846,0.7567,0.49931,0.60808,0.33221,2.9497,0.33804,0.52816,2.31549e-06,2.31549e-06,2.31549e-06
