epoch,time,train/box_loss,train/cls_loss,train/dfl_loss,metrics/precision(B),metrics/recall(B),metrics/mAP50(B),metrics/mAP50-95(B),val/box_loss,val/cls_loss,val/dfl_loss,lr/pg0,lr/pg1,lr/pg2
1,4.19372,12.8423,7.10089,1.73321,0.01559,0.02183,0.00859,0.00297,12.6089,6.19772,1.61736,0.1961,0.0001,0.0001
2,6.91006,13.2815,6.5434,1.74973,0.0299,0.04187,0.02049,0.00686,12.1163,4.88244,1.47326,0.19025,0.000249999,0.000249999
3,9.53499,11.4184,4.63531,1.43522,0.1992,0.06549,0.05294,0.0143,12.0104,5.76856,1.23859,0.1844,0.000399996,0.000399996
4,12.1242,11.0737,4.00629,1.36308,0.17878,0.08471,0.0629,0.01534,12.3466,10.1578,1.1678,0.17855,0.000549988,0.000549988
5,14.6963,11.6351,3.48308,1.32362,0.15339,0.08182,0.06091,0.01511,12.5087,10.7243,1.1791,0.1727,0.000699973,0.000699973
6,17.1917,11.2217,3.14862,1.2671,0.15585,0.07578,0.05678,0.01457,12.6088,6.83726,1.19485,0.16685,0.000849948,0.000849948
7,19.9052,11.266,2.88899,1.2664,0.16708,0.07784,0.05929,0.01552,12.5499,7.48598,1.20546,0.161,0.000999912,0.000999912
8,22.473,11.0107,2.74964,1.25631,0.12115,0.09157,0.04864,0.013,12.1642,6.95142,1.1916,0.15515,0.00114986,0.00114986
9,24.9667,11.1577,2.74933,1.23102,0.1377,0.09445,0.05355,0.01456,12.084,5.18239,1.18441,0.1493,0.0012998,0.0012998
10,27.4943,10.7356,2.60002,1.24164,0.2026,0.102,0.07745,0.02039,11.778,3.99006,1.15929,0.14345,0.00144971,0.00144971
11,30.1774,10.214,2.48022,1.24278,0.21711,0.10612,0.0807,0.0215,11.7105,3.52301,1.15605,0.1376,0.00159961,0.00159961
12,32.9871,10.6398,2.6185,1.22908,0.22718,0.11463,0.09463,0.0266,11.4231,3.73011,1.14715,0.131749,0.00174948,0.00174948
13,35.6075,10.6068,2.51193,1.22735,0.23535,0.12685,0.10819,0.03019,11.2175,4.60251,1.14196,0.125899,0.00189933,0.00189933
14,38.1951,10.1605,2.58156,1.19543,0.24521,0.12919,0.11227,0.03233,11.186,3.48812,1.14007,0.120049,0.00204915,0.00204915
15,40.8312,10.3711,2.41534,1.19612,0.27294,0.13674,0.12675,0.03408,10.9665,3.67472,1.12934,0.114199,0.00219895,0.00219895
16,43.3568,9.83374,2.38186,1.20985,0.24454,0.12946,0.11328,0.03148,11.4065,3.56401,1.13987,0.108349,0.00234871,0.00234871
17,45.9157,10.1155,2.39633,1.1966,0.28182,0.14388,0.13278,0.037,11.182,4.45569,1.12933,0.102498,0.00249844,0.00249844
18,48.4719,10.3574,2.38019,1.1991,0.26076,0.14484,0.12669,0.03534,11.1621,3.89237,1.12655,0.0966481,0.00264813,0.00264813
19,50.8389,10.0198,2.37366,1.21006,0.29669,0.15445,0.14487,0.0419,10.6572,3.22189,1.12122,0.0907978,0.00279778,0.00279778
20,53.3818,9.96701,2.36575,1.21037,0.28728,0.15733,0.14292,0.04106,10.7259,3.06872,1.12255,0.0849474,0.0029474,0.0029474
21,55.7004,10.2133,2.39988,1.20755,0.28665,0.14964,0.13985,0.04083,10.8941,3.57788,1.12219,0.079097,0.00309697,0.00309697
22,58.2275,10.5106,2.45882,1.17125,0.28557,0.15472,0.14378,0.04191,10.6883,3.07452,1.11327,0.0732465,0.0032465,0.0032465
23,60.6712,10.0671,2.37826,1.1685,0.28489,0.15321,0.13696,0.03899,10.7674,2.83303,1.11807,0.067396,0.00339598,0.00339598
24,63.119,9.97995,2.33115,1.17768,0.3174,0.16063,0.1549,0.0446,10.8095,3.14282,1.11994,0.0615454,0.00354541,0.00354541
25,65.5666,10.1586,2.32063,1.24917,0.31182,0.15596,0.14662,0.04291,10.6041,3.54829,1.1185,0.0556948,0.0036948,0.0036948
26,68.0151,10.5772,2.53215,1.19192,0.31872,0.16516,0.15584,0.0451,10.3265,2.65011,1.11068,0.0498441,0.00384413,0.00384413
27,70.4939,9.89908,2.3718,1.2135,0.32275,0.15925,0.15408,0.04468,10.788,3.22496,1.12918,0.0439934,0.0039934,0.0039934
28,72.91,9.92262,2.34863,1.21031,0.3195,0.16214,0.15393,0.04398,10.946,2.85629,1.12891,0.0381426,0.00414261,0.00414261
29,75.2923,10.3136,2.4136,1.17701,0.32657,0.1668,0.16284,0.047,10.5192,2.64046,1.11419,0.0322918,0.00429177,0.00429177
30,77.7077,10.2982,2.44888,1.17741,0.31133,0.15815,0.14964,0.04063,10.6514,2.59244,1.11183,0.0264409,0.00444086,0.00444086
31,80.1352,10.4289,2.39901,1.19028,0.31723,0.15335,0.14823,0.04429,10.9289,3.01222,1.12986,0.0205899,0.00458989,0.00458989
32,82.6618,9.95575,2.30893,1.19952,0.30296,0.15287,0.14463,0.04387,11.2864,3.26967,1.13692,0.0147389,0.00473886,0.00473886
33,84.999,10.652,2.53879,1.17355,0.31374,0.16131,0.14903,0.04126,10.4127,2.59555,1.1104,0.00888775,0.00488775,0.00488775
34,87.4752,9.45042,2.19548,1.20399,0.32877,0.16021,0.15642,0.04542,10.8338,2.65557,1.12531,0.00498671,0.00498671,0.00498671
35,89.8437,10.5985,2.40493,1.20798,0.33832,0.16529,0.16293,0.04997,10.5655,2.71018,1.12781,0.00498589,0.00498589,0.00498589
36,92.3712,10.8329,2.52075,1.16798,0.33133,0.16048,0.1587,0.0493,10.7117,2.87031,1.13504,0.00498505,0.00498505,0.00498505
37,94.7553,10.0755,2.30185,1.1984,0.34028,0.17175,0.16811,0.04616,10.5943,2.85052,1.12995,0.00498419,0.00498419,0.00498419
38,97.3438,10.1411,2.384,1.19625,0.33734,0.15925,0.15629,0.04306,10.5829,2.6221,1.12798,0.0049833,0.0049833,0.0049833
39,99.664,10.0693,2.36869,1.17671,0.33527,0.16227,0.15969,0.04826,10.5186,2.75637,1.13453,0.00498238,0.00498238,0.00498238
40,102.092,10.3444,2.39087,1.15472,0.35013,0.16269,0.16121,0.04888,10.5955,2.76915,1.1356,0.00498145,0.00498145,0.00498145
41,104.395,10.0219,2.27086,1.17822,0.33478,0.16186,0.15267,0.04084,10.5374,2.56,1.12297,0.00498048,0.00498048,0.00498048
42,106.842,10.2866,2.41572,1.16166,0.35165,0.16722,0.16476,0.04672,10.4347,2.52768,1.11956,0.0049795,0.0049795,0.0049795
43,109.416,10.533,2.41894,1.19688,0.35065,0.16667,0.16512,0.04994,10.6069,2.95475,1.13409,0.00497849,0.00497849,0.00497849
44,111.831,9.82106,2.38534,1.17065,0.34382,0.15811,0.15576,0.04782,10.4466,2.64395,1.12736,0.00497745,0.00497745,0.00497745
45,114.165,9.85306,2.34125,1.16351,0.36982,0.18163,0.17867,0.0521,10.1481,2.87307,1.11138,0.00497639,0.00497639,0.00497639
46,116.628,9.29219,2.27704,1.1855,0.36557,0.1793,0.1783,0.05383,10.0977,2.59587,1.1092,0.00497531,0.00497531,0.00497531
47,119.077,9.20137,2.18977,1.16041,0.35156,0.16598,0.16906,0.05336,10.2214,2.4344,1.11193,0.0049742,0.0049742,0.0049742
48,121.636,9.46619,2.23919,1.15426,0.3288,0.162,0.16057,0.05019,10.3231,2.67394,1.1174,0.00497307,0.00497307,0.00497307
49,124.097,9.30221,2.24636,1.15167,0.37608,0.176,0.18548,0.05413,9.96103,2.40296,1.10597,0.00497191,0.00497191,0.00497191
50,126.606,10.005,2.37144,1.15062,0.36567,0.18337,0.18503,0.05193,10.2932,2.56981,1.11245,0.00497073,0.00497073,0.00497073
51,129.069,10.3914,2.39864,1.18245,0.34411,0.17065,0.17264,0.05228,10.2403,2.54228,1.12147,0.00496953,0.00496953,0.00496953
52,131.501,9.80865,2.32759,1.19537,0.34878,0.17518,0.17776,0.05552,10.0785,2.57704,1.11411,0.0049683,0.0049683,0.0049683
53,134.045,9.78187,2.27795,1.14546,0.36125,0.17902,0.18304,0.05364,10.2643,2.48711,1.11022,0.00496705,0.00496705,0.00496705
54,136.479,9.54768,2.26827,1.16517,0.36404,0.18396,0.18435,0.05586,10.0359,2.50082,1.11093,0.00496577,0.00496577,0.00496577
55,138.909,9.48449,2.22436,1.17287,0.36161,0.17449,0.1778,0.05329,10.1344,2.44983,1.12971,0.00496447,0.00496447,0.00496447
56,141.339,10.0178,2.31966,1.15511,0.37173,0.18396,0.18835,0.05647,10.1308,2.50319,1.13271,0.00496315,0.00496315,0.00496315
57,143.769,9.17898,2.17158,1.18007,0.35531,0.18191,0.18329,0.05631,10.1815,2.58708,1.13511,0.0049618,0.0049618,0.0049618
58,146.251,9.62116,2.22479,1.16369,0.35447,0.17724,0.17927,0.05625,10.1924,2.45523,1.12644,0.00496042,0.00496042,0.00496042
59,148.743,9.57915,2.17248,1.15739,0.38386,0.19001,0.1993,0.06085,9.76011,2.3785,1.11529,0.00495903,0.00495903,0.00495903
60,151.239,10.0112,2.35714,1.16313,0.38359,0.19426,0.20213,0.0622,9.73635,2.40073,1.11036,0.00495761,0.00495761,0.00495761
61,153.718,9.6775,2.31188,1.17619,0.36808,0.18561,0.18988,0.0585,9.95802,2.45068,1.121,0.00495616,0.00495616,0.00495616
62,156.087,9.42179,2.26325,1.1939,0.375,0.18396,0.19118,0.05711,9.87679,2.4267,1.11429,0.00495469,0.00495469,0.00495469
63,158.47,9.48815,2.22192,1.15888,0.39083,0.18108,0.19159,0.0578,9.93948,2.34804,1.11757,0.0049532,0.0049532,0.0049532
64,161.009,9.71321,2.21243,1.15977,0.38951,0.18136,0.19241,0.05755,9.90315,2.35075,1.11292,0.00495168,0.00495168,0.00495168
65,163.357,9.84083,2.26391,1.13497,0.38003,0.17559,0.1903,0.05768,9.97497,2.35413,1.11322,0.00495014,0.00495014,0.00495014
66,165.741,9.21322,2.14001,1.17283,0.37335,0.17806,0.1885,0.05705,10.0041,2.37217,1.12127,0.00494858,0.00494858,0.00494858
67,168.22,9.37575,2.17914,1.16151,0.3863,0.18081,0.19513,0.0592,9.91413,2.3198,1.12401,0.00494699,0.00494699,0.00494699
68,170.634,9.33333,2.21612,1.18133,0.38282,0.18328,0.19472,0.06057,9.92216,2.33793,1.12779,0.00494538,0.00494538,0.00494538
69,173.046,9.97489,2.35715,1.18186,0.38917,0.19152,0.20404,0.06242,9.696,2.30001,1.1211,0.00494374,0.00494374,0.00494374
70,175.699,9.24901,2.15827,1.19619,0.39558,0.19179,0.20639,0.06325,9.56805,2.30202,1.11649,0.00494208,0.00494208,0.00494208
71,178.098,9.83867,2.28284,1.17805,0.39212,0.18959,0.20212,0.06232,9.97748,2.38655,1.11891,0.00494039,0.00494039,0.00494039
72,180.558,9.41401,2.19169,1.15237,0.40091,0.1911,0.2056,0.06343,9.8732,2.34867,1.11386,0.00493869,0.00493869,0.00493869
73,183.054,9.45154,2.09573,1.14476,0.39422,0.18602,0.19961,0.0619,9.70634,2.32169,1.11229,0.00493695,0.00493695,0.00493695
74,185.501,9.17744,2.16416,1.18361,0.39247,0.18385,0.19814,0.06124,9.81962,2.33018,1.11537,0.0049352,0.0049352,0.0049352
75,187.981,8.9403,2.08754,1.16524,0.40534,0.19028,0.20775,0.06642,9.66943,2.27652,1.11109,0.00493342,0.00493342,0.00493342
76,190.526,9.34446,2.19512,1.15814,0.40979,0.1885,0.20614,0.06243,9.76097,2.28664,1.11377,0.00493162,0.00493162,0.00493162
77,192.893,9.75634,2.32331,1.17118,0.37359,0.18232,0.19007,0.06159,9.73382,2.42055,1.11368,0.00492979,0.00492979,0.00492979
78,195.29,9.464,2.25603,1.14859,0.38758,0.18438,0.19857,0.06597,9.87696,2.30749,1.10501,0.00492794,0.00492794,0.00492794
79,197.613,9.26936,2.14402,1.15152,0.40594,0.18685,0.20274,0.0605,9.71866,2.30899,1.1031,0.00492606,0.00492606,0.00492606
80,200.156,8.8193,2.02404,1.15802,0.43138,0.18548,0.21319,0.06476,9.90262,2.33341,1.10662,0.00492417,0.00492417,0.00492417
81,202.476,9.14183,2.10337,1.15232,0.38835,0.18657,0.20409,0.06796,9.55355,2.23699,1.10081,0.00492224,0.00492224,0.00492224
82,204.94,8.94067,2.1427,1.1443,0.39919,0.18179,0.2029,0.06856,9.52454,2.22837,1.09961,0.0049203,0.0049203,0.0049203
83,207.404,9.41862,2.12664,1.14567,0.40738,0.19042,0.21022,0.06338,9.73116,2.24776,1.10015,0.00491833,0.00491833,0.00491833
84,209.884,8.78627,2.08422,1.14549,0.39295,0.18328,0.19651,0.05897,9.81942,2.28039,1.10032,0.00491634,0.00491634,0.00491634
85,212.378,9.03006,2.1056,1.12246,0.40474,0.18767,0.20673,0.0677,9.41608,2.21033,1.09557,0.00491432,0.00491432,0.00491432
86,214.953,9.2882,2.1371,1.14224,0.40489,0.19014,0.20394,0.06647,9.43123,2.22539,1.09571,0.00491228,0.00491228,0.00491228
87,217.351,9.20926,2.09864,1.15485,0.39502,0.18012,0.19153,0.05632,9.91102,2.30117,1.10238,0.00491022,0.00491022,0.00491022
88,219.75,9.0212,2.05954,1.15178,0.40652,0.17916,0.19385,0.05779,9.93619,2.29018,1.10407,0.00490813,0.00490813,0.00490813
89,222.122,9.46127,2.08361,1.13665,0.4099,0.19069,0.20798,0.06887,9.35868,2.20491,1.09821,0.00490602,0.00490602,0.00490602
90,224.761,8.75909,2.03495,1.14641,0.40196,0.19206,0.20537,0.0675,9.46798,2.26296,1.10202,0.00490388,0.00490388,0.00490388
91,227.097,8.78687,2.08019,1.14045,0.43695,0.19507,0.21867,0.06853,9.39464,2.24659,1.10336,0.00490173,0.00490173,0.00490173
92,229.544,8.69927,1.96854,1.13767,0.428,0.19701,0.21997,0.06849,9.36667,2.22085,1.10144,0.00489955,0.00489955,0.00489955
93,231.907,9.21005,2.19393,1.15576,0.39955,0.1934,0.20961,0.06952,9.44641,2.22767,1.10225,0.00489734,0.00489734,0.00489734
94,234.41,9.13889,2.08164,1.14445,0.41541,0.1877,0.21151,0.06939,9.52115,2.20009,1.10407,0.00489511,0.00489511,0.00489511
95,236.795,8.55964,2.03127,1.13737,0.4296,0.19193,0.21908,0.06854,9.44068,2.22685,1.10702,0.00489286,0.00489286,0.00489286
96,239.344,9.20618,2.10363,1.13779,0.42386,0.18561,0.21468,0.06888,9.42154,2.24774,1.11096,0.00489059,0.00489059,0.00489059
97,241.715,9.70967,2.2406,1.13644,0.40215,0.1966,0.21585,0.06925,9.45268,2.2675,1.10931,0.00488829,0.00488829,0.00488829
98,244.163,9.02025,2.10049,1.13168,0.39785,0.19454,0.21521,0.06748,9.54085,2.24854,1.10877,0.00488597,0.00488597,0.00488597
99,246.531,9.59041,2.20641,1.16016,0.41729,0.19838,0.22483,0.07338,9.18954,2.20242,1.10859,0.00488362,0.00488362,0.00488362
100,249.062,8.92156,2.05859,1.15297,0.40028,0.19426,0.21663,0.07204,9.31105,2.2203,1.11022,0.00488126,0.00488126,0.00488126
101,251.528,8.65616,1.99741,1.18373,0.42408,0.19852,0.22168,0.07129,9.29408,2.21678,1.10502,0.00487886,0.00487886,0.00487886
102,253.916,9.50438,2.26494,1.13361,0.43808,0.20057,0.22588,0.07387,9.18433,2.2049,1.10016,0.00487645,0.00487645,0.00487645
103,256.379,8.8587,2.0409,1.15053,0.42,0.19248,0.22274,0.07391,9.34047,2.22462,1.09996,0.00487401,0.00487401,0.00487401
104,258.951,8.24841,2.03719,1.13913,0.43153,0.19467,0.22428,0.07395,9.39513,2.21642,1.10017,0.00487155,0.00487155,0.00487155
105,261.318,8.66481,2.03945,1.15197,0.45138,0.18767,0.22058,0.06917,9.40834,2.27769,1.10259,0.00486907,0.00486907,0.00486907
106,263.925,8.87171,1.94154,1.14343,0.45075,0.19316,0.22655,0.07246,9.28294,2.2289,1.09997,0.00486656,0.00486656,0.00486656
107,266.258,9.332,2.1717,1.1604,0.40516,0.19028,0.21268,0.06616,9.67339,2.28721,1.10713,0.00486403,0.00486403,0.00486403
108,268.705,9.26967,2.15922,1.14069,0.41425,0.18465,0.2082,0.06568,9.64749,2.26368,1.10299,0.00486148,0.00486148,0.00486148
109,271.045,9.13943,2.07674,1.13567,0.43771,0.20621,0.23235,0.07501,9.19555,2.18447,1.09576,0.0048589,0.0048589,0.0048589
110,273.619,8.66642,1.97214,1.14566,0.43301,0.20181,0.22607,0.07195,9.38442,2.18985,1.09638,0.0048563,0.0048563,0.0048563
111,276.115,8.93143,2.02046,1.13646,0.42121,0.19989,0.22119,0.07157,9.0932,2.18155,1.09458,0.00485368,0.00485368,0.00485368
112,278.516,8.97179,2.08618,1.15302,0.42541,0.19292,0.21605,0.06749,9.40485,2.20899,1.09992,0.00485103,0.00485103,0.00485103
113,280.823,9.0859,2.04151,1.13822,0.42367,0.20063,0.22471,0.07483,9.27476,2.18835,1.09847,0.00484837,0.00484837,0.00484837
114,283.224,8.96498,2.08212,1.16034,0.41767,0.20373,0.22502,0.07394,9.39886,2.25507,1.09822,0.00484568,0.00484568,0.00484568
115,285.633,8.78941,2.04322,1.14087,0.41927,0.1966,0.22085,0.0724,9.08357,2.17027,1.0942,0.00484296,0.00484296,0.00484296
116,288.178,8.53375,1.95038,1.13783,0.42724,0.19989,0.22609,0.07502,9.07487,2.17279,1.09668,0.00484022,0.00484022,0.00484022
117,290.722,9.13896,2.12111,1.17043,0.42509,0.19907,0.22376,0.07199,9.42538,2.22825,1.10095,0.00483746,0.00483746,0.00483746
118,293.154,8.71247,1.95543,1.14209,0.44352,0.2003,0.22903,0.07288,9.36717,2.2171,1.10173,0.00483468,0.00483468,0.00483468
119,295.49,9.0242,2.03577,1.14726,0.42844,0.19481,0.22815,0.07519,9.14184,2.20024,1.09987,0.00483188,0.00483188,0.00483188
120,298.03,9.16197,2.16755,1.13351,0.42533,0.19454,0.22504,0.07275,9.23062,2.18805,1.10304,0.00482905,0.00482905,0.00482905
121,300.349,8.55181,1.95065,1.14763,0.44525,0.20442,0.23638,0.07778,9.131,2.16714,1.09954,0.0048262,0.0048262,0.0048262
122,302.984,9.01306,2.07169,1.16255,0.44822,0.20744,0.23676,0.07734,9.16764,2.14923,1.10142,0.00482332,0.00482332,0.00482332
123,305.414,9.16521,2.0716,1.13099,0.42463,0.20547,0.23073,0.07544,9.08556,2.16001,1.10253,0.00482043,0.00482043,0.00482043
124,307.86,8.46195,1.94918,1.16043,0.4289,0.19783,0.22454,0.07605,9.1303,2.15702,1.09728,0.00481751,0.00481751,0.00481751
125,310.245,8.84192,2.00209,1.16393,0.44695,0.20442,0.23461,0.07465,9.21257,2.17232,1.10077,0.00481457,0.00481457,0.00481457
126,312.691,8.84298,2.05641,1.13217,0.46244,0.19605,0.23259,0.07567,9.10341,2.21056,1.09621,0.0048116,0.0048116,0.0048116
127,315.183,8.96461,2.05148,1.13702,0.43304,0.20401,0.2283,0.07693,9.2236,2.17038,1.09097,0.00480862,0.00480862,0.00480862
128,317.661,8.97698,2.13354,1.1158,0.44396,0.19989,0.23139,0.07883,9.09898,2.14828,1.09064,0.00480561,0.00480561,0.00480561
129,320.105,8.33614,1.9406,1.14456,0.46377,0.19615,0.23569,0.0749,9.27063,2.20341,1.09729,0.00480257,0.00480257,0.00480257
130,322.566,8.43972,1.92959,1.12273,0.45209,0.18929,0.22705,0.07395,9.39205,2.21841,1.09616,0.00479952,0.00479952,0.00479952
131,324.888,8.85476,2.10782,1.16366,0.44579,0.20209,0.23447,0.07985,9.02757,2.11619,1.08793,0.00479644,0.00479644,0.00479644
132,327.51,8.65312,2.01977,1.11475,0.42689,0.20319,0.22977,0.07745,9.11398,2.13036,1.0877,0.00479334,0.00479334,0.00479334
133,329.927,8.82446,2.10735,1.13966,0.45042,0.20744,0.23932,0.07654,9.16145,2.13759,1.09172,0.00479022,0.00479022,0.00479022
134,332.361,8.96154,2.04631,1.14124,0.43207,0.2117,0.2358,0.07588,9.08887,2.17258,1.09047,0.00478708,0.00478708,0.00478708
135,334.776,8.83578,1.97429,1.15745,0.4114,0.20566,0.22389,0.07502,9.20335,2.17154,1.0881,0.00478391,0.00478391,0.00478391
136,337.241,8.66072,1.9805,1.10515,0.43971,0.20536,0.23699,0.08046,9.17214,2.15615,1.09093,0.00478072,0.00478072,0.00478072
137,339.83,8.52735,1.93081,1.12418,0.4685,0.19632,0.23706,0.07612,9.09121,2.18103,1.09097,0.00477751,0.00477751,0.00477751
138,342.229,8.86696,2.05616,1.14049,0.45751,0.20003,0.23961,0.08077,9.12494,2.14046,1.09409,0.00477428,0.00477428,0.00477428
139,344.626,8.72983,1.99691,1.14452,0.44785,0.19721,0.23263,0.07644,9.32098,2.18956,1.10031,0.00477102,0.00477102,0.00477102
140,347.043,8.42286,2.00269,1.1154,0.46268,0.19612,0.23469,0.07646,9.2053,2.18641,1.09895,0.00476775,0.00476775,0.00476775
141,349.471,8.71816,2.0443,1.13037,0.43831,0.20387,0.2335,0.07743,9.26576,2.21623,1.09849,0.00476445,0.00476445,0.00476445
142,351.886,8.74162,2.01403,1.13818,0.44691,0.21211,0.24151,0.08124,9.12093,2.19446,1.09552,0.00476113,0.00476113,0.00476113
143,354.557,8.60553,1.9178,1.12967,0.44543,0.20323,0.23225,0.07563,9.08958,2.14141,1.09446,0.00475778,0.00475778,0.00475778
144,357.035,9.13271,2.12937,1.11808,0.43361,0.2128,0.23622,0.07543,9.04181,2.17044,1.09123,0.00475442,0.00475442,0.00475442
145,359.387,8.51934,1.99741,1.11829,0.43371,0.21252,0.23415,0.07957,9.17611,2.21803,1.09014,0.00475103,0.00475103,0.00475103
146,361.898,8.42607,1.93236,1.13508,0.44328,0.20593,0.23339,0.07584,9.26676,2.14861,1.09099,0.00474762,0.00474762,0.00474762
147,364.315,8.49567,2.01427,1.12622,0.44441,0.21156,0.2377,0.07899,8.88204,2.14117,1.08746,0.00474419,0.00474419,0.00474419
148,366.885,9.09865,2.13259,1.1141,0.43766,0.20881,0.23795,0.0815,8.78666,2.09707,1.08629,0.00474073,0.00474073,0.00474073
149,369.338,9.00236,2.1151,1.11713,0.43558,0.20826,0.23046,0.07359,9.22333,2.17326,1.09026,0.00473726,0.00473726,0.00473726
150,371.718,8.52785,1.96669,1.13142,0.43273,0.2117,0.2368,0.07688,9.19129,2.21876,1.09181,0.00473376,0.00473376,0.00473376
151,374.059,8.8959,2.02075,1.12491,0.42701,0.20717,0.23652,0.08013,8.77221,2.09638,1.08688,0.00473024,0.00473024,0.00473024
152,376.533,8.98694,2.05473,1.12511,0.43206,0.20758,0.23972,0.08197,8.69914,2.10246,1.08573,0.0047267,0.0047267,0.0047267
153,379.247,8.62885,1.96114,1.11624,0.44964,0.21225,0.24488,0.07957,9.12282,2.13351,1.09145,0.00472314,0.00472314,0.00472314
154,381.749,8.91156,1.97629,1.13154,0.44248,0.20291,0.24109,0.07976,9.2444,2.1678,1.09034,0.00471955,0.00471955,0.00471955
155,384.125,8.96789,2.03748,1.13722,0.43722,0.20977,0.24253,0.08291,8.7204,2.11283,1.08065,0.00471595,0.00471595,0.00471595
156,386.66,8.426,1.94158,1.125,0.43405,0.20717,0.23798,0.08145,8.73193,2.0956,1.08082,0.00471232,0.00471232,0.00471232
157,389.056,8.4835,2.00525,1.12839,0.43668,0.2014,0.23253,0.07747,9.18574,2.13708,1.08826,0.00470867,0.00470867,0.00470867
158,391.545,8.82114,2.07579,1.13194,0.4381,0.19879,0.23327,0.07746,9.17469,2.15562,1.08789,0.004705,0.004705,0.004705
159,394.026,9.07865,2.09273,1.14071,0.43621,0.20634,0.23864,0.08297,8.70127,2.12784,1.08163,0.00470131,0.00470131,0.00470131
160,396.545,8.00538,1.92958,1.12156,0.44249,0.20181,0.23885,0.08331,8.70537,2.11424,1.08038,0.00469759,0.00469759,0.00469759
161,399.025,8.87295,2.10688,1.11685,0.46424,0.18784,0.23212,0.07903,9.15432,2.23868,1.08889,0.00469386,0.00469386,0.00469386
162,401.406,8.80943,2.21015,1.11727,0.45002,0.19811,0.23223,0.07736,9.08223,2.15289,1.08801,0.0046901,0.0046901,0.0046901
163,403.944,8.88813,2.0401,1.15475,0.44186,0.20923,0.23921,0.08339,8.7885,2.12729,1.08516,0.00468632,0.00468632,0.00468632
164,406.41,8.61951,2.07761,1.10388,0.43979,0.21049,0.24166,0.08385,8.81842,2.0811,1.08306,0.00468253,0.00468253,0.00468253
165,408.902,8.66983,2.02958,1.12195,0.46723,0.19829,0.24188,0.0814,8.94917,2.14067,1.08639,0.0046787,0.0046787,0.0046787
166,411.318,8.94714,2.0041,1.12594,0.44817,0.20826,0.24246,0.08101,8.92891,2.12394,1.08551,0.00467486,0.00467486,0.00467486
167,413.685,8.21913,1.88303,1.13506,0.43637,0.20264,0.23784,0.08171,8.87928,2.09922,1.08432,0.004671,0.004671,0.004671
168,416.133,8.4843,1.9734,1.12461,0.42972,0.20938,0.23849,0.08182,8.8852,2.12744,1.08345,0.00466712,0.00466712,0.00466712
169,418.517,8.35763,2.01416,1.13275,0.46712,0.2076,0.24768,0.08421,8.76659,2.06815,1.08144,0.00466321,0.00466321,0.00466321
170,421.014,8.5432,1.99175,1.12691,0.45238,0.21252,0.24536,0.0824,8.81027,2.05353,1.08379,0.00465928,0.00465928,0.00465928
171,423.364,8.33158,1.93667,1.09812,0.45109,0.2084,0.24255,0.08135,8.91998,2.08258,1.08106,0.00465534,0.00465534,0.00465534
172,425.892,8.42417,1.94256,1.1151,0.46465,0.20471,0.24424,0.08283,8.87892,2.10863,1.08071,0.00465137,0.00465137,0.00465137
173,428.355,8.61918,2.07619,1.12589,0.47693,0.20442,0.24693,0.08347,8.80577,2.09766,1.08229,0.00464738,0.00464738,0.00464738
174,430.772,8.66936,1.98689,1.1253,0.44969,0.21293,0.24549,0.08332,8.88858,2.11563,1.08714,0.00464337,0.00464337,0.00464337
175,433.129,8.36474,1.92038,1.12205,0.45744,0.21115,0.24646,0.08418,8.87604,2.14456,1.08271,0.00463934,0.00463934,0.00463934
176,435.556,8.56377,1.98114,1.14275,0.45094,0.21293,0.24738,0.08503,8.80432,2.14035,1.0806,0.00463528,0.00463528,0.00463528
177,437.938,8.70453,2.05834,1.10984,0.46153,0.20799,0.24958,0.08546,8.98643,2.10055,1.0841,0.00463121,0.00463121,0.00463121
178,440.574,8.5073,1.98722,1.12959,0.46807,0.20758,0.24887,0.08509,9.01711,2.10621,1.08682,0.00462712,0.00462712,0.00462712
179,442.969,8.14478,1.88063,1.12772,0.48529,0.20936,0.25868,0.08783,8.7967,2.13749,1.0858,0.004623,0.004623,0.004623
180,445.475,8.19835,1.86534,1.13121,0.46597,0.20909,0.25263,0.08657,8.77417,2.1091,1.08538,0.00461887,0.00461887,0.00461887
181,447.814,8.99684,2.12836,1.12897,0.47004,0.20881,0.25347,0.0864,8.93691,2.09858,1.08498,0.00461471,0.00461471,0.00461471
182,450.244,8.48479,1.93664,1.12897,0.44398,0.20909,0.24603,0.08516,8.8328,2.09748,1.08663,0.00461054,0.00461054,0.00461054
183,452.868,7.90064,1.89072,1.13901,0.46679,0.20275,0.24847,0.08545,8.63645,2.11566,1.08589,0.00460634,0.00460634,0.00460634
184,455.298,8.44959,1.97678,1.14025,0.46435,0.20195,0.24774,0.08441,8.85859,2.08953,1.0862,0.00460212,0.00460212,0.00460212
185,457.662,8.41712,1.93352,1.12015,0.44745,0.208,0.24629,0.08453,8.82172,2.0907,1.07912,0.00459788,0.00459788,0.00459788
186,460.106,8.50936,1.89873,1.14272,0.42747,0.20071,0.23648,0.08184,8.9996,2.10663,1.08356,0.00459362,0.00459362,0.00459362
187,462.458,8.42685,1.91357,1.1262,0.46271,0.20662,0.2514,0.08416,8.81934,2.06961,1.08381,0.00458934,0.00458934,0.00458934
188,465.031,8.41131,1.88466,1.13574,0.44608,0.2036,0.23792,0.07882,8.94191,2.06024,1.08467,0.00458504,0.00458504,0.00458504
189,467.525,8.35447,1.91617,1.13813,0.47775,0.20826,0.25453,0.08756,8.76668,2.04921,1.07927,0.00458072,0.00458072,0.00458072
190,470.003,8.65979,1.95049,1.14788,0.44506,0.21389,0.25,0.08522,8.86898,2.04924,1.07786,0.00457638,0.00457638,0.00457638
191,472.386,8.63285,1.9523,1.11427,0.4477,0.20895,0.24379,0.08041,8.8634,2.04697,1.08155,0.00457202,0.00457202,0.00457202
192,474.863,8.14805,1.92029,1.12274,0.45467,0.20648,0.24532,0.08095,8.85369,2.0557,1.07939,0.00456764,0.00456764,0.00456764
193,477.294,8.5086,1.93274,1.1111,0.45501,0.21623,0.25512,0.08862,8.7057,2.02833,1.07386,0.00456324,0.00456324,0.00456324
194,479.854,7.99952,1.8839,1.13616,0.45526,0.21623,0.25088,0.08643,8.75561,2.04793,1.0753,0.00455882,0.00455882,0.00455882
195,482.219,8.25723,1.84502,1.11262,0.46429,0.21719,0.25472,0.08523,8.7523,2.03316,1.07898,0.00455438,0.00455438,0.00455438
196,484.73,8.08859,1.94883,1.12079,0.46536,0.20895,0.25133,0.08523,8.77248,2.04773,1.08023,0.00454992,0.00454992,0.00454992
197,487.079,8.3958,1.95346,1.14817,0.46124,0.20909,0.25248,0.0866,8.81195,2.06344,1.07653,0.00454544,0.00454544,0.00454544
198,489.657,8.58914,1.96545,1.1342,0.46773,0.20665,0.25147,0.08462,8.92818,2.08882,1.08017,0.00454094,0.00454094,0.00454094
199,492.039,8.51706,2.00326,1.13026,0.46734,0.21829,0.26085,0.08909,8.59897,2.02889,1.07757,0.00453642,0.00453642,0.00453642
200,494.47,8.54543,1.88878,1.10074,0.46816,0.21307,0.26122,0.08974,8.54892,2.02985,1.07644,0.00453188,0.00453188,0.00453188
201,496.903,8.38096,1.93685,1.10483,0.44545,0.21032,0.25106,0.08661,8.6752,2.02764,1.07896,0.00452732,0.00452732,0.00452732
202,499.381,8.65437,1.99639,1.13555,0.45243,0.21129,0.25435,0.0867,8.65241,2.03439,1.07686,0.00452274,0.00452274,0.00452274
203,501.891,8.56303,1.96188,1.10394,0.46964,0.21129,0.25772,0.08844,8.63263,2.02978,1.07813,0.00451814,0.00451814,0.00451814
204,504.305,8.41612,1.96155,1.13385,0.45793,0.21142,0.25292,0.08582,8.74795,2.04058,1.08008,0.00451352,0.00451352,0.00451352
205,506.734,7.69677,1.77851,1.12502,0.45385,0.2154,0.25583,0.08976,8.50584,2.01775,1.07735,0.00450888,0.00450888,0.00450888
206,509.182,8.02952,1.80377,1.13293,0.45395,0.21554,0.25554,0.08932,8.56835,2.0392,1.07801,0.00450422,0.00450422,0.00450422
207,511.52,8.07827,1.84083,1.10677,0.46104,0.20117,0.24625,0.08174,8.98359,2.11436,1.08143,0.00449954,0.00449954,0.00449954
208,514.013,8.28542,1.90621,1.11634,0.45757,0.20442,0.24288,0.08016,9.04784,2.08891,1.08005,0.00449484,0.00449484,0.00449484
209,516.46,8.46482,1.98384,1.15435,0.45574,0.2176,0.25341,0.08938,8.55873,2.03646,1.07379,0.00449013,0.00449013,0.00449013
210,518.86,8.28825,1.89434,1.14403,0.46584,0.21582,0.25409,0.08963,8.57958,2.03431,1.07342,0.00448539,0.00448539,0.00448539
211,521.244,8.28372,1.93689,1.11003,0.45542,0.20918,0.24294,0.08335,8.85691,2.07086,1.07764,0.00448063,0.00448063,0.00448063
212,523.657,8.21577,1.88153,1.11328,0.4635,0.20895,0.24766,0.08252,8.92872,2.07874,1.07904,0.00447586,0.00447586,0.00447586
213,526.054,8.41884,1.93583,1.10264,0.46168,0.21046,0.2522,0.0871,8.70603,2.06676,1.07644,0.00447106,0.00447106,0.00447106
214,528.663,8.03441,1.88531,1.13334,0.47311,0.21225,0.25486,0.08827,8.65704,2.06738,1.07925,0.00446625,0.00446625,0.00446625
215,531.013,8.4915,1.96729,1.13574,0.47248,0.21383,0.25385,0.08657,8.76445,2.06484,1.08171,0.00446142,0.00446142,0.00446142
216,533.442,8.34233,1.96666,1.10974,0.47013,0.20991,0.25021,0.08613,8.80633,2.09666,1.07978,0.00445657,0.00445657,0.00445657
217,535.968,8.18333,1.92749,1.13243,0.45885,0.22339,0.25809,0.09052,8.57919,2.06317,1.07627,0.00445169,0.00445169,0.00445169
218,538.428,7.90872,1.91993,1.12364,0.45088,0.22131,0.25441,0.08805,8.73585,2.06668,1.07713,0.0044468,0.0044468,0.0044468
219,540.921,8.29779,1.96985,1.11959,0.46741,0.21362,0.254,0.08579,8.70969,2.0444,1.07721,0.0044419,0.0044419,0.0044419
220,543.371,8.49102,2.00724,1.11838,0.45621,0.21993,0.2564,0.08764,8.62994,2.02082,1.0743,0.00443697,0.00443697,0.00443697
221,545.787,8.36126,1.88824,1.12485,0.44126,0.21266,0.2451,0.08435,8.79634,2.03868,1.07454,0.00443202,0.00443202,0.00443202
222,548.248,8.74257,1.99116,1.11231,0.45022,0.21431,0.25034,0.08595,8.88438,2.04074,1.07226,0.00442705,0.00442705,0.00442705
223,550.645,9.10787,2.09592,1.11201,0.46395,0.21458,0.25819,0.08915,8.617,2.02008,1.0725,0.00442207,0.00442207,0.00442207
224,553.185,8.00796,1.93987,1.12321,0.47331,0.20881,0.25761,0.08875,8.63365,2.03311,1.07287,0.00441707,0.00441707,0.00441707
225,555.538,8.14212,1.92984,1.12109,0.45974,0.21582,0.2571,0.09087,8.51252,1.98893,1.07053,0.00441205,0.00441205,0.00441205
226,558.018,8.16675,1.88784,1.13164,0.46939,0.21499,0.25928,0.09245,8.55296,1.994,1.07239,0.004407,0.004407,0.004407
227,560.43,8.40333,1.87238,1.13868,0.46204,0.21032,0.25383,0.08877,8.63756,2.01808,1.07461,0.00440195,0.00440195,0.00440195
228,562.908,8.28467,1.98111,1.12554,0.46435,0.2084,0.2526,0.08824,8.73068,2.04095,1.07701,0.00439687,0.00439687,0.00439687
229,565.39,8.51021,1.95597,1.11863,0.4818,0.22035,0.26582,0.09352,8.53844,1.99612,1.0731,0.00439177,0.00439177,0.00439177
230,567.853,8.74088,2.03536,1.13172,0.46368,0.22556,0.26048,0.09245,8.51765,2.02604,1.07377,0.00438666,0.00438666,0.00438666
231,570.237,8.09976,1.8626,1.11011,0.4509,0.20332,0.24239,0.08167,8.92393,2.05248,1.07863,0.00438152,0.00438152,0.00438152
232,572.621,8.69837,2.11053,1.12343,0.45966,0.20236,0.24291,0.08134,8.87764,2.04722,1.07736,0.00437637,0.00437637,0.00437637
233,574.986,7.68285,1.80223,1.12447,0.47155,0.21842,0.25642,0.0899,8.57425,1.9937,1.07041,0.0043712,0.0043712,0.0043712
234,577.542,7.46264,1.74742,1.12025,0.47769,0.21595,0.26085,0.09301,8.52153,1.99887,1.07155,0.00436602,0.00436602,0.00436602
235,579.912,7.81513,1.83346,1.11541,0.48341,0.20126,0.25868,0.08817,8.68034,2.05249,1.07539,0.00436081,0.00436081,0.00436081
236,582.39,8.53216,2.05378,1.10393,0.4754,0.2084,0.25839,0.09059,8.56225,2.03432,1.07237,0.00435559,0.00435559,0.00435559
237,584.744,8.29066,1.90998,1.13094,0.47415,0.21431,0.26271,0.09177,8.5474,2.01938,1.07066,0.00435034,0.00435034,0.00435034
238,587.095,8.15758,1.89581,1.09357,0.45827,0.21815,0.25938,0.09106,8.52601,1.99923,1.07258,0.00434508,0.00434508,0.00434508
239,589.61,8.39835,1.98465,1.14322,0.46641,0.21911,0.26226,0.09207,8.52877,1.9844,1.07264,0.00433981,0.00433981,0.00433981
240,592.073,8.08068,1.90018,1.13376,0.46825,0.22597,0.26533,0.09323,8.49097,1.9778,1.07095,0.00433451,0.00433451,0.00433451
241,594.393,7.90133,1.92299,1.12847,0.45761,0.21403,0.25322,0.0897,8.57982,1.9894,1.075,0.0043292,0.0043292,0.0043292
242,596.793,7.99748,1.95242,1.11819,0.45954,0.22021,0.25906,0.0912,8.51017,1.98962,1.07506,0.00432387,0.00432387,0.00432387
243,599.132,8.72351,1.98707,1.11804,0.47585,0.22488,0.26418,0.09215,8.47314,1.99802,1.07323,0.00431852,0.00431852,0.00431852
244,601.594,7.93856,1.89908,1.12214,0.4629,0.23023,0.26297,0.09159,8.4653,1.99945,1.07192,0.00431315,0.00431315,0.00431315
245,604.152,8.1226,1.85184,1.08903,0.44225,0.22062,0.25235,0.08887,8.60127,2.03921,1.07582,0.00430776,0.00430776,0.00430776
246,606.617,8.55819,1.93434,1.12248,0.44292,0.22117,0.25578,0.08962,8.57065,2.02726,1.07638,0.00430236,0.00430236,0.00430236
247,609.047,8.38545,1.97873,1.1233,0.45334,0.22529,0.25947,0.09083,8.52342,2.03104,1.07513,0.00429694,0.00429694,0.00429694
248,611.464,8.04898,1.76442,1.12276,0.46274,0.22295,0.26208,0.0921,8.45881,1.99441,1.07577,0.00429151,0.00429151,0.00429151
249,613.817,8.39297,1.95368,1.1113,0.46488,0.22117,0.26264,0.09221,8.48634,1.97741,1.07703,0.00428605,0.00428605,0.00428605
250,616.36,7.67376,1.82705,1.12337,0.47889,0.22241,0.26779,0.09269,8.49974,1.96804,1.07474,0.00428058,0.00428058,0.00428058
251,618.807,7.50987,1.70088,1.14312,0.48088,0.2187,0.26426,0.09253,8.57269,1.97449,1.07542,0.00427509,0.00427509,0.00427509
252,621.301,8.11002,1.91136,1.10976,0.49254,0.2184,0.26654,0.09403,8.52189,1.97462,1.07426,0.00426958,0.00426958,0.00426958
253,623.684,8.01434,1.82156,1.11609,0.46679,0.22343,0.26479,0.09221,8.45965,1.9816,1.07471,0.00426406,0.00426406,0.00426406
254,626.083,7.80024,1.81346,1.108,0.46695,0.2198,0.26186,0.09176,8.48349,1.98727,1.07606,0.00425852,0.00425852,0.00425852
255,628.576,8.33304,1.88583,1.12436,0.47437,0.22666,0.26602,0.09361,8.46633,1.98908,1.07427,0.00425296,0.00425296,0.00425296
256,631.022,8.16668,1.87487,1.09858,0.46742,0.22392,0.26448,0.09328,8.40313,1.96608,1.07274,0.00424738,0.00424738,0.00424738
257,633.357,8.13602,1.94054,1.13752,0.46981,0.21389,0.25682,0.08861,8.5634,1.97342,1.07477,0.00424179,0.00424179,0.00424179
258,635.79,8.1871,1.88812,1.12628,0.47184,0.22408,0.26516,0.09302,8.35497,1.96038,1.0724,0.00423618,0.00423618,0.00423618
259,638.156,7.93652,1.86679,1.11013,0.45231,0.22076,0.2575,0.09061,8.61337,2.02734,1.0707,0.00423056,0.00423056,0.00423056
260,640.683,8.19925,1.91928,1.11347,0.46371,0.21842,0.25992,0.09221,8.56195,2.0071,1.07259,0.00422491,0.00422491,0.00422491
261,643.036,7.63455,1.75927,1.12601,0.48888,0.21856,0.27036,0.09482,8.42783,1.98374,1.07244,0.00421925,0.00421925,0.00421925
262,645.571,8.1958,1.98024,1.12975,0.46937,0.21908,0.26709,0.09412,8.41759,1.98659,1.07284,0.00421358,0.00421358,0.00421358
263,647.954,7.83812,1.78323,1.11685,0.46607,0.2209,0.26132,0.09268,8.4627,2.01894,1.07339,0.00420788,0.00420788,0.00420788
264,650.416,8.21464,1.88328,1.12307,0.47232,0.22007,0.26498,0.09279,8.45411,2.01509,1.07479,0.00420217,0.00420217,0.00420217
265,652.744,7.94492,1.88985,1.11839,0.49738,0.22348,0.27675,0.09792,8.33405,1.98845,1.07408,0.00419645,0.00419645,0.00419645
266,655.33,8.15567,1.88996,1.12714,0.48484,0.22469,0.27455,0.09744,8.36108,1.99293,1.07547,0.00419071,0.00419071,0.00419071
267,657.646,8.02187,1.9223,1.14119,0.47449,0.22392,0.26622,0.09276,8.43828,2.01399,1.07481,0.00418495,0.00418495,0.00418495
268,660.124,8.44305,1.92675,1.12613,0.46961,0.22982,0.26584,0.09163,8.41444,2.02418,1.07568,0.00417917,0.00417917,0.00417917
269,662.541,8.1759,1.87688,1.11343,0.47211,0.22886,0.26764,0.09328,8.43833,2.00271,1.07788,0.00417338,0.00417338,0.00417338
270,665.076,8.15305,1.88651,1.12306,0.48611,0.22872,0.275,0.09725,8.35977,1.96661,1.07679,0.00416757,0.00416757,0.00416757
271,667.585,8.28635,1.93074,1.13159,0.47302,0.22886,0.26889,0.09419,8.34823,1.99091,1.07867,0.00416175,0.00416175,0.00416175
272,670.078,7.85106,1.79173,1.15508,0.47616,0.23215,0.27154,0.09616,8.27122,1.9549,1.07753,0.00415591,0.00415591,0.00415591
273,672.4,7.61033,1.84917,1.12087,0.47868,0.22748,0.27148,0.0939,8.54452,1.98938,1.07966,0.00415005,0.00415005,0.00415005
274,674.826,7.58058,1.77171,1.12058,0.46597,0.23215,0.26904,0.09369,8.53036,2.02665,1.08063,0.00414418,0.00414418,0.00414418
275,677.217,7.31196,1.66522,1.12303,0.47566,0.22872,0.27127,0.0956,8.358,1.99566,1.07999,0.00413829,0.00413829,0.00413829
276,679.85,8.06281,1.82785,1.12847,0.47117,0.22392,0.26577,0.0936,8.44651,2.00767,1.08007,0.00413238,0.00413238,0.00413238
277,682.213,7.91381,1.87541,1.11281,0.48161,0.23188,0.27469,0.09679,8.40304,1.95787,1.07805,0.00412646,0.00412646,0.00412646
278,684.658,7.90412,1.82628,1.10168,0.47169,0.23264,0.27163,0.09549,8.35928,1.97801,1.07704,0.00412053,0.00412053,0.00412053
279,687.055,8.13048,1.83996,1.09586,0.4725,0.22625,0.26472,0.0919,8.50886,1.99697,1.07761,0.00411458,0.00411458,0.00411458
280,689.519,7.98948,1.82438,1.12754,0.47476,0.21348,0.26204,0.0905,8.62959,2.00852,1.08201,0.00410861,0.00410861,0.00410861
281,692.023,7.64442,1.74456,1.11411,0.46975,0.22144,0.26739,0.09545,8.353,1.98455,1.0774,0.00410262,0.00410262,0.00410262
282,694.517,8.2066,1.89026,1.1222,0.46978,0.22529,0.26754,0.09425,8.47631,1.97839,1.07663,0.00409663,0.00409663,0.00409663
283,697.108,7.91391,1.89166,1.11085,0.47843,0.22391,0.26867,0.09308,8.38721,1.96253,1.07888,0.00409061,0.00409061,0.00409061
284,699.522,8.22772,1.89346,1.12921,0.47512,0.21897,0.26422,0.09167,8.47277,1.96532,1.0809,0.00408458,0.00408458,0.00408458
285,701.877,7.61515,1.77909,1.1257,0.47875,0.22735,0.27061,0.09519,8.39248,1.97279,1.07569,0.00407854,0.00407854,0.00407854
286,704.451,8.53886,1.99456,1.09934,0.48443,0.2268,0.27311,0.09621,8.34917,1.976,1.07327,0.00407248,0.00407248,0.00407248
287,706.835,7.87423,1.80348,1.10417,0.48845,0.22419,0.27289,0.09668,8.33327,1.96837,1.07557,0.0040664,0.0040664,0.0040664
288,709.39,7.78511,1.82569,1.12281,0.48838,0.22213,0.2726,0.09761,8.29914,1.96453,1.0778,0.00406031,0.00406031,0.00406031
289,711.713,7.91789,1.82708,1.12203,0.46705,0.22117,0.26136,0.0921,8.55532,2.00958,1.08134,0.0040542,0.0040542,0.0040542
290,714.143,8.11842,1.91905,1.10827,0.48405,0.22543,0.27099,0.09581,8.51506,1.98871,1.08424,0.00404808,0.00404808,0.00404808
291,716.635,7.888,1.85059,1.09979,0.48384,0.2198,0.26947,0.09586,8.40369,1.96272,1.08603,0.00404194,0.00404194,0.00404194
292,719.017,7.66988,1.74422,1.11737,0.47887,0.2154,0.2677,0.09353,8.49447,1.98201,1.08679,0.00403579,0.00403579,0.00403579
293,721.352,7.64409,1.80554,1.09461,0.47615,0.22282,0.27088,0.09721,8.42739,1.99583,1.08276,0.00402963,0.00402963,0.00402963
294,724.198,8.02831,1.85773,1.11192,0.46943,0.2258,0.26916,0.09513,8.46708,2.01056,1.08232,0.00402345,0.00402345,0.00402345
295,726.563,7.33706,1.7236,1.11292,0.46888,0.22254,0.26451,0.09446,8.46375,2.01431,1.08564,0.00401725,0.00401725,0.00401725
296,729.073,7.98693,1.84923,1.10232,0.46514,0.22398,0.26338,0.09345,8.44134,2.01086,1.08569,0.00401104,0.00401104,0.00401104
297,731.487,8.05438,1.89469,1.11129,0.46031,0.22666,0.26173,0.09402,8.46027,2.07426,1.0856,0.00400481,0.00400481,0.00400481
298,733.889,8.05179,1.86137,1.10529,0.45979,0.2268,0.26402,0.09578,8.32853,2.01755,1.08252,0.00399858,0.00399858,0.00399858
299,736.4,7.89057,1.80419,1.11093,0.47629,0.2205,0.26659,0.09538,8.36116,1.9893,1.07847,0.00399232,0.00399232,0.00399232
300,738.844,7.61289,1.79824,1.10327,0.47621,0.22076,0.2663,0.09554,8.3598,1.98033,1.07506,0.00398605,0.00398605,0.00398605
301,741.432,7.60995,1.75851,1.12412,0.47222,0.22515,0.26839,0.09732,8.27683,1.96219,1.07032,0.00397977,0.00397977,0.00397977
302,743.845,7.99886,1.83963,1.10697,0.46483,0.22392,0.26843,0.0967,8.27831,1.94974,1.07039,0.00397347,0.00397347,0.00397347
303,746.293,7.93014,1.88697,1.12372,0.48764,0.2187,0.27216,0.09831,8.29253,1.95105,1.07267,0.00396716,0.00396716,0.00396716
304,748.787,7.22568,1.75059,1.1185,0.48377,0.22625,0.27855,0.10031,8.25287,1.92503,1.07015,0.00396083,0.00396083,0.00396083
305,751.201,7.74508,1.85156,1.11196,0.47571,0.22227,0.27167,0.09698,8.36078,1.93875,1.0697,0.00395449,0.00395449,0.00395449
306,753.741,7.74183,1.77826,1.11438,0.47551,0.22043,0.27299,0.09766,8.37072,1.94878,1.07112,0.00394814,0.00394814,0.00394814
307,756.219,8.11277,1.83758,1.10558,0.49576,0.22568,0.27931,0.09973,8.28141,1.92955,1.07157,0.00394177,0.00394177,0.00394177
308,758.726,8.08348,1.87229,1.11597,0.49509,0.22968,0.28129,0.09938,8.33169,1.94813,1.07199,0.00393539,0.00393539,0.00393539
309,761.063,7.80119,1.75933,1.10062,0.49114,0.22501,0.27833,0.09843,8.35473,1.95258,1.07001,0.00392899,0.00392899,0.00392899
310,763.48,7.37816,1.7397,1.10795,0.48126,0.22611,0.27491,0.09825,8.30419,1.94939,1.07069,0.00392258,0.00392258,0.00392258
311,765.862,7.90526,1.87419,1.11709,0.46843,0.23023,0.26988,0.09553,8.42776,1.96854,1.06959,0.00391616,0.00391616,0.00391616
312,768.424,7.83017,1.8253,1.10024,0.47044,0.23135,0.2708,0.09558,8.38813,1.9669,1.06978,0.00390972,0.00390972,0.00390972
313,770.871,7.98445,1.81382,1.09342,0.46872,0.22395,0.26436,0.09389,8.37926,1.93077,1.07082,0.00390327,0.00390327,0.00390327
314,773.335,8.16018,1.84809,1.11073,0.46729,0.2299,0.27002,0.09653,8.2696,1.93271,1.0676,0.0038968,0.0038968,0.0038968
315,775.709,7.51569,1.73979,1.10209,0.46623,0.22405,0.26671,0.09545,8.37214,1.94333,1.06717,0.00389032,0.00389032,0.00389032
316,778.15,7.87259,1.8018,1.12662,0.47067,0.22474,0.27005,0.09678,8.32086,1.94979,1.06676,0.00388383,0.00388383,0.00388383
317,780.613,7.65729,1.74359,1.11447,0.47402,0.22241,0.26952,0.09587,8.31838,1.92183,1.06813,0.00387733,0.00387733,0.00387733
318,783.029,8.11413,1.86265,1.10114,0.4837,0.22172,0.26978,0.0945,8.39274,1.93185,1.07054,0.00387081,0.00387081,0.00387081
319,785.491,7.69175,1.82092,1.12042,0.47339,0.22748,0.27084,0.09589,8.39711,1.96531,1.06779,0.00386428,0.00386428,0.00386428
320,787.942,7.60894,1.79475,1.10246,0.48154,0.2257,0.2746,0.09769,8.29876,1.95976,1.06578,0.00385773,0.00385773,0.00385773
321,790.281,7.55009,1.84328,1.12042,0.48654,0.21746,0.27585,0.09813,8.29276,1.95853,1.06924,0.00385117,0.00385117,0.00385117
322,792.823,7.84846,1.81126,1.12117,0.49181,0.21376,0.27535,0.0969,8.36234,1.97115,1.06917,0.0038446,0.0038446,0.0038446
323,795.243,7.77166,1.80503,1.11114,0.49555,0.2235,0.27825,0.10009,8.27296,1.93674,1.06632,0.00383802,0.00383802,0.00383802
324,797.705,8.03352,1.85596,1.08811,0.49038,0.22076,0.27483,0.09947,8.27391,1.92316,1.06538,0.00383142,0.00383142,0.00383142
325,800.216,7.91872,1.82897,1.11145,0.48469,0.22268,0.27605,0.09922,8.32194,1.92647,1.06617,0.00382481,0.00382481,0.00382481
326,802.662,7.42138,1.74837,1.11401,0.49716,0.22103,0.27568,0.09778,8.38077,1.93555,1.06765,0.00381818,0.00381818,0.00381818
327,805.203,8.27614,1.95934,1.10571,0.47075,0.22543,0.26853,0.09658,8.32617,1.94751,1.06622,0.00381155,0.00381155,0.00381155
328,807.634,7.84779,1.85054,1.10908,0.47877,0.22144,0.26952,0.09581,8.34651,1.94985,1.06747,0.0038049,0.0038049,0.0038049
329,810.035,7.78023,1.79707,1.12104,0.4843,0.23119,0.27804,0.0989,8.25258,1.94081,1.06685,0.00379824,0.00379824,0.00379824
330,812.482,7.70124,1.74224,1.10783,0.48643,0.23105,0.28079,0.09966,8.23706,1.93609,1.0676,0.00379156,0.00379156,0.00379156
331,814.923,8.23438,1.89174,1.08457,0.48105,0.22048,0.27031,0.09373,8.47958,1.98341,1.06998,0.00378488,0.00378488,0.00378488
332,817.491,7.75896,1.7712,1.10235,0.48695,0.22817,0.27677,0.09702,8.34783,1.94877,1.0692,0.00377818,0.00377818,0.00377818
333,819.883,7.83116,1.78517,1.10351,0.48547,0.23407,0.28111,0.10104,8.20291,1.93213,1.06669,0.00377147,0.00377147,0.00377147
334,822.471,7.7377,1.78985,1.08917,0.49714,0.22927,0.28307,0.10185,8.26437,1.92508,1.06564,0.00376474,0.00376474,0.00376474
335,824.924,7.51477,1.7652,1.09762,0.50931,0.22172,0.28428,0.10177,8.23661,1.92983,1.06759,0.00375801,0.00375801,0.00375801
336,827.369,7.70861,1.76792,1.10233,0.48967,0.22721,0.28093,0.10074,8.22422,1.9194,1.06701,0.00375126,0.00375126,0.00375126
337,829.932,7.42002,1.76002,1.10582,0.48451,0.22927,0.27935,0.1001,8.27211,1.93775,1.06455,0.0037445,0.0037445,0.0037445
338,832.375,7.81781,1.82029,1.1149,0.47574,0.23339,0.27413,0.09786,8.32328,1.97314,1.0664,0.00373773,0.00373773,0.00373773
339,834.74,7.42271,1.7018,1.09912,0.47495,0.22927,0.27189,0.09646,8.24925,1.93549,1.06724,0.00373094,0.00373094,0.00373094
340,837.237,7.79864,1.82237,1.11694,0.47447,0.22982,0.26999,0.09642,8.27045,1.94738,1.06913,0.00372415,0.00372415,0.00372415
341,839.636,7.71316,1.78524,1.09942,0.48403,0.23545,0.27933,0.1,8.2208,1.95054,1.06655,0.00371734,0.00371734,0.00371734
342,842.192,7.54122,1.74054,1.10485,0.48657,0.23132,0.27949,0.1012,8.18421,1.92193,1.06682,0.00371052,0.00371052,0.00371052
343,844.542,7.63758,1.78215,1.10805,0.48347,0.2259,0.27475,0.09831,8.3511,1.95557,1.07004,0.00370369,0.00370369,0.00370369
344,847.065,7.59299,1.75594,1.10285,0.48807,0.22392,0.27755,0.09902,8.36618,1.96867,1.07117,0.00369685,0.00369685,0.00369685
345,849.401,7.32398,1.70976,1.11015,0.49595,0.22639,0.2842,0.10411,8.19519,1.93828,1.06822,0.00368999,0.00368999,0.00368999
346,851.85,7.77137,1.77307,1.09471,0.49848,0.22774,0.28465,0.10418,8.23606,1.93669,1.06783,0.00368313,0.00368313,0.00368313
347,854.362,7.74038,1.77236,1.11066,0.48276,0.22405,0.27618,0.09891,8.32154,1.94856,1.07004,0.00367625,0.00367625,0.00367625
348,856.809,7.85871,1.78953,1.10728,0.4787,0.22617,0.27242,0.09622,8.27579,1.91919,1.06768,0.00366936,0.00366936,0.00366936
349,859.135,7.73838,1.82348,1.08824,0.49105,0.23229,0.2811,0.10087,8.23557,1.89718,1.06501,0.00366246,0.00366246,0.00366246
350,861.641,7.77299,1.77139,1.09419,0.48013,0.23119,0.27503,0.09953,8.22392,1.90429,1.0654,0.00365555,0.00365555,0.00365555
351,863.994,7.31641,1.71711,1.10971,0.47994,0.2273,0.27228,0.09591,8.29134,1.90238,1.06744,0.00364863,0.00364863,0.00364863
352,866.424,7.99011,1.85097,1.09089,0.48802,0.22501,0.27432,0.09867,8.19518,1.90074,1.06351,0.00364169,0.00364169,0.00364169
353,868.86,7.43016,1.69884,1.10496,0.48011,0.23265,0.2757,0.09935,8.22747,1.92212,1.06323,0.00363475,0.00363475,0.00363475
354,871.274,7.62313,1.855,1.13295,0.47882,0.23359,0.27661,0.09912,8.17326,1.91834,1.06352,0.00362779,0.00362779,0.00362779
355,873.646,7.52539,1.75569,1.1163,0.48197,0.23215,0.27618,0.09986,8.21699,1.90197,1.06517,0.00362083,0.00362083,0.00362083
356,876.169,7.76721,1.82128,1.11381,0.49309,0.22323,0.27648,0.10025,8.20609,1.90129,1.06624,0.00361385,0.00361385,0.00361385
357,878.535,8.09687,1.91169,1.0959,0.48929,0.22982,0.28063,0.10105,8.20394,1.91457,1.06605,0.00360686,0.00360686,0.00360686
358,881.079,7.59702,1.73627,1.11234,0.48101,0.23229,0.27943,0.10149,8.15815,1.90519,1.06537,0.00359986,0.00359986,0.00359986
359,883.54,7.92748,1.79319,1.103,0.48229,0.22842,0.27625,0.10103,8.17876,1.91181,1.0646,0.00359285,0.00359285,0.00359285
360,885.923,7.40558,1.65031,1.09896,0.47923,0.22817,0.27247,0.09864,8.20576,1.93817,1.06412,0.00358583,0.00358583,0.00358583
361,888.328,7.54036,1.75224,1.10225,0.48884,0.23119,0.27803,0.10166,8.11684,1.92186,1.06432,0.0035788,0.0035788,0.0035788
362,890.868,7.29327,1.74187,1.09164,0.48498,0.22831,0.27504,0.10103,8.15045,1.92415,1.06507,0.00357176,0.00357176,0.00357176
363,893.363,8.16712,1.88937,1.10347,0.48145,0.23517,0.27924,0.1011,8.1278,1.92033,1.06444,0.00356471,0.00356471,0.00356471
364,895.851,7.80937,1.80413,1.13098,0.48376,0.23353,0.27825,0.10045,8.20612,1.93279,1.06552,0.00355765,0.00355765,0.00355765
365,898.205,7.12964,1.66527,1.09936,0.5017,0.22959,0.28311,0.1034,8.16925,1.91231,1.06646,0.00355058,0.00355058,0.00355058
366,900.589,7.75653,1.82211,1.10906,0.48378,0.23023,0.27551,0.1,8.24317,1.92757,1.06647,0.0035435,0.0035435,0.0035435
367,902.993,7.57842,1.79403,1.11461,0.49743,0.22858,0.28221,0.10387,8.1278,1.90872,1.06542,0.00353641,0.00353641,0.00353641
368,905.567,7.45573,1.7559,1.1114,0.50229,0.22501,0.2825,0.10329,8.11253,1.91196,1.064,0.0035293,0.0035293,0.0035293
369,907.917,7.70549,1.74279,1.09447,0.49718,0.23105,0.28198,0.10225,8.22745,1.92894,1.06327,0.00352219,0.00352219,0.00352219
370,910.364,7.46869,1.84818,1.10193,0.50493,0.22907,0.28454,0.10418,8.12605,1.93263,1.06213,0.00351507,0.00351507,0.00351507
371,912.811,7.69674,1.69803,1.10933,0.49682,0.22337,0.28054,0.10024,8.22519,1.92873,1.06383,0.00350794,0.00350794,0.00350794
372,915.242,7.44261,1.7214,1.09222,0.49014,0.22803,0.2816,0.10135,8.25458,1.93867,1.06383,0.0035008,0.0035008,0.0035008
373,917.58,7.68986,1.73908,1.09749,0.48613,0.23243,0.28285,0.10394,8.08492,1.92193,1.06181,0.00349365,0.00349365,0.00349365
374,920.184,8.04065,1.86665,1.10207,0.48192,0.23668,0.28046,0.10275,8.15255,1.92336,1.06133,0.00348649,0.00348649,0.00348649
375,922.569,7.54061,1.73267,1.10038,0.49133,0.23586,0.28507,0.10203,8.16859,1.89713,1.06217,0.00347932,0.00347932,0.00347932
376,925.034,7.65595,1.78789,1.08877,0.48696,0.2327,0.28397,0.1026,8.1401,1.92127,1.06276,0.00347214,0.00347214,0.00347214
377,927.417,6.99359,1.64516,1.10107,0.49107,0.22878,0.28421,0.10348,8.05576,1.90497,1.06038,0.00346495,0.00346495,0.00346495
378,929.85,7.48878,1.80343,1.0994,0.49127,0.22927,0.28452,0.10455,8.03071,1.90338,1.06008,0.00345776,0.00345776,0.00345776
379,932.381,7.44691,1.73802,1.10112,0.49121,0.22707,0.2837,0.10339,8.13788,1.92382,1.06277,0.00345055,0.00345055,0.00345055
380,934.872,7.61015,1.77493,1.09535,0.50928,0.23053,0.29275,0.10526,8.11868,1.90952,1.06157,0.00344333,0.00344333,0.00344333
381,937.268,7.52933,1.75656,1.11806,0.5113,0.23284,0.29409,0.10586,8.09739,1.88616,1.06066,0.00343611,0.00343611,0.00343611
382,939.78,7.78343,1.85228,1.12661,0.5007,0.23432,0.29098,0.10534,8.06805,1.88224,1.06126,0.00342887,0.00342887,0.00342887
383,942.18,7.38053,1.71687,1.08792,0.50442,0.2327,0.29047,0.10385,8.12958,1.91198,1.0629,0.00342163,0.00342163,0.00342163
384,944.754,7.82033,1.81324,1.11106,0.49242,0.23572,0.28751,0.10225,8.15397,1.9117,1.06399,0.00341438,0.00341438,0.00341438
385,947.118,7.35055,1.67108,1.11893,0.48999,0.23174,0.28419,0.1013,8.26261,1.91036,1.06737,0.00340712,0.00340712,0.00340712
386,949.566,7.34431,1.7326,1.08741,0.49186,0.23105,0.28363,0.10198,8.18297,1.90518,1.06775,0.00339985,0.00339985,0.00339985
387,951.9,7.24177,1.68576,1.09747,0.49437,0.23105,0.2839,0.10248,8.12967,1.91477,1.06593,0.00339257,0.00339257,0.00339257
388,954.329,7.24596,1.64637,1.10729,0.48452,0.23243,0.28184,0.10177,8.1124,1.91768,1.06563,0.00338529,0.00338529,0.00338529
389,956.851,7.47059,1.71983,1.1066,0.48922,0.23261,0.28165,0.10194,8.16897,1.90027,1.0674,0.00337799,0.00337799,0.00337799
390,959.385,7.34416,1.74702,1.09832,0.48729,0.22872,0.2792,0.09884,8.23653,1.90518,1.06695,0.00337069,0.00337069,0.00337069
391,961.849,7.82417,1.90374,1.09491,0.47492,0.23037,0.27365,0.09665,8.20544,1.92063,1.06503,0.00336338,0.00336338,0.00336338
392,964.423,7.79307,1.841,1.09346,0.47711,0.23099,0.2726,0.09719,8.19026,1.93135,1.06451,0.00335606,0.00335606,0.00335606
393,966.84,7.60362,1.75586,1.10189,0.48787,0.23092,0.28055,0.10111,8.06983,1.89539,1.06362,0.00334873,0.00334873,0.00334873
394,969.367,7.20155,1.69945,1.12013,0.48711,0.23298,0.2834,0.10217,8.04131,1.89725,1.0627,0.00334139,0.00334139,0.00334139
395,971.766,7.40403,1.69794,1.0839,0.47137,0.23247,0.2747,0.09681,8.22178,1.92655,1.06195,0.00333405,0.00333405,0.00333405
396,974.149,7.36595,1.63897,1.09596,0.47786,0.23174,0.27568,0.09823,8.17916,1.91672,1.06146,0.0033267,0.0033267,0.0033267
397,976.468,7.45366,1.7113,1.09376,0.48104,0.22886,0.27785,0.10173,8.01427,1.87824,1.05993,0.00331934,0.00331934,0.00331934
398,978.914,7.48538,1.72677,1.10899,0.48272,0.23133,0.28121,0.10283,8.06233,1.89676,1.0602,0.00331197,0.00331197,0.00331197
399,981.519,7.16089,1.72726,1.10057,0.48382,0.23119,0.27844,0.10067,8.15117,1.91799,1.05992,0.00330459,0.00330459,0.00330459
400,983.965,7.82932,1.81906,1.10305,0.48136,0.22927,0.27522,0.10091,8.18748,1.93454,1.06155,0.00329721,0.00329721,0.00329721
401,986.362,7.56682,1.7764,1.11547,0.49875,0.2279,0.28727,0.10497,7.99807,1.89095,1.05998,0.00328982,0.00328982,0.00328982
402,988.826,7.43523,1.7215,1.10432,0.50484,0.22968,0.29159,0.10604,8.04797,1.90222,1.06122,0.00328242,0.00328242,0.00328242
403,991.255,7.27448,1.68659,1.08091,0.50233,0.23086,0.28894,0.10451,8.06608,1.91237,1.06072,0.00327501,0.00327501,0.00327501
404,993.686,7.24333,1.69717,1.09649,0.48302,0.23353,0.28182,0.10164,8.13127,1.92701,1.06042,0.0032676,0.0032676,0.0032676
405,996.199,7.36846,1.74107,1.10305,0.48384,0.23737,0.28601,0.1021,8.09627,1.93297,1.05918,0.00326018,0.00326018,0.00326018
406,998.661,7.29628,1.77032,1.10204,0.48861,0.23598,0.28621,0.10285,8.05937,1.89946,1.05946,0.00325275,0.00325275,0.00325275
407,1001.06,7.26229,1.69353,1.10547,0.48323,0.23764,0.28481,0.10293,8.0714,1.91165,1.05792,0.00324531,0.00324531,0.00324531
408,1003.46,7.27528,1.70625,1.1025,0.48312,0.23751,0.28365,0.10188,8.1488,1.92814,1.05858,0.00323787,0.00323787,0.00323787
409,1005.89,7.16362,1.68692,1.10299,0.48699,0.23992,0.28776,0.10393,8.01761,1.88305,1.05877,0.00323042,0.00323042,0.00323042
410,1008.32,7.25222,1.6569,1.09652,0.48001,0.23888,0.28545,0.10333,8.02064,1.89849,1.05751,0.00322297,0.00322297,0.00322297
411,1010.69,7.37488,1.69779,1.08992,0.4814,0.23723,0.28077,0.10108,8.0717,1.90926,1.05669,0.0032155,0.0032155,0.0032155
412,1013.16,7.41308,1.80278,1.1116,0.48583,0.23311,0.28148,0.10243,8.0282,1.88785,1.05728,0.00320803,0.00320803,0.00320803
413,1015.62,7.17955,1.7436,1.09958,0.49238,0.23476,0.28561,0.10368,8.04038,1.88457,1.05893,0.00320056,0.00320056,0.00320056
414,1018.03,7.41093,1.6601,1.09105,0.48639,0.23476,0.2818,0.10213,8.12057,1.91726,1.06188,0.00319307,0.00319307,0.00319307
415,1020.5,7.26677,1.69542,1.12139,0.48348,0.23188,0.27886,0.10047,8.14059,1.91736,1.06135,0.00318558,0.00318558,0.00318558
416,1022.96,7.47669,1.74729,1.13351,0.47812,0.23696,0.28082,0.10119,8.08792,1.92785,1.06032,0.00317809,0.00317809,0.00317809
417,1025.36,7.53412,1.77707,1.11346,0.47966,0.23421,0.28084,0.10291,8.09616,1.90179,1.06048,0.00317058,0.00317058,0.00317058
418,1027.84,7.2086,1.74973,1.11114,0.48356,0.23366,0.28234,0.104,8.00545,1.88464,1.06029,0.00316307,0.00316307,0.00316307
419,1030.2,7.42777,1.79982,1.12272,0.47681,0.23572,0.27844,0.10003,8.09953,1.93048,1.06064,0.00315556,0.00315556,0.00315556
420,1032.81,7.33828,1.73625,1.10358,0.47404,0.23668,0.27929,0.10014,8.13276,1.94615,1.06208,0.00314804,0.00314804,0.00314804
421,1035.14,7.30043,1.73495,1.08767,0.47938,0.23353,0.27886,0.10176,8.10248,1.91771,1.06297,0.00314051,0.00314051,0.00314051
422,1037.78,7.42904,1.70498,1.08635,0.48564,0.23778,0.28202,0.10343,8.06576,1.92925,1.06297,0.00313297,0.00313297,0.00313297
423,1040.18,7.74266,1.8012,1.10586,0.49178,0.23696,0.28335,0.10224,8.09552,1.9094,1.06347,0.00312543,0.00312543,0.00312543
424,1042.63,6.57078,1.58893,1.11919,0.49386,0.23938,0.28729,0.10451,8.07889,1.91101,1.06093,0.00311789,0.00311789,0.00311789
425,1045.07,7.54885,1.81951,1.10127,0.50206,0.23723,0.28953,0.10549,8.02104,1.88502,1.06062,0.00311034,0.00311034,0.00311034
426,1047.51,7.17278,1.65173,1.10861,0.49419,0.23723,0.28746,0.10558,7.97305,1.88249,1.06016,0.00310278,0.00310278,0.00310278
427,1049.91,7.58864,1.75198,1.08387,0.48775,0.2371,0.28256,0.10209,8.16341,1.92321,1.06134,0.00309521,0.00309521,0.00309521
428,1052.32,6.98538,1.65437,1.09127,0.48327,0.23504,0.281,0.10237,8.10705,1.89537,1.06186,0.00308764,0.00308764,0.00308764
429,1054.69,7.7402,1.77843,1.08505,0.49167,0.2349,0.28507,0.104,7.96971,1.86985,1.06125,0.00308007,0.00308007,0.00308007
430,1057.28,7.33019,1.71576,1.08108,0.48971,0.23833,0.28766,0.10488,8.02006,1.88612,1.0615,0.00307249,0.00307249,0.00307249
431,1059.68,8.02352,1.85627,1.09197,0.48596,0.23531,0.28455,0.10395,8.03144,1.88649,1.06322,0.0030649,0.0030649,0.0030649
432,1062.16,7.71574,1.79251,1.08522,0.49187,0.22927,0.28496,0.10493,8.04286,1.87425,1.06218,0.00305731,0.00305731,0.00305731
433,1064.49,7.16451,1.68123,1.09389,0.5048,0.23092,0.28855,0.10572,8.01811,1.87564,1.0613,0.00304972,0.00304972,0.00304972
434,1066.95,7.44304,1.79989,1.11522,0.50583,0.22872,0.28917,0.10588,8.07928,1.87606,1.06263,0.00304212,0.00304212,0.00304212
435,1069.49,7.90129,1.82021,1.11421,0.50253,0.23394,0.29168,0.10664,8.02634,1.86557,1.06375,0.00303451,0.00303451,0.00303451
436,1072.11,7.68673,1.88158,1.10884,0.49689,0.23353,0.28871,0.10494,8.09406,1.86923,1.06539,0.0030269,0.0030269,0.0030269
437,1074.46,6.75479,1.60857,1.11135,0.5065,0.23119,0.29082,0.10639,8.02948,1.87682,1.06504,0.00301928,0.00301928,0.00301928
438,1076.89,7.41095,1.70985,1.10012,0.50522,0.2327,0.29221,0.10705,8.04996,1.8841,1.06308,0.00301166,0.00301166,0.00301166
439,1079.29,7.20253,1.74264,1.08952,0.49797,0.23325,0.29153,0.10562,8.046,1.88008,1.06307,0.00300403,0.00300403,0.00300403
440,1081.75,7.13378,1.65914,1.09094,0.5086,0.23311,0.29408,0.1067,7.99046,1.86806,1.06243,0.0029964,0.0029964,0.0029964
441,1084.25,7.0744,1.6754,1.1017,0.51418,0.22696,0.29367,0.10688,8.00316,1.88185,1.06104,0.00298877,0.00298877,0.00298877
442,1086.69,7.32914,1.73403,1.09946,0.51044,0.23105,0.29279,0.10633,7.9701,1.86296,1.06058,0.00298113,0.00298113,0.00298113
443,1089.03,7.44477,1.68406,1.09717,0.49436,0.23517,0.29036,0.10346,8.08014,1.88573,1.06114,0.00297348,0.00297348,0.00297348
444,1091.49,6.99144,1.6575,1.10982,0.48393,0.23443,0.2839,0.10234,8.07909,1.90698,1.06111,0.00296584,0.00296584,0.00296584
445,1093.91,7.61305,1.85637,1.08568,0.49394,0.23477,0.28961,0.10504,7.90457,1.87336,1.0599,0.00295818,0.00295818,0.00295818
446,1096.5,6.87813,1.59544,1.08143,0.47809,0.23641,0.28426,0.10325,7.90831,1.899,1.05894,0.00295052,0.00295052,0.00295052
447,1098.88,7.36582,1.68923,1.08649,0.47718,0.23998,0.28549,0.10303,7.9772,1.92041,1.05781,0.00294286,0.00294286,0.00294286
448,1101.38,7.72512,1.82236,1.09359,0.48022,0.24231,0.28741,0.10345,7.99738,1.91644,1.05757,0.0029352,0.0029352,0.0029352
449,1103.77,7.19369,1.69804,1.10287,0.49037,0.23902,0.2872,0.10413,7.8867,1.87675,1.05738,0.00292753,0.00292753,0.00292753
450,1106.26,7.67789,1.8315,1.09443,0.49612,0.23586,0.29199,0.10567,7.86288,1.85988,1.05617,0.00291985,0.00291985,0.00291985
451,1108.74,7.64467,1.75998,1.06912,0.48891,0.23819,0.28957,0.10539,7.96704,1.87469,1.05495,0.00291218,0.00291218,0.00291218
452,1111.26,7.11859,1.66113,1.08786,0.49993,0.23819,0.29131,0.10575,7.97359,1.88508,1.05458,0.00290449,0.00290449,0.00290449
453,1113.6,7.2202,1.71905,1.09219,0.50143,0.23284,0.2897,0.10613,7.9158,1.86625,1.05643,0.00289681,0.00289681,0.00289681
454,1116.14,7.07757,1.69962,1.10959,0.51124,0.23134,0.29196,0.10666,7.95888,1.85583,1.0564,0.00288912,0.00288912,0.00288912
455,1118.53,6.93323,1.66244,1.09117,0.50797,0.23558,0.29174,0.10725,8.00085,1.8651,1.05589,0.00288143,0.00288143,0.00288143
456,1121.21,7.37369,1.72915,1.10887,0.50628,0.23668,0.29275,0.10803,8.01639,1.878,1.05662,0.00287373,0.00287373,0.00287373
457,1123.64,7.27356,1.65493,1.08652,0.50921,0.23339,0.29452,0.10786,7.96029,1.86168,1.05802,0.00286603,0.00286603,0.00286603
458,1126.1,7.56389,1.74872,1.09741,0.50923,0.23405,0.29382,0.10799,7.96569,1.87146,1.05957,0.00285833,0.00285833,0.00285833
459,1128.55,6.79741,1.59999,1.09285,0.50505,0.23462,0.29323,0.10699,7.99128,1.89364,1.05989,0.00285062,0.00285062,0.00285062
460,1131.05,7.4415,1.70959,1.11642,0.50102,0.23778,0.2928,0.10678,7.98092,1.90534,1.06059,0.00284291,0.00284291,0.00284291
461,1133.53,7.63604,1.80407,1.09844,0.49888,0.23394,0.29021,0.10559,8.05607,1.90361,1.06108,0.0028352,0.0028352,0.0028352
462,1135.93,7.3201,1.69936,1.1123,0.50709,0.23572,0.29402,0.10788,7.99793,1.88415,1.05993,0.00282748,0.00282748,0.00282748
463,1138.3,7.42252,1.74723,1.09086,0.50786,0.23366,0.2932,0.10599,8.11253,1.88838,1.06194,0.00281977,0.00281977,0.00281977
464,1140.79,7.42271,1.75709,1.10738,0.51055,0.22954,0.29128,0.10605,8.10091,1.87716,1.06088,0.00281204,0.00281204,0.00281204
465,1143.14,7.59753,1.7651,1.0939,0.50229,0.23421,0.29202,0.10824,8.06741,1.86791,1.05957,0.00280432,0.00280432,0.00280432
466,1145.81,7.33791,1.7291,1.09124,0.50946,0.22941,0.29621,0.11037,7.97839,1.8589,1.05815,0.00279659,0.00279659,0.00279659
467,1148.28,7.31406,1.72431,1.08316,0.50909,0.22523,0.29263,0.10864,8.01,1.87743,1.0583,0.00278886,0.00278886,0.00278886
468,1150.71,7.34142,1.75006,1.11707,0.50069,0.2257,0.29189,0.10828,8.03917,1.88998,1.05931,0.00278113,0.00278113,0.00278113
469,1153.09,6.95237,1.64195,1.10097,0.51105,0.23105,0.29894,0.10962,8.04678,1.8819,1.05909,0.0027734,0.0027734,0.0027734
470,1155.47,7.24608,1.69909,1.08169,0.50687,0.23298,0.2992,0.1099,7.98316,1.88293,1.05848,0.00276566,0.00276566,0.00276566
471,1157.87,7.17177,1.71425,1.10385,0.50367,0.23504,0.29539,0.10848,7.97495,1.91199,1.05782,0.00275792,0.00275792,0.00275792
472,1160.46,7.17899,1.66261,1.12566,0.49371,0.23339,0.29222,0.10802,8.00332,1.91533,1.0583,0.00275018,0.00275018,0.00275018
473,1162.78,6.84229,1.59403,1.09399,0.49939,0.22954,0.29425,0.10846,7.94343,1.89875,1.05861,0.00274243,0.00274243,0.00274243
474,1165.23,7.04148,1.68484,1.09088,0.49016,0.2327,0.29104,0.10631,7.97348,1.89146,1.05931,0.00273469,0.00273469,0.00273469
475,1167.6,7.33908,1.71531,1.08566,0.47949,0.23682,0.28967,0.10696,8.01743,1.91789,1.0608,0.00272694,0.00272694,0.00272694
476,1170.06,6.6408,1.54936,1.08528,0.48767,0.23301,0.28909,0.10715,8.03439,1.89881,1.06129,0.00271919,0.00271919,0.00271919
477,1172.5,7.32471,1.67543,1.09814,0.49193,0.23229,0.29199,0.108,7.97259,1.87663,1.05965,0.00271143,0.00271143,0.00271143
478,1174.96,6.9491,1.64416,1.08546,0.49035,0.23736,0.29365,0.10864,7.95973,1.88517,1.05744,0.00270368,0.00270368,0.00270368
479,1177.39,7.46093,1.78315,1.10142,0.49119,0.23819,0.29411,0.10798,7.96307,1.89638,1.05678,0.00269592,0.00269592,0.00269592
480,1179.79,7.50432,1.82399,1.09683,0.48522,0.23888,0.29056,0.10604,8.03844,1.92556,1.05687,0.00268817,0.00268817,0.00268817
481,1182.13,7.45025,1.77704,1.09879,0.48587,0.24149,0.29299,0.10799,7.9224,1.8922,1.05521,0.00268041,0.00268041,0.00268041
482,1184.67,6.86378,1.59627,1.09887,0.48663,0.24423,0.29675,0.10848,7.96408,1.89216,1.05472,0.00267265,0.00267265,0.00267265
483,1187.04,7.27913,1.72667,1.10031,0.48811,0.24794,0.29559,0.10762,8.0881,1.9381,1.05588,0.00266488,0.00266488,0.00266488
484,1189.45,7.11507,1.63734,1.09376,0.48875,0.24163,0.29295,0.10636,8.03093,1.90372,1.05739,0.00265712,0.00265712,0.00265712
485,1191.88,7.43818,1.72829,1.09999,0.49039,0.24231,0.29632,0.10869,8.0003,1.8969,1.05746,0.00264935,0.00264935,0.00264935
486,1194.42,7.39371,1.74331,1.08193,0.49314,0.24204,0.29474,0.10823,8.05264,1.8915,1.05844,0.00264159,0.00264159,0.00264159
487,1196.87,6.59884,1.56487,1.09054,0.49347,0.23915,0.29329,0.10693,7.96427,1.87107,1.05797,0.00263382,0.00263382,0.00263382
488,1199.31,7.19485,1.69055,1.10665,0.50151,0.23531,0.29452,0.10823,7.91286,1.85945,1.0574,0.00262605,0.00262605,0.00262605
489,1201.62,6.96042,1.61564,1.10691,0.48861,0.23915,0.29378,0.10758,8.04321,1.91177,1.05851,0.00261828,0.00261828,0.00261828
490,1204.01,7.09351,1.66565,1.092,0.48977,0.23861,0.29221,0.1057,8.16864,1.93872,1.0615,0.00261051,0.00261051,0.00261051
491,1206.43,7.17848,1.66629,1.10338,0.48712,0.23984,0.29125,0.10644,8.04644,1.91722,1.06081,0.00260274,0.00260274,0.00260274
492,1208.92,7.09267,1.60882,1.09026,0.49523,0.23895,0.29294,0.10673,7.94903,1.86725,1.06113,0.00259497,0.00259497,0.00259497
493,1211.4,7.18451,1.69067,1.09515,0.48471,0.2419,0.2915,0.10592,8.01469,1.90773,1.06064,0.0025872,0.0025872,0.0025872
494,1213.77,6.87042,1.62084,1.09103,0.50121,0.24224,0.29962,0.10934,7.99665,1.87078,1.0582,0.00257942,0.00257942,0.00257942
495,1216.15,7.21698,1.64636,1.08736,0.50313,0.23861,0.29644,0.10935,7.91186,1.86648,1.0578,0.00257165,0.00257165,0.00257165
496,1218.6,7.20828,1.62961,1.08008,0.50347,0.24066,0.29615,0.10829,7.99156,1.88118,1.05686,0.00256388,0.00256388,0.00256388
497,1220.99,7.15756,1.70264,1.0806,0.49274,0.243,0.29445,0.10722,8.10941,1.91491,1.05771,0.0025561,0.0025561,0.0025561
498,1223.52,7.06497,1.64249,1.08433,0.49513,0.243,0.29879,0.10977,7.96878,1.88229,1.05567,0.00254833,0.00254833,0.00254833
499,1225.85,7.13075,1.65707,1.08802,0.49353,0.24039,0.29751,0.10934,7.89764,1.87029,1.05588,0.00254055,0.00254055,0.00254055
500,1228.33,7.71433,1.7967,1.07402,0.49662,0.24027,0.29608,0.10849,7.94439,1.8759,1.05543,0.00253278,0.00253278,0.00253278
501,1230.65,7.03623,1.6024,1.09382,0.49177,0.24053,0.29338,0.10728,8.08602,1.89331,1.05619,0.002525,0.002525,0.002525
502,1233.08,7.07355,1.62918,1.09361,0.49142,0.24149,0.2932,0.10665,8.10707,1.89741,1.05604,0.00251722,0.00251722,0.00251722
503,1235.67,7.10664,1.64113,1.09322,0.50337,0.24018,0.29502,0.10808,7.9716,1.86245,1.05559,0.00250945,0.00250945,0.00250945
504,1238.12,7.14014,1.63124,1.08071,0.50427,0.23558,0.29446,0.10847,7.94789,1.86712,1.05604,0.00250167,0.00250167,0.00250167
505,1240.43,7.43156,1.70906,1.08905,0.51297,0.23737,0.30149,0.11094,7.94861,1.85819,1.05556,0.0024939,0.0024939,0.0024939
506,1242.98,7.0243,1.71209,1.10451,0.50691,0.23922,0.30008,0.10992,7.9807,1.88007,1.05769,0.00248612,0.00248612,0.00248612
507,1245.38,7.18293,1.67606,1.09639,0.50915,0.23613,0.29756,0.10894,7.9686,1.87495,1.05848,0.00247835,0.00247835,0.00247835
508,1247.81,7.12411,1.63738,1.09232,0.51024,0.23435,0.29642,0.10802,7.96517,1.86621,1.0569,0.00247058,0.00247058,0.00247058
509,1250.3,6.7632,1.56447,1.08779,0.50726,0.23631,0.29911,0.10912,7.97395,1.87753,1.05652,0.0024628,0.0024628,0.0024628
510,1252.7,7.14395,1.68996,1.09325,0.50464,0.23421,0.2972,0.10904,7.95558,1.88803,1.05616,0.00245503,0.00245503,0.00245503
511,1255.11,7.02435,1.64545,1.08973,0.51279,0.2338,0.29992,0.1099,7.92443,1.88165,1.05409,0.00244726,0.00244726,0.00244726
512,1257.5,7.17202,1.66771,1.0954,0.51286,0.23704,0.29972,0.11106,7.89969,1.87056,1.05355,0.00243949,0.00243949,0.00243949
513,1259.93,6.87222,1.60616,1.09157,0.50967,0.23792,0.29769,0.10872,8.00961,1.88719,1.0539,0.00243172,0.00243172,0.00243172
514,1262.47,6.57484,1.55947,1.08071,0.51401,0.23552,0.29866,0.11031,7.97493,1.87142,1.05327,0.00242395,0.00242395,0.00242395
515,1264.8,6.83511,1.60181,1.08454,0.51523,0.23504,0.29876,0.11113,7.897,1.86107,1.05366,0.00241618,0.00241618,0.00241618
516,1267.39,6.83768,1.62471,1.09066,0.52633,0.23325,0.30328,0.11304,7.8565,1.87229,1.05374,0.00240841,0.00240841,0.00240841
517,1269.82,6.81741,1.60929,1.09065,0.51365,0.23641,0.29796,0.11005,7.95482,1.88831,1.05444,0.00240065,0.00240065,0.00240065
518,1272.22,7.45244,1.69401,1.09754,0.50152,0.2402,0.29617,0.1089,8.05217,1.90858,1.05559,0.00239288,0.00239288,0.00239288
519,1274.67,7.42347,1.71892,1.09075,0.50312,0.24272,0.29941,0.11051,7.96791,1.8925,1.05564,0.00238512,0.00238512,0.00238512
520,1277.11,6.94218,1.62769,1.0947,0.50586,0.24547,0.29946,0.1085,8.02767,1.90806,1.05572,0.00237735,0.00237735,0.00237735
521,1279.44,7.37775,1.73434,1.09057,0.50272,0.24371,0.29573,0.10726,8.01779,1.91298,1.05592,0.00236959,0.00236959,0.00236959
522,1281.93,6.81279,1.59608,1.09668,0.49971,0.24561,0.29733,0.10806,7.99374,1.90004,1.05498,0.00236183,0.00236183,0.00236183
523,1284.37,7.49389,1.73225,1.07658,0.50809,0.24588,0.30089,0.10836,7.98221,1.87547,1.0552,0.00235408,0.00235408,0.00235408
524,1286.9,6.86251,1.60248,1.09309,0.50213,0.23929,0.29443,0.1074,8.02572,1.89208,1.05495,0.00234632,0.00234632,0.00234632
525,1289.27,7.08954,1.65234,1.09665,0.50427,0.23957,0.29464,0.10813,7.95359,1.89064,1.05511,0.00233857,0.00233857,0.00233857
526,1291.66,6.94025,1.58529,1.08012,0.50885,0.23531,0.29253,0.10791,7.93509,1.88009,1.05557,0.00233081,0.00233081,0.00233081
527,1294.07,7.54191,1.77303,1.0882,0.50291,0.23984,0.29436,0.10839,7.94485,1.89256,1.05535,0.00232306,0.00232306,0.00232306
528,1296.67,6.88503,1.62946,1.08622,0.50755,0.24135,0.29318,0.10796,7.94211,1.8907,1.0557,0.00231531,0.00231531,0.00231531
529,1299.12,6.88866,1.61991,1.07872,0.50607,0.23929,0.29237,0.10767,7.95844,1.88251,1.05631,0.00230757,0.00230757,0.00230757
530,1301.52,6.75216,1.60177,1.07481,0.50122,0.23847,0.29127,0.10782,7.9446,1.87993,1.05582,0.00229982,0.00229982,0.00229982
531,1303.91,7.02351,1.66977,1.09843,0.50147,0.24163,0.29186,0.10709,7.95183,1.9047,1.056,0.00229208,0.00229208,0.00229208
532,1306.3,7.82889,1.81725,1.09407,0.49254,0.23929,0.28925,0.10627,8.03617,1.91951,1.05796,0.00228434,0.00228434,0.00228434
533,1308.64,6.55723,1.5987,1.0927,0.5059,0.236,0.29076,0.108,7.93127,1.86172,1.05697,0.0022766,0.0022766,0.0022766
534,1311.31,7.23555,1.67884,1.10219,0.50564,0.23888,0.29395,0.10844,7.93128,1.87399,1.05646,0.00226887,0.00226887,0.00226887
535,1313.71,7.55826,1.71361,1.09528,0.49811,0.24021,0.29367,0.10716,8.03573,1.89526,1.05637,0.00226114,0.00226114,0.00226114
536,1316.17,7.16172,1.78552,1.0858,0.50175,0.23627,0.29565,0.10844,7.9661,1.87828,1.05631,0.00225341,0.00225341,0.00225341
537,1318.5,6.8602,1.6033,1.08943,0.50478,0.23545,0.29554,0.10827,8.03018,1.8706,1.05671,0.00224568,0.00224568,0.00224568
538,1320.92,7.2936,1.70477,1.10541,0.50751,0.2327,0.2927,0.10833,7.96516,1.86525,1.05502,0.00223796,0.00223796,0.00223796
539,1323.45,6.88197,1.56024,1.07286,0.51386,0.23806,0.2979,0.10949,7.96337,1.87522,1.05524,0.00223023,0.00223023,0.00223023
540,1325.94,7.04395,1.67215,1.08589,0.51681,0.23339,0.29677,0.10959,7.92823,1.8672,1.05635,0.00222252,0.00222252,0.00222252
541,1328.45,7.64843,1.77977,1.07066,0.51329,0.23411,0.29864,0.10998,7.91819,1.85792,1.05686,0.0022148,0.0022148,0.0022148
542,1330.95,7.12612,1.68553,1.07762,0.51224,0.23064,0.29746,0.11071,7.89107,1.85567,1.0569,0.00220709,0.00220709,0.00220709
543,1333.35,7.29222,1.74489,1.07004,0.51173,0.23036,0.29796,0.11121,7.86108,1.8608,1.05693,0.00219938,0.00219938,0.00219938
544,1335.94,7.36137,1.7245,1.09967,0.51624,0.22858,0.29686,0.11066,7.84935,1.86034,1.05627,0.00219167,0.00219167,0.00219167
545,1338.34,7.46503,1.76871,1.09961,0.50962,0.23078,0.29535,0.10917,7.92751,1.87415,1.056,0.00218397,0.00218397,0.00218397
546,1340.84,7.47435,1.73771,1.07198,0.51366,0.23078,0.29655,0.10957,7.96788,1.87961,1.05523,0.00217627,0.00217627,0.00217627
547,1343.25,6.92342,1.58235,1.08157,0.52258,0.22827,0.29715,0.11172,7.87583,1.87405,1.05486,0.00216857,0.00216857,0.00216857
548,1345.72,7.01056,1.6122,1.09001,0.51709,0.23119,0.29828,0.11191,7.90027,1.88726,1.05468,0.00216088,0.00216088,0.00216088
549,1348.1,6.60521,1.59038,1.09802,0.51804,0.23188,0.29796,0.11121,7.96142,1.88334,1.05474,0.00215319,0.00215319,0.00215319
550,1350.63,6.63426,1.5959,1.09748,0.52561,0.23339,0.30135,0.11247,7.86338,1.85313,1.05226,0.00214551,0.00214551,0.00214551
551,1352.99,7.07952,1.6339,1.08691,0.52311,0.23696,0.3017,0.11181,7.90213,1.84624,1.05198,0.00213782,0.00213782,0.00213782
552,1355.6,7.34949,1.70375,1.0885,0.51312,0.23931,0.29971,0.11143,7.87738,1.84375,1.051,0.00213015,0.00213015,0.00213015
553,1357.96,7.6386,1.77107,1.08988,0.51013,0.23561,0.29773,0.1111,7.84812,1.83464,1.05059,0.00212247,0.00212247,0.00212247
554,1360.37,7.344,1.72709,1.10087,0.50397,0.23613,0.2938,0.10943,7.87796,1.8532,1.05128,0.0021148,0.0021148,0.0021148
555,1362.84,7.07495,1.66451,1.09754,0.49894,0.23957,0.29262,0.10855,7.90468,1.8718,1.05141,0.00210714,0.00210714,0.00210714
556,1365.28,7.87955,1.89494,1.06862,0.49527,0.24113,0.29552,0.10923,7.94452,1.88247,1.05155,0.00209948,0.00209948,0.00209948
557,1367.63,7.57488,1.7435,1.09271,0.49844,0.24094,0.29659,0.1098,7.87853,1.86778,1.05091,0.00209182,0.00209182,0.00209182
558,1370.06,6.41695,1.54843,1.09506,0.50434,0.23398,0.29661,0.10972,7.89833,1.86437,1.05131,0.00208416,0.00208416,0.00208416
559,1372.51,6.65981,1.59582,1.0748,0.51131,0.2371,0.30099,0.11139,7.88977,1.85785,1.05118,0.00207652,0.00207652,0.00207652
560,1375.08,7.07139,1.66987,1.08986,0.51752,0.23256,0.3031,0.11334,7.86197,1.84874,1.05017,0.00206887,0.00206887,0.00206887
561,1377.53,6.96477,1.63337,1.08771,0.52116,0.22748,0.29987,0.11211,7.87489,1.85682,1.05051,0.00206123,0.00206123,0.00206123
562,1379.96,7.07614,1.61912,1.07757,0.51589,0.23202,0.30163,0.11286,7.84238,1.84248,1.05026,0.0020536,0.0020536,0.0020536
563,1382.34,7.17224,1.71488,1.09239,0.51115,0.23325,0.30195,0.11292,7.88848,1.86048,1.05082,0.00204597,0.00204597,0.00204597
564,1384.91,7.2302,1.63676,1.08191,0.5041,0.23243,0.29839,0.11192,7.8851,1.86838,1.05027,0.00203834,0.00203834,0.00203834
565,1387.43,7.37983,1.72591,1.08477,0.50795,0.23016,0.29806,0.11119,7.89497,1.86282,1.0508,0.00203072,0.00203072,0.00203072
566,1389.87,6.67257,1.62781,1.08686,0.51078,0.2349,0.30241,0.11312,7.87622,1.86472,1.05015,0.0020231,0.0020231,0.0020231
567,1392.26,6.9139,1.61466,1.08226,0.50587,0.23957,0.30014,0.11218,7.89614,1.87434,1.04954,0.00201549,0.00201549,0.00201549
568,1394.71,7.30389,1.72093,1.08198,0.50513,0.23957,0.29915,0.11129,7.8544,1.85659,1.04953,0.00200788,0.00200788,0.00200788
569,1397.06,7.25432,1.80353,1.0916,0.50579,0.236,0.29847,0.11103,7.81013,1.8453,1.04969,0.00200028,0.00200028,0.00200028
570,1399.59,7.58135,1.84559,1.07914,0.51105,0.23792,0.29937,0.11087,7.80927,1.83855,1.05045,0.00199269,0.00199269,0.00199269
571,1402.04,7.42317,1.77472,1.11139,0.51257,0.24327,0.30351,0.11244,7.81703,1.85036,1.04954,0.0019851,0.0019851,0.0019851
572,1404.47,7.37946,1.78427,1.0922,0.51213,0.23937,0.30298,0.11214,7.86162,1.86111,1.05053,0.00197751,0.00197751,0.00197751
573,1406.88,7.10312,1.69519,1.08214,0.51012,0.23572,0.3001,0.11105,7.86046,1.86181,1.05177,0.00196993,0.00196993,0.00196993
574,1409.29,6.93812,1.65646,1.05589,0.50615,0.23311,0.29986,0.11109,7.869,1.87176,1.05249,0.00196236,0.00196236,0.00196236
575,1411.8,6.83654,1.57251,1.0838,0.5099,0.23792,0.30259,0.11264,7.88132,1.8727,1.05282,0.00195479,0.00195479,0.00195479
576,1414.22,6.76357,1.58777,1.08734,0.50807,0.23613,0.3019,0.11162,7.90238,1.85141,1.05209,0.00194722,0.00194722,0.00194722
577,1416.73,7.16196,1.69419,1.10413,0.50099,0.23655,0.29891,0.11082,7.87025,1.84504,1.05219,0.00193966,0.00193966,0.00193966
578,1419.17,7.26732,1.70215,1.11012,0.50454,0.23764,0.30024,0.11116,7.84891,1.84663,1.05206,0.00193211,0.00193211,0.00193211
579,1421.5,6.78212,1.59763,1.08817,0.50049,0.23902,0.30017,0.11153,7.88158,1.86486,1.05317,0.00192457,0.00192457,0.00192457
580,1424.1,7.367,1.71984,1.07116,0.51209,0.24149,0.30626,0.11309,7.86974,1.86413,1.05353,0.00191703,0.00191703,0.00191703
581,1426.48,6.787,1.57697,1.08878,0.5237,0.23682,0.30842,0.11465,7.86512,1.85912,1.05334,0.00190949,0.00190949,0.00190949
582,1429.01,6.77259,1.64698,1.0823,0.53341,0.23531,0.31285,0.11661,7.8822,1.87117,1.05401,0.00190196,0.00190196,0.00190196
583,1431.52,6.77495,1.61253,1.09239,0.52012,0.23668,0.30939,0.11554,7.87642,1.87462,1.05428,0.00189444,0.00189444,0.00189444
584,1433.97,7.14803,1.64731,1.07459,0.51635,0.23586,0.30544,0.11502,7.84496,1.86196,1.05362,0.00188693,0.00188693,0.00188693
585,1436.43,7.38987,1.68504,1.0836,0.5205,0.23229,0.30276,0.11452,7.85936,1.86368,1.05463,0.00187942,0.00187942,0.00187942
586,1438.82,7.18584,1.68999,1.07772,0.51854,0.23353,0.30168,0.1135,7.88082,1.8621,1.05564,0.00187191,0.00187191,0.00187191
587,1441.19,7.22091,1.68033,1.07137,0.51354,0.23449,0.30058,0.11323,7.89527,1.87092,1.05686,0.00186442,0.00186442,0.00186442
588,1443.65,6.56727,1.61781,1.08306,0.51553,0.23874,0.30311,0.11357,7.89756,1.87609,1.0584,0.00185693,0.00185693,0.00185693
589,1446.08,6.59332,1.56616,1.06536,0.52205,0.23353,0.30303,0.11346,7.89009,1.86845,1.05758,0.00184944,0.00184944,0.00184944
590,1448.5,6.80904,1.57372,1.07486,0.52812,0.23764,0.30522,0.11298,7.87188,1.86766,1.05685,0.00184197,0.00184197,0.00184197
591,1451.04,6.72122,1.64689,1.09198,0.51903,0.23861,0.30508,0.11488,7.85975,1.87145,1.0555,0.0018345,0.0018345,0.0018345
592,1453.5,6.66901,1.55791,1.08772,0.51521,0.23874,0.30511,0.11378,7.85427,1.86393,1.05384,0.00182703,0.00182703,0.00182703
593,1455.86,7.11078,1.70493,1.07977,0.51689,0.23668,0.30509,0.11444,7.84068,1.85596,1.05291,0.00181958,0.00181958,0.00181958
594,1458.26,7.42703,1.75532,1.08109,0.52045,0.23974,0.30629,0.11455,7.7979,1.85374,1.05225,0.00181213,0.00181213,0.00181213
595,1460.67,7.26078,1.70652,1.0817,0.5174,0.24217,0.30597,0.11461,7.85183,1.86091,1.05226,0.00180469,0.00180469,0.00180469
596,1463.23,7.03976,1.61882,1.09619,0.51643,0.23943,0.30544,0.1138,7.89959,1.85602,1.05095,0.00179725,0.00179725,0.00179725
597,1465.56,7.07967,1.62661,1.08098,0.51426,0.23558,0.305,0.11467,7.8066,1.84604,1.0505,0.00178982,0.00178982,0.00178982
598,1468.08,6.71669,1.59371,1.08077,0.5168,0.2349,0.30353,0.11454,7.81284,1.85288,1.05018,0.0017824,0.0017824,0.0017824
599,1470.48,7.46032,1.72368,1.08109,0.51649,0.23531,0.30421,0.11439,7.91481,1.86141,1.05135,0.00177499,0.00177499,0.00177499
600,1472.97,6.68499,1.54682,1.07097,0.5163,0.23668,0.30655,0.11446,7.98057,1.87376,1.05222,0.00176758,0.00176758,0.00176758
601,1475.5,7.13188,1.66214,1.09841,0.51766,0.23663,0.30668,0.11414,7.95439,1.86266,1.05231,0.00176018,0.00176018,0.00176018
602,1477.99,6.98957,1.6165,1.07948,0.51379,0.23915,0.30559,0.11396,7.90645,1.86521,1.05187,0.00175279,0.00175279,0.00175279
603,1480.44,6.29499,1.49074,1.08386,0.51014,0.24135,0.30401,0.11353,7.94822,1.88397,1.05134,0.00174541,0.00174541,0.00174541
604,1482.9,6.22726,1.52471,1.07014,0.51388,0.2396,0.30315,0.11392,7.89613,1.85985,1.05028,0.00173803,0.00173803,0.00173803
605,1485.24,6.80576,1.61229,1.08639,0.50689,0.2371,0.29842,0.11198,7.87147,1.86137,1.05066,0.00173066,0.00173066,0.00173066
606,1487.7,7.03666,1.68156,1.07473,0.51438,0.23366,0.29976,0.1123,7.8824,1.86911,1.05126,0.0017233,0.0017233,0.0017233
607,1490.18,6.84115,1.5615,1.07063,0.5128,0.23655,0.30159,0.11277,7.84431,1.87081,1.0509,0.00171595,0.00171595,0.00171595
608,1492.72,7.17503,1.65995,1.09495,0.49814,0.2397,0.29755,0.11096,7.87872,1.88708,1.05194,0.00170861,0.00170861,0.00170861
609,1495.13,7.14332,1.65241,1.08177,0.50179,0.23893,0.30103,0.11186,7.8679,1.8837,1.05184,0.00170127,0.00170127,0.00170127
610,1497.55,6.9398,1.64552,1.09687,0.51234,0.23696,0.3037,0.1125,7.86957,1.87741,1.0515,0.00169394,0.00169394,0.00169394
611,1500.09,6.66621,1.56486,1.06237,0.5146,0.23806,0.30507,0.11419,7.86898,1.88343,1.05225,0.00168662,0.00168662,0.00168662
612,1502.65,7.09146,1.62488,1.08368,0.51811,0.23888,0.30646,0.1147,7.92953,1.88739,1.05312,0.00167931,0.00167931,0.00167931
613,1505.08,7.01465,1.61043,1.08796,0.51876,0.23874,0.30713,0.11514,7.90392,1.88499,1.0543,0.00167201,0.00167201,0.00167201
614,1507.54,6.44191,1.51323,1.08053,0.52254,0.23833,0.30811,0.11447,7.89336,1.88959,1.05596,0.00166471,0.00166471,0.00166471
615,1509.88,6.33372,1.48048,1.10533,0.51519,0.23655,0.30568,0.11355,7.94911,1.89812,1.05691,0.00165743,0.00165743,0.00165743
616,1512.39,7.40496,1.73753,1.08103,0.50822,0.24272,0.30441,0.1132,7.90035,1.89053,1.05554,0.00165015,0.00165015,0.00165015
617,1514.69,6.5248,1.53472,1.08312,0.51465,0.23998,0.30455,0.11343,7.85375,1.87096,1.05672,0.00164288,0.00164288,0.00164288
618,1517.06,6.63715,1.58072,1.09042,0.51926,0.23558,0.30558,0.1142,7.78546,1.85618,1.05317,0.00163562,0.00163562,0.00163562
619,1519.39,6.83739,1.60796,1.07775,0.51862,0.23976,0.30526,0.11398,7.78865,1.8497,1.05217,0.00162837,0.00162837,0.00162837
620,1521.91,6.58943,1.56183,1.07197,0.50665,0.23833,0.2991,0.11183,7.78223,1.85264,1.05033,0.00162113,0.00162113,0.00162113
621,1524.4,6.69136,1.63721,1.0708,0.5072,0.23737,0.29969,0.11232,7.77357,1.85249,1.04885,0.00161389,0.00161389,0.00161389
622,1526.85,6.9363,1.60983,1.08889,0.50773,0.23778,0.30018,0.11214,7.77878,1.85201,1.04868,0.00160667,0.00160667,0.00160667
623,1529.22,6.98739,1.61431,1.07247,0.50516,0.23984,0.30048,0.11149,7.87266,1.87451,1.05003,0.00159945,0.00159945,0.00159945
624,1531.62,6.38729,1.54981,1.08543,0.5087,0.23751,0.30191,0.11266,7.83694,1.87294,1.05107,0.00159224,0.00159224,0.00159224
625,1534.04,6.66329,1.54384,1.08302,0.51207,0.23394,0.30152,0.11333,7.85171,1.88005,1.05156,0.00158505,0.00158505,0.00158505
626,1536.61,7.38293,1.72873,1.07685,0.52102,0.23572,0.30727,0.11517,7.83165,1.88572,1.05134,0.00157786,0.00157786,0.00157786
627,1538.98,6.70752,1.57142,1.08861,0.52246,0.23325,0.30762,0.11484,7.84373,1.88947,1.05184,0.00157068,0.00157068,0.00157068
628,1541.41,6.41663,1.52442,1.07174,0.52124,0.23504,0.30672,0.11419,7.83681,1.88605,1.05125,0.00156351,0.00156351,0.00156351
629,1543.82,7.2009,1.68104,1.06976,0.51471,0.23751,0.3039,0.11372,7.86937,1.88328,1.05188,0.00155635,0.00155635,0.00155635
630,1546.22,6.59005,1.59413,1.08012,0.51831,0.24286,0.30752,0.11449,7.83718,1.87611,1.05122,0.0015492,0.0015492,0.0015492
631,1548.56,6.76974,1.62161,1.09648,0.52573,0.24176,0.30911,0.11559,7.83036,1.87452,1.05157,0.00154206,0.00154206,0.00154206
632,1551.17,6.74714,1.57589,1.08932,0.52569,0.24121,0.31042,0.11617,7.8073,1.87814,1.0521,0.00153493,0.00153493,0.00153493
633,1553.5,6.6911,1.57359,1.06985,0.52567,0.24355,0.31122,0.11695,7.80648,1.87831,1.05284,0.00152781,0.00152781,0.00152781
634,1556,7.42927,1.72452,1.09517,0.52605,0.24176,0.3134,0.11722,7.80507,1.8698,1.05409,0.0015207,0.0015207,0.0015207
635,1558.46,7.09158,1.69072,1.09944,0.52815,0.23957,0.31164,0.11682,7.82863,1.87136,1.05419,0.00151359,0.00151359,0.00151359
636,1560.91,6.59036,1.57019,1.08914,0.52414,0.23723,0.30806,0.11605,7.8748,1.87723,1.05423,0.0015065,0.0015065,0.0015065
637,1563.42,7.05115,1.62827,1.08115,0.52951,0.23501,0.30964,0.11714,7.84484,1.87564,1.05328,0.00149942,0.00149942,0.00149942
638,1565.9,6.72004,1.66535,1.08993,0.52624,0.23943,0.31024,0.1166,7.84222,1.8762,1.05227,0.00149235,0.00149235,0.00149235
639,1568.28,6.5656,1.54598,1.08203,0.52606,0.24039,0.31021,0.11681,7.8628,1.87993,1.05145,0.00148529,0.00148529,0.00148529
640,1570.68,6.58579,1.579,1.06767,0.51788,0.24355,0.30876,0.11522,7.89481,1.902,1.05196,0.00147824,0.00147824,0.00147824
641,1573.07,6.70245,1.59325,1.07978,0.51518,0.24341,0.30544,0.11465,7.86733,1.89747,1.05157,0.0014712,0.0014712,0.0014712
642,1575.58,6.86508,1.61887,1.08806,0.51189,0.24314,0.30503,0.11455,7.83818,1.89634,1.0513,0.00146417,0.00146417,0.00146417
643,1577.94,6.61306,1.57901,1.08998,0.51893,0.23957,0.30566,0.11404,7.84928,1.87951,1.05047,0.00145715,0.00145715,0.00145715
644,1580.42,6.61234,1.55018,1.07867,0.52445,0.243,0.3108,0.11614,7.84926,1.87167,1.05136,0.00145014,0.00145014,0.00145014
645,1582.87,7.72188,1.79651,1.08956,0.52291,0.24053,0.30997,0.11584,7.84268,1.87079,1.05147,0.00144314,0.00144314,0.00144314
646,1585.32,6.69854,1.61295,1.08423,0.51381,0.2419,0.3067,0.11478,7.85661,1.86701,1.05146,0.00143615,0.00143615,0.00143615
647,1587.73,6.73029,1.52247,1.10988,0.50404,0.24217,0.30179,0.11367,7.88142,1.87947,1.05151,0.00142917,0.00142917,0.00142917
648,1590.33,7.33125,1.75029,1.09858,0.50109,0.24135,0.30033,0.11239,7.87213,1.8703,1.05151,0.00142221,0.00142221,0.00142221
649,1592.69,6.61499,1.58856,1.08422,0.50671,0.23806,0.30032,0.11253,7.90424,1.86394,1.05181,0.00141525,0.00141525,0.00141525
650,1595.1,6.41621,1.50337,1.09086,0.511,0.23715,0.30321,0.11391,7.8723,1.86789,1.05072,0.00140831,0.00140831,0.00140831
651,1597.62,6.9423,1.61748,1.07796,0.51361,0.2371,0.30431,0.11417,7.90942,1.87044,1.05127,0.00140137,0.00140137,0.00140137
652,1600.21,6.65075,1.49816,1.07976,0.51137,0.23655,0.30241,0.11365,7.89256,1.86819,1.05227,0.00139445,0.00139445,0.00139445
653,1602.59,7.07875,1.68861,1.07836,0.51089,0.23862,0.3031,0.1137,7.87111,1.87069,1.05221,0.00138754,0.00138754,0.00138754
654,1605,6.88148,1.64735,1.07262,0.51521,0.23998,0.30271,0.11367,7.84585,1.87106,1.05174,0.00138064,0.00138064,0.00138064
655,1607.42,7.22684,1.70749,1.07768,0.51322,0.24216,0.30312,0.11358,7.85019,1.87508,1.0514,0.00137375,0.00137375,0.00137375
656,1609.8,6.87294,1.71993,1.08314,0.51359,0.23874,0.30175,0.11364,7.83808,1.85293,1.05025,0.00136687,0.00136687,0.00136687
657,1612.45,7.41117,1.72276,1.0849,0.51246,0.23984,0.29998,0.11326,7.87066,1.8602,1.05037,0.00136001,0.00136001,0.00136001
658,1614.83,6.30733,1.50731,1.07244,0.51394,0.24163,0.30106,0.11364,7.83619,1.8637,1.04942,0.00135315,0.00135315,0.00135315
659,1617.22,7.00657,1.63445,1.07656,0.51463,0.2419,0.30304,0.11405,7.85656,1.86466,1.04942,0.00134631,0.00134631,0.00134631
660,1619.65,7.08979,1.64659,1.08109,0.51006,0.24245,0.30478,0.11384,7.82517,1.86792,1.04936,0.00133948,0.00133948,0.00133948
661,1621.97,6.72214,1.54676,1.07921,0.51281,0.23819,0.30476,0.11468,7.76584,1.85469,1.04886,0.00133266,0.00133266,0.00133266
662,1624.58,6.99405,1.61704,1.07385,0.51826,0.23861,0.30658,0.11453,7.79358,1.86943,1.04975,0.00132585,0.00132585,0.00132585
663,1627.05,7.05924,1.67676,1.05951,0.5177,0.23957,0.30672,0.11534,7.79679,1.8688,1.04998,0.00131906,0.00131906,0.00131906
664,1629.5,6.8224,1.60852,1.07532,0.51452,0.23984,0.30716,0.11571,7.81936,1.86764,1.05019,0.00131227,0.00131227,0.00131227
665,1631.96,7.13483,1.61981,1.07751,0.5189,0.24053,0.30934,0.11552,7.84958,1.87956,1.05133,0.0013055,0.0013055,0.0013055
666,1634.44,6.94526,1.6418,1.07854,0.51951,0.24025,0.30965,0.11699,7.82634,1.88094,1.0512,0.00129874,0.00129874,0.00129874
667,1636.83,6.29676,1.48346,1.08245,0.52024,0.24231,0.30975,0.11656,7.8321,1.88669,1.05045,0.00129199,0.00129199,0.00129199
668,1639.37,6.8905,1.72048,1.07939,0.51124,0.24245,0.30587,0.11511,7.80205,1.87806,1.051,0.00128526,0.00128526,0.00128526
669,1641.81,6.64668,1.60074,1.07226,0.5027,0.2441,0.30318,0.11352,7.85861,1.88526,1.05159,0.00127853,0.00127853,0.00127853
670,1644.33,6.87126,1.61455,1.07318,0.50737,0.24489,0.30522,0.11404,7.86942,1.88332,1.05052,0.00127182,0.00127182,0.00127182
671,1646.72,6.96893,1.63954,1.09427,0.51191,0.24519,0.30682,0.11488,7.87016,1.87953,1.05095,0.00126512,0.00126512,0.00126512
672,1649.15,7.1497,1.64695,1.07244,0.51371,0.24264,0.30535,0.11485,7.85292,1.87261,1.05208,0.00125844,0.00125844,0.00125844
673,1651.67,6.64928,1.57101,1.09555,0.51931,0.24135,0.30812,0.11536,7.89152,1.87159,1.05257,0.00125176,0.00125176,0.00125176
674,1654.12,6.76685,1.54614,1.08147,0.52712,0.23861,0.31213,0.1167,7.9242,1.87738,1.05176,0.0012451,0.0012451,0.0012451
675,1656.48,6.53757,1.56209,1.07677,0.52414,0.23558,0.31186,0.11689,7.89951,1.88097,1.05107,0.00123845,0.00123845,0.00123845
676,1658.97,6.91406,1.6233,1.08585,0.52896,0.23902,0.31282,0.11651,7.8407,1.86792,1.04874,0.00123182,0.00123182,0.00123182
677,1661.37,7.35311,1.7053,1.08864,0.52481,0.24176,0.31311,0.11609,7.85434,1.86558,1.04848,0.00122519,0.00122519,0.00122519
678,1663.93,6.84472,1.57312,1.07591,0.52315,0.24355,0.31293,0.11638,7.81578,1.86574,1.04822,0.00121858,0.00121858,0.00121858
679,1666.36,6.71428,1.54468,1.08063,0.51921,0.243,0.31226,0.1163,7.83816,1.87115,1.04854,0.00121198,0.00121198,0.00121198
680,1668.88,6.83107,1.61076,1.09303,0.52025,0.24148,0.31169,0.11618,7.84207,1.86754,1.04904,0.0012054,0.0012054,0.0012054
681,1671.41,6.73247,1.58024,1.08922,0.51714,0.24149,0.31087,0.11622,7.86007,1.86793,1.04896,0.00119883,0.00119883,0.00119883
682,1673.86,6.59602,1.53151,1.07519,0.52204,0.2419,0.31325,0.11698,7.85852,1.86111,1.04682,0.00119227,0.00119227,0.00119227
683,1676.39,6.72315,1.61761,1.07497,0.53017,0.23861,0.31504,0.11834,7.81038,1.85268,1.04599,0.00118572,0.00118572,0.00118572
684,1678.86,6.99266,1.62608,1.08487,0.53188,0.2371,0.31467,0.11891,7.81288,1.84748,1.04599,0.00117919,0.00117919,0.00117919
685,1681.32,6.75354,1.55009,1.07189,0.53062,0.24012,0.31615,0.11851,7.84035,1.85273,1.04675,0.00117267,0.00117267,0.00117267
686,1683.77,6.69818,1.5822,1.07933,0.53191,0.23619,0.31474,0.11837,7.86677,1.85243,1.04657,0.00116617,0.00116617,0.00116617
687,1686.18,6.56538,1.54411,1.07354,0.53679,0.23929,0.31539,0.11711,7.91574,1.86111,1.04691,0.00115968,0.00115968,0.00115968
688,1688.75,6.57669,1.51103,1.07821,0.52937,0.23847,0.3122,0.11671,7.90426,1.8598,1.04649,0.0011532,0.0011532,0.0011532
689,1691.1,6.48109,1.56998,1.09138,0.52459,0.23984,0.31022,0.11582,7.88622,1.854,1.04662,0.00114673,0.00114673,0.00114673
690,1693.56,6.49885,1.52718,1.0863,0.51947,0.24147,0.30606,0.11505,7.87903,1.85847,1.04662,0.00114028,0.00114028,0.00114028
691,1695.94,6.51241,1.55488,1.08409,0.52015,0.2408,0.30527,0.11441,7.90928,1.86811,1.04721,0.00113384,0.00113384,0.00113384
692,1698.38,6.32702,1.50655,1.07589,0.51764,0.23793,0.30412,0.11548,7.86873,1.87507,1.0471,0.00112742,0.00112742,0.00112742
693,1700.88,6.26408,1.49893,1.06494,0.51584,0.23751,0.30488,0.11581,7.84709,1.87833,1.04704,0.00112101,0.00112101,0.00112101
694,1703.34,6.67021,1.58062,1.06309,0.51766,0.23874,0.30501,0.11521,7.84958,1.88287,1.04724,0.00111461,0.00111461,0.00111461
695,1705.74,6.62789,1.60291,1.07653,0.51304,0.23847,0.30344,0.1141,7.90593,1.89053,1.0478,0.00110823,0.00110823,0.00110823
696,1708.22,6.50717,1.5183,1.08293,0.51768,0.23558,0.30559,0.11499,7.85087,1.87771,1.04719,0.00110186,0.00110186,0.00110186
697,1710.58,6.79233,1.57094,1.07787,0.52387,0.23613,0.3084,0.1159,7.83315,1.87518,1.04748,0.00109551,0.00109551,0.00109551
698,1713.15,7.00201,1.68078,1.0933,0.51944,0.23888,0.30754,0.11612,7.81102,1.87701,1.047,0.00108917,0.00108917,0.00108917
699,1715.58,7.31441,1.67979,1.0782,0.52068,0.23819,0.30695,0.11583,7.80384,1.8662,1.04629,0.00108284,0.00108284,0.00108284
700,1718.22,6.64127,1.59861,1.06623,0.51645,0.23613,0.3072,0.11658,7.78844,1.85382,1.04589,0.00107653,0.00107653,0.00107653
701,1720.65,6.65273,1.61163,1.06846,0.52293,0.23833,0.30978,0.11665,7.78325,1.84681,1.04568,0.00107023,0.00107023,0.00107023
702,1723.08,7.00533,1.62802,1.0875,0.52797,0.23847,0.31436,0.11881,7.74962,1.83875,1.04516,0.00106395,0.00106395,0.00106395
703,1725.46,6.91176,1.62658,1.07886,0.53028,0.24012,0.31633,0.11886,7.75648,1.84636,1.04527,0.00105768,0.00105768,0.00105768
704,1728,6.93778,1.63218,1.07647,0.53335,0.23943,0.31591,0.11927,7.72092,1.8584,1.04571,0.00105142,0.00105142,0.00105142
705,1730.43,6.8546,1.63057,1.07865,0.5321,0.23723,0.3154,0.11911,7.74591,1.86786,1.0466,0.00104519,0.00104519,0.00104519
706,1732.93,6.16195,1.48313,1.07834,0.52525,0.23888,0.31241,0.11779,7.78201,1.87964,1.047,0.00103896,0.00103896,0.00103896
707,1735.37,6.59964,1.51865,1.05662,0.52737,0.23778,0.31086,0.11787,7.76327,1.87638,1.04612,0.00103275,0.00103275,0.00103275
708,1737.81,6.73015,1.63937,1.07979,0.52329,0.23806,0.3101,0.11758,7.76923,1.87406,1.04561,0.00102655,0.00102655,0.00102655
709,1740.34,6.86694,1.66821,1.0973,0.52114,0.2395,0.31066,0.1179,7.78689,1.87747,1.04611,0.00102037,0.00102037,0.00102037
710,1742.74,6.95135,1.68157,1.09387,0.51187,0.24341,0.31019,0.11776,7.757,1.87779,1.04617,0.00101421,0.00101421,0.00101421
711,1745.08,6.48905,1.56401,1.08132,0.51357,0.24327,0.31103,0.118,7.71318,1.86354,1.04586,0.00100806,0.00100806,0.00100806
712,1747.63,6.55061,1.52978,1.07868,0.51446,0.243,0.30816,0.11722,7.72427,1.86672,1.0472,0.00100192,0.00100192,0.00100192
713,1750.01,6.48505,1.49865,1.07319,0.51515,0.24327,0.30825,0.11689,7.75078,1.87165,1.04766,0.000995797,0.000995797,0.000995797
714,1752.53,6.6064,1.55629,1.05635,0.52061,0.24286,0.31041,0.11803,7.72142,1.86944,1.04752,0.000989691,0.000989691,0.000989691
715,1754.89,6.70462,1.58637,1.09263,0.52098,0.24245,0.31251,0.1185,7.72228,1.87174,1.04727,0.0009836,0.0009836,0.0009836
716,1757.36,6.62414,1.59288,1.08968,0.52155,0.24214,0.31234,0.11811,7.72021,1.88036,1.04718,0.000977524,0.000977524,0.000977524
717,1759.72,6.78271,1.62565,1.08886,0.52051,0.24114,0.31091,0.11763,7.74464,1.8874,1.04747,0.000971464,0.000971464,0.000971464
718,1762.26,6.69797,1.57085,1.07725,0.52,0.24109,0.30879,0.11695,7.76145,1.89221,1.04805,0.000965419,0.000965419,0.000965419
719,1764.83,6.61424,1.59194,1.0787,0.52442,0.24245,0.30943,0.11701,7.75309,1.88912,1.04776,0.000959389,0.000959389,0.000959389
720,1767.32,6.47657,1.58412,1.07,0.51916,0.24309,0.30855,0.1161,7.74114,1.88256,1.04686,0.000953374,0.000953374,0.000953374
721,1769.69,6.49232,1.53255,1.08026,0.51396,0.2441,0.30659,0.11602,7.76167,1.89066,1.04723,0.000947376,0.000947376,0.000947376
722,1772.1,6.37608,1.5009,1.07355,0.51335,0.24149,0.30515,0.11591,7.7577,1.88855,1.04705,0.000941392,0.000941392,0.000941392
723,1774.42,6.8989,1.67743,1.077,0.51409,0.24121,0.3048,0.1156,7.75169,1.88795,1.04744,0.000935425,0.000935425,0.000935425
724,1776.93,6.90497,1.66943,1.0666,0.50835,0.24478,0.30441,0.11543,7.75983,1.90452,1.04735,0.000929473,0.000929473,0.000929473
725,1779.43,6.31542,1.47592,1.07561,0.511,0.24492,0.30443,0.11499,7.76609,1.89747,1.0471,0.000923536,0.000923536,0.000923536
726,1781.85,6.70081,1.62852,1.06477,0.52118,0.24574,0.30722,0.11498,7.80487,1.89746,1.0466,0.000917616,0.000917616,0.000917616
727,1784.26,6.50186,1.53643,1.07277,0.52172,0.24698,0.30823,0.11468,7.82089,1.89672,1.04671,0.000911712,0.000911712,0.000911712
728,1786.77,6.71671,1.54467,1.09155,0.52041,0.2441,0.30838,0.11477,7.83137,1.88721,1.04646,0.000905823,0.000905823,0.000905823
729,1789.31,6.32805,1.48704,1.07797,0.5195,0.24561,0.30872,0.11505,7.85688,1.89104,1.04649,0.00089995,0.00089995,0.00089995
730,1791.76,7.19013,1.70357,1.09275,0.51839,0.243,0.30963,0.116,7.82274,1.86906,1.04639,0.000894094,0.000894094,0.000894094
731,1794.19,6.92094,1.61238,1.07018,0.51743,0.24327,0.31092,0.11638,7.83829,1.8704,1.04714,0.000888253,0.000888253,0.000888253
732,1796.66,6.68633,1.60053,1.05847,0.51974,0.2398,0.31,0.11587,7.8668,1.86391,1.04713,0.000882429,0.000882429,0.000882429
733,1799.01,6.75285,1.63133,1.08649,0.5175,0.24016,0.30867,0.11553,7.89857,1.86529,1.04725,0.000876621,0.000876621,0.000876621
734,1801.43,6.63181,1.56266,1.06925,0.52469,0.23612,0.30862,0.11663,7.8223,1.84928,1.04607,0.000870829,0.000870829,0.000870829
735,1803.89,6.22707,1.45313,1.0818,0.52346,0.23646,0.30794,0.11621,7.81888,1.85142,1.04634,0.000865053,0.000865053,0.000865053
736,1806.42,6.80227,1.58456,1.08837,0.51828,0.23736,0.30759,0.11631,7.82416,1.86307,1.04779,0.000859294,0.000859294,0.000859294
737,1808.74,6.65719,1.61377,1.07513,0.51965,0.23998,0.30906,0.11614,7.8222,1.86856,1.04836,0.000853551,0.000853551,0.000853551
738,1811.18,6.33611,1.46421,1.08033,0.51332,0.24437,0.30806,0.11495,7.80888,1.87736,1.0486,0.000847825,0.000847825,0.000847825
739,1813.54,6.18228,1.4964,1.06759,0.51464,0.2441,0.30695,0.11522,7.81421,1.88034,1.04869,0.000842115,0.000842115,0.000842115
740,1816.05,6.70077,1.58395,1.07748,0.51505,0.24149,0.30573,0.11484,7.8011,1.8731,1.04807,0.000836422,0.000836422,0.000836422
741,1818.43,7.31328,1.72641,1.09276,0.51464,0.2419,0.30522,0.11507,7.8133,1.87488,1.04869,0.000830746,0.000830746,0.000830746
742,1821,6.32839,1.49389,1.08489,0.51615,0.24176,0.30525,0.11488,7.79442,1.8722,1.04804,0.000825086,0.000825086,0.000825086
743,1823.44,6.48459,1.54554,1.07542,0.51722,0.24239,0.30637,0.1151,7.7857,1.87102,1.04763,0.000819443,0.000819443,0.000819443
744,1825.91,6.79385,1.59092,1.05454,0.51739,0.23957,0.30698,0.11648,7.77126,1.86661,1.04772,0.000813817,0.000813817,0.000813817
745,1828.35,5.93197,1.42082,1.07547,0.52128,0.23888,0.30853,0.11661,7.75626,1.86476,1.04799,0.000808208,0.000808208,0.000808208
746,1830.81,6.44445,1.55933,1.07988,0.51966,0.24121,0.30875,0.11642,7.78883,1.86961,1.04896,0.000802616,0.000802616,0.000802616
747,1833.14,6.78447,1.6153,1.0548,0.52087,0.23957,0.30952,0.11686,7.78624,1.86909,1.04904,0.000797041,0.000797041,0.000797041
748,1835.69,6.69093,1.5823,1.07588,0.52471,0.23874,0.31018,0.11721,7.78947,1.86801,1.0484,0.000791482,0.000791482,0.000791482
749,1838.12,6.74649,1.57318,1.07013,0.52211,0.23792,0.30926,0.11719,7.78867,1.86851,1.04803,0.000785941,0.000785941,0.000785941
750,1840.66,7.10016,1.6962,1.07072,0.51717,0.2408,0.30812,0.1165,7.81615,1.8781,1.04797,0.000780417,0.000780417,0.000780417
751,1843.02,6.73532,1.5269,1.08178,0.51241,0.24231,0.30693,0.11651,7.80918,1.88057,1.04716,0.000774911,0.000774911,0.000774911
752,1845.46,6.97255,1.67407,1.07905,0.51523,0.24094,0.30573,0.11648,7.80688,1.8686,1.04646,0.000769421,0.000769421,0.000769421
753,1847.85,6.63678,1.51034,1.05634,0.51557,0.23915,0.30558,0.11569,7.80752,1.8593,1.04646,0.000763949,0.000763949,0.000763949
754,1850.28,7.1582,1.68305,1.06993,0.5196,0.23998,0.30817,0.11677,7.79804,1.85202,1.04663,0.000758494,0.000758494,0.000758494
755,1852.85,6.73347,1.5822,1.06796,0.52224,0.24041,0.30759,0.11635,7.802,1.84961,1.04643,0.000753057,0.000753057,0.000753057
756,1855.33,6.82091,1.58131,1.09178,0.52474,0.24259,0.30854,0.11575,7.82401,1.85976,1.04661,0.000747637,0.000747637,0.000747637
757,1857.64,6.61152,1.5496,1.06665,0.51925,0.24272,0.30635,0.11509,7.82177,1.86867,1.04693,0.000742235,0.000742235,0.000742235
758,1860.01,6.89938,1.65067,1.06975,0.52737,0.24357,0.31091,0.11592,7.81544,1.86907,1.0459,0.000736851,0.000736851,0.000736851
759,1862.4,6.69734,1.59245,1.05934,0.52972,0.24217,0.31245,0.11711,7.78395,1.86497,1.04547,0.000731484,0.000731484,0.000731484
760,1864.98,6.89046,1.60163,1.07358,0.52831,0.24094,0.31421,0.11878,7.76527,1.86976,1.04566,0.000726134,0.000726134,0.000726134
761,1867.34,6.70104,1.64996,1.09115,0.52966,0.24204,0.31361,0.11858,7.76344,1.86956,1.04561,0.000720803,0.000720803,0.000720803
762,1869.73,6.42211,1.5356,1.07709,0.53231,0.24025,0.31698,0.11931,7.74303,1.86494,1.04553,0.000715489,0.000715489,0.000715489
763,1872.24,6.36366,1.53878,1.08305,0.52988,0.23929,0.31661,0.12009,7.72762,1.86747,1.0455,0.000710193,0.000710193,0.000710193
764,1874.79,6.57446,1.53297,1.0752,0.53045,0.23984,0.31669,0.1207,7.71144,1.87174,1.04577,0.000704915,0.000704915,0.000704915
765,1877.32,6.49934,1.55499,1.07763,0.53054,0.24025,0.31738,0.12065,7.72693,1.87661,1.04654,0.000699655,0.000699655,0.000699655
766,1879.77,7.01965,1.6423,1.06464,0.53378,0.23778,0.31926,0.12182,7.73227,1.87439,1.0468,0.000694413,0.000694413,0.000694413
767,1882.29,6.37565,1.52735,1.10059,0.52952,0.23627,0.31707,0.12133,7.75231,1.87587,1.04708,0.000689189,0.000689189,0.000689189
768,1884.76,6.62996,1.54608,1.0709,0.53592,0.23806,0.3181,0.12156,7.74772,1.8708,1.04646,0.000683983,0.000683983,0.000683983
769,1887.15,6.77057,1.59422,1.05853,0.53178,0.24025,0.31675,0.12043,7.75672,1.87382,1.04651,0.000678796,0.000678796,0.000678796
770,1889.71,6.57578,1.59021,1.07423,0.52771,0.24084,0.31636,0.12028,7.76754,1.88076,1.04669,0.000673626,0.000673626,0.000673626
771,1892.13,6.08076,1.47789,1.07815,0.51877,0.24094,0.31377,0.11911,7.80509,1.88952,1.04723,0.000668475,0.000668475,0.000668475
772,1894.61,6.45902,1.54495,1.07111,0.52255,0.24206,0.31696,0.11968,7.8171,1.88645,1.04745,0.000663342,0.000663342,0.000663342
773,1897.01,6.46965,1.51216,1.0734,0.52007,0.24286,0.31649,0.11942,7.84114,1.89133,1.0482,0.000658228,0.000658228,0.000658228
774,1899.45,6.25332,1.49168,1.07323,0.51985,0.24139,0.31569,0.11981,7.81769,1.88203,1.04822,0.000653132,0.000653132,0.000653132
775,1901.97,6.66889,1.60215,1.08106,0.51947,0.24132,0.31459,0.1192,7.82653,1.88406,1.04827,0.000648054,0.000648054,0.000648054
776,1904.48,7.16493,1.74225,1.07071,0.51722,0.24259,0.31383,0.11885,7.82294,1.87618,1.0478,0.000642995,0.000642995,0.000642995
777,1906.93,6.90732,1.67712,1.08347,0.51546,0.24288,0.31391,0.11857,7.80833,1.87492,1.04739,0.000637955,0.000637955,0.000637955
778,1909.32,6.41754,1.529,1.06239,0.5122,0.243,0.31109,0.11774,7.80338,1.87443,1.04768,0.000632933,0.000632933,0.000632933
779,1911.75,6.22897,1.46255,1.05846,0.51812,0.24314,0.31256,0.11788,7.775,1.8687,1.04713,0.00062793,0.00062793,0.00062793
780,1914.17,6.89034,1.63673,1.09473,0.51745,0.24335,0.31234,0.11816,7.75892,1.87321,1.0462,0.000622945,0.000622945,0.000622945
781,1916.7,6.34667,1.49324,1.09037,0.51847,0.24465,0.31153,0.11761,7.75106,1.87294,1.04587,0.00061798,0.00061798,0.00061798
782,1919.15,6.95377,1.63314,1.06498,0.51876,0.24684,0.31102,0.11731,7.7409,1.86779,1.04527,0.000613033,0.000613033,0.000613033
783,1921.54,6.43732,1.5219,1.06908,0.52078,0.24533,0.31147,0.11759,7.73579,1.85905,1.045,0.000608105,0.000608105,0.000608105
784,1923.94,6.30672,1.50464,1.0711,0.52731,0.24121,0.3135,0.11843,7.73833,1.84767,1.04522,0.000603196,0.000603196,0.000603196
785,1926.32,6.61008,1.54659,1.0813,0.52476,0.24012,0.31267,0.1188,7.72742,1.84837,1.04528,0.000598306,0.000598306,0.000598306
786,1928.86,6.14989,1.48982,1.07969,0.5228,0.24291,0.31305,0.11904,7.69739,1.85299,1.04552,0.000593435,0.000593435,0.000593435
787,1931.31,6.77041,1.5743,1.09374,0.52043,0.24355,0.3132,0.11842,7.70039,1.85451,1.04557,0.000588583,0.000588583,0.000588583
788,1933.71,6.70623,1.5816,1.07076,0.51949,0.24355,0.3138,0.11881,7.71684,1.85892,1.04589,0.00058375,0.00058375,0.00058375
789,1936.1,6.50276,1.49678,1.08183,0.5184,0.24451,0.31537,0.11859,7.73208,1.86077,1.04585,0.000578936,0.000578936,0.000578936
790,1938.49,6.7735,1.58318,1.0794,0.52263,0.24327,0.31535,0.11902,7.76222,1.8655,1.046,0.000574142,0.000574142,0.000574142
791,1940.95,6.42444,1.49915,1.08037,0.5229,0.24204,0.31568,0.11932,7.76811,1.86856,1.04651,0.000569366,0.000569366,0.000569366
792,1943.48,6.31397,1.46752,1.07367,0.52537,0.24482,0.31686,0.11971,7.80793,1.87974,1.04821,0.00056461,0.00056461,0.00056461
793,1945.78,6.16671,1.48931,1.08616,0.52217,0.24465,0.31551,0.1193,7.83076,1.88458,1.0489,0.000559874,0.000559874,0.000559874
794,1948.16,6.60646,1.52447,1.0666,0.52385,0.24317,0.31534,0.1191,7.79907,1.87132,1.0481,0.000555157,0.000555157,0.000555157
795,1950.56,6.59796,1.60549,1.08278,0.52515,0.24176,0.31546,0.11943,7.77953,1.86881,1.04766,0.000550459,0.000550459,0.000550459
796,1953.15,6.62427,1.59415,1.07071,0.52329,0.24149,0.31434,0.11962,7.74589,1.86628,1.04673,0.00054578,0.00054578,0.00054578
797,1955.52,6.66489,1.57545,1.08099,0.52217,0.24231,0.31483,0.11982,7.7291,1.86532,1.04656,0.000541122,0.000541122,0.000541122
798,1957.98,7.00867,1.63747,1.07483,0.52286,0.24245,0.314,0.11948,7.70025,1.86365,1.04611,0.000536483,0.000536483,0.000536483
799,1960.38,6.1472,1.43455,1.08575,0.51923,0.24245,0.31318,0.11953,7.69421,1.86423,1.04599,0.000531863,0.000531863,0.000531863
800,1962.82,6.98386,1.63846,1.06818,0.52065,0.24149,0.31357,0.11956,7.70557,1.86636,1.04576,0.000527263,0.000527263,0.000527263
801,1965.33,6.29551,1.4778,1.06515,0.52139,0.2419,0.31371,0.11972,7.71398,1.86691,1.04616,0.000522683,0.000522683,0.000522683
802,1967.79,6.57766,1.54622,1.05993,0.52654,0.23984,0.31382,0.11943,7.71517,1.86546,1.04632,0.000518123,0.000518123,0.000518123
803,1970.22,6.39004,1.47488,1.07988,0.52542,0.2403,0.31303,0.11919,7.72144,1.86728,1.04649,0.000513582,0.000513582,0.000513582
804,1972.69,6.5325,1.55273,1.07275,0.5225,0.23998,0.31185,0.11879,7.73871,1.87221,1.0474,0.000509061,0.000509061,0.000509061
805,1975.05,6.20078,1.46246,1.08201,0.52306,0.24,0.31208,0.11868,7.73967,1.87145,1.04771,0.00050456,0.00050456,0.00050456
806,1977.61,6.78583,1.62275,1.08338,0.52461,0.23967,0.31288,0.11871,7.72848,1.86741,1.04758,0.000500079,0.000500079,0.000500079
807,1979.99,6.54412,1.56056,1.05888,0.5227,0.24094,0.3122,0.11869,7.72574,1.86903,1.04775,0.000495619,0.000495619,0.000495619
808,1982.47,6.7571,1.56403,1.07534,0.52034,0.24261,0.31258,0.11926,7.7402,1.87574,1.04765,0.000491178,0.000491178,0.000491178
809,1984.87,6.46607,1.52981,1.06287,0.52286,0.24286,0.31358,0.11902,7.721,1.87149,1.04705,0.000486757,0.000486757,0.000486757
810,1987.31,7.08554,1.66131,1.0769,0.52509,0.24176,0.31356,0.11896,7.70566,1.86707,1.04676,0.000482356,0.000482356,0.000482356
811,1989.73,6.20105,1.46822,1.07914,0.52663,0.23918,0.31408,0.11933,7.69226,1.86362,1.0465,0.000477976,0.000477976,0.000477976
812,1992.32,6.56696,1.54743,1.06338,0.53048,0.23943,0.31653,0.12062,7.68447,1.86717,1.04602,0.000473615,0.000473615,0.000473615
813,1994.67,6.75015,1.55814,1.08058,0.53215,0.24025,0.3177,0.12088,7.68025,1.86793,1.04583,0.000469275,0.000469275,0.000469275
814,1997.15,6.49517,1.54274,1.08646,0.53268,0.23984,0.3183,0.1211,7.67808,1.8703,1.04577,0.000464955,0.000464955,0.000464955
815,1999.48,6.59667,1.59537,1.09345,0.53031,0.23902,0.31696,0.12097,7.68228,1.87238,1.04574,0.000460656,0.000460656,0.000460656
816,2002.01,6.89336,1.59289,1.07537,0.52889,0.24066,0.31659,0.12091,7.70925,1.87149,1.0457,0.000456377,0.000456377,0.000456377
817,2004.48,6.87119,1.63981,1.0774,0.52993,0.24053,0.31719,0.12098,7.71748,1.86906,1.04561,0.000452118,0.000452118,0.000452118
818,2006.93,6.7457,1.54871,1.05829,0.52772,0.23888,0.31523,0.12043,7.73753,1.86825,1.04611,0.00044788,0.00044788,0.00044788
819,2009.31,6.92778,1.62514,1.07985,0.526,0.23847,0.31423,0.12006,7.74021,1.86982,1.04616,0.000443662,0.000443662,0.000443662
820,2011.71,6.49563,1.6014,1.08518,0.52157,0.24121,0.31263,0.11919,7.73776,1.86985,1.04619,0.000439465,0.000439465,0.000439465
821,2014.04,6.34592,1.42638,1.07865,0.52023,0.23998,0.31144,0.11904,7.74049,1.86796,1.04601,0.000435288,0.000435288,0.000435288
822,2016.61,6.24759,1.47161,1.0716,0.52265,0.23902,0.3114,0.11938,7.72001,1.86125,1.04532,0.000431132,0.000431132,0.000431132
823,2019.22,6.6389,1.55054,1.07692,0.52454,0.23929,0.31189,0.11961,7.69982,1.85782,1.04468,0.000426997,0.000426997,0.000426997
824,2021.61,6.30888,1.54144,1.08534,0.52681,0.23874,0.31307,0.12025,7.6943,1.8583,1.0444,0.000422883,0.000422883,0.000422883
825,2023.92,6.20073,1.5143,1.08598,0.52684,0.23969,0.31358,0.12065,7.69112,1.85896,1.04455,0.000418789,0.000418789,0.000418789
826,2026.34,6.55368,1.60846,1.06721,0.52529,0.24155,0.31482,0.12073,7.68782,1.85735,1.0447,0.000414716,0.000414716,0.000414716
827,2028.82,7.04988,1.6808,1.06724,0.52477,0.24121,0.31373,0.12064,7.68833,1.85595,1.04462,0.000410663,0.000410663,0.000410663
828,2031.24,6.5593,1.55255,1.06184,0.52177,0.24149,0.31311,0.12003,7.70113,1.85469,1.04466,0.000406632,0.000406632,0.000406632
829,2033.67,6.87203,1.64006,1.07328,0.51602,0.2419,0.3124,0.11977,7.72105,1.85969,1.04487,0.000402622,0.000402622,0.000402622
830,2036.09,6.68915,1.56367,1.05862,0.52149,0.24204,0.31272,0.11886,7.71977,1.85466,1.04447,0.000398632,0.000398632,0.000398632
831,2038.4,6.35912,1.45398,1.08344,0.52433,0.24217,0.3128,0.11899,7.71762,1.85305,1.04439,0.000394663,0.000394663,0.000394663
832,2040.83,6.59336,1.60344,1.0656,0.52162,0.24176,0.31273,0.11918,7.72392,1.85633,1.04473,0.000390716,0.000390716,0.000390716
833,2043.28,6.43472,1.53317,1.07565,0.52348,0.24108,0.31309,0.11929,7.73461,1.85874,1.04499,0.00038679,0.00038679,0.00038679
834,2045.64,6.17636,1.47426,1.07414,0.52513,0.24176,0.3149,0.11951,7.73486,1.85994,1.0452,0.000382884,0.000382884,0.000382884
835,2048,6.91903,1.64335,1.07774,0.52537,0.24108,0.31605,0.11995,7.72827,1.85787,1.045,0.000379,0.000379,0.000379
836,2050.44,6.28657,1.51441,1.08059,0.52424,0.24114,0.31453,0.11975,7.7196,1.85848,1.04468,0.000375137,0.000375137,0.000375137
837,2052.77,6.54191,1.523,1.06919,0.52666,0.24094,0.31468,0.11972,7.72321,1.8572,1.04465,0.000371295,0.000371295,0.000371295
838,2055.29,7.17104,1.69995,1.06853,0.52898,0.24121,0.3172,0.12035,7.75808,1.86281,1.0453,0.000367475,0.000367475,0.000367475
839,2057.63,6.21502,1.47052,1.09324,0.5279,0.24025,0.31673,0.12078,7.76727,1.86361,1.04545,0.000363675,0.000363675,0.000363675
840,2060.04,7.01477,1.69826,1.08021,0.53086,0.24188,0.31896,0.12109,7.78118,1.86946,1.0458,0.000359898,0.000359898,0.000359898
841,2062.43,6.70017,1.55892,1.06912,0.53313,0.24149,0.31991,0.12134,7.77837,1.86997,1.04566,0.000356141,0.000356141,0.000356141
842,2064.77,5.79475,1.44291,1.06422,0.53703,0.24149,0.32079,0.12157,7.75959,1.86644,1.04475,0.000352406,0.000352406,0.000352406
843,2067.19,6.43941,1.55856,1.0884,0.53725,0.24275,0.32184,0.12156,7.76531,1.86765,1.0445,0.000348692,0.000348692,0.000348692
844,2069.64,6.61975,1.58122,1.07215,0.53138,0.24114,0.31963,0.12123,7.75956,1.86363,1.04435,0.000345,0.000345,0.000345
845,2071.97,6.33738,1.48522,1.07816,0.52973,0.2419,0.31984,0.121,7.75817,1.86359,1.04434,0.000341329,0.000341329,0.000341329
846,2074.36,6.9421,1.64786,1.08814,0.52879,0.24259,0.31785,0.12056,7.75886,1.86207,1.04442,0.00033768,0.00033768,0.00033768
847,2076.85,6.96783,1.6775,1.06637,0.52782,0.24017,0.3164,0.12018,7.74634,1.86015,1.04429,0.000334053,0.000334053,0.000334053
848,2079.29,6.05105,1.46558,1.05731,0.52687,0.23874,0.31476,0.11982,7.7348,1.85739,1.04452,0.000330447,0.000330447,0.000330447
849,2081.76,6.55304,1.57219,1.06309,0.525,0.23861,0.31549,0.11975,7.72887,1.85574,1.04446,0.000326862,0.000326862,0.000326862
850,2084.09,6.47925,1.52932,1.06868,0.52338,0.2397,0.31519,0.11981,7.71697,1.85258,1.04444,0.0003233,0.0003233,0.0003233
851,2086.56,7.11693,1.6592,1.07446,0.52413,0.24073,0.31544,0.11998,7.71412,1.85142,1.04434,0.000319759,0.000319759,0.000319759
852,2089.04,6.41779,1.52695,1.0795,0.5224,0.24149,0.31703,0.12019,7.71444,1.85227,1.04407,0.00031624,0.00031624,0.00031624
853,2091.56,6.41359,1.54852,1.08038,0.52203,0.24245,0.31651,0.12025,7.72589,1.85422,1.04419,0.000312742,0.000312742,0.000312742
854,2094.02,6.29324,1.49268,1.07387,0.52334,0.24245,0.31657,0.12015,7.73505,1.8558,1.04447,0.000309267,0.000309267,0.000309267
855,2096.39,7.11925,1.69277,1.08402,0.52614,0.24191,0.31797,0.12057,7.73221,1.85414,1.04441,0.000305813,0.000305813,0.000305813
856,2098.79,6.56989,1.55645,1.06276,0.53013,0.23764,0.31853,0.12123,7.73182,1.85345,1.04439,0.000302382,0.000302382,0.000302382
857,2101.19,6.47353,1.48987,1.06662,0.53028,0.23915,0.31944,0.12132,7.73493,1.85512,1.04449,0.000298972,0.000298972,0.000298972
858,2103.77,6.6613,1.57193,1.07239,0.53145,0.23984,0.31936,0.12136,7.74799,1.86146,1.04538,0.000295584,0.000295584,0.000295584
859,2106.25,6.78818,1.61149,1.07116,0.52957,0.24053,0.31994,0.12152,7.74449,1.86266,1.04555,0.000292218,0.000292218,0.000292218
860,2108.76,6.85536,1.64384,1.06394,0.53189,0.24217,0.32157,0.12215,7.73815,1.86305,1.0454,0.000288875,0.000288875,0.000288875
861,2111.12,6.34052,1.50025,1.06738,0.53371,0.24286,0.32295,0.12233,7.73787,1.86074,1.04547,0.000285553,0.000285553,0.000285553
862,2113.57,6.45616,1.48887,1.07904,0.53352,0.24163,0.32316,0.12269,7.7464,1.86057,1.04556,0.000282253,0.000282253,0.000282253
863,2116.08,6.23323,1.45265,1.07503,0.53428,0.2416,0.32334,0.1229,7.74937,1.86196,1.04542,0.000278976,0.000278976,0.000278976
864,2118.5,6.03619,1.46945,1.07727,0.53473,0.24015,0.3239,0.12273,7.74164,1.86349,1.04526,0.000275721,0.000275721,0.000275721
865,2120.87,6.19012,1.50861,1.07902,0.53379,0.23998,0.32267,0.12228,7.73264,1.86289,1.04513,0.000272488,0.000272488,0.000272488
866,2123.3,6.64411,1.54051,1.06513,0.5275,0.23894,0.3199,0.12163,7.72062,1.85985,1.04467,0.000269277,0.000269277,0.000269277
867,2125.66,6.258,1.45154,1.07047,0.5248,0.2397,0.31921,0.12104,7.71564,1.85815,1.04445,0.000266088,0.000266088,0.000266088
868,2128.12,6.44907,1.54553,1.068,0.52815,0.23864,0.31935,0.12129,7.70629,1.85606,1.04383,0.000262922,0.000262922,0.000262922
869,2130.52,6.32586,1.48994,1.07817,0.52911,0.23957,0.31999,0.12168,7.70509,1.85621,1.04377,0.000259778,0.000259778,0.000259778
870,2132.87,6.17698,1.45728,1.07558,0.53254,0.2408,0.32048,0.12179,7.70481,1.85513,1.04354,0.000256657,0.000256657,0.000256657
871,2135.22,6.26906,1.46721,1.07387,0.53085,0.2419,0.3198,0.12169,7.70881,1.85528,1.0434,0.000253557,0.000253557,0.000253557
872,2137.73,6.52144,1.5742,1.0802,0.52943,0.24231,0.31945,0.1214,7.70999,1.85533,1.0433,0.000250481,0.000250481,0.000250481
873,2140.05,7.08617,1.66476,1.06124,0.52884,0.24272,0.31944,0.12161,7.7161,1.85658,1.04337,0.000247426,0.000247426,0.000247426
874,2142.56,6.10918,1.40815,1.0835,0.52645,0.2419,0.31929,0.12189,7.72303,1.85797,1.04321,0.000244394,0.000244394,0.000244394
875,2144.91,6.49072,1.54724,1.05804,0.52571,0.24163,0.31926,0.12178,7.72026,1.85628,1.04305,0.000241385,0.000241385,0.000241385
876,2147.34,5.77787,1.42947,1.06705,0.52613,0.24231,0.31905,0.1218,7.71653,1.8537,1.04304,0.000238398,0.000238398,0.000238398
877,2149.67,6.23389,1.47376,1.07039,0.52631,0.243,0.31965,0.12166,7.72158,1.85444,1.04324,0.000235434,0.000235434,0.000235434
878,2152.19,6.27052,1.44044,1.08096,0.5275,0.24293,0.31891,0.12139,7.71244,1.85649,1.04365,0.000232492,0.000232492,0.000232492
879,2154.7,6.78778,1.59694,1.0653,0.52418,0.24231,0.31838,0.12154,7.71441,1.85909,1.04418,0.000229573,0.000229573,0.000229573
880,2157.11,5.87455,1.36149,1.07142,0.52236,0.24176,0.31765,0.12175,7.70797,1.86083,1.04471,0.000226677,0.000226677,0.000226677
881,2159.46,7.00453,1.69435,1.09476,0.52115,0.2419,0.31754,0.12127,7.70826,1.86198,1.04488,0.000223803,0.000223803,0.000223803
882,2161.93,6.07816,1.42982,1.06645,0.52199,0.24259,0.3181,0.12116,7.71391,1.86471,1.04488,0.000220952,0.000220952,0.000220952
883,2164.25,6.63099,1.55521,1.05873,0.52362,0.24314,0.31806,0.12096,7.71283,1.86457,1.04486,0.000218124,0.000218124,0.000218124
884,2166.89,6.5145,1.50514,1.07592,0.52304,0.2419,0.31714,0.12077,7.71033,1.86378,1.04473,0.000215319,0.000215319,0.000215319
885,2169.34,6.37735,1.48682,1.07397,0.52217,0.24163,0.31717,0.1206,7.70959,1.86291,1.04462,0.000212536,0.000212536,0.000212536
886,2171.75,6.79454,1.64482,1.08103,0.5259,0.24272,0.31817,0.12091,7.71448,1.86083,1.04457,0.000209776,0.000209776,0.000209776
887,2174.07,6.42479,1.51868,1.07883,0.52746,0.24314,0.31959,0.12074,7.72033,1.85933,1.04456,0.000207039,0.000207039,0.000207039
888,2176.64,6.32802,1.49147,1.07107,0.52466,0.24204,0.31716,0.12052,7.71472,1.85715,1.04423,0.000204325,0.000204325,0.000204325
889,2179.03,6.61518,1.62642,1.06236,0.52463,0.24303,0.31808,0.12092,7.7111,1.85593,1.04413,0.000201634,0.000201634,0.000201634
890,2181.46,6.38806,1.52751,1.0883,0.5251,0.24327,0.3182,0.1213,7.71448,1.85666,1.04414,0.000198965,0.000198965,0.000198965
891,2183.89,6.44394,1.53664,1.06144,0.52193,0.24231,0.31657,0.12095,7.72425,1.85798,1.04436,0.00019632,0.00019632,0.00019632
892,2186.33,6.54216,1.61486,1.07509,0.52014,0.24256,0.31573,0.12068,7.72476,1.85797,1.04433,0.000193698,0.000193698,0.000193698
893,2188.71,6.6399,1.57738,1.08613,0.51929,0.24149,0.31464,0.12049,7.72031,1.8579,1.04431,0.000191098,0.000191098,0.000191098
894,2191.19,6.1169,1.50117,1.06851,0.51809,0.24176,0.31517,0.1208,7.72453,1.86035,1.04432,0.000188522,0.000188522,0.000188522
895,2193.5,6.70503,1.58005,1.0745,0.51891,0.24259,0.31566,0.12084,7.7249,1.8611,1.04422,0.000185969,0.000185969,0.000185969
896,2195.87,6.20394,1.58668,1.08084,0.51976,0.24314,0.31602,0.12074,7.73191,1.86358,1.04433,0.000183439,0.000183439,0.000183439
897,2198.3,6.83243,1.67348,1.06586,0.51932,0.24231,0.31626,0.12075,7.73529,1.86424,1.04431,0.000180932,0.000180932,0.000180932
898,2200.75,5.7627,1.38587,1.06996,0.5204,0.24355,0.31793,0.12095,7.73835,1.86419,1.04413,0.000178448,0.000178448,0.000178448
899,2203.19,6.41647,1.59577,1.07085,0.52288,0.24355,0.31914,0.12083,7.73616,1.86202,1.0437,0.000175987,0.000175987,0.000175987
900,2205.61,6.8393,1.67918,1.07571,0.52458,0.24396,0.31956,0.12085,7.7356,1.86103,1.04332,0.000173549,0.000173549,0.000173549
901,2207.93,6.49324,1.52101,1.0904,0.52504,0.24465,0.32023,0.121,7.73449,1.86218,1.04322,0.000171135,0.000171135,0.000171135
902,2210.38,6.66776,1.61666,1.0776,0.52303,0.24493,0.31907,0.12044,7.73374,1.86533,1.04324,0.000168744,0.000168744,0.000168744
903,2212.8,6.90846,1.6492,1.07725,0.52362,0.24478,0.31968,0.12077,7.73317,1.86617,1.04337,0.000166376,0.000166376,0.000166376
904,2215.29,6.38419,1.51127,1.0733,0.5238,0.24434,0.31797,0.12086,7.73535,1.8679,1.04383,0.000164032,0.000164032,0.000164032
905,2217.63,6.41801,1.5712,1.07496,0.52244,0.24423,0.31763,0.12083,7.73446,1.86795,1.04404,0.00016171,0.00016171,0.00016171
906,2220.04,6.47966,1.52817,1.05654,0.52134,0.2441,0.31713,0.1209,7.73064,1.86726,1.04422,0.000159412,0.000159412,0.000159412
907,2222.4,5.99933,1.49299,1.06477,0.52261,0.24314,0.31745,0.12117,7.72536,1.86489,1.04414,0.000157138,0.000157138,0.000157138
908,2224.83,6.95284,1.65933,1.08263,0.52241,0.24355,0.31737,0.12088,7.72815,1.86312,1.04434,0.000154886,0.000154886,0.000154886
909,2227.33,6.09449,1.46583,1.0807,0.52232,0.24286,0.31715,0.12075,7.73237,1.862,1.04428,0.000152659,0.000152659,0.000152659
910,2229.75,6.50437,1.55048,1.08148,0.52225,0.24382,0.31653,0.12002,7.75019,1.86323,1.04409,0.000150454,0.000150454,0.000150454
911,2232.1,6.71468,1.55375,1.06275,0.52693,0.24604,0.31812,0.12034,7.75789,1.86389,1.04395,0.000148273,0.000148273,0.000148273
912,2234.57,6.64833,1.59371,1.05574,0.52646,0.24602,0.31868,0.11991,7.7656,1.86393,1.04375,0.000146116,0.000146116,0.000146116
913,2236.97,6.2263,1.49011,1.07687,0.52542,0.24532,0.31795,0.1198,7.76082,1.86294,1.04364,0.000143982,0.000143982,0.000143982
914,2239.56,6.6985,1.57105,1.0765,0.52373,0.24272,0.31706,0.11975,7.75296,1.86197,1.04366,0.000141871,0.000141871,0.000141871
915,2241.94,6.9524,1.61313,1.07241,0.52208,0.243,0.31705,0.11997,7.75092,1.86259,1.04377,0.000139784,0.000139784,0.000139784
916,2244.46,6.4523,1.51703,1.0503,0.52192,0.24341,0.3171,0.1199,7.74213,1.8627,1.04386,0.00013772,0.00013772,0.00013772
917,2246.78,6.14217,1.4704,1.07096,0.52195,0.24328,0.31777,0.1202,7.74351,1.86383,1.044,0.00013568,0.00013568,0.00013568
918,2249.25,6.4651,1.55765,1.07182,0.52148,0.24272,0.31732,0.12051,7.7479,1.86621,1.0442,0.000133664,0.000133664,0.000133664
919,2251.62,6.44334,1.51373,1.06574,0.5201,0.2419,0.31644,0.12048,7.74919,1.86638,1.04433,0.000131671,0.000131671,0.000131671
920,2254.12,6.47554,1.529,1.07468,0.52147,0.24217,0.31707,0.12054,7.74832,1.86715,1.0445,0.000129702,0.000129702,0.000129702
921,2256.44,6.19915,1.4625,1.07722,0.51965,0.24163,0.31627,0.12055,7.74963,1.86798,1.04467,0.000127757,0.000127757,0.000127757
922,2258.89,6.16885,1.45823,1.0875,0.52286,0.24251,0.31795,0.12097,7.7435,1.86637,1.04463,0.000125835,0.000125835,0.000125835
923,2261.24,6.90551,1.64221,1.08318,0.5228,0.24176,0.31819,0.12132,7.74395,1.86645,1.04468,0.000123937,0.000123937,0.000123937
924,2263.7,6.27066,1.47272,1.06321,0.52464,0.24327,0.31932,0.1213,7.74302,1.86597,1.04488,0.000122062,0.000122062,0.000122062
925,2266.04,6.67464,1.5797,1.05632,0.52541,0.24355,0.3197,0.12135,7.74346,1.86538,1.0449,0.000120211,0.000120211,0.000120211
926,2268.4,6.47681,1.52535,1.07115,0.52689,0.24547,0.32031,0.12132,7.7429,1.86524,1.04482,0.000118384,0.000118384,0.000118384
927,2270.72,6.53158,1.56086,1.06683,0.5253,0.24574,0.31979,0.1213,7.74472,1.86603,1.04475,0.000116581,0.000116581,0.000116581
928,2273.22,6.0576,1.5185,1.08025,0.52534,0.24519,0.31924,0.12087,7.74506,1.86606,1.04464,0.000114802,0.000114802,0.000114802
929,2275.87,6.7102,1.56888,1.06158,0.52558,0.24519,0.31933,0.12096,7.74343,1.86586,1.04458,0.000113046,0.000113046,0.000113046
930,2278.28,6.51719,1.56706,1.08008,0.52396,0.24449,0.31825,0.12079,7.74173,1.8654,1.04456,0.000111314,0.000111314,0.000111314
931,2280.67,6.22044,1.49672,1.06856,0.5208,0.24314,0.31729,0.12042,7.74206,1.86542,1.04459,0.000109606,0.000109606,0.000109606
932,2283.06,6.32069,1.51594,1.07829,0.5194,0.24204,0.31626,0.12014,7.7437,1.86469,1.0447,0.000107922,0.000107922,0.000107922
933,2285.39,6.18201,1.44171,1.0811,0.52109,0.24154,0.31603,0.12003,7.74607,1.86325,1.04471,0.000106261,0.000106261,0.000106261
934,2287.96,6.45423,1.58664,1.06164,0.52121,0.23912,0.31529,0.11984,7.74947,1.86121,1.04472,0.000104625,0.000104625,0.000104625
935,2290.28,6.23483,1.48339,1.06111,0.52134,0.2388,0.31524,0.11994,7.74863,1.86031,1.04467,0.000103012,0.000103012,0.000103012
936,2292.68,6.68783,1.6415,1.07319,0.5233,0.23957,0.31785,0.12035,7.74649,1.85917,1.04479,0.000101424,0.000101424,0.000101424
937,2295,6.65725,1.55926,1.05449,0.52337,0.23957,0.31784,0.1206,7.74452,1.85931,1.04483,9.98587e-05,9.98587e-05,9.98587e-05
938,2297.37,6.10758,1.47868,1.06929,0.52549,0.23998,0.31815,0.12078,7.73574,1.85828,1.04445,9.83179e-05,9.83179e-05,9.83179e-05
939,2299.9,6.41798,1.5045,1.05866,0.52604,0.24012,0.31823,0.12105,7.73004,1.85758,1.04418,9.6801e-05,9.6801e-05,9.6801e-05
940,2302.4,6.4601,1.54163,1.06776,0.52564,0.24012,0.31796,0.12131,7.72325,1.85803,1.04384,9.5308e-05,9.5308e-05,9.5308e-05
941,2304.79,6.51958,1.52833,1.08339,0.52621,0.24039,0.31792,0.12129,7.72075,1.85862,1.04367,9.38391e-05,9.38391e-05,9.38391e-05
942,2307.2,6.57608,1.57298,1.06132,0.52691,0.24143,0.31848,0.12174,7.72106,1.86027,1.04359,9.23941e-05,9.23941e-05,9.23941e-05
943,2309.57,6.79086,1.61292,1.06636,0.52593,0.2414,0.31815,0.12149,7.72281,1.86125,1.04355,9.09731e-05,9.09731e-05,9.09731e-05
944,2311.97,6.48502,1.57041,1.0676,0.52398,0.24053,0.31782,0.12128,7.72933,1.8647,1.04362,8.95762e-05,8.95762e-05,8.95762e-05
945,2314.46,6.19999,1.42717,1.06627,0.52264,0.24135,0.31772,0.12124,7.7312,1.86653,1.04361,8.82033e-05,8.82033e-05,8.82033e-05
946,2316.97,6.3166,1.50733,1.0665,0.52275,0.24256,0.31756,0.12095,7.73216,1.8697,1.04363,8.68544e-05,8.68544e-05,8.68544e-05
947,2319.33,6.20077,1.49427,1.06841,0.52272,0.24314,0.31783,0.12074,7.73165,1.87095,1.04361,8.55296e-05,8.55296e-05,8.55296e-05
948,2321.7,6.49743,1.4882,1.05936,0.52167,0.24225,0.31722,0.12086,7.7259,1.87155,1.04342,8.42289e-05,8.42289e-05,8.42289e-05
949,2324.07,6.41547,1.51195,1.06537,0.52237,0.24217,0.31703,0.12066,7.72409,1.8712,1.04338,8.29523e-05,8.29523e-05,8.29523e-05
950,2326.62,6.10008,1.46006,1.06472,0.52285,0.24314,0.31829,0.1208,7.72168,1.8698,1.04341,8.16998e-05,8.16998e-05,8.16998e-05
951,2328.98,6.10781,1.43727,1.06329,0.52365,0.24355,0.31801,0.12073,7.7218,1.86823,1.04341,8.04714e-05,8.04714e-05,8.04714e-05
952,2331.36,6.27469,1.49381,1.07713,0.5259,0.2432,0.31795,0.12074,7.72199,1.86695,1.04346,7.92671e-05,7.92671e-05,7.92671e-05
953,2333.7,6.11773,1.47779,1.09318,0.52454,0.24272,0.31777,0.1208,7.72581,1.86646,1.04364,7.80869e-05,7.80869e-05,7.80869e-05
954,2336.12,6.72851,1.60919,1.09321,0.52477,0.24195,0.31794,0.12083,7.73022,1.86491,1.04364,7.69309e-05,7.69309e-05,7.69309e-05
955,2338.59,5.93943,1.4485,1.07222,0.52321,0.24245,0.31777,0.1205,7.7305,1.8641,1.04364,7.57991e-05,7.57991e-05,7.57991e-05
956,2340.99,5.7,1.39425,1.05985,0.52341,0.24121,0.31688,0.12048,7.7266,1.86232,1.04364,7.46914e-05,7.46914e-05,7.46914e-05
957,2343.34,6.38649,1.52712,1.06003,0.52391,0.2419,0.31747,0.12065,7.72407,1.86156,1.04361,7.3608e-05,7.3608e-05,7.3608e-05
958,2345.8,6.0722,1.43663,1.06869,0.52445,0.24204,0.31806,0.12062,7.71783,1.86059,1.04356,7.25487e-05,7.25487e-05,7.25487e-05
959,2348.18,6.37829,1.49617,1.07646,0.52287,0.24135,0.31683,0.1205,7.71484,1.8601,1.04347,7.15136e-05,7.15136e-05,7.15136e-05
960,2350.76,6.50753,1.54903,1.07165,0.52206,0.24149,0.31682,0.12049,7.71572,1.85994,1.04351,7.05028e-05,7.05028e-05,7.05028e-05
961,2353.11,6.84667,1.64158,1.07249,0.52123,0.24121,0.31598,0.12052,7.71833,1.85991,1.04363,6.95161e-05,6.95161e-05,6.95161e-05
962,2355.55,6.64227,1.53701,1.0646,0.52272,0.24231,0.31683,0.12024,7.72593,1.86145,1.04379,6.85537e-05,6.85537e-05,6.85537e-05
963,2357.89,5.98933,1.448,1.06688,0.52165,0.24217,0.3166,0.12026,7.72987,1.86154,1.04391,6.76156e-05,6.76156e-05,6.76156e-05
