epoch,time,train/box_loss,train/cls_loss,train/dfl_loss,metrics/precision(B),metrics/recall(B),metrics/mAP50(B),metrics/mAP50-95(B),val/box_loss,val/cls_loss,val/dfl_loss,lr/pg0,lr/pg1,lr/pg2
1,5.36616,2.50856,3.72239,1.27714,0.05425,0.08841,0.02957,0.01274,2.58529,4.41712,1.15677,0.04755,5e-05,5e-05
2,9.62507,2.40144,3.37787,1.15599,0.37176,0.36862,0.2881,0.10268,2.69951,3.87341,0.97742,0.04461,0.00011,0.00011
3,14.1865,1.81809,1.51821,0.95546,0.24767,0.3089,0.18468,0.05806,2.90299,3.39022,0.99812,0.04167,0.000169997,0.000169997
4,18.4408,1.77237,1.3228,0.92814,0.34416,0.36752,0.27118,0.08947,2.78755,3.24535,1.00832,0.03873,0.000229992,0.000229992
5,22.6208,2.01168,1.46479,0.92814,0.16734,0.23462,0.10776,0.0309,3.19899,3.43667,1.02675,0.03579,0.000289982,0.000289982
6,26.805,1.74978,1.30102,0.94106,0.2826,0.31919,0.19583,0.06047,2.82967,2.97858,0.98191,0.03285,0.000349967,0.000349967
7,31.0533,1.83247,1.24388,0.92944,0.31133,0.35228,0.2316,0.06995,2.72126,2.34197,0.95947,0.0299099,0.000409944,0.000409944
8,35.2539,1.72471,1.31019,0.9369,0.45053,0.46897,0.39345,0.14087,2.21285,1.59977,0.9093,0.0269699,0.000469912,0.000469912
9,39.6293,1.70057,1.20711,0.93612,0.58247,0.48462,0.51303,0.20995,2.00103,1.71386,0.8906,0.0240299,0.000529871,0.000529871
10,43.8203,1.79692,1.24229,0.92609,0.44911,0.37589,0.36328,0.12285,2.43438,1.59886,0.92432,0.0210898,0.000589818,0.000589818
11,47.7743,1.83994,1.30874,0.93088,0.50831,0.47158,0.44294,0.17388,2.0624,1.40837,0.8942,0.0181498,0.000649752,0.000649752
12,51.8529,1.79284,1.22662,0.91273,0.52479,0.48409,0.4683,0.19212,1.95602,1.42537,0.88471,0.0152097,0.000709672,0.000709672
13,56.0231,1.69714,1.2425,0.92467,0.51025,0.45909,0.4465,0.16259,2.16441,1.41152,0.89572,0.0122696,0.000769577,0.000769577
14,59.9946,1.646,1.21626,0.942,0.47805,0.42545,0.39882,0.15724,2.07228,1.53033,0.89248,0.00932946,0.000829465,0.000829465
15,63.9261,1.77137,1.19475,0.92459,0.42902,0.35983,0.34679,0.11481,2.35664,1.94159,0.91216,0.00638933,0.000889334,0.000889334
16,67.9383,1.85391,1.28085,0.91554,0.64422,0.51332,0.5728,0.23771,1.89209,1.28544,0.87641,0.00344918,0.000949184,0.000949184
17,72.0545,1.79842,1.29539,0.92885,0.64844,0.51277,0.57295,0.2505,1.84329,1.24691,0.87389,0.000999023,0.000999023,0.000999023
18,76.2487,1.63799,1.13643,0.90203,0.56165,0.45634,0.47387,0.18438,2.02289,1.42165,0.87947,0.000998897,0.000998897,0.000998897
19,80.2093,1.77017,1.24327,0.90545,0.65597,0.4871,0.55615,0.22969,1.92587,1.23977,0.87367,0.000998764,0.000998764,0.000998764
20,84.2492,1.93709,1.44504,0.88685,0.68996,0.52499,0.59395,0.25249,1.8693,1.60215,0.87085,0.000998623,0.000998623,0.000998623
21,88.3398,1.75648,1.26619,0.90925,0.65329,0.51414,0.57018,0.23512,1.95607,1.33108,0.87585,0.000998474,0.000998474,0.000998474
22,92.2381,1.72582,1.19738,0.91003,0.6169,0.50837,0.56288,0.24076,1.90869,1.19639,0.87493,0.000998318,0.000998318,0.000998318
23,96.2174,1.76773,1.19644,0.90302,0.6584,0.51442,0.58283,0.27084,1.77656,1.13832,0.86902,0.000998154,0.000998154,0.000998154
24,100.458,1.63882,1.07473,0.92508,0.45294,0.33122,0.33171,0.11049,2.46691,1.70252,0.91017,0.000997982,0.000997982,0.000997982
25,104.264,1.69664,1.15229,0.87664,0.49257,0.39745,0.39944,0.13296,2.40463,1.4728,0.90537,0.000997803,0.000997803,0.000997803
26,108.218,1.74981,1.15905,0.89541,0.61211,0.52348,0.56398,0.25026,1.80998,1.21574,0.86279,0.000997616,0.000997616,0.000997616
27,112.076,1.74081,1.14617,0.89564,0.48315,0.44097,0.4033,0.16059,2.12005,1.33263,0.87685,0.000997422,0.000997422,0.000997422
28,116.154,1.73268,1.1657,0.87481,0.63566,0.48284,0.55556,0.22488,2.03664,1.32543,0.87896,0.00099722,0.00099722,0.00099722
29,119.974,1.71566,1.19527,0.90239,0.61847,0.4887,0.55379,0.23488,1.97621,1.2538,0.87846,0.000997011,0.000997011,0.000997011
30,123.907,1.57189,1.07077,0.89907,0.55311,0.46444,0.49306,0.18665,2.17286,1.26893,0.88543,0.000996794,0.000996794,0.000996794
31,127.782,1.70004,1.14114,0.90013,0.68173,0.53432,0.60577,0.26646,1.85437,1.16095,0.86792,0.000996569,0.000996569,0.000996569
32,131.905,1.80177,1.22559,0.86411,0.66024,0.52343,0.58852,0.23949,1.9462,1.16671,0.87559,0.000996337,0.000996337,0.000996337
33,135.901,1.67436,1.17079,0.92349,0.66949,0.51919,0.59782,0.26592,1.84581,1.14894,0.8661,0.000996097,0.000996097,0.000996097
34,139.798,1.53543,1.04527,0.88175,0.69101,0.54251,0.62281,0.29464,1.72846,1.08449,0.86076,0.000995849,0.000995849,0.000995849
35,143.885,1.61805,1.07771,0.88987,0.70838,0.54929,0.63293,0.30595,1.68733,1.05797,0.85882,0.000995594,0.000995594,0.000995594
36,148.265,1.50206,1.03158,0.88915,0.64806,0.50484,0.57203,0.22993,1.91145,1.15697,0.86884,0.000995332,0.000995332,0.000995332
37,152.083,1.56091,1.11297,0.90649,0.63029,0.51023,0.56705,0.23896,1.89075,1.15074,0.86719,0.000995062,0.000995062,0.000995062
38,156.127,1.7433,1.12874,0.90145,0.53296,0.49944,0.48506,0.18368,2.11072,1.29935,0.88452,0.000994784,0.000994784,0.000994784
39,160.073,1.5158,1.04939,0.88912,0.59259,0.52361,0.5524,0.22892,1.95709,1.19551,0.87422,0.000994499,0.000994499,0.000994499
40,164.022,1.61276,1.13946,0.88475,0.62106,0.53858,0.57994,0.236,1.93358,1.18864,0.86888,0.000994206,0.000994206,0.000994206
41,167.876,1.47418,1.04954,0.8837,0.56036,0.49657,0.5082,0.1809,2.10859,1.28217,0.88485,0.000993906,0.000993906,0.000993906
42,171.84,1.53926,1.06845,0.90651,0.62935,0.55409,0.59956,0.25943,1.86752,1.14695,0.87212,0.000993598,0.000993598,0.000993598
43,175.818,1.62263,1.08738,0.8893,0.63032,0.56727,0.60816,0.27446,1.78247,1.08617,0.86329,0.000993282,0.000993282,0.000993282
44,179.945,1.62973,1.03962,0.87578,0.66672,0.5751,0.63382,0.31016,1.65264,1.03067,0.85501,0.00099296,0.00099296,0.00099296
45,184.076,1.61048,1.07878,0.87809,0.71168,0.57359,0.64611,0.31338,1.67855,1.04926,0.86093,0.000992629,0.000992629,0.000992629
46,188.508,1.57211,1.05297,0.90239,0.70909,0.57619,0.64768,0.31372,1.64924,1.0181,0.85502,0.000992291,0.000992291,0.000992291
47,192.431,1.63499,1.05363,0.88039,0.72306,0.56311,0.64846,0.32161,1.62661,1.01147,0.85503,0.000991946,0.000991946,0.000991946
48,196.853,1.62591,1.08512,0.90946,0.66102,0.55903,0.61863,0.28753,1.82373,1.2189,0.8726,0.000991593,0.000991593,0.000991593
49,200.648,1.61234,1.05867,0.87539,0.65637,0.56576,0.62269,0.3077,1.73601,1.22239,0.86381,0.000991232,0.000991232,0.000991232
50,204.963,1.58399,1.04966,0.88797,0.60063,0.52004,0.56315,0.24314,1.855,1.27706,0.86786,0.000990864,0.000990864,0.000990864
51,208.895,1.55256,1.03997,0.87418,0.68632,0.55272,0.63089,0.29155,1.75921,1.15726,0.86198,0.000990489,0.000990489,0.000990489
52,212.894,1.57917,1.04623,0.88714,0.68382,0.54157,0.62228,0.29052,1.83138,1.30919,0.87106,0.000990106,0.000990106,0.000990106
53,216.757,1.62808,1.07101,0.8727,0.70157,0.52027,0.61617,0.29762,1.82567,1.44161,0.87503,0.000989715,0.000989715,0.000989715
54,220.737,1.59952,1.09194,0.91833,0.64799,0.51798,0.58889,0.2519,1.86676,1.39257,0.87171,0.000989317,0.000989317,0.000989317
55,224.685,1.77754,1.1573,0.92735,0.68745,0.53556,0.61853,0.27922,1.77209,1.24992,0.8645,0.000988912,0.000988912,0.000988912
56,228.808,1.57231,1.05267,0.90507,0.72747,0.57249,0.65621,0.32206,1.66043,1.05082,0.85247,0.000988499,0.000988499,0.000988499
57,232.868,1.60858,1.0566,0.8746,0.69405,0.53226,0.62253,0.2969,1.74128,1.08352,0.85939,0.000988079,0.000988079,0.000988079
58,236.923,1.6622,1.09211,0.87811,0.71696,0.56274,0.64559,0.32499,1.61437,1.00656,0.85545,0.000987651,0.000987651,0.000987651
59,241.008,1.62548,1.06633,0.87826,0.7093,0.56813,0.64508,0.32468,1.60616,0.99363,0.85512,0.000987216,0.000987216,0.000987216
60,244.94,1.58564,1.10461,0.90651,0.69689,0.54778,0.62349,0.26877,1.86717,1.14124,0.86405,0.000986773,0.000986773,0.000986773
61,248.983,1.66509,1.08497,0.88443,0.72081,0.56925,0.6531,0.32083,1.647,1.04115,0.85301,0.000986323,0.000986323,0.000986323
62,252.885,1.67793,1.07708,0.87876,0.69528,0.56227,0.6404,0.30954,1.66905,1.05064,0.85214,0.000985866,0.000985866,0.000985866
63,256.736,1.50262,1.02011,0.89029,0.70119,0.56474,0.6431,0.30707,1.68096,1.02748,0.85042,0.000985401,0.000985401,0.000985401
64,260.685,1.55437,1.0369,0.88288,0.70644,0.57849,0.65189,0.30953,1.68073,1.05733,0.85484,0.000984928,0.000984928,0.000984928
65,264.665,1.67795,1.13269,0.89833,0.70962,0.58174,0.66,0.3236,1.64076,1.00931,0.85229,0.000984449,0.000984449,0.000984449
66,268.867,1.50785,1.02078,0.88734,0.70615,0.56439,0.65056,0.33018,1.60556,1.00704,0.85108,0.000983962,0.000983962,0.000983962
67,272.864,1.52166,0.99902,0.87453,0.69837,0.55725,0.63879,0.29726,1.72403,1.0481,0.85457,0.000983467,0.000983467,0.000983467
68,276.888,1.56047,1.05404,0.90517,0.69115,0.54215,0.62464,0.2934,1.72539,1.06624,0.85498,0.000982965,0.000982965,0.000982965
69,280.853,1.60941,1.06917,0.87604,0.74351,0.56507,0.66074,0.33088,1.61067,1.00016,0.84702,0.000982456,0.000982456,0.000982456
70,285.027,1.58364,1.03992,0.87683,0.7075,0.55555,0.64029,0.30284,1.71784,1.02733,0.85115,0.000981939,0.000981939,0.000981939
71,288.871,1.59308,1.0269,0.8715,0.70416,0.55794,0.64228,0.3116,1.67713,1.00995,0.85268,0.000981415,0.000981415,0.000981415
72,292.958,1.75431,1.08099,0.87234,0.70325,0.55574,0.64286,0.31419,1.6673,1.02654,0.85314,0.000980884,0.000980884,0.000980884
73,296.967,1.57849,1.0264,0.8846,0.71075,0.58141,0.6614,0.3199,1.66651,1.02136,0.85414,0.000980345,0.000980345,0.000980345
74,300.853,1.44511,0.99286,0.86839,0.75077,0.56727,0.65932,0.31882,1.63409,1.03903,0.85294,0.000979799,0.000979799,0.000979799
75,304.74,1.47708,0.98257,0.8604,0.7292,0.56837,0.65638,0.32007,1.61223,1.03397,0.84938,0.000979246,0.000979246,0.000979246
76,308.721,1.55097,1.01183,0.88616,0.73598,0.57867,0.66909,0.3358,1.58951,0.99882,0.84533,0.000978685,0.000978685,0.000978685
77,312.689,1.62485,1.06465,0.8651,0.73434,0.55821,0.655,0.31313,1.67867,1.01648,0.84915,0.000978118,0.000978118,0.000978118
78,316.762,1.55299,1.03008,0.87318,0.75575,0.57276,0.66514,0.336,1.56855,0.96441,0.84757,0.000977542,0.000977542,0.000977542
79,320.905,1.62743,1.06423,0.88777,0.73801,0.58004,0.66926,0.32916,1.60015,0.98524,0.84885,0.00097696,0.00097696,0.00097696
80,325.037,1.48622,1.01762,0.90595,0.74037,0.574,0.66398,0.33591,1.61059,1.01031,0.84857,0.00097637,0.00097637,0.00097637
81,328.978,1.63563,1.05554,0.88378,0.73839,0.5789,0.66675,0.33296,1.62399,1.01633,0.84891,0.000975773,0.000975773,0.000975773
82,333.033,1.58522,1.04907,0.87774,0.71376,0.55836,0.64227,0.30864,1.67682,1.05295,0.85044,0.000975169,0.000975169,0.000975169
83,337.116,1.69374,1.06611,0.88066,0.73632,0.58375,0.66812,0.33762,1.58782,1.01017,0.84803,0.000974557,0.000974557,0.000974557
84,341.343,1.61088,1.03109,0.86498,0.72162,0.56974,0.65531,0.32141,1.64298,1.01317,0.84773,0.000973938,0.000973938,0.000973938
85,345.267,1.49159,0.96877,0.85914,0.70391,0.57661,0.6525,0.31484,1.66681,1.01988,0.84937,0.000973312,0.000973312,0.000973312
86,349.202,1.41588,0.95839,0.8759,0.71035,0.58652,0.6595,0.329,1.60733,0.99652,0.84886,0.000972679,0.000972679,0.000972679
87,353.084,1.52111,1.00028,0.86639,0.679,0.57731,0.61111,0.28492,1.66825,1.30628,0.85119,0.000972039,0.000972039,0.000972039
88,357.344,1.52151,1.01709,0.87084,0.69286,0.59245,0.61244,0.30387,1.58229,1.40304,0.84594,0.000971391,0.000971391,0.000971391
89,361.372,1.49622,0.99651,0.89059,0.67273,0.588,0.59048,0.29365,1.59236,1.37647,0.84708,0.000970736,0.000970736,0.000970736
90,365.419,1.54981,1.01768,0.87901,0.71286,0.59267,0.63676,0.32094,1.56787,1.09899,0.84582,0.000970074,0.000970074,0.000970074
91,369.287,1.56951,1.00963,0.88746,0.73025,0.58951,0.66781,0.33406,1.5845,0.99162,0.84412,0.000969405,0.000969405,0.000969405
92,373.331,1.49088,1.01969,0.88453,0.74838,0.57409,0.67188,0.3341,1.59584,0.98178,0.84759,0.000968728,0.000968728,0.000968728
93,377.181,1.57959,1.02282,0.88539,0.75362,0.57826,0.67561,0.34707,1.54987,0.95543,0.84671,0.000968045,0.000968045,0.000968045
94,381.464,1.61715,1.04566,0.89359,0.72266,0.57482,0.66407,0.32638,1.63258,1.01041,0.84961,0.000967354,0.000967354,0.000967354
95,385.46,1.51922,0.99387,0.87055,0.76784,0.57757,0.67526,0.35249,1.52836,0.96261,0.84572,0.000966656,0.000966656,0.000966656
96,389.643,1.47511,0.98234,0.87238,0.74491,0.58114,0.6709,0.32753,1.59932,0.99926,0.84561,0.000965951,0.000965951,0.000965951
97,393.607,1.60553,1.01172,0.8748,0.74681,0.58937,0.67827,0.34348,1.55549,0.98821,0.84315,0.000965239,0.000965239,0.000965239
98,397.599,1.55206,1.0019,0.87848,0.72259,0.57139,0.66049,0.3256,1.63579,0.99131,0.84681,0.00096452,0.00096452,0.00096452
99,401.646,1.40918,0.9497,0.86588,0.72358,0.58614,0.66791,0.34053,1.59105,0.96863,0.84651,0.000963794,0.000963794,0.000963794
100,405.64,1.61942,1.02494,0.86472,0.76042,0.58622,0.6778,0.3425,1.57147,0.98553,0.8458,0.000963061,0.000963061,0.000963061
101,409.571,1.46144,0.96844,0.86022,0.70922,0.58526,0.66365,0.31168,1.66668,1.01011,0.85096,0.00096232,0.00096232,0.00096232
102,413.535,1.47617,0.96843,0.85988,0.76555,0.57976,0.6768,0.34135,1.57851,0.98863,0.84831,0.000961573,0.000961573,0.000961573
103,417.499,1.45172,0.98496,0.87705,0.74526,0.58439,0.67319,0.3522,1.53676,0.97116,0.84597,0.000960819,0.000960819,0.000960819
104,421.607,1.61404,1.00137,0.85287,0.7438,0.58272,0.67827,0.3383,1.5839,0.9782,0.84499,0.000960057,0.000960057,0.000960057
105,425.569,1.62134,1.07514,0.8861,0.76528,0.58951,0.6885,0.35208,1.55978,0.9553,0.84501,0.000959289,0.000959289,0.000959289
106,429.564,1.50752,0.9811,0.87201,0.74321,0.59143,0.68042,0.33842,1.58619,1.01244,0.84606,0.000958513,0.000958513,0.000958513
107,433.415,1.54907,1.0188,0.88229,0.73979,0.58508,0.67355,0.34061,1.56364,0.98817,0.84442,0.000957731,0.000957731,0.000957731
108,437.377,1.46481,0.97006,0.85366,0.72221,0.60159,0.68354,0.34542,1.59147,0.96141,0.84622,0.000956941,0.000956941,0.000956941
109,441.312,1.47745,0.95563,0.85817,0.74986,0.59922,0.69109,0.35923,1.55173,0.94821,0.84428,0.000956145,0.000956145,0.000956145
110,445.542,1.4411,0.96966,0.86577,0.77141,0.59301,0.68815,0.36209,1.50549,0.94356,0.84238,0.000955341,0.000955341,0.000955341
111,449.729,1.48996,0.95966,0.86775,0.76618,0.58855,0.68407,0.34994,1.5439,0.9707,0.84249,0.000954531,0.000954531,0.000954531
112,453.691,1.47868,0.98189,0.87891,0.77194,0.59666,0.69337,0.36079,1.5212,0.95861,0.84203,0.000953714,0.000953714,0.000953714
113,457.497,1.46542,0.97385,0.87248,0.7293,0.60653,0.68678,0.34855,1.56809,0.97629,0.84415,0.000952889,0.000952889,0.000952889
114,461.454,1.48889,0.96409,0.85858,0.7659,0.60457,0.69162,0.35531,1.52529,0.9648,0.84249,0.000952058,0.000952058,0.000952058
115,465.375,1.55668,0.96726,0.85467,0.76419,0.59706,0.68732,0.35709,1.5169,0.94391,0.8428,0.00095122,0.00095122,0.00095122
116,469.388,1.5403,0.97226,0.86968,0.74363,0.59933,0.68156,0.35004,1.56577,0.95789,0.84351,0.000950375,0.000950375,0.000950375
117,473.383,1.40858,0.95386,0.87985,0.75349,0.58917,0.68069,0.34844,1.56488,0.95396,0.84141,0.000949524,0.000949524,0.000949524
118,477.41,1.47274,0.99225,0.88527,0.75667,0.57647,0.6754,0.34459,1.54958,0.94255,0.83985,0.000948665,0.000948665,0.000948665
119,481.253,1.45847,0.94878,0.86643,0.76179,0.58594,0.68413,0.3539,1.52529,0.93452,0.83978,0.0009478,0.0009478,0.0009478
120,485.312,1.53807,0.9954,0.87529,0.76878,0.60324,0.69737,0.36014,1.52023,0.93867,0.84126,0.000946927,0.000946927,0.000946927
121,489.293,1.50328,1.0065,0.88545,0.76983,0.59734,0.69057,0.36342,1.51839,0.94225,0.84351,0.000946048,0.000946048,0.000946048
122,493.448,1.49425,0.97061,0.87796,0.75584,0.58429,0.67771,0.35659,1.52331,0.95696,0.84458,0.000945162,0.000945162,0.000945162
123,497.284,1.56293,1.0149,0.89508,0.78324,0.58086,0.67906,0.3405,1.61205,0.97731,0.85087,0.00094427,0.00094427,0.00094427
124,501.326,1.6373,1.0248,0.86607,0.71976,0.57427,0.65506,0.30718,1.68171,1.00865,0.84797,0.00094337,0.00094337,0.00094337
125,505.418,1.52064,1.01852,0.88388,0.70396,0.57166,0.64523,0.29098,1.73532,1.03643,0.85201,0.000942464,0.000942464,0.000942464
126,509.463,1.51285,0.98129,0.86851,0.75613,0.58855,0.68083,0.34575,1.57009,0.96754,0.84502,0.000941551,0.000941551,0.000941551
127,513.471,1.48813,1.00644,0.89982,0.71417,0.56425,0.64771,0.30277,1.69083,1.0184,0.85066,0.000940631,0.000940631,0.000940631
128,517.432,1.5136,0.97876,0.86959,0.70346,0.55656,0.63819,0.30984,1.67444,1.01566,0.84665,0.000939705,0.000939705,0.000939705
129,521.552,1.52557,0.96895,0.8682,0.75467,0.58224,0.6792,0.35042,1.55195,0.95264,0.84108,0.000938772,0.000938772,0.000938772
130,525.529,1.56703,1.01905,0.86455,0.77436,0.59638,0.69788,0.36207,1.51743,0.93784,0.84129,0.000937832,0.000937832,0.000937832
131,529.525,1.57123,1.03692,0.87784,0.75681,0.60114,0.69254,0.35021,1.54258,0.93876,0.8389,0.000936886,0.000936886,0.000936886
132,533.536,1.38876,0.92195,0.8549,0.74901,0.60062,0.69013,0.36241,1.50948,0.93784,0.83927,0.000935932,0.000935932,0.000935932
133,537.659,1.49965,1.01028,0.89213,0.74481,0.60832,0.69515,0.36507,1.50888,0.9349,0.83968,0.000934973,0.000934973,0.000934973
134,541.767,1.60893,1.01413,0.8573,0.75968,0.59898,0.69611,0.35687,1.54742,0.9503,0.84125,0.000934006,0.000934006,0.000934006
135,545.577,1.50182,0.99706,0.86461,0.7887,0.59134,0.69526,0.36668,1.49462,0.92956,0.839,0.000933033,0.000933033,0.000933033
136,549.829,1.43914,0.95687,0.85984,0.72865,0.59734,0.68085,0.34981,1.56063,0.97406,0.8438,0.000932054,0.000932054,0.000932054
137,553.805,1.57042,1.0337,0.88122,0.75614,0.59583,0.68844,0.36259,1.52162,0.95317,0.84371,0.000931067,0.000931067,0.000931067
138,557.756,1.55875,1.04253,0.8937,0.76817,0.58135,0.67935,0.35791,1.53252,0.95242,0.84724,0.000930075,0.000930075,0.000930075
139,561.702,1.42722,0.95269,0.87682,0.73164,0.58622,0.66554,0.32018,1.62559,0.99309,0.84774,0.000929075,0.000929075,0.000929075
140,565.75,1.42683,0.95084,0.85519,0.74707,0.60134,0.68271,0.35087,1.53619,0.95473,0.84167,0.000928069,0.000928069,0.000928069
141,569.836,1.41672,0.92854,0.85581,0.74639,0.59476,0.68113,0.35223,1.53244,0.94574,0.84147,0.000927057,0.000927057,0.000927057
142,573.896,1.49041,0.96827,0.86577,0.71014,0.60643,0.67875,0.33517,1.61031,0.98475,0.84422,0.000926038,0.000926038,0.000926038
143,577.876,1.52064,0.97512,0.86157,0.75685,0.61107,0.69882,0.3649,1.50644,0.93471,0.83897,0.000925013,0.000925013,0.000925013
144,581.948,1.58438,0.99914,0.84598,0.74024,0.60288,0.68652,0.33805,1.58711,0.95909,0.84116,0.000923981,0.000923981,0.000923981
145,585.786,1.482,0.96862,0.87227,0.72753,0.58841,0.67143,0.31908,1.63002,0.97485,0.84247,0.000922942,0.000922942,0.000922942
146,589.733,1.42187,0.92863,0.86046,0.7668,0.60118,0.69546,0.36366,1.50401,0.92403,0.83864,0.000921898,0.000921898,0.000921898
147,593.648,1.45166,0.97874,0.86689,0.7606,0.60976,0.70116,0.37611,1.48189,0.8987,0.8386,0.000920846,0.000920846,0.000920846
148,597.831,1.44262,0.93616,0.87604,0.77999,0.60938,0.70454,0.37485,1.48687,0.90515,0.83763,0.000919789,0.000919789,0.000919789
149,601.839,1.53087,0.99137,0.87613,0.76706,0.60983,0.69784,0.36231,1.51778,0.93034,0.83981,0.000918725,0.000918725,0.000918725
150,605.835,1.38736,0.92256,0.87616,0.76574,0.60873,0.70031,0.37252,1.46865,0.91595,0.83693,0.000917654,0.000917654,0.000917654
151,609.657,1.31739,0.88833,0.87534,0.7726,0.60612,0.69979,0.36925,1.48816,0.92128,0.83819,0.000916577,0.000916577,0.000916577
152,613.67,1.44658,0.96346,0.86698,0.77349,0.61258,0.70746,0.36678,1.51493,0.92545,0.83937,0.000915494,0.000915494,0.000915494
153,617.554,1.51255,0.96027,0.86459,0.78095,0.60489,0.7044,0.36104,1.52946,0.9346,0.84042,0.000914405,0.000914405,0.000914405
154,621.579,1.44779,0.94735,0.85499,0.75558,0.60104,0.69666,0.3691,1.49685,0.93041,0.8377,0.000913309,0.000913309,0.000913309
155,625.471,1.36043,0.89765,0.86213,0.74967,0.59981,0.6625,0.33681,1.52946,1.17609,0.84076,0.000912207,0.000912207,0.000912207
156,629.517,1.51793,0.99056,0.89008,0.00731,0.01194,0.0037,0.00263,1.50824,18.5845,0.84281,0.000911099,0.000911099,0.000911099
157,633.345,1.44046,0.95868,0.85953,0.00336,0.00549,0.00169,0.00054,1.55377,inf,0.84216,0.000909984,0.000909984,0.000909984
158,637.253,1.41578,0.96249,0.88038,0.75239,0.60077,0.66469,0.35357,1.46415,0.99331,0.83578,0.000908863,0.000908863,0.000908863
159,641.265,1.38847,0.9217,0.86206,0.77557,0.61175,0.69777,0.36372,1.52046,0.93093,0.83824,0.000907736,0.000907736,0.000907736
160,645.215,1.52538,0.96921,0.84472,0.77492,0.62273,0.70464,0.3661,1.52009,0.93917,0.83824,0.000906603,0.000906603,0.000906603
161,649.1,1.49447,0.94333,0.85892,0.763,0.61244,0.68139,0.35399,1.50223,0.95662,0.83834,0.000905463,0.000905463,0.000905463
162,653.083,1.40058,0.93041,0.85911,0.78902,0.61149,0.70152,0.35796,1.55376,0.93995,0.84234,0.000904318,0.000904318,0.000904318
163,657.043,1.55378,0.97575,0.86289,0.78042,0.61216,0.70348,0.37464,1.46145,0.89516,0.83541,0.000903166,0.000903166,0.000903166
164,661.055,1.53044,0.95005,0.84706,0.75154,0.61436,0.69564,0.36366,1.48872,0.91514,0.83715,0.000902008,0.000902008,0.000902008
165,665.068,1.4644,0.95349,0.86971,0.76184,0.60557,0.6944,0.36545,1.47977,0.9174,0.8384,0.000900844,0.000900844,0.000900844
166,669.123,1.41523,0.92392,0.86926,0.75005,0.61381,0.69864,0.34855,1.56673,0.94863,0.84562,0.000899674,0.000899674,0.000899674
167,673.005,1.50963,0.9519,0.86509,0.77521,0.62639,0.71048,0.37373,1.48521,0.91002,0.83996,0.000898497,0.000898497,0.000898497
168,676.924,1.44172,0.96169,0.88422,0.72774,0.60928,0.68504,0.34681,1.55029,0.94419,0.83884,0.000897315,0.000897315,0.000897315
169,680.746,1.50765,0.97437,0.85783,0.71234,0.60846,0.67738,0.33575,1.59975,0.9571,0.84064,0.000896127,0.000896127,0.000896127
170,684.708,1.51315,0.96829,0.85795,0.75632,0.62452,0.70561,0.37709,1.46989,0.90487,0.83524,0.000894932,0.000894932,0.000894932
171,688.8,1.38755,0.93664,0.8823,0.75403,0.61958,0.70564,0.37723,1.47113,0.90676,0.83532,0.000893732,0.000893732,0.000893732
172,693.317,1.36722,0.90616,0.861,0.77416,0.60763,0.70605,0.38549,1.43878,0.88236,0.8349,0.000892525,0.000892525,0.000892525
173,697.27,1.39207,0.92111,0.85676,0.76897,0.6178,0.70859,0.38189,1.45352,0.88657,0.83437,0.000891313,0.000891313,0.000891313
174,701.358,1.35325,0.85606,0.83775,0.79086,0.60599,0.71079,0.37877,1.46347,0.90521,0.83502,0.000890095,0.000890095,0.000890095
175,705.223,1.48438,0.93537,0.84818,0.79165,0.61449,0.71516,0.38288,1.46345,0.90583,0.83357,0.00088887,0.00088887,0.00088887
176,709.33,1.47378,0.96283,0.86356,0.78816,0.62054,0.71364,0.38178,1.44188,0.89631,0.83253,0.00088764,0.00088764,0.00088764
177,713.136,1.47401,0.96054,0.86065,0.77522,0.61518,0.70989,0.38157,1.44308,0.89257,0.83312,0.000886404,0.000886404,0.000886404
178,717.068,1.4534,0.93884,0.88256,0.77894,0.60468,0.70695,0.38244,1.4461,0.88175,0.83458,0.000885162,0.000885162,0.000885162
179,720.817,1.3571,0.88926,0.87499,0.7683,0.62003,0.70887,0.38159,1.43793,0.88189,0.83437,0.000883914,0.000883914,0.000883914
180,724.813,1.40515,0.91509,0.84726,0.78597,0.61001,0.70542,0.36537,1.51662,0.92011,0.84165,0.00088266,0.00088266,0.00088266
181,728.809,1.46782,0.93286,0.86261,0.78519,0.6101,0.71032,0.37481,1.49192,0.91377,0.83971,0.000881401,0.000881401,0.000881401
182,732.789,1.39734,0.91721,0.86228,0.77773,0.6156,0.70741,0.36883,1.49762,0.9171,0.83961,0.000880136,0.000880136,0.000880136
183,736.657,1.50651,0.93493,0.84979,0.78337,0.60169,0.6924,0.34925,1.55122,0.93875,0.84284,0.000878864,0.000878864,0.000878864
184,740.689,1.35265,0.89344,0.85713,0.77733,0.60242,0.70405,0.37446,1.49124,0.91677,0.8363,0.000877588,0.000877588,0.000877588
185,744.678,1.42869,0.89752,0.84453,0.77873,0.60681,0.70351,0.36903,1.51841,0.93924,0.8375,0.000876305,0.000876305,0.000876305
186,748.681,1.50797,0.99859,0.85734,0.78337,0.60214,0.70084,0.37918,1.44811,0.8915,0.83503,0.000875017,0.000875017,0.000875017
187,752.719,1.38811,0.87,0.84509,0.77393,0.59828,0.69058,0.36954,1.47078,0.90433,0.83827,0.000873723,0.000873723,0.000873723
188,756.767,1.46346,0.89925,0.85877,0.79532,0.62095,0.71821,0.38419,1.44701,0.89371,0.83376,0.000872423,0.000872423,0.000872423
189,760.716,1.49269,0.96576,0.87371,0.76527,0.62081,0.71388,0.37568,1.48305,0.91025,0.83397,0.000871117,0.000871117,0.000871117
190,764.689,1.46744,0.91784,0.84691,0.77893,0.61432,0.70603,0.38144,1.46307,0.90764,0.83548,0.000869806,0.000869806,0.000869806
191,768.531,1.50203,0.96573,0.87035,0.7662,0.59794,0.6918,0.37108,1.47689,0.92167,0.83897,0.00086849,0.00086849,0.00086849
192,772.581,1.44561,0.92574,0.87316,0.77512,0.61477,0.71061,0.37801,1.46158,0.90282,0.83305,0.000867167,0.000867167,0.000867167
193,776.426,1.3844,0.89904,0.85276,0.77284,0.6123,0.70985,0.37615,1.47203,0.90259,0.83415,0.000865839,0.000865839,0.000865839
194,780.492,1.58003,0.98371,0.8746,0.77992,0.61285,0.70152,0.38036,1.45281,0.90245,0.83501,0.000864506,0.000864506,0.000864506
195,784.329,1.47814,0.94817,0.85463,0.77259,0.61422,0.70225,0.37611,1.46759,0.91731,0.83434,0.000863167,0.000863167,0.000863167
196,788.197,1.41452,0.92445,0.85174,0.76016,0.5983,0.69009,0.36239,1.53253,0.95018,0.83513,0.000861823,0.000861823,0.000861823
197,792.254,1.47184,0.94652,0.84952,0.7525,0.58103,0.67654,0.34293,1.55143,0.95826,0.8362,0.000860473,0.000860473,0.000860473
198,796.23,1.44232,0.93318,0.86585,0.75881,0.61669,0.7026,0.36624,1.50046,0.91561,0.83754,0.000859117,0.000859117,0.000859117
199,800.162,1.43303,0.9214,0.85651,0.77791,0.60784,0.70298,0.35807,1.52025,0.91893,0.83821,0.000857756,0.000857756,0.000857756
200,804.143,1.39688,0.9131,0.8533,0.7193,0.61214,0.69121,0.36198,1.50984,0.94249,0.83564,0.00085639,0.00085639,0.00085639
201,808.171,1.38688,0.947,0.86944,0.73808,0.60269,0.69448,0.3736,1.46582,0.9303,0.83304,0.000855018,0.000855018,0.000855018
202,812.155,1.46277,0.96872,0.84985,0.77582,0.60969,0.70902,0.37235,1.49466,0.93854,0.83357,0.000853641,0.000853641,0.000853641
203,816.008,1.384,0.91293,0.84977,0.77082,0.61413,0.71075,0.3707,1.49172,0.92788,0.83435,0.000852258,0.000852258,0.000852258
204,820.022,1.36929,0.89998,0.86538,0.78575,0.61532,0.70697,0.37753,1.47009,0.93516,0.83558,0.00085087,0.00085087,0.00085087
205,823.871,1.42664,0.94238,0.8683,0.75322,0.61532,0.69832,0.38003,1.45783,0.92026,0.8354,0.000849477,0.000849477,0.000849477
206,827.759,1.53162,0.98134,0.87405,0.74178,0.60242,0.69014,0.35301,1.55226,0.93096,0.83852,0.000848078,0.000848078,0.000848078
207,831.599,1.48628,1.01273,0.88688,0.77836,0.61762,0.71104,0.37657,1.45504,0.91479,0.83398,0.000846674,0.000846674,0.000846674
208,835.669,1.48392,0.95633,0.85797,0.79457,0.60461,0.70239,0.37448,1.46812,0.94271,0.83625,0.000845265,0.000845265,0.000845265
209,839.556,1.47114,0.94477,0.87872,0.75989,0.59638,0.69201,0.35682,1.50223,0.92113,0.83565,0.000843851,0.000843851,0.000843851
210,843.507,1.48742,0.95318,0.86546,0.76875,0.6061,0.70013,0.37362,1.46662,0.90015,0.8341,0.000842431,0.000842431,0.000842431
211,847.409,1.43548,0.90036,0.83436,0.77532,0.61024,0.69755,0.35685,1.5253,0.92896,0.83705,0.000841006,0.000841006,0.000841006
212,851.39,1.40973,0.95698,0.85879,0.77666,0.61669,0.70637,0.37394,1.48485,0.91065,0.83361,0.000839576,0.000839576,0.000839576
213,855.323,1.51906,0.94449,0.8564,0.75335,0.61137,0.69918,0.37197,1.46459,0.89744,0.83231,0.000838141,0.000838141,0.000838141
214,859.335,1.37065,0.91935,0.86476,0.78613,0.62172,0.71385,0.38232,1.42687,0.89495,0.83255,0.000836701,0.000836701,0.000836701
215,863.11,1.39927,0.90246,0.85513,0.80603,0.62644,0.72214,0.39046,1.41367,0.88667,0.83187,0.000835255,0.000835255,0.000835255
216,867.299,1.32769,0.90754,0.85317,0.78391,0.6226,0.71903,0.39171,1.41569,0.87549,0.83148,0.000833805,0.000833805,0.000833805
217,871.376,1.33355,0.89985,0.86498,0.78127,0.62507,0.71583,0.3921,1.41748,0.87563,0.83182,0.000832349,0.000832349,0.000832349
218,875.513,1.52225,0.97688,0.86762,0.7754,0.6318,0.71706,0.39009,1.42485,0.87788,0.8324,0.000830889,0.000830889,0.000830889
219,879.38,1.36563,0.88606,0.8507,0.78578,0.63262,0.71866,0.3861,1.45121,0.90064,0.83384,0.000829423,0.000829423,0.000829423
220,883.44,1.52708,0.95462,0.84705,0.76084,0.60736,0.69108,0.33941,1.61518,0.9812,0.84581,0.000827952,0.000827952,0.000827952
221,887.352,1.50175,0.93991,0.84569,0.78196,0.61101,0.70505,0.36772,1.51798,0.9311,0.84036,0.000826477,0.000826477,0.000826477
222,891.347,1.54291,0.94929,0.85741,0.75032,0.60283,0.6937,0.35972,1.51704,0.92284,0.83637,0.000824996,0.000824996,0.000824996
223,895.394,1.50078,0.9557,0.86564,0.75939,0.61807,0.70356,0.37988,1.4412,0.89243,0.83441,0.000823511,0.000823511,0.000823511
224,899.279,1.42924,0.9331,0.84961,0.77249,0.61395,0.70485,0.3743,1.47294,0.89585,0.83558,0.00082202,0.00082202,0.00082202
225,903.117,1.3705,0.90252,0.8611,0.77639,0.61244,0.70921,0.38077,1.46393,0.90115,0.83471,0.000820525,0.000820525,0.000820525
226,907.093,1.3321,0.90028,0.87408,0.78828,0.62136,0.71653,0.38947,1.43087,0.88972,0.83195,0.000819025,0.000819025,0.000819025
227,910.925,1.40198,0.97103,0.88825,0.79176,0.61573,0.7131,0.38729,1.43572,0.89369,0.83331,0.00081752,0.00081752,0.00081752
228,914.971,1.44668,0.92744,0.84374,0.77942,0.61601,0.71046,0.38275,1.42478,0.88251,0.83011,0.00081601,0.00081601,0.00081601
229,918.777,1.3914,0.89396,0.84607,0.78717,0.62589,0.71732,0.38415,1.42568,0.88364,0.83027,0.000814495,0.000814495,0.000814495
230,922.774,1.35665,0.91523,0.85339,0.79267,0.61642,0.71012,0.377,1.4571,0.90923,0.83324,0.000812976,0.000812976,0.000812976
231,926.722,1.38498,0.87454,0.84615,0.77294,0.62273,0.7119,0.39082,1.4065,0.87594,0.83078,0.000811452,0.000811452,0.000811452
232,930.619,1.41402,0.91026,0.87572,0.79031,0.62247,0.71848,0.3859,1.44305,0.88665,0.83162,0.000809923,0.000809923,0.000809923
233,934.632,1.40249,0.89529,0.85431,0.8142,0.62109,0.71873,0.38105,1.45973,0.90699,0.8327,0.000808389,0.000808389,0.000808389
234,938.566,1.46522,0.95889,0.84026,0.79067,0.62246,0.71857,0.39429,1.40192,0.86747,0.83043,0.000806851,0.000806851,0.000806851
235,942.609,1.40969,0.9061,0.8545,0.7735,0.62644,0.71666,0.39208,1.41222,0.86256,0.83053,0.000805308,0.000805308,0.000805308
236,946.665,1.40629,0.90817,0.8648,0.78887,0.6181,0.71067,0.37025,1.5099,0.90039,0.83701,0.00080376,0.00080376,0.00080376
237,950.441,1.46262,0.9446,0.8636,0.79149,0.6215,0.71964,0.39646,1.41202,0.85878,0.83163,0.000802208,0.000802208,0.000802208
238,954.721,1.27351,0.83799,0.8411,0.81082,0.63138,0.73001,0.39842,1.40547,0.85692,0.82994,0.000800651,0.000800651,0.000800651
239,959.037,1.42366,0.91356,0.87025,0.81425,0.62246,0.72312,0.39434,1.41982,0.86786,0.83064,0.00079909,0.00079909,0.00079909
240,963.063,1.38442,0.88365,0.85645,0.7837,0.61669,0.71498,0.39645,1.38837,0.86018,0.82881,0.000797524,0.000797524,0.000797524
241,966.962,1.414,0.91175,0.86058,0.77968,0.61312,0.71141,0.39641,1.38518,0.86491,0.82859,0.000795954,0.000795954,0.000795954
242,970.927,1.35874,0.87476,0.84567,0.78829,0.61802,0.71706,0.39426,1.40844,0.86849,0.83012,0.000794379,0.000794379,0.000794379
243,974.876,1.39391,0.88807,0.84993,0.79185,0.61992,0.71955,0.3904,1.42837,0.87309,0.83123,0.0007928,0.0007928,0.0007928
244,978.821,1.39824,0.88674,0.86516,0.79698,0.61875,0.71753,0.38825,1.43173,0.87075,0.83128,0.000791216,0.000791216,0.000791216
245,982.642,1.46613,0.92596,0.86113,0.78262,0.61985,0.71758,0.39662,1.40296,0.86296,0.83037,0.000789628,0.000789628,0.000789628
246,986.663,1.38067,0.89395,0.85993,0.78234,0.62914,0.71842,0.38993,1.42654,0.87315,0.83244,0.000788035,0.000788035,0.000788035
247,990.566,1.43098,0.93227,0.86251,0.79448,0.62287,0.71852,0.38744,1.43437,0.87325,0.83144,0.000786438,0.000786438,0.000786438
248,994.696,1.36239,0.93783,0.86368,0.80266,0.62603,0.72564,0.39524,1.41024,0.86413,0.82907,0.000784837,0.000784837,0.000784837
249,998.59,1.38194,0.90359,0.8553,0.80295,0.63104,0.72828,0.39074,1.42863,0.8677,0.83005,0.000783231,0.000783231,0.000783231
250,1002.58,1.33159,0.87731,0.85362,0.78346,0.62177,0.71936,0.39539,1.41335,0.86159,0.82886,0.000781621,0.000781621,0.000781621
251,1006.47,1.41264,0.90737,0.85173,0.78702,0.62424,0.71734,0.39114,1.42083,0.86669,0.83034,0.000780007,0.000780007,0.000780007
252,1010.45,1.40521,0.90409,0.85674,0.7907,0.62238,0.72162,0.39747,1.38855,0.85652,0.82822,0.000778389,0.000778389,0.000778389
253,1014.39,1.44136,0.93433,0.85285,0.78347,0.62315,0.72076,0.39883,1.39386,0.85564,0.82799,0.000776766,0.000776766,0.000776766
254,1018.55,1.36591,0.89765,0.86185,0.79045,0.61999,0.7201,0.39391,1.41036,0.8572,0.82987,0.00077514,0.00077514,0.00077514
255,1022.32,1.50705,0.92639,0.84092,0.79366,0.61793,0.72119,0.3892,1.43568,0.86443,0.83135,0.000773509,0.000773509,0.000773509
256,1026.21,1.54014,0.95288,0.85863,0.79992,0.61107,0.71854,0.40013,1.38785,0.85792,0.82976,0.000771873,0.000771873,0.000771873
257,1030.34,1.35713,0.87852,0.87036,0.78799,0.6145,0.71598,0.39503,1.39569,0.86171,0.82864,0.000770234,0.000770234,0.000770234
258,1034.32,1.4257,0.92652,0.84644,0.80463,0.62685,0.72187,0.39085,1.40639,0.87976,0.82895,0.000768591,0.000768591,0.000768591
259,1038.18,1.34058,0.86796,0.85542,0.79648,0.62919,0.72179,0.39073,1.40775,0.87048,0.82835,0.000766944,0.000766944,0.000766944
260,1042.13,1.37917,0.91227,0.86449,0.78317,0.62713,0.71817,0.39819,1.3902,0.86457,0.8285,0.000765292,0.000765292,0.000765292
261,1046.01,1.41313,0.89788,0.8541,0.78063,0.62548,0.71799,0.39547,1.38907,0.86358,0.82804,0.000763637,0.000763637,0.000763637
262,1050.02,1.29936,0.8436,0.8495,0.78824,0.62411,0.72437,0.39808,1.3996,0.86164,0.82883,0.000761977,0.000761977,0.000761977
263,1054.03,1.54214,0.92274,0.8332,0.7911,0.62699,0.72465,0.39101,1.42388,0.86326,0.82914,0.000760314,0.000760314,0.000760314
264,1058.04,1.36866,0.8764,0.84302,0.79056,0.60839,0.71518,0.39596,1.39472,0.85672,0.82882,0.000758647,0.000758647,0.000758647
265,1061.93,1.44837,0.91146,0.85491,0.77752,0.62326,0.71819,0.40036,1.37877,0.84416,0.82756,0.000756976,0.000756976,0.000756976
266,1065.96,1.30926,0.84626,0.84576,0.79909,0.6263,0.72652,0.38935,1.43641,0.86945,0.82983,0.0007553,0.0007553,0.0007553
267,1069.77,1.3121,0.85242,0.86033,0.78249,0.6285,0.72557,0.39437,1.42018,0.85836,0.82981,0.000753621,0.000753621,0.000753621
268,1073.76,1.43067,0.93746,0.87106,0.79893,0.61724,0.71449,0.37904,1.45134,0.87609,0.83188,0.000751939,0.000751939,0.000751939
269,1077.64,1.3722,0.87975,0.84898,0.80003,0.59981,0.70154,0.37252,1.46358,0.88631,0.83636,0.000750252,0.000750252,0.000750252
270,1081.52,1.47591,0.94444,0.855,0.78832,0.61175,0.71712,0.38297,1.45337,0.88591,0.83179,0.000748562,0.000748562,0.000748562
271,1085.31,1.48722,0.95053,0.84802,0.7908,0.62878,0.72688,0.38985,1.4271,0.87074,0.83133,0.000746868,0.000746868,0.000746868
272,1089.21,1.33617,0.88327,0.86509,0.79927,0.61752,0.7196,0.38292,1.45487,0.87284,0.8335,0.00074517,0.00074517,0.00074517
273,1093.25,1.4113,0.88851,0.85877,0.783,0.62081,0.71884,0.40011,1.39911,0.85524,0.82972,0.000743468,0.000743468,0.000743468
274,1097.16,1.32484,0.87561,0.86443,0.77637,0.61985,0.71561,0.3755,1.46203,0.87339,0.83034,0.000741763,0.000741763,0.000741763
275,1101.03,1.42413,0.89256,0.85935,0.78133,0.6426,0.72826,0.39274,1.41998,0.87145,0.82866,0.000740054,0.000740054,0.000740054
276,1105,1.44836,0.91946,0.86345,0.82037,0.6314,0.73103,0.38858,1.45235,0.87998,0.83254,0.000738341,0.000738341,0.000738341
277,1108.9,1.32275,0.88029,0.8411,0.80857,0.62974,0.73177,0.40169,1.39661,0.86375,0.82949,0.000736625,0.000736625,0.000736625
278,1113.15,1.49087,0.96028,0.84994,0.7864,0.63056,0.72341,0.38921,1.42364,0.8728,0.82932,0.000734906,0.000734906,0.000734906
279,1116.99,1.37327,0.93151,0.86732,0.77991,0.62953,0.71745,0.38145,1.44744,0.89718,0.82993,0.000733182,0.000733182,0.000733182
280,1120.89,1.32735,0.87189,0.84922,0.7636,0.63578,0.72415,0.4067,1.36241,0.84974,0.82567,0.000731456,0.000731456,0.000731456
281,1124.97,1.46315,0.96516,0.86518,0.75686,0.63386,0.72127,0.39502,1.40292,0.87598,0.82734,0.000729725,0.000729725,0.000729725
282,1128.87,1.40827,0.92452,0.85465,0.81483,0.63331,0.73302,0.39595,1.41385,0.88282,0.82733,0.000727992,0.000727992,0.000727992
283,1132.81,1.42675,0.92325,0.84808,0.8142,0.63588,0.73094,0.38706,1.44571,0.92428,0.82921,0.000726254,0.000726254,0.000726254
284,1136.76,1.37899,0.9032,0.84463,0.78613,0.62987,0.72625,0.40093,1.39799,0.8612,0.82769,0.000724514,0.000724514,0.000724514
285,1140.6,1.35345,0.88119,0.85113,0.77181,0.62836,0.72437,0.40709,1.36609,0.85609,0.82691,0.00072277,0.00072277,0.00072277
286,1144.64,1.48867,0.92507,0.85629,0.78533,0.62205,0.7273,0.41043,1.3551,0.84325,0.82612,0.000721023,0.000721023,0.000721023
287,1148.92,1.34925,0.90092,0.85765,0.7987,0.62397,0.72847,0.40472,1.3796,0.84182,0.82597,0.000719272,0.000719272,0.000719272
288,1152.85,1.27393,0.83061,0.84375,0.80591,0.62878,0.72898,0.40503,1.35697,0.8662,0.82513,0.000717518,0.000717518,0.000717518
289,1156.78,1.29076,0.855,0.84751,0.79624,0.63413,0.7303,0.40972,1.3476,0.84426,0.82478,0.000715761,0.000715761,0.000715761
290,1160.66,1.27937,0.83664,0.83824,0.80651,0.61422,0.72096,0.39865,1.39252,0.85672,0.82987,0.000714,0.000714,0.000714
291,1164.42,1.29741,0.85421,0.84452,0.81252,0.61848,0.72263,0.40037,1.38402,0.85425,0.82781,0.000712237,0.000712237,0.000712237
292,1168.5,1.34443,0.8757,0.85259,0.81535,0.61505,0.72221,0.39725,1.38429,0.8593,0.82766,0.00071047,0.00071047,0.00071047
293,1172.39,1.33351,0.86312,0.84237,0.81163,0.62287,0.72536,0.39754,1.38496,0.85449,0.8287,0.0007087,0.0007087,0.0007087
294,1176.39,1.50674,0.93335,0.85571,0.7913,0.62603,0.73285,0.40597,1.38825,0.86323,0.82754,0.000706926,0.000706926,0.000706926
295,1180.37,1.42853,0.89885,0.84748,0.77516,0.62191,0.72458,0.40603,1.38069,0.87007,0.82656,0.00070515,0.00070515,0.00070515
296,1184.37,1.2129,0.82219,0.85172,0.7744,0.6182,0.71814,0.40389,1.37496,0.85014,0.82836,0.000703371,0.000703371,0.000703371
297,1188.3,1.35133,0.88055,0.85245,0.7925,0.62232,0.72786,0.40454,1.37409,0.84223,0.8275,0.000701588,0.000701588,0.000701588
298,1192.27,1.31006,0.8907,0.86778,0.79865,0.63494,0.73207,0.40125,1.38943,0.8506,0.82745,0.000699803,0.000699803,0.000699803
299,1196.14,1.4035,0.87719,0.83473,0.79666,0.62447,0.72785,0.4087,1.36422,0.84242,0.82551,0.000698014,0.000698014,0.000698014
300,1200.23,1.34569,0.85641,0.85484,0.79224,0.62699,0.72605,0.40258,1.38229,0.8466,0.82614,0.000696223,0.000696223,0.000696223
301,1204.15,1.31893,0.90676,0.85133,0.7933,0.63413,0.72884,0.40129,1.39242,0.85036,0.82565,0.000694428,0.000694428,0.000694428
302,1208.14,1.38649,0.86999,0.84169,0.79158,0.63166,0.72852,0.40425,1.38088,0.85092,0.8252,0.000692631,0.000692631,0.000692631
303,1212.2,1.41732,0.92404,0.85693,0.80012,0.62925,0.73087,0.40786,1.37029,0.84235,0.82492,0.000690831,0.000690831,0.000690831
304,1216.12,1.37562,0.8824,0.84765,0.78764,0.62795,0.72676,0.39561,1.42058,0.85704,0.82692,0.000689028,0.000689028,0.000689028
305,1220.21,1.38651,0.94104,0.86308,0.80802,0.62548,0.72735,0.39441,1.41189,0.85532,0.82751,0.000687222,0.000687222,0.000687222
306,1224.18,1.30677,0.85595,0.83994,0.799,0.62054,0.72131,0.39475,1.39545,0.85869,0.82697,0.000685413,0.000685413,0.000685413
307,1228,1.40392,0.91631,0.86163,0.79206,0.6193,0.71936,0.3951,1.39352,0.86445,0.82719,0.000683601,0.000683601,0.000683601
308,1232,1.43706,0.91465,0.84923,0.79278,0.62795,0.72329,0.39884,1.37728,0.84392,0.82641,0.000681787,0.000681787,0.000681787
309,1235.9,1.32294,0.87176,0.86453,0.79786,0.62493,0.72005,0.39323,1.40262,0.84859,0.82832,0.00067997,0.00067997,0.00067997
310,1239.99,1.40413,0.94636,0.868,0.80641,0.62394,0.7249,0.3971,1.37982,0.83631,0.82939,0.00067815,0.00067815,0.00067815
311,1243.94,1.41686,0.87977,0.84562,0.81224,0.61889,0.72348,0.40244,1.35947,0.8289,0.82853,0.000676328,0.000676328,0.000676328
312,1248.05,1.40609,0.89235,0.84928,0.79808,0.62699,0.72157,0.39687,1.39752,0.85164,0.83007,0.000674503,0.000674503,0.000674503
313,1251.93,1.27191,0.87236,0.85201,0.7897,0.63358,0.72472,0.3949,1.41772,0.85895,0.82951,0.000672675,0.000672675,0.000672675
314,1255.86,1.4209,0.87212,0.83331,0.79806,0.63029,0.72863,0.39907,1.40797,0.8572,0.82896,0.000670845,0.000670845,0.000670845
315,1259.68,1.30188,0.83499,0.83936,0.7963,0.63328,0.72991,0.40643,1.37204,0.84438,0.82778,0.000669012,0.000669012,0.000669012
316,1263.76,1.3618,0.88243,0.85897,0.79828,0.63276,0.72706,0.40269,1.3722,0.83711,0.82831,0.000667177,0.000667177,0.000667177
317,1267.76,1.36083,0.87017,0.85497,0.79064,0.62905,0.72579,0.40341,1.37834,0.84048,0.82756,0.000665339,0.000665339,0.000665339
318,1271.77,1.42395,0.92142,0.86778,0.78742,0.6296,0.72412,0.40094,1.3869,0.84148,0.82784,0.000663499,0.000663499,0.000663499
319,1275.64,1.40777,0.89938,0.8557,0.79154,0.63248,0.73062,0.40679,1.36823,0.8319,0.82648,0.000661656,0.000661656,0.000661656
320,1279.73,1.43684,0.93793,0.85082,0.80085,0.62823,0.73067,0.41269,1.3487,0.82238,0.82606,0.000659811,0.000659811,0.000659811
321,1283.99,1.45795,0.92972,0.86876,0.79999,0.62543,0.72214,0.39781,1.39406,0.8506,0.82901,0.000657963,0.000657963,0.000657963
322,1288.07,1.41187,0.90549,0.86653,0.79274,0.6191,0.72198,0.39808,1.39088,0.84352,0.82654,0.000656114,0.000656114,0.000656114
323,1291.98,1.30045,0.86476,0.84454,0.77628,0.62864,0.72072,0.39337,1.40282,0.85269,0.82676,0.000654261,0.000654261,0.000654261
324,1295.98,1.36682,0.89155,0.8379,0.80293,0.62982,0.72807,0.40739,1.36325,0.84137,0.82629,0.000652407,0.000652407,0.000652407
325,1299.97,1.33071,0.85602,0.84607,0.79855,0.62878,0.73108,0.41118,1.36542,0.8371,0.82709,0.00065055,0.00065055,0.00065055
326,1304.33,1.28643,0.82196,0.84124,0.80321,0.63468,0.73462,0.41071,1.35678,0.82915,0.82508,0.000648691,0.000648691,0.000648691
327,1308.22,1.29418,0.82892,0.84172,0.79632,0.62878,0.72964,0.40655,1.3684,0.8343,0.82513,0.00064683,0.00064683,0.00064683
328,1312.2,1.29343,0.86165,0.86634,0.78596,0.61532,0.71984,0.39272,1.40541,0.851,0.82579,0.000644966,0.000644966,0.000644966
329,1316.15,1.36713,0.8893,0.84779,0.80305,0.62411,0.72765,0.40794,1.35344,0.83589,0.8238,0.000643101,0.000643101,0.000643101
330,1320.18,1.32582,0.85166,0.83985,0.81841,0.62987,0.73467,0.40517,1.36317,0.84219,0.82392,0.000641233,0.000641233,0.000641233
331,1324.2,1.50435,0.95382,0.85053,0.80247,0.63973,0.73887,0.41549,1.34201,0.82638,0.82298,0.000639363,0.000639363,0.000639363
332,1328.28,1.352,0.86713,0.8413,0.8116,0.6318,0.73134,0.41261,1.34943,0.82322,0.82524,0.000637491,0.000637491,0.000637491
333,1332.23,1.29043,0.86091,0.85611,0.80641,0.6342,0.7312,0.40512,1.36676,0.82555,0.82613,0.000635617,0.000635617,0.000635617
334,1336.23,1.27796,0.84489,0.85135,0.8072,0.6357,0.73777,0.41653,1.33352,0.81114,0.82376,0.000633741,0.000633741,0.000633741
335,1340.34,1.29032,0.84446,0.84841,0.80185,0.64127,0.73824,0.41219,1.35994,0.82754,0.82509,0.000631863,0.000631863,0.000631863
336,1344.44,1.36105,0.87271,0.84085,0.7967,0.63914,0.73905,0.41807,1.33943,0.82581,0.82297,0.000629983,0.000629983,0.000629983
337,1348.5,1.2861,0.83855,0.84933,0.82217,0.63207,0.73819,0.41421,1.34884,0.82924,0.82466,0.000628101,0.000628101,0.000628101
338,1352.39,1.36565,0.88552,0.85548,0.81699,0.62576,0.73584,0.40825,1.37656,0.83527,0.8259,0.000626218,0.000626218,0.000626218
339,1356.35,1.40897,0.89919,0.84008,0.82935,0.62783,0.73996,0.40598,1.39308,0.84451,0.82679,0.000624332,0.000624332,0.000624332
340,1360.38,1.45363,0.91785,0.85958,0.82471,0.63262,0.7373,0.40537,1.38455,0.85559,0.82723,0.000622445,0.000622445,0.000622445
341,1364.31,1.44567,0.9018,0.85921,0.81179,0.63138,0.7354,0.41015,1.35679,0.83451,0.82546,0.000620555,0.000620555,0.000620555
342,1368.45,1.2533,0.83457,0.85125,0.8122,0.63532,0.73815,0.40948,1.35451,0.83684,0.82466,0.000618664,0.000618664,0.000618664
343,1372.33,1.38715,0.89235,0.85316,0.79628,0.64951,0.74064,0.40553,1.37184,0.84844,0.82471,0.000616772,0.000616772,0.000616772
344,1376.38,1.35504,0.86595,0.83663,0.78978,0.6366,0.73627,0.41099,1.37696,0.83462,0.82419,0.000614877,0.000614877,0.000614877
345,1380.28,1.26084,0.83946,0.84788,0.79405,0.63742,0.73681,0.41542,1.36343,0.82738,0.82408,0.000612981,0.000612981,0.000612981
346,1384.21,1.19543,0.81759,0.8633,0.82267,0.62891,0.73683,0.41445,1.35101,0.81731,0.82586,0.000611083,0.000611083,0.000611083
347,1388.14,1.30914,0.82959,0.83693,0.82375,0.62644,0.73553,0.41608,1.34497,0.81589,0.82411,0.000609184,0.000609184,0.000609184
348,1392.17,1.28728,0.86293,0.85914,0.81129,0.63212,0.73755,0.41386,1.3513,0.82501,0.82317,0.000607282,0.000607282,0.000607282
349,1396.03,1.28773,0.85999,0.85329,0.79813,0.6405,0.74023,0.4158,1.34488,0.82516,0.82358,0.00060538,0.00060538,0.00060538
350,1400.09,1.3256,0.86123,0.8504,0.78492,0.64831,0.73805,0.42092,1.33129,0.81562,0.82362,0.000603475,0.000603475,0.000603475
351,1404.18,1.34572,0.87603,0.85079,0.80925,0.63619,0.73711,0.41504,1.34052,0.82131,0.82441,0.00060157,0.00060157,0.00060157
352,1408.33,1.33651,0.87492,0.85411,0.81838,0.62296,0.73627,0.41458,1.33991,0.81688,0.82415,0.000599662,0.000599662,0.000599662
353,1412.29,1.26071,0.80108,0.82924,0.81881,0.61791,0.73626,0.41615,1.33746,0.81982,0.82333,0.000597754,0.000597754,0.000597754
354,1416.27,1.29805,0.85634,0.84042,0.81496,0.62881,0.7372,0.40912,1.35186,0.82208,0.8238,0.000595844,0.000595844,0.000595844
355,1420.27,1.31274,0.85766,0.84695,0.80532,0.6296,0.73849,0.41531,1.34231,0.82276,0.82273,0.000593932,0.000593932,0.000593932
356,1424.32,1.33948,0.8687,0.85982,0.81627,0.6331,0.7391,0.41012,1.35263,0.82212,0.82346,0.000592019,0.000592019,0.000592019
357,1428.26,1.2452,0.83216,0.8498,0.81691,0.62658,0.73485,0.40709,1.36154,0.82192,0.82421,0.000590105,0.000590105,0.000590105
358,1432.36,1.34119,0.84207,0.82879,0.81068,0.62507,0.73387,0.41638,1.33321,0.80922,0.82326,0.000588189,0.000588189,0.000588189
359,1436.31,1.19874,0.81061,0.8321,0.82366,0.6204,0.73509,0.41762,1.3253,0.80243,0.824,0.000586272,0.000586272,0.000586272
360,1440.4,1.36326,0.85756,0.83092,0.80581,0.63522,0.74111,0.42184,1.32751,0.80867,0.82349,0.000584354,0.000584354,0.000584354
361,1444.38,1.25591,0.81439,0.85288,0.80621,0.63125,0.74092,0.42189,1.32608,0.80837,0.82219,0.000582435,0.000582435,0.000582435
362,1448.72,1.21098,0.79763,0.83208,0.80471,0.64205,0.73903,0.42325,1.30902,0.80662,0.82146,0.000580515,0.000580515,0.000580515
363,1452.87,1.28188,0.81308,0.8334,0.80988,0.64237,0.74215,0.41994,1.32659,0.8127,0.82214,0.000578593,0.000578593,0.000578593
364,1456.83,1.32987,0.86881,0.85352,0.80984,0.63435,0.74294,0.41497,1.35484,0.81612,0.82322,0.00057667,0.00057667,0.00057667
365,1460.73,1.30545,0.87271,0.86428,0.81185,0.63605,0.74241,0.42502,1.31829,0.80353,0.82225,0.000574746,0.000574746,0.000574746
366,1464.85,1.27125,0.82621,0.84245,0.81695,0.62618,0.73242,0.41899,1.32306,0.80801,0.82304,0.000572821,0.000572821,0.000572821
367,1468.84,1.21573,0.8422,0.86039,0.82377,0.62479,0.7334,0.41941,1.32039,0.80538,0.82302,0.000570895,0.000570895,0.000570895
368,1472.78,1.24739,0.81482,0.84486,0.79436,0.63893,0.73766,0.41799,1.33608,0.81093,0.82244,0.000568968,0.000568968,0.000568968
369,1476.83,1.28732,0.82905,0.84105,0.82367,0.63248,0.74105,0.42044,1.32523,0.8107,0.82213,0.00056704,0.00056704,0.00056704
370,1480.86,1.29204,0.88067,0.85242,0.80087,0.64435,0.73799,0.42642,1.30675,0.80158,0.82208,0.000565111,0.000565111,0.000565111
371,1485.03,1.38536,0.87771,0.85375,0.80028,0.63962,0.737,0.42342,1.3119,0.80616,0.82205,0.000563181,0.000563181,0.000563181
372,1489.08,1.20009,0.80124,0.83766,0.80471,0.64388,0.73983,0.40678,1.37644,0.83396,0.82419,0.00056125,0.00056125,0.00056125
373,1492.9,1.2704,0.82661,0.83199,0.80383,0.643,0.74171,0.41195,1.35293,0.82396,0.82358,0.000559318,0.000559318,0.000559318
374,1497.08,1.30454,0.82233,0.83712,0.81866,0.63961,0.74343,0.42061,1.33115,0.80898,0.82334,0.000557386,0.000557386,0.000557386
375,1501.04,1.2911,0.839,0.84526,0.8152,0.63811,0.74144,0.42234,1.32814,0.80342,0.82331,0.000555453,0.000555453,0.000555453
376,1505.09,1.23575,0.80916,0.83702,0.81443,0.63125,0.74216,0.42532,1.31887,0.80156,0.82215,0.000553518,0.000553518,0.000553518
377,1509.05,1.38065,0.86956,0.84806,0.81887,0.63246,0.7425,0.42365,1.32407,0.80237,0.82221,0.000551584,0.000551584,0.000551584
378,1513.03,1.30983,0.84423,0.84185,0.80883,0.6307,0.74215,0.42762,1.30959,0.80433,0.82131,0.000549648,0.000549648,0.000549648
379,1517.22,1.3647,0.86086,0.85078,0.79815,0.63701,0.74397,0.42873,1.31889,0.81211,0.82213,0.000547712,0.000547712,0.000547712
380,1521.48,1.35047,0.86121,0.84458,0.82137,0.63358,0.74374,0.42044,1.3319,0.80893,0.82258,0.000545775,0.000545775,0.000545775
381,1525.28,1.16619,0.77975,0.83494,0.81663,0.63341,0.74331,0.42507,1.31582,0.80308,0.8218,0.000543837,0.000543837,0.000543837
382,1529.35,1.18479,0.81025,0.85325,0.80893,0.63468,0.7439,0.42753,1.31629,0.80266,0.82209,0.000541899,0.000541899,0.000541899
383,1533.25,1.42881,0.90086,0.85831,0.81868,0.636,0.744,0.42741,1.30974,0.80112,0.82211,0.00053996,0.00053996,0.00053996
384,1537.32,1.39651,0.90199,0.86689,0.81103,0.63921,0.74489,0.43092,1.30703,0.80473,0.82144,0.000538021,0.000538021,0.000538021
385,1541.42,1.33426,0.84942,0.83767,0.80121,0.64319,0.74736,0.42863,1.32097,0.81097,0.822,0.000536081,0.000536081,0.000536081
386,1545.35,1.37134,0.84886,0.84215,0.80324,0.64282,0.7483,0.43223,1.31331,0.80187,0.8224,0.000534141,0.000534141,0.000534141
387,1549.36,1.27753,0.8192,0.83815,0.81712,0.63825,0.74689,0.42591,1.32574,0.80528,0.82269,0.0005322,0.0005322,0.0005322
388,1553.25,1.30064,0.80424,0.83527,0.81597,0.6296,0.74555,0.43016,1.30863,0.80462,0.82169,0.000530259,0.000530259,0.000530259
389,1557.24,1.46321,0.90215,0.84687,0.81423,0.63015,0.74371,0.43037,1.29954,0.7949,0.82088,0.000528318,0.000528318,0.000528318
390,1561.3,1.42784,0.89291,0.85056,0.81186,0.64044,0.74025,0.41659,1.3333,0.81798,0.8229,0.000526376,0.000526376,0.000526376
391,1565.21,1.19192,0.83725,0.85982,0.81142,0.63839,0.73723,0.40863,1.35695,0.82744,0.824,0.000524434,0.000524434,0.000524434
392,1569.14,1.38276,0.87024,0.84573,0.81635,0.63234,0.74287,0.42846,1.28922,0.7928,0.81988,0.000522491,0.000522491,0.000522491
393,1573,1.52939,0.9389,0.86404,0.81736,0.63207,0.74344,0.42784,1.3006,0.79731,0.82006,0.000520548,0.000520548,0.000520548
394,1577.04,1.29686,0.83803,0.84146,0.82812,0.63962,0.74705,0.42033,1.32427,0.80883,0.82066,0.000518605,0.000518605,0.000518605
395,1580.89,1.21463,0.81242,0.84376,0.8288,0.63606,0.7437,0.41535,1.34812,0.81483,0.82162,0.000516662,0.000516662,0.000516662
396,1584.92,1.26207,0.83009,0.85096,0.81437,0.63661,0.7453,0.43219,1.30415,0.79623,0.82025,0.000514719,0.000514719,0.000514719
397,1588.82,1.33488,0.85776,0.84945,0.81158,0.63591,0.74777,0.43403,1.30319,0.79751,0.82025,0.000512775,0.000512775,0.000512775
398,1592.94,1.277,0.81963,0.83826,0.81385,0.64405,0.74995,0.42828,1.31544,0.79751,0.82109,0.000510831,0.000510831,0.000510831
399,1596.79,1.27642,0.82486,0.83826,0.81342,0.64072,0.74836,0.42637,1.31686,0.79743,0.82051,0.000508888,0.000508888,0.000508888
400,1600.88,1.25861,0.83891,0.84609,0.81632,0.64237,0.74852,0.43115,1.29883,0.79256,0.81965,0.000506944,0.000506944,0.000506944
401,1604.85,1.22304,0.7894,0.83525,0.80119,0.6458,0.74688,0.42786,1.31461,0.79986,0.82029,0.000505,0.000505,0.000505
402,1608.73,1.30919,0.84169,0.84704,0.81021,0.63179,0.74144,0.42257,1.32446,0.8037,0.82096,0.000503056,0.000503056,0.000503056
403,1612.62,1.23011,0.81584,0.84061,0.80999,0.64082,0.74425,0.4269,1.3039,0.79789,0.81992,0.000501112,0.000501112,0.000501112
404,1616.6,1.19073,0.78609,0.8291,0.80901,0.64566,0.74833,0.43049,1.2917,0.78894,0.81994,0.000499169,0.000499169,0.000499169
405,1620.59,1.17423,0.77413,0.83009,0.80588,0.64632,0.74959,0.43061,1.30039,0.79402,0.82077,0.000497225,0.000497225,0.000497225
406,1624.51,1.24928,0.82769,0.84437,0.81629,0.64154,0.74741,0.43136,1.2885,0.78609,0.8191,0.000495281,0.000495281,0.000495281
407,1628.32,1.22502,0.8218,0.84282,0.8122,0.63633,0.74272,0.43138,1.28845,0.787,0.81897,0.000493338,0.000493338,0.000493338
408,1632.35,1.28179,0.84216,0.85089,0.81523,0.6342,0.74246,0.42785,1.31164,0.80071,0.8212,0.000491395,0.000491395,0.000491395
409,1636.34,1.32497,0.85195,0.85649,0.82125,0.63234,0.74589,0.43368,1.29238,0.79685,0.82006,0.000489452,0.000489452,0.000489452
410,1640.48,1.40269,0.90125,0.86913,0.82013,0.63474,0.74896,0.42867,1.31663,0.80989,0.82049,0.000487509,0.000487509,0.000487509
411,1644.39,1.35293,0.8851,0.85821,0.83084,0.63048,0.74641,0.42464,1.32615,0.81042,0.82154,0.000485566,0.000485566,0.000485566
412,1648.41,1.24555,0.81596,0.86171,0.81641,0.63921,0.74379,0.42748,1.30579,0.79938,0.82191,0.000483624,0.000483624,0.000483624
413,1652.31,1.32185,0.84018,0.84914,0.81365,0.64525,0.74665,0.42721,1.31552,0.80103,0.82203,0.000481682,0.000481682,0.000481682
414,1656.29,1.46019,0.91928,0.84816,0.8102,0.64854,0.75023,0.42495,1.31967,0.80163,0.82245,0.000479741,0.000479741,0.000479741
415,1660.28,1.30926,0.85387,0.84392,0.81194,0.63578,0.74497,0.42434,1.31988,0.80167,0.8228,0.0004778,0.0004778,0.0004778
416,1664.61,1.26077,0.82883,0.84335,0.80678,0.64318,0.74462,0.42076,1.32271,0.80417,0.82357,0.000475859,0.000475859,0.000475859
417,1668.47,1.26172,0.80512,0.82877,0.80736,0.64498,0.74767,0.42673,1.3068,0.79922,0.82215,0.000473919,0.000473919,0.000473919
418,1672.51,1.34007,0.86311,0.84451,0.81146,0.64937,0.75503,0.43074,1.30642,0.79739,0.82073,0.000471979,0.000471979,0.000471979
419,1676.53,1.28405,0.82985,0.84058,0.81491,0.65239,0.75528,0.42653,1.32116,0.80733,0.82124,0.00047004,0.00047004,0.00047004
420,1680.72,1.2938,0.84237,0.85444,0.81319,0.64961,0.75285,0.42531,1.31966,0.8013,0.82176,0.000468101,0.000468101,0.000468101
421,1684.55,1.29115,0.83113,0.83647,0.80052,0.64745,0.74827,0.42941,1.3061,0.79773,0.82119,0.000466163,0.000466163,0.000466163
422,1688.47,1.26778,0.81318,0.83526,0.81221,0.64429,0.74836,0.42919,1.30109,0.79407,0.82211,0.000464225,0.000464225,0.000464225
423,1692.43,1.25651,0.82077,0.8287,0.80604,0.64594,0.74963,0.42966,1.30721,0.79435,0.8219,0.000462288,0.000462288,0.000462288
424,1696.58,1.16384,0.76942,0.84015,0.80943,0.65115,0.75163,0.43009,1.29865,0.78923,0.82018,0.000460352,0.000460352,0.000460352
425,1700.63,1.24262,0.7937,0.83137,0.81063,0.64498,0.75048,0.43381,1.28444,0.78156,0.81986,0.000458416,0.000458416,0.000458416
426,1704.55,1.41949,0.88565,0.83917,0.80986,0.64058,0.7461,0.43028,1.29813,0.7861,0.82007,0.000456482,0.000456482,0.000456482
427,1708.61,1.2813,0.81887,0.84517,0.80757,0.64429,0.74627,0.43181,1.28724,0.78238,0.8194,0.000454547,0.000454547,0.000454547
428,1712.64,1.27913,0.83031,0.83467,0.80517,0.64429,0.74732,0.43451,1.27492,0.77665,0.82022,0.000452614,0.000452614,0.000452614
429,1716.68,1.24133,0.80928,0.84529,0.80488,0.64594,0.74892,0.43226,1.27967,0.78073,0.82026,0.000450682,0.000450682,0.000450682
430,1720.9,1.14105,0.76162,0.83191,0.80334,0.64264,0.74698,0.43005,1.29043,0.78409,0.82072,0.00044875,0.00044875,0.00044875
431,1724.84,1.37054,0.85572,0.84982,0.80088,0.64319,0.74708,0.43614,1.27485,0.7782,0.81989,0.000446819,0.000446819,0.000446819
432,1729.01,1.38314,0.86661,0.85064,0.80614,0.63767,0.74453,0.43326,1.28812,0.78412,0.8209,0.000444889,0.000444889,0.000444889
433,1732.97,1.38391,0.86392,0.84777,0.81393,0.63898,0.74535,0.42383,1.31423,0.79618,0.82194,0.00044296,0.00044296,0.00044296
434,1737.08,1.25504,0.82345,0.84064,0.81569,0.64429,0.74791,0.42508,1.30979,0.79908,0.82201,0.000441032,0.000441032,0.000441032
435,1741.21,1.28256,0.80994,0.83532,0.81665,0.63777,0.74637,0.43175,1.28664,0.78509,0.81989,0.000439105,0.000439105,0.000439105
436,1745.27,1.31666,0.85365,0.85186,0.81612,0.63564,0.74509,0.42601,1.30683,0.79076,0.8203,0.000437179,0.000437179,0.000437179
437,1749.11,1.2431,0.8103,0.83956,0.81624,0.64395,0.74505,0.42549,1.30772,0.79437,0.82095,0.000435254,0.000435254,0.000435254
438,1753.12,1.23163,0.80529,0.84297,0.80458,0.6506,0.74869,0.42998,1.28943,0.78465,0.81971,0.00043333,0.00043333,0.00043333
439,1756.94,1.24243,0.80528,0.83893,0.81108,0.64278,0.74928,0.43291,1.28526,0.78078,0.81975,0.000431407,0.000431407,0.000431407
440,1761.05,1.20365,0.77426,0.83969,0.81367,0.64269,0.7483,0.42821,1.30868,0.78825,0.82076,0.000429485,0.000429485,0.000429485
441,1764.99,1.18526,0.77677,0.83047,0.8142,0.64313,0.7485,0.4284,1.30884,0.79084,0.82031,0.000427565,0.000427565,0.000427565
442,1769.04,1.31863,0.83891,0.83749,0.82299,0.64214,0.75088,0.43708,1.28032,0.78124,0.81894,0.000425646,0.000425646,0.000425646
443,1773.05,1.24188,0.80747,0.83709,0.82075,0.64086,0.74824,0.43362,1.2881,0.78588,0.81969,0.000423728,0.000423728,0.000423728
444,1777.16,1.34339,0.87071,0.85848,0.80067,0.64978,0.75105,0.43275,1.30491,0.79034,0.82046,0.000421811,0.000421811,0.000421811
445,1781.2,1.22181,0.78026,0.82418,0.79329,0.65648,0.7539,0.4333,1.3027,0.7894,0.82061,0.000419895,0.000419895,0.000419895
446,1785.22,1.31486,0.83313,0.83393,0.80595,0.64745,0.74994,0.43121,1.30068,0.78894,0.81998,0.000417981,0.000417981,0.000417981
447,1789.09,1.32492,0.82617,0.83884,0.79413,0.65137,0.74715,0.42912,1.30378,0.7869,0.8204,0.000416068,0.000416068,0.000416068
448,1793.03,1.23273,0.79135,0.83127,0.80842,0.64031,0.74411,0.42535,1.31777,0.79388,0.82079,0.000414156,0.000414156,0.000414156
449,1797.1,1.20363,0.8152,0.84041,0.80695,0.63929,0.74324,0.42493,1.31484,0.79774,0.82058,0.000412246,0.000412246,0.000412246
450,1801.27,1.285,0.83385,0.83926,0.79997,0.6469,0.74766,0.43438,1.28646,0.79196,0.81835,0.000410338,0.000410338,0.000410338
451,1805.19,1.20906,0.79614,0.84024,0.8039,0.64498,0.7474,0.43527,1.28037,0.78784,0.81721,0.00040843,0.00040843,0.00040843
452,1809.23,1.30872,0.80551,0.82613,0.79983,0.65554,0.75102,0.43157,1.29317,0.7864,0.81759,0.000406525,0.000406525,0.000406525
453,1813.12,1.19531,0.77589,0.83004,0.80795,0.64976,0.7525,0.42863,1.30466,0.791,0.81885,0.00040462,0.00040462,0.00040462
454,1817.12,1.1968,0.79719,0.83285,0.81077,0.64827,0.75288,0.43508,1.28537,0.78646,0.81943,0.000402718,0.000402718,0.000402718
455,1821.11,1.28811,0.81927,0.83487,0.80997,0.6469,0.75067,0.43526,1.28295,0.78918,0.81879,0.000400816,0.000400816,0.000400816
456,1825.05,1.17909,0.79941,0.84299,0.81582,0.64705,0.7488,0.42596,1.29921,0.80344,0.81895,0.000398917,0.000398917,0.000398917
457,1829.23,1.25241,0.81394,0.84017,0.81307,0.64649,0.75137,0.43103,1.28771,0.79415,0.818,0.000397019,0.000397019,0.000397019
458,1833.22,1.14302,0.7635,0.83178,0.81252,0.64731,0.75008,0.43807,1.27192,0.78072,0.81776,0.000395123,0.000395123,0.000395123
459,1837.26,1.3178,0.83463,0.84173,0.81971,0.64319,0.74656,0.4322,1.2853,0.78204,0.81888,0.000393228,0.000393228,0.000393228
460,1841.39,1.27327,0.8023,0.83467,0.81956,0.64827,0.75351,0.43142,1.2928,0.77913,0.8191,0.000391336,0.000391336,0.000391336
461,1845.29,1.21372,0.80681,0.83929,0.81296,0.65541,0.75398,0.43149,1.29308,0.77653,0.81917,0.000389445,0.000389445,0.000389445
462,1849.21,1.26666,0.79683,0.83087,0.80653,0.65486,0.75413,0.43861,1.27891,0.77537,0.81856,0.000387555,0.000387555,0.000387555
463,1853.25,1.1907,0.79548,0.8337,0.8101,0.65124,0.75413,0.43744,1.27931,0.77338,0.81823,0.000385668,0.000385668,0.000385668
464,1857.19,1.25716,0.80729,0.83431,0.81765,0.65115,0.75315,0.43502,1.28027,0.77567,0.81848,0.000383782,0.000383782,0.000383782
465,1861.23,1.22796,0.79235,0.8285,0.81065,0.65404,0.75224,0.43724,1.27196,0.77189,0.81829,0.000381899,0.000381899,0.000381899
466,1865.21,1.15506,0.80238,0.83927,0.8107,0.65321,0.75539,0.44368,1.25822,0.76801,0.81656,0.000380017,0.000380017,0.000380017
467,1869.31,1.30642,0.81982,0.8232,0.80478,0.66063,0.75695,0.44151,1.26616,0.77458,0.81651,0.000378137,0.000378137,0.000378137
468,1873.33,1.18648,0.7909,0.83556,0.80451,0.66008,0.75728,0.44167,1.27057,0.76986,0.81698,0.000376259,0.000376259,0.000376259
469,1877.26,1.1834,0.77523,0.82934,0.81785,0.64478,0.75258,0.43996,1.27547,0.77274,0.81786,0.000374383,0.000374383,0.000374383
470,1881.36,1.18216,0.79465,0.84172,0.81211,0.64322,0.74851,0.44001,1.26931,0.76502,0.81815,0.000372509,0.000372509,0.000372509
471,1885.17,1.21776,0.79554,0.84068,0.80887,0.65417,0.75451,0.44322,1.25974,0.76346,0.81735,0.000370637,0.000370637,0.000370637
472,1889.2,1.24079,0.81443,0.83254,0.81586,0.65445,0.75735,0.44147,1.26253,0.76884,0.81674,0.000368767,0.000368767,0.000368767
473,1893.2,1.18047,0.77745,0.83742,0.83002,0.64676,0.75882,0.44135,1.2642,0.7712,0.81661,0.000366899,0.000366899,0.000366899
474,1897.2,1.31681,0.84086,0.84347,0.83448,0.64298,0.75626,0.4445,1.25422,0.76479,0.8164,0.000365034,0.000365034,0.000365034
475,1901.44,1.20358,0.80584,0.85236,0.81915,0.64498,0.75211,0.44387,1.25677,0.76755,0.81647,0.00036317,0.00036317,0.00036317
476,1905.4,1.338,0.82686,0.8412,0.80633,0.64646,0.75339,0.44198,1.27466,0.77497,0.81682,0.000361309,0.000361309,0.000361309
477,1909.24,1.24322,0.79557,0.82797,0.81663,0.64099,0.75424,0.44548,1.26112,0.76684,0.8162,0.00035945,0.00035945,0.00035945
478,1913.46,1.21666,0.80555,0.8378,0.80263,0.65541,0.75595,0.44231,1.26095,0.76606,0.81591,0.000357593,0.000357593,0.000357593
479,1917.33,1.15675,0.75983,0.82665,0.80666,0.64896,0.75465,0.44051,1.26369,0.76765,0.81571,0.000355739,0.000355739,0.000355739
480,1921.27,1.14017,0.75681,0.82649,0.81105,0.64882,0.75457,0.44378,1.2552,0.7665,0.81539,0.000353886,0.000353886,0.000353886
481,1925.31,1.29964,0.82826,0.8246,0.7964,0.65719,0.7534,0.44102,1.26669,0.77196,0.81664,0.000352037,0.000352037,0.000352037
482,1929.23,1.21049,0.77684,0.83214,0.8342,0.63413,0.75411,0.44129,1.26738,0.77115,0.81748,0.000350189,0.000350189,0.000350189
483,1933.16,1.22778,0.77816,0.82531,0.83476,0.63735,0.75319,0.43978,1.26117,0.76773,0.81719,0.000348344,0.000348344,0.000348344
484,1937.21,1.19391,0.77349,0.83575,0.83638,0.63262,0.74795,0.43462,1.26524,0.77038,0.81767,0.000346501,0.000346501,0.000346501
485,1941.09,1.28452,0.80026,0.82645,0.8394,0.62856,0.74841,0.43723,1.26391,0.77056,0.81787,0.000344661,0.000344661,0.000344661
486,1945.12,1.30578,0.84333,0.84654,0.83163,0.63674,0.75328,0.44143,1.25026,0.76864,0.81644,0.000342823,0.000342823,0.000342823
487,1949.02,1.12904,0.74918,0.82882,0.8237,0.64539,0.75411,0.44089,1.25264,0.76965,0.8159,0.000340988,0.000340988,0.000340988
488,1953,1.24966,0.80945,0.83282,0.82794,0.65135,0.75625,0.43784,1.26816,0.77622,0.81646,0.000339155,0.000339155,0.000339155
489,1956.96,1.33626,0.83852,0.83361,0.82222,0.65253,0.75685,0.44033,1.26345,0.77179,0.81612,0.000337325,0.000337325,0.000337325
490,1960.92,1.20415,0.7696,0.82233,0.83119,0.64745,0.75839,0.44272,1.25611,0.76452,0.81611,0.000335497,0.000335497,0.000335497
491,1964.96,1.25761,0.81451,0.84257,0.83993,0.64896,0.75849,0.43808,1.26754,0.76528,0.8167,0.000333672,0.000333672,0.000333672
492,1969.1,1.24388,0.79284,0.83788,0.83231,0.64532,0.75749,0.43874,1.26688,0.76549,0.81746,0.00033185,0.00033185,0.00033185
493,1972.92,1.30843,0.84476,0.8412,0.83373,0.63839,0.75587,0.44254,1.25869,0.7628,0.81752,0.00033003,0.00033003,0.00033003
494,1976.93,1.27036,0.82328,0.83023,0.82222,0.65081,0.75588,0.43776,1.26923,0.76894,0.81673,0.000328213,0.000328213,0.000328213
495,1980.82,1.31139,0.82328,0.84037,0.82766,0.64811,0.75662,0.43662,1.27706,0.77746,0.8167,0.000326399,0.000326399,0.000326399
496,1984.78,1.24276,0.81085,0.83865,0.8112,0.6517,0.75828,0.44748,1.24289,0.76211,0.815,0.000324587,0.000324587,0.000324587
497,1988.85,1.20729,0.80044,0.842,0.81175,0.65198,0.75995,0.45001,1.23947,0.75837,0.81488,0.000322778,0.000322778,0.000322778
498,1993.43,1.19807,0.79256,0.83263,0.81983,0.65349,0.75946,0.44196,1.27704,0.77549,0.8155,0.000320972,0.000320972,0.000320972
499,1997.29,1.24066,0.80537,0.83882,0.80783,0.66227,0.76058,0.44014,1.28031,0.77309,0.8155,0.000319169,0.000319169,0.000319169
500,2001.3,1.26248,0.80707,0.8337,0.79274,0.66969,0.76184,0.44359,1.26293,0.76279,0.81512,0.000317369,0.000317369,0.000317369
501,2005.23,1.20621,0.77431,0.8267,0.80772,0.65916,0.76014,0.44342,1.25972,0.7626,0.8154,0.000315572,0.000315572,0.000315572
502,2009.38,1.3125,0.83022,0.83361,0.82097,0.65224,0.75777,0.43618,1.27584,0.77064,0.81621,0.000313777,0.000313777,0.000313777
503,2013.26,1.21057,0.79331,0.83368,0.82346,0.65143,0.75982,0.44331,1.25399,0.7623,0.81533,0.000311986,0.000311986,0.000311986
504,2017.31,1.19858,0.78601,0.83604,0.80915,0.65321,0.75909,0.44594,1.24486,0.7558,0.81479,0.000310197,0.000310197,0.000310197
505,2021.17,1.28403,0.82218,0.83703,0.80876,0.65912,0.75943,0.44544,1.24519,0.759,0.81448,0.000308412,0.000308412,0.000308412
506,2025.22,1.27895,0.8047,0.82706,0.82169,0.65898,0.76034,0.44542,1.23809,0.75333,0.81455,0.000306629,0.000306629,0.000306629
507,2029.14,1.17748,0.75752,0.82697,0.81649,0.66335,0.761,0.44696,1.23448,0.75135,0.81484,0.00030485,0.00030485,0.00030485
508,2033.12,1.26875,0.80855,0.83451,0.80701,0.66422,0.75983,0.44604,1.24043,0.75459,0.81484,0.000303074,0.000303074,0.000303074
509,2036.94,1.10934,0.72919,0.82335,0.8036,0.66337,0.75929,0.44823,1.23491,0.75182,0.81424,0.0003013,0.0003013,0.0003013
510,2040.86,1.0703,0.74309,0.8301,0.80248,0.66282,0.75792,0.44983,1.23365,0.7591,0.81386,0.00029953,0.00029953,0.00029953
511,2044.77,1.23057,0.77967,0.82713,0.80675,0.66427,0.75784,0.4483,1.2417,0.75966,0.81414,0.000297763,0.000297763,0.000297763
512,2048.74,1.17664,0.77705,0.8367,0.81044,0.65972,0.75785,0.44692,1.24686,0.75811,0.81507,0.000296,0.000296,0.000296
513,2052.6,1.17074,0.74558,0.8268,0.8092,0.65967,0.75839,0.44649,1.24692,0.7582,0.81488,0.000294239,0.000294239,0.000294239
514,2056.71,1.33889,0.85066,0.85252,0.79848,0.66008,0.75901,0.44409,1.25863,0.75755,0.81591,0.000292482,0.000292482,0.000292482
515,2060.69,1.35184,0.84355,0.83413,0.8089,0.65733,0.76104,0.44416,1.25737,0.75897,0.81582,0.000290728,0.000290728,0.000290728
516,2064.72,1.30497,0.8142,0.83123,0.80521,0.66365,0.76004,0.44092,1.26037,0.76256,0.8159,0.000288977,0.000288977,0.000288977
517,2068.71,1.22561,0.78319,0.83705,0.79609,0.66831,0.76065,0.44486,1.25315,0.76225,0.81569,0.00028723,0.00028723,0.00028723
518,2072.77,1.11704,0.74595,0.82125,0.79688,0.65334,0.75888,0.44543,1.25393,0.76642,0.81531,0.000285486,0.000285486,0.000285486
519,2076.56,1.22088,0.79002,0.82798,0.82573,0.63813,0.7605,0.44625,1.25141,0.76162,0.81481,0.000283746,0.000283746,0.000283746
520,2080.49,1.15178,0.74395,0.82344,0.80042,0.66511,0.76185,0.44393,1.25277,0.75727,0.81456,0.000282008,0.000282008,0.000282008
521,2084.46,1.16837,0.76313,0.8332,0.81131,0.66227,0.76367,0.44252,1.25865,0.76052,0.81506,0.000280275,0.000280275,0.000280275
522,2088.3,1.18263,0.7771,0.82492,0.83329,0.64023,0.76117,0.44836,1.24676,0.76032,0.81393,0.000278544,0.000278544,0.000278544
523,2092.15,1.30164,0.82873,0.84347,0.82826,0.64292,0.76085,0.44755,1.25202,0.76217,0.81427,0.000276818,0.000276818,0.000276818
524,2096.28,1.22274,0.79484,0.83479,0.82079,0.65774,0.76394,0.44205,1.26482,0.76972,0.81486,0.000275094,0.000275094,0.000275094
525,2100.21,1.16299,0.76944,0.83612,0.82833,0.655,0.76199,0.43678,1.27257,0.77086,0.81513,0.000273375,0.000273375,0.000273375
526,2104.13,1.21794,0.78174,0.82093,0.82486,0.6506,0.75886,0.43944,1.27086,0.76662,0.81498,0.000271659,0.000271659,0.000271659
527,2107.99,1.19583,0.77665,0.83306,0.8263,0.64981,0.75803,0.44191,1.2587,0.76048,0.81454,0.000269946,0.000269946,0.000269946
528,2111.99,1.27214,0.81118,0.82237,0.82617,0.64964,0.75962,0.44803,1.23559,0.75072,0.81364,0.000268237,0.000268237,0.000268237
529,2116.05,1.27876,0.80632,0.83703,0.81815,0.64662,0.75652,0.44898,1.23215,0.74899,0.81353,0.000266532,0.000266532,0.000266532
530,2120.08,1.22259,0.77697,0.81959,0.82436,0.64401,0.75695,0.44822,1.23936,0.75584,0.8142,0.00026483,0.00026483,0.00026483
531,2123.9,1.258,0.82268,0.83974,0.80182,0.66542,0.75975,0.44938,1.23522,0.75221,0.8136,0.000263132,0.000263132,0.000263132
532,2127.97,1.26511,0.8244,0.83278,0.83607,0.6458,0.76118,0.45192,1.23018,0.74924,0.81316,0.000261438,0.000261438,0.000261438
533,2131.97,1.24934,0.82476,0.83753,0.82702,0.65157,0.76122,0.45236,1.23095,0.7492,0.81302,0.000259748,0.000259748,0.000259748
534,2136.59,1.18592,0.75765,0.81647,0.82064,0.65651,0.76239,0.44996,1.23867,0.75287,0.81382,0.000258061,0.000258061,0.000258061
535,2140.7,1.22144,0.77593,0.8325,0.81671,0.65763,0.76281,0.45005,1.23956,0.75272,0.81432,0.000256379,0.000256379,0.000256379
536,2144.68,1.26076,0.79272,0.82712,0.81838,0.65939,0.76424,0.45251,1.23067,0.74924,0.81396,0.0002547,0.0002547,0.0002547
537,2148.69,1.27767,0.78646,0.8235,0.81672,0.66379,0.76642,0.45376,1.22714,0.74625,0.81372,0.000253024,0.000253024,0.000253024
538,2153.11,1.18359,0.80233,0.84684,0.80404,0.66612,0.76487,0.45403,1.22578,0.74136,0.81321,0.000251353,0.000251353,0.000251353
539,2157.13,1.0954,0.72556,0.81904,0.81353,0.65227,0.76142,0.45052,1.23575,0.74472,0.8134,0.000249686,0.000249686,0.000249686
540,2161.04,1.18213,0.75755,0.8202,0.82399,0.65365,0.76417,0.45198,1.23196,0.74522,0.81328,0.000248023,0.000248023,0.000248023
541,2164.99,1.35853,0.8341,0.83472,0.84546,0.64072,0.76381,0.45423,1.22125,0.74185,0.81284,0.000246363,0.000246363,0.000246363
542,2169.14,1.14197,0.75082,0.82617,0.83138,0.64508,0.76333,0.45532,1.21708,0.742,0.81255,0.000244708,0.000244708,0.000244708
543,2173.4,1.15372,0.74705,0.82074,0.827,0.65266,0.76407,0.45234,1.22837,0.74327,0.8131,0.000243056,0.000243056,0.000243056
544,2177.42,1.14737,0.74241,0.82332,0.82477,0.65925,0.76565,0.45131,1.23249,0.74451,0.81347,0.000241409,0.000241409,0.000241409
545,2181.25,1.21021,0.78466,0.84122,0.8331,0.65102,0.76425,0.45378,1.22031,0.7412,0.81319,0.000239766,0.000239766,0.000239766
546,2185.2,1.17434,0.75631,0.82268,0.82627,0.65556,0.75941,0.45096,1.22535,0.74534,0.81341,0.000238127,0.000238127,0.000238127
547,2189.23,1.13753,0.75563,0.82892,0.82261,0.65102,0.75768,0.45058,1.22843,0.74878,0.81346,0.000236491,0.000236491,0.000236491
548,2193.22,1.15407,0.75409,0.8254,0.81843,0.65623,0.76101,0.44898,1.23747,0.74822,0.81314,0.00023486,0.00023486,0.00023486
549,2197.14,1.20148,0.76097,0.82107,0.81883,0.6598,0.76403,0.44811,1.24115,0.75016,0.8131,0.000233234,0.000233234,0.000233234
550,2201.08,1.16311,0.77556,0.83347,0.8243,0.65889,0.76338,0.45055,1.22716,0.74715,0.81253,0.000231611,0.000231611,0.000231611
551,2205.08,1.17727,0.76716,0.83269,0.81639,0.65967,0.76307,0.452,1.22286,0.74798,0.81233,0.000229993,0.000229993,0.000229993
552,2209.15,1.26058,0.82917,0.85649,0.81771,0.65843,0.76282,0.45321,1.21622,0.74619,0.81172,0.000228379,0.000228379,0.000228379
553,2213.08,1.08644,0.72266,0.81778,0.80159,0.66873,0.76253,0.45033,1.23037,0.75176,0.81231,0.000226769,0.000226769,0.000226769
554,2217.02,1.18441,0.74799,0.82623,0.80828,0.66337,0.76314,0.44935,1.23264,0.75162,0.81243,0.000225163,0.000225163,0.000225163
555,2220.98,1.13852,0.75161,0.82685,0.81408,0.65692,0.76251,0.4525,1.22171,0.74372,0.8121,0.000223562,0.000223562,0.000223562
556,2224.87,1.1498,0.74103,0.8203,0.81101,0.66241,0.76263,0.45578,1.20641,0.73614,0.81158,0.000221965,0.000221965,0.000221965
557,2229.05,1.24255,0.78143,0.82027,0.82487,0.65695,0.76549,0.45388,1.2134,0.73829,0.81144,0.000220372,0.000220372,0.000220372
558,2233.16,1.25199,0.78584,0.83798,0.83198,0.65925,0.769,0.45476,1.21743,0.73763,0.81157,0.000218784,0.000218784,0.000218784
559,2237.06,1.16394,0.77314,0.83071,0.8339,0.65548,0.76862,0.45641,1.21787,0.7392,0.81147,0.0002172,0.0002172,0.0002172
560,2241.23,1.06745,0.71413,0.82454,0.83681,0.65349,0.76622,0.45729,1.2124,0.7373,0.81123,0.000215621,0.000215621,0.000215621
561,2245.32,1.08789,0.73926,0.82426,0.83562,0.65555,0.7663,0.45778,1.21186,0.73807,0.81141,0.000214046,0.000214046,0.000214046
562,2249.41,1.20444,0.81817,0.84653,0.83496,0.64937,0.76593,0.45953,1.21103,0.7365,0.81134,0.000212476,0.000212476,0.000212476
563,2253.51,1.1693,0.75684,0.8207,0.837,0.64758,0.76546,0.45865,1.20932,0.73881,0.8115,0.00021091,0.00021091,0.00021091
564,2257.39,1.15672,0.765,0.82294,0.84147,0.6506,0.76658,0.45489,1.21912,0.74003,0.81203,0.000209349,0.000209349,0.000209349
565,2261.26,1.08426,0.73142,0.82043,0.82827,0.6522,0.76557,0.45424,1.22497,0.7402,0.81231,0.000207792,0.000207792,0.000207792
566,2265.25,1.08706,0.72756,0.82182,0.82484,0.65618,0.76767,0.45731,1.21657,0.73735,0.81162,0.00020624,0.00020624,0.00020624
567,2269.14,1.1595,0.79315,0.8331,0.82774,0.65555,0.76733,0.45906,1.21141,0.73509,0.81118,0.000204692,0.000204692,0.000204692
568,2273.24,1.16878,0.75982,0.82918,0.82171,0.66021,0.76849,0.45927,1.21127,0.73368,0.81101,0.000203149,0.000203149,0.000203149
569,2277.14,1.10921,0.72304,0.8237,0.82796,0.65266,0.76779,0.45993,1.21079,0.7335,0.81114,0.000201611,0.000201611,0.000201611
570,2281.3,1.20738,0.76476,0.83843,0.83653,0.64988,0.76701,0.45747,1.21545,0.7337,0.81139,0.000200077,0.000200077,0.000200077
571,2285.15,1.29084,0.81466,0.83747,0.83722,0.64889,0.76621,0.45815,1.20725,0.73066,0.8112,0.000198548,0.000198548,0.000198548
572,2289.26,1.18697,0.76494,0.82597,0.83265,0.65706,0.76713,0.46048,1.19825,0.72905,0.81078,0.000197024,0.000197024,0.000197024
573,2293.42,1.23195,0.79002,0.82853,0.81212,0.67079,0.76857,0.45876,1.20234,0.73223,0.81083,0.000195505,0.000195505,0.000195505
574,2297.37,1.00824,0.69163,0.81801,0.82279,0.66776,0.76769,0.45343,1.22193,0.73976,0.81159,0.00019399,0.00019399,0.00019399
575,2301.33,1.18697,0.76583,0.83075,0.8205,0.66598,0.76522,0.45522,1.21147,0.73391,0.81087,0.00019248,0.00019248,0.00019248
576,2305.33,1.24471,0.78492,0.82426,0.80949,0.6668,0.76382,0.45884,1.19881,0.73181,0.81005,0.000190975,0.000190975,0.000190975
577,2309.19,1.20993,0.76756,0.83034,0.80798,0.66708,0.76275,0.45898,1.19917,0.732,0.81033,0.000189475,0.000189475,0.000189475
578,2313.33,1.21616,0.79028,0.83255,0.80815,0.66851,0.76334,0.45585,1.21063,0.73521,0.81109,0.00018798,0.00018798,0.00018798
579,2317.26,1.09491,0.72528,0.81549,0.83979,0.64694,0.76426,0.45615,1.21358,0.73447,0.81131,0.000186489,0.000186489,0.000186489
580,2321.19,1.11651,0.75067,0.82771,0.81402,0.65939,0.76401,0.45803,1.2085,0.73551,0.81129,0.000185004,0.000185004,0.000185004
581,2325.07,1.26624,0.8265,0.84799,0.81736,0.65927,0.76406,0.45857,1.20616,0.73644,0.81097,0.000183523,0.000183523,0.000183523
582,2328.98,1.08094,0.7141,0.81615,0.84315,0.64827,0.76533,0.45951,1.20161,0.73448,0.81044,0.000182048,0.000182048,0.000182048
583,2332.82,1.12065,0.74609,0.8315,0.83218,0.65417,0.76608,0.45929,1.20124,0.73339,0.81054,0.000180577,0.000180577,0.000180577
584,2337.14,1.14387,0.75686,0.82804,0.84221,0.65292,0.7698,0.45615,1.21347,0.73908,0.81127,0.000179111,0.000179111,0.000179111
585,2341,1.16327,0.75738,0.81929,0.83757,0.65622,0.77115,0.45579,1.21744,0.74031,0.81156,0.000177651,0.000177651,0.000177651
586,2344.98,1.09438,0.71398,0.81286,0.83691,0.65519,0.77115,0.45999,1.2011,0.7371,0.81083,0.000176195,0.000176195,0.000176195
587,2348.82,1.20175,0.79045,0.83297,0.83448,0.65596,0.7689,0.46099,1.19793,0.73649,0.81071,0.000174745,0.000174745,0.000174745
588,2353,1.19574,0.77198,0.82858,0.83634,0.65104,0.76537,0.45964,1.2024,0.7349,0.81142,0.000173299,0.000173299,0.000173299
589,2356.85,1.12586,0.72662,0.81285,0.83264,0.65184,0.76507,0.45768,1.20844,0.73739,0.81185,0.000171859,0.000171859,0.000171859
590,2360.91,1.03894,0.69494,0.80854,0.83102,0.6506,0.76546,0.45225,1.23092,0.74119,0.81264,0.000170424,0.000170424,0.000170424
591,2364.74,1.04895,0.71461,0.82372,0.834,0.65102,0.76568,0.45295,1.22675,0.73915,0.81252,0.000168994,0.000168994,0.000168994
592,2368.71,1.11791,0.72866,0.82013,0.83044,0.6549,0.76809,0.45981,1.20559,0.73068,0.81106,0.000167569,0.000167569,0.000167569
593,2372.51,1.12161,0.73972,0.83459,0.83034,0.65582,0.76963,0.46212,1.20509,0.73222,0.81061,0.000166149,0.000166149,0.000166149
594,2376.79,1.13313,0.73743,0.82473,0.83455,0.65232,0.7687,0.46079,1.21062,0.73722,0.81133,0.000164735,0.000164735,0.000164735
595,2380.64,1.18092,0.77318,0.84198,0.83683,0.65692,0.77214,0.46012,1.22163,0.74186,0.81168,0.000163326,0.000163326,0.000163326
596,2384.64,1.15614,0.76758,0.83293,0.82252,0.66818,0.77542,0.4627,1.21761,0.73661,0.81227,0.000161922,0.000161922,0.000161922
597,2388.55,1.05407,0.71366,0.8285,0.82495,0.66749,0.77417,0.46496,1.20474,0.73149,0.81188,0.000160523,0.000160523,0.000160523
598,2393.04,1.10729,0.73504,0.82495,0.83578,0.65225,0.76927,0.46432,1.19509,0.72851,0.81139,0.00015913,0.00015913,0.00015913
599,2397.24,1.17529,0.74254,0.82659,0.82659,0.65994,0.76865,0.46414,1.19344,0.72919,0.81103,0.000157742,0.000157742,0.000157742
600,2401.38,1.21761,0.79662,0.85001,0.83294,0.65774,0.76882,0.46063,1.20453,0.73143,0.81138,0.000156359,0.000156359,0.000156359
601,2405.2,1.17502,0.74357,0.81715,0.82832,0.65898,0.76791,0.45973,1.20858,0.73132,0.81176,0.000154982,0.000154982,0.000154982
602,2409.16,1.21156,0.76799,0.82993,0.81902,0.66666,0.76826,0.46256,1.19545,0.72544,0.81153,0.00015361,0.00015361,0.00015361
603,2413.09,1.32977,0.84514,0.83347,0.8169,0.66776,0.76951,0.46437,1.19135,0.72552,0.81116,0.000152244,0.000152244,0.000152244
604,2417.04,1.16395,0.74823,0.82875,0.81815,0.66928,0.77029,0.46522,1.18857,0.724,0.81087,0.000150883,0.000150883,0.000150883
605,2421.26,1.04659,0.69714,0.81535,0.83351,0.65981,0.77104,0.46524,1.19304,0.72465,0.81087,0.000149527,0.000149527,0.000149527
606,2425.55,1.20553,0.81554,0.84997,0.83671,0.64882,0.768,0.46241,1.20133,0.72507,0.81085,0.000148177,0.000148177,0.000148177
607,2429.44,1.12559,0.74217,0.82391,0.83198,0.65088,0.76678,0.46163,1.20317,0.72492,0.81096,0.000146833,0.000146833,0.000146833
608,2433.31,1.23666,0.78641,0.83366,0.82015,0.65829,0.76783,0.46364,1.19777,0.72769,0.81078,0.000145494,0.000145494,0.000145494
609,2437.18,1.17568,0.76347,0.83032,0.82774,0.65707,0.77054,0.46453,1.19722,0.72594,0.81093,0.000144161,0.000144161,0.000144161
610,2441.25,1.03838,0.68596,0.81225,0.83892,0.65857,0.77255,0.46364,1.19438,0.72474,0.81082,0.000142833,0.000142833,0.000142833
611,2445.13,1.15165,0.75934,0.83384,0.84248,0.65335,0.77218,0.46366,1.19498,0.72595,0.81054,0.00014151,0.00014151,0.00014151
612,2449.24,1.11013,0.72577,0.81609,0.83651,0.65513,0.76967,0.46339,1.19685,0.72423,0.81011,0.000140194,0.000140194,0.000140194
613,2453.09,1.04879,0.69869,0.81323,0.84098,0.65197,0.76698,0.46362,1.19355,0.72323,0.80985,0.000138883,0.000138883,0.000138883
614,2457.07,1.04414,0.71998,0.82657,0.84396,0.65047,0.76651,0.46291,1.18772,0.72327,0.8095,0.000137577,0.000137577,0.000137577
615,2461.08,1.23341,0.79963,0.82196,0.84919,0.64745,0.76753,0.46403,1.18311,0.72112,0.80941,0.000136277,0.000136277,0.000136277
616,2465.19,1.22054,0.78353,0.83151,0.84456,0.64898,0.76947,0.46664,1.18293,0.7192,0.8098,0.000134983,0.000134983,0.000134983
617,2469.36,1.07933,0.73685,0.82321,0.84122,0.65242,0.77057,0.46627,1.18497,0.72022,0.81006,0.000133695,0.000133695,0.000133695
618,2473.34,1.23046,0.77364,0.83338,0.83321,0.65404,0.7693,0.46599,1.18204,0.71924,0.80967,0.000132412,0.000132412,0.000132412
619,2477.22,1.08129,0.72443,0.82224,0.82578,0.65623,0.76744,0.46618,1.18039,0.71722,0.80992,0.000131136,0.000131136,0.000131136
620,2481.2,1.09696,0.73797,0.82847,0.83302,0.65486,0.76832,0.46448,1.18551,0.71817,0.81053,0.000129864,0.000129864,0.000129864
621,2485.18,1.16762,0.76336,0.83082,0.83341,0.65245,0.76671,0.46194,1.19106,0.71983,0.8106,0.000128599,0.000128599,0.000128599
622,2489.16,1.12084,0.72549,0.82533,0.83386,0.65335,0.76682,0.46113,1.1982,0.72281,0.81086,0.00012734,0.00012734,0.00012734
623,2493,1.09034,0.70912,0.80917,0.83115,0.65198,0.76606,0.46073,1.19821,0.72557,0.81056,0.000126086,0.000126086,0.000126086
624,2496.93,1.09368,0.71586,0.81814,0.8266,0.65582,0.7657,0.46096,1.19541,0.72705,0.8105,0.000124838,0.000124838,0.000124838
625,2500.8,1.18302,0.77501,0.82572,0.83288,0.6517,0.76531,0.46253,1.1901,0.72459,0.81029,0.000123596,0.000123596,0.000123596
626,2504.87,1.14826,0.74566,0.82093,0.83074,0.6563,0.76564,0.46598,1.17912,0.72034,0.80973,0.00012236,0.00012236,0.00012236
627,2508.74,1.10345,0.74211,0.83027,0.83385,0.65555,0.7667,0.46731,1.17774,0.71792,0.8094,0.00012113,0.00012113,0.00012113
628,2512.79,1.09402,0.722,0.81636,0.83027,0.66323,0.76895,0.46708,1.18056,0.71814,0.80953,0.000119905,0.000119905,0.000119905
629,2516.67,1.16603,0.74486,0.8222,0.83739,0.65939,0.77006,0.46607,1.18324,0.72001,0.80959,0.000118687,0.000118687,0.000118687
630,2520.6,1.08343,0.71493,0.82505,0.82565,0.66365,0.77219,0.46791,1.1851,0.72094,0.8093,0.000117475,0.000117475,0.000117475
631,2524.82,1.13675,0.73931,0.82755,0.82163,0.66502,0.7716,0.46894,1.1821,0.71853,0.80934,0.000116268,0.000116268,0.000116268
632,2529.1,1.13615,0.72769,0.8113,0.8257,0.66335,0.77232,0.46924,1.17916,0.71678,0.80915,0.000115068,0.000115068,0.000115068
633,2533.16,0.98812,0.68285,0.82119,0.82027,0.66355,0.77029,0.46736,1.18343,0.71712,0.80933,0.000113873,0.000113873,0.000113873
634,2537.25,1.26739,0.79713,0.82756,0.82245,0.66456,0.77091,0.46778,1.18434,0.71769,0.80934,0.000112685,0.000112685,0.000112685
635,2541.15,1.11548,0.74575,0.83684,0.82568,0.66269,0.76992,0.46798,1.18356,0.71784,0.80909,0.000111503,0.000111503,0.000111503
636,2545.1,1.13771,0.72287,0.81845,0.83218,0.65898,0.76853,0.46706,1.18076,0.71888,0.80897,0.000110326,0.000110326,0.000110326
637,2548.96,1.13079,0.73726,0.81907,0.83242,0.6608,0.76945,0.46749,1.17823,0.7188,0.8089,0.000109156,0.000109156,0.000109156
638,2553.07,1.13817,0.76628,0.83746,0.83225,0.66205,0.77113,0.46797,1.17652,0.71633,0.80883,0.000107992,0.000107992,0.000107992
639,2556.88,1.11783,0.71183,0.81294,0.83687,0.662,0.77248,0.46954,1.17524,0.71411,0.80888,0.000106834,0.000106834,0.000106834
640,2560.91,1.08731,0.73584,0.83099,0.83376,0.66296,0.77287,0.46777,1.17685,0.71485,0.80887,0.000105682,0.000105682,0.000105682
641,2564.86,1.12417,0.73268,0.82201,0.84764,0.65706,0.77372,0.46742,1.17873,0.71494,0.80877,0.000104537,0.000104537,0.000104537
642,2568.83,1.1826,0.75514,0.82681,0.83595,0.66255,0.77304,0.46898,1.17687,0.71423,0.80892,0.000103397,0.000103397,0.000103397
643,2572.72,1.18197,0.76399,0.83158,0.83972,0.66028,0.77235,0.46871,1.17966,0.71619,0.80921,0.000102264,0.000102264,0.000102264
644,2576.86,1.13165,0.72589,0.8185,0.83183,0.66889,0.77354,0.46734,1.18436,0.7187,0.80963,0.000101137,0.000101137,0.000101137
645,2580.73,1.1978,0.74628,0.81553,0.83879,0.66035,0.77253,0.46711,1.18495,0.71704,0.80965,0.000100016,0.000100016,0.000100016
646,2584.66,1.19498,0.75837,0.81858,0.83033,0.6611,0.77113,0.46962,1.1806,0.71488,0.80929,9.89013e-05,9.89013e-05,9.89013e-05
647,2588.58,1.08527,0.72578,0.82599,0.83704,0.65706,0.77172,0.47092,1.1765,0.71231,0.80884,9.77929e-05,9.77929e-05,9.77929e-05
648,2592.89,1.08,0.71642,0.82083,0.83776,0.6587,0.77261,0.47247,1.16657,0.7085,0.80846,9.66909e-05,9.66909e-05,9.66909e-05
649,2596.9,1.01619,0.68599,0.80886,0.84056,0.65644,0.77234,0.47168,1.16829,0.70799,0.80856,9.55951e-05,9.55951e-05,9.55951e-05
650,2600.85,1.00319,0.69735,0.82783,0.83823,0.65527,0.77152,0.47105,1.17273,0.71003,0.80853,9.45057e-05,9.45057e-05,9.45057e-05
651,2604.73,1.15572,0.74048,0.82004,0.84073,0.65486,0.77164,0.47022,1.17227,0.71034,0.80859,9.34225e-05,9.34225e-05,9.34225e-05
652,2608.66,1.06946,0.72328,0.82331,0.83557,0.65829,0.77105,0.46972,1.17172,0.70967,0.80852,9.23458e-05,9.23458e-05,9.23458e-05
653,2612.64,1.09139,0.74469,0.83428,0.83506,0.6603,0.77174,0.46927,1.17268,0.71076,0.80871,9.12754e-05,9.12754e-05,9.12754e-05
654,2616.58,1.16357,0.76934,0.83722,0.8305,0.66571,0.77392,0.46961,1.17059,0.71117,0.8084,9.02113e-05,9.02113e-05,9.02113e-05
655,2620.39,1.2852,0.80305,0.8346,0.8369,0.66351,0.7743,0.46972,1.16778,0.71214,0.80819,8.91537e-05,8.91537e-05,8.91537e-05
656,2624.37,1.21744,0.78619,0.82044,0.83801,0.66296,0.77417,0.46857,1.17174,0.71318,0.80808,8.81025e-05,8.81025e-05,8.81025e-05
657,2628.27,1.05693,0.71537,0.81913,0.84344,0.65925,0.77434,0.46866,1.17232,0.7137,0.80819,8.70577e-05,8.70577e-05,8.70577e-05
658,2632.33,1.12711,0.73971,0.82679,0.8457,0.65802,0.77465,0.46869,1.17579,0.71374,0.80845,8.60193e-05,8.60193e-05,8.60193e-05
659,2636.13,1.14222,0.76199,0.83312,0.83287,0.6631,0.77336,0.46815,1.17655,0.71622,0.80904,8.49874e-05,8.49874e-05,8.49874e-05
660,2640.05,1.02754,0.70708,0.82473,0.83227,0.66759,0.77607,0.47013,1.17694,0.71435,0.8088,8.3962e-05,8.3962e-05,8.3962e-05
661,2643.97,1.15317,0.74746,0.82432,0.83203,0.66598,0.77635,0.47204,1.17243,0.71325,0.80877,8.29431e-05,8.29431e-05,8.29431e-05
662,2647.88,1.0507,0.70355,0.82039,0.8332,0.6652,0.77718,0.47544,1.16649,0.71014,0.80852,8.19307e-05,8.19307e-05,8.19307e-05
663,2651.91,1.15791,0.76318,0.81935,0.82852,0.6668,0.77655,0.47461,1.16663,0.70935,0.80841,8.09248e-05,8.09248e-05,8.09248e-05
664,2655.92,1.14828,0.76586,0.83612,0.82471,0.67177,0.77538,0.47027,1.17275,0.71193,0.80852,7.99255e-05,7.99255e-05,7.99255e-05
665,2659.75,1.01976,0.68695,0.80903,0.82498,0.67301,0.77557,0.46847,1.17479,0.71296,0.80879,7.89327e-05,7.89327e-05,7.89327e-05
666,2663.75,1.0364,0.69846,0.82345,0.82929,0.66886,0.77353,0.46869,1.17352,0.71177,0.80858,7.79465e-05,7.79465e-05,7.79465e-05
667,2667.66,1.11979,0.71872,0.81598,0.82993,0.66527,0.77297,0.47113,1.16565,0.70774,0.80818,7.69668e-05,7.69668e-05,7.69668e-05
668,2671.63,1.05503,0.70679,0.81716,0.81887,0.67031,0.77271,0.47241,1.16248,0.7079,0.80783,7.59938e-05,7.59938e-05,7.59938e-05
669,2675.64,1.07008,0.71798,0.83069,0.81676,0.67051,0.77215,0.47249,1.16397,0.70765,0.8078,7.50274e-05,7.50274e-05,7.50274e-05
670,2679.57,1.12211,0.73796,0.82333,0.82214,0.66735,0.77188,0.47085,1.16928,0.71032,0.80797,7.40676e-05,7.40676e-05,7.40676e-05
671,2683.49,1.10502,0.72514,0.82218,0.82148,0.66982,0.77209,0.47111,1.16758,0.7096,0.808,7.31145e-05,7.31145e-05,7.31145e-05
672,2687.61,1.12323,0.7618,0.83391,0.82137,0.67092,0.77189,0.47197,1.16449,0.7097,0.80803,7.2168e-05,7.2168e-05,7.2168e-05
673,2691.45,1.14812,0.72891,0.82406,0.82042,0.66996,0.77202,0.47318,1.16266,0.70783,0.8078,7.12282e-05,7.12282e-05,7.12282e-05
674,2695.51,1.11328,0.71625,0.80834,0.82124,0.6654,0.77095,0.47287,1.16392,0.70935,0.80783,7.02951e-05,7.02951e-05,7.02951e-05
675,2699.43,1.2052,0.75448,0.81807,0.81889,0.66914,0.77147,0.47214,1.16541,0.71058,0.80794,6.93687e-05,6.93687e-05,6.93687e-05
676,2703.34,1.02926,0.70341,0.81806,0.81567,0.67051,0.771,0.47139,1.16655,0.70962,0.8077,6.8449e-05,6.8449e-05,6.8449e-05
677,2707.24,1.09352,0.71457,0.82068,0.81656,0.6723,0.77202,0.47132,1.1675,0.71155,0.80776,6.7536e-05,6.7536e-05,6.7536e-05
678,2711.14,1.10035,0.75878,0.8432,0.81874,0.67158,0.77252,0.47372,1.16386,0.70992,0.80755,6.66298e-05,6.66298e-05,6.66298e-05
679,2715.11,1.00016,0.69826,0.81813,0.81809,0.67133,0.77321,0.47445,1.16208,0.70807,0.80746,6.57303e-05,6.57303e-05,6.57303e-05
680,2719.25,1.15941,0.74407,0.8199,0.8138,0.67408,0.77238,0.47456,1.16151,0.70851,0.80765,6.48377e-05,6.48377e-05,6.48377e-05
681,2723.1,1.16634,0.75022,0.81727,0.81456,0.67326,0.77387,0.47439,1.16137,0.70761,0.80752,6.39518e-05,6.39518e-05,6.39518e-05
682,2727.05,1.13685,0.74418,0.82442,0.81566,0.67477,0.77432,0.47386,1.16364,0.70771,0.80767,6.30727e-05,6.30727e-05,6.30727e-05
683,2730.87,1.07398,0.71103,0.81505,0.82134,0.67477,0.77539,0.47321,1.16541,0.70737,0.80773,6.22004e-05,6.22004e-05,6.22004e-05
684,2734.8,1.11105,0.74118,0.82233,0.82402,0.67271,0.77393,0.47093,1.16999,0.70827,0.80764,6.1335e-05,6.1335e-05,6.1335e-05
685,2738.72,1.09992,0.70578,0.81135,0.82152,0.67364,0.77358,0.47054,1.16937,0.70686,0.80775,6.04763e-05,6.04763e-05,6.04763e-05
686,2742.72,1.13274,0.74826,0.82911,0.81855,0.67339,0.77314,0.47122,1.16951,0.70498,0.80782,5.96246e-05,5.96246e-05,5.96246e-05
687,2746.56,1.01723,0.69585,0.82426,0.82345,0.66979,0.77402,0.4722,1.16794,0.70465,0.8079,5.87797e-05,5.87797e-05,5.87797e-05
688,2750.43,1.18809,0.74936,0.81919,0.82261,0.66969,0.77389,0.47242,1.16869,0.70604,0.80817,5.79417e-05,5.79417e-05,5.79417e-05
689,2754.33,1.16682,0.76102,0.82439,0.82687,0.66763,0.77384,0.47188,1.17048,0.70794,0.80824,5.71106e-05,5.71106e-05,5.71106e-05
690,2758.42,1.09183,0.71397,0.81791,0.82493,0.67106,0.77446,0.4705,1.17513,0.70896,0.80796,5.62864e-05,5.62864e-05,5.62864e-05
691,2762.26,1.10004,0.70768,0.80944,0.82301,0.67188,0.77438,0.47139,1.17164,0.70918,0.80787,5.54691e-05,5.54691e-05,5.54691e-05
692,2766.22,1.06639,0.70267,0.81634,0.81649,0.67545,0.77486,0.47475,1.16258,0.70603,0.80752,5.46588e-05,5.46588e-05,5.46588e-05
693,2770.09,0.93634,0.64162,0.80749,0.82053,0.66972,0.77327,0.47513,1.16023,0.70522,0.80743,5.38554e-05,5.38554e-05,5.38554e-05
694,2774.13,1.03871,0.69718,0.81568,0.82555,0.66722,0.7738,0.47536,1.15722,0.70236,0.80742,5.30589e-05,5.30589e-05,5.30589e-05
695,2777.92,1.07886,0.70831,0.81822,0.82727,0.66675,0.77411,0.47515,1.15603,0.70197,0.80724,5.22695e-05,5.22695e-05,5.22695e-05
696,2782.01,1.11069,0.72086,0.81911,0.81984,0.67106,0.77351,0.47439,1.15583,0.70081,0.80734,5.1487e-05,5.1487e-05,5.1487e-05
697,2785.79,1.14227,0.73901,0.81417,0.81557,0.6749,0.77378,0.47441,1.1566,0.70144,0.80718,5.07115e-05,5.07115e-05,5.07115e-05
698,2789.74,0.98939,0.69119,0.82894,0.82484,0.66598,0.77319,0.4738,1.15503,0.70043,0.80691,4.9943e-05,4.9943e-05,4.9943e-05
699,2793.56,1.15752,0.74174,0.82457,0.82417,0.6701,0.77391,0.47424,1.15396,0.70076,0.80684,4.91815e-05,4.91815e-05,4.91815e-05
700,2797.5,1.0005,0.67789,0.81775,0.83358,0.66461,0.77464,0.47443,1.15109,0.69935,0.80699,4.8427e-05,4.8427e-05,4.8427e-05
701,2801.4,1.12622,0.74176,0.82082,0.82858,0.66914,0.77658,0.47606,1.15122,0.69943,0.80717,4.76796e-05,4.76796e-05,4.76796e-05
702,2805.64,1.22362,0.78154,0.82359,0.82157,0.67394,0.77749,0.47706,1.1555,0.70063,0.80755,4.69393e-05,4.69393e-05,4.69393e-05
703,2809.99,1.04389,0.68759,0.81643,0.8254,0.67381,0.77823,0.47767,1.15446,0.70098,0.80759,4.6206e-05,4.6206e-05,4.6206e-05
704,2814.12,1.27497,0.78018,0.81983,0.82394,0.67461,0.77879,0.47855,1.15143,0.69919,0.80756,4.54798e-05,4.54798e-05,4.54798e-05
705,2818.11,1.16278,0.75362,0.82226,0.82346,0.67493,0.77823,0.47853,1.14943,0.69864,0.80731,4.47606e-05,4.47606e-05,4.47606e-05
706,2822.2,1.15538,0.75356,0.83079,0.833,0.66873,0.77765,0.47726,1.15035,0.69918,0.80709,4.40486e-05,4.40486e-05,4.40486e-05
707,2826.14,0.9545,0.6565,0.80428,0.82434,0.67391,0.77667,0.47551,1.15239,0.69967,0.80718,4.33437e-05,4.33437e-05,4.33437e-05
708,2830.15,1.13963,0.71887,0.81069,0.83218,0.66722,0.77511,0.47487,1.15531,0.69968,0.80738,4.26459e-05,4.26459e-05,4.26459e-05
709,2834.01,0.97393,0.66822,0.81426,0.83157,0.6663,0.77476,0.47548,1.1548,0.69969,0.80741,4.19552e-05,4.19552e-05,4.19552e-05
710,2837.94,1.16669,0.74825,0.82268,0.83098,0.66617,0.77482,0.4765,1.15148,0.69935,0.80732,4.12717e-05,4.12717e-05,4.12717e-05
711,2841.76,1.15011,0.74669,0.82905,0.82944,0.66763,0.775,0.47661,1.15118,0.6989,0.80747,4.05953e-05,4.05953e-05,4.05953e-05
712,2845.72,1.23044,0.76894,0.81946,0.83949,0.6656,0.77615,0.47737,1.14852,0.69676,0.80721,3.99261e-05,3.99261e-05,3.99261e-05
713,2849.64,0.99374,0.68468,0.81786,0.83731,0.66571,0.77659,0.47717,1.14944,0.69822,0.80703,3.9264e-05,3.9264e-05,3.9264e-05
714,2853.5,1.01375,0.67999,0.81925,0.83804,0.66563,0.77636,0.4769,1.15054,0.69743,0.80716,3.86092e-05,3.86092e-05,3.86092e-05
715,2857.45,1.01196,0.7019,0.81489,0.83725,0.6667,0.77692,0.47719,1.14924,0.69702,0.80709,3.79615e-05,3.79615e-05,3.79615e-05
716,2861.44,0.93388,0.65157,0.81659,0.83349,0.66749,0.77736,0.47684,1.14749,0.69886,0.80719,3.7321e-05,3.7321e-05,3.7321e-05
717,2865.38,1.05678,0.68872,0.81427,0.8336,0.66667,0.77748,0.47694,1.1473,0.69913,0.80711,3.66877e-05,3.66877e-05,3.66877e-05
718,2869.35,1.24065,0.7568,0.80796,0.83745,0.66598,0.77737,0.47646,1.1499,0.6999,0.80715,3.60617e-05,3.60617e-05,3.60617e-05
719,2873.17,1.10036,0.70494,0.80621,0.83356,0.66776,0.7768,0.47551,1.15066,0.69959,0.80707,3.54429e-05,3.54429e-05,3.54429e-05
720,2877.05,1.01596,0.68017,0.81555,0.83225,0.66982,0.77546,0.4753,1.1497,0.69925,0.80687,3.48313e-05,3.48313e-05,3.48313e-05
721,2880.89,1.01498,0.69016,0.81286,0.83115,0.6701,0.77538,0.47556,1.14908,0.69857,0.80681,3.4227e-05,3.4227e-05,3.4227e-05
722,2885.04,1.11142,0.73373,0.82059,0.82992,0.67147,0.77522,0.47665,1.14776,0.69812,0.80677,3.363e-05,3.363e-05,3.363e-05
723,2889.07,1.19656,0.73509,0.81335,0.83058,0.67235,0.77599,0.47683,1.14873,0.69889,0.80679,3.30402e-05,3.30402e-05,3.30402e-05
724,2892.99,0.97127,0.63629,0.79875,0.82716,0.67586,0.77733,0.47778,1.14776,0.69887,0.80683,3.24577e-05,3.24577e-05,3.24577e-05
725,2896.84,1.02287,0.68013,0.81628,0.82756,0.67559,0.77756,0.47793,1.14696,0.69761,0.80663,3.18825e-05,3.18825e-05,3.18825e-05
726,2900.75,1.12803,0.71369,0.82009,0.82589,0.67597,0.77782,0.47814,1.14724,0.6983,0.80665,3.13145e-05,3.13145e-05,3.13145e-05
727,2904.67,1.0673,0.71306,0.81103,0.82413,0.67751,0.77841,0.47846,1.14652,0.69772,0.80639,3.07539e-05,3.07539e-05,3.07539e-05
728,2908.65,1.07009,0.71551,0.81419,0.82271,0.67792,0.77743,0.4781,1.14345,0.69655,0.8062,3.02006e-05,3.02006e-05,3.02006e-05
729,2912.5,1.06629,0.71029,0.81389,0.82415,0.67751,0.77814,0.47924,1.14156,0.69576,0.80613,2.96546e-05,2.96546e-05,2.96546e-05
730,2916.55,1.10094,0.71878,0.8201,0.82483,0.67518,0.77715,0.47906,1.14159,0.69552,0.80601,2.9116e-05,2.9116e-05,2.9116e-05
731,2920.34,1.08909,0.71426,0.81541,0.82381,0.67586,0.77721,0.47876,1.1416,0.69585,0.80611,2.85847e-05,2.85847e-05,2.85847e-05
732,2924.31,1.09924,0.73141,0.82131,0.82553,0.67299,0.77611,0.47849,1.14203,0.69493,0.80622,2.80607e-05,2.80607e-05,2.80607e-05
733,2928.29,1.12649,0.73142,0.82642,0.82999,0.66804,0.77584,0.47831,1.14349,0.6962,0.80627,2.75441e-05,2.75441e-05,2.75441e-05
734,2932.14,0.96919,0.66955,0.81404,0.83685,0.66488,0.77595,0.47833,1.14602,0.6965,0.8064,2.70348e-05,2.70348e-05,2.70348e-05
735,2935.96,1.1556,0.74112,0.81184,0.83867,0.66372,0.77732,0.47816,1.14754,0.69673,0.80656,2.65329e-05,2.65329e-05,2.65329e-05
736,2939.96,1.08614,0.73099,0.83049,0.83824,0.66598,0.77838,0.47894,1.14616,0.69722,0.80646,2.60384e-05,2.60384e-05,2.60384e-05
737,2943.77,0.97146,0.67131,0.80944,0.84035,0.66502,0.77799,0.4795,1.14406,0.69698,0.80655,2.55513e-05,2.55513e-05,2.55513e-05
738,2947.88,1.01686,0.66797,0.80446,0.83896,0.66474,0.77802,0.47956,1.14221,0.69529,0.80625,2.50716e-05,2.50716e-05,2.50716e-05
739,2952.01,1.02251,0.69938,0.81668,0.83416,0.66831,0.77754,0.47952,1.14214,0.69611,0.80626,2.45993e-05,2.45993e-05,2.45993e-05
740,2956.12,1.04134,0.70099,0.81933,0.8331,0.66746,0.77727,0.47938,1.14049,0.69526,0.80622,2.41344e-05,2.41344e-05,2.41344e-05
741,2959.92,1.00099,0.66837,0.81349,0.83232,0.66853,0.77774,0.47984,1.14053,0.69693,0.80613,2.36769e-05,2.36769e-05,2.36769e-05
742,2963.96,0.98738,0.68017,0.83149,0.83212,0.66889,0.77748,0.47949,1.14133,0.69719,0.80615,2.32268e-05,2.32268e-05,2.32268e-05
743,2967.83,1.0975,0.70976,0.81068,0.83163,0.66793,0.77659,0.47908,1.14144,0.69781,0.80617,2.27842e-05,2.27842e-05,2.27842e-05
744,2971.91,0.98078,0.7486,0.82917,0.83254,0.66776,0.77763,0.47982,1.14042,0.69582,0.80625,2.2349e-05,2.2349e-05,2.2349e-05
745,2975.77,1.16818,0.73254,0.82918,0.83271,0.66804,0.7773,0.47944,1.14115,0.69612,0.80614,2.19212e-05,2.19212e-05,2.19212e-05
746,2979.72,1.14103,0.73769,0.82835,0.83286,0.66837,0.77712,0.47836,1.14348,0.69497,0.80635,2.15009e-05,2.15009e-05,2.15009e-05
747,2983.73,1.14938,0.71617,0.80816,0.83454,0.66831,0.77727,0.4785,1.14371,0.69513,0.80615,2.1088e-05,2.1088e-05,2.1088e-05
748,2987.65,1.08484,0.71143,0.81607,0.83196,0.66609,0.77733,0.47875,1.14349,0.69518,0.80627,2.06826e-05,2.06826e-05,2.06826e-05
749,2991.78,1.01507,0.71048,0.82898,0.83105,0.66586,0.77673,0.47901,1.14326,0.6949,0.80622,2.02847e-05,2.02847e-05,2.02847e-05
750,2995.67,1.02983,0.69361,0.80901,0.82362,0.6723,0.77666,0.47966,1.14183,0.69503,0.80609,1.98943e-05,1.98943e-05,1.98943e-05
751,2999.52,1.01626,0.69226,0.81937,0.82316,0.67271,0.77693,0.47966,1.14091,0.69458,0.8061,1.95113e-05,1.95113e-05,1.95113e-05
752,3003.46,1.03754,0.67803,0.80946,0.82377,0.67545,0.7779,0.48044,1.13944,0.69476,0.80623,1.91358e-05,1.91358e-05,1.91358e-05
753,3007.49,1.14496,0.73363,0.8198,0.82468,0.67419,0.77764,0.48022,1.13841,0.69461,0.80626,1.87678e-05,1.87678e-05,1.87678e-05
754,3011.61,1.26352,0.76169,0.81228,0.8293,0.6703,0.77823,0.47996,1.14116,0.69479,0.80622,1.84073e-05,1.84073e-05,1.84073e-05
755,3015.52,1.03822,0.6704,0.80159,0.8297,0.67085,0.77795,0.47993,1.14055,0.69403,0.80614,1.80543e-05,1.80543e-05,1.80543e-05
756,3019.45,1.04654,0.70858,0.81895,0.83049,0.66995,0.77693,0.47925,1.14059,0.69491,0.80603,1.77088e-05,1.77088e-05,1.77088e-05
757,3023.33,1.10252,0.70799,0.80632,0.83282,0.66873,0.7768,0.47921,1.14024,0.69471,0.80593,1.73709e-05,1.73709e-05,1.73709e-05
758,3027.25,1.04755,0.70003,0.8279,0.83359,0.66845,0.77695,0.47965,1.13802,0.69487,0.80586,1.70404e-05,1.70404e-05,1.70404e-05
759,3031.18,1.17956,0.77226,0.83225,0.83259,0.66845,0.77672,0.48016,1.13686,0.69432,0.80587,1.67175e-05,1.67175e-05,1.67175e-05
760,3035.37,1.13068,0.72772,0.825,0.8353,0.6684,0.77708,0.48039,1.13631,0.69425,0.80579,1.64021e-05,1.64021e-05,1.64021e-05
761,3039.19,0.9765,0.67583,0.8188,0.83564,0.66799,0.77703,0.48086,1.13712,0.69461,0.80592,1.60943e-05,1.60943e-05,1.60943e-05
762,3043.39,1.16473,0.71508,0.8095,0.83384,0.66897,0.77716,0.481,1.13718,0.69489,0.80584,1.5794e-05,1.5794e-05,1.5794e-05
763,3047.5,1.01681,0.66157,0.8162,0.83185,0.66818,0.77579,0.48021,1.13721,0.69516,0.80593,1.55012e-05,1.55012e-05,1.55012e-05
764,3051.5,1.21788,0.76308,0.81823,0.83488,0.66845,0.77669,0.47992,1.13782,0.69531,0.80589,1.5216e-05,1.5216e-05,1.5216e-05
765,3055.34,1.14332,0.73147,0.8187,0.83502,0.66777,0.77626,0.47952,1.1387,0.69564,0.80597,1.49383e-05,1.49383e-05,1.49383e-05
766,3059.48,0.97254,0.66806,0.81406,0.83678,0.66796,0.77715,0.47984,1.13983,0.6959,0.80593,1.46682e-05,1.46682e-05,1.46682e-05
767,3063.35,0.99852,0.67285,0.82372,0.83542,0.6676,0.77645,0.47977,1.13969,0.69602,0.80591,1.44056e-05,1.44056e-05,1.44056e-05
768,3067.29,1.10671,0.71271,0.81975,0.83625,0.66817,0.77733,0.48012,1.13802,0.69513,0.8059,1.41506e-05,1.41506e-05,1.41506e-05
769,3071.13,0.92388,0.64833,0.81367,0.83489,0.66781,0.77717,0.4801,1.13836,0.69466,0.80572,1.39032e-05,1.39032e-05,1.39032e-05
770,3075.04,0.98142,0.66194,0.80779,0.83378,0.66868,0.77701,0.4801,1.13686,0.69456,0.80573,1.36634e-05,1.36634e-05,1.36634e-05
771,3078.99,1.04612,0.71203,0.83081,0.83524,0.66882,0.77779,0.48,1.1372,0.69492,0.80576,1.34311e-05,1.34311e-05,1.34311e-05
772,3083.04,1.03085,0.67743,0.80631,0.83355,0.66827,0.77665,0.47996,1.1376,0.69434,0.80587,1.32064e-05,1.32064e-05,1.32064e-05
773,3086.99,1.07471,0.70464,0.81861,0.83421,0.668,0.77714,0.48018,1.13696,0.69342,0.80578,1.29893e-05,1.29893e-05,1.29893e-05
774,3090.92,0.93411,0.64592,0.81364,0.83279,0.66955,0.77721,0.48061,1.1353,0.69269,0.80583,1.27798e-05,1.27798e-05,1.27798e-05
775,3094.75,1.04515,0.69854,0.82345,0.82901,0.67227,0.77713,0.48049,1.1362,0.69225,0.80605,1.25779e-05,1.25779e-05,1.25779e-05
776,3098.85,1.09514,0.70017,0.8168,0.83366,0.66763,0.77701,0.48051,1.13572,0.69303,0.80596,1.23836e-05,1.23836e-05,1.23836e-05
777,3102.69,1.01807,0.6839,0.82456,0.83272,0.66722,0.77635,0.48082,1.1353,0.69297,0.80594,1.21968e-05,1.21968e-05,1.21968e-05
778,3106.76,1.08557,0.71465,0.81901,0.83603,0.66653,0.77677,0.48029,1.13736,0.69232,0.80613,1.20177e-05,1.20177e-05,1.20177e-05
779,3110.61,1.01779,0.69212,0.82072,0.83709,0.66592,0.77695,0.48018,1.1393,0.69334,0.80612,1.18462e-05,1.18462e-05,1.18462e-05
780,3114.56,0.97043,0.67049,0.81271,0.83372,0.66653,0.77642,0.47981,1.13969,0.69294,0.80613,1.16822e-05,1.16822e-05,1.16822e-05
781,3118.6,0.99964,0.65825,0.81169,0.82936,0.66831,0.77594,0.47977,1.1404,0.69405,0.80617,1.15259e-05,1.15259e-05,1.15259e-05
782,3122.89,1.05678,0.68588,0.81029,0.8292,0.67079,0.77754,0.48009,1.14045,0.69437,0.80599,1.13772e-05,1.13772e-05,1.13772e-05
783,3126.74,1.17898,0.74872,0.81395,0.8349,0.66694,0.77781,0.47993,1.14038,0.69355,0.80587,1.12361e-05,1.12361e-05,1.12361e-05
784,3130.65,1.11175,0.7288,0.82142,0.83232,0.66716,0.77765,0.47993,1.13876,0.69321,0.80587,1.11026e-05,1.11026e-05,1.11026e-05
785,3134.63,1.06577,0.7059,0.81487,0.83248,0.66791,0.77822,0.48046,1.13831,0.69312,0.80588,1.09768e-05,1.09768e-05,1.09768e-05
786,3138.64,0.93897,0.63634,0.80545,0.83127,0.66845,0.77763,0.48065,1.13636,0.69281,0.80592,1.08585e-05,1.08585e-05,1.08585e-05
787,3142.65,1.17313,0.76186,0.82613,0.83071,0.66763,0.77675,0.48026,1.13659,0.6933,0.80584,1.07479e-05,1.07479e-05,1.07479e-05
788,3146.68,1.14118,0.75153,0.8424,0.82834,0.67042,0.7773,0.48051,1.13677,0.69301,0.80579,1.06449e-05,1.06449e-05,1.06449e-05
789,3150.62,1.06632,0.70187,0.80826,0.82776,0.6712,0.77769,0.48057,1.13634,0.69209,0.80588,1.05495e-05,1.05495e-05,1.05495e-05
790,3154.52,1.13266,0.72537,0.81811,0.82711,0.67339,0.77831,0.48019,1.13565,0.69244,0.80584,1.04618e-05,1.04618e-05,1.04618e-05
791,3209.98,1.02422,0.66181,0.80417,0.82769,0.67263,0.77823,0.48039,1.13545,0.6923,0.80573,1.03816e-05,1.03816e-05,1.03816e-05
792,3214.02,0.98304,0.64719,0.80102,0.82871,0.67018,0.77808,0.48059,1.13541,0.69346,0.80571,1.03091e-05,1.03091e-05,1.03091e-05
793,3218.08,0.99218,0.64313,0.80123,0.82911,0.67161,0.7784,0.48049,1.13586,0.69244,0.80577,1.02443e-05,1.02443e-05,1.02443e-05
794,3222.09,0.90983,0.63338,0.80453,0.82818,0.67216,0.77815,0.48024,1.13655,0.69219,0.80593,1.0187e-05,1.0187e-05,1.0187e-05
795,3225.97,0.96369,0.63142,0.79698,0.82705,0.67257,0.77784,0.48009,1.13675,0.69315,0.80587,1.01374e-05,1.01374e-05,1.01374e-05
796,3229.92,1.04028,0.6642,0.79961,0.82808,0.67147,0.7779,0.48063,1.13628,0.69334,0.80582,1.00954e-05,1.00954e-05,1.00954e-05
797,3233.81,0.91527,0.61791,0.80228,0.82488,0.67381,0.77811,0.48043,1.13607,0.69335,0.80587,1.00611e-05,1.00611e-05,1.00611e-05
798,3237.79,1.03861,0.66286,0.79683,0.82612,0.67175,0.77727,0.48029,1.13593,0.69338,0.80592,1.00344e-05,1.00344e-05,1.00344e-05
799,3241.69,0.92217,0.62423,0.8048,0.82563,0.67202,0.77793,0.48055,1.13538,0.69243,0.80573,1.00153e-05,1.00153e-05,1.00153e-05
800,3245.61,1.0157,0.65892,0.80791,0.82673,0.6723,0.77788,0.48063,1.13451,0.69245,0.80575,1.00038e-05,1.00038e-05,1.00038e-05
