epoch,time,train/box_loss,train/cls_loss,train/dfl_loss,metrics/precision(B),metrics/recall(B),metrics/mAP50(B),metrics/mAP50-95(B),val/box_loss,val/cls_loss,val/dfl_loss,lr/pg0,lr/pg1,lr/pg2
1,8.9981,4.15941,2.85013,1.16357,0.26126,0.22625,0.16949,0.04584,4.89418,3.11184,0.95121,0.00022,0.00022,0.00022
2,16.2955,3.52569,1.18252,0.97507,0.30506,0.3008,0.2236,0.0682,4.22176,2.92158,0.94546,0.000459909,0.000459909,0.000459909
3,23.8607,3.42739,1.04328,0.94569,0.25781,0.32976,0.1693,0.06562,3.575,inf,0.92564,0.000699723,0.000699723,0.000699723
4,30.9106,3.50654,1.04501,0.94443,0,0,0,0,2.60286,inf,34.3166,0.000939442,0.000939442,0.000939442
5,38.2706,3.43818,1.03695,0.93798,0.00496,0.00357,0.00249,0.00135,1.06821,inf,1.98168,0.00117907,0.00117907,0.00117907
6,45.2086,3.39763,0.98894,0.92745,0.0076,0.00563,0.00373,0.002,1.03007,inf,1.87428,0.00141859,0.00141859,0.00141859
7,52.6073,3.35114,0.9513,0.91182,0.00034,0.00027,0.00017,9e-05,1.89668,inf,3.72832,0.00165803,0.00165803,0.00165803
8,59.1516,3.30585,1.00934,0.93591,0,0,0,0,1.90053,inf,31.4661,0.00189737,0.00189737,0.00189737
9,66.2576,3.44853,0.99366,0.92333,0.00091,0.0011,0.00046,0.0002,6.29526,172.65,1.19137,0.00199683,0.00199683,0.00199683
10,73.2254,3.3024,1.02123,0.92746,0.00014,0.00014,7e-05,1e-05,7.08277,1206.9,1.32426,0.00199644,0.00199644,0.00199644
11,80.3952,3.26804,1.1087,0.92288,0.00655,0.00879,0.0033,0.00082,6.62058,24.9714,1.52178,0.00199604,0.00199604,0.00199604
12,87.3912,3.18649,1.06387,0.90728,0.01391,0.01716,0.00712,0.00293,6.4827,60.1942,2.21016,0.00199564,0.00199564,0.00199564
13,94.3921,3.35779,0.96804,0.92208,0.00637,0.00563,0.00321,0.00106,7.68678,79.2025,1.97915,0.00199525,0.00199525,0.00199525
14,101.259,3.08375,0.91339,0.91891,0.05539,0.02869,0.01438,0.0065,6.68504,17.4612,1.77489,0.00199485,0.00199485,0.00199485
15,108.493,3.25167,0.92844,0.91292,0.35763,0.09953,0.12095,0.05103,5.22406,3.38646,1.1617,0.00199446,0.00199446,0.00199446
16,115.399,3.16511,0.93676,0.92351,0.09713,0.06645,0.03982,0.01738,5.16871,8.12221,1.1494,0.00199406,0.00199406,0.00199406
17,122.636,3.16509,0.90432,0.89989,0.21004,0.08224,0.07041,0.02966,5.50418,5.61168,1.30615,0.00199366,0.00199366,0.00199366
18,129.816,3.09497,0.88284,0.90982,0.08511,0.05725,0.03831,0.01705,5.63404,7.00904,1.29496,0.00199327,0.00199327,0.00199327
19,136.937,3.17296,0.88782,0.90804,0.01608,0.02252,0.00862,0.0039,5.87082,7.22718,1.34608,0.00199287,0.00199287,0.00199287
20,143.873,3.11492,0.88336,0.91069,0.00363,0.00508,0.00184,0.00093,7.35442,7.49384,1.6601,0.00199248,0.00199248,0.00199248
21,151.16,3.05664,0.87339,0.9093,0.34596,0.03515,0.04905,0.02079,5.28669,2.6467,1.22762,0.00199208,0.00199208,0.00199208
22,157.949,3.14298,0.92834,0.9061,0.48989,0.18063,0.23517,0.09387,3.60378,1.3612,0.94846,0.00199168,0.00199168,0.00199168
23,164.887,3.23891,0.90589,0.903,0.50089,0.31358,0.37055,0.14668,3.53943,1.22621,0.91413,0.00199129,0.00199129,0.00199129
24,172.209,3.21516,0.89825,0.90034,0.41877,0.3472,0.35273,0.13578,3.57678,1.5269,0.92406,0.00199089,0.00199089,0.00199089
25,179.154,3.15048,0.90655,0.91942,0.53473,0.32647,0.38848,0.16444,3.54003,1.25873,0.91999,0.0019905,0.0019905,0.0019905
26,186.476,3.1174,0.86599,0.90284,0.59566,0.42065,0.47973,0.20053,3.28436,0.95986,0.88402,0.0019901,0.0019901,0.0019901
27,193.713,3.09263,0.87424,0.9017,0.63255,0.45346,0.51782,0.21541,3.13324,0.94946,0.86502,0.0019897,0.0019897,0.0019897
28,200.914,3.11575,0.8937,0.89571,0.63546,0.46005,0.52292,0.20541,3.27015,0.93758,0.86963,0.00198931,0.00198931,0.00198931
29,208.308,3.0617,0.87257,0.89228,0.58802,0.43712,0.4806,0.18627,3.22287,0.90733,0.86359,0.00198891,0.00198891,0.00198891
30,215.366,2.99547,0.85784,0.89264,0.63711,0.4779,0.53474,0.21394,3.13503,0.89433,0.8624,0.00198852,0.00198852,0.00198852
31,222.502,2.95596,0.85186,0.8906,0.66138,0.47625,0.54534,0.22633,3.13472,0.95258,0.86575,0.00198812,0.00198812,0.00198812
32,229.557,3.00179,0.82928,0.89096,0.65068,0.48306,0.54652,0.23391,2.99168,0.90617,0.86158,0.00198772,0.00198772,0.00198772
33,236.733,2.94865,0.84775,0.88726,0.66149,0.49451,0.55926,0.23784,3.11477,0.87421,0.86361,0.00198733,0.00198733,0.00198733
34,244.01,2.90083,0.83834,0.88927,0.66753,0.51043,0.57246,0.2487,3.04383,0.84717,0.86356,0.00198693,0.00198693,0.00198693
35,251.364,3.00277,0.85801,0.89316,0.64403,0.50398,0.56087,0.25168,2.90534,0.82928,0.8602,0.00198654,0.00198654,0.00198654
36,258.691,2.99928,0.83516,0.88791,0.65762,0.48914,0.55533,0.23965,3.10117,0.83446,0.86606,0.00198614,0.00198614,0.00198614
37,265.576,2.89634,0.81437,0.88495,0.64918,0.50206,0.55875,0.24808,3.0185,0.83938,0.86233,0.00198574,0.00198574,0.00198574
38,272.666,2.98311,0.8242,0.88434,0.63063,0.49217,0.54671,0.22848,3.02264,0.8362,0.8603,0.00198535,0.00198535,0.00198535
39,279.803,2.94269,0.83662,0.87756,0.64358,0.48118,0.5484,0.23254,3.00513,0.84677,0.85776,0.00198495,0.00198495,0.00198495
40,286.807,2.91157,0.82721,0.8898,0.64129,0.4746,0.54552,0.23216,2.99466,0.85595,0.86028,0.00198456,0.00198456,0.00198456
41,294.06,2.92499,0.82951,0.88437,0.62586,0.48733,0.54117,0.21861,3.09491,0.84823,0.8607,0.00198416,0.00198416,0.00198416
42,300.775,2.89629,0.82724,0.88955,0.62596,0.48869,0.54484,0.22861,2.99465,0.8281,0.85926,0.00198376,0.00198376,0.00198376
43,307.754,2.87613,0.79297,0.88262,0.67567,0.48706,0.56634,0.23951,3.00626,0.8435,0.85694,0.00198337,0.00198337,0.00198337
44,314.481,2.87035,0.81007,0.88991,0.67276,0.48861,0.56806,0.24486,3.00972,0.84225,0.86035,0.00198297,0.00198297,0.00198297
45,322.091,3.00841,0.8291,0.88961,0.67297,0.47268,0.54824,0.23322,3.18668,0.88077,0.87058,0.00198258,0.00198258,0.00198258
46,329.023,2.98424,0.82728,0.887,0.66995,0.48435,0.55862,0.24418,3.00285,0.85334,0.86074,0.00198218,0.00198218,0.00198218
47,336.315,2.86097,0.80487,0.8711,0.66017,0.52183,0.58423,0.25881,2.87398,0.82991,0.85318,0.00198178,0.00198178,0.00198178
48,343.497,2.8723,0.81381,0.87473,0.66304,0.48957,0.5601,0.22774,3.05605,0.84461,0.85528,0.00198139,0.00198139,0.00198139
49,350.584,2.8476,0.79865,0.88005,0.68254,0.50467,0.58306,0.2686,2.83487,0.78579,0.85462,0.00198099,0.00198099,0.00198099
50,357.74,2.95329,0.82708,0.87739,0.6385,0.47103,0.53918,0.23025,2.94631,0.82661,0.8559,0.0019806,0.0019806,0.0019806
51,364.602,2.75548,0.79083,0.87342,0.6776,0.47803,0.55154,0.23188,3.17215,0.90859,0.86758,0.0019802,0.0019802,0.0019802
52,371.341,2.97368,0.83794,0.8973,0.69392,0.4815,0.55803,0.23592,3.09877,0.88606,0.86191,0.0019798,0.0019798,0.0019798
53,378.08,2.90276,0.83229,0.86793,0.64926,0.51098,0.57236,0.25335,2.84498,0.79769,0.85077,0.00197941,0.00197941,0.00197941
54,385.164,2.82192,0.79191,0.87587,0.68706,0.51167,0.58862,0.27906,2.69496,0.76652,0.84774,0.00197901,0.00197901,0.00197901
55,392.124,2.77682,0.7962,0.88037,0.68965,0.50399,0.58106,0.2594,2.8603,0.7913,0.85256,0.00197862,0.00197862,0.00197862
56,398.822,2.81174,0.78316,0.87481,0.66356,0.51716,0.58081,0.25409,2.77815,0.77701,0.84948,0.00197822,0.00197822,0.00197822
57,405.468,2.77151,0.79545,0.8865,0.70376,0.51332,0.59719,0.27505,2.75269,0.77768,0.85044,0.00197782,0.00197782,0.00197782
58,412.933,2.91192,0.82093,0.87253,0.6583,0.49327,0.56061,0.2235,3.10208,0.84906,0.85859,0.00197743,0.00197743,0.00197743
59,420.147,2.92674,0.82066,0.87013,0.67192,0.52043,0.58953,0.26757,2.78429,0.78843,0.84847,0.00197703,0.00197703,0.00197703
60,427.029,2.7794,0.80676,0.89344,0.66914,0.52348,0.59478,0.27429,2.80165,0.79593,0.84649,0.00197664,0.00197664,0.00197664
61,434.221,2.90087,0.80876,0.87384,0.63992,0.48243,0.54806,0.21988,3.02835,0.82527,0.85596,0.00197624,0.00197624,0.00197624
62,441.124,2.94714,0.83718,0.87806,0.66179,0.50673,0.57525,0.24814,2.86312,0.78783,0.85037,0.00197584,0.00197584,0.00197584
63,447.893,2.85893,0.81403,0.88063,0.67717,0.51908,0.59161,0.27446,2.77565,0.78109,0.84756,0.00197545,0.00197545,0.00197545
64,454.543,2.80937,0.81273,0.8761,0.62793,0.49698,0.56,0.25043,2.9048,0.80704,0.85397,0.00197505,0.00197505,0.00197505
65,461.938,2.84636,0.79628,0.87011,0.6879,0.52416,0.59469,0.27326,2.82896,0.84375,0.84987,0.00197466,0.00197466,0.00197466
66,469.372,2.87547,0.82019,0.87206,0.66443,0.49989,0.57363,0.25879,2.79355,0.78468,0.84826,0.00197426,0.00197426,0.00197426
67,476.863,2.8219,0.82947,0.88631,0.69039,0.50165,0.586,0.27532,2.74942,0.76674,0.84864,0.00197386,0.00197386,0.00197386
68,483.729,2.77614,0.80226,0.87463,0.68182,0.53693,0.60657,0.28485,2.71412,0.78597,0.84766,0.00197347,0.00197347,0.00197347
69,490.995,2.77771,0.81518,0.87252,0.69722,0.53515,0.60802,0.28316,2.79802,0.78888,0.84969,0.00197307,0.00197307,0.00197307
70,497.941,2.8058,0.80225,0.86509,0.6902,0.5267,0.5987,0.28611,2.75193,0.7908,0.85295,0.00197268,0.00197268,0.00197268
71,505.444,2.80574,0.78863,0.87346,0.67147,0.53904,0.60198,0.27607,2.78107,0.78585,0.84822,0.00197228,0.00197228,0.00197228
72,512.665,2.84266,0.79688,0.87437,0.67484,0.52711,0.59861,0.2709,2.76169,0.77892,0.84688,0.00197188,0.00197188,0.00197188
73,519.648,2.82651,0.80276,0.87978,0.6927,0.50714,0.58375,0.27504,2.75206,0.77311,0.85364,0.00197149,0.00197149,0.00197149
74,526.705,2.80423,0.78986,0.88147,0.65539,0.51167,0.56791,0.24809,2.82967,0.78407,0.85154,0.00197109,0.00197109,0.00197109
75,534.012,2.80371,0.79742,0.88324,0.68508,0.51236,0.5814,0.2567,2.98926,0.8116,0.85456,0.0019707,0.0019707,0.0019707
76,541.422,2.90406,0.79618,0.88442,0.68777,0.51502,0.58645,0.26645,2.90306,0.79485,0.85713,0.0019703,0.0019703,0.0019703
77,548.678,2.83314,0.81147,0.88143,0.61076,0.47364,0.52445,0.21478,3.00798,0.83056,0.84969,0.0019699,0.0019699,0.0019699
78,555.817,2.75903,0.79615,0.87784,0.67095,0.51236,0.58294,0.26074,2.79536,0.78635,0.84581,0.00196951,0.00196951,0.00196951
79,562.84,2.7555,0.78307,0.86945,0.7076,0.51414,0.5993,0.27564,2.76143,0.8256,0.84675,0.00196911,0.00196911,0.00196911
80,569.879,2.62763,0.77855,0.87556,0.68363,0.51139,0.59324,0.27163,2.75316,0.79912,0.84953,0.00196872,0.00196872,0.00196872
81,577.464,2.78198,0.78151,0.86897,0.68419,0.50096,0.58136,0.27399,2.70676,0.78063,0.84731,0.00196832,0.00196832,0.00196832
82,584.521,2.76667,0.77153,0.85883,0.70333,0.5129,0.60044,0.27825,2.72726,0.77916,0.84311,0.00196792,0.00196792,0.00196792
83,591.623,2.69304,0.7782,0.87666,0.70063,0.51936,0.60515,0.28441,2.62724,0.7507,0.84186,0.00196753,0.00196753,0.00196753
84,598.425,2.72289,0.77776,0.86529,0.66952,0.50632,0.58123,0.26518,2.75471,0.77721,0.84643,0.00196713,0.00196713,0.00196713
85,605.826,2.69556,0.79198,0.8783,0.6844,0.53487,0.60395,0.28985,2.62574,0.7383,0.8434,0.00196674,0.00196674,0.00196674
86,613.069,2.73759,0.76619,0.86971,0.67958,0.5464,0.61129,0.29317,2.625,0.74293,0.84235,0.00196634,0.00196634,0.00196634
87,620.524,2.7279,0.77051,0.86668,0.6901,0.53185,0.6022,0.27559,2.74056,0.77,0.84709,0.00196594,0.00196594,0.00196594
88,627.743,2.71896,0.76383,0.87235,0.70162,0.52897,0.60529,0.28952,2.66386,0.74998,0.84641,0.00196555,0.00196555,0.00196555
89,634.959,2.77287,0.77598,0.86486,0.67357,0.52124,0.59958,0.27667,2.73938,0.76653,0.84876,0.00196515,0.00196515,0.00196515
90,642.077,2.73287,0.77718,0.87299,0.70538,0.51932,0.603,0.28162,2.76715,0.7737,0.84979,0.00196476,0.00196476,0.00196476
91,649.203,2.64508,0.76622,0.87588,0.65592,0.5103,0.57768,0.24723,2.87155,0.77961,0.84432,0.00196436,0.00196436,0.00196436
92,656.283,2.91006,0.81092,0.87696,0.65081,0.50457,0.56915,0.23181,2.98173,0.81419,0.84899,0.00196396,0.00196396,0.00196396
93,663.714,2.86078,0.80868,0.87401,0.69067,0.53091,0.60111,0.27159,2.84146,0.79798,0.8477,0.00196357,0.00196357,0.00196357
94,670.951,2.88247,0.79826,0.88207,0.69764,0.52759,0.60355,0.2743,2.88848,0.79377,0.85492,0.00196317,0.00196317,0.00196317
95,677.952,2.80174,0.80834,0.88154,0.64448,0.47748,0.55483,0.25382,2.83506,0.81343,0.85045,0.00196278,0.00196278,0.00196278
96,684.548,2.69099,0.76469,0.87791,0.69648,0.50909,0.59279,0.28334,2.63993,0.73219,0.8487,0.00196238,0.00196238,0.00196238
97,691.635,2.73032,0.78551,0.87314,0.70472,0.50783,0.59297,0.26727,2.85013,0.79633,0.85164,0.00196198,0.00196198,0.00196198
98,698.258,2.71562,0.77591,0.87457,0.68229,0.52554,0.59714,0.28201,2.67684,0.74579,0.8449,0.00196159,0.00196159,0.00196159
99,705.198,2.71421,0.7685,0.86886,0.66313,0.51098,0.58667,0.27564,2.66797,0.75815,0.84333,0.00196119,0.00196119,0.00196119
100,712.061,2.7966,0.78016,0.8731,0.67921,0.52032,0.59954,0.27376,2.74964,0.75433,0.84464,0.0019608,0.0019608,0.0019608
101,719.145,2.76133,0.76583,0.87835,0.69749,0.52993,0.61167,0.2904,2.62069,0.73201,0.84234,0.0019604,0.0019604,0.0019604
102,726.376,2.67972,0.7544,0.86305,0.67458,0.51318,0.58881,0.26673,2.74413,0.82513,0.84731,0.00196,0.00196,0.00196
103,733.592,2.75938,0.77264,0.86666,0.69852,0.51468,0.59542,0.27899,2.74358,0.77364,0.84858,0.00195961,0.00195961,0.00195961
104,740.377,2.7873,0.77782,0.86491,0.71431,0.51881,0.60377,0.28243,2.71846,0.77391,0.8462,0.00195921,0.00195921,0.00195921
105,747.263,2.70172,0.768,0.87278,0.68724,0.51634,0.5985,0.28006,2.66654,0.73921,0.84383,0.00195882,0.00195882,0.00195882
106,753.776,2.73749,0.76453,0.86277,0.70677,0.53295,0.61365,0.29808,2.68053,0.73752,0.84754,0.00195842,0.00195842,0.00195842
107,761.061,2.76105,0.76266,0.86602,0.67939,0.51842,0.59201,0.26181,2.75683,0.75382,0.84717,0.00195802,0.00195802,0.00195802
108,768.211,2.73234,0.76665,0.87169,0.67426,0.53199,0.60008,0.26226,2.76936,0.75667,0.84548,0.00195763,0.00195763,0.00195763
109,775.451,2.71861,0.76035,0.86873,0.70568,0.53926,0.61613,0.29169,2.61164,0.73533,0.84011,0.00195723,0.00195723,0.00195723
110,782.611,2.63228,0.74469,0.86413,0.64475,0.51553,0.57808,0.25801,2.76197,0.7495,0.84042,0.00195684,0.00195684,0.00195684
111,790.015,2.78507,0.77214,0.85745,0.71128,0.52732,0.60905,0.29205,2.64858,0.72366,0.84156,0.00195644,0.00195644,0.00195644
112,797.298,2.60987,0.75013,0.87319,0.73017,0.53871,0.61982,0.29623,2.66276,0.72654,0.84397,0.00195604,0.00195604,0.00195604
113,804.623,2.65242,0.74183,0.8633,0.70724,0.54283,0.62801,0.30117,2.54047,0.7208,0.83872,0.00195565,0.00195565,0.00195565
114,811.741,2.58895,0.75213,0.87531,0.68395,0.51798,0.59769,0.28598,2.60826,0.75112,0.84204,0.00195525,0.00195525,0.00195525
115,818.999,2.67107,0.7613,0.86323,0.68478,0.52937,0.60826,0.2842,2.6502,0.7506,0.83792,0.00195486,0.00195486,0.00195486
116,826.321,2.63759,0.75106,0.86589,0.68243,0.51893,0.59583,0.27028,2.72858,0.74371,0.84095,0.00195446,0.00195446,0.00195446
117,833.567,2.66924,0.75152,0.86622,0.73456,0.53048,0.61388,0.29088,2.6413,0.73886,0.84119,0.00195406,0.00195406,0.00195406
118,840.687,2.64214,0.74587,0.86166,0.70517,0.53075,0.60734,0.29653,2.58741,0.72109,0.83996,0.00195367,0.00195367,0.00195367
119,848.176,2.76257,0.78245,0.86813,0.68634,0.52444,0.59323,0.26356,2.73419,0.75176,0.8387,0.00195327,0.00195327,0.00195327
120,855.002,2.59039,0.75385,0.86702,0.71119,0.53309,0.61614,0.2958,2.63492,0.7245,0.84233,0.00195288,0.00195288,0.00195288
121,862.011,2.65891,0.75113,0.86849,0.68152,0.52586,0.5947,0.24831,2.89328,0.7904,0.84766,0.00195248,0.00195248,0.00195248
122,868.997,2.73565,0.77216,0.86506,0.68819,0.54148,0.61373,0.28018,2.66827,0.75489,0.84008,0.00195208,0.00195208,0.00195208
123,876.416,2.67706,0.75022,0.85478,0.69101,0.54736,0.61242,0.28825,2.64987,0.74886,0.84709,0.00195169,0.00195169,0.00195169
124,883.205,2.73695,0.76393,0.85999,0.66914,0.53782,0.60612,0.2855,2.57969,0.72292,0.83845,0.00195129,0.00195129,0.00195129
125,890.406,2.65187,0.74321,0.86739,0.68664,0.50686,0.58796,0.25412,2.7804,0.75709,0.84766,0.0019509,0.0019509,0.0019509
126,896.986,2.66684,0.76383,0.87004,0.70198,0.5103,0.59549,0.27631,2.65698,0.75269,0.84529,0.0019505,0.0019505,0.0019505
127,903.778,2.6585,0.75465,0.86648,0.6734,0.51743,0.58786,0.26763,2.78929,0.77547,0.84423,0.0019501,0.0019501,0.0019501
128,910.854,2.74961,0.78739,0.85942,0.64551,0.51153,0.56822,0.24643,2.90803,0.80586,0.84808,0.00194971,0.00194971,0.00194971
129,917.786,2.70769,0.76836,0.86195,0.72812,0.52608,0.61535,0.28996,2.61874,0.83719,0.84181,0.00194931,0.00194931,0.00194931
130,924.546,2.63069,0.77903,0.86469,0.7245,0.52705,0.61822,0.29083,2.64977,0.78348,0.84318,0.00194892,0.00194892,0.00194892
131,931.447,2.5376,0.72582,0.86364,0.72195,0.54009,0.62337,0.30551,2.56092,0.71948,0.84003,0.00194852,0.00194852,0.00194852
132,938.67,2.6702,0.76072,0.85804,0.70281,0.54421,0.61943,0.30334,2.53104,0.72542,0.83727,0.00194812,0.00194812,0.00194812
133,945.78,2.66331,0.74546,0.86132,0.71296,0.54661,0.62075,0.29487,2.60603,0.7232,0.8429,0.00194773,0.00194773,0.00194773
134,952.363,2.59367,0.7279,0.85112,0.74013,0.54695,0.63307,0.31046,2.50013,0.71403,0.83884,0.00194733,0.00194733,0.00194733
135,959.156,2.65237,0.75018,0.85296,0.71223,0.54215,0.62144,0.29093,2.64247,0.73831,0.84139,0.00194694,0.00194694,0.00194694
136,966.386,2.66917,0.73478,0.86109,0.73393,0.54002,0.6262,0.30664,2.54168,0.72017,0.8386,0.00194654,0.00194654,0.00194654
137,973.519,2.58482,0.72749,0.85351,0.71052,0.54228,0.62239,0.30051,2.50376,0.7089,0.83489,0.00194614,0.00194614,0.00194614
138,980.602,2.61629,0.73711,0.8619,0.71608,0.54599,0.62763,0.3059,2.50552,0.69713,0.83539,0.00194575,0.00194575,0.00194575
139,987.606,2.51295,0.72497,0.8578,0.7261,0.5441,0.62694,0.30091,2.55807,0.73273,0.83801,0.00194535,0.00194535,0.00194535
140,994.951,2.58517,0.73667,0.86524,0.70117,0.53698,0.61584,0.29185,2.63242,0.71237,0.83923,0.00194496,0.00194496,0.00194496
141,1002.04,2.67915,0.75692,0.85876,0.72081,0.53501,0.61845,0.30246,2.5766,0.70199,0.84015,0.00194456,0.00194456,0.00194456
142,1008.88,2.61662,0.72592,0.86376,0.73263,0.53954,0.62465,0.30185,2.59704,0.72521,0.83909,0.00194416,0.00194416,0.00194416
143,1016.09,2.6172,0.75184,0.84727,0.70429,0.53693,0.61592,0.28311,2.66738,0.73467,0.83778,0.00194377,0.00194377,0.00194377
144,1022.99,2.71891,0.76094,0.86339,0.69133,0.52764,0.60213,0.27675,2.77008,0.77854,0.84129,0.00194337,0.00194337,0.00194337
145,1030.31,2.62673,0.75856,0.86405,0.72145,0.55897,0.63706,0.31336,2.51849,0.70456,0.83584,0.00194298,0.00194298,0.00194298
146,1037.21,2.64224,0.76607,0.86224,0.70608,0.55506,0.62843,0.30622,2.57565,0.71605,0.83932,0.00194258,0.00194258,0.00194258
147,1044.5,2.64358,0.75218,0.85647,0.71951,0.52759,0.60985,0.28646,2.6592,0.75612,0.84903,0.00194218,0.00194218,0.00194218
148,1051.72,2.69413,0.75937,0.85767,0.69219,0.53213,0.60471,0.28313,2.60511,0.76088,0.84186,0.00194179,0.00194179,0.00194179
149,1059.01,2.65162,0.7578,0.85952,0.70619,0.55217,0.63172,0.30507,2.5096,0.70719,0.83571,0.00194139,0.00194139,0.00194139
150,1066.26,2.51054,0.7233,0.86844,0.71295,0.54283,0.62443,0.3024,2.54783,0.70431,0.83719,0.001941,0.001941,0.001941
151,1073.71,2.64147,0.75173,0.86116,0.68266,0.49941,0.5846,0.26742,2.73591,0.78205,0.84258,0.0019406,0.0019406,0.0019406
152,1081.01,2.51275,0.72235,0.85676,0.70769,0.51916,0.61052,0.29135,2.5418,0.7189,0.83687,0.0019402,0.0019402,0.0019402
153,1088.29,2.56557,0.73212,0.85757,0.71054,0.54797,0.63204,0.29997,2.60442,0.75031,0.84153,0.00193981,0.00193981,0.00193981
154,1095.3,2.61698,0.7317,0.86647,0.70956,0.52128,0.61226,0.29502,2.59439,0.79807,0.8428,0.00193941,0.00193941,0.00193941
155,1102.57,2.62941,0.74644,0.86831,0.70048,0.47323,0.57541,0.26629,2.77944,0.99009,0.85474,0.00193902,0.00193902,0.00193902
156,1109.54,2.63695,0.73827,0.86296,0.7235,0.51716,0.61134,0.29675,2.57629,0.77659,0.84292,0.00193862,0.00193862,0.00193862
157,1116.78,2.6053,0.73078,0.85081,0.66498,0.50851,0.58727,0.2667,2.71718,0.76019,0.84245,0.00193822,0.00193822,0.00193822
158,1123.72,2.58015,0.72409,0.85209,0.68833,0.53144,0.61312,0.29462,2.57341,0.7147,0.8378,0.00193783,0.00193783,0.00193783
159,1131.15,2.56899,0.72624,0.86025,0.72306,0.54887,0.63315,0.31631,2.49468,0.69462,0.83764,0.00193743,0.00193743,0.00193743
160,1138.26,2.55327,0.72142,0.85075,0.72167,0.53858,0.62544,0.29439,2.59023,0.71495,0.83782,0.00193704,0.00193704,0.00193704
161,1145.36,2.62109,0.72592,0.86345,0.73158,0.54854,0.63835,0.31582,2.50618,0.70007,0.8367,0.00193664,0.00193664,0.00193664
162,1152.19,2.58594,0.72264,0.85951,0.72998,0.54186,0.63334,0.30848,2.5437,0.71093,0.8398,0.00193624,0.00193624,0.00193624
163,1158.84,2.52923,0.71551,0.86065,0.72416,0.54558,0.6349,0.30401,2.52218,0.7177,0.83536,0.00193585,0.00193585,0.00193585
164,1165.44,2.581,0.72575,0.8692,0.72797,0.54889,0.63073,0.30783,2.59799,0.71685,0.841,0.00193545,0.00193545,0.00193545
165,1172.33,2.60597,0.72419,0.8581,0.70133,0.5405,0.62295,0.29445,2.56715,0.70196,0.83662,0.00193506,0.00193506,0.00193506
166,1179.31,2.74735,0.76126,0.86794,0.70029,0.5453,0.62431,0.29624,2.5872,0.70667,0.83853,0.00193466,0.00193466,0.00193466
167,1186.47,2.6924,0.72929,0.85196,0.70973,0.52836,0.60244,0.26899,2.77527,0.73867,0.848,0.00193426,0.00193426,0.00193426
168,1193.39,2.54348,0.71478,0.86558,0.7301,0.54174,0.63026,0.31018,2.5029,0.68931,0.83995,0.00193387,0.00193387,0.00193387
169,1200.71,2.58324,0.72839,0.86274,0.69564,0.55176,0.6218,0.28496,2.68083,0.72458,0.84212,0.00193347,0.00193347,0.00193347
170,1207.46,2.55512,0.7224,0.8569,0.71632,0.5519,0.63154,0.30945,2.51777,0.69625,0.83839,0.00193308,0.00193308,0.00193308
171,1214.69,2.59745,0.72139,0.85613,0.71269,0.53569,0.61327,0.30493,2.52461,0.72302,0.84144,0.00193268,0.00193268,0.00193268
172,1222.27,2.58809,0.73516,0.85941,0.72657,0.5505,0.63619,0.3194,2.4558,0.70379,0.83607,0.00193228,0.00193228,0.00193228
173,1229.41,2.49363,0.71838,0.85548,0.74558,0.5576,0.64736,0.32088,2.44392,0.6929,0.83265,0.00193189,0.00193189,0.00193189
174,1236.26,2.50113,0.72478,0.86583,0.72365,0.53926,0.62955,0.30706,2.49532,0.70566,0.83409,0.00193149,0.00193149,0.00193149
175,1242.82,2.50796,0.71423,0.8583,0.69961,0.53158,0.61062,0.28242,2.61558,0.7255,0.83713,0.0019311,0.0019311,0.0019311
176,1249.79,2.63271,0.73666,0.85827,0.70691,0.55121,0.62729,0.28888,2.63007,0.73957,0.84022,0.0019307,0.0019307,0.0019307
177,1257.14,2.53524,0.72076,0.8544,0.70513,0.56439,0.63611,0.30596,2.55297,0.73668,0.83604,0.0019303,0.0019303,0.0019303
178,1264.14,2.53421,0.71354,0.86585,0.71657,0.55361,0.63157,0.3157,2.45178,0.70483,0.83463,0.00192991,0.00192991,0.00192991
179,1271.63,2.57925,0.72696,0.85912,0.71875,0.54709,0.62886,0.30071,2.58809,0.73117,0.84027,0.00192951,0.00192951,0.00192951
180,1278.52,2.49299,0.70873,0.85738,0.72326,0.55684,0.63713,0.30943,2.54006,0.71585,0.83752,0.00192912,0.00192912,0.00192912
181,1285.6,2.43331,0.7065,0.85569,0.73628,0.55299,0.64367,0.32241,2.41791,0.68262,0.83391,0.00192872,0.00192872,0.00192872
182,1293.1,2.48731,0.70573,0.85221,0.72845,0.55096,0.63826,0.329,2.36082,0.66442,0.834,0.00192832,0.00192832,0.00192832
183,1300.22,2.49931,0.70255,0.85691,0.71106,0.53652,0.62757,0.31001,2.50362,0.69233,0.83363,0.00192793,0.00192793,0.00192793
184,1307.23,2.57275,0.72813,0.84559,0.71201,0.5441,0.63152,0.31729,2.42403,0.67294,0.83106,0.00192753,0.00192753,0.00192753
185,1313.66,2.58655,0.7284,0.85595,0.70257,0.53411,0.61989,0.30681,2.5199,0.71551,0.83358,0.00192714,0.00192714,0.00192714
186,1320.58,2.46288,0.72532,0.85643,0.71977,0.55162,0.63615,0.31878,2.45065,0.6876,0.83241,0.00192674,0.00192674,0.00192674
187,1327.74,2.51332,0.73445,0.86025,0.72139,0.54681,0.62659,0.3075,2.47505,0.73316,0.83757,0.00192634,0.00192634,0.00192634
188,1334.71,2.57752,0.73552,0.85268,0.72399,0.55492,0.63815,0.31237,2.46071,0.6993,0.83492,0.00192595,0.00192595,0.00192595
189,1341.83,2.52754,0.71604,0.85369,0.73642,0.54928,0.63843,0.31422,2.52868,0.72391,0.83669,0.00192555,0.00192555,0.00192555
190,1348.41,2.53898,0.71511,0.86305,0.73263,0.54698,0.63943,0.31868,2.4859,0.70793,0.83504,0.00192516,0.00192516,0.00192516
191,1355.67,2.50078,0.70481,0.85843,0.71938,0.55917,0.6387,0.31878,2.5115,0.69534,0.83465,0.00192476,0.00192476,0.00192476
192,1362.46,2.48883,0.70522,0.84919,0.72927,0.54654,0.6304,0.31497,2.46979,0.68505,0.83361,0.00192436,0.00192436,0.00192436
193,1369.7,2.55003,0.72212,0.85325,0.7112,0.53281,0.61692,0.2983,2.55237,0.70313,0.83475,0.00192397,0.00192397,0.00192397
194,1376.42,2.47908,0.70898,0.86523,0.73718,0.53652,0.63074,0.3122,2.48291,0.68472,0.83562,0.00192357,0.00192357,0.00192357
195,1384.02,2.53896,0.70337,0.85396,0.73157,0.54558,0.63203,0.31048,2.49042,0.69414,0.8338,0.00192318,0.00192318,0.00192318
196,1391.27,2.46144,0.68697,0.84738,0.72579,0.55313,0.63737,0.31737,2.47425,0.69266,0.83326,0.00192278,0.00192278,0.00192278
197,1398.75,2.52524,0.70229,0.84878,0.73742,0.5648,0.64776,0.32501,2.43682,0.68477,0.83415,0.00192238,0.00192238,0.00192238
198,1405.87,2.48573,0.69102,0.85037,0.72822,0.56645,0.64822,0.32099,2.44423,0.68336,0.83358,0.00192199,0.00192199,0.00192199
199,1412.95,2.54733,0.69856,0.85586,0.7452,0.5372,0.6332,0.32474,2.37352,0.66814,0.83162,0.00192159,0.00192159,0.00192159
200,1419.7,2.49619,0.69756,0.85644,0.72459,0.54575,0.63133,0.31993,2.44137,0.68924,0.83228,0.0019212,0.0019212,0.0019212
201,1426.8,2.54211,0.71452,0.85227,0.69629,0.51785,0.60741,0.28133,2.59126,0.71681,0.83567,0.0019208,0.0019208,0.0019208
202,1433.72,2.48278,0.70634,0.86377,0.7159,0.52485,0.62243,0.2897,2.57527,0.71785,0.83773,0.0019204,0.0019204,0.0019204
203,1441.12,2.52138,0.71592,0.85671,0.72794,0.55354,0.63971,0.30754,2.58375,0.71039,0.83733,0.00192001,0.00192001,0.00192001
204,1448.23,2.61237,0.71651,0.85181,0.71709,0.55574,0.63661,0.30587,2.55952,0.69975,0.8328,0.00191961,0.00191961,0.00191961
205,1455.47,2.52666,0.71103,0.85106,0.74193,0.53775,0.63445,0.3198,2.40983,0.67616,0.83138,0.00191922,0.00191922,0.00191922
206,1462.82,2.58789,0.70865,0.84696,0.72837,0.53871,0.6269,0.31931,2.4043,0.68337,0.83305,0.00191882,0.00191882,0.00191882
207,1469.95,2.53137,0.70487,0.85907,0.73422,0.56168,0.64882,0.32194,2.48093,0.69952,0.83458,0.00191842,0.00191842,0.00191842
208,1477.01,2.52033,0.71919,0.85814,0.74707,0.56285,0.65085,0.33015,2.43941,0.70527,0.83489,0.00191803,0.00191803,0.00191803
209,1484.64,2.45247,0.69101,0.8536,0.73071,0.54503,0.63739,0.32662,2.40352,0.67827,0.83036,0.00191763,0.00191763,0.00191763
210,1491.62,2.48834,0.71371,0.84745,0.7258,0.53899,0.63185,0.32104,2.44937,0.68714,0.83189,0.00191724,0.00191724,0.00191724
211,1499.22,2.48801,0.69941,0.85822,0.72784,0.54997,0.63704,0.30889,2.55318,0.71082,0.83583,0.00191684,0.00191684,0.00191684
212,1506.06,2.54207,0.71186,0.84847,0.71142,0.56288,0.64293,0.31825,2.47091,0.7008,0.83362,0.00191644,0.00191644,0.00191644
213,1513.3,2.59101,0.71421,0.85122,0.72719,0.52844,0.61398,0.28979,2.66083,0.71971,0.84469,0.00191605,0.00191605,0.00191605
214,1520.42,2.58856,0.72476,0.85997,0.70937,0.51939,0.59639,0.28012,2.63374,0.72775,0.84803,0.00191565,0.00191565,0.00191565
215,1527.76,2.62043,0.73162,0.85567,0.71551,0.55037,0.63429,0.30426,2.60171,0.72059,0.83867,0.00191526,0.00191526,0.00191526
216,1534.73,2.73263,0.75419,0.86539,0.7153,0.55499,0.63748,0.30652,2.60899,0.72252,0.8418,0.00191486,0.00191486,0.00191486
217,1541.99,2.71694,0.75635,0.85604,0.7328,0.54942,0.62947,0.29304,2.70923,0.73318,0.84197,0.00191446,0.00191446,0.00191446
218,1548.55,2.706,0.74853,0.86821,0.71266,0.53186,0.6098,0.28484,2.6917,0.73605,0.84133,0.00191407,0.00191407,0.00191407
219,1555.81,2.59907,0.73688,0.85696,0.70117,0.53817,0.61721,0.29573,2.56679,0.72495,0.83625,0.00191367,0.00191367,0.00191367
220,1562.77,2.56575,0.72132,0.86087,0.69512,0.55588,0.63036,0.30046,2.6335,0.73277,0.83819,0.00191328,0.00191328,0.00191328
221,1569.63,2.46112,0.71853,0.86221,0.70812,0.55601,0.63595,0.30235,2.59143,0.71916,0.83719,0.00191288,0.00191288,0.00191288
222,1576.61,2.60011,0.72262,0.8505,0.73147,0.56452,0.64689,0.3089,2.54968,0.70775,0.83736,0.00191248,0.00191248,0.00191248
223,1583.7,2.46829,0.69973,0.86232,0.75104,0.53965,0.63932,0.31776,2.48082,0.70574,0.8378,0.00191209,0.00191209,0.00191209
224,1590.9,2.65073,0.71195,0.84812,0.73276,0.52773,0.62614,0.30977,2.50167,0.71197,0.83656,0.00191169,0.00191169,0.00191169
225,1597.91,2.48878,0.69722,0.85665,0.74127,0.54635,0.63969,0.32449,2.41369,0.67061,0.83401,0.0019113,0.0019113,0.0019113
226,1604.79,2.50461,0.70062,0.84981,0.73244,0.54606,0.63582,0.32269,2.41407,0.67753,0.83486,0.0019109,0.0019109,0.0019109
227,1612.17,2.47093,0.69984,0.85107,0.74622,0.54572,0.64097,0.32905,2.39396,0.67543,0.83357,0.0019105,0.0019105,0.0019105
228,1619.26,2.45912,0.68618,0.85111,0.76773,0.56054,0.65513,0.32926,2.45872,0.68563,0.83416,0.00191011,0.00191011,0.00191011
229,1626.19,2.41749,0.69909,0.85255,0.74955,0.55697,0.64988,0.33165,2.38233,0.66834,0.82897,0.00190971,0.00190971,0.00190971
230,1633.56,2.49919,0.68949,0.84969,0.72991,0.55011,0.63787,0.31427,2.42537,0.67941,0.82937,0.00190932,0.00190932,0.00190932
231,1640.6,2.46011,0.69504,0.85007,0.7425,0.57004,0.65578,0.33053,2.42525,0.69256,0.83146,0.00190892,0.00190892,0.00190892
232,1647.69,2.47763,0.71025,0.85495,0.73898,0.57633,0.65569,0.3255,2.48292,0.71981,0.83349,0.00190852,0.00190852,0.00190852
233,1654.87,2.47363,0.70657,0.84984,0.7355,0.54942,0.6404,0.32142,2.434,0.67979,0.83183,0.00190813,0.00190813,0.00190813
234,1661.87,2.47214,0.69405,0.85025,0.7412,0.54681,0.63873,0.32432,2.40763,0.67891,0.83401,0.00190773,0.00190773,0.00190773
235,1669.08,2.43129,0.68629,0.85337,0.74368,0.55093,0.64665,0.32416,2.39112,0.65724,0.83001,0.00190734,0.00190734,0.00190734
236,1676.25,2.49334,0.69778,0.84582,0.72712,0.56227,0.64857,0.32079,2.43721,0.6827,0.83137,0.00190694,0.00190694,0.00190694
237,1683.77,2.48808,0.7036,0.85486,0.7437,0.57963,0.66096,0.32821,2.44146,0.67339,0.83169,0.00190654,0.00190654,0.00190654
238,1690.66,2.47041,0.68931,0.85467,0.73611,0.574,0.65971,0.33532,2.36444,0.66365,0.82905,0.00190615,0.00190615,0.00190615
239,1697.58,2.4535,0.68707,0.84609,0.76128,0.56755,0.66053,0.32779,2.40648,0.65895,0.82976,0.00190575,0.00190575,0.00190575
240,1704.64,2.47169,0.69626,0.85316,0.75902,0.5718,0.66422,0.34111,2.32353,0.64373,0.82848,0.00190536,0.00190536,0.00190536
241,1711.73,2.46767,0.69066,0.84891,0.73399,0.55354,0.64404,0.3123,2.49525,0.66688,0.83209,0.00190496,0.00190496,0.00190496
242,1718.53,2.4611,0.68139,0.84382,0.74604,0.56233,0.65368,0.33798,2.32617,0.64316,0.82858,0.00190456,0.00190456,0.00190456
243,1725.73,2.45696,0.69512,0.85165,0.7335,0.56945,0.65215,0.3338,2.34442,0.63651,0.82747,0.00190417,0.00190417,0.00190417
244,1732.87,2.39248,0.67249,0.84644,0.7441,0.56988,0.6541,0.33682,2.35853,0.64325,0.82902,0.00190377,0.00190377,0.00190377
245,1740.22,2.4334,0.6753,0.84951,0.73725,0.57243,0.65517,0.34201,2.28495,0.63186,0.82734,0.00190338,0.00190338,0.00190338
246,1747.46,2.46302,0.67631,0.84177,0.74745,0.5607,0.65175,0.33399,2.34354,0.63788,0.82953,0.00190298,0.00190298,0.00190298
247,1754.39,2.40158,0.67382,0.85784,0.73872,0.5615,0.64756,0.32913,2.3846,0.65768,0.83374,0.00190258,0.00190258,0.00190258
248,1761.15,2.50764,0.69529,0.85772,0.70851,0.5626,0.64122,0.31029,2.49268,0.67905,0.83192,0.00190219,0.00190219,0.00190219
249,1767.93,2.49954,0.6876,0.8482,0.72114,0.57194,0.64265,0.31226,2.46904,0.68775,0.83332,0.00190179,0.00190179,0.00190179
250,1774.81,2.53041,0.70235,0.85656,0.73844,0.55629,0.63586,0.30572,2.49395,0.68148,0.83597,0.0019014,0.0019014,0.0019014
251,1781.21,2.47734,0.69113,0.85169,0.7383,0.55258,0.64913,0.32693,2.36659,0.66039,0.82923,0.001901,0.001901,0.001901
252,1788.54,2.50638,0.70265,0.84736,0.74079,0.56068,0.65256,0.32574,2.42384,0.66801,0.82877,0.0019006,0.0019006,0.0019006
253,1795.82,2.47898,0.6984,0.84809,0.74126,0.56913,0.66282,0.34233,2.31434,0.65762,0.82711,0.00190021,0.00190021,0.00190021
254,1802.98,2.42299,0.68027,0.84412,0.74532,0.56439,0.66125,0.33945,2.32185,0.65351,0.82696,0.00189981,0.00189981,0.00189981
255,1810.34,2.38478,0.67218,0.84719,0.75097,0.55807,0.65341,0.33526,2.32679,0.64489,0.82806,0.00189942,0.00189942,0.00189942
256,1817.28,2.40816,0.67526,0.84261,0.75322,0.56425,0.66018,0.33824,2.33458,0.64501,0.82782,0.00189902,0.00189902,0.00189902
257,1824.54,2.40077,0.66511,0.84243,0.75239,0.57002,0.66667,0.34911,2.26363,0.6317,0.82736,0.00189862,0.00189862,0.00189862
258,1831.66,2.43219,0.67766,0.85207,0.74235,0.57111,0.66394,0.34416,2.27992,0.63602,0.82843,0.00189823,0.00189823,0.00189823
259,1838.91,2.37715,0.67452,0.84709,0.73004,0.57064,0.65698,0.33023,2.4308,0.65813,0.8298,0.00189783,0.00189783,0.00189783
260,1845.86,2.51537,0.68576,0.84257,0.73587,0.56416,0.65381,0.32407,2.52119,0.67217,0.83475,0.00189744,0.00189744,0.00189744
261,1852.83,2.38469,0.67284,0.84663,0.75377,0.56821,0.65946,0.33334,2.39682,0.65172,0.82822,0.00189704,0.00189704,0.00189704
262,1859.42,2.36085,0.65635,0.84587,0.7426,0.56204,0.65208,0.32647,2.41998,0.6617,0.83033,0.00189664,0.00189664,0.00189664
263,1867.01,2.42172,0.67501,0.84112,0.74004,0.56507,0.65135,0.33204,2.38773,0.65534,0.82895,0.00189625,0.00189625,0.00189625
264,1874.1,2.48333,0.68453,0.84402,0.74385,0.56082,0.65218,0.33767,2.32379,0.65271,0.82765,0.00189585,0.00189585,0.00189585
265,1881.04,2.42581,0.67511,0.84615,0.7599,0.55574,0.64977,0.32397,2.43856,0.6747,0.83384,0.00189546,0.00189546,0.00189546
266,1887.57,2.4616,0.70163,0.85363,0.73691,0.56989,0.65354,0.32978,2.38183,0.66662,0.82877,0.00189506,0.00189506,0.00189506
267,1894.93,2.44275,0.68968,0.84776,0.73713,0.57345,0.65871,0.33543,2.37699,0.6613,0.82825,0.00189466,0.00189466,0.00189466
268,1902.25,2.51222,0.69475,0.84922,0.74081,0.56576,0.65365,0.3274,2.4154,0.6606,0.82981,0.00189427,0.00189427,0.00189427
269,1909.45,2.46241,0.68137,0.84938,0.72312,0.54077,0.63193,0.31222,2.49956,0.68878,0.83248,0.00189387,0.00189387,0.00189387
270,1916.6,2.55146,0.7125,0.85077,0.72908,0.54572,0.63451,0.3148,2.49288,0.69748,0.83103,0.00189348,0.00189348,0.00189348
271,1923.75,2.47295,0.70073,0.85401,0.75563,0.55656,0.64818,0.312,2.51767,0.75664,0.83284,0.00189308,0.00189308,0.00189308
272,1930.59,2.47059,0.68824,0.85215,0.73509,0.55629,0.64291,0.31117,2.55417,0.74313,0.83416,0.00189268,0.00189268,0.00189268
273,1938.19,2.47505,0.69224,0.8488,0.72466,0.55135,0.64256,0.31818,2.42173,0.68426,0.82865,0.00189229,0.00189229,0.00189229
274,1945.29,2.44173,0.68921,0.84439,0.75351,0.55986,0.65827,0.3424,2.32144,0.65993,0.82646,0.00189189,0.00189189,0.00189189
275,1952.54,2.41548,0.67846,0.84479,0.74672,0.55694,0.65125,0.33001,2.4192,0.66279,0.82996,0.0018915,0.0018915,0.0018915
276,1959.62,2.50156,0.68855,0.84815,0.74851,0.55945,0.65237,0.32963,2.43448,0.66113,0.83166,0.0018911,0.0018911,0.0018911
277,1966.7,2.47766,0.67814,0.84254,0.76346,0.56947,0.66553,0.34408,2.32208,0.63724,0.8293,0.0018907,0.0018907,0.0018907
278,1973.61,2.35277,0.662,0.85134,0.74849,0.56668,0.66118,0.33986,2.35408,0.64286,0.82739,0.00189031,0.00189031,0.00189031
279,1980.77,2.31986,0.65617,0.84477,0.76588,0.57577,0.66859,0.34618,2.30652,0.64263,0.82621,0.00188991,0.00188991,0.00188991
280,1987.36,2.3597,0.66457,0.85093,0.75733,0.574,0.66539,0.34998,2.28006,0.64157,0.82747,0.00188952,0.00188952,0.00188952
281,1994.85,2.44814,0.67546,0.84583,0.74723,0.56466,0.65914,0.33107,2.39469,0.65947,0.8282,0.00188912,0.00188912,0.00188912
282,2002.26,2.43037,0.68298,0.84241,0.78016,0.56564,0.66859,0.33786,2.37206,0.66338,0.82828,0.00188872,0.00188872,0.00188872
283,2009.95,2.32564,0.66112,0.84577,0.74748,0.56274,0.65794,0.34313,2.30648,0.63715,0.82861,0.00188833,0.00188833,0.00188833
284,2016.91,2.30835,0.6562,0.84087,0.74254,0.56205,0.65726,0.34249,2.30015,0.63902,0.82792,0.00188793,0.00188793,0.00188793
285,2024.47,2.42142,0.66748,0.84437,0.75525,0.58196,0.67128,0.34579,2.33122,0.64215,0.82707,0.00188754,0.00188754,0.00188754
286,2032.03,2.4248,0.66447,0.84331,0.73685,0.57729,0.66319,0.33863,2.3395,0.64855,0.82722,0.00188714,0.00188714,0.00188714
287,2039.28,2.41078,0.67082,0.84838,0.75799,0.55766,0.64804,0.32245,2.47106,0.66338,0.83563,0.00188674,0.00188674,0.00188674
288,2046.52,2.363,0.66412,0.85337,0.75213,0.56779,0.6618,0.34336,2.32232,0.63622,0.82938,0.00188635,0.00188635,0.00188635
289,2053.93,2.4618,0.67412,0.83583,0.75486,0.56631,0.65824,0.33415,2.37019,0.66242,0.82686,0.00188595,0.00188595,0.00188595
290,2061.2,2.39191,0.67376,0.84175,0.754,0.56315,0.65668,0.33715,2.34161,0.6655,0.82689,0.00188556,0.00188556,0.00188556
291,2068.75,2.29011,0.65591,0.84911,0.73755,0.55479,0.64517,0.32955,2.41112,0.66454,0.83174,0.00188516,0.00188516,0.00188516
292,2076.17,2.3534,0.65869,0.85168,0.75986,0.55864,0.65779,0.33912,2.34082,0.6435,0.82759,0.00188476,0.00188476,0.00188476
293,2083.84,2.37008,0.66224,0.84537,0.75018,0.57688,0.66935,0.35643,2.26177,0.63055,0.82364,0.00188437,0.00188437,0.00188437
294,2091.52,2.43354,0.68665,0.8514,0.75166,0.57843,0.66891,0.35168,2.29769,0.63724,0.82376,0.00188397,0.00188397,0.00188397
295,2099.08,2.38957,0.66128,0.84035,0.75748,0.58127,0.67106,0.35819,2.21311,0.63019,0.82417,0.00188358,0.00188358,0.00188358
296,2106.85,2.48864,0.67356,0.84131,0.73806,0.58527,0.66721,0.34793,2.26015,0.64018,0.82467,0.00188318,0.00188318,0.00188318
297,2114.66,2.39432,0.66189,0.84454,0.74215,0.57888,0.66504,0.34085,2.32071,0.65527,0.82762,0.00188278,0.00188278,0.00188278
298,2121.87,2.40386,0.67056,0.84021,0.74547,0.57249,0.66319,0.34091,2.32059,0.65238,0.82806,0.00188239,0.00188239,0.00188239
299,2129.38,2.40054,0.67767,0.84647,0.73614,0.54846,0.64942,0.32716,2.38386,0.67902,0.82817,0.00188199,0.00188199,0.00188199
300,2136.85,2.36451,0.66312,0.84371,0.75708,0.56576,0.66548,0.34415,2.29678,0.63836,0.82582,0.0018816,0.0018816,0.0018816
301,2144.31,2.41078,0.66685,0.84426,0.75426,0.57235,0.66357,0.33636,2.32862,0.65568,0.82689,0.0018812,0.0018812,0.0018812
302,2151.4,2.35159,0.66375,0.84352,0.75447,0.57372,0.66572,0.34894,2.25014,0.64349,0.82665,0.0018808,0.0018808,0.0018808
303,2159.06,2.41821,0.66589,0.85014,0.73621,0.57331,0.66032,0.33739,2.40165,0.67733,0.83204,0.00188041,0.00188041,0.00188041
304,2166.68,2.42748,0.66846,0.83877,0.73614,0.56343,0.65499,0.33229,2.4118,0.67659,0.83231,0.00188001,0.00188001,0.00188001
305,2174.33,2.42487,0.68227,0.84268,0.76145,0.56755,0.66404,0.34323,2.29089,0.6397,0.82963,0.00187962,0.00187962,0.00187962
306,2181.89,2.43336,0.67607,0.84556,0.75919,0.55313,0.65392,0.33373,2.35503,0.67139,0.83109,0.00187922,0.00187922,0.00187922
307,2189.45,2.35163,0.67016,0.84733,0.76118,0.56755,0.66348,0.34285,2.34206,0.65911,0.83148,0.00187882,0.00187882,0.00187882
308,2196.94,2.4099,0.66846,0.8469,0.75518,0.57359,0.66586,0.34129,2.38437,0.66512,0.83145,0.00187843,0.00187843,0.00187843
309,2204.39,2.35994,0.65694,0.84787,0.75616,0.57176,0.66766,0.33968,2.36183,0.64359,0.82826,0.00187803,0.00187803,0.00187803
310,2211.76,2.405,0.66941,0.84549,0.76823,0.57657,0.67263,0.34717,2.32631,0.63898,0.82788,0.00187764,0.00187764,0.00187764
311,2219.06,2.29738,0.65091,0.84177,0.75205,0.57551,0.67181,0.35157,2.28751,0.6358,0.82468,0.00187724,0.00187724,0.00187724
312,2226.61,2.3898,0.66421,0.84214,0.74956,0.57057,0.66619,0.34423,2.32443,0.64273,0.8261,0.00187684,0.00187684,0.00187684
313,2234.15,2.47937,0.66869,0.84265,0.74595,0.54929,0.64878,0.33243,2.35129,0.64879,0.82761,0.00187645,0.00187645,0.00187645
314,2241.68,2.41129,0.66543,0.8562,0.72697,0.54138,0.6343,0.30695,2.49769,0.67811,0.82983,0.00187605,0.00187605,0.00187605
315,2249.29,2.40628,0.66376,0.84748,0.7363,0.57015,0.6593,0.33735,2.33657,0.64717,0.82622,0.00187566,0.00187566,0.00187566
316,2256.69,2.38956,0.67052,0.84577,0.73163,0.57867,0.66438,0.34259,2.31799,0.63572,0.82684,0.00187526,0.00187526,0.00187526
317,2264.24,2.37144,0.66489,0.8455,0.75442,0.57443,0.66458,0.34392,2.33437,0.64197,0.82626,0.00187486,0.00187486,0.00187486
318,2271.99,2.39399,0.66594,0.84419,0.75326,0.57537,0.66487,0.34351,2.30644,0.64326,0.82518,0.00187447,0.00187447,0.00187447
319,2279.72,2.43361,0.6742,0.85144,0.7305,0.58347,0.66956,0.34186,2.37449,0.65066,0.82741,0.00187407,0.00187407,0.00187407
320,2287.16,2.43882,0.68963,0.85197,0.75445,0.59475,0.6794,0.35282,2.25704,0.63166,0.82451,0.00187368,0.00187368,0.00187368
321,2294.94,2.34528,0.65224,0.85298,0.7562,0.58333,0.67331,0.34815,2.30981,0.65076,0.82662,0.00187328,0.00187328,0.00187328
322,2302.5,2.37708,0.65982,0.84875,0.75184,0.57441,0.66826,0.33865,2.33977,0.65483,0.82707,0.00187288,0.00187288,0.00187288
323,2310.34,2.40611,0.6635,0.84574,0.75589,0.57537,0.66983,0.34919,2.27942,0.63742,0.82485,0.00187249,0.00187249,0.00187249
324,2317.69,2.33223,0.6471,0.83623,0.75564,0.56672,0.66461,0.3417,2.31805,0.64701,0.82565,0.00187209,0.00187209,0.00187209
325,2325.44,2.43761,0.67,0.84946,0.76103,0.56892,0.66552,0.35176,2.29013,0.62634,0.82556,0.0018717,0.0018717,0.0018717
326,2332.58,2.39025,0.66101,0.84535,0.76344,0.57317,0.66714,0.35054,2.27249,0.61686,0.82539,0.0018713,0.0018713,0.0018713
327,2339.96,2.46881,0.67404,0.85377,0.75145,0.56117,0.65759,0.33528,2.33069,0.62902,0.8243,0.0018709,0.0018709,0.0018709
328,2347.44,2.46805,0.68343,0.84641,0.75516,0.56528,0.66072,0.32834,2.39087,0.64457,0.82416,0.00187051,0.00187051,0.00187051
329,2354.83,2.4671,0.67096,0.83834,0.74455,0.5821,0.66882,0.34118,2.34346,0.64759,0.828,0.00187011,0.00187011,0.00187011
330,2362.04,2.4271,0.67098,0.84485,0.75074,0.58278,0.67476,0.35031,2.29622,0.63553,0.82608,0.00186972,0.00186972,0.00186972
331,2369.56,2.35747,0.65299,0.84339,0.75329,0.57716,0.67174,0.35913,2.21043,0.62195,0.82293,0.00186932,0.00186932,0.00186932
332,2377.17,2.39615,0.65955,0.83754,0.74913,0.58072,0.67062,0.35025,2.28383,0.62296,0.82429,0.00186892,0.00186892,0.00186892
333,2384.78,2.3992,0.65453,0.8421,0.75671,0.57386,0.66707,0.34386,2.31508,0.64197,0.82711,0.00186853,0.00186853,0.00186853
334,2392.54,2.39251,0.65815,0.84057,0.75309,0.57166,0.66702,0.35097,2.26335,0.63112,0.82519,0.00186813,0.00186813,0.00186813
335,2400.11,2.50611,0.67123,0.8477,0.74474,0.56957,0.66357,0.34619,2.33857,0.65633,0.82773,0.00186774,0.00186774,0.00186774
336,2407.37,2.43395,0.66996,0.84856,0.74659,0.56545,0.65884,0.34101,2.36188,0.6601,0.8281,0.00186734,0.00186734,0.00186734
337,2415.18,2.51075,0.67734,0.84557,0.72891,0.55408,0.64264,0.31876,2.5125,0.6887,0.83612,0.00186694,0.00186694,0.00186694
338,2422.61,2.38657,0.66007,0.85069,0.74317,0.57166,0.65825,0.3427,2.31911,0.65276,0.82878,0.00186655,0.00186655,0.00186655
339,2430.21,2.36544,0.65122,0.83979,0.75463,0.57139,0.66429,0.33866,2.37459,0.64453,0.82795,0.00186615,0.00186615,0.00186615
340,2437.78,2.34814,0.64847,0.84619,0.74257,0.5663,0.65772,0.33798,2.36133,0.64536,0.82889,0.00186576,0.00186576,0.00186576
341,2445.31,2.45127,0.66216,0.83665,0.75804,0.574,0.67442,0.35345,2.28649,0.62626,0.82577,0.00186536,0.00186536,0.00186536
342,2452.5,2.36007,0.64483,0.84142,0.75376,0.5832,0.67646,0.35602,2.29072,0.63405,0.82822,0.00186496,0.00186496,0.00186496
343,2460.02,2.31312,0.64558,0.8454,0.75553,0.59102,0.67669,0.3443,2.39135,0.64862,0.82819,0.00186457,0.00186457,0.00186457
344,2467.41,2.42649,0.66097,0.84303,0.76017,0.58571,0.67507,0.34297,2.40892,0.65469,0.8292,0.00186417,0.00186417,0.00186417
345,2475.09,2.37003,0.65856,0.84052,0.76378,0.57839,0.67649,0.35118,2.28701,0.63167,0.82445,0.00186378,0.00186378,0.00186378
346,2482.29,2.36832,0.65671,0.84161,0.76479,0.57986,0.67781,0.35331,2.26189,0.63042,0.82411,0.00186338,0.00186338,0.00186338
347,2490.08,2.41182,0.66237,0.84135,0.75464,0.56809,0.67092,0.34686,2.30663,0.63489,0.82506,0.00186298,0.00186298,0.00186298
348,2497.62,2.41797,0.65852,0.8415,0.75057,0.57455,0.67462,0.34874,2.28247,0.63601,0.82466,0.00186259,0.00186259,0.00186259
349,2505.35,2.39776,0.65264,0.8474,0.77041,0.58745,0.68254,0.34769,2.34731,0.64893,0.82672,0.00186219,0.00186219,0.00186219
350,2512.69,2.31096,0.64713,0.84426,0.76951,0.57784,0.67872,0.34918,2.32856,0.64135,0.82646,0.0018618,0.0018618,0.0018618
351,2520.4,2.36521,0.64977,0.8422,0.766,0.57702,0.67436,0.353,2.25831,0.6281,0.82493,0.0018614,0.0018614,0.0018614
352,2527.61,2.27879,0.63521,0.84436,0.75264,0.57592,0.66856,0.34544,2.28818,0.62713,0.82576,0.001861,0.001861,0.001861
353,2535.23,2.38139,0.65483,0.84005,0.76186,0.58108,0.68001,0.36233,2.19728,0.61682,0.82149,0.00186061,0.00186061,0.00186061
354,2542.61,2.33709,0.64892,0.84054,0.76333,0.58457,0.68008,0.3601,2.22859,0.6228,0.82326,0.00186021,0.00186021,0.00186021
355,2550.17,2.31047,0.647,0.84372,0.76287,0.58333,0.68175,0.3618,2.20694,0.61884,0.82486,0.00185982,0.00185982,0.00185982
356,2557.77,2.37261,0.65357,0.83717,0.75721,0.59198,0.68104,0.35599,2.26082,0.62125,0.82466,0.00185942,0.00185942,0.00185942
357,2564.97,2.36117,0.66033,0.84064,0.76809,0.5751,0.67218,0.3516,2.25701,0.61855,0.82223,0.00185902,0.00185902,0.00185902
358,2572.09,2.29558,0.64586,0.8455,0.7662,0.56617,0.66815,0.3559,2.20803,0.61409,0.82144,0.00185863,0.00185863,0.00185863
359,2579.88,2.41477,0.66089,0.8364,0.76497,0.56617,0.6602,0.34257,2.32073,0.6367,0.82728,0.00185823,0.00185823,0.00185823
360,2587.37,2.34561,0.65788,0.84479,0.768,0.57359,0.66627,0.34451,2.3212,0.63169,0.82636,0.00185784,0.00185784,0.00185784
361,2595.09,2.3817,0.65768,0.84298,0.77422,0.57622,0.67682,0.35542,2.23874,0.6246,0.82334,0.00185744,0.00185744,0.00185744
362,2602.66,2.34258,0.64409,0.8305,0.76191,0.58182,0.6788,0.35809,2.21222,0.62439,0.82223,0.00185704,0.00185704,0.00185704
363,2610.4,2.37673,0.66974,0.83718,0.77746,0.58004,0.68162,0.35953,2.2251,0.61965,0.82225,0.00185665,0.00185665,0.00185665
364,2617.63,2.29093,0.64713,0.83964,0.7759,0.57563,0.67642,0.35755,2.22991,0.62209,0.82216,0.00185625,0.00185625,0.00185625
365,2625.31,2.33896,0.64957,0.84113,0.76646,0.5869,0.6797,0.35564,2.23624,0.62582,0.82287,0.00185586,0.00185586,0.00185586
366,2632.73,2.26431,0.63528,0.84253,0.76607,0.58175,0.67857,0.35469,2.26101,0.62989,0.82318,0.00185546,0.00185546,0.00185546
367,2640.4,2.3847,0.67199,0.83931,0.772,0.57702,0.67293,0.35429,2.27809,0.64241,0.82522,0.00185506,0.00185506,0.00185506
368,2647.73,2.30269,0.64726,0.83853,0.77062,0.57908,0.67995,0.35729,2.24136,0.62276,0.82288,0.00185467,0.00185467,0.00185467
369,2655.11,2.35433,0.65199,0.83912,0.75068,0.58361,0.67398,0.35256,2.23962,0.62424,0.82436,0.00185427,0.00185427,0.00185427
370,2662.36,2.3951,0.65556,0.84021,0.75048,0.58511,0.67456,0.35256,2.25333,0.62793,0.82532,0.00185388,0.00185388,0.00185388
371,2669.58,2.33468,0.64639,0.841,0.75974,0.56755,0.66734,0.35188,2.27185,0.6218,0.82413,0.00185348,0.00185348,0.00185348
372,2676.99,2.31347,0.65354,0.84643,0.76699,0.57619,0.67093,0.35638,2.24726,0.61832,0.82351,0.00185308,0.00185308,0.00185308
373,2684.57,2.2668,0.65189,0.84136,0.75695,0.56604,0.66446,0.34702,2.25123,0.62533,0.82182,0.00185269,0.00185269,0.00185269
374,2692.04,2.39092,0.6557,0.84415,0.75529,0.56274,0.66359,0.34492,2.27381,0.63652,0.82204,0.00185229,0.00185229,0.00185229
375,2699.81,2.35411,0.65276,0.83841,0.77193,0.56734,0.66952,0.35197,2.23377,0.63579,0.82168,0.0018519,0.0018519,0.0018519
376,2707,2.32055,0.64658,0.83959,0.75395,0.57551,0.67171,0.3516,2.23719,0.63095,0.82107,0.0018515,0.0018515,0.0018515
377,2714.68,2.37766,0.65287,0.83687,0.7809,0.57152,0.67761,0.35866,2.24159,0.6188,0.82152,0.0018511,0.0018511,0.0018511
378,2721.69,2.26425,0.63323,0.83602,0.7748,0.57625,0.67855,0.36287,2.21479,0.61136,0.82193,0.00185071,0.00185071,0.00185071
379,2729.08,2.19295,0.6201,0.83908,0.76196,0.57613,0.67811,0.36458,2.18169,0.60783,0.82029,0.00185031,0.00185031,0.00185031
380,2736.21,2.27183,0.63464,0.84136,0.76788,0.58594,0.68319,0.36343,2.19758,0.60944,0.81977,0.00184992,0.00184992,0.00184992
381,2743.73,2.29536,0.65037,0.85064,0.76075,0.56052,0.66589,0.34994,2.24677,0.63286,0.82156,0.00184952,0.00184952,0.00184952
382,2751.24,2.39584,0.65718,0.84027,0.75429,0.56601,0.66698,0.34708,2.26651,0.63231,0.8228,0.00184912,0.00184912,0.00184912
383,2758.81,2.38476,0.66064,0.84449,0.76692,0.57729,0.67347,0.34089,2.33784,0.64884,0.82406,0.00184873,0.00184873,0.00184873
384,2766.25,2.35534,0.66116,0.84415,0.76389,0.57785,0.67319,0.3534,2.23531,0.63544,0.82141,0.00184833,0.00184833,0.00184833
385,2773.9,2.4012,0.66376,0.83764,0.74881,0.56274,0.66111,0.33833,2.33883,0.64693,0.82271,0.00184794,0.00184794,0.00184794
386,2781.21,2.32317,0.64333,0.84081,0.7547,0.57657,0.67143,0.35568,2.2504,0.62522,0.82277,0.00184754,0.00184754,0.00184754
387,2788.85,2.38582,0.65138,0.83811,0.77731,0.57457,0.67822,0.35523,2.26742,0.62081,0.82255,0.00184714,0.00184714,0.00184714
388,2796.12,2.46474,0.66648,0.83844,0.76474,0.56535,0.6685,0.34104,2.28978,0.63881,0.82381,0.00184675,0.00184675,0.00184675
389,2803.59,2.38433,0.66635,0.84656,0.76956,0.58273,0.68149,0.35532,2.28057,0.6297,0.82318,0.00184635,0.00184635,0.00184635
390,2811.11,2.36955,0.65564,0.83914,0.7569,0.5913,0.68153,0.35777,2.25897,0.63005,0.82181,0.00184596,0.00184596,0.00184596
391,2818.63,2.42076,0.65965,0.83926,0.74897,0.58031,0.67739,0.36158,2.18654,0.61168,0.82059,0.00184556,0.00184556,0.00184556
392,2826.37,2.34974,0.64609,0.84023,0.75777,0.56991,0.6682,0.36209,2.17266,0.61476,0.81864,0.00184516,0.00184516,0.00184516
393,2834.03,2.40595,0.6585,0.83922,0.75909,0.57482,0.67352,0.3535,2.23006,0.61892,0.82025,0.00184477,0.00184477,0.00184477
394,2841.59,2.39469,0.65715,0.83994,0.76839,0.58939,0.68043,0.34839,2.28258,0.63704,0.82203,0.00184437,0.00184437,0.00184437
395,2849.29,2.25589,0.63784,0.8464,0.77065,0.58704,0.68189,0.35838,2.27429,0.63444,0.82274,0.00184398,0.00184398,0.00184398
396,2856.57,2.30909,0.64215,0.83551,0.77015,0.57959,0.67789,0.36211,2.2254,0.62648,0.82073,0.00184358,0.00184358,0.00184358
397,2863.94,2.38901,0.6579,0.84488,0.76105,0.58025,0.67625,0.36232,2.19713,0.61367,0.8195,0.00184318,0.00184318,0.00184318
398,2871.38,2.2284,0.63094,0.83741,0.7723,0.57702,0.67718,0.36224,2.20742,0.6073,0.82063,0.00184279,0.00184279,0.00184279
399,2878.89,2.26496,0.64212,0.84908,0.77774,0.57963,0.67781,0.36651,2.21103,0.61204,0.82323,0.00184239,0.00184239,0.00184239
400,2886.4,2.31438,0.63753,0.83783,0.76893,0.58141,0.67835,0.36369,2.21593,0.61503,0.82097,0.001842,0.001842,0.001842
401,2893.65,2.32428,0.64426,0.83689,0.76888,0.57908,0.67819,0.35928,2.23384,0.6108,0.82201,0.0018416,0.0018416,0.0018416
402,2901.1,2.30754,0.64191,0.83993,0.76567,0.57702,0.67524,0.35379,2.23554,0.61376,0.82303,0.0018412,0.0018412,0.0018412
403,2908.93,2.26335,0.63624,0.84456,0.75999,0.56892,0.66614,0.3415,2.35142,0.65309,0.8268,0.00184081,0.00184081,0.00184081
404,2916.48,2.31004,0.64656,0.83776,0.75986,0.56429,0.6645,0.33721,2.34452,0.64667,0.82566,0.00184041,0.00184041,0.00184041
405,2924.4,2.29093,0.63956,0.84001,0.76507,0.57002,0.67193,0.35698,2.24051,0.62314,0.8209,0.00184002,0.00184002,0.00184002
406,2932.03,2.37701,0.65028,0.83481,0.77559,0.56507,0.66958,0.3527,2.24078,0.62405,0.82129,0.00183962,0.00183962,0.00183962
407,2940.06,2.34495,0.6578,0.84485,0.76011,0.56639,0.66453,0.35196,2.24733,0.61955,0.82185,0.00183922,0.00183922,0.00183922
408,2947.41,2.29378,0.65359,0.84368,0.77517,0.57565,0.67624,0.35433,2.22954,0.62458,0.82308,0.00183883,0.00183883,0.00183883
409,2954.88,2.39747,0.67523,0.84159,0.74009,0.57235,0.66251,0.33728,2.35265,0.64085,0.8251,0.00183843,0.00183843,0.00183843
410,2962.11,2.36017,0.65417,0.83957,0.74012,0.56301,0.65735,0.32576,2.45023,0.66948,0.8299,0.00183804,0.00183804,0.00183804
411,2969.7,2.30948,0.65362,0.84965,0.78295,0.58526,0.67929,0.35649,2.25762,0.62697,0.82453,0.00183764,0.00183764,0.00183764
412,2977.1,2.38215,0.66221,0.83857,0.79363,0.58076,0.68103,0.36124,2.25847,0.63149,0.82533,0.00183724,0.00183724,0.00183724
413,2984.73,2.50238,0.67692,0.83897,0.74745,0.56645,0.66076,0.32359,2.493,0.66431,0.82828,0.00183685,0.00183685,0.00183685
414,2992.31,2.53809,0.69326,0.8509,0.75615,0.57427,0.67023,0.33677,2.4471,0.66246,0.82898,0.00183645,0.00183645,0.00183645
415,2999.87,2.47235,0.67493,0.85082,0.77522,0.56768,0.65955,0.31745,2.44794,0.65459,0.83185,0.00183606,0.00183606,0.00183606
416,3007.47,2.45297,0.66537,0.84511,0.77075,0.57281,0.66472,0.33585,2.35581,0.64612,0.82878,0.00183566,0.00183566,0.00183566
417,3015.07,2.34174,0.65387,0.83999,0.73981,0.56367,0.65583,0.3266,2.403,0.66274,0.82526,0.00183526,0.00183526,0.00183526
418,3022.3,2.32535,0.65009,0.85018,0.7341,0.56631,0.6545,0.32268,2.42172,0.66229,0.82483,0.00183487,0.00183487,0.00183487
419,3029.94,2.29664,0.63996,0.84037,0.77222,0.58608,0.6758,0.35146,2.29732,0.63976,0.82434,0.00183447,0.00183447,0.00183447
420,3037.34,2.29091,0.64383,0.84597,0.7742,0.5898,0.67903,0.35801,2.24742,0.62801,0.82346,0.00183408,0.00183408,0.00183408
421,3045.11,2.32646,0.64572,0.83348,0.76187,0.58155,0.67744,0.36084,2.23017,0.62004,0.82223,0.00183368,0.00183368,0.00183368
422,3052.5,2.26294,0.63881,0.84144,0.76279,0.58402,0.68032,0.36281,2.21259,0.60937,0.82312,0.00183328,0.00183328,0.00183328
423,3059.97,2.19957,0.62744,0.84209,0.76153,0.57521,0.67768,0.36364,2.19329,0.62476,0.82336,0.00183289,0.00183289,0.00183289
424,3067.39,2.28146,0.62793,0.83847,0.76465,0.57898,0.68021,0.36499,2.20346,0.62351,0.82377,0.00183249,0.00183249,0.00183249
425,3075.19,2.293,0.64334,0.84864,0.76262,0.588,0.68451,0.37248,2.16998,0.60728,0.81942,0.0018321,0.0018321,0.0018321
426,3082.56,2.27859,0.63833,0.84186,0.7526,0.57894,0.67583,0.35979,2.22893,0.6179,0.8202,0.0018317,0.0018317,0.0018317
427,3090.05,2.36922,0.6569,0.84914,0.76965,0.59157,0.68145,0.35687,2.27395,0.62463,0.82318,0.0018313,0.0018313,0.0018313
428,3097.46,2.33511,0.6438,0.83183,0.78296,0.58539,0.68553,0.36084,2.25185,0.61921,0.82256,0.00183091,0.00183091,0.00183091
429,3105.24,2.34511,0.65045,0.83592,0.77403,0.57558,0.67813,0.36392,2.24069,0.61685,0.82404,0.00183051,0.00183051,0.00183051
430,3112.56,2.3177,0.63842,0.83755,0.77725,0.57773,0.67946,0.35905,2.26658,0.61665,0.8239,0.00183012,0.00183012,0.00183012
431,3120.38,2.36701,0.64523,0.83359,0.76252,0.59025,0.68418,0.36309,2.2557,0.61567,0.82188,0.00182972,0.00182972,0.00182972
432,3127.87,2.26286,0.63301,0.83999,0.76607,0.58278,0.68178,0.36698,2.20894,0.6104,0.82124,0.00182932,0.00182932,0.00182932
433,3135.65,2.21469,0.62506,0.83939,0.76803,0.58196,0.67975,0.36907,2.17173,0.60279,0.82113,0.00182893,0.00182893,0.00182893
434,3143.13,2.28026,0.636,0.8402,0.76809,0.58292,0.68248,0.37253,2.17195,0.604,0.81963,0.00182853,0.00182853,0.00182853
435,3150.88,2.2568,0.63103,0.84032,0.77901,0.58841,0.68825,0.36558,2.23314,0.61216,0.82449,0.00182814,0.00182814,0.00182814
436,3158.13,2.30138,0.63527,0.83857,0.77767,0.58498,0.68388,0.36031,2.25789,0.62301,0.82735,0.00182774,0.00182774,0.00182774
437,3166.1,2.39125,0.66096,0.83498,0.76528,0.57166,0.67197,0.34587,2.25068,0.62944,0.82361,0.00182734,0.00182734,0.00182734
438,3173.06,2.36399,0.66381,0.8498,0.77382,0.57441,0.67553,0.34837,2.25463,0.63245,0.82288,0.00182695,0.00182695,0.00182695
439,3180.54,2.30455,0.64628,0.84158,0.76361,0.57209,0.67475,0.36172,2.20434,0.62879,0.82082,0.00182655,0.00182655,0.00182655
440,3188.12,2.31319,0.65123,0.84126,0.75143,0.56974,0.67062,0.35953,2.20328,0.634,0.8207,0.00182616,0.00182616,0.00182616
441,3195.65,2.34518,0.63983,0.83344,0.7514,0.59445,0.67985,0.36298,2.19039,0.61636,0.81815,0.00182576,0.00182576,0.00182576
442,3203.15,2.32826,0.65301,0.83796,0.77017,0.58869,0.67855,0.35558,2.23026,0.6289,0.81923,0.00182536,0.00182536,0.00182536
443,3210.47,2.2287,0.62972,0.84444,0.77278,0.59267,0.68574,0.36928,2.16353,0.60104,0.81912,0.00182497,0.00182497,0.00182497
444,3217.9,2.27244,0.62916,0.83844,0.77428,0.5939,0.6905,0.36773,2.18719,0.60576,0.81929,0.00182457,0.00182457,0.00182457
445,3225.72,2.29888,0.64164,0.83603,0.76857,0.59088,0.68591,0.36886,2.15905,0.60028,0.81796,0.00182418,0.00182418,0.00182418
446,3233.16,2.25813,0.6358,0.83035,0.76515,0.57969,0.67748,0.36252,2.18549,0.60697,0.81882,0.00182378,0.00182378,0.00182378
447,3240.89,2.24416,0.63544,0.8402,0.78248,0.58072,0.6834,0.36587,2.18905,0.6075,0.81978,0.00182338,0.00182338,0.00182338
448,3248.14,2.23104,0.62676,0.8379,0.77906,0.58768,0.68662,0.36747,2.1796,0.60761,0.81978,0.00182299,0.00182299,0.00182299
449,3255.79,2.35479,0.64726,0.83981,0.76728,0.58119,0.67796,0.35413,2.25539,0.61743,0.82234,0.00182259,0.00182259,0.00182259
450,3263.43,2.33197,0.63329,0.83585,0.76546,0.58516,0.67924,0.36223,2.21181,0.61115,0.82259,0.0018222,0.0018222,0.0018222
451,3271.13,2.31813,0.63299,0.83641,0.75652,0.57921,0.67591,0.35881,2.17714,0.60875,0.82047,0.0018218,0.0018218,0.0018218
452,3278.35,2.27943,0.63414,0.84204,0.76388,0.58512,0.67964,0.36044,2.20987,0.6116,0.82066,0.0018214,0.0018214,0.0018214
453,3285.87,2.25915,0.64113,0.83946,0.7834,0.58375,0.68663,0.36553,2.19688,0.61413,0.82046,0.00182101,0.00182101,0.00182101
454,3293.26,2.29833,0.6375,0.83543,0.7691,0.57983,0.67949,0.35994,2.22714,0.61852,0.82,0.00182061,0.00182061,0.00182061
455,3300.7,2.28798,0.64445,0.83697,0.7611,0.57523,0.67343,0.35486,2.22913,0.63627,0.82183,0.00182022,0.00182022,0.00182022
456,3308.38,2.31346,0.64859,0.83905,0.76317,0.57894,0.67566,0.35706,2.23186,0.62788,0.82236,0.00181982,0.00181982,0.00181982
457,3315.66,2.29768,0.64421,0.83652,0.763,0.57192,0.67206,0.3638,2.18599,0.62576,0.8197,0.00181942,0.00181942,0.00181942
458,3323.05,2.32626,0.65396,0.83524,0.76042,0.56837,0.6664,0.35308,2.26438,0.63476,0.82072,0.00181903,0.00181903,0.00181903
459,3330.8,2.32025,0.6477,0.83555,0.77486,0.5939,0.68369,0.36095,2.24117,0.62581,0.81918,0.00181863,0.00181863,0.00181863
460,3338.3,2.20051,0.62014,0.83191,0.78606,0.59924,0.69381,0.36978,2.18988,0.61083,0.81941,0.00181824,0.00181824,0.00181824
461,3345.93,2.27812,0.62655,0.84152,0.7727,0.59599,0.68891,0.36289,2.22433,0.60954,0.82142,0.00181784,0.00181784,0.00181784
462,3353.4,2.2498,0.63075,0.84086,0.77205,0.59487,0.68967,0.36561,2.19059,0.60515,0.82077,0.00181744,0.00181744,0.00181744
463,3361.08,2.32845,0.64224,0.84158,0.77004,0.58799,0.68555,0.35949,2.23192,0.6113,0.82134,0.00181705,0.00181705,0.00181705
464,3368.65,2.25225,0.62823,0.83945,0.7685,0.58471,0.68514,0.3672,2.18465,0.61218,0.82125,0.00181665,0.00181665,0.00181665
465,3376.18,2.27264,0.62678,0.83951,0.77031,0.58705,0.68508,0.37048,2.17106,0.60263,0.82083,0.00181626,0.00181626,0.00181626
466,3383.64,2.32287,0.63948,0.84054,0.77379,0.59116,0.68416,0.3636,2.19073,0.6023,0.82105,0.00181586,0.00181586,0.00181586
467,3391.04,2.2879,0.62715,0.83456,0.77374,0.58855,0.68405,0.36413,2.19857,0.60236,0.82203,0.00181546,0.00181546,0.00181546
468,3398.54,2.20343,0.60966,0.83747,0.77252,0.59164,0.68738,0.37193,2.1793,0.59514,0.8205,0.00181507,0.00181507,0.00181507
469,3406.08,2.4177,0.65377,0.83674,0.77095,0.56686,0.67344,0.3562,2.32377,0.64746,0.82845,0.00181467,0.00181467,0.00181467
470,3413.41,2.26073,0.63148,0.84041,0.78942,0.57262,0.68281,0.36639,2.2031,0.61599,0.82291,0.00181428,0.00181428,0.00181428
471,3421.12,2.38619,0.64606,0.83822,0.77037,0.57435,0.67134,0.34255,2.35175,0.63692,0.82884,0.00181388,0.00181388,0.00181388
472,3428.81,2.4031,0.65115,0.83144,0.76851,0.5802,0.67375,0.34907,2.316,0.63826,0.82915,0.00181348,0.00181348,0.00181348
473,3436.47,2.26696,0.63757,0.84517,0.75468,0.58608,0.68013,0.36373,2.20587,0.61652,0.82149,0.00181309,0.00181309,0.00181309
474,3443.87,2.30638,0.6361,0.83368,0.75757,0.58306,0.67823,0.36207,2.21604,0.6186,0.82219,0.00181269,0.00181269,0.00181269
475,3451.58,2.25005,0.63369,0.84569,0.7804,0.58388,0.68293,0.36617,2.19541,0.6089,0.82057,0.0018123,0.0018123,0.0018123
476,3458.87,2.28365,0.63377,0.84296,0.77723,0.57963,0.68438,0.3626,2.22454,0.6107,0.82093,0.0018119,0.0018119,0.0018119
477,3466.56,2.21831,0.62023,0.83816,0.77911,0.59116,0.69127,0.3696,2.16595,0.61424,0.81937,0.0018115,0.0018115,0.0018115
478,3474.21,2.3147,0.64667,0.83707,0.79288,0.57963,0.69056,0.36785,2.17828,0.61231,0.81921,0.00181111,0.00181111,0.00181111
479,3481.55,2.19739,0.62076,0.83947,0.77643,0.57882,0.68423,0.36968,2.17293,0.60823,0.81835,0.00181071,0.00181071,0.00181071
480,3489.07,2.25939,0.62473,0.82992,0.78387,0.57688,0.68243,0.37152,2.14351,0.60086,0.81866,0.00181032,0.00181032,0.00181032
481,3496.81,2.24014,0.6222,0.83721,0.76236,0.5858,0.68106,0.36882,2.1609,0.59918,0.82015,0.00180992,0.00180992,0.00180992
482,3504.28,2.29557,0.63369,0.83787,0.77269,0.59445,0.68743,0.36559,2.16655,0.60587,0.81956,0.00180952,0.00180952,0.00180952
483,3512.02,2.31294,0.63623,0.8368,0.76641,0.5913,0.68215,0.35792,2.22939,0.61036,0.82077,0.00180913,0.00180913,0.00180913
484,3519.59,2.24004,0.63338,0.83309,0.7617,0.58882,0.68141,0.36273,2.18583,0.60675,0.81967,0.00180873,0.00180873,0.00180873
485,3527.01,2.32708,0.63977,0.83881,0.77586,0.58261,0.68355,0.36901,2.19729,0.61134,0.82033,0.00180834,0.00180834,0.00180834
486,3534.32,2.39645,0.65365,0.83582,0.77612,0.58594,0.68395,0.36295,2.2106,0.613,0.8203,0.00180794,0.00180794,0.00180794
487,3541.81,2.23177,0.62683,0.83878,0.76584,0.58059,0.67913,0.36309,2.18506,0.60132,0.81815,0.00180754,0.00180754,0.00180754
488,3549.08,2.32553,0.63633,0.83642,0.76484,0.59857,0.69078,0.3757,2.13062,0.59175,0.81733,0.00180715,0.00180715,0.00180715
489,3556.52,2.16966,0.60891,0.83545,0.77991,0.59498,0.69287,0.37549,2.12635,0.59063,0.8177,0.00180675,0.00180675,0.00180675
490,3563.83,2.25808,0.63122,0.83498,0.77706,0.58427,0.68657,0.36539,2.20232,0.60319,0.81926,0.00180636,0.00180636,0.00180636
491,3571.64,2.37747,0.64629,0.83767,0.75976,0.58093,0.67786,0.35829,2.21973,0.60833,0.82006,0.00180596,0.00180596,0.00180596
492,3579.15,2.20829,0.6177,0.83766,0.77528,0.59393,0.6895,0.37382,2.13376,0.58922,0.81797,0.00180556,0.00180556,0.00180556
493,3586.63,2.25552,0.61915,0.83354,0.78343,0.59734,0.69251,0.36794,2.19203,0.59559,0.81824,0.00180517,0.00180517,0.00180517
494,3594.19,2.25966,0.62753,0.83435,0.78475,0.60228,0.69662,0.37436,2.16812,0.59203,0.81911,0.00180477,0.00180477,0.00180477
495,3601.92,2.3278,0.63322,0.83297,0.78839,0.58759,0.69696,0.37875,2.13271,0.60255,0.8188,0.00180438,0.00180438,0.00180438
496,3609.43,2.22439,0.61227,0.83383,0.77761,0.57976,0.68785,0.36836,2.1796,0.60544,0.81942,0.00180398,0.00180398,0.00180398
497,3616.79,2.31215,0.62298,0.83283,0.78318,0.59665,0.69351,0.37081,2.15716,0.58881,0.81913,0.00180358,0.00180358,0.00180358
498,3623.98,2.23472,0.61506,0.83729,0.77698,0.59118,0.68963,0.37003,2.15169,0.58829,0.81903,0.00180319,0.00180319,0.00180319
499,3631.54,2.20237,0.61446,0.83377,0.77731,0.58663,0.68712,0.3773,2.09334,0.57925,0.81684,0.00180279,0.00180279,0.00180279
500,3638.95,2.24909,0.62253,0.82897,0.77605,0.58759,0.68635,0.37576,2.11825,0.58525,0.81702,0.0018024,0.0018024,0.0018024
501,3646.76,2.2684,0.62503,0.83905,0.7934,0.58443,0.68989,0.37037,2.15954,0.5961,0.81754,0.001802,0.001802,0.001802
502,3654.38,2.21657,0.612,0.83398,0.79746,0.58484,0.69215,0.37497,2.13707,0.59225,0.81761,0.0018016,0.0018016,0.0018016
503,3662.08,2.26892,0.62827,0.82988,0.79593,0.58896,0.69371,0.37595,2.1436,0.60062,0.81847,0.00180121,0.00180121,0.00180121
504,3669.38,2.2458,0.63711,0.83306,0.77693,0.5869,0.68734,0.37301,2.14011,0.59767,0.81824,0.00180081,0.00180081,0.00180081
505,3676.98,2.1932,0.61855,0.84143,0.77481,0.58388,0.68305,0.36648,2.17912,0.60212,0.82068,0.00180042,0.00180042,0.00180042
506,3684.19,2.3105,0.62986,0.83975,0.77778,0.58127,0.68198,0.36558,2.19705,0.60379,0.82083,0.00180002,0.00180002,0.00180002
507,3691.95,2.428,0.65528,0.83035,0.75615,0.58526,0.68081,0.36166,2.24352,0.61375,0.82027,0.00179962,0.00179962,0.00179962
508,3699.36,2.36422,0.64737,0.83594,0.77962,0.59399,0.69096,0.37075,2.19432,0.60478,0.82021,0.00179923,0.00179923,0.00179923
509,3706.79,2.28994,0.6343,0.83806,0.78887,0.58155,0.68009,0.35839,2.25296,0.61533,0.82343,0.00179883,0.00179883,0.00179883
510,3714.21,2.23046,0.62174,0.8384,0.78387,0.57537,0.68071,0.36617,2.17701,0.6043,0.82016,0.00179844,0.00179844,0.00179844
511,3721.75,2.37366,0.65342,0.84182,0.7665,0.5718,0.6709,0.35211,2.25318,0.61212,0.82271,0.00179804,0.00179804,0.00179804
512,3729.21,2.31245,0.64418,0.83928,0.77798,0.58545,0.68141,0.36067,2.21044,0.61891,0.82187,0.00179764,0.00179764,0.00179764
513,3736.96,2.4357,0.66396,0.84268,0.77616,0.5858,0.67806,0.35222,2.28388,0.6417,0.82433,0.00179725,0.00179725,0.00179725
514,3744.48,2.28335,0.64661,0.84396,0.77432,0.57894,0.67826,0.35596,2.22876,0.62548,0.82101,0.00179685,0.00179685,0.00179685
515,3751.82,2.39186,0.66153,0.84153,0.76296,0.57345,0.67349,0.35081,2.27948,0.63272,0.82114,0.00179646,0.00179646,0.00179646
516,3759.27,2.31868,0.6453,0.8403,0.77263,0.58306,0.6804,0.35683,2.2603,0.62291,0.82099,0.00179606,0.00179606,0.00179606
517,3766.92,2.27262,0.63258,0.84326,0.77604,0.5775,0.67833,0.35935,2.25816,0.61841,0.8231,0.00179566,0.00179566,0.00179566
518,3774.35,2.25291,0.62841,0.84012,0.77443,0.56796,0.6774,0.36469,2.17959,0.61437,0.82042,0.00179527,0.00179527,0.00179527
519,3781.87,2.22214,0.62386,0.83883,0.77551,0.58388,0.6857,0.37126,2.1187,0.59669,0.81801,0.00179487,0.00179487,0.00179487
520,3789.39,2.23758,0.62066,0.83202,0.7716,0.59459,0.68812,0.37126,2.13159,0.60041,0.81815,0.00179448,0.00179448,0.00179448
521,3797.04,2.29582,0.62793,0.82984,0.75601,0.59002,0.68176,0.35194,2.28744,0.62552,0.82244,0.00179408,0.00179408,0.00179408
522,3804.41,2.24764,0.63102,0.83848,0.74796,0.588,0.67901,0.35197,2.29792,0.63084,0.82203,0.00179368,0.00179368,0.00179368
523,3811.74,2.22226,0.6185,0.82514,0.77801,0.59843,0.69695,0.38298,2.09029,0.59822,0.81761,0.00179329,0.00179329,0.00179329
524,3818.99,2.23312,0.61142,0.83196,0.7816,0.59596,0.69952,0.38372,2.09921,0.59535,0.81792,0.00179289,0.00179289,0.00179289
525,3826.76,2.28376,0.62566,0.83617,0.7678,0.59926,0.69379,0.37536,2.13971,0.59486,0.81757,0.0017925,0.0017925,0.0017925
526,3834.04,2.22492,0.62128,0.83549,0.76806,0.6031,0.69576,0.3742,2.15148,0.60181,0.81698,0.0017921,0.0017921,0.0017921
527,3841.42,2.23083,0.61095,0.83614,0.75638,0.59747,0.68696,0.36709,2.24319,0.61155,0.82035,0.0017917,0.0017917,0.0017917
528,3849.03,2.26373,0.62316,0.83273,0.76674,0.59775,0.68977,0.37083,2.2051,0.60633,0.81864,0.00179131,0.00179131,0.00179131
529,3856.34,2.2514,0.62539,0.83432,0.76781,0.57784,0.68005,0.37164,2.14909,0.60722,0.81789,0.00179091,0.00179091,0.00179091
530,3863.68,2.24709,0.62923,0.83666,0.77362,0.57564,0.68033,0.36756,2.1691,0.60946,0.81768,0.00179052,0.00179052,0.00179052
531,3871.34,2.26973,0.62469,0.83697,0.78586,0.58544,0.69291,0.3774,2.16478,0.60227,0.81825,0.00179012,0.00179012,0.00179012
532,3878.95,2.24056,0.62323,0.83568,0.78946,0.59198,0.6983,0.38132,2.12746,0.59012,0.81723,0.00178972,0.00178972,0.00178972
533,3886.72,2.26099,0.62243,0.83126,0.78083,0.58741,0.68856,0.3743,2.13708,0.58694,0.8157,0.00178933,0.00178933,0.00178933
534,3894.33,2.23234,0.61453,0.82872,0.77089,0.58951,0.68245,0.37166,2.14452,0.59072,0.81549,0.00178893,0.00178893,0.00178893
535,3902.03,2.23122,0.62064,0.83181,0.78551,0.59126,0.69256,0.38071,2.0953,0.59301,0.81549,0.00178854,0.00178854,0.00178854
536,3909.64,2.21789,0.6188,0.83339,0.77777,0.59088,0.68979,0.37479,2.14357,0.60089,0.81598,0.00178814,0.00178814,0.00178814
537,3916.84,2.24368,0.61957,0.83235,0.77707,0.58718,0.68741,0.37436,2.11855,0.59368,0.81638,0.00178774,0.00178774,0.00178774
538,3924.39,2.27003,0.6229,0.82992,0.7751,0.58481,0.68393,0.37393,2.10932,0.58986,0.81648,0.00178735,0.00178735,0.00178735
539,3931.93,2.21692,0.6151,0.83143,0.77745,0.58471,0.68586,0.3738,2.14181,0.59495,0.81797,0.00178695,0.00178695,0.00178695
540,3938.79,2.1561,0.60347,0.83593,0.77893,0.58443,0.68968,0.37797,2.11528,0.59086,0.81672,0.00178656,0.00178656,0.00178656
541,3946.35,2.21843,0.61464,0.8302,0.78266,0.58704,0.68945,0.37094,2.15712,0.60605,0.81781,0.00178616,0.00178616,0.00178616
542,3953.93,2.22821,0.61769,0.83543,0.78337,0.58182,0.68727,0.37018,2.14444,0.59735,0.81668,0.00178576,0.00178576,0.00178576
543,3961.7,2.24228,0.62475,0.83468,0.77848,0.58388,0.68793,0.37509,2.10269,0.58688,0.81621,0.00178537,0.00178537,0.00178537
544,3969.09,2.14048,0.60621,0.83728,0.7708,0.59349,0.69157,0.37383,2.12733,0.59137,0.81713,0.00178497,0.00178497,0.00178497
545,3976.45,2.23626,0.62132,0.83506,0.77638,0.59432,0.69548,0.37506,2.16257,0.60318,0.8191,0.00178458,0.00178458,0.00178458
546,3983.86,2.16224,0.61006,0.83187,0.78306,0.58443,0.69049,0.36952,2.17931,0.60842,0.82001,0.00178418,0.00178418,0.00178418
547,3991.38,2.23545,0.61088,0.83727,0.79146,0.58402,0.68793,0.36768,2.17505,0.5976,0.81921,0.00178378,0.00178378,0.00178378
548,3998.81,2.28665,0.63128,0.82766,0.78723,0.58196,0.6869,0.36648,2.1475,0.59623,0.81671,0.00178339,0.00178339,0.00178339
549,4006.29,2.25459,0.62416,0.82649,0.7836,0.57551,0.68355,0.37099,2.12203,0.59342,0.81646,0.00178299,0.00178299,0.00178299
550,4013.94,2.24943,0.62099,0.82636,0.78295,0.5777,0.68569,0.37792,2.10896,0.5877,0.81684,0.0017826,0.0017826,0.0017826
551,4021.39,2.20461,0.60893,0.8321,0.7809,0.58731,0.69271,0.37562,2.14203,0.58574,0.81831,0.0017822,0.0017822,0.0017822
552,4029.03,2.22706,0.61207,0.83153,0.77884,0.59081,0.6932,0.3741,2.14597,0.58315,0.81815,0.0017818,0.0017818,0.0017818
553,4036.24,2.14505,0.60414,0.8346,0.79244,0.597,0.7002,0.38188,2.10252,0.57883,0.81754,0.00178141,0.00178141,0.00178141
554,4043.8,2.14882,0.60091,0.83761,0.78467,0.6064,0.70399,0.38345,2.11048,0.58066,0.81691,0.00178101,0.00178101,0.00178101
555,4051.41,2.18035,0.60084,0.82837,0.77377,0.6053,0.70186,0.38444,2.10091,0.58191,0.81655,0.00178062,0.00178062,0.00178062
556,4059,2.2569,0.62136,0.82837,0.77509,0.59912,0.69666,0.37853,2.13946,0.58822,0.81696,0.00178022,0.00178022,0.00178022
557,4066.65,2.25833,0.61738,0.8326,0.76967,0.58498,0.6841,0.3696,2.17485,0.60477,0.81803,0.00177982,0.00177982,0.00177982
558,4074.19,2.13835,0.60886,0.83338,0.77472,0.58182,0.68237,0.37012,2.16924,0.59843,0.81822,0.00177943,0.00177943,0.00177943
559,4081.87,2.24214,0.61717,0.83321,0.77313,0.59171,0.69213,0.37395,2.17673,0.60261,0.81978,0.00177903,0.00177903,0.00177903
560,4089.51,2.30165,0.63078,0.8288,0.78659,0.59253,0.69775,0.37724,2.14961,0.59778,0.81726,0.00177864,0.00177864,0.00177864
561,4096.79,2.15289,0.61021,0.83223,0.79375,0.58677,0.69207,0.37332,2.13619,0.59429,0.81678,0.00177824,0.00177824,0.00177824
562,4103.97,2.19042,0.61218,0.83804,0.80049,0.57946,0.69095,0.3756,2.12251,0.58764,0.81745,0.00177784,0.00177784,0.00177784
563,4111.77,2.1651,0.6075,0.8373,0.78151,0.58951,0.69058,0.37353,2.16521,0.59492,0.81932,0.00177745,0.00177745,0.00177745
564,4119.3,2.28059,0.62567,0.83587,0.77411,0.58896,0.68516,0.3674,2.21232,0.60112,0.82107,0.00177705,0.00177705,0.00177705
565,4127.14,2.26619,0.62703,0.83608,0.78109,0.58881,0.69138,0.37398,2.17554,0.60138,0.81844,0.00177666,0.00177666,0.00177666
566,4134.46,2.23213,0.62324,0.83354,0.77724,0.58443,0.68711,0.37048,2.18911,0.61061,0.81855,0.00177626,0.00177626,0.00177626
567,4141.79,2.21711,0.62451,0.83712,0.76731,0.58265,0.68395,0.37171,2.1621,0.59899,0.81855,0.00177586,0.00177586,0.00177586
568,4149.09,2.24702,0.61771,0.83642,0.76376,0.581,0.68338,0.36722,2.19394,0.60914,0.81938,0.00177547,0.00177547,0.00177547
569,4156.63,2.21936,0.62267,0.84064,0.78642,0.58649,0.68888,0.36715,2.22281,0.61644,0.8193,0.00177507,0.00177507,0.00177507
570,4164.05,2.23247,0.61743,0.83663,0.77062,0.58731,0.68428,0.36868,2.17191,0.6027,0.81864,0.00177468,0.00177468,0.00177468
571,4171.68,2.25534,0.6257,0.83263,0.77044,0.58377,0.6795,0.36691,2.1689,0.60422,0.81802,0.00177428,0.00177428,0.00177428
572,4179.06,2.195,0.61077,0.8353,0.77495,0.58716,0.68523,0.36809,2.15487,0.60388,0.81744,0.00177388,0.00177388,0.00177388
573,4186.53,2.2371,0.61096,0.82389,0.77631,0.588,0.68999,0.37711,2.12059,0.59712,0.81592,0.00177349,0.00177349,0.00177349
574,4193.93,2.18028,0.6184,0.83659,0.77817,0.59487,0.69166,0.37624,2.12557,0.59666,0.81714,0.00177309,0.00177309,0.00177309
575,4201.29,2.22224,0.61592,0.83164,0.77301,0.58072,0.68299,0.36996,2.15827,0.60146,0.81778,0.0017727,0.0017727,0.0017727
576,4208.65,2.26786,0.62877,0.83959,0.77434,0.58031,0.68478,0.36787,2.15978,0.60123,0.81796,0.0017723,0.0017723,0.0017723
577,4216.24,2.19101,0.61355,0.83522,0.7772,0.59857,0.6941,0.3717,2.17902,0.59875,0.81791,0.0017719,0.0017719,0.0017719
578,4223.61,2.24915,0.62045,0.83349,0.77029,0.5972,0.69035,0.37256,2.15262,0.59667,0.81708,0.00177151,0.00177151,0.00177151
579,4231.38,2.24684,0.61742,0.83412,0.77809,0.60077,0.6959,0.37828,2.11132,0.58772,0.81673,0.00177111,0.00177111,0.00177111
580,4238.71,2.17571,0.6108,0.82806,0.77479,0.5951,0.69395,0.37958,2.11576,0.59179,0.81658,0.00177072,0.00177072,0.00177072
581,4245.96,2.17858,0.61315,0.83537,0.7748,0.57798,0.68546,0.36355,2.22233,0.60942,0.81874,0.00177032,0.00177032,0.00177032
582,4253.46,2.347,0.63787,0.83982,0.7843,0.58265,0.68976,0.3705,2.17021,0.60453,0.8193,0.00176992,0.00176992,0.00176992
583,4260.57,2.29097,0.62722,0.83804,0.78675,0.59802,0.6965,0.36656,2.23601,0.61255,0.81831,0.00176953,0.00176953,0.00176953
584,4268.12,2.38854,0.65147,0.83602,0.7761,0.5832,0.6854,0.3609,2.25266,0.62107,0.81868,0.00176913,0.00176913,0.00176913
585,4275.49,2.27189,0.63976,0.83793,0.78313,0.58018,0.68373,0.37203,2.149,0.60738,0.81571,0.00176874,0.00176874,0.00176874
586,4282.59,2.2158,0.63716,0.83275,0.79054,0.57839,0.6814,0.36881,2.14116,0.60811,0.81855,0.00176834,0.00176834,0.00176834
587,4290.3,2.28325,0.65495,0.83485,0.77476,0.57688,0.67785,0.36294,2.17943,0.61178,0.81918,0.00176794,0.00176794,0.00176794
588,4297.46,2.29458,0.64068,0.83339,0.76461,0.57194,0.67264,0.35717,2.20408,0.62349,0.81913,0.00176755,0.00176755,0.00176755
589,4305,2.18633,0.62225,0.84166,0.77789,0.5821,0.68583,0.36807,2.16444,0.6129,0.81802,0.00176715,0.00176715,0.00176715
590,4312.58,2.33696,0.64093,0.8273,0.77481,0.58384,0.68623,0.37072,2.14113,0.6094,0.81652,0.00176676,0.00176676,0.00176676
591,4320.03,2.18792,0.62046,0.83318,0.77932,0.59638,0.6918,0.37491,2.13078,0.60863,0.81641,0.00176636,0.00176636,0.00176636
592,4327.51,2.19315,0.61406,0.82599,0.78795,0.5913,0.69223,0.37305,2.15338,0.61453,0.8171,0.00176596,0.00176596,0.00176596
593,4335.06,2.25785,0.62501,0.82913,0.79104,0.58313,0.6869,0.37758,2.12181,0.59906,0.81749,0.00176557,0.00176557,0.00176557
594,4342.2,2.16204,0.60721,0.83041,0.79082,0.58496,0.68762,0.38209,2.09912,0.59477,0.8164,0.00176517,0.00176517,0.00176517
595,4349.61,2.21003,0.62225,0.84103,0.77746,0.59418,0.69423,0.37895,2.12741,0.60486,0.81624,0.00176478,0.00176478,0.00176478
596,4357.08,2.30795,0.63718,0.82879,0.77426,0.60502,0.69787,0.38137,2.12096,0.60355,0.81598,0.00176438,0.00176438,0.00176438
597,4364.34,2.13234,0.61395,0.83385,0.77821,0.59239,0.69214,0.3755,2.10736,0.60071,0.81726,0.00176398,0.00176398,0.00176398
598,4371.57,2.08199,0.59028,0.82853,0.7725,0.59775,0.69238,0.37806,2.09825,0.59416,0.81754,0.00176359,0.00176359,0.00176359
599,4379.23,2.24267,0.61765,0.82954,0.78132,0.59157,0.6921,0.37405,2.13738,0.59091,0.81752,0.00176319,0.00176319,0.00176319
600,4386.99,2.23485,0.61021,0.83127,0.78069,0.58594,0.68941,0.37341,2.13813,0.59897,0.81734,0.0017628,0.0017628,0.0017628
601,4394.77,2.20304,0.61404,0.84119,0.77693,0.58896,0.69029,0.37471,2.11251,0.59371,0.81755,0.0017624,0.0017624,0.0017624
602,4402.34,2.1791,0.60867,0.83039,0.7699,0.59088,0.68889,0.37164,2.15578,0.60077,0.81817,0.001762,0.001762,0.001762
603,4410.03,2.15699,0.60352,0.83504,0.76481,0.5978,0.69317,0.38108,2.10056,0.59625,0.81691,0.00176161,0.00176161,0.00176161
604,4417.41,2.21138,0.6262,0.83545,0.76506,0.60091,0.69811,0.37995,2.11209,0.6004,0.81755,0.00176121,0.00176121,0.00176121
605,4424.79,2.15571,0.6072,0.83228,0.78549,0.58443,0.69485,0.37475,2.1454,0.59216,0.81749,0.00176082,0.00176082,0.00176082
606,4432.03,2.17818,0.60449,0.83424,0.77869,0.58855,0.69437,0.38062,2.0911,0.58095,0.8163,0.00176042,0.00176042,0.00176042
607,4439.64,2.19472,0.61367,0.83109,0.78018,0.58855,0.69005,0.37161,2.14651,0.59869,0.81654,0.00176002,0.00176002,0.00176002
608,4447.05,2.17304,0.60822,0.83703,0.7796,0.59197,0.69091,0.36806,2.18963,0.60803,0.81797,0.00175963,0.00175963,0.00175963
609,4454.6,2.16583,0.6049,0.83173,0.77217,0.58141,0.68879,0.38008,2.09572,0.59621,0.81488,0.00175923,0.00175923,0.00175923
610,4462.23,2.26699,0.62178,0.82727,0.77714,0.57647,0.6853,0.37579,2.13608,0.60184,0.8154,0.00175884,0.00175884,0.00175884
611,4469.85,2.24354,0.61912,0.8276,0.77253,0.5983,0.69631,0.38043,2.13137,0.60784,0.81679,0.00175844,0.00175844,0.00175844
612,4477.34,2.19602,0.61051,0.8285,0.78033,0.60159,0.70201,0.38579,2.09487,0.60104,0.81592,0.00175804,0.00175804,0.00175804
613,4484.76,2.18204,0.61656,0.841,0.7825,0.59473,0.69922,0.38313,2.09001,0.58633,0.81501,0.00175765,0.00175765,0.00175765
614,4492.07,2.13654,0.60669,0.83431,0.77461,0.60008,0.6975,0.38031,2.10277,0.58345,0.81522,0.00175725,0.00175725,0.00175725
615,4499.93,2.2064,0.60944,0.83283,0.77456,0.58731,0.68992,0.38062,2.07836,0.57477,0.81482,0.00175686,0.00175686,0.00175686
616,4507.47,2.23966,0.61024,0.83458,0.76892,0.58704,0.68892,0.3811,2.08689,0.58044,0.8146,0.00175646,0.00175646,0.00175646
617,4515.36,2.22015,0.6086,0.82869,0.77825,0.59102,0.6962,0.37927,2.15223,0.59729,0.8156,0.00175606,0.00175606,0.00175606
618,4522.69,2.16344,0.59997,0.83054,0.77245,0.59239,0.69317,0.37973,2.13367,0.59647,0.81567,0.00175567,0.00175567,0.00175567
619,4530.34,2.13723,0.59555,0.83371,0.78799,0.59802,0.6955,0.37892,2.12269,0.59884,0.81644,0.00175527,0.00175527,0.00175527
620,4537.65,2.14882,0.59178,0.83608,0.7877,0.59088,0.6935,0.37777,2.11862,0.59184,0.81633,0.00175488,0.00175488,0.00175488
621,4544.95,2.1755,0.59241,0.82864,0.80453,0.58471,0.69347,0.38068,2.09298,0.57784,0.81538,0.00175448,0.00175448,0.00175448
622,4552.34,2.19339,0.60351,0.82757,0.80429,0.58292,0.69337,0.37849,2.10882,0.58032,0.815,0.00175408,0.00175408,0.00175408
623,4560.05,2.24594,0.61218,0.82938,0.80308,0.58855,0.70024,0.38309,2.10206,0.58367,0.81637,0.00175369,0.00175369,0.00175369
624,4567.61,2.19262,0.6072,0.82767,0.79525,0.59308,0.70197,0.38828,2.06685,0.577,0.81507,0.00175329,0.00175329,0.00175329
625,4575.21,2.10228,0.58916,0.83205,0.78582,0.59253,0.69815,0.38927,2.05181,0.58056,0.81389,0.0017529,0.0017529,0.0017529
626,4582.84,2.1633,0.60314,0.82929,0.78732,0.59294,0.7005,0.38996,2.0535,0.58138,0.81425,0.0017525,0.0017525,0.0017525
627,4590.48,2.171,0.59848,0.83018,0.79192,0.59197,0.70062,0.38756,2.07167,0.58118,0.81461,0.0017521,0.0017521,0.0017521
628,4597.91,2.23132,0.6067,0.82795,0.78794,0.59225,0.69968,0.38751,2.06744,0.5762,0.81526,0.00175171,0.00175171,0.00175171
629,4605.09,2.13511,0.59468,0.83738,0.81028,0.58045,0.6984,0.38891,2.0648,0.57198,0.81514,0.00175131,0.00175131,0.00175131
630,4612.46,2.21761,0.60117,0.82811,0.79689,0.58387,0.69587,0.38736,2.07525,0.57569,0.81551,0.00175092,0.00175092,0.00175092
631,4620,2.14566,0.60217,0.83544,0.79968,0.58532,0.69783,0.38601,2.0577,0.57121,0.81506,0.00175052,0.00175052,0.00175052
632,4627.21,2.15415,0.59927,0.82957,0.78769,0.58322,0.69529,0.38395,2.0568,0.58395,0.81479,0.00175012,0.00175012,0.00175012
633,4634.97,2.12059,0.60017,0.82949,0.78979,0.59198,0.70035,0.38621,2.05901,0.57662,0.81442,0.00174973,0.00174973,0.00174973
634,4642.24,2.1466,0.59968,0.83269,0.786,0.59401,0.70405,0.39095,2.04898,0.56886,0.81407,0.00174933,0.00174933,0.00174933
635,4650.03,2.21373,0.60786,0.82642,0.79108,0.59308,0.70059,0.38506,2.07096,0.5695,0.814,0.00174894,0.00174894,0.00174894
636,4657.54,2.22995,0.60693,0.82665,0.78798,0.58553,0.69326,0.37786,2.101,0.57725,0.81487,0.00174854,0.00174854,0.00174854
637,4665.19,2.16571,0.60218,0.82721,0.78994,0.59217,0.69741,0.38113,2.07326,0.57025,0.81489,0.00174814,0.00174814,0.00174814
638,4672.57,2.17722,0.60472,0.83347,0.79507,0.59443,0.69965,0.38301,2.08231,0.57373,0.8153,0.00174775,0.00174775,0.00174775
639,4680.2,2.1501,0.59661,0.82863,0.78977,0.58486,0.69593,0.38084,2.08793,0.58808,0.81446,0.00174735,0.00174735,0.00174735
640,4687.55,2.19427,0.60288,0.82864,0.77765,0.5913,0.69775,0.38415,2.04091,0.58133,0.81414,0.00174696,0.00174696,0.00174696
641,4695.01,2.12848,0.5934,0.83399,0.78915,0.59039,0.69441,0.38224,2.06256,0.57777,0.81417,0.00174656,0.00174656,0.00174656
642,4702.45,2.15868,0.59581,0.82912,0.80575,0.58541,0.69806,0.38442,2.07699,0.57377,0.81482,0.00174616,0.00174616,0.00174616
643,4710.24,2.1623,0.59775,0.8302,0.79059,0.59871,0.70395,0.39269,2.06221,0.56647,0.81437,0.00174577,0.00174577,0.00174577
644,4717.97,2.21834,0.60157,0.82387,0.78906,0.60137,0.70215,0.38726,2.11433,0.57663,0.8154,0.00174537,0.00174537,0.00174537
645,4725.49,2.14304,0.59527,0.83636,0.78777,0.59723,0.69851,0.38,2.11034,0.5779,0.81481,0.00174498,0.00174498,0.00174498
646,4732.85,2.13808,0.59492,0.83304,0.78448,0.58668,0.69242,0.37901,2.10273,0.57839,0.814,0.00174458,0.00174458,0.00174458
647,4740.17,2.21435,0.60496,0.83355,0.78236,0.59022,0.69332,0.37497,2.12319,0.58624,0.81573,0.00174418,0.00174418,0.00174418
648,4747.56,2.22755,0.61405,0.83567,0.79075,0.58498,0.69045,0.3659,2.20721,0.60063,0.81901,0.00174379,0.00174379,0.00174379
649,4755.24,2.24634,0.61323,0.82558,0.7922,0.5773,0.6884,0.36978,2.17512,0.59441,0.81703,0.00174339,0.00174339,0.00174339
650,4762.73,2.21536,0.60988,0.83309,0.78159,0.58924,0.69208,0.37238,2.13929,0.58334,0.81488,0.001743,0.001743,0.001743
651,4770.48,2.22915,0.61279,0.83149,0.7908,0.58731,0.69237,0.37839,2.10101,0.58412,0.81653,0.0017426,0.0017426,0.0017426
652,4777.77,2.21806,0.61495,0.8305,0.78145,0.58267,0.68623,0.37618,2.12948,0.59106,0.8156,0.0017422,0.0017422,0.0017422
653,4785.31,2.24136,0.61067,0.83048,0.78555,0.58184,0.68888,0.37375,2.14853,0.59279,0.81579,0.00174181,0.00174181,0.00174181
654,4792.73,2.19011,0.60944,0.83016,0.78269,0.58882,0.6939,0.38145,2.10239,0.58199,0.81538,0.00174141,0.00174141,0.00174141
655,4800.52,2.21682,0.6027,0.82387,0.77664,0.59528,0.6974,0.38693,2.08775,0.58126,0.81583,0.00174102,0.00174102,0.00174102
656,4807.68,2.07697,0.58837,0.83633,0.77531,0.59555,0.69693,0.38417,2.08811,0.57905,0.81549,0.00174062,0.00174062,0.00174062
657,4815.23,2.1514,0.58966,0.82479,0.78627,0.59102,0.69249,0.37282,2.17075,0.59742,0.8184,0.00174022,0.00174022,0.00174022
658,4822.48,2.16295,0.59697,0.82657,0.78412,0.59569,0.69757,0.37981,2.13221,0.5923,0.81684,0.00173983,0.00173983,0.00173983
659,4829.77,2.09088,0.58303,0.832,0.7857,0.5995,0.70132,0.388,2.07591,0.57397,0.81329,0.00173943,0.00173943,0.00173943
660,4837.25,2.12217,0.59377,0.83141,0.78884,0.58979,0.6987,0.38643,2.09089,0.57472,0.81447,0.00173904,0.00173904,0.00173904
661,4844.69,2.1279,0.58995,0.83093,0.76885,0.59212,0.6918,0.37684,2.13071,0.58197,0.81762,0.00173864,0.00173864,0.00173864
662,4852.09,2.21282,0.61307,0.83813,0.77516,0.5959,0.69508,0.37901,2.12883,0.57523,0.81599,0.00173824,0.00173824,0.00173824
663,4859.67,2.13849,0.59012,0.83363,0.77816,0.59281,0.69519,0.37987,2.13481,0.58765,0.81542,0.00173785,0.00173785,0.00173785
664,4867.24,2.24678,0.61881,0.83416,0.77526,0.58745,0.69221,0.37239,2.1798,0.60253,0.81762,0.00173745,0.00173745,0.00173745
665,4875.04,2.24994,0.61183,0.82575,0.7872,0.59981,0.69945,0.37896,2.14819,0.59672,0.8157,0.00173706,0.00173706,0.00173706
666,4882.5,2.18162,0.6169,0.83869,0.79103,0.60008,0.70045,0.37909,2.16022,0.59201,0.8156,0.00173666,0.00173666,0.00173666
667,4890.08,2.22226,0.60826,0.83158,0.78392,0.58731,0.69424,0.3771,2.13676,0.58411,0.81443,0.00173626,0.00173626,0.00173626
668,4897.16,2.18342,0.61143,0.83677,0.78805,0.59047,0.69623,0.37771,2.12901,0.58196,0.81528,0.00173587,0.00173587,0.00173587
669,4904.99,2.14072,0.5976,0.83422,0.79456,0.59679,0.69685,0.37741,2.13491,0.59219,0.81545,0.00173547,0.00173547,0.00173547
670,4912.43,2.2242,0.6054,0.83367,0.78831,0.59651,0.69555,0.37777,2.12754,0.59159,0.81591,0.00173508,0.00173508,0.00173508
671,4920.19,2.18717,0.59641,0.82617,0.77922,0.58031,0.6839,0.36901,2.17106,0.5982,0.81709,0.00173468,0.00173468,0.00173468
672,4927.49,2.22132,0.61457,0.8324,0.78125,0.5874,0.69107,0.37873,2.08849,0.58344,0.81511,0.00173428,0.00173428,0.00173428
673,4934.96,2.16631,0.59381,0.8264,0.79017,0.59453,0.6972,0.3851,2.08668,0.58292,0.81512,0.00173389,0.00173389,0.00173389
674,4942.22,2.14984,0.58902,0.82647,0.79215,0.59386,0.69893,0.38474,2.07384,0.58073,0.81456,0.00173349,0.00173349,0.00173349
675,4949.95,2.19209,0.60002,0.8284,0.7954,0.59294,0.70188,0.38998,2.01778,0.56492,0.81262,0.0017331,0.0017331,0.0017331
676,4957.47,2.07668,0.58135,0.82805,0.79728,0.59716,0.70468,0.39087,2.00502,0.56655,0.81272,0.0017327,0.0017327,0.0017327
677,4964.83,2.14933,0.59426,0.8251,0.7913,0.5939,0.70259,0.38917,2.04017,0.56886,0.81233,0.0017323,0.0017323,0.0017323
678,4972.25,2.14139,0.59153,0.83066,0.79222,0.59569,0.70462,0.39461,2.01432,0.56847,0.81226,0.00173191,0.00173191,0.00173191
679,4980.16,2.15774,0.59591,0.82532,0.79181,0.60283,0.70999,0.3991,2.01153,0.56041,0.81301,0.00173151,0.00173151,0.00173151
680,4988.01,2.0633,0.58204,0.8325,0.78701,0.60516,0.70897,0.39725,2.02582,0.55812,0.81318,0.00173112,0.00173112,0.00173112
681,4995.89,2.11911,0.58715,0.82851,0.7888,0.60612,0.71157,0.39839,2.02634,0.56048,0.8128,0.00173072,0.00173072,0.00173072
682,5003.68,2.20405,0.60197,0.82402,0.78901,0.59432,0.7062,0.39444,2.03983,0.56239,0.8129,0.00173032,0.00173032,0.00173032
683,5011.32,2.07498,0.57799,0.8322,0.78671,0.5983,0.70669,0.39172,2.06739,0.56715,0.81372,0.00172993,0.00172993,0.00172993
684,5018.64,2.1068,0.58287,0.82579,0.79314,0.59363,0.70795,0.39606,2.04282,0.56503,0.81426,0.00172953,0.00172953,0.00172953
685,5026.03,2.17073,0.59255,0.83064,0.79985,0.59857,0.71076,0.39156,2.0779,0.56769,0.81322,0.00172914,0.00172914,0.00172914
686,5033.52,2.30546,0.61476,0.82022,0.79306,0.60241,0.70727,0.37779,2.17558,0.58433,0.81467,0.00172874,0.00172874,0.00172874
687,5040.87,2.1434,0.59535,0.82892,0.79389,0.60708,0.70992,0.39606,2.0241,0.56166,0.81189,0.00172834,0.00172834,0.00172834
688,5048.45,2.2676,0.60889,0.82638,0.78853,0.59792,0.69965,0.39039,2.06801,0.56928,0.81387,0.00172795,0.00172795,0.00172795
689,5056.11,2.23338,0.60502,0.82773,0.77765,0.58869,0.69292,0.38393,2.06616,0.57188,0.81402,0.00172755,0.00172755,0.00172755
690,5063.52,2.09399,0.59359,0.83269,0.78153,0.59185,0.69267,0.37923,2.08716,0.57037,0.8149,0.00172716,0.00172716,0.00172716
691,5070.99,2.17172,0.59657,0.82487,0.78944,0.59192,0.6975,0.38287,2.08301,0.56973,0.81438,0.00172676,0.00172676,0.00172676
692,5078.29,2.14354,0.59797,0.82762,0.80206,0.59281,0.7017,0.39119,2.03768,0.56597,0.81419,0.00172636,0.00172636,0.00172636
693,5086.03,2.16515,0.58667,0.8241,0.79693,0.59761,0.70267,0.38781,2.08076,0.57586,0.81493,0.00172597,0.00172597,0.00172597
694,5093.71,2.12586,0.58791,0.83167,0.79831,0.60318,0.70762,0.39464,2.0339,0.5626,0.8133,0.00172557,0.00172557,0.00172557
695,5101.5,2.14757,0.58748,0.82405,0.78375,0.59659,0.69878,0.38495,2.08341,0.56786,0.81424,0.00172518,0.00172518,0.00172518
696,5108.77,2.1922,0.60127,0.8259,0.7914,0.5922,0.70058,0.39241,2.03037,0.5601,0.81287,0.00172478,0.00172478,0.00172478
697,5116.3,2.13248,0.59273,0.83124,0.79016,0.58673,0.69932,0.3885,2.0635,0.56892,0.81356,0.00172438,0.00172438,0.00172438
698,5123.91,2.15649,0.59315,0.83451,0.78797,0.59706,0.70332,0.39186,2.05839,0.56503,0.81301,0.00172399,0.00172399,0.00172399
699,5131.48,2.13012,0.58236,0.82457,0.77819,0.60049,0.70319,0.39096,2.05513,0.56283,0.8133,0.00172359,0.00172359,0.00172359
700,5139.23,2.16311,0.59907,0.8282,0.79489,0.59487,0.70624,0.39441,2.04677,0.56211,0.8123,0.0017232,0.0017232,0.0017232
701,5146.71,2.17725,0.59534,0.82291,0.79172,0.59761,0.70525,0.39351,2.05249,0.57289,0.8131,0.0017228,0.0017228,0.0017228
702,5154.36,2.11058,0.5852,0.83002,0.79319,0.59555,0.70226,0.38885,2.07768,0.57674,0.81381,0.0017224,0.0017224,0.0017224
703,5161.99,2.08207,0.58897,0.83015,0.79075,0.59692,0.69764,0.38746,2.06644,0.57914,0.81405,0.00172201,0.00172201,0.00172201
704,5169.07,2.12822,0.5934,0.82872,0.786,0.59596,0.69574,0.38684,2.05155,0.57474,0.81391,0.00172161,0.00172161,0.00172161
705,5176.76,2.12197,0.58474,0.83051,0.78022,0.60385,0.70133,0.38697,2.06627,0.57239,0.81225,0.00172122,0.00172122,0.00172122
706,5184.43,2.15731,0.59302,0.82873,0.78217,0.59898,0.70084,0.38638,2.07617,0.57349,0.81219,0.00172082,0.00172082,0.00172082
707,5191.84,2.13855,0.58789,0.82751,0.80471,0.59172,0.70454,0.38729,2.08338,0.5736,0.81424,0.00172042,0.00172042,0.00172042
708,5199.07,2.12801,0.59095,0.82977,0.79515,0.58979,0.70049,0.38841,2.04322,0.56339,0.81303,0.00172003,0.00172003,0.00172003
709,5206.82,2.12622,0.58809,0.83246,0.79079,0.5978,0.70417,0.38838,2.03038,0.56021,0.81255,0.00171963,0.00171963,0.00171963
710,5214.02,2.10341,0.57799,0.82149,0.79451,0.60008,0.70732,0.39235,2.02789,0.56059,0.81166,0.00171924,0.00171924,0.00171924
711,5221.66,2.15526,0.60473,0.83258,0.78527,0.59795,0.70596,0.39348,2.04892,0.56848,0.81249,0.00171884,0.00171884,0.00171884
712,5228.77,2.1067,0.58555,0.82621,0.80044,0.59528,0.71018,0.39489,2.05275,0.57008,0.81259,0.00171844,0.00171844,0.00171844
713,5236.04,2.18033,0.60086,0.82719,0.79604,0.59692,0.70888,0.39202,2.07211,0.56914,0.81398,0.00171805,0.00171805,0.00171805
714,5243.19,2.18975,0.60358,0.82595,0.7941,0.59226,0.70453,0.39107,2.06483,0.56887,0.81411,0.00171765,0.00171765,0.00171765
715,5250.47,2.13115,0.58785,0.82494,0.80038,0.59392,0.70878,0.39563,2.04477,0.56388,0.81321,0.00171726,0.00171726,0.00171726
716,5257.71,2.08948,0.58504,0.82952,0.79632,0.59596,0.70913,0.39613,2.03432,0.56422,0.81254,0.00171686,0.00171686,0.00171686
717,5265.43,2.16911,0.59937,0.82773,0.79054,0.59047,0.70233,0.38296,2.09874,0.57523,0.8135,0.00171646,0.00171646,0.00171646
718,5272.68,2.14506,0.60368,0.83216,0.79948,0.59497,0.70421,0.39162,2.05913,0.56905,0.81302,0.00171607,0.00171607,0.00171607
719,5280.23,2.06109,0.58408,0.83236,0.80083,0.58704,0.6973,0.3877,2.05,0.56821,0.81216,0.00171567,0.00171567,0.00171567
720,5288.09,2.18975,0.6034,0.82758,0.7946,0.58951,0.69591,0.38071,2.09262,0.57783,0.81213,0.00171528,0.00171528,0.00171528
721,5295.53,2.15055,0.59815,0.83287,0.79195,0.59679,0.69791,0.37968,2.11861,0.57871,0.8136,0.00171488,0.00171488,0.00171488
722,5302.74,2.1402,0.59631,0.82993,0.79237,0.59622,0.69905,0.39004,2.05173,0.56693,0.81267,0.00171448,0.00171448,0.00171448
723,5310.45,2.16978,0.59327,0.82632,0.7963,0.58333,0.6972,0.38985,2.06025,0.57771,0.81356,0.00171409,0.00171409,0.00171409
724,5317.98,2.15251,0.58995,0.82767,0.79353,0.59047,0.69943,0.38442,2.0903,0.57963,0.81405,0.00171369,0.00171369,0.00171369
725,5325.51,2.19978,0.59051,0.82338,0.7927,0.58694,0.69437,0.37324,2.1698,0.58645,0.81444,0.0017133,0.0017133,0.0017133
726,5333.03,2.18299,0.60098,0.82277,0.79785,0.58622,0.69749,0.38185,2.10567,0.57648,0.81463,0.0017129,0.0017129,0.0017129
727,5340.62,2.1839,0.58859,0.82392,0.79057,0.59706,0.70345,0.39217,2.05285,0.56952,0.81418,0.0017125,0.0017125,0.0017125
728,5348.22,2.05461,0.57851,0.82745,0.79568,0.59061,0.70178,0.39228,2.05673,0.57134,0.81387,0.00171211,0.00171211,0.00171211
729,5355.87,2.11138,0.58206,0.82718,0.80849,0.58951,0.70736,0.39362,2.03,0.55884,0.81219,0.00171171,0.00171171,0.00171171
730,5363.14,2.08676,0.58815,0.82742,0.8032,0.59651,0.7089,0.39419,2.02843,0.56441,0.81216,0.00171132,0.00171132,0.00171132
731,5370.77,2.08431,0.58117,0.82891,0.79886,0.59953,0.71075,0.40029,1.98508,0.55671,0.81125,0.00171092,0.00171092,0.00171092
732,5378.48,2.05161,0.57456,0.82897,0.80775,0.59885,0.71211,0.40126,1.9815,0.55602,0.81131,0.00171052,0.00171052,0.00171052
733,5386.11,2.13101,0.58512,0.83105,0.80233,0.5929,0.70817,0.40264,1.98764,0.55547,0.81164,0.00171013,0.00171013,0.00171013
734,5393.9,2.09516,0.57702,0.8234,0.78896,0.59382,0.70394,0.39506,2.02257,0.55886,0.81327,0.00170973,0.00170973,0.00170973
735,5401.19,2.06842,0.57783,0.82374,0.78691,0.59518,0.70158,0.39143,2.04002,0.56497,0.81282,0.00170934,0.00170934,0.00170934
736,5408.47,2.08354,0.58129,0.82122,0.78963,0.58952,0.6973,0.3922,2.03847,0.57197,0.81257,0.00170894,0.00170894,0.00170894
737,5416.16,2.12479,0.58607,0.82356,0.8005,0.59404,0.70355,0.39323,2.01661,0.56437,0.81278,0.00170854,0.00170854,0.00170854
738,5423.7,2.0662,0.58299,0.82373,0.8003,0.59311,0.70288,0.39325,2.02338,0.56375,0.81251,0.00170815,0.00170815,0.00170815
739,5431.07,2.10981,0.58539,0.82836,0.79919,0.58682,0.69777,0.3846,2.07571,0.57046,0.81437,0.00170775,0.00170775,0.00170775
740,5438.58,2.08792,0.58261,0.83115,0.79585,0.58814,0.69911,0.39155,2.02216,0.56459,0.81339,0.00170736,0.00170736,0.00170736
741,5445.94,2.06214,0.57508,0.82697,0.79066,0.59889,0.70704,0.39614,2.02645,0.56099,0.81361,0.00170696,0.00170696,0.00170696
742,5453.56,2.14505,0.58559,0.82075,0.78227,0.60036,0.70588,0.39704,2.0403,0.56385,0.81395,0.00170656,0.00170656,0.00170656
743,5461.12,2.10615,0.57849,0.8232,0.79255,0.60159,0.70744,0.39659,2.0429,0.56225,0.81304,0.00170617,0.00170617,0.00170617
744,5468.33,2.08687,0.57994,0.83032,0.79527,0.60036,0.71046,0.40269,2.00754,0.56142,0.81222,0.00170577,0.00170577,0.00170577
745,5476.21,2.07153,0.58004,0.82914,0.7999,0.59711,0.70626,0.39831,2.02136,0.5569,0.81392,0.00170538,0.00170538,0.00170538
746,5483.72,2.0762,0.58775,0.82842,0.79434,0.59349,0.70308,0.39175,2.05319,0.56136,0.81363,0.00170498,0.00170498,0.00170498
747,5491.45,2.20345,0.59923,0.82123,0.78698,0.59075,0.69961,0.3859,2.09334,0.5717,0.81389,0.00170458,0.00170458,0.00170458
748,5498.88,2.09647,0.58763,0.83445,0.78608,0.59583,0.70196,0.39528,2.01446,0.55782,0.8117,0.00170419,0.00170419,0.00170419
749,5506.48,2.11085,0.58412,0.82863,0.79907,0.59116,0.70345,0.39073,2.06879,0.56843,0.81382,0.00170379,0.00170379,0.00170379
750,5514.15,2.18432,0.5887,0.82442,0.79365,0.5939,0.70387,0.39202,2.05896,0.56728,0.81378,0.0017034,0.0017034,0.0017034
751,5521.93,2.11544,0.58746,0.82666,0.79213,0.60371,0.70487,0.39427,2.02527,0.56354,0.81162,0.001703,0.001703,0.001703
752,5529.53,2.12461,0.58112,0.82361,0.78117,0.59936,0.69964,0.39106,2.02082,0.56175,0.81125,0.0017026,0.0017026,0.0017026
753,5537.14,2.07278,0.57925,0.82732,0.80474,0.59555,0.7065,0.39602,1.99907,0.55807,0.81149,0.00170221,0.00170221,0.00170221
754,5544.51,2.0532,0.56929,0.82794,0.81232,0.58965,0.70093,0.39298,2.0161,0.55888,0.8129,0.00170181,0.00170181,0.00170181
755,5552.14,2.10276,0.58012,0.82166,0.80567,0.5913,0.70449,0.39808,2.00147,0.54721,0.81186,0.00170142,0.00170142,0.00170142
756,5559.64,2.15835,0.59577,0.82403,0.81151,0.59349,0.70931,0.40004,1.99803,0.54818,0.81226,0.00170102,0.00170102,0.00170102
757,5567.47,2.18473,0.59268,0.82818,0.79372,0.59534,0.70643,0.39549,2.03235,0.55558,0.81306,0.00170062,0.00170062,0.00170062
758,5575.04,2.18119,0.59302,0.83044,0.79167,0.59736,0.70374,0.39384,2.05134,0.56321,0.81359,0.00170023,0.00170023,0.00170023
759,5582.41,2.1914,0.60507,0.83245,0.79597,0.59503,0.70069,0.39147,2.05787,0.56436,0.81443,0.00169983,0.00169983,0.00169983
760,5590.08,2.12273,0.58264,0.82329,0.80182,0.57713,0.69599,0.38767,2.06392,0.56012,0.81398,0.00169944,0.00169944,0.00169944
761,5597.83,2.18133,0.59523,0.82469,0.7747,0.58254,0.69125,0.37696,2.11724,0.5757,0.81566,0.00169904,0.00169904,0.00169904
762,5605.52,2.14409,0.60424,0.82988,0.78285,0.59239,0.69689,0.38488,2.09245,0.5738,0.81445,0.00169864,0.00169864,0.00169864
763,5613.15,2.20167,0.60325,0.82918,0.78921,0.58622,0.69257,0.38039,2.1548,0.58549,0.81794,0.00169825,0.00169825,0.00169825
764,5620.38,2.17633,0.60477,0.83002,0.79477,0.58217,0.69283,0.38387,2.12271,0.58519,0.81537,0.00169785,0.00169785,0.00169785
765,5627.9,2.13951,0.59483,0.82583,0.7944,0.5851,0.69647,0.38698,2.05181,0.56483,0.81255,0.00169746,0.00169746,0.00169746
766,5635.43,2.12672,0.59715,0.82693,0.78215,0.59651,0.69899,0.38964,2.04603,0.56142,0.81288,0.00169706,0.00169706,0.00169706
767,5643.1,2.06897,0.57654,0.8251,0.80032,0.59596,0.70579,0.3943,2.04043,0.56375,0.81409,0.00169666,0.00169666,0.00169666
768,5650.62,2.0929,0.58404,0.83108,0.79839,0.60118,0.70747,0.39908,2.01767,0.56207,0.81326,0.00169627,0.00169627,0.00169627
769,5658.4,2.09899,0.5769,0.82305,0.80224,0.59185,0.70337,0.39903,2.01129,0.55734,0.81167,0.00169587,0.00169587,0.00169587
770,5666,2.10178,0.58459,0.82655,0.79005,0.5972,0.7036,0.39628,2.0176,0.5609,0.81213,0.00169548,0.00169548,0.00169548
771,5673.67,2.09424,0.5778,0.82659,0.80072,0.59961,0.70925,0.39751,2.04326,0.56604,0.81231,0.00169508,0.00169508,0.00169508
772,5681.17,2.07651,0.58559,0.82666,0.79806,0.59363,0.70486,0.39485,2.04579,0.56937,0.813,0.00169468,0.00169468,0.00169468
773,5688.84,2.14504,0.59082,0.82652,0.79922,0.59021,0.70188,0.39267,2.04532,0.5727,0.8134,0.00169429,0.00169429,0.00169429
774,5696.55,2.15259,0.59813,0.82801,0.79508,0.59459,0.70455,0.39437,2.03501,0.57364,0.81279,0.00169389,0.00169389,0.00169389
775,5704.11,2.12165,0.59543,0.8245,0.7751,0.59706,0.7042,0.394,2.03763,0.56595,0.81234,0.0016935,0.0016935,0.0016935
776,5711.26,2.09263,0.58165,0.82776,0.78944,0.60146,0.71395,0.40093,2.03136,0.56777,0.81223,0.0016931,0.0016931,0.0016931
777,5718.6,2.14699,0.5895,0.82445,0.79752,0.60724,0.71519,0.39899,2.05731,0.573,0.81272,0.0016927,0.0016927,0.0016927
778,5725.85,2.10007,0.57647,0.82326,0.79606,0.60932,0.71595,0.39796,2.05913,0.56582,0.8127,0.00169231,0.00169231,0.00169231
779,5733.47,2.0967,0.58451,0.82838,0.79997,0.59747,0.70709,0.40032,2.00854,0.55621,0.8114,0.00169191,0.00169191,0.00169191
780,5741.03,2.08139,0.5811,0.82123,0.79129,0.59494,0.70298,0.39445,2.02507,0.56128,0.81139,0.00169152,0.00169152,0.00169152
781,5748.24,2.12426,0.58907,0.82927,0.78627,0.59496,0.69835,0.38898,2.03529,0.5685,0.81232,0.00169112,0.00169112,0.00169112
782,5755.35,2.10346,0.58018,0.82334,0.78306,0.59615,0.69992,0.3897,2.02183,0.57021,0.81283,0.00169072,0.00169072,0.00169072
783,5763.02,2.15902,0.59251,0.82881,0.78848,0.59363,0.70372,0.39686,2.03269,0.56641,0.81256,0.00169033,0.00169033,0.00169033
784,5770.47,2.11281,0.58544,0.82394,0.79657,0.58756,0.70278,0.39816,2.03113,0.56225,0.8118,0.00168993,0.00168993,0.00168993
785,5778.25,2.07034,0.5789,0.82748,0.80172,0.5945,0.71024,0.40239,2.00476,0.55282,0.8104,0.00168954,0.00168954,0.00168954
786,5785.61,2.2123,0.58864,0.82305,0.78165,0.61024,0.71305,0.40447,2.02345,0.56103,0.81218,0.00168914,0.00168914,0.00168914
787,5793.53,2.18261,0.60508,0.8334,0.79251,0.61683,0.71832,0.39864,2.09073,0.57312,0.81416,0.00168874,0.00168874,0.00168874
788,5801,2.12843,0.59382,0.82896,0.78571,0.61059,0.71315,0.39351,2.11926,0.57253,0.81457,0.00168835,0.00168835,0.00168835
789,5808.72,2.26201,0.61251,0.82483,0.77766,0.60132,0.70332,0.38732,2.09104,0.56764,0.81354,0.00168795,0.00168795,0.00168795
790,5816.18,2.1757,0.60881,0.82938,0.78312,0.6023,0.70394,0.38782,2.08229,0.5675,0.81355,0.00168756,0.00168756,0.00168756
791,5823.77,2.16095,0.60032,0.83068,0.792,0.59906,0.70248,0.38563,2.077,0.56584,0.81371,0.00168716,0.00168716,0.00168716
792,5831.36,2.08925,0.58399,0.82524,0.79719,0.5902,0.70066,0.39316,2.0475,0.57334,0.81288,0.00168676,0.00168676,0.00168676
793,5838.52,2.14644,0.5979,0.82906,0.79415,0.58512,0.69751,0.38537,2.10134,0.58553,0.81395,0.00168637,0.00168637,0.00168637
794,5845.96,2.10711,0.57884,0.82059,0.80326,0.59006,0.7013,0.39318,2.04702,0.56504,0.81304,0.00168597,0.00168597,0.00168597
795,5853.74,2.16398,0.59349,0.81964,0.80534,0.59281,0.70342,0.3913,2.04614,0.56394,0.81289,0.00168558,0.00168558,0.00168558
796,5860.92,2.10746,0.56906,0.81928,0.80056,0.58992,0.70242,0.39029,2.05024,0.56062,0.81318,0.00168518,0.00168518,0.00168518
797,5868.48,2.01913,0.56558,0.82385,0.80756,0.59802,0.70826,0.39812,1.97872,0.54955,0.81094,0.00168478,0.00168478,0.00168478
798,5875.84,2.09114,0.57978,0.82223,0.81567,0.59006,0.70675,0.40203,1.97365,0.54943,0.81084,0.00168439,0.00168439,0.00168439
799,5883.24,2.0767,0.57684,0.82288,0.80893,0.59517,0.70836,0.40179,1.97769,0.55206,0.81026,0.00168399,0.00168399,0.00168399
800,5890.83,2.14364,0.58437,0.82278,0.79353,0.60214,0.70833,0.40064,1.99434,0.55521,0.81079,0.0016836,0.0016836,0.0016836
801,5898.63,1.97641,0.55634,0.82143,0.80586,0.59336,0.70896,0.40323,1.97758,0.5512,0.81091,0.0016832,0.0016832,0.0016832
802,5906.27,2.04339,0.56771,0.82899,0.79704,0.59898,0.71086,0.40489,1.97143,0.54909,0.81063,0.0016828,0.0016828,0.0016828
803,5913.87,2.05108,0.5603,0.81934,0.78716,0.60557,0.71413,0.40356,2.00267,0.56011,0.81192,0.00168241,0.00168241,0.00168241
804,5921.29,2.10819,0.57062,0.82159,0.78758,0.60681,0.71551,0.40032,2.02695,0.56733,0.81248,0.00168201,0.00168201,0.00168201
805,5928.86,2.09519,0.58266,0.83087,0.79057,0.60146,0.70836,0.39537,2.03291,0.56205,0.81223,0.00168162,0.00168162,0.00168162
806,5936.46,2.099,0.57964,0.8263,0.79917,0.59679,0.70793,0.3954,2.02557,0.55978,0.81143,0.00168122,0.00168122,0.00168122
807,5943.97,2.12664,0.58431,0.82849,0.80372,0.58663,0.69901,0.3888,2.05638,0.56231,0.81166,0.00168082,0.00168082,0.00168082
808,5951.46,2.16315,0.58945,0.82598,0.79513,0.58825,0.69785,0.38994,2.03464,0.55859,0.81088,0.00168043,0.00168043,0.00168043
809,5959.17,2.0099,0.56098,0.82234,0.80024,0.59432,0.70451,0.39864,1.9869,0.5524,0.81021,0.00168003,0.00168003,0.00168003
810,5966.1,2.07719,0.57601,0.82725,0.80798,0.59846,0.70958,0.39881,2.02398,0.56008,0.81116,0.00167964,0.00167964,0.00167964
811,5973.6,2.05472,0.57083,0.82445,0.80854,0.60502,0.71314,0.39895,2.02001,0.55445,0.81129,0.00167924,0.00167924,0.00167924
812,5981.21,2.11595,0.57451,0.82478,0.79816,0.59981,0.70764,0.3946,2.03475,0.55458,0.81206,0.00167884,0.00167884,0.00167884
813,5988.76,2.10963,0.57443,0.82127,0.79749,0.60022,0.70393,0.39327,2.03366,0.5573,0.81212,0.00167845,0.00167845,0.00167845
814,5995.82,2.09171,0.57996,0.8274,0.79269,0.59739,0.69848,0.38648,2.06821,0.56193,0.81406,0.00167805,0.00167805,0.00167805
815,6003.32,2.14618,0.58525,0.82636,0.79009,0.59377,0.69699,0.3881,2.06636,0.56627,0.81489,0.00167766,0.00167766,0.00167766
816,6010.8,2.0486,0.57439,0.82706,0.79257,0.59802,0.70138,0.3931,2.03198,0.55713,0.81316,0.00167726,0.00167726,0.00167726
817,6018.46,2.10823,0.58199,0.8275,0.79069,0.59363,0.70005,0.39116,2.01682,0.55599,0.81105,0.00167686,0.00167686,0.00167686
818,6025.91,2.06747,0.57153,0.82105,0.78626,0.59198,0.69716,0.38973,2.02387,0.55815,0.81127,0.00167647,0.00167647,0.00167647
819,6033.6,2.12639,0.58498,0.82307,0.79988,0.59679,0.70673,0.3998,2.0049,0.55397,0.81191,0.00167607,0.00167607,0.00167607
820,6041.25,2.09034,0.57395,0.82282,0.79954,0.60123,0.70803,0.40009,2.003,0.55268,0.81192,0.00167568,0.00167568,0.00167568
821,6048.8,2.15112,0.59172,0.82437,0.79291,0.59734,0.70534,0.39614,2.0235,0.55867,0.81321,0.00167528,0.00167528,0.00167528
822,6056.43,2.13229,0.58866,0.82782,0.79591,0.59055,0.70118,0.39733,2.00432,0.55889,0.81341,0.00167488,0.00167488,0.00167488
823,6063.88,2.04095,0.56648,0.82288,0.78798,0.58429,0.69548,0.38948,2.04,0.56489,0.81354,0.00167449,0.00167449,0.00167449
824,6071.37,2.08036,0.57531,0.82892,0.79244,0.58429,0.6984,0.39191,2.01692,0.55728,0.81335,0.00167409,0.00167409,0.00167409
825,6079.02,2.06621,0.57534,0.82829,0.79481,0.59843,0.70745,0.39716,2.0171,0.55239,0.81271,0.0016737,0.0016737,0.0016737
826,6086.59,2.08806,0.58456,0.82622,0.79439,0.60297,0.70793,0.39965,2.00757,0.55113,0.81162,0.0016733,0.0016733,0.0016733
827,6094.38,2.09368,0.58206,0.82853,0.79115,0.60283,0.70816,0.40005,2.00678,0.5521,0.81076,0.0016729,0.0016729,0.0016729
828,6101.7,2.12473,0.58663,0.83009,0.79423,0.60269,0.70689,0.39758,2.03098,0.55854,0.81168,0.00167251,0.00167251,0.00167251
829,6108.93,2.18486,0.60541,0.82925,0.79993,0.588,0.69982,0.38836,2.08095,0.56848,0.81309,0.00167211,0.00167211,0.00167211
830,6116.59,2.15789,0.59677,0.8284,0.80053,0.58404,0.69749,0.38879,2.06414,0.56639,0.81321,0.00167172,0.00167172,0.00167172
831,6123.94,2.14842,0.59484,0.82865,0.7948,0.58335,0.69706,0.38442,2.08987,0.58019,0.81349,0.00167132,0.00167132,0.00167132
832,6131.25,2.1635,0.59586,0.82686,0.79289,0.59239,0.70335,0.39141,2.02823,0.57059,0.81207,0.00167092,0.00167092,0.00167092
833,6138.56,2.12167,0.59287,0.82924,0.78383,0.59786,0.70618,0.39315,2.02974,0.57701,0.8116,0.00167053,0.00167053,0.00167053
834,6145.65,2.09398,0.58484,0.82649,0.78831,0.59967,0.7047,0.39279,2.0501,0.57516,0.81266,0.00167013,0.00167013,0.00167013
835,6153.06,2.13561,0.58419,0.82406,0.78404,0.60036,0.70318,0.39219,2.05217,0.56974,0.81232,0.00166974,0.00166974,0.00166974
836,6160.26,2.11497,0.58437,0.83176,0.79368,0.59043,0.70224,0.39201,2.03366,0.57028,0.81189,0.00166934,0.00166934,0.00166934
837,6167.57,2.16991,0.59575,0.82547,0.78089,0.60132,0.70325,0.38851,2.06568,0.57488,0.81373,0.00166894,0.00166894,0.00166894
838,6174.81,2.10722,0.57438,0.82305,0.77656,0.60063,0.70321,0.38349,2.10933,0.5863,0.81452,0.00166855,0.00166855,0.00166855
839,6182.46,2.13604,0.59315,0.82375,0.78978,0.61326,0.71384,0.39813,2.02547,0.57591,0.81152,0.00166815,0.00166815,0.00166815
840,6190.1,2.08414,0.58822,0.82433,0.78874,0.61409,0.71359,0.40007,2.04094,0.57696,0.81132,0.00166776,0.00166776,0.00166776
841,6197.69,2.0463,0.57875,0.82813,0.78906,0.6075,0.71059,0.39973,2.02787,0.57138,0.81104,0.00166736,0.00166736,0.00166736
842,6205.22,2.05683,0.57778,0.82408,0.7931,0.60777,0.71311,0.39984,2.04165,0.56601,0.81086,0.00166696,0.00166696,0.00166696
843,6213.12,2.08279,0.57684,0.82037,0.79324,0.59516,0.70597,0.40114,2.00814,0.55619,0.8109,0.00166657,0.00166657,0.00166657
844,6220.51,2.06668,0.57091,0.82028,0.79087,0.60174,0.70789,0.39946,2.02269,0.56328,0.81195,0.00166617,0.00166617,0.00166617
845,6228.24,2.03034,0.57117,0.82684,0.79147,0.59872,0.70719,0.40178,1.99592,0.55688,0.81057,0.00166578,0.00166578,0.00166578
846,6235.91,2.10378,0.57963,0.82306,0.79881,0.59555,0.70709,0.4004,1.99834,0.55465,0.81068,0.00166538,0.00166538,0.00166538
847,6243.35,2.0441,0.56576,0.82002,0.80207,0.59751,0.71037,0.40315,1.98474,0.55262,0.811,0.00166498,0.00166498,0.00166498
848,6250.98,2.05764,0.57742,0.82853,0.80378,0.59669,0.71131,0.40427,1.97319,0.55275,0.81113,0.00166459,0.00166459,0.00166459
849,6258.33,2.06295,0.57028,0.82647,0.79687,0.59706,0.70769,0.39516,2.01643,0.55865,0.81128,0.00166419,0.00166419,0.00166419
850,6265.48,2.12399,0.57932,0.81991,0.79172,0.59789,0.70342,0.39078,2.03009,0.56206,0.81184,0.0016638,0.0016638,0.0016638
851,6273.22,2.0723,0.57623,0.82272,0.80033,0.58278,0.69449,0.3855,2.06385,0.56385,0.81461,0.0016634,0.0016634,0.0016634
852,6280.77,2.08884,0.57661,0.82373,0.79156,0.58553,0.69314,0.38649,2.0502,0.56241,0.81409,0.001663,0.001663,0.001663
853,6288.25,2.05144,0.57565,0.82804,0.78069,0.5961,0.6999,0.39378,2.01088,0.55629,0.81223,0.00166261,0.00166261,0.00166261
854,6295.66,2.02369,0.57281,0.82465,0.78321,0.59967,0.70413,0.39387,2.0214,0.56062,0.81212,0.00166221,0.00166221,0.00166221
855,6303.29,2.12534,0.58229,0.81933,0.79708,0.59624,0.7058,0.39811,1.97341,0.55259,0.81153,0.00166182,0.00166182,0.00166182
856,6310.22,2.0235,0.56352,0.82351,0.79642,0.59541,0.70483,0.39856,1.97253,0.54785,0.81099,0.00166142,0.00166142,0.00166142
857,6317.97,2.1434,0.58464,0.82223,0.79597,0.59128,0.70455,0.40193,1.99257,0.54667,0.81085,0.00166102,0.00166102,0.00166102
858,6325.7,2.14007,0.58872,0.82348,0.78505,0.60146,0.70779,0.40231,1.98821,0.54481,0.81122,0.00166063,0.00166063,0.00166063
859,6333.31,2.16056,0.5862,0.81934,0.79571,0.60156,0.7139,0.40456,2.00371,0.55411,0.81034,0.00166023,0.00166023,0.00166023
860,6340.75,2.04173,0.57461,0.82167,0.79139,0.60859,0.71522,0.40731,2.00882,0.55595,0.81064,0.00165984,0.00165984,0.00165984
861,6348.67,2.14595,0.5796,0.81761,0.78936,0.60846,0.71348,0.40349,2.01483,0.55698,0.81149,0.00165944,0.00165944,0.00165944
862,6356.02,2.03841,0.56746,0.82797,0.78908,0.61172,0.71624,0.40405,2.0077,0.55407,0.81085,0.00165904,0.00165904,0.00165904
863,6363.8,2.07193,0.57003,0.82343,0.79216,0.60091,0.70683,0.39702,2.03158,0.55182,0.81083,0.00165865,0.00165865,0.00165865
864,6371.37,2.11955,0.57875,0.82964,0.78754,0.59895,0.70452,0.39477,2.03534,0.55234,0.81143,0.00165825,0.00165825,0.00165825
865,6378.97,2.09861,0.5818,0.82356,0.79339,0.5902,0.69794,0.39147,2.02901,0.55439,0.81142,0.00165786,0.00165786,0.00165786
866,6386.49,2.12483,0.58658,0.83201,0.79448,0.58432,0.69818,0.38887,2.02898,0.55436,0.81116,0.00165746,0.00165746,0.00165746
867,6394.02,2.13299,0.5878,0.82739,0.79014,0.59363,0.70273,0.38817,2.04957,0.55735,0.81165,0.00165706,0.00165706,0.00165706
868,6401.55,2.11475,0.5872,0.82281,0.79312,0.6,0.70869,0.39365,2.02941,0.55447,0.81136,0.00165667,0.00165667,0.00165667
869,6409.29,2.15196,0.58855,0.82562,0.80107,0.59818,0.70844,0.39286,2.02603,0.55505,0.81162,0.00165627,0.00165627,0.00165627
870,6416.63,2.05947,0.57338,0.82654,0.80431,0.60104,0.71019,0.39607,2.01127,0.55197,0.81192,0.00165588,0.00165588,0.00165588
871,6424.35,1.99388,0.56803,0.82481,0.81057,0.5939,0.70681,0.4032,1.97225,0.54495,0.8103,0.00165548,0.00165548,0.00165548
872,6431.79,2.07134,0.57168,0.82084,0.80406,0.59898,0.70796,0.4007,2.00606,0.55082,0.81074,0.00165508,0.00165508,0.00165508
873,6439.6,1.99384,0.55808,0.82182,0.79367,0.60204,0.70969,0.40429,2.0012,0.55222,0.81029,0.00165469,0.00165469,0.00165469
874,6446.83,2.05825,0.56612,0.82374,0.79035,0.60612,0.71169,0.40477,1.99239,0.54934,0.80998,0.00165429,0.00165429,0.00165429
875,6454.12,2.00231,0.55941,0.82535,0.78616,0.60062,0.7096,0.39958,2.02225,0.55853,0.81046,0.0016539,0.0016539,0.0016539
876,6461.48,2.1253,0.58523,0.82112,0.78645,0.60367,0.70937,0.40123,1.99702,0.55407,0.81066,0.0016535,0.0016535,0.0016535
877,6468.62,2.08798,0.58475,0.82494,0.78666,0.59786,0.70807,0.39952,1.98237,0.54912,0.81011,0.0016531,0.0016531,0.0016531
878,6476.29,2.1179,0.58066,0.82144,0.79079,0.59314,0.70516,0.39585,1.997,0.55035,0.81068,0.00165271,0.00165271,0.00165271
879,6484.18,2.11424,0.57858,0.82622,0.79649,0.59213,0.70418,0.39817,1.998,0.55285,0.81018,0.00165231,0.00165231,0.00165231
880,6491.73,1.98646,0.56319,0.82912,0.80207,0.59033,0.70442,0.4033,1.95511,0.54983,0.80947,0.00165192,0.00165192,0.00165192
881,6498.85,2.01097,0.5637,0.82057,0.7948,0.59876,0.70646,0.40323,1.97859,0.54985,0.81056,0.00165152,0.00165152,0.00165152
882,6506.43,2.07928,0.57394,0.81937,0.79841,0.59843,0.70647,0.40091,2.00403,0.55178,0.81131,0.00165112,0.00165112,0.00165112
883,6514.28,1.97199,0.54809,0.82266,0.80236,0.60306,0.71181,0.40564,1.98125,0.55105,0.81086,0.00165073,0.00165073,0.00165073
884,6521.86,2.0059,0.56038,0.82176,0.80845,0.60492,0.71674,0.40732,1.99636,0.55409,0.81119,0.00165033,0.00165033,0.00165033
885,6529.58,1.98991,0.55921,0.82459,0.796,0.60571,0.71587,0.40805,2.00486,0.55648,0.81184,0.00164994,0.00164994,0.00164994
886,6537.22,2.07171,0.56683,0.82027,0.79717,0.60406,0.71601,0.40652,2.01009,0.55643,0.81176,0.00164954,0.00164954,0.00164954
887,6544.72,2.06174,0.57027,0.82425,0.79845,0.59989,0.70881,0.40469,1.9796,0.54542,0.80994,0.00164914,0.00164914,0.00164914
888,6552.3,2.13202,0.57793,0.81585,0.80424,0.59308,0.70709,0.40383,1.96697,0.54343,0.80868,0.00164875,0.00164875,0.00164875
889,6559.89,2.00265,0.56085,0.82246,0.78526,0.60045,0.70635,0.40116,1.98542,0.54356,0.80945,0.00164835,0.00164835,0.00164835
890,6567.1,2.00598,0.55633,0.82406,0.79237,0.59995,0.70906,0.40301,1.98854,0.54614,0.81027,0.00164796,0.00164796,0.00164796
891,6574.89,2.00939,0.56245,0.82357,0.80153,0.60599,0.71564,0.40693,1.997,0.55187,0.81107,0.00164756,0.00164756,0.00164756
892,6581.95,2.01972,0.56019,0.82716,0.79796,0.60846,0.7163,0.40624,2.02782,0.56315,0.81189,0.00164716,0.00164716,0.00164716
893,6589.5,2.09368,0.56759,0.82129,0.79531,0.60063,0.71186,0.4108,1.96255,0.54305,0.80965,0.00164677,0.00164677,0.00164677
894,6596.96,2.08433,0.57503,0.81792,0.80117,0.59541,0.70948,0.4051,1.98504,0.54607,0.81008,0.00164637,0.00164637,0.00164637
895,6604.73,2.03688,0.56745,0.82439,0.79483,0.59898,0.71077,0.39996,2.02594,0.55523,0.81258,0.00164598,0.00164598,0.00164598
896,6612.04,2.10934,0.57655,0.81951,0.79345,0.5994,0.71168,0.40456,2.01081,0.55052,0.81272,0.00164558,0.00164558,0.00164558
897,6619.34,1.99125,0.56011,0.82556,0.79784,0.60087,0.71457,0.40792,1.99977,0.54952,0.8117,0.00164518,0.00164518,0.00164518
898,6626.63,1.98553,0.55981,0.82356,0.79566,0.59624,0.71192,0.40963,1.98388,0.54951,0.81171,0.00164479,0.00164479,0.00164479
899,6634.05,2.08578,0.57594,0.82625,0.78833,0.59349,0.70664,0.40507,2.01977,0.55275,0.81243,0.00164439,0.00164439,0.00164439
900,6641.43,2.09102,0.57786,0.82393,0.79056,0.59789,0.70665,0.40474,2.01256,0.55437,0.81242,0.001644,0.001644,0.001644
901,6649.35,2.17271,0.59011,0.82482,0.78378,0.59819,0.70412,0.40126,2.01141,0.5554,0.81144,0.0016436,0.0016436,0.0016436
902,6656.72,2.02797,0.57086,0.82518,0.79062,0.59513,0.70478,0.40066,2.03281,0.55615,0.81155,0.0016432,0.0016432,0.0016432
903,6664.11,2.0139,0.56236,0.82526,0.795,0.60161,0.71214,0.40704,2.01127,0.56002,0.81136,0.00164281,0.00164281,0.00164281
904,6671.65,2.1821,0.59209,0.82346,0.7941,0.60159,0.71016,0.40464,2.01551,0.56085,0.81194,0.00164241,0.00164241,0.00164241
905,6679.03,2.08147,0.58027,0.82923,0.78721,0.58965,0.69932,0.39777,2.00381,0.55624,0.81097,0.00164202,0.00164202,0.00164202
906,6686.51,2.11872,0.58523,0.82471,0.78429,0.588,0.69596,0.3893,2.05104,0.56236,0.81163,0.00164162,0.00164162,0.00164162
907,6694.22,2.06513,0.57443,0.82741,0.79267,0.59626,0.7034,0.4009,1.9925,0.54686,0.8103,0.00164122,0.00164122,0.00164122
908,6701.71,2.07414,0.57468,0.82447,0.79559,0.59885,0.70781,0.40569,1.97688,0.54318,0.8099,0.00164083,0.00164083,0.00164083
909,6709.42,2.09894,0.56835,0.81737,0.79619,0.59424,0.70691,0.39884,2.04426,0.55489,0.80975,0.00164043,0.00164043,0.00164043
910,6716.59,1.99646,0.55572,0.82579,0.80046,0.59761,0.71057,0.40382,2.00677,0.54857,0.80935,0.00164004,0.00164004,0.00164004
911,6723.87,1.96845,0.54947,0.8267,0.79379,0.60118,0.70809,0.41078,1.93493,0.53802,0.80848,0.00163964,0.00163964,0.00163964
912,6731.4,1.92241,0.53967,0.82406,0.79338,0.60173,0.7091,0.40962,1.93383,0.53551,0.80891,0.00163924,0.00163924,0.00163924
913,6739.24,2.01688,0.55934,0.82562,0.81017,0.59705,0.71226,0.40864,1.96086,0.53594,0.80977,0.00163885,0.00163885,0.00163885
914,6746.74,2.02834,0.56206,0.82249,0.80756,0.59953,0.71605,0.41201,1.95181,0.53717,0.80892,0.00163845,0.00163845,0.00163845
915,6754.6,2.06851,0.56225,0.81755,0.7959,0.60695,0.71615,0.41046,1.97325,0.54208,0.8096,0.00163806,0.00163806,0.00163806
916,6762.06,2.04598,0.56132,0.82362,0.79563,0.60763,0.71564,0.41014,1.97198,0.54495,0.81053,0.00163766,0.00163766,0.00163766
917,6769.58,2.09056,0.57001,0.81868,0.80121,0.60091,0.71602,0.41154,1.99566,0.54477,0.81182,0.00163726,0.00163726,0.00163726
918,6777.11,2.16607,0.58258,0.82278,0.80646,0.60125,0.71563,0.40953,2.01715,0.55126,0.81173,0.00163687,0.00163687,0.00163687
919,6784.75,2.10272,0.5751,0.8284,0.80712,0.59541,0.70836,0.39908,2.0886,0.56229,0.81373,0.00163647,0.00163647,0.00163647
920,6792.38,2.12365,0.58063,0.8215,0.7955,0.59692,0.70776,0.40284,2.00904,0.54945,0.81214,0.00163608,0.00163608,0.00163608
921,6799.87,2.07137,0.5762,0.82626,0.77606,0.59775,0.70103,0.3971,1.99501,0.55584,0.81185,0.00163568,0.00163568,0.00163568
922,6807.24,2.09443,0.58713,0.82303,0.7819,0.59798,0.70187,0.39474,2.011,0.56316,0.81215,0.00163528,0.00163528,0.00163528
923,6814.87,2.07696,0.57575,0.82051,0.78739,0.59741,0.70424,0.3944,2.04301,0.56308,0.81228,0.00163489,0.00163489,0.00163489
924,6822.32,2.01771,0.56283,0.82433,0.80015,0.59692,0.70912,0.40384,1.99939,0.5547,0.81153,0.00163449,0.00163449,0.00163449
925,6829.92,2.05526,0.57531,0.822,0.8064,0.60215,0.71345,0.40903,1.96191,0.54443,0.81006,0.0016341,0.0016341,0.0016341
926,6837.15,1.99144,0.55683,0.8245,0.80477,0.59932,0.71062,0.41062,1.94765,0.53786,0.80895,0.0016337,0.0016337,0.0016337
927,6844.85,2.06094,0.56942,0.82248,0.79988,0.59967,0.71035,0.40995,1.94875,0.536,0.80906,0.0016333,0.0016333,0.0016333
928,6852.26,2.05132,0.56365,0.81789,0.80269,0.6064,0.71548,0.41322,1.93083,0.53585,0.80836,0.00163291,0.00163291,0.00163291
929,6860.11,2.02309,0.56467,0.82369,0.79827,0.61007,0.7198,0.41295,1.94888,0.53703,0.80914,0.00163251,0.00163251,0.00163251
930,6867.51,1.95669,0.54351,0.81927,0.79807,0.61313,0.72163,0.41559,1.93273,0.53917,0.80826,0.00163212,0.00163212,0.00163212
931,6875.29,1.95877,0.55272,0.82083,0.80124,0.60159,0.71628,0.41431,1.93361,0.54014,0.80763,0.00163172,0.00163172,0.00163172
932,6882.92,2.02791,0.55718,0.82039,0.79292,0.60085,0.71287,0.41182,1.94021,0.53953,0.80738,0.00163132,0.00163132,0.00163132
933,6890.2,1.98904,0.55375,0.82105,0.78966,0.60901,0.71316,0.41078,1.95737,0.54173,0.80728,0.00163093,0.00163093,0.00163093
934,6897.62,1.98063,0.54518,0.81763,0.78247,0.60641,0.70891,0.40624,1.96391,0.54491,0.80732,0.00163053,0.00163053,0.00163053
935,6905.12,2.05994,0.56624,0.82394,0.797,0.60261,0.71039,0.40516,1.95238,0.54375,0.80772,0.00163014,0.00163014,0.00163014
936,6912.6,1.97225,0.5537,0.82135,0.80555,0.60116,0.71211,0.40865,1.94556,0.5439,0.80802,0.00162974,0.00162974,0.00162974
937,6919.88,1.92752,0.54931,0.82392,0.80122,0.59802,0.71096,0.40908,1.96356,0.54412,0.80838,0.00162934,0.00162934,0.00162934
938,6927.58,1.92887,0.54343,0.81811,0.80462,0.59857,0.71299,0.40965,1.95601,0.54221,0.8084,0.00162895,0.00162895,0.00162895
939,6935.47,2.04318,0.56723,0.81997,0.8156,0.59689,0.71679,0.41438,1.93977,0.53633,0.80855,0.00162855,0.00162855,0.00162855
940,6943.06,1.9865,0.54909,0.81881,0.80469,0.59844,0.71606,0.41263,1.94549,0.53655,0.80894,0.00162816,0.00162816,0.00162816
941,6950.25,2.00912,0.55318,0.81742,0.79813,0.60077,0.71218,0.41155,1.93123,0.53904,0.8084,0.00162776,0.00162776,0.00162776
942,6957.67,1.98545,0.55131,0.82278,0.80275,0.59671,0.70959,0.41105,1.92004,0.53626,0.80806,0.00162736,0.00162736,0.00162736
943,6964.81,1.97009,0.55103,0.82006,0.80131,0.59336,0.70447,0.40186,1.97154,0.54526,0.80854,0.00162697,0.00162697,0.00162697
944,6971.65,2.03842,0.56092,0.81826,0.79965,0.59061,0.70483,0.40047,1.98812,0.54662,0.80909,0.00162657,0.00162657,0.00162657
945,6979.12,1.98709,0.558,0.82501,0.80221,0.59775,0.71263,0.40909,1.96412,0.5458,0.80969,0.00162618,0.00162618,0.00162618
946,6986.63,2.0259,0.56182,0.82109,0.79732,0.60118,0.71203,0.40653,1.97857,0.54702,0.80966,0.00162578,0.00162578,0.00162578
947,6994.4,1.98437,0.55584,0.81912,0.80214,0.60242,0.7161,0.41401,1.93559,0.54094,0.80868,0.00162538,0.00162538,0.00162538
948,7001.9,1.96647,0.55185,0.82231,0.79739,0.60678,0.71823,0.41727,1.91507,0.53632,0.80889,0.00162499,0.00162499,0.00162499
949,7009.84,1.97604,0.5566,0.82223,0.79814,0.61446,0.72146,0.41726,1.92773,0.54101,0.80942,0.00162459,0.00162459,0.00162459
950,7017.01,1.9903,0.55634,0.82204,0.79532,0.60859,0.71845,0.41511,1.93557,0.54267,0.80943,0.0016242,0.0016242,0.0016242
951,7024.57,2.00607,0.55022,0.81714,0.80399,0.59651,0.71353,0.4117,1.95049,0.54614,0.80951,0.0016238,0.0016238,0.0016238
952,7031.89,1.9853,0.54988,0.82003,0.80467,0.59281,0.71024,0.41235,1.93158,0.5427,0.80929,0.0016234,0.0016234,0.0016234
953,7039.59,1.98648,0.55351,0.81912,0.79719,0.59761,0.70934,0.4109,1.94394,0.53991,0.80889,0.00162301,0.00162301,0.00162301
954,7047.06,1.97375,0.5544,0.82022,0.80228,0.59665,0.71142,0.4147,1.92834,0.53748,0.80822,0.00162261,0.00162261,0.00162261
955,7054.39,2.00339,0.55865,0.82508,0.81167,0.60722,0.72131,0.4172,1.95223,0.54109,0.80767,0.00162222,0.00162222,0.00162222
956,7061.51,1.96053,0.55495,0.81956,0.81025,0.60187,0.71812,0.41407,1.9724,0.54314,0.8081,0.00162182,0.00162182,0.00162182
957,7069.1,2.00521,0.55559,0.82063,0.80097,0.59282,0.70969,0.41013,1.9542,0.53643,0.80848,0.00162142,0.00162142,0.00162142
958,7076.48,1.97762,0.55468,0.81992,0.80657,0.59116,0.71016,0.40724,1.96081,0.53942,0.80889,0.00162103,0.00162103,0.00162103
959,7083.93,1.98992,0.55861,0.82696,0.79541,0.59299,0.70545,0.40258,1.99862,0.54953,0.81018,0.00162063,0.00162063,0.00162063
960,7091.05,1.9494,0.54997,0.82311,0.79718,0.59171,0.70612,0.4073,1.95407,0.53847,0.80894,0.00162024,0.00162024,0.00162024
961,7098.57,1.95928,0.54928,0.82682,0.79969,0.59413,0.70861,0.4061,1.9669,0.53982,0.80858,0.00161984,0.00161984,0.00161984
962,7105.81,1.96666,0.55237,0.82542,0.79875,0.59228,0.70889,0.40659,1.97952,0.54079,0.80902,0.00161944,0.00161944,0.00161944
963,7113.36,2.05958,0.56759,0.82148,0.81134,0.59277,0.71155,0.41659,1.92187,0.53608,0.80823,0.00161905,0.00161905,0.00161905
964,7120.55,1.88451,0.53942,0.82442,0.80874,0.59389,0.71078,0.41408,1.93281,0.53966,0.80832,0.00161865,0.00161865,0.00161865
965,7128.01,1.94419,0.55127,0.82006,0.8067,0.60091,0.71602,0.41454,1.95635,0.53641,0.80915,0.00161826,0.00161826,0.00161826
966,7135.32,1.9537,0.54985,0.82084,0.80417,0.6042,0.71731,0.41371,1.96643,0.53603,0.80988,0.00161786,0.00161786,0.00161786
967,7142.91,1.95917,0.53829,0.81818,0.80887,0.60036,0.71313,0.41221,1.93771,0.53589,0.80852,0.00161746,0.00161746,0.00161746
968,7150.64,2.00654,0.54847,0.81752,0.80735,0.59779,0.71188,0.41626,1.90431,0.52849,0.80815,0.00161707,0.00161707,0.00161707
969,7158.13,1.92031,0.53745,0.82228,0.79846,0.60063,0.71312,0.41202,1.93387,0.53188,0.80811,0.00161667,0.00161667,0.00161667
970,7165.65,1.95766,0.54753,0.8233,0.80494,0.60214,0.71655,0.41019,1.96096,0.53723,0.80853,0.00161628,0.00161628,0.00161628
971,7173.06,1.98039,0.54943,0.82006,0.79955,0.59747,0.71525,0.41664,1.91798,0.53602,0.80786,0.00161588,0.00161588,0.00161588
972,7180.45,2.01753,0.55319,0.82431,0.79441,0.59692,0.71453,0.41595,1.93707,0.53589,0.80879,0.00161548,0.00161548,0.00161548
973,7188.04,1.97126,0.55421,0.82026,0.79341,0.60461,0.71491,0.41734,1.91162,0.53294,0.80789,0.00161509,0.00161509,0.00161509
974,7195.41,2.12024,0.57313,0.81803,0.79582,0.59692,0.71096,0.40955,1.94819,0.53892,0.80841,0.00161469,0.00161469,0.00161469
975,7203.01,2.05973,0.55871,0.81898,0.80596,0.59021,0.70883,0.40838,1.9281,0.53995,0.80757,0.0016143,0.0016143,0.0016143
976,7210.44,1.98044,0.55524,0.82397,0.8082,0.59757,0.71483,0.41162,1.90935,0.54271,0.80711,0.0016139,0.0016139,0.0016139
977,7217.81,1.96952,0.5576,0.82422,0.79701,0.60481,0.71394,0.41142,1.93625,0.54206,0.80861,0.0016135,0.0016135,0.0016135
978,7224.99,1.98043,0.5547,0.81609,0.80006,0.60049,0.71348,0.41248,1.93062,0.53947,0.80846,0.00161311,0.00161311,0.00161311
979,7232.52,1.98101,0.54796,0.82099,0.8047,0.60413,0.71866,0.41602,1.91984,0.53448,0.80779,0.00161271,0.00161271,0.00161271
980,7239.76,1.87405,0.52582,0.82034,0.80261,0.60338,0.7158,0.41772,1.90807,0.53024,0.80724,0.00161232,0.00161232,0.00161232
981,7247.55,2.05454,0.56072,0.81723,0.80632,0.60173,0.71318,0.41488,1.92214,0.53231,0.80823,0.00161192,0.00161192,0.00161192
982,7254.79,1.97326,0.54788,0.82206,0.79929,0.59953,0.71069,0.40846,1.94456,0.53284,0.80777,0.00161152,0.00161152,0.00161152
983,7262.54,1.97633,0.54647,0.82191,0.7995,0.60983,0.71702,0.41104,1.94992,0.53362,0.80789,0.00161113,0.00161113,0.00161113
984,7269.96,1.93369,0.54193,0.81787,0.79633,0.60805,0.71676,0.41248,1.95266,0.53569,0.80845,0.00161073,0.00161073,0.00161073
985,7277.25,2.05255,0.56147,0.81506,0.80359,0.59258,0.71544,0.41393,1.94785,0.5405,0.80873,0.00161034,0.00161034,0.00161034
986,7284.83,2.03163,0.56244,0.82274,0.80858,0.5961,0.71686,0.41669,1.93644,0.53541,0.80846,0.00160994,0.00160994,0.00160994
987,7292.19,1.96248,0.54939,0.81945,0.79677,0.59691,0.71226,0.41091,1.97346,0.53618,0.80939,0.00160954,0.00160954,0.00160954
988,7299.68,1.94302,0.54108,0.81739,0.78668,0.60406,0.71407,0.4128,1.96751,0.53557,0.80902,0.00160915,0.00160915,0.00160915
989,7307.2,1.97491,0.54859,0.81845,0.80571,0.60104,0.71699,0.41555,1.95837,0.53796,0.80873,0.00160875,0.00160875,0.00160875
990,7314.86,2.02324,0.55731,0.81991,0.80419,0.60331,0.71841,0.41525,1.96254,0.54003,0.80862,0.00160836,0.00160836,0.00160836
991,7322.17,1.94244,0.54965,0.81865,0.80307,0.60914,0.72011,0.41575,1.93488,0.54084,0.8078,0.00160796,0.00160796,0.00160796
992,7329.8,2.0048,0.55615,0.81881,0.8041,0.60464,0.7194,0.41475,1.93307,0.53991,0.80817,0.00160756,0.00160756,0.00160756
993,7337.56,1.87296,0.53647,0.82138,0.79908,0.60805,0.71821,0.41869,1.92153,0.53467,0.80768,0.00160717,0.00160717,0.00160717
994,7345.41,1.99956,0.55655,0.81679,0.79818,0.60983,0.71837,0.42011,1.91469,0.53391,0.80781,0.00160677,0.00160677,0.00160677
995,7352.7,1.94193,0.5468,0.8234,0.79984,0.60146,0.71258,0.41215,1.92733,0.53455,0.80812,0.00160638,0.00160638,0.00160638
996,7360.04,1.95628,0.54621,0.81823,0.80797,0.59496,0.71232,0.41339,1.91508,0.53106,0.8075,0.00160598,0.00160598,0.00160598
997,7367.88,2.08152,0.56972,0.81871,0.79225,0.60393,0.71357,0.41079,1.94715,0.53369,0.80868,0.00160558,0.00160558,0.00160558
998,7375.13,1.9508,0.54576,0.81392,0.79298,0.60792,0.71595,0.40722,1.98208,0.53698,0.8089,0.00160519,0.00160519,0.00160519
999,7382.2,1.95644,0.54867,0.81836,0.79891,0.60736,0.7194,0.41293,1.96305,0.53469,0.80893,0.00160479,0.00160479,0.00160479
1000,7389.41,2.05692,0.56401,0.81828,0.80082,0.60846,0.72084,0.41843,1.92323,0.52682,0.80777,0.0016044,0.0016044,0.0016044
1001,7397.13,2.05844,0.56295,0.82025,0.79798,0.59596,0.71116,0.41414,1.93283,0.52962,0.80838,0.001604,0.001604,0.001604
1002,7404.77,2.00979,0.55632,0.82227,0.79656,0.5961,0.70798,0.41111,1.95426,0.53187,0.80835,0.0016036,0.0016036,0.0016036
1003,7412.42,2.01671,0.55662,0.81796,0.8036,0.60331,0.71743,0.41739,1.9319,0.52292,0.80723,0.00160321,0.00160321,0.00160321
1004,7419.9,2.0074,0.55011,0.8176,0.80804,0.60846,0.72263,0.41916,1.92077,0.52169,0.80777,0.00160281,0.00160281,0.00160281
1005,7427.7,2.00787,0.55536,0.81835,0.80179,0.61145,0.72565,0.4213,1.91751,0.52596,0.80736,0.00160242,0.00160242,0.00160242
1006,7435.06,1.96395,0.54794,0.81811,0.8025,0.60581,0.72197,0.41905,1.92759,0.52607,0.80755,0.00160202,0.00160202,0.00160202
1007,7442.73,1.92874,0.53893,0.81925,0.8028,0.60305,0.71468,0.41904,1.89974,0.51943,0.80723,0.00160162,0.00160162,0.00160162
1008,7450.36,2.0352,0.55285,0.81661,0.80692,0.60132,0.71542,0.4174,1.91871,0.52552,0.80799,0.00160123,0.00160123,0.00160123
1009,7457.4,1.92926,0.53818,0.81733,0.80778,0.60626,0.71992,0.41657,1.93672,0.52815,0.80802,0.00160083,0.00160083,0.00160083
1010,7464.74,1.92757,0.53728,0.81516,0.81077,0.60736,0.72261,0.41989,1.91702,0.52414,0.80742,0.00160044,0.00160044,0.00160044
1011,7472.44,1.95185,0.53836,0.81233,0.79712,0.61656,0.72465,0.42121,1.92183,0.53307,0.807,0.00160004,0.00160004,0.00160004
1012,7479.59,1.93332,0.5415,0.81914,0.80076,0.62219,0.72765,0.42368,1.90867,0.53142,0.80762,0.00159964,0.00159964,0.00159964
1013,7487.35,1.9661,0.54186,0.81563,0.80875,0.60901,0.72245,0.42249,1.8932,0.52528,0.80735,0.00159925,0.00159925,0.00159925
1014,7494.62,1.973,0.54853,0.81737,0.80837,0.59939,0.71592,0.41548,1.92173,0.52921,0.80735,0.00159885,0.00159885,0.00159885
1015,7502.44,2.04083,0.55686,0.81539,0.80016,0.60104,0.71286,0.41336,1.92321,0.53011,0.80746,0.00159846,0.00159846,0.00159846
1016,7509.97,1.95157,0.54563,0.82044,0.80048,0.60201,0.71508,0.41577,1.90915,0.52632,0.80741,0.00159806,0.00159806,0.00159806
1017,7517.72,1.8906,0.5398,0.82087,0.80219,0.61107,0.72359,0.42386,1.87938,0.52101,0.80708,0.00159766,0.00159766,0.00159766
1018,7525.32,2.00069,0.54809,0.81785,0.81155,0.60585,0.72289,0.42344,1.88031,0.52306,0.80704,0.00159727,0.00159727,0.00159727
1019,7532.89,2.04309,0.55878,0.81606,0.81024,0.59349,0.712,0.40691,1.97346,0.53378,0.80791,0.00159687,0.00159687,0.00159687
1020,7540.43,2.0985,0.56184,0.81921,0.80787,0.59473,0.71039,0.40614,1.96133,0.53079,0.80792,0.00159648,0.00159648,0.00159648
1021,7548.18,2.12385,0.56857,0.81546,0.80633,0.60146,0.7143,0.41429,1.91903,0.52508,0.80727,0.00159608,0.00159608,0.00159608
1022,7555.59,1.99448,0.5507,0.81749,0.80484,0.59706,0.71335,0.41338,1.92226,0.52523,0.80752,0.00159568,0.00159568,0.00159568
1023,7563.17,2.02114,0.56035,0.81844,0.8018,0.59204,0.7113,0.40835,1.97008,0.53557,0.80738,0.00159529,0.00159529,0.00159529
1024,7570.34,1.94595,0.54111,0.82478,0.80786,0.60147,0.71704,0.40979,1.96231,0.53831,0.80732,0.00159489,0.00159489,0.00159489
1025,7578.19,2.09518,0.56318,0.81233,0.81767,0.59857,0.71616,0.41549,1.9051,0.52985,0.80642,0.0015945,0.0015945,0.0015945
1026,7585.51,1.99328,0.54838,0.81626,0.81408,0.59624,0.71437,0.41473,1.91865,0.52815,0.80596,0.0015941,0.0015941,0.0015941
1027,7593.17,1.94507,0.54176,0.8185,0.807,0.60736,0.72076,0.41842,1.89678,0.52689,0.80596,0.0015937,0.0015937,0.0015937
1028,7600.66,1.96922,0.54622,0.82185,0.79556,0.61752,0.72438,0.42416,1.86275,0.52009,0.8054,0.00159331,0.00159331,0.00159331
1029,7608.45,2.04328,0.55582,0.8148,0.80082,0.61848,0.72661,0.42543,1.87953,0.52073,0.80569,0.00159291,0.00159291,0.00159291
1030,7616.1,1.95432,0.53926,0.8152,0.8084,0.61342,0.72665,0.42554,1.88443,0.52359,0.80564,0.00159252,0.00159252,0.00159252
1031,7623.84,1.97694,0.54381,0.81288,0.81608,0.60132,0.72155,0.42529,1.88154,0.52447,0.80492,0.00159212,0.00159212,0.00159212
1032,7631.35,1.98007,0.5457,0.81424,0.81198,0.60296,0.71987,0.42162,1.90676,0.52556,0.80521,0.00159172,0.00159172,0.00159172
1033,7639.13,1.90347,0.53521,0.8184,0.81019,0.60533,0.71965,0.41858,1.92602,0.53037,0.80599,0.00159133,0.00159133,0.00159133
1034,7646.53,1.98388,0.54571,0.81339,0.80849,0.60564,0.72141,0.42339,1.89673,0.52483,0.80525,0.00159093,0.00159093,0.00159093
1035,7654.12,2.01204,0.5512,0.81997,0.79706,0.60708,0.7233,0.42408,1.89109,0.52887,0.80549,0.00159054,0.00159054,0.00159054
1036,7661.59,1.94983,0.55187,0.81811,0.7979,0.60612,0.72229,0.42166,1.90519,0.52693,0.80608,0.00159014,0.00159014,0.00159014
1037,7669.23,1.93666,0.53209,0.8187,0.80265,0.60626,0.72061,0.41899,1.91692,0.52575,0.80655,0.00158974,0.00158974,0.00158974
1038,7676.98,2.02197,0.55887,0.81643,0.80259,0.60448,0.71979,0.41779,1.92354,0.53229,0.80685,0.00158935,0.00158935,0.00158935
1039,7684.85,1.95654,0.54764,0.8178,0.79662,0.60859,0.72013,0.41662,1.93133,0.52904,0.80733,0.00158895,0.00158895,0.00158895
1040,7692.21,1.93335,0.54214,0.82108,0.79662,0.61463,0.72156,0.41546,1.95021,0.52921,0.80731,0.00158856,0.00158856,0.00158856
1041,7699.39,1.94571,0.53931,0.81776,0.80004,0.60695,0.72374,0.42123,1.91759,0.52971,0.80645,0.00158816,0.00158816,0.00158816
1042,7706.92,2.02485,0.55807,0.82137,0.79233,0.60722,0.72013,0.41698,1.93034,0.53119,0.80613,0.00158776,0.00158776,0.00158776
1043,7714.52,2.10684,0.56933,0.81478,0.7975,0.60832,0.7213,0.41949,1.90972,0.52397,0.80519,0.00158737,0.00158737,0.00158737
1044,7721.97,2.00815,0.55674,0.81569,0.80474,0.602,0.71915,0.41942,1.89305,0.52225,0.80543,0.00158697,0.00158697,0.00158697
1045,7729.65,1.98305,0.54663,0.81647,0.80479,0.61525,0.72711,0.42711,1.87504,0.5196,0.80535,0.00158658,0.00158658,0.00158658
1046,7737.39,2.02339,0.55193,0.81491,0.80787,0.61134,0.72605,0.42894,1.87322,0.51823,0.80533,0.00158618,0.00158618,0.00158618
1047,7745.18,1.92848,0.53853,0.81746,0.80388,0.61227,0.72481,0.42542,1.88457,0.51849,0.80527,0.00158578,0.00158578,0.00158578
1048,7752.71,1.91116,0.54001,0.81875,0.8082,0.6132,0.72602,0.42537,1.88017,0.5184,0.80525,0.00158539,0.00158539,0.00158539
1049,7760.29,1.95913,0.54653,0.81412,0.80622,0.60887,0.72339,0.42613,1.86734,0.51752,0.80531,0.00158499,0.00158499,0.00158499
1050,7767.79,1.90624,0.53312,0.81893,0.80251,0.612,0.72332,0.42369,1.8884,0.52064,0.80531,0.0015846,0.0015846,0.0015846
1051,7775.41,1.89254,0.53901,0.81956,0.8057,0.61199,0.72589,0.42356,1.89199,0.52344,0.80548,0.0015842,0.0015842,0.0015842
1052,7783.05,1.88077,0.52805,0.81671,0.81363,0.60928,0.72678,0.42741,1.87747,0.52135,0.80564,0.0015838,0.0015838,0.0015838
1053,7790.28,1.93835,0.53698,0.81898,0.81212,0.61107,0.72849,0.42755,1.89279,0.52275,0.80581,0.00158341,0.00158341,0.00158341
1054,7797.92,1.93892,0.546,0.81587,0.80429,0.61189,0.72708,0.42746,1.88421,0.52002,0.80584,0.00158301,0.00158301,0.00158301
1055,7805.32,1.91138,0.53397,0.81915,0.80401,0.60826,0.72071,0.41926,1.87767,0.51536,0.80562,0.00158262,0.00158262,0.00158262
1056,7812.61,1.8823,0.53678,0.81654,0.81373,0.60274,0.71979,0.419,1.88169,0.51835,0.80537,0.00158222,0.00158222,0.00158222
1057,7820.2,1.90402,0.53736,0.81874,0.81568,0.60516,0.72356,0.42602,1.86509,0.5226,0.80514,0.00158182,0.00158182,0.00158182
1058,7827.65,1.87406,0.53597,0.81496,0.81433,0.60935,0.72093,0.42288,1.87354,0.52428,0.80538,0.00158143,0.00158143,0.00158143
1059,7835.4,1.98472,0.55556,0.81851,0.80574,0.6064,0.7202,0.41859,1.89786,0.52169,0.80607,0.00158103,0.00158103,0.00158103
1060,7842.51,1.98195,0.55291,0.81641,0.81122,0.60114,0.71701,0.41329,1.91865,0.52521,0.80689,0.00158064,0.00158064,0.00158064
1061,7849.93,1.95373,0.54514,0.81848,0.79745,0.60901,0.71874,0.41681,1.91149,0.52484,0.80659,0.00158024,0.00158024,0.00158024
1062,7857.06,1.93664,0.54565,0.81777,0.79157,0.61158,0.71978,0.41636,1.9287,0.52823,0.80694,0.00157984,0.00157984,0.00157984
1063,7864.77,1.9817,0.55232,0.81785,0.79308,0.60196,0.71493,0.41834,1.91653,0.53322,0.80632,0.00157945,0.00157945,0.00157945
1064,7872.33,2.08636,0.57142,0.81954,0.79679,0.60667,0.71769,0.42025,1.89056,0.52574,0.80619,0.00157905,0.00157905,0.00157905
1065,7880.18,2.03792,0.55696,0.82093,0.80896,0.61175,0.72184,0.41667,1.92173,0.53556,0.80663,0.00157866,0.00157866,0.00157866
1066,7887.51,1.98729,0.55783,0.82378,0.80061,0.61573,0.72045,0.41653,1.94172,0.54031,0.80699,0.00157826,0.00157826,0.00157826
1067,7895.15,1.9587,0.54554,0.81743,0.81245,0.60959,0.72101,0.41848,1.91388,0.54082,0.80804,0.00157786,0.00157786,0.00157786
1068,7902.75,1.96716,0.55495,0.81726,0.80828,0.6031,0.71859,0.41921,1.911,0.53942,0.80749,0.00157747,0.00157747,0.00157747
1069,7910.52,1.97219,0.54851,0.81917,0.7959,0.60022,0.71426,0.41453,1.91296,0.53318,0.80654,0.00157707,0.00157707,0.00157707
1070,7918.13,2.0822,0.57334,0.81827,0.78897,0.60132,0.71276,0.41167,1.92821,0.53875,0.80711,0.00157668,0.00157668,0.00157668
1071,7925.8,1.9978,0.55907,0.81606,0.80133,0.60351,0.71501,0.41643,1.92306,0.53619,0.80753,0.00157628,0.00157628,0.00157628
1072,7933.05,2.02762,0.55923,0.81824,0.8074,0.60487,0.7165,0.41707,1.94207,0.53851,0.80853,0.00157588,0.00157588,0.00157588
1073,7940.65,1.94488,0.55076,0.82593,0.80393,0.60681,0.71893,0.41832,1.92735,0.53695,0.8074,0.00157549,0.00157549,0.00157549
1074,7948.09,2.03147,0.5563,0.81455,0.8088,0.60805,0.7238,0.41904,1.91307,0.53267,0.80667,0.00157509,0.00157509,0.00157509
1075,7955.92,1.91844,0.54431,0.81748,0.81625,0.59706,0.716,0.41611,1.92014,0.53194,0.80586,0.0015747,0.0015747,0.0015747
1076,7963.61,2.00764,0.5537,0.81551,0.80987,0.59531,0.71198,0.41424,1.92131,0.53026,0.80558,0.0015743,0.0015743,0.0015743
1077,7971.03,1.95601,0.54431,0.81833,0.80344,0.60502,0.71907,0.41693,1.92473,0.53,0.8061,0.0015739,0.0015739,0.0015739
1078,7978.29,2.06388,0.56264,0.81715,0.80596,0.60901,0.72327,0.42027,1.92104,0.53598,0.80677,0.00157351,0.00157351,0.00157351
1079,7985.91,1.98581,0.55054,0.81984,0.80906,0.60733,0.72395,0.42604,1.90315,0.5361,0.80635,0.00157311,0.00157311,0.00157311
1080,7993.48,1.97022,0.54526,0.81601,0.80798,0.6031,0.71983,0.41763,1.93938,0.53772,0.80741,0.00157272,0.00157272,0.00157272
1081,8001.17,2.05114,0.56977,0.81794,0.79917,0.59953,0.71199,0.40764,1.98709,0.5439,0.80918,0.00157232,0.00157232,0.00157232
1082,8008.59,1.97212,0.55097,0.8176,0.80018,0.60214,0.7143,0.41596,1.92419,0.5359,0.80763,0.00157192,0.00157192,0.00157192
1083,8016.09,2.00374,0.5558,0.81598,0.80384,0.60198,0.71741,0.41968,1.91223,0.53543,0.80668,0.00157153,0.00157153,0.00157153
1084,8023.5,1.98315,0.55078,0.81814,0.81357,0.60063,0.72002,0.42035,1.92495,0.53527,0.80662,0.00157113,0.00157113,0.00157113
1085,8030.85,1.91655,0.54021,0.81539,0.81252,0.60451,0.7226,0.42331,1.90026,0.5309,0.80613,0.00157074,0.00157074,0.00157074
1086,8038.13,1.96223,0.54393,0.81825,0.80809,0.60815,0.72419,0.42457,1.88245,0.5261,0.80568,0.00157034,0.00157034,0.00157034
1087,8045.38,1.94265,0.54199,0.81987,0.80797,0.60599,0.72003,0.41803,1.9163,0.52868,0.80641,0.00156994,0.00156994,0.00156994
1088,8052.67,1.89772,0.52541,0.81377,0.79785,0.60626,0.71859,0.41842,1.9085,0.52704,0.80595,0.00156955,0.00156955,0.00156955
1089,8059.92,1.89205,0.53192,0.8192,0.80406,0.6045,0.72171,0.4205,1.88822,0.52326,0.80614,0.00156915,0.00156915,0.00156915
1090,8067.3,1.96263,0.549,0.81626,0.80005,0.60976,0.72469,0.424,1.89095,0.52612,0.80615,0.00156876,0.00156876,0.00156876
1091,8074.93,2.01638,0.55423,0.81578,0.80268,0.60482,0.72566,0.42723,1.89207,0.52484,0.8068,0.00156836,0.00156836,0.00156836
1092,8082.15,1.98048,0.54921,0.81841,0.80322,0.61079,0.72761,0.42727,1.89985,0.52396,0.80619,0.00156796,0.00156796,0.00156796
1093,8089.89,2.00249,0.55038,0.81978,0.80406,0.6124,0.72756,0.42629,1.90501,0.5226,0.8062,0.00156757,0.00156757,0.00156757
1094,8096.98,1.80553,0.51659,0.8139,0.80531,0.61038,0.72693,0.42741,1.89202,0.51962,0.80631,0.00156717,0.00156717,0.00156717
1095,8104.5,1.92855,0.53162,0.81624,0.79854,0.60675,0.722,0.42219,1.90387,0.52173,0.80666,0.00156678,0.00156678,0.00156678
1096,8111.72,1.88177,0.53452,0.81721,0.80644,0.60077,0.72088,0.42325,1.88339,0.51826,0.80651,0.00156638,0.00156638,0.00156638
1097,8119.37,1.92701,0.53265,0.81244,0.80486,0.6042,0.72138,0.42418,1.87071,0.51387,0.80633,0.00156598,0.00156598,0.00156598
1098,8126.65,1.97826,0.54088,0.81388,0.80323,0.60448,0.71959,0.42173,1.87111,0.51924,0.80636,0.00156559,0.00156559,0.00156559
1099,8134.24,1.90006,0.54257,0.81942,0.80806,0.59514,0.71701,0.41869,1.87545,0.52258,0.8062,0.00156519,0.00156519,0.00156519
1100,8141.68,1.93767,0.53234,0.81281,0.80896,0.59885,0.71825,0.42045,1.87762,0.52187,0.80663,0.0015648,0.0015648,0.0015648
1101,8149.12,1.85047,0.52797,0.81921,0.81297,0.59898,0.72252,0.4271,1.85855,0.52063,0.8064,0.0015644,0.0015644,0.0015644
1102,8156.83,1.93258,0.53585,0.82094,0.80801,0.60351,0.72548,0.43015,1.87859,0.52465,0.80745,0.001564,0.001564,0.001564
1103,8164.66,1.9614,0.54204,0.81757,0.80863,0.61065,0.73153,0.43442,1.87191,0.52324,0.80686,0.00156361,0.00156361,0.00156361
1104,8172.2,1.97543,0.54176,0.8177,0.80852,0.60636,0.72789,0.43163,1.86597,0.52057,0.80573,0.00156321,0.00156321,0.00156321
1105,8180.02,1.9274,0.54109,0.81665,0.80137,0.60706,0.72438,0.42919,1.86696,0.51794,0.80505,0.00156282,0.00156282,0.00156282
1106,8187.43,1.90762,0.53977,0.82156,0.80634,0.61148,0.72696,0.42971,1.8592,0.51926,0.80468,0.00156242,0.00156242,0.00156242
1107,8194.74,2.03421,0.55186,0.8117,0.81157,0.60727,0.72496,0.43165,1.85131,0.52005,0.80467,0.00156202,0.00156202,0.00156202
1108,8202.26,1.92302,0.5406,0.82461,0.80348,0.60283,0.7192,0.42301,1.89953,0.5276,0.80522,0.00156163,0.00156163,0.00156163
1109,8209.77,2.04912,0.55459,0.81176,0.79952,0.61258,0.72223,0.42739,1.8781,0.52181,0.8056,0.00156123,0.00156123,0.00156123
1110,8217.23,1.94887,0.54749,0.81622,0.81062,0.61291,0.72574,0.42784,1.86577,0.52075,0.80545,0.00156084,0.00156084,0.00156084
1111,8224.56,1.89609,0.53302,0.8187,0.80517,0.60475,0.72026,0.42286,1.89568,0.52379,0.80584,0.00156044,0.00156044,0.00156044
1112,8231.84,1.9287,0.53637,0.8151,0.80871,0.60173,0.72187,0.4263,1.88359,0.52379,0.80528,0.00156004,0.00156004,0.00156004
1113,8239.21,1.83365,0.52131,0.81766,0.80918,0.61299,0.72923,0.4332,1.84218,0.51218,0.80465,0.00155965,0.00155965,0.00155965
1114,8247.02,1.97176,0.53889,0.81368,0.80925,0.61683,0.73114,0.43095,1.86718,0.51658,0.80529,0.00155925,0.00155925,0.00155925
1115,8254.74,1.97484,0.53838,0.81568,0.81256,0.60736,0.72777,0.43014,1.85008,0.51619,0.80484,0.00155886,0.00155886,0.00155886
1116,8262.21,1.9578,0.54153,0.81636,0.80794,0.61422,0.72608,0.43171,1.84162,0.5131,0.80469,0.00155846,0.00155846,0.00155846
1117,8269.95,2.02106,0.55419,0.81493,0.80898,0.60702,0.7185,0.42436,1.86499,0.51759,0.80546,0.00155806,0.00155806,0.00155806
1118,8277.47,1.92201,0.5343,0.81233,0.80383,0.60022,0.7133,0.41927,1.88227,0.52087,0.8054,0.00155767,0.00155767,0.00155767
1119,8285.1,1.97364,0.5415,0.81988,0.80397,0.59706,0.71217,0.4122,1.92445,0.5267,0.80643,0.00155727,0.00155727,0.00155727
1120,8292.62,1.92816,0.53379,0.81724,0.81362,0.60112,0.7172,0.42028,1.88878,0.51954,0.80558,0.00155688,0.00155688,0.00155688
1121,8299.72,1.83426,0.51943,0.81449,0.80628,0.60928,0.72363,0.42734,1.86514,0.51229,0.80504,0.00155648,0.00155648,0.00155648
1122,8306.79,1.84098,0.52055,0.81909,0.80681,0.60774,0.72344,0.42787,1.87306,0.51655,0.80579,0.00155608,0.00155608,0.00155608
1123,8314.65,1.90349,0.52975,0.80944,0.8064,0.60791,0.72498,0.4321,1.85196,0.51179,0.80479,0.00155569,0.00155569,0.00155569
1124,8321.7,1.96849,0.53999,0.81241,0.80591,0.61107,0.72664,0.43407,1.83202,0.50731,0.80433,0.00155529,0.00155529,0.00155529
1125,8329.2,1.97489,0.54148,0.81404,0.80636,0.60406,0.7228,0.42859,1.85808,0.51334,0.80467,0.0015549,0.0015549,0.0015549
1126,8336.61,1.81369,0.5166,0.81977,0.81442,0.6042,0.7238,0.42991,1.84154,0.51142,0.80394,0.0015545,0.0015545,0.0015545
1127,8344.28,1.92842,0.53868,0.8118,0.81065,0.6053,0.72179,0.43057,1.83445,0.51113,0.80439,0.0015541,0.0015541,0.0015541
1128,8351.76,1.9559,0.54033,0.82026,0.8093,0.60077,0.71931,0.42739,1.85497,0.51269,0.80414,0.00155371,0.00155371,0.00155371
1129,8359.57,1.86544,0.52155,0.81677,0.81058,0.60571,0.72431,0.43315,1.81941,0.50772,0.804,0.00155331,0.00155331,0.00155331
1130,8366.83,1.93405,0.53349,0.81651,0.80977,0.60719,0.72579,0.43377,1.82585,0.50637,0.80399,0.00155292,0.00155292,0.00155292
1131,8374.46,1.93935,0.53088,0.81444,0.80361,0.60502,0.7243,0.43106,1.86517,0.51389,0.80523,0.00155252,0.00155252,0.00155252
1132,8381.88,1.91319,0.53777,0.81552,0.80276,0.60777,0.72585,0.43003,1.87998,0.51403,0.8049,0.00155212,0.00155212,0.00155212
1133,8389.23,1.83136,0.52014,0.81073,0.80628,0.60969,0.72648,0.43518,1.83819,0.50748,0.80425,0.00155173,0.00155173,0.00155173
1134,8397.01,1.87835,0.52731,0.81651,0.80962,0.60832,0.72523,0.43383,1.83279,0.50721,0.80402,0.00155133,0.00155133,0.00155133
1135,8404.54,1.90329,0.5298,0.81472,0.80975,0.60997,0.72721,0.43367,1.84803,0.51127,0.80412,0.00155094,0.00155094,0.00155094
1136,8412.29,1.94489,0.53921,0.81566,0.80433,0.60892,0.72425,0.43521,1.83642,0.50723,0.80408,0.00155054,0.00155054,0.00155054
1137,8419.91,1.9079,0.53096,0.81147,0.80896,0.60612,0.72469,0.43302,1.84033,0.51004,0.8044,0.00155014,0.00155014,0.00155014
1138,8426.96,1.84922,0.52269,0.81433,0.80687,0.60599,0.72456,0.43547,1.8205,0.50433,0.80379,0.00154975,0.00154975,0.00154975
1139,8434.78,1.92761,0.53631,0.81712,0.81312,0.60512,0.72848,0.43882,1.82039,0.51211,0.80344,0.00154935,0.00154935,0.00154935
1140,8442.46,1.95179,0.5381,0.81235,0.80629,0.60956,0.72917,0.43698,1.83456,0.50789,0.80359,0.00154896,0.00154896,0.00154896
1141,8450.17,1.87006,0.52663,0.81592,0.80439,0.61354,0.72677,0.43236,1.84983,0.50569,0.80464,0.00154856,0.00154856,0.00154856
1142,8457.81,1.79408,0.51766,0.8169,0.80838,0.60638,0.7241,0.42828,1.86067,0.50773,0.8046,0.00154816,0.00154816,0.00154816
1143,8465.67,1.89729,0.53537,0.81702,0.81634,0.60046,0.72608,0.42809,1.87179,0.51552,0.80434,0.00154777,0.00154777,0.00154777
1144,8473.28,1.96692,0.54462,0.81429,0.81706,0.60338,0.72766,0.42917,1.85888,0.51476,0.80479,0.00154737,0.00154737,0.00154737
1145,8480.82,1.91775,0.54098,0.81861,0.81929,0.5961,0.72511,0.4301,1.85987,0.51816,0.80453,0.00154698,0.00154698,0.00154698
1146,8488,1.97071,0.54966,0.81909,0.81031,0.60171,0.72546,0.42857,1.8638,0.51842,0.80474,0.00154658,0.00154658,0.00154658
1147,8495.56,1.94824,0.53941,0.81542,0.82214,0.60283,0.72531,0.43046,1.85714,0.51366,0.80432,0.00154618,0.00154618,0.00154618
1148,8502.69,1.92523,0.54437,0.81784,0.81609,0.60351,0.72408,0.43102,1.86439,0.51156,0.80467,0.00154579,0.00154579,0.00154579
1149,8510.18,1.84879,0.52629,0.81463,0.81814,0.60914,0.72863,0.43392,1.85225,0.51142,0.80452,0.00154539,0.00154539,0.00154539
1150,8517.57,1.86202,0.52484,0.81424,0.81886,0.60944,0.72928,0.43467,1.84806,0.51134,0.80399,0.001545,0.001545,0.001545
1151,8525.27,1.94648,0.54161,0.81912,0.80234,0.61203,0.72522,0.42624,1.87634,0.51297,0.80534,0.0015446,0.0015446,0.0015446
1152,8532.83,2.00761,0.55229,0.81682,0.79618,0.61137,0.72268,0.42428,1.88844,0.5164,0.80616,0.0015442,0.0015442,0.0015442
1153,8540.54,1.93667,0.53509,0.81519,0.803,0.60914,0.72351,0.42738,1.87586,0.51939,0.805,0.00154381,0.00154381,0.00154381
1154,8548.12,1.94062,0.54496,0.81889,0.8034,0.61095,0.72495,0.43001,1.86673,0.5204,0.80492,0.00154341,0.00154341,0.00154341
1155,8555.58,1.93923,0.54045,0.81795,0.81026,0.61079,0.72505,0.42778,1.86838,0.51752,0.80524,0.00154302,0.00154302,0.00154302
1156,8562.75,1.9294,0.53611,0.81336,0.81319,0.60956,0.7214,0.42491,1.87672,0.52019,0.80551,0.00154262,0.00154262,0.00154262
1157,8570.2,1.90236,0.53053,0.81375,0.8171,0.59555,0.71809,0.42506,1.85381,0.51618,0.80435,0.00154222,0.00154222,0.00154222
1158,8577.72,1.88442,0.52869,0.81771,0.81064,0.60324,0.72155,0.42888,1.84119,0.51256,0.80409,0.00154183,0.00154183,0.00154183
1159,8584.61,1.86904,0.52703,0.81965,0.81632,0.60891,0.73015,0.43521,1.83718,0.51127,0.80346,0.00154143,0.00154143,0.00154143
1160,8592.21,1.882,0.52851,0.81405,0.81049,0.613,0.73139,0.43651,1.8295,0.51121,0.80376,0.00154104,0.00154104,0.00154104
1161,8600.03,1.90689,0.53194,0.81994,0.81335,0.609,0.72878,0.43288,1.84972,0.51446,0.80497,0.00154064,0.00154064,0.00154064
1162,8607.62,1.95456,0.5383,0.81315,0.81776,0.60859,0.72856,0.43426,1.85443,0.51262,0.8044,0.00154024,0.00154024,0.00154024
1163,8615.32,1.93723,0.53481,0.81415,0.8113,0.61092,0.72782,0.43296,1.85569,0.50994,0.80514,0.00153985,0.00153985,0.00153985
1164,8622.96,1.87852,0.52389,0.81951,0.8048,0.61018,0.7263,0.43471,1.85569,0.51002,0.80491,0.00153945,0.00153945,0.00153945
1165,8630.68,1.88385,0.52964,0.81643,0.8134,0.60622,0.72694,0.43348,1.863,0.51388,0.805,0.00153906,0.00153906,0.00153906
1166,8638.04,1.89292,0.52587,0.81006,0.81344,0.60722,0.72795,0.43228,1.86072,0.512,0.80559,0.00153866,0.00153866,0.00153866
1167,8645.62,1.91736,0.53494,0.81575,0.80758,0.60844,0.72668,0.43264,1.8486,0.50936,0.80499,0.00153826,0.00153826,0.00153826
1168,8653.18,1.83202,0.51936,0.81202,0.80686,0.60571,0.7247,0.43043,1.85911,0.50853,0.80517,0.00153787,0.00153787,0.00153787
1169,8660.82,1.90144,0.52823,0.8113,0.81218,0.59426,0.71874,0.42416,1.88115,0.51824,0.80507,0.00153747,0.00153747,0.00153747
1170,8668.37,1.93211,0.53339,0.81234,0.81132,0.59816,0.72052,0.42756,1.86066,0.51816,0.80457,0.00153708,0.00153708,0.00153708
1171,8676.17,1.89241,0.5308,0.81412,0.81718,0.59833,0.72427,0.42997,1.85681,0.5164,0.80545,0.00153668,0.00153668,0.00153668
1172,8683.72,1.88379,0.52657,0.81136,0.82104,0.59843,0.72516,0.4321,1.85298,0.51591,0.80488,0.00153628,0.00153628,0.00153628
1173,8691.36,1.8413,0.52256,0.81439,0.8236,0.59624,0.72446,0.42925,1.86307,0.5162,0.80458,0.00153589,0.00153589,0.00153589
1174,8698.77,1.8509,0.51828,0.81329,0.81271,0.6053,0.72661,0.42726,1.88061,0.52008,0.80458,0.00153549,0.00153549,0.00153549
1175,8706.49,1.89831,0.52397,0.81194,0.80597,0.6112,0.72768,0.43248,1.84371,0.51007,0.80481,0.0015351,0.0015351,0.0015351
1176,8714.02,1.90696,0.52843,0.8163,0.8068,0.61285,0.72777,0.43288,1.83567,0.50883,0.80393,0.0015347,0.0015347,0.0015347
1177,8721.35,1.87277,0.52734,0.81318,0.80721,0.61107,0.72695,0.43136,1.85359,0.50979,0.80372,0.0015343,0.0015343,0.0015343
1178,8728.74,1.95814,0.53538,0.81476,0.80985,0.60681,0.72436,0.4252,1.89765,0.51798,0.80535,0.00153391,0.00153391,0.00153391
1179,8736.37,1.89986,0.54373,0.81798,0.80049,0.61089,0.72463,0.42895,1.86949,0.51768,0.80504,0.00153351,0.00153351,0.00153351
1180,8743.85,1.93289,0.54151,0.81888,0.80263,0.61546,0.72897,0.43258,1.84554,0.51527,0.8042,0.00153312,0.00153312,0.00153312
1181,8751.55,1.98763,0.54557,0.81334,0.79885,0.6101,0.72378,0.4267,1.88307,0.52567,0.80478,0.00153272,0.00153272,0.00153272
1182,8758.74,1.93739,0.53969,0.8122,0.79603,0.61134,0.72382,0.42624,1.87128,0.52303,0.80451,0.00153232,0.00153232,0.00153232
1183,8766.35,1.95248,0.54425,0.81485,0.80231,0.61009,0.72512,0.42689,1.8786,0.52036,0.80538,0.00153193,0.00153193,0.00153193
1184,8773.99,1.94338,0.54217,0.81404,0.80097,0.61148,0.72622,0.43107,1.85141,0.5118,0.80531,0.00153153,0.00153153,0.00153153
1185,8781.58,1.86209,0.53193,0.81575,0.80434,0.60784,0.72803,0.43695,1.831,0.5064,0.80409,0.00153114,0.00153114,0.00153114
1186,8789.04,1.86619,0.52504,0.81574,0.80698,0.60897,0.72939,0.43433,1.85113,0.50813,0.80451,0.00153074,0.00153074,0.00153074
1187,8796.83,1.98126,0.53746,0.81432,0.80578,0.60832,0.72578,0.43128,1.85123,0.50798,0.80475,0.00153034,0.00153034,0.00153034
1188,8804.2,1.9034,0.53426,0.81333,0.80599,0.61148,0.72664,0.43408,1.83582,0.50803,0.80414,0.00152995,0.00152995,0.00152995
1189,8811.91,1.88848,0.5274,0.8141,0.81101,0.61203,0.72935,0.43622,1.8458,0.51044,0.80488,0.00152955,0.00152955,0.00152955
1190,8819.15,1.82154,0.5191,0.81038,0.80859,0.61285,0.73026,0.43462,1.85777,0.51264,0.8046,0.00152916,0.00152916,0.00152916
1191,8826.7,1.86554,0.52375,0.81558,0.81205,0.61451,0.73319,0.43627,1.82627,0.50513,0.80418,0.00152876,0.00152876,0.00152876
1192,8834.07,1.80956,0.51816,0.81818,0.80569,0.61763,0.73083,0.43667,1.8249,0.50388,0.80437,0.00152836,0.00152836,0.00152836
1193,8841.59,1.86063,0.51645,0.81543,0.80876,0.61505,0.73013,0.43743,1.82012,0.50208,0.80336,0.00152797,0.00152797,0.00152797
1194,8849.02,1.84689,0.51435,0.8114,0.81549,0.61284,0.72975,0.43732,1.81889,0.50463,0.80372,0.00152757,0.00152757,0.00152757
1195,8856.8,1.86526,0.52138,0.81903,0.80962,0.61299,0.72753,0.4353,1.82581,0.50496,0.80358,0.00152718,0.00152718,0.00152718
1196,8863.92,1.79911,0.51618,0.81379,0.81063,0.61244,0.72657,0.43347,1.82352,0.50527,0.80343,0.00152678,0.00152678,0.00152678
1197,8871.55,1.87914,0.5193,0.80972,0.81158,0.60787,0.72796,0.4345,1.83823,0.5107,0.80282,0.00152638,0.00152638,0.00152638
1198,8878.81,1.82426,0.51698,0.81102,0.8062,0.60859,0.7269,0.43529,1.83241,0.50946,0.80316,0.00152599,0.00152599,0.00152599
1199,8886.41,1.78276,0.5067,0.81122,0.80621,0.60818,0.72592,0.43713,1.81584,0.49822,0.80296,0.00152559,0.00152559,0.00152559
1200,8893.84,1.84665,0.51953,0.81695,0.81798,0.60805,0.72983,0.43924,1.81486,0.50053,0.80265,0.0015252,0.0015252,0.0015252
1201,8901.75,1.83582,0.51582,0.81395,0.81801,0.61216,0.73194,0.44137,1.7986,0.50092,0.80264,0.0015248,0.0015248,0.0015248
1202,8909.4,1.88875,0.52704,0.81294,0.82689,0.61546,0.73595,0.44134,1.80216,0.50138,0.80297,0.0015244,0.0015244,0.0015244
1203,8916.94,1.92441,0.53525,0.80939,0.81274,0.60791,0.72915,0.43505,1.81648,0.50514,0.80316,0.00152401,0.00152401,0.00152401
1204,8924.27,1.85592,0.52342,0.815,0.80929,0.60434,0.72456,0.43363,1.82237,0.50707,0.80308,0.00152361,0.00152361,0.00152361
1205,8931.8,1.83433,0.51425,0.81478,0.81044,0.60173,0.7252,0.4325,1.82804,0.51417,0.80328,0.00152322,0.00152322,0.00152322
1206,8938.89,1.85861,0.52175,0.81716,0.81097,0.60324,0.72749,0.436,1.81568,0.5141,0.80376,0.00152282,0.00152282,0.00152282
1207,8946.61,1.81261,0.5147,0.81072,0.8033,0.61449,0.72974,0.43863,1.80144,0.50794,0.80325,0.00152242,0.00152242,0.00152242
1208,8954.32,1.85341,0.52271,0.81362,0.80075,0.61601,0.73062,0.43849,1.80135,0.50498,0.80293,0.00152203,0.00152203,0.00152203
1209,8962.06,1.7809,0.51485,0.81775,0.81191,0.61532,0.73445,0.4367,1.8198,0.5065,0.80285,0.00152163,0.00152163,0.00152163
1210,8969.45,1.90371,0.52739,0.81059,0.80339,0.61518,0.73184,0.43386,1.83731,0.50943,0.80327,0.00152124,0.00152124,0.00152124
1211,8977.14,1.90861,0.53321,0.81163,0.80317,0.61679,0.73087,0.43069,1.85561,0.50964,0.80405,0.00152084,0.00152084,0.00152084
1212,8984.6,1.86315,0.51822,0.8138,0.80533,0.61381,0.7288,0.43051,1.85466,0.50745,0.80418,0.00152044,0.00152044,0.00152044
1213,8992.2,1.86804,0.52021,0.80819,0.8131,0.6112,0.72871,0.4334,1.83159,0.50501,0.80407,0.00152005,0.00152005,0.00152005
1214,8999.65,1.80772,0.51244,0.81766,0.81614,0.61052,0.72901,0.43655,1.83163,0.50517,0.80392,0.00151965,0.00151965,0.00151965
1215,9006.86,1.80777,0.5108,0.81262,0.81115,0.61134,0.72916,0.43468,1.83752,0.50304,0.8043,0.00151926,0.00151926,0.00151926
1216,9014.71,1.92456,0.53478,0.81345,0.80845,0.61601,0.73117,0.43735,1.82791,0.50173,0.80351,0.00151886,0.00151886,0.00151886
1217,9022.42,1.87676,0.52607,0.81224,0.80505,0.61244,0.72981,0.43888,1.81564,0.50548,0.80318,0.00151846,0.00151846,0.00151846
1218,9029.88,1.77428,0.5074,0.81729,0.80148,0.60915,0.72732,0.4393,1.81121,0.5057,0.80321,0.00151807,0.00151807,0.00151807
1219,9037.79,1.89968,0.5307,0.8093,0.8054,0.61422,0.72761,0.43649,1.8048,0.49864,0.80333,0.00151767,0.00151767,0.00151767
1220,9045.31,1.85025,0.51926,0.81797,0.80596,0.61299,0.72768,0.4383,1.81232,0.49817,0.80367,0.00151728,0.00151728,0.00151728
1221,9052.7,1.84036,0.5171,0.81269,0.81293,0.61203,0.73139,0.44121,1.81434,0.49806,0.80368,0.00151688,0.00151688,0.00151688
1222,9060.01,1.93092,0.53329,0.80995,0.8083,0.61532,0.73173,0.44202,1.81745,0.50218,0.80263,0.00151648,0.00151648,0.00151648
1223,9067.97,1.92545,0.5293,0.81137,0.80435,0.60887,0.72724,0.43796,1.83593,0.50337,0.80263,0.00151609,0.00151609,0.00151609
1224,9075.59,1.92241,0.53024,0.81212,0.80808,0.61093,0.7272,0.43616,1.82843,0.50286,0.80229,0.00151569,0.00151569,0.00151569
1225,9083.19,1.90929,0.52956,0.81109,0.81915,0.60612,0.7283,0.43698,1.83476,0.50216,0.80291,0.0015153,0.0015153,0.0015153
1226,9090.52,1.82476,0.51769,0.81135,0.81711,0.60908,0.73174,0.44041,1.82691,0.50165,0.80263,0.0015149,0.0015149,0.0015149
1227,9097.87,1.79451,0.50668,0.81627,0.80303,0.61779,0.73138,0.43977,1.82716,0.50314,0.80235,0.0015145,0.0015145,0.0015145
1228,9105.2,1.80793,0.51259,0.81189,0.79719,0.61862,0.73033,0.44034,1.81664,0.50261,0.80234,0.00151411,0.00151411,0.00151411
1229,9112.87,1.85374,0.519,0.80922,0.79731,0.61491,0.72965,0.43893,1.81908,0.50491,0.80295,0.00151371,0.00151371,0.00151371
1230,9119.98,1.81164,0.51235,0.81146,0.79585,0.61573,0.7282,0.43645,1.83638,0.50758,0.80356,0.00151332,0.00151332,0.00151332
1231,9127.67,1.88277,0.52416,0.81509,0.80357,0.61216,0.72575,0.43435,1.82842,0.50846,0.80352,0.00151292,0.00151292,0.00151292
1232,9135.17,1.88018,0.52578,0.81348,0.80164,0.61031,0.72369,0.4337,1.82508,0.50548,0.80342,0.00151252,0.00151252,0.00151252
1233,9142.66,1.83123,0.511,0.8088,0.80254,0.60901,0.7238,0.43362,1.83538,0.50305,0.80319,0.00151213,0.00151213,0.00151213
1234,9150.28,1.83998,0.52002,0.81221,0.80207,0.61134,0.72428,0.43588,1.82876,0.50012,0.80261,0.00151173,0.00151173,0.00151173
1235,9157.61,1.97724,0.54025,0.81228,0.8208,0.60302,0.72394,0.43584,1.81942,0.50133,0.80277,0.00151134,0.00151134,0.00151134
1236,9165.15,1.88084,0.52217,0.81345,0.81413,0.60846,0.7266,0.43289,1.83527,0.50424,0.80273,0.00151094,0.00151094,0.00151094
1237,9172.73,1.92451,0.53365,0.81267,0.81054,0.61052,0.72658,0.43136,1.84813,0.50845,0.80356,0.00151054,0.00151054,0.00151054
1238,9180.26,1.92511,0.53123,0.81428,0.80561,0.6123,0.72763,0.43312,1.83199,0.50566,0.80288,0.00151015,0.00151015,0.00151015
1239,9187.5,1.85807,0.51738,0.81228,0.80061,0.61298,0.72694,0.43465,1.84348,0.50432,0.80285,0.00150975,0.00150975,0.00150975
1240,9194.98,1.87095,0.52774,0.8183,0.80556,0.60969,0.72751,0.43267,1.85419,0.50591,0.80316,0.00150936,0.00150936,0.00150936
1241,9202.43,1.87567,0.52248,0.81109,0.81336,0.6134,0.73161,0.43489,1.82629,0.49848,0.80272,0.00150896,0.00150896,0.00150896
1242,9209.78,1.89488,0.52278,0.81233,0.81586,0.60695,0.7283,0.43504,1.82709,0.50203,0.80236,0.00150856,0.00150856,0.00150856
1243,9216.85,1.90231,0.52957,0.81206,0.81343,0.60667,0.72594,0.43455,1.8273,0.50173,0.80201,0.00150817,0.00150817,0.00150817
1244,9224.54,1.85082,0.52668,0.81361,0.81043,0.61567,0.72836,0.43652,1.82083,0.5005,0.80133,0.00150777,0.00150777,0.00150777
1245,9232.33,1.88908,0.52267,0.80916,0.81585,0.61432,0.73182,0.4407,1.81811,0.49787,0.80146,0.00150738,0.00150738,0.00150738
1246,9239.64,1.85679,0.51317,0.80958,0.81641,0.61518,0.73356,0.44439,1.80704,0.49447,0.8012,0.00150698,0.00150698,0.00150698
1247,9246.89,1.79596,0.50419,0.81231,0.81674,0.61491,0.73429,0.4432,1.80665,0.49415,0.80204,0.00150658,0.00150658,0.00150658
1248,9254.21,1.87026,0.51669,0.81283,0.81809,0.61309,0.73368,0.43963,1.82533,0.49834,0.80238,0.00150619,0.00150619,0.00150619
1249,9261.9,1.84363,0.51334,0.81315,0.81763,0.61148,0.7325,0.44135,1.79996,0.49511,0.80207,0.00150579,0.00150579,0.00150579
1250,9269.43,1.89664,0.52425,0.80978,0.81517,0.60956,0.73097,0.443,1.79676,0.49809,0.80158,0.0015054,0.0015054,0.0015054
1251,9277.26,1.89248,0.52326,0.80915,0.81289,0.60997,0.72931,0.44244,1.78261,0.49543,0.80125,0.001505,0.001505,0.001505
1252,9284.62,1.78092,0.50736,0.80955,0.81363,0.60955,0.72967,0.43985,1.78964,0.49633,0.80129,0.0015046,0.0015046,0.0015046
1253,9292.49,1.8115,0.51347,0.80883,0.81863,0.60544,0.7284,0.43856,1.79687,0.49391,0.80208,0.00150421,0.00150421,0.00150421
1254,9300.04,1.87178,0.51457,0.80707,0.81938,0.60351,0.72961,0.4399,1.81319,0.49591,0.80228,0.00150381,0.00150381,0.00150381
1255,9307.36,1.8359,0.51181,0.81028,0.81306,0.60904,0.73061,0.44273,1.8156,0.49704,0.80183,0.00150342,0.00150342,0.00150342
1256,9314.8,1.83774,0.52053,0.81054,0.81135,0.61161,0.73005,0.44043,1.83466,0.50018,0.80207,0.00150302,0.00150302,0.00150302
1257,9322.34,1.80293,0.51286,0.81065,0.81117,0.61848,0.73078,0.44128,1.80823,0.49583,0.80206,0.00150262,0.00150262,0.00150262
1258,9329.61,1.76698,0.50941,0.81166,0.81151,0.61917,0.73136,0.44304,1.8065,0.49616,0.80259,0.00150223,0.00150223,0.00150223
1259,9337.22,1.80719,0.50914,0.80941,0.81347,0.61944,0.7297,0.4423,1.79329,0.49592,0.80203,0.00150183,0.00150183,0.00150183
1260,9344.71,1.74432,0.50189,0.81159,0.81405,0.61985,0.7317,0.44233,1.79445,0.4971,0.80132,0.00150144,0.00150144,0.00150144
1261,9351.8,1.74475,0.50015,0.81619,0.81195,0.61113,0.72685,0.43917,1.80286,0.49784,0.80236,0.00150104,0.00150104,0.00150104
1262,9359.3,1.91564,0.53052,0.81256,0.80549,0.61572,0.7273,0.43648,1.83043,0.50267,0.80347,0.00150064,0.00150064,0.00150064
1263,9367.08,1.92207,0.53628,0.81218,0.80014,0.61502,0.72406,0.43881,1.81505,0.50214,0.80182,0.00150025,0.00150025,0.00150025
1264,9374.37,1.80195,0.51092,0.8108,0.80379,0.61409,0.72413,0.43897,1.80942,0.5011,0.80225,0.00149985,0.00149985,0.00149985
1265,9381.78,1.8827,0.52571,0.81062,0.80805,0.61318,0.72871,0.44122,1.79911,0.50119,0.80222,0.00149946,0.00149946,0.00149946
1266,9388.69,1.82937,0.51692,0.81089,0.80805,0.6132,0.72977,0.43995,1.80903,0.50014,0.80249,0.00149906,0.00149906,0.00149906
1267,9395.85,1.90778,0.51737,0.80887,0.80974,0.61107,0.73141,0.4391,1.83261,0.50473,0.80255,0.00149866,0.00149866,0.00149866
1268,9403.04,1.86149,0.51565,0.81011,0.81397,0.61258,0.73296,0.43852,1.82375,0.50348,0.8019,0.00149827,0.00149827,0.00149827
1269,9410.54,1.92194,0.52848,0.81209,0.80892,0.61257,0.72968,0.43902,1.82145,0.50339,0.80184,0.00149787,0.00149787,0.00149787
1270,9417.74,1.81388,0.51421,0.80935,0.80899,0.61258,0.73029,0.43998,1.80739,0.50288,0.80152,0.00149748,0.00149748,0.00149748
1271,9425.46,1.85118,0.52359,0.81231,0.81235,0.60859,0.7281,0.43931,1.81858,0.50758,0.80236,0.00149708,0.00149708,0.00149708
1272,9432.97,1.88754,0.52915,0.81098,0.8121,0.61173,0.72954,0.43929,1.80874,0.50473,0.80245,0.00149668,0.00149668,0.00149668
1273,9440.63,1.82906,0.52192,0.80994,0.81367,0.61089,0.72702,0.43765,1.81352,0.50689,0.80311,0.00149629,0.00149629,0.00149629
1274,9448.08,1.83973,0.52471,0.8124,0.81507,0.60599,0.72536,0.43448,1.8273,0.51062,0.80321,0.00149589,0.00149589,0.00149589
1275,9455.78,1.81916,0.51508,0.81211,0.81968,0.60667,0.72793,0.43094,1.8497,0.51718,0.80386,0.0014955,0.0014955,0.0014955
1276,9463.24,1.84201,0.51721,0.81517,0.82064,0.60516,0.72895,0.43117,1.84916,0.51406,0.8039,0.0014951,0.0014951,0.0014951
1277,9470.98,1.86714,0.52012,0.81077,0.81483,0.60713,0.72743,0.43541,1.81911,0.5035,0.80283,0.0014947,0.0014947,0.0014947
1278,9478.41,1.84391,0.52379,0.81338,0.81599,0.60763,0.72903,0.43627,1.82177,0.50332,0.80258,0.00149431,0.00149431,0.00149431
1279,9486.31,1.99204,0.54855,0.81102,0.8047,0.61601,0.73279,0.43728,1.81125,0.50336,0.80311,0.00149391,0.00149391,0.00149391
1280,9493.67,1.87076,0.52848,0.81344,0.80175,0.61629,0.73168,0.43663,1.80997,0.50385,0.80367,0.00149352,0.00149352,0.00149352
1281,9501.03,1.91023,0.53339,0.81447,0.80885,0.60516,0.7284,0.4356,1.8149,0.50548,0.80354,0.00149312,0.00149312,0.00149312
1282,9508.53,1.767,0.50288,0.80761,0.81115,0.60269,0.72809,0.437,1.80689,0.50675,0.80335,0.00149272,0.00149272,0.00149272
1283,9516.19,1.79453,0.50904,0.81178,0.81572,0.60404,0.72912,0.43867,1.81181,0.50165,0.80324,0.00149233,0.00149233,0.00149233
1284,9523.84,1.86816,0.52111,0.81269,0.81219,0.61091,0.73021,0.44023,1.79901,0.49761,0.80298,0.00149193,0.00149193,0.00149193
1285,9531.44,1.75081,0.50377,0.8073,0.81153,0.60983,0.72782,0.43523,1.82361,0.50379,0.80285,0.00149154,0.00149154,0.00149154
1286,9538.67,1.84182,0.5187,0.81417,0.81392,0.60722,0.7276,0.43376,1.83602,0.50505,0.80312,0.00149114,0.00149114,0.00149114
1287,9546.28,1.86091,0.5171,0.80911,0.81858,0.60557,0.72991,0.43913,1.80282,0.49725,0.80267,0.00149074,0.00149074,0.00149074
1288,9553.64,1.77586,0.50531,0.81072,0.82222,0.60571,0.73106,0.44092,1.80468,0.49845,0.80273,0.00149035,0.00149035,0.00149035
1289,9561.48,1.80016,0.51427,0.81138,0.8224,0.60523,0.73203,0.44414,1.78641,0.5,0.80243,0.00148995,0.00148995,0.00148995
1290,9568.91,1.80187,0.50846,0.81325,0.82398,0.60914,0.73398,0.44503,1.78307,0.49803,0.80262,0.00148956,0.00148956,0.00148956
1291,9576.66,1.84141,0.51685,0.81566,0.81024,0.61628,0.73326,0.44304,1.80374,0.49974,0.80271,0.00148916,0.00148916,0.00148916
1292,9584.36,1.8952,0.52307,0.8109,0.81277,0.61741,0.7347,0.44195,1.80188,0.49817,0.80268,0.00148876,0.00148876,0.00148876
1293,9591.56,1.81703,0.51625,0.80782,0.8067,0.61862,0.73118,0.44119,1.78457,0.49748,0.80214,0.00148837,0.00148837,0.00148837
1294,9598.89,1.69417,0.49787,0.82067,0.80742,0.61762,0.73057,0.44103,1.79457,0.49788,0.80247,0.00148797,0.00148797,0.00148797
1295,9606.48,1.83631,0.5125,0.81326,0.80955,0.61275,0.73201,0.4427,1.773,0.49697,0.80248,0.00148758,0.00148758,0.00148758
1296,9614.11,1.89002,0.52343,0.80742,0.80942,0.61642,0.73272,0.44402,1.76672,0.49692,0.80197,0.00148718,0.00148718,0.00148718
1297,9621.14,1.70386,0.49429,0.81455,0.80267,0.6215,0.73087,0.44018,1.78164,0.49656,0.80174,0.00148678,0.00148678,0.00148678
1298,9628.74,1.76583,0.49719,0.81168,0.80222,0.61903,0.72979,0.44127,1.77698,0.49626,0.80163,0.00148639,0.00148639,0.00148639
1299,9636.28,1.78185,0.50303,0.81025,0.80078,0.62026,0.7325,0.44329,1.78819,0.49195,0.80189,0.00148599,0.00148599,0.00148599
1300,9643.85,1.9062,0.52341,0.80804,0.80268,0.621,0.73394,0.44441,1.80175,0.49384,0.80187,0.0014856,0.0014856,0.0014856
1301,9651.09,1.84451,0.51049,0.80683,0.80644,0.61603,0.73386,0.44862,1.77464,0.48993,0.80146,0.0014852,0.0014852,0.0014852
1302,9658.29,1.72539,0.49273,0.80673,0.81297,0.61764,0.73493,0.44808,1.77278,0.49097,0.80189,0.0014848,0.0014848,0.0014848
1303,9665.75,1.83692,0.51754,0.80921,0.81247,0.61087,0.73226,0.4456,1.79383,0.49577,0.80205,0.00148441,0.00148441,0.00148441
1304,9673.16,1.81314,0.50942,0.8091,0.81295,0.61683,0.73481,0.4444,1.79187,0.4965,0.80189,0.00148401,0.00148401,0.00148401
1305,9680.76,1.75589,0.50171,0.81212,0.81375,0.61628,0.73419,0.44492,1.78559,0.49527,0.80142,0.00148362,0.00148362,0.00148362
1306,9688.29,1.82375,0.50543,0.81131,0.81845,0.61354,0.73257,0.44597,1.77526,0.49074,0.80119,0.00148322,0.00148322,0.00148322
1307,9695.96,1.79246,0.50916,0.81386,0.8224,0.61244,0.7338,0.44369,1.79219,0.49435,0.80195,0.00148282,0.00148282,0.00148282
1308,9703.6,1.88337,0.51908,0.80901,0.81382,0.61689,0.73424,0.44215,1.80212,0.49735,0.80244,0.00148243,0.00148243,0.00148243
1309,9711.18,1.89981,0.51963,0.81378,0.80804,0.61546,0.73152,0.44124,1.79413,0.49858,0.80289,0.00148203,0.00148203,0.00148203
1310,9718.41,1.84088,0.51313,0.80746,0.80788,0.61482,0.73021,0.44128,1.79098,0.49577,0.80268,0.00148164,0.00148164,0.00148164
1311,9726.19,1.89791,0.52452,0.80985,0.80747,0.61779,0.73069,0.44448,1.77188,0.49358,0.80236,0.00148124,0.00148124,0.00148124
1312,9733.46,1.83834,0.5152,0.80898,0.8073,0.62095,0.73336,0.44504,1.7855,0.49607,0.80265,0.00148084,0.00148084,0.00148084
1313,9740.94,1.88003,0.52192,0.80871,0.80763,0.61299,0.73244,0.44486,1.79428,0.4934,0.8032,0.00148045,0.00148045,0.00148045
1314,9748,1.8282,0.52376,0.81583,0.81049,0.61409,0.7333,0.44725,1.77795,0.49132,0.80288,0.00148005,0.00148005,0.00148005
1315,9755.23,1.83246,0.51504,0.8106,0.79942,0.61848,0.732,0.44461,1.78177,0.49782,0.8024,0.00147966,0.00147966,0.00147966
1316,9762.88,1.81746,0.51078,0.80926,0.79936,0.61848,0.7306,0.44,1.81136,0.50734,0.80274,0.00147926,0.00147926,0.00147926
1317,9770.29,1.8455,0.51607,0.80887,0.79884,0.61614,0.72637,0.43559,1.83113,0.51107,0.80321,0.00147886,0.00147886,0.00147886
1318,9777.94,1.82564,0.50984,0.8096,0.80537,0.61175,0.72573,0.43747,1.82503,0.50856,0.8033,0.00147847,0.00147847,0.00147847
1319,9785.36,1.87409,0.5196,0.80839,0.80423,0.61642,0.73077,0.4417,1.79833,0.49937,0.80283,0.00147807,0.00147807,0.00147807
1320,9792.71,1.88379,0.52495,0.80822,0.81472,0.61312,0.73135,0.43929,1.82156,0.5013,0.80372,0.00147768,0.00147768,0.00147768
1321,9800.44,1.90965,0.52538,0.80828,0.81409,0.61244,0.73102,0.44084,1.80435,0.49673,0.80303,0.00147728,0.00147728,0.00147728
1322,9807.82,1.86855,0.52199,0.80913,0.8159,0.6123,0.7296,0.44224,1.79489,0.49556,0.80288,0.00147688,0.00147688,0.00147688
1323,9815.56,1.80755,0.51453,0.81084,0.81408,0.60773,0.72831,0.44189,1.8064,0.50068,0.80271,0.00147649,0.00147649,0.00147649
1324,9822.99,1.83558,0.51307,0.81373,0.80855,0.61161,0.72809,0.4437,1.79937,0.49887,0.80239,0.00147609,0.00147609,0.00147609
1325,9830.46,1.79336,0.51583,0.80888,0.81021,0.60887,0.72633,0.44307,1.79696,0.49858,0.80241,0.0014757,0.0014757,0.0014757
1326,9837.98,1.83829,0.51243,0.80774,0.82188,0.60255,0.72496,0.44333,1.78882,0.49294,0.8021,0.0014753,0.0014753,0.0014753
1327,9845.26,1.80887,0.50439,0.80862,0.82613,0.60777,0.72824,0.44167,1.81469,0.49608,0.80281,0.0014749,0.0014749,0.0014749
1328,9852.76,1.78731,0.50275,0.81177,0.82529,0.60767,0.72915,0.4422,1.80769,0.49711,0.80246,0.00147451,0.00147451,0.00147451
1329,9859.7,1.75503,0.49903,0.80963,0.81859,0.61395,0.73211,0.44052,1.80491,0.49534,0.80191,0.00147411,0.00147411,0.00147411
1330,9866.99,1.76498,0.50135,0.81164,0.81085,0.61793,0.73196,0.43959,1.79419,0.49129,0.80241,0.00147372,0.00147372,0.00147372
1331,9874.42,1.77924,0.50921,0.81027,0.81141,0.61254,0.72986,0.43672,1.80675,0.49685,0.80318,0.00147332,0.00147332,0.00147332
1332,9882.01,1.85543,0.5124,0.8081,0.81556,0.61134,0.73062,0.438,1.79727,0.49445,0.80304,0.00147292,0.00147292,0.00147292
1333,9889.54,1.81137,0.51158,0.81099,0.81543,0.61077,0.73035,0.43572,1.82234,0.50082,0.80306,0.00147253,0.00147253,0.00147253
1334,9896.63,1.75681,0.4953,0.81173,0.81758,0.60178,0.72726,0.43396,1.83478,0.50194,0.80304,0.00147213,0.00147213,0.00147213
1335,9904.1,1.80795,0.51249,0.80932,0.8219,0.60557,0.73148,0.44525,1.78073,0.4911,0.80191,0.00147174,0.00147174,0.00147174
1336,9911.53,1.77588,0.50368,0.81007,0.8144,0.60965,0.73192,0.44772,1.77406,0.48839,0.80154,0.00147134,0.00147134,0.00147134
1337,9918.87,1.87514,0.51388,0.81106,0.81873,0.60928,0.7315,0.44559,1.79992,0.49232,0.80182,0.00147094,0.00147094,0.00147094
1338,9926.04,1.88097,0.52448,0.81327,0.82219,0.602,0.72815,0.44004,1.81387,0.49426,0.80278,0.00147055,0.00147055,0.00147055
1339,9933.66,1.907,0.52672,0.81241,0.82088,0.59981,0.72427,0.44002,1.81078,0.49431,0.80354,0.00147015,0.00147015,0.00147015
1340,9941.28,1.84882,0.51652,0.81034,0.81497,0.60695,0.72724,0.44213,1.79744,0.49309,0.80329,0.00146976,0.00146976,0.00146976
1341,9949,1.8734,0.51344,0.81249,0.82578,0.60242,0.72999,0.44132,1.81054,0.49823,0.80346,0.00146936,0.00146936,0.00146936
1342,9956.26,1.85516,0.51332,0.81448,0.82254,0.60091,0.7296,0.44144,1.82438,0.49874,0.80362,0.00146896,0.00146896,0.00146896
1343,9963.87,1.78446,0.50406,0.81284,0.83642,0.59995,0.72998,0.44369,1.7929,0.49283,0.80231,0.00146857,0.00146857,0.00146857
1344,9971.5,1.78508,0.50113,0.80918,0.82322,0.60571,0.72903,0.44516,1.77834,0.48886,0.80259,0.00146817,0.00146817,0.00146817
1345,9978.84,1.72263,0.49569,0.81389,0.81983,0.60942,0.73258,0.45005,1.77759,0.48961,0.80233,0.00146778,0.00146778,0.00146778
1346,9986.35,1.7881,0.49565,0.80722,0.81584,0.61546,0.73633,0.45183,1.76842,0.48708,0.80193,0.00146738,0.00146738,0.00146738
1347,9994.32,1.87091,0.51567,0.80858,0.81491,0.61971,0.73925,0.45026,1.77382,0.48972,0.80161,0.00146698,0.00146698,0.00146698
1348,10001.9,1.89358,0.52395,0.80814,0.81749,0.62068,0.73988,0.45076,1.76902,0.49107,0.80168,0.00146659,0.00146659,0.00146659
1349,10009.6,1.81043,0.50929,0.8071,0.81976,0.61093,0.73493,0.44979,1.76474,0.48904,0.80132,0.00146619,0.00146619,0.00146619
1350,10017.2,1.91098,0.53132,0.81653,0.81886,0.61256,0.73421,0.44851,1.75872,0.48973,0.80147,0.0014658,0.0014658,0.0014658
1351,10024.8,1.85635,0.517,0.81572,0.81863,0.60832,0.73109,0.44648,1.74857,0.48844,0.80187,0.0014654,0.0014654,0.0014654
1352,10032.5,1.89387,0.52943,0.81318,0.82194,0.6064,0.7285,0.445,1.75639,0.49313,0.80238,0.001465,0.001465,0.001465
1353,10040.3,1.78285,0.51137,0.8166,0.81836,0.61237,0.73077,0.44409,1.77472,0.49502,0.80214,0.00146461,0.00146461,0.00146461
1354,10048,1.81329,0.50804,0.80878,0.81581,0.61546,0.73207,0.4442,1.78453,0.49638,0.80217,0.00146421,0.00146421,0.00146421
1355,10055.5,1.84012,0.51617,0.8141,0.81357,0.62247,0.73547,0.44776,1.77355,0.49479,0.80203,0.00146382,0.00146382,0.00146382
1356,10063.3,1.85308,0.51498,0.8079,0.81118,0.62548,0.73672,0.44751,1.78116,0.4947,0.80221,0.00146342,0.00146342,0.00146342
1357,10071,1.82621,0.51472,0.81376,0.81123,0.61834,0.7341,0.44305,1.80963,0.49688,0.80269,0.00146302,0.00146302,0.00146302
1358,10078.2,1.76876,0.50481,0.81224,0.815,0.61669,0.73503,0.44703,1.79182,0.49388,0.80219,0.00146263,0.00146263,0.00146263
1359,10085.7,1.79557,0.51232,0.81498,0.81246,0.61616,0.73481,0.44825,1.78041,0.48913,0.80214,0.00146223,0.00146223,0.00146223
1360,10092.7,1.81868,0.51396,0.81107,0.8121,0.61766,0.73444,0.44738,1.77995,0.48906,0.802,0.00146184,0.00146184,0.00146184
1361,10100.4,1.76029,0.50008,0.80872,0.81252,0.62177,0.73889,0.45369,1.75719,0.48623,0.80184,0.00146144,0.00146144,0.00146144
1362,10108.1,1.81265,0.50609,0.80911,0.81524,0.62151,0.74097,0.45567,1.75667,0.48499,0.8022,0.00146104,0.00146104,0.00146104
1363,10115.9,1.80528,0.51156,0.81157,0.816,0.62468,0.74331,0.45377,1.76826,0.48934,0.802,0.00146065,0.00146065,0.00146065
1364,10123.7,1.86503,0.51577,0.80557,0.81766,0.62426,0.74031,0.45237,1.77039,0.48826,0.80179,0.00146025,0.00146025,0.00146025
1365,10131.2,1.80735,0.51291,0.81411,0.80921,0.6226,0.73557,0.44969,1.79012,0.49569,0.80202,0.00145986,0.00145986,0.00145986
1366,10138.9,1.81112,0.5114,0.81177,0.809,0.62081,0.73392,0.44837,1.7989,0.49765,0.80225,0.00145946,0.00145946,0.00145946
1367,10146.4,1.83979,0.51968,0.8104,0.81042,0.61642,0.73404,0.4469,1.80317,0.49237,0.80239,0.00145906,0.00145906,0.00145906
1368,10153.8,1.9126,0.52847,0.80967,0.81138,0.61419,0.73382,0.44652,1.79989,0.4904,0.80204,0.00145867,0.00145867,0.00145867
1369,10161.3,1.76857,0.50115,0.81305,0.80374,0.61271,0.73041,0.44777,1.77827,0.48449,0.80197,0.00145827,0.00145827,0.00145827
1370,10168.6,1.79902,0.50721,0.80774,0.80265,0.61312,0.72708,0.44477,1.79204,0.48627,0.80176,0.00145788,0.00145788,0.00145788
1371,10176.3,1.8031,0.50569,0.809,0.80773,0.61134,0.72858,0.4447,1.78945,0.48581,0.80155,0.00145748,0.00145748,0.00145748
1372,10183.7,1.76138,0.50168,0.81335,0.81068,0.61367,0.73106,0.44573,1.80646,0.48877,0.80181,0.00145708,0.00145708,0.00145708
1373,10191.4,1.79515,0.50972,0.81362,0.80474,0.6156,0.72895,0.44162,1.82182,0.49538,0.80256,0.00145669,0.00145669,0.00145669
1374,10198.8,1.78656,0.50215,0.81043,0.80388,0.61917,0.73089,0.44329,1.80019,0.49463,0.80181,0.00145629,0.00145629,0.00145629
1375,10206.4,1.73758,0.50509,0.81277,0.80449,0.61395,0.73031,0.44489,1.79287,0.49545,0.80118,0.0014559,0.0014559,0.0014559
1376,10213.9,1.74163,0.50135,0.81069,0.81096,0.61132,0.73148,0.44732,1.77884,0.4926,0.80095,0.0014555,0.0014555,0.0014555
1377,10221.8,1.95167,0.53817,0.80806,0.81883,0.61409,0.73488,0.44647,1.80595,0.49708,0.80249,0.0014551,0.0014551,0.0014551
1378,10229.1,1.84955,0.51366,0.81099,0.81414,0.61711,0.73666,0.44867,1.79734,0.49794,0.80176,0.00145471,0.00145471,0.00145471
1379,10236.5,1.70532,0.49566,0.81357,0.81307,0.61738,0.7348,0.44818,1.78839,0.49504,0.8014,0.00145431,0.00145431,0.00145431
1380,10244.1,1.82063,0.50788,0.80939,0.8194,0.61417,0.7338,0.44772,1.80433,0.49519,0.80144,0.00145392,0.00145392,0.00145392
1381,10251.7,1.80099,0.504,0.80897,0.81678,0.61203,0.73206,0.44734,1.79639,0.49165,0.80185,0.00145352,0.00145352,0.00145352
1382,10259.3,1.80545,0.50358,0.80709,0.8171,0.61148,0.73286,0.44738,1.80431,0.49313,0.8024,0.00145312,0.00145312,0.00145312
1383,10266.8,1.79355,0.50008,0.80636,0.81347,0.61161,0.7328,0.44664,1.81043,0.4938,0.80227,0.00145273,0.00145273,0.00145273
1384,10274.2,1.75534,0.49324,0.81068,0.80992,0.61161,0.73131,0.44748,1.79395,0.48974,0.80211,0.00145233,0.00145233,0.00145233
1385,10281.9,1.71306,0.49607,0.81198,0.81075,0.61048,0.72963,0.44641,1.7822,0.48661,0.80197,0.00145194,0.00145194,0.00145194
1386,10289.4,1.79909,0.50654,0.81275,0.80797,0.61395,0.7293,0.44546,1.78456,0.48712,0.80216,0.00145154,0.00145154,0.00145154
1387,10297.1,1.76416,0.49297,0.80853,0.81084,0.61422,0.73052,0.44834,1.77331,0.48724,0.80221,0.00145114,0.00145114,0.00145114
1388,10304.8,1.84646,0.51117,0.80485,0.81222,0.61638,0.73242,0.45009,1.77254,0.48524,0.80183,0.00145075,0.00145075,0.00145075
1389,10312.3,1.81026,0.50502,0.81268,0.81091,0.61024,0.73191,0.45009,1.78284,0.48838,0.80176,0.00145035,0.00145035,0.00145035
1390,10319.8,1.72885,0.49579,0.81147,0.81251,0.61491,0.73429,0.45121,1.78955,0.48837,0.80166,0.00144996,0.00144996,0.00144996
1391,10327.5,1.84681,0.51234,0.80857,0.81126,0.6193,0.73716,0.44842,1.7983,0.49154,0.80174,0.00144956,0.00144956,0.00144956
1392,10335,1.85293,0.51694,0.81167,0.81587,0.61683,0.73592,0.4504,1.79364,0.49022,0.80161,0.00144916,0.00144916,0.00144916
1393,10342.7,1.81125,0.50551,0.80596,0.81121,0.61546,0.73374,0.45076,1.76753,0.48692,0.80173,0.00144877,0.00144877,0.00144877
1394,10350.2,1.73285,0.4909,0.81061,0.81242,0.61422,0.73297,0.45013,1.77442,0.48955,0.80151,0.00144837,0.00144837,0.00144837
1395,10357.5,1.74361,0.49179,0.80749,0.80997,0.61793,0.7347,0.45424,1.75038,0.48389,0.8011,0.00144798,0.00144798,0.00144798
1396,10364.8,1.74301,0.49338,0.80883,0.81619,0.61766,0.73716,0.45365,1.76185,0.48481,0.80112,0.00144758,0.00144758,0.00144758
1397,10372.8,1.84546,0.50683,0.80341,0.80873,0.61271,0.73242,0.44865,1.78255,0.48832,0.80091,0.00144718,0.00144718,0.00144718
1398,10380.4,1.76633,0.4984,0.805,0.80982,0.61258,0.7305,0.44964,1.75804,0.48347,0.80091,0.00144679,0.00144679,0.00144679
1399,10388,1.76225,0.49425,0.80402,0.81353,0.61203,0.73337,0.45125,1.76772,0.48354,0.80154,0.00144639,0.00144639,0.00144639
1400,10395.6,1.75904,0.49645,0.8055,0.81223,0.61465,0.73533,0.45303,1.76981,0.48414,0.80121,0.001446,0.001446,0.001446
1401,10403.2,1.7259,0.4922,0.81005,0.82056,0.6156,0.7401,0.45799,1.74992,0.48161,0.8005,0.0014456,0.0014456,0.0014456
1402,10410.9,1.76661,0.50141,0.80868,0.81746,0.61628,0.7394,0.45742,1.76101,0.48591,0.8007,0.0014452,0.0014452,0.0014452
1403,10418,1.78285,0.49922,0.81093,0.82149,0.61601,0.73952,0.45577,1.74118,0.48348,0.80067,0.00144481,0.00144481,0.00144481
1404,10425.2,1.79324,0.49997,0.81127,0.81785,0.61702,0.73924,0.45438,1.73927,0.48419,0.80093,0.00144441,0.00144441,0.00144441
1405,10432.8,1.78997,0.49981,0.80862,0.81377,0.61189,0.73396,0.451,1.7688,0.48648,0.8017,0.00144402,0.00144402,0.00144402
1406,10440.3,1.72615,0.48922,0.80945,0.81166,0.61477,0.73501,0.45052,1.76017,0.48357,0.80131,0.00144362,0.00144362,0.00144362
1407,10447.8,1.7519,0.48804,0.80395,0.81596,0.61417,0.73661,0.45431,1.73885,0.48229,0.80115,0.00144322,0.00144322,0.00144322
1408,10454.8,1.71203,0.48491,0.80623,0.8193,0.61161,0.73731,0.45544,1.74014,0.48252,0.80125,0.00144283,0.00144283,0.00144283
1409,10462.4,1.79732,0.49848,0.8107,0.81931,0.61567,0.73732,0.45719,1.72499,0.47683,0.80082,0.00144243,0.00144243,0.00144243
1410,10470,1.7961,0.49923,0.80717,0.8156,0.61738,0.73568,0.45407,1.75044,0.48251,0.8008,0.00144204,0.00144204,0.00144204
1411,10477.6,1.84041,0.51371,0.80508,0.81485,0.61875,0.73672,0.45427,1.75211,0.48101,0.80075,0.00144164,0.00144164,0.00144164
1412,10484.6,1.67477,0.48555,0.80768,0.8124,0.61711,0.73683,0.457,1.73544,0.47814,0.80058,0.00144124,0.00144124,0.00144124
1413,10492,1.74221,0.48752,0.80775,0.81502,0.61821,0.73766,0.4532,1.78402,0.4858,0.8009,0.00144085,0.00144085,0.00144085
1414,10499.6,1.87841,0.51458,0.81004,0.81855,0.61683,0.73738,0.44696,1.83792,0.49627,0.80192,0.00144045,0.00144045,0.00144045
1415,10507.3,1.8462,0.51598,0.80918,0.82195,0.61271,0.73663,0.45292,1.7937,0.48983,0.80181,0.00144006,0.00144006,0.00144006
1416,10514.7,1.89996,0.52343,0.81151,0.81927,0.61237,0.73582,0.4543,1.77477,0.48791,0.80168,0.00143966,0.00143966,0.00143966
1417,10522.1,1.97274,0.53671,0.80768,0.80858,0.6101,0.73148,0.4513,1.78228,0.49176,0.80195,0.00143926,0.00143926,0.00143926
1418,10529.5,1.79903,0.50555,0.80791,0.81462,0.61038,0.73107,0.44885,1.79486,0.49194,0.80169,0.00143887,0.00143887,0.00143887
1419,10537.1,1.91559,0.52673,0.8126,0.81809,0.60937,0.73066,0.44136,1.84706,0.50218,0.80292,0.00143847,0.00143847,0.00143847
1420,10544,1.81103,0.51194,0.80733,0.82234,0.61052,0.73407,0.45022,1.79577,0.49203,0.80199,0.00143808,0.00143808,0.00143808
1421,10551.6,1.80279,0.51212,0.81374,0.81945,0.61889,0.74016,0.45717,1.74749,0.48215,0.80149,0.00143768,0.00143768,0.00143768
1422,10558.8,1.8121,0.50485,0.80991,0.82355,0.62026,0.74239,0.45581,1.75435,0.48164,0.80153,0.00143728,0.00143728,0.00143728
1423,10566.5,1.75895,0.50076,0.81375,0.82696,0.61737,0.74256,0.45707,1.76073,0.48681,0.80109,0.00143689,0.00143689,0.00143689
1424,10574.1,1.86611,0.50702,0.80445,0.82629,0.61711,0.74294,0.45657,1.75295,0.48485,0.80135,0.00143649,0.00143649,0.00143649
1425,10581.6,1.68527,0.48671,0.81033,0.8229,0.61749,0.74064,0.45872,1.74454,0.48429,0.8012,0.0014361,0.0014361,0.0014361
1426,10589.4,1.7486,0.48441,0.80396,0.82002,0.61488,0.73937,0.45712,1.76358,0.48498,0.80114,0.0014357,0.0014357,0.0014357
1427,10596.7,1.72515,0.48415,0.80787,0.82451,0.61738,0.74179,0.46274,1.72836,0.47614,0.80061,0.0014353,0.0014353,0.0014353
1428,10604,1.69348,0.48238,0.80943,0.82254,0.62122,0.74313,0.46402,1.71491,0.47256,0.80026,0.00143491,0.00143491,0.00143491
1429,10611.9,1.74972,0.48739,0.80718,0.82176,0.6182,0.74118,0.46029,1.7331,0.47443,0.80044,0.00143451,0.00143451,0.00143451
1430,10619,1.69037,0.48112,0.80689,0.82389,0.61711,0.7404,0.45815,1.7414,0.47416,0.80023,0.00143412,0.00143412,0.00143412
1431,10626.6,1.73724,0.49056,0.80803,0.81642,0.61944,0.7409,0.45802,1.75155,0.47604,0.8009,0.00143372,0.00143372,0.00143372
1432,10634,1.76077,0.49351,0.80675,0.82222,0.61875,0.74209,0.45925,1.74471,0.4758,0.8011,0.00143332,0.00143332,0.00143332
1433,10641.8,1.82106,0.50132,0.80612,0.8193,0.61518,0.73921,0.45646,1.7656,0.48002,0.80137,0.00143293,0.00143293,0.00143293
1434,10649,1.83761,0.50687,0.80606,0.81992,0.61381,0.73781,0.45643,1.75479,0.48071,0.80116,0.00143253,0.00143253,0.00143253
1435,10656.6,1.75307,0.49479,0.80789,0.82024,0.61175,0.73456,0.45663,1.73499,0.47947,0.80051,0.00143214,0.00143214,0.00143214
1436,10664.1,1.77007,0.5012,0.80553,0.82013,0.60846,0.73229,0.4542,1.74083,0.47919,0.80077,0.00143174,0.00143174,0.00143174
1437,10671.3,1.75951,0.4938,0.80639,0.81898,0.60448,0.7297,0.4546,1.73269,0.47734,0.80075,0.00143134,0.00143134,0.00143134
1438,10678.4,1.74589,0.49059,0.80766,0.81715,0.60557,0.73077,0.45252,1.752,0.47894,0.80093,0.00143095,0.00143095,0.00143095
1439,10685.4,1.68413,0.48055,0.80697,0.80798,0.61697,0.73534,0.4571,1.72117,0.47551,0.8003,0.00143055,0.00143055,0.00143055
1440,10693.2,1.75062,0.49493,0.81024,0.81185,0.61697,0.73791,0.45895,1.70692,0.47338,0.80009,0.00143016,0.00143016,0.00143016
1441,10700.8,1.78911,0.49773,0.80522,0.81797,0.61518,0.73985,0.45928,1.72302,0.47875,0.8008,0.00142976,0.00142976,0.00142976
1442,10708.1,1.75385,0.4959,0.80701,0.81834,0.6145,0.7402,0.45762,1.73857,0.47998,0.8012,0.00142936,0.00142936,0.00142936
1443,10715.6,1.6903,0.48392,0.80596,0.81115,0.6156,0.73755,0.45803,1.72136,0.47526,0.80059,0.00142897,0.00142897,0.00142897
1444,10722.6,1.66993,0.47607,0.80527,0.81068,0.61608,0.73682,0.45845,1.72736,0.47697,0.80034,0.00142857,0.00142857,0.00142857
1445,10730.3,1.71299,0.48415,0.80596,0.81128,0.61326,0.7367,0.46106,1.70949,0.47394,0.79975,0.00142818,0.00142818,0.00142818
1446,10737.9,1.68189,0.48131,0.80669,0.81174,0.61669,0.73864,0.45909,1.73115,0.47693,0.79992,0.00142778,0.00142778,0.00142778
1447,10745.2,1.6761,0.47743,0.8087,0.81908,0.6172,0.74092,0.45907,1.74299,0.47566,0.80061,0.00142738,0.00142738,0.00142738
1448,10752.9,1.82507,0.50055,0.80512,0.82159,0.61875,0.74286,0.46009,1.72971,0.47354,0.80054,0.00142699,0.00142699,0.00142699
1449,10760.1,1.64753,0.47695,0.80961,0.81373,0.61952,0.7385,0.45801,1.7417,0.47616,0.80086,0.00142659,0.00142659,0.00142659
1450,10767.1,1.74297,0.48972,0.80588,0.81401,0.61526,0.73704,0.45722,1.74662,0.47836,0.80078,0.0014262,0.0014262,0.0014262
1451,10774.7,1.72198,0.48898,0.80539,0.81883,0.60791,0.73534,0.45732,1.74655,0.477,0.8009,0.0014258,0.0014258,0.0014258
1452,10782.2,1.71173,0.49443,0.80855,0.81847,0.60538,0.73435,0.45721,1.75042,0.47764,0.80142,0.0014254,0.0014254,0.0014254
1453,10790.1,1.79151,0.4913,0.80655,0.8093,0.61312,0.73878,0.45556,1.75271,0.47904,0.80094,0.00142501,0.00142501,0.00142501
1454,10797.5,1.75789,0.49609,0.80864,0.80846,0.6145,0.73884,0.45544,1.75374,0.47744,0.80087,0.00142461,0.00142461,0.00142461
1455,10805.4,1.71556,0.48832,0.80781,0.80461,0.62076,0.74021,0.46026,1.73463,0.47363,0.80055,0.00142422,0.00142422,0.00142422
1456,10813,1.82873,0.50901,0.80722,0.80845,0.61534,0.7401,0.45996,1.73046,0.47569,0.80043,0.00142382,0.00142382,0.00142382
1457,10820.2,1.74615,0.49398,0.80952,0.81666,0.60723,0.73476,0.45324,1.77715,0.48264,0.80155,0.00142342,0.00142342,0.00142342
1458,10827.9,1.88731,0.50967,0.80633,0.81701,0.61175,0.73556,0.4539,1.7693,0.48389,0.80164,0.00142303,0.00142303,0.00142303
1459,10835.5,1.79639,0.50239,0.80989,0.81993,0.61203,0.73591,0.45758,1.72613,0.47956,0.80102,0.00142263,0.00142263,0.00142263
1460,10843,1.79413,0.50676,0.80967,0.81684,0.61024,0.73388,0.45494,1.73796,0.48333,0.80088,0.00142224,0.00142224,0.00142224
1461,10850.7,1.7445,0.4917,0.80543,0.81452,0.61254,0.73242,0.44887,1.7794,0.48727,0.80102,0.00142184,0.00142184,0.00142184
1462,10858.3,1.79509,0.50049,0.80679,0.81496,0.61546,0.73402,0.45053,1.77231,0.48575,0.80115,0.00142144,0.00142144,0.00142144
1463,10865.8,1.68482,0.4808,0.80909,0.81557,0.61573,0.7367,0.45585,1.75408,0.48125,0.80181,0.00142105,0.00142105,0.00142105
1464,10873.3,1.75295,0.49341,0.80977,0.81438,0.61436,0.73688,0.4562,1.75592,0.48301,0.80149,0.00142065,0.00142065,0.00142065
1465,10880.9,1.7017,0.48281,0.80226,0.81303,0.61668,0.74049,0.45871,1.74379,0.47774,0.80073,0.00142026,0.00142026,0.00142026
1466,10888.1,1.70996,0.48738,0.81122,0.81057,0.62095,0.74193,0.46122,1.73813,0.47761,0.80016,0.00141986,0.00141986,0.00141986
1467,10895.8,1.71112,0.48917,0.80884,0.81403,0.62017,0.74314,0.462,1.73087,0.47965,0.80016,0.00141946,0.00141946,0.00141946
1468,10903.3,1.78053,0.50132,0.80715,0.8122,0.6157,0.73853,0.45881,1.74875,0.48168,0.80079,0.00141907,0.00141907,0.00141907
1469,10910.4,1.70327,0.48664,0.8063,0.81306,0.61322,0.73603,0.45699,1.73971,0.47825,0.80019,0.00141867,0.00141867,0.00141867
1470,10917.9,1.73307,0.48425,0.80649,0.81569,0.6155,0.73785,0.45957,1.74546,0.48146,0.79994,0.00141828,0.00141828,0.00141828
1471,10925.3,1.79271,0.50182,0.80852,0.81249,0.6145,0.73785,0.46072,1.74117,0.48334,0.80051,0.00141788,0.00141788,0.00141788
1472,10932.6,1.72763,0.48783,0.80659,0.8133,0.6182,0.73886,0.45937,1.74153,0.4796,0.80013,0.00141748,0.00141748,0.00141748
1473,10940,1.74913,0.49661,0.80662,0.81924,0.61463,0.7363,0.4532,1.77625,0.48389,0.80168,0.00141709,0.00141709,0.00141709
1474,10947.7,1.75404,0.49596,0.80553,0.81409,0.62041,0.73714,0.45439,1.77444,0.48148,0.8016,0.00141669,0.00141669,0.00141669
1475,10955.4,1.78315,0.49589,0.80532,0.81583,0.62273,0.74196,0.45983,1.74235,0.47759,0.80044,0.0014163,0.0014163,0.0014163
1476,10963.1,1.73115,0.48972,0.81063,0.81726,0.61889,0.74221,0.46003,1.75225,0.47936,0.80048,0.0014159,0.0014159,0.0014159
1477,10970.6,1.68464,0.48367,0.80764,0.81646,0.62111,0.74158,0.46088,1.72493,0.47808,0.79956,0.0014155,0.0014155,0.0014155
1478,10978,1.8178,0.50025,0.807,0.82008,0.61574,0.73895,0.46049,1.71936,0.47833,0.79954,0.00141511,0.00141511,0.00141511
1479,10985.3,1.68882,0.4824,0.80767,0.82219,0.61005,0.73382,0.45489,1.73202,0.48248,0.80031,0.00141471,0.00141471,0.00141471
1480,10992.4,1.67838,0.48962,0.80701,0.8211,0.61245,0.73477,0.45842,1.71687,0.47793,0.79973,0.00141432,0.00141432,0.00141432
1481,10999.7,1.71009,0.48755,0.8017,0.81883,0.61244,0.73725,0.45799,1.72506,0.47968,0.80009,0.00141392,0.00141392,0.00141392
1482,11007.2,1.72908,0.49249,0.80788,0.82085,0.60983,0.7353,0.45479,1.744,0.47737,0.80033,0.00141352,0.00141352,0.00141352
1483,11015,1.68688,0.48033,0.8034,0.83749,0.60702,0.73501,0.45857,1.70593,0.46859,0.79952,0.00141313,0.00141313,0.00141313
1484,11022.7,1.69713,0.47904,0.80515,0.83804,0.60653,0.73738,0.46121,1.68764,0.46784,0.79913,0.00141273,0.00141273,0.00141273
1485,11030.2,1.69289,0.48094,0.80504,0.83599,0.6064,0.73801,0.46183,1.70441,0.46842,0.79917,0.00141234,0.00141234,0.00141234
1486,11037.7,1.78982,0.49119,0.80374,0.83554,0.60892,0.74084,0.46425,1.69616,0.46718,0.79892,0.00141194,0.00141194,0.00141194
1487,11045.5,1.66603,0.47634,0.80831,0.82457,0.61161,0.74002,0.46461,1.69651,0.46619,0.79891,0.00141154,0.00141154,0.00141154
1488,11053.1,1.69532,0.4817,0.80376,0.81938,0.61354,0.73791,0.46017,1.71845,0.47196,0.79989,0.00141115,0.00141115,0.00141115
1489,11060.9,1.73594,0.485,0.80712,0.8156,0.61148,0.73497,0.45846,1.72266,0.47591,0.80039,0.00141075,0.00141075,0.00141075
1490,11068.2,1.77011,0.49389,0.80502,0.80939,0.61642,0.73681,0.45885,1.72189,0.47463,0.80028,0.00141036,0.00141036,0.00141036
1491,11075.8,1.73276,0.48738,0.80573,0.81315,0.61326,0.73694,0.45609,1.74823,0.48109,0.80056,0.00140996,0.00140996,0.00140996
1492,11083.2,1.80084,0.50316,0.80851,0.81219,0.6145,0.73762,0.45801,1.73803,0.47898,0.8004,0.00140956,0.00140956,0.00140956
1493,11090.9,1.75081,0.49458,0.80591,0.81591,0.61271,0.73643,0.4609,1.71233,0.47386,0.80015,0.00140917,0.00140917,0.00140917
1494,11098.4,1.85315,0.50366,0.80333,0.81274,0.61134,0.73483,0.4582,1.72702,0.47517,0.80026,0.00140877,0.00140877,0.00140877
1495,11105.7,1.67021,0.47508,0.80467,0.8103,0.61766,0.73979,0.46078,1.7244,0.47323,0.79958,0.00140838,0.00140838,0.00140838
1496,11112.9,1.67846,0.4759,0.80519,0.81447,0.61594,0.73999,0.46264,1.71357,0.4704,0.79985,0.00140798,0.00140798,0.00140798
1497,11120.6,1.73126,0.49131,0.80713,0.82339,0.61148,0.7395,0.46187,1.70706,0.47128,0.79936,0.00140758,0.00140758,0.00140758
1498,11128,1.7314,0.48886,0.80395,0.81799,0.61422,0.73775,0.45998,1.7127,0.47158,0.79956,0.00140719,0.00140719,0.00140719
1499,11135.8,1.77161,0.49488,0.80603,0.82206,0.61649,0.73936,0.46097,1.70175,0.47336,0.79884,0.00140679,0.00140679,0.00140679
1500,11143.2,1.75346,0.49357,0.80512,0.82038,0.61944,0.74223,0.4625,1.70766,0.47423,0.7988,0.0014064,0.0014064,0.0014064
1501,11150.8,1.6912,0.47742,0.80792,0.82014,0.61917,0.74388,0.46414,1.70275,0.47665,0.79874,0.001406,0.001406,0.001406
1502,11158.4,1.72834,0.48773,0.8054,0.82027,0.61967,0.7443,0.46587,1.70589,0.47757,0.79885,0.0014056,0.0014056,0.0014056
1503,11165.7,1.76028,0.48921,0.80483,0.81344,0.62136,0.74267,0.46379,1.70881,0.47715,0.79881,0.00140521,0.00140521,0.00140521
1504,11173.2,1.7166,0.4881,0.80595,0.81183,0.62438,0.74395,0.46364,1.70637,0.47622,0.79906,0.00140481,0.00140481,0.00140481
1505,11180.9,1.77277,0.4968,0.80914,0.81393,0.62081,0.74308,0.46212,1.7083,0.47396,0.79913,0.00140442,0.00140442,0.00140442
1506,11188,1.70038,0.48622,0.80938,0.81283,0.61828,0.74113,0.45953,1.70903,0.47706,0.79916,0.00140402,0.00140402,0.00140402
1507,11195.8,1.73289,0.49033,0.80576,0.81054,0.61258,0.73482,0.45618,1.70791,0.47844,0.79924,0.00140362,0.00140362,0.00140362
1508,11203.3,1.7093,0.48665,0.80319,0.81559,0.60719,0.73468,0.45729,1.7065,0.47832,0.79914,0.00140323,0.00140323,0.00140323
1509,11210.7,1.70845,0.48598,0.8081,0.81538,0.60936,0.73557,0.4584,1.69683,0.47551,0.79903,0.00140283,0.00140283,0.00140283
1510,11218,1.7043,0.47885,0.80412,0.8179,0.61587,0.73804,0.45861,1.69853,0.47583,0.7989,0.00140244,0.00140244,0.00140244
1511,11225.6,1.73302,0.49038,0.80723,0.81202,0.61141,0.73537,0.4583,1.71775,0.47654,0.79963,0.00140204,0.00140204,0.00140204
1512,11233.2,1.68796,0.48529,0.80568,0.81348,0.60901,0.73385,0.45477,1.7495,0.48157,0.80076,0.00140164,0.00140164,0.00140164
1513,11240.6,1.72591,0.48788,0.80788,0.81915,0.6075,0.73566,0.45633,1.74691,0.48069,0.80101,0.00140125,0.00140125,0.00140125
1514,11247.8,1.81729,0.50308,0.80737,0.81525,0.61065,0.7373,0.45568,1.74851,0.48277,0.801,0.00140085,0.00140085,0.00140085
1515,11255.4,1.77014,0.50287,0.80354,0.81396,0.61573,0.7355,0.45305,1.74119,0.48603,0.80085,0.00140046,0.00140046,0.00140046
1516,11263.1,1.82579,0.51091,0.8051,0.81507,0.61532,0.73549,0.45371,1.73624,0.48286,0.80013,0.00140006,0.00140006,0.00140006
1517,11270.6,1.74385,0.49168,0.80413,0.8209,0.60269,0.7306,0.4498,1.7547,0.48358,0.80031,0.00139966,0.00139966,0.00139966
1518,11277.6,1.71175,0.48708,0.8072,0.81359,0.60938,0.73301,0.45341,1.73073,0.47876,0.80009,0.00139927,0.00139927,0.00139927
1519,11285.3,1.81468,0.51013,0.80586,0.81771,0.61213,0.73564,0.45714,1.73052,0.47969,0.8001,0.00139887,0.00139887,0.00139887
1520,11292.7,1.73957,0.49697,0.80612,0.81485,0.61326,0.73312,0.45166,1.75998,0.48483,0.80064,0.00139848,0.00139848,0.00139848
1521,11300.2,1.86769,0.51287,0.80222,0.81809,0.61958,0.73739,0.45409,1.73298,0.47783,0.80008,0.00139808,0.00139808,0.00139808
1522,11307.6,1.74384,0.49198,0.8038,0.81479,0.62013,0.73468,0.45326,1.72647,0.47673,0.80024,0.00139768,0.00139768,0.00139768
1523,11314.4,1.68264,0.48027,0.80985,0.813,0.61779,0.73456,0.45217,1.73481,0.4779,0.79987,0.00139729,0.00139729,0.00139729
1524,11321.9,1.74955,0.49346,0.80659,0.81491,0.61862,0.73787,0.4561,1.7242,0.47365,0.79997,0.00139689,0.00139689,0.00139689
1525,11329.2,1.6456,0.47585,0.80675,0.82081,0.61285,0.73933,0.45461,1.75189,0.47935,0.80033,0.0013965,0.0013965,0.0013965
1526,11336.7,1.74737,0.49576,0.80783,0.82108,0.61107,0.74047,0.45523,1.76343,0.48514,0.8005,0.0013961,0.0013961,0.0013961
1527,11344.2,1.81884,0.50275,0.80121,0.82109,0.61559,0.74344,0.46105,1.7299,0.47924,0.80067,0.0013957,0.0013957,0.0013957
1528,11351.3,1.69141,0.48064,0.80478,0.81883,0.61614,0.74208,0.45909,1.73747,0.47917,0.8005,0.00139531,0.00139531,0.00139531
1529,11358.8,1.7425,0.4934,0.80805,0.82031,0.61546,0.73767,0.44876,1.78664,0.48233,0.80094,0.00139491,0.00139491,0.00139491
1530,11366.1,1.84835,0.51116,0.80741,0.82294,0.61128,0.7341,0.44624,1.78734,0.48461,0.80075,0.00139452,0.00139452,0.00139452
1531,11373.4,1.77207,0.49371,0.80674,0.8188,0.61292,0.73523,0.45234,1.73631,0.4781,0.80008,0.00139412,0.00139412,0.00139412
1532,11380.7,1.69977,0.48408,0.80728,0.81486,0.61381,0.73496,0.4539,1.73678,0.47696,0.79999,0.00139372,0.00139372,0.00139372
1533,11388.1,1.74578,0.49024,0.80265,0.8257,0.61588,0.74118,0.45716,1.73928,0.47579,0.8,0.00139333,0.00139333,0.00139333
1534,11395.8,1.67749,0.47875,0.80947,0.82137,0.61738,0.74205,0.45929,1.73175,0.47514,0.79999,0.00139293,0.00139293,0.00139293
1535,11403.4,1.67981,0.47892,0.80382,0.81544,0.61944,0.74282,0.46284,1.71445,0.47416,0.80003,0.00139254,0.00139254,0.00139254
1536,11410.8,1.68349,0.47382,0.80475,0.81875,0.61952,0.74397,0.46431,1.7022,0.47275,0.79996,0.00139214,0.00139214,0.00139214
1537,11418.5,1.68803,0.47257,0.80474,0.82899,0.61093,0.74107,0.46126,1.71858,0.47266,0.80019,0.00139174,0.00139174,0.00139174
1538,11425.7,1.70067,0.47847,0.80814,0.82217,0.61175,0.7405,0.46107,1.72032,0.47372,0.80033,0.00139135,0.00139135,0.00139135
1539,11433.5,1.71889,0.49216,0.80664,0.82213,0.61422,0.7394,0.46224,1.70359,0.47447,0.80038,0.00139095,0.00139095,0.00139095
1540,11440.3,1.65443,0.46792,0.80668,0.8232,0.61395,0.73851,0.46213,1.70025,0.47121,0.80053,0.00139056,0.00139056,0.00139056
1541,11448,1.76501,0.49471,0.80346,0.81934,0.61299,0.73583,0.46044,1.70089,0.47059,0.80032,0.00139016,0.00139016,0.00139016
1542,11455.3,1.71655,0.48887,0.80462,0.81457,0.61381,0.7366,0.45974,1.71108,0.4724,0.80028,0.00138976,0.00138976,0.00138976
1543,11462.8,1.67683,0.48687,0.812,0.81447,0.61628,0.73674,0.46026,1.72454,0.47388,0.80048,0.00138937,0.00138937,0.00138937
1544,11470.3,1.70861,0.48923,0.80661,0.81701,0.61711,0.73898,0.46291,1.70335,0.46993,0.79986,0.00138897,0.00138897,0.00138897
1545,11477.9,1.80807,0.50148,0.80526,0.81139,0.62308,0.74008,0.46212,1.709,0.46984,0.80042,0.00138858,0.00138858,0.00138858
1546,11485.4,1.71941,0.49475,0.80993,0.81021,0.62243,0.73969,0.46074,1.71073,0.47015,0.80023,0.00138818,0.00138818,0.00138818
1547,11493,1.67817,0.47972,0.80667,0.8088,0.62315,0.74063,0.46017,1.73377,0.47541,0.80039,0.00138778,0.00138778,0.00138778
1548,11500.4,1.71411,0.48052,0.80422,0.80995,0.62068,0.74033,0.46022,1.72695,0.47634,0.80052,0.00138739,0.00138739,0.00138739
1549,11507.9,1.71801,0.48435,0.80605,0.81034,0.62295,0.74006,0.46149,1.73177,0.47389,0.80087,0.00138699,0.00138699,0.00138699
1550,11515.1,1.68388,0.47936,0.80581,0.81372,0.62191,0.74034,0.46048,1.72655,0.4721,0.80064,0.0013866,0.0013866,0.0013866
1551,11522.9,1.64445,0.47593,0.80101,0.81661,0.61532,0.73723,0.45795,1.75067,0.47495,0.80057,0.0013862,0.0013862,0.0013862
1552,11530.4,1.7106,0.48812,0.80806,0.81681,0.61459,0.73802,0.45942,1.74119,0.47577,0.80057,0.0013858,0.0013858,0.0013858
1553,11538.1,1.63769,0.47005,0.80548,0.81488,0.62576,0.74268,0.46413,1.70971,0.46914,0.79923,0.00138541,0.00138541,0.00138541
1554,11545.4,1.72168,0.47986,0.80639,0.81384,0.62576,0.74327,0.46499,1.70178,0.46934,0.79882,0.00138501,0.00138501,0.00138501
1555,11552.9,1.804,0.49912,0.8016,0.8126,0.62205,0.74231,0.46644,1.69651,0.46923,0.79875,0.00138462,0.00138462,0.00138462
1556,11560.3,1.70042,0.47702,0.80319,0.8175,0.61619,0.74093,0.46506,1.71137,0.47171,0.799,0.00138422,0.00138422,0.00138422
1557,11568.2,1.77956,0.49421,0.80544,0.81673,0.61732,0.74066,0.46222,1.71039,0.471,0.79907,0.00138382,0.00138382,0.00138382
1558,11575.9,1.74454,0.49286,0.80665,0.81504,0.61766,0.7404,0.46231,1.7032,0.4704,0.79916,0.00138343,0.00138343,0.00138343
1559,11583.6,1.66221,0.47314,0.80465,0.81609,0.61532,0.73959,0.46097,1.71301,0.4692,0.79956,0.00138303,0.00138303,0.00138303
1560,11591,1.71105,0.48759,0.80683,0.81427,0.61683,0.74052,0.46152,1.7194,0.46993,0.79972,0.00138264,0.00138264,0.00138264
1561,11599,1.73955,0.48217,0.80715,0.81368,0.62172,0.74288,0.46498,1.70591,0.46758,0.7996,0.00138224,0.00138224,0.00138224
1562,11606.3,1.77973,0.49291,0.80523,0.81132,0.62457,0.74253,0.46653,1.68457,0.46499,0.79899,0.00138184,0.00138184,0.00138184
1563,11613.9,1.68363,0.4795,0.80322,0.81359,0.61958,0.74205,0.46425,1.70287,0.46878,0.79902,0.00138145,0.00138145,0.00138145
1564,11621.5,1.82853,0.49612,0.79997,0.81309,0.61697,0.74092,0.46095,1.71641,0.46845,0.79951,0.00138105,0.00138105,0.00138105
1565,11629,1.792,0.49786,0.8037,0.81284,0.61829,0.74024,0.46291,1.70201,0.46498,0.79966,0.00138066,0.00138066,0.00138066
1566,11636.4,1.62906,0.4672,0.8053,0.81378,0.61587,0.73878,0.46271,1.70526,0.46522,0.79986,0.00138026,0.00138026,0.00138026
1567,11644,1.68641,0.47859,0.80789,0.81774,0.62212,0.74378,0.46485,1.693,0.46348,0.79947,0.00137986,0.00137986,0.00137986
1568,11651.4,1.75553,0.48872,0.80696,0.81202,0.62342,0.74374,0.46464,1.68447,0.46258,0.79928,0.00137947,0.00137947,0.00137947
1569,11658.7,1.69979,0.48619,0.80576,0.80984,0.62548,0.74372,0.46519,1.68491,0.46621,0.79848,0.00137907,0.00137907,0.00137907
1570,11666.1,1.63377,0.47174,0.80474,0.81123,0.62356,0.74505,0.46718,1.67446,0.46523,0.79856,0.00137868,0.00137868,0.00137868
1571,11673.9,1.61674,0.473,0.8082,0.81604,0.62302,0.74564,0.467,1.67298,0.4668,0.79852,0.00137828,0.00137828,0.00137828
1572,11681.4,1.67499,0.48354,0.80672,0.81819,0.62466,0.74645,0.46544,1.6853,0.4688,0.79825,0.00137788,0.00137788,0.00137788
1573,11688.9,1.69287,0.4798,0.80653,0.81427,0.62411,0.74446,0.4656,1.67299,0.46937,0.79798,0.00137749,0.00137749,0.00137749
1574,11696.5,1.77483,0.48964,0.80222,0.81392,0.62095,0.74192,0.46446,1.67629,0.47095,0.79847,0.00137709,0.00137709,0.00137709
1575,11704.2,1.65885,0.47102,0.80474,0.81535,0.61587,0.74048,0.46289,1.66771,0.4682,0.79867,0.0013767,0.0013767,0.0013767
1576,11711.5,1.65759,0.46848,0.80358,0.81509,0.61312,0.73879,0.46221,1.67846,0.46998,0.79894,0.0013763,0.0013763,0.0013763
1577,11719,1.69453,0.482,0.80434,0.81968,0.61098,0.74045,0.46421,1.68327,0.47266,0.799,0.0013759,0.0013759,0.0013759
1578,11726.5,1.64855,0.46905,0.804,0.81793,0.61737,0.74306,0.46681,1.67729,0.46813,0.7988,0.00137551,0.00137551,0.00137551
1579,11734.3,1.71831,0.48406,0.80903,0.81575,0.61574,0.74263,0.46258,1.73345,0.48173,0.79884,0.00137511,0.00137511,0.00137511
1580,11741.8,1.79442,0.4976,0.8043,0.81394,0.61381,0.74,0.46019,1.7611,0.48601,0.79951,0.00137472,0.00137472,0.00137472
1581,11749.5,1.76711,0.49591,0.80425,0.81192,0.62342,0.74294,0.46793,1.70953,0.4796,0.79896,0.00137432,0.00137432,0.00137432
1582,11757.2,1.84751,0.50466,0.80494,0.8169,0.62589,0.74512,0.46746,1.69686,0.47525,0.7991,0.00137392,0.00137392,0.00137392
1583,11764.9,1.73259,0.48586,0.80518,0.81827,0.61752,0.74122,0.46295,1.7076,0.47703,0.79927,0.00137353,0.00137353,0.00137353
1584,11772.2,1.76455,0.49033,0.80388,0.81499,0.61503,0.73967,0.45883,1.72239,0.47751,0.79961,0.00137313,0.00137313,0.00137313
1585,11779.7,1.65511,0.47159,0.80514,0.81448,0.62054,0.74008,0.4597,1.70899,0.47148,0.79919,0.00137274,0.00137274,0.00137274
1586,11787.3,1.74234,0.48603,0.80292,0.81497,0.6215,0.7407,0.46182,1.69559,0.47087,0.79905,0.00137234,0.00137234,0.00137234
1587,11794.5,1.64362,0.46976,0.80499,0.81761,0.61973,0.74171,0.46289,1.69747,0.4693,0.79878,0.00137194,0.00137194,0.00137194
1588,11802,1.64714,0.47159,0.80676,0.81886,0.62124,0.74272,0.46443,1.68697,0.46679,0.79888,0.00137155,0.00137155,0.00137155
1589,11809.3,1.60693,0.46702,0.80336,0.81561,0.6182,0.74041,0.46427,1.68573,0.46528,0.79904,0.00137115,0.00137115,0.00137115
1590,11816.9,1.65273,0.4758,0.8046,0.81608,0.6189,0.7418,0.46504,1.68181,0.46462,0.79944,0.00137076,0.00137076,0.00137076
1591,11824.5,1.66861,0.47482,0.80494,0.8169,0.6193,0.74393,0.46663,1.67753,0.46702,0.80008,0.00137036,0.00137036,0.00137036
1592,11831.9,1.66922,0.47595,0.80459,0.81696,0.61738,0.74257,0.46384,1.68627,0.46752,0.80023,0.00136996,0.00136996,0.00136996
1593,11839.4,1.64026,0.47211,0.8024,0.81355,0.61642,0.73983,0.46373,1.67319,0.46541,0.79924,0.00136957,0.00136957,0.00136957
1594,11846.8,1.70628,0.4811,0.80357,0.81374,0.61477,0.7387,0.46171,1.67996,0.46539,0.7993,0.00136917,0.00136917,0.00136917
1595,11854.5,1.72102,0.4836,0.80489,0.81814,0.61422,0.73778,0.4617,1.69103,0.4671,0.79877,0.00136878,0.00136878,0.00136878
1596,11862,1.67523,0.4751,0.80272,0.81231,0.61587,0.73716,0.46207,1.68698,0.46573,0.79889,0.00136838,0.00136838,0.00136838
1597,11869.7,1.70523,0.47981,0.80622,0.81486,0.61935,0.74105,0.46419,1.68124,0.46415,0.79879,0.00136798,0.00136798,0.00136798
1598,11877,1.66735,0.47398,0.80299,0.81617,0.61917,0.74235,0.46621,1.66939,0.46221,0.79848,0.00136759,0.00136759,0.00136759
1599,11884.7,1.68439,0.48279,0.80653,0.81341,0.62184,0.74237,0.46718,1.66864,0.46183,0.79855,0.00136719,0.00136719,0.00136719
1600,11891.9,1.69923,0.48318,0.80516,0.80924,0.6237,0.74255,0.46632,1.67675,0.46267,0.79896,0.0013668,0.0013668,0.0013668
1601,11899.3,1.6648,0.47497,0.80337,0.81361,0.62054,0.74026,0.46342,1.67262,0.46089,0.79914,0.0013664,0.0013664,0.0013664
1602,11906.9,1.64422,0.47504,0.8087,0.81471,0.62177,0.74069,0.46267,1.67819,0.46081,0.79914,0.001366,0.001366,0.001366
1603,11914.8,1.73031,0.48796,0.80022,0.81376,0.62144,0.74017,0.4622,1.67557,0.46043,0.79894,0.00136561,0.00136561,0.00136561
1604,11922.3,1.68017,0.47694,0.79992,0.81134,0.62644,0.741,0.46243,1.67291,0.46266,0.79852,0.00136521,0.00136521,0.00136521
1605,11930,1.6837,0.47927,0.80799,0.80773,0.62693,0.74269,0.46422,1.67599,0.46188,0.7983,0.00136482,0.00136482,0.00136482
1606,11937.5,1.71109,0.48663,0.806,0.80861,0.62328,0.74074,0.46269,1.69485,0.46478,0.79917,0.00136442,0.00136442,0.00136442
1607,11945,1.69634,0.47748,0.80538,0.81295,0.6193,0.74077,0.46403,1.67794,0.46249,0.79915,0.00136402,0.00136402,0.00136402
1608,11952.6,1.70705,0.4885,0.80894,0.81104,0.62286,0.74267,0.46644,1.67886,0.465,0.79862,0.00136363,0.00136363,0.00136363
1609,11959.9,1.61835,0.46759,0.80662,0.8156,0.61958,0.74497,0.46565,1.68942,0.46718,0.79895,0.00136323,0.00136323,0.00136323
1610,11967.1,1.67329,0.4729,0.80293,0.81839,0.61669,0.74415,0.46413,1.70135,0.47031,0.79883,0.00136284,0.00136284,0.00136284
1611,11974.8,1.6812,0.47417,0.80584,0.81549,0.61889,0.74394,0.46529,1.68192,0.46701,0.79891,0.00136244,0.00136244,0.00136244
1612,11982.2,1.61565,0.47327,0.80567,0.81638,0.62191,0.74466,0.46426,1.6853,0.46622,0.79898,0.00136204,0.00136204,0.00136204
1613,11989.1,1.63767,0.4723,0.80434,0.81053,0.61642,0.73866,0.46073,1.70532,0.47041,0.79946,0.00136165,0.00136165,0.00136165
1614,11996.6,1.79792,0.50129,0.80221,0.81107,0.61824,0.7394,0.46255,1.69386,0.46859,0.79954,0.00136125,0.00136125,0.00136125
1615,12004.2,1.66155,0.47521,0.80221,0.81356,0.61765,0.74003,0.46163,1.70255,0.47284,0.7996,0.00136086,0.00136086,0.00136086
1616,12011.6,1.68128,0.48534,0.8066,0.81367,0.62048,0.74121,0.462,1.69998,0.471,0.79951,0.00136046,0.00136046,0.00136046
1617,12018.9,1.68686,0.4768,0.80497,0.81918,0.6201,0.74253,0.46096,1.70081,0.47119,0.79923,0.00136006,0.00136006,0.00136006
1618,12026.3,1.68736,0.47851,0.80213,0.81975,0.62095,0.74273,0.46306,1.70344,0.47122,0.79948,0.00135967,0.00135967,0.00135967
1619,12034.2,1.66562,0.47595,0.80372,0.82064,0.6206,0.74408,0.46713,1.68342,0.46743,0.79894,0.00135927,0.00135927,0.00135927
1620,12041.6,1.70816,0.48136,0.79963,0.82007,0.6182,0.74201,0.46443,1.69166,0.46875,0.79881,0.00135888,0.00135888,0.00135888
1621,12049.5,1.70552,0.48114,0.80311,0.82188,0.61175,0.73973,0.46212,1.70737,0.47239,0.79929,0.00135848,0.00135848,0.00135848
1622,12056.8,1.68417,0.47503,0.80225,0.82372,0.60943,0.73819,0.46114,1.70406,0.47155,0.79918,0.00135808,0.00135808,0.00135808
1623,12064.3,1.67276,0.47054,0.80663,0.82021,0.61066,0.73686,0.46041,1.70351,0.47438,0.79903,0.00135769,0.00135769,0.00135769
1624,12071.9,1.72006,0.48493,0.80441,0.82588,0.60805,0.73751,0.46034,1.69285,0.47171,0.79881,0.00135729,0.00135729,0.00135729
1625,12079.7,1.69738,0.47951,0.80134,0.8264,0.60777,0.73931,0.45801,1.71554,0.47341,0.7994,0.0013569,0.0013569,0.0013569
1626,12087.2,1.7116,0.48122,0.80376,0.82428,0.61024,0.73876,0.45924,1.70467,0.47159,0.79905,0.0013565,0.0013565,0.0013565
1627,12095,1.77988,0.48937,0.80298,0.82564,0.6134,0.74137,0.46128,1.70442,0.47016,0.79888,0.0013561,0.0013561,0.0013561
1628,12102.3,1.70793,0.48035,0.80315,0.82326,0.61904,0.74358,0.46362,1.69443,0.46821,0.79866,0.00135571,0.00135571,0.00135571
1629,12109.8,1.64187,0.47159,0.80535,0.82893,0.614,0.74283,0.46638,1.68472,0.46707,0.79844,0.00135531,0.00135531,0.00135531
1630,12117.4,1.63549,0.47326,0.80829,0.82983,0.61587,0.74335,0.46547,1.68079,0.46634,0.79838,0.00135492,0.00135492,0.00135492
1631,12125,1.60277,0.46369,0.80473,0.82925,0.61607,0.74069,0.46429,1.67321,0.46505,0.79826,0.00135452,0.00135452,0.00135452
1632,12132.4,1.68558,0.48224,0.80664,0.82595,0.6163,0.74009,0.46346,1.67429,0.46511,0.79804,0.00135412,0.00135412,0.00135412
1633,12140.2,1.67437,0.48045,0.80617,0.82651,0.61834,0.74123,0.46242,1.67727,0.46513,0.79799,0.00135373,0.00135373,0.00135373
1634,12147.4,1.66611,0.47429,0.80319,0.82606,0.61889,0.74242,0.46374,1.67899,0.46506,0.79825,0.00135333,0.00135333,0.00135333
1635,12155,1.63394,0.4691,0.80269,0.81766,0.62068,0.74342,0.46469,1.68198,0.46705,0.79806,0.00135294,0.00135294,0.00135294
1636,12162.5,1.71257,0.47834,0.80088,0.82065,0.6215,0.74429,0.46495,1.68434,0.4665,0.79829,0.00135254,0.00135254,0.00135254
1637,12169.9,1.69591,0.479,0.80322,0.81784,0.61944,0.74188,0.46251,1.69354,0.46599,0.79857,0.00135214,0.00135214,0.00135214
1638,12177.4,1.59156,0.46376,0.8062,0.81492,0.6215,0.74124,0.46123,1.69452,0.46919,0.799,0.00135175,0.00135175,0.00135175
1639,12184.7,1.62215,0.47556,0.80931,0.82193,0.6191,0.74071,0.46292,1.68391,0.46954,0.79899,0.00135135,0.00135135,0.00135135
1640,12192.1,1.75978,0.49022,0.80801,0.81668,0.61848,0.73824,0.46098,1.69921,0.47106,0.79944,0.00135096,0.00135096,0.00135096
1641,12199.8,1.71012,0.48251,0.80483,0.8204,0.61834,0.73873,0.46024,1.69788,0.46935,0.7992,0.00135056,0.00135056,0.00135056
1642,12207.1,1.71141,0.47679,0.80141,0.82062,0.61612,0.73836,0.46193,1.6914,0.46672,0.79896,0.00135016,0.00135016,0.00135016
1643,12214.5,1.75128,0.48464,0.79977,0.82258,0.62122,0.74281,0.46379,1.68706,0.46561,0.79819,0.00134977,0.00134977,0.00134977
1644,12222.1,1.70963,0.47876,0.7969,0.82081,0.62321,0.74451,0.46434,1.68064,0.46334,0.79804,0.00134937,0.00134937,0.00134937
1645,12229.5,1.69092,0.48032,0.80396,0.82422,0.62219,0.7477,0.46721,1.67986,0.4637,0.79848,0.00134898,0.00134898,0.00134898
1646,12237.2,1.65157,0.47355,0.8036,0.82069,0.62457,0.74773,0.46653,1.69505,0.46763,0.79874,0.00134858,0.00134858,0.00134858
1647,12244.6,1.67277,0.47401,0.80682,0.81813,0.61848,0.74263,0.46398,1.69523,0.46948,0.79874,0.00134818,0.00134818,0.00134818
1648,12251.7,1.5684,0.46491,0.80846,0.81461,0.61848,0.74126,0.46428,1.68934,0.46885,0.79868,0.00134779,0.00134779,0.00134779
1649,12259.2,1.68182,0.47388,0.80522,0.81875,0.61642,0.74099,0.46644,1.67998,0.46247,0.79825,0.00134739,0.00134739,0.00134739
1650,12266.8,1.71487,0.48696,0.80205,0.82203,0.61637,0.7422,0.46665,1.67868,0.4625,0.79832,0.001347,0.001347,0.001347
1651,12274.6,1.69484,0.48239,0.80196,0.82086,0.61326,0.73923,0.4641,1.69181,0.46422,0.79902,0.0013466,0.0013466,0.0013466
1652,12281.8,1.65873,0.47537,0.80499,0.82506,0.61546,0.74127,0.4642,1.68733,0.46321,0.79938,0.0013462,0.0013462,0.0013462
1653,12289.6,1.70464,0.47624,0.80419,0.82793,0.61369,0.74205,0.46439,1.69343,0.46424,0.79937,0.00134581,0.00134581,0.00134581
1654,12297.1,1.58744,0.46237,0.80281,0.82672,0.61505,0.7439,0.46665,1.68466,0.46348,0.79928,0.00134541,0.00134541,0.00134541
1655,12304.4,1.69128,0.47488,0.80067,0.82027,0.61573,0.74329,0.46416,1.70102,0.4633,0.79931,0.00134502,0.00134502,0.00134502
1656,12312,1.68888,0.47526,0.80527,0.82129,0.61244,0.74285,0.46375,1.70176,0.46417,0.79935,0.00134462,0.00134462,0.00134462
