epoch,time,train/box_loss,train/cls_loss,train/dfl_loss,metrics/precision(B),metrics/recall(B),metrics/mAP50(B),metrics/mAP50-95(B),val/box_loss,val/cls_loss,val/dfl_loss,lr/pg0,lr/pg1,lr/pg2
1,5.81526,6.08612,3.36507,3.50147,0.02098,0.02938,0.01118,0.00413,7.02117,3.84452,3.5259,4e-05,4e-05,4e-05
2,9.88154,6.00367,3.5755,3.4714,0.02333,0.03267,0.01255,0.00472,6.9967,3.83528,3.51137,9.9901e-05,9.9901e-05,9.9901e-05
3,13.7151,5.6801,3.26681,3.24439,0.3628,0.28583,0.25827,0.08553,5.50983,2.13424,2.50107,0.000159683,0.000159683,0.000159683
4,18.3397,4.70607,1.87341,2.61609,0.38797,0.29311,0.27382,0.09184,5.5501,4.59684,2.51608,0.000219347,0.000219347,0.000219347
5,22.6218,4.8578,1.50796,2.61169,0.48781,0.37424,0.38714,0.13585,4.94251,3.20434,2.41829,0.000278891,0.000278891,0.000278891
6,27.2765,4.40129,1.37459,2.49399,0.51837,0.39038,0.41291,0.14842,4.97327,2.78238,2.40348,0.000338317,0.000338317,0.000338317
7,31.7,4.25478,1.23317,2.47856,0.52859,0.38605,0.41055,0.15694,4.85429,4.82772,2.40047,0.000397624,0.000397624,0.000397624
8,36.4361,4.44322,1.31069,2.44791,0.51749,0.41186,0.42559,0.16425,4.72784,3.66414,2.35348,0.000456812,0.000456812,0.000456812
9,40.7302,4.20808,1.16861,2.41901,0.41631,0.39909,0.29369,0.11645,4.65285,10.5189,2.35417,0.000515882,0.000515882,0.000515882
10,45.5025,3.89628,1.20528,2.41099,0.47618,0.36807,0.3504,0.13209,5.3035,inf,2.49971,0.000574832,0.000574832,0.000574832
11,49.8346,4.03202,1.13767,2.44135,0.24299,0.29833,0.18991,0.07292,4.88254,inf,2.38261,0.000633664,0.000633664,0.000633664
12,54.4408,4.1588,1.1941,2.38727,0.03588,0.05025,0.01888,0.01013,4.68498,inf,2.43498,0.000692377,0.000692377,0.000692377
13,58.7635,4.33672,1.16668,2.41996,0.02216,0.03103,0.01142,0.0063,4.62158,inf,2.4653,0.000750971,0.000750971,0.000750971
14,63.2608,4.12827,1.12673,2.40118,0.03382,0.04736,0.01772,0.00971,4.45204,inf,2.33487,0.000809447,0.000809447,0.000809447
15,68.0778,4.11053,1.12257,2.38372,0.20469,0.27897,0.12997,0.05642,4.40127,6.35737,2.34836,0.000867803,0.000867803,0.000867803
16,72.7336,3.93003,1.14683,2.3681,0.3699,0.37191,0.26902,0.10432,4.44278,2.59987,2.3389,0.000926041,0.000926041,0.000926041
17,76.8268,4.17049,1.13123,2.36988,0.42181,0.4201,0.30619,0.11982,4.48102,3.93033,2.32993,0.00098416,0.00098416,0.00098416
18,81.6852,3.82795,1.07898,2.37309,0.42418,0.45415,0.30843,0.12303,4.3652,3.3601,2.30101,0.00104216,0.00104216,0.00104216
19,85.7985,4.02153,1.11829,2.34446,0.39428,0.41955,0.2778,0.10411,4.50435,2.68912,2.31302,0.00110004,0.00110004,0.00110004
20,89.9048,4.0089,1.07007,2.34585,0.47978,0.43451,0.3433,0.12929,4.60018,1.83522,2.34282,0.0011578,0.0011578,0.0011578
21,94.101,4.01922,1.10383,2.41284,0.49472,0.45923,0.38201,0.14988,4.38206,1.59126,2.29957,0.00121545,0.00121545,0.00121545
22,98.6254,4.09993,1.18423,2.43742,0.49602,0.45923,0.40934,0.17281,4.24154,1.45298,2.29543,0.00127297,0.00127297,0.00127297
23,103.647,4.08933,1.11737,2.34694,0.49147,0.46623,0.40638,0.1648,4.363,1.35952,2.29247,0.00133038,0.00133038,0.00133038
24,107.921,3.84614,1.08068,2.34379,0.52127,0.43163,0.4248,0.16016,4.55093,1.29295,2.32429,0.00138767,0.00138767,0.00138767
25,112.388,3.9142,1.08711,2.35404,0.53102,0.43836,0.42252,0.17763,4.16041,1.29662,2.29407,0.00144484,0.00144484,0.00144484
26,116.468,3.87561,1.0234,2.35016,0.49913,0.42326,0.36453,0.14536,4.34572,2.32814,2.28489,0.00150189,0.00150189,0.00150189
27,120.433,3.92287,1.03301,2.34797,0.43378,0.35736,0.32414,0.12438,4.8267,1.70447,2.33265,0.00155882,0.00155882,0.00155882
28,125.068,4.04311,1.05957,2.35022,0.48025,0.38509,0.38222,0.15284,4.62899,1.40338,2.33954,0.00161563,0.00161563,0.00161563
29,129.268,3.94582,1.09949,2.38721,0.48233,0.38303,0.37707,0.1431,4.63637,1.47863,2.35239,0.00167232,0.00167232,0.00167232
30,133.741,4.01703,1.08967,2.31855,0.47077,0.40007,0.36959,0.1487,4.4329,1.65353,2.34555,0.0017289,0.0017289,0.0017289
31,137.835,3.89346,1.03394,2.34995,0.46628,0.39703,0.36617,0.14514,4.60302,1.62716,2.35648,0.00178535,0.00178535,0.00178535
32,142.054,3.92825,1.05673,2.35,0.45464,0.39044,0.35958,0.14057,4.54606,1.60737,2.34856,0.00184169,0.00184169,0.00184169
33,146.093,3.98701,1.07393,2.31411,0.44438,0.38042,0.35442,0.14065,4.47767,1.81991,2.33875,0.00189791,0.00189791,0.00189791
34,150.378,3.76692,1.03773,2.36685,0.5614,0.41584,0.44884,0.18913,4.358,1.30811,2.30548,0.00193466,0.00193466,0.00193466
35,155.11,4.02864,1.03645,2.30307,0.51277,0.38866,0.40615,0.14603,4.74577,1.58654,2.36787,0.00193268,0.00193268,0.00193268
36,159.563,3.91592,1.03879,2.32222,0.44582,0.35585,0.34531,0.1384,4.81177,1.76382,2.40946,0.0019307,0.0019307,0.0019307
37,163.764,3.8409,1.013,2.32583,0.45961,0.39958,0.37437,0.14974,4.68592,1.58523,2.38038,0.00192872,0.00192872,0.00192872
38,168.186,3.81831,1.01373,2.34635,0.58819,0.45785,0.48058,0.20668,4.19134,1.42138,2.29771,0.00192674,0.00192674,0.00192674
39,172.753,3.77042,0.99413,2.35919,0.65132,0.48696,0.5339,0.23601,4.01115,1.24988,2.26537,0.00192476,0.00192476,0.00192476
40,177.285,3.86737,1.02271,2.37792,0.62234,0.47707,0.51336,0.20835,4.30396,1.25899,2.27799,0.00192278,0.00192278,0.00192278
41,181.312,4.07155,1.07364,2.3396,0.61402,0.45566,0.48322,0.19281,4.40035,1.31156,2.30836,0.0019208,0.0019208,0.0019208
42,185.691,4.16462,1.10481,2.36483,0.58843,0.47117,0.4822,0.19393,4.30166,1.3124,2.27462,0.00191882,0.00191882,0.00191882
43,189.572,3.68625,0.9933,2.34867,0.60982,0.46019,0.48966,0.20379,4.2582,1.45487,2.28184,0.00191684,0.00191684,0.00191684
44,194.026,3.85483,1.01326,2.33973,0.44642,0.4573,0.37473,0.15351,4.28095,1.87432,2.28594,0.00191486,0.00191486,0.00191486
45,198.43,3.68892,1.04149,2.30657,0.48393,0.36491,0.36777,0.13637,4.59853,1.43311,2.3288,0.00191288,0.00191288,0.00191288
46,203.412,3.85835,1.04571,2.33519,0.56513,0.38331,0.41658,0.15912,4.7537,1.45042,2.37137,0.0019109,0.0019109,0.0019109
47,207.563,4.12975,1.10138,2.37164,0.5913,0.42916,0.47052,0.18589,4.54849,1.35442,2.33259,0.00190892,0.00190892,0.00190892
48,212.056,3.76585,1.01412,2.34361,0.55084,0.43451,0.45492,0.18456,4.42094,1.23241,2.31053,0.00190694,0.00190694,0.00190694
49,216.688,3.91056,1.0533,2.3507,0.61493,0.43827,0.48461,0.2008,4.38213,1.23942,2.31344,0.00190496,0.00190496,0.00190496
50,221.457,3.65486,1.02506,2.36638,0.59458,0.43699,0.47121,0.1881,4.37722,1.27858,2.29893,0.00190298,0.00190298,0.00190298
51,225.966,3.88155,0.99725,2.31467,0.52252,0.39909,0.40858,0.16119,4.42998,1.35534,2.28491,0.001901,0.001901,0.001901
52,230.308,3.87191,1.0349,2.34741,0.55302,0.42353,0.44454,0.1759,4.23636,1.34629,2.27016,0.00189902,0.00189902,0.00189902
53,234.433,3.88715,1.02525,2.32831,0.61483,0.4492,0.49174,0.19792,4.18739,1.33373,2.26168,0.00189704,0.00189704,0.00189704
54,238.805,3.83617,0.97502,2.28494,0.63297,0.48627,0.51928,0.22791,3.95555,1.17858,2.25052,0.00189506,0.00189506,0.00189506
55,242.925,3.81218,1.02327,2.30157,0.63536,0.48034,0.52995,0.2308,3.98672,1.08746,2.24783,0.00189308,0.00189308,0.00189308
56,247.444,3.54963,1.01492,2.31581,0.6743,0.51139,0.56717,0.25244,3.89293,1.10658,2.25399,0.0018911,0.0018911,0.0018911
57,252.133,3.79665,1.09033,2.32384,0.63733,0.47914,0.52848,0.2093,4.05518,1.12886,2.24642,0.00188912,0.00188912,0.00188912
58,256.619,3.86522,1.00298,2.30743,0.62721,0.47748,0.52053,0.20528,4.27342,1.23207,2.27311,0.00188714,0.00188714,0.00188714
59,260.849,3.89478,0.99783,2.30854,0.61129,0.46911,0.50975,0.19239,4.43314,1.21668,2.29437,0.00188516,0.00188516,0.00188516
60,265.062,3.61836,0.9858,2.32998,0.62694,0.45634,0.50267,0.20881,4.11837,1.20044,2.25888,0.00188318,0.00188318,0.00188318
61,269.015,3.80584,1.01175,2.3263,0.56665,0.45538,0.46708,0.18613,4.19745,1.33968,2.2596,0.0018812,0.0018812,0.0018812
62,273.68,3.6717,1.01482,2.34798,0.60146,0.47419,0.48527,0.2094,3.93273,1.42839,2.24043,0.00187922,0.00187922,0.00187922
63,277.715,3.7545,0.97085,2.30677,0.59922,0.47501,0.48425,0.20154,4.00119,1.24684,2.24237,0.00187724,0.00187724,0.00187724
64,282.405,3.71736,0.98447,2.28552,0.65765,0.49028,0.53661,0.23774,3.91346,1.15081,2.23998,0.00187526,0.00187526,0.00187526
65,286.84,3.77348,0.99834,2.30499,0.64374,0.49959,0.5409,0.23968,4.04042,1.26881,2.25594,0.00187328,0.00187328,0.00187328
66,291.578,3.74798,0.96201,2.29793,0.58609,0.4698,0.48361,0.19475,4.02841,1.14164,2.24939,0.0018713,0.0018713,0.0018713
67,295.877,3.72282,0.97099,2.31735,0.62799,0.50151,0.5243,0.22832,3.80107,1.11873,2.23883,0.00186932,0.00186932,0.00186932
68,300.173,3.8212,1.02758,2.35911,0.66414,0.48586,0.54704,0.24177,4.02201,1.25957,2.26174,0.00186734,0.00186734,0.00186734
69,304.265,3.527,0.95512,2.30605,0.68033,0.49314,0.5659,0.26278,3.81636,1.11472,2.24214,0.00186536,0.00186536,0.00186536
70,309.261,3.52526,0.94207,2.29932,0.62169,0.493,0.54189,0.24201,3.82603,1.026,2.22944,0.00186338,0.00186338,0.00186338
71,313.479,3.75994,0.98225,2.32756,0.62487,0.49149,0.53772,0.23355,3.85256,1.02362,2.2316,0.0018614,0.0018614,0.0018614
72,317.779,3.57345,0.98316,2.33091,0.64839,0.47831,0.54316,0.24066,3.80794,0.99994,2.24156,0.00185942,0.00185942,0.00185942
73,321.789,3.6069,0.94621,2.27008,0.66548,0.48298,0.55798,0.2551,3.78159,0.97851,2.25125,0.00185744,0.00185744,0.00185744
74,326.242,3.53359,0.9376,2.29063,0.66092,0.50124,0.57441,0.24602,4.00715,1.00404,2.23993,0.00185546,0.00185546,0.00185546
75,330.521,3.76903,0.98988,2.33959,0.65555,0.50082,0.56769,0.24393,4.06992,1.02709,2.25461,0.00185348,0.00185348,0.00185348
76,334.623,3.57553,0.96347,2.31075,0.68047,0.49506,0.56915,0.25544,3.87948,0.97642,2.23682,0.0018515,0.0018515,0.0018515
77,338.758,3.71572,0.97191,2.29694,0.66059,0.49012,0.55393,0.23523,4.0079,1.01606,2.24669,0.00184952,0.00184952,0.00184952
78,343.044,3.83303,0.99909,2.35991,0.67926,0.50302,0.57332,0.25083,3.92094,1.22794,2.24292,0.00184754,0.00184754,0.00184754
79,347.303,3.78855,1.01058,2.33891,0.63567,0.5092,0.56184,0.23083,4.07254,1.13514,2.24804,0.00184556,0.00184556,0.00184556
80,351.793,3.69728,0.9478,2.27771,0.70825,0.52128,0.60414,0.28112,3.70587,0.95415,2.23876,0.00184358,0.00184358,0.00184358
81,356.09,3.71788,0.97141,2.3222,0.68973,0.51943,0.59489,0.27403,3.73128,0.93394,2.23487,0.0018416,0.0018416,0.0018416
82,360.389,3.7151,0.95519,2.28824,0.67324,0.5059,0.5813,0.25788,3.84904,0.95883,2.24067,0.00183962,0.00183962,0.00183962
83,364.302,3.83254,0.98758,2.31915,0.68188,0.52485,0.59429,0.26899,3.80467,1.00274,2.23388,0.00183764,0.00183764,0.00183764
84,368.8,3.78085,0.97464,2.28374,0.66669,0.50939,0.57409,0.25724,3.74199,0.99764,2.22415,0.00183566,0.00183566,0.00183566
85,373.366,3.57292,0.9487,2.26893,0.63734,0.49808,0.55121,0.23248,3.86557,1.01241,2.22797,0.00183368,0.00183368,0.00183368
86,378.119,3.61374,0.96407,2.2686,0.69272,0.51332,0.58261,0.26592,3.85938,1.02759,2.23342,0.0018317,0.0018317,0.0018317
87,382.576,3.95921,0.99775,2.30987,0.67287,0.49616,0.56063,0.24636,3.92737,1.05063,2.23548,0.00182972,0.00182972,0.00182972
88,387.076,3.61302,0.92559,2.28035,0.62947,0.48885,0.54431,0.2276,3.88596,0.99954,2.22985,0.00182774,0.00182774,0.00182774
89,391.579,3.7591,0.99273,2.28594,0.66827,0.497,0.57142,0.25899,3.77921,0.97514,2.23499,0.00182576,0.00182576,0.00182576
90,396.066,3.51063,0.90275,2.2566,0.67405,0.52095,0.59184,0.27356,3.76136,0.94684,2.22366,0.00182378,0.00182378,0.00182378
91,400.303,3.83265,0.95563,2.30754,0.68556,0.50741,0.58951,0.26484,3.86243,0.97789,2.23624,0.0018218,0.0018218,0.0018218
92,405.474,3.64799,0.97283,2.30171,0.68181,0.4941,0.57895,0.26454,3.81703,0.97641,2.23715,0.00181982,0.00181982,0.00181982
93,409.376,3.5531,0.89522,2.26706,0.67726,0.47543,0.56067,0.25742,3.81139,0.9823,2.25709,0.00181784,0.00181784,0.00181784
94,413.909,3.76403,1.01099,2.29856,0.69483,0.49396,0.57409,0.26461,3.75589,0.97062,2.23246,0.00181586,0.00181586,0.00181586
95,418.378,3.65964,0.95546,2.3247,0.66731,0.49341,0.56803,0.26495,3.71841,0.95305,2.22031,0.00181388,0.00181388,0.00181388
96,423.129,3.55161,0.92943,2.25942,0.69549,0.49725,0.58954,0.28089,3.69099,0.95069,2.21848,0.0018119,0.0018119,0.0018119
97,427.303,3.603,0.98246,2.30689,0.70691,0.52183,0.60637,0.29844,3.54707,0.90051,2.22124,0.00180992,0.00180992,0.00180992
98,432.083,3.56785,0.91406,2.29796,0.69522,0.52547,0.60591,0.29632,3.56849,0.92551,2.22716,0.00180794,0.00180794,0.00180794
99,436.639,3.47751,0.88679,2.2841,0.67556,0.53372,0.60408,0.29109,3.57285,0.90944,2.2234,0.00180596,0.00180596,0.00180596
100,440.987,3.57909,0.90888,2.27238,0.7065,0.52942,0.60669,0.28271,3.69537,0.93678,2.22783,0.00180398,0.00180398,0.00180398
101,445.217,3.42013,0.90852,2.25651,0.71796,0.51702,0.59615,0.26707,3.9819,0.99368,2.26025,0.001802,0.001802,0.001802
102,450.139,3.50987,0.9109,2.26614,0.70455,0.51469,0.59641,0.28141,3.65643,0.93695,2.23597,0.00180002,0.00180002,0.00180002
103,454.537,3.72402,0.98002,2.31717,0.70176,0.52348,0.59409,0.27027,3.90383,1.0393,2.24425,0.00179804,0.00179804,0.00179804
104,459.041,3.60877,0.9473,2.26141,0.68478,0.5346,0.60302,0.28411,3.62711,0.97478,2.22333,0.00179606,0.00179606,0.00179606
105,463.243,3.65695,0.93701,2.32266,0.6949,0.52842,0.60241,0.28177,3.72183,0.9985,2.23511,0.00179408,0.00179408,0.00179408
106,467.847,3.57383,0.93581,2.28285,0.72616,0.54283,0.62873,0.30508,3.50959,0.93559,2.21566,0.0017921,0.0017921,0.0017921
107,472.496,3.57379,0.91474,2.26389,0.72264,0.53638,0.62205,0.29743,3.55828,0.93311,2.21841,0.00179012,0.00179012,0.00179012
108,477.145,3.51307,0.91236,2.26419,0.67171,0.52192,0.58656,0.27513,3.59373,0.96244,2.22213,0.00178814,0.00178814,0.00178814
109,481.258,3.50919,0.90342,2.27736,0.64214,0.49629,0.55489,0.24326,3.86455,1.0082,2.23433,0.00178616,0.00178616,0.00178616
110,485.774,3.65644,0.92902,2.29761,0.69853,0.51332,0.59496,0.28238,3.66314,0.98808,2.23206,0.00178418,0.00178418,0.00178418
111,490.034,3.41411,0.90354,2.28385,0.70787,0.51249,0.59625,0.27433,3.77099,1.03539,2.23912,0.0017822,0.0017822,0.0017822
112,494.163,3.64882,0.94386,2.28249,0.6714,0.50546,0.57794,0.25717,3.82961,0.96151,2.23054,0.00178022,0.00178022,0.00178022
113,498.715,3.47857,0.91191,2.27134,0.69461,0.51373,0.59674,0.28292,3.63552,0.94061,2.22374,0.00177824,0.00177824,0.00177824
114,503.26,3.33102,0.87127,2.26129,0.7153,0.51741,0.60809,0.28645,3.64224,0.97775,2.22316,0.00177626,0.00177626,0.00177626
115,507.776,3.66397,0.94686,2.28689,0.67543,0.51224,0.58419,0.25622,3.91697,0.99117,2.22777,0.00177428,0.00177428,0.00177428
116,512.199,3.64358,0.95277,2.30139,0.70624,0.51489,0.59507,0.28388,3.61318,0.99129,2.22293,0.0017723,0.0017723,0.0017723
117,516.5,3.49521,0.93396,2.25944,0.71293,0.51373,0.60324,0.29072,3.54853,0.97537,2.2188,0.00177032,0.00177032,0.00177032
118,520.802,3.333,0.89802,2.27248,0.69754,0.5092,0.59534,0.28093,3.67426,0.94016,2.22238,0.00176834,0.00176834,0.00176834
119,524.803,3.51111,0.92944,2.2707,0.70348,0.51318,0.6004,0.28709,3.6092,0.94457,2.21927,0.00176636,0.00176636,0.00176636
120,529.09,3.30756,0.87475,2.27592,0.6797,0.50401,0.58416,0.26981,3.65074,0.9922,2.21411,0.00176438,0.00176438,0.00176438
121,533.686,3.59624,0.89848,2.23525,0.68431,0.51496,0.58618,0.26555,3.67381,1.04212,2.21635,0.0017624,0.0017624,0.0017624
122,538.056,3.47396,0.90765,2.26344,0.70137,0.50783,0.59541,0.28562,3.48776,0.91684,2.20843,0.00176042,0.00176042,0.00176042
123,542.043,3.30626,0.89202,2.25515,0.73073,0.52073,0.61477,0.30097,3.45785,0.89275,2.20932,0.00175844,0.00175844,0.00175844
124,546.617,3.28821,0.85953,2.2814,0.73318,0.53116,0.6276,0.30696,3.50002,1.00713,2.20461,0.00175646,0.00175646,0.00175646
125,551.399,3.46189,0.93756,2.2865,0.74503,0.53171,0.63162,0.31255,3.45809,0.98687,2.20132,0.00175448,0.00175448,0.00175448
126,555.582,3.41399,0.90437,2.2524,0.70535,0.52993,0.61354,0.30171,3.52479,1.00848,2.2086,0.0017525,0.0017525,0.0017525
127,559.177,3.53429,0.92002,2.27597,0.7192,0.52006,0.61393,0.30842,3.44349,0.97481,2.20145,0.00175052,0.00175052,0.00175052
128,563.376,3.31084,0.88857,2.28478,0.73258,0.53007,0.62288,0.30596,3.46687,0.94515,2.20095,0.00174854,0.00174854,0.00174854
129,568.086,3.34125,0.84846,2.2426,0.73486,0.52622,0.62055,0.29989,3.53902,0.90876,2.20348,0.00174656,0.00174656,0.00174656
130,572.508,3.36258,0.87238,2.23477,0.74794,0.5304,0.63044,0.31164,3.47341,0.89988,2.20656,0.00174458,0.00174458,0.00174458
131,576.802,3.44058,0.89507,2.28285,0.73508,0.53528,0.62671,0.30537,3.49379,0.9124,2.20842,0.0017426,0.0017426,0.0017426
132,581.273,3.3268,0.86907,2.25261,0.71868,0.52574,0.61401,0.30658,3.40745,0.88179,2.20195,0.00174062,0.00174062,0.00174062
133,585.682,3.19157,0.87793,2.26209,0.72667,0.53226,0.62346,0.31357,3.38761,0.86282,2.19941,0.00173864,0.00173864,0.00173864
134,590.211,3.60676,0.94084,2.28532,0.71645,0.54887,0.63785,0.32325,3.34283,0.87897,2.19335,0.00173666,0.00173666,0.00173666
135,594.828,3.23187,0.85912,2.25483,0.73529,0.54074,0.63728,0.32153,3.34473,0.9122,2.1945,0.00173468,0.00173468,0.00173468
136,599.182,3.34256,0.91644,2.27686,0.71471,0.54377,0.62956,0.30573,3.44495,0.89412,2.19898,0.0017327,0.0017327,0.0017327
137,603.414,3.3229,0.87463,2.25962,0.72686,0.54091,0.62791,0.30435,3.59673,0.91753,2.21272,0.00173072,0.00173072,0.00173072
138,607.556,3.53338,0.90031,2.2879,0.71818,0.5332,0.63088,0.30938,3.52688,0.89346,2.20242,0.00172874,0.00172874,0.00172874
139,611.351,3.25709,0.84724,2.2653,0.71718,0.53748,0.62987,0.30196,3.59888,0.89023,2.20475,0.00172676,0.00172676,0.00172676
140,615.656,3.48704,0.92563,2.28044,0.75137,0.5302,0.62936,0.30964,3.40398,0.91673,2.19609,0.00172478,0.00172478,0.00172478
141,619.975,3.35498,0.87189,2.27544,0.73136,0.53377,0.62223,0.30817,3.40616,0.92002,2.19798,0.0017228,0.0017228,0.0017228
142,624.451,3.31821,0.88669,2.29825,0.72366,0.52183,0.61322,0.30477,3.42247,0.87762,2.20241,0.00172082,0.00172082,0.00172082
143,628.386,3.40162,0.8891,2.27586,0.71871,0.53858,0.62483,0.31506,3.37047,0.87582,2.19594,0.00171884,0.00171884,0.00171884
144,632.648,3.31126,0.86532,2.25145,0.72952,0.53949,0.62985,0.31466,3.4424,0.87691,2.20107,0.00171686,0.00171686,0.00171686
145,637.052,3.17155,0.83625,2.2713,0.71114,0.5347,0.62287,0.31138,3.42069,0.86607,2.20187,0.00171488,0.00171488,0.00171488
146,641.693,3.29418,0.87031,2.28398,0.73602,0.5383,0.63117,0.30895,3.4589,0.86796,2.20504,0.0017129,0.0017129,0.0017129
147,645.706,3.21162,0.8332,2.23692,0.72447,0.54471,0.63491,0.31144,3.44391,0.85694,2.20074,0.00171092,0.00171092,0.00171092
148,650.008,3.38336,0.87989,2.25876,0.72504,0.52383,0.62189,0.31082,3.45689,0.86779,2.20255,0.00170894,0.00170894,0.00170894
149,654.289,3.40309,0.88406,2.26301,0.72738,0.52785,0.62489,0.31073,3.45574,0.85007,2.19598,0.00170696,0.00170696,0.00170696
150,658.806,3.2824,0.83066,2.23687,0.75259,0.53996,0.63493,0.31569,3.41985,0.89652,2.2023,0.00170498,0.00170498,0.00170498
151,662.758,3.42636,0.88405,2.255,0.73513,0.52506,0.62381,0.3018,3.48466,0.87592,2.19415,0.001703,0.001703,0.001703
152,667.193,3.51031,0.89614,2.25586,0.72961,0.54654,0.62932,0.30301,3.55559,0.90723,2.21222,0.00170102,0.00170102,0.00170102
153,671.644,3.30335,0.85485,2.27723,0.74705,0.53885,0.6304,0.30094,3.57883,0.91259,2.20889,0.00169904,0.00169904,0.00169904
154,676.075,3.46821,0.88558,2.26336,0.74215,0.54791,0.64036,0.32542,3.37145,0.8531,2.1987,0.00169706,0.00169706,0.00169706
155,680.413,3.29003,0.83895,2.269,0.7432,0.52763,0.62013,0.29327,3.81891,0.94971,2.22876,0.00169508,0.00169508,0.00169508
156,684.905,3.32469,0.86126,2.27461,0.71628,0.53167,0.6194,0.30582,3.41299,0.86636,2.19575,0.0016931,0.0016931,0.0016931
157,688.961,3.43307,0.88039,2.26119,0.73217,0.53858,0.62992,0.31193,3.3898,0.84978,2.19509,0.00169112,0.00169112,0.00169112
158,693.239,3.39533,0.91229,2.24843,0.73452,0.53638,0.62729,0.30738,3.48467,0.85707,2.2047,0.00168914,0.00168914,0.00168914
159,697.549,3.41287,0.8884,2.26873,0.72483,0.52403,0.6197,0.31157,3.42923,0.84967,2.19816,0.00168716,0.00168716,0.00168716
160,701.964,3.38215,0.86766,2.25693,0.72217,0.53278,0.62532,0.3155,3.41086,0.84888,2.19773,0.00168518,0.00168518,0.00168518
161,706.015,3.30207,0.85939,2.2784,0.71009,0.51954,0.61461,0.30171,3.43073,0.86297,2.19429,0.0016832,0.0016832,0.0016832
162,710.289,3.3321,0.84643,2.23073,0.72505,0.52142,0.61911,0.30653,3.45246,0.87432,2.19736,0.00168122,0.00168122,0.00168122
163,714.829,3.28909,0.85755,2.25823,0.72577,0.5324,0.62586,0.32181,3.32908,0.8529,2.18927,0.00167924,0.00167924,0.00167924
164,719.205,3.17995,0.82098,2.25575,0.7242,0.52677,0.61933,0.30439,3.49883,0.86867,2.19775,0.00167726,0.00167726,0.00167726
165,723.421,3.26991,0.81267,2.23953,0.72174,0.51647,0.61322,0.30266,3.46073,0.88185,2.19638,0.00167528,0.00167528,0.00167528
166,727.58,3.3864,0.849,2.24607,0.69539,0.50604,0.59358,0.28521,3.52512,0.91158,2.20183,0.0016733,0.0016733,0.0016733
167,732.149,3.57356,0.88656,2.26348,0.7268,0.52169,0.61827,0.3088,3.41637,0.86518,2.19494,0.00167132,0.00167132,0.00167132
168,736.305,3.37443,0.85249,2.24945,0.7393,0.53143,0.62987,0.31678,3.39685,0.85005,2.19592,0.00166934,0.00166934,0.00166934
169,740.476,3.44495,0.86155,2.25635,0.73345,0.53567,0.63348,0.31961,3.35574,0.84337,2.19303,0.00166736,0.00166736,0.00166736
170,745.032,3.3573,0.84272,2.25559,0.74682,0.53902,0.63794,0.32744,3.27702,0.81422,2.19195,0.00166538,0.00166538,0.00166538
171,749.398,3.30272,0.85852,2.27255,0.74058,0.54398,0.63793,0.32803,3.27523,0.81081,2.19218,0.0016634,0.0016634,0.0016634
172,753.952,3.43525,0.85221,2.24232,0.72362,0.51373,0.60021,0.27865,3.73127,0.93811,2.24701,0.00166142,0.00166142,0.00166142
173,758.109,3.55809,0.90626,2.29162,0.73415,0.53531,0.62527,0.309,3.43987,0.86173,2.2084,0.00165944,0.00165944,0.00165944
174,762.788,3.52115,0.89392,2.26502,0.72594,0.54184,0.62965,0.30849,3.46508,0.8917,2.208,0.00165746,0.00165746,0.00165746
175,767.122,3.42404,0.88152,2.27019,0.7447,0.52608,0.62453,0.29916,3.50967,0.90589,2.21399,0.00165548,0.00165548,0.00165548
176,771.474,3.3874,0.88331,2.28379,0.70699,0.51743,0.61224,0.29763,3.56186,0.89564,2.21355,0.0016535,0.0016535,0.0016535
177,775.439,3.52655,0.89197,2.28207,0.71063,0.51332,0.61112,0.29729,3.55448,0.89183,2.20151,0.00165152,0.00165152,0.00165152
178,779.839,3.52075,0.88468,2.2851,0.73735,0.52046,0.62196,0.30619,3.48717,0.92727,2.205,0.00164954,0.00164954,0.00164954
179,784.177,3.28583,0.87877,2.27606,0.73843,0.51332,0.61501,0.30128,3.4793,0.9039,2.20298,0.00164756,0.00164756,0.00164756
180,788.233,3.41263,0.89692,2.28248,0.7226,0.50796,0.60915,0.29333,3.54493,0.87545,2.19804,0.00164558,0.00164558,0.00164558
181,792.636,3.50189,0.92884,2.27508,0.73638,0.53048,0.63084,0.31967,3.37224,0.83809,2.19138,0.0016436,0.0016436,0.0016436
182,796.899,3.38686,0.87847,2.26409,0.72645,0.53748,0.62871,0.30991,3.50739,0.88732,2.20159,0.00164162,0.00164162,0.00164162
183,801.483,3.27941,0.85177,2.27689,0.71778,0.54645,0.63142,0.31684,3.38234,0.86013,2.19458,0.00163964,0.00163964,0.00163964
184,805.843,3.3537,0.88215,2.28359,0.72926,0.54248,0.6373,0.32884,3.32566,0.82764,2.18971,0.00163766,0.00163766,0.00163766
185,810.032,3.28038,0.84528,2.25625,0.7321,0.54668,0.6429,0.33228,3.31416,0.82557,2.18958,0.00163568,0.00163568,0.00163568
186,814.761,3.44443,0.86042,2.24703,0.7353,0.52924,0.63103,0.32823,3.25347,0.81221,2.18823,0.0016337,0.0016337,0.0016337
187,819.127,3.26284,0.83516,2.28921,0.7442,0.52265,0.6288,0.32435,3.32546,0.81516,2.19093,0.00163172,0.00163172,0.00163172
188,823.526,3.40395,0.86263,2.2649,0.74266,0.53679,0.63909,0.32789,3.32818,0.82157,2.1896,0.00162974,0.00162974,0.00162974
189,827.57,3.20274,0.81637,2.25521,0.75234,0.53666,0.64569,0.33196,3.29342,0.81354,2.18912,0.00162776,0.00162776,0.00162776
190,831.796,3.41921,0.93377,2.27267,0.73218,0.54497,0.63792,0.31373,3.48362,0.8542,2.21038,0.00162578,0.00162578,0.00162578
191,835.687,3.50605,0.84372,2.24733,0.74342,0.53652,0.63947,0.32383,3.38175,0.84514,2.19862,0.0016238,0.0016238,0.0016238
192,840.053,3.28879,0.8628,2.25855,0.74674,0.54942,0.65156,0.33249,3.2981,0.82173,2.18626,0.00162182,0.00162182,0.00162182
193,844.72,3.27617,0.83299,2.22337,0.74881,0.56152,0.65429,0.33779,3.26286,0.81679,2.18637,0.00161984,0.00161984,0.00161984
194,849.335,3.44276,0.8512,2.26467,0.7198,0.54434,0.63715,0.31433,3.48594,0.83814,2.18743,0.00161786,0.00161786,0.00161786
195,853.481,3.38226,0.85731,2.26614,0.72123,0.54414,0.63996,0.31728,3.47337,0.83745,2.18909,0.00161588,0.00161588,0.00161588
196,858.234,3.31099,0.84365,2.24775,0.72921,0.54297,0.64187,0.33441,3.31748,0.81423,2.1916,0.0016139,0.0016139,0.0016139
197,862.324,3.30721,0.85309,2.28714,0.70846,0.53213,0.62923,0.31332,3.46724,0.86207,2.19862,0.00161192,0.00161192,0.00161192
198,866.593,3.39431,0.85555,2.26749,0.74668,0.54347,0.64736,0.33763,3.22141,0.79713,2.18919,0.00160994,0.00160994,0.00160994
199,870.876,2.97438,0.77788,2.2437,0.75276,0.54172,0.64569,0.3314,3.29012,0.80761,2.19705,0.00160796,0.00160796,0.00160796
200,875.111,2.97463,0.78622,2.2498,0.74982,0.52828,0.63738,0.33075,3.27832,0.82276,2.19498,0.00160598,0.00160598,0.00160598
201,879.762,3.16156,0.80491,2.22673,0.75846,0.54232,0.64744,0.33556,3.25985,0.80227,2.19399,0.001604,0.001604,0.001604
202,884.015,3.1668,0.80767,2.21887,0.74001,0.55958,0.65182,0.33961,3.24148,0.79762,2.1878,0.00160202,0.00160202,0.00160202
203,888.494,3.14207,0.79147,2.24295,0.74011,0.55165,0.6452,0.33807,3.26155,0.80044,2.18607,0.00160004,0.00160004,0.00160004
204,893.044,3.24331,0.82213,2.22549,0.73334,0.55766,0.64858,0.33109,3.27778,0.82834,2.18603,0.00159806,0.00159806,0.00159806
205,897.39,3.32276,0.87061,2.25084,0.73781,0.5567,0.64957,0.33327,3.25802,0.82223,2.18763,0.00159608,0.00159608,0.00159608
206,901.673,3.18644,0.81332,2.22986,0.72373,0.53871,0.63778,0.32128,3.35687,0.81716,2.18454,0.0015941,0.0015941,0.0015941
207,906.02,3.10358,0.80811,2.23859,0.73806,0.55189,0.65209,0.34162,3.22341,0.7896,2.18209,0.00159212,0.00159212,0.00159212
208,910.671,3.00734,0.77482,2.23127,0.74899,0.55395,0.65264,0.33815,3.27842,0.81217,2.18417,0.00159014,0.00159014,0.00159014
209,915,3.07326,0.80057,2.22257,0.73952,0.55244,0.64869,0.3357,3.26369,0.80302,2.18333,0.00158816,0.00158816,0.00158816
210,919.505,3.21941,0.84784,2.25998,0.73536,0.54627,0.64128,0.32251,3.39574,0.82899,2.18688,0.00158618,0.00158618,0.00158618
211,923.951,3.20638,0.83318,2.25422,0.73068,0.54984,0.64291,0.32471,3.36117,0.8293,2.18747,0.0015842,0.0015842,0.0015842
212,928.39,3.10723,0.81638,2.24717,0.729,0.53217,0.63277,0.32354,3.37493,0.82773,2.194,0.00158222,0.00158222,0.00158222
213,932.514,3.21773,0.83326,2.26589,0.68179,0.51853,0.60456,0.28973,3.57394,0.88381,2.19191,0.00158024,0.00158024,0.00158024
214,937.178,3.27264,0.8134,2.24835,0.73225,0.54553,0.64097,0.31842,3.38526,0.83124,2.18813,0.00157826,0.00157826,0.00157826
215,941.193,3.23156,0.83414,2.23009,0.73363,0.54828,0.64244,0.32839,3.30674,0.81759,2.18981,0.00157628,0.00157628,0.00157628
216,945.429,3.38556,0.82178,2.21322,0.7263,0.54654,0.63755,0.32425,3.35635,0.83591,2.18913,0.0015743,0.0015743,0.0015743
217,949.709,3.33481,0.87237,2.26017,0.72953,0.54915,0.64183,0.33047,3.26447,0.81332,2.18496,0.00157232,0.00157232,0.00157232
218,954.205,3.18603,0.82989,2.24918,0.73705,0.5508,0.64798,0.32772,3.33956,0.82047,2.19356,0.00157034,0.00157034,0.00157034
219,958.15,3.54613,0.88784,2.24354,0.74009,0.55382,0.64897,0.33189,3.26146,0.8066,2.18682,0.00156836,0.00156836,0.00156836
220,962.348,3.20423,0.8273,2.25715,0.74274,0.53267,0.6358,0.31322,3.49417,0.86687,2.2079,0.00156638,0.00156638,0.00156638
221,966.599,3.26206,0.83486,2.24577,0.73977,0.52279,0.62941,0.31559,3.40842,0.86248,2.20314,0.0015644,0.0015644,0.0015644
222,970.951,3.12448,0.82099,2.22896,0.73885,0.54297,0.64053,0.32348,3.38668,0.84275,2.19606,0.00156242,0.00156242,0.00156242
223,975.179,3.17288,0.81702,2.2468,0.7328,0.54106,0.63746,0.31623,3.45478,0.85814,2.1954,0.00156044,0.00156044,0.00156044
224,979.471,3.42555,0.85091,2.24534,0.76863,0.53652,0.64711,0.32621,3.35987,0.84918,2.1916,0.00155846,0.00155846,0.00155846
225,983.714,3.16628,0.83791,2.27508,0.77036,0.54366,0.6493,0.33414,3.27612,0.83673,2.19026,0.00155648,0.00155648,0.00155648
226,988.275,3.18385,0.81595,2.23608,0.76224,0.55176,0.65092,0.33696,3.3242,0.81978,2.1943,0.0015545,0.0015545,0.0015545
227,992.18,3.11325,0.81367,2.24686,0.75946,0.5556,0.65551,0.33796,3.30384,0.80792,2.18894,0.00155252,0.00155252,0.00155252
228,996.439,3.15943,0.82161,2.26164,0.7546,0.55176,0.64776,0.33198,3.30821,0.89064,2.19096,0.00155054,0.00155054,0.00155054
229,1000.39,3.14368,0.85093,2.28454,0.7663,0.54379,0.64636,0.33593,3.23605,0.84337,2.18893,0.00154856,0.00154856,0.00154856
230,1004.41,3.24628,0.81548,2.21283,0.73842,0.5453,0.64281,0.33603,3.27598,0.82035,2.18927,0.00154658,0.00154658,0.00154658
231,1008.58,3.14527,0.797,2.22603,0.75452,0.55236,0.6502,0.32254,3.47833,0.87863,2.20143,0.0015446,0.0015446,0.0015446
232,1012.9,3.38362,0.86009,2.2525,0.73058,0.55231,0.64141,0.3124,3.47447,0.85337,2.20616,0.00154262,0.00154262,0.00154262
233,1017.04,3.35323,0.88115,2.26547,0.75235,0.5464,0.64534,0.31877,3.39506,0.82751,2.19553,0.00154064,0.00154064,0.00154064
234,1021.75,3.13612,0.81129,2.24554,0.74692,0.55792,0.65021,0.33386,3.26837,0.82471,2.19345,0.00153866,0.00153866,0.00153866
235,1025.8,3.28484,0.83746,2.23187,0.73721,0.54366,0.63971,0.32672,3.36272,0.85691,2.18915,0.00153668,0.00153668,0.00153668
236,1030.21,3.17065,0.82489,2.25213,0.74109,0.53707,0.6345,0.32521,3.30173,0.86533,2.18875,0.0015347,0.0015347,0.0015347
237,1034.24,3.05895,0.79555,2.25545,0.75816,0.52787,0.63582,0.32255,3.32081,0.8771,2.19231,0.00153272,0.00153272,0.00153272
238,1038.64,3.25555,0.84175,2.25438,0.72929,0.53665,0.63114,0.31658,3.38957,0.83684,2.18873,0.00153074,0.00153074,0.00153074
239,1043.18,3.35774,0.8519,2.23342,0.74869,0.54439,0.6423,0.3244,3.37204,0.82132,2.19102,0.00152876,0.00152876,0.00152876
240,1047.55,3.3806,0.86341,2.28096,0.76139,0.55437,0.65232,0.33886,3.27712,0.83019,2.18925,0.00152678,0.00152678,0.00152678
241,1051.53,3.16376,0.82945,2.26131,0.75933,0.53144,0.63951,0.32901,3.3102,0.81839,2.18313,0.0015248,0.0015248,0.0015248
242,1055.72,3.3544,0.87248,2.26296,0.7002,0.53556,0.62107,0.30287,3.56471,0.86769,2.19355,0.00152282,0.00152282,0.00152282
243,1060.3,3.24114,0.8147,2.24659,0.73204,0.53762,0.63259,0.32167,3.35354,0.8439,2.19083,0.00152084,0.00152084,0.00152084
244,1064.54,3.21967,0.83986,2.24875,0.73625,0.54916,0.64421,0.32281,3.42341,0.84419,2.19649,0.00151886,0.00151886,0.00151886
245,1068.36,3.59959,0.87702,2.27541,0.7353,0.55368,0.64898,0.33641,3.28906,0.8182,2.18802,0.00151688,0.00151688,0.00151688
246,1072.6,3.2567,0.83746,2.22862,0.72905,0.54967,0.64687,0.31839,3.50759,0.84246,2.18829,0.0015149,0.0015149,0.0015149
247,1077.32,3.3376,0.84781,2.23108,0.73929,0.55038,0.65183,0.32847,3.38753,0.82186,2.1838,0.00151292,0.00151292,0.00151292
248,1081.82,3.19242,0.81834,2.2363,0.75901,0.55189,0.65844,0.34577,3.21936,0.7948,2.18392,0.00151094,0.00151094,0.00151094
249,1085.9,3.07505,0.77973,2.22676,0.76004,0.54617,0.65462,0.34705,3.18388,0.78864,2.18142,0.00150896,0.00150896,0.00150896
250,1090.18,3.23446,0.84804,2.23217,0.75893,0.55478,0.6561,0.33885,3.32848,0.84655,2.1837,0.00150698,0.00150698,0.00150698
251,1094.17,3.16068,0.82684,2.25247,0.74865,0.56758,0.66071,0.35083,3.1586,0.82484,2.17722,0.001505,0.001505,0.001505
252,1098.73,3.05958,0.78744,2.23962,0.76396,0.55835,0.66311,0.35304,3.17084,0.77352,2.17726,0.00150302,0.00150302,0.00150302
253,1103.12,3.36396,0.89875,2.26109,0.77498,0.56137,0.66457,0.34383,3.24917,0.80771,2.18168,0.00150104,0.00150104,0.00150104
254,1107.24,3.09296,0.84703,2.24239,0.74735,0.57261,0.66707,0.35026,3.21474,0.80158,2.18571,0.00149906,0.00149906,0.00149906
255,1111.84,3.12162,0.80703,2.2242,0.7437,0.56631,0.66406,0.35096,3.19025,0.78623,2.18426,0.00149708,0.00149708,0.00149708
256,1115.83,3.18263,0.84266,2.26161,0.74682,0.56466,0.66686,0.35557,3.14688,0.782,2.17662,0.0014951,0.0014951,0.0014951
257,1120.44,3.14274,0.82294,2.27538,0.75461,0.56645,0.66841,0.35782,3.13949,0.78029,2.17367,0.00149312,0.00149312,0.00149312
258,1125.01,3.09244,0.80175,2.23173,0.76179,0.56288,0.6656,0.34786,3.14322,0.7686,2.17678,0.00149114,0.00149114,0.00149114
259,1129.47,3.01236,0.76396,2.21313,0.75162,0.57139,0.66332,0.33657,3.27293,0.8066,2.18759,0.00148916,0.00148916,0.00148916
260,1133.87,3.06111,0.80159,2.20061,0.76877,0.54517,0.65579,0.3401,3.25104,0.81506,2.18264,0.00148718,0.00148718,0.00148718
261,1137.95,3.342,0.8646,2.24443,0.76091,0.5444,0.65156,0.33751,3.25865,0.81406,2.18367,0.0014852,0.0014852,0.0014852
262,1142.38,3.07344,0.79586,2.21612,0.76086,0.55203,0.64873,0.32702,3.39988,0.86696,2.19354,0.00148322,0.00148322,0.00148322
263,1146.37,3.0864,0.809,2.22936,0.75079,0.55286,0.64398,0.3202,3.46301,0.92474,2.20223,0.00148124,0.00148124,0.00148124
264,1150.91,3.21631,0.80154,2.20307,0.73044,0.54338,0.63705,0.31566,3.41409,0.88045,2.19418,0.00147926,0.00147926,0.00147926
265,1155.09,3.33959,0.84973,2.25403,0.74108,0.5464,0.63992,0.32634,3.32226,0.86795,2.19508,0.00147728,0.00147728,0.00147728
266,1159.53,3.29046,0.83024,2.23955,0.73647,0.54979,0.63755,0.31641,3.42616,0.8797,2.19567,0.0014753,0.0014753,0.0014753
267,1163.73,3.35208,0.864,2.26391,0.73561,0.55491,0.64728,0.32891,3.27676,0.8442,2.1848,0.00147332,0.00147332,0.00147332
268,1167.8,3.14185,0.82184,2.21696,0.7266,0.54657,0.63963,0.3282,3.30434,0.8446,2.18233,0.00147134,0.00147134,0.00147134
269,1172.02,3.14153,0.81186,2.24216,0.7306,0.53583,0.63447,0.33004,3.26347,0.83071,2.18272,0.00146936,0.00146936,0.00146936
270,1176.41,3.07998,0.79643,2.24652,0.74485,0.5346,0.64067,0.33431,3.19423,0.80656,2.18137,0.00146738,0.00146738,0.00146738
271,1180.92,3.16067,0.81062,2.24061,0.74541,0.53422,0.63593,0.32327,3.28592,0.81854,2.1861,0.0014654,0.0014654,0.0014654
272,1185.37,3.15781,0.79812,2.21076,0.76338,0.55615,0.65689,0.33459,3.24038,0.82365,2.18345,0.00146342,0.00146342,0.00146342
273,1189.67,3.15981,0.80502,2.23077,0.7788,0.55437,0.66002,0.33677,3.22873,0.82461,2.18164,0.00146144,0.00146144,0.00146144
274,1194.09,3.13306,0.79099,2.20845,0.75547,0.56205,0.66172,0.35133,3.13432,0.78428,2.17197,0.00145946,0.00145946,0.00145946
275,1198.45,3.24883,0.81577,2.22271,0.74941,0.56616,0.66036,0.34232,3.23866,0.80311,2.17953,0.00145748,0.00145748,0.00145748
276,1203.14,2.97613,0.7609,2.21279,0.73009,0.56439,0.65892,0.34826,3.14538,0.78085,2.17039,0.0014555,0.0014555,0.0014555
277,1207.36,3.17321,0.81167,2.25537,0.74095,0.55533,0.65777,0.3509,3.10623,0.7768,2.17123,0.00145352,0.00145352,0.00145352
278,1211.96,3.25301,0.85051,2.24306,0.74095,0.54929,0.6528,0.34306,3.20289,0.79629,2.17749,0.00145154,0.00145154,0.00145154
279,1215.96,3.18736,0.82702,2.24394,0.74386,0.54929,0.65301,0.34342,3.16853,0.78852,2.17535,0.00144956,0.00144956,0.00144956
280,1220.54,3.04422,0.78389,2.23049,0.76658,0.55643,0.66156,0.35017,3.14174,0.77808,2.17737,0.00144758,0.00144758,0.00144758
281,1224.73,2.89959,0.74419,2.22546,0.75486,0.55862,0.6617,0.35512,3.09009,0.77039,2.17505,0.0014456,0.0014456,0.0014456
282,1229.19,3.15997,0.81139,2.24167,0.74228,0.55038,0.65526,0.3546,3.10268,0.7737,2.1711,0.00144362,0.00144362,0.00144362
283,1233.31,3.10288,0.79675,2.25121,0.74812,0.55107,0.65627,0.34828,3.17103,0.79903,2.17976,0.00144164,0.00144164,0.00144164
284,1237.73,3.08314,0.81541,2.23267,0.73427,0.54297,0.64514,0.33499,3.2771,0.81564,2.18361,0.00143966,0.00143966,0.00143966
285,1241.87,3.19223,0.84223,2.27874,0.72891,0.54297,0.64149,0.3316,3.28634,0.81694,2.18061,0.00143768,0.00143768,0.00143768
286,1246.17,3.16118,0.80915,2.22951,0.74323,0.55711,0.65574,0.34841,3.18339,0.80773,2.17837,0.0014357,0.0014357,0.0014357
287,1250.12,3.10399,0.78779,2.25009,0.73365,0.54341,0.64199,0.32474,3.35638,0.82147,2.18152,0.00143372,0.00143372,0.00143372
288,1254.66,3.301,0.83812,2.24672,0.73823,0.55876,0.65212,0.34483,3.17748,0.80537,2.17845,0.00143174,0.00143174,0.00143174
289,1258.62,3.16332,0.82809,2.26048,0.73171,0.56658,0.65123,0.34342,3.19589,0.81093,2.18047,0.00142976,0.00142976,0.00142976
290,1262.73,3.16227,0.81199,2.22195,0.71248,0.56329,0.64993,0.32928,3.33075,0.81763,2.18357,0.00142778,0.00142778,0.00142778
291,1266.89,3.23173,0.83945,2.26332,0.71883,0.56508,0.65475,0.33144,3.37741,0.82893,2.19093,0.0014258,0.0014258,0.0014258
292,1271.74,3.21036,0.83621,2.23321,0.75699,0.56109,0.6615,0.34306,3.31502,0.82486,2.1896,0.00142382,0.00142382,0.00142382
293,1275.91,3.24804,0.83254,2.25401,0.76196,0.55328,0.65956,0.34751,3.21106,0.79293,2.18469,0.00142184,0.00142184,0.00142184
294,1280.42,3.21601,0.80306,2.21705,0.73854,0.54297,0.64361,0.33946,3.23185,0.8019,2.17572,0.00141986,0.00141986,0.00141986
295,1284.42,2.95896,0.76544,2.20586,0.75258,0.55623,0.65607,0.34688,3.17799,0.79351,2.17579,0.00141788,0.00141788,0.00141788
296,1288.91,2.9775,0.76497,2.21346,0.76842,0.55903,0.66499,0.35148,3.11444,0.78744,2.17083,0.0014159,0.0014159,0.0014159
297,1293.53,3.07281,0.79214,2.23686,0.76117,0.56672,0.66727,0.35349,3.12599,0.78168,2.17098,0.00141392,0.00141392,0.00141392
298,1297.99,2.94195,0.76476,2.22988,0.75195,0.55739,0.66363,0.35809,3.08281,0.75928,2.16992,0.00141194,0.00141194,0.00141194
299,1302.38,3.25128,0.81077,2.23571,0.73984,0.54297,0.64903,0.34272,3.18888,0.78232,2.17746,0.00140996,0.00140996,0.00140996
300,1306.48,3.11655,0.78335,2.24928,0.74761,0.55107,0.65398,0.34992,3.14435,0.77176,2.17734,0.00140798,0.00140798,0.00140798
301,1310.46,3.13866,0.78474,2.21957,0.73846,0.54366,0.64935,0.3366,3.26804,0.78945,2.17943,0.001406,0.001406,0.001406
302,1314.75,3.23514,0.81293,2.24139,0.76516,0.55766,0.67094,0.35285,3.1886,0.77353,2.17174,0.00140402,0.00140402,0.00140402
303,1319.01,3.12619,0.81281,2.24442,0.77224,0.56744,0.67196,0.3504,3.21945,0.78804,2.17743,0.00140204,0.00140204,0.00140204
304,1323.38,3.17034,0.8159,2.20838,0.77063,0.55443,0.66656,0.35454,3.18354,0.77598,2.17541,0.00140006,0.00140006,0.00140006
305,1327.36,3.01707,0.78562,2.20527,0.75108,0.5588,0.66281,0.35348,3.1317,0.76241,2.17159,0.00139808,0.00139808,0.00139808
306,1331.44,3.15408,0.78871,2.24004,0.75603,0.57153,0.66845,0.35659,3.1362,0.76957,2.17244,0.0013961,0.0013961,0.0013961
307,1335.66,3.15307,0.81456,2.23527,0.7618,0.5626,0.66804,0.35781,3.10416,0.76314,2.17017,0.00139412,0.00139412,0.00139412
308,1340.29,3.10337,0.78534,2.24049,0.75966,0.56152,0.66684,0.36207,3.04,0.7539,2.16904,0.00139214,0.00139214,0.00139214
309,1344.51,3.0634,0.787,2.24158,0.76034,0.55447,0.65866,0.35332,3.08244,0.75565,2.1664,0.00139016,0.00139016,0.00139016
310,1348.87,2.90864,0.74358,2.22302,0.7593,0.5464,0.65202,0.34726,3.1107,0.76263,2.17027,0.00138818,0.00138818,0.00138818
311,1353.23,3.21486,0.82539,2.27412,0.72701,0.55999,0.65239,0.34535,3.16931,0.77281,2.17235,0.0013862,0.0013862,0.0013862
312,1357.47,3.0342,0.76766,2.20973,0.75012,0.56549,0.66192,0.34967,3.21083,0.81921,2.18265,0.00138422,0.00138422,0.00138422
313,1361.86,3.06051,0.80192,2.24608,0.74193,0.56851,0.66257,0.3548,3.14761,0.79355,2.17716,0.00138224,0.00138224,0.00138224
314,1366.26,3.12261,0.80639,2.24729,0.75605,0.55286,0.65878,0.34734,3.19407,0.78404,2.18189,0.00138026,0.00138026,0.00138026
315,1370.47,3.15449,0.79453,2.22298,0.74046,0.55244,0.65248,0.34574,3.15991,0.77767,2.17638,0.00137828,0.00137828,0.00137828
316,1374.8,3.07432,0.76512,2.20145,0.7503,0.53833,0.64282,0.34123,3.21889,0.80481,2.17816,0.0013763,0.0013763,0.0013763
317,1378.84,3.2268,0.83154,2.24151,0.75696,0.5534,0.653,0.33952,3.24609,0.80927,2.18077,0.00137432,0.00137432,0.00137432
318,1383.18,3.10072,0.80469,2.24086,0.76727,0.54997,0.65379,0.34529,3.20937,0.80651,2.17933,0.00137234,0.00137234,0.00137234
319,1387.47,3.14391,0.79198,2.21023,0.73304,0.5383,0.63847,0.32539,3.24854,0.81025,2.17324,0.00137036,0.00137036,0.00137036
320,1392.41,3.61033,0.87371,2.2371,0.73542,0.52395,0.62739,0.31029,3.36511,0.83345,2.18066,0.00136838,0.00136838,0.00136838
321,1396.46,3.24544,0.81921,2.21204,0.75007,0.5385,0.64353,0.33995,3.17008,0.80355,2.17702,0.0013664,0.0013664,0.0013664
322,1400.55,3.15117,0.79742,2.23806,0.75538,0.55148,0.64989,0.31727,3.53633,0.89264,2.19429,0.00136442,0.00136442,0.00136442
323,1404.77,3.2885,0.81471,2.23606,0.75069,0.55752,0.65316,0.32566,3.48362,0.88094,2.19087,0.00136244,0.00136244,0.00136244
324,1409.25,3.12952,0.76485,2.20983,0.73829,0.5639,0.66123,0.35598,3.15129,0.79653,2.1715,0.00136046,0.00136046,0.00136046
325,1413.27,3.23749,0.82722,2.25139,0.74071,0.56411,0.66081,0.34625,3.22306,0.8006,2.1748,0.00135848,0.00135848,0.00135848
326,1417.68,3.217,0.82937,2.2665,0.76176,0.55969,0.664,0.3575,3.17805,0.78986,2.17466,0.0013565,0.0013565,0.0013565
327,1421.94,3.05518,0.76569,2.20416,0.74678,0.56076,0.66094,0.34795,3.24881,0.79471,2.16945,0.00135452,0.00135452,0.00135452
328,1426.34,3.04457,0.7742,2.25222,0.75905,0.56784,0.66952,0.36431,3.04825,0.7632,2.16289,0.00135254,0.00135254,0.00135254
329,1430.77,3.00889,0.74398,2.21905,0.75908,0.57359,0.66886,0.36074,3.10173,0.76952,2.16805,0.00135056,0.00135056,0.00135056
330,1435.2,3.2323,0.81865,2.25266,0.76345,0.55835,0.66317,0.35662,3.09212,0.76022,2.16764,0.00134858,0.00134858,0.00134858
331,1439.51,3.14356,0.78275,2.22629,0.7493,0.56672,0.66633,0.36176,3.09107,0.75684,2.16994,0.0013466,0.0013466,0.0013466
332,1444.01,2.91511,0.75982,2.20797,0.75624,0.57043,0.67235,0.36541,3.06164,0.75765,2.16807,0.00134462,0.00134462,0.00134462
333,1448.09,2.83896,0.73404,2.18589,0.76878,0.57029,0.67615,0.36842,3.05029,0.75197,2.16849,0.00134264,0.00134264,0.00134264
334,1452.2,3.00641,0.76516,2.20674,0.78555,0.56474,0.67648,0.37043,3.04208,0.74172,2.16559,0.00134066,0.00134066,0.00134066
335,1456.62,2.90167,0.72614,2.19804,0.78732,0.56356,0.6764,0.36586,3.07402,0.7416,2.1666,0.00133868,0.00133868,0.00133868
336,1461.08,2.86636,0.72423,2.21564,0.77228,0.56195,0.67034,0.36337,3.07683,0.75788,2.1696,0.0013367,0.0013367,0.0013367
337,1465.02,3.36536,0.86433,2.2518,0.7512,0.55601,0.66387,0.36265,3.04628,0.75975,2.16373,0.00133472,0.00133472,0.00133472
338,1469.28,3.10449,0.76569,2.19855,0.75224,0.55739,0.66051,0.34966,3.13376,0.77017,2.17085,0.00133274,0.00133274,0.00133274
339,1473.84,3.15504,0.77168,2.21642,0.77731,0.55162,0.65604,0.33067,3.34483,0.80333,2.18254,0.00133076,0.00133076,0.00133076
340,1478.23,3.16655,0.80363,2.24487,0.75377,0.56082,0.6602,0.34975,3.14698,0.77967,2.17546,0.00132878,0.00132878,0.00132878
341,1482.81,2.99943,0.77201,2.23808,0.75002,0.56343,0.66151,0.35496,3.09916,0.77179,2.16928,0.0013268,0.0013268,0.0013268
342,1487.24,3.06942,0.786,2.21801,0.77515,0.56132,0.66776,0.35921,3.09435,0.76583,2.16669,0.00132482,0.00132482,0.00132482
343,1491.29,2.98782,0.7448,2.21008,0.76013,0.56192,0.66692,0.36406,3.02293,0.75424,2.16139,0.00132284,0.00132284,0.00132284
344,1495.69,3.06404,0.78197,2.24223,0.76844,0.56658,0.66984,0.36776,3.02261,0.74954,2.16437,0.00132086,0.00132086,0.00132086
345,1499.8,3.08666,0.79368,2.20083,0.76405,0.56521,0.67203,0.36736,3.03154,0.74262,2.16403,0.00131888,0.00131888,0.00131888
346,1504.27,3.02504,0.7781,2.21555,0.77079,0.57294,0.67731,0.36843,3.06665,0.75021,2.166,0.0013169,0.0013169,0.0013169
347,1508.69,3.20822,0.7713,2.22939,0.78319,0.56741,0.67598,0.3639,3.10557,0.75876,2.16657,0.00131492,0.00131492,0.00131492
348,1513.05,2.96706,0.75887,2.22598,0.74674,0.56068,0.6595,0.35728,3.06889,0.75178,2.16343,0.00131294,0.00131294,0.00131294
349,1517.22,2.91119,0.77525,2.2479,0.74952,0.56279,0.6595,0.36036,3.05186,0.75156,2.16592,0.00131096,0.00131096,0.00131096
350,1521.88,3.01806,0.75291,2.22551,0.73089,0.55848,0.65208,0.35587,3.07166,0.75727,2.16125,0.00130898,0.00130898,0.00130898
351,1525.99,3.07189,0.77243,2.20755,0.75032,0.5512,0.65815,0.3598,3.03975,0.7448,2.15857,0.001307,0.001307,0.001307
352,1530.14,3.01416,0.77992,2.24926,0.75066,0.57002,0.67006,0.36057,3.14472,0.77731,2.1706,0.00130502,0.00130502,0.00130502
353,1534.93,3.03046,0.77977,2.21966,0.73797,0.56288,0.66727,0.36517,3.05315,0.7641,2.16141,0.00130304,0.00130304,0.00130304
354,1539.73,3.04928,0.77903,2.23288,0.75923,0.56384,0.66544,0.36445,3.05668,0.7604,2.1628,0.00130106,0.00130106,0.00130106
355,1543.69,3.01782,0.77111,2.21906,0.7755,0.57004,0.67307,0.36441,3.10408,0.77158,2.16548,0.00129908,0.00129908,0.00129908
356,1548.2,3.1018,0.77927,2.23454,0.75887,0.55588,0.66317,0.36,3.12977,0.76791,2.16991,0.0012971,0.0012971,0.0012971
357,1552.62,3.25434,0.79202,2.22041,0.75356,0.54942,0.65538,0.35219,3.15732,0.7781,2.17051,0.00129512,0.00129512,0.00129512
358,1556.86,3.13566,0.79565,2.22221,0.75437,0.55697,0.65885,0.34672,3.20641,0.79135,2.17421,0.00129314,0.00129314,0.00129314
359,1560.92,2.84337,0.7324,2.21266,0.76045,0.55189,0.65733,0.338,3.32111,0.80484,2.1784,0.00129116,0.00129116,0.00129116
360,1565.28,3.25929,0.79847,2.23242,0.73707,0.54819,0.65095,0.34015,3.21992,0.7994,2.16832,0.00128918,0.00128918,0.00128918
361,1569.56,3.03478,0.75847,2.21822,0.7247,0.5508,0.6484,0.33848,3.2257,0.79872,2.16902,0.0012872,0.0012872,0.0012872
362,1574.05,3.10971,0.7729,2.1956,0.76221,0.5646,0.67077,0.36245,3.06399,0.75148,2.16319,0.00128522,0.00128522,0.00128522
363,1578.16,3.01281,0.75104,2.21182,0.78363,0.56892,0.67821,0.36878,3.043,0.75727,2.16406,0.00128324,0.00128324,0.00128324
364,1582.63,3.00122,0.77699,2.23542,0.75446,0.57537,0.67555,0.36209,3.10166,0.76843,2.16359,0.00128126,0.00128126,0.00128126
365,1587.21,3.06222,0.78932,2.20605,0.75155,0.56605,0.67113,0.35842,3.07807,0.76607,2.16168,0.00127928,0.00127928,0.00127928
366,1591.6,2.92307,0.77157,2.22003,0.75538,0.57262,0.67162,0.37143,2.99915,0.74648,2.15836,0.0012773,0.0012773,0.0012773
367,1596.39,3.10598,0.80401,2.25829,0.764,0.56878,0.66935,0.37079,3.0178,0.73615,2.16034,0.00127532,0.00127532,0.00127532
368,1600.93,2.73689,0.69225,2.19243,0.77206,0.56497,0.67436,0.38207,2.92939,0.71942,2.15756,0.00127334,0.00127334,0.00127334
369,1605.64,2.89483,0.74031,2.21447,0.78136,0.56109,0.67631,0.38033,2.9481,0.7234,2.15728,0.00127136,0.00127136,0.00127136
370,1609.79,2.85936,0.72466,2.19239,0.75981,0.57761,0.67862,0.36878,3.10195,0.74522,2.16522,0.00126938,0.00126938,0.00126938
371,1613.94,2.82128,0.73504,2.23179,0.78019,0.56727,0.67874,0.37687,2.99281,0.73016,2.16239,0.0012674,0.0012674,0.0012674
372,1618.3,3.03166,0.76983,2.19819,0.7636,0.56013,0.66649,0.36111,3.08881,0.75087,2.16936,0.00126542,0.00126542,0.00126542
373,1622.66,3.07974,0.79862,2.22128,0.77093,0.56013,0.67006,0.3604,3.10811,0.75687,2.16933,0.00126344,0.00126344,0.00126344
374,1627.13,3.01801,0.78735,2.22748,0.75914,0.56424,0.66921,0.3636,3.07435,0.7449,2.16428,0.00126146,0.00126146,0.00126146
375,1631.39,2.89701,0.77561,2.24063,0.76267,0.56274,0.66902,0.36623,3.05697,0.7434,2.16276,0.00125948,0.00125948,0.00125948
376,1635.4,2.93332,0.739,2.2159,0.76834,0.56144,0.67578,0.37545,2.98946,0.73693,2.15896,0.0012575,0.0012575,0.0012575
377,1639.79,2.87056,0.76447,2.23367,0.75836,0.56549,0.67592,0.37701,2.9869,0.73478,2.15813,0.00125552,0.00125552,0.00125552
378,1644.15,2.68829,0.68805,2.20651,0.77636,0.5637,0.679,0.37469,3.03216,0.73607,2.1581,0.00125354,0.00125354,0.00125354
379,1648.53,2.96208,0.7381,2.20246,0.77801,0.56878,0.68173,0.37921,3.01028,0.72853,2.15512,0.00125156,0.00125156,0.00125156
380,1652.97,2.79836,0.71019,2.1921,0.77243,0.58045,0.68466,0.37761,3.00661,0.73382,2.15611,0.00124958,0.00124958,0.00124958
381,1657.41,2.80363,0.74169,2.22736,0.76966,0.58443,0.68729,0.38376,2.97035,0.7306,2.15392,0.0012476,0.0012476,0.0012476
382,1662.15,2.92775,0.71867,2.19547,0.76204,0.57427,0.6779,0.37412,3.00346,0.73332,2.15704,0.00124562,0.00124562,0.00124562
383,1666.21,2.7678,0.71797,2.21496,0.77704,0.56301,0.67014,0.3681,3.04277,0.74081,2.1611,0.00124364,0.00124364,0.00124364
384,1670.35,2.99146,0.79258,2.23189,0.76452,0.57249,0.67098,0.37368,2.97585,0.72984,2.15856,0.00124166,0.00124166,0.00124166
385,1674.7,2.9106,0.74195,2.2015,0.78056,0.57084,0.67665,0.37494,2.9937,0.7397,2.15945,0.00123968,0.00123968,0.00123968
386,1679.12,2.87649,0.73947,2.18389,0.77871,0.5633,0.67729,0.37753,2.96477,0.72668,2.15752,0.0012377,0.0012377,0.0012377
387,1683.37,2.96525,0.72826,2.18159,0.78009,0.56919,0.67758,0.37519,2.99976,0.73813,2.15782,0.00123572,0.00123572,0.00123572
388,1687.57,2.74808,0.70319,2.20806,0.77516,0.57222,0.67925,0.38215,2.93103,0.73099,2.15534,0.00123374,0.00123374,0.00123374
389,1692.19,2.83962,0.74462,2.20031,0.76599,0.57262,0.67897,0.37937,2.94924,0.72423,2.15635,0.00123176,0.00123176,0.00123176
390,1696.64,2.71624,0.70735,2.2053,0.77538,0.56411,0.67406,0.37336,2.99771,0.72968,2.15676,0.00122978,0.00122978,0.00122978
391,1700.96,2.98076,0.77231,2.22575,0.77357,0.56753,0.67589,0.3765,2.97578,0.73153,2.15778,0.0012278,0.0012278,0.0012278
392,1705.31,2.89419,0.71886,2.2254,0.7625,0.57563,0.68142,0.38174,2.97043,0.7292,2.15757,0.00122582,0.00122582,0.00122582
393,1710.04,2.8075,0.73214,2.19252,0.74762,0.57963,0.67639,0.38098,2.93834,0.72768,2.1564,0.00122384,0.00122384,0.00122384
394,1714.75,3.05009,0.75712,2.21442,0.7718,0.57113,0.67527,0.37437,2.99237,0.73971,2.15812,0.00122186,0.00122186,0.00122186
395,1718.9,2.88961,0.73938,2.22772,0.76573,0.56539,0.67018,0.36911,2.99704,0.73968,2.15836,0.00121988,0.00121988,0.00121988
396,1723.3,2.833,0.73638,2.20399,0.77179,0.56219,0.66882,0.36833,2.99032,0.74084,2.1636,0.0012179,0.0012179,0.0012179
397,1727.89,3.06477,0.76293,2.19992,0.76715,0.57307,0.67411,0.37264,2.99022,0.73862,2.16124,0.00121592,0.00121592,0.00121592
398,1732.88,2.94511,0.74472,2.19087,0.75648,0.58141,0.6806,0.3798,2.98713,0.72523,2.15775,0.00121394,0.00121394,0.00121394
399,1736.97,2.67186,0.69192,2.21786,0.76867,0.57479,0.68131,0.38171,2.94506,0.71614,2.15899,0.00121196,0.00121196,0.00121196
400,1741.28,2.75235,0.69091,2.18582,0.77936,0.5696,0.67993,0.37705,2.95006,0.72272,2.15772,0.00120998,0.00120998,0.00120998
401,1745.99,3.07907,0.76377,2.20181,0.7849,0.567,0.67633,0.37206,2.9834,0.74245,2.15932,0.001208,0.001208,0.001208
402,1750.39,2.86668,0.72957,2.18569,0.77349,0.55848,0.6685,0.37293,2.95593,0.72733,2.15529,0.00120602,0.00120602,0.00120602
403,1754.69,2.72779,0.72141,2.18329,0.76507,0.55661,0.66531,0.37112,2.97708,0.73286,2.15603,0.00120404,0.00120404,0.00120404
404,1759.1,2.93817,0.74827,2.20639,0.76326,0.56233,0.66697,0.36702,3.05427,0.73848,2.16232,0.00120206,0.00120206,0.00120206
405,1763.29,2.90649,0.76101,2.20794,0.77163,0.56547,0.67192,0.36955,3.0324,0.73658,2.16168,0.00120008,0.00120008,0.00120008
406,1767.57,2.91906,0.75687,2.20909,0.76952,0.56947,0.6778,0.37293,2.99865,0.73441,2.15658,0.0011981,0.0011981,0.0011981
407,1772.02,3.10719,0.78535,2.19472,0.7655,0.56906,0.67599,0.37075,2.99874,0.72894,2.15691,0.00119612,0.00119612,0.00119612
408,1776.34,2.93056,0.74084,2.22193,0.77229,0.57038,0.67734,0.38282,2.9107,0.71396,2.15303,0.00119414,0.00119414,0.00119414
409,1780.53,2.86233,0.72121,2.1989,0.75637,0.56768,0.67147,0.3763,2.94817,0.72329,2.15409,0.00119216,0.00119216,0.00119216
410,1784.79,2.86788,0.72978,2.21195,0.77013,0.56494,0.67432,0.37778,2.94639,0.71969,2.15729,0.00119018,0.00119018,0.00119018
411,1788.97,2.97222,0.75654,2.22433,0.76912,0.5637,0.67305,0.37406,2.96544,0.71774,2.15718,0.0011882,0.0011882,0.0011882
412,1793.52,2.90077,0.72717,2.19219,0.77098,0.5718,0.67675,0.37894,2.92361,0.71379,2.15384,0.00118622,0.00118622,0.00118622
413,1797.61,2.9883,0.77154,2.21517,0.76871,0.57172,0.67807,0.38033,2.91805,0.70986,2.15348,0.00118424,0.00118424,0.00118424
414,1802.01,2.9244,0.7522,2.21162,0.75051,0.57029,0.67391,0.37265,3.01936,0.73478,2.16201,0.00118226,0.00118226,0.00118226
415,1806.15,2.90989,0.77127,2.22204,0.76612,0.56727,0.67699,0.37526,2.97908,0.73424,2.16158,0.00118028,0.00118028,0.00118028
416,1810.65,3.03175,0.77232,2.21046,0.76141,0.57111,0.67893,0.3769,2.98309,0.72603,2.15687,0.0011783,0.0011783,0.0011783
417,1814.59,2.85145,0.73391,2.2044,0.76491,0.574,0.68032,0.3787,2.95247,0.71715,2.155,0.00117632,0.00117632,0.00117632
418,1818.91,3.0511,0.77524,2.20357,0.77102,0.57276,0.68183,0.38171,2.93608,0.71406,2.15279,0.00117434,0.00117434,0.00117434
419,1823,2.69457,0.68728,2.19899,0.77671,0.57057,0.68336,0.38433,2.90941,0.71167,2.15163,0.00117236,0.00117236,0.00117236
420,1827.5,2.94229,0.7461,2.22675,0.77161,0.56645,0.6755,0.37544,2.99723,0.7216,2.15575,0.00117038,0.00117038,0.00117038
421,1832,2.95423,0.73915,2.21727,0.77607,0.56715,0.67727,0.37264,3.03642,0.72897,2.15838,0.0011684,0.0011684,0.0011684
422,1836.24,2.7895,0.71452,2.20826,0.77965,0.57784,0.68379,0.38281,2.95452,0.7188,2.15609,0.00116642,0.00116642,0.00116642
423,1840.23,2.76304,0.69917,2.18045,0.77327,0.58058,0.685,0.38594,2.93518,0.71306,2.15148,0.00116444,0.00116444,0.00116444
424,1844.76,2.90897,0.739,2.21623,0.78167,0.58097,0.68687,0.38329,2.94752,0.72855,2.15328,0.00116246,0.00116246,0.00116246
425,1849.38,2.90681,0.7387,2.20322,0.77034,0.57908,0.68173,0.38284,2.92547,0.71452,2.15231,0.00116048,0.00116048,0.00116048
426,1853.68,2.81814,0.70786,2.21046,0.77009,0.56466,0.6719,0.3731,2.97031,0.71616,2.15568,0.0011585,0.0011585,0.0011585
427,1857.85,2.69024,0.70923,2.20231,0.76899,0.56759,0.67383,0.37724,2.93997,0.71198,2.15478,0.00115652,0.00115652,0.00115652
428,1862.17,2.85959,0.71261,2.18235,0.77964,0.57235,0.68132,0.38425,2.93198,0.71845,2.15426,0.00115454,0.00115454,0.00115454
429,1866.23,2.90701,0.75184,2.21131,0.7737,0.5751,0.68212,0.38645,2.89705,0.71501,2.15042,0.00115256,0.00115256,0.00115256
430,1870.77,2.97315,0.73733,2.19504,0.78373,0.57482,0.68353,0.3808,2.94816,0.72608,2.15406,0.00115058,0.00115058,0.00115058
431,1874.77,2.72808,0.72997,2.19966,0.79677,0.5718,0.68355,0.38542,2.90426,0.71752,2.15133,0.0011486,0.0011486,0.0011486
432,1879.32,2.93144,0.73963,2.21602,0.77886,0.57684,0.68064,0.38295,2.89916,0.7132,2.15278,0.00114662,0.00114662,0.00114662
433,1883.42,2.98077,0.75264,2.21284,0.78424,0.56906,0.67802,0.38465,2.89985,0.70736,2.15221,0.00114464,0.00114464,0.00114464
434,1888.3,2.93778,0.74493,2.20186,0.76445,0.56178,0.66473,0.3785,2.91978,0.71761,2.15326,0.00114266,0.00114266,0.00114266
435,1892.67,2.98695,0.76337,2.21864,0.7762,0.57208,0.67942,0.38109,2.95995,0.73406,2.15466,0.00114068,0.00114068,0.00114068
436,1897.25,2.94495,0.75158,2.19457,0.78505,0.55972,0.67622,0.36195,3.08833,0.75598,2.16437,0.0011387,0.0011387,0.0011387
437,1901.39,2.99075,0.75761,2.21304,0.76518,0.5771,0.68038,0.36712,3.07215,0.75044,2.16212,0.00113672,0.00113672,0.00113672
438,1905.76,3.057,0.74003,2.19229,0.79019,0.56562,0.67542,0.36053,3.13256,0.77519,2.16482,0.00113474,0.00113474,0.00113474
439,1910.26,3.21839,0.80669,2.22354,0.77637,0.55821,0.66887,0.36436,3.07398,0.75224,2.16118,0.00113276,0.00113276,0.00113276
440,1914.65,2.88455,0.73395,2.20815,0.75714,0.56535,0.67118,0.37536,2.96663,0.7296,2.1529,0.00113078,0.00113078,0.00113078
441,1918.83,2.83892,0.73867,2.19523,0.7605,0.5696,0.67543,0.37239,3.01215,0.73167,2.15319,0.0011288,0.0011288,0.0011288
442,1923.17,2.74018,0.68904,2.17728,0.77963,0.57015,0.68063,0.37676,2.99185,0.73526,2.15599,0.00112682,0.00112682,0.00112682
443,1927.49,2.81312,0.69705,2.18699,0.79598,0.56884,0.68489,0.38252,2.93728,0.73089,2.15715,0.00112484,0.00112484,0.00112484
444,1931.77,2.8893,0.73049,2.2157,0.78217,0.56768,0.68186,0.38168,2.94707,0.72791,2.15603,0.00112286,0.00112286,0.00112286
445,1935.8,2.9323,0.72876,2.19428,0.76021,0.57812,0.6814,0.3835,2.94213,0.71777,2.15564,0.00112088,0.00112088,0.00112088
446,1940.17,2.85731,0.73876,2.19367,0.7752,0.56905,0.68039,0.37904,2.95165,0.71914,2.15333,0.0011189,0.0011189,0.0011189
447,1944.73,3.00959,0.73715,2.19861,0.77734,0.57083,0.68044,0.37785,2.97601,0.72433,2.1542,0.00111692,0.00111692,0.00111692
448,1949.25,2.84525,0.70658,2.18143,0.75921,0.58005,0.68199,0.37975,2.9371,0.72079,2.1553,0.00111494,0.00111494,0.00111494
449,1953.33,2.96514,0.75018,2.20339,0.77311,0.57166,0.67998,0.37942,2.93577,0.72286,2.15358,0.00111296,0.00111296,0.00111296
450,1957.84,2.91077,0.7455,2.19749,0.77044,0.57825,0.68752,0.38666,2.89628,0.70721,2.15117,0.00111098,0.00111098,0.00111098
451,1962.27,2.72308,0.68225,2.16394,0.76623,0.57606,0.68562,0.38802,2.87751,0.70588,2.15047,0.001109,0.001109,0.001109
452,1967.01,2.77095,0.71043,2.20871,0.7898,0.56549,0.6834,0.38656,2.90634,0.70786,2.14965,0.00110702,0.00110702,0.00110702
453,1970.72,2.71354,0.67612,2.1703,0.78865,0.57019,0.68595,0.38684,2.90995,0.70466,2.15102,0.00110504,0.00110504,0.00110504
454,1974.63,2.71057,0.68243,2.16863,0.78881,0.57427,0.69062,0.38799,2.92355,0.7075,2.14922,0.00110306,0.00110306,0.00110306
455,1978.98,2.9435,0.73927,2.19448,0.79734,0.57092,0.69166,0.39039,2.93418,0.70848,2.15029,0.00110108,0.00110108,0.00110108
456,1983.95,2.88421,0.74337,2.21362,0.77827,0.5707,0.68698,0.39506,2.83907,0.68955,2.14782,0.0010991,0.0010991,0.0010991
457,1988.34,2.66514,0.65908,2.18613,0.78226,0.56782,0.68304,0.3918,2.86812,0.69236,2.14905,0.00109712,0.00109712,0.00109712
458,1992.73,2.81622,0.7079,2.1786,0.76929,0.574,0.68522,0.39637,2.83238,0.68676,2.14631,0.00109514,0.00109514,0.00109514
459,1996.97,2.90019,0.76082,2.21681,0.7768,0.57383,0.68819,0.39834,2.82558,0.68574,2.1455,0.00109316,0.00109316,0.00109316
460,2001.68,2.87108,0.7414,2.20092,0.78155,0.58499,0.69207,0.39074,2.89757,0.69859,2.15148,0.00109118,0.00109118,0.00109118
461,2005.51,2.79904,0.7162,2.20769,0.79093,0.57443,0.69087,0.39487,2.84166,0.68665,2.14794,0.0010892,0.0010892,0.0010892
462,2009.62,2.72007,0.67965,2.19283,0.77712,0.58114,0.69083,0.39632,2.82657,0.68406,2.14954,0.00108722,0.00108722,0.00108722
463,2013.91,2.7818,0.71364,2.19742,0.77753,0.58059,0.69034,0.39649,2.83209,0.68746,2.14902,0.00108524,0.00108524,0.00108524
464,2018.73,2.69121,0.68614,2.18677,0.76046,0.581,0.68803,0.39379,2.85221,0.69319,2.14738,0.00108326,0.00108326,0.00108326
465,2022.93,2.82376,0.70337,2.19466,0.77742,0.57482,0.68974,0.39925,2.80255,0.68318,2.14714,0.00108128,0.00108128,0.00108128
466,2027.37,2.83094,0.73828,2.22257,0.77175,0.57466,0.68692,0.39354,2.85966,0.68962,2.1469,0.0010793,0.0010793,0.0010793
467,2031.79,2.83674,0.72973,2.22447,0.76612,0.57331,0.68587,0.38737,2.91933,0.69689,2.14791,0.00107732,0.00107732,0.00107732
468,2036.3,2.65839,0.66812,2.1965,0.7707,0.58603,0.69324,0.40102,2.80146,0.68071,2.14544,0.00107534,0.00107534,0.00107534
469,2040.55,2.66222,0.68338,2.19489,0.77519,0.58511,0.69411,0.4005,2.81099,0.68458,2.14573,0.00107336,0.00107336,0.00107336
470,2045.09,3.0012,0.76512,2.21085,0.78041,0.58237,0.68995,0.39635,2.8198,0.68902,2.14721,0.00107138,0.00107138,0.00107138
471,2049.28,3.07163,0.77393,2.23397,0.76223,0.57963,0.68469,0.38998,2.8521,0.68767,2.14625,0.0010694,0.0010694,0.0010694
472,2053.97,2.8955,0.71047,2.18816,0.76876,0.58278,0.6893,0.39255,2.83238,0.69017,2.14954,0.00106742,0.00106742,0.00106742
473,2058.44,2.97859,0.74093,2.21507,0.76775,0.58443,0.6893,0.3902,2.86499,0.69804,2.14881,0.00106544,0.00106544,0.00106544
474,2062.63,3.01563,0.75919,2.22369,0.77403,0.57523,0.68777,0.39274,2.85897,0.69235,2.14615,0.00106346,0.00106346,0.00106346
475,2066.89,2.7842,0.72682,2.20833,0.77092,0.57743,0.6875,0.39857,2.80178,0.68398,2.14583,0.00106148,0.00106148,0.00106148
476,2071.3,2.78027,0.69624,2.1888,0.77903,0.58155,0.69204,0.39803,2.81558,0.68686,2.14839,0.0010595,0.0010595,0.0010595
477,2075.57,2.76386,0.68236,2.19073,0.7653,0.58677,0.69343,0.39911,2.81501,0.68444,2.14819,0.00105752,0.00105752,0.00105752
478,2080,2.52842,0.64036,2.18822,0.77072,0.5858,0.69457,0.40155,2.78545,0.68185,2.14529,0.00105554,0.00105554,0.00105554
479,2084.22,2.79005,0.69223,2.17998,0.75705,0.58906,0.69061,0.4005,2.80776,0.67933,2.14525,0.00105356,0.00105356,0.00105356
480,2088.43,2.95599,0.75019,2.22116,0.7722,0.58828,0.69387,0.39826,2.79978,0.68649,2.14666,0.00105158,0.00105158,0.00105158
481,2093.16,2.83087,0.73783,2.21887,0.78217,0.5718,0.68578,0.38905,2.84789,0.69763,2.15129,0.0010496,0.0010496,0.0010496
482,2097.39,2.71817,0.71147,2.21822,0.75731,0.57235,0.68059,0.39098,2.86252,0.70122,2.14718,0.00104762,0.00104762,0.00104762
483,2101.34,2.77344,0.71838,2.22115,0.77391,0.57867,0.68756,0.39247,2.84017,0.70128,2.14758,0.00104564,0.00104564,0.00104564
484,2105.57,2.90321,0.72971,2.1814,0.79139,0.58484,0.69544,0.39394,2.8775,0.71064,2.14636,0.00104366,0.00104366,0.00104366
485,2109.44,2.60614,0.67409,2.19371,0.79015,0.57999,0.69443,0.39958,2.80712,0.69538,2.14427,0.00104168,0.00104168,0.00104168
486,2113.86,2.76554,0.7063,2.18811,0.78797,0.57304,0.68903,0.39633,2.82442,0.68988,2.14435,0.0010397,0.0010397,0.0010397
487,2117.89,2.74144,0.71684,2.18688,0.79392,0.57084,0.68809,0.39522,2.80731,0.68643,2.1442,0.00103772,0.00103772,0.00103772
488,2122.18,2.70712,0.68736,2.18707,0.76183,0.57606,0.68537,0.38988,2.8493,0.69328,2.14464,0.00103574,0.00103574,0.00103574
489,2126.57,2.69728,0.69201,2.20298,0.78382,0.56549,0.68682,0.39273,2.84844,0.69417,2.14484,0.00103376,0.00103376,0.00103376
490,2131.36,2.74474,0.69382,2.18999,0.772,0.57641,0.68704,0.39649,2.82037,0.68869,2.14337,0.00103178,0.00103178,0.00103178
491,2135.4,2.74642,0.70057,2.18561,0.77743,0.57737,0.68785,0.39542,2.81711,0.68403,2.1446,0.0010298,0.0010298,0.0010298
492,2139.91,2.8144,0.72619,2.21495,0.77325,0.574,0.68484,0.39486,2.82707,0.68339,2.14524,0.00102782,0.00102782,0.00102782
493,2143.85,2.80531,0.72013,2.20354,0.78091,0.57345,0.68815,0.39934,2.81572,0.68421,2.14511,0.00102584,0.00102584,0.00102584
494,2148.46,2.7158,0.69459,2.18335,0.76995,0.57436,0.68609,0.39923,2.80748,0.69071,2.14389,0.00102386,0.00102386,0.00102386
495,2152.54,2.80725,0.71319,2.19151,0.77218,0.57496,0.68613,0.3992,2.79493,0.68813,2.14233,0.00102188,0.00102188,0.00102188
496,2157.1,2.86655,0.73029,2.2091,0.77076,0.57743,0.68754,0.39658,2.79603,0.68369,2.14199,0.0010199,0.0010199,0.0010199
497,2161.2,2.68867,0.70179,2.21389,0.76799,0.57895,0.68659,0.39686,2.79229,0.68504,2.14324,0.00101792,0.00101792,0.00101792
498,2165.69,2.78203,0.69421,2.20467,0.77368,0.57414,0.6884,0.40018,2.78561,0.67742,2.14371,0.00101594,0.00101594,0.00101594
499,2169.97,2.79107,0.71466,2.18225,0.76198,0.57619,0.68418,0.39557,2.78009,0.68031,2.14151,0.00101396,0.00101396,0.00101396
500,2174.76,2.89653,0.75008,2.21279,0.77287,0.57228,0.68782,0.39885,2.82765,0.69179,2.14421,0.00101198,0.00101198,0.00101198
501,2178.85,2.78961,0.70733,2.18558,0.77592,0.57359,0.69037,0.39974,2.8319,0.69164,2.14564,0.00101,0.00101,0.00101
502,2183.09,2.73229,0.71514,2.20836,0.78,0.57111,0.68778,0.39725,2.81232,0.6794,2.1469,0.00100802,0.00100802,0.00100802
503,2187.19,2.7455,0.69848,2.20264,0.78957,0.57482,0.69142,0.39901,2.78523,0.67572,2.14669,0.00100604,0.00100604,0.00100604
504,2191.7,2.62242,0.67969,2.18743,0.77175,0.57702,0.68998,0.3998,2.81016,0.6814,2.14517,0.00100406,0.00100406,0.00100406
505,2195.72,2.62859,0.66867,2.18037,0.76803,0.57798,0.69059,0.40032,2.80513,0.67708,2.14476,0.00100208,0.00100208,0.00100208
506,2200.5,2.85459,0.72228,2.17899,0.77491,0.57756,0.68972,0.39761,2.79287,0.67823,2.14285,0.0010001,0.0010001,0.0010001
507,2205.15,2.86221,0.69855,2.17531,0.77893,0.57537,0.69113,0.39748,2.80017,0.68289,2.14401,0.00099812,0.00099812,0.00099812
508,2209.96,2.9204,0.72198,2.16965,0.77699,0.5696,0.68473,0.39133,2.85338,0.6971,2.14476,0.00099614,0.00099614,0.00099614
509,2214.19,2.83774,0.72352,2.20861,0.77142,0.57208,0.68314,0.38631,2.89562,0.7059,2.14609,0.00099416,0.00099416,0.00099416
510,2219.05,3.05647,0.74374,2.19311,0.79567,0.57097,0.6901,0.39399,2.83909,0.69587,2.14583,0.00099218,0.00099218,0.00099218
511,2223.35,2.5845,0.68232,2.16473,0.78781,0.56988,0.68875,0.39666,2.80655,0.68902,2.14266,0.0009902,0.0009902,0.0009902
512,2227.49,2.74479,0.71789,2.19696,0.78799,0.58059,0.69512,0.40355,2.79018,0.67949,2.1405,0.00098822,0.00098822,0.00098822
513,2231.86,2.75747,0.74599,2.22404,0.79491,0.58214,0.69785,0.40444,2.79622,0.67896,2.14324,0.00098624,0.00098624,0.00098624
514,2236.5,2.71847,0.69873,2.18747,0.79046,0.57951,0.69559,0.39734,2.87327,0.69263,2.14807,0.00098426,0.00098426,0.00098426
515,2240.89,2.84827,0.75589,2.23055,0.78333,0.58045,0.69395,0.39778,2.87004,0.69775,2.14835,0.00098228,0.00098228,0.00098228
516,2245.63,2.69633,0.70828,2.19049,0.77603,0.58034,0.68851,0.39482,2.853,0.70342,2.14981,0.0009803,0.0009803,0.0009803
517,2249.81,2.59279,0.65794,2.17077,0.78074,0.58319,0.69002,0.39506,2.86213,0.70822,2.14952,0.00097832,0.00097832,0.00097832
518,2254.07,2.98206,0.77229,2.21859,0.77328,0.5799,0.68845,0.40128,2.7867,0.68686,2.14544,0.00097634,0.00097634,0.00097634
519,2258.46,2.68436,0.68831,2.17157,0.79039,0.57235,0.69024,0.40002,2.82655,0.69124,2.14838,0.00097436,0.00097436,0.00097436
520,2262.65,2.91926,0.74976,2.2045,0.78535,0.57935,0.6934,0.40045,2.82003,0.68997,2.14516,0.00097238,0.00097238,0.00097238
521,2267.01,2.90259,0.72191,2.19117,0.77562,0.58563,0.69256,0.39713,2.84024,0.69771,2.14823,0.0009704,0.0009704,0.0009704
522,2271.46,2.7841,0.69892,2.17438,0.7768,0.57574,0.68532,0.39112,2.86461,0.70421,2.15337,0.00096842,0.00096842,0.00096842
523,2275.64,2.86645,0.73615,2.17421,0.77451,0.58471,0.6907,0.39349,2.84707,0.70012,2.15176,0.00096644,0.00096644,0.00096644
524,2280.06,2.59851,0.66611,2.17023,0.77097,0.5735,0.68508,0.38709,2.89646,0.70198,2.15049,0.00096446,0.00096446,0.00096446
525,2284.33,2.6227,0.67257,2.18598,0.76972,0.56851,0.68095,0.38393,2.89277,0.70047,2.15094,0.00096248,0.00096248,0.00096248
526,2288.84,2.92308,0.75478,2.23057,0.77718,0.57208,0.6829,0.38538,2.88817,0.70181,2.15119,0.0009605,0.0009605,0.0009605
527,2292.9,2.77061,0.68689,2.18352,0.76891,0.56768,0.67984,0.38649,2.87137,0.69699,2.14967,0.00095852,0.00095852,0.00095852
528,2297.03,2.61957,0.67499,2.19339,0.79701,0.57301,0.68912,0.39306,2.83899,0.69785,2.14798,0.00095654,0.00095654,0.00095654
529,2301.1,2.78109,0.69458,2.18089,0.79258,0.57757,0.68904,0.39119,2.85616,0.71116,2.14814,0.00095456,0.00095456,0.00095456
530,2305.73,2.57725,0.66003,2.18077,0.76587,0.57386,0.68147,0.38265,2.9213,0.71366,2.1446,0.00095258,0.00095258,0.00095258
531,2309.92,2.65172,0.66602,2.17474,0.77965,0.57386,0.68512,0.38979,2.84846,0.70445,2.14444,0.0009506,0.0009506,0.0009506
532,2314.24,2.67562,0.69654,2.18888,0.77995,0.57369,0.68755,0.39677,2.81192,0.69048,2.14491,0.00094862,0.00094862,0.00094862
533,2318.86,2.56979,0.65384,2.16198,0.77597,0.57057,0.68417,0.39758,2.78425,0.68274,2.14347,0.00094664,0.00094664,0.00094664
534,2323.29,2.72175,0.701,2.19413,0.7796,0.58467,0.69088,0.39746,2.81158,0.68758,2.14407,0.00094466,0.00094466,0.00094466
535,2327.67,2.72029,0.68943,2.1751,0.78479,0.58626,0.69307,0.39675,2.82229,0.68297,2.14365,0.00094268,0.00094268,0.00094268
536,2332.13,2.63019,0.68409,2.17478,0.79757,0.59033,0.7004,0.40707,2.75498,0.67341,2.1439,0.0009407,0.0009407,0.0009407
537,2336.36,2.54132,0.6484,2.17417,0.79737,0.59116,0.70047,0.40586,2.78281,0.67798,2.14483,0.00093872,0.00093872,0.00093872
538,2340.95,2.79804,0.70266,2.19204,0.78476,0.58364,0.69529,0.40867,2.74655,0.67312,2.14176,0.00093674,0.00093674,0.00093674
539,2345.39,2.85474,0.71814,2.20227,0.78762,0.57908,0.69271,0.40828,2.73065,0.66714,2.14021,0.00093476,0.00093476,0.00093476
540,2349.56,2.94228,0.74033,2.22345,0.78362,0.57935,0.69161,0.40621,2.76452,0.66897,2.14038,0.00093278,0.00093278,0.00093278
541,2353.71,2.5849,0.65775,2.17726,0.78057,0.58214,0.69215,0.40794,2.74016,0.66385,2.13912,0.0009308,0.0009308,0.0009308
542,2358,2.61042,0.65617,2.16174,0.78813,0.58059,0.69678,0.41295,2.71438,0.66469,2.13996,0.00092882,0.00092882,0.00092882
543,2362.31,2.65954,0.69266,2.19527,0.7893,0.5796,0.69598,0.40847,2.76457,0.67527,2.14053,0.00092684,0.00092684,0.00092684
544,2366.97,2.54239,0.6549,2.17727,0.77549,0.58649,0.69348,0.41077,2.7381,0.67068,2.14148,0.00092486,0.00092486,0.00092486
545,2371.27,2.78103,0.6984,2.18136,0.77132,0.58141,0.69235,0.40903,2.74153,0.66836,2.14126,0.00092288,0.00092288,0.00092288
546,2375.98,2.6505,0.68727,2.18235,0.7736,0.58919,0.69741,0.4063,2.77919,0.6735,2.14312,0.0009209,0.0009209,0.0009209
547,2380.52,2.75007,0.6962,2.18129,0.78331,0.58265,0.6977,0.4083,2.75014,0.66765,2.14281,0.00091892,0.00091892,0.00091892
548,2384.75,2.49212,0.64911,2.17504,0.79822,0.5799,0.69875,0.40929,2.74294,0.66559,2.14181,0.00091694,0.00091694,0.00091694
549,2388.83,2.66188,0.67494,2.17518,0.78083,0.58498,0.69662,0.40756,2.7528,0.66838,2.14182,0.00091496,0.00091496,0.00091496
550,2393.19,2.93078,0.73032,2.21103,0.77946,0.58081,0.69265,0.4052,2.75926,0.67191,2.14375,0.00091298,0.00091298,0.00091298
551,2397.44,2.6012,0.66,2.17627,0.78724,0.58114,0.69242,0.39943,2.82196,0.69057,2.14666,0.000911,0.000911,0.000911
552,2402.22,2.89044,0.74082,2.18956,0.7784,0.56919,0.68545,0.39917,2.77846,0.67955,2.14624,0.00090902,0.00090902,0.00090902
553,2406.68,2.60784,0.65957,2.16691,0.7701,0.56494,0.68192,0.39663,2.79074,0.69157,2.14428,0.00090704,0.00090704,0.00090704
554,2411.17,2.62577,0.65388,2.1662,0.7932,0.56796,0.69249,0.40318,2.76235,0.68465,2.14449,0.00090506,0.00090506,0.00090506
555,2415.47,2.61545,0.67276,2.19006,0.78826,0.57087,0.69365,0.40435,2.77232,0.6864,2.14425,0.00090308,0.00090308,0.00090308
556,2420,2.51508,0.66053,2.16576,0.79111,0.57619,0.69403,0.40797,2.73531,0.67918,2.1414,0.0009011,0.0009011,0.0009011
557,2424.14,2.79274,0.73856,2.21002,0.78606,0.57812,0.69335,0.40785,2.72257,0.67439,2.14034,0.00089912,0.00089912,0.00089912
558,2428.82,2.54098,0.65758,2.21466,0.77623,0.57672,0.69152,0.40513,2.74494,0.67742,2.13928,0.00089714,0.00089714,0.00089714
559,2433.03,2.59155,0.65384,2.17529,0.78086,0.57812,0.69406,0.41086,2.71222,0.6722,2.13844,0.00089516,0.00089516,0.00089516
560,2437.44,2.57715,0.66218,2.19051,0.77132,0.58018,0.69331,0.40619,2.75524,0.68088,2.14027,0.00089318,0.00089318,0.00089318
561,2441.45,2.76461,0.70808,2.19265,0.78188,0.57826,0.69409,0.4086,2.72745,0.67372,2.13855,0.0008912,0.0008912,0.0008912
562,2445.77,2.44526,0.6268,2.15632,0.77919,0.57565,0.69085,0.40283,2.75093,0.6718,2.13855,0.00088922,0.00088922,0.00088922
563,2450.04,2.70684,0.69091,2.19188,0.77682,0.57647,0.6908,0.4,2.78511,0.67406,2.14197,0.00088724,0.00088724,0.00088724
564,2454.3,2.6739,0.67815,2.21005,0.77827,0.57634,0.6914,0.40371,2.7473,0.66581,2.14136,0.00088526,0.00088526,0.00088526
565,2458.32,2.50233,0.62438,2.15621,0.77354,0.58101,0.69274,0.40586,2.74109,0.66618,2.14218,0.00088328,0.00088328,0.00088328
566,2462.75,2.4592,0.62885,2.16317,0.77578,0.57153,0.68918,0.40532,2.75281,0.66685,2.14115,0.0008813,0.0008813,0.0008813
567,2466.86,2.59214,0.64084,2.1634,0.77915,0.57249,0.68934,0.40552,2.73766,0.66629,2.14121,0.00087932,0.00087932,0.00087932
568,2471.49,2.96596,0.75426,2.20042,0.78104,0.57976,0.69472,0.40898,2.73844,0.66349,2.14082,0.00087734,0.00087734,0.00087734
569,2476.06,2.8799,0.72763,2.20864,0.77432,0.5799,0.69286,0.40943,2.72233,0.65851,2.13931,0.00087536,0.00087536,0.00087536
570,2480.67,2.58457,0.66356,2.17666,0.78503,0.57894,0.6952,0.41156,2.70957,0.65647,2.13908,0.00087338,0.00087338,0.00087338
571,2484.83,2.6892,0.69248,2.18739,0.78846,0.57468,0.69363,0.41132,2.69161,0.65487,2.13938,0.0008714,0.0008714,0.0008714
572,2489.26,2.44642,0.6298,2.16044,0.77908,0.58169,0.69387,0.40843,2.71449,0.65898,2.13949,0.00086942,0.00086942,0.00086942
573,2493.38,2.71123,0.7227,2.21558,0.77666,0.58333,0.69381,0.41012,2.6974,0.65485,2.13808,0.00086744,0.00086744,0.00086744
574,2498.18,2.64066,0.66855,2.18174,0.78417,0.58992,0.70188,0.4106,2.71879,0.6618,2.13878,0.00086546,0.00086546,0.00086546
575,2502.36,2.66471,0.68254,2.17471,0.79056,0.58622,0.70101,0.40968,2.73023,0.6696,2.13946,0.00086348,0.00086348,0.00086348
576,2507.12,2.65862,0.67953,2.16888,0.78273,0.58567,0.69998,0.41497,2.68626,0.6597,2.13747,0.0008615,0.0008615,0.0008615
577,2511.07,2.77121,0.67094,2.17063,0.77997,0.57913,0.69236,0.40845,2.73349,0.66398,2.13893,0.00085952,0.00085952,0.00085952
578,2515.6,2.79343,0.70254,2.18922,0.78058,0.58412,0.69443,0.40936,2.72282,0.66596,2.14127,0.00085754,0.00085754,0.00085754
579,2520.24,2.71625,0.66058,2.15976,0.78923,0.58045,0.69418,0.40769,2.73744,0.66653,2.143,0.00085556,0.00085556,0.00085556
580,2524.87,2.7615,0.68027,2.19367,0.7801,0.57275,0.68662,0.40394,2.75584,0.67089,2.14267,0.00085358,0.00085358,0.00085358
581,2528.76,2.70924,0.69173,2.18406,0.77612,0.57208,0.68643,0.40184,2.758,0.67221,2.14284,0.0008516,0.0008516,0.0008516
582,2532.95,2.45166,0.61808,2.16155,0.77082,0.57345,0.68532,0.40595,2.70375,0.66891,2.14073,0.00084962,0.00084962,0.00084962
583,2537.24,2.74097,0.70941,2.18738,0.77389,0.57373,0.68805,0.40731,2.68301,0.66568,2.13981,0.00084764,0.00084764,0.00084764
584,2542.19,2.7133,0.67742,2.16961,0.79024,0.57111,0.69112,0.40785,2.72086,0.65867,2.13975,0.00084566,0.00084566,0.00084566
585,2546.54,2.62635,0.66609,2.17728,0.79818,0.56686,0.6911,0.41101,2.69128,0.65249,2.13819,0.00084368,0.00084368,0.00084368
586,2551.11,2.54734,0.66019,2.17691,0.79017,0.57697,0.69407,0.41221,2.70334,0.65623,2.13829,0.0008417,0.0008417,0.0008417
587,2555.03,2.60601,0.64264,2.17164,0.79256,0.57551,0.69468,0.41082,2.7146,0.65915,2.13807,0.00083972,0.00083972,0.00083972
588,2560.02,2.58327,0.64297,2.17311,0.80095,0.57342,0.69488,0.41374,2.68228,0.65619,2.13741,0.00083774,0.00083774,0.00083774
589,2564.22,2.72414,0.67513,2.16906,0.79642,0.57812,0.6958,0.41298,2.69364,0.66065,2.13858,0.00083576,0.00083576,0.00083576
590,2568.6,2.62748,0.66696,2.17613,0.79371,0.56576,0.69097,0.40775,2.7215,0.6703,2.13987,0.00083378,0.00083378,0.00083378
591,2573.06,2.52493,0.652,2.18148,0.79209,0.56329,0.68784,0.40636,2.7195,0.67143,2.13892,0.0008318,0.0008318,0.0008318
592,2577.61,2.69908,0.67568,2.16176,0.79235,0.56788,0.69129,0.40728,2.72378,0.66872,2.13838,0.00082982,0.00082982,0.00082982
593,2581.91,2.558,0.65096,2.17145,0.78337,0.56727,0.68836,0.40342,2.73151,0.67167,2.13928,0.00082784,0.00082784,0.00082784
594,2586.31,2.80068,0.71301,2.19348,0.77794,0.56415,0.68447,0.40159,2.76306,0.68472,2.13987,0.00082586,0.00082586,0.00082586
595,2590.57,2.75146,0.70074,2.18298,0.77332,0.5639,0.68306,0.40407,2.74823,0.68797,2.13765,0.00082388,0.00082388,0.00082388
596,2595.08,2.52157,0.64876,2.16957,0.77277,0.57755,0.69386,0.4106,2.69318,0.66628,2.13543,0.0008219,0.0008219,0.0008219
597,2599.04,2.60907,0.65283,2.16367,0.783,0.57867,0.69708,0.41324,2.71008,0.66436,2.13585,0.00081992,0.00081992,0.00081992
598,2603.62,2.5757,0.64202,2.17327,0.77955,0.58141,0.69645,0.41095,2.73418,0.66472,2.13755,0.00081794,0.00081794,0.00081794
599,2608.25,2.76938,0.6965,2.17589,0.77764,0.57757,0.69153,0.4086,2.71852,0.66385,2.1363,0.00081596,0.00081596,0.00081596
600,2612.75,2.46135,0.64111,2.16975,0.78653,0.57825,0.69501,0.41409,2.68165,0.65801,2.13586,0.00081398,0.00081398,0.00081398
601,2616.68,2.57276,0.64669,2.16953,0.78331,0.57517,0.6953,0.41113,2.69965,0.65954,2.13707,0.000812,0.000812,0.000812
602,2621.17,2.74841,0.71771,2.18955,0.79077,0.57077,0.69506,0.41538,2.6648,0.65591,2.13641,0.00081002,0.00081002,0.00081002
603,2625.64,2.53754,0.65412,2.17639,0.79622,0.57317,0.69465,0.41247,2.69071,0.66096,2.13945,0.00080804,0.00080804,0.00080804
604,2629.9,2.58172,0.67391,2.18308,0.79724,0.57606,0.69712,0.41293,2.71098,0.66674,2.13828,0.00080606,0.00080606,0.00080606
605,2634.26,2.72299,0.7033,2.19271,0.79782,0.57743,0.70021,0.41447,2.71457,0.6638,2.13852,0.00080408,0.00080408,0.00080408
606,2639,2.57301,0.671,2.20918,0.78209,0.58526,0.70191,0.41505,2.70691,0.66024,2.13695,0.0008021,0.0008021,0.0008021
607,2643.13,2.61604,0.65253,2.17166,0.78541,0.57976,0.6993,0.41481,2.7084,0.66021,2.1365,0.00080012,0.00080012,0.00080012
608,2647.25,2.85126,0.74028,2.2131,0.78587,0.58045,0.69887,0.41359,2.70648,0.65545,2.13659,0.00079814,0.00079814,0.00079814
609,2651.45,2.77195,0.69605,2.1943,0.78819,0.58457,0.70121,0.41379,2.71166,0.65647,2.13689,0.00079616,0.00079616,0.00079616
610,2656.17,2.69722,0.69479,2.17588,0.77368,0.59885,0.70852,0.41954,2.69957,0.66032,2.13687,0.00079418,0.00079418,0.00079418
611,2660.52,2.64216,0.67338,2.1691,0.77551,0.58677,0.70466,0.41304,2.76729,0.67156,2.1375,0.0007922,0.0007922,0.0007922
612,2664.79,2.73111,0.68433,2.18928,0.786,0.5788,0.69932,0.40845,2.78261,0.68113,2.13965,0.00079022,0.00079022,0.00079022
613,2668.92,2.65016,0.67274,2.17437,0.79368,0.57934,0.69927,0.41224,2.71704,0.67583,2.13829,0.00078824,0.00078824,0.00078824
614,2673.43,2.75326,0.6932,2.17209,0.79599,0.57637,0.69625,0.40922,2.752,0.67618,2.13956,0.00078626,0.00078626,0.00078626
615,2678.02,2.56381,0.6474,2.18111,0.76948,0.58063,0.69287,0.40944,2.70437,0.66572,2.13731,0.00078428,0.00078428,0.00078428
616,2682.48,2.75196,0.68584,2.17882,0.77243,0.57798,0.69203,0.40666,2.73193,0.67012,2.1365,0.0007823,0.0007823,0.0007823
617,2686.29,2.64215,0.65109,2.15327,0.78124,0.58127,0.69715,0.41352,2.67989,0.6601,2.13555,0.00078032,0.00078032,0.00078032
618,2690.67,2.51557,0.65778,2.18535,0.77487,0.58402,0.69822,0.41281,2.68833,0.66304,2.13525,0.00077834,0.00077834,0.00077834
619,2694.78,2.58365,0.66069,2.16851,0.77676,0.58306,0.69835,0.41078,2.70994,0.66337,2.13647,0.00077636,0.00077636,0.00077636
620,2699.19,2.49496,0.62774,2.15472,0.77766,0.58102,0.69429,0.41285,2.68116,0.65915,2.13584,0.00077438,0.00077438,0.00077438
621,2703.22,2.42562,0.63905,2.18372,0.78277,0.58429,0.69547,0.41232,2.70228,0.66267,2.13662,0.0007724,0.0007724,0.0007724
622,2707.49,2.42623,0.63354,2.16724,0.78595,0.58018,0.69491,0.41263,2.69791,0.66121,2.13675,0.00077042,0.00077042,0.00077042
623,2712.07,2.57435,0.66141,2.15203,0.78661,0.58114,0.69602,0.41201,2.69585,0.6621,2.13658,0.00076844,0.00076844,0.00076844
624,2716.51,2.47066,0.63622,2.16906,0.79989,0.57839,0.69697,0.41223,2.66005,0.65446,2.13638,0.00076646,0.00076646,0.00076646
625,2720.52,2.52325,0.66334,2.15528,0.80164,0.57716,0.69435,0.40968,2.67938,0.65482,2.13713,0.00076448,0.00076448,0.00076448
626,2724.73,2.52429,0.63932,2.16022,0.78694,0.58004,0.69561,0.41228,2.67581,0.6561,2.13728,0.0007625,0.0007625,0.0007625
627,2729.21,2.59995,0.66334,2.18352,0.78462,0.57814,0.69531,0.41413,2.6762,0.65689,2.13821,0.00076052,0.00076052,0.00076052
628,2733.79,2.60897,0.68944,2.19718,0.79013,0.581,0.69827,0.41398,2.71547,0.66012,2.13762,0.00075854,0.00075854,0.00075854
629,2738.37,2.52944,0.65961,2.18271,0.78703,0.58375,0.70112,0.41627,2.7048,0.65621,2.13564,0.00075656,0.00075656,0.00075656
630,2742.95,2.73139,0.67773,2.17645,0.79506,0.57895,0.70091,0.41726,2.677,0.65206,2.1359,0.00075458,0.00075458,0.00075458
631,2747.05,2.59358,0.65897,2.17181,0.80378,0.57474,0.69705,0.41506,2.68441,0.65458,2.137,0.0007526,0.0007526,0.0007526
632,2751.19,2.51034,0.64886,2.17027,0.79144,0.57317,0.69062,0.40731,2.72853,0.66638,2.13777,0.00075062,0.00075062,0.00075062
633,2755.45,2.81105,0.73402,2.21074,0.78874,0.57559,0.69261,0.40665,2.74546,0.6703,2.13811,0.00074864,0.00074864,0.00074864
634,2760.01,2.50262,0.65497,2.1754,0.78432,0.58155,0.69779,0.41508,2.68982,0.66078,2.13495,0.00074666,0.00074666,0.00074666
635,2764.19,2.40614,0.62055,2.15825,0.78169,0.57907,0.69795,0.41214,2.73511,0.66769,2.1347,0.00074468,0.00074468,0.00074468
636,2768.52,2.59866,0.66139,2.16287,0.79159,0.57372,0.69861,0.41062,2.73177,0.66698,2.13534,0.0007427,0.0007427,0.0007427
637,2773.22,2.55348,0.64935,2.16642,0.79281,0.57825,0.7004,0.4171,2.67485,0.65725,2.13264,0.00074072,0.00074072,0.00074072
638,2777.91,2.56091,0.63544,2.16182,0.77928,0.58127,0.69497,0.40836,2.71305,0.66366,2.13445,0.00073874,0.00073874,0.00073874
639,2782.14,2.65993,0.67454,2.19658,0.77927,0.57935,0.69434,0.40739,2.72915,0.66724,2.13618,0.00073676,0.00073676,0.00073676
640,2786.47,2.55207,0.66686,2.15773,0.79276,0.57345,0.69514,0.41292,2.68578,0.65508,2.13447,0.00073478,0.00073478,0.00073478
641,2790.5,2.59188,0.65444,2.13963,0.79292,0.57139,0.69212,0.41219,2.68496,0.65733,2.134,0.0007328,0.0007328,0.0007328
642,2794.76,2.7827,0.69935,2.16392,0.77239,0.57812,0.68918,0.41107,2.70148,0.6617,2.13522,0.00073082,0.00073082,0.00073082
643,2798.91,2.21236,0.58263,2.16411,0.77905,0.58045,0.69159,0.41209,2.6963,0.66181,2.1348,0.00072884,0.00072884,0.00072884
644,2803.46,2.43234,0.62907,2.16294,0.79196,0.58182,0.69784,0.41825,2.64528,0.64717,2.13374,0.00072686,0.00072686,0.00072686
645,2807.88,2.61239,0.672,2.16553,0.7898,0.58375,0.69986,0.41689,2.66781,0.65011,2.13364,0.00072488,0.00072488,0.00072488
646,2812.61,2.52799,0.6529,2.16918,0.79177,0.58649,0.70052,0.41659,2.68372,0.6566,2.13341,0.0007229,0.0007229,0.0007229
647,2816.81,2.52323,0.64742,2.1727,0.79377,0.58278,0.69834,0.41549,2.68073,0.65721,2.13309,0.00072092,0.00072092,0.00072092
648,2821.04,2.61562,0.65303,2.16312,0.80111,0.57482,0.69681,0.41314,2.69754,0.65522,2.13368,0.00071894,0.00071894,0.00071894
649,2825.45,2.63497,0.66124,2.17939,0.79798,0.58187,0.69973,0.41707,2.68805,0.65022,2.13349,0.00071696,0.00071696,0.00071696
650,2829.69,2.72236,0.68808,2.19452,0.7996,0.58501,0.70328,0.4187,2.68284,0.64931,2.13348,0.00071498,0.00071498,0.00071498
651,2833.9,2.35587,0.60499,2.13369,0.79675,0.58429,0.70454,0.42106,2.64835,0.6434,2.1321,0.000713,0.000713,0.000713
652,2838.29,2.38588,0.60027,2.15856,0.78698,0.58784,0.70351,0.42249,2.66461,0.64651,2.13256,0.00071102,0.00071102,0.00071102
653,2842.85,2.38842,0.61342,2.16841,0.78771,0.58704,0.7045,0.42263,2.67727,0.64736,2.13477,0.00070904,0.00070904,0.00070904
654,2847.39,2.38465,0.60272,2.14969,0.78131,0.58418,0.70252,0.42197,2.68529,0.65433,2.13478,0.00070706,0.00070706,0.00070706
655,2851.25,2.59817,0.65318,2.17537,0.78481,0.57935,0.70105,0.42006,2.70362,0.65986,2.13558,0.00070508,0.00070508,0.00070508
656,2855.59,2.55582,0.64622,2.15045,0.78949,0.57619,0.70042,0.41833,2.7019,0.66006,2.13629,0.0007031,0.0007031,0.0007031
657,2859.72,2.58514,0.64641,2.16566,0.78917,0.57455,0.6988,0.41912,2.66501,0.65707,2.13407,0.00070112,0.00070112,0.00070112
658,2863.96,2.42949,0.64178,2.15756,0.78559,0.58348,0.70024,0.41577,2.68542,0.65445,2.1351,0.00069914,0.00069914,0.00069914
659,2867.94,2.52186,0.65697,2.18032,0.78112,0.5869,0.69862,0.41765,2.65795,0.64753,2.13332,0.00069716,0.00069716,0.00069716
660,2872.09,2.43854,0.62315,2.15277,0.79612,0.57729,0.69531,0.41628,2.63655,0.64784,2.13234,0.00069518,0.00069518,0.00069518
661,2876.42,2.45705,0.63543,2.15936,0.7898,0.57867,0.69412,0.41734,2.62268,0.64408,2.1323,0.0006932,0.0006932,0.0006932
662,2881.44,2.74657,0.70474,2.20636,0.78897,0.57812,0.69361,0.41871,2.62739,0.64355,2.13126,0.00069122,0.00069122,0.00069122
663,2885.72,2.43482,0.63273,2.176,0.78696,0.5842,0.6961,0.42,2.62805,0.64322,2.1314,0.00068924,0.00068924,0.00068924
664,2890.01,2.71611,0.68885,2.17853,0.79002,0.58759,0.69914,0.42075,2.62037,0.64834,2.13039,0.00068726,0.00068726,0.00068726
665,2893.81,2.51473,0.64756,2.16059,0.79518,0.58635,0.69968,0.41992,2.6502,0.654,2.13097,0.00068528,0.00068528,0.00068528
666,2898.61,2.3797,0.62094,2.1546,0.7911,0.59404,0.703,0.42103,2.65217,0.64665,2.13123,0.0006833,0.0006833,0.0006833
667,2902.83,2.30926,0.58904,2.15329,0.79154,0.58904,0.70244,0.42135,2.65246,0.64298,2.13012,0.00068132,0.00068132,0.00068132
668,2907.07,2.545,0.64788,2.17138,0.78271,0.58828,0.70168,0.41955,2.66017,0.64198,2.13042,0.00067934,0.00067934,0.00067934
669,2911.33,2.49909,0.64978,2.16606,0.77519,0.59171,0.70224,0.42105,2.64903,0.641,2.13022,0.00067736,0.00067736,0.00067736
670,2915.94,2.40476,0.62496,2.16974,0.77512,0.58814,0.69983,0.41567,2.67865,0.64943,2.13205,0.00067538,0.00067538,0.00067538
671,2920.38,2.69243,0.67785,2.16624,0.77808,0.5911,0.70047,0.41637,2.67714,0.65055,2.13222,0.0006734,0.0006734,0.0006734
672,2924.69,2.54827,0.65146,2.17492,0.78372,0.59001,0.70334,0.42047,2.65484,0.65069,2.13087,0.00067142,0.00067142,0.00067142
673,2928.92,2.52754,0.62773,2.15156,0.78623,0.58965,0.70399,0.42251,2.63678,0.64469,2.13013,0.00066944,0.00066944,0.00066944
674,2933.38,2.44993,0.61861,2.15111,0.78787,0.58306,0.70272,0.42217,2.64553,0.64095,2.13125,0.00066746,0.00066746,0.00066746
675,2937.34,2.31868,0.62299,2.15709,0.79108,0.58031,0.70224,0.41894,2.67256,0.64732,2.13194,0.00066548,0.00066548,0.00066548
676,2941.58,2.62106,0.69009,2.18472,0.7983,0.58127,0.70325,0.41769,2.68158,0.65052,2.13379,0.0006635,0.0006635,0.0006635
677,2945.97,2.5971,0.65707,2.16523,0.79858,0.57969,0.70086,0.41867,2.6772,0.64685,2.13324,0.00066152,0.00066152,0.00066152
678,2950.36,2.59329,0.64755,2.15372,0.80337,0.57963,0.70162,0.41878,2.66202,0.64535,2.1337,0.00065954,0.00065954,0.00065954
679,2954.81,2.63887,0.68759,2.16865,0.79206,0.58635,0.70157,0.41906,2.65489,0.64443,2.1333,0.00065756,0.00065756,0.00065756
680,2959.57,2.56062,0.65559,2.15915,0.79678,0.57489,0.69686,0.41804,2.64605,0.64074,2.13236,0.00065558,0.00065558,0.00065558
681,2963.63,2.44453,0.6171,2.16691,0.80393,0.57111,0.69622,0.41907,2.63101,0.63649,2.13226,0.0006536,0.0006536,0.0006536
682,2968.4,2.45548,0.64391,2.17087,0.78995,0.57949,0.69749,0.42043,2.63377,0.63843,2.13187,0.00065162,0.00065162,0.00065162
683,2972.91,2.81363,0.72379,2.17529,0.79067,0.57924,0.69771,0.42251,2.62176,0.63475,2.13076,0.00064964,0.00064964,0.00064964
684,2977.41,2.49355,0.63954,2.16939,0.78875,0.58538,0.7021,0.42312,2.631,0.63954,2.1307,0.00064766,0.00064766,0.00064766
685,2981.75,2.62581,0.66773,2.16977,0.78461,0.58911,0.70328,0.42186,2.64586,0.64229,2.13101,0.00064568,0.00064568,0.00064568
686,2986.34,2.44556,0.64266,2.15509,0.77983,0.5879,0.70096,0.42373,2.60748,0.63649,2.13018,0.0006437,0.0006437,0.0006437
687,2990.45,2.44959,0.61945,2.16752,0.77999,0.58991,0.70369,0.42495,2.59983,0.63632,2.13059,0.00064172,0.00064172,0.00064172
688,2995.19,2.25963,0.58854,2.15004,0.78617,0.58388,0.70266,0.4263,2.60487,0.63364,2.13108,0.00063974,0.00063974,0.00063974
689,2999.42,2.63803,0.67442,2.18322,0.78474,0.58622,0.70196,0.42542,2.61823,0.63646,2.13193,0.00063776,0.00063776,0.00063776
690,3003.69,2.53576,0.64686,2.16775,0.78658,0.58239,0.69671,0.42091,2.6351,0.64322,2.13347,0.00063578,0.00063578,0.00063578
691,3008.28,2.50574,0.64457,2.16914,0.80163,0.57098,0.69394,0.42161,2.61481,0.64129,2.1323,0.0006338,0.0006338,0.0006338
692,3012.81,2.4688,0.6249,2.14484,0.79728,0.56109,0.68461,0.41193,2.62982,0.6466,2.13106,0.00063182,0.00063182,0.00063182
693,3016.9,2.56249,0.63996,2.16938,0.7881,0.56274,0.68425,0.41124,2.63465,0.64901,2.13089,0.00062984,0.00062984,0.00062984
694,3021.46,2.44468,0.64386,2.14869,0.80211,0.5707,0.69096,0.41713,2.63223,0.64099,2.13157,0.00062786,0.00062786,0.00062786
695,3025.93,2.37759,0.62185,2.16274,0.80169,0.56823,0.69003,0.41772,2.61509,0.63633,2.1314,0.00062588,0.00062588,0.00062588
696,3030.4,2.49328,0.62477,2.14803,0.80483,0.57386,0.69549,0.41949,2.6113,0.63377,2.13144,0.0006239,0.0006239,0.0006239
697,3034.98,2.75634,0.68346,2.17909,0.79858,0.58155,0.69875,0.41997,2.62671,0.63759,2.13076,0.00062192,0.00062192,0.00062192
698,3039.73,2.48198,0.62984,2.14852,0.79387,0.58731,0.70242,0.42266,2.63853,0.64589,2.13137,0.00061994,0.00061994,0.00061994
699,3043.83,2.6236,0.65695,2.14655,0.79677,0.58402,0.70167,0.42384,2.62984,0.64358,2.13155,0.00061796,0.00061796,0.00061796
700,3048.61,2.59351,0.67727,2.1686,0.7959,0.5777,0.69801,0.4241,2.60251,0.63565,2.13037,0.00061598,0.00061598,0.00061598
701,3052.79,2.66983,0.67467,2.16915,0.79972,0.57976,0.70093,0.4249,2.59571,0.63249,2.12996,0.000614,0.000614,0.000614
702,3056.96,2.49823,0.63557,2.17398,0.81117,0.58361,0.70676,0.4243,2.65261,0.6437,2.13121,0.00061202,0.00061202,0.00061202
703,3061.3,2.80917,0.7005,2.17074,0.80616,0.58237,0.7049,0.42485,2.64557,0.64276,2.13072,0.00061004,0.00061004,0.00061004
704,3065.7,2.56258,0.62586,2.14913,0.79091,0.58773,0.70553,0.42534,2.639,0.64261,2.13037,0.00060806,0.00060806,0.00060806
705,3070.55,2.52967,0.63298,2.16421,0.79948,0.58512,0.70591,0.42513,2.65596,0.64481,2.12971,0.00060608,0.00060608,0.00060608
706,3075.02,2.52074,0.63868,2.1685,0.79841,0.58292,0.70454,0.42237,2.6594,0.64597,2.1306,0.0006041,0.0006041,0.0006041
707,3079.12,2.43137,0.62138,2.15978,0.79486,0.58306,0.70439,0.42391,2.63556,0.64006,2.13098,0.00060212,0.00060212,0.00060212
708,3083.77,2.486,0.63178,2.17077,0.78559,0.59088,0.70604,0.42547,2.63784,0.63863,2.1301,0.00060014,0.00060014,0.00060014
709,3087.93,2.36287,0.59323,2.15304,0.7786,0.59692,0.70782,0.42885,2.61916,0.63488,2.12953,0.00059816,0.00059816,0.00059816
710,3092.65,2.56017,0.64741,2.16391,0.79259,0.58757,0.70763,0.42752,2.62581,0.63813,2.12979,0.00059618,0.00059618,0.00059618
711,3097.04,2.56299,0.66116,2.17494,0.78746,0.58937,0.70582,0.42382,2.64496,0.64003,2.12989,0.0005942,0.0005942,0.0005942
712,3101.45,2.30926,0.60237,2.16578,0.80715,0.58347,0.70549,0.42798,2.5926,0.62957,2.12848,0.00059222,0.00059222,0.00059222
713,3105.62,2.72814,0.69818,2.1945,0.81346,0.57533,0.70302,0.42635,2.58575,0.62895,2.12819,0.00059024,0.00059024,0.00059024
714,3110.11,2.75701,0.69776,2.17762,0.79184,0.58114,0.69878,0.42282,2.61117,0.63184,2.12864,0.00058826,0.00058826,0.00058826
715,3114.15,2.35496,0.60349,2.15017,0.79834,0.57339,0.698,0.42533,2.59621,0.62925,2.12803,0.00058628,0.00058628,0.00058628
716,3118.25,2.65242,0.67369,2.17347,0.79552,0.57537,0.69877,0.42817,2.57518,0.63108,2.12692,0.0005843,0.0005843,0.0005843
717,3122.86,2.45337,0.65134,2.16612,0.79637,0.57449,0.69814,0.42717,2.57671,0.63259,2.12683,0.00058232,0.00058232,0.00058232
718,3127.49,2.41402,0.61171,2.13901,0.79001,0.5799,0.69938,0.42906,2.56122,0.62962,2.12657,0.00058034,0.00058034,0.00058034
719,3132,2.517,0.63529,2.17628,0.79605,0.58512,0.70258,0.4271,2.59572,0.63261,2.12793,0.00057836,0.00057836,0.00057836
720,3136.32,2.66257,0.67829,2.17776,0.79249,0.5893,0.70756,0.43202,2.59307,0.63122,2.12834,0.00057638,0.00057638,0.00057638
721,3140.37,2.46954,0.62997,2.17295,0.80127,0.58718,0.70861,0.43277,2.57795,0.62697,2.12703,0.0005744,0.0005744,0.0005744
722,3144.76,2.59538,0.6705,2.19055,0.78951,0.58549,0.70524,0.42867,2.614,0.62872,2.12745,0.00057242,0.00057242,0.00057242
723,3148.91,2.42619,0.6161,2.14717,0.78377,0.58896,0.7045,0.42513,2.64419,0.6339,2.12848,0.00057044,0.00057044,0.00057044
724,3153.35,2.46097,0.62015,2.14453,0.79897,0.57947,0.70352,0.42894,2.59217,0.62603,2.12774,0.00056846,0.00056846,0.00056846
725,3157.89,2.53312,0.65577,2.16206,0.80377,0.57867,0.70404,0.43029,2.59599,0.62754,2.12776,0.00056648,0.00056648,0.00056648
726,3162.57,2.45927,0.62385,2.16197,0.79573,0.58989,0.70828,0.4309,2.59556,0.62749,2.12782,0.0005645,0.0005645,0.0005645
727,3166.63,2.25596,0.57994,2.14108,0.80086,0.595,0.7117,0.43041,2.60788,0.62985,2.12783,0.00056252,0.00056252,0.00056252
728,3170.8,2.58628,0.66285,2.17479,0.80681,0.59088,0.70882,0.43213,2.56152,0.62478,2.12656,0.00056054,0.00056054,0.00056054
729,3175.17,2.39438,0.6206,2.18577,0.80248,0.59235,0.7087,0.4327,2.55247,0.62199,2.12676,0.00055856,0.00055856,0.00055856
730,3179.2,2.44127,0.63319,2.15835,0.81195,0.58869,0.70957,0.43335,2.56248,0.62195,2.12609,0.00055658,0.00055658,0.00055658
731,3183.57,2.32466,0.60927,2.15571,0.80936,0.5869,0.70967,0.4305,2.59513,0.6259,2.12783,0.0005546,0.0005546,0.0005546
732,3187.88,2.33933,0.59581,2.14509,0.80681,0.58663,0.71009,0.43483,2.55946,0.62153,2.12659,0.00055262,0.00055262,0.00055262
733,3192.41,2.27312,0.58988,2.13745,0.80558,0.58512,0.70855,0.43467,2.54898,0.62044,2.12617,0.00055064,0.00055064,0.00055064
734,3196.99,2.52724,0.63804,2.16681,0.80926,0.57894,0.70486,0.43071,2.57762,0.62799,2.12732,0.00054866,0.00054866,0.00054866
735,3201.77,2.39416,0.62091,2.15785,0.80847,0.57812,0.70277,0.43013,2.57376,0.62758,2.12695,0.00054668,0.00054668,0.00054668
736,3206,2.40335,0.61734,2.17099,0.80098,0.58291,0.70458,0.43459,2.53214,0.61801,2.12603,0.0005447,0.0005447,0.0005447
737,3210.43,2.53927,0.63769,2.17106,0.79649,0.58837,0.70806,0.43701,2.52914,0.61663,2.12629,0.00054272,0.00054272,0.00054272
738,3215.45,2.57114,0.65055,2.14493,0.80372,0.59047,0.70962,0.43498,2.56391,0.61989,2.12641,0.00054074,0.00054074,0.00054074
739,3219.77,2.61193,0.66051,2.15333,0.79859,0.595,0.7097,0.43348,2.59019,0.62684,2.12666,0.00053876,0.00053876,0.00053876
740,3224.3,2.43874,0.62757,2.17786,0.78535,0.58951,0.70568,0.43516,2.5328,0.61401,2.12529,0.00053678,0.00053678,0.00053678
741,3228.4,2.45613,0.63402,2.15347,0.77677,0.58786,0.70322,0.43275,2.5485,0.61609,2.1256,0.0005348,0.0005348,0.0005348
742,3233.22,2.52315,0.64707,2.1782,0.79073,0.58361,0.70508,0.43335,2.56177,0.62178,2.12688,0.00053282,0.00053282,0.00053282
743,3237.29,2.41772,0.62436,2.15893,0.80234,0.58179,0.70637,0.43343,2.57762,0.62366,2.12736,0.00053084,0.00053084,0.00053084
744,3242.01,2.44942,0.64385,2.16386,0.7934,0.58836,0.7076,0.43514,2.55766,0.61985,2.12631,0.00052886,0.00052886,0.00052886
745,3246.47,2.27636,0.60268,2.17086,0.79522,0.588,0.70865,0.43621,2.55065,0.61941,2.12555,0.00052688,0.00052688,0.00052688
746,3250.68,2.29225,0.59086,2.15965,0.78957,0.5955,0.70927,0.43764,2.52476,0.61463,2.12444,0.0005249,0.0005249,0.0005249
747,3254.86,2.25765,0.59043,2.16422,0.79842,0.5913,0.7101,0.43826,2.52195,0.61468,2.12449,0.00052292,0.00052292,0.00052292
748,3259.43,2.28705,0.57522,2.13505,0.79029,0.59447,0.70755,0.43317,2.56124,0.61898,2.12398,0.00052094,0.00052094,0.00052094
749,3264.12,2.54971,0.63625,2.16106,0.79014,0.59322,0.70768,0.43439,2.54327,0.61515,2.12357,0.00051896,0.00051896,0.00051896
750,3268.4,2.47914,0.62686,2.15899,0.79839,0.59314,0.7109,0.43736,2.5389,0.61295,2.12407,0.00051698,0.00051698,0.00051698
751,3272.82,2.54677,0.63394,2.14,0.79413,0.59583,0.71187,0.43846,2.54187,0.6156,2.12331,0.000515,0.000515,0.000515
752,3277.02,2.42215,0.60951,2.1474,0.79851,0.59624,0.71284,0.44259,2.50185,0.60828,2.12171,0.00051302,0.00051302,0.00051302
753,3281.52,2.55973,0.65104,2.15921,0.7995,0.59157,0.70963,0.44127,2.50225,0.60796,2.12125,0.00051104,0.00051104,0.00051104
754,3286.04,2.45396,0.63333,2.15406,0.8034,0.5858,0.70532,0.43725,2.51377,0.61157,2.12193,0.00050906,0.00050906,0.00050906
755,3289.92,2.58353,0.65564,2.16634,0.7998,0.58575,0.70511,0.4376,2.50784,0.61148,2.12217,0.00050708,0.00050708,0.00050708
756,3294.3,2.36136,0.5915,2.15423,0.79966,0.58415,0.70727,0.43935,2.50605,0.61614,2.12254,0.0005051,0.0005051,0.0005051
757,3298.5,2.31055,0.58912,2.14123,0.80669,0.58724,0.70876,0.43997,2.53195,0.61583,2.1239,0.00050312,0.00050312,0.00050312
758,3303.19,2.29371,0.59152,2.13358,0.80506,0.58793,0.71014,0.44053,2.5094,0.6119,2.12334,0.00050114,0.00050114,0.00050114
759,3307.33,2.38121,0.59512,2.14773,0.801,0.58718,0.70944,0.43864,2.51647,0.61541,2.12317,0.00049916,0.00049916,0.00049916
760,3311.48,2.44137,0.62145,2.15865,0.80563,0.59157,0.71349,0.43942,2.52377,0.61583,2.12406,0.00049718,0.00049718,0.00049718
761,3315.86,2.51964,0.6621,2.18162,0.80998,0.59279,0.71551,0.43743,2.55219,0.61944,2.12445,0.0004952,0.0004952,0.0004952
762,3320.38,2.6402,0.6657,2.14747,0.80212,0.59433,0.71496,0.43999,2.51779,0.61591,2.12316,0.00049322,0.00049322,0.00049322
763,3324.57,2.18309,0.56979,2.14737,0.79919,0.58841,0.71074,0.43842,2.51769,0.61662,2.12301,0.00049124,0.00049124,0.00049124
764,3329.04,2.62411,0.67999,2.1702,0.81314,0.58785,0.71247,0.43911,2.51398,0.6113,2.1241,0.00048926,0.00048926,0.00048926
765,3333.08,2.27528,0.62081,2.16629,0.8118,0.5891,0.71225,0.43911,2.53018,0.61598,2.12482,0.00048728,0.00048728,0.00048728
766,3337.95,2.39016,0.6063,2.15406,0.80035,0.58937,0.70819,0.43677,2.52,0.61512,2.12415,0.0004853,0.0004853,0.0004853
767,3342.26,2.3159,0.59183,2.16477,0.80081,0.58891,0.70912,0.44029,2.50057,0.61018,2.12271,0.00048332,0.00048332,0.00048332
768,3346.72,2.34048,0.59212,2.13585,0.79897,0.5891,0.71017,0.43842,2.53036,0.61466,2.12261,0.00048134,0.00048134,0.00048134
769,3350.94,2.49596,0.64733,2.15947,0.80006,0.59033,0.71058,0.44113,2.51355,0.61262,2.12277,0.00047936,0.00047936,0.00047936
770,3355.22,2.3732,0.59756,2.13983,0.79747,0.59281,0.71119,0.44078,2.51872,0.61517,2.12301,0.00047738,0.00047738,0.00047738
771,3359.24,2.24075,0.58902,2.16665,0.79724,0.58924,0.70831,0.43711,2.53587,0.61957,2.12317,0.0004754,0.0004754,0.0004754
772,3364.4,2.50297,0.64222,2.15394,0.80175,0.58361,0.70711,0.43735,2.50564,0.61363,2.12271,0.00047342,0.00047342,0.00047342
773,3368.2,2.4348,0.63052,2.16425,0.79965,0.58959,0.7086,0.43917,2.50359,0.61131,2.12309,0.00047144,0.00047144,0.00047144
774,3372.77,2.42189,0.62231,2.14409,0.80632,0.5891,0.71327,0.4398,2.5331,0.61371,2.12497,0.00046946,0.00046946,0.00046946
775,3377.16,2.39462,0.60686,2.16394,0.81192,0.58495,0.7119,0.44093,2.51794,0.61209,2.12404,0.00046748,0.00046748,0.00046748
776,3381.83,2.38868,0.63145,2.1585,0.81479,0.58622,0.71216,0.43842,2.5326,0.61552,2.1226,0.0004655,0.0004655,0.0004655
777,3385.96,2.41327,0.60761,2.15433,0.82015,0.58608,0.71451,0.43935,2.52928,0.61545,2.12263,0.00046352,0.00046352,0.00046352
778,3390.47,2.25758,0.57877,2.1552,0.80547,0.59461,0.71482,0.44075,2.51291,0.61209,2.12262,0.00046154,0.00046154,0.00046154
779,3394.47,2.49495,0.65721,2.18519,0.80483,0.59275,0.71304,0.44102,2.5075,0.61074,2.12246,0.00045956,0.00045956,0.00045956
780,3399.26,2.43087,0.61083,2.14639,0.80156,0.59005,0.71191,0.44138,2.49369,0.6089,2.12079,0.00045758,0.00045758,0.00045758
781,3403.59,2.36442,0.60262,2.1455,0.79866,0.59306,0.71251,0.43929,2.51705,0.61338,2.12091,0.0004556,0.0004556,0.0004556
782,3408.21,2.37494,0.61527,2.15302,0.79943,0.59239,0.71386,0.44165,2.51344,0.61592,2.12194,0.00045362,0.00045362,0.00045362
783,3412.7,2.57585,0.66556,2.16018,0.80517,0.58781,0.7128,0.44303,2.49831,0.61196,2.12206,0.00045164,0.00045164,0.00045164
784,3417.68,2.47968,0.62079,2.15572,0.80588,0.58591,0.71019,0.44026,2.52145,0.61268,2.12186,0.00044966,0.00044966,0.00044966
785,3421.98,2.31765,0.59118,2.14517,0.80042,0.58472,0.70846,0.43871,2.52978,0.612,2.12282,0.00044768,0.00044768,0.00044768
786,3427.04,2.47537,0.65099,2.15896,0.79708,0.58649,0.70729,0.43974,2.50811,0.60723,2.12278,0.0004457,0.0004457,0.0004457
787,3431.38,2.77879,0.70885,2.16746,0.79628,0.58882,0.70828,0.43772,2.51798,0.61042,2.12392,0.00044372,0.00044372,0.00044372
788,3435.78,2.391,0.61237,2.16367,0.80641,0.57987,0.70723,0.43704,2.52166,0.61354,2.12364,0.00044174,0.00044174,0.00044174
789,3440.15,2.35646,0.59562,2.15079,0.79402,0.59157,0.70914,0.43857,2.51284,0.61275,2.12354,0.00043976,0.00043976,0.00043976
790,3444.81,2.27972,0.59385,2.1438,0.80993,0.58443,0.70859,0.4385,2.50503,0.60921,2.12346,0.00043778,0.00043778,0.00043778
791,3448.81,2.34984,0.60083,2.13572,0.80702,0.58498,0.70799,0.43947,2.49347,0.60846,2.12293,0.0004358,0.0004358,0.0004358
792,3453.27,2.23711,0.56672,2.13553,0.80762,0.58649,0.71017,0.44004,2.4988,0.6085,2.12244,0.00043382,0.00043382,0.00043382
793,3457.31,2.42839,0.62234,2.14574,0.81153,0.58677,0.71015,0.44002,2.50222,0.60887,2.12226,0.00043184,0.00043184,0.00043184
794,3461.92,2.18505,0.55837,2.14004,0.80712,0.58772,0.70998,0.44005,2.48479,0.60602,2.1222,0.00042986,0.00042986,0.00042986
795,3465.88,2.51541,0.63112,2.16656,0.80797,0.59092,0.71124,0.4404,2.4924,0.60776,2.122,0.00042788,0.00042788,0.00042788
796,3470.61,2.43658,0.60983,2.16466,0.804,0.58841,0.70775,0.43708,2.50695,0.61169,2.12129,0.0004259,0.0004259,0.0004259
797,3474.75,2.40293,0.63112,2.16018,0.80363,0.58657,0.7069,0.43709,2.49706,0.60782,2.12154,0.00042392,0.00042392,0.00042392
798,3479.3,2.20213,0.56409,2.13394,0.80712,0.58759,0.70927,0.43868,2.47619,0.60407,2.12128,0.00042194,0.00042194,0.00042194
799,3483.81,2.34724,0.60535,2.16008,0.80592,0.58841,0.70937,0.43836,2.47446,0.60323,2.12114,0.00041996,0.00041996,0.00041996
800,3487.95,2.32558,0.58669,2.13249,0.80095,0.58896,0.70885,0.43824,2.48242,0.60515,2.12096,0.00041798,0.00041798,0.00041798
801,3492.19,2.24944,0.5873,2.1607,0.80914,0.5902,0.7114,0.44013,2.47478,0.60476,2.12158,0.000416,0.000416,0.000416
802,3496.81,2.24284,0.56223,2.13775,0.80086,0.59541,0.71375,0.44025,2.51168,0.6117,2.12151,0.00041402,0.00041402,0.00041402
803,3501.02,2.24374,0.56857,2.13855,0.79828,0.59436,0.71364,0.4388,2.5239,0.61174,2.12162,0.00041204,0.00041204,0.00041204
804,3505.28,2.46711,0.62623,2.18154,0.80296,0.59116,0.71374,0.44253,2.47553,0.60308,2.12044,0.00041006,0.00041006,0.00041006
805,3509.38,2.17475,0.5767,2.14142,0.80476,0.59075,0.71365,0.44115,2.48785,0.60524,2.12088,0.00040808,0.00040808,0.00040808
806,3513.85,2.345,0.62044,2.18174,0.8047,0.58361,0.70824,0.43413,2.53936,0.61379,2.12154,0.0004061,0.0004061,0.0004061
807,3517.98,2.37526,0.60529,2.16438,0.81302,0.5788,0.70732,0.43712,2.50277,0.60869,2.12058,0.00040412,0.00040412,0.00040412
808,3522.48,2.44408,0.62434,2.15719,0.80601,0.58416,0.70768,0.43857,2.49789,0.60756,2.12086,0.00040214,0.00040214,0.00040214
809,3526.5,2.40586,0.62887,2.15251,0.80658,0.58566,0.70962,0.43932,2.50322,0.60961,2.12124,0.00040016,0.00040016,0.00040016
810,3531.33,2.36448,0.61574,2.16159,0.79936,0.59401,0.71065,0.43907,2.50737,0.61176,2.12242,0.00039818,0.00039818,0.00039818
811,3535.54,2.20231,0.57087,2.13949,0.79843,0.59377,0.71138,0.44063,2.49216,0.60938,2.12213,0.0003962,0.0003962,0.0003962
812,3539.85,2.65184,0.66949,2.15124,0.78902,0.59308,0.71011,0.43963,2.4999,0.61071,2.12179,0.00039422,0.00039422,0.00039422
813,3545,2.54992,0.64383,2.15553,0.7923,0.59442,0.71081,0.44105,2.49037,0.60973,2.12151,0.00039224,0.00039224,0.00039224
814,3549.48,2.27544,0.60004,2.14528,0.7919,0.59348,0.7115,0.44243,2.48162,0.6075,2.12139,0.00039026,0.00039026,0.00039026
815,3553.84,2.26086,0.58149,2.14415,0.78705,0.59418,0.71018,0.44369,2.45677,0.60221,2.12052,0.00038828,0.00038828,0.00038828
816,3558.43,2.48477,0.63466,2.16151,0.80036,0.58451,0.70888,0.44444,2.44578,0.59888,2.12044,0.0003863,0.0003863,0.0003863
817,3562.7,2.30198,0.57489,2.13197,0.8034,0.58403,0.71017,0.44461,2.44209,0.59777,2.12063,0.00038432,0.00038432,0.00038432
818,3567.88,2.63601,0.6771,2.17842,0.80466,0.58477,0.71039,0.44412,2.4545,0.5993,2.12039,0.00038234,0.00038234,0.00038234
819,3572.23,2.24446,0.58171,2.14323,0.8054,0.58526,0.71122,0.44537,2.46375,0.59872,2.11978,0.00038036,0.00038036,0.00038036
820,3577.05,2.32965,0.59217,2.14432,0.80473,0.5913,0.71314,0.44754,2.46247,0.59689,2.12021,0.00037838,0.00037838,0.00037838
821,3581.3,2.44292,0.63005,2.16925,0.81248,0.58745,0.71423,0.4474,2.45454,0.59502,2.12071,0.0003764,0.0003764,0.0003764
822,3585.69,2.36852,0.59238,2.14368,0.80715,0.58635,0.7106,0.44274,2.48882,0.60132,2.12145,0.00037442,0.00037442,0.00037442
823,3589.92,2.25679,0.58004,2.15238,0.81539,0.58512,0.71162,0.44379,2.47325,0.59823,2.12058,0.00037244,0.00037244,0.00037244
824,3594.73,2.38847,0.62165,2.16923,0.8124,0.58416,0.71183,0.44541,2.46078,0.59367,2.11948,0.00037046,0.00037046,0.00037046
825,3598.78,2.46258,0.62232,2.16111,0.81015,0.58468,0.71205,0.44522,2.45665,0.59324,2.11924,0.00036848,0.00036848,0.00036848
826,3602.94,2.12407,0.54846,2.12866,0.80784,0.588,0.71208,0.44648,2.44759,0.59368,2.11948,0.0003665,0.0003665,0.0003665
827,3607.09,2.1048,0.54658,2.13967,0.81777,0.58281,0.71187,0.44581,2.44908,0.59475,2.11965,0.00036452,0.00036452,0.00036452
828,3611.47,2.43388,0.61457,2.13069,0.80596,0.58484,0.7083,0.44161,2.48253,0.60472,2.11981,0.00036254,0.00036254,0.00036254
829,3615.64,2.10449,0.55578,2.1467,0.80899,0.58612,0.70999,0.44281,2.47789,0.6049,2.12017,0.00036056,0.00036056,0.00036056
830,3620.35,2.25445,0.58385,2.15941,0.81151,0.5939,0.71451,0.44528,2.4869,0.60619,2.12031,0.00035858,0.00035858,0.00035858
831,3624.93,2.23143,0.58482,2.14714,0.80141,0.5961,0.71407,0.44605,2.47929,0.60408,2.12046,0.0003566,0.0003566,0.0003566
832,3629.32,2.09887,0.54383,2.12076,0.79491,0.59277,0.71177,0.44088,2.51196,0.60942,2.12078,0.00035462,0.00035462,0.00035462
833,3633.92,2.33929,0.59142,2.1539,0.79771,0.58924,0.71039,0.43972,2.52168,0.61246,2.12129,0.00035264,0.00035264,0.00035264
834,3638.21,2.44466,0.63884,2.15254,0.80635,0.59143,0.7112,0.44175,2.49383,0.60869,2.1212,0.00035066,0.00035066,0.00035066
835,3642.66,2.49448,0.6466,2.16484,0.80869,0.58924,0.71159,0.44237,2.4869,0.60543,2.1212,0.00034868,0.00034868,0.00034868
836,3646.89,2.43882,0.64006,2.16921,0.80106,0.58652,0.70896,0.44405,2.46591,0.60915,2.11934,0.0003467,0.0003467,0.0003467
837,3651.07,2.34527,0.60258,2.14634,0.80349,0.58547,0.71048,0.44328,2.47617,0.61228,2.11957,0.00034472,0.00034472,0.00034472
838,3655.23,2.34199,0.60597,2.14788,0.81018,0.59198,0.7157,0.44549,2.48441,0.60756,2.11963,0.00034274,0.00034274,0.00034274
839,3659.22,2.57548,0.6882,2.19322,0.80954,0.59583,0.71773,0.447,2.47281,0.60565,2.11962,0.00034076,0.00034076,0.00034076
840,3663.54,2.42079,0.62043,2.1396,0.80971,0.59116,0.71416,0.44608,2.45521,0.59873,2.11929,0.00033878,0.00033878,0.00033878
841,3668.01,2.35913,0.59621,2.14828,0.81373,0.59074,0.71427,0.44683,2.45266,0.59675,2.11944,0.0003368,0.0003368,0.0003368
842,3672.6,2.30102,0.59423,2.14145,0.8176,0.5891,0.71408,0.44685,2.44976,0.59846,2.11867,0.00033482,0.00033482,0.00033482
843,3677.06,2.41695,0.63066,2.14859,0.8167,0.58512,0.71337,0.44697,2.44635,0.5989,2.11824,0.00033284,0.00033284,0.00033284
844,3681.49,2.33765,0.59763,2.15101,0.80851,0.59294,0.71533,0.44762,2.44542,0.60134,2.11817,0.00033086,0.00033086,0.00033086
845,3686.1,2.29513,0.58267,2.14839,0.80598,0.5891,0.71251,0.44692,2.44212,0.6018,2.11753,0.00032888,0.00032888,0.00032888
846,3690.54,2.53883,0.65543,2.17177,0.80194,0.58865,0.71161,0.4478,2.42628,0.59741,2.11761,0.0003269,0.0003269,0.0003269
847,3694.89,2.43166,0.64288,2.15836,0.80918,0.58553,0.71125,0.44659,2.43156,0.59696,2.11802,0.00032492,0.00032492,0.00032492
848,3699.1,2.22181,0.56908,2.13382,0.80138,0.58086,0.7074,0.44045,2.46211,0.60226,2.11892,0.00032294,0.00032294,0.00032294
849,3703.1,2.38936,0.6045,2.15411,0.80042,0.58033,0.7065,0.44041,2.46696,0.60225,2.11924,0.00032096,0.00032096,0.00032096
850,3707.22,2.41871,0.59997,2.15593,0.81545,0.58388,0.71197,0.44491,2.45373,0.60067,2.11932,0.00031898,0.00031898,0.00031898
851,3711.42,2.23397,0.57778,2.15124,0.80829,0.58951,0.71244,0.44394,2.46385,0.60358,2.11941,0.000317,0.000317,0.000317
852,3716.23,2.3397,0.58852,2.14208,0.80729,0.58237,0.7099,0.44152,2.49075,0.60724,2.11931,0.00031502,0.00031502,0.00031502
853,3720.52,2.32757,0.5864,2.14248,0.80944,0.58314,0.71143,0.443,2.47574,0.60539,2.11884,0.00031304,0.00031304,0.00031304
854,3725.1,2.44114,0.61927,2.16762,0.81345,0.58622,0.71355,0.4457,2.44313,0.60199,2.11832,0.00031106,0.00031106,0.00031106
855,3729.07,2.3553,0.60784,2.16674,0.81317,0.58814,0.71424,0.44524,2.45109,0.60266,2.11828,0.00030908,0.00030908,0.00030908
856,3733.57,2.34089,0.60428,2.14022,0.80865,0.58882,0.71392,0.44444,2.45194,0.60205,2.11768,0.0003071,0.0003071,0.0003071
857,3737.61,2.16426,0.55225,2.13362,0.80003,0.59319,0.71445,0.44388,2.45798,0.60465,2.11772,0.00030512,0.00030512,0.00030512
858,3741.93,2.38198,0.60982,2.16422,0.80339,0.59349,0.71477,0.44393,2.46265,0.60442,2.11774,0.00030314,0.00030314,0.00030314
859,3745.99,2.20189,0.56609,2.13725,0.80157,0.59231,0.71325,0.44448,2.44439,0.60302,2.11748,0.00030116,0.00030116,0.00030116
860,3750.39,2.48864,0.6363,2.1594,0.79295,0.59322,0.70927,0.44341,2.44768,0.60279,2.1181,0.00029918,0.00029918,0.00029918
861,3754.57,2.30768,0.60261,2.16116,0.80068,0.58731,0.70824,0.44347,2.44067,0.60044,2.11784,0.0002972,0.0002972,0.0002972
862,3759.06,2.29515,0.5906,2.15743,0.79634,0.58896,0.70815,0.44189,2.44801,0.60019,2.11733,0.00029522,0.00029522,0.00029522
863,3763.53,2.45686,0.62942,2.16496,0.80075,0.58705,0.70789,0.44359,2.42849,0.59582,2.11771,0.00029324,0.00029324,0.00029324
864,3767.78,2.28692,0.59915,2.1464,0.81154,0.58351,0.70959,0.44524,2.42399,0.5955,2.11806,0.00029126,0.00029126,0.00029126
865,3772.05,2.18288,0.5577,2.15148,0.81301,0.58416,0.70999,0.44434,2.43146,0.59611,2.11811,0.00028928,0.00028928,0.00028928
866,3776.47,2.28945,0.56933,2.14044,0.81542,0.58237,0.71021,0.44459,2.43377,0.59405,2.11804,0.0002873,0.0002873,0.0002873
867,3780.47,2.25013,0.57379,2.14754,0.81624,0.58251,0.71021,0.44548,2.43208,0.59398,2.1182,0.00028532,0.00028532,0.00028532
868,3784.83,2.24251,0.57769,2.13956,0.80969,0.5891,0.7127,0.44638,2.4429,0.59518,2.11858,0.00028334,0.00028334,0.00028334
869,3789.3,2.36533,0.60881,2.1435,0.80984,0.58635,0.71067,0.44469,2.44963,0.5969,2.11891,0.00028136,0.00028136,0.00028136
870,3793.9,2.37462,0.60951,2.14575,0.80427,0.58663,0.70852,0.44409,2.44043,0.59524,2.11856,0.00027938,0.00027938,0.00027938
871,3798.27,2.22447,0.56638,2.14257,0.80795,0.58677,0.70988,0.44595,2.44042,0.59456,2.11893,0.0002774,0.0002774,0.0002774
872,3802.91,2.32388,0.60316,2.14314,0.80528,0.58989,0.7122,0.44651,2.44256,0.59587,2.11863,0.00027542,0.00027542,0.00027542
873,3807.08,2.25738,0.59349,2.14697,0.80649,0.59048,0.71325,0.44775,2.42875,0.59414,2.11844,0.00027344,0.00027344,0.00027344
874,3811.71,2.42694,0.62168,2.15206,0.80825,0.59281,0.7162,0.44989,2.43327,0.59827,2.1186,0.00027146,0.00027146,0.00027146
875,3816.2,2.31269,0.59776,2.13861,0.80568,0.59157,0.71403,0.448,2.44625,0.60087,2.1189,0.00026948,0.00026948,0.00026948
876,3820.73,2.19227,0.56003,2.11986,0.8076,0.58484,0.71156,0.44337,2.46357,0.60157,2.11878,0.0002675,0.0002675,0.0002675
877,3824.73,2.19867,0.57532,2.16599,0.80261,0.58669,0.71152,0.44465,2.45173,0.59997,2.1182,0.00026552,0.00026552,0.00026552
878,3829.03,2.25795,0.58776,2.14664,0.79857,0.59,0.71066,0.4445,2.45363,0.59998,2.11788,0.00026354,0.00026354,0.00026354
879,3833.45,2.25918,0.58194,2.14492,0.79345,0.58786,0.70832,0.44389,2.45978,0.60284,2.11787,0.00026156,0.00026156,0.00026156
880,3837.65,2.50062,0.63701,2.15049,0.78819,0.59157,0.70837,0.4426,2.4761,0.60443,2.11817,0.00025958,0.00025958,0.00025958
881,3841.8,2.3238,0.59149,2.14594,0.78233,0.59555,0.70987,0.44406,2.46479,0.60355,2.11809,0.0002576,0.0002576,0.0002576
882,3846.09,2.36906,0.61675,2.17337,0.7913,0.59294,0.71128,0.4471,2.44926,0.59916,2.11761,0.00025562,0.00025562,0.00025562
883,3850.28,2.36249,0.63417,2.16971,0.79772,0.58744,0.71009,0.44595,2.4505,0.59889,2.11749,0.00025364,0.00025364,0.00025364
884,3854.73,2.53739,0.64205,2.15442,0.79197,0.59635,0.71273,0.44908,2.44342,0.59602,2.11677,0.00025166,0.00025166,0.00025166
885,3858.77,2.27774,0.58023,2.14059,0.79458,0.59995,0.71556,0.45097,2.43034,0.59558,2.11667,0.00024968,0.00024968,0.00024968
886,3863.44,2.27839,0.58577,2.1373,0.80152,0.60008,0.71767,0.45021,2.45153,0.59732,2.11738,0.0002477,0.0002477,0.0002477
887,3867.71,2.29188,0.58334,2.12634,0.80736,0.5972,0.71679,0.45009,2.44877,0.59604,2.11748,0.00024572,0.00024572,0.00024572
888,3872.28,2.17454,0.56658,2.14159,0.80831,0.59198,0.71343,0.44885,2.45057,0.59717,2.11667,0.00024374,0.00024374,0.00024374
889,3876.21,2.32683,0.60077,2.14713,0.80649,0.59171,0.71321,0.44955,2.44317,0.59641,2.11609,0.00024176,0.00024176,0.00024176
890,3880.58,2.31635,0.60488,2.14678,0.80168,0.59216,0.71334,0.45061,2.4265,0.59305,2.11584,0.00023978,0.00023978,0.00023978
891,3884.8,2.33865,0.60934,2.16311,0.80096,0.59075,0.71231,0.44971,2.43014,0.59235,2.11588,0.0002378,0.0002378,0.0002378
892,3889.15,2.28357,0.5915,2.14373,0.79917,0.59171,0.71346,0.45175,2.42025,0.59157,2.11609,0.00023582,0.00023582,0.00023582
893,3893.26,2.41056,0.62227,2.14834,0.80125,0.58992,0.71451,0.45302,2.41789,0.59092,2.11594,0.00023384,0.00023384,0.00023384
894,3897.65,2.13628,0.5539,2.14921,0.80018,0.59264,0.71376,0.45328,2.41991,0.59297,2.11572,0.00023186,0.00023186,0.00023186
895,3901.87,2.37928,0.59567,2.15777,0.79526,0.5961,0.71405,0.45213,2.4254,0.59489,2.11543,0.00022988,0.00022988,0.00022988
896,3906.57,2.19598,0.56048,2.14037,0.80802,0.58882,0.71459,0.45016,2.42863,0.59394,2.11585,0.0002279,0.0002279,0.0002279
897,3910.56,2.33269,0.6129,2.17887,0.80185,0.59061,0.71483,0.45,2.42193,0.59334,2.11584,0.00022592,0.00022592,0.00022592
898,3914.77,2.37055,0.58311,2.14728,0.80156,0.59157,0.71512,0.44831,2.43718,0.59544,2.11658,0.00022394,0.00022394,0.00022394
899,3919.31,2.38155,0.61655,2.15851,0.7967,0.59487,0.71541,0.44794,2.43859,0.59657,2.11712,0.00022196,0.00022196,0.00022196
900,3923.54,2.29518,0.59359,2.13424,0.7954,0.59569,0.71389,0.44982,2.42374,0.59467,2.11759,0.00021998,0.00021998,0.00021998
901,3927.77,2.38179,0.61442,2.15514,0.79952,0.5939,0.71333,0.4502,2.42964,0.59437,2.11767,0.000218,0.000218,0.000218
902,3932.25,2.32966,0.58143,2.14364,0.7982,0.59363,0.71228,0.44816,2.44335,0.59311,2.11841,0.00021602,0.00021602,0.00021602
903,3936.52,2.30046,0.60309,2.17409,0.80106,0.58992,0.71199,0.44901,2.44204,0.59239,2.11832,0.00021404,0.00021404,0.00021404
904,3940.85,2.48078,0.65623,2.18415,0.80406,0.59047,0.71061,0.44923,2.43789,0.59092,2.1184,0.00021206,0.00021206,0.00021206
905,3944.99,2.30917,0.57839,2.13432,0.80592,0.58776,0.71004,0.44974,2.43069,0.59024,2.11787,0.00021008,0.00021008,0.00021008
906,3949.53,2.36879,0.60096,2.13813,0.80922,0.58498,0.70995,0.44885,2.4341,0.5919,2.11676,0.0002081,0.0002081,0.0002081
907,3953.84,1.98135,0.51708,2.12379,0.80771,0.58553,0.7103,0.44817,2.44058,0.59172,2.11643,0.00020612,0.00020612,0.00020612
908,3958.33,2.24212,0.60825,2.16332,0.81336,0.5893,0.71285,0.45111,2.42506,0.5879,2.11513,0.00020414,0.00020414,0.00020414
909,3962.49,2.34024,0.60054,2.15051,0.81447,0.59102,0.71391,0.45268,2.41122,0.58597,2.11449,0.00020216,0.00020216,0.00020216
910,3967,2.30739,0.59545,2.1465,0.81707,0.58869,0.71487,0.45348,2.40509,0.5863,2.11403,0.00020018,0.00020018,0.00020018
911,3971.62,2.2645,0.56101,2.12269,0.81775,0.59102,0.71665,0.45427,2.40193,0.58599,2.11374,0.0001982,0.0001982,0.0001982
912,3975.82,2.42565,0.63148,2.18187,0.81615,0.59294,0.71837,0.45568,2.40724,0.58744,2.11463,0.00019622,0.00019622,0.00019622
913,3980.46,2.30921,0.58567,2.15134,0.81731,0.59061,0.71794,0.45608,2.40927,0.58727,2.11471,0.00019424,0.00019424,0.00019424
914,3984.71,2.49746,0.64667,2.17171,0.8133,0.58896,0.7148,0.45407,2.41223,0.58593,2.11487,0.00019226,0.00019226,0.00019226
915,3988.77,2.18771,0.57068,2.14631,0.81502,0.58673,0.71306,0.45297,2.40889,0.58509,2.11541,0.00019028,0.00019028,0.00019028
916,3993.36,2.09445,0.53249,2.12051,0.80579,0.58443,0.70909,0.45025,2.41362,0.58749,2.11572,0.0001883,0.0001883,0.0001883
917,3997.24,2.2168,0.56173,2.13135,0.80151,0.58526,0.70853,0.44993,2.41689,0.58869,2.11588,0.00018632,0.00018632,0.00018632
918,4001.63,2.18284,0.57335,2.16241,0.79999,0.58976,0.71162,0.45249,2.40459,0.58539,2.11563,0.00018434,0.00018434,0.00018434
919,4005.9,2.23631,0.57732,2.15153,0.80238,0.5891,0.71179,0.45264,2.40803,0.58616,2.11557,0.00018236,0.00018236,0.00018236
920,4010.27,2.23902,0.58307,2.13615,0.8007,0.59459,0.7148,0.45412,2.40509,0.58738,2.11489,0.00018038,0.00018038,0.00018038
921,4014.45,2.42917,0.63373,2.17424,0.80285,0.59651,0.71649,0.45566,2.4034,0.58699,2.1148,0.0001784,0.0001784,0.0001784
922,4019.37,2.36426,0.59614,2.15422,0.79781,0.59913,0.71566,0.45446,2.41715,0.58729,2.11486,0.00017642,0.00017642,0.00017642
923,4023.72,2.03174,0.5245,2.11978,0.79951,0.59949,0.71555,0.45431,2.41428,0.58481,2.11493,0.00017444,0.00017444,0.00017444
924,4027.9,2.35324,0.61518,2.16764,0.79747,0.59572,0.71331,0.45415,2.39823,0.58377,2.11458,0.00017246,0.00017246,0.00017246
925,4032.19,2.29743,0.58518,2.13969,0.79828,0.59308,0.71289,0.45369,2.39602,0.58399,2.11428,0.00017048,0.00017048,0.00017048
926,4036.51,2.18758,0.60488,2.17394,0.79457,0.59363,0.71236,0.4527,2.39076,0.58266,2.11441,0.0001685,0.0001685,0.0001685
927,4040.54,2.17096,0.5551,2.14834,0.79553,0.59555,0.71332,0.45359,2.3878,0.58133,2.11433,0.00016652,0.00016652,0.00016652
928,4044.94,2.33211,0.59514,2.14854,0.79311,0.5972,0.71426,0.45339,2.39291,0.58413,2.11463,0.00016454,0.00016454,0.00016454
929,4049.07,2.20437,0.57142,2.13541,0.79732,0.59473,0.71533,0.45431,2.38708,0.5843,2.11479,0.00016256,0.00016256,0.00016256
930,4053.6,2.114,0.55041,2.12692,0.79728,0.59445,0.71639,0.4561,2.37909,0.58254,2.11437,0.00016058,0.00016058,0.00016058
931,4058.16,2.20254,0.55249,2.13047,0.8001,0.59069,0.71515,0.45638,2.37931,0.58305,2.11447,0.0001586,0.0001586,0.0001586
932,4063.22,2.17673,0.54751,2.13093,0.79338,0.59459,0.71506,0.45443,2.39092,0.58594,2.11487,0.00015662,0.00015662,0.00015662
933,4067.64,2.57085,0.66583,2.17763,0.79152,0.59514,0.71485,0.45407,2.39055,0.58696,2.11478,0.00015464,0.00015464,0.00015464
934,4072.03,2.33122,0.62203,2.15129,0.79468,0.59267,0.71332,0.45098,2.40537,0.58855,2.11448,0.00015266,0.00015266,0.00015266
935,4076.38,2.36255,0.60933,2.15769,0.79577,0.59239,0.71354,0.45196,2.39915,0.58838,2.11464,0.00015068,0.00015068,0.00015068
936,4081.42,2.53478,0.65935,2.16051,0.79985,0.59075,0.71371,0.4524,2.39195,0.58729,2.11441,0.0001487,0.0001487,0.0001487
937,4085.52,2.27494,0.56686,2.13279,0.81212,0.58484,0.71322,0.45292,2.38989,0.58669,2.11414,0.00014672,0.00014672,0.00014672
938,4089.73,2.42071,0.63184,2.15953,0.81223,0.58416,0.7124,0.45393,2.38255,0.58752,2.11436,0.00014474,0.00014474,0.00014474
939,4093.67,2.15655,0.57596,2.15893,0.81548,0.58306,0.71291,0.45413,2.38813,0.5885,2.11453,0.00014276,0.00014276,0.00014276
940,4098.35,2.23932,0.56512,2.133,0.82012,0.57963,0.71322,0.4535,2.39689,0.58916,2.11361,0.00014078,0.00014078,0.00014078
941,4102.5,2.18737,0.54883,2.14639,0.81621,0.58287,0.71379,0.45254,2.397,0.58951,2.11411,0.0001388,0.0001388,0.0001388
942,4106.7,2.17081,0.56669,2.14787,0.81812,0.58417,0.71437,0.45399,2.38485,0.58789,2.11432,0.00013682,0.00013682,0.00013682
943,4111.09,2.26793,0.57298,2.13185,0.81431,0.5882,0.71492,0.45431,2.37984,0.58663,2.11401,0.00013484,0.00013484,0.00013484
944,4115.56,2.22676,0.57782,2.136,0.80893,0.5888,0.71353,0.454,2.38653,0.5858,2.11453,0.00013286,0.00013286,0.00013286
945,4119.7,2.27286,0.58277,2.1274,0.81033,0.58992,0.71397,0.45446,2.38687,0.58627,2.11449,0.00013088,0.00013088,0.00013088
946,4124.24,2.55773,0.64445,2.14771,0.80835,0.59253,0.71602,0.45594,2.37861,0.58381,2.11415,0.0001289,0.0001289,0.0001289
947,4128.34,2.3763,0.58952,2.14923,0.80775,0.59253,0.7162,0.45537,2.38183,0.58395,2.11447,0.00012692,0.00012692,0.00012692
948,4133.23,2.66082,0.69517,2.17775,0.80921,0.59198,0.71717,0.45459,2.38533,0.5843,2.11441,0.00012494,0.00012494,0.00012494
949,4137.51,2.37989,0.60162,2.15737,0.81093,0.59075,0.71575,0.45439,2.38162,0.58311,2.11383,0.00012296,0.00012296,0.00012296
950,4141.49,2.33889,0.59368,2.14184,0.80824,0.59143,0.71471,0.45443,2.37684,0.58053,2.11399,0.00012098,0.00012098,0.00012098
951,4145.52,2.06356,0.5776,2.15659,0.80497,0.59042,0.71393,0.45412,2.37885,0.58123,2.11422,0.000119,0.000119,0.000119
952,4150.45,2.342,0.61875,2.15479,0.80459,0.59116,0.71471,0.45472,2.38353,0.582,2.11451,0.00011702,0.00011702,0.00011702
953,4154.59,2.14049,0.57397,2.14362,0.80535,0.59116,0.7149,0.45518,2.38162,0.58296,2.11467,0.00011504,0.00011504,0.00011504
954,4159.09,2.11688,0.5512,2.1393,0.7983,0.59596,0.71559,0.45659,2.3727,0.58049,2.11423,0.00011306,0.00011306,0.00011306
955,4163.47,2.20253,0.56189,2.13818,0.80012,0.59198,0.71452,0.45647,2.37452,0.58196,2.11426,0.00011108,0.00011108,0.00011108
956,4168.41,2.18806,0.56877,2.14659,0.80244,0.59556,0.71646,0.45753,2.36806,0.57979,2.11402,0.0001091,0.0001091,0.0001091
957,4172.72,2.2795,0.5911,2.16241,0.80507,0.59648,0.71754,0.45741,2.37014,0.58024,2.11395,0.00010712,0.00010712,0.00010712
958,4177.17,2.32451,0.57772,2.13692,0.80211,0.59528,0.71654,0.45821,2.36751,0.57988,2.11346,0.00010514,0.00010514,0.00010514
959,4182.23,2.25163,0.58132,2.1459,0.80404,0.59143,0.71567,0.45801,2.36818,0.57928,2.11381,0.00010316,0.00010316,0.00010316
960,4186.81,2.39191,0.59443,2.13685,0.80576,0.59102,0.71599,0.45854,2.36893,0.58036,2.11406,0.00010118,0.00010118,0.00010118
961,4190.77,2.131,0.55672,2.12697,0.80736,0.59208,0.71707,0.45904,2.36619,0.57925,2.1141,9.92e-05,9.92e-05,9.92e-05
962,4195.04,2.21202,0.56024,2.14472,0.80715,0.59415,0.71864,0.45889,2.37521,0.58136,2.11427,9.722e-05,9.722e-05,9.722e-05
963,4199.33,2.134,0.55076,2.11943,0.80516,0.59739,0.71916,0.45894,2.38154,0.58282,2.11418,9.524e-05,9.524e-05,9.524e-05
964,4203.77,2.4867,0.65227,2.16761,0.8053,0.59555,0.71813,0.45828,2.37303,0.58181,2.11387,9.326e-05,9.326e-05,9.326e-05
965,4207.93,2.31074,0.58808,2.13343,0.80362,0.59651,0.71709,0.45804,2.37356,0.58264,2.1138,9.128e-05,9.128e-05,9.128e-05
966,4212.15,2.29296,0.59208,2.15197,0.80241,0.59363,0.71551,0.4557,2.38036,0.58279,2.11356,8.93e-05,8.93e-05,8.93e-05
967,4216.64,2.13069,0.56409,2.13554,0.80307,0.59116,0.71476,0.45471,2.38185,0.58317,2.11361,8.732e-05,8.732e-05,8.732e-05
968,4221.49,2.45144,0.61916,2.15611,0.80276,0.58951,0.71366,0.45401,2.37199,0.58368,2.11364,8.534e-05,8.534e-05,8.534e-05
969,4225.72,2.58959,0.66922,2.16295,0.80419,0.58786,0.71353,0.45455,2.36887,0.58365,2.11322,8.336e-05,8.336e-05,8.336e-05
970,4230.09,2.28415,0.59318,2.15523,0.80962,0.58965,0.71716,0.45697,2.35887,0.58182,2.11297,8.138e-05,8.138e-05,8.138e-05
971,4234.92,2.34544,0.59933,2.14773,0.80938,0.58924,0.71635,0.45721,2.35733,0.5817,2.11299,7.94e-05,7.94e-05,7.94e-05
972,4239.54,2.31699,0.58704,2.13299,0.8123,0.58639,0.7152,0.45645,2.366,0.5828,2.11273,7.742e-05,7.742e-05,7.742e-05
973,4243.47,2.43496,0.61353,2.14396,0.8147,0.5855,0.71533,0.45674,2.36561,0.58202,2.11277,7.544e-05,7.544e-05,7.544e-05
974,4248.01,2.43384,0.6212,2.16164,0.80977,0.59116,0.71734,0.45772,2.36484,0.58246,2.11267,7.346e-05,7.346e-05,7.346e-05
975,4252.27,2.2376,0.57638,2.15147,0.81085,0.59047,0.71778,0.45772,2.36471,0.58221,2.11276,7.148e-05,7.148e-05,7.148e-05
976,4256.51,2.36346,0.6012,2.14176,0.80773,0.59185,0.71789,0.45687,2.36561,0.58286,2.11275,6.95e-05,6.95e-05,6.95e-05
977,4260.98,2.28616,0.59907,2.14044,0.80945,0.59076,0.71693,0.45629,2.36654,0.58249,2.11295,6.752e-05,6.752e-05,6.752e-05
978,4265.75,2.42777,0.63185,2.14995,0.80634,0.5913,0.7159,0.45574,2.37241,0.58359,2.11317,6.554e-05,6.554e-05,6.554e-05
979,4269.48,2.22292,0.56836,2.13432,0.80842,0.59143,0.71647,0.45599,2.37547,0.58372,2.11339,6.356e-05,6.356e-05,6.356e-05
980,4273.73,2.03219,0.53242,2.13562,0.80601,0.59212,0.71695,0.45609,2.36841,0.5819,2.11375,6.158e-05,6.158e-05,6.158e-05
981,4277.68,2.00066,0.5278,2.13927,0.80476,0.59133,0.71613,0.45654,2.36529,0.58099,2.11375,5.96e-05,5.96e-05,5.96e-05
982,4282.18,2.41395,0.60049,2.14708,0.80243,0.59239,0.71615,0.457,2.37037,0.58149,2.11376,5.762e-05,5.762e-05,5.762e-05
983,4286.34,2.20294,0.56195,2.13878,0.80214,0.5922,0.71637,0.4574,2.37228,0.58295,2.11357,5.564e-05,5.564e-05,5.564e-05
984,4290.72,2.09233,0.53262,2.14078,0.80837,0.59188,0.71685,0.45704,2.37418,0.58342,2.1135,5.366e-05,5.366e-05,5.366e-05
985,4295.51,2.24775,0.59453,2.14403,0.81058,0.59157,0.71637,0.4569,2.37493,0.58289,2.11368,5.168e-05,5.168e-05,5.168e-05
986,4300.08,2.25323,0.5669,2.14457,0.80898,0.59322,0.71624,0.45729,2.37205,0.58275,2.11344,4.97e-05,4.97e-05,4.97e-05
987,4304.53,2.39986,0.61391,2.14443,0.80958,0.59102,0.71514,0.457,2.37138,0.58217,2.11333,4.772e-05,4.772e-05,4.772e-05
988,4309.03,2.24263,0.58084,2.13969,0.80743,0.58943,0.71395,0.45546,2.37656,0.5812,2.1133,4.574e-05,4.574e-05,4.574e-05
989,4313.27,2.14375,0.54728,2.13784,0.80807,0.58937,0.71422,0.45554,2.37693,0.58074,2.11328,4.376e-05,4.376e-05,4.376e-05
990,4317.68,2.12326,0.53868,2.12948,0.8091,0.58886,0.71504,0.45629,2.37409,0.58148,2.11319,4.178e-05,4.178e-05,4.178e-05
991,4375.96,2.27905,0.57364,2.11968,0.81164,0.58786,0.71478,0.45654,2.37122,0.5807,2.1132,3.98e-05,3.98e-05,3.98e-05
992,4380.04,2.14597,0.54585,2.11994,0.81046,0.58896,0.71651,0.45777,2.36735,0.58036,2.11312,3.782e-05,3.782e-05,3.782e-05
993,4384.12,2.22965,0.56872,2.12439,0.80497,0.59322,0.71667,0.45788,2.36513,0.57925,2.1129,3.584e-05,3.584e-05,3.584e-05
994,4388.37,2.21806,0.55945,2.10804,0.80419,0.58976,0.71525,0.45796,2.3659,0.57903,2.11283,3.386e-05,3.386e-05,3.386e-05
995,4392.2,2.08363,0.52415,2.1187,0.80411,0.59059,0.7154,0.45766,2.36718,0.57961,2.11272,3.188e-05,3.188e-05,3.188e-05
996,4396.59,2.12925,0.54271,2.11715,0.80096,0.5939,0.71545,0.45745,2.37211,0.58137,2.11304,2.99e-05,2.99e-05,2.99e-05
997,4400.87,2.26454,0.56825,2.11605,0.80062,0.59308,0.71482,0.45679,2.37519,0.5826,2.11295,2.792e-05,2.792e-05,2.792e-05
998,4404.96,2.25895,0.5629,2.10628,0.80186,0.59322,0.71358,0.45597,2.37929,0.58424,2.11304,2.594e-05,2.594e-05,2.594e-05
999,4409.43,2.18259,0.54633,2.11694,0.80212,0.59308,0.71349,0.45557,2.38183,0.58509,2.1132,2.396e-05,2.396e-05,2.396e-05
1000,4413.64,2.10835,0.53503,2.11614,0.80197,0.59143,0.7135,0.45565,2.37516,0.58451,2.11278,2.198e-05,2.198e-05,2.198e-05
