epoch,time,train/box_loss,train/cls_loss,train/dfl_loss,metrics/precision(B),metrics/recall(B),metrics/mAP50(B),metrics/mAP50-95(B),val/box_loss,val/cls_loss,val/dfl_loss,lr/pg0,lr/pg1,lr/pg2
1,143.766,4.44037,3.13547,1.28739,0.08447,0.13509,0.04814,0.02015,4.29201,3.15728,1.12605,0.0492,0.0002,0.0002
2,226.238,4.62755,2.92016,1.28553,0.08553,0.13646,0.04874,0.02033,4.31373,3.15602,1.12946,0.048,0.000499999,0.000499999
3,230.637,4.25795,2.80313,1.24754,0.12195,0.14415,0.06384,0.01946,5.95947,inf,1.25913,0.0468,0.000799992,0.000799992
4,292.068,4.69647,5.81109,1.24531,0.13804,0.13482,0.07067,0.02025,5.93658,inf,1.25838,0.0456,0.00109998,0.00109998
5,361.611,6.16063,5.23957,1.23575,0,0,0,0,nan,nan,nan,0.0443999,0.00139995,0.00139995
6,417.799,4.77351,1.73337,1.18291,0,0,0,0,nan,nan,nan,0.0431999,0.0016999,0.0016999
7,523.219,3.92893,1.50131,1.11063,0,0,0,0,nan,nan,nan,0.0419998,0.00199982,0.00199982
8,528.399,4.42179,1.3153,1.02308,0,0,0,0,nan,nan,nan,0.0407997,0.00229972,0.00229972
9,574.791,4.71235,1.39846,1.03019,0,0,0,0,nan,nan,nan,0.0395996,0.00259959,0.00259959
10,662.105,3.82408,1.29231,1.01981,0,0,0,0,nan,nan,nan,0.0383994,0.00289943,0.00289943
11,723.981,3.81697,1.25231,1.05613,0,0,0,0,nan,nan,nan,0.0371992,0.00319922,0.00319922
12,773.977,3.59754,1.16423,1.03249,0,0,0,0,nan,nan,nan,0.035999,0.00349897,0.00349897
13,778.195,3.97868,1.20245,1.00621,0,0,0,0,nan,nan,nan,0.0347987,0.00379866,0.00379866
14,891.443,3.35971,1.14355,1.04515,0,0,0,0,nan,nan,nan,0.0335983,0.00409831,0.00409831
15,895.894,3.9208,1.16184,0.9746,0,0,0,0,nan,nan,nan,0.0323979,0.00439789,0.00439789
16,982.491,4.05225,1.2403,1.00331,0,0,0,0,nan,nan,nan,0.0311974,0.00469742,0.00469742
17,1146.53,3.50578,1.16275,1.07747,0,0,0,0,nan,nan,nan,0.0299969,0.00499687,0.00499687
18,1151.43,4.06714,1.25969,0.9759,0,0,0,0,nan,nan,nan,0.0287963,0.00529626,0.00529626
19,1259.43,3.55091,1.16835,1.05028,0,0,0,0,nan,nan,nan,0.0275956,0.00559557,0.00559557
20,1296.19,3.87992,1.16113,1.03089,0,0,0,0,nan,nan,nan,0.0263948,0.0058948,0.0058948
21,1300.12,3.67573,1.0936,0.98219,0,0,0,0,nan,nan,nan,0.0251939,0.00619394,0.00619394
22,1360.37,4.09976,1.18814,0.95127,0,0,0,0,nan,nan,nan,0.023993,0.006493,0.006493
23,1396.24,3.58704,1.08793,1.02885,0,0,0,0,nan,nan,nan,0.022792,0.00679196,0.00679196
24,1401.37,4.0607,1.28405,0.94893,0,0,0,0,nan,nan,nan,0.0215908,0.00709083,0.00709083
25,1492.69,3.81121,1.19252,0.97396,0,0,0,0,nan,nan,nan,0.0203896,0.00738959,0.00738959
26,1595.82,3.83498,1.12095,0.98985,0.00059,0.00096,0.0003,6e-05,8.16037,inf,8.24857,0.0191883,0.00768825,0.00768825
27,1646.01,3.99362,1.1977,0.94924,0.00084,0.00137,0.00042,0.00011,7.9439,inf,7.85426,0.0179868,0.0079868,0.0079868
28,1683.84,3.85932,1.16634,0.95462,8e-05,0.00014,4e-05,1e-05,8.17473,inf,7.10552,0.0167852,0.00828523,0.00828523
29,1725.39,3.99132,1.26837,0.98164,0.02639,0.04311,0.01396,0.00475,6.14401,inf,2.06211,0.0155835,0.00858354,0.00858354
30,1768.11,4.47955,1.32882,0.90258,0.243,0.32894,0.19401,0.07147,4.26341,inf,1.02865,0.0143817,0.00888173,0.00888173
31,1901.77,3.43897,1.27789,0.99474,0.29068,0.41598,0.32685,0.12179,4.03966,inf,0.97258,0.0131798,0.00917979,0.00917979
32,1957.1,4.19436,1.19885,0.91857,0.33037,0.34802,0.25682,0.08639,4.39201,17.1725,1.06951,0.0119777,0.00947772,0.00947772
33,1961.73,3.71946,1.07488,0.93369,0.31471,0.32139,0.22033,0.07507,4.35142,16.7157,1.07593,0.0107755,0.00977551,0.00977551
34,1965.96,3.74152,1.07697,0.90039,0.32191,0.39745,0.28541,0.10466,4.00296,inf,0.99909,0.00997342,0.00997342,0.00997342
35,2049.19,3.71925,1.09937,0.94558,0.31306,0.39141,0.31692,0.11244,4.18769,inf,1.05323,0.00997179,0.00997179,0.00997179
36,2100.08,3.69735,1.11127,0.99114,0.33337,0.45291,0.37417,0.13991,3.93039,inf,0.97793,0.00997011,0.00997011,0.00997011
37,2142.64,3.43549,1.10242,1.00465,0.3205,0.44673,0.3684,0.13677,3.96718,inf,0.98122,0.00996838,0.00996838,0.00996838
38,2148.05,3.28127,1.06567,0.97977,0.25973,0.42161,0.32597,0.12006,3.91099,inf,0.95799,0.0099666,0.0099666,0.0099666
39,2194.19,3.64581,1.04006,0.93612,0.28864,0.43424,0.35679,0.13095,3.84847,inf,0.94859,0.00996477,0.00996477,0.00996477
40,2265.52,3.86774,1.02444,0.91821,0.38303,0.41118,0.40434,0.14497,4.12342,inf,1.01147,0.00996289,0.00996289,0.00996289
41,2269.92,3.399,1.03453,0.98015,0.46996,0.39058,0.39658,0.14068,4.18605,inf,1.02002,0.00996097,0.00996097,0.00996097
42,2352.85,3.75482,1.06109,0.94161,0.52313,0.39758,0.41968,0.1559,3.94224,12.0381,0.98146,0.00995899,0.00995899,0.00995899
43,2458.32,3.52635,1.07235,1.03054,0.51872,0.35695,0.37987,0.13766,4.2229,10.7904,1.02725,0.00995697,0.00995697,0.00995697
44,2548.29,3.62415,1.08544,0.9746,0.55575,0.41082,0.45341,0.17926,3.76969,6.8132,0.95121,0.0099549,0.0099549,0.0099549
45,2552.55,3.9711,1.10647,0.8725,0.54598,0.42346,0.45447,0.18051,3.70198,5.39407,0.93562,0.00995278,0.00995278,0.00995278
46,2599.84,3.89729,1.11649,0.93932,0.50747,0.36697,0.38696,0.14446,4.07736,4.71809,0.9925,0.00995062,0.00995062,0.00995062
47,2697.16,3.48839,1.04711,0.98902,0.56627,0.36905,0.4118,0.15678,4.04083,4.8447,0.99246,0.0099484,0.0099484,0.0099484
48,2743.46,3.32954,0.99517,0.94973,0.55086,0.39703,0.42896,0.16619,3.7144,5.22636,0.93857,0.00994614,0.00994614,0.00994614
49,2834.8,3.53855,1.14814,1.02339,0.5365,0.41296,0.42855,0.16713,3.81671,5.62069,0.95246,0.00994383,0.00994383,0.00994383
50,2890.12,3.3295,1.02004,1.01936,0.57321,0.41948,0.44627,0.17279,3.87093,7.33301,0.94692,0.00994147,0.00994147,0.00994147
51,2977.21,3.87681,1.14292,0.95492,0.57654,0.43067,0.45476,0.18511,3.70198,6.37677,0.93983,0.00993906,0.00993906,0.00993906
52,3026.35,3.74325,1.0792,0.93932,0.57859,0.419,0.45251,0.16447,3.81118,4.99757,0.93132,0.0099366,0.0099366,0.0099366
53,3156.12,3.48804,1.05674,0.9829,0.59898,0.42875,0.46045,0.16566,3.93859,3.89958,0.96129,0.0099341,0.0099341,0.0099341
54,3223.46,3.87139,1.08102,0.944,0.59723,0.37932,0.41563,0.15201,4.09379,3.28977,0.99492,0.00993154,0.00993154,0.00993154
55,3264.04,3.47763,1.03473,0.97925,0.6128,0.38921,0.43887,0.16781,3.85102,2.75724,0.95579,0.00992894,0.00992894,0.00992894
56,3268.99,3.80183,0.99242,0.89074,0.52662,0.33704,0.36357,0.13547,4.07454,2.3271,0.97813,0.00992629,0.00992629,0.00992629
57,3314.71,3.8039,1.03699,0.89858,0.50529,0.29695,0.31706,0.11543,4.29069,2.50118,1.00702,0.00992359,0.00992359,0.00992359
58,3416.08,3.53751,0.97653,0.9262,0.4993,0.29599,0.31214,0.11897,4.22244,5.0982,1.01283,0.00992085,0.00992085,0.00992085
59,3477.39,3.51023,1.00537,0.92737,0.56087,0.34281,0.37199,0.14376,4.0247,3.54436,0.98124,0.00991805,0.00991805,0.00991805
60,3482.01,3.81002,1.04277,0.91273,0.62842,0.43287,0.47091,0.17726,3.95986,2.08471,0.95852,0.00991521,0.00991521,0.00991521
61,3527.72,4.10086,1.19315,0.9187,0.62956,0.45524,0.49129,0.18938,3.78653,2.19863,0.9361,0.00991232,0.00991232,0.00991232
62,3620.18,3.53987,1.0315,0.94064,0.61198,0.43561,0.46793,0.18856,3.78929,2.38188,0.95098,0.00990938,0.00990938,0.00990938
63,3692.76,3.12717,1.02219,0.98703,0.61197,0.43369,0.4644,0.18461,3.83618,2.00881,0.95735,0.0099064,0.0099064,0.0099064
64,3736.9,3.54168,1.03312,0.9275,0.63612,0.48456,0.52644,0.21856,3.28875,1.33031,0.89457,0.00990336,0.00990336,0.00990336
65,3740.96,3.47894,0.99091,0.91277,0.58526,0.43863,0.47125,0.18767,3.42545,1.48004,0.89752,0.00990028,0.00990028,0.00990028
66,3745.77,3.35912,1.08608,0.9901,0.67314,0.4487,0.51953,0.21236,3.57228,1.20447,0.91507,0.00989715,0.00989715,0.00989715
67,3842.57,3.48021,0.98629,0.94172,0.648,0.4428,0.49364,0.20453,3.73913,1.3639,0.94718,0.00989398,0.00989398,0.00989398
68,3890.56,3.37506,1.0124,0.94158,0.65258,0.42861,0.49711,0.21675,3.45304,2.66003,0.91986,0.00989075,0.00989075,0.00989075
69,3977.42,3.30939,0.9717,0.91014,0.66516,0.4503,0.5196,0.22535,3.42297,2.13318,0.91109,0.00988748,0.00988748,0.00988748
70,3982.1,3.77495,1.04116,0.93317,0.57966,0.39676,0.41638,0.14797,4.09402,3.57355,0.95497,0.00988416,0.00988416,0.00988416
71,4035.47,3.34136,1.06755,0.96857,0.52752,0.32963,0.34406,0.12222,4.29836,5.62443,0.98241,0.00988079,0.00988079,0.00988079
72,4040.22,3.86704,1.01531,0.86891,0.64372,0.42714,0.49336,0.19996,3.56833,1.5622,0.91432,0.00987737,0.00987737,0.00987737
73,4127.17,3.44629,1.02666,0.92155,0.65931,0.43795,0.50084,0.20795,3.54342,2.35434,0.92193,0.00987391,0.00987391,0.00987391
74,4211.24,3.4363,1.00126,0.95243,0.6504,0.4227,0.48226,0.19034,3.80802,2.08456,0.94497,0.0098704,0.0098704,0.0098704
75,4215.88,3.30638,0.93033,0.93252,0.65263,0.46197,0.50816,0.20071,3.69192,1.98281,0.93785,0.00986684,0.00986684,0.00986684
76,4220.34,3.32672,0.98265,0.92061,0.66472,0.507,0.55594,0.22704,3.5047,1.52374,0.91531,0.00986323,0.00986323,0.00986323
77,4275.8,3.13977,1.0208,0.99935,0.6559,0.49451,0.54145,0.21815,3.64295,1.42609,0.93993,0.00985958,0.00985958,0.00985958
78,4280.49,3.20582,0.97103,0.96962,0.57203,0.37507,0.41878,0.15529,4.37503,3.06337,1.00875,0.00985588,0.00985588,0.00985588
79,4325.74,3.54177,1.04929,0.92555,0.39361,0.21183,0.21358,0.07066,5.39654,13.1194,1.15792,0.00985213,0.00985213,0.00985213
80,4329.61,3.70723,1.00851,0.87164,0.57558,0.3625,0.39857,0.15125,4.42713,3.00605,1.01125,0.00984833,0.00984833,0.00984833
81,4380.23,3.37254,0.97587,0.92798,0.55499,0.29723,0.33472,0.12981,4.28461,2.37347,1.01391,0.00984449,0.00984449,0.00984449
82,4384.81,3.1225,0.91054,0.89539,0.65131,0.44124,0.5041,0.21711,3.59654,1.26523,0.92112,0.0098406,0.0098406,0.0098406
83,4430.12,3.09684,0.93325,0.94521,0.67048,0.47655,0.54094,0.23694,3.4524,1.30885,0.90935,0.00983666,0.00983666,0.00983666
84,4545.74,3.13213,0.94778,0.91308,0.69293,0.5059,0.57316,0.2543,3.36521,1.21479,0.89996,0.00983267,0.00983267,0.00983267
85,4594.89,3.47025,0.9833,0.91682,0.66781,0.49876,0.56185,0.24516,3.20476,1.13743,0.88517,0.00982864,0.00982864,0.00982864
86,4670.75,3.05901,0.9962,0.97997,0.62814,0.50276,0.53303,0.23204,3.25195,1.23062,0.88602,0.00982456,0.00982456,0.00982456
87,4770.57,3.24803,0.9779,0.92252,0.68434,0.49355,0.55871,0.24866,3.36708,1.29854,0.89525,0.00982043,0.00982043,0.00982043
88,4822.08,3.31838,1.09245,0.95728,0.67028,0.48785,0.55563,0.24504,3.297,1.07419,0.89297,0.00981626,0.00981626,0.00981626
89,4874.45,3.67738,1.0366,0.88666,0.6633,0.49039,0.55391,0.23701,3.36423,1.09764,0.89415,0.00981204,0.00981204,0.00981204
90,4878.83,3.83728,0.96235,0.86484,0.61633,0.4838,0.51631,0.21483,3.35172,1.30785,0.89527,0.00980777,0.00980777,0.00980777
91,4920.63,3.65192,0.98263,0.88582,0.66792,0.47652,0.535,0.23141,3.33911,1.22394,0.8939,0.00980345,0.00980345,0.00980345
92,4969.55,3.05365,0.91342,0.9413,0.6735,0.48133,0.55121,0.24811,3.15244,0.98886,0.88853,0.00979909,0.00979909,0.00979909
93,5017.55,3.52008,0.96594,0.91429,0.67958,0.48668,0.55767,0.24883,3.22686,0.96032,0.89248,0.00979468,0.00979468,0.00979468
94,5022.2,3.54756,1.00676,0.89901,0.70269,0.50384,0.57679,0.25144,3.3694,1.10998,0.90096,0.00979023,0.00979023,0.00979023
95,5083.92,3.5289,0.95787,0.90412,0.59194,0.39415,0.44818,0.17297,3.64742,1.21202,0.92204,0.00978572,0.00978572,0.00978572
96,5088.54,3.11801,0.93346,0.95202,0.63069,0.4385,0.49948,0.22305,3.32314,1.17015,0.9033,0.00978118,0.00978118,0.00978118
97,5134.25,3.46328,1.00201,0.90812,0.60794,0.41447,0.48107,0.21143,3.31809,1.05462,0.92481,0.00977658,0.00977658,0.00977658
98,5138.84,3.76513,1.04378,0.87512,0.69943,0.48531,0.56169,0.24648,3.30423,1.06147,0.90645,0.00977194,0.00977194,0.00977194
99,5236.53,3.34949,1.01358,0.95871,0.70041,0.49364,0.56444,0.24414,3.37538,1.17908,0.90546,0.00976725,0.00976725,0.00976725
100,5304.25,3.93717,1.03998,0.87318,0.66983,0.4514,0.5166,0.20795,3.65016,1.22239,0.92703,0.00976251,0.00976251,0.00976251
101,5454.02,3.76437,1.03906,0.88654,0.64672,0.45497,0.51261,0.20963,3.56172,1.24554,0.92025,0.00975773,0.00975773,0.00975773
102,5494.7,3.35257,0.97687,0.95031,0.67584,0.48344,0.54888,0.23149,3.53558,1.19352,0.91178,0.0097529,0.0097529,0.0097529
103,5498.82,3.47082,0.95035,0.88538,0.56401,0.46884,0.486,0.20277,3.61665,1.24518,0.91323,0.00974803,0.00974803,0.00974803
104,5555.6,3.58649,1.10856,0.97239,0.61289,0.33924,0.39934,0.15631,3.69977,1.89816,0.91906,0.0097431,0.0097431,0.0097431
105,5601.73,3.46119,0.97652,0.94539,0.64663,0.50535,0.56142,0.22861,3.46406,1.01057,0.90326,0.00973814,0.00973814,0.00973814
106,5650.41,3.6871,1.01126,0.93019,0.66569,0.49053,0.54961,0.22081,3.5528,1.09741,0.90943,0.00973312,0.00973312,0.00973312
107,5710.28,3.05547,0.94889,0.96164,0.68707,0.50579,0.56761,0.23514,3.40716,1.16246,0.90155,0.00972806,0.00972806,0.00972806
108,5715.24,3.41985,0.98747,0.91833,0.71006,0.5103,0.58026,0.24884,3.33015,1.17599,0.90074,0.00972296,0.00972296,0.00972296
109,5719.41,3.24043,0.93459,0.92687,0.71841,0.49771,0.57063,0.24749,3.38552,1.14568,0.90321,0.0097178,0.0097178,0.0097178
110,5752.89,4.12235,1.1321,0.85876,0.71036,0.52636,0.59579,0.2637,3.16215,1.09983,0.88619,0.0097126,0.0097126,0.0097126
111,5839.64,3.07749,0.95415,0.95985,0.67504,0.51533,0.57427,0.24935,3.23204,1.11895,0.89193,0.00970736,0.00970736,0.00970736
112,5911.64,3.24946,0.93319,0.9557,0.69558,0.51382,0.58201,0.25593,3.17499,1.02788,0.88527,0.00970207,0.00970207,0.00970207
113,5998.05,3.53951,0.97918,0.9017,0.63422,0.50165,0.54948,0.22808,3.30235,1.03765,0.89302,0.00969673,0.00969673,0.00969673
114,6095.54,3.48802,0.9912,0.91799,0.66439,0.51231,0.56569,0.24298,3.37465,1.13467,0.8993,0.00969135,0.00969135,0.00969135
115,6100.02,3.3342,0.93072,0.90547,0.6705,0.51907,0.5684,0.23706,3.45448,1.07875,0.90221,0.00968592,0.00968592,0.00968592
116,6141.1,3.18938,0.97481,1.00789,0.68374,0.52119,0.58189,0.25039,3.22548,0.91563,0.89269,0.00968045,0.00968045,0.00968045
117,6225.83,3.09074,0.95724,0.95501,0.6987,0.49983,0.57309,0.24195,3.21439,0.90735,0.88978,0.00967493,0.00967493,0.00967493
118,6269.91,3.22736,0.96684,0.94141,0.69538,0.5077,0.58444,0.2554,3.28307,0.92861,0.8913,0.00966936,0.00966936,0.00966936
119,6324.13,3.38483,0.94389,0.90882,0.71572,0.51915,0.59412,0.25541,3.30842,0.99546,0.88962,0.00966375,0.00966375,0.00966375
120,6398.5,3.05437,0.89162,0.88889,0.63134,0.51538,0.56067,0.22982,3.31997,1.03625,0.88784,0.0096581,0.0096581,0.0096581
121,6442.07,3.63955,1.00666,0.88554,0.5651,0.47612,0.48859,0.19661,3.40961,1.13773,0.89452,0.00965239,0.00965239,0.00965239
122,6550.22,3.28918,0.93828,0.9078,0.66082,0.49245,0.56289,0.26033,3.14227,1.06108,0.88429,0.00964665,0.00964665,0.00964665
123,6691.54,3.21391,0.99038,0.96459,0.69654,0.52595,0.59934,0.28035,3.10009,0.93557,0.88014,0.00964085,0.00964085,0.00964085
124,6736.78,3.16698,0.889,0.92153,0.65705,0.5383,0.58039,0.25686,3.15958,1.44107,0.88024,0.00963502,0.00963502,0.00963502
125,6740.64,3.38525,0.95562,0.8779,0.60681,0.52663,0.5297,0.22343,3.27337,1.63278,0.88418,0.00962913,0.00962913,0.00962913
126,6780.47,3.33607,0.93621,0.92631,0.6192,0.53309,0.55388,0.2482,3.30577,1.06256,0.88971,0.0096232,0.0096232,0.0096232
127,6785.22,3.06027,0.96747,0.95091,0.62726,0.52653,0.56383,0.25973,3.19986,0.9921,0.88895,0.00961723,0.00961723,0.00961723
128,6789.49,3.40131,0.99607,0.92899,0.65115,0.5254,0.57758,0.26086,3.30037,1.07456,0.89423,0.00961121,0.00961121,0.00961121
129,6899.38,3.12069,0.9447,0.93877,0.69059,0.52828,0.59583,0.26606,3.29388,1.24399,0.89253,0.00960515,0.00960515,0.00960515
130,6904.05,3.58414,0.96344,0.88568,0.71001,0.53295,0.60891,0.2772,3.11887,1.06614,0.88189,0.00959904,0.00959904,0.00959904
131,6984.76,3.98067,1.10708,0.92035,0.68277,0.53405,0.60109,0.28131,2.99331,0.96056,0.87922,0.00959289,0.00959289,0.00959289
132,7038.32,3.43475,0.9516,0.91561,0.67076,0.52183,0.58232,0.25859,3.09714,0.97552,0.88521,0.00958669,0.00958669,0.00958669
133,7150.89,3.74406,0.99645,0.87178,0.68975,0.49835,0.57692,0.2425,3.14382,1.0404,0.8746,0.00958044,0.00958044,0.00958044
134,7155.81,3.73166,0.98369,0.88037,0.74137,0.53285,0.61928,0.28163,3.13966,1.27649,0.87837,0.00957416,0.00957416,0.00957416
135,7240.83,3.11899,0.96081,0.98777,0.72516,0.53954,0.61289,0.2795,3.16684,1.30236,0.88171,0.00956782,0.00956782,0.00956782
136,7277.12,3.26922,0.94821,0.89412,0.70016,0.52746,0.59755,0.26942,3.08486,1.20418,0.87705,0.00956145,0.00956145,0.00956145
137,7334.45,3.33387,0.99138,0.95062,0.70226,0.52155,0.59536,0.26004,3.11624,1.1597,0.87551,0.00955502,0.00955502,0.00955502
138,7480.27,3.57664,1.00864,0.90842,0.71786,0.53501,0.6176,0.28405,2.97047,1.25485,0.87046,0.00954856,0.00954856,0.00954856
139,7605.11,3.32696,0.89393,0.90971,0.72763,0.54434,0.62569,0.28787,3.00339,1.18689,0.87313,0.00954205,0.00954205,0.00954205
140,7699.65,3.40037,0.97397,0.92027,0.74376,0.54503,0.62721,0.28943,3.06803,0.96617,0.87584,0.00953549,0.00953549,0.00953549
141,7860.05,3.37039,0.93992,0.90009,0.703,0.55763,0.62491,0.28582,3.04235,0.93679,0.87623,0.00952889,0.00952889,0.00952889
142,7957.06,3.28397,1.00493,0.95657,0.71984,0.54782,0.61756,0.26798,3.32382,0.93787,0.88784,0.00952225,0.00952225,0.00952225
143,8012.33,3.41197,0.92901,0.88912,0.72482,0.53771,0.61522,0.26939,3.36769,0.92159,0.88944,0.00951556,0.00951556,0.00951556
144,8076.53,3.45757,1.04455,0.9445,0.7016,0.55585,0.61962,0.2819,3.03507,0.86309,0.87903,0.00950883,0.00950883,0.00950883
145,8172.41,3.15304,0.93365,0.92486,0.70931,0.54435,0.61597,0.28192,3.019,0.88082,0.8786,0.00950206,0.00950206,0.00950206
146,8290.73,3.03831,0.9209,0.95933,0.68801,0.53377,0.59278,0.25717,3.44499,1.08414,0.89523,0.00949524,0.00949524,0.00949524
147,8437.04,3.15346,0.94251,0.95971,0.70472,0.5232,0.58959,0.24911,3.4944,1.12056,0.89833,0.00948837,0.00948837,0.00948837
148,8480.81,3.55002,0.969,0.90599,0.72403,0.54064,0.61929,0.27154,3.16759,1.61469,0.88447,0.00948147,0.00948147,0.00948147
149,8610.66,3.54513,0.9537,0.89182,0.72599,0.53597,0.61707,0.27007,3.1479,1.87139,0.88675,0.00947452,0.00947452,0.00947452
150,8671.18,3.11269,0.9495,0.96582,0.74297,0.54297,0.62397,0.26717,3.36074,1.32717,0.89422,0.00946752,0.00946752,0.00946752
151,8716.9,3.3506,0.95621,0.92286,0.74264,0.55807,0.63432,0.28294,3.18055,1.04252,0.88252,0.00946048,0.00946048,0.00946048
152,8755.5,3.11628,0.91927,0.94387,0.71883,0.54077,0.61666,0.26948,3.1681,0.89338,0.88354,0.0094534,0.0094534,0.0094534
153,8819.78,3.1735,0.89576,0.91543,0.71362,0.50041,0.5922,0.26945,3.16991,0.95166,0.88445,0.00944628,0.00944628,0.00944628
154,8824.82,3.13806,0.90311,0.92234,0.75438,0.55588,0.63522,0.28573,3.10331,0.95661,0.88287,0.00943911,0.00943911,0.00943911
155,8872.23,3.32387,0.90268,0.8849,0.74454,0.55244,0.63417,0.28617,3.08212,0.99725,0.88143,0.00943189,0.00943189,0.00943189
156,8917.18,3.30711,0.95168,0.89922,0.714,0.51332,0.57948,0.24138,3.58174,1.05151,0.91008,0.00942464,0.00942464,0.00942464
157,9005.94,3.40601,0.91912,0.91711,0.71354,0.49519,0.56367,0.23133,3.65511,1.01328,0.91712,0.00941734,0.00941734,0.00941734
158,9064.81,3.78406,1.03495,0.8642,0.73252,0.55313,0.62865,0.28649,3.04317,0.84235,0.88261,0.00941,0.00941,0.00941
159,9125.92,3.13256,0.93533,1.00966,0.71249,0.54215,0.61229,0.26964,3.13323,0.8894,0.88407,0.00940262,0.00940262,0.00940262
160,9203.56,3.40926,0.93521,0.90236,0.72681,0.54352,0.61582,0.27749,3.14618,0.95505,0.88302,0.00939519,0.00939519,0.00939519
161,9252.71,3.66255,0.97002,0.89141,0.73086,0.54132,0.61252,0.27174,3.24255,0.91412,0.8861,0.00938772,0.00938772,0.00938772
162,9257.5,3.0155,0.90438,0.95015,0.72602,0.55437,0.63178,0.28635,3.04625,0.85597,0.87373,0.0093802,0.0093802,0.0093802
163,9261.84,3.52534,0.95035,0.8764,0.70165,0.54564,0.62012,0.27285,3.05622,0.85741,0.8738,0.00937265,0.00937265,0.00937265
164,9365.03,3.2531,0.92589,0.87485,0.74057,0.55189,0.63346,0.29013,3.04659,0.87716,0.87703,0.00936505,0.00936505,0.00936505
165,9430.58,3.40705,0.9514,0.90192,0.73561,0.57111,0.64011,0.29709,3.03872,0.89876,0.87676,0.00935741,0.00935741,0.00935741
166,9560.1,3.08053,0.91235,0.93885,0.75933,0.56851,0.64801,0.29839,nan,nan,nan,0.00934973,0.00934973,0.00934973
167,9637.13,2.6628,0.8561,0.9652,0.75515,0.56809,0.64551,0.30018,nan,nan,nan,0.009342,0.009342,0.009342
168,9737.04,3.20694,0.88911,0.89227,0.73077,0.54929,0.62288,0.28469,nan,nan,nan,0.00933423,0.00933423,0.00933423
169,9844.28,3.10214,0.88926,0.93244,0.74747,0.55835,0.63641,0.30224,2.95283,0.95698,0.87515,0.00932642,0.00932642,0.00932642
170,9903.55,3.04348,0.88677,0.91457,0.73904,0.57304,0.64493,0.29423,nan,nan,nan,0.00931857,0.00931857,0.00931857
171,10023.9,2.98157,0.87163,0.90933,0.73139,0.5751,0.64627,0.29301,nan,nan,nan,0.00931067,0.00931067,0.00931067
172,10153.4,3.13842,0.91957,0.90852,0.72513,0.57647,0.6445,0.30554,nan,nan,nan,0.00930274,0.00930274,0.00930274
173,10233,3.1945,0.93138,0.91912,0.70485,0.57111,0.62984,0.29045,nan,nan,nan,0.00929476,0.00929476,0.00929476
174,10326.8,3.32404,0.97447,0.9292,0.7122,0.53624,0.61044,0.27001,nan,nan,nan,0.00928674,0.00928674,0.00928674
175,10331.3,3.09905,0.89479,0.91379,0.696,0.51016,0.58697,0.25486,nan,nan,nan,0.00927867,0.00927867,0.00927867
176,10392.3,3.07781,0.8755,0.93025,0.58319,0.38784,0.41853,0.16154,nan,nan,nan,0.00927057,0.00927057,0.00927057
177,10461.1,3.09464,0.90415,0.92457,0.64434,0.43822,0.49961,0.20747,nan,nan,nan,0.00926242,0.00926242,0.00926242
178,10552.8,3.11074,0.8956,0.92013,0.69947,0.51922,0.58634,0.25081,nan,nan,nan,0.00925423,0.00925423,0.00925423
179,10596.8,3.07916,0.89688,0.92557,0.69147,0.51895,0.58728,0.25078,nan,nan,nan,0.00924601,0.00924601,0.00924601
180,10706.6,2.89083,0.84924,0.91579,0.71428,0.5129,0.59166,0.26412,3.07745,1.00806,0.88004,0.00923774,0.00923774,0.00923774
181,10710.7,3.40375,0.96756,0.8895,0.71032,0.51338,0.58991,0.26002,3.07053,1.03328,0.8787,0.00922942,0.00922942,0.00922942
182,10759.8,3.1215,0.94974,0.93782,0.74421,0.53885,0.61837,0.29083,2.99346,0.97389,0.87123,0.00922107,0.00922107,0.00922107
183,10763.4,3.08154,0.84885,0.86754,0.71186,0.53775,0.60892,0.29154,2.99219,0.97004,0.87284,0.00921268,0.00921268,0.00921268
184,10829,3.08916,0.90736,0.88586,0.66221,0.52004,0.59413,0.27483,3.04939,0.94808,0.87832,0.00920424,0.00920424,0.00920424
185,10964,3.43068,1.05702,0.9411,0.62087,0.55531,0.60236,0.28051,2.99944,0.91625,0.87464,0.00919576,0.00919576,0.00919576
186,11023.2,2.95633,0.92242,0.95214,0.73476,0.57825,0.65254,0.31145,2.94181,0.81631,0.86789,0.00918725,0.00918725,0.00918725
187,11069.3,2.9416,0.90221,0.99228,0.72942,0.5648,0.64735,0.30385,2.91744,0.81819,0.86644,0.00917869,0.00917869,0.00917869
188,11111.6,2.95197,0.8717,0.88916,0.73309,0.56862,0.64413,0.30223,2.97955,0.85792,0.86838,0.00917009,0.00917009,0.00917009
189,11190.1,3.37705,0.96901,0.91068,0.73825,0.55766,0.63755,0.29872,3.01919,0.8725,0.87023,0.00916145,0.00916145,0.00916145
190,11194.6,3.33982,0.91307,0.88615,0.74063,0.57125,0.6501,0.30629,2.97277,0.86189,0.86734,0.00915277,0.00915277,0.00915277
191,11198.7,3.28755,0.88665,0.86676,0.74689,0.56947,0.65075,0.3068,2.95614,0.84617,0.86481,0.00914405,0.00914405,0.00914405
192,11282.7,3.39652,0.94333,0.871,0.75161,0.55945,0.63145,0.28323,3.18586,0.8848,0.87616,0.00913529,0.00913529,0.00913529
193,11331.6,2.78343,0.86485,0.96858,0.75206,0.56843,0.63767,0.28835,3.15078,0.88289,0.87482,0.00912649,0.00912649,0.00912649
194,11410.2,3.23256,0.88224,0.8899,0.69562,0.52142,0.58992,0.24481,3.20356,0.88293,0.87694,0.00911764,0.00911764,0.00911764
195,11470.8,3.35282,0.92755,0.8962,0.63398,0.4851,0.54154,0.21412,3.34504,0.91403,0.87921,0.00910876,0.00910876,0.00910876
196,11516.2,3.09682,0.89861,0.91106,0.69954,0.53221,0.60597,0.2685,3.12973,0.88283,0.8702,0.00909984,0.00909984,0.00909984
197,11562.1,3.48942,0.95788,0.9177,0.71688,0.55574,0.62971,0.28901,3.05735,0.86583,0.86739,0.00909088,0.00909088,0.00909088
198,11608.3,2.80298,0.81076,0.90706,0.73213,0.56713,0.64328,0.29479,2.99838,0.84529,0.86732,0.00908188,0.00908188,0.00908188
199,11649.7,3.37069,0.97361,0.90815,0.7331,0.56301,0.63764,0.28352,3.00622,0.8549,0.87131,0.00907284,0.00907284,0.00907284
200,11742.6,3.0251,0.85203,0.90365,0.75317,0.56027,0.63801,0.2913,3.04509,0.88978,0.87202,0.00906375,0.00906375,0.00906375
201,11746.9,3.20025,0.90911,0.91181,0.75681,0.5695,0.64772,0.3056,3.0299,0.9295,0.87019,0.00905463,0.00905463,0.00905463
202,11787.5,3.10546,0.88593,0.92926,0.72303,0.54654,0.62339,0.27738,3.09258,1.07384,0.87204,0.00904547,0.00904547,0.00904547
203,11873.5,3.36841,0.96488,0.88404,0.72058,0.54366,0.61637,0.26282,3.20993,0.98668,0.87662,0.00903627,0.00903627,0.00903627
204,11913.8,3.01459,0.90001,0.91133,0.73902,0.57147,0.63972,0.29882,3.02057,0.90197,0.86971,0.00902703,0.00902703,0.00902703
205,11996.5,3.98061,1.1042,0.86051,0.7292,0.56247,0.63304,0.29593,3.03284,0.95137,0.87132,0.00901776,0.00901776,0.00901776
206,12001.4,3.24011,0.90373,0.89068,0.70341,0.50151,0.57482,0.23733,3.26501,1.17503,0.88188,0.00900844,0.00900844,0.00900844
207,12051.4,3.55719,0.96778,0.88158,0.71016,0.50794,0.58737,0.25037,3.25305,1.2446,0.88554,0.00899908,0.00899908,0.00899908
208,12097.4,3.32627,0.94438,0.86022,0.72397,0.5081,0.58578,0.25094,3.30323,1.16495,0.88285,0.00898969,0.00898969,0.00898969
209,12101.6,3.14928,0.97437,0.94784,0.72635,0.51373,0.59279,0.26109,3.23389,1.11262,0.87928,0.00898025,0.00898025,0.00898025
210,12191.4,2.91234,0.88875,0.93953,0.71422,0.52512,0.59536,0.26465,3.01061,1.04282,0.87075,0.00897078,0.00897078,0.00897078
211,12239.4,3.1393,0.95168,0.89745,0.6989,0.52485,0.58973,0.25541,3.03841,1.11274,0.87064,0.00896127,0.00896127,0.00896127
212,12302.2,3.1857,0.91915,0.91705,0.74062,0.56957,0.64521,0.30061,2.98635,1.32644,0.86825,0.00895172,0.00895172,0.00895172
213,12394.3,3.32629,0.94673,0.896,0.75837,0.56727,0.65167,0.30688,3.0308,1.20025,0.871,0.00894213,0.00894213,0.00894213
214,12552.1,3.15695,0.93337,0.89813,0.74668,0.5827,0.65952,0.30458,2.97122,0.96723,0.86593,0.0089325,0.0089325,0.0089325
215,12691.7,3.43559,0.95049,0.85378,0.76125,0.59239,0.66661,0.3079,2.98454,0.95364,0.86641,0.00892283,0.00892283,0.00892283
216,12793.6,2.88336,0.87474,0.90446,0.76267,0.57908,0.6502,0.31046,3.00615,0.88087,0.87039,0.00891313,0.00891313,0.00891313
217,12838.8,3.21876,0.9323,0.89052,0.7452,0.57208,0.64699,0.31386,2.95846,0.82535,0.86851,0.00890339,0.00890339,0.00890339
218,12942.7,2.86789,0.89534,0.97343,0.7292,0.57029,0.64277,0.30619,2.99576,0.83173,0.86626,0.00889361,0.00889361,0.00889361
219,13023.6,3.37671,0.9493,0.87201,0.73847,0.55684,0.63583,0.29931,3.1362,0.86378,0.87161,0.00888379,0.00888379,0.00888379
220,13074.7,2.79208,0.84646,0.94417,0.73131,0.55639,0.62884,0.28563,3.23854,0.91222,0.8793,0.00887393,0.00887393,0.00887393
221,13120.5,3.19977,0.91949,0.89302,0.75191,0.56878,0.65017,0.29707,3.11428,0.90544,0.87645,0.00886404,0.00886404,0.00886404
222,13225.4,2.9912,1.00274,0.99947,0.74771,0.57776,0.65981,0.31138,2.94787,0.87339,0.86661,0.00885411,0.00885411,0.00885411
223,13275.6,3.63657,1.00097,0.86235,0.73761,0.56694,0.64917,0.30817,3.01982,0.88966,0.86885,0.00884414,0.00884414,0.00884414
224,13343.3,3.06119,0.93512,0.91217,0.72279,0.57153,0.64527,0.31168,2.96158,0.88455,0.8668,0.00883413,0.00883413,0.00883413
225,13428.2,3.25586,0.93386,0.88784,0.73473,0.59185,0.66234,0.31924,2.89509,0.82422,0.86178,0.00882409,0.00882409,0.00882409
226,13577.3,3.05428,0.88584,0.90108,0.76137,0.59281,0.67353,0.31683,2.92147,0.88494,0.8616,0.00881401,0.00881401,0.00881401
227,13653.9,2.84218,0.86487,0.93951,0.75874,0.60316,0.67517,0.31385,2.96369,0.9144,0.86285,0.00880389,0.00880389,0.00880389
228,13658.5,3.26803,0.92976,0.88974,0.7558,0.60846,0.67926,0.33257,2.84409,0.80974,0.86082,0.00879374,0.00879374,0.00879374
229,13694.4,3.09222,0.89171,0.89715,0.76239,0.60448,0.68046,0.33447,2.83034,0.81326,0.86045,0.00878354,0.00878354,0.00878354
230,13699,3.28186,0.89377,0.86034,0.7613,0.59243,0.67454,0.32963,2.86581,0.83226,0.86042,0.00877332,0.00877332,0.00877332
231,13861,3.168,0.91064,0.92146,0.75672,0.58992,0.67143,0.32441,2.89592,0.83944,0.86061,0.00876305,0.00876305,0.00876305
232,13953.1,2.8144,0.85564,0.94733,0.73419,0.56755,0.65077,0.30871,3.04133,0.84875,0.86938,0.00875275,0.00875275,0.00875275
233,14060.8,3.03046,0.87809,0.90396,0.73759,0.57458,0.65683,0.31225,2.98105,0.82714,0.86741,0.00874241,0.00874241,0.00874241
234,14111,2.87804,0.91774,0.99751,0.7701,0.57702,0.66375,0.32227,2.92841,0.798,0.86585,0.00873203,0.00873203,0.00873203
235,14199.2,2.78144,0.82415,0.93764,0.76046,0.56727,0.65323,0.31232,3.02067,0.81696,0.86844,0.00872162,0.00872162,0.00872162
236,14253.1,3.08066,0.88466,0.89615,0.71934,0.55948,0.63204,0.29525,3.1469,0.87602,0.87222,0.00871117,0.00871117,0.00871117
237,14379.8,2.8494,0.83091,0.89426,0.73359,0.56219,0.63291,0.30443,3.03838,0.87942,0.8692,0.00870069,0.00870069,0.00870069
238,14384.3,3.52552,1.00151,0.86574,0.75082,0.55478,0.64048,0.29939,3.01481,0.91993,0.87207,0.00869017,0.00869017,0.00869017
239,14525,3.00844,0.86867,0.91733,0.75856,0.55299,0.63715,0.29693,3.02947,0.98286,0.87336,0.00867961,0.00867961,0.00867961
240,14529.3,3.11216,0.88318,0.90043,0.75224,0.55231,0.62971,0.29426,3.08079,0.94662,0.87145,0.00866902,0.00866902,0.00866902
241,14580.4,2.87596,0.85542,0.91787,0.75019,0.56082,0.64138,0.30389,3.02232,0.87961,0.86787,0.00865839,0.00865839,0.00865839
242,14655.1,3.05153,0.86803,0.89615,0.74998,0.56378,0.64306,0.30012,3.11155,0.86699,0.87141,0.00864773,0.00864773,0.00864773
243,14703.7,3.13343,0.91385,0.91388,0.75857,0.55343,0.64379,0.30574,3.02637,0.83379,0.86642,0.00863703,0.00863703,0.00863703
244,14818,3.052,0.89187,0.95143,0.74584,0.56283,0.64796,0.31185,2.99147,0.8657,0.8663,0.0086263,0.0086263,0.0086263
245,14944.2,3.32028,0.93985,0.90488,0.7679,0.56548,0.65464,0.31101,3.0377,0.92842,0.87128,0.00861553,0.00861553,0.00861553
246,15018.3,2.93926,0.85072,0.92922,0.73794,0.571,0.64675,0.30314,2.94893,0.98024,0.86612,0.00860473,0.00860473,0.00860473
247,15110.4,2.87135,0.85235,0.94932,0.74029,0.58828,0.65266,0.30702,2.98661,0.96168,0.86665,0.00859389,0.00859389,0.00859389
248,15251.7,3.09207,0.89342,0.90684,0.73467,0.57606,0.64421,0.30391,3.07052,0.8515,0.87378,0.00858301,0.00858301,0.00858301
249,15291.4,3.016,0.86116,0.90229,0.74337,0.58377,0.65699,0.3142,2.90289,0.81027,0.86548,0.0085721,0.0085721,0.0085721
250,15379.8,3.48551,0.98024,0.87003,0.72131,0.54723,0.61985,0.27454,3.13475,0.92091,0.87431,0.00856116,0.00856116,0.00856116
251,15498.2,2.88836,0.90727,0.95878,0.7368,0.52952,0.60855,0.27042,3.18816,1.12779,0.87641,0.00855018,0.00855018,0.00855018
252,15611.7,3.45094,0.89755,0.89528,0.71324,0.51528,0.57863,0.25602,3.18372,1.41682,0.87521,0.00853917,0.00853917,0.00853917
253,15616.1,3.0916,0.88927,0.90344,0.68133,0.48403,0.5399,0.21593,3.39142,1.08669,0.88103,0.00852812,0.00852812,0.00852812
254,15700.5,3.42521,0.92123,0.89351,0.63506,0.4492,0.49518,0.18557,3.72782,1.1296,0.89553,0.00851704,0.00851704,0.00851704
255,15748.8,3.40756,0.95606,0.90447,0.67626,0.48929,0.5441,0.22459,3.4613,1.22257,0.88694,0.00850592,0.00850592,0.00850592
256,15836.2,3.26691,0.921,0.90952,0.73652,0.58448,0.64947,0.2968,2.98963,0.9096,0.86615,0.00849477,0.00849477,0.00849477
257,15840.5,3.26894,0.92322,0.89153,0.74119,0.58457,0.65277,0.29403,2.9938,0.91044,0.86624,0.00848358,0.00848358,0.00848358
258,15907.1,3.34369,0.98191,0.87995,0.72538,0.58782,0.64707,0.29378,2.96923,0.87761,0.86646,0.00847237,0.00847237,0.00847237
259,15946.7,3.4238,0.91138,0.85112,0.72515,0.59076,0.64782,0.30056,2.98247,0.84802,0.86724,0.00846111,0.00846111,0.00846111
260,16054.3,2.94871,0.88253,0.93829,0.73065,0.60104,0.65945,0.31688,2.89754,0.80297,0.8636,0.00844983,0.00844983,0.00844983
261,16141.8,3.17426,0.91727,0.90424,0.7356,0.60158,0.66437,0.31888,2.86742,0.80052,0.86178,0.00843851,0.00843851,0.00843851
262,16225.2,2.89664,0.83396,0.92598,0.75333,0.59734,0.66784,0.32217,2.83891,0.82128,0.86006,0.00842716,0.00842716,0.00842716
263,16309.7,2.86327,0.81315,0.90533,0.75605,0.59596,0.66606,0.32055,2.87342,0.83489,0.8626,0.00841577,0.00841577,0.00841577
264,16345.5,3.08459,0.85343,0.88047,0.75912,0.58265,0.66142,0.32081,2.83403,0.82701,0.86102,0.00840435,0.00840435,0.00840435
265,16457.9,3.60009,0.9348,0.85004,0.75322,0.58251,0.65949,0.31771,2.88301,0.83102,0.86153,0.0083929,0.0083929,0.0083929
266,16462.4,2.78529,0.85187,0.94456,0.76557,0.5832,0.66837,0.32293,2.87667,0.82795,0.85939,0.00838141,0.00838141,0.00838141
267,16508.1,2.81171,0.8018,0.88794,0.75997,0.58814,0.67014,0.32607,2.84528,0.84474,0.86038,0.00836989,0.00836989,0.00836989
268,16563,3.09925,0.90561,0.92112,0.76559,0.59487,0.67223,0.32793,2.94538,0.97731,0.86651,0.00835834,0.00835834,0.00835834
269,16595.2,3.10195,0.91641,0.90669,0.76867,0.60228,0.67667,0.3287,2.9403,0.95017,0.86373,0.00834676,0.00834676,0.00834676
270,16722.3,3.02655,0.88919,0.93086,0.7543,0.58292,0.6613,0.31103,2.88203,0.87167,0.86069,0.00833514,0.00833514,0.00833514
271,16773.4,3.09395,0.89387,0.9236,0.75787,0.5612,0.64881,0.30815,2.90099,0.8918,0.86377,0.00832349,0.00832349,0.00832349
272,16869.1,3.07848,0.87771,0.89616,0.75114,0.55752,0.64701,0.31817,2.84286,0.81017,0.86379,0.00831181,0.00831181,0.00831181
273,16948.1,3.00824,0.85786,0.89249,0.75519,0.56837,0.65413,0.32238,2.81793,0.78633,0.86128,0.0083001,0.0083001,0.0083001
274,16952.6,2.96373,0.88425,0.93597,0.76097,0.58086,0.66371,0.3266,2.83799,0.82881,0.86106,0.00828835,0.00828835,0.00828835
275,16957.1,2.8938,0.84864,0.90373,0.7708,0.5859,0.67032,0.32802,2.89167,0.84551,0.86152,0.00827658,0.00827658,0.00827658
276,17000.6,2.93642,0.82544,0.90398,0.73144,0.58841,0.66284,0.32577,2.9005,0.80955,0.86282,0.00826477,0.00826477,0.00826477
277,17085.5,3.31695,0.96955,0.90364,0.73403,0.58443,0.66236,0.32708,2.87445,0.80636,0.86068,0.00825293,0.00825293,0.00825293
278,17181.6,3.05175,0.87615,0.88886,0.74715,0.58828,0.67137,0.33063,2.88727,0.80066,0.86027,0.00824105,0.00824105,0.00824105
279,17342.2,2.83442,0.85404,0.88949,0.76494,0.59016,0.67387,0.32587,2.95017,0.82955,0.86119,0.00822915,0.00822915,0.00822915
280,17348.1,3.27221,0.91857,0.88049,0.77888,0.5983,0.6812,0.32743,2.95472,0.82226,0.86246,0.00821722,0.00821722,0.00821722
281,17454.7,2.81276,0.84925,0.92753,0.77519,0.59308,0.67625,0.3214,3.02542,0.80602,0.86652,0.00820525,0.00820525,0.00820525
282,17459.2,2.92322,0.81255,0.88967,0.75872,0.59363,0.67531,0.32027,3.03994,0.8386,0.86707,0.00819325,0.00819325,0.00819325
283,17555.1,3.12197,0.90752,0.917,0.74181,0.59583,0.67369,0.31708,3.01307,0.82717,0.86462,0.00818122,0.00818122,0.00818122
284,17559.6,2.8722,0.83055,0.92207,0.76316,0.59987,0.68668,0.32263,2.91075,0.78532,0.86134,0.00816916,0.00816916,0.00816916
285,17603.7,3.25263,0.88548,0.85708,0.77042,0.59707,0.68263,0.32491,2.85054,0.80281,0.85868,0.00815707,0.00815707,0.00815707
286,17695.5,3.04327,0.85588,0.90704,0.65394,0.48737,0.54587,0.22824,3.2063,1.18649,0.89365,0.00814495,0.00814495,0.00814495
287,17799.5,2.94763,0.84886,0.88562,0.65102,0.44399,0.51673,0.22178,3.28499,1.26409,0.90742,0.0081328,0.0081328,0.0081328
288,17833.4,3.16877,0.85158,0.87841,0.75401,0.59445,0.6706,0.32458,2.85823,0.90619,0.85778,0.00812062,0.00812062,0.00812062
289,17866.3,3.08826,0.86716,0.89723,0.74554,0.60406,0.67664,0.33096,2.81583,0.83853,0.85723,0.00810841,0.00810841,0.00810841
290,17927.6,3.11343,0.89079,0.91615,0.72957,0.58731,0.66001,0.30605,2.90878,0.85904,0.86036,0.00809616,0.00809616,0.00809616
291,17997.4,3.28651,0.89774,0.86145,0.74807,0.59313,0.67117,0.31963,2.89966,0.88564,0.86017,0.00808389,0.00808389,0.00808389
292,18063,3.25975,0.89351,0.8598,0.7677,0.57935,0.66591,0.32475,2.79717,1.01851,0.8583,0.00807159,0.00807159,0.00807159
293,18106.9,3.59261,0.93421,0.82758,0.74599,0.57697,0.65492,0.31102,2.83725,1.03102,0.86026,0.00805925,0.00805925,0.00805925
294,18143.6,3.22768,0.92138,0.92949,0.75674,0.58375,0.66227,0.31353,2.9335,0.98156,0.86287,0.00804689,0.00804689,0.00804689
295,18238.1,3.11832,0.89404,0.88343,0.76783,0.58828,0.66801,0.31695,2.9765,0.92232,0.8644,0.0080345,0.0080345,0.0080345
296,18330.9,2.91045,0.87533,0.9375,0.77103,0.57565,0.66101,0.32104,2.76338,0.9319,0.85679,0.00802208,0.00802208,0.00802208
297,18417.6,2.88689,0.85533,0.92289,0.7635,0.55038,0.6386,0.3094,2.77466,1.28363,0.85673,0.00800963,0.00800963,0.00800963
298,18475.5,2.97145,0.84213,0.87757,0.752,0.53487,0.6249,0.30254,2.8502,1.93032,0.85869,0.00799715,0.00799715,0.00799715
299,18580.6,2.97385,0.88144,0.89535,0.75315,0.54448,0.63376,0.30075,2.86711,1.4244,0.85722,0.00798464,0.00798464,0.00798464
300,18584.6,3.16624,0.82832,0.85418,0.73926,0.567,0.64522,0.29818,2.82609,0.84675,0.85749,0.0079721,0.0079721,0.0079721
301,18626.8,2.94395,0.82565,0.89541,0.75131,0.581,0.65907,0.31229,2.80213,0.80645,0.85895,0.00795954,0.00795954,0.00795954
302,18674.3,2.76122,0.81313,0.90959,0.75686,0.5729,0.65479,0.30925,2.87392,0.8892,0.85958,0.00794694,0.00794694,0.00794694
303,18768,3.30794,0.86136,0.86057,0.7374,0.54338,0.62636,0.28544,2.97058,0.9833,0.86438,0.00793432,0.00793432,0.00793432
304,18864.3,2.9771,0.8447,0.90031,0.75812,0.55409,0.64331,0.30644,2.81478,1.00195,0.8612,0.00792167,0.00792167,0.00792167
305,18868.7,2.97724,0.89386,0.93602,0.75936,0.53597,0.63292,0.30166,2.87182,1.00423,0.86673,0.00790898,0.00790898,0.00790898
306,18900.8,2.97461,0.86097,0.94402,0.7074,0.50549,0.59933,0.28169,2.89612,1.01313,0.86925,0.00789628,0.00789628,0.00789628
307,18964.4,2.81118,0.82926,0.91937,0.72889,0.54956,0.63829,0.29514,2.89939,0.8744,0.86372,0.00788354,0.00788354,0.00788354
308,19042.9,3.49176,0.92289,0.86157,0.74763,0.56864,0.65917,0.31445,2.93363,0.81017,0.86207,0.00787077,0.00787077,0.00787077
309,19139.1,3.58521,0.90514,0.82934,0.75404,0.56947,0.66242,0.31789,2.95174,0.81974,0.86355,0.00785798,0.00785798,0.00785798
310,19180.2,2.99922,0.84734,0.90421,0.74889,0.57029,0.66084,0.31289,3.00631,0.83474,0.86636,0.00784516,0.00784516,0.00784516
311,19258.1,3.08232,0.83901,0.88204,0.74845,0.57595,0.66406,0.32287,2.9397,0.82501,0.86342,0.00783231,0.00783231,0.00783231
312,19343.9,3.09408,0.89128,0.91787,0.75042,0.58649,0.66653,0.32169,3.02821,0.82789,0.86378,0.00781944,0.00781944,0.00781944
313,19348.3,3.25985,0.87014,0.87917,0.7667,0.57565,0.66447,0.32343,3.00107,0.82762,0.86415,0.00780653,0.00780653,0.00780653
314,19352.4,3.4797,0.91468,0.85142,0.74508,0.58553,0.6619,0.32277,2.84192,0.83266,0.85911,0.0077936,0.0077936,0.0077936
315,19394.9,3.08556,0.85471,0.87021,0.73546,0.59308,0.66552,0.3254,2.79666,0.82981,0.85898,0.00778065,0.00778065,0.00778065
316,19433,2.94992,0.83017,0.90778,0.7397,0.6075,0.68069,0.33292,2.87719,0.8076,0.85703,0.00776766,0.00776766,0.00776766
317,19514.1,3.3436,0.901,0.86302,0.73668,0.6156,0.68605,0.33418,2.87722,0.78938,0.85567,0.00775465,0.00775465,0.00775465
318,19563.4,3.12666,0.86342,0.87074,0.76896,0.6064,0.69028,0.33955,2.89014,0.78282,0.85805,0.00774161,0.00774161,0.00774161
319,19656.8,3.22736,0.85596,0.86717,0.76987,0.59665,0.68692,0.33611,2.91817,0.79697,0.86,0.00772855,0.00772855,0.00772855
320,19715.7,3.32704,0.87195,0.86041,0.73096,0.59308,0.67389,0.33138,2.8656,0.81619,0.86433,0.00771546,0.00771546,0.00771546
321,19803,3.0239,0.8452,0.90315,0.72318,0.60146,0.67775,0.33466,2.81284,0.81186,0.86123,0.00770234,0.00770234,0.00770234
322,19841.9,3.35853,0.8699,0.88125,0.72121,0.60146,0.67325,0.32827,2.9102,0.835,0.86343,0.0076892,0.0076892,0.0076892
323,19948.2,3.18887,0.88081,0.9017,0.71731,0.58965,0.66504,0.32534,2.96989,0.85731,0.86617,0.00767603,0.00767603,0.00767603
324,19994.4,3.09956,0.84806,0.90557,0.72873,0.59525,0.67112,0.33433,2.87715,0.85936,0.86254,0.00766284,0.00766284,0.00766284
325,20042.2,2.79374,0.81966,0.92028,0.74333,0.60242,0.67911,0.33722,2.84037,0.82574,0.86177,0.00764961,0.00764961,0.00764961
326,20047.1,3.03653,0.82852,0.88062,0.76362,0.61471,0.68874,0.33198,2.85449,0.78585,0.86169,0.00763637,0.00763637,0.00763637
327,20134.9,3.09694,0.85443,0.8579,0.7778,0.61505,0.69387,0.33265,2.82822,0.78535,0.86002,0.0076231,0.0076231,0.0076231
328,20201.6,3.01724,0.90059,0.93749,0.76845,0.62009,0.69394,0.32977,2.80584,0.80297,0.85954,0.0076098,0.0076098,0.0076098
329,20235.7,3.16266,0.84636,0.86761,0.76721,0.61326,0.68669,0.32623,2.86522,0.82713,0.86213,0.00759648,0.00759648,0.00759648
330,20240.7,2.93045,0.81817,0.90562,0.74264,0.6184,0.68284,0.3308,2.90002,0.81444,0.86005,0.00758313,0.00758313,0.00758313
331,20299.8,2.68047,0.83392,0.92574,0.73239,0.61845,0.68274,0.33351,2.87368,0.79983,0.85952,0.00756976,0.00756976,0.00756976
332,20334.3,2.81153,0.80732,0.92689,0.75253,0.61299,0.68034,0.32339,2.87601,0.81395,0.86027,0.00755636,0.00755636,0.00755636
333,20371.4,3.49433,0.9524,0.87801,0.75748,0.6136,0.68215,0.32646,2.87363,0.80794,0.86191,0.00754293,0.00754293,0.00754293
334,20420.5,2.83613,0.85552,0.91019,0.75488,0.60629,0.67715,0.3217,2.84295,0.80115,0.85658,0.00752949,0.00752949,0.00752949
335,20425.2,2.76757,0.80426,0.90182,0.72633,0.58251,0.64836,0.30282,2.90747,0.85668,0.8587,0.00751602,0.00751602,0.00751602
336,20530,3.03113,0.8728,0.88406,0.74182,0.59638,0.67001,0.32073,2.84958,0.80726,0.85698,0.00750252,0.00750252,0.00750252
337,20624.4,2.9436,0.87907,0.91745,0.76383,0.60698,0.684,0.32407,2.83016,0.79024,0.85527,0.007489,0.007489,0.007489
338,20755.4,3.18059,0.94727,0.90515,0.77139,0.60035,0.68312,0.33081,2.83845,0.78364,0.85709,0.00747546,0.00747546,0.00747546
339,20821.8,3.28377,0.88162,0.86925,0.74745,0.5994,0.67703,0.3222,2.83026,0.78442,0.85831,0.00746189,0.00746189,0.00746189
340,20921.6,3.79111,0.99454,0.84225,0.73432,0.58114,0.6551,0.30238,2.90501,0.79781,0.85964,0.0074483,0.0074483,0.0074483
341,21008.5,3.45343,0.89513,0.84097,0.75222,0.59171,0.67128,0.32126,2.86871,0.79732,0.85884,0.00743468,0.00743468,0.00743468
342,21013.3,3.00219,0.86018,0.89719,0.74509,0.60406,0.67992,0.31956,2.91171,0.80745,0.85917,0.00742104,0.00742104,0.00742104
343,21063.6,2.97094,0.8757,0.95714,0.75028,0.59686,0.6753,0.31849,2.86543,0.80757,0.85825,0.00740738,0.00740738,0.00740738
344,21113.3,3.34137,0.86249,0.84771,0.75752,0.59832,0.67335,0.32645,2.78346,0.7769,0.85565,0.00739369,0.00739369,0.00739369
345,21118.1,3.42003,0.91307,0.84689,0.76729,0.59088,0.67122,0.32115,2.8008,0.76793,0.85392,0.00737998,0.00737998,0.00737998
346,21201.3,2.88114,0.80901,0.88095,0.76989,0.58924,0.67177,0.32567,2.82752,0.79114,0.85467,0.00736625,0.00736625,0.00736625
347,21354.1,2.93759,0.88723,0.95662,0.7673,0.5894,0.66768,0.32484,2.88504,0.80128,0.85695,0.0073525,0.0073525,0.0073525
348,21481.1,3.21668,0.96153,0.93199,0.76589,0.5939,0.67009,0.32628,2.87107,0.80835,0.8567,0.00733872,0.00733872,0.00733872
349,21485.6,3.45935,0.89277,0.84387,0.75501,0.58768,0.66358,0.31046,2.85726,0.8104,0.85662,0.00732492,0.00732492,0.00732492
350,21489.9,3.11483,0.85189,0.86372,0.71567,0.54355,0.61327,0.26335,3.08246,0.8516,0.86594,0.0073111,0.0073111,0.0073111
351,21536.9,3.06899,0.86515,0.86945,0.73597,0.55259,0.63555,0.28996,2.96634,0.84003,0.8634,0.00729725,0.00729725,0.00729725
352,21604.2,3.08181,0.90073,0.88296,0.72394,0.55546,0.6397,0.29094,2.9532,0.81207,0.86377,0.00728339,0.00728339,0.00728339
353,21608.9,3.01716,0.84696,0.90024,0.71382,0.54892,0.62926,0.27978,2.99398,0.8104,0.86655,0.0072695,0.0072695,0.0072695
354,21612.6,3.13215,0.88776,0.87437,0.72501,0.56538,0.64451,0.28526,2.95505,0.7987,0.86191,0.00725559,0.00725559,0.00725559
355,21616.7,2.88157,0.81612,0.89611,0.74001,0.57989,0.66147,0.31096,2.82054,0.78717,0.85571,0.00724165,0.00724165,0.00724165
356,21675.4,2.95402,0.82335,0.90387,0.78236,0.59171,0.68191,0.33711,2.81348,0.80804,0.8534,0.0072277,0.0072277,0.0072277
357,21679.9,2.97107,0.81528,0.8907,0.79901,0.58232,0.67907,0.33627,2.84568,0.79821,0.85495,0.00721372,0.00721372,0.00721372
358,21684.4,2.8313,0.80753,0.87907,0.79721,0.58951,0.67692,0.34262,2.7856,0.76789,0.85601,0.00719973,0.00719973,0.00719973
359,21782.3,2.94291,0.84675,0.89263,0.78769,0.57606,0.66867,0.34014,2.76968,0.78364,0.85695,0.00718571,0.00718571,0.00718571
360,21786.8,3.06986,0.92279,0.92012,0.77505,0.58471,0.67586,0.3391,2.80602,0.76735,0.85864,0.00717167,0.00717167,0.00717167
361,21855.1,2.71818,0.80623,0.9238,0.78822,0.58896,0.68699,0.34202,2.81727,0.75988,0.8568,0.00715761,0.00715761,0.00715761
362,21859.6,2.63932,0.84282,0.96227,0.76458,0.58765,0.67612,0.33375,2.759,0.76851,0.85506,0.00714353,0.00714353,0.00714353
363,21955.4,3.1038,0.8632,0.89799,0.76668,0.58689,0.67713,0.33846,2.74527,0.78227,0.85369,0.00712942,0.00712942,0.00712942
364,22048.1,3.11984,0.84655,0.88722,0.75098,0.58748,0.67093,0.33495,2.80792,0.78454,0.85725,0.0071153,0.0071153,0.0071153
365,22102.3,2.81668,0.82556,0.90623,0.74843,0.59264,0.67178,0.33228,2.811,0.77872,0.85732,0.00710116,0.00710116,0.00710116
366,22155,3.24029,0.91093,0.89713,0.77404,0.58896,0.67551,0.32557,2.91763,0.79261,0.85956,0.007087,0.007087,0.007087
367,22210.4,3.2176,0.86304,0.88908,0.76227,0.59427,0.67703,0.32768,2.93271,0.79167,0.85951,0.00707281,0.00707281,0.00707281
368,22214.7,3.26183,0.85173,0.86674,0.78369,0.59555,0.68206,0.33759,2.90292,0.76962,0.8581,0.00705861,0.00705861,0.00705861
369,22270.7,2.90596,0.81967,0.90484,0.788,0.59569,0.68723,0.34591,2.80131,0.75128,0.85475,0.00704439,0.00704439,0.00704439
370,22309.2,2.71123,0.81365,0.88937,0.77356,0.6053,0.68614,0.34252,2.8295,0.7515,0.85558,0.00703014,0.00703014,0.00703014
371,22427.9,3.08952,0.82578,0.86829,0.77384,0.60411,0.68321,0.33607,2.89677,0.76657,0.85713,0.00701588,0.00701588,0.00701588
372,22564.1,2.69813,0.84015,0.97009,0.76204,0.59692,0.67835,0.33149,2.83704,0.75999,0.85795,0.0070016,0.0070016,0.0070016
373,22657.8,2.93733,0.83859,0.89375,0.74299,0.60475,0.67937,0.33368,2.82905,0.76084,0.85711,0.0069873,0.0069873,0.0069873
374,22698.4,3.28993,0.83793,0.8452,0.76394,0.59934,0.67658,0.32994,2.86076,0.78933,0.85801,0.00697298,0.00697298,0.00697298
375,22802.1,3.07912,0.86368,0.8958,0.76852,0.60104,0.67918,0.33357,2.84592,0.7899,0.85849,0.00695864,0.00695864,0.00695864
376,22851.8,3.07493,0.83719,0.88572,0.76945,0.5994,0.68287,0.33725,2.82645,0.76554,0.85693,0.00694428,0.00694428,0.00694428
377,22856.1,2.90693,0.82597,0.90554,0.76688,0.60791,0.68417,0.33155,2.92988,0.77864,0.86146,0.00692991,0.00692991,0.00692991
378,22898.4,2.89364,0.79554,0.89281,0.76698,0.60732,0.68714,0.33927,2.82686,0.76538,0.85517,0.00691551,0.00691551,0.00691551
379,22978.4,3.40495,0.8604,0.86246,0.7555,0.60695,0.68881,0.34595,2.71814,0.77692,0.85163,0.0069011,0.0069011,0.0069011
380,22982.7,3.22977,0.87186,0.86359,0.73828,0.58786,0.67075,0.33016,2.7692,0.8341,0.85103,0.00688667,0.00688667,0.00688667
381,23030,2.87875,0.82885,0.90369,0.74351,0.58114,0.66717,0.3244,2.83351,0.84274,0.85277,0.00687222,0.00687222,0.00687222
382,23078.5,2.90138,0.81994,0.90352,0.75928,0.59325,0.67813,0.32949,2.78654,0.7928,0.85299,0.00685775,0.00685775,0.00685775
383,23143.6,2.83049,0.8316,0.93463,0.79033,0.58622,0.67356,0.32932,2.87634,0.82615,0.85595,0.00684326,0.00684326,0.00684326
384,23148.5,2.84643,0.79715,0.90076,0.77941,0.57676,0.66226,0.32347,2.92693,0.84016,0.86144,0.00682876,0.00682876,0.00682876
385,23152.9,2.90639,0.86465,0.96247,0.77595,0.574,0.65874,0.32261,2.8865,0.85993,0.85928,0.00681424,0.00681424,0.00681424
386,23203.9,2.98431,0.85572,0.89166,0.79765,0.55821,0.64911,0.31536,2.95123,0.94146,0.86169,0.0067997,0.0067997,0.0067997
387,23290.7,3.59828,0.90136,0.83712,0.78367,0.5794,0.67207,0.3284,2.90959,0.84833,0.85802,0.00678514,0.00678514,0.00678514
388,23339.2,3.0855,0.86748,0.88365,0.771,0.59541,0.68311,0.33627,2.79253,0.83765,0.85145,0.00677057,0.00677057,0.00677057
389,23385.1,2.98459,0.84364,0.86369,0.75913,0.59838,0.67801,0.33451,2.82449,0.84999,0.85279,0.00675598,0.00675598,0.00675598
390,23438.6,2.84568,0.8336,0.91751,0.73178,0.58594,0.6672,0.3321,2.76016,0.91952,0.85328,0.00674138,0.00674138,0.00674138
391,23528.3,3.27232,0.92826,0.90366,0.74122,0.58512,0.67172,0.33352,2.75547,0.87912,0.8537,0.00672675,0.00672675,0.00672675
392,23586.4,2.83385,0.80122,0.89607,0.7786,0.59651,0.68029,0.32987,3.04875,0.81206,0.86859,0.00671211,0.00671211,0.00671211
393,23660.2,3.27206,0.88912,0.86607,0.78134,0.59514,0.67899,0.32635,3.07212,0.8193,0.86838,0.00669746,0.00669746,0.00669746
394,23724.4,3.00785,0.82035,0.85426,0.79263,0.60399,0.68417,0.33602,2.95968,0.80878,0.86326,0.00668278,0.00668278,0.00668278
395,23793.1,2.91215,0.84509,0.92673,0.79261,0.60544,0.68543,0.33803,2.95321,0.81122,0.86277,0.0066681,0.0066681,0.0066681
396,23797.6,2.8805,0.80784,0.88236,0.77713,0.61226,0.69266,0.34593,2.81275,0.80089,0.8544,0.00665339,0.00665339,0.00665339
397,23801.9,3.09705,0.89624,0.87447,0.7721,0.61079,0.6922,0.34317,2.86377,0.81124,0.85524,0.00663867,0.00663867,0.00663867
398,23845.2,3.00713,0.80867,0.86964,0.77974,0.60626,0.69075,0.32904,3.02167,0.82615,0.86058,0.00662393,0.00662393,0.00662393
399,23900.8,2.84653,0.84537,0.92718,0.76489,0.59747,0.68185,0.32415,3.05188,0.82991,0.86278,0.00660918,0.00660918,0.00660918
400,23963,3.04523,0.84443,0.91848,0.76346,0.60365,0.6879,0.33773,2.90241,0.78745,0.857,0.00659442,0.00659442,0.00659442
401,24064.2,2.75988,0.7797,0.88992,0.76907,0.61495,0.69508,0.34179,2.86466,0.77169,0.85587,0.00657963,0.00657963,0.00657963
402,24068.7,2.81799,0.80583,0.89231,0.79989,0.60626,0.69855,0.34204,2.85,0.76545,0.85648,0.00656484,0.00656484,0.00656484
403,24154.5,3.03357,0.85918,0.90016,0.7869,0.61697,0.69996,0.34378,2.84178,0.76696,0.85737,0.00655002,0.00655002,0.00655002
404,24205.2,2.68865,0.78113,0.91475,0.78812,0.61077,0.69525,0.33827,2.89804,0.78645,0.85876,0.0065352,0.0065352,0.0065352
405,24286.4,3.19016,0.84612,0.85047,0.79411,0.6075,0.69387,0.34073,2.89274,0.79361,0.85733,0.00652036,0.00652036,0.00652036
406,24364.5,3.01411,0.81873,0.86704,0.76944,0.61079,0.68897,0.34509,2.79224,0.78584,0.85053,0.0065055,0.0065055,0.0065055
407,24426.2,2.74929,0.79885,0.93723,0.78463,0.60997,0.69413,0.34638,2.81266,0.76642,0.852,0.00649063,0.00649063,0.00649063
408,24529.8,3.13183,0.81898,0.8817,0.77597,0.60942,0.69297,0.34296,2.74852,0.73958,0.85154,0.00647574,0.00647574,0.00647574
409,24620.8,2.86289,0.86688,0.92784,0.7658,0.60423,0.68685,0.33246,2.75669,0.74683,0.85138,0.00646085,0.00646085,0.00646085
410,24735,2.88195,0.83506,0.90451,0.75317,0.61656,0.69384,0.33677,2.76675,0.75572,0.85393,0.00644593,0.00644593,0.00644593
411,24820.4,3.05637,0.79093,0.85061,0.76229,0.62081,0.69905,0.34134,2.73736,0.74488,0.85277,0.00643101,0.00643101,0.00643101
412,24824.8,3.06358,0.80811,0.83717,0.76072,0.6215,0.69912,0.34038,2.72526,0.74674,0.84992,0.00641607,0.00641607,0.00641607
413,24919.2,2.98299,0.89065,0.94237,0.78025,0.6145,0.70079,0.34427,2.77421,0.78684,0.85117,0.00640111,0.00640111,0.00640111
414,24923.9,2.82587,0.76513,0.84921,0.78681,0.61216,0.69769,0.34206,2.77484,0.7884,0.85146,0.00638615,0.00638615,0.00638615
415,24969.3,3.11401,0.89468,0.94316,0.7659,0.59212,0.67945,0.32173,2.79785,0.7791,0.85349,0.00637116,0.00637116,0.00637116
416,25062.8,2.72698,0.81102,0.91421,0.74768,0.59198,0.6724,0.31986,2.8236,0.78427,0.85477,0.00635617,0.00635617,0.00635617
417,25067,2.75803,0.81385,0.91898,0.76169,0.61354,0.69091,0.3394,2.7495,0.75972,0.85291,0.00634117,0.00634117,0.00634117
418,25212.1,2.91378,0.78747,0.86541,0.79116,0.62045,0.70508,0.35584,2.68823,0.7465,0.84893,0.00632615,0.00632615,0.00632615
419,25265.2,2.6082,0.78853,0.92728,0.78452,0.62287,0.70333,0.3571,2.71684,0.75546,0.8496,0.00631112,0.00631112,0.00631112
420,25313.6,2.56603,0.8269,0.91725,0.76163,0.62054,0.69604,0.34546,2.84084,0.77631,0.85597,0.00629607,0.00629607,0.00629607
421,25441.6,2.84232,0.78959,0.88025,0.7649,0.61422,0.69294,0.34222,2.82907,0.76753,0.85646,0.00628101,0.00628101,0.00628101
422,25446.1,2.99143,0.82962,0.87308,0.75192,0.54468,0.62216,0.2749,3.35836,0.87987,0.88727,0.00626595,0.00626595,0.00626595
423,25450.2,2.91525,0.86268,0.93084,0.72435,0.50868,0.57661,0.2421,3.57867,0.93451,0.90263,0.00625087,0.00625087,0.00625087
424,25530.1,3.28367,0.84372,0.87122,0.76353,0.54187,0.62397,0.27646,3.33084,0.91057,0.8872,0.00623577,0.00623577,0.00623577
425,25657.9,3.20829,0.84724,0.88379,0.78784,0.56452,0.66248,0.31761,3.0197,0.84752,0.86968,0.00622067,0.00622067,0.00622067
426,25756.4,2.72201,0.84928,0.94973,0.75272,0.53701,0.6375,0.3056,2.90388,0.8449,0.86327,0.00620555,0.00620555,0.00620555
427,25760.6,3.25747,0.87719,0.86537,0.7234,0.53913,0.62607,0.29572,2.96308,0.85291,0.86436,0.00619043,0.00619043,0.00619043
428,25765.3,2.94128,0.82982,0.89468,0.74962,0.56146,0.65382,0.31767,2.95399,0.84148,0.8613,0.00617529,0.00617529,0.00617529
429,25866.7,3.33384,0.91016,0.89099,0.77974,0.56988,0.6659,0.32821,2.87619,0.83564,0.85686,0.00616014,0.00616014,0.00616014
430,25916.1,3.54064,0.89021,0.83402,0.78765,0.5795,0.67307,0.33063,2.80605,0.87052,0.85554,0.00614498,0.00614498,0.00614498
431,26027.7,3.03822,0.84842,0.91362,0.78595,0.58426,0.67682,0.33386,2.78132,0.83428,0.85491,0.00612981,0.00612981,0.00612981
432,26170.9,2.88172,0.82641,0.9182,0.76665,0.59363,0.67731,0.32105,2.83572,0.80295,0.85372,0.00611463,0.00611463,0.00611463
433,26266.6,2.9052,0.8367,0.92778,0.75323,0.58855,0.67105,0.31669,2.86193,0.80342,0.85421,0.00609944,0.00609944,0.00609944
434,26320.1,3.06453,0.82622,0.88963,0.73059,0.56604,0.64547,0.30276,2.82585,0.83112,0.85482,0.00608423,0.00608423,0.00608423
435,26411.8,3.0227,0.79633,0.86489,0.74878,0.57523,0.65834,0.31633,2.77319,0.83694,0.85376,0.00606902,0.00606902,0.00606902
436,26416.7,3.25172,0.84922,0.84193,0.7746,0.61335,0.68992,0.33945,2.78205,0.78718,0.85103,0.0060538,0.0060538,0.0060538
437,26539.9,3.10522,0.81579,0.85824,0.7709,0.60983,0.68936,0.33911,2.81734,0.77354,0.85192,0.00603856,0.00603856,0.00603856
438,26610.4,3.28577,0.89744,0.89314,0.76651,0.6064,0.68586,0.33656,2.71748,0.75672,0.84882,0.00602332,0.00602332,0.00602332
439,26659,3.09424,0.79803,0.84834,0.75186,0.5994,0.67601,0.32366,2.72621,0.761,0.84878,0.00600807,0.00600807,0.00600807
440,26778.7,2.87754,0.85245,0.92086,0.749,0.60805,0.68203,0.3287,2.73068,0.76249,0.84857,0.00599281,0.00599281,0.00599281
441,26824.9,2.72355,0.7742,0.89131,0.7576,0.60801,0.68664,0.33263,2.75219,0.76227,0.8495,0.00597754,0.00597754,0.00597754
442,26948.1,2.92667,0.85141,0.90664,0.77806,0.61546,0.69815,0.33837,2.77302,0.75611,0.85206,0.00596226,0.00596226,0.00596226
443,26993.1,2.91667,0.87746,0.93624,0.77271,0.61601,0.69246,0.34363,2.72196,0.75335,0.85238,0.00594697,0.00594697,0.00594697
444,27030.9,2.87969,0.84397,0.95043,0.76271,0.59267,0.66734,0.31884,2.76974,0.78086,0.85345,0.00593167,0.00593167,0.00593167
445,27074.4,3.27742,0.84534,0.85303,0.74721,0.57716,0.65056,0.29825,2.85854,0.80494,0.85505,0.00591636,0.00591636,0.00591636
446,27162.9,2.90493,0.76184,0.85098,0.75522,0.57268,0.65959,0.32342,2.74191,0.78112,0.85049,0.00590105,0.00590105,0.00590105
447,27217.4,2.96579,0.80359,0.87961,0.7757,0.57839,0.67604,0.34003,2.69443,0.77137,0.84907,0.00588573,0.00588573,0.00588573
448,27221,3.23729,0.82434,0.84103,0.79235,0.59336,0.68998,0.3501,2.68679,0.79738,0.84804,0.00587039,0.00587039,0.00587039
449,27272.8,2.67863,0.762,0.89509,0.78168,0.59329,0.68519,0.33575,2.75213,0.812,0.84986,0.00585505,0.00585505,0.00585505
450,27327,2.97693,0.82023,0.92882,0.77129,0.59898,0.68595,0.33272,2.75222,0.79124,0.85123,0.00583971,0.00583971,0.00583971
451,27410.7,3.44546,0.86877,0.82814,0.77352,0.60118,0.68942,0.33932,2.68999,0.78003,0.84959,0.00582435,0.00582435,0.00582435
452,27449.3,2.81851,0.77988,0.88506,0.78918,0.58361,0.68348,0.3464,2.60924,0.78557,0.84413,0.00580899,0.00580899,0.00580899
453,27503.4,2.77797,0.78778,0.91286,0.78694,0.58251,0.68355,0.34659,2.60779,0.77867,0.84387,0.00579362,0.00579362,0.00579362
454,27558.2,2.9897,0.81952,0.86615,0.7717,0.58498,0.67752,0.33341,2.67736,0.78402,0.84887,0.00577824,0.00577824,0.00577824
455,27646.7,3.03672,0.84056,0.92146,0.77472,0.58292,0.67539,0.33371,2.68819,0.79171,0.85028,0.00576285,0.00576285,0.00576285
456,27790.2,2.89892,0.81448,0.90634,0.78784,0.59816,0.68728,0.34597,2.72286,0.79016,0.85029,0.00574746,0.00574746,0.00574746
457,27894.9,2.93928,0.83351,0.91083,0.78367,0.60434,0.68959,0.33927,2.78879,0.78668,0.85255,0.00573206,0.00573206,0.00573206
458,27899.6,2.92725,0.81229,0.90146,0.71734,0.58635,0.65564,0.30002,2.88841,0.79364,0.85618,0.00571666,0.00571666,0.00571666
459,27987.1,3.07504,0.85751,0.8913,0.71009,0.57468,0.64672,0.29033,2.8917,0.78996,0.85539,0.00570124,0.00570124,0.00570124
460,28040.7,3.10629,0.79931,0.83876,0.72522,0.6156,0.67887,0.31861,2.81343,0.76724,0.85416,0.00568582,0.00568582,0.00568582
461,28045,2.88414,0.78432,0.87241,0.75244,0.6234,0.69367,0.33899,2.75791,0.76137,0.85293,0.0056704,0.0056704,0.0056704
462,28101.6,3.19957,0.86618,0.87941,0.76859,0.63138,0.70505,0.34907,2.762,0.76055,0.85042,0.00565497,0.00565497,0.00565497
463,28106.1,2.83457,0.80474,0.90001,0.76579,0.6307,0.70333,0.34916,2.78331,0.76134,0.85109,0.00563953,0.00563953,0.00563953
464,28141.6,2.96562,0.78869,0.86507,0.77009,0.62315,0.70024,0.35013,2.82041,0.78641,0.85324,0.00562409,0.00562409,0.00562409
465,28279.1,2.90571,0.79248,0.88836,0.77291,0.61865,0.69954,0.34747,2.81913,0.78875,0.85227,0.00560864,0.00560864,0.00560864
466,28340.6,2.88206,0.80832,0.89942,0.76794,0.62149,0.7017,0.3455,2.74208,0.76545,0.84812,0.00559318,0.00559318,0.00559318
467,28442.9,2.89692,0.78124,0.87153,0.7579,0.63289,0.7057,0.35277,2.66177,0.74836,0.84626,0.00557773,0.00557773,0.00557773
468,28503.1,2.97563,0.83682,0.89312,0.78178,0.6285,0.70985,0.35807,2.68303,0.73692,0.84772,0.00556226,0.00556226,0.00556226
469,28604.8,2.94882,0.85242,0.94168,0.78281,0.63399,0.71179,0.3586,2.70629,0.73302,0.84964,0.00554679,0.00554679,0.00554679
470,28699.4,2.73705,0.76315,0.89083,0.77654,0.61973,0.70176,0.34763,2.69261,0.72142,0.85004,0.00553132,0.00553132,0.00553132
471,28817.6,2.81392,0.84798,0.91037,0.76904,0.60928,0.69179,0.33176,2.74353,0.73293,0.85096,0.00551584,0.00551584,0.00551584
472,28893.4,2.9452,0.7875,0.86132,0.76767,0.60653,0.69104,0.33952,2.66861,0.72515,0.85017,0.00550035,0.00550035,0.00550035
473,29017.7,3.05409,0.83269,0.92319,0.76887,0.61427,0.6959,0.34831,2.6144,0.71308,0.84798,0.00548486,0.00548486,0.00548486
474,29057.6,3.05039,0.86303,0.90695,0.78138,0.61505,0.69841,0.3488,2.60836,0.72143,0.84555,0.00546937,0.00546937,0.00546937
475,29061.8,3.1203,0.82773,0.86002,0.78043,0.6207,0.7011,0.35202,2.62562,0.73322,0.84649,0.00545387,0.00545387,0.00545387
476,29066.3,2.74256,0.79572,0.88904,0.78178,0.62416,0.70568,0.3642,2.59892,0.72351,0.84593,0.00543837,0.00543837,0.00543837
477,29070.5,2.84747,0.78361,0.87618,0.77915,0.63454,0.7121,0.3668,2.56531,0.7091,0.84576,0.00542287,0.00542287,0.00542287
478,29147.2,2.78471,0.79266,0.8904,0.77227,0.64058,0.71381,0.35922,2.64947,0.72436,0.84807,0.00540736,0.00540736,0.00540736
479,29241,2.9809,0.78919,0.85966,0.7675,0.63221,0.70696,0.35081,2.66734,0.72807,0.84858,0.00539185,0.00539185,0.00539185
480,29355.9,3.09202,0.8403,0.87035,0.74925,0.63138,0.69481,0.33795,2.6867,0.7385,0.85011,0.00537633,0.00537633,0.00537633
481,29485.7,2.64363,0.75623,0.9021,0.76159,0.63866,0.70255,0.34984,2.63087,0.71978,0.84834,0.00536081,0.00536081,0.00536081
482,29562.6,3.07555,0.84515,0.88174,0.77423,0.63604,0.7086,0.36329,2.60315,0.70354,0.84606,0.00534529,0.00534529,0.00534529
483,29640.8,2.7105,0.80944,0.92503,0.77659,0.63372,0.71024,0.36637,2.63233,0.71067,0.84603,0.00532977,0.00532977,0.00532977
484,29739.8,2.80325,0.76932,0.87606,0.77624,0.60022,0.69097,0.34295,2.67724,0.75634,0.84729,0.00531424,0.00531424,0.00531424
485,29834.8,2.79998,0.83408,0.94223,0.73935,0.567,0.65422,0.29981,2.80251,0.80231,0.85122,0.00529871,0.00529871,0.00529871
486,29891.4,2.80714,0.78944,0.8722,0.72968,0.56587,0.64663,0.29405,2.86007,0.83522,0.85462,0.00528318,0.00528318,0.00528318
487,29990.4,2.97527,0.80149,0.86094,0.779,0.58652,0.6764,0.33106,2.77076,0.81572,0.85097,0.00526764,0.00526764,0.00526764
488,30038.1,2.77313,0.77132,0.88656,0.77086,0.60502,0.6904,0.34631,2.7418,0.81499,0.85288,0.00525211,0.00525211,0.00525211
489,30079.1,3.06566,0.85452,0.8694,0.76124,0.60653,0.68945,0.34215,2.72386,0.81245,0.85375,0.00523657,0.00523657,0.00523657
490,30113.7,2.82341,0.82193,0.91419,0.74268,0.59198,0.67017,0.31055,2.7818,0.77029,0.85322,0.00522103,0.00522103,0.00522103
491,30191,2.82422,0.83808,0.94167,0.75555,0.59898,0.67963,0.32361,2.71869,0.73866,0.8509,0.00520548,0.00520548,0.00520548
492,30195.5,3.1891,0.84908,0.85951,0.7863,0.60517,0.69508,0.35468,2.60168,0.71079,0.84764,0.00518994,0.00518994,0.00518994
493,30200.2,2.93468,0.79772,0.87053,0.78578,0.60448,0.69681,0.35305,2.58082,0.70776,0.84633,0.00517439,0.00517439,0.00517439
494,30204.7,2.63657,0.80341,0.93301,0.76377,0.6075,0.68624,0.32696,2.65148,0.73204,0.84795,0.00515885,0.00515885,0.00515885
495,30266.6,2.79964,0.78264,0.88427,0.7672,0.61261,0.6904,0.33252,2.6479,0.73877,0.84923,0.0051433,0.0051433,0.0051433
496,30333,2.8569,0.80548,0.89259,0.78351,0.62507,0.70315,0.35339,2.64853,0.72929,0.84956,0.00512775,0.00512775,0.00512775
497,30422.5,3.17913,0.81946,0.83803,0.78744,0.62352,0.70487,0.35385,2.64651,0.73165,0.84818,0.0051122,0.0051122,0.0051122
498,30466.8,3.17158,0.85295,0.8688,0.78518,0.61724,0.7003,0.35083,2.62002,0.72551,0.8464,0.00509665,0.00509665,0.00509665
499,30505.1,2.92855,0.79398,0.86566,0.7953,0.62461,0.71014,0.362,2.58491,0.71216,0.84484,0.0050811,0.0050811,0.0050811
500,30617.2,2.89311,0.81999,0.91414,0.77967,0.62767,0.70723,0.3519,2.63326,0.71517,0.84693,0.00506555,0.00506555,0.00506555
501,30713.1,2.96063,0.85652,0.91836,0.78034,0.62576,0.70706,0.34932,2.63501,0.71817,0.84799,0.00505,0.00505,0.00505
502,30819.8,2.89441,0.77665,0.8681,0.80065,0.62095,0.70714,0.36111,2.60921,0.7014,0.84636,0.00503445,0.00503445,0.00503445
503,30875.5,2.9168,0.84464,0.88255,0.79811,0.62469,0.70802,0.36127,2.64203,0.70997,0.8469,0.0050189,0.0050189,0.0050189
504,30965.2,2.75868,0.77931,0.91231,0.77813,0.63029,0.71012,0.3578,2.63125,0.71393,0.84831,0.00500335,0.00500335,0.00500335
505,31125.9,2.9957,0.82098,0.89756,0.7437,0.62562,0.69513,0.32975,2.76397,0.74413,0.85157,0.0049878,0.0049878,0.0049878
506,31248.8,3.23515,0.84419,0.87004,0.7418,0.60557,0.6783,0.3115,2.87112,0.77683,0.85255,0.00497225,0.00497225,0.00497225
507,31252.9,3.20272,0.84295,0.85593,0.75965,0.61285,0.69223,0.34155,2.71392,0.7485,0.84984,0.0049567,0.0049567,0.0049567
508,31362.5,2.76644,0.77184,0.89323,0.78127,0.62823,0.71355,0.36872,2.57254,0.72301,0.84544,0.00494115,0.00494115,0.00494115
509,31411.8,2.92582,0.83231,0.88199,0.77723,0.62356,0.71038,0.36199,2.58819,0.73034,0.84475,0.00492561,0.00492561,0.00492561
510,31522.1,2.60641,0.83926,0.95664,0.77374,0.62301,0.70685,0.35004,2.6888,0.75426,0.84895,0.00491006,0.00491006,0.00491006
511,31526.2,3.12335,0.82893,0.87203,0.78134,0.62109,0.70693,0.35417,2.70291,0.7512,0.85039,0.00489452,0.00489452,0.00489452
512,31580.1,2.76893,0.763,0.87325,0.79037,0.61959,0.70778,0.36547,2.6795,0.73866,0.85173,0.00487897,0.00487897,0.00487897
513,31659.5,2.94231,0.83165,0.9071,0.78434,0.62113,0.70726,0.36498,2.62085,0.72795,0.84829,0.00486343,0.00486343,0.00486343
514,31744.8,2.98821,0.83714,0.90925,0.75145,0.60146,0.68391,0.3335,2.67052,0.75029,0.847,0.00484789,0.00484789,0.00484789
515,31826.9,3.41905,0.87932,0.82895,0.75603,0.59732,0.68145,0.32965,2.67938,0.75884,0.84711,0.00483236,0.00483236,0.00483236
516,31899.2,3.26026,0.86541,0.87344,0.78688,0.61284,0.70335,0.35936,2.65689,0.72924,0.84713,0.00481682,0.00481682,0.00481682
517,31903.8,3.05419,0.79547,0.84702,0.79482,0.61743,0.70599,0.36304,2.67816,0.73989,0.84856,0.00480129,0.00480129,0.00480129
518,32007.9,3.02513,0.81224,0.88573,0.79685,0.61068,0.70292,0.36182,2.62728,0.76494,0.8479,0.00478576,0.00478576,0.00478576
519,32012.6,3.25126,0.85346,0.82713,0.77722,0.60395,0.69352,0.35203,2.60802,0.76025,0.84789,0.00477023,0.00477023,0.00477023
520,32115.5,3.08908,0.80744,0.86017,0.77358,0.57317,0.66083,0.32451,2.73724,0.82591,0.8495,0.00475471,0.00475471,0.00475471
521,32263,2.56154,0.78767,0.94738,0.77811,0.56727,0.65624,0.32782,2.74858,0.85055,0.85014,0.00473919,0.00473919,0.00473919
522,32392.8,3.01452,0.84325,0.89006,0.775,0.60101,0.6917,0.35374,2.60933,0.74145,0.84488,0.00472367,0.00472367,0.00472367
523,32434.2,3.01449,0.80218,0.84317,0.77313,0.60228,0.69552,0.35076,2.61873,0.7464,0.8463,0.00470815,0.00470815,0.00470815
524,32466.1,3.05025,0.81435,0.88283,0.78993,0.62246,0.71246,0.36084,2.69195,0.78585,0.84649,0.00469264,0.00469264,0.00469264
525,32614.4,2.92319,0.8256,0.93331,0.812,0.6237,0.71408,0.35262,2.80765,0.80757,0.84898,0.00467713,0.00467713,0.00467713
526,32712.9,2.65899,0.74947,0.89749,0.80275,0.6204,0.70542,0.34692,2.92042,0.81184,0.85451,0.00466163,0.00466163,0.00466163
527,32716.9,2.95132,0.81773,0.89377,0.80414,0.61326,0.70114,0.35104,2.87908,0.79608,0.85383,0.00464613,0.00464613,0.00464613
528,32822.1,2.64572,0.78771,0.91484,0.7795,0.61409,0.69432,0.35612,2.74816,0.77579,0.85087,0.00463063,0.00463063,0.00463063
529,32887,2.63132,0.76928,0.89837,0.77555,0.60365,0.68034,0.34717,2.76452,0.82523,0.85151,0.00461514,0.00461514,0.00461514
530,32891.6,2.54963,0.77286,0.90728,0.76998,0.60283,0.6796,0.33517,2.89497,0.84349,0.85566,0.00459965,0.00459965,0.00459965
531,32934.6,2.80537,0.79657,0.88331,0.77836,0.61279,0.69002,0.33422,2.98858,0.81071,0.85653,0.00458416,0.00458416,0.00458416
532,32975.2,2.62881,0.75798,0.88364,0.78973,0.63523,0.71127,0.34403,2.92073,0.7703,0.85243,0.00456868,0.00456868,0.00456868
533,32979.6,2.9359,0.81574,0.87524,0.79407,0.63366,0.7136,0.35076,2.83961,0.75471,0.85114,0.00455321,0.00455321,0.00455321
534,33015,3.40917,0.87262,0.8228,0.80161,0.63509,0.71675,0.3613,2.75942,0.73767,0.85039,0.00453774,0.00453774,0.00453774
535,33019.1,2.92875,0.77029,0.84967,0.80123,0.63784,0.71616,0.36147,2.80513,0.74228,0.85231,0.00452227,0.00452227,0.00452227
536,33067.4,2.71198,0.73606,0.87954,0.81004,0.63537,0.72104,0.36173,2.82061,0.73749,0.85088,0.00450682,0.00450682,0.00450682
537,33071.7,2.60337,0.76012,0.89937,0.80458,0.63742,0.72145,0.36599,2.78771,0.72951,0.84902,0.00449136,0.00449136,0.00449136
538,33175.3,2.95786,0.80412,0.85848,0.80351,0.63454,0.71784,0.36411,2.76525,0.7205,0.8525,0.00447591,0.00447591,0.00447591
539,33327.4,2.92499,0.82646,0.886,0.81062,0.62946,0.71449,0.36113,2.78558,0.73425,0.85291,0.00446047,0.00446047,0.00446047
540,33417.2,2.77806,0.77356,0.8914,0.80404,0.63797,0.72097,0.37088,2.71307,0.73374,0.84743,0.00444503,0.00444503,0.00444503
541,33473.6,2.7477,0.78231,0.92913,0.80049,0.64722,0.72475,0.37314,2.68869,0.73061,0.84651,0.0044296,0.0044296,0.0044296
542,33536.2,2.53128,0.75844,0.92695,0.79915,0.64293,0.724,0.37676,2.70054,0.72222,0.84714,0.00441418,0.00441418,0.00441418
543,33582.5,2.70535,0.78056,0.92179,0.80418,0.63825,0.72319,0.37372,2.65039,0.72003,0.84642,0.00439876,0.00439876,0.00439876
544,33677.2,2.92222,0.79084,0.86998,0.75529,0.6075,0.68479,0.32001,2.76362,0.76663,0.84868,0.00438334,0.00438334,0.00438334
545,33681.9,2.77732,0.78283,0.88346,0.74595,0.60425,0.67655,0.30644,2.84437,0.77811,0.85168,0.00436794,0.00436794,0.00436794
546,33731.7,3.09591,0.79836,0.8557,0.77598,0.62249,0.70367,0.34082,2.71288,0.75064,0.84784,0.00435254,0.00435254,0.00435254
547,33791.7,2.96729,0.79942,0.85877,0.79072,0.63024,0.71454,0.3629,2.67228,0.73495,0.84658,0.00433715,0.00433715,0.00433715
548,33826.8,2.76805,0.78971,0.92369,0.80092,0.62932,0.71645,0.36773,2.67332,0.73059,0.84627,0.00432176,0.00432176,0.00432176
549,33858.5,2.86044,0.75725,0.84963,0.79046,0.62252,0.70946,0.36257,2.64076,0.72745,0.84552,0.00430638,0.00430638,0.00430638
550,33910.8,2.95795,0.81488,0.87132,0.76134,0.61724,0.69863,0.33724,2.70167,0.73479,0.84625,0.00429101,0.00429101,0.00429101
551,33983.1,3.02203,0.84074,0.86945,0.77044,0.61367,0.70131,0.33951,2.69068,0.72909,0.84591,0.00427565,0.00427565,0.00427565
552,34050.3,2.97119,0.77718,0.86517,0.78712,0.63501,0.71732,0.36554,2.59158,0.69987,0.84292,0.00426029,0.00426029,0.00426029
553,34119.7,2.57108,0.7588,0.92339,0.79346,0.63454,0.71635,0.36889,2.61472,0.70166,0.84286,0.00424495,0.00424495,0.00424495
554,34124.5,2.88555,0.83297,0.90009,0.78149,0.63001,0.70873,0.36032,2.70104,0.72374,0.8465,0.00422961,0.00422961,0.00422961
555,34221.6,3.03076,0.81941,0.85562,0.77896,0.6226,0.70623,0.35141,2.70224,0.73628,0.84737,0.00421427,0.00421427,0.00421427
556,34273.7,2.75023,0.76423,0.88859,0.73935,0.60132,0.67946,0.31902,2.75862,0.76826,0.8489,0.00419895,0.00419895,0.00419895
557,34277.2,2.96687,0.80777,0.8596,0.75412,0.58059,0.67324,0.31337,2.76833,0.78158,0.84871,0.00418364,0.00418364,0.00418364
558,34355.4,2.89429,0.84176,0.9173,0.75732,0.60667,0.69037,0.33734,2.65408,0.77784,0.84442,0.00416833,0.00416833,0.00416833
559,34398.5,2.85005,0.76257,0.88549,0.77027,0.61711,0.702,0.35535,2.59048,0.75904,0.84258,0.00415303,0.00415303,0.00415303
560,34402.7,2.71578,0.74076,0.88204,0.76598,0.62506,0.70476,0.35276,2.65952,0.7439,0.84432,0.00413774,0.00413774,0.00413774
561,34460.4,2.91413,0.79756,0.8772,0.76664,0.62152,0.70001,0.34137,2.72607,0.74571,0.84614,0.00412246,0.00412246,0.00412246
562,34510.5,3.0307,0.86449,0.90571,0.76701,0.61602,0.69571,0.33992,2.67325,0.7368,0.84458,0.00410719,0.00410719,0.00410719
563,34608.5,2.94617,0.81745,0.90535,0.77708,0.62562,0.70698,0.35327,2.60038,0.72817,0.84277,0.00409193,0.00409193,0.00409193
564,34700.6,3.54367,0.8925,0.87116,0.7855,0.63935,0.71682,0.37042,2.53389,0.70342,0.84106,0.00407668,0.00407668,0.00407668
565,34735.7,2.96914,0.79494,0.85058,0.7903,0.64031,0.72196,0.37419,2.52156,0.69947,0.83997,0.00406144,0.00406144,0.00406144
566,34773.1,2.60345,0.74419,0.89944,0.78937,0.62809,0.71516,0.361,2.58717,0.7136,0.84145,0.0040462,0.0040462,0.0040462
567,34862.3,2.80208,0.77117,0.87097,0.79406,0.61546,0.70989,0.34976,2.66939,0.72739,0.844,0.00403098,0.00403098,0.00403098
568,34935.8,2.65666,0.74776,0.89363,0.78539,0.62095,0.70788,0.35649,2.60506,0.72875,0.84369,0.00401577,0.00401577,0.00401577
569,35024.5,2.9289,0.82952,0.90038,0.79619,0.62858,0.71679,0.37132,2.53072,0.71244,0.84087,0.00400056,0.00400056,0.00400056
570,35153,3.16247,0.8011,0.85894,0.79446,0.63996,0.72192,0.3816,2.49884,0.70319,0.839,0.00398537,0.00398537,0.00398537
571,35203.2,2.68627,0.74732,0.873,0.79203,0.63715,0.7244,0.384,2.50892,0.71091,0.83956,0.00397019,0.00397019,0.00397019
572,35294.1,2.99896,0.83593,0.88916,0.79218,0.6374,0.72515,0.37994,2.52841,0.71205,0.83961,0.00395502,0.00395502,0.00395502
573,35419.5,2.78805,0.79331,0.89252,0.78835,0.6366,0.72275,0.3773,2.53475,0.71256,0.83995,0.00393986,0.00393986,0.00393986
574,35466.1,2.85723,0.78849,0.88238,0.76695,0.62394,0.70466,0.35817,2.55846,0.73865,0.84211,0.00392471,0.00392471,0.00392471
575,35589,2.6392,0.7776,0.91774,0.75771,0.60502,0.68823,0.33827,2.6576,0.76847,0.84564,0.00390957,0.00390957,0.00390957
576,35624.5,2.87569,0.7859,0.88137,0.7625,0.57551,0.65968,0.32561,2.73269,0.83717,0.85052,0.00389445,0.00389445,0.00389445
577,35629.2,2.80715,0.75022,0.86725,0.76396,0.59363,0.67788,0.34654,2.65228,0.80551,0.84794,0.00387933,0.00387933,0.00387933
578,35790.2,2.73386,0.77826,0.91927,0.79157,0.63037,0.71945,0.37755,2.55438,0.71547,0.84092,0.00386423,0.00386423,0.00386423
579,35875.9,2.6441,0.73876,0.8746,0.79447,0.63797,0.72218,0.37851,2.52788,0.7035,0.83974,0.00384913,0.00384913,0.00384913
580,35927.2,2.70655,0.77901,0.92177,0.7994,0.6318,0.71788,0.37886,2.51482,0.6962,0.83803,0.00383405,0.00383405,0.00383405
581,35931.1,3.14558,0.81985,0.83727,0.80324,0.6237,0.71407,0.37713,2.54771,0.70191,0.83968,0.00381899,0.00381899,0.00381899
582,35974,2.85421,0.81498,0.91431,0.78429,0.62546,0.71305,0.37515,2.59709,0.70849,0.8404,0.00380393,0.00380393,0.00380393
583,36015.5,2.8103,0.76034,0.87351,0.77685,0.63152,0.71362,0.37632,2.60098,0.70799,0.84101,0.00378888,0.00378888,0.00378888
584,36067.6,2.65842,0.74972,0.90034,0.77921,0.63578,0.71523,0.37827,2.56893,0.70627,0.84116,0.00377385,0.00377385,0.00377385
585,36226.5,3.04919,0.86527,0.90459,0.7825,0.63482,0.71262,0.37731,2.57004,0.7152,0.8416,0.00375883,0.00375883,0.00375883
586,36278.9,2.97148,0.7934,0.86455,0.78772,0.60502,0.69036,0.35766,2.58821,0.76052,0.84464,0.00374383,0.00374383,0.00374383
587,36426.4,2.82199,0.78938,0.89797,0.77325,0.59047,0.67727,0.34162,2.61879,0.77049,0.84637,0.00372884,0.00372884,0.00372884
588,36468.8,3.00014,0.7919,0.86016,0.77995,0.57743,0.67317,0.32593,2.65343,0.76581,0.84703,0.00371385,0.00371385,0.00371385
589,36513.8,2.64746,0.73695,0.84974,0.78356,0.58731,0.68417,0.33762,2.61611,0.74857,0.84596,0.00369889,0.00369889,0.00369889
590,36628.4,2.84791,0.78705,0.8708,0.78287,0.62717,0.71201,0.37006,2.49623,0.70794,0.84327,0.00368393,0.00368393,0.00368393
591,36679,2.87026,0.77663,0.87692,0.78651,0.63121,0.71458,0.37355,2.50328,0.69633,0.84312,0.00366899,0.00366899,0.00366899
592,36782.7,2.80046,0.75763,0.86948,0.78636,0.63509,0.71802,0.37149,2.50301,0.69551,0.84463,0.00365407,0.00365407,0.00365407
593,36872.9,2.60977,0.76698,0.92323,0.76976,0.63617,0.71365,0.36811,2.50563,0.70599,0.84474,0.00363915,0.00363915,0.00363915
594,36996.7,2.80875,0.79551,0.90814,0.78444,0.64443,0.72264,0.37843,2.52452,0.70775,0.84449,0.00362426,0.00362426,0.00362426
595,37131.6,2.64772,0.73153,0.87723,0.7848,0.63935,0.71852,0.37606,2.5713,0.70987,0.84511,0.00360937,0.00360937,0.00360937
596,37240,2.91422,0.78879,0.88095,0.78859,0.64401,0.71869,0.37551,2.63103,0.7063,0.84369,0.0035945,0.0035945,0.0035945
597,37343.7,2.88166,0.7614,0.85493,0.78499,0.64195,0.71302,0.36867,2.7081,0.71131,0.84593,0.00357964,0.00357964,0.00357964
598,37387.4,3.13216,0.80943,0.83775,0.79056,0.64195,0.71336,0.3668,2.72591,0.71552,0.84556,0.0035648,0.0035648,0.0035648
599,37391.1,2.97314,0.80125,0.83478,0.79582,0.6355,0.71157,0.36579,2.74588,0.71819,0.8462,0.00354998,0.00354998,0.00354998
600,37497.4,3.02241,0.809,0.85996,0.79267,0.62603,0.70091,0.35647,2.84503,0.74546,0.85175,0.00353516,0.00353516,0.00353516
601,37502,2.59192,0.75344,0.89135,0.79462,0.62562,0.703,0.35794,2.82423,0.7393,0.85179,0.00352037,0.00352037,0.00352037
602,37542.4,2.54986,0.72116,0.89068,0.79578,0.62823,0.71114,0.36869,2.69461,0.70883,0.8468,0.00350558,0.00350558,0.00350558
603,37546.6,3.12663,0.82668,0.85006,0.79856,0.63056,0.71345,0.37054,2.67179,0.70074,0.84578,0.00349082,0.00349082,0.00349082
604,37647.2,3.06166,0.78298,0.84347,0.81068,0.62609,0.713,0.36222,2.74682,0.71356,0.84807,0.00347607,0.00347607,0.00347607
605,37652,2.71899,0.75685,0.88515,0.81266,0.62829,0.71707,0.36694,2.71442,0.7075,0.84666,0.00346133,0.00346133,0.00346133
606,37746.2,2.85453,0.77992,0.88552,0.79636,0.63512,0.72076,0.38352,2.55003,0.69118,0.84062,0.00344661,0.00344661,0.00344661
607,37847.8,2.75987,0.74104,0.87384,0.79312,0.6307,0.71777,0.38094,2.50746,0.68886,0.83917,0.0034319,0.0034319,0.0034319
608,37932.1,2.99199,0.76869,0.84351,0.79033,0.63042,0.71785,0.37897,2.50859,0.68751,0.83808,0.00341722,0.00341722,0.00341722
609,38082.5,3.05293,0.83168,0.9059,0.79107,0.6373,0.72222,0.38314,2.50155,0.69115,0.83802,0.00340254,0.00340254,0.00340254
610,38129.8,3.01415,0.81104,0.85677,0.79071,0.63848,0.72178,0.38484,2.49091,0.70361,0.83842,0.00338789,0.00338789,0.00338789
611,38177.1,2.96032,0.82218,0.88276,0.78124,0.63399,0.71557,0.37777,2.49297,0.70606,0.83848,0.00337325,0.00337325,0.00337325
612,38268.7,2.86086,0.75431,0.87109,0.75235,0.61019,0.68864,0.33601,2.62391,0.73086,0.84175,0.00335862,0.00335862,0.00335862
613,38320.3,2.96741,0.81327,0.85582,0.75678,0.59975,0.68144,0.3285,2.66922,0.75151,0.84273,0.00334402,0.00334402,0.00334402
614,38401.8,2.97765,0.78186,0.84433,0.795,0.6096,0.69917,0.35889,2.56753,0.75538,0.84007,0.00332943,0.00332943,0.00332943
615,38464.4,3.06363,0.80239,0.85876,0.79327,0.62356,0.71257,0.37567,2.51395,0.7221,0.83825,0.00331486,0.00331486,0.00331486
616,38611.8,2.83298,0.76344,0.86592,0.80185,0.63509,0.72424,0.38553,2.50213,0.70262,0.83681,0.0033003,0.0033003,0.0033003
617,38661.2,2.51174,0.73254,0.8867,0.81464,0.62891,0.72573,0.38567,2.52997,0.70477,0.83704,0.00328576,0.00328576,0.00328576
618,38735.9,2.52255,0.73683,0.91953,0.7899,0.6364,0.71927,0.37175,2.53027,0.69081,0.83734,0.00327124,0.00327124,0.00327124
619,38771.1,3.09592,0.80384,0.85794,0.77958,0.6356,0.71661,0.36443,2.54589,0.68677,0.83828,0.00325674,0.00325674,0.00325674
620,38821.6,2.68197,0.75238,0.85859,0.76172,0.64484,0.71839,0.37584,2.50013,0.67931,0.83745,0.00324225,0.00324225,0.00324225
621,38926.7,2.78102,0.80228,0.89471,0.77241,0.65294,0.72611,0.38431,2.4826,0.67574,0.83784,0.00322778,0.00322778,0.00322778
622,39098.1,3.19764,0.84472,0.84117,0.80228,0.64618,0.73056,0.38439,2.57446,0.69107,0.84005,0.00321333,0.00321333,0.00321333
623,39148.7,2.99572,0.80981,0.87339,0.80215,0.64992,0.72948,0.38104,2.62073,0.70243,0.84165,0.0031989,0.0031989,0.0031989
624,39194.6,2.85948,0.76704,0.86399,0.80156,0.64401,0.72695,0.37912,2.64078,0.70169,0.8437,0.00318449,0.00318449,0.00318449
625,39253.4,3.38183,0.83773,0.8233,0.80572,0.64347,0.72699,0.38049,2.64736,0.69917,0.84373,0.00317009,0.00317009,0.00317009
626,39257.5,2.7909,0.73362,0.85439,0.80686,0.63358,0.72172,0.38336,2.62974,0.69277,0.84238,0.00315572,0.00315572,0.00315572
627,39303,2.51946,0.72275,0.8994,0.80477,0.63029,0.72113,0.38725,2.54518,0.67873,0.83955,0.00314136,0.00314136,0.00314136
628,39397.9,2.8293,0.78432,0.87606,0.7994,0.6377,0.72649,0.38954,2.47977,0.67116,0.83694,0.00312702,0.00312702,0.00312702
629,39479.5,2.74244,0.81549,0.92888,0.7963,0.64237,0.72836,0.39022,2.45395,0.67244,0.83716,0.0031127,0.0031127,0.0031127
630,39571.5,2.71543,0.76071,0.89923,0.80525,0.63689,0.72444,0.38079,2.50564,0.68599,0.83887,0.0030984,0.0030984,0.0030984
631,39625.6,2.5721,0.73976,0.89553,0.80401,0.63361,0.72039,0.37761,2.53407,0.68941,0.8397,0.00308412,0.00308412,0.00308412
632,39718.1,2.81386,0.78795,0.89294,0.79613,0.63799,0.72092,0.38145,2.51958,0.69302,0.84156,0.00306986,0.00306986,0.00306986
633,39795.6,2.70777,0.77454,0.90765,0.79937,0.63726,0.7202,0.38447,2.51805,0.69579,0.84168,0.00305561,0.00305561,0.00305561
634,39940,2.66774,0.74989,0.88018,0.81124,0.62364,0.71385,0.37235,2.66438,0.71622,0.84631,0.00304139,0.00304139,0.00304139
635,39946.1,2.74974,0.75031,0.87589,0.80956,0.62232,0.71234,0.37067,2.70968,0.72602,0.84759,0.00302719,0.00302719,0.00302719
636,40034.4,2.81252,0.76381,0.88754,0.80219,0.62919,0.7192,0.37752,2.67828,0.72252,0.84587,0.003013,0.003013,0.003013
637,40145.2,2.90549,0.82174,0.90842,0.79833,0.63098,0.71825,0.37541,2.68153,0.72277,0.84654,0.00299884,0.00299884,0.00299884
638,40195.2,2.57272,0.73332,0.89532,0.79759,0.63729,0.72086,0.37414,2.66968,0.7171,0.84672,0.0029847,0.0029847,0.0029847
639,40199.6,2.81903,0.74937,0.84021,0.79331,0.6447,0.72322,0.37837,2.62805,0.70969,0.84528,0.00297058,0.00297058,0.00297058
640,40301.8,2.82972,0.74489,0.84909,0.80138,0.64662,0.72635,0.38265,2.58644,0.70019,0.84351,0.00295647,0.00295647,0.00295647
641,40351.8,2.597,0.72842,0.87185,0.7999,0.64511,0.72557,0.37797,2.62747,0.70619,0.84432,0.00294239,0.00294239,0.00294239
642,40419.1,3.23636,0.82026,0.82691,0.80509,0.6366,0.71933,0.36547,2.73053,0.71563,0.84532,0.00292833,0.00292833,0.00292833
643,40423.1,2.71962,0.72678,0.85589,0.80752,0.63784,0.72431,0.37032,2.69408,0.70847,0.84395,0.00291429,0.00291429,0.00291429
644,40465.5,2.90377,0.76847,0.85933,0.798,0.64758,0.73036,0.38542,2.60393,0.6935,0.83958,0.00290027,0.00290027,0.00290027
645,40469.8,2.79083,0.7658,0.88698,0.79582,0.64481,0.72875,0.38446,2.62569,0.69767,0.83965,0.00288628,0.00288628,0.00288628
646,40526.5,2.55467,0.73372,0.91041,0.78797,0.65157,0.73175,0.38641,2.5955,0.69996,0.83975,0.0028723,0.0028723,0.0028723
647,40624.9,2.65291,0.729,0.87037,0.78872,0.65129,0.73206,0.38999,2.52734,0.69055,0.838,0.00285835,0.00285835,0.00285835
648,40721.8,2.61744,0.74459,0.90274,0.80094,0.64882,0.73435,0.39134,2.50646,0.69716,0.83694,0.00284441,0.00284441,0.00284441
649,40832.2,2.9949,0.77853,0.83518,0.8102,0.64484,0.73337,0.3926,2.4743,0.69992,0.83568,0.0028305,0.0028305,0.0028305
650,40879,2.78835,0.74877,0.86055,0.80625,0.63812,0.72936,0.39189,2.44899,0.69276,0.83537,0.00281661,0.00281661,0.00281661
651,40944.8,3.03504,0.82221,0.84727,0.79889,0.63797,0.72791,0.3896,2.4473,0.69469,0.83498,0.00280275,0.00280275,0.00280275
652,40990,2.8398,0.76107,0.84872,0.79742,0.63811,0.72688,0.39174,2.45086,0.68904,0.83576,0.0027889,0.0027889,0.0027889
653,40994.5,2.71995,0.75048,0.88988,0.79458,0.63723,0.72414,0.38846,2.4911,0.69348,0.83752,0.00277508,0.00277508,0.00277508
654,41049.1,2.8757,0.77992,0.89009,0.79237,0.63658,0.72053,0.37646,2.53613,0.69905,0.83734,0.00276128,0.00276128,0.00276128
655,41053.4,2.93553,0.79205,0.8853,0.79186,0.63617,0.72058,0.37231,2.55702,0.69744,0.83834,0.0027475,0.0027475,0.0027475
656,41057.4,2.7818,0.73639,0.85906,0.81386,0.64099,0.72851,0.38094,2.55005,0.69189,0.84006,0.00273375,0.00273375,0.00273375
657,41102,2.96984,0.77623,0.8736,0.82093,0.6377,0.72786,0.38148,2.57558,0.69731,0.84094,0.00272002,0.00272002,0.00272002
658,41153.3,2.58697,0.76331,0.91615,0.81369,0.63674,0.72675,0.3797,2.5278,0.68879,0.83986,0.00270631,0.00270631,0.00270631
659,41249.6,2.78714,0.74312,0.88153,0.7997,0.63688,0.72339,0.37307,2.5363,0.69254,0.83961,0.00269262,0.00269262,0.00269262
660,41326.1,2.66108,0.71367,0.86512,0.80951,0.63742,0.72576,0.37575,2.53451,0.69455,0.83946,0.00267896,0.00267896,0.00267896
661,41364.6,2.58823,0.72002,0.88152,0.81298,0.63917,0.72857,0.37872,2.54495,0.69557,0.83916,0.00266532,0.00266532,0.00266532
662,41412.3,2.81278,0.74386,0.85007,0.79834,0.63688,0.72327,0.37167,2.5284,0.68757,0.83822,0.0026517,0.0026517,0.0026517
663,41538.4,2.71736,0.75615,0.89113,0.78,0.63424,0.71342,0.35822,2.56739,0.69305,0.84011,0.00263811,0.00263811,0.00263811
664,41542.6,2.88344,0.7443,0.85707,0.77878,0.62548,0.70616,0.35619,2.6052,0.71182,0.8421,0.00262454,0.00262454,0.00262454
665,41596.1,2.74201,0.74292,0.86668,0.79233,0.6274,0.70937,0.36537,2.55847,0.70895,0.8414,0.002611,0.002611,0.002611
666,41698.5,2.8147,0.76176,0.88248,0.78875,0.63317,0.71437,0.37413,2.48237,0.68461,0.83892,0.00259748,0.00259748,0.00259748
667,41793.3,2.83298,0.80348,0.89554,0.78391,0.62304,0.70825,0.35817,2.5241,0.69226,0.83918,0.00258398,0.00258398,0.00258398
668,41797.9,3.36554,0.86054,0.82587,0.75166,0.60901,0.68552,0.31639,2.72118,0.72899,0.84286,0.00257051,0.00257051,0.00257051
669,41802.2,2.86166,0.76364,0.86813,0.74609,0.59995,0.67566,0.30905,2.76223,0.73755,0.84439,0.00255707,0.00255707,0.00255707
670,41951.1,3.15478,0.80475,0.83648,0.75338,0.61766,0.69567,0.33595,2.64409,0.7254,0.84131,0.00254364,0.00254364,0.00254364
671,42052.9,2.64956,0.73502,0.87757,0.76398,0.62524,0.70537,0.3514,2.57341,0.70916,0.84021,0.00253024,0.00253024,0.00253024
672,42139.3,2.59866,0.75104,0.9193,0.77263,0.63344,0.715,0.3687,2.50123,0.68703,0.83793,0.00251687,0.00251687,0.00251687
673,42143.4,2.67401,0.71557,0.85999,0.76521,0.63138,0.70958,0.36024,2.53323,0.69368,0.838,0.00250352,0.00250352,0.00250352
674,42202.6,2.95269,0.81148,0.89911,0.74607,0.60242,0.67975,0.32023,2.6932,0.72721,0.84172,0.0024902,0.0024902,0.0024902
675,42207.1,2.80679,0.76497,0.87758,0.75305,0.60619,0.6828,0.32204,2.68048,0.72506,0.84099,0.0024769,0.0024769,0.0024769
676,42211.4,2.68967,0.74278,0.90145,0.78751,0.61463,0.70433,0.35398,2.55021,0.70181,0.83751,0.00246363,0.00246363,0.00246363
677,42340.1,2.82797,0.78685,0.90338,0.78963,0.62919,0.71525,0.36957,2.49282,0.69006,0.83638,0.00245039,0.00245039,0.00245039
678,42419.4,3.0157,0.82832,0.85367,0.79199,0.6366,0.71933,0.37207,2.48089,0.68261,0.8367,0.00243716,0.00243716,0.00243716
679,42511.2,2.54057,0.70491,0.87406,0.78604,0.63509,0.71653,0.36328,2.50404,0.68716,0.83784,0.00242397,0.00242397,0.00242397
680,42583.8,2.58344,0.77591,0.9336,0.78719,0.62864,0.71282,0.35618,2.55684,0.70257,0.83836,0.0024108,0.0024108,0.0024108
681,42634.7,3.04746,0.76751,0.82441,0.79329,0.62576,0.71233,0.35875,2.55598,0.70685,0.83807,0.00239766,0.00239766,0.00239766
682,42639.7,2.4501,0.71562,0.88993,0.79332,0.61669,0.70619,0.35517,2.55927,0.72671,0.83828,0.00238454,0.00238454,0.00238454
683,42745.3,2.6615,0.76004,0.9045,0.79961,0.60873,0.70339,0.35011,2.56825,0.74169,0.83857,0.00237145,0.00237145,0.00237145
684,42794.8,2.83165,0.77943,0.87665,0.80576,0.60651,0.70307,0.35975,2.51839,0.73922,0.83711,0.00235839,0.00235839,0.00235839
685,42836.8,2.60117,0.74924,0.90096,0.80658,0.60972,0.70547,0.36588,2.48245,0.72765,0.83581,0.00234535,0.00234535,0.00234535
686,42933.9,2.56012,0.72743,0.88548,0.78387,0.60942,0.69841,0.3546,2.52228,0.72578,0.83831,0.00233234,0.00233234,0.00233234
687,42989.5,2.87909,0.78824,0.85312,0.78092,0.60914,0.69756,0.35358,2.53684,0.72507,0.8393,0.00231935,0.00231935,0.00231935
688,43050.1,2.93464,0.76946,0.85615,0.79318,0.62397,0.712,0.37704,2.47838,0.69439,0.83748,0.0023064,0.0023064,0.0023064
689,43091.8,2.97718,0.83123,0.88974,0.80287,0.63111,0.71942,0.38989,2.46494,0.67871,0.83596,0.00229347,0.00229347,0.00229347
690,43154.5,2.91122,0.7519,0.8812,0.80492,0.63495,0.72158,0.38685,2.55532,0.68353,0.8375,0.00228056,0.00228056,0.00228056
691,43303.3,2.6586,0.72712,0.88567,0.80409,0.63954,0.72429,0.38845,2.54084,0.68245,0.83709,0.00226769,0.00226769,0.00226769
692,43308.4,3.04774,0.79338,0.84186,0.79881,0.6503,0.73092,0.39455,2.48326,0.67692,0.83486,0.00225484,0.00225484,0.00225484
693,43382.3,2.85026,0.7816,0.90252,0.79768,0.6528,0.73164,0.39133,2.50425,0.68181,0.83531,0.00224202,0.00224202,0.00224202
694,43386.8,2.81296,0.76884,0.85836,0.79736,0.64786,0.72679,0.38085,2.61723,0.69988,0.83967,0.00222923,0.00222923,0.00222923
695,43427.8,2.59906,0.77251,0.89701,0.80431,0.64072,0.72241,0.37312,2.70215,0.71113,0.84248,0.00221646,0.00221646,0.00221646
696,43432.2,2.51566,0.69683,0.85995,0.8052,0.63029,0.71324,0.35648,2.83178,0.72162,0.84732,0.00220372,0.00220372,0.00220372
697,43484.7,2.70475,0.73302,0.85313,0.80813,0.63289,0.71707,0.36055,2.80052,0.71749,0.84665,0.00219102,0.00219102,0.00219102
698,43558.4,2.69745,0.7347,0.86058,0.8037,0.63797,0.72215,0.37366,2.69427,0.71487,0.84334,0.00217833,0.00217833,0.00217833
699,43623.4,2.56612,0.75848,0.92653,0.80232,0.63907,0.72158,0.37372,2.7014,0.7186,0.84371,0.00216568,0.00216568,0.00216568
700,43680.1,3.35987,0.86172,0.82008,0.80441,0.63893,0.7204,0.36874,2.7873,0.72548,0.84723,0.00215306,0.00215306,0.00215306
701,43740.9,2.91783,0.76165,0.85597,0.81987,0.63112,0.71984,0.362,2.86728,0.73703,0.84954,0.00214046,0.00214046,0.00214046
702,43872.5,3.02621,0.77427,0.841,0.82257,0.62309,0.71155,0.34656,2.98924,0.76157,0.85454,0.0021279,0.0021279,0.0021279
703,43927.1,2.86128,0.7816,0.88127,0.82119,0.6248,0.71238,0.35023,2.97439,0.76014,0.85348,0.00211536,0.00211536,0.00211536
704,44006.8,2.60351,0.7254,0.87297,0.83128,0.63386,0.72588,0.3775,2.72677,0.7134,0.84424,0.00210285,0.00210285,0.00210285
705,44066.6,2.89152,0.75993,0.86938,0.83096,0.63866,0.73176,0.3896,2.58314,0.69065,0.83993,0.00209037,0.00209037,0.00209037
706,44141.1,2.47169,0.72554,0.91044,0.82738,0.64305,0.73441,0.39715,2.49765,0.68654,0.83662,0.00207792,0.00207792,0.00207792
707,44145.3,2.93721,0.76311,0.85585,0.83258,0.6404,0.7347,0.39499,2.53346,0.69519,0.83756,0.0020655,0.0020655,0.0020655
708,44185.8,2.76774,0.74387,0.87874,0.82311,0.64003,0.73053,0.38346,2.67352,0.71577,0.84175,0.00205311,0.00205311,0.00205311
709,44231.4,2.54954,0.69228,0.84518,0.80461,0.64281,0.7261,0.38245,2.68835,0.72038,0.84226,0.00204075,0.00204075,0.00204075
710,44321,2.48638,0.72882,0.91589,0.80281,0.64662,0.72954,0.39114,2.52367,0.70578,0.83726,0.00202841,0.00202841,0.00202841
711,44460.7,2.64358,0.755,0.90165,0.8006,0.64215,0.72783,0.38704,2.45261,0.70006,0.8354,0.00201611,0.00201611,0.00201611
712,44514.3,2.45013,0.71362,0.9127,0.79705,0.63029,0.71995,0.37659,2.42181,0.69845,0.83572,0.00200384,0.00200384,0.00200384
713,44518.9,2.89435,0.7594,0.8471,0.80078,0.63461,0.72423,0.37948,2.43479,0.69896,0.83536,0.00199159,0.00199159,0.00199159
714,44564.4,2.51121,0.72288,0.92004,0.79591,0.6469,0.72974,0.38208,2.47654,0.70522,0.83674,0.00197938,0.00197938,0.00197938
715,44610.3,2.85162,0.74221,0.87559,0.7984,0.64923,0.73426,0.38219,2.49654,0.70952,0.83731,0.0019672,0.0019672,0.0019672
716,44653.8,2.83081,0.7691,0.87479,0.79992,0.64498,0.73367,0.38746,2.45026,0.70986,0.83652,0.00195505,0.00195505,0.00195505
717,44743.9,2.8191,0.75812,0.87487,0.80231,0.64333,0.73448,0.39245,2.41548,0.70311,0.83554,0.00194293,0.00194293,0.00194293
718,44832.2,3.15097,0.78886,0.82753,0.81599,0.64264,0.73561,0.39934,2.36632,0.67631,0.83342,0.00193084,0.00193084,0.00193084
719,44925.5,2.61701,0.73365,0.8794,0.81145,0.64344,0.73391,0.39488,2.37841,0.66485,0.83291,0.00191878,0.00191878,0.00191878
720,44974.1,3.07547,0.81781,0.8748,0.79538,0.62491,0.71662,0.37015,2.4808,0.67502,0.83572,0.00190675,0.00190675,0.00190675
721,45019,2.92752,0.7563,0.83675,0.78836,0.62389,0.71201,0.36176,2.53473,0.68607,0.83746,0.00189475,0.00189475,0.00189475
722,45107,2.65548,0.71263,0.85604,0.79984,0.62878,0.7209,0.3753,2.51886,0.68454,0.8373,0.00188278,0.00188278,0.00188278
723,45191,2.75769,0.7761,0.86637,0.80666,0.63399,0.72555,0.38391,2.48423,0.67772,0.83618,0.00187085,0.00187085,0.00187085
724,45232.2,2.89472,0.79691,0.87129,0.81424,0.63962,0.72919,0.39278,2.43796,0.66517,0.83424,0.00185895,0.00185895,0.00185895
725,45236.5,2.76292,0.72691,0.84531,0.81672,0.63948,0.73042,0.39576,2.41532,0.65976,0.83364,0.00184707,0.00184707,0.00184707
726,45283.2,2.97297,0.80845,0.85058,0.80697,0.63893,0.73037,0.39566,2.3785,0.64984,0.83284,0.00183523,0.00183523,0.00183523
727,45287.9,2.89701,0.76272,0.83233,0.79708,0.63956,0.72565,0.38828,2.4084,0.65246,0.83344,0.00182342,0.00182342,0.00182342
728,45332.2,2.76023,0.75654,0.87924,0.79197,0.63553,0.72173,0.37103,2.50232,0.66332,0.8351,0.00181165,0.00181165,0.00181165
729,45405.1,2.66587,0.70375,0.86296,0.79199,0.64084,0.72393,0.37212,2.51362,0.66499,0.83512,0.0017999,0.0017999,0.0017999
730,45465.9,2.70798,0.74934,0.87775,0.79809,0.64523,0.73059,0.38757,2.47449,0.66523,0.83474,0.00178819,0.00178819,0.00178819
731,45509.6,2.73076,0.70766,0.82609,0.80607,0.64766,0.73349,0.3946,2.44812,0.66212,0.83429,0.00177651,0.00177651,0.00177651
732,45603.8,2.53251,0.75099,0.91368,0.80727,0.65308,0.73659,0.40099,2.43011,0.66078,0.83345,0.00176486,0.00176486,0.00176486
733,45678.2,2.85635,0.75024,0.89671,0.80302,0.65349,0.73584,0.40181,2.42272,0.66017,0.83284,0.00175324,0.00175324,0.00175324
734,45732,2.6866,0.72922,0.86996,0.7963,0.65417,0.73503,0.39912,2.40571,0.66045,0.83294,0.00174166,0.00174166,0.00174166
735,45772,3.11573,0.78778,0.82952,0.79874,0.6522,0.73556,0.39693,2.40971,0.65968,0.83324,0.00173011,0.00173011,0.00173011
736,45815.6,2.79673,0.74749,0.86811,0.81075,0.65048,0.73875,0.39979,2.4078,0.65428,0.83327,0.00171859,0.00171859,0.00171859
737,45849.5,2.84805,0.73576,0.8345,0.80973,0.65145,0.73927,0.40259,2.39915,0.65066,0.83302,0.0017071,0.0017071,0.0017071
738,45937.3,2.43524,0.69049,0.88072,0.80754,0.65207,0.73936,0.40678,2.36175,0.64694,0.83259,0.00169565,0.00169565,0.00169565
739,45998.1,2.48872,0.66817,0.86033,0.8007,0.65459,0.7398,0.40579,2.3645,0.64803,0.83279,0.00168423,0.00168423,0.00168423
740,46044.9,3.2232,0.81814,0.82875,0.80158,0.64391,0.73298,0.39744,2.37704,0.65237,0.83301,0.00167284,0.00167284,0.00167284
741,46120,2.85078,0.74884,0.85557,0.80185,0.63633,0.72904,0.39194,2.39954,0.65976,0.83337,0.00166149,0.00166149,0.00166149
742,46164.9,2.54001,0.70246,0.88321,0.80961,0.63646,0.73051,0.39189,2.40259,0.66478,0.83288,0.00165017,0.00165017,0.00165017
743,46315.2,2.92415,0.7983,0.88437,0.81642,0.63138,0.73057,0.39241,2.39747,0.66462,0.83266,0.00163889,0.00163889,0.00163889
744,46352.7,2.54705,0.72223,0.88486,0.81114,0.63561,0.73251,0.3965,2.35787,0.65921,0.83186,0.00162763,0.00162763,0.00162763
745,46357.4,2.83297,0.75634,0.84764,0.80484,0.63413,0.72926,0.39381,2.35782,0.66027,0.83218,0.00161642,0.00161642,0.00161642
746,46408.6,2.80799,0.74722,0.84979,0.80132,0.64044,0.72808,0.39334,2.36245,0.65971,0.83199,0.00160523,0.00160523,0.00160523
747,46488.2,2.87663,0.76226,0.83719,0.81141,0.63615,0.72864,0.3931,2.37287,0.66137,0.83239,0.00159408,0.00159408,0.00159408
748,46492.6,2.46615,0.72671,0.9124,0.80901,0.64084,0.72986,0.39442,2.38329,0.66128,0.83237,0.00158296,0.00158296,0.00158296
749,46496.9,2.93471,0.7475,0.83382,0.80905,0.64394,0.73196,0.39672,2.37843,0.6611,0.8324,0.00157188,0.00157188,0.00157188
750,46596.9,2.76067,0.79595,0.94537,0.81182,0.64552,0.7351,0.40086,2.39379,0.65799,0.8331,0.00156083,0.00156083,0.00156083
751,46706.6,2.60385,0.75104,0.9381,0.8105,0.64766,0.73558,0.39881,2.40884,0.65915,0.83349,0.00154982,0.00154982,0.00154982
752,46736.6,3.16107,0.86264,0.86839,0.81322,0.64388,0.73229,0.39637,2.42452,0.65456,0.83385,0.00153884,0.00153884,0.00153884
753,46771.5,2.79429,0.73043,0.86074,0.81117,0.64048,0.73128,0.3953,2.42253,0.65625,0.8338,0.0015279,0.0015279,0.0015279
754,46869,2.73128,0.74347,0.86999,0.8006,0.63333,0.72414,0.38311,2.43465,0.65939,0.8342,0.00151699,0.00151699,0.00151699
755,46973.1,2.93477,0.79261,0.85256,0.79274,0.63172,0.72018,0.37391,2.46315,0.66727,0.83492,0.00150611,0.00150611,0.00150611
756,47112.2,2.87595,0.74829,0.84278,0.77386,0.63825,0.71794,0.36828,2.49091,0.67331,0.83678,0.00149527,0.00149527,0.00149527
757,47170.1,2.5768,0.7107,0.88487,0.78538,0.63866,0.72146,0.37401,2.47414,0.67208,0.83697,0.00148447,0.00148447,0.00148447
758,47214.8,2.59772,0.72065,0.88909,0.81035,0.64347,0.73204,0.3918,2.42397,0.66396,0.8358,0.0014737,0.0014737,0.0014737
759,47291.8,2.75467,0.72753,0.85064,0.81661,0.64388,0.73481,0.39557,2.4357,0.6674,0.83571,0.00146297,0.00146297,0.00146297
760,47398.7,3.51556,0.87716,0.84453,0.81744,0.64362,0.73481,0.39751,2.44996,0.67282,0.83504,0.00145227,0.00145227,0.00145227
761,47440.8,2.86694,0.73289,0.84337,0.80969,0.64192,0.7331,0.39721,2.42956,0.67243,0.83414,0.00144161,0.00144161,0.00144161
762,47444.9,3.27986,0.83076,0.8178,0.80157,0.62576,0.72231,0.38034,2.41951,0.68787,0.83375,0.00143098,0.00143098,0.00143098
763,47480.5,2.92868,0.8085,0.89832,0.7907,0.61532,0.70812,0.36283,2.48452,0.71068,0.83527,0.00142039,0.00142039,0.00142039
764,47536.7,3.00014,0.77583,0.84131,0.80115,0.58759,0.68377,0.34395,2.5621,0.81036,0.8385,0.00140983,0.00140983,0.00140983
765,47541.1,2.81823,0.75625,0.85862,0.81709,0.58471,0.68205,0.35086,2.5271,0.88674,0.83788,0.00139931,0.00139931,0.00139931
766,47545.3,2.5534,0.70167,0.87442,0.83289,0.60352,0.69583,0.37812,2.43277,1.06374,0.83518,0.00138883,0.00138883,0.00138883
767,47592.1,2.46895,0.6796,0.87184,0.83486,0.61271,0.70234,0.37931,2.44203,0.94635,0.83487,0.00137838,0.00137838,0.00137838
768,47596.6,3.05886,0.81171,0.86126,0.82236,0.63234,0.72288,0.39399,2.43724,0.70605,0.83477,0.00136797,0.00136797,0.00136797
769,47672.6,2.87466,0.7545,0.87918,0.82087,0.64511,0.7345,0.40435,2.41924,0.66354,0.83499,0.00135759,0.00135759,0.00135759
770,47771.2,2.54971,0.70416,0.86741,0.81689,0.64786,0.73976,0.40104,2.37875,0.65085,0.83291,0.00134725,0.00134725,0.00134725
771,47809.2,2.65823,0.68302,0.86242,0.80697,0.64742,0.73587,0.39395,2.38464,0.64924,0.83228,0.00133695,0.00133695,0.00133695
772,47813.9,2.64555,0.73721,0.88028,0.80659,0.64237,0.7321,0.39077,2.36893,0.64783,0.8318,0.00132668,0.00132668,0.00132668
773,47918.4,3.14346,0.79262,0.81942,0.81106,0.64607,0.73656,0.40018,2.3399,0.64116,0.83133,0.00131646,0.00131646,0.00131646
774,47962.5,2.69202,0.73549,0.89338,0.8128,0.66405,0.74534,0.4127,2.32466,0.63416,0.8316,0.00130626,0.00130626,0.00130626
775,48016.7,2.47643,0.69077,0.89674,0.81503,0.66227,0.7444,0.40765,2.38079,0.6378,0.83293,0.00129611,0.00129611,0.00129611
776,48060.9,2.50943,0.71874,0.89651,0.8181,0.65733,0.74024,0.39564,2.47916,0.6479,0.83527,0.00128599,0.00128599,0.00128599
777,48129.7,3.00678,0.77875,0.82191,0.80998,0.66049,0.73896,0.39627,2.47187,0.64673,0.8353,0.00127591,0.00127591,0.00127591
778,48228.8,2.53608,0.70995,0.8856,0.80989,0.6527,0.73867,0.40066,2.40769,0.64115,0.83366,0.00126587,0.00126587,0.00126587
779,48233.3,2.4453,0.71443,0.90876,0.80979,0.64879,0.7363,0.3985,2.39163,0.64295,0.83358,0.00125586,0.00125586,0.00125586
780,48287.2,2.56351,0.74169,0.91609,0.81349,0.63291,0.72886,0.39435,2.37486,0.64834,0.83309,0.00124589,0.00124589,0.00124589
781,48383,2.48764,0.72504,0.9235,0.80426,0.63646,0.72753,0.39093,2.37553,0.65169,0.83275,0.00123596,0.00123596,0.00123596
782,48543,2.61131,0.74558,0.91096,0.79661,0.63128,0.72267,0.38269,2.39798,0.66605,0.83319,0.00122607,0.00122607,0.00122607
783,48623.3,2.531,0.73018,0.92928,0.78811,0.6318,0.71772,0.3748,2.42478,0.67383,0.83409,0.00121621,0.00121621,0.00121621
784,48726.5,2.69343,0.74615,0.89668,0.78381,0.63262,0.71782,0.3699,2.46386,0.6846,0.8357,0.00120639,0.00120639,0.00120639
785,48786.6,2.92818,0.78233,0.89901,0.78377,0.63646,0.71956,0.37187,2.45997,0.68361,0.83539,0.00119661,0.00119661,0.00119661
786,48842.8,2.59328,0.76058,0.92879,0.79025,0.64621,0.72792,0.3852,2.42692,0.67086,0.83407,0.00118687,0.00118687,0.00118687
787,48883.6,2.53832,0.67806,0.86015,0.79678,0.64951,0.73102,0.39071,2.40185,0.66364,0.83325,0.00117717,0.00117717,0.00117717
788,48978,2.84317,0.74968,0.85635,0.80778,0.64963,0.73448,0.39679,2.37654,0.65235,0.83249,0.0011675,0.0011675,0.0011675
789,49029.7,2.76771,0.76179,0.88292,0.80565,0.64951,0.73332,0.39636,2.36869,0.64815,0.83232,0.00115787,0.00115787,0.00115787
790,49098.3,2.653,0.70266,0.83844,0.79999,0.64951,0.73088,0.38845,2.3942,0.64933,0.83306,0.00114828,0.00114828,0.00114828
791,49103.1,2.60246,0.70331,0.87859,0.79877,0.64621,0.72831,0.38288,2.41203,0.65152,0.83325,0.00113873,0.00113873,0.00113873
792,49174.4,2.619,0.70664,0.86111,0.79964,0.64223,0.72876,0.38393,2.40817,0.65254,0.8329,0.00112922,0.00112922,0.00112922
793,49216,2.63394,0.70726,0.85279,0.80385,0.64305,0.73092,0.38935,2.39224,0.64951,0.83269,0.00111975,0.00111975,0.00111975
794,49273.7,2.69003,0.70207,0.84999,0.82038,0.64401,0.73755,0.40248,2.36444,0.64388,0.83149,0.00111031,0.00111031,0.00111031
795,49391.5,2.5021,0.69389,0.8633,0.82522,0.64278,0.73897,0.40647,2.35976,0.63947,0.83104,0.00110092,0.00110092,0.00110092
796,49396,2.95396,0.75805,0.82523,0.82002,0.65404,0.74243,0.40747,2.38635,0.64239,0.83075,0.00109156,0.00109156,0.00109156
797,49513,2.70647,0.73538,0.86781,0.81757,0.65342,0.74116,0.40622,2.39376,0.64111,0.83053,0.00108224,0.00108224,0.00108224
798,49609,2.74297,0.73076,0.84997,0.81183,0.65541,0.74072,0.40596,2.38478,0.64242,0.83068,0.00107297,0.00107297,0.00107297
799,49692.1,2.7728,0.7334,0.83987,0.81408,0.65525,0.74078,0.40705,2.38526,0.64315,0.83048,0.00106373,0.00106373,0.00106373
800,49794.1,2.62776,0.69316,0.85328,0.81609,0.6517,0.73891,0.40731,2.39379,0.64684,0.83067,0.00105453,0.00105453,0.00105453
801,49889.4,2.78937,0.73152,0.87201,0.81875,0.65129,0.73965,0.40699,2.39213,0.64814,0.8308,0.00104537,0.00104537,0.00104537
802,49939.3,2.85696,0.74736,0.83108,0.81331,0.64593,0.73469,0.4062,2.37439,0.65034,0.83112,0.00103625,0.00103625,0.00103625
803,49984.5,2.76317,0.72301,0.86614,0.815,0.64003,0.73226,0.40696,2.35086,0.65143,0.83109,0.00102716,0.00102716,0.00102716
804,50024.2,2.74712,0.75496,0.88695,0.80899,0.63612,0.72953,0.40278,2.33448,0.65175,0.83065,0.00101812,0.00101812,0.00101812
805,50104,2.59954,0.68868,0.85237,0.80104,0.63523,0.72665,0.39742,2.35415,0.65514,0.83129,0.00100912,0.00100912,0.00100912
806,50108,3.06392,0.75029,0.8089,0.79677,0.63512,0.72568,0.38958,2.38242,0.65788,0.83264,0.00100016,0.00100016,0.00100016
807,50176.7,2.3318,0.69494,0.90299,0.79278,0.63564,0.72511,0.38593,2.39808,0.65862,0.83345,0.000991237,0.000991237,0.000991237
808,50263.7,2.93337,0.80404,0.90263,0.7954,0.63715,0.72683,0.38914,2.39022,0.65211,0.83317,0.000982355,0.000982355,0.000982355
809,50359.5,2.76016,0.74543,0.89421,0.80005,0.63893,0.72862,0.39071,2.38535,0.64795,0.83288,0.000973514,0.000973514,0.000973514
810,50399.7,2.61854,0.70832,0.87158,0.80865,0.64342,0.73403,0.39633,2.36267,0.63937,0.83147,0.000964712,0.000964712,0.000964712
811,50445.2,2.6748,0.68382,0.84915,0.80946,0.6447,0.73502,0.39972,2.3553,0.63648,0.8311,0.000955951,0.000955951,0.000955951
812,50449.6,2.47137,0.6781,0.86529,0.80604,0.64927,0.73727,0.40646,2.34018,0.63035,0.83025,0.00094723,0.00094723,0.00094723
813,50506.7,2.68741,0.69007,0.84576,0.80698,0.65211,0.7384,0.41055,2.34341,0.62957,0.83017,0.00093855,0.00093855,0.00093855
814,50511.4,2.69834,0.69055,0.847,0.8048,0.6539,0.74042,0.4116,2.35069,0.63224,0.8297,0.000929911,0.000929911,0.000929911
815,50640.3,2.63582,0.73034,0.87596,0.80234,0.65774,0.74199,0.41252,2.35989,0.6348,0.82988,0.000921312,0.000921312,0.000921312
816,50645.6,2.50068,0.68596,0.84894,0.81429,0.65313,0.7427,0.41112,2.36836,0.6393,0.82996,0.000912754,0.000912754,0.000912754
817,50738.2,2.63805,0.7248,0.84427,0.81373,0.65431,0.74398,0.41048,2.36629,0.6413,0.82994,0.000904236,0.000904236,0.000904236
818,50894.5,2.73156,0.74228,0.86882,0.80985,0.65321,0.74157,0.40408,2.35464,0.64734,0.83019,0.00089576,0.00089576,0.00089576
819,50935.5,2.47403,0.71273,0.90578,0.80281,0.64947,0.73765,0.3983,2.37466,0.65531,0.83075,0.000887324,0.000887324,0.000887324
820,51041.7,2.66343,0.7071,0.8532,0.80084,0.64313,0.73105,0.38505,2.41831,0.66318,0.83267,0.00087893,0.00087893,0.00087893
821,51135.7,2.65437,0.72773,0.90027,0.79729,0.63893,0.7277,0.38146,2.43512,0.6626,0.83311,0.000870577,0.000870577,0.000870577
822,51140.6,2.69819,0.72879,0.85708,0.79844,0.64319,0.73196,0.3867,2.41728,0.65156,0.8327,0.000862265,0.000862265,0.000862265
823,51144.8,2.776,0.72058,0.83538,0.79938,0.64649,0.73427,0.39037,2.40815,0.64651,0.83235,0.000853994,0.000853994,0.000853994
824,51192.5,2.30116,0.65424,0.88029,0.81167,0.64672,0.73786,0.39739,2.3664,0.6353,0.83173,0.000845765,0.000845765,0.000845765
825,51282.9,2.53004,0.70361,0.85194,0.81172,0.64693,0.73766,0.39944,2.35617,0.63441,0.83166,0.000837577,0.000837577,0.000837577
826,51287.8,2.66284,0.71912,0.86015,0.80832,0.64611,0.73707,0.4005,2.35315,0.63401,0.8315,0.000829431,0.000829431,0.000829431
827,51327.9,2.53573,0.69716,0.88018,0.81048,0.64231,0.73672,0.39992,2.36199,0.63746,0.83143,0.000821327,0.000821327,0.000821327
828,51418.3,2.55786,0.72638,0.89876,0.81365,0.64195,0.73758,0.3987,2.37526,0.64149,0.83162,0.000813264,0.000813264,0.000813264
829,51587.9,2.86677,0.74039,0.84257,0.81397,0.64566,0.73827,0.39956,2.37064,0.64171,0.83183,0.000805243,0.000805243,0.000805243
830,51635,2.58057,0.73233,0.90417,0.81313,0.64876,0.73772,0.40097,2.36663,0.64179,0.83155,0.000797264,0.000797264,0.000797264
831,51689.5,2.34937,0.6666,0.86372,0.80743,0.64676,0.73524,0.3998,2.37564,0.64525,0.83167,0.000789327,0.000789327,0.000789327
832,51822.5,2.5993,0.7231,0.89864,0.80214,0.64508,0.73371,0.39383,2.39387,0.6515,0.83219,0.000781432,0.000781432,0.000781432
833,51896.8,2.53588,0.70088,0.8914,0.79429,0.64566,0.73201,0.39002,2.40571,0.65445,0.83281,0.000773579,0.000773579,0.000773579
834,51957.4,2.47846,0.68457,0.85925,0.79219,0.6479,0.73291,0.39387,2.38246,0.65316,0.83155,0.000765768,0.000765768,0.000765768
835,52003.2,2.90315,0.75337,0.84062,0.79495,0.65211,0.73623,0.40063,2.35635,0.64624,0.83042,0.000758,0.000758,0.000758
836,52007.8,2.48442,0.6959,0.91187,0.80294,0.65282,0.73807,0.4042,2.34501,0.64099,0.83048,0.000750274,0.000750274,0.000750274
837,52105.4,3.055,0.75003,0.81725,0.80753,0.6539,0.73965,0.40509,2.34895,0.63802,0.83088,0.00074259,0.00074259,0.00074259
838,52109.6,3.00152,0.76092,0.81692,0.81407,0.65398,0.74253,0.40608,2.34866,0.63516,0.83104,0.000734949,0.000734949,0.000734949
839,52165.7,2.90834,0.76681,0.85336,0.81542,0.65211,0.74247,0.40807,2.34172,0.63163,0.83073,0.000727351,0.000727351,0.000727351
840,52210,2.52898,0.69376,0.87425,0.82195,0.65005,0.74334,0.41041,2.31668,0.62812,0.82994,0.000719795,0.000719795,0.000719795
841,52257.5,3.0433,0.74036,0.80089,0.8199,0.65459,0.74609,0.41309,2.3046,0.62647,0.82937,0.000712282,0.000712282,0.000712282
842,52262.2,3.0641,0.76475,0.81256,0.8211,0.65582,0.74761,0.41674,2.29604,0.62412,0.82863,0.000704812,0.000704812,0.000704812
843,52392.8,2.89217,0.73251,0.84156,0.81903,0.65651,0.74625,0.41618,2.29789,0.62399,0.82833,0.000697384,0.000697384,0.000697384
844,52441.1,2.86487,0.76645,0.85944,0.81641,0.65321,0.7436,0.41573,2.29616,0.62633,0.82799,0.00069,0.00069,0.00069
845,52485,2.60044,0.69181,0.85745,0.82213,0.65198,0.74469,0.41586,2.30055,0.62732,0.82847,0.000682658,0.000682658,0.000682658
846,52489.1,2.54075,0.68115,0.84934,0.81544,0.65376,0.74212,0.41437,2.314,0.63427,0.82889,0.00067536,0.00067536,0.00067536
847,52535.6,2.52392,0.72334,0.87867,0.81215,0.65586,0.74199,0.41276,2.31864,0.63707,0.82909,0.000668105,0.000668105,0.000668105
848,52612.9,2.79482,0.72203,0.83371,0.80516,0.65431,0.73848,0.40752,2.3239,0.63909,0.83026,0.000660893,0.000660893,0.000660893
849,52688.7,2.85918,0.74043,0.85646,0.80833,0.64951,0.73768,0.40634,2.32798,0.63755,0.83053,0.000653725,0.000653725,0.000653725
850,52735.3,2.42318,0.70815,0.91023,0.80295,0.65541,0.73921,0.40574,2.32274,0.63756,0.83044,0.000646599,0.000646599,0.000646599
851,52856.9,2.94049,0.74974,0.83687,0.80466,0.65541,0.73951,0.40781,2.30889,0.63579,0.83025,0.000639518,0.000639518,0.000639518
852,52933.3,3.02498,0.76108,0.83326,0.81059,0.65625,0.74329,0.41264,2.28129,0.63186,0.82854,0.00063248,0.00063248,0.00063248
853,52937.9,2.49329,0.69268,0.86811,0.80604,0.6587,0.74309,0.41298,2.27289,0.63174,0.82812,0.000625485,0.000625485,0.000625485
854,52942.4,2.5494,0.73195,0.92548,0.80312,0.65047,0.73703,0.40609,2.28112,0.63689,0.82782,0.000618534,0.000618534,0.000618534
855,52989.3,2.81568,0.72812,0.83538,0.80016,0.65005,0.736,0.40468,2.2841,0.63772,0.82754,0.000611627,0.000611627,0.000611627
856,52993,2.64346,0.68279,0.82124,0.80123,0.65081,0.73705,0.40493,2.28293,0.63452,0.82764,0.000604763,0.000604763,0.000604763
857,53144,3.16781,0.8414,0.88019,0.80404,0.65342,0.7385,0.40717,2.27833,0.63187,0.82756,0.000597944,0.000597944,0.000597944
858,53206.3,2.7448,0.71789,0.8546,0.81336,0.66049,0.74484,0.4146,2.26781,0.62558,0.82759,0.000591168,0.000591168,0.000591168
859,53288.9,2.72665,0.71587,0.82234,0.81597,0.66167,0.7477,0.41815,2.26556,0.62187,0.82763,0.000584437,0.000584437,0.000584437
860,53329.3,2.59765,0.73472,0.88588,0.82425,0.6574,0.74832,0.41842,2.2879,0.62065,0.82782,0.000577749,0.000577749,0.000577749
861,53333.7,3.05299,0.77407,0.80662,0.82816,0.65527,0.74773,0.41635,2.30422,0.62211,0.82831,0.000571106,0.000571106,0.000571106
862,53338.2,2.60668,0.70078,0.85094,0.82717,0.65444,0.74803,0.41328,2.344,0.62735,0.82887,0.000564507,0.000564507,0.000564507
863,53379.9,2.58984,0.69663,0.85315,0.82582,0.65613,0.7489,0.41271,2.35476,0.62956,0.82899,0.000557952,0.000557952,0.000557952
864,53423.4,2.70701,0.6958,0.82841,0.82845,0.65253,0.74757,0.41193,2.35585,0.63286,0.82908,0.000551442,0.000551442,0.000551442
865,53500.5,2.54393,0.70515,0.88189,0.82869,0.65253,0.74844,0.41172,2.35484,0.63336,0.82917,0.000544975,0.000544975,0.000544975
866,53539.9,2.65106,0.69425,0.86134,0.83062,0.65005,0.74904,0.41298,2.33761,0.6323,0.82894,0.000538554,0.000538554,0.000538554
867,53544.5,2.4213,0.68072,0.86871,0.83142,0.65033,0.74887,0.41578,2.32124,0.6291,0.82848,0.000532177,0.000532177,0.000532177
868,53642.1,2.51831,0.68247,0.86916,0.82904,0.65417,0.74838,0.4182,2.28015,0.6226,0.82745,0.000525844,0.000525844,0.000525844
869,53775.3,2.54445,0.6663,0.88339,0.8326,0.65459,0.74829,0.419,2.26892,0.62038,0.82726,0.000519556,0.000519556,0.000519556
870,53875.2,2.77018,0.73805,0.85743,0.83214,0.65321,0.74941,0.41708,2.26589,0.62134,0.82709,0.000513313,0.000513313,0.000513313
871,53917.7,2.64969,0.70987,0.85429,0.82634,0.64964,0.74553,0.41366,2.27623,0.62418,0.82704,0.000507115,0.000507115,0.000507115
872,54003.7,2.42971,0.68931,0.89006,0.81792,0.64498,0.73901,0.40271,2.31268,0.63053,0.82758,0.000500961,0.000500961,0.000500961
873,54050.3,2.59897,0.71135,0.8624,0.80963,0.64841,0.73874,0.3992,2.323,0.6334,0.82804,0.000494852,0.000494852,0.000494852
874,54107.8,2.67708,0.71476,0.8458,0.80987,0.6436,0.73617,0.39483,2.32991,0.63591,0.82863,0.000488789,0.000488789,0.000488789
875,54112.4,2.58159,0.68626,0.84682,0.80865,0.64703,0.73797,0.39581,2.32853,0.63631,0.8283,0.00048277,0.00048277,0.00048277
876,54219.6,2.56954,0.71123,0.89129,0.81265,0.65029,0.74027,0.40176,2.29893,0.63193,0.82841,0.000476796,0.000476796,0.000476796
877,54270.4,2.74608,0.69897,0.81799,0.81443,0.65211,0.74157,0.40507,2.28309,0.62831,0.8283,0.000470868,0.000470868,0.000470868
878,54390.2,2.77182,0.74168,0.85586,0.82082,0.65094,0.74213,0.41288,2.25778,0.62456,0.82789,0.000464985,0.000464985,0.000464985
879,54510.7,2.40623,0.65408,0.85093,0.81806,0.65198,0.74195,0.41345,2.26231,0.62542,0.82801,0.000459146,0.000459146,0.000459146
880,54607.2,2.77383,0.73027,0.84925,0.8166,0.6506,0.73971,0.41081,2.27563,0.62889,0.82813,0.000453354,0.000453354,0.000453354
881,54611.6,2.51158,0.68258,0.87566,0.82316,0.64606,0.7388,0.40844,2.28658,0.63297,0.82854,0.000447606,0.000447606,0.000447606
882,54616,2.66372,0.72317,0.86893,0.81577,0.6458,0.73647,0.40224,2.31339,0.63894,0.82904,0.000441904,0.000441904,0.000441904
883,54620.5,2.88758,0.77008,0.85627,0.81618,0.64443,0.7365,0.40095,2.32063,0.63906,0.82895,0.000436248,0.000436248,0.000436248
884,54663.2,2.77054,0.7036,0.81273,0.82186,0.64733,0.73914,0.40672,2.29858,0.63131,0.82802,0.000430637,0.000430637,0.000430637
885,54706.3,2.62297,0.69125,0.83657,0.82076,0.65255,0.74192,0.41011,2.2797,0.62687,0.82749,0.000425072,0.000425072,0.000425072
886,54856.6,2.48667,0.69711,0.90021,0.8213,0.65349,0.7431,0.414,2.26717,0.62282,0.82712,0.000419552,0.000419552,0.000419552
887,54926.9,2.51296,0.6674,0.85148,0.82416,0.65486,0.7448,0.41649,2.26011,0.61982,0.82706,0.000414078,0.000414078,0.000414078
888,55021.7,2.45766,0.6788,0.86463,0.82495,0.6539,0.74497,0.41715,2.26681,0.6176,0.82684,0.00040865,0.00040865,0.00040865
889,55102.1,2.82259,0.70909,0.82792,0.82695,0.65321,0.74507,0.41628,2.268,0.61721,0.82699,0.000403267,0.000403267,0.000403267
890,55165.4,2.50783,0.6787,0.85767,0.82086,0.65761,0.74427,0.41515,2.27225,0.61833,0.82715,0.000397931,0.000397931,0.000397931
891,55250.7,2.66969,0.69429,0.85492,0.82265,0.65785,0.74502,0.41414,2.27957,0.61856,0.82734,0.00039264,0.00039264,0.00039264
892,55299.2,2.75167,0.70643,0.83682,0.82046,0.65925,0.74614,0.41312,2.28501,0.61949,0.82771,0.000387396,0.000387396,0.000387396
893,55344.2,2.65981,0.71827,0.84758,0.82079,0.65959,0.74762,0.41263,2.28777,0.6202,0.82785,0.000382197,0.000382197,0.000382197
894,55453.1,2.67792,0.71377,0.86589,0.82358,0.65678,0.74779,0.41231,2.29642,0.61929,0.82797,0.000377044,0.000377044,0.000377044
895,55540.3,2.57011,0.69349,0.83891,0.82079,0.6558,0.74603,0.41106,2.29895,0.61906,0.82823,0.000371938,0.000371938,0.000371938
896,55544.9,2.57832,0.68313,0.83569,0.81583,0.65678,0.74467,0.41028,2.29324,0.61793,0.82823,0.000366877,0.000366877,0.000366877
897,55640.6,2.64282,0.71861,0.85608,0.81286,0.65775,0.74337,0.40952,2.29017,0.6182,0.828,0.000361863,0.000361863,0.000361863
898,55696.7,2.85269,0.75431,0.84349,0.81527,0.6517,0.74059,0.40557,2.29301,0.61968,0.82787,0.000356896,0.000356896,0.000356896
899,55787.4,2.6354,0.71424,0.89492,0.81276,0.65266,0.7418,0.40533,2.29134,0.62077,0.8277,0.000351974,0.000351974,0.000351974
900,55890.7,2.73693,0.70695,0.84564,0.81297,0.65376,0.74237,0.40758,2.27895,0.61952,0.82717,0.000347099,0.000347099,0.000347099
901,55960.8,2.54578,0.6831,0.86358,0.81426,0.65481,0.74264,0.40973,2.26715,0.61942,0.82679,0.00034227,0.00034227,0.00034227
902,56044.3,2.55814,0.70593,0.87037,0.81633,0.65531,0.74517,0.41595,2.25032,0.61463,0.82613,0.000337488,0.000337488,0.000337488
903,56145.7,2.54397,0.6677,0.84199,0.81895,0.65843,0.74724,0.41873,2.24805,0.61487,0.82612,0.000332752,0.000332752,0.000332752
904,56150.4,2.79766,0.71648,0.83034,0.82139,0.66293,0.7502,0.42181,2.26629,0.61574,0.82666,0.000328063,0.000328063,0.000328063
905,56283,2.51276,0.67901,0.84994,0.82192,0.66296,0.75064,0.42067,2.28165,0.61709,0.82681,0.000323421,0.000323421,0.000323421
906,56287.5,2.8231,0.72239,0.82714,0.82097,0.66378,0.75142,0.41807,2.31626,0.62254,0.82779,0.000318825,0.000318825,0.000318825
907,56333.2,2.47176,0.66467,0.86421,0.82338,0.66392,0.75223,0.4174,2.32958,0.62368,0.82843,0.000314275,0.000314275,0.000314275
908,56373.7,2.58529,0.67723,0.84281,0.82709,0.66391,0.75312,0.41648,2.34041,0.62369,0.82893,0.000309773,0.000309773,0.000309773
909,56419.4,2.5934,0.7197,0.85558,0.82903,0.662,0.75303,0.4169,2.33971,0.6232,0.82891,0.000305317,0.000305317,0.000305317
910,56423.8,2.39389,0.66689,0.86531,0.82932,0.65925,0.75079,0.41883,2.3162,0.62013,0.82857,0.000300908,0.000300908,0.000300908
911,56427.5,3.00983,0.72562,0.81154,0.82815,0.65761,0.75038,0.41946,2.29928,0.61938,0.82829,0.000296546,0.000296546,0.000296546
912,56491.5,2.69572,0.70098,0.83763,0.82823,0.65664,0.75134,0.42337,2.24768,0.61072,0.8268,0.000292231,0.000292231,0.000292231
913,56496.2,2.61606,0.67727,0.83225,0.82535,0.6559,0.74945,0.42379,2.23082,0.6076,0.82602,0.000287963,0.000287963,0.000287963
914,56552.1,2.75435,0.68428,0.81734,0.82355,0.65292,0.7471,0.42053,2.23131,0.60976,0.82539,0.000283742,0.000283742,0.000283742
915,56599.6,2.46373,0.68405,0.87031,0.81968,0.65376,0.74614,0.41759,2.2444,0.61203,0.82559,0.000279568,0.000279568,0.000279568
916,56722.6,2.42578,0.71382,0.91375,0.80956,0.65513,0.74228,0.40941,2.275,0.6201,0.82626,0.000275441,0.000275441,0.000275441
917,56773.8,2.40137,0.6688,0.86267,0.81144,0.64871,0.739,0.40589,2.28633,0.62238,0.82668,0.000271361,0.000271361,0.000271361
918,56836.5,2.79109,0.76759,0.87394,0.80485,0.64491,0.7339,0.39959,2.30857,0.62886,0.8274,0.000267328,0.000267328,0.000267328
919,56881.1,2.57076,0.67181,0.84083,0.80389,0.64435,0.73396,0.39923,2.31147,0.62953,0.82766,0.000263343,0.000263343,0.000263343
920,56885.1,2.95889,0.74846,0.81581,0.80977,0.64552,0.73799,0.40113,2.30631,0.62645,0.82731,0.000259404,0.000259404,0.000259404
921,56888.9,2.77921,0.68445,0.82155,0.80989,0.64772,0.73842,0.40318,2.30011,0.6248,0.82723,0.000255513,0.000255513,0.000255513
922,57000.8,2.49402,0.70638,0.88813,0.80806,0.65335,0.74047,0.40658,2.28473,0.62041,0.82716,0.00025167,0.00025167,0.00025167
923,57049.4,2.55899,0.68833,0.87979,0.8088,0.65507,0.74202,0.40813,2.28093,0.61774,0.82715,0.000247873,0.000247873,0.000247873
924,57208.5,2.70415,0.7237,0.8584,0.81053,0.65815,0.74492,0.41272,2.26765,0.61618,0.82697,0.000244124,0.000244124,0.000244124
925,57311.1,2.69638,0.69711,0.83173,0.81182,0.65898,0.74561,0.41344,2.2646,0.61515,0.827,0.000240423,0.000240423,0.000240423
926,57367.5,2.61722,0.68986,0.83987,0.81539,0.66034,0.74818,0.4166,2.26224,0.61463,0.82692,0.000236769,0.000236769,0.000236769
927,57456.8,2.31465,0.65421,0.88281,0.81697,0.65877,0.74778,0.41672,2.26416,0.61569,0.82688,0.000233162,0.000233162,0.000233162
928,57497.7,2.76535,0.7131,0.84397,0.81776,0.6609,0.74798,0.4182,2.26071,0.61263,0.82687,0.000229603,0.000229603,0.000229603
929,57541.6,2.41392,0.68641,0.87735,0.81555,0.66282,0.74893,0.41845,2.26119,0.61314,0.82676,0.000226092,0.000226092,0.000226092
930,57639.6,2.54915,0.67982,0.85359,0.82208,0.65969,0.74834,0.41959,2.26746,0.61339,0.82701,0.000222628,0.000222628,0.000222628
931,57677.9,2.43983,0.71411,0.94573,0.82464,0.66175,0.75012,0.42024,2.26976,0.61379,0.8273,0.000219212,0.000219212,0.000219212
932,57681.9,3.00211,0.75845,0.83628,0.82751,0.66172,0.75121,0.42076,2.27737,0.61443,0.82743,0.000215844,0.000215844,0.000215844
933,57781,2.53324,0.66416,0.83624,0.82789,0.66159,0.75126,0.42013,2.27797,0.6142,0.82725,0.000212523,0.000212523,0.000212523
934,57862.5,2.4951,0.68565,0.85301,0.82622,0.65925,0.75101,0.41995,2.27573,0.61445,0.82702,0.00020925,0.00020925,0.00020925
935,57958.3,2.6409,0.69602,0.86774,0.82621,0.65788,0.74946,0.41919,2.27748,0.61508,0.82698,0.000206025,0.000206025,0.000206025
936,58065.5,2.76954,0.76184,0.85212,0.82446,0.65843,0.74821,0.41815,2.27455,0.61601,0.82695,0.000202847,0.000202847,0.000202847
937,58142.6,2.52933,0.70494,0.87412,0.82026,0.65939,0.74746,0.41746,2.27231,0.61621,0.82698,0.000199717,0.000199717,0.000199717
938,58198.9,2.41854,0.6531,0.87157,0.81632,0.65733,0.74583,0.41372,2.27807,0.61713,0.82696,0.000196636,0.000196636,0.000196636
939,58259.3,2.54751,0.69271,0.90954,0.81147,0.65761,0.7445,0.41279,2.2796,0.61809,0.827,0.000193602,0.000193602,0.000193602
940,58314.9,2.58093,0.68774,0.85957,0.80416,0.65582,0.74123,0.41157,2.27893,0.6196,0.82705,0.000190616,0.000190616,0.000190616
941,58375.2,2.6787,0.69871,0.83275,0.80526,0.65454,0.7413,0.41207,2.27922,0.61943,0.82713,0.000187678,0.000187678,0.000187678
942,58432.4,2.52953,0.70121,0.87026,0.80391,0.65719,0.74359,0.41261,2.27073,0.61695,0.82703,0.000184788,0.000184788,0.000184788
943,58437.3,2.85043,0.75003,0.82258,0.80916,0.65719,0.74545,0.41369,2.26641,0.61619,0.82689,0.000181946,0.000181946,0.000181946
944,58530.8,2.59741,0.71836,0.87754,0.81213,0.65582,0.74506,0.41562,2.25545,0.61394,0.82661,0.000179152,0.000179152,0.000179152
945,58587.8,2.70749,0.7182,0.84515,0.8162,0.65651,0.74608,0.41754,2.24665,0.612,0.82648,0.000176407,0.000176407,0.000176407
946,58664.1,2.80029,0.73367,0.84315,0.81677,0.65541,0.74654,0.42001,2.23668,0.61077,0.82631,0.000173709,0.000173709,0.000173709
947,58752.3,2.7449,0.69481,0.84491,0.81552,0.65726,0.74759,0.42124,2.23124,0.60882,0.82627,0.000171059,0.000171059,0.000171059
948,58790.2,2.73097,0.68433,0.82642,0.81531,0.65857,0.74847,0.42211,2.22686,0.60635,0.82592,0.000168458,0.000168458,0.000168458
949,58829.3,2.35753,0.64556,0.86231,0.81555,0.65912,0.74931,0.42282,2.22304,0.60577,0.82574,0.000165905,0.000165905,0.000165905
950,58882.2,2.64854,0.70671,0.84627,0.81118,0.66233,0.75021,0.4234,2.22118,0.60551,0.82559,0.0001634,0.0001634,0.0001634
951,58972.7,2.42104,0.68612,0.89719,0.8109,0.66159,0.75006,0.42179,2.22537,0.6059,0.82571,0.000160943,0.000160943,0.000160943
952,58977.2,2.39929,0.65567,0.86936,0.81076,0.6598,0.74684,0.41525,2.25501,0.61167,0.82615,0.000158534,0.000158534,0.000158534
953,59126.8,2.55855,0.6708,0.85727,0.80977,0.65719,0.74495,0.41155,2.26571,0.6142,0.82656,0.000156174,0.000156174,0.000156174
954,59165.9,2.46953,0.65748,0.83652,0.80851,0.65431,0.74079,0.40618,2.28423,0.61797,0.82698,0.000153862,0.000153862,0.000153862
955,59211.6,2.65055,0.69608,0.82835,0.80909,0.65294,0.74015,0.40406,2.29579,0.62091,0.82676,0.000151598,0.000151598,0.000151598
956,59269.2,2.34514,0.65588,0.85568,0.81479,0.64805,0.7397,0.40208,2.30525,0.62319,0.82717,0.000149383,0.000149383,0.000149383
957,59346.8,2.33255,0.6564,0.91836,0.81195,0.64848,0.73913,0.4013,2.30995,0.62404,0.82725,0.000147216,0.000147216,0.000147216
958,59471.3,2.66143,0.71599,0.85723,0.81224,0.64662,0.73816,0.40073,2.30866,0.62441,0.82737,0.000145097,0.000145097,0.000145097
959,59513.5,2.48471,0.68624,0.87343,0.81431,0.64731,0.73902,0.4017,2.30383,0.62371,0.82723,0.000143027,0.000143027,0.000143027
960,59656.7,2.4556,0.66478,0.8625,0.81934,0.64923,0.74174,0.40403,2.29367,0.62258,0.82703,0.000141006,0.000141006,0.000141006
961,59726.1,2.66038,0.70456,0.84276,0.81769,0.65024,0.74187,0.40573,2.28674,0.62154,0.82696,0.000139032,0.000139032,0.000139032
962,59808.5,2.6941,0.68758,0.82655,0.82149,0.64948,0.74407,0.41101,2.26686,0.61794,0.8264,0.000137107,0.000137107,0.000137107
963,59813.3,2.41838,0.67136,0.86184,0.821,0.65111,0.74499,0.41222,2.26081,0.61756,0.82616,0.000135231,0.000135231,0.000135231
964,59917.8,2.50759,0.69081,0.9027,0.81791,0.65253,0.74461,0.41397,2.25951,0.61647,0.82615,0.000133403,0.000133403,0.000133403
965,59955.1,2.62519,0.68882,0.83622,0.818,0.6553,0.74564,0.41415,2.26049,0.61687,0.82616,0.000131624,0.000131624,0.000131624
966,60031.9,2.44553,0.66187,0.88534,0.81602,0.65445,0.74392,0.41345,2.26456,0.61777,0.82633,0.000129893,0.000129893,0.000129893
967,60094,2.59281,0.6769,0.82936,0.81626,0.65486,0.74354,0.41354,2.26177,0.61726,0.82629,0.000128211,0.000128211,0.000128211
968,60147.5,2.53595,0.70007,0.86706,0.81321,0.65431,0.74202,0.41221,2.26573,0.61734,0.82633,0.000126577,0.000126577,0.000126577
969,60222.3,2.6197,0.70299,0.86189,0.81186,0.6539,0.74168,0.41109,2.2703,0.61846,0.82645,0.000124992,0.000124992,0.000124992
970,60275,2.61163,0.69887,0.86823,0.8131,0.65266,0.74099,0.40847,2.28086,0.62105,0.82686,0.000123456,0.000123456,0.000123456
971,60435.3,2.72854,0.70871,0.84378,0.81149,0.65294,0.74102,0.40839,2.28394,0.62132,0.82692,0.000121968,0.000121968,0.000121968
972,60484.8,2.56734,0.69665,0.85244,0.81531,0.65362,0.74189,0.40925,2.2807,0.61951,0.82687,0.000120529,0.000120529,0.000120529
973,60538.6,2.37802,0.68404,0.90073,0.81328,0.65538,0.74202,0.40921,2.27963,0.61873,0.82699,0.000119139,0.000119139,0.000119139
974,60654.1,2.742,0.69733,0.84073,0.81531,0.65574,0.74324,0.41128,2.27342,0.61635,0.82667,0.000117797,0.000117797,0.000117797
975,60777.4,2.46579,0.71619,0.89608,0.81546,0.65699,0.74497,0.41214,2.27328,0.61674,0.82667,0.000116504,0.000116504,0.000116504
976,60869.4,2.66937,0.68088,0.81797,0.81633,0.65802,0.74609,0.41391,2.26805,0.61586,0.82652,0.000115259,0.000115259,0.000115259
977,60946.7,2.65556,0.69999,0.84285,0.81843,0.6587,0.74677,0.41461,2.26313,0.61403,0.82643,0.000114063,0.000114063,0.000114063
978,61000.5,2.88373,0.7706,0.8363,0.81857,0.65841,0.74716,0.41523,2.25965,0.61304,0.82638,0.000112916,0.000112916,0.000112916
979,61083.1,2.35987,0.65971,0.86759,0.8184,0.65761,0.74672,0.4152,2.26025,0.614,0.8265,0.000111818,0.000111818,0.000111818
980,61087.9,2.73129,0.69627,0.82006,0.81943,0.65719,0.74685,0.41469,2.25782,0.61404,0.82622,0.000110769,0.000110769,0.000110769
981,61092.9,3.01682,0.80541,0.8402,0.81879,0.65754,0.74639,0.41433,2.26029,0.6151,0.82611,0.000109768,0.000109768,0.000109768
982,61131.9,2.66437,0.73189,0.87889,0.81914,0.656,0.74552,0.41056,2.27461,0.61802,0.82641,0.000108816,0.000108816,0.000108816
983,61136,2.57923,0.67063,0.84677,0.81795,0.6557,0.74492,0.41068,2.27312,0.61732,0.82627,0.000107912,0.000107912,0.000107912
984,61269.2,2.96543,0.7457,0.83073,0.81733,0.65419,0.74372,0.41085,2.27505,0.61809,0.8262,0.000107058,0.000107058,0.000107058
985,61272.9,2.74534,0.70609,0.828,0.81765,0.65472,0.74411,0.4116,2.2729,0.61736,0.82613,0.000106252,0.000106252,0.000106252
986,61346.3,2.62008,0.69396,0.87448,0.81898,0.655,0.74551,0.41403,2.25946,0.61457,0.82581,0.000105495,0.000105495,0.000105495
987,61469,2.57083,0.70249,0.85922,0.8184,0.65527,0.74662,0.4149,2.25986,0.61441,0.82568,0.000104787,0.000104787,0.000104787
988,61520.4,2.40676,0.67733,0.86122,0.8188,0.65884,0.7478,0.41658,2.25546,0.61273,0.82588,0.000104128,0.000104128,0.000104128
989,61568,2.26406,0.62097,0.84474,0.82001,0.65738,0.74829,0.41655,2.25568,0.6125,0.82588,0.000103517,0.000103517,0.000103517
990,61623.8,2.30342,0.64399,0.86664,0.82094,0.65719,0.7487,0.41657,2.26014,0.61309,0.82606,0.000102955,0.000102955,0.000102955
991,61684.1,2.84915,0.7494,0.85393,0.82052,0.65714,0.74795,0.41596,2.2633,0.6147,0.82622,0.000102443,0.000102443,0.000102443
992,61688.3,2.45541,0.68839,0.88237,0.81588,0.65925,0.74711,0.41452,2.27323,0.61674,0.82665,0.000101978,0.000101978,0.000101978
993,61692.4,2.49802,0.67139,0.87438,0.81003,0.66021,0.74614,0.41341,2.27587,0.61794,0.82675,0.000101563,0.000101563,0.000101563
994,61697.2,2.69202,0.70017,0.8443,0.81184,0.65719,0.74496,0.41381,2.2719,0.61896,0.82686,0.000101197,0.000101197,0.000101197
995,61701.1,2.45667,0.63791,0.8391,0.81389,0.65637,0.74494,0.41413,2.27057,0.61848,0.82677,0.000100879,0.000100879,0.000100879
996,61705.6,2.35865,0.67754,0.88888,0.81369,0.65773,0.74546,0.41529,2.26146,0.61781,0.82684,0.000100611,0.000100611,0.000100611
997,61710,2.81669,0.77884,0.89579,0.818,0.65541,0.74584,0.41506,2.26623,0.61837,0.82706,0.000100391,0.000100391,0.000100391
998,61714.1,2.57295,0.69738,0.88688,0.81605,0.66019,0.74694,0.41529,2.27066,0.61933,0.82769,0.00010022,0.00010022,0.00010022
999,61717.8,2.4288,0.64907,0.86817,0.81638,0.65799,0.74548,0.41463,2.27627,0.62018,0.82775,0.000100098,0.000100098,0.000100098
1000,61722,2.58028,0.64577,0.82102,0.81817,0.65976,0.74692,0.41459,2.27599,0.61882,0.82769,0.000100024,0.000100024,0.000100024
