epoch,time,train/box_loss,train/cls_loss,train/dfl_loss,metrics/precision(B),metrics/recall(B),metrics/mAP50(B),metrics/mAP50-95(B),val/box_loss,val/cls_loss,val/dfl_loss,lr/pg0,lr/pg1,lr/pg2
1,7.07895,6.00749,2.75676,1.07757,0.14192,0.08526,0.05655,0.01343,6.29245,8.54892,0.89334,0.04775,0.00025,0.00025
2,14.7871,4.97495,1.70842,0.91581,0.17685,0.08855,0.05826,0.01461,5.94634,6.12305,0.89606,0.0450495,0.000549456,0.000549456
3,21.4962,5.15296,1.34502,0.92973,0.09957,0.10832,0.05431,0.01395,5.86513,125.453,0.952,0.0423483,0.000848317,0.000848317
4,27.6658,5.2473,1.42618,0.94842,0.05011,0.0615,0.02312,0.00565,6.69366,675.453,0.98387,0.0396466,0.00114658,0.00114658
5,34.1131,5.27264,1.38321,0.91038,0.01467,0.01194,0.00432,0.00118,7.68383,807.136,1.19982,0.0369443,0.00144426,0.00144426
6,40.1494,5.28469,1.38206,0.90546,0.06812,0.06995,0.02817,0.00744,6.21709,74.4155,1.05749,0.0342413,0.00174134,0.00174134
7,46.9098,5.3932,1.39183,0.93724,8e-05,0.00014,6e-05,1e-05,6.85113,350291,2.62858,0.0315378,0.00203782,0.00203782
8,53.5079,5.61119,1.75252,0.90512,8e-05,0.00014,6e-05,2e-05,8.9705,17580.1,61.2595,0.0288337,0.00233371,0.00233371
9,59.647,5.28313,1.40501,0.90894,0,0,0,0,2e-05,8e-05,0.00011,0.026129,0.00262901,0.00262901
10,65.7869,5.55515,1.71526,0.89578,0.00403,0.00659,0.00208,0.00048,8.42861,46846.2,487.712,0.0234237,0.00292372,0.00292372
11,71.754,5.75448,1.49053,0.93666,0.00017,0.00027,0.00033,6e-05,8.4933,563819,148.576,0.0207178,0.00321783,0.00321783
12,77.3946,5.8521,1.58136,0.89243,0.00025,0.00041,0.00013,2e-05,8.90954,15607.3,1.55082,0.0180113,0.00351134,0.00351134
13,83.3635,5.64244,1.50414,0.90819,0,0,0,0,0,52.3381,0,0.0153043,0.00380426,0.00380426
14,89.0449,5.97172,1.77403,1.00989,8e-05,0.00014,4e-05,2e-05,8.30766,9536.87,2.03339,0.0125966,0.00409659,0.00409659
15,94.8356,5.81118,1.69057,0.96073,0,0,0,0,8.59504,332385,30.9385,0.00988832,0.00438832,0.00438832
16,101.043,5.80599,1.70991,0.92851,8e-05,0.00014,4e-05,1e-05,8.81557,1.48312e+06,539.633,0.00717946,0.00467946,0.00467946
17,107.169,5.63522,1.73506,0.90578,0.00189,0.00151,0.00095,0.00022,8.26705,2562.31,34.1519,0.0049208,0.0049208,0.0049208
18,112.774,5.54346,1.62029,0.93763,0,0,0,0,0,119699,0,0.00491585,0.00491585,0.00491585
19,118.848,6.05579,1.55232,0.87593,0,0,0,0,5.6117,4.04577e+06,69.5643,0.0049109,0.0049109,0.0049109
20,124.973,6.00071,1.68518,0.94889,0,0,0,0,9.06572,37815.9,53.4032,0.00490595,0.00490595,0.00490595
21,130.616,5.59726,1.62521,0.91536,0,0,0,0,1.99258,194037,7.05727,0.004901,0.004901,0.004901
22,136.65,5.81456,1.59463,0.90333,0.13507,0.07523,0.04997,0.01203,6.25542,6.00336,1.04919,0.00489605,0.00489605,0.00489605
23,142.879,5.94171,1.60957,0.91455,0.06801,0.06604,0.02986,0.00773,6.56706,37.0376,1.01904,0.0048911,0.0048911,0.0048911
24,149.308,5.87026,1.46854,0.95248,0.13429,0.06549,0.04875,0.01318,6.27852,4.11769,0.92041,0.00488615,0.00488615,0.00488615
25,155.958,5.49099,1.47514,0.84501,0.16099,0.07578,0.06065,0.01563,6.04781,7.39008,0.89142,0.0048812,0.0048812,0.0048812
26,162.387,5.53194,1.45794,0.86928,0.18222,0.07867,0.05703,0.01519,6.22521,9.3247,0.93016,0.00487625,0.00487625,0.00487625
27,168.692,5.67889,1.37678,0.87623,0.13938,0.06329,0.04358,0.01281,6.43821,7.2105,0.94166,0.0048713,0.0048713,0.0048713
28,175.163,5.64039,1.45853,0.8932,0.1107,0.10475,0.06513,0.01959,5.6297,5.55453,0.84161,0.00486635,0.00486635,0.00486635
29,181.718,5.33616,1.3535,0.85556,0.17409,0.08992,0.0681,0.01967,5.85331,4.73113,0.84367,0.0048614,0.0048614,0.0048614
30,188.263,5.73286,1.39346,0.87011,0.14819,0.07825,0.04825,0.01237,6.27966,3.93384,0.92244,0.00485645,0.00485645,0.00485645
31,194.632,5.40119,1.69904,0.89749,0.13784,0.06919,0.04728,0.01271,6.37376,3.25777,0.91784,0.0048515,0.0048515,0.0048515
32,201.052,5.59083,1.38116,0.88255,0.18457,0.11107,0.08815,0.02534,5.56538,2.04826,0.84238,0.00484655,0.00484655,0.00484655
33,207.583,5.02421,1.365,0.90641,0.18751,0.10557,0.08068,0.0228,5.63702,2.10625,0.84538,0.0048416,0.0048416,0.0048416
34,213.6,5.00463,1.28826,0.88473,0.05004,0.07111,0.02933,0.00891,5.81574,13.1453,0.9128,0.00483665,0.00483665,0.00483665
35,219.621,5.21668,1.37505,0.87823,0.25094,0.11116,0.09526,0.02711,5.80492,1.67275,0.87811,0.0048317,0.0048317,0.0048317
36,226.486,5.1057,1.33072,0.90235,0.1855,0.0648,0.0518,0.01366,6.27127,2.13436,0.88867,0.00482675,0.00482675,0.00482675
37,232.391,4.97621,1.36391,0.902,0.07677,0.088,0.05141,0.01236,6.41483,2.23077,0.90402,0.0048218,0.0048218,0.0048218
38,238.591,5.34372,1.37426,0.84487,0.25029,0.10242,0.09144,0.02458,5.83968,1.6732,0.85885,0.00481685,0.00481685,0.00481685
39,244.679,5.03137,1.35885,0.884,0.28203,0.13277,0.11746,0.03141,5.52096,1.59403,0.83732,0.0048119,0.0048119,0.0048119
40,251.694,4.84625,1.24056,0.87497,0.28484,0.14594,0.13506,0.03602,5.37694,1.53856,0.82741,0.00480695,0.00480695,0.00480695
41,257.988,5.1643,1.34317,0.86065,0.32279,0.14786,0.14029,0.03949,5.29768,1.40409,0.82171,0.004802,0.004802,0.004802
42,264.817,5.0758,1.28419,0.88672,0.23966,0.11532,0.1032,0.02936,5.49878,1.66262,0.8517,0.00479705,0.00479705,0.00479705
43,271.054,5.03591,1.27079,0.85692,0.21668,0.08818,0.08448,0.0249,5.58601,1.93985,0.84471,0.0047921,0.0047921,0.0047921
44,277.586,4.86885,1.40633,0.88063,0.3329,0.12586,0.12515,0.03683,5.23617,1.45544,0.81701,0.00478715,0.00478715,0.00478715
45,283.896,4.99282,1.24175,0.85067,0.30115,0.14141,0.12983,0.03834,5.27727,1.48901,0.8295,0.0047822,0.0047822,0.0047822
46,290.238,5.12721,1.3683,0.85792,0.30863,0.14862,0.14195,0.04268,5.1987,1.99285,0.8353,0.00477725,0.00477725,0.00477725
47,296.321,4.84118,1.1991,0.87269,0.32242,0.1494,0.14586,0.04481,5.20931,1.45277,0.83344,0.0047723,0.0047723,0.0047723
48,303.38,4.74317,1.13643,0.8567,0.32521,0.15211,0.14653,0.04277,5.27988,1.45039,0.8386,0.00476735,0.00476735,0.00476735
49,309.863,5.06897,1.34774,0.8855,0.30313,0.13729,0.13039,0.03814,5.33618,1.60022,0.84643,0.0047624,0.0047624,0.0047624
50,316.537,4.91595,1.35397,0.8446,0.35777,0.14649,0.14635,0.04102,5.25773,1.46857,0.82866,0.00475745,0.00475745,0.00475745
51,322.32,5.02209,1.4025,0.8742,0.34138,0.14979,0.14445,0.04176,5.21585,1.42593,0.82958,0.0047525,0.0047525,0.0047525
52,328.762,4.84637,1.25869,0.86976,0.29967,0.11544,0.12037,0.03791,5.22453,1.81964,0.8514,0.00474755,0.00474755,0.00474755
53,334.755,4.68056,1.16128,0.86967,0.26351,0.11065,0.10905,0.03368,5.44118,1.67301,0.85861,0.0047426,0.0047426,0.0047426
54,341.068,4.97418,1.24904,0.87446,0.11006,0.10873,0.07075,0.01955,5.60215,2.12913,0.83769,0.00473765,0.00473765,0.00473765
55,347.203,4.96262,1.29567,0.8955,0.05647,0.09226,0.04515,0.01245,5.70829,2.38947,0.8394,0.0047327,0.0047327,0.0047327
56,353.349,4.92899,1.17712,0.86958,0.30947,0.13715,0.12666,0.03457,5.45633,1.88101,0.82666,0.00472775,0.00472775,0.00472775
57,359.12,5.04245,1.24546,0.83215,0.33885,0.14896,0.14516,0.04125,5.2374,1.76708,0.82204,0.0047228,0.0047228,0.0047228
58,364.939,4.50721,1.19179,0.88022,0.33208,0.14484,0.14078,0.04133,5.31696,1.27382,0.8101,0.00471785,0.00471785,0.00471785
59,370.801,4.74032,1.18511,0.87598,0.35279,0.17861,0.18099,0.05285,5.03537,1.47093,0.81015,0.0047129,0.0047129,0.0047129
60,377.647,4.71005,1.25318,0.87072,0.30043,0.1377,0.12453,0.0318,5.5744,1.37879,0.81521,0.00470795,0.00470795,0.00470795
61,383.621,5.08658,1.35928,0.86728,0.36403,0.15253,0.15366,0.04473,5.16537,1.33712,0.82137,0.004703,0.004703,0.004703
62,389.672,4.90502,1.33599,0.88589,0.338,0.12823,0.12273,0.03538,5.45609,1.47945,0.8396,0.00469805,0.00469805,0.00469805
63,395.443,4.60791,1.15416,0.87332,0.39668,0.12872,0.14002,0.04111,5.26655,1.43165,0.8288,0.0046931,0.0046931,0.0046931
64,401.934,4.80698,1.23559,0.8972,0.28226,0.10667,0.09755,0.02759,5.58597,1.54678,0.85368,0.00468815,0.00468815,0.00468815
65,408.126,4.64608,1.19584,0.88721,0.3052,0.13317,0.12626,0.03651,5.42462,1.3778,0.84708,0.0046832,0.0046832,0.0046832
66,414.553,4.76188,1.18632,0.86334,0.38865,0.17628,0.17773,0.05266,4.93557,1.24091,0.81237,0.00467825,0.00467825,0.00467825
67,420.585,4.58438,1.19835,0.83835,0.3707,0.15815,0.15719,0.04794,4.87949,1.28451,0.80652,0.0046733,0.0046733,0.0046733
68,426.603,4.62198,1.24492,0.84629,0.3164,0.15198,0.13636,0.03724,5.1747,1.51479,0.80568,0.00466835,0.00466835,0.00466835
69,432.651,4.80563,1.24973,0.84666,0.34105,0.15912,0.15149,0.04327,5.18433,1.64177,0.81325,0.0046634,0.0046634,0.0046634
70,438.853,5.22189,1.38681,0.81987,0.26663,0.12177,0.10884,0.02844,5.57448,1.45127,0.82035,0.00465845,0.00465845,0.00465845
71,444.82,5.16741,1.33749,0.83693,0.2189,0.07839,0.0656,0.01603,6.14983,1.70709,0.82705,0.0046535,0.0046535,0.0046535
72,451.303,5.02703,1.27741,0.85912,0.35733,0.15907,0.15327,0.04631,5.05263,1.36384,0.82041,0.00464855,0.00464855,0.00464855
73,457.631,4.53578,1.19179,0.84877,0.35539,0.17298,0.16603,0.05035,4.97239,1.26249,0.81707,0.0046436,0.0046436,0.0046436
74,463.793,4.71406,1.22967,0.8275,0.28677,0.12383,0.12081,0.03546,5.41726,1.46119,0.84569,0.00463865,0.00463865,0.00463865
75,469.616,4.9355,1.1875,0.85756,0.30816,0.13344,0.13015,0.03784,5.32935,1.42914,0.84221,0.0046337,0.0046337,0.0046337
76,475.896,4.69428,1.12558,0.84607,0.30739,0.13468,0.12572,0.0382,5.37957,1.43988,0.84267,0.00462875,0.00462875,0.00462875
77,481.745,4.60302,1.10398,0.83752,0.29445,0.12905,0.11895,0.03534,5.45388,1.49676,0.84872,0.0046238,0.0046238,0.0046238
78,487.588,4.60586,1.12546,0.8454,0.36514,0.17065,0.17137,0.05427,4.93129,1.28524,0.81671,0.00461885,0.00461885,0.00461885
79,494.238,4.6054,1.16218,0.81897,0.39769,0.17957,0.18377,0.0571,4.84074,1.23843,0.81311,0.0046139,0.0046139,0.0046139
80,500.944,4.52721,1.4008,0.83243,0.38073,0.17655,0.17467,0.05593,4.91581,1.2031,0.8214,0.00460895,0.00460895,0.00460895
81,507.148,4.39712,1.10093,0.8347,0.37796,0.18852,0.18538,0.05497,4.81413,1.18159,0.80343,0.004604,0.004604,0.004604
82,513.247,4.77536,1.27085,0.83475,0.33038,0.15815,0.1481,0.04375,5.18301,1.28237,0.83302,0.00459905,0.00459905,0.00459905
83,519.409,4.61556,1.25808,0.84989,0.30253,0.1355,0.1246,0.03641,5.44571,1.37403,0.85645,0.0045941,0.0045941,0.0045941
84,525.976,4.60766,1.17145,0.85626,0.35818,0.15745,0.15678,0.04761,5.19693,1.41862,0.83922,0.00458915,0.00458915,0.00458915
85,532.104,4.82567,1.20283,0.83594,0.35733,0.15431,0.15209,0.04931,5.09698,1.32556,0.83106,0.0045842,0.0045842,0.0045842
86,538.612,4.89936,1.21879,0.82355,0.34551,0.17037,0.16469,0.05145,4.82486,1.43829,0.8123,0.00457925,0.00457925,0.00457925
87,544.898,4.46544,1.10852,0.83032,0.32585,0.14113,0.13645,0.03772,5.33365,1.41656,0.81329,0.0045743,0.0045743,0.0045743
88,550.765,4.60936,1.13701,0.85418,0.4126,0.1841,0.18885,0.05825,4.81097,1.35256,0.81609,0.00456935,0.00456935,0.00456935
89,557.581,4.62612,1.13292,0.84926,0.41955,0.19193,0.20166,0.06227,4.69676,1.19196,0.81384,0.0045644,0.0045644,0.0045644
90,563.981,4.5119,1.13934,0.84248,0.42263,0.19316,0.20971,0.06913,4.65572,1.15182,0.80853,0.00455945,0.00455945,0.00455945
91,570.335,4.68329,1.11578,0.8205,0.41276,0.20662,0.2178,0.06936,4.63209,1.13692,0.80802,0.0045545,0.0045545,0.0045545
92,576.351,4.56726,1.10643,0.85689,0.38429,0.18868,0.19082,0.06223,4.66586,1.19945,0.80595,0.00454955,0.00454955,0.00454955
93,582.415,4.67704,1.18801,0.84968,0.37778,0.18245,0.1836,0.05751,4.81606,1.26435,0.81569,0.0045446,0.0045446,0.0045446
94,588.591,4.44989,1.0719,0.8462,0.38156,0.14937,0.15474,0.04643,5.057,1.36269,0.81484,0.00453965,0.00453965,0.00453965
95,594.382,4.56053,1.13106,0.88201,0.41551,0.14813,0.15873,0.04836,4.99938,1.31122,0.82011,0.0045347,0.0045347,0.0045347
96,600.247,4.83564,1.26069,0.86196,0.36713,0.14256,0.14973,0.04706,5.02832,1.43327,0.82858,0.00452975,0.00452975,0.00452975
97,605.888,4.78545,1.24321,0.84109,0.37102,0.16296,0.16458,0.0521,4.94507,1.30352,0.82721,0.0045248,0.0045248,0.0045248
98,612.195,4.75439,1.18429,0.84161,0.3908,0.1735,0.17279,0.05268,4.82809,1.21524,0.80688,0.00451985,0.00451985,0.00451985
99,617.937,4.34021,1.23163,0.85081,0.38099,0.15761,0.16198,0.04993,4.9019,1.24847,0.80389,0.0045149,0.0045149,0.0045149
100,624.336,4.78004,1.202,0.83953,0.37801,0.18081,0.18484,0.05896,4.88931,1.24896,0.81272,0.00450995,0.00450995,0.00450995
101,629.743,4.58409,1.11489,0.81779,0.42504,0.17811,0.19286,0.06159,4.75401,1.2172,0.80506,0.004505,0.004505,0.004505
102,635.414,4.42921,1.117,0.83989,0.34677,0.16818,0.16084,0.04966,5.11023,1.28942,0.82436,0.00450005,0.00450005,0.00450005
103,640.914,4.30841,1.13958,0.85111,0.32405,0.15105,0.14728,0.04573,5.1704,1.33417,0.82514,0.0044951,0.0044951,0.0044951
104,647.148,4.58711,1.23341,0.83584,0.38627,0.14853,0.15713,0.05008,4.97992,1.25028,0.8238,0.00449015,0.00449015,0.00449015
105,653.231,4.72908,1.21837,0.84068,0.38297,0.15912,0.15774,0.04669,5.09643,1.25988,0.81804,0.0044852,0.0044852,0.0044852
106,659.039,4.99428,1.14189,0.82179,0.3921,0.14827,0.16907,0.04937,5.17981,1.3789,0.82328,0.00448025,0.00448025,0.00448025
107,664.804,4.73186,1.22837,0.84572,0.40018,0.14031,0.16528,0.04912,5.19137,1.3649,0.82193,0.0044753,0.0044753,0.0044753
108,671.079,4.67829,1.16159,0.82424,0.41783,0.18177,0.19575,0.06232,4.71113,1.19521,0.80721,0.00447035,0.00447035,0.00447035
109,676.426,4.30429,1.12788,0.82869,0.37136,0.1575,0.17095,0.0517,4.98909,1.27692,0.80751,0.0044654,0.0044654,0.0044654
110,682.306,4.66971,1.26473,0.86657,0.3555,0.1463,0.15144,0.04399,5.20636,1.36769,0.82136,0.00446045,0.00446045,0.00446045
111,687.823,4.86932,1.19933,0.81739,0.35249,0.14275,0.14169,0.04104,5.1798,1.42826,0.81884,0.0044555,0.0044555,0.0044555
112,693.696,4.78717,1.23121,0.84286,0.29444,0.09445,0.09103,0.02485,5.66195,1.61509,0.82585,0.00445055,0.00445055,0.00445055
113,699.195,4.56722,1.17607,0.81374,0.33281,0.1215,0.11667,0.03576,5.56417,1.53845,0.82583,0.0044456,0.0044456,0.0044456
114,705.414,4.08418,1.02938,0.84152,0.46413,0.16433,0.19586,0.06317,4.67068,1.20625,0.80463,0.00444065,0.00444065,0.00444065
115,711.445,4.38731,1.11295,0.82959,0.43869,0.176,0.19597,0.06385,4.63595,1.16583,0.80598,0.0044357,0.0044357,0.0044357
116,717.393,4.83988,1.23455,0.8205,0.37239,0.18081,0.17891,0.05565,4.85632,1.24698,0.81288,0.00443075,0.00443075,0.00443075
117,723.318,4.6835,1.2008,0.84835,0.39362,0.18122,0.18758,0.06129,4.74138,1.15141,0.80755,0.0044258,0.0044258,0.0044258
118,729.365,4.47051,1.12517,0.81726,0.39682,0.18506,0.19039,0.06052,4.72387,1.23559,0.80344,0.00442085,0.00442085,0.00442085
119,735.385,4.35882,1.06724,0.82123,0.39256,0.18506,0.18736,0.05954,4.83975,1.22875,0.81126,0.0044159,0.0044159,0.0044159
120,741.082,4.13112,1.02888,0.82927,0.40517,0.17806,0.17943,0.05802,4.90539,1.18496,0.82079,0.00441095,0.00441095,0.00441095
121,747.008,4.10192,1.01145,0.85975,0.44662,0.20387,0.21703,0.07073,4.63742,1.12782,0.80364,0.004406,0.004406,0.004406
122,753.571,4.49306,1.06905,0.8357,0.37395,0.17367,0.17539,0.05115,5.02097,1.29052,0.81143,0.00440105,0.00440105,0.00440105
123,759.561,4.34615,1.05272,0.85734,0.35908,0.16955,0.16882,0.04923,4.98608,1.44931,0.8191,0.0043961,0.0043961,0.0043961
124,765.465,4.34342,1.15848,0.86637,0.3977,0.2017,0.20639,0.06672,4.56887,1.189,0.80407,0.00439115,0.00439115,0.00439115
125,771.164,4.10461,0.98966,0.84602,0.38146,0.17943,0.18253,0.05562,4.8901,1.18179,0.80325,0.0043862,0.0043862,0.0043862
126,776.925,4.26916,1.03999,0.81497,0.37652,0.16735,0.16908,0.05166,4.98314,1.36485,0.81418,0.00438125,0.00438125,0.00438125
127,782.796,4.59026,1.08882,0.8598,0.35057,0.17353,0.16927,0.05045,4.97156,1.33975,0.81879,0.0043763,0.0043763,0.0043763
128,788.802,4.524,1.18582,0.81789,0.41368,0.19646,0.20505,0.06618,4.70903,1.17786,0.80943,0.00437135,0.00437135,0.00437135
129,795.044,4.4264,1.06325,0.85101,0.42202,0.19989,0.21417,0.06906,4.70018,1.14869,0.80761,0.0043664,0.0043664,0.0043664
130,800.902,4.60882,1.11744,0.83149,0.43207,0.19426,0.20453,0.06364,4.69357,1.12166,0.80158,0.00436145,0.00436145,0.00436145
131,807.116,4.4446,1.06565,0.81802,0.40474,0.19042,0.19777,0.06319,4.69071,1.20644,0.80536,0.0043565,0.0043565,0.0043565
132,813.09,4.24612,1.05631,0.82957,0.37921,0.18509,0.18809,0.05848,4.8413,1.21014,0.81621,0.00435155,0.00435155,0.00435155
133,819.301,4.38558,1.05254,0.83101,0.40798,0.18808,0.19697,0.06354,4.6663,1.18177,0.80846,0.0043466,0.0043466,0.0043466
134,825.316,4.44834,1.12022,0.85699,0.38608,0.20483,0.20865,0.06565,4.66041,1.18735,0.80103,0.00434165,0.00434165,0.00434165
135,831.479,4.03954,0.96371,0.84358,0.41178,0.19907,0.2131,0.07069,4.56988,1.15491,0.80241,0.0043367,0.0043367,0.0043367
136,837.709,4.47582,1.03587,0.85275,0.42098,0.19028,0.20484,0.06677,4.76917,1.1735,0.80696,0.00433175,0.00433175,0.00433175
137,843.542,4.33669,1.11007,0.85497,0.42295,0.18364,0.1956,0.06312,4.79125,1.25952,0.81449,0.0043268,0.0043268,0.0043268
138,849.871,4.17361,1.06355,0.83431,0.40722,0.17339,0.18737,0.05745,4.88353,1.18253,0.80719,0.00432185,0.00432185,0.00432185
139,855.986,4.29123,1.00515,0.82244,0.40794,0.18852,0.20205,0.06425,4.75398,1.15864,0.80413,0.0043169,0.0043169,0.0043169
140,862.244,4.43923,1.11608,0.82031,0.40662,0.15637,0.16655,0.04992,5.08181,1.22592,0.81207,0.00431195,0.00431195,0.00431195
141,868.116,4.46552,1.09203,0.85624,0.40615,0.19646,0.20032,0.06245,4.80853,1.21903,0.8102,0.004307,0.004307,0.004307
142,874.337,4.26185,1.09477,0.82679,0.38954,0.17861,0.17958,0.05503,4.91998,1.1538,0.80348,0.00430205,0.00430205,0.00430205
143,880.714,4.42162,1.17825,0.83177,0.41757,0.14621,0.15944,0.0489,5.05401,1.31707,0.81069,0.0042971,0.0042971,0.0042971
144,887.088,4.29976,1.09878,0.81871,0.43296,0.20277,0.21527,0.07182,4.56204,1.09334,0.79841,0.00429215,0.00429215,0.00429215
145,893.329,4.17937,1.08138,0.85383,0.4293,0.20703,0.21799,0.072,4.53724,1.09738,0.79428,0.0042872,0.0042872,0.0042872
146,899.85,4.32606,1.05415,0.82327,0.45673,0.19385,0.21336,0.06988,4.57353,1.10155,0.79622,0.00428225,0.00428225,0.00428225
147,906.045,4.27723,1.12003,0.79924,0.40967,0.17806,0.18678,0.0579,4.79982,1.22703,0.80589,0.0042773,0.0042773,0.0042773
148,911.985,4.20353,0.99031,0.82862,0.44731,0.19275,0.20791,0.06866,4.64005,1.13698,0.79921,0.00427235,0.00427235,0.00427235
149,918.032,4.41368,1.06532,0.80179,0.43235,0.19563,0.21352,0.06938,4.60347,1.11436,0.80213,0.0042674,0.0042674,0.0042674
150,924.285,4.31266,1.05918,0.81606,0.4485,0.17051,0.2014,0.06606,4.75339,1.21409,0.808,0.00426245,0.00426245,0.00426245
151,930.854,4.18643,1.02337,0.84148,0.41414,0.19467,0.21084,0.07129,4.61258,1.14057,0.80622,0.0042575,0.0042575,0.0042575
152,937.574,4.38732,1.0922,0.83066,0.37213,0.16529,0.16957,0.05184,5.08984,1.34857,0.82379,0.00425255,0.00425255,0.00425255
153,943.394,4.33551,1.04486,0.82174,0.37589,0.1749,0.17809,0.0561,5.01985,1.29545,0.81951,0.0042476,0.0042476,0.0042476
154,949.685,4.10845,1.03998,0.83409,0.40772,0.18753,0.19968,0.06525,4.7399,1.31773,0.8085,0.00424265,0.00424265,0.00424265
155,955.766,4.33868,1.13451,0.8135,0.39335,0.18726,0.1959,0.06133,4.72648,1.21832,0.80338,0.0042377,0.0042377,0.0042377
156,962.575,4.14592,1.08419,0.8566,0.35674,0.16008,0.1663,0.05542,4.66036,1.46495,0.80211,0.00423275,0.00423275,0.00423275
157,968.833,4.21202,1.07865,0.85813,0.40506,0.19618,0.20518,0.068,4.5602,1.14511,0.80049,0.0042278,0.0042278,0.0042278
158,975.117,4.22516,1.09537,0.82919,0.40254,0.19234,0.19667,0.06186,4.79166,1.18609,0.81113,0.00422285,0.00422285,0.00422285
159,980.82,4.14849,1.02929,0.83077,0.41675,0.18918,0.19564,0.06164,4.77304,1.1352,0.81346,0.0042179,0.0042179,0.0042179
160,987.757,4.26672,1.06757,0.85618,0.37165,0.13723,0.14143,0.04258,5.25184,1.34784,0.81561,0.00421295,0.00421295,0.00421295
161,994.047,4.30761,1.0652,0.82416,0.38514,0.15541,0.16379,0.05155,5.067,1.31883,0.81578,0.004208,0.004208,0.004208
162,1000.53,4.49059,1.10714,0.80665,0.44075,0.20222,0.22255,0.07429,4.49354,1.0802,0.79859,0.00420305,0.00420305,0.00420305
163,1007.45,4.12612,0.9731,0.81205,0.4344,0.19124,0.21384,0.0694,4.55006,1.092,0.7972,0.0041981,0.0041981,0.0041981
164,1013.26,4.09151,1.00928,0.84553,0.4123,0.20842,0.22115,0.0742,4.4617,1.1779,0.79774,0.00419315,0.00419315,0.00419315
165,1019.77,4.2099,0.99028,0.83881,0.44832,0.21938,0.24075,0.0799,4.37216,1.05774,0.79536,0.0041882,0.0041882,0.0041882
166,1026.49,4.08763,1.04968,0.81011,0.44595,0.21142,0.22721,0.0756,4.45145,1.09197,0.80118,0.00418325,0.00418325,0.00418325
167,1032.94,4.23658,0.99119,0.84058,0.43924,0.19261,0.20672,0.06645,4.60754,1.17007,0.81015,0.0041783,0.0041783,0.0041783
168,1038.79,4.51215,1.07457,0.84923,0.42138,0.19742,0.20351,0.06375,4.69299,1.1459,0.82309,0.00417335,0.00417335,0.00417335
169,1045.14,4.20287,1.03502,0.84743,0.45076,0.21897,0.23192,0.07629,4.47894,1.06002,0.8091,0.0041684,0.0041684,0.0041684
170,1051.11,4.55408,1.07277,0.80157,0.46446,0.21431,0.2344,0.0794,4.44073,1.04877,0.80571,0.00416345,0.00416345,0.00416345
171,1056.55,4.08625,1.00878,0.85395,0.46276,0.21993,0.23665,0.08179,4.36618,1.03391,0.79852,0.0041585,0.0041585,0.0041585
172,1062.86,4.10332,0.97678,0.8412,0.47035,0.23435,0.252,0.08642,4.37885,1.06705,0.79779,0.00415355,0.00415355,0.00415355
173,1069.13,4.30595,1.09124,0.83349,0.47285,0.22131,0.24183,0.08228,4.46747,1.05474,0.80535,0.0041486,0.0041486,0.0041486
174,1075.13,3.94328,1.0171,0.84016,0.42983,0.18215,0.18679,0.05592,4.87903,1.15848,0.79936,0.00414365,0.00414365,0.00414365
175,1081.37,4.29955,1.05617,0.80396,0.40575,0.17353,0.17897,0.05308,4.92989,1.20917,0.80021,0.0041387,0.0041387,0.0041387
176,1087.36,3.97596,0.96406,0.84512,0.465,0.1966,0.21836,0.07035,4.61683,1.09654,0.79732,0.00413375,0.00413375,0.00413375
177,1093.69,4.19821,1.0298,0.83878,0.49167,0.21595,0.24153,0.08495,4.34379,1.03999,0.79744,0.0041288,0.0041288,0.0041288
178,1100.07,4.20337,1.09344,0.82572,0.44735,0.21527,0.23461,0.08137,4.47923,1.04742,0.80572,0.00412385,0.00412385,0.00412385
179,1105.98,4.09356,0.96768,0.82133,0.47914,0.20634,0.2324,0.0779,4.51652,1.05232,0.81188,0.0041189,0.0041189,0.0041189
180,1111.99,4.18773,0.99252,0.82629,0.47658,0.21527,0.23313,0.07953,4.44545,1.0442,0.82359,0.00411395,0.00411395,0.00411395
181,1118.13,4.05399,0.97412,0.81138,0.49123,0.22172,0.25088,0.0885,4.30606,1.01141,0.80661,0.004109,0.004109,0.004109
182,1124.78,3.9583,0.94773,0.81491,0.46023,0.20854,0.23099,0.08327,4.37221,1.06406,0.80013,0.00410405,0.00410405,0.00410405
183,1130.61,3.99727,0.97186,0.83589,0.47133,0.22515,0.24803,0.08806,4.33397,1.04398,0.79805,0.0040991,0.0040991,0.0040991
184,1136.48,4.07138,0.99352,0.8238,0.43733,0.21074,0.22581,0.07657,4.4396,1.15749,0.80217,0.00409415,0.00409415,0.00409415
185,1142.76,4.09794,1.01599,0.8279,0.41776,0.19934,0.20838,0.06967,4.55772,1.15239,0.80255,0.0040892,0.0040892,0.0040892
186,1148.71,4.06951,0.9804,0.82837,0.43751,0.1841,0.19986,0.06304,4.7775,1.11235,0.80676,0.00408425,0.00408425,0.00408425
187,1154.91,4.20301,0.99407,0.81708,0.46721,0.21646,0.23718,0.08023,4.44936,1.04486,0.80015,0.0040793,0.0040793,0.0040793
188,1160.82,4.04824,0.99348,0.82809,0.46698,0.21101,0.23768,0.08143,4.3717,1.04039,0.79759,0.00407435,0.00407435,0.00407435
189,1167.04,4.03373,0.93739,0.83883,0.4573,0.20758,0.23818,0.081,4.45737,1.03653,0.80026,0.0040694,0.0040694,0.0040694
190,1173.4,4.36984,1.0168,0.80326,0.48152,0.19316,0.21567,0.07287,4.56802,1.09778,0.81218,0.00406445,0.00406445,0.00406445
191,1179.69,4.1804,1.06387,0.794,0.44474,0.19083,0.20251,0.06697,4.61536,1.12216,0.80759,0.0040595,0.0040595,0.0040595
192,1186.2,4.24943,1.0061,0.82198,0.42764,0.21183,0.22187,0.07181,4.55196,1.14721,0.80137,0.00405455,0.00405455,0.00405455
193,1192.26,4.27177,1.07394,0.83853,0.37215,0.17092,0.17508,0.05559,4.8208,1.34134,0.82042,0.0040496,0.0040496,0.0040496
194,1198.34,4.4825,1.11266,0.81673,0.4342,0.18959,0.21262,0.06926,4.58869,1.1656,0.81229,0.00404465,0.00404465,0.00404465
195,1204.11,4.18345,1.05605,0.8202,0.46084,0.21266,0.23635,0.07893,4.42832,1.06343,0.80801,0.0040397,0.0040397,0.0040397
196,1210.36,4.32839,1.04897,0.80477,0.48516,0.21582,0.23701,0.07963,4.3994,1.06348,0.80217,0.00403475,0.00403475,0.00403475
197,1216.29,3.91816,0.96794,0.8219,0.43955,0.20044,0.21035,0.06977,4.58525,1.15569,0.80857,0.0040298,0.0040298,0.0040298
198,1221.99,4.14626,0.97154,0.81782,0.47469,0.19083,0.21453,0.07169,4.47163,1.11146,0.79815,0.00402485,0.00402485,0.00402485
199,1228.15,4.17579,1.03214,0.81987,0.49979,0.19412,0.23644,0.08251,4.40864,1.08677,0.79731,0.0040199,0.0040199,0.0040199
200,1234.07,4.47085,1.08292,0.82563,0.42097,0.17902,0.19414,0.06391,4.74188,1.17508,0.80802,0.00401495,0.00401495,0.00401495
201,1239.93,4.11446,1.02888,0.84121,0.46595,0.20277,0.23198,0.07924,4.38646,1.06448,0.79188,0.00401,0.00401,0.00401
202,1246.19,4.25906,1.01527,0.80989,0.49616,0.21472,0.24907,0.08902,4.30239,1.01488,0.7944,0.00400505,0.00400505,0.00400505
203,1252.81,4.10168,0.97688,0.84006,0.51758,0.19701,0.24994,0.08883,4.35254,1.06225,0.79242,0.0040001,0.0040001,0.0040001
204,1259.19,4.14523,0.97593,0.83218,0.35884,0.13591,0.13384,0.04136,5.30455,1.24383,0.80937,0.00399515,0.00399515,0.00399515
205,1265.29,3.89761,0.96118,0.8216,0.38335,0.14772,0.15426,0.04621,5.17633,1.21273,0.81379,0.0039902,0.0039902,0.0039902
206,1271.64,3.97161,1.01834,0.84002,0.46886,0.21362,0.23336,0.07946,4.41758,1.08876,0.80162,0.00398525,0.00398525,0.00398525
207,1277.59,4.32129,1.03923,0.82081,0.46621,0.21458,0.23183,0.0757,4.52325,1.11413,0.79843,0.0039803,0.0039803,0.0039803
208,1284.15,3.98341,1.01222,0.80738,0.45882,0.19481,0.20593,0.06946,4.52133,1.34246,0.80236,0.00397535,0.00397535,0.00397535
209,1290.61,4.05032,0.96066,0.82665,0.4725,0.21897,0.24222,0.08276,4.39452,1.04779,0.80277,0.0039704,0.0039704,0.0039704
210,1296.86,4.17418,1.02922,0.7971,0.44383,0.20904,0.23027,0.07904,4.48224,1.08675,0.81827,0.00396545,0.00396545,0.00396545
211,1303.46,4.01563,0.99847,0.80457,0.42432,0.20178,0.21296,0.0705,4.5619,1.18222,0.82221,0.0039605,0.0039605,0.0039605
212,1309.96,4.24404,1.01566,0.83802,0.45943,0.21815,0.23867,0.07997,4.42007,1.0455,0.7943,0.00395555,0.00395555,0.00395555
213,1315.83,4.27582,1.05834,0.82017,0.45682,0.21691,0.23816,0.08121,4.39204,1.08016,0.79828,0.0039506,0.0039506,0.0039506
214,1322.06,3.99569,1.02869,0.83504,0.42026,0.19097,0.20428,0.06539,4.6871,1.30448,0.81266,0.00394565,0.00394565,0.00394565
215,1328.4,4.22228,1.0284,0.8178,0.44994,0.1944,0.21126,0.07041,4.54915,1.17016,0.80658,0.0039407,0.0039407,0.0039407
216,1334.53,3.99051,1.02176,0.8074,0.45779,0.20748,0.23116,0.07929,4.3984,1.02874,0.80222,0.00393575,0.00393575,0.00393575
217,1340.63,3.75555,0.92669,0.82761,0.44518,0.21417,0.23131,0.07882,4.54585,1.11831,0.81237,0.0039308,0.0039308,0.0039308
218,1346.84,3.92181,1.01366,0.85218,0.45368,0.18479,0.21123,0.06919,4.70723,1.27473,0.81794,0.00392585,0.00392585,0.00392585
219,1352.48,4.12906,1.02223,0.8152,0.49252,0.14758,0.19578,0.05902,4.90605,1.60255,0.82389,0.0039209,0.0039209,0.0039209
220,1358.52,3.90379,0.92815,0.81565,0.43332,0.21005,0.22258,0.07258,4.65445,1.13102,0.8138,0.00391595,0.00391595,0.00391595
221,1364.34,4.1105,1.03798,0.84415,0.46327,0.21705,0.24323,0.0829,4.48519,1.07452,0.80196,0.003911,0.003911,0.003911
222,1370.76,4.11629,1.02434,0.83494,0.43281,0.21787,0.23192,0.07857,4.53822,1.11774,0.80718,0.00390605,0.00390605,0.00390605
223,1376.87,3.99571,0.93553,0.82627,0.43747,0.20675,0.22092,0.07313,4.54584,1.10391,0.80762,0.0039011,0.0039011,0.0039011
224,1383.06,4.12138,1.0135,0.81692,0.30989,0.12452,0.12241,0.03636,5.29101,1.62598,0.82315,0.00389615,0.00389615,0.00389615
225,1389.17,4.03804,0.98141,0.83565,0.32484,0.14717,0.14482,0.04639,4.99604,1.70252,0.81228,0.0038912,0.0038912,0.0038912
226,1395.37,4.23625,1.03653,0.85285,0.44738,0.19042,0.21404,0.06863,4.55722,1.21664,0.80725,0.00388625,0.00388625,0.00388625
227,1401.07,3.97275,0.97096,0.8434,0.44298,0.18918,0.21566,0.07107,4.53578,1.1837,0.8052,0.0038813,0.0038813,0.0038813
228,1407.38,4.09002,1.00538,0.79847,0.46236,0.21417,0.23493,0.08012,4.37661,1.08535,0.80443,0.00387635,0.00387635,0.00387635
229,1413.25,3.97481,1.02982,0.81453,0.46425,0.22433,0.24518,0.08581,4.28515,1.02904,0.80282,0.0038714,0.0038714,0.0038714
230,1419.46,3.88176,0.96888,0.8148,0.47195,0.2154,0.23932,0.08267,4.32401,1.04509,0.79532,0.00386645,0.00386645,0.00386645
231,1425.37,3.87351,0.98273,0.82972,0.46745,0.21513,0.23604,0.08084,4.40592,1.05947,0.79539,0.0038615,0.0038615,0.0038615
232,1431.66,3.96387,0.94091,0.80982,0.4713,0.19165,0.22191,0.07452,4.53344,1.05486,0.80363,0.00385655,0.00385655,0.00385655
233,1437.79,4.00454,1.05373,0.84884,0.48009,0.19467,0.22018,0.07438,4.45527,1.10998,0.80807,0.0038516,0.0038516,0.0038516
234,1444.28,4.12942,1.01054,0.818,0.50601,0.20799,0.2474,0.08555,4.3893,1.02551,0.80515,0.00384665,0.00384665,0.00384665
235,1450.21,3.82638,0.94744,0.82921,0.49591,0.20977,0.24597,0.0865,4.35952,1.03601,0.80183,0.0038417,0.0038417,0.0038417
236,1456.81,4.10894,1.02915,0.84008,0.47476,0.2154,0.23926,0.0822,4.45763,1.07475,0.80854,0.00383675,0.00383675,0.00383675
237,1463.06,3.99565,0.97618,0.81888,0.50903,0.22241,0.26238,0.09317,4.29043,1.02538,0.80074,0.0038318,0.0038318,0.0038318
238,1469.71,3.90159,1.01092,0.82781,0.4555,0.2117,0.23146,0.08194,4.33115,1.09892,0.81237,0.00382685,0.00382685,0.00382685
239,1475.43,4.24655,1.05488,0.81924,0.45966,0.20634,0.22349,0.07819,4.36984,1.11336,0.81107,0.0038219,0.0038219,0.0038219
240,1482.18,3.89119,0.96822,0.82786,0.47203,0.21172,0.23678,0.081,4.46571,1.05457,0.80664,0.00381695,0.00381695,0.00381695
241,1488.11,3.95876,0.93733,0.80168,0.48407,0.22446,0.25083,0.09005,4.27254,1.01052,0.8036,0.003812,0.003812,0.003812
242,1494.24,3.96325,0.97726,0.82188,0.5017,0.22803,0.25724,0.09175,4.28132,1.00456,0.80972,0.00380705,0.00380705,0.00380705
243,1500.3,4.20305,1.03562,0.82243,0.51324,0.22515,0.25643,0.09183,4.23568,0.98998,0.80393,0.0038021,0.0038021,0.0038021
244,1506.66,4.05958,0.93026,0.81628,0.51133,0.21829,0.25485,0.0886,4.28932,1.00021,0.80519,0.00379715,0.00379715,0.00379715
245,1512.68,3.75186,1.01451,0.80812,0.54183,0.22323,0.27526,0.09963,4.17261,0.97642,0.80246,0.0037922,0.0037922,0.0037922
246,1519.29,3.79272,0.88478,0.81751,0.52872,0.2257,0.28591,0.10528,4.18615,0.97867,0.80012,0.00378725,0.00378725,0.00378725
247,1525.96,4.10017,1.04594,0.84313,0.5343,0.21348,0.28094,0.10162,4.23905,1.01906,0.79765,0.0037823,0.0037823,0.0037823
248,1531.68,3.82664,0.94017,0.83375,0.49258,0.16296,0.20425,0.06322,4.89998,1.2673,0.81764,0.00377735,0.00377735,0.00377735
249,1537.54,3.8416,0.95001,0.82947,0.50254,0.18575,0.21585,0.07053,4.6053,1.19864,0.80876,0.0037724,0.0037724,0.0037724
250,1543.85,3.9038,0.96623,0.80423,0.49668,0.22309,0.25858,0.09008,4.26574,0.98584,0.78756,0.00376745,0.00376745,0.00376745
251,1549.69,3.82079,0.88733,0.82108,0.49181,0.21842,0.25423,0.08823,4.26837,1.00419,0.78696,0.0037625,0.0037625,0.0037625
252,1555.85,3.98004,0.93168,0.83055,0.44682,0.21856,0.23796,0.08389,4.36028,1.11673,0.79638,0.00375755,0.00375755,0.00375755
253,1561.89,3.94122,0.9006,0.81332,0.46067,0.21897,0.23873,0.08517,4.28586,1.10925,0.79833,0.0037526,0.0037526,0.0037526
254,1567.84,3.78402,0.93465,0.83588,0.47035,0.22597,0.24326,0.08542,4.32582,1.07262,0.79957,0.00374765,0.00374765,0.00374765
255,1574.16,3.80208,0.90227,0.82343,0.48371,0.22378,0.25158,0.08901,4.31629,1.03036,0.79546,0.0037427,0.0037427,0.0037427
256,1580.15,3.80747,0.90119,0.82317,0.47022,0.2047,0.23184,0.07811,4.44956,1.07583,0.79766,0.00373775,0.00373775,0.00373775
257,1586.08,4.13463,1.0158,0.815,0.45354,0.19646,0.2233,0.07756,4.37051,1.07098,0.7961,0.0037328,0.0037328,0.0037328
258,1592.68,3.77881,0.97542,0.79528,0.46667,0.20964,0.23525,0.0829,4.30149,1.05324,0.79507,0.00372785,0.00372785,0.00372785
259,1598.77,4.05157,0.99911,0.82658,0.4653,0.21787,0.24179,0.08492,4.3391,1.08641,0.79587,0.0037229,0.0037229,0.0037229
260,1605.21,3.92318,0.92794,0.81723,0.44744,0.18643,0.20897,0.07103,4.44482,1.21129,0.81885,0.00371795,0.00371795,0.00371795
261,1611.07,4.20521,0.97956,0.8167,0.20623,0.10448,0.15395,0.05261,5.6838,2.36378,0.96409,0.003713,0.003713,0.003713
262,1616.96,3.73464,0.94468,0.82247,0.49239,0.18026,0.22854,0.08043,4.49083,1.13421,0.81471,0.00370805,0.00370805,0.00370805
263,1622.58,4.35812,1.15686,0.79921,0.47762,0.19481,0.21922,0.07352,4.51736,1.11317,0.80933,0.0037031,0.0037031,0.0037031
264,1628.53,3.94038,1.00145,0.81783,0.32874,0.10406,0.10784,0.03312,5.57639,1.52673,0.9451,0.00369815,0.00369815,0.00369815
265,1634.53,3.90409,0.95945,0.81064,0.41006,0.16013,0.16231,0.0509,4.9168,1.42789,0.8629,0.0036932,0.0036932,0.0036932
266,1640.72,3.74088,0.91845,0.83375,0.5071,0.20538,0.24072,0.08435,4.27747,1.05073,0.80545,0.00368825,0.00368825,0.00368825
267,1646.65,4.09006,1.01195,0.79286,0.50861,0.21485,0.25037,0.08882,4.24697,1.03447,0.80769,0.0036833,0.0036833,0.0036833
268,1653.1,3.79081,0.94135,0.82461,0.47465,0.21856,0.23668,0.08325,4.34408,1.05523,0.80239,0.00367835,0.00367835,0.00367835
269,1658.7,3.77774,0.94497,0.81366,0.51867,0.20415,0.237,0.08429,4.3151,1.08312,0.79987,0.0036734,0.0036734,0.0036734
270,1664.31,3.75622,0.97127,0.82648,0.48338,0.21925,0.24358,0.08477,4.32984,1.05602,0.80264,0.00366845,0.00366845,0.00366845
271,1670.63,3.79686,0.9537,0.81466,0.45494,0.21925,0.23296,0.07901,4.48389,1.12129,0.81188,0.0036635,0.0036635,0.0036635
272,1676.76,3.88222,1.02469,0.82726,0.53235,0.21426,0.25693,0.09098,4.23919,1.04381,0.8013,0.00365855,0.00365855,0.00365855
273,1683.37,4.24373,1.11237,0.81406,0.50816,0.20497,0.2418,0.08462,4.36353,1.06655,0.80723,0.0036536,0.0036536,0.0036536
274,1690.06,3.94412,0.98828,0.82584,0.45968,0.21499,0.23729,0.08231,4.37492,1.0807,0.80533,0.00364865,0.00364865,0.00364865
275,1696.21,4.00907,0.96417,0.82444,0.4589,0.2187,0.23986,0.08266,4.2882,1.07861,0.79952,0.0036437,0.0036437,0.0036437
276,1701.74,3.95786,0.98503,0.82753,0.47935,0.22543,0.25167,0.08836,4.27925,1.00516,0.79599,0.00363875,0.00363875,0.00363875
277,1707.82,4.16433,1.09337,0.81937,0.47868,0.23119,0.25828,0.09089,4.28052,1.01286,0.79835,0.0036338,0.0036338,0.0036338
278,1714.4,4.01897,0.97613,0.82502,0.47539,0.22748,0.25338,0.09003,4.23347,1.02862,0.8015,0.00362885,0.00362885,0.00362885
279,1720.7,3.88983,0.99046,0.846,0.48066,0.22021,0.24536,0.08629,4.26111,1.05199,0.8057,0.0036239,0.0036239,0.0036239
280,1727.39,3.95589,0.98071,0.81021,0.52256,0.23861,0.27983,0.10221,4.08489,0.95818,0.79396,0.00361895,0.00361895,0.00361895
281,1733.13,3.789,0.96512,0.81938,0.53046,0.23929,0.28617,0.10553,4.10707,0.96383,0.79225,0.003614,0.003614,0.003614
282,1739.85,3.91164,0.9257,0.80737,0.53286,0.21485,0.2598,0.09475,4.2284,0.98923,0.79543,0.00360905,0.00360905,0.00360905
283,1745.62,4.20464,1.0471,0.80252,0.53341,0.21595,0.26486,0.09537,4.21134,0.98228,0.7923,0.0036041,0.0036041,0.0036041
284,1752,3.88794,0.9051,0.80984,0.47192,0.2047,0.22698,0.07807,4.47133,1.06037,0.81206,0.00359915,0.00359915,0.00359915
285,1757.87,3.99413,0.99717,0.81064,0.48532,0.20552,0.23059,0.07981,4.42396,1.06353,0.81139,0.0035942,0.0035942,0.0035942
286,1764.15,3.68628,0.88391,0.81325,0.50817,0.24066,0.27237,0.09879,4.14056,0.99834,0.8033,0.00358925,0.00358925,0.00358925
287,1770.38,3.84894,0.94971,0.81937,0.50515,0.24533,0.27546,0.09956,4.10283,0.97631,0.80308,0.0035843,0.0035843,0.0035843
288,1776.52,3.71388,0.88577,0.79844,0.47504,0.2316,0.25751,0.08769,4.30134,1.01192,0.79532,0.00357935,0.00357935,0.00357935
289,1782.05,3.99955,0.97276,0.80517,0.48585,0.23641,0.26216,0.09315,4.23632,1.02386,0.79417,0.0035744,0.0035744,0.0035744
290,1788.29,4.15855,0.98036,0.80215,0.51288,0.23847,0.28261,0.09949,4.1823,0.95699,0.78851,0.00356945,0.00356945,0.00356945
291,1794.5,3.81905,0.93486,0.82119,0.52265,0.23449,0.27893,0.09902,4.17498,0.9608,0.78863,0.0035645,0.0035645,0.0035645
292,1800.69,3.83253,0.94542,0.81704,0.51586,0.23531,0.26632,0.09523,4.19623,0.98321,0.79261,0.00355955,0.00355955,0.00355955
293,1806.55,4.00393,0.95536,0.83194,0.50395,0.22762,0.25821,0.09086,4.23917,1.01282,0.79539,0.0035546,0.0035546,0.0035546
294,1812.88,4.0387,0.99817,0.80782,0.48005,0.2279,0.2489,0.08864,4.26674,1.02247,0.80162,0.00354965,0.00354965,0.00354965
295,1819.11,4.3238,1.04543,0.83703,0.48463,0.22011,0.24749,0.08749,4.30102,1.00121,0.80379,0.0035447,0.0035447,0.0035447
296,1825.35,3.74737,0.89777,0.80153,0.51269,0.22777,0.26812,0.09315,4.30381,0.97096,0.80146,0.00353975,0.00353975,0.00353975
297,1830.83,3.9998,0.99598,0.79639,0.51791,0.23259,0.27426,0.09691,4.25009,0.96334,0.80098,0.0035348,0.0035348,0.0035348
298,1837.32,3.81259,0.92235,0.80633,0.52996,0.23119,0.27287,0.10067,4.12634,0.98994,0.79135,0.00352985,0.00352985,0.00352985
299,1843.22,4.01185,1.01843,0.80323,0.508,0.23668,0.26955,0.09888,4.16732,0.99223,0.79381,0.0035249,0.0035249,0.0035249
300,1849.21,3.72012,0.89891,0.81372,0.50535,0.2257,0.2559,0.09219,4.2337,1.0299,0.79685,0.00351995,0.00351995,0.00351995
301,1855.16,3.89754,0.92099,0.79746,0.51018,0.2398,0.27634,0.09866,4.156,0.98395,0.78923,0.003515,0.003515,0.003515
302,1861.13,3.9123,0.96433,0.79478,0.48426,0.22323,0.24958,0.08652,4.30305,1.02947,0.79433,0.00351005,0.00351005,0.00351005
303,1867.2,3.86591,0.89841,0.81545,0.50375,0.21801,0.24575,0.0851,4.31945,1.02265,0.80043,0.0035051,0.0035051,0.0035051
304,1873.52,3.8242,0.91251,0.81492,0.48007,0.22872,0.2536,0.09043,4.30655,1.03856,0.79322,0.00350015,0.00350015,0.00350015
305,1879.5,3.79723,0.90881,0.81255,0.46787,0.21966,0.24506,0.08342,4.34505,1.04993,0.79068,0.0034952,0.0034952,0.0034952
306,1885.99,3.76638,0.93642,0.81035,0.47947,0.21225,0.23441,0.08243,4.32219,1.05853,0.79252,0.00349025,0.00349025,0.00349025
307,1891.95,3.69931,0.89098,0.82225,0.4818,0.22185,0.25024,0.09003,4.25339,1.01233,0.79229,0.0034853,0.0034853,0.0034853
308,1897.84,4.01287,0.9865,0.81858,0.52389,0.22927,0.27516,0.1009,4.12098,0.9714,0.78942,0.00348035,0.00348035,0.00348035
309,1904.26,3.72236,0.94612,0.81004,0.51231,0.20099,0.23552,0.08278,4.39007,1.07033,0.79447,0.0034754,0.0034754,0.0034754
310,1910.51,4.05836,1.01418,0.80214,0.50511,0.18904,0.22203,0.07944,4.46968,1.1233,0.80213,0.00347045,0.00347045,0.00347045
311,1916.77,3.76712,0.91848,0.81525,0.47439,0.19426,0.21643,0.07417,4.50328,1.0553,0.80378,0.0034655,0.0034655,0.0034655
312,1922.91,3.88594,0.9339,0.81654,0.51387,0.23147,0.26537,0.0957,4.20396,1.04154,0.79699,0.00346055,0.00346055,0.00346055
313,1929.24,3.84237,0.95911,0.82198,0.52313,0.23655,0.28008,0.09961,4.17945,1.06983,0.79515,0.0034556,0.0034556,0.0034556
314,1935.35,3.81419,0.90084,0.80993,0.51915,0.23819,0.27649,0.10216,4.14954,1.00547,0.79195,0.00345065,0.00345065,0.00345065
315,1941.67,3.68423,0.88819,0.82474,0.5111,0.22488,0.26584,0.0947,4.29594,1.10837,0.79454,0.0034457,0.0034457,0.0034457
316,1947.85,3.71491,0.87583,0.80979,0.5273,0.23915,0.27867,0.10405,4.099,0.97573,0.79932,0.00344075,0.00344075,0.00344075
317,1953.98,3.96686,1.00709,0.8043,0.53702,0.23934,0.28629,0.10732,4.07752,0.95613,0.79703,0.0034358,0.0034358,0.0034358
318,1960.97,3.67902,0.86441,0.82146,0.49833,0.2371,0.27088,0.10011,4.16802,0.99192,0.79921,0.00343085,0.00343085,0.00343085
319,1967,3.73595,0.90174,0.80598,0.4939,0.23449,0.26372,0.09627,4.18986,1.01041,0.80456,0.0034259,0.0034259,0.0034259
320,1973.44,4.01933,0.98236,0.79058,0.50853,0.23215,0.2603,0.09353,4.10605,1.00291,0.79827,0.00342095,0.00342095,0.00342095
321,1979.63,3.97847,1.01098,0.82404,0.50691,0.236,0.26396,0.09804,4.0806,1.01271,0.79988,0.003416,0.003416,0.003416
322,1985.65,3.84653,0.9418,0.81399,0.51588,0.23915,0.28516,0.1061,4.07577,0.97516,0.7937,0.00341105,0.00341105,0.00341105
323,1992.1,3.87608,0.92403,0.80295,0.50406,0.23641,0.27563,0.10275,4.10029,0.96802,0.79765,0.0034061,0.0034061,0.0034061
324,1998.81,3.79601,0.95055,0.80092,0.52165,0.22982,0.27478,0.10215,4.13476,0.97137,0.80454,0.00340115,0.00340115,0.00340115
325,2005.12,3.90425,0.95976,0.8069,0.52545,0.23023,0.27706,0.10277,4.15248,0.98429,0.80174,0.0033962,0.0033962,0.0033962
326,2011.67,3.74236,0.93259,0.81756,0.52319,0.2225,0.26453,0.09748,4.15989,1.02846,0.80066,0.00339125,0.00339125,0.00339125
327,2017.4,3.53735,0.83263,0.82424,0.5147,0.23064,0.27186,0.10033,4.11969,1.00072,0.79781,0.0033863,0.0033863,0.0033863
328,2024.09,3.61854,0.89329,0.80749,0.50972,0.23449,0.27346,0.09959,4.13767,0.99139,0.79538,0.00338135,0.00338135,0.00338135
329,2030.33,3.64325,0.87925,0.80495,0.50723,0.22996,0.26563,0.09542,4.22171,1.00242,0.79477,0.0033764,0.0033764,0.0033764
330,2036.08,4.09233,0.96338,0.79959,0.51615,0.24487,0.28477,0.10458,4.11407,0.95937,0.79128,0.00337145,0.00337145,0.00337145
331,2042.19,3.97685,0.96085,0.80923,0.47635,0.22904,0.25766,0.09349,4.28745,1.01446,0.79927,0.0033665,0.0033665,0.0033665
332,2048.49,3.89398,0.95085,0.81981,0.52688,0.2349,0.28554,0.10534,4.12027,0.95713,0.79353,0.00336155,0.00336155,0.00336155
333,2054.53,4.1985,0.96083,0.7788,0.52533,0.20922,0.25708,0.0923,4.27778,1.042,0.80369,0.0033566,0.0033566,0.0033566
334,2060.79,3.75413,0.88692,0.80875,0.49074,0.21005,0.2402,0.08403,4.35488,1.03404,0.80212,0.00335165,0.00335165,0.00335165
335,2066.55,3.91933,0.95355,0.81056,0.47226,0.22035,0.24806,0.08925,4.25053,1.0116,0.8004,0.0033467,0.0033467,0.0033467
336,2072.64,3.81809,0.91817,0.81801,0.48687,0.22117,0.24173,0.08399,4.33706,1.03997,0.80586,0.00334175,0.00334175,0.00334175
337,2078.4,3.7082,0.88984,0.79749,0.51029,0.23064,0.26495,0.09376,4.20372,0.98404,0.79186,0.0033368,0.0033368,0.0033368
338,2085.16,3.96238,0.9852,0.82456,0.49152,0.23531,0.26276,0.09202,4.19254,1.03536,0.7879,0.00333185,0.00333185,0.00333185
339,2091.41,3.91449,0.98378,0.83341,0.46174,0.21417,0.23167,0.07977,4.35108,1.0773,0.79167,0.0033269,0.0033269,0.0033269
340,2097.63,3.84715,0.95615,0.82376,0.31023,0.19714,0.15468,0.05234,4.46757,2.06692,0.79407,0.00332195,0.00332195,0.00332195
341,2103.95,3.8953,0.94367,0.81291,0.4371,0.21664,0.2301,0.08158,4.28118,1.09219,0.79518,0.003317,0.003317,0.003317
342,2110.27,3.67073,0.90914,0.80472,0.49249,0.22021,0.24636,0.08604,4.29255,1.02104,0.80781,0.00331205,0.00331205,0.00331205
343,2116.08,3.83788,0.97843,0.80906,0.48212,0.20758,0.23281,0.08051,4.38615,1.03618,0.80342,0.0033071,0.0033071,0.0033071
344,2121.62,3.91441,0.96769,0.824,0.41889,0.18808,0.20261,0.06843,4.54315,1.18383,0.8101,0.00330215,0.00330215,0.00330215
345,2127.21,3.74059,0.90532,0.82845,0.4204,0.1863,0.20225,0.06929,4.55704,1.23653,0.8064,0.0032972,0.0032972,0.0032972
346,2133.72,3.72892,0.89401,0.81938,0.4865,0.2257,0.25256,0.08873,4.23039,1.07088,0.79864,0.00329225,0.00329225,0.00329225
347,2139.47,3.92364,0.91526,0.82246,0.49813,0.23366,0.26662,0.09644,4.12756,1.04978,0.7965,0.0032873,0.0032873,0.0032873
348,2145.43,3.50156,0.89691,0.80427,0.49741,0.20346,0.24136,0.08555,4.28421,1.03945,0.79746,0.00328235,0.00328235,0.00328235
349,2151.61,3.72833,0.96037,0.80462,0.45235,0.18699,0.20148,0.07075,4.47049,1.12864,0.80278,0.0032774,0.0032774,0.0032774
350,2157.95,3.91696,0.9519,0.82025,0.49475,0.22611,0.25513,0.09152,4.168,1.0112,0.79652,0.00327245,0.00327245,0.00327245
351,2163.81,3.39674,0.88746,0.81538,0.54889,0.22103,0.27359,0.09809,4.09892,0.9939,0.7945,0.0032675,0.0032675,0.0032675
352,2170.09,3.81163,0.91205,0.79079,0.50921,0.22227,0.24976,0.08873,4.21665,1.0255,0.7986,0.00326255,0.00326255,0.00326255
353,2176.29,3.92632,0.92396,0.79947,0.51155,0.22337,0.25256,0.09183,4.16627,1.0122,0.79411,0.0032576,0.0032576,0.0032576
354,2182.86,3.59987,0.87823,0.80858,0.50922,0.21211,0.23973,0.08541,4.32249,1.09562,0.80533,0.00325265,0.00325265,0.00325265
355,2188.81,3.69631,0.8867,0.81058,0.49444,0.21577,0.24508,0.08757,4.30405,1.06695,0.80444,0.0032477,0.0032477,0.0032477
356,2195.2,3.80294,0.90912,0.79069,0.5032,0.22913,0.25705,0.09222,4.272,1.00886,0.79966,0.00324275,0.00324275,0.00324275
357,2201.39,3.67386,0.90149,0.82589,0.52035,0.23092,0.27053,0.09945,4.16215,0.96573,0.79579,0.0032378,0.0032378,0.0032378
358,2207.36,3.93851,0.92458,0.80854,0.55622,0.22625,0.28459,0.10509,4.04361,0.96368,0.78949,0.00323285,0.00323285,0.00323285
359,2213.32,3.96892,1.0329,0.79538,0.53021,0.23847,0.27846,0.10419,4.09888,0.96119,0.79687,0.0032279,0.0032279,0.0032279
360,2219.22,3.60959,0.86747,0.81244,0.50494,0.23357,0.26355,0.09891,4.15028,0.99589,0.79605,0.00322295,0.00322295,0.00322295
361,2225.05,3.58021,0.89902,0.8251,0.52455,0.23572,0.27296,0.10245,4.10601,0.98352,0.79465,0.003218,0.003218,0.003218
362,2231.02,3.92991,0.9891,0.79451,0.51437,0.22529,0.25814,0.09287,4.21007,0.98744,0.80088,0.00321305,0.00321305,0.00321305
363,2236.81,3.56464,0.86377,0.82322,0.51881,0.2198,0.25381,0.09157,4.16192,0.96917,0.79544,0.0032081,0.0032081,0.0032081
364,2242.72,3.91658,0.93255,0.80553,0.54719,0.23147,0.27755,0.1045,3.98236,0.93317,0.79138,0.00320315,0.00320315,0.00320315
365,2248.35,3.87234,0.92146,0.83103,0.56629,0.22913,0.28312,0.1069,3.96824,0.94462,0.79085,0.0031982,0.0031982,0.0031982
366,2254.79,3.75299,0.89877,0.81242,0.54087,0.24405,0.29058,0.10888,4.0234,0.93569,0.78789,0.00319325,0.00319325,0.00319325
367,2261.14,3.95384,0.97693,0.80431,0.51858,0.23984,0.27428,0.1007,4.10227,0.97174,0.79744,0.0031883,0.0031883,0.0031883
368,2267.16,3.76295,0.89874,0.80357,0.5076,0.23309,0.26656,0.09734,4.07561,0.95815,0.79223,0.00318335,0.00318335,0.00318335
369,2273,3.64586,0.89101,0.81774,0.48831,0.22886,0.26041,0.09277,4.16225,0.98406,0.79254,0.0031784,0.0031784,0.0031784
370,2279.19,4.0056,0.95361,0.81026,0.51608,0.23696,0.27329,0.10394,4.03382,0.97122,0.78824,0.00317345,0.00317345,0.00317345
371,2284.71,3.9977,0.99318,0.80515,0.56064,0.23407,0.29255,0.1128,3.9556,0.94866,0.78583,0.0031685,0.0031685,0.0031685
372,2291.07,3.32842,0.83686,0.82837,0.52539,0.24533,0.28061,0.10332,4.02763,0.95596,0.7913,0.00316355,0.00316355,0.00316355
373,2296.82,3.71206,0.89847,0.78558,0.50558,0.24203,0.2733,0.10071,4.07446,1.00175,0.79528,0.0031586,0.0031586,0.0031586
374,2303.19,3.67542,0.86712,0.79543,0.50191,0.22309,0.27213,0.09996,4.15545,1.04333,0.80113,0.00315365,0.00315365,0.00315365
375,2309.15,3.57986,0.85016,0.80144,0.53006,0.22584,0.28553,0.10612,4.08913,1.02828,0.79833,0.0031487,0.0031487,0.0031487
376,2315.74,3.48262,0.81755,0.80951,0.5038,0.23696,0.26776,0.10049,4.06518,0.9627,0.80053,0.00314375,0.00314375,0.00314375
377,2321.28,3.59526,0.84441,0.81211,0.50511,0.23919,0.27459,0.10291,4.05348,0.95012,0.79805,0.0031388,0.0031388,0.0031388
378,2327.44,3.77654,0.92965,0.81979,0.5367,0.23957,0.2845,0.10515,4.05129,0.9429,0.79596,0.00313385,0.00313385,0.00313385
379,2333.28,3.67318,0.90001,0.79366,0.54046,0.23331,0.28151,0.10353,4.06572,0.94901,0.79322,0.0031289,0.0031289,0.0031289
380,2339.85,3.70103,0.9068,0.81352,0.52879,0.24573,0.28583,0.10576,4.02006,0.94867,0.79444,0.00312395,0.00312395,0.00312395
381,2345.81,3.68517,0.87088,0.8091,0.52387,0.24093,0.27374,0.10071,4.06392,0.97557,0.7936,0.003119,0.003119,0.003119
382,2352.17,3.67122,0.87929,0.80595,0.52644,0.24012,0.27467,0.09984,4.08639,0.96121,0.79582,0.00311405,0.00311405,0.00311405
383,2358.32,3.71878,0.90239,0.81852,0.53333,0.24476,0.28574,0.1058,4.04812,0.95117,0.79724,0.0031091,0.0031091,0.0031091
384,2364.63,4.12997,0.94449,0.78359,0.53171,0.24973,0.29766,0.11046,4.0065,0.94128,0.78901,0.00310415,0.00310415,0.00310415
385,2370.54,3.71853,0.86509,0.79574,0.50384,0.24712,0.28573,0.10762,4.03193,0.97041,0.79011,0.0030992,0.0030992,0.0030992
386,2376.7,4.02977,0.98556,0.80478,0.51047,0.24533,0.27739,0.10417,4.05047,0.99028,0.7993,0.00309425,0.00309425,0.00309425
387,2383.2,3.51738,0.85659,0.81281,0.53934,0.23957,0.28055,0.10519,4.00249,0.94625,0.79722,0.0030893,0.0030893,0.0030893
388,2389.64,3.59395,0.85263,0.80057,0.50672,0.23819,0.2761,0.10274,4.08674,0.99488,0.79191,0.00308435,0.00308435,0.00308435
389,2395.46,3.83402,0.96167,0.80981,0.52546,0.23915,0.28308,0.10823,3.97847,0.9508,0.79027,0.0030794,0.0030794,0.0030794
390,2402.12,3.95294,0.91473,0.80405,0.52039,0.25165,0.28836,0.10887,4.01377,0.97905,0.79902,0.00307445,0.00307445,0.00307445
391,2408.36,3.59497,0.88274,0.8106,0.52188,0.25192,0.29077,0.10924,4.02606,0.96843,0.80348,0.0030695,0.0030695,0.0030695
392,2414.63,3.69609,0.87308,0.80491,0.56824,0.23243,0.29591,0.11264,4.01415,0.95702,0.79771,0.00306455,0.00306455,0.00306455
393,2420.91,3.60304,0.85228,0.80041,0.56104,0.23776,0.29354,0.11187,3.99736,0.94254,0.796,0.0030596,0.0030596,0.0030596
394,2427.48,3.8776,0.93012,0.81063,0.53337,0.25082,0.30103,0.11228,3.98337,0.94637,0.79438,0.00305465,0.00305465,0.00305465
395,2433.61,3.49328,0.84271,0.81799,0.54157,0.2441,0.29687,0.11089,4.00992,0.94164,0.79339,0.0030497,0.0030497,0.0030497
396,2439.89,3.67185,0.8998,0.81739,0.5317,0.24316,0.29461,0.11117,4.0143,0.94678,0.79284,0.00304475,0.00304475,0.00304475
397,2445.8,3.58049,0.92093,0.79729,0.51384,0.23782,0.28787,0.10792,4.05827,0.95385,0.79359,0.0030398,0.0030398,0.0030398
398,2451.63,3.5746,0.81547,0.80334,0.52296,0.23696,0.28603,0.10801,4.09208,0.95474,0.79552,0.00303485,0.00303485,0.00303485
399,2457.61,3.73312,0.88769,0.79064,0.54051,0.24876,0.29633,0.11078,4.04896,0.96027,0.79422,0.0030299,0.0030299,0.0030299
400,2463.96,3.8705,0.92893,0.80263,0.52953,0.25137,0.29932,0.11278,4.01942,0.95771,0.794,0.00302495,0.00302495,0.00302495
401,2470.24,3.60505,0.87647,0.80302,0.52585,0.24818,0.29978,0.11452,3.98168,0.94639,0.78945,0.00302,0.00302,0.00302
402,2477.17,3.78408,0.92737,0.81716,0.52723,0.23641,0.27714,0.1021,4.10552,0.973,0.78786,0.00301505,0.00301505,0.00301505
403,2483.29,3.675,0.86496,0.81132,0.5265,0.23957,0.28187,0.10634,4.08076,0.96699,0.78638,0.0030101,0.0030101,0.0030101
404,2489.65,3.85222,0.9555,0.80254,0.5463,0.23755,0.2994,0.11232,4.11343,0.98467,0.79511,0.00300515,0.00300515,0.00300515
405,2495.46,3.36341,0.86807,0.81608,0.56035,0.23984,0.3038,0.11264,4.04077,0.96506,0.79393,0.0030002,0.0030002,0.0030002
406,2501.27,3.69311,0.90108,0.8082,0.52273,0.24876,0.28882,0.10602,4.09886,0.95437,0.79761,0.00299525,0.00299525,0.00299525
407,2507.2,3.62539,0.91922,0.81364,0.51855,0.23792,0.27842,0.10036,4.11238,0.9608,0.7934,0.0029903,0.0029903,0.0029903
408,2513.78,3.4369,0.84989,0.80692,0.51725,0.24419,0.27792,0.10371,4.03288,0.96999,0.78465,0.00298535,0.00298535,0.00298535
409,2519.28,3.6288,0.89161,0.80602,0.50344,0.24358,0.27765,0.10191,4.11235,1.00765,0.78698,0.0029804,0.0029804,0.0029804
410,2525.78,3.76003,0.89935,0.81642,0.5027,0.24039,0.27742,0.10401,4.02569,0.96953,0.78442,0.00297545,0.00297545,0.00297545
411,2531.72,3.68822,0.89127,0.80017,0.49254,0.24121,0.27238,0.10215,4.05953,1.02492,0.78932,0.0029705,0.0029705,0.0029705
412,2537.62,3.72599,0.89842,0.80289,0.50683,0.23078,0.25643,0.09002,4.27419,1.10613,0.79741,0.00296555,0.00296555,0.00296555
413,2543.51,3.73987,0.88373,0.79537,0.52578,0.23696,0.26885,0.09881,4.13554,0.99864,0.79487,0.0029606,0.0029606,0.0029606
414,2550.01,3.65447,0.92883,0.81134,0.53961,0.24368,0.28796,0.10893,4.02097,0.96804,0.79215,0.00295565,0.00295565,0.00295565
415,2556.23,3.62176,0.88625,0.80448,0.54184,0.2489,0.2935,0.11141,3.98408,0.95593,0.78463,0.0029507,0.0029507,0.0029507
416,2562.24,3.65897,0.86702,0.82081,0.55428,0.22611,0.273,0.10218,4.03975,0.97246,0.78504,0.00294575,0.00294575,0.00294575
417,2568.65,3.58601,0.86935,0.78174,0.56522,0.22721,0.29251,0.11045,4.00674,0.96658,0.78887,0.0029408,0.0029408,0.0029408
418,2574.82,3.60737,0.84486,0.80081,0.55476,0.23655,0.29915,0.11142,4.01915,0.96516,0.78799,0.00293585,0.00293585,0.00293585
419,2581.21,3.64527,0.87863,0.81392,0.55016,0.23819,0.29905,0.11169,4.02052,0.97157,0.79161,0.0029309,0.0029309,0.0029309
420,2587.31,3.6007,0.86721,0.79989,0.54701,0.18836,0.24518,0.08655,4.35377,1.18659,0.80294,0.00292595,0.00292595,0.00292595
421,2593.35,3.73791,0.89661,0.79781,0.53062,0.16131,0.2126,0.07301,4.57188,1.36451,0.81013,0.002921,0.002921,0.002921
422,2599.23,3.67054,0.87144,0.79974,0.47315,0.19431,0.22311,0.07716,4.40886,1.17324,0.80522,0.00291605,0.00291605,0.00291605
423,2605.04,3.69486,0.88592,0.8171,0.51978,0.23037,0.27152,0.09839,4.12928,0.99019,0.79066,0.0029111,0.0029111,0.0029111
424,2611.07,3.45438,0.84438,0.82518,0.58739,0.23819,0.32053,0.12323,3.95059,0.95534,0.78607,0.00290615,0.00290615,0.00290615
425,2617.2,3.64245,0.86568,0.79608,0.59975,0.23696,0.32888,0.12478,3.98102,0.9649,0.78594,0.0029012,0.0029012,0.0029012
426,2623.97,3.79754,0.92128,0.80277,0.53493,0.24835,0.28535,0.10656,3.95868,0.92818,0.78881,0.00289625,0.00289625,0.00289625
427,2630.19,3.60159,0.8605,0.79525,0.52054,0.24108,0.27456,0.10379,3.9694,0.94823,0.78603,0.0028913,0.0028913,0.0028913
428,2636.21,3.83455,0.91018,0.79047,0.53239,0.23861,0.2782,0.10352,4.122,0.98218,0.78938,0.00288635,0.00288635,0.00288635
429,2642,3.95749,0.95923,0.8038,0.52473,0.24423,0.27911,0.10298,4.11908,1.00528,0.78956,0.0028814,0.0028814,0.0028814
430,2648.41,3.76034,0.88914,0.80724,0.51958,0.23819,0.27302,0.09994,4.17244,0.96412,0.79111,0.00287645,0.00287645,0.00287645
431,2654.62,3.81853,0.90478,0.80943,0.54021,0.22921,0.27544,0.10013,4.16243,0.97545,0.79369,0.0028715,0.0028715,0.0028715
432,2660.96,3.57783,0.84926,0.82863,0.56777,0.23586,0.30162,0.11527,3.99591,0.94063,0.78627,0.00286655,0.00286655,0.00286655
433,2666.65,3.83496,0.99199,0.81686,0.59485,0.22721,0.3076,0.11515,4.02593,0.96857,0.78637,0.0028616,0.0028616,0.0028616
434,2673.17,3.70592,0.89125,0.80674,0.54828,0.23902,0.29162,0.10811,4.05745,0.95695,0.78694,0.00285665,0.00285665,0.00285665
435,2679.22,3.6829,0.89037,0.78629,0.54468,0.23847,0.27987,0.10427,4.06332,0.95471,0.78891,0.0028517,0.0028517,0.0028517
436,2685.56,3.71783,0.8963,0.80498,0.54886,0.22803,0.27605,0.10336,4.08448,0.96469,0.79225,0.00284675,0.00284675,0.00284675
437,2692.04,3.78344,0.92784,0.80578,0.5052,0.2268,0.25814,0.09506,4.16271,0.97849,0.79595,0.0028418,0.0028418,0.0028418
438,2698.14,3.62973,0.92486,0.8062,0.48555,0.2208,0.24348,0.0881,4.30417,1.07912,0.80314,0.00283685,0.00283685,0.00283685
439,2704.45,3.70296,0.8425,0.81843,0.48346,0.23116,0.25707,0.09398,4.20956,1.0517,0.80109,0.0028319,0.0028319,0.0028319
440,2710.52,3.7536,0.89145,0.78727,0.51223,0.23902,0.27185,0.10213,4.11706,1.00822,0.7998,0.00282695,0.00282695,0.00282695
441,2716.97,3.59514,0.93206,0.81888,0.52053,0.24205,0.27651,0.1029,4.10142,0.98009,0.80009,0.002822,0.002822,0.002822
442,2723.18,3.40573,0.84015,0.82189,0.51724,0.23943,0.27376,0.09912,4.15007,0.98419,0.79853,0.00281705,0.00281705,0.00281705
443,2729.29,3.56549,0.86333,0.80911,0.52149,0.2371,0.27417,0.10314,4.07836,0.96786,0.79541,0.0028121,0.0028121,0.0028121
444,2735.71,3.32255,0.84841,0.8008,0.53761,0.22721,0.26329,0.09642,4.15622,0.98367,0.7973,0.00280715,0.00280715,0.00280715
445,2741.79,3.63489,0.90673,0.78915,0.54209,0.23572,0.28194,0.10548,4.02988,0.95041,0.7947,0.0028022,0.0028022,0.0028022
446,2747.59,3.80759,0.91745,0.82995,0.50854,0.24767,0.28371,0.1045,4.06531,0.96365,0.78793,0.00279725,0.00279725,0.00279725
447,2753.95,3.54093,0.87519,0.8106,0.50879,0.2581,0.29599,0.11193,3.96587,0.96971,0.79045,0.0027923,0.0027923,0.0027923
448,2759.87,3.66991,0.86903,0.81187,0.5299,0.24039,0.28154,0.10351,4.08881,0.9628,0.79451,0.00278735,0.00278735,0.00278735
449,2765.61,3.79846,0.9639,0.80922,0.55231,0.25118,0.29404,0.10862,4.02737,0.94425,0.79229,0.0027824,0.0027824,0.0027824
450,2771.99,3.58648,0.86673,0.8174,0.54147,0.24643,0.29813,0.1129,3.97242,0.93495,0.78459,0.00277745,0.00277745,0.00277745
451,2777.96,3.57164,0.84312,0.80186,0.54104,0.23751,0.29116,0.1095,4.00706,0.94511,0.78443,0.0027725,0.0027725,0.0027725
452,2784.24,3.63253,0.87157,0.8116,0.51405,0.24849,0.28786,0.11106,4.03295,0.9646,0.78845,0.00276755,0.00276755,0.00276755
453,2790.1,3.76599,0.95192,0.80115,0.52813,0.24693,0.2966,0.11305,4.02737,0.94532,0.7868,0.0027626,0.0027626,0.0027626
454,2795.41,3.56725,0.86695,0.80764,0.53671,0.24053,0.29369,0.11184,4.0295,0.95516,0.79319,0.00275765,0.00275765,0.00275765
455,2801.25,3.72656,0.8858,0.81019,0.55328,0.23847,0.30044,0.11463,4.01035,0.94799,0.79128,0.0027527,0.0027527,0.0027527
456,2807.52,3.36708,0.81137,0.80705,0.50968,0.23668,0.28566,0.10633,4.14103,0.98384,0.80259,0.00274775,0.00274775,0.00274775
457,2813.71,3.78307,0.95963,0.81452,0.51701,0.2419,0.28929,0.10997,4.08064,0.97206,0.80203,0.0027428,0.0027428,0.0027428
458,2819.69,3.66422,0.90098,0.81487,0.54745,0.24314,0.2935,0.11058,3.9963,0.94808,0.79592,0.00273785,0.00273785,0.00273785
459,2825.82,3.62714,0.88859,0.79117,0.52805,0.24341,0.28412,0.10599,4.02634,0.96615,0.7927,0.0027329,0.0027329,0.0027329
460,2832.12,3.54182,0.84667,0.79116,0.51777,0.25481,0.29267,0.10969,4.01254,0.96799,0.78948,0.00272795,0.00272795,0.00272795
461,2837.89,3.68188,0.93574,0.79811,0.52812,0.24643,0.28876,0.10584,4.08521,0.96123,0.79042,0.002723,0.002723,0.002723
462,2844.22,3.55127,0.85221,0.80709,0.52411,0.24684,0.28874,0.10842,4.0158,0.96039,0.78924,0.00271805,0.00271805,0.00271805
463,2850.23,3.29102,0.8266,0.80742,0.52974,0.25275,0.30473,0.11504,3.9707,0.95207,0.78767,0.0027131,0.0027131,0.0027131
464,2856.47,3.56257,0.86418,0.8191,0.53746,0.24671,0.3078,0.11633,4.02081,0.94032,0.78896,0.00270815,0.00270815,0.00270815
465,2862.2,3.56013,0.85069,0.80757,0.54679,0.24451,0.30726,0.11488,4.05932,0.94722,0.792,0.0027032,0.0027032,0.0027032
466,2868.87,3.47471,0.83017,0.812,0.58029,0.23339,0.32243,0.12217,4.04461,0.97515,0.78965,0.00269825,0.00269825,0.00269825
467,2874.65,3.46221,0.83393,0.80529,0.56986,0.2371,0.31918,0.12136,4.04459,0.96922,0.79136,0.0026933,0.0026933,0.0026933
468,2880.53,3.61182,0.90024,0.80946,0.54795,0.24763,0.31116,0.11912,3.98861,0.92993,0.79449,0.00268835,0.00268835,0.00268835
469,2886.99,3.38911,0.83936,0.79232,0.54899,0.24918,0.30999,0.11828,3.94198,0.91675,0.79189,0.0026834,0.0026834,0.0026834
470,2893.18,3.5224,0.86163,0.80217,0.53504,0.25206,0.30136,0.11322,3.93177,0.9312,0.79304,0.00267845,0.00267845,0.00267845
471,2899.03,3.64692,0.85119,0.80908,0.55286,0.25021,0.3099,0.11899,3.89079,0.91331,0.78974,0.0026735,0.0026735,0.0026735
472,2905.04,3.3145,0.78476,0.80618,0.56768,0.24012,0.31476,0.12185,3.94309,0.94452,0.79194,0.00266855,0.00266855,0.00266855
473,2911.31,3.56628,0.86026,0.79679,0.57442,0.23737,0.31346,0.11869,4.0019,0.95528,0.79343,0.0026636,0.0026636,0.0026636
474,2917.75,3.46336,0.85513,0.8049,0.55321,0.25243,0.30121,0.11616,3.92204,0.9248,0.79639,0.00265865,0.00265865,0.00265865
475,2923.85,3.42584,0.79409,0.81395,0.54298,0.25119,0.29055,0.10934,4.007,0.9497,0.79706,0.0026537,0.0026537,0.0026537
476,2929.81,3.60205,0.83718,0.81746,0.53563,0.24314,0.29144,0.10775,4.09164,0.94634,0.79684,0.00264875,0.00264875,0.00264875
477,2935.82,3.65826,0.89345,0.80923,0.54357,0.24945,0.29853,0.11303,4.03025,0.93192,0.79756,0.0026438,0.0026438,0.0026438
478,2942.21,3.36721,0.81073,0.81667,0.55247,0.24355,0.29774,0.11425,3.9313,0.9169,0.79412,0.00263885,0.00263885,0.00263885
479,2948.58,3.36634,0.79643,0.79272,0.54274,0.24217,0.28479,0.10767,3.95956,0.93614,0.79378,0.0026339,0.0026339,0.0026339
480,2954.89,3.35201,0.83052,0.80106,0.51865,0.23998,0.27707,0.1055,3.99309,0.95271,0.79361,0.00262895,0.00262895,0.00262895
481,2961.5,3.21968,0.77219,0.81025,0.52421,0.24108,0.27962,0.10633,3.97587,0.9455,0.79247,0.002624,0.002624,0.002624
482,2967.47,3.43571,0.84555,0.80637,0.5479,0.2408,0.29385,0.11185,3.9624,0.92524,0.79197,0.00261905,0.00261905,0.00261905
483,2973.65,3.61467,0.85427,0.8011,0.5373,0.243,0.29044,0.1093,3.98293,0.93156,0.79259,0.0026141,0.0026141,0.0026141
484,2980.01,3.26325,0.75999,0.79757,0.54407,0.24204,0.29359,0.11287,3.9273,0.92706,0.7912,0.00260915,0.00260915,0.00260915
485,2985.59,3.46757,0.84609,0.80911,0.55769,0.24053,0.3023,0.11435,3.9662,0.93201,0.79025,0.0026042,0.0026042,0.0026042
486,2992.02,3.61834,0.859,0.82185,0.5342,0.24436,0.2961,0.11225,4.00209,0.93737,0.79462,0.00259925,0.00259925,0.00259925
487,2997.78,3.3996,0.8316,0.79952,0.53296,0.24437,0.29057,0.10902,4.01115,0.93525,0.79367,0.0025943,0.0025943,0.0025943
488,3004.06,3.52431,0.84688,0.81963,0.52005,0.21705,0.26518,0.09645,4.1893,0.98587,0.79426,0.00258935,0.00258935,0.00258935
489,3010.07,3.67373,0.89536,0.80398,0.53694,0.22405,0.28562,0.10516,4.11661,0.95948,0.79223,0.0025844,0.0025844,0.0025844
490,3016.49,3.57323,0.8407,0.79746,0.55456,0.23531,0.30208,0.11416,4.04307,0.96666,0.79201,0.00257945,0.00257945,0.00257945
491,3022.79,3.4554,0.85152,0.81117,0.562,0.23366,0.30425,0.11711,3.97627,0.95678,0.79254,0.0025745,0.0025745,0.0025745
492,3028.95,3.67252,0.88037,0.79529,0.53295,0.24588,0.28922,0.10946,3.99228,0.93599,0.78776,0.00256955,0.00256955,0.00256955
493,3035.12,3.73857,0.90618,0.79061,0.52263,0.23668,0.27658,0.10254,4.07065,0.95739,0.78746,0.0025646,0.0025646,0.0025646
494,3041.8,3.79569,0.92794,0.7636,0.52893,0.23009,0.26627,0.09856,4.08317,0.966,0.78367,0.00255965,0.00255965,0.00255965
495,3047.8,3.49295,0.84382,0.78304,0.53597,0.24325,0.28978,0.11091,3.94109,0.92928,0.77796,0.0025547,0.0025547,0.0025547
496,3054.18,3.48329,0.84675,0.79281,0.54045,0.24643,0.30253,0.11661,3.91047,0.91901,0.77975,0.00254975,0.00254975,0.00254975
497,3060.58,3.48577,0.85047,0.8073,0.54777,0.24423,0.30237,0.11608,3.93504,0.92965,0.78295,0.0025448,0.0025448,0.0025448
498,3066.83,3.72374,0.89249,0.79075,0.55021,0.2511,0.31127,0.12049,3.91988,0.93325,0.78325,0.00253985,0.00253985,0.00253985
499,3073.03,3.56896,0.82887,0.80192,0.53619,0.25522,0.3083,0.11899,3.92864,0.94315,0.78351,0.0025349,0.0025349,0.0025349
500,3078.98,3.62453,0.86642,0.80314,0.5272,0.24629,0.30305,0.11763,3.93451,0.92633,0.78472,0.00252995,0.00252995,0.00252995
501,3085.3,3.24627,0.81142,0.81604,0.53198,0.25165,0.29852,0.11428,3.95594,0.94116,0.78704,0.002525,0.002525,0.002525
502,3091.55,3.68032,0.89923,0.80405,0.538,0.24794,0.29303,0.10766,4.02329,0.94685,0.79014,0.00252005,0.00252005,0.00252005
503,3097.73,3.38112,0.82934,0.79553,0.53915,0.24991,0.29354,0.1092,4.00744,0.94409,0.79206,0.0025151,0.0025151,0.0025151
504,3103.71,3.28063,0.78101,0.816,0.53926,0.2581,0.31216,0.11934,3.91697,0.94218,0.78977,0.00251015,0.00251015,0.00251015
505,3110.16,3.26694,0.78588,0.82803,0.5438,0.25153,0.31606,0.12312,3.93259,0.93851,0.79088,0.0025052,0.0025052,0.0025052
506,3116.69,3.53405,0.83349,0.8089,0.51709,0.25329,0.29792,0.11216,4.00474,0.95982,0.79503,0.00250025,0.00250025,0.00250025
507,3122.81,3.59165,0.86407,0.80823,0.49612,0.24822,0.2815,0.10659,4.0165,0.96384,0.7924,0.0024953,0.0024953,0.0024953
508,3128.93,3.64796,0.87977,0.78227,0.50267,0.24849,0.28397,0.10867,3.96163,0.96446,0.78734,0.00249035,0.00249035,0.00249035
509,3135.34,3.62739,0.84898,0.81389,0.51422,0.24734,0.28599,0.10932,3.9773,1.0014,0.78894,0.0024854,0.0024854,0.0024854
510,3141.79,3.50602,0.83097,0.81171,0.52956,0.25206,0.29369,0.11278,3.9092,0.96479,0.78508,0.00248045,0.00248045,0.00248045
511,3147.53,3.49916,0.85065,0.78866,0.52931,0.25316,0.29534,0.11246,3.91831,0.94073,0.78606,0.0024755,0.0024755,0.0024755
512,3153.78,3.33262,0.7969,0.79703,0.52512,0.24918,0.28789,0.1097,3.99745,0.95456,0.79149,0.00247055,0.00247055,0.00247055
513,3159.69,3.55839,0.83908,0.7824,0.53593,0.25137,0.30146,0.11652,3.92369,0.93381,0.78682,0.0024656,0.0024656,0.0024656
514,3165.99,3.43208,0.83581,0.81629,0.52644,0.25182,0.29714,0.11293,4.028,0.97411,0.79516,0.00246065,0.00246065,0.00246065
515,3172.16,3.44115,0.86853,0.80126,0.52949,0.24368,0.29324,0.1117,4.07347,0.97947,0.79676,0.0024557,0.0024557,0.0024557
516,3178.43,3.56764,0.89149,0.80838,0.5499,0.24739,0.30782,0.12052,3.89193,0.92745,0.79161,0.00245075,0.00245075,0.00245075
517,3184.31,3.65428,0.876,0.79742,0.53739,0.25198,0.30485,0.11841,3.88772,0.93049,0.79143,0.0024458,0.0024458,0.0024458
518,3190.25,3.64044,0.89916,0.79727,0.54813,0.24747,0.29919,0.11509,3.89786,0.92215,0.79261,0.00244085,0.00244085,0.00244085
519,3195.67,3.43866,0.83101,0.79649,0.52809,0.24588,0.2908,0.11134,3.95314,0.94073,0.79125,0.0024359,0.0024359,0.0024359
520,3201.75,3.47079,0.83554,0.7975,0.55477,0.25659,0.30799,0.12056,3.88799,0.9169,0.78986,0.00243095,0.00243095,0.00243095
521,3207.9,3.42546,0.81585,0.80713,0.56426,0.25275,0.32049,0.1264,3.83416,0.9059,0.78866,0.002426,0.002426,0.002426
522,3214.42,3.61644,0.86123,0.80873,0.55758,0.25027,0.31091,0.12141,3.91774,0.93182,0.79235,0.00242105,0.00242105,0.00242105
523,3220.63,3.35831,0.79379,0.79967,0.56323,0.25618,0.32015,0.12653,3.83732,0.90837,0.79046,0.0024161,0.0024161,0.0024161
524,3227.09,3.33415,0.81093,0.80098,0.55403,0.25604,0.31304,0.12127,3.93345,0.9324,0.78902,0.00241115,0.00241115,0.00241115
525,3232.93,3.58804,0.85332,0.77923,0.55424,0.25329,0.31,0.12159,3.91187,0.91464,0.78976,0.0024062,0.0024062,0.0024062
526,3239.14,3.95691,0.95392,0.78543,0.54516,0.25384,0.30856,0.12078,3.88703,0.91375,0.79025,0.00240125,0.00240125,0.00240125
527,3245.52,3.144,0.76308,0.79983,0.55261,0.24753,0.31255,0.12266,3.84604,0.91829,0.7857,0.0023963,0.0023963,0.0023963
528,3251.85,3.36122,0.82304,0.79291,0.56328,0.243,0.31547,0.12589,3.83744,0.91646,0.78346,0.00239135,0.00239135,0.00239135
529,3258.13,3.84363,0.93891,0.78625,0.57782,0.24245,0.31928,0.12805,3.84917,0.9121,0.78611,0.0023864,0.0023864,0.0023864
530,3264.61,3.5963,0.8522,0.77109,0.54724,0.24053,0.29836,0.11376,4.04491,0.93428,0.79673,0.00238145,0.00238145,0.00238145
531,3270.22,3.24291,0.80441,0.7928,0.55691,0.2395,0.30313,0.11839,3.97961,0.93183,0.79537,0.0023765,0.0023765,0.0023765
532,3276.8,3.30418,0.80274,0.79132,0.58101,0.23723,0.32723,0.12977,3.86915,0.91962,0.78516,0.00237155,0.00237155,0.00237155
533,3283.18,3.5405,0.84823,0.7812,0.58399,0.23998,0.32799,0.12846,3.85778,0.91332,0.78447,0.0023666,0.0023666,0.0023666
534,3288.92,3.43111,0.85033,0.79799,0.54344,0.25263,0.30379,0.11468,3.97517,0.93856,0.79122,0.00236165,0.00236165,0.00236165
535,3294.42,3.7897,0.94476,0.79885,0.52607,0.25906,0.3081,0.11764,3.92089,0.945,0.78647,0.0023567,0.0023567,0.0023567
536,3300.68,3.73526,0.89072,0.79134,0.5495,0.25102,0.3093,0.1194,3.89821,0.91308,0.78847,0.00235175,0.00235175,0.00235175
537,3307.1,3.55248,0.88197,0.7915,0.56903,0.24176,0.30328,0.11687,3.90741,0.92813,0.78574,0.0023468,0.0023468,0.0023468
538,3313.62,3.36376,0.82963,0.80724,0.50939,0.2511,0.28214,0.1071,4.01645,0.99495,0.79175,0.00234185,0.00234185,0.00234185
539,3319.33,3.22695,0.80722,0.79611,0.50506,0.25082,0.28384,0.10735,4.02669,0.9859,0.79265,0.0023369,0.0023369,0.0023369
540,3325.65,3.38817,0.84206,0.81188,0.56538,0.2441,0.31969,0.12129,3.92634,0.94027,0.78734,0.00233195,0.00233195,0.00233195
541,3331.49,3.47561,0.9453,0.82384,0.55955,0.25055,0.32201,0.12418,3.91146,0.93245,0.78838,0.002327,0.002327,0.002327
542,3337.9,3.46634,0.82826,0.79851,0.56219,0.25398,0.32369,0.12536,3.90244,0.91761,0.78628,0.00232205,0.00232205,0.00232205
543,3344.13,3.71569,0.91591,0.80581,0.55857,0.24808,0.3232,0.12614,3.87824,0.91182,0.78585,0.0023171,0.0023171,0.0023171
544,3350.32,3.6591,0.87512,0.78084,0.54729,0.25453,0.31706,0.12181,3.8963,0.90974,0.79175,0.00231215,0.00231215,0.00231215
545,3356.36,3.64592,0.9029,0.80926,0.54601,0.25934,0.31333,0.12133,3.90895,0.9202,0.79321,0.0023072,0.0023072,0.0023072
546,3362.68,3.34722,0.81019,0.81141,0.56353,0.24163,0.30703,0.11721,3.99987,0.93998,0.79604,0.00230225,0.00230225,0.00230225
547,3368.53,3.60414,0.84543,0.78158,0.5461,0.24595,0.30204,0.11629,3.98297,0.93883,0.79347,0.0022973,0.0022973,0.0022973
548,3374.79,3.31422,0.86529,0.78472,0.52741,0.24451,0.29084,0.11083,3.99123,0.94682,0.79273,0.00229235,0.00229235,0.00229235
549,3381.42,3.39129,0.82752,0.80556,0.5628,0.24629,0.31077,0.12019,3.88411,0.919,0.7893,0.0022874,0.0022874,0.0022874
550,3387.83,3.38138,0.82179,0.79349,0.54528,0.25343,0.31467,0.12201,3.8855,0.93866,0.78826,0.00228245,0.00228245,0.00228245
551,3393.92,3.29852,0.81457,0.79796,0.54013,0.25357,0.30849,0.11918,3.91069,0.94607,0.78915,0.0022775,0.0022775,0.0022775
552,3400.38,3.41695,0.82712,0.8092,0.5375,0.24629,0.29611,0.11197,3.97627,0.93331,0.78939,0.00227255,0.00227255,0.00227255
553,3406.33,3.42574,0.84441,0.79334,0.52887,0.24478,0.28885,0.10916,4.00645,0.93778,0.78801,0.0022676,0.0022676,0.0022676
554,3412.84,3.36591,0.82808,0.78986,0.54098,0.25384,0.30489,0.11539,3.9473,0.92791,0.78778,0.00226265,0.00226265,0.00226265
555,3418.86,3.49077,0.86269,0.80868,0.54109,0.24961,0.30236,0.11409,3.99361,0.93074,0.78629,0.0022577,0.0022577,0.0022577
556,3425.33,3.49108,0.84719,0.81306,0.53283,0.24533,0.30228,0.11599,3.97412,0.95154,0.78539,0.00225275,0.00225275,0.00225275
557,3431.52,3.26558,0.78611,0.80919,0.55439,0.24083,0.3124,0.11833,3.98227,0.94603,0.79022,0.0022478,0.0022478,0.0022478
558,3438.13,3.58287,0.85806,0.81437,0.56532,0.23694,0.31971,0.12405,3.9223,0.94469,0.7883,0.00224285,0.00224285,0.00224285
559,3444.15,3.4989,0.89574,0.7934,0.54419,0.23996,0.30659,0.11733,3.95429,0.94632,0.7886,0.0022379,0.0022379,0.0022379
560,3450.55,3.50169,0.87588,0.79921,0.55962,0.24671,0.31163,0.11888,3.97686,0.95768,0.79148,0.00223295,0.00223295,0.00223295
561,3456.18,3.29715,0.81116,0.80592,0.5669,0.24574,0.3199,0.122,3.99807,0.98673,0.79091,0.002228,0.002228,0.002228
562,3462.75,3.65858,0.89668,0.81603,0.55766,0.25481,0.32505,0.12441,3.90329,0.94822,0.78812,0.00222305,0.00222305,0.00222305
563,3468.02,3.49191,0.84719,0.80761,0.57182,0.24054,0.32616,0.12824,3.91581,0.94497,0.78896,0.0022181,0.0022181,0.0022181
564,3474.36,3.3773,0.8418,0.7859,0.57058,0.22405,0.30467,0.11768,4.0508,0.98095,0.79391,0.00221315,0.00221315,0.00221315
565,3479.84,3.03185,0.78357,0.81044,0.56158,0.23037,0.29915,0.11529,4.06469,0.96158,0.7945,0.0022082,0.0022082,0.0022082
566,3485.8,3.2946,0.80198,0.79134,0.55826,0.25288,0.32119,0.12541,3.87454,0.90805,0.78558,0.00220325,0.00220325,0.00220325
567,3491.87,3.1633,0.79879,0.8177,0.55127,0.24739,0.3114,0.11975,3.88174,0.91989,0.78306,0.0021983,0.0021983,0.0021983
568,3497.97,3.40829,0.83084,0.78252,0.53958,0.24922,0.29873,0.1173,3.91794,0.94746,0.78678,0.00219335,0.00219335,0.00219335
569,3504.31,3.38327,0.82733,0.81294,0.55038,0.25165,0.30808,0.12177,3.87923,0.93516,0.7861,0.0021884,0.0021884,0.0021884
570,3510.46,3.36956,0.81698,0.79313,0.5468,0.25796,0.31035,0.12225,3.87356,0.92575,0.78921,0.00218345,0.00218345,0.00218345
571,3516.56,3.46947,0.82107,0.79421,0.5312,0.25549,0.29747,0.11312,3.96542,0.96521,0.79334,0.0021785,0.0021785,0.0021785
572,3522.77,3.45435,0.83116,0.80209,0.53072,0.25233,0.29827,0.11685,3.88605,0.94032,0.78781,0.00217355,0.00217355,0.00217355
573,3528.35,3.75931,0.89903,0.7915,0.53301,0.25103,0.30423,0.11933,3.89435,0.92706,0.78572,0.0021686,0.0021686,0.0021686
574,3534.75,3.40563,0.83476,0.79647,0.55575,0.25316,0.31895,0.12348,3.87952,0.90675,0.7872,0.00216365,0.00216365,0.00216365
575,3540.59,3.34333,0.82499,0.8048,0.55768,0.25255,0.32072,0.12414,3.89219,0.90862,0.79023,0.0021587,0.0021587,0.0021587
576,3546.84,3.45322,0.82201,0.80941,0.55456,0.23339,0.31432,0.12342,3.95946,0.94482,0.79559,0.00215375,0.00215375,0.00215375
577,3552.92,3.59002,0.84208,0.78624,0.54869,0.2275,0.30272,0.11871,3.94031,0.96957,0.79471,0.0021488,0.0021488,0.0021488
578,3559.34,3.72928,0.88805,0.78333,0.51939,0.25073,0.29664,0.1144,3.92378,0.9518,0.7939,0.00214385,0.00214385,0.00214385
579,3565.42,3.24412,0.78206,0.79005,0.53102,0.25401,0.30791,0.12187,3.84519,0.92298,0.78955,0.0021389,0.0021389,0.0021389
580,3571.89,3.35129,0.81436,0.79894,0.54948,0.25233,0.31661,0.12298,3.91715,0.93809,0.79324,0.00213395,0.00213395,0.00213395
581,3577.83,3.37114,0.83433,0.7816,0.55408,0.24889,0.31548,0.12336,3.86483,0.92027,0.79099,0.002129,0.002129,0.002129
582,3584.04,3.38235,0.8181,0.81245,0.52737,0.24437,0.28193,0.10773,3.90798,0.96691,0.78975,0.00212405,0.00212405,0.00212405
583,3589.54,3.51337,0.85123,0.78478,0.52072,0.24217,0.28575,0.11053,3.8688,0.95936,0.79058,0.0021191,0.0021191,0.0021191
584,3595.94,3.2132,0.81918,0.79757,0.55714,0.24904,0.31316,0.1213,3.81965,0.91206,0.78586,0.00211415,0.00211415,0.00211415
585,3602.08,3.42053,0.80846,0.79754,0.55359,0.25192,0.31209,0.11986,3.84652,0.92418,0.78548,0.0021092,0.0021092,0.0021092
586,3608.3,3.46336,0.86727,0.78341,0.54102,0.25137,0.2976,0.11438,3.89162,0.94632,0.7924,0.00210425,0.00210425,0.00210425
587,3614.06,3.33953,0.7974,0.79098,0.54823,0.2454,0.2926,0.1141,3.84359,0.9278,0.78762,0.0020993,0.0020993,0.0020993
588,3620.8,3.2211,0.78831,0.80458,0.54188,0.2491,0.29296,0.11414,3.89937,0.93155,0.79203,0.00209435,0.00209435,0.00209435
589,3626.97,3.07091,0.72584,0.80914,0.54137,0.24924,0.29064,0.11003,3.97841,0.95423,0.79517,0.0020894,0.0020894,0.0020894
590,3633.33,3.39035,0.8065,0.80012,0.57906,0.25604,0.32239,0.1253,3.82481,0.90241,0.78544,0.00208445,0.00208445,0.00208445
591,3638.86,3.31564,0.78967,0.80411,0.58722,0.25936,0.33371,0.13315,3.78263,0.89188,0.78781,0.0020795,0.0020795,0.0020795
592,3645.22,3.25027,0.78461,0.7875,0.5773,0.25769,0.326,0.13033,3.76002,0.88021,0.78776,0.00207455,0.00207455,0.00207455
593,3651.06,3.30775,0.79064,0.7884,0.57392,0.25467,0.32111,0.12757,3.77453,0.88078,0.7875,0.0020696,0.0020696,0.0020696
594,3657.55,3.21728,0.8058,0.79448,0.57478,0.26002,0.32453,0.12787,3.8421,0.90036,0.7912,0.00206465,0.00206465,0.00206465
595,3663.16,3.47671,0.80297,0.79704,0.57453,0.25508,0.32071,0.12545,3.90126,0.92658,0.7915,0.0020597,0.0020597,0.0020597
596,3669.08,3.33203,0.85161,0.81065,0.56631,0.2478,0.31418,0.12254,3.89172,0.92765,0.79079,0.00205475,0.00205475,0.00205475
597,3675.22,3.45883,0.82977,0.79559,0.53847,0.25343,0.30077,0.11773,3.91064,0.92187,0.79284,0.0020498,0.0020498,0.0020498
598,3681.49,3.29868,0.8113,0.80212,0.54815,0.25548,0.305,0.12057,3.88321,0.91201,0.78677,0.00204485,0.00204485,0.00204485
599,3687.5,3.61685,0.85006,0.77368,0.57775,0.25302,0.31589,0.12548,3.83577,0.8985,0.78319,0.0020399,0.0020399,0.0020399
600,3693.94,3.46325,0.793,0.77723,0.57138,0.25261,0.31392,0.12059,3.93535,0.92987,0.78845,0.00203495,0.00203495,0.00203495
601,3700.18,3.75332,0.88484,0.80647,0.56295,0.25518,0.3106,0.11735,3.96918,0.94909,0.79245,0.00203,0.00203,0.00203
602,3706.95,3.60661,0.86729,0.76327,0.54874,0.25879,0.3075,0.11651,3.94097,0.934,0.79345,0.00202505,0.00202505,0.00202505
603,3713.23,3.48177,0.83144,0.78646,0.53085,0.26002,0.30266,0.11684,3.91506,0.94171,0.7928,0.0020201,0.0020201,0.0020201
604,3719.25,3.24945,0.79044,0.78688,0.53538,0.25796,0.30528,0.11942,3.79771,0.93169,0.78649,0.00201515,0.00201515,0.00201515
605,3725.2,3.36847,0.81339,0.78075,0.52617,0.25384,0.30189,0.11861,3.79611,0.93645,0.78648,0.0020102,0.0020102,0.0020102
606,3731.97,3.31693,0.79169,0.79461,0.52686,0.26111,0.30536,0.11744,3.82817,0.95036,0.78364,0.00200525,0.00200525,0.00200525
607,3738.33,3.43647,0.80171,0.79121,0.5421,0.26551,0.31729,0.12486,3.81261,0.91757,0.78314,0.0020003,0.0020003,0.0020003
608,3744.78,3.28945,0.77844,0.77769,0.56756,0.26208,0.33425,0.13212,3.78614,0.916,0.78657,0.00199535,0.00199535,0.00199535
609,3750.47,3.21845,0.7738,0.80158,0.55205,0.26744,0.32955,0.12904,3.84448,0.95399,0.78971,0.0019904,0.0019904,0.0019904
610,3757.37,3.36259,0.83798,0.7989,0.57439,0.26421,0.3399,0.13204,3.85952,0.91732,0.78957,0.00198545,0.00198545,0.00198545
611,3763.23,3.0751,0.73442,0.78405,0.57332,0.25563,0.33144,0.12843,3.87656,0.90442,0.79236,0.0019805,0.0019805,0.0019805
612,3769.67,3.34909,0.80535,0.79093,0.55362,0.25824,0.3122,0.12054,3.82968,0.90524,0.79197,0.00197555,0.00197555,0.00197555
613,3775.89,3.28547,0.79524,0.79273,0.54515,0.25728,0.31016,0.12119,3.8422,0.91411,0.78866,0.0019706,0.0019706,0.0019706
614,3782.29,3.30973,0.79477,0.81409,0.54557,0.25284,0.30461,0.12034,3.87342,0.92233,0.78778,0.00196565,0.00196565,0.00196565
615,3788.29,3.30127,0.81874,0.80052,0.54861,0.2522,0.30217,0.11844,3.84287,0.91939,0.78506,0.0019607,0.0019607,0.0019607
616,3794.77,3.30586,0.78719,0.78322,0.53966,0.25439,0.29704,0.11413,3.87914,0.93141,0.78642,0.00195575,0.00195575,0.00195575
617,3800.76,3.26761,0.76099,0.79264,0.54157,0.25741,0.30518,0.11799,3.89791,0.92676,0.78769,0.0019508,0.0019508,0.0019508
618,3807.61,3.43703,0.83572,0.79982,0.56312,0.25996,0.32141,0.12732,3.82925,0.90796,0.78583,0.00194585,0.00194585,0.00194585
619,3813.98,3.48182,0.81575,0.79218,0.55917,0.25659,0.32015,0.12519,3.88686,0.92125,0.78886,0.0019409,0.0019409,0.0019409
620,3820.16,3.49265,0.83486,0.77858,0.579,0.25261,0.32754,0.12814,3.8361,0.90458,0.78521,0.00193595,0.00193595,0.00193595
621,3825.82,3.37482,0.82234,0.81464,0.5783,0.24451,0.30395,0.1204,3.84591,0.92486,0.78854,0.001931,0.001931,0.001931
622,3831.77,3.24613,0.77136,0.79622,0.56875,0.25686,0.32578,0.12942,3.79811,0.89566,0.7868,0.00192605,0.00192605,0.00192605
623,3837.83,3.32231,0.83049,0.77573,0.57757,0.25384,0.3318,0.1322,3.83452,0.90686,0.78666,0.0019211,0.0019211,0.0019211
624,3844.36,3.25593,0.80016,0.80192,0.54605,0.25549,0.31179,0.12123,3.89629,0.91323,0.78846,0.00191615,0.00191615,0.00191615
625,3850.27,3.3403,0.81534,0.80831,0.53027,0.25417,0.299,0.11408,3.97496,0.93227,0.79284,0.0019112,0.0019112,0.0019112
626,3856.71,3.20213,0.77737,0.78993,0.52533,0.2478,0.2905,0.10877,4.0383,0.949,0.80232,0.00190625,0.00190625,0.00190625
627,3862.82,3.49062,0.83342,0.79923,0.54909,0.25111,0.30607,0.11625,3.95655,0.93588,0.79936,0.0019013,0.0019013,0.0019013
628,3868.64,3.40323,0.81161,0.7993,0.54962,0.2637,0.32242,0.1257,3.87473,0.92826,0.79341,0.00189635,0.00189635,0.00189635
629,3875.18,3.2852,0.7602,0.80133,0.5398,0.26579,0.32325,0.127,3.8545,0.93025,0.79121,0.0018914,0.0018914,0.0018914
630,3881.39,3.4774,0.83601,0.8156,0.57535,0.25,0.32783,0.12969,3.82532,0.9059,0.78741,0.00188645,0.00188645,0.00188645
631,3887.59,3.40701,0.83237,0.7978,0.58134,0.25,0.32911,0.13234,3.79909,0.91048,0.7899,0.0018815,0.0018815,0.0018815
632,3893.93,3.27342,0.7903,0.78507,0.58904,0.24602,0.32617,0.13052,3.77898,0.9004,0.78278,0.00187655,0.00187655,0.00187655
633,3899.75,3.07385,0.76494,0.78201,0.58228,0.24547,0.32418,0.12878,3.79903,0.89758,0.78061,0.0018716,0.0018716,0.0018716
634,3906.21,3.24579,0.76994,0.79643,0.56304,0.25151,0.31033,0.12447,3.7582,0.88978,0.78109,0.00186665,0.00186665,0.00186665
635,3912.02,3.20795,0.79028,0.77607,0.56102,0.24355,0.30397,0.12098,3.78923,0.89621,0.7815,0.0018617,0.0018617,0.0018617
636,3918.81,3.5868,0.83797,0.77412,0.56347,0.24808,0.30461,0.12145,3.80022,0.90492,0.78429,0.00185675,0.00185675,0.00185675
637,3924.73,3.13197,0.80306,0.78903,0.56722,0.25192,0.31065,0.12361,3.79926,0.9021,0.78429,0.0018518,0.0018518,0.0018518
638,3931.4,3.17961,0.76473,0.79002,0.57962,0.25327,0.32626,0.13018,3.79668,0.9071,0.78316,0.00184685,0.00184685,0.00184685
639,3937.35,3.29154,0.79345,0.78096,0.57038,0.25549,0.32474,0.12692,3.84732,0.92091,0.78625,0.0018419,0.0018419,0.0018419
640,3943.77,3.39195,0.80614,0.78668,0.56252,0.24835,0.31289,0.12379,3.82129,0.91803,0.78534,0.00183695,0.00183695,0.00183695
641,3949.74,3.392,0.79423,0.79494,0.56734,0.25192,0.31671,0.12482,3.81575,0.91533,0.78471,0.001832,0.001832,0.001832
642,3955.79,3.22081,0.79321,0.79335,0.57103,0.25403,0.32975,0.13007,3.80637,0.91858,0.78693,0.00182705,0.00182705,0.00182705
643,3962.28,3.25156,0.78565,0.78667,0.56974,0.25096,0.32393,0.12716,3.85439,0.93306,0.78774,0.0018221,0.0018221,0.0018221
644,3968.11,3.33864,0.80978,0.80324,0.55678,0.25851,0.31663,0.12637,3.79568,0.90544,0.78404,0.00181715,0.00181715,0.00181715
645,3974.04,3.28149,0.80554,0.79558,0.55943,0.2592,0.31885,0.12589,3.80855,0.90966,0.78489,0.0018122,0.0018122,0.0018122
646,3980.39,3.10699,0.78322,0.7971,0.56756,0.26057,0.32344,0.12546,3.83038,0.91429,0.78602,0.00180725,0.00180725,0.00180725
647,3986.49,3.33002,0.85394,0.79245,0.55674,0.25934,0.31484,0.1215,3.88023,0.92884,0.78961,0.0018023,0.0018023,0.0018023
648,3992.43,3.07784,0.75132,0.79074,0.53344,0.25302,0.30041,0.11503,3.94411,0.94373,0.79496,0.00179735,0.00179735,0.00179735
649,3998.23,3.32731,0.82164,0.80722,0.53876,0.257,0.30907,0.11913,3.92222,0.94004,0.79459,0.0017924,0.0017924,0.0017924
650,4004.76,3.2786,0.78898,0.78663,0.56273,0.25954,0.32244,0.12425,3.85865,0.91082,0.78926,0.00178745,0.00178745,0.00178745
651,4010.34,3.45679,0.82521,0.79844,0.56766,0.25524,0.32211,0.12342,3.85985,0.91219,0.78679,0.0017825,0.0017825,0.0017825
652,4016.68,3.33534,0.8338,0.79464,0.57737,0.25489,0.32448,0.127,3.79892,0.91164,0.78694,0.00177755,0.00177755,0.00177755
653,4022.61,3.1076,0.73886,0.79163,0.57808,0.25316,0.32067,0.12534,3.80814,0.90814,0.78764,0.0017726,0.0017726,0.0017726
654,4029.19,3.2008,0.80187,0.7864,0.55549,0.25892,0.32022,0.12472,3.84658,0.91762,0.78806,0.00176765,0.00176765,0.00176765
655,4035.55,3.22029,0.76699,0.79411,0.55023,0.25988,0.32038,0.12477,3.85225,0.92076,0.78394,0.0017627,0.0017627,0.0017627
656,4042.11,3.11633,0.76288,0.79271,0.55875,0.26304,0.32778,0.12813,3.83008,0.9279,0.7821,0.00175775,0.00175775,0.00175775
657,4047.85,3.29294,0.79769,0.79579,0.56022,0.25851,0.32458,0.12824,3.83581,0.93274,0.78185,0.0017528,0.0017528,0.0017528
658,4054.64,3.29872,0.81048,0.80661,0.57243,0.25481,0.32556,0.12703,3.84412,0.93822,0.78071,0.00174785,0.00174785,0.00174785
659,4060.54,3.09391,0.75784,0.79955,0.56415,0.25906,0.32319,0.12611,3.85915,0.94719,0.78205,0.0017429,0.0017429,0.0017429
660,4066.82,3.08193,0.73775,0.80158,0.56644,0.26016,0.32893,0.1285,3.82837,0.92352,0.78051,0.00173795,0.00173795,0.00173795
661,4072.94,3.32943,0.82536,0.80152,0.57424,0.25535,0.33162,0.13141,3.80318,0.90899,0.77903,0.001733,0.001733,0.001733
662,4079.54,3.11559,0.78055,0.81616,0.57894,0.25508,0.33872,0.13614,3.79689,0.90909,0.78237,0.00172805,0.00172805,0.00172805
663,4086.18,3.51906,0.84654,0.77546,0.58728,0.25329,0.34307,0.13739,3.79509,0.89184,0.78096,0.0017231,0.0017231,0.0017231
664,4092.82,3.35086,0.83343,0.77467,0.56391,0.25783,0.3317,0.12882,3.87819,0.91169,0.78432,0.00171815,0.00171815,0.00171815
665,4098.46,3.3507,0.8015,0.78829,0.56118,0.25851,0.33025,0.12839,3.87875,0.91792,0.7841,0.0017132,0.0017132,0.0017132
666,4104.73,3.34005,0.8045,0.7817,0.58777,0.25487,0.33996,0.13311,3.79894,0.89366,0.77788,0.00170825,0.00170825,0.00170825
667,4110.44,3.08458,0.76823,0.79165,0.58632,0.2586,0.33962,0.1336,3.80721,0.89808,0.77829,0.0017033,0.0017033,0.0017033
668,4116.63,3.24286,0.81868,0.79973,0.56904,0.25714,0.32459,0.1285,3.83924,0.90164,0.78193,0.00169835,0.00169835,0.00169835
669,4122.77,3.18228,0.75737,0.78343,0.56249,0.25329,0.31441,0.12367,3.86247,0.91825,0.78502,0.0016934,0.0016934,0.0016934
670,4129.2,3.13237,0.78601,0.77415,0.55497,0.25784,0.3114,0.12229,3.82762,0.93356,0.78756,0.00168845,0.00168845,0.00168845
671,4134.89,3.50491,0.82757,0.78568,0.54236,0.25783,0.30703,0.1195,3.85667,0.94462,0.79007,0.0016835,0.0016835,0.0016835
672,4141.64,2.80076,0.72259,0.80038,0.52923,0.25714,0.30945,0.12152,3.87297,0.93609,0.78393,0.00167855,0.00167855,0.00167855
673,4147.94,3.15691,0.76695,0.79702,0.5354,0.25741,0.30908,0.12145,3.8753,0.92796,0.78567,0.0016736,0.0016736,0.0016736
674,4154.44,3.20979,0.77785,0.79064,0.55591,0.25795,0.31423,0.12238,3.8532,0.91312,0.78769,0.00166865,0.00166865,0.00166865
675,4160.61,3.44565,0.83606,0.78908,0.56618,0.26249,0.31978,0.12388,3.83966,0.92025,0.78737,0.0016637,0.0016637,0.0016637
676,4166.56,2.9769,0.75247,0.80648,0.58421,0.2629,0.3353,0.13339,3.79611,0.90757,0.7836,0.00165875,0.00165875,0.00165875
677,4172.67,3.3668,0.81525,0.78373,0.57312,0.26194,0.3329,0.1327,3.80709,0.90841,0.7823,0.0016538,0.0016538,0.0016538
678,4178.51,3.20403,0.74635,0.78459,0.5719,0.26579,0.32398,0.12896,3.77779,0.91066,0.78081,0.00164885,0.00164885,0.00164885
679,4184.49,3.03288,0.75098,0.77757,0.55388,0.25755,0.30749,0.12026,3.82272,0.92053,0.78412,0.0016439,0.0016439,0.0016439
680,4190.7,3.33096,0.79422,0.79563,0.53754,0.25494,0.30107,0.11614,3.87277,0.93914,0.78655,0.00163895,0.00163895,0.00163895
681,4197.05,3.32034,0.78141,0.77832,0.55105,0.25453,0.31035,0.1237,3.79692,0.91126,0.78317,0.001634,0.001634,0.001634
682,4203.17,3.15463,0.76846,0.78897,0.57567,0.25686,0.3282,0.13073,3.79469,0.89315,0.78019,0.00162905,0.00162905,0.00162905
683,4209.06,3.22557,0.76398,0.78263,0.57677,0.26024,0.33392,0.1324,3.79884,0.90025,0.78016,0.0016241,0.0016241,0.0016241
684,4215.35,3.16764,0.82583,0.79877,0.56727,0.26332,0.33041,0.13209,3.78497,0.90136,0.78096,0.00161915,0.00161915,0.00161915
685,4220.73,3.16336,0.77235,0.77506,0.56696,0.2629,0.32598,0.12914,3.80509,0.90494,0.7826,0.0016142,0.0016142,0.0016142
686,4227.44,3.09641,0.77781,0.78934,0.56384,0.26604,0.32452,0.12864,3.77309,0.91316,0.78422,0.00160925,0.00160925,0.00160925
687,4233.35,3.21429,0.75799,0.79279,0.56627,0.26908,0.32974,0.12965,3.77583,0.91871,0.78398,0.0016043,0.0016043,0.0016043
688,4239.16,3.55268,0.84234,0.78381,0.57822,0.26481,0.33794,0.13251,3.77732,0.89555,0.78163,0.00159935,0.00159935,0.00159935
689,4245.08,3.08673,0.72581,0.78165,0.57584,0.2613,0.33496,0.13258,3.77511,0.89126,0.78175,0.0015944,0.0015944,0.0015944
690,4251.4,3.50603,0.84782,0.7774,0.57608,0.26318,0.33137,0.13244,3.77435,0.89297,0.78287,0.00158945,0.00158945,0.00158945
691,4257.66,3.40979,0.82403,0.78887,0.58565,0.25961,0.33304,0.13313,3.74903,0.88516,0.78069,0.0015845,0.0015845,0.0015845
692,4263.37,3.32108,0.78458,0.79229,0.56104,0.26139,0.32165,0.1295,3.74401,0.90536,0.78276,0.00157955,0.00157955,0.00157955
693,4269.38,3.07013,0.74781,0.77866,0.54767,0.25864,0.31151,0.12349,3.78726,0.92425,0.78613,0.0015746,0.0015746,0.0015746
694,4275.67,3.01106,0.70942,0.78478,0.57108,0.26249,0.32954,0.13227,3.74941,0.89889,0.78545,0.00156965,0.00156965,0.00156965
695,4281.73,3.04989,0.75493,0.81282,0.58681,0.26419,0.34124,0.13742,3.74053,0.89378,0.78245,0.0015647,0.0015647,0.0015647
696,4288.24,3.33056,0.82933,0.7953,0.55941,0.26428,0.32481,0.12854,3.77802,0.90072,0.78218,0.00155975,0.00155975,0.00155975
697,4294.08,2.94983,0.74765,0.79016,0.5613,0.25659,0.32159,0.12701,3.77057,0.89878,0.78116,0.0015548,0.0015548,0.0015548
698,4300.49,3.03543,0.77238,0.78589,0.56094,0.25818,0.32741,0.13114,3.77976,0.90794,0.78067,0.00154985,0.00154985,0.00154985
699,4306.68,3.19573,0.77458,0.79438,0.55922,0.26249,0.32938,0.13021,3.81849,0.9235,0.78179,0.0015449,0.0015449,0.0015449
700,4313.35,3.39949,0.82832,0.79631,0.55429,0.26088,0.32814,0.13105,3.7729,0.90949,0.78003,0.00153995,0.00153995,0.00153995
701,4319.51,3.1958,0.78388,0.79994,0.54114,0.26374,0.3171,0.12525,3.81002,0.92878,0.78101,0.001535,0.001535,0.001535
702,4326.05,3.60374,0.88247,0.78703,0.55472,0.25879,0.31634,0.12487,3.79444,0.91717,0.78127,0.00153005,0.00153005,0.00153005
703,4331.96,3.133,0.82718,0.80113,0.56187,0.25961,0.32266,0.12767,3.78578,0.90852,0.78065,0.0015251,0.0015251,0.0015251
704,4338.19,3.45667,0.81361,0.78874,0.5743,0.25906,0.33831,0.13537,3.75491,0.90551,0.77888,0.00152015,0.00152015,0.00152015
705,4344.61,2.80059,0.70168,0.80496,0.5825,0.25769,0.33989,0.13607,3.76632,0.90581,0.77976,0.0015152,0.0015152,0.0015152
706,4350.84,3.2734,0.7999,0.78904,0.57797,0.25604,0.33741,0.13532,3.76682,0.9126,0.78243,0.00151025,0.00151025,0.00151025
707,4357.23,3.15434,0.83773,0.79165,0.56647,0.25652,0.3291,0.13072,3.79256,0.91955,0.78186,0.0015053,0.0015053,0.0015053
708,4363.27,3.2262,0.74311,0.79452,0.5737,0.25607,0.32362,0.12655,3.81385,0.90991,0.78241,0.00150035,0.00150035,0.00150035
709,4369.56,3.17933,0.79823,0.78993,0.56617,0.257,0.31926,0.12285,3.8463,0.92307,0.78365,0.0014954,0.0014954,0.0014954
710,4375.76,3.15022,0.77739,0.79641,0.56535,0.26214,0.3262,0.12863,3.78176,0.90842,0.78448,0.00149045,0.00149045,0.00149045
711,4381.68,3.35118,0.83752,0.79863,0.56258,0.26057,0.32217,0.12829,3.7563,0.89776,0.78565,0.0014855,0.0014855,0.0014855
712,4388.01,3.49387,0.82836,0.77633,0.55831,0.26135,0.32024,0.12681,3.76033,0.90282,0.78244,0.00148055,0.00148055,0.00148055
713,4393.98,3.01624,0.72289,0.78236,0.56929,0.26318,0.32503,0.13066,3.72055,0.8863,0.77841,0.0014756,0.0014756,0.0014756
714,4400.23,3.29754,0.8033,0.78786,0.56446,0.26483,0.32299,0.12732,3.77777,0.91052,0.77901,0.00147065,0.00147065,0.00147065
715,4406.42,2.97687,0.73607,0.78688,0.56414,0.26428,0.32151,0.12567,3.80746,0.92232,0.78064,0.0014657,0.0014657,0.0014657
716,4412.77,3.35501,0.86187,0.7912,0.58293,0.26538,0.33813,0.13529,3.73951,0.90683,0.77819,0.00146075,0.00146075,0.00146075
717,4419.21,3.19796,0.79381,0.77249,0.58498,0.26442,0.34308,0.13771,3.71728,0.90095,0.77744,0.0014558,0.0014558,0.0014558
718,4425.66,3.25558,0.79223,0.77831,0.57656,0.26357,0.33645,0.13461,3.73892,0.90216,0.77727,0.00145085,0.00145085,0.00145085
719,4431.96,3.38586,0.86669,0.8014,0.57033,0.2581,0.32978,0.13055,3.76192,0.90937,0.77959,0.0014459,0.0014459,0.0014459
720,4438.41,3.01369,0.75836,0.79814,0.57177,0.26112,0.33288,0.13212,3.73957,0.88998,0.77864,0.00144095,0.00144095,0.00144095
721,4444.39,2.99274,0.76675,0.80608,0.56519,0.26387,0.32853,0.12956,3.75342,0.89707,0.77955,0.001436,0.001436,0.001436
722,4450.74,3.35297,0.78816,0.78742,0.57541,0.25934,0.33588,0.1321,3.76,0.8948,0.77848,0.00143105,0.00143105,0.00143105
723,4457.26,3.18003,0.76786,0.79391,0.57102,0.25714,0.33577,0.13362,3.75727,0.89904,0.77787,0.0014261,0.0014261,0.0014261
724,4463.22,2.98481,0.74116,0.79216,0.57181,0.25577,0.33114,0.13143,3.80486,0.8906,0.78255,0.00142115,0.00142115,0.00142115
725,4469.15,3.22348,0.78991,0.78169,0.5824,0.25561,0.33169,0.13142,3.80669,0.88542,0.78175,0.0014162,0.0014162,0.0014162
726,4475,3.14604,0.76824,0.78671,0.59133,0.2592,0.33769,0.13505,3.73627,0.87473,0.78015,0.00141125,0.00141125,0.00141125
727,4481.18,3.16139,0.77742,0.78544,0.58928,0.26126,0.33534,0.13275,3.75013,0.87676,0.77967,0.0014063,0.0014063,0.0014063
728,4487.59,3.20476,0.77483,0.77025,0.57135,0.26702,0.33109,0.1313,3.74445,0.88378,0.77907,0.00140135,0.00140135,0.00140135
729,4493.48,3.2105,0.82243,0.78516,0.57297,0.26647,0.33227,0.13207,3.7441,0.88541,0.77816,0.0013964,0.0013964,0.0013964
730,4499.63,3.0859,0.77864,0.78183,0.55443,0.26455,0.32174,0.12726,3.76704,0.89147,0.77708,0.00139145,0.00139145,0.00139145
731,4505.35,2.90056,0.71385,0.79801,0.54946,0.26455,0.31732,0.12461,3.80177,0.90384,0.77819,0.0013865,0.0013865,0.0013865
732,4511.7,3.11826,0.76035,0.77489,0.56027,0.26063,0.32117,0.1272,3.77536,0.88655,0.77661,0.00138155,0.00138155,0.00138155
733,4517.64,3.5292,0.88372,0.79604,0.55975,0.26139,0.32164,0.12716,3.76434,0.89248,0.77733,0.0013766,0.0013766,0.0013766
734,4523.65,2.97862,0.73534,0.78561,0.57495,0.26249,0.32913,0.12892,3.77544,0.90872,0.78083,0.00137165,0.00137165,0.00137165
735,4529.94,3.22473,0.8061,0.80114,0.58029,0.25988,0.33224,0.13112,3.76934,0.90899,0.78143,0.0013667,0.0013667,0.0013667
736,4536.08,2.95105,0.70728,0.79313,0.54731,0.25975,0.32025,0.12776,3.79565,0.92051,0.78387,0.00136175,0.00136175,0.00136175
737,4542.31,3.22466,0.80861,0.7942,0.54059,0.25988,0.31352,0.12289,3.83096,0.9368,0.78559,0.0013568,0.0013568,0.0013568
738,4548.53,3.43434,0.83217,0.7935,0.56547,0.25834,0.32382,0.12761,3.79732,0.90477,0.78323,0.00135185,0.00135185,0.00135185
739,4554.75,2.94509,0.7236,0.79915,0.58745,0.25648,0.33448,0.13357,3.77276,0.89892,0.78148,0.0013469,0.0013469,0.0013469
740,4560.68,2.83251,0.71031,0.7925,0.60827,0.2556,0.35323,0.14021,3.75382,0.89979,0.77828,0.00134195,0.00134195,0.00134195
741,4567.11,3.14346,0.7777,0.80163,0.60149,0.25865,0.34817,0.13969,3.74764,0.89774,0.77886,0.001337,0.001337,0.001337
742,4573.45,3.09703,0.74729,0.79101,0.57979,0.25522,0.33483,0.13342,3.76391,0.88516,0.77908,0.00133205,0.00133205,0.00133205
743,4579.69,2.97885,0.71182,0.79037,0.55907,0.25329,0.31473,0.12512,3.78649,0.89762,0.78079,0.0013271,0.0013271,0.0013271
744,4585.75,3.14746,0.7783,0.7884,0.56685,0.26002,0.31045,0.12136,3.76652,0.90972,0.78084,0.00132215,0.00132215,0.00132215
745,4591.72,2.9153,0.70272,0.7908,0.57616,0.26263,0.32178,0.12674,3.75399,0.90037,0.77904,0.0013172,0.0013172,0.0013172
746,4597.92,3.21077,0.77604,0.76866,0.56821,0.26867,0.32768,0.1294,3.76789,0.91687,0.7814,0.00131225,0.00131225,0.00131225
747,4604.1,3.28751,0.78813,0.78282,0.55801,0.27039,0.32612,0.12862,3.77473,0.9216,0.78186,0.0013073,0.0013073,0.0013073
748,4610.21,3.20257,0.7613,0.78837,0.56133,0.26373,0.32703,0.13022,3.76384,0.8972,0.78145,0.00130235,0.00130235,0.00130235
749,4616.21,3.06252,0.74785,0.78651,0.55911,0.2601,0.32487,0.1305,3.76884,0.89804,0.78317,0.0012974,0.0012974,0.0012974
750,4623.09,3.16381,0.76629,0.792,0.57603,0.25892,0.33087,0.1332,3.7408,0.8907,0.78019,0.00129245,0.00129245,0.00129245
751,4628.86,3.05153,0.74196,0.80605,0.57952,0.25752,0.33369,0.13447,3.73353,0.88881,0.77891,0.0012875,0.0012875,0.0012875
752,4634.96,3.34146,0.81258,0.80605,0.58384,0.25963,0.33843,0.13565,3.77876,0.90187,0.78015,0.00128255,0.00128255,0.00128255
753,4640.84,3.28548,0.80771,0.79901,0.59697,0.26002,0.34463,0.1387,3.75942,0.89258,0.77899,0.0012776,0.0012776,0.0012776
754,4647.81,3.21871,0.76629,0.80669,0.56355,0.26466,0.32998,0.13127,3.73342,0.88268,0.78047,0.00127265,0.00127265,0.00127265
755,4654.05,3.18538,0.80019,0.78514,0.54304,0.26126,0.31691,0.12598,3.76106,0.9126,0.78314,0.0012677,0.0012677,0.0012677
756,4660.04,2.92611,0.70879,0.80654,0.56799,0.25741,0.32207,0.1277,3.75224,0.89636,0.77978,0.00126275,0.00126275,0.00126275
757,4665.95,3.13829,0.76183,0.78879,0.56797,0.25611,0.32047,0.12652,3.75416,0.89696,0.78156,0.0012578,0.0012578,0.0012578
758,4672.21,3.40844,0.85141,0.78658,0.5656,0.26057,0.316,0.12562,3.738,0.89701,0.78456,0.00125285,0.00125285,0.00125285
759,4678.62,3.24791,0.78607,0.78094,0.57249,0.26208,0.32006,0.12696,3.72662,0.89205,0.78264,0.0012479,0.0012479,0.0012479
760,4684.57,2.99561,0.7545,0.79209,0.58535,0.26208,0.33083,0.13133,3.7258,0.89337,0.78035,0.00124295,0.00124295,0.00124295
761,4690.52,3.17973,0.79088,0.79386,0.59087,0.25837,0.33134,0.13243,3.72836,0.88727,0.77903,0.001238,0.001238,0.001238
762,4696.9,2.83893,0.68309,0.79114,0.57807,0.25796,0.33064,0.13319,3.75224,0.8884,0.78341,0.00123305,0.00123305,0.00123305
763,4702.54,3.42291,0.8286,0.78429,0.57609,0.257,0.33143,0.13263,3.76098,0.8941,0.78619,0.0012281,0.0012281,0.0012281
764,4708.15,3.15518,0.79097,0.79457,0.59802,0.24978,0.33765,0.13562,3.75755,0.89574,0.78418,0.00122315,0.00122315,0.00122315
765,4713.84,3.30428,0.80538,0.78883,0.59582,0.25055,0.33891,0.13737,3.75114,0.89293,0.78452,0.0012182,0.0012182,0.0012182
766,4719.95,3.38824,0.82254,0.77931,0.5955,0.25906,0.34832,0.14025,3.76479,0.889,0.78304,0.00121325,0.00121325,0.00121325
767,4726.4,2.94888,0.71597,0.8056,0.59376,0.25824,0.34524,0.13834,3.78398,0.89284,0.78255,0.0012083,0.0012083,0.0012083
768,4732.53,3.40825,0.82982,0.76119,0.58555,0.2603,0.33714,0.13516,3.75288,0.88513,0.78397,0.00120335,0.00120335,0.00120335
769,4738.84,2.85815,0.7005,0.8027,0.57404,0.26277,0.32979,0.13243,3.73296,0.88439,0.78379,0.0011984,0.0011984,0.0011984
770,4745.03,2.9068,0.73387,0.7814,0.5542,0.26442,0.32235,0.12862,3.73802,0.88859,0.78496,0.00119345,0.00119345,0.00119345
771,4751.35,3.37373,0.83444,0.78848,0.55843,0.2639,0.32433,0.12878,3.74765,0.89482,0.7857,0.0011885,0.0011885,0.0011885
772,4757.57,3.32455,0.8133,0.77838,0.55444,0.26121,0.31854,0.12543,3.74044,0.89777,0.78509,0.00118355,0.00118355,0.00118355
773,4763.59,3.33389,0.78039,0.78753,0.54474,0.25837,0.31262,0.12283,3.75635,0.90458,0.78615,0.0011786,0.0011786,0.0011786
774,4769.58,3.11465,0.74419,0.78605,0.54241,0.26098,0.31333,0.12276,3.79066,0.92755,0.7894,0.00117365,0.00117365,0.00117365
775,4775.72,2.97318,0.73267,0.79136,0.5506,0.26208,0.31919,0.12546,3.78278,0.91233,0.78925,0.0011687,0.0011687,0.0011687
776,4781.66,3.11461,0.80022,0.78061,0.56351,0.26236,0.32806,0.13084,3.71855,0.89167,0.78573,0.00116375,0.00116375,0.00116375
777,4787.97,3.11931,0.77462,0.78151,0.57085,0.26534,0.33503,0.13295,3.71298,0.89229,0.78426,0.0011588,0.0011588,0.0011588
778,4794.37,3.21978,0.80391,0.80153,0.58188,0.26565,0.34221,0.13633,3.73127,0.894,0.78603,0.00115385,0.00115385,0.00115385
779,4800.23,3.11342,0.78783,0.79722,0.58875,0.262,0.34454,0.1377,3.72061,0.89551,0.78585,0.0011489,0.0011489,0.0011489
780,4806.36,3.05734,0.77563,0.81078,0.58751,0.25909,0.3481,0.14015,3.70311,0.89762,0.78539,0.00114395,0.00114395,0.00114395
781,4812.48,3.30601,0.82933,0.77454,0.58217,0.26455,0.34466,0.13838,3.69034,0.89717,0.78448,0.001139,0.001139,0.001139
782,4819.39,2.98239,0.69605,0.7841,0.58165,0.25783,0.33295,0.13432,3.70431,0.89181,0.78016,0.00113405,0.00113405,0.00113405
783,4825.23,2.88659,0.70858,0.78813,0.57458,0.26126,0.32785,0.13068,3.73379,0.89873,0.78118,0.0011291,0.0011291,0.0011291
784,4831.72,3.1254,0.79463,0.79072,0.57131,0.26167,0.32646,0.13072,3.73772,0.90166,0.78582,0.00112415,0.00112415,0.00112415
785,4838.16,3.38839,0.80721,0.77892,0.58356,0.26221,0.33495,0.13441,3.7241,0.89481,0.78609,0.0011192,0.0011192,0.0011192
786,4844.68,3.23657,0.77246,0.7826,0.58028,0.2662,0.34019,0.13666,3.70052,0.89252,0.78361,0.00111425,0.00111425,0.00111425
787,4850.89,3.27473,0.83719,0.80228,0.57472,0.26359,0.34067,0.13556,3.72375,0.89126,0.78468,0.0011093,0.0011093,0.0011093
788,4856.84,3.11623,0.75398,0.77007,0.57272,0.2648,0.33893,0.13493,3.7799,0.88857,0.78604,0.00110435,0.00110435,0.00110435
789,4863.1,3.04301,0.75036,0.8095,0.56291,0.26579,0.33204,0.13149,3.77738,0.88876,0.78486,0.0010994,0.0010994,0.0010994
790,4869.29,3.13159,0.75421,0.79444,0.54396,0.26538,0.31885,0.12425,3.84651,0.93457,0.78612,0.00109445,0.00109445,0.00109445
791,4875.33,3.34159,0.82532,0.77687,0.54392,0.26716,0.32247,0.12614,3.84462,0.93387,0.78611,0.0010895,0.0010895,0.0010895
792,4881.77,3.20169,0.74982,0.78656,0.56895,0.27032,0.33667,0.13142,3.81992,0.91002,0.78516,0.00108455,0.00108455,0.00108455
793,4887.57,3.18525,0.78842,0.78176,0.56847,0.2684,0.33513,0.13168,3.8121,0.90843,0.78486,0.0010796,0.0010796,0.0010796
794,4893.91,3.17194,0.77395,0.76803,0.56765,0.26277,0.32408,0.12819,3.78606,0.89753,0.78321,0.00107465,0.00107465,0.00107465
795,4899.95,2.70434,0.68017,0.8002,0.56324,0.26318,0.32428,0.12879,3.77987,0.89715,0.78279,0.0010697,0.0010697,0.0010697
796,4905.92,3.18927,0.79354,0.77952,0.57466,0.26167,0.32736,0.13139,3.75613,0.88947,0.78073,0.00106475,0.00106475,0.00106475
797,4911.85,2.9361,0.74333,0.77719,0.57979,0.26405,0.32908,0.13182,3.74835,0.88772,0.78144,0.0010598,0.0010598,0.0010598
798,4917.93,2.93106,0.73506,0.79039,0.58742,0.26606,0.33891,0.13539,3.70327,0.88354,0.78225,0.00105485,0.00105485,0.00105485
799,4924.19,3.17512,0.78349,0.79479,0.58062,0.26579,0.33924,0.13615,3.70173,0.88339,0.78197,0.0010499,0.0010499,0.0010499
800,4930.75,3.56776,0.86431,0.76,0.58095,0.26565,0.34118,0.13772,3.71813,0.88561,0.78257,0.00104495,0.00104495,0.00104495
801,4937.09,3.19283,0.76407,0.76933,0.58003,0.26647,0.33948,0.13738,3.73541,0.89397,0.78307,0.00104,0.00104,0.00104
802,4943.19,3.14518,0.76598,0.77576,0.57169,0.26634,0.32976,0.13151,3.77711,0.90686,0.78613,0.00103505,0.00103505,0.00103505
803,4949,3.05141,0.75821,0.79423,0.56623,0.26345,0.32413,0.12835,3.80772,0.92189,0.7884,0.0010301,0.0010301,0.0010301
804,4955.29,3.22359,0.78046,0.82931,0.57242,0.26153,0.32809,0.13057,3.75604,0.91253,0.78835,0.00102515,0.00102515,0.00102515
805,4961.68,3.19988,0.80023,0.77696,0.58273,0.26057,0.33677,0.1345,3.72988,0.89795,0.78693,0.0010202,0.0010202,0.0010202
806,4968.05,3.41307,0.83613,0.78095,0.57523,0.26826,0.33582,0.13335,3.74246,0.89758,0.7876,0.00101525,0.00101525,0.00101525
807,4974.41,3.20831,0.78147,0.77055,0.57651,0.26913,0.33378,0.13158,3.73905,0.89587,0.78598,0.0010103,0.0010103,0.0010103
808,4980.64,3.21472,0.76857,0.78536,0.58594,0.26577,0.33753,0.13373,3.73277,0.8931,0.78444,0.00100535,0.00100535,0.00100535
809,4986.96,3.00242,0.71657,0.78138,0.59871,0.264,0.34385,0.13675,3.70892,0.88762,0.78368,0.0010004,0.0010004,0.0010004
810,4993.33,3.22885,0.77335,0.76468,0.57218,0.26495,0.33255,0.13123,3.72989,0.88566,0.78341,0.00099545,0.00099545,0.00099545
811,4999.46,3.03196,0.72342,0.78484,0.55719,0.26222,0.32416,0.12863,3.74477,0.89523,0.7845,0.0009905,0.0009905,0.0009905
812,5005.76,3.03566,0.7413,0.79166,0.57809,0.2592,0.32737,0.12876,3.78216,0.88576,0.78486,0.00098555,0.00098555,0.00098555
813,5012.31,3.36844,0.8179,0.77275,0.58503,0.25645,0.33037,0.13009,3.78894,0.88355,0.78499,0.0009806,0.0009806,0.0009806
814,5018.41,3.06393,0.72722,0.80069,0.59191,0.26002,0.3364,0.13351,3.75239,0.88656,0.78564,0.00097565,0.00097565,0.00097565
815,5023.93,3.10592,0.76016,0.79362,0.59733,0.25892,0.33919,0.13531,3.73564,0.88667,0.78537,0.0009707,0.0009707,0.0009707
816,5029.88,3.03,0.74543,0.78852,0.58979,0.2643,0.34141,0.13615,3.74516,0.88716,0.78638,0.00096575,0.00096575,0.00096575
817,5036,3.1129,0.74251,0.80116,0.57821,0.26881,0.33852,0.13458,3.75931,0.89165,0.78685,0.0009608,0.0009608,0.0009608
818,5042.3,3.09828,0.74969,0.79579,0.56507,0.26737,0.3299,0.13066,3.73824,0.89384,0.78696,0.00095585,0.00095585,0.00095585
819,5048.4,3.07943,0.75419,0.76945,0.55342,0.26469,0.32176,0.12717,3.77133,0.90572,0.78819,0.0009509,0.0009509,0.0009509
820,5054.84,3.01356,0.74121,0.78651,0.58617,0.26408,0.34038,0.13672,3.74497,0.88832,0.78438,0.00094595,0.00094595,0.00094595
821,5060.74,3.01636,0.70242,0.78657,0.59459,0.26115,0.34487,0.13889,3.73648,0.88271,0.78419,0.000941,0.000941,0.000941
822,5067.39,3.26931,0.79666,0.78543,0.57625,0.26442,0.33936,0.13618,3.77849,0.8938,0.78459,0.00093605,0.00093605,0.00093605
823,5073.58,3.12335,0.75833,0.77502,0.57037,0.2662,0.3357,0.13618,3.76245,0.89375,0.78378,0.0009311,0.0009311,0.0009311
824,5079.77,3.0014,0.74131,0.79541,0.57674,0.26593,0.33562,0.13325,3.71082,0.88178,0.78257,0.00092615,0.00092615,0.00092615
825,5086.35,2.94196,0.70088,0.79596,0.57778,0.26579,0.3341,0.13215,3.70385,0.87946,0.78076,0.0009212,0.0009212,0.0009212
826,5092.93,2.93641,0.73846,0.77108,0.57566,0.26689,0.33884,0.1358,3.69711,0.88272,0.77958,0.00091625,0.00091625,0.00091625
827,5099.17,3.25541,0.76879,0.78098,0.58728,0.2662,0.34833,0.13978,3.69153,0.88173,0.77979,0.0009113,0.0009113,0.0009113
828,5105.61,2.70344,0.67263,0.77692,0.59827,0.26318,0.35605,0.14374,3.69189,0.88848,0.78075,0.00090635,0.00090635,0.00090635
829,5111.81,3.00423,0.71041,0.78946,0.5916,0.26661,0.35311,0.14202,3.70052,0.89152,0.78247,0.0009014,0.0009014,0.0009014
830,5118.16,2.81955,0.70652,0.7874,0.57943,0.26455,0.34293,0.13841,3.69235,0.88869,0.7842,0.00089645,0.00089645,0.00089645
831,5123.99,3.09732,0.76747,0.78724,0.57945,0.26387,0.34301,0.13812,3.69343,0.88904,0.78392,0.0008915,0.0008915,0.0008915
832,5130.14,3.17842,0.75567,0.76818,0.57732,0.26414,0.34101,0.13652,3.7326,0.89811,0.78456,0.00088655,0.00088655,0.00088655
833,5135.81,3.39663,0.81062,0.81627,0.56657,0.26675,0.33859,0.13476,3.74573,0.90121,0.78542,0.0008816,0.0008816,0.0008816
834,5142.34,2.95501,0.74245,0.78178,0.5593,0.26757,0.33002,0.13173,3.7472,0.9029,0.7857,0.00087665,0.00087665,0.00087665
835,5148.6,3.17557,0.75654,0.78012,0.56786,0.2651,0.33244,0.13264,3.75458,0.89721,0.78583,0.0008717,0.0008717,0.0008717
836,5154.97,3.19454,0.78321,0.75633,0.57457,0.26366,0.33814,0.13563,3.77787,0.89585,0.78609,0.00086675,0.00086675,0.00086675
837,5161.41,3.01321,0.70708,0.77398,0.57911,0.2651,0.33838,0.13609,3.75839,0.89425,0.78552,0.0008618,0.0008618,0.0008618
838,5167.39,2.98808,0.74366,0.8037,0.59442,0.2592,0.34547,0.14087,3.69422,0.88633,0.78167,0.00085685,0.00085685,0.00085685
839,5173.72,3.07212,0.74322,0.80247,0.59658,0.26016,0.34929,0.14243,3.68563,0.88353,0.7802,0.0008519,0.0008519,0.0008519
840,5180.19,3.07128,0.74473,0.78303,0.59959,0.26274,0.35421,0.14437,3.6943,0.88007,0.77909,0.00084695,0.00084695,0.00084695
841,5187.15,3.19095,0.77932,0.77471,0.59563,0.26551,0.35414,0.145,3.71039,0.8835,0.77913,0.000842,0.000842,0.000842
842,5193.54,3.15805,0.76927,0.77862,0.60632,0.26771,0.35725,0.14496,3.69801,0.87967,0.77698,0.00083705,0.00083705,0.00083705
843,5199.71,2.87644,0.73876,0.78843,0.60186,0.26716,0.35287,0.14215,3.70526,0.87875,0.77641,0.0008321,0.0008321,0.0008321
844,5205.98,2.89135,0.6891,0.78444,0.58347,0.26771,0.34259,0.13667,3.70983,0.8832,0.77622,0.00082715,0.00082715,0.00082715
845,5212.08,2.88875,0.7083,0.78336,0.57452,0.26606,0.33714,0.13493,3.71007,0.88869,0.77564,0.0008222,0.0008222,0.0008222
846,5218.26,3.0371,0.74906,0.79289,0.55313,0.26194,0.3245,0.13079,3.73918,0.91641,0.77633,0.00081725,0.00081725,0.00081725
847,5224.33,3.21812,0.74654,0.79474,0.55169,0.26208,0.32534,0.13103,3.73973,0.91894,0.77638,0.0008123,0.0008123,0.0008123
848,5230.11,3.43727,0.82689,0.78121,0.57378,0.26647,0.34071,0.13813,3.686,0.90335,0.77629,0.00080735,0.00080735,0.00080735
849,5236.54,3.13144,0.76904,0.78862,0.58557,0.26606,0.34524,0.13963,3.67721,0.901,0.7766,0.0008024,0.0008024,0.0008024
850,5243.03,2.95834,0.71638,0.79136,0.60299,0.26963,0.35464,0.14322,3.67341,0.89619,0.77865,0.00079745,0.00079745,0.00079745
851,5248.67,2.8105,0.69109,0.79218,0.60413,0.2684,0.3553,0.14297,3.6806,0.89446,0.7786,0.0007925,0.0007925,0.0007925
852,5254.64,3.02936,0.71247,0.77593,0.59376,0.26407,0.3493,0.14112,3.69294,0.89178,0.7803,0.00078755,0.00078755,0.00078755
853,5260.75,3.00495,0.78114,0.78453,0.58966,0.26098,0.34554,0.1393,3.69989,0.88811,0.7813,0.0007826,0.0007826,0.0007826
854,5267.31,3.24757,0.76527,0.79931,0.58848,0.26071,0.34443,0.13815,3.68237,0.89349,0.77808,0.00077765,0.00077765,0.00077765
855,5273.55,3.00036,0.71765,0.78238,0.58615,0.259,0.34162,0.13887,3.66606,0.89162,0.77761,0.0007727,0.0007727,0.0007727
856,5279.74,2.91456,0.69919,0.77503,0.58204,0.25563,0.34123,0.14031,3.66751,0.88895,0.77865,0.00076775,0.00076775,0.00076775
857,5286.1,2.88864,0.74579,0.76372,0.58558,0.25728,0.34356,0.14179,3.66746,0.88791,0.7786,0.0007628,0.0007628,0.0007628
858,5292.58,3.22805,0.77585,0.7767,0.6023,0.2574,0.35059,0.14319,3.6743,0.88024,0.7782,0.00075785,0.00075785,0.00075785
859,5298.55,2.88564,0.70223,0.76121,0.60708,0.25343,0.353,0.14396,3.68502,0.88395,0.77843,0.0007529,0.0007529,0.0007529
860,5304.39,2.98535,0.72514,0.77612,0.59807,0.26046,0.35117,0.14365,3.69535,0.88569,0.77831,0.00074795,0.00074795,0.00074795
861,5310.49,2.93411,0.74214,0.78847,0.59732,0.2603,0.35058,0.14344,3.6942,0.8848,0.77838,0.000743,0.000743,0.000743
862,5316.59,3.24764,0.80055,0.77326,0.59855,0.26483,0.35219,0.14297,3.70078,0.88615,0.77889,0.00073805,0.00073805,0.00073805
863,5322.41,2.93491,0.75163,0.79067,0.59227,0.2662,0.35029,0.14215,3.69767,0.88787,0.77969,0.0007331,0.0007331,0.0007331
864,5328.55,2.91924,0.72331,0.80175,0.59554,0.26387,0.34661,0.14092,3.67849,0.87765,0.78223,0.00072815,0.00072815,0.00072815
865,5334.51,2.79901,0.71063,0.78923,0.58768,0.26083,0.33913,0.13827,3.67134,0.87391,0.78236,0.0007232,0.0007232,0.0007232
866,5341.01,3.09113,0.74532,0.79727,0.57651,0.26194,0.33452,0.13625,3.666,0.87885,0.78244,0.00071825,0.00071825,0.00071825
867,5347.14,3.17045,0.73901,0.78238,0.58067,0.26222,0.33539,0.13686,3.6686,0.88208,0.78195,0.0007133,0.0007133,0.0007133
868,5354.03,2.92997,0.68466,0.7883,0.56873,0.26098,0.33116,0.13521,3.68443,0.89348,0.78241,0.00070835,0.00070835,0.00070835
869,5359.91,2.85393,0.69829,0.78833,0.57653,0.26073,0.33428,0.13613,3.67822,0.88998,0.78177,0.0007034,0.0007034,0.0007034
870,5366.42,2.84961,0.70966,0.79147,0.59203,0.25961,0.3409,0.13917,3.66055,0.88278,0.78194,0.00069845,0.00069845,0.00069845
871,5372.07,3.38446,0.81765,0.79697,0.5936,0.25934,0.3414,0.13921,3.66384,0.87786,0.78218,0.0006935,0.0006935,0.0006935
872,5378.41,3.04188,0.72988,0.77562,0.59176,0.26126,0.34313,0.13833,3.6961,0.87949,0.78194,0.00068855,0.00068855,0.00068855
873,5384.37,2.77829,0.68801,0.79443,0.60008,0.26038,0.34549,0.13884,3.69942,0.88077,0.7811,0.0006836,0.0006836,0.0006836
874,5390.34,3.20868,0.74579,0.77797,0.59944,0.26236,0.34978,0.14127,3.70863,0.88514,0.77926,0.00067865,0.00067865,0.00067865
875,5396.49,2.79774,0.65368,0.78333,0.59817,0.26606,0.35291,0.14178,3.70973,0.88979,0.77856,0.0006737,0.0006737,0.0006737
876,5402.49,3.20423,0.76276,0.78381,0.59162,0.26689,0.35362,0.14305,3.71049,0.88975,0.77897,0.00066875,0.00066875,0.00066875
877,5408.16,3.03791,0.7225,0.78905,0.5865,0.26771,0.34939,0.14119,3.7172,0.88817,0.77963,0.0006638,0.0006638,0.0006638
878,5414.56,2.9741,0.75428,0.79084,0.58433,0.26565,0.34308,0.13835,3.71941,0.88058,0.78144,0.00065885,0.00065885,0.00065885
879,5420,3.09053,0.73275,0.78355,0.58183,0.26455,0.34119,0.13775,3.72446,0.88347,0.78261,0.0006539,0.0006539,0.0006539
880,5426.45,3.04625,0.75986,0.78329,0.57013,0.26606,0.3379,0.13532,3.72469,0.89344,0.78428,0.00064895,0.00064895,0.00064895
881,5432.61,3.12156,0.74417,0.76757,0.56621,0.26634,0.33638,0.13486,3.74038,0.90288,0.78509,0.000644,0.000644,0.000644
882,5438.9,3.50329,0.85212,0.80392,0.55822,0.26826,0.33452,0.1344,3.74624,0.91268,0.78472,0.00063905,0.00063905,0.00063905
883,5445,2.69941,0.66852,0.80546,0.55853,0.2684,0.33238,0.13298,3.74003,0.90928,0.78497,0.0006341,0.0006341,0.0006341
884,5451.38,3.13228,0.76055,0.77703,0.57533,0.2651,0.32915,0.13143,3.7223,0.8927,0.78562,0.00062915,0.00062915,0.00062915
885,5457.39,2.88225,0.70429,0.77914,0.57009,0.2638,0.32581,0.12893,3.73535,0.90312,0.78666,0.0006242,0.0006242,0.0006242
886,5464.01,3.3603,0.78128,0.78942,0.5795,0.26771,0.33875,0.13476,3.71962,0.90544,0.78357,0.00061925,0.00061925,0.00061925
887,5470.21,3.13472,0.74893,0.78415,0.58116,0.26524,0.34021,0.13609,3.71233,0.89874,0.78282,0.0006143,0.0006143,0.0006143
888,5476.33,2.96133,0.74195,0.78183,0.58561,0.26373,0.33724,0.13486,3.70973,0.89281,0.78437,0.00060935,0.00060935,0.00060935
889,5482.15,2.80485,0.70053,0.77867,0.58133,0.26249,0.3355,0.13403,3.70468,0.88964,0.78631,0.0006044,0.0006044,0.0006044
890,5488.51,3.00177,0.74245,0.78628,0.58279,0.26112,0.33643,0.13492,3.69743,0.88583,0.78493,0.00059945,0.00059945,0.00059945
891,5494.28,3.01561,0.75576,0.79073,0.57902,0.26277,0.33955,0.13588,3.70151,0.88886,0.78359,0.0005945,0.0005945,0.0005945
892,5500.73,2.98121,0.71682,0.78465,0.5781,0.26359,0.3436,0.13909,3.70149,0.8925,0.7816,0.00058955,0.00058955,0.00058955
893,5506.55,3.20651,0.76153,0.78367,0.58568,0.26161,0.34599,0.14121,3.69128,0.88919,0.7808,0.0005846,0.0005846,0.0005846
894,5512.86,2.90574,0.75628,0.80722,0.58367,0.2629,0.34445,0.14067,3.6831,0.88604,0.7815,0.00057965,0.00057965,0.00057965
895,5519.2,3.0067,0.73146,0.78052,0.58299,0.26414,0.34249,0.13946,3.68179,0.8857,0.78161,0.0005747,0.0005747,0.0005747
896,5525.59,3.17188,0.75029,0.78532,0.58024,0.26181,0.33972,0.13844,3.67666,0.87967,0.78037,0.00056975,0.00056975,0.00056975
897,5531.49,3.05563,0.73266,0.79088,0.57596,0.26318,0.33586,0.1371,3.67819,0.87941,0.78081,0.0005648,0.0005648,0.0005648
898,5537.85,3.1214,0.79088,0.76839,0.58336,0.26455,0.33917,0.13719,3.67047,0.87602,0.7801,0.00055985,0.00055985,0.00055985
899,5543.87,2.94352,0.72499,0.78559,0.58147,0.26524,0.34176,0.13899,3.66999,0.87723,0.77948,0.0005549,0.0005549,0.0005549
900,5550.35,2.91911,0.73292,0.77927,0.57738,0.26812,0.34211,0.13881,3.68581,0.89098,0.78038,0.00054995,0.00054995,0.00054995
901,5556.31,3.10771,0.73776,0.76949,0.57704,0.26798,0.34234,0.13831,3.68948,0.89455,0.78093,0.000545,0.000545,0.000545
902,5562.62,3.28777,0.80598,0.78211,0.57659,0.26812,0.33994,0.13743,3.68457,0.89297,0.7806,0.00054005,0.00054005,0.00054005
903,5568.59,2.901,0.70172,0.79159,0.57582,0.26798,0.33791,0.13685,3.69009,0.89212,0.78139,0.0005351,0.0005351,0.0005351
904,5575.18,3.56262,0.89002,0.76345,0.58283,0.26675,0.34305,0.13973,3.6582,0.88142,0.78081,0.00053015,0.00053015,0.00053015
905,5580.86,2.99034,0.73497,0.78368,0.58168,0.26524,0.3435,0.13974,3.65524,0.88197,0.78065,0.0005252,0.0005252,0.0005252
906,5587.09,2.79346,0.68087,0.77977,0.58359,0.26181,0.34492,0.13942,3.68724,0.88845,0.78106,0.00052025,0.00052025,0.00052025
907,5593.34,2.94778,0.70092,0.77234,0.59137,0.25769,0.34644,0.13976,3.68508,0.8835,0.78025,0.0005153,0.0005153,0.0005153
908,5599.41,3.15537,0.7634,0.78953,0.60466,0.25892,0.3536,0.14167,3.69577,0.88658,0.78003,0.00051035,0.00051035,0.00051035
909,5605.19,3.03479,0.71476,0.78244,0.60461,0.2622,0.35322,0.14117,3.70722,0.88908,0.78063,0.0005054,0.0005054,0.0005054
910,5611.47,3.08169,0.74864,0.78243,0.60272,0.26263,0.35535,0.14265,3.68332,0.88175,0.77966,0.00050045,0.00050045,0.00050045
911,5617.25,3.12505,0.73409,0.7736,0.60014,0.26414,0.35364,0.14326,3.67232,0.87984,0.77976,0.0004955,0.0004955,0.0004955
912,5623.77,3.01922,0.7136,0.77968,0.59142,0.26744,0.35013,0.14218,3.69166,0.89307,0.78021,0.00049055,0.00049055,0.00049055
913,5629.53,3.04688,0.75159,0.76982,0.59657,0.26661,0.3504,0.14137,3.69199,0.89262,0.78025,0.0004856,0.0004856,0.0004856
914,5635.71,2.86072,0.68668,0.79229,0.59198,0.26455,0.34815,0.14037,3.67802,0.8822,0.78112,0.00048065,0.00048065,0.00048065
915,5642.01,2.73649,0.65061,0.7886,0.58497,0.26359,0.3458,0.13989,3.67243,0.88144,0.78147,0.0004757,0.0004757,0.0004757
916,5648.71,3.05954,0.71931,0.77912,0.57522,0.26236,0.34131,0.1394,3.67762,0.88041,0.78174,0.00047075,0.00047075,0.00047075
917,5654.64,3.04413,0.75179,0.78181,0.57491,0.26384,0.34315,0.13977,3.68725,0.88213,0.78136,0.0004658,0.0004658,0.0004658
918,5660.54,2.95544,0.70213,0.78547,0.5789,0.26856,0.34777,0.13984,3.69766,0.88825,0.78047,0.00046085,0.00046085,0.00046085
919,5666.34,2.80592,0.68134,0.78661,0.57852,0.2673,0.3468,0.14065,3.69448,0.88922,0.7799,0.0004559,0.0004559,0.0004559
920,5672.54,2.9496,0.69932,0.78829,0.58627,0.26538,0.34893,0.14184,3.67655,0.88652,0.77816,0.00045095,0.00045095,0.00045095
921,5678.74,3.12119,0.76505,0.7816,0.58532,0.26634,0.35035,0.14211,3.68073,0.88733,0.77863,0.000446,0.000446,0.000446
922,5684.21,3.22741,0.78438,0.78094,0.5831,0.26936,0.34861,0.14175,3.70311,0.89059,0.7797,0.00044105,0.00044105,0.00044105
923,5690.57,2.78825,0.66588,0.78931,0.59013,0.26771,0.34972,0.14206,3.70207,0.8858,0.77932,0.0004361,0.0004361,0.0004361
924,5697.09,2.83507,0.69743,0.78958,0.58735,0.26615,0.34946,0.14221,3.7163,0.89204,0.77955,0.00043115,0.00043115,0.00043115
925,5703.16,2.97457,0.73566,0.7826,0.58605,0.26784,0.34982,0.14206,3.72974,0.89932,0.7801,0.0004262,0.0004262,0.0004262
926,5709.34,3.00167,0.72345,0.79577,0.59062,0.26819,0.35157,0.14269,3.71252,0.8938,0.7805,0.00042125,0.00042125,0.00042125
927,5715.82,3.29897,0.77774,0.7748,0.59209,0.26624,0.35044,0.1435,3.69113,0.88464,0.78085,0.0004163,0.0004163,0.0004163
928,5722.46,2.90959,0.73598,0.76419,0.59647,0.26579,0.34987,0.14417,3.66942,0.88103,0.78097,0.00041135,0.00041135,0.00041135
929,5728.73,2.83512,0.68462,0.79413,0.60315,0.26826,0.35409,0.1445,3.67032,0.88113,0.78106,0.0004064,0.0004064,0.0004064
930,5734.69,3.01332,0.70854,0.77976,0.59591,0.26401,0.35236,0.14354,3.66716,0.88177,0.7806,0.00040145,0.00040145,0.00040145
931,5741.04,3.17531,0.74828,0.81239,0.59491,0.26716,0.3543,0.14312,3.67397,0.88636,0.78093,0.0003965,0.0003965,0.0003965
932,5747.23,3.02328,0.72369,0.7934,0.59137,0.26634,0.35182,0.14328,3.67492,0.89203,0.78102,0.00039155,0.00039155,0.00039155
933,5753.42,2.93017,0.71751,0.78664,0.5946,0.26634,0.35369,0.14429,3.66491,0.89027,0.7802,0.0003866,0.0003866,0.0003866
934,5759.35,2.78211,0.68127,0.78173,0.60006,0.26407,0.35601,0.14469,3.65377,0.88372,0.77898,0.00038165,0.00038165,0.00038165
935,5765.31,3.12971,0.76593,0.76815,0.59959,0.26359,0.35707,0.14461,3.65554,0.8829,0.77899,0.0003767,0.0003767,0.0003767
936,5771.98,3.2279,0.76394,0.77079,0.59573,0.26277,0.35308,0.14401,3.65817,0.8825,0.77983,0.00037175,0.00037175,0.00037175
937,5778.11,2.64407,0.65713,0.78682,0.59483,0.26112,0.35177,0.14345,3.65606,0.88251,0.77993,0.0003668,0.0003668,0.0003668
938,5784.24,2.84533,0.68208,0.78489,0.59452,0.26071,0.34909,0.14239,3.65171,0.88521,0.77986,0.00036185,0.00036185,0.00036185
939,5790.62,3.25168,0.7987,0.77708,0.59333,0.2626,0.34803,0.1417,3.65826,0.88823,0.7806,0.0003569,0.0003569,0.0003569
940,5796.79,3.32143,0.78926,0.78589,0.59155,0.26661,0.3495,0.1418,3.67132,0.89259,0.78069,0.00035195,0.00035195,0.00035195
941,5802.55,2.89001,0.70802,0.79419,0.58899,0.26812,0.3497,0.14199,3.66612,0.89156,0.78024,0.000347,0.000347,0.000347
