epoch,time,train/box_loss,train/cls_loss,train/dfl_loss,metrics/precision(B),metrics/recall(B),metrics/mAP50(B),metrics/mAP50-95(B),val/box_loss,val/cls_loss,val/dfl_loss,lr/pg0,lr/pg1,lr/pg2
1,5.61653,10.8831,24.6279,3.54982,0,0,0,0,12.2839,23.7632,3.74278,0.09525,0.00025,0.00025
2,9.68964,10.2026,32.3332,3.2914,0,0,0,0,12.997,16.1749,3.67529,0.0895495,0.000549456,0.000549456
3,13.8396,9.10468,12.1548,2.43213,0,0,0,0,12.7955,6.48162,3.1794,0.0838483,0.000848317,0.000848317
4,17.8741,10.4467,5.85482,2.89769,0,0,0,0,12.171,6.26822,2.8391,0.0781466,0.00114658,0.00114658
5,21.8741,9.83085,5.27584,2.70559,0,0,0,0,11.1268,5.63143,2.38681,0.0724443,0.00144426,0.00144426
6,25.7934,9.2158,4.94164,2.48421,0,0,0,0,10.1562,4.95467,2.15711,0.0667413,0.00174134,0.00174134
7,29.6307,8.3055,4.32871,2.19367,0,0,0,0,10.299,4.82355,1.83045,0.0610378,0.00203782,0.00203782
8,33.3566,8.90616,4.05871,1.87578,0.00025,0.00041,0.00013,2e-05,9.95051,9.40243,1.64399,0.0553337,0.00233371,0.00233371
9,37.1254,8.41689,3.63579,1.62158,0.00723,0.01181,0.00366,0.00078,9.37715,inf,1.56732,0.049629,0.00262901,0.00262901
10,40.7951,8.37416,3.34603,1.54276,0.00815,0.01332,0.00413,0.0009,9.37488,inf,1.626,0.0439237,0.00292372,0.00292372
11,44.7984,7.99039,3.39855,1.47716,0.00084,0.00137,0.00042,8e-05,9.33976,inf,1.48554,0.0382178,0.00321783,0.00321783
12,48.4623,7.78793,3.51851,1.55382,0.00504,0.00824,0.00254,0.0006,9.17082,inf,1.39612,0.0325113,0.00351134,0.00351134
13,52.3655,8.10056,3.74824,1.53925,0.00672,0.01098,0.0034,0.00082,8.84669,inf,1.32891,0.0268043,0.00380426,0.00380426
14,56.2156,8.35446,3.44496,1.41196,0.01319,0.02155,0.00692,0.0016,9.07427,inf,1.32152,0.0210966,0.00409659,0.00409659
15,59.618,8.22943,3.28185,1.43834,0.02345,0.0383,0.0148,0.00372,8.62719,inf,1.30461,0.0153883,0.00438832,0.00438832
16,63.2426,7.63855,3.05545,1.43416,0.02545,0.04132,0.01825,0.0042,8.32783,inf,1.28811,0.00967946,0.00467946,0.00467946
17,66.7438,7.7498,3.11889,1.41814,0.02425,0.03926,0.0132,0.00345,8.45886,inf,1.28758,0.0049208,0.0049208,0.0049208
18,70.1611,7.61754,2.77546,1.37481,0.04006,0.06425,0.02345,0.0068,8.31408,inf,1.27325,0.00491585,0.00491585,0.00491585
19,74.0739,7.54078,2.97345,1.46849,0.04875,0.07304,0.02928,0.00763,8.28428,47.0265,1.304,0.0049109,0.0049109,0.0049109
20,77.3902,7.44956,3.13069,1.43174,0.04604,0.06713,0.03151,0.00857,8.13452,32.9504,1.28599,0.00490595,0.00490595,0.00490595
21,80.7685,7.66855,3.13609,1.28482,0.03138,0.04846,0.01874,0.00538,8.15735,38.6428,1.27866,0.004901,0.004901,0.004901
22,83.9585,7.64372,2.86646,1.33166,0.03303,0.0453,0.01782,0.00479,8.35102,18.5703,1.35949,0.00489605,0.00489605,0.00489605
23,87.1439,8.23063,2.92253,1.3226,0.0486,0.06274,0.02817,0.00709,8.09333,11.6005,1.29902,0.0048911,0.0048911,0.0048911
24,90.3358,7.60909,2.87174,1.46921,0.03531,0.04681,0.01778,0.00472,8.3277,6.53831,1.34413,0.00488615,0.00488615,0.00488615
25,93.8188,6.80841,2.62805,1.39386,0.03736,0.05244,0.01964,0.00518,8.25645,7.30162,1.34131,0.0048812,0.0048812,0.0048812
26,97.359,7.44161,2.82342,1.38028,0.05024,0.07825,0.03028,0.00833,7.8416,20.752,1.26633,0.00487625,0.00487625,0.00487625
27,100.713,7.1379,2.57732,1.33242,0.04626,0.07276,0.02473,0.00674,7.86621,25.6855,1.29144,0.0048713,0.0048713,0.0048713
28,104.466,7.56749,2.9212,1.24765,0.1079,0.09734,0.06295,0.0169,8.03938,6.31382,1.20576,0.00486635,0.00486635,0.00486635
29,107.812,7.46865,3.06056,1.18416,0.09189,0.10283,0.05549,0.01443,8.17404,4.85332,1.21373,0.0048614,0.0048614,0.0048614
30,110.935,7.20315,2.71175,1.2767,0.08534,0.12727,0.04845,0.01378,7.46123,3.69873,1.20441,0.00485645,0.00485645,0.00485645
31,114.15,6.87579,2.42443,1.21472,0.11865,0.11134,0.06653,0.01825,7.53281,3.05441,1.24938,0.0048515,0.0048515,0.0048515
32,117.494,7.10532,2.60375,1.32277,0.12767,0.12576,0.07619,0.02109,7.5149,3.43183,1.27946,0.00484655,0.00484655,0.00484655
33,120.84,6.92854,2.59906,1.26068,0.1417,0.14813,0.08999,0.02402,7.48612,3.71421,1.24185,0.0048416,0.0048416,0.0048416
34,124.332,7.1502,2.83345,1.31175,0.16899,0.14797,0.09768,0.02506,7.57757,3.08744,1.26205,0.00483665,0.00483665,0.00483665
35,127.746,6.82003,2.47839,1.29238,0.17014,0.14703,0.09945,0.02572,7.63168,2.80448,1.25397,0.0048317,0.0048317,0.0048317
36,131.191,7.43454,2.54175,1.26466,0.21028,0.17504,0.1294,0.03521,7.28126,2.67924,1.16032,0.00482675,0.00482675,0.00482675
37,134.698,6.62428,2.38768,1.21348,0.20826,0.16241,0.12018,0.03171,7.34936,2.83526,1.186,0.0048218,0.0048218,0.0048218
38,137.795,6.93171,2.39813,1.17467,0.1717,0.15143,0.10538,0.02657,7.61483,2.98388,1.2077,0.00481685,0.00481685,0.00481685
39,141.098,6.31361,2.50886,1.25748,0.20439,0.16708,0.12171,0.03118,7.52099,2.87071,1.1764,0.0048119,0.0048119,0.0048119
40,144.783,7.12198,2.42072,1.22347,0.18938,0.16845,0.11637,0.03063,7.32638,2.56409,1.16089,0.00480695,0.00480695,0.00480695
41,148.131,7.10139,2.5872,1.2789,0.23061,0.16186,0.12853,0.0344,7.33791,2.55879,1.18161,0.004802,0.004802,0.004802
42,151.387,6.80646,2.39235,1.28146,0.21474,0.16639,0.13181,0.03457,7.27311,2.51438,1.17473,0.00479705,0.00479705,0.00479705
43,154.739,6.5693,2.32591,1.29468,0.19952,0.13468,0.10469,0.027,7.70492,2.67894,1.17472,0.0047921,0.0047921,0.0047921
44,158.087,6.54299,2.39331,1.25164,0.18618,0.15706,0.11102,0.02948,7.60013,2.52998,1.16068,0.00478715,0.00478715,0.00478715
45,161.18,6.75039,2.31782,1.13075,0.20134,0.16557,0.12226,0.03111,7.49582,2.42702,1.15124,0.0047822,0.0047822,0.0047822
46,164.358,6.4978,2.27838,1.23112,0.14734,0.13259,0.08481,0.02126,8.04972,2.509,1.17573,0.00477725,0.00477725,0.00477725
47,167.675,6.67197,2.37643,1.25701,0.21391,0.18366,0.14185,0.03752,7.33011,2.32708,1.14146,0.0047723,0.0047723,0.0047723
48,171.04,7.02,2.38367,1.24567,0.21833,0.169,0.13154,0.03484,7.5274,2.59736,1.1311,0.00476735,0.00476735,0.00476735
49,174.264,7.35573,2.53962,1.15871,0.24733,0.18287,0.15014,0.04043,7.27061,2.46572,1.12077,0.0047624,0.0047624,0.0047624
50,177.775,6.66339,2.35704,1.15494,0.26379,0.18712,0.16123,0.04553,7.15959,2.46029,1.10877,0.00475745,0.00475745,0.00475745
51,181.066,6.57652,2.24475,1.09305,0.2061,0.13852,0.10823,0.02841,7.78489,2.73082,1.13282,0.0047525,0.0047525,0.0047525
52,184.165,6.50267,2.26742,1.16736,0.21758,0.13784,0.1088,0.03053,7.61978,2.90008,1.23183,0.00474755,0.00474755,0.00474755
53,187.719,6.62554,2.49495,1.23232,0.2678,0.16038,0.13966,0.04177,7.16832,2.83151,1.17117,0.0047426,0.0047426,0.0047426
54,191.306,6.48679,2.30753,1.29798,0.19391,0.13248,0.10383,0.02633,7.51233,2.98573,1.13058,0.00473765,0.00473765,0.00473765
55,194.374,7.1941,2.40241,1.12778,0.29965,0.1922,0.175,0.05011,6.93175,2.53156,1.10992,0.0047327,0.0047327,0.0047327
56,197.727,6.17093,2.24158,1.24681,0.24143,0.17971,0.14126,0.03876,7.34674,2.32179,1.18237,0.00472775,0.00472775,0.00472775
57,201.157,6.48592,2.27035,1.19881,0.29267,0.20524,0.18215,0.0535,6.78078,2.26757,1.11029,0.0047228,0.0047228,0.0047228
58,204.112,6.09734,2.21107,1.11882,0.33735,0.19646,0.19244,0.05505,6.92167,2.28952,1.13245,0.00471785,0.00471785,0.00471785
59,207.629,5.72185,1.98767,1.24896,0.36751,0.19042,0.19807,0.05925,6.82989,2.29486,1.12382,0.0047129,0.0047129,0.0047129
60,211.019,6.63239,2.4192,1.16543,0.29334,0.18657,0.17349,0.0461,7.06066,2.30931,1.09707,0.00470795,0.00470795,0.00470795
61,214.63,6.59696,2.32763,1.1345,0.22155,0.16021,0.12965,0.03353,7.38951,2.37072,1.10739,0.004703,0.004703,0.004703
62,217.903,6.51795,2.31311,1.26568,0.34189,0.21801,0.21384,0.06496,6.6841,2.12405,1.0952,0.00469805,0.00469805,0.00469805
63,221.023,6.06519,2.08576,1.14784,0.33831,0.22831,0.22182,0.07039,6.58986,2.06466,1.09691,0.0046931,0.0046931,0.0046931
64,224.299,6.20302,2.28886,1.18447,0.25566,0.20387,0.16998,0.046,7.05104,2.19548,1.10203,0.00468815,0.00468815,0.00468815
65,227.412,6.34298,2.1697,1.11874,0.27373,0.22007,0.18698,0.05414,6.92806,2.3564,1.10513,0.0046832,0.0046832,0.0046832
66,230.837,6.5488,2.31441,1.09388,0.24614,0.19962,0.15782,0.04662,7.01388,2.83533,1.09872,0.00467825,0.00467825,0.00467825
67,234.127,6.62931,2.41106,1.12476,0.22289,0.18273,0.14092,0.03616,7.36982,2.58678,1.10767,0.0046733,0.0046733,0.0046733
68,237.497,6.04141,2.1691,1.10513,0.32825,0.21087,0.19942,0.05915,6.77921,2.25476,1.10187,0.00466835,0.00466835,0.00466835
69,240.818,6.31486,2.22429,1.2605,0.35202,0.19852,0.19935,0.05976,6.76672,2.25949,1.10921,0.0046634,0.0046634,0.0046634
70,244.225,6.23359,2.35848,1.12912,0.35989,0.229,0.22868,0.06928,6.50904,2.16219,1.07935,0.00465845,0.00465845,0.00465845
71,247.6,5.94481,2.07453,1.09269,0.35273,0.21842,0.21569,0.06732,6.65019,2.11128,1.10281,0.0046535,0.0046535,0.0046535
72,250.906,5.97581,2.04165,1.17162,0.33546,0.21884,0.20912,0.06094,6.83643,2.10751,1.12448,0.00464855,0.00464855,0.00464855
73,254.385,5.87813,1.98828,1.18994,0.34261,0.24506,0.23956,0.07649,6.50432,2.09249,1.08875,0.0046436,0.0046436,0.0046436
74,258.454,6.15734,2.13306,1.12301,0.35043,0.22893,0.22958,0.07402,6.47438,2.08116,1.09684,0.00463865,0.00463865,0.00463865
75,262.01,6.07765,2.03928,1.13692,0.32359,0.17943,0.17617,0.05562,7.03773,2.15834,1.15833,0.0046337,0.0046337,0.0046337
76,265.473,5.86121,2.07739,1.19803,0.3733,0.21348,0.22301,0.07139,6.61282,2.2348,1.09504,0.00462875,0.00462875,0.00462875
77,268.699,5.5623,1.90171,1.19895,0.37614,0.23009,0.24074,0.0738,6.44314,2.20692,1.0681,0.0046238,0.0046238,0.0046238
78,272.022,6.68337,2.10441,1.07126,0.35663,0.22405,0.2232,0.06793,6.63632,2.18346,1.08138,0.00461885,0.00461885,0.00461885
79,275.376,7.61518,2.80967,0.9784,0.34019,0.22501,0.21755,0.06218,6.81536,2.23962,1.08954,0.0046139,0.0046139,0.0046139
80,278.749,6.00561,2.07452,1.19936,0.15143,0.18465,0.12588,0.03749,6.98779,2.54186,1.08284,0.00460895,0.00460895,0.00460895
81,282.03,6.01003,2.04916,1.17079,0.17913,0.19138,0.12638,0.04244,6.62273,2.44576,1.06744,0.004604,0.004604,0.004604
82,285.13,6.21277,2.11349,1.12375,0.19916,0.18409,0.13612,0.03968,7.03948,2.47578,1.08414,0.00459905,0.00459905,0.00459905
83,288.515,5.58917,1.84223,1.08653,0.25149,0.20401,0.17705,0.04911,6.98004,2.49417,1.08611,0.0045941,0.0045941,0.0045941
84,291.742,5.42628,1.8692,1.17756,0.21674,0.24973,0.13831,0.04446,6.54255,2.28306,1.06807,0.00458915,0.00458915,0.00458915
85,295.383,5.47629,1.84462,1.15579,0.1913,0.24506,0.1174,0.03884,6.40193,2.31856,1.06711,0.0045842,0.0045842,0.0045842
86,298.502,5.133,1.7843,1.23708,0.18768,0.20126,0.10341,0.03299,6.7698,2.30147,1.133,0.00457925,0.00457925,0.00457925
87,301.965,5.82673,1.9927,1.20874,0.17336,0.20895,0.09654,0.03024,6.82322,2.42567,1.11099,0.0045743,0.0045743,0.0045743
88,305.444,5.5884,1.88314,1.15327,0.15246,0.20552,0.0869,0.02965,6.50461,2.73583,1.0676,0.00456935,0.00456935,0.00456935
89,309.001,5.76538,1.87041,1.16054,0.14456,0.19879,0.0835,0.0294,6.49004,2.88215,1.06897,0.0045644,0.0045644,0.0045644
90,312.417,4.97922,1.82912,1.20275,0.13608,0.18822,0.07994,0.02625,6.60579,3.15897,1.08831,0.00455945,0.00455945,0.00455945
91,315.854,6.09897,2.02993,1.16251,0.14522,0.20648,0.09046,0.03124,6.20065,3.24434,1.06193,0.0045545,0.0045545,0.0045545
92,319.43,5.67817,1.8977,1.14142,0.20527,0.23174,0.11844,0.0382,6.38495,2.74,1.06509,0.00454955,0.00454955,0.00454955
93,322.814,5.33116,1.88489,1.17307,0.24951,0.25343,0.15787,0.05408,6.26003,2.38123,1.05652,0.0045446,0.0045446,0.0045446
94,326.093,5.68217,1.90281,1.13103,0.31365,0.21842,0.20168,0.06032,6.73429,2.17429,1.11394,0.00453965,0.00453965,0.00453965
95,329.464,5.56403,1.90626,1.10271,0.34278,0.20373,0.19462,0.05566,6.89026,2.11648,1.12774,0.0045347,0.0045347,0.0045347
96,332.913,5.94137,2.15551,1.06223,0.41662,0.26806,0.28863,0.09128,6.03473,2.01585,1.04611,0.00452975,0.00452975,0.00452975
97,336.313,4.87268,1.75305,1.17449,0.40066,0.2813,0.2882,0.08814,6.13556,2.06321,1.05456,0.0045248,0.0045248,0.0045248
98,339.588,6.07094,2.21748,1.04082,0.32997,0.26181,0.24278,0.06957,6.41758,2.06231,1.06731,0.00451985,0.00451985,0.00451985
99,343.136,5.90251,1.97779,1.07509,0.35153,0.27224,0.25836,0.07588,6.30921,2.10635,1.05952,0.0045149,0.0045149,0.0045149
100,346.62,5.57039,1.92551,1.02405,0.39167,0.26771,0.27108,0.08006,6.40734,2.19528,1.0577,0.00450995,0.00450995,0.00450995
101,349.907,5.32149,1.85509,1.15708,0.38609,0.24945,0.25684,0.07671,6.47392,2.1808,1.06409,0.004505,0.004505,0.004505
102,353.182,5.40538,1.77751,1.09905,0.43706,0.25412,0.27194,0.08785,6.20054,2.14194,1.05127,0.00450005,0.00450005,0.00450005
103,356.667,5.44756,1.81954,1.11833,0.43295,0.25302,0.27256,0.09052,6.11334,2.067,1.0562,0.0044951,0.0044951,0.0044951
104,360.245,5.76748,2.01404,1.04531,0.44954,0.28899,0.30684,0.10157,6.00674,1.8749,1.05574,0.00449015,0.00449015,0.00449015
105,363.439,5.37748,1.84184,1.06669,0.44517,0.30303,0.31924,0.10468,5.9484,1.83665,1.04135,0.0044852,0.0044852,0.0044852
106,366.933,4.99328,1.80491,1.07141,0.36099,0.25879,0.2448,0.07222,6.47352,1.92616,1.07868,0.00448025,0.00448025,0.00448025
107,370.494,5.49957,1.82489,1.06228,0.38192,0.2975,0.28691,0.0925,6.14783,1.89377,1.05144,0.0044753,0.0044753,0.0044753
108,373.929,5.60347,1.95414,1.05737,0.36202,0.2711,0.25853,0.08195,6.24837,1.91663,1.0759,0.00447035,0.00447035,0.00447035
109,377.41,5.63037,2.08632,1.10932,0.40386,0.27446,0.28304,0.09436,6.077,1.85752,1.0617,0.0044654,0.0044654,0.0044654
110,380.924,5.22652,1.74965,1.14293,0.43521,0.30848,0.31958,0.10327,5.97849,1.88245,1.03649,0.00446045,0.00446045,0.00446045
111,384.215,5.15653,1.76156,1.1005,0.44547,0.29832,0.31259,0.10461,5.97549,1.89279,1.04092,0.0044555,0.0044555,0.0044555
112,387.541,5.43398,1.91432,1.11164,0.43045,0.2986,0.3068,0.1031,5.86906,2.03381,1.02975,0.00445055,0.00445055,0.00445055
113,390.948,4.85655,1.6771,1.06919,0.45319,0.29256,0.30784,0.10556,5.89232,2.00244,1.03517,0.0044456,0.0044456,0.0044456
114,394.411,4.84364,1.68123,1.13715,0.42036,0.25755,0.26646,0.08467,6.331,1.91078,1.07109,0.00444065,0.00444065,0.00444065
115,397.891,5.23985,1.67707,1.04924,0.42639,0.2982,0.30415,0.10137,6.07134,1.88378,1.0417,0.0044357,0.0044357,0.0044357
116,401.312,4.78548,1.74996,1.25869,0.39175,0.26455,0.26589,0.08348,6.34679,1.9959,1.07657,0.00443075,0.00443075,0.00443075
117,404.875,5.02238,1.70399,1.17773,0.40691,0.26661,0.27434,0.08458,6.32355,2.05373,1.08504,0.0044258,0.0044258,0.0044258
118,408.294,5.07853,1.7194,1.11178,0.46338,0.30272,0.32519,0.10694,5.86944,1.90638,1.04278,0.00442085,0.00442085,0.00442085
119,411.416,5.17415,1.78527,1.11737,0.48815,0.2765,0.3093,0.09891,6.11706,2.06283,1.06221,0.0044159,0.0044159,0.0044159
120,414.832,4.79099,1.66077,1.14553,0.45804,0.25879,0.29462,0.09491,6.08821,2.24315,1.04685,0.00441095,0.00441095,0.00441095
121,418.331,4.53899,1.66664,1.12976,0.35529,0.21266,0.22397,0.07184,6.42149,2.21169,1.0518,0.004406,0.004406,0.004406
122,421.685,5.07684,1.766,1.09664,0.43426,0.28295,0.3015,0.10113,5.96977,2.02588,1.03191,0.00440105,0.00440105,0.00440105
123,424.99,5.23025,1.7696,1.10942,0.46384,0.31329,0.33368,0.11235,5.83267,1.89129,1.02817,0.0043961,0.0043961,0.0043961
124,428.492,5.03777,1.6661,1.03846,0.43512,0.29627,0.30796,0.1005,5.85218,1.97769,1.0346,0.00439115,0.00439115,0.00439115
125,431.785,5.28777,1.86631,1.08827,0.41486,0.27663,0.28962,0.09886,5.79374,2.08636,1.03349,0.0043862,0.0043862,0.0043862
126,435.167,4.44959,1.62549,1.12663,0.44052,0.28075,0.30733,0.10585,5.86861,2.04962,1.04133,0.00438125,0.00438125,0.00438125
127,438.458,5.28772,1.75753,1.08011,0.46152,0.30722,0.32706,0.11157,5.80096,1.95785,1.02686,0.0043763,0.0043763,0.0043763
128,441.861,5.35602,1.82158,1.03933,0.45889,0.30066,0.31955,0.10841,5.90264,1.92076,1.03681,0.00437135,0.00437135,0.00437135
129,445.008,5.13642,1.69504,1.0584,0.40355,0.28899,0.2894,0.09179,6.06799,2.07,1.04283,0.0043664,0.0043664,0.0043664
130,448.521,5.00398,1.63077,1.05273,0.45118,0.28789,0.3116,0.10358,5.90908,1.92964,1.04412,0.00436145,0.00436145,0.00436145
131,451.844,4.70553,1.65577,1.10941,0.45445,0.27952,0.31261,0.10806,5.8946,1.88816,1.04972,0.0043565,0.0043565,0.0043565
132,455.305,5.69831,1.83564,1.00896,0.43658,0.30231,0.31445,0.10246,5.88234,1.92122,1.03187,0.00435155,0.00435155,0.00435155
133,458.488,5.69375,1.81816,1.05734,0.41814,0.27554,0.28649,0.09503,6.09492,2.02897,1.05135,0.0043466,0.0043466,0.0043466
134,461.84,5.1386,1.6634,1.09281,0.44018,0.31947,0.32676,0.11069,5.87209,1.94615,1.02772,0.00434165,0.00434165,0.00434165
135,465.132,5.4265,1.82573,1.06139,0.44923,0.32482,0.33245,0.10926,5.84284,1.82326,1.02468,0.0043367,0.0043367,0.0043367
136,468.374,5.02867,1.61032,1.08415,0.46408,0.31645,0.33439,0.11134,5.76789,1.75821,1.01964,0.00433175,0.00433175,0.00433175
137,471.697,4.80084,1.62046,1.08064,0.45398,0.29907,0.3203,0.10378,5.93999,1.79355,1.0289,0.0043268,0.0043268,0.0043268
138,475.022,5.00522,1.67511,1.10384,0.41755,0.26798,0.28503,0.09245,6.16077,2.42349,1.04592,0.00432185,0.00432185,0.00432185
139,478.381,4.99135,1.68315,1.10282,0.4092,0.25873,0.27034,0.08522,6.26144,2.44463,1.05779,0.0043169,0.0043169,0.0043169
140,481.814,5.18507,1.79628,1.03573,0.49858,0.28556,0.32262,0.11031,5.7828,2.14133,1.02059,0.00431195,0.00431195,0.00431195
141,485.248,5.53178,1.88349,1.03037,0.52472,0.31054,0.3563,0.12273,5.70255,1.98907,1.01497,0.004307,0.004307,0.004307
142,488.404,5.13503,1.69499,1.02918,0.4727,0.30327,0.32091,0.10852,5.8451,1.79767,1.03199,0.00430205,0.00430205,0.00430205
143,491.692,5.41115,1.85945,1.13052,0.49731,0.32013,0.35262,0.12234,5.64369,1.79978,1.01468,0.0042971,0.0042971,0.0042971
144,495.03,5.0384,1.65717,1.00843,0.40811,0.23105,0.24102,0.07789,6.31416,2.11443,1.08072,0.00429215,0.00429215,0.00429215
145,498.158,5.34467,1.72721,1.06608,0.33098,0.18863,0.18193,0.05068,6.96058,2.27633,1.14448,0.0042872,0.0042872,0.0042872
146,501.478,5.57963,1.87627,1.04689,0.46416,0.30299,0.32122,0.11052,5.84068,1.92877,1.04025,0.00428225,0.00428225,0.00428225
147,504.898,5.99476,2.16533,1.01578,0.47835,0.29228,0.32161,0.10956,5.90529,1.91478,1.04426,0.0042773,0.0042773,0.0042773
148,508.418,4.52073,1.57649,1.09333,0.49143,0.24753,0.28359,0.09601,6.16508,2.05517,1.06327,0.00427235,0.00427235,0.00427235
149,511.683,4.27483,1.61189,1.11567,0.52464,0.27774,0.32399,0.11695,5.69668,2.04489,1.03263,0.0042674,0.0042674,0.0042674
150,514.935,4.74367,1.78293,1.08479,0.46786,0.25686,0.2916,0.09969,6.02611,2.04968,1.05211,0.00426245,0.00426245,0.00426245
151,518.194,5.02532,1.73735,1.15523,0.47315,0.28034,0.30253,0.10317,5.96981,1.90586,1.04114,0.0042575,0.0042575,0.0042575
152,521.405,4.94018,1.60299,1.03159,0.5022,0.35022,0.37887,0.13429,5.53164,1.80464,1.00771,0.00425255,0.00425255,0.00425255
153,524.887,4.59669,1.5533,1.09369,0.49906,0.3494,0.37221,0.13175,5.51851,1.9112,1.01059,0.0042476,0.0042476,0.0042476
154,528.143,4.80571,1.67929,1.02476,0.49121,0.3623,0.37602,0.13554,5.388,1.85137,1.00222,0.00424265,0.00424265,0.00424265
155,531.354,5.39461,1.82321,1.05878,0.47486,0.34624,0.36167,0.12666,5.54145,1.8316,1.00881,0.0042377,0.0042377,0.0042377
156,535.04,4.60676,1.55268,1.07967,0.44556,0.33794,0.34032,0.1145,5.69163,1.77446,1.01283,0.00423275,0.00423275,0.00423275
157,538.224,5.50387,1.79466,1.01911,0.49459,0.3358,0.36125,0.12208,5.6238,1.78868,1.01116,0.0042278,0.0042278,0.0042278
158,541.532,4.96557,1.60312,1.05345,0.5441,0.33081,0.37555,0.13375,5.51839,1.71682,1.01154,0.00422285,0.00422285,0.00422285
159,544.761,5.4134,1.66035,1.01497,0.5158,0.3358,0.36873,0.1315,5.5119,1.67004,1.01159,0.0042179,0.0042179,0.0042179
160,548.176,5.14812,1.69223,1.03292,0.49381,0.30835,0.33534,0.11609,5.77973,1.6709,1.03045,0.00421295,0.00421295,0.00421295
161,551.355,4.92321,1.52921,1.00644,0.49435,0.30162,0.32683,0.10845,5.87736,1.71415,1.02874,0.004208,0.004208,0.004208
162,554.833,4.58261,1.63186,1.04194,0.51776,0.35104,0.38625,0.13506,5.46644,1.64115,1.00164,0.00420305,0.00420305,0.00420305
163,558.058,4.3074,1.4196,1.05087,0.51129,0.35393,0.38631,0.14213,5.37485,1.69134,0.99912,0.0041981,0.0041981,0.0041981
164,561.536,4.54828,1.54594,1.00195,0.52399,0.34555,0.38312,0.13909,5.43911,1.825,1.00511,0.00419315,0.00419315,0.00419315
165,564.799,4.88714,1.54877,1.02402,0.54334,0.34075,0.38715,0.13995,5.4479,1.89953,1.0041,0.0041882,0.0041882,0.0041882
166,568.122,4.11277,1.42644,1.07899,0.56787,0.34423,0.3972,0.14219,5.52676,1.81723,1.01056,0.00418325,0.00418325,0.00418325
167,571.348,5.11629,1.56759,1.03752,0.54798,0.34898,0.39263,0.13767,5.43723,1.69305,1.00083,0.0041783,0.0041783,0.0041783
168,575.066,4.4365,1.49679,1.03853,0.52551,0.36096,0.397,0.14089,5.4049,1.61548,1.00067,0.00417335,0.00417335,0.00417335
169,578.5,4.2781,1.46099,1.05952,0.51692,0.3461,0.37655,0.13563,5.5189,1.61406,1.0145,0.0041684,0.0041684,0.0041684
170,581.807,5.37987,1.61462,0.99386,0.48604,0.33347,0.35472,0.12821,5.29187,1.79323,0.99719,0.00416345,0.00416345,0.00416345
171,585.196,5.09227,1.80045,1.05053,0.52187,0.3472,0.38065,0.1381,5.2564,1.78317,0.99476,0.0041585,0.0041585,0.0041585
172,588.519,4.96405,1.66225,1.00797,0.58533,0.35475,0.41476,0.15613,5.26362,1.71483,0.99324,0.00415355,0.00415355,0.00415355
173,591.999,4.91462,1.69563,1.01188,0.55446,0.33937,0.38927,0.13378,5.4631,1.70017,0.99686,0.0041486,0.0041486,0.0041486
174,595.403,4.55282,1.5591,1.0896,0.56584,0.3439,0.39862,0.14783,5.40722,1.70888,1.00723,0.00414365,0.00414365,0.00414365
175,598.536,5.84599,1.78156,0.92972,0.54457,0.35338,0.39663,0.13938,5.55955,1.68519,1.01338,0.0041387,0.0041387,0.0041387
176,601.843,4.64724,1.66603,0.97438,0.49146,0.36422,0.38752,0.1358,5.3892,1.63448,0.99909,0.00413375,0.00413375,0.00413375
177,605.231,4.88852,1.57822,1.09183,0.51243,0.3774,0.40401,0.1454,5.26109,1.61292,0.99307,0.0041288,0.0041288,0.0041288
178,608.613,5.10016,1.60878,1.05447,0.52134,0.30055,0.34268,0.11377,5.82673,1.74255,1.0341,0.00412385,0.00412385,0.00412385
179,611.856,5.43748,1.77196,1.00966,0.52624,0.3494,0.38986,0.13612,5.52099,1.7125,1.00996,0.0041189,0.0041189,0.0041189
180,615.08,4.87326,1.61799,1.02061,0.52412,0.33773,0.38211,0.13812,5.3844,1.78885,0.99214,0.00411395,0.00411395,0.00411395
181,618.768,4.38009,1.4742,1.07634,0.57097,0.35536,0.41168,0.15336,5.34861,1.78897,0.99283,0.004109,0.004109,0.004109
182,622.168,4.65094,1.47253,1.01337,0.53191,0.35647,0.39937,0.1421,5.4787,1.72784,0.99966,0.00410405,0.00410405,0.00410405
183,625.475,5.2297,1.64613,0.97674,0.54812,0.37095,0.41464,0.15522,5.26489,1.63321,0.99207,0.0040991,0.0040991,0.0040991
184,628.83,5.51406,1.73887,0.96095,0.53487,0.36148,0.39816,0.14552,5.35527,1.62523,0.99921,0.00409415,0.00409415,0.00409415
185,631.974,4.35966,1.45627,1.0116,0.53357,0.36719,0.40172,0.14862,5.24366,1.62281,0.99187,0.0040892,0.0040892,0.0040892
186,635.412,3.98091,1.37072,1.05018,0.53348,0.34239,0.38497,0.14052,5.45131,1.64834,1.00615,0.00408425,0.00408425,0.00408425
187,638.504,5.18467,1.56521,0.96784,0.5376,0.33731,0.38375,0.13953,5.48275,1.70674,1.00749,0.0040793,0.0040793,0.0040793
188,641.831,4.71453,1.4422,0.98636,0.56053,0.34528,0.39705,0.14564,5.38198,1.78588,0.99981,0.00407435,0.00407435,0.00407435
189,645.139,4.48512,1.49887,1.11695,0.55403,0.34363,0.38825,0.14007,5.47692,1.8147,1.00408,0.0040694,0.0040694,0.0040694
190,648.384,4.52485,1.37762,0.96274,0.53032,0.37246,0.40521,0.14638,5.38947,1.71933,0.99691,0.00406445,0.00406445,0.00406445
191,651.895,3.89852,1.3487,1.02838,0.50572,0.38138,0.39911,0.14695,5.36248,1.66164,0.99758,0.0040595,0.0040595,0.0040595
192,655.08,4.09668,1.39884,1.0572,0.48654,0.36065,0.37666,0.13929,5.2988,1.63287,0.9949,0.00405455,0.00405455,0.00405455
193,658.329,4.13738,1.45057,1.04776,0.48387,0.33814,0.36408,0.13014,5.48669,1.71242,1.00483,0.0040496,0.0040496,0.0040496
194,661.582,4.73034,1.51063,0.97488,0.5263,0.38056,0.40947,0.14878,5.28437,1.6663,0.99258,0.00404465,0.00404465,0.00404465
195,664.849,4.77865,1.48529,0.98369,0.56824,0.37466,0.42442,0.16327,5.13043,1.70623,0.9864,0.0040397,0.0040397,0.0040397
196,667.871,4.31097,1.43676,1.03305,0.54958,0.29968,0.35589,0.12501,5.69899,1.92598,1.02797,0.00403475,0.00403475,0.00403475
197,671.07,5.04117,1.57098,0.96075,0.58966,0.3265,0.39611,0.15353,5.22708,1.88655,0.99575,0.0040298,0.0040298,0.0040298
198,674.845,4.76859,1.52012,1.01145,0.57881,0.36367,0.42087,0.16254,5.15437,1.70187,0.98417,0.00402485,0.00402485,0.00402485
199,678.431,4.27625,1.40247,1.05782,0.54163,0.33333,0.37675,0.13162,5.59448,1.70706,1.01119,0.0040199,0.0040199,0.0040199
200,681.872,4.31844,1.35843,1.03303,0.57796,0.38083,0.43714,0.16917,5.03561,1.60099,0.97883,0.00401495,0.00401495,0.00401495
201,685.175,4.2256,1.39677,1.05438,0.56535,0.3726,0.42491,0.1642,5.01893,1.63377,0.97874,0.00401,0.00401,0.00401
202,688.765,4.29173,1.49815,1.09488,0.54545,0.35633,0.40789,0.1553,5.19858,1.68934,0.9837,0.00400505,0.00400505,0.00400505
203,692.181,5.27015,1.66451,0.99475,0.54537,0.34294,0.39779,0.14908,5.19544,1.72826,0.97962,0.0040001,0.0040001,0.0040001
204,695.477,4.27961,1.41851,1.04007,0.57858,0.3726,0.43225,0.16295,5.13752,1.65029,0.97972,0.00399515,0.00399515,0.00399515
205,698.486,4.427,1.48794,1.01308,0.58569,0.38619,0.44218,0.16853,5.11851,1.64091,0.97736,0.0039902,0.0039902,0.0039902
206,701.686,4.93604,1.54326,0.97533,0.54596,0.38358,0.42202,0.15952,5.17014,1.67054,0.98107,0.00398525,0.00398525,0.00398525
207,704.94,4.66378,1.48365,1.03794,0.55199,0.37617,0.41871,0.15587,5.27906,1.62225,0.98696,0.0039803,0.0039803,0.0039803
208,708.391,4.33739,1.35643,0.97706,0.39718,0.3327,0.31826,0.10537,5.74744,1.76446,1.00676,0.00397535,0.00397535,0.00397535
209,711.861,4.32761,1.37732,1.00615,0.38857,0.34506,0.30784,0.10282,5.74801,1.81224,1.00825,0.0039704,0.0039704,0.0039704
210,715.314,4.08172,1.38708,1.00628,0.55545,0.38811,0.42948,0.1576,5.22247,1.58316,0.98263,0.00396545,0.00396545,0.00396545
211,718.394,4.70529,1.55001,0.94013,0.56503,0.37933,0.42234,0.14864,5.23055,1.6814,0.9799,0.0039605,0.0039605,0.0039605
212,721.71,4.65085,1.5386,1.0648,0.61076,0.38619,0.44347,0.17146,5.05716,1.65955,0.97374,0.00395555,0.00395555,0.00395555
213,725.387,4.33439,1.45476,1.03669,0.60411,0.384,0.43919,0.16684,5.11893,1.64246,0.97802,0.0039506,0.0039506,0.0039506
214,728.598,4.43669,1.46723,1.03129,0.61363,0.38276,0.44769,0.17228,4.98998,1.68866,0.9774,0.00394565,0.00394565,0.00394565
215,731.911,5.13644,1.61585,1.02574,0.54928,0.32976,0.37227,0.1288,5.56558,1.76744,1.01667,0.0039407,0.0039407,0.0039407
216,735.316,4.78464,1.50604,1.02767,0.5525,0.37836,0.43006,0.1638,5.0958,1.7202,0.97831,0.00393575,0.00393575,0.00393575
217,738.989,3.98903,1.3866,1.05125,0.5463,0.38715,0.43012,0.16196,5.12005,1.70068,0.97963,0.0039308,0.0039308,0.0039308
218,742.185,4.39951,1.42459,1.0011,0.56313,0.35216,0.40041,0.14902,5.29469,1.63231,0.9961,0.00392585,0.00392585,0.00392585
219,745.398,4.59156,1.38245,0.95348,0.57302,0.35872,0.41599,0.16238,5.10007,1.64803,0.98983,0.0039209,0.0039209,0.0039209
220,748.581,4.37767,1.39912,1.0063,0.57818,0.35063,0.40481,0.15154,5.40884,1.66224,1.01483,0.00391595,0.00391595,0.00391595
221,751.974,4.30403,1.378,1.04119,0.61878,0.37919,0.44028,0.17335,5.1007,1.59469,0.98469,0.003911,0.003911,0.003911
222,755.383,4.15378,1.38694,1.01339,0.57253,0.39,0.44168,0.1725,5.03879,1.5772,0.97025,0.00390605,0.00390605,0.00390605
223,758.854,4.9028,1.45692,0.97596,0.54335,0.38846,0.42872,0.16362,5.07867,1.60486,0.9715,0.0039011,0.0039011,0.0039011
224,762.313,4.65281,1.46596,0.96482,0.55841,0.39525,0.44045,0.1605,5.05425,1.52234,0.97335,0.00389615,0.00389615,0.00389615
225,765.612,4.2067,1.4221,1.05423,0.56809,0.41076,0.45475,0.17243,4.98971,1.48849,0.97327,0.0038912,0.0038912,0.0038912
226,769.21,4.83041,1.46101,0.98039,0.54791,0.38401,0.42359,0.15294,5.18618,1.57315,0.97741,0.00388625,0.00388625,0.00388625
227,772.518,4.22935,1.36099,1.02647,0.56806,0.39594,0.44612,0.17118,5.05073,1.60837,0.96996,0.0038813,0.0038813,0.0038813
228,776.096,4.71035,1.4985,1.00238,0.60236,0.40019,0.45587,0.17182,5.04183,1.54607,0.97119,0.00387635,0.00387635,0.00387635
229,779.309,4.42884,1.41093,1.05617,0.59281,0.39539,0.44838,0.16095,5.12307,1.51232,0.9767,0.0038714,0.0038714,0.0038714
230,782.461,4.23687,1.33528,0.98182,0.59416,0.38454,0.43675,0.16604,5.10758,1.51823,0.98811,0.00386645,0.00386645,0.00386645
231,785.654,4.30263,1.354,0.99938,0.59207,0.39896,0.44724,0.17084,4.99856,1.5139,0.97862,0.0038615,0.0038615,0.0038615
232,788.661,4.48906,1.41465,1.01645,0.57121,0.3969,0.44156,0.172,5.0043,1.53316,0.97111,0.00385655,0.00385655,0.00385655
233,791.907,4.26615,1.35235,0.99399,0.57601,0.39319,0.43957,0.16769,5.08355,1.52122,0.97117,0.0038516,0.0038516,0.0038516
234,795.535,4.16437,1.40052,1.00979,0.59048,0.40664,0.4567,0.17667,5.03304,1.48586,0.9704,0.00384665,0.00384665,0.00384665
235,798.83,4.07093,1.31471,1.02035,0.60361,0.40953,0.46506,0.17976,4.95889,1.47479,0.9665,0.0038417,0.0038417,0.0038417
236,802.172,4.33648,1.36341,1.01246,0.58201,0.39086,0.44163,0.16873,5.08667,1.49476,0.97309,0.00383675,0.00383675,0.00383675
237,805.518,4.03821,1.39515,1.03104,0.57873,0.40184,0.44974,0.16933,5.06025,1.48677,0.97415,0.0038318,0.0038318,0.0038318
238,808.861,4.38122,1.38162,0.96539,0.57844,0.39347,0.43242,0.15885,5.23946,1.57539,0.97741,0.00382685,0.00382685,0.00382685
239,812.155,4.87881,1.4785,0.98287,0.57696,0.40019,0.44138,0.16089,5.26742,1.59721,0.97786,0.0038219,0.0038219,0.0038219
240,815.304,4.97724,1.52224,0.95003,0.59239,0.40349,0.45155,0.16878,5.10962,1.50366,0.97285,0.00381695,0.00381695,0.00381695
241,818.817,4.3582,1.41731,1.01817,0.57919,0.38207,0.42509,0.15641,5.22948,1.52719,0.98229,0.003812,0.003812,0.003812
242,822.269,4.2576,1.342,0.96575,0.60327,0.40081,0.46035,0.17802,4.99011,1.56074,0.97071,0.00380705,0.00380705,0.00380705
243,825.419,4.23795,1.38305,1.06094,0.61658,0.40798,0.47088,0.18613,4.86131,1.51838,0.96626,0.0038021,0.0038021,0.0038021
244,828.825,4.48448,1.41197,0.98602,0.60306,0.40513,0.46172,0.17569,5.04982,1.50946,0.97808,0.00379715,0.00379715,0.00379715
245,832.089,4.01543,1.41107,1.03108,0.54907,0.39552,0.43805,0.16569,5.07982,1.62596,0.97624,0.0037922,0.0037922,0.0037922
246,835.656,4.57846,1.43977,0.98818,0.52077,0.33965,0.38519,0.14669,5.26893,1.84199,0.98628,0.00378725,0.00378725,0.00378725
247,838.683,4.23984,1.45286,1.03411,0.5176,0.34679,0.38327,0.13997,5.40598,1.77896,0.99497,0.0037823,0.0037823,0.0037823
248,842.154,4.11819,1.39022,1.05804,0.57154,0.39113,0.43738,0.1689,5.02862,1.63142,0.97726,0.00377735,0.00377735,0.00377735
249,845.223,4.40221,1.37476,1.00159,0.58145,0.39909,0.44441,0.17175,5.05145,1.55192,0.97353,0.0037724,0.0037724,0.0037724
250,848.703,4.59956,1.38753,0.99051,0.58768,0.42175,0.46955,0.17827,4.99122,1.48132,0.97098,0.00376745,0.00376745,0.00376745
251,852.065,4.60774,1.39686,0.97126,0.60041,0.42024,0.47079,0.17724,5.00771,1.51342,0.97181,0.0037625,0.0037625,0.0037625
252,855.529,4.28926,1.3145,1.0273,0.59862,0.38935,0.4467,0.17809,4.97877,1.5457,0.97312,0.00375755,0.00375755,0.00375755
253,858.812,4.33318,1.39236,0.99895,0.59077,0.40867,0.4632,0.18217,4.83814,1.55781,0.96362,0.0037526,0.0037526,0.0037526
254,861.985,4.50332,1.41042,1.01889,0.56561,0.39841,0.44458,0.17232,4.98129,1.55131,0.97076,0.00374765,0.00374765,0.00374765
255,865.187,4.31582,1.3679,1.04934,0.55539,0.38619,0.4307,0.16101,5.11914,1.55725,0.97331,0.0037427,0.0037427,0.0037427
256,868.556,5.30833,1.61044,0.9126,0.54964,0.40211,0.43557,0.16593,5.0215,1.51704,0.96687,0.00373775,0.00373775,0.00373775
257,871.719,4.04445,1.29812,1.02229,0.58812,0.40651,0.45654,0.17439,5.00201,1.49239,0.96501,0.0037328,0.0037328,0.0037328
258,875.246,4.59681,1.39951,0.96176,0.61742,0.40349,0.46601,0.18085,4.95391,1.43826,0.96354,0.00372785,0.00372785,0.00372785
259,878.473,4.19576,1.36211,0.99371,0.60798,0.4109,0.4689,0.18767,4.82346,1.43542,0.95867,0.0037229,0.0037229,0.0037229
260,882.129,4.80903,1.48734,0.95079,0.5887,0.40971,0.4643,0.18333,4.91385,1.54031,0.96578,0.00371795,0.00371795,0.00371795
261,885.448,4.24412,1.31442,0.9912,0.57334,0.38962,0.44771,0.17799,4.93749,1.56899,0.96748,0.003713,0.003713,0.003713
262,888.627,4.35532,1.36469,0.95077,0.59313,0.40912,0.45866,0.16697,5.00835,1.48213,0.96482,0.00370805,0.00370805,0.00370805
263,892.253,4.28977,1.37692,0.96084,0.60286,0.41014,0.46341,0.17254,4.96895,1.45642,0.96385,0.0037031,0.0037031,0.0037031
264,895.67,4.35301,1.41629,0.99213,0.53251,0.35736,0.40295,0.15433,4.99697,1.58557,0.96568,0.00369815,0.00369815,0.00369815
265,898.79,3.90439,1.32833,1.00717,0.56166,0.36713,0.42245,0.15966,5.01001,1.57316,0.9661,0.0036932,0.0036932,0.0036932
266,902.305,4.4206,1.36294,0.97464,0.60628,0.40898,0.46416,0.17671,4.91865,1.44384,0.96244,0.00368825,0.00368825,0.00368825
267,905.452,4.81248,1.43388,0.94435,0.52677,0.3531,0.38881,0.1301,5.45445,1.49544,0.98473,0.0036833,0.0036833,0.0036833
268,909.01,4.5052,1.42237,0.9983,0.59889,0.41982,0.46973,0.17886,4.95259,1.47067,0.96319,0.00367835,0.00367835,0.00367835
269,912.154,4.29043,1.33577,0.98753,0.59545,0.41873,0.46851,0.18216,4.88429,1.49237,0.96196,0.0036734,0.0036734,0.0036734
270,915.636,4.06657,1.28943,0.95337,0.59424,0.40967,0.45806,0.17143,5.03506,1.54795,0.96944,0.00366845,0.00366845,0.00366845
271,919.068,4.34483,1.43165,0.97353,0.60085,0.41667,0.46919,0.17993,4.96019,1.4698,0.96214,0.0036635,0.0036635,0.0036635
272,922.418,4.12838,1.35015,1.02255,0.52905,0.38111,0.40894,0.13786,5.32591,1.54666,0.98027,0.00365855,0.00365855,0.00365855
273,925.517,5.09886,1.58365,0.96218,0.55622,0.38701,0.42448,0.14636,5.2563,1.54904,0.98012,0.0036536,0.0036536,0.0036536
274,928.714,4.38224,1.3738,0.9943,0.54822,0.38207,0.40762,0.15495,5.09455,1.53872,0.9696,0.00364865,0.00364865,0.00364865
275,931.747,4.56996,1.38722,0.96808,0.58413,0.4017,0.44668,0.17263,4.99113,1.48315,0.96426,0.0036437,0.0036437,0.0036437
276,935.138,4.36133,1.32721,0.97924,0.57847,0.41049,0.45991,0.16984,4.86349,1.46449,0.95572,0.00363875,0.00363875,0.00363875
277,938.504,4.54838,1.52676,0.96403,0.60045,0.40884,0.46542,0.18407,4.84872,1.44676,0.95938,0.0036338,0.0036338,0.0036338
278,941.874,4.70021,1.45112,0.97943,0.58905,0.38619,0.43369,0.15745,5.20515,1.58837,0.9771,0.00362885,0.00362885,0.00362885
279,945.309,4.6112,1.50408,1.06218,0.56859,0.41489,0.44686,0.16804,4.90589,1.6117,0.9623,0.0036239,0.0036239,0.0036239
280,948.679,4.60355,1.48667,1.03275,0.59308,0.39939,0.45333,0.17814,4.82671,1.52327,0.96003,0.00361895,0.00361895,0.00361895
281,952.091,4.68142,1.44276,1.01881,0.57369,0.33937,0.3922,0.14434,5.37779,1.62759,0.99358,0.003614,0.003614,0.003614
282,955.354,5.35488,1.63428,1.00079,0.59796,0.37013,0.42912,0.16827,5.05984,1.51002,0.97204,0.00360905,0.00360905,0.00360905
283,958.677,4.2591,1.39767,1.05782,0.59096,0.40857,0.46714,0.18108,4.78231,1.43704,0.95391,0.0036041,0.0036041,0.0036041
284,962.067,4.22784,1.36287,1.03442,0.6064,0.41646,0.47861,0.18809,4.78321,1.4743,0.9522,0.00359915,0.00359915,0.00359915
285,965.328,4.41473,1.39037,0.99452,0.61872,0.40813,0.47201,0.18895,4.90869,1.49804,0.96215,0.0035942,0.0035942,0.0035942
286,968.701,4.39803,1.30927,1.00539,0.59782,0.398,0.45992,0.17606,4.89249,1.46612,0.95991,0.00358925,0.00358925,0.00358925
287,972.091,3.66577,1.28297,1.02273,0.58353,0.41351,0.46329,0.17974,4.87852,1.46087,0.96147,0.0035843,0.0035843,0.0035843
288,975.355,3.9301,1.26192,0.98507,0.60548,0.39498,0.4463,0.17308,5.08455,1.42301,0.9727,0.00357935,0.00357935,0.00357935
289,978.617,3.92613,1.27108,1.02991,0.60975,0.41008,0.46284,0.18482,4.91821,1.42394,0.96483,0.0035744,0.0035744,0.0035744
290,982.169,3.69934,1.2177,1.00084,0.6205,0.426,0.48596,0.19798,4.63881,1.42873,0.95196,0.00356945,0.00356945,0.00356945
291,985.639,4.38253,1.33496,0.93198,0.64746,0.42243,0.49486,0.20353,4.66219,1.38534,0.95231,0.0035645,0.0035645,0.0035645
292,988.853,4.03714,1.29787,0.99374,0.64392,0.41323,0.47865,0.18282,4.94257,1.42146,0.96579,0.00355955,0.00355955,0.00355955
293,991.964,4.48278,1.46418,1.02444,0.63712,0.42216,0.4803,0.18509,4.91337,1.4282,0.96515,0.0035546,0.0035546,0.0035546
294,995.41,4.09068,1.29484,0.98334,0.60966,0.41063,0.45933,0.17643,5.06367,1.48686,0.97541,0.00354965,0.00354965,0.00354965
295,998.696,4.47497,1.37088,0.99222,0.59803,0.41269,0.45789,0.17483,5.09022,1.51159,0.97598,0.0035447,0.0035447,0.0035447
296,1001.95,4.00644,1.34408,1.05441,0.63709,0.44275,0.50482,0.2003,4.67835,1.38734,0.9496,0.00353975,0.00353975,0.00353975
297,1005.1,3.77763,1.30817,1.0652,0.64223,0.44481,0.50748,0.20042,4.71368,1.39808,0.94908,0.0035348,0.0035348,0.0035348
298,1008.29,4.21405,1.36883,1.03029,0.62525,0.41708,0.48431,0.19452,4.8436,1.50709,0.95782,0.00352985,0.00352985,0.00352985
299,1011.63,4.51998,1.39425,0.95223,0.63838,0.41145,0.48225,0.19031,4.82184,1.47558,0.95348,0.0035249,0.0035249,0.0035249
300,1014.95,4.71355,1.40667,0.96795,0.6392,0.43506,0.4951,0.19719,4.75521,1.4381,0.95007,0.00351995,0.00351995,0.00351995
301,1018.2,3.81095,1.33223,0.98249,0.64386,0.43087,0.4905,0.19297,4.82024,1.47247,0.95394,0.003515,0.003515,0.003515
302,1021.31,5.19413,1.51666,0.94041,0.60296,0.42916,0.47984,0.1934,4.75649,1.46304,0.95486,0.00351005,0.00351005,0.00351005
303,1024.82,3.85491,1.27797,1.01097,0.58415,0.42641,0.46729,0.18852,4.75487,1.45245,0.95307,0.0035051,0.0035051,0.0035051
304,1028.23,4.1051,1.28102,0.95372,0.59771,0.43652,0.48289,0.19398,4.85975,1.43386,0.95415,0.00350015,0.00350015,0.00350015
305,1031.41,4.64479,1.41175,0.98993,0.58384,0.4374,0.47891,0.18048,5.03941,1.46408,0.96227,0.0034952,0.0034952,0.0034952
306,1034.66,3.90196,1.26039,0.98255,0.61336,0.44038,0.49542,0.19704,4.78162,1.44491,0.95114,0.00349025,0.00349025,0.00349025
307,1038.08,4.48249,1.37676,0.95883,0.59791,0.41625,0.46883,0.18547,4.88992,1.49972,0.96197,0.0034853,0.0034853,0.0034853
308,1041.54,4.36894,1.36819,0.98435,0.59875,0.42641,0.4777,0.18459,4.74207,1.42992,0.95732,0.00348035,0.00348035,0.00348035
309,1044.79,3.57475,1.22205,1.00592,0.61458,0.43534,0.49022,0.19685,4.62431,1.3711,0.95137,0.0034754,0.0034754,0.0034754
310,1048.3,4.28619,1.32808,0.95802,0.62525,0.42477,0.4856,0.1902,4.82553,1.39047,0.957,0.00347045,0.00347045,0.00347045
311,1051.87,4.40549,1.33868,0.9674,0.62581,0.43005,0.49417,0.19102,4.80184,1.40608,0.95567,0.0034655,0.0034655,0.0034655
312,1055.28,4.12863,1.26025,0.99117,0.63766,0.41571,0.48938,0.19742,4.76445,1.40015,0.95004,0.00346055,0.00346055,0.00346055
313,1058.49,4.25297,1.36006,0.98545,0.63018,0.41145,0.48173,0.19538,4.77127,1.4098,0.95099,0.0034556,0.0034556,0.0034556
314,1061.77,3.83546,1.25901,1.02351,0.59881,0.42381,0.47756,0.18951,4.72763,1.44215,0.94962,0.00345065,0.00345065,0.00345065
315,1065.42,3.77215,1.23979,1.01108,0.63236,0.41928,0.48767,0.19887,4.65676,1.42166,0.95182,0.0034457,0.0034457,0.0034457
316,1068.89,3.81507,1.22256,0.98592,0.62652,0.40371,0.45733,0.1739,5.02409,1.43052,0.96825,0.00344075,0.00344075,0.00344075
317,1072.17,4.20429,1.35744,0.95256,0.62231,0.42683,0.48345,0.19138,4.82015,1.38435,0.95445,0.0034358,0.0034358,0.0034358
318,1075.59,4.75876,1.44305,0.93307,0.60542,0.42161,0.48191,0.18679,4.87021,1.40224,0.95145,0.00343085,0.00343085,0.00343085
319,1079.1,4.25076,1.36657,0.95898,0.59905,0.40362,0.46793,0.18559,4.87298,1.43188,0.95249,0.0034259,0.0034259,0.0034259
320,1082.38,4.31506,1.36784,0.96052,0.6006,0.39703,0.46859,0.19586,4.74601,1.47354,0.95213,0.00342095,0.00342095,0.00342095
321,1085.66,4.73936,1.42521,0.93214,0.60815,0.39546,0.46582,0.19434,4.79537,1.45773,0.95682,0.003416,0.003416,0.003416
322,1088.84,4.72554,1.47996,0.95721,0.60053,0.37891,0.43366,0.16244,5.21614,1.47297,0.9765,0.00341105,0.00341105,0.00341105
323,1092.04,4.12538,1.28174,0.97298,0.62281,0.40168,0.46031,0.17164,5.0672,1.44159,0.96683,0.0034061,0.0034061,0.0034061
324,1095.32,4.0853,1.32816,1.00418,0.59979,0.40761,0.4637,0.17603,5.05182,1.46274,0.96619,0.00340115,0.00340115,0.00340115
325,1098.46,4.76539,1.40306,0.95804,0.5757,0.39141,0.43777,0.16086,5.24557,1.51808,0.98006,0.0033962,0.0033962,0.0033962
326,1101.55,4.78931,1.44182,0.93074,0.63107,0.42257,0.48463,0.18871,4.8361,1.39071,0.95178,0.00339125,0.00339125,0.00339125
327,1104.7,4.02474,1.28922,1.00199,0.6328,0.43391,0.49347,0.19321,4.81087,1.38174,0.94935,0.0033863,0.0033863,0.0033863
328,1108.31,4.43335,1.34853,0.98056,0.65399,0.41516,0.48583,0.19214,4.87751,1.44283,0.95598,0.00338135,0.00338135,0.00338135
329,1111.6,4.02231,1.27464,0.97619,0.65251,0.41529,0.49399,0.19094,4.83537,1.4355,0.95019,0.0033764,0.0033764,0.0033764
330,1114.94,3.92869,1.2678,0.98748,0.62059,0.39731,0.45337,0.16374,5.1841,1.45361,0.96877,0.00337145,0.00337145,0.00337145
331,1118.2,4.47558,1.3819,0.98023,0.59118,0.39525,0.44136,0.16032,5.23832,1.45174,0.97659,0.0033665,0.0033665,0.0033665
332,1121.55,4.44129,1.33408,0.95647,0.62507,0.41653,0.47046,0.18924,4.71977,1.45726,0.95359,0.00336155,0.00336155,0.00336155
333,1124.85,4.20722,1.36139,0.96497,0.60281,0.39072,0.44444,0.17746,4.9897,1.48473,0.96661,0.0033566,0.0033566,0.0033566
334,1128.14,4.72527,1.40004,0.94644,0.63346,0.44014,0.50074,0.20384,4.73802,1.43518,0.94938,0.00335165,0.00335165,0.00335165
335,1131.26,4.24357,1.29824,0.94677,0.63756,0.44918,0.51202,0.20652,4.73044,1.36908,0.9479,0.0033467,0.0033467,0.0033467
336,1134.93,3.56799,1.22313,1.0293,0.61197,0.39558,0.44916,0.16448,5.20221,1.49662,0.97353,0.00334175,0.00334175,0.00334175
337,1138.19,4.4467,1.33855,0.95693,0.6139,0.38866,0.44607,0.1664,5.13404,1.49019,0.97337,0.0033368,0.0033368,0.0033368
338,1141.37,3.77855,1.2427,1.00513,0.62594,0.43424,0.49354,0.2038,4.54864,1.39278,0.94095,0.00333185,0.00333185,0.00333185
339,1144.64,4.66423,1.40368,0.94671,0.62091,0.42738,0.48534,0.19937,4.61841,1.38912,0.94387,0.0033269,0.0033269,0.0033269
340,1148.05,4.03242,1.3682,1.00529,0.63647,0.4223,0.47748,0.18767,4.84093,1.39601,0.95759,0.00332195,0.00332195,0.00332195
341,1151.69,4.34096,1.30848,0.98873,0.64682,0.45662,0.51388,0.20721,4.63337,1.39413,0.94729,0.003317,0.003317,0.003317
342,1155.23,3.99808,1.26443,0.99105,0.63158,0.44246,0.49356,0.19403,4.82865,1.46635,0.95703,0.00331205,0.00331205,0.00331205
343,1158.79,4.31923,1.49376,0.96901,0.62168,0.43479,0.48417,0.18862,4.88888,1.415,0.95737,0.0033071,0.0033071,0.0033071
344,1161.92,4.33032,1.31576,0.97095,0.65053,0.43438,0.49827,0.19769,4.80447,1.50353,0.95415,0.00330215,0.00330215,0.00330215
345,1164.9,4.23371,1.32107,0.96762,0.65705,0.41625,0.49225,0.19713,4.80839,1.63278,0.95485,0.0032972,0.0032972,0.0032972
346,1168.58,3.93059,1.27569,1.02634,0.66292,0.38555,0.47426,0.19289,4.83785,1.78635,0.96012,0.00329225,0.00329225,0.00329225
347,1171.87,3.94596,1.24689,1.00322,0.63862,0.42902,0.49338,0.19482,4.7836,1.54756,0.95817,0.0032873,0.0032873,0.0032873
348,1175.08,4.11219,1.29316,0.95838,0.60669,0.43081,0.47982,0.18499,4.86076,1.38188,0.95642,0.00328235,0.00328235,0.00328235
349,1178.35,3.98726,1.36483,0.95942,0.56958,0.40033,0.44077,0.16791,4.98441,1.42134,0.96157,0.0032774,0.0032774,0.0032774
350,1181.57,4.02999,1.3124,0.98454,0.63032,0.43081,0.49325,0.20152,4.66476,1.39231,0.95084,0.00327245,0.00327245,0.00327245
351,1185,4.03909,1.27866,0.98193,0.64753,0.42549,0.497,0.1978,4.72338,1.40589,0.95281,0.0032675,0.0032675,0.0032675
352,1188.54,3.93296,1.2675,0.96017,0.66319,0.44388,0.51737,0.21097,4.67196,1.4021,0.94534,0.00326255,0.00326255,0.00326255
353,1192.01,3.81559,1.2545,1.00935,0.65283,0.44412,0.51312,0.21213,4.64423,1.38655,0.94562,0.0032576,0.0032576,0.0032576
354,1195.41,3.988,1.32742,0.94457,0.5753,0.41282,0.44877,0.17052,5.085,1.52678,0.97455,0.00325265,0.00325265,0.00325265
355,1198.7,4.09169,1.33755,0.95903,0.55031,0.38674,0.42306,0.15772,5.15256,1.60006,0.97591,0.0032477,0.0032477,0.0032477
356,1202.1,4.06813,1.28671,0.96324,0.57391,0.40088,0.44784,0.169,5.04049,1.50034,0.96537,0.00324275,0.00324275,0.00324275
357,1205.49,4.03475,1.30533,1.01562,0.61877,0.42448,0.48161,0.18939,4.858,1.41979,0.9563,0.0032378,0.0032378,0.0032378
358,1208.78,4.11238,1.26,0.93323,0.64972,0.42559,0.49682,0.20179,4.81342,1.48265,0.95419,0.00323285,0.00323285,0.00323285
359,1212.2,4.12764,1.27821,0.96581,0.64659,0.44673,0.51551,0.21024,4.61597,1.41834,0.9472,0.0032279,0.0032279,0.0032279
360,1215.34,4.36095,1.35749,0.94341,0.63725,0.43973,0.50347,0.20672,4.68365,1.39477,0.9486,0.00322295,0.00322295,0.00322295
361,1218.65,4.94385,1.89201,0.94007,0.62009,0.42688,0.48914,0.19675,4.81886,1.47537,0.95312,0.003218,0.003218,0.003218
362,1221.99,4.15814,1.38225,0.95025,0.60997,0.43191,0.49415,0.19943,4.76937,1.49043,0.94666,0.00321305,0.00321305,0.00321305
363,1225.01,4.0848,1.25573,0.99453,0.63392,0.43383,0.4972,0.19644,4.82138,1.4424,0.95039,0.0032081,0.0032081,0.0032081
364,1228.23,4.62265,1.34974,0.93339,0.51956,0.40651,0.41456,0.16002,4.77798,1.49424,0.94528,0.00320315,0.00320315,0.00320315
365,1231.5,3.94114,1.30054,1.0077,0.38352,0.3634,0.27218,0.09666,5.03993,1.76037,0.95294,0.0031982,0.0031982,0.0031982
366,1234.79,4.52236,1.45651,0.9669,0.43422,0.38688,0.30456,0.12735,4.57078,1.68888,0.94285,0.00319325,0.00319325,0.00319325
367,1238.16,3.69878,1.22068,1.00495,0.47441,0.39717,0.34721,0.14556,4.57867,1.58089,0.94291,0.0031883,0.0031883,0.0031883
368,1241.56,4.38373,1.36349,0.98328,0.53814,0.405,0.42017,0.15271,4.83879,1.51038,0.94962,0.00318335,0.00318335,0.00318335
369,1244.93,4.12435,1.29757,1.00579,0.62058,0.4179,0.47776,0.17497,4.77705,1.48027,0.94744,0.0031784,0.0031784,0.0031784
370,1248.29,4.22332,1.34552,0.94002,0.66782,0.43932,0.507,0.19996,4.72843,1.63707,0.94893,0.00317345,0.00317345,0.00317345
371,1251.51,4.52939,1.3407,0.96487,0.66578,0.44756,0.51677,0.20818,4.59809,1.51702,0.94042,0.0031685,0.0031685,0.0031685
372,1255.06,4.10349,1.29511,0.99928,0.63698,0.45215,0.51446,0.20284,4.67181,1.44774,0.94272,0.00316355,0.00316355,0.00316355
373,1258.42,4.31943,1.31284,0.93094,0.6351,0.44605,0.5059,0.20776,4.5936,1.44892,0.93903,0.0031586,0.0031586,0.0031586
374,1261.7,4.2485,1.27657,0.97284,0.57262,0.4363,0.46823,0.19035,4.59937,1.42635,0.9416,0.00315365,0.00315365,0.00315365
375,1265.06,3.99386,1.28342,1.00089,0.55061,0.41708,0.43763,0.17135,4.66816,1.4478,0.94198,0.0031487,0.0031487,0.0031487
376,1268.22,3.74232,1.22229,0.97301,0.56647,0.43231,0.45225,0.18251,4.69125,1.39974,0.94365,0.00314375,0.00314375,0.00314375
377,1271.36,4.08037,1.24295,0.94622,0.59625,0.4304,0.47218,0.19034,4.79663,1.38303,0.94953,0.0031388,0.0031388,0.0031388
378,1274.74,4.67818,1.36876,0.9355,0.6327,0.42751,0.49097,0.19563,4.76827,1.38043,0.94635,0.00313385,0.00313385,0.00313385
379,1277.91,3.89732,1.23997,0.96911,0.62488,0.4256,0.49105,0.19407,4.64928,1.36627,0.94258,0.0031289,0.0031289,0.0031289
380,1281.6,5.30003,1.54708,0.93282,0.63132,0.44206,0.50585,0.20158,4.67292,1.36781,0.94847,0.00312395,0.00312395,0.00312395
381,1284.75,4.73714,1.46857,0.9337,0.62822,0.44192,0.50377,0.20421,4.67361,1.39681,0.95157,0.003119,0.003119,0.003119
382,1287.98,4.15197,1.29707,0.9938,0.59229,0.41255,0.4803,0.19995,4.61842,1.50759,0.94815,0.00311405,0.00311405,0.00311405
383,1291.17,4.31719,1.32609,0.93446,0.58856,0.41323,0.47652,0.20024,4.62544,1.46262,0.94503,0.0031091,0.0031091,0.0031091
384,1294.37,4.40069,1.32874,0.94758,0.6335,0.42435,0.4846,0.19295,4.79742,1.37858,0.95145,0.00310415,0.00310415,0.00310415
385,1297.84,3.77958,1.2746,1.01038,0.65268,0.41969,0.48297,0.18689,4.91342,1.38756,0.95868,0.0030992,0.0030992,0.0030992
386,1301.32,3.52779,1.14108,0.95394,0.64685,0.44934,0.51207,0.21563,4.52622,1.32483,0.93943,0.00309425,0.00309425,0.00309425
387,1304.69,4.84047,1.48233,0.9432,0.63404,0.44522,0.50252,0.20896,4.56874,1.35347,0.94273,0.0030893,0.0030893,0.0030893
388,1308.18,3.55951,1.17248,1.01834,0.61449,0.41131,0.46508,0.1835,4.87771,1.40872,0.96038,0.00308435,0.00308435,0.00308435
389,1311.3,4.87052,1.40181,0.939,0.63545,0.44934,0.50405,0.20334,4.66423,1.36323,0.94962,0.0030794,0.0030794,0.0030794
390,1314.83,4.00511,1.2541,1.01186,0.6355,0.44521,0.5061,0.18917,4.75428,1.35772,0.94839,0.00307445,0.00307445,0.00307445
391,1317.91,3.61966,1.25164,1.0258,0.64111,0.43904,0.50536,0.1933,4.73135,1.3622,0.94717,0.0030695,0.0030695,0.0030695
392,1321.2,3.78965,1.19687,0.98405,0.58958,0.43053,0.48166,0.18988,4.71592,1.42121,0.94686,0.00306455,0.00306455,0.00306455
393,1324.7,3.89047,1.26211,1.03891,0.5417,0.41849,0.436,0.16714,4.84623,1.51664,0.95068,0.0030596,0.0030596,0.0030596
394,1328.25,4.02821,1.27823,0.97878,0.62918,0.42655,0.49022,0.19954,4.68622,1.3889,0.94238,0.00305465,0.00305465,0.00305465
395,1331.56,4.3018,1.35099,1.0052,0.62768,0.43177,0.49752,0.20548,4.65465,1.34843,0.94321,0.0030497,0.0030497,0.0030497
396,1334.87,3.62234,1.20497,0.95425,0.65187,0.44728,0.51412,0.21229,4.6558,1.33813,0.94429,0.00304475,0.00304475,0.00304475
397,1338.17,3.94569,1.27238,0.97546,0.65886,0.45744,0.52316,0.2155,4.6551,1.32859,0.94408,0.0030398,0.0030398,0.0030398
398,1341.29,4.31301,1.2756,0.92258,0.62843,0.4551,0.51514,0.20401,4.76902,1.34971,0.94606,0.00303485,0.00303485,0.00303485
399,1344.39,3.76467,1.23935,1.03441,0.61645,0.45634,0.51029,0.20165,4.73783,1.36624,0.94462,0.0030299,0.0030299,0.0030299
400,1347.5,4.38392,1.30346,0.9702,0.63049,0.45428,0.51695,0.21543,4.53796,1.34275,0.93851,0.00302495,0.00302495,0.00302495
401,1350.81,4.30767,1.24356,0.96397,0.63948,0.45373,0.51651,0.21123,4.57379,1.33274,0.93997,0.00302,0.00302,0.00302
402,1354.32,4.14895,1.30775,0.97169,0.65585,0.44701,0.517,0.21476,4.55124,1.36337,0.94085,0.00301505,0.00301505,0.00301505
403,1357.61,4.48455,1.49998,0.95282,0.64177,0.39374,0.46341,0.17906,4.9792,1.42794,0.96515,0.0030101,0.0030101,0.0030101
404,1361.14,3.98284,1.25093,1.00519,0.62163,0.41433,0.47429,0.18311,4.92154,1.46711,0.95683,0.00300515,0.00300515,0.00300515
405,1364.59,3.38932,1.18617,1.01655,0.64845,0.45151,0.5161,0.21383,4.55897,1.39164,0.93861,0.0030002,0.0030002,0.0030002
406,1368.12,3.62643,1.16354,0.97373,0.63041,0.42024,0.47817,0.18819,4.86651,1.39805,0.95503,0.00299525,0.00299525,0.00299525
407,1371.17,4.46344,1.29787,0.92435,0.58702,0.38303,0.42923,0.1598,5.18875,1.47616,0.97498,0.0029903,0.0029903,0.0029903
408,1374.58,3.98579,1.35769,1.01398,0.59913,0.41653,0.46743,0.18794,4.86803,1.43431,0.9546,0.00298535,0.00298535,0.00298535
409,1378.03,4.26622,1.30455,0.96177,0.6182,0.41831,0.47203,0.18677,4.9244,1.44909,0.95551,0.0029804,0.0029804,0.0029804
410,1381.48,4.03579,1.2936,1.0569,0.65143,0.4472,0.50636,0.20224,4.7599,1.40854,0.94844,0.00297545,0.00297545,0.00297545
411,1384.68,3.6921,1.20398,0.96181,0.65862,0.44289,0.50531,0.20451,4.71167,1.40549,0.94757,0.0029705,0.0029705,0.0029705
412,1387.89,4.10562,1.28597,1.0196,0.65692,0.45951,0.5277,0.2212,4.46991,1.35845,0.93543,0.00296555,0.00296555,0.00296555
413,1391.04,3.84048,1.20854,0.96203,0.6394,0.45303,0.51671,0.20975,4.57009,1.3765,0.94023,0.0029606,0.0029606,0.0029606
414,1394.42,3.94616,1.26728,0.97775,0.64201,0.46403,0.52147,0.21448,4.60305,1.35376,0.93829,0.00295565,0.00295565,0.00295565
415,1397.86,4.1374,1.24278,0.94023,0.64713,0.46884,0.52369,0.21247,4.60158,1.32174,0.93845,0.0029507,0.0029507,0.0029507
416,1401.58,3.80677,1.19756,0.9903,0.63928,0.46348,0.52028,0.21014,4.62352,1.36129,0.93685,0.00294575,0.00294575,0.00294575
417,1405.03,3.88392,1.2628,0.97337,0.64265,0.45621,0.51825,0.213,4.55491,1.34181,0.93537,0.0029408,0.0029408,0.0029408
418,1408.3,4.0525,1.27631,0.98476,0.62108,0.44179,0.50176,0.19232,4.64957,1.32158,0.93977,0.00293585,0.00293585,0.00293585
419,1411.63,4.54959,1.35526,0.92693,0.62142,0.47021,0.52778,0.21791,4.49048,1.31392,0.93622,0.0029309,0.0029309,0.0029309
420,1414.89,4.27477,1.3276,0.9494,0.63416,0.45634,0.51889,0.21696,4.57197,1.3707,0.93926,0.00292595,0.00292595,0.00292595
421,1418.35,4.46272,1.32185,0.91748,0.63854,0.4654,0.5244,0.21884,4.52811,1.38942,0.93844,0.002921,0.002921,0.002921
422,1421.71,4.1239,1.29292,0.97303,0.65692,0.44925,0.51876,0.21882,4.60834,1.40565,0.94084,0.00291605,0.00291605,0.00291605
423,1425.05,4.21326,1.26246,0.93065,0.66794,0.44577,0.51999,0.21925,4.63368,1.38194,0.94192,0.0029111,0.0029111,0.0029111
424,1428.39,3.73289,1.20809,0.98181,0.64932,0.45511,0.52291,0.20767,4.55524,1.3,0.93604,0.00290615,0.00290615,0.00290615
425,1431.52,4.19292,1.22115,0.91078,0.67194,0.4584,0.52928,0.21078,4.54122,1.30843,0.93643,0.0029012,0.0029012,0.0029012
426,1434.65,4.69093,1.3997,0.93405,0.66334,0.44165,0.50461,0.20528,4.57245,1.3403,0.93867,0.00289625,0.00289625,0.00289625
427,1437.93,4.60896,1.36202,0.95325,0.66954,0.45428,0.52268,0.21572,4.4996,1.32103,0.93279,0.0028913,0.0028913,0.0028913
428,1441.24,4.12099,1.32839,0.91948,0.65421,0.46431,0.52625,0.21505,4.51393,1.31721,0.93164,0.00288635,0.00288635,0.00288635
429,1444.51,4.58088,1.40597,0.92116,0.66053,0.45947,0.52082,0.21736,4.55874,1.33272,0.93603,0.0028814,0.0028814,0.0028814
430,1447.88,4.01618,1.28586,0.99137,0.66632,0.46746,0.53297,0.2211,4.47115,1.3168,0.93202,0.00287645,0.00287645,0.00287645
431,1451.2,4.53583,1.35279,0.92808,0.66612,0.4654,0.53272,0.21068,4.54841,1.34467,0.93377,0.0028715,0.0028715,0.0028715
432,1454.89,4.3239,1.3058,0.94032,0.67316,0.45664,0.53382,0.22522,4.47693,1.37013,0.93599,0.00286655,0.00286655,0.00286655
433,1458.32,4.37016,1.28729,0.9709,0.66531,0.45793,0.53356,0.22588,4.48254,1.36841,0.94032,0.0028616,0.0028616,0.0028616
434,1461.69,3.78282,1.17946,0.9833,0.60304,0.41982,0.46753,0.1594,5.04586,1.40021,0.95352,0.00285665,0.00285665,0.00285665
435,1465.01,4.54766,1.32587,0.94457,0.60247,0.42466,0.4695,0.16016,5.07236,1.40886,0.95667,0.0028517,0.0028517,0.0028517
436,1468.27,3.77692,1.21925,1.00407,0.63371,0.44202,0.5026,0.20231,4.70219,1.35252,0.94191,0.00284675,0.00284675,0.00284675
437,1471.48,4.06486,1.23911,1.00551,0.58522,0.39703,0.44792,0.16344,5.17506,1.50691,0.96862,0.0028418,0.0028418,0.0028418
438,1474.69,4.07446,1.26671,1.0032,0.64169,0.39978,0.478,0.19221,4.74732,1.56769,0.94885,0.00283685,0.00283685,0.00283685
439,1478.12,4.18413,1.33542,0.98219,0.61554,0.40884,0.47174,0.18374,4.71549,1.43353,0.9484,0.0028319,0.0028319,0.0028319
440,1481.31,4.14122,1.29573,0.94513,0.66924,0.45758,0.52681,0.21844,4.52952,1.33958,0.9378,0.00282695,0.00282695,0.00282695
441,1484.64,3.89188,1.26588,0.94701,0.67631,0.45666,0.52673,0.21925,4.52056,1.34132,0.93734,0.002822,0.002822,0.002822
442,1487.95,4.10154,1.38004,0.96488,0.65595,0.44481,0.50533,0.20271,4.76642,1.38217,0.94781,0.00281705,0.00281705,0.00281705
443,1491.09,4.0633,1.33972,1.01235,0.6479,0.44437,0.50306,0.20874,4.62863,1.37671,0.94166,0.0028121,0.0028121,0.0028121
444,1494.61,4.04637,1.3285,0.95238,0.65016,0.45518,0.51899,0.22158,4.45582,1.33691,0.92906,0.00280715,0.00280715,0.00280715
445,1497.84,4.06709,1.32174,0.92388,0.66481,0.45909,0.52492,0.21824,4.5338,1.37347,0.93081,0.0028022,0.0028022,0.0028022
446,1501.06,3.69704,1.23291,0.99368,0.68565,0.45126,0.52194,0.21086,4.61989,1.4921,0.93434,0.00279725,0.00279725,0.00279725
447,1504.31,4.15599,1.32132,0.94154,0.68882,0.45373,0.52662,0.21476,4.57412,1.45834,0.93411,0.0027923,0.0027923,0.0027923
448,1507.61,3.91321,1.25897,0.94833,0.68739,0.45744,0.5349,0.22828,4.41288,1.32977,0.93161,0.00278735,0.00278735,0.00278735
449,1510.82,3.74654,1.18903,0.93538,0.66138,0.47186,0.5361,0.22729,4.41322,1.31337,0.93099,0.0027824,0.0027824,0.0027824
450,1514.48,3.74836,1.22514,1.00203,0.67517,0.45607,0.51979,0.21207,4.65214,1.33902,0.93828,0.00277745,0.00277745,0.00277745
451,1517.59,3.75726,1.27998,0.97677,0.65765,0.43616,0.49544,0.197,4.78905,1.35111,0.94387,0.0027725,0.0027725,0.0027725
452,1520.75,4.12964,1.26486,0.92278,0.66297,0.43383,0.50878,0.21139,4.60624,1.32329,0.93736,0.00276755,0.00276755,0.00276755
453,1524.14,3.93454,1.1836,0.98016,0.61584,0.41243,0.47737,0.19352,4.81143,1.40386,0.95225,0.0027626,0.0027626,0.0027626
454,1527.36,3.91528,1.29618,0.99024,0.61407,0.39937,0.46536,0.19269,4.77687,1.43551,0.95068,0.00275765,0.00275765,0.00275765
455,1530.55,3.78591,1.17762,0.98004,0.62902,0.42202,0.48876,0.21006,4.55114,1.41025,0.93698,0.0027527,0.0027527,0.0027527
456,1533.78,4.28802,1.33911,0.91056,0.62978,0.39649,0.47524,0.19293,4.76736,1.64491,0.95283,0.00274775,0.00274775,0.00274775
457,1537.16,4.23952,1.31492,0.9702,0.6337,0.40447,0.48183,0.19402,4.79781,1.63643,0.95474,0.0027428,0.0027428,0.0027428
458,1540.65,3.45233,1.13268,1.00048,0.63533,0.45579,0.5183,0.22097,4.47779,1.37894,0.9342,0.00273785,0.00273785,0.00273785
459,1543.8,3.64975,1.18102,0.99282,0.63542,0.45332,0.51414,0.21913,4.45977,1.37184,0.93495,0.0027329,0.0027329,0.0027329
460,1547.09,4.12303,1.27635,0.92321,0.65244,0.45256,0.51916,0.21837,4.47839,1.3356,0.93591,0.00272795,0.00272795,0.00272795
461,1550.27,3.80582,1.24323,0.96872,0.66548,0.44681,0.5197,0.21343,4.56644,1.35528,0.93834,0.002723,0.002723,0.002723
462,1553.63,4.03747,1.20744,0.93977,0.65751,0.44467,0.51305,0.20736,4.75063,1.4282,0.94387,0.00271805,0.00271805,0.00271805
463,1556.93,4.15681,1.29131,0.93898,0.64586,0.44042,0.51481,0.21361,4.59797,1.42233,0.93672,0.0027131,0.0027131,0.0027131
464,1560.36,3.93764,1.25613,0.98629,0.62152,0.43685,0.5024,0.20367,4.53933,1.3653,0.93394,0.00270815,0.00270815,0.00270815
465,1563.8,3.81675,1.16915,0.95959,0.6607,0.4536,0.52703,0.23045,4.36102,1.28383,0.9292,0.0027032,0.0027032,0.0027032
466,1567.38,4.19649,1.48182,1.08645,0.67248,0.4492,0.5257,0.21587,4.54477,1.28481,0.9365,0.00269825,0.00269825,0.00269825
467,1570.9,4.35554,1.33783,0.96251,0.63272,0.45167,0.51326,0.19495,4.67613,1.31142,0.93894,0.0026933,0.0026933,0.0026933
468,1574.11,4.12216,1.27506,0.98718,0.62167,0.4584,0.51463,0.20446,4.57903,1.35407,0.93718,0.00268835,0.00268835,0.00268835
469,1577.42,3.80665,1.18605,0.9965,0.64293,0.46183,0.52521,0.21579,4.59497,1.36315,0.93748,0.0026834,0.0026834,0.0026834
470,1580.89,3.8254,1.19313,0.97401,0.63169,0.46815,0.52122,0.20385,4.64163,1.3231,0.93744,0.00267845,0.00267845,0.00267845
471,1584.04,4.25346,1.31103,0.94394,0.62601,0.46609,0.51963,0.19795,4.59599,1.30742,0.93611,0.0026735,0.0026735,0.0026735
472,1587.24,3.97964,1.22024,0.92645,0.65535,0.47597,0.53833,0.23025,4.32373,1.27836,0.92607,0.00266855,0.00266855,0.00266855
473,1590.6,3.98928,1.1839,0.9292,0.65617,0.4735,0.53891,0.22414,4.39704,1.28806,0.92938,0.0026636,0.0026636,0.0026636
474,1593.79,4.33973,1.28858,0.92405,0.66789,0.46925,0.54262,0.23233,4.37373,1.31337,0.92908,0.00265865,0.00265865,0.00265865
475,1597.26,3.72693,1.18424,0.98399,0.66961,0.45631,0.53154,0.22209,4.52744,1.33721,0.9343,0.0026537,0.0026537,0.0026537
476,1600.7,3.41329,1.13235,0.99901,0.66961,0.46389,0.53209,0.22361,4.57628,1.36251,0.93584,0.00264875,0.00264875,0.00264875
477,1603.86,3.60751,1.15068,0.94975,0.6697,0.45799,0.52611,0.21991,4.60942,1.38576,0.93962,0.0026438,0.0026438,0.0026438
478,1607.17,3.46379,1.10781,0.9341,0.66768,0.47139,0.53673,0.22806,4.47475,1.33705,0.93424,0.00263885,0.00263885,0.00263885
479,1610.59,3.57922,1.17345,0.97955,0.66608,0.48202,0.54502,0.22992,4.42199,1.30286,0.93145,0.0026339,0.0026339,0.0026339
480,1613.71,3.9057,1.20609,0.96343,0.62881,0.44179,0.4992,0.18603,4.77105,1.33057,0.9434,0.00262895,0.00262895,0.00262895
481,1616.89,4.2438,1.31687,0.90527,0.65672,0.47405,0.53486,0.21974,4.42103,1.29278,0.92991,0.002624,0.002624,0.002624
482,1620.15,3.68998,1.21931,0.99338,0.65568,0.47103,0.52974,0.21825,4.46424,1.32498,0.93029,0.00261905,0.00261905,0.00261905
483,1623.79,3.41706,1.13914,0.97539,0.65971,0.46923,0.53195,0.22127,4.47795,1.31607,0.9293,0.0026141,0.0026141,0.0026141
484,1627.07,4.10322,1.26903,0.96094,0.67139,0.44458,0.52144,0.22361,4.51072,1.3471,0.93261,0.00260915,0.00260915,0.00260915
485,1630.71,3.65324,1.17471,0.97157,0.67223,0.45524,0.53309,0.23015,4.37697,1.32656,0.92591,0.0026042,0.0026042,0.0026042
486,1634.16,3.84224,1.19123,0.93678,0.68972,0.46293,0.53732,0.22595,4.49023,1.32168,0.93234,0.00259925,0.00259925,0.00259925
487,1637.6,3.50889,1.16398,0.95907,0.68605,0.45744,0.5273,0.22396,4.50088,1.32063,0.93165,0.0025943,0.0025943,0.0025943
488,1641.02,4.25682,1.27547,0.93955,0.66737,0.47431,0.53336,0.2276,4.35598,1.31033,0.92608,0.00258935,0.00258935,0.00258935
489,1644.46,3.93032,1.22908,0.9399,0.67114,0.47199,0.53875,0.23029,4.38989,1.29189,0.92708,0.0025844,0.0025844,0.0025844
490,1647.76,3.8656,1.2436,0.98317,0.66379,0.45387,0.53023,0.21763,4.50517,1.31879,0.93242,0.00257945,0.00257945,0.00257945
491,1650.96,3.9267,1.24414,0.95042,0.67299,0.46032,0.53466,0.22027,4.49374,1.32367,0.93243,0.0025745,0.0025745,0.0025745
492,1654.33,4.53116,1.36939,0.90885,0.6665,0.46019,0.53054,0.22108,4.57357,1.36473,0.93602,0.00256955,0.00256955,0.00256955
493,1657.53,4.31175,1.28125,0.93005,0.65629,0.45848,0.52841,0.22184,4.51984,1.38043,0.93556,0.0025646,0.0025646,0.0025646
494,1660.79,3.69202,1.23022,0.95167,0.56865,0.37891,0.41896,0.14468,5.17984,1.40293,0.96366,0.00255965,0.00255965,0.00255965
495,1663.92,4.02242,1.33758,1.01156,0.61376,0.4039,0.45857,0.16483,4.98402,1.37168,0.95386,0.0025547,0.0025547,0.0025547
496,1667.26,3.59607,1.13716,0.95444,0.68057,0.47584,0.5425,0.22689,4.48057,1.3003,0.9287,0.00254975,0.00254975,0.00254975
497,1670.5,4.31785,1.30932,1.0133,0.66836,0.47311,0.5347,0.22381,4.4596,1.30819,0.92743,0.0025448,0.0025448,0.0025448
498,1673.98,3.70986,1.23476,0.99594,0.6479,0.46897,0.52605,0.21518,4.42495,1.32699,0.92715,0.00253985,0.00253985,0.00253985
499,1677.3,3.76894,1.20762,0.9959,0.65114,0.44756,0.50824,0.21424,4.47642,1.30881,0.9335,0.0025349,0.0025349,0.0025349
500,1680.6,3.77071,1.17058,0.9555,0.67854,0.4503,0.52475,0.22542,4.41516,1.35206,0.93079,0.00252995,0.00252995,0.00252995
501,1684.1,4.13367,1.27017,0.95208,0.67774,0.46348,0.54164,0.23499,4.31683,1.39729,0.92287,0.002525,0.002525,0.002525
502,1687.71,3.3429,1.10319,0.92182,0.67432,0.45593,0.53825,0.23265,4.38208,1.51119,0.92475,0.00252005,0.00252005,0.00252005
503,1691.2,4.07477,1.28385,0.94189,0.65498,0.44357,0.52152,0.21687,4.63471,1.51419,0.9387,0.0025151,0.0025151,0.0025151
504,1694.5,3.8199,1.26276,1.00021,0.63454,0.47748,0.53245,0.2205,4.5371,1.33323,0.93261,0.00251015,0.00251015,0.00251015
505,1697.84,4.34659,1.32606,0.98254,0.6444,0.46952,0.52552,0.22209,4.48382,1.29242,0.93013,0.0025052,0.0025052,0.0025052
506,1701.31,4.16797,1.2566,0.9435,0.62534,0.43401,0.48376,0.19731,4.74554,1.35466,0.94325,0.00250025,0.00250025,0.00250025
507,1704.48,4.03723,1.24898,0.97537,0.64913,0.47419,0.52688,0.21827,4.48402,1.30362,0.92961,0.0024953,0.0024953,0.0024953
508,1707.8,4.20964,1.28389,0.91273,0.65406,0.47556,0.53149,0.21541,4.57213,1.33477,0.93637,0.00249035,0.00249035,0.00249035
509,1711.16,3.82428,1.19104,0.93383,0.67582,0.46595,0.53391,0.22112,4.61242,1.34526,0.93646,0.0024854,0.0024854,0.0024854
510,1714.65,3.66472,1.24507,1.0118,0.67184,0.45814,0.52594,0.21629,4.66868,1.38017,0.93874,0.00248045,0.00248045,0.00248045
511,1718.01,3.82398,1.1525,0.93319,0.67097,0.46389,0.53368,0.22352,4.58175,1.37053,0.93536,0.0024755,0.0024755,0.0024755
512,1721.35,4.13757,1.21099,0.92548,0.65448,0.44313,0.49656,0.19171,4.88458,1.37935,0.94992,0.00247055,0.00247055,0.00247055
513,1724.66,4.70405,1.36812,0.89839,0.64693,0.43267,0.48421,0.18975,4.88758,1.3629,0.94925,0.0024656,0.0024656,0.0024656
514,1727.98,3.78765,1.16585,0.93801,0.68211,0.47735,0.54216,0.23848,4.33118,1.27739,0.92487,0.00246065,0.00246065,0.00246065
515,1731.42,4.15691,1.28372,0.93641,0.68158,0.47323,0.54171,0.23637,4.39419,1.28302,0.92791,0.0024557,0.0024557,0.0024557
516,1734.68,3.48206,1.17236,0.96739,0.68122,0.47584,0.54531,0.23042,4.49495,1.31332,0.92927,0.00245075,0.00245075,0.00245075
517,1738.03,3.99048,1.22959,0.95879,0.67885,0.48092,0.5525,0.24009,4.39605,1.31264,0.92479,0.0024458,0.0024458,0.0024458
518,1741.42,3.78746,1.15097,0.91963,0.67654,0.4687,0.54287,0.2344,4.41874,1.32806,0.92812,0.00244085,0.00244085,0.00244085
519,1744.73,4.00336,1.23913,0.95639,0.67838,0.46897,0.54273,0.23625,4.42707,1.31006,0.92915,0.0024359,0.0024359,0.0024359
520,1748.06,4.2436,1.33936,0.93809,0.67965,0.48641,0.5537,0.23894,4.28189,1.27471,0.92154,0.00243095,0.00243095,0.00243095
521,1751.29,3.85472,1.18735,0.91902,0.67036,0.48147,0.54676,0.23248,4.39706,1.28622,0.92536,0.002426,0.002426,0.002426
522,1754.7,4.29884,1.32919,0.95529,0.67843,0.46168,0.53382,0.22794,4.46643,1.30205,0.9294,0.00242105,0.00242105,0.00242105
523,1758.17,3.907,1.26061,0.91882,0.69091,0.46093,0.53701,0.22892,4.46187,1.28775,0.92953,0.0024161,0.0024161,0.0024161
524,1762.1,4.41092,1.41599,0.91474,0.67218,0.47007,0.53036,0.22072,4.57206,1.30958,0.93578,0.00241115,0.00241115,0.00241115
525,1765.26,3.4441,1.14438,0.99447,0.67018,0.47941,0.54089,0.22867,4.44547,1.2897,0.9288,0.0024062,0.0024062,0.0024062
526,1768.51,4.13908,1.27447,0.89333,0.67301,0.46426,0.52895,0.22112,4.51109,1.29917,0.92929,0.00240125,0.00240125,0.00240125
527,1772.01,3.89043,1.26037,1.02096,0.66508,0.46456,0.52819,0.23028,4.37369,1.30521,0.92165,0.0023963,0.0023963,0.0023963
528,1775.38,3.31961,1.13584,0.97486,0.55992,0.44357,0.44777,0.19386,4.4156,1.4439,0.92369,0.00239135,0.00239135,0.00239135
529,1778.63,4.14631,1.24596,0.92554,0.57428,0.43465,0.4514,0.19647,4.44874,1.41028,0.92589,0.0023864,0.0023864,0.0023864
530,1781.78,4.60723,1.35516,0.92845,0.66054,0.43383,0.51367,0.21756,4.54208,1.37727,0.9289,0.00238145,0.00238145,0.00238145
531,1784.96,4.14467,1.24819,0.89576,0.67174,0.42847,0.51021,0.21011,4.65736,1.42252,0.93772,0.0023765,0.0023765,0.0023765
532,1788.51,3.99959,1.21203,0.96486,0.68322,0.44756,0.51718,0.21328,4.65807,1.33029,0.94219,0.00237155,0.00237155,0.00237155
533,1792.01,3.38104,1.15259,0.93279,0.6882,0.45167,0.52399,0.21947,4.57626,1.2893,0.93646,0.0023666,0.0023666,0.0023666
534,1795.29,3.83378,1.21449,0.93003,0.6341,0.43506,0.50213,0.21147,4.6229,1.34761,0.93755,0.00236165,0.00236165,0.00236165
535,1798.77,4.02295,1.19462,0.91434,0.59242,0.39662,0.46092,0.19163,4.81458,1.53539,0.94772,0.0023567,0.0023567,0.0023567
536,1802.21,4.24211,1.24029,0.93329,0.64616,0.41159,0.50039,0.21513,4.50217,1.5707,0.93315,0.00235175,0.00235175,0.00235175
537,1805.6,4.54271,1.37717,0.88853,0.65544,0.42133,0.50565,0.2098,4.56092,1.51157,0.93385,0.0023468,0.0023468,0.0023468
538,1808.97,3.67459,1.17246,1,0.66638,0.43108,0.51029,0.21386,4.6119,1.39025,0.93411,0.00234185,0.00234185,0.00234185
539,1812.36,4.12525,1.20629,0.92905,0.66679,0.43726,0.50976,0.21031,4.67601,1.35969,0.93734,0.0023369,0.0023369,0.0023369
540,1815.51,3.78864,1.17614,0.93986,0.64924,0.45483,0.51707,0.21767,4.47338,1.33046,0.92592,0.00233195,0.00233195,0.00233195
541,1818.86,3.98585,1.25763,0.96513,0.65213,0.44756,0.50655,0.20312,4.67286,1.35922,0.9348,0.002327,0.002327,0.002327
542,1822.16,4.33775,1.29231,0.90337,0.66006,0.45785,0.51924,0.21589,4.5571,1.30958,0.92954,0.00232205,0.00232205,0.00232205
543,1825.51,3.80629,1.24645,0.94665,0.67697,0.47241,0.54224,0.23222,4.39144,1.27634,0.92376,0.0023171,0.0023171,0.0023171
544,1828.92,3.76941,1.17783,0.9558,0.69061,0.4799,0.55144,0.23755,4.41756,1.2705,0.92512,0.00231215,0.00231215,0.00231215
545,1832.08,4.4004,1.30969,0.92698,0.69781,0.47364,0.54626,0.22984,4.51716,1.28712,0.92868,0.0023072,0.0023072,0.0023072
546,1835.34,4.01065,1.22114,0.9505,0.68462,0.4813,0.54982,0.22869,4.48744,1.27303,0.92929,0.00230225,0.00230225,0.00230225
547,1838.7,3.63024,1.1569,0.97428,0.65853,0.47259,0.53482,0.21404,4.57755,1.28584,0.93411,0.0022973,0.0022973,0.0022973
548,1842.02,3.50219,1.15986,0.93576,0.69464,0.48558,0.55722,0.23841,4.35751,1.25511,0.92153,0.00229235,0.00229235,0.00229235
549,1845.41,3.6958,1.17888,0.92577,0.69273,0.49367,0.56074,0.2384,4.3491,1.24581,0.92251,0.0022874,0.0022874,0.0022874
550,1848.87,4.0016,1.23485,0.95155,0.6876,0.48641,0.55388,0.23252,4.3577,1.27479,0.92504,0.00228245,0.00228245,0.00228245
551,1852.18,3.33419,1.08612,0.96642,0.69132,0.479,0.54882,0.23513,4.38561,1.29872,0.92617,0.0022775,0.0022775,0.0022775
552,1855.35,4.49129,1.30078,0.91463,0.65775,0.4919,0.54633,0.23016,4.42145,1.2636,0.92715,0.00227255,0.00227255,0.00227255
553,1858.32,3.56681,1.13827,0.93547,0.62634,0.47048,0.51872,0.20195,4.63623,1.28884,0.93694,0.0022676,0.0022676,0.0022676
554,1861.88,3.85921,1.18995,0.98995,0.65217,0.4779,0.53858,0.22605,4.44249,1.30755,0.92988,0.00226265,0.00226265,0.00226265
555,1865.16,3.9002,1.26224,0.94728,0.65368,0.46774,0.53613,0.22824,4.43331,1.38729,0.92973,0.0022577,0.0022577,0.0022577
556,1868.55,3.69741,1.19605,0.95265,0.66697,0.46142,0.53345,0.22867,4.4211,1.3232,0.92836,0.00225275,0.00225275,0.00225275
557,1871.75,4.08311,1.19946,0.90746,0.68191,0.46705,0.54029,0.23317,4.41238,1.2776,0.92848,0.0022478,0.0022478,0.0022478
558,1875.02,4.23024,1.1881,0.90377,0.69269,0.46252,0.53405,0.22224,4.57127,1.28278,0.93888,0.00224285,0.00224285,0.00224285
559,1878.35,4.56734,1.32157,0.91085,0.69177,0.48119,0.55026,0.23677,4.36201,1.25767,0.93064,0.0022379,0.0022379,0.0022379
560,1881.84,3.77406,1.20857,0.93935,0.68613,0.48957,0.55441,0.24077,4.26085,1.26413,0.92775,0.00223295,0.00223295,0.00223295
561,1884.91,3.65508,1.24534,0.94017,0.67911,0.48092,0.5463,0.24101,4.30201,1.27841,0.92742,0.002228,0.002228,0.002228
562,1888.12,3.45926,1.14817,0.99872,0.67537,0.46774,0.53674,0.23791,4.34091,1.31025,0.92569,0.00222305,0.00222305,0.00222305
563,1891.62,3.58936,1.14539,0.9671,0.68169,0.4669,0.53836,0.23582,4.37372,1.29364,0.92512,0.0022181,0.0022181,0.0022181
564,1894.82,3.97087,1.23901,0.91689,0.68439,0.45854,0.52718,0.21538,4.63512,1.33972,0.93325,0.00221315,0.00221315,0.00221315
565,1898.16,3.55411,1.18065,0.93923,0.6862,0.47996,0.54806,0.23332,4.46393,1.28745,0.9266,0.0022082,0.0022082,0.0022082
566,1901.82,3.65106,1.18768,0.95772,0.68161,0.48284,0.55119,0.23141,4.47919,1.28044,0.92973,0.00220325,0.00220325,0.00220325
567,1904.95,3.82777,1.20334,0.93557,0.68447,0.48284,0.54869,0.22977,4.48544,1.28621,0.93286,0.0021983,0.0021983,0.0021983
568,1908.33,3.66055,1.20567,0.95853,0.67276,0.49619,0.55566,0.23478,4.41898,1.27903,0.9323,0.00219335,0.00219335,0.00219335
569,1911.84,3.89813,1.18766,0.95784,0.67078,0.49163,0.55235,0.23463,4.40277,1.26927,0.93003,0.0021884,0.0021884,0.0021884
570,1915.21,4.25686,1.31756,0.92471,0.66828,0.49602,0.55448,0.23718,4.42948,1.27615,0.9264,0.00218345,0.00218345,0.00218345
571,1918.74,3.56732,1.19828,0.95445,0.67449,0.49015,0.55418,0.23721,4.41684,1.26372,0.92685,0.0021785,0.0021785,0.0021785
572,1922.04,4.16668,1.33545,0.97608,0.6761,0.4816,0.54833,0.23191,4.38842,1.26356,0.92693,0.00217355,0.00217355,0.00217355
573,1925.58,3.74372,1.22921,0.97418,0.68138,0.47295,0.54519,0.23497,4.347,1.26064,0.92306,0.0021686,0.0021686,0.0021686
574,1928.86,3.30694,1.09428,0.99815,0.69599,0.47774,0.55491,0.23682,4.31735,1.24871,0.91836,0.00216365,0.00216365,0.00216365
575,1932.24,3.53823,1.1435,0.96463,0.70727,0.47698,0.55901,0.24007,4.28324,1.23721,0.91644,0.0021587,0.0021587,0.0021587
576,1935.53,3.76412,1.17205,0.95533,0.68583,0.46829,0.54308,0.23412,4.38347,1.28305,0.92232,0.00215375,0.00215375,0.00215375
577,1938.85,4.20275,1.26807,0.96514,0.69166,0.47227,0.54994,0.243,4.29091,1.28141,0.91905,0.0021488,0.0021488,0.0021488
578,1942.72,3.82274,1.19121,0.92454,0.69108,0.48256,0.55303,0.24057,4.25146,1.24092,0.91687,0.00214385,0.00214385,0.00214385
579,1946.03,3.68537,1.21199,0.92647,0.69098,0.4827,0.5556,0.2436,4.20913,1.29081,0.91542,0.0021389,0.0021389,0.0021389
580,1949.54,3.54535,1.15795,0.94764,0.68934,0.47982,0.55072,0.24241,4.22726,1.32372,0.91676,0.00213395,0.00213395,0.00213395
581,1952.74,3.76703,1.18769,0.92451,0.67894,0.48223,0.54737,0.23911,4.29744,1.27895,0.91848,0.002129,0.002129,0.002129
582,1956.12,3.9007,1.20892,0.94588,0.66146,0.48627,0.54663,0.23481,4.42417,1.29172,0.92373,0.00212405,0.00212405,0.00212405
583,1959.55,3.46363,1.1715,0.95303,0.67341,0.48092,0.54653,0.23325,4.46402,1.30539,0.92524,0.0021191,0.0021191,0.0021191
584,1962.9,3.82668,1.2135,0.93042,0.69331,0.47543,0.55696,0.24134,4.34823,1.28031,0.92085,0.00211415,0.00211415,0.00211415
585,1966.14,3.86787,1.18804,0.92151,0.69765,0.46059,0.54679,0.23738,4.36181,1.28351,0.92316,0.0021092,0.0021092,0.0021092
586,1969.54,3.72162,1.19957,0.94547,0.69497,0.47241,0.55346,0.24054,4.33683,1.26952,0.92064,0.00210425,0.00210425,0.00210425
587,1972.93,4.82606,1.41973,0.91046,0.68391,0.49039,0.56296,0.24316,4.31217,1.25267,0.91855,0.0020993,0.0020993,0.0020993
588,1976.23,3.76616,1.2438,0.99923,0.68347,0.48929,0.55888,0.23775,4.42364,1.25552,0.92435,0.00209435,0.00209435,0.00209435
589,1979.35,4.02087,1.21471,0.9159,0.67267,0.4861,0.55119,0.23279,4.46879,1.2734,0.92624,0.0020894,0.0020894,0.0020894
590,1982.69,3.64723,1.14557,0.93952,0.6698,0.48407,0.54972,0.22945,4.44604,1.26757,0.92554,0.00208445,0.00208445,0.00208445
591,1986.04,3.56464,1.12158,0.93408,0.67209,0.49354,0.55642,0.23497,4.42747,1.27621,0.92321,0.0020795,0.0020795,0.0020795
592,1989.42,4.67837,1.40256,0.90746,0.66527,0.48487,0.5492,0.22547,4.4749,1.29171,0.92805,0.00207455,0.00207455,0.00207455
593,1992.73,3.61148,1.14286,0.97407,0.67682,0.48101,0.54618,0.2221,4.47234,1.27438,0.92654,0.0020696,0.0020696,0.0020696
594,1996.39,4.01201,1.19691,0.93336,0.68128,0.49302,0.5591,0.23796,4.4071,1.31446,0.92205,0.00206465,0.00206465,0.00206465
595,1999.77,3.59035,1.12217,0.9398,0.67533,0.49259,0.55747,0.23533,4.41124,1.33116,0.92407,0.0020597,0.0020597,0.0020597
596,2002.9,4.13273,1.20616,0.91001,0.6827,0.47858,0.55173,0.23381,4.42421,1.32975,0.92668,0.00205475,0.00205475,0.00205475
597,2006.27,3.65381,1.11287,0.91359,0.68852,0.46371,0.53963,0.23208,4.42885,1.34448,0.92805,0.0020498,0.0020498,0.0020498
598,2009.58,3.45918,1.13404,0.9643,0.67411,0.45717,0.53404,0.23348,4.37368,1.38108,0.92805,0.00204485,0.00204485,0.00204485
599,2012.65,3.78585,1.18793,0.9471,0.65996,0.46705,0.53856,0.23284,4.32641,1.36084,0.92527,0.0020399,0.0020399,0.0020399
600,2015.82,3.5732,1.1542,0.97657,0.67862,0.47954,0.55126,0.24078,4.30232,1.29929,0.92364,0.00203495,0.00203495,0.00203495
601,2019.05,3.8742,1.16431,0.93907,0.68512,0.4779,0.54708,0.23838,4.35041,1.30717,0.92428,0.00203,0.00203,0.00203
602,2022.14,4.04594,1.25746,0.93967,0.69171,0.48861,0.5613,0.24778,4.21143,1.27851,0.91822,0.00202505,0.00202505,0.00202505
603,2025.45,3.4606,1.14748,0.94065,0.69017,0.48682,0.55853,0.2457,4.20653,1.26228,0.91884,0.0020201,0.0020201,0.0020201
604,2028.89,3.72826,1.15764,0.91282,0.68561,0.48064,0.55286,0.24097,4.28988,1.24915,0.92124,0.00201515,0.00201515,0.00201515
605,2032.31,3.96963,1.22196,0.95924,0.6784,0.48092,0.5502,0.23639,4.32094,1.24795,0.92201,0.0020102,0.0020102,0.0020102
606,2035.6,3.28807,1.10472,0.96455,0.66489,0.46746,0.5388,0.23433,4.33077,1.25363,0.92253,0.00200525,0.00200525,0.00200525
607,2038.87,3.73005,1.19685,1.00597,0.67584,0.45016,0.5258,0.22219,4.54026,1.30658,0.93203,0.0020003,0.0020003,0.0020003
608,2042.23,4.30518,1.28775,0.92614,0.6587,0.46686,0.5352,0.23097,4.40119,1.28398,0.9235,0.00199535,0.00199535,0.00199535
609,2045.7,3.96696,1.2123,0.91873,0.64215,0.46403,0.5272,0.21717,4.47099,1.27461,0.92779,0.0019904,0.0019904,0.0019904
610,2049.05,3.97954,1.20611,0.91036,0.66635,0.49931,0.56003,0.23667,4.42208,1.26216,0.92521,0.00198545,0.00198545,0.00198545
611,2052.28,3.55596,1.11052,0.94432,0.66956,0.48988,0.54908,0.22776,4.51891,1.29007,0.92525,0.0019805,0.0019805,0.0019805
612,2055.43,3.69829,1.19033,0.94427,0.6834,0.4863,0.55676,0.23375,4.50727,1.30954,0.92625,0.00197555,0.00197555,0.00197555
613,2058.75,3.82065,1.19174,0.93613,0.67309,0.48888,0.55322,0.22889,4.43459,1.32652,0.92336,0.0019706,0.0019706,0.0019706
614,2062.12,3.95596,1.31189,1.01123,0.65987,0.46348,0.53018,0.2139,4.41643,1.32168,0.92255,0.00196565,0.00196565,0.00196565
615,2065.28,3.82309,1.22201,0.93903,0.69932,0.48311,0.55972,0.24478,4.28361,1.27593,0.91943,0.0019607,0.0019607,0.0019607
616,2068.81,3.68563,1.19699,0.98252,0.69751,0.4897,0.56483,0.25022,4.28203,1.2532,0.91734,0.00195575,0.00195575,0.00195575
617,2072.34,3.44299,1.16323,0.9911,0.69199,0.47694,0.55622,0.2355,4.37248,1.26697,0.92259,0.0019508,0.0019508,0.0019508
618,2075.69,4.45005,1.34765,0.90227,0.67301,0.4746,0.54698,0.23168,4.33063,1.26159,0.91811,0.00194585,0.00194585,0.00194585
619,2079.29,4.13313,1.27942,0.94144,0.67698,0.48902,0.55897,0.24452,4.24267,1.24689,0.91474,0.0019409,0.0019409,0.0019409
620,2082.64,3.97164,1.20093,0.90145,0.67845,0.48792,0.55224,0.2347,4.22313,1.23027,0.91202,0.00193595,0.00193595,0.00193595
621,2086.22,3.78611,1.19622,0.92743,0.65279,0.47405,0.53226,0.21219,4.39705,1.25608,0.91907,0.001931,0.001931,0.001931
622,2089.34,3.79401,1.15565,0.93767,0.68456,0.49398,0.56174,0.24451,4.1963,1.21931,0.91242,0.00192605,0.00192605,0.00192605
623,2092.68,3.59285,1.09658,0.93951,0.68858,0.49492,0.56143,0.24491,4.22885,1.22563,0.91361,0.0019211,0.0019211,0.0019211
624,2095.92,3.61693,1.13881,0.95433,0.66922,0.49053,0.54698,0.23163,4.31948,1.24133,0.91697,0.00191615,0.00191615,0.00191615
625,2099.17,3.51328,1.14081,0.9634,0.675,0.49108,0.55052,0.23204,4.32569,1.23667,0.9181,0.0019112,0.0019112,0.0019112
626,2102.38,3.56082,1.15525,0.97966,0.70524,0.49106,0.56312,0.24811,4.26221,1.22884,0.91751,0.00190625,0.00190625,0.00190625
627,2105.69,3.74489,1.15552,0.92495,0.70461,0.49514,0.56828,0.2514,4.22898,1.2285,0.91583,0.0019013,0.0019013,0.0019013
628,2108.98,4.19577,1.25178,0.89375,0.70401,0.50055,0.57441,0.25341,4.22351,1.24698,0.91679,0.00189635,0.00189635,0.00189635
629,2112.43,3.90547,1.18962,0.9551,0.71002,0.49176,0.56726,0.2487,4.30801,1.26241,0.92054,0.0018914,0.0018914,0.0018914
630,2115.63,3.80986,1.19602,0.92014,0.71017,0.49094,0.56569,0.24509,4.33577,1.25923,0.92213,0.00188645,0.00188645,0.00188645
631,2118.93,4.10614,1.31286,0.95945,0.70285,0.49368,0.56486,0.24845,4.27809,1.24427,0.9191,0.0018815,0.0018815,0.0018815
632,2122.47,3.19583,1.04769,0.94695,0.67776,0.48737,0.54986,0.23639,4.40126,1.29849,0.92321,0.00187655,0.00187655,0.00187655
633,2125.72,4.08891,1.24675,0.87847,0.67206,0.48982,0.55237,0.24009,4.3458,1.29853,0.92017,0.0018716,0.0018716,0.0018716
634,2129.09,3.58517,1.14514,0.93903,0.67768,0.49396,0.55434,0.23805,4.40268,1.29867,0.92261,0.00186665,0.00186665,0.00186665
635,2132.37,3.60783,1.15735,0.97305,0.67582,0.49972,0.55665,0.23738,4.40422,1.2767,0.92552,0.0018617,0.0018617,0.0018617
636,2136.04,4.01448,1.19111,0.8801,0.69081,0.49874,0.56085,0.24353,4.33568,1.24581,0.92198,0.00185675,0.00185675,0.00185675
637,2139.3,3.69335,1.20721,0.91976,0.69259,0.50041,0.5657,0.25013,4.26174,1.23031,0.91848,0.0018518,0.0018518,0.0018518
638,2142.96,4.20127,1.26842,0.96349,0.69599,0.50659,0.57375,0.25258,4.24795,1.23155,0.91704,0.00184685,0.00184685,0.00184685
639,2146.25,4.10705,1.24438,0.90697,0.70754,0.49533,0.57019,0.24859,4.29639,1.2451,0.91989,0.0018419,0.0018419,0.0018419
640,2149.71,3.45208,1.10215,0.94101,0.68926,0.49108,0.56378,0.24568,4.30744,1.29,0.92201,0.00183695,0.00183695,0.00183695
641,2152.91,3.87156,1.15866,0.92887,0.69956,0.4989,0.57243,0.24971,4.26039,1.30243,0.91977,0.001832,0.001832,0.001832
642,2156.58,3.50401,1.1442,0.95981,0.6967,0.5081,0.57865,0.25585,4.18133,1.26114,0.91442,0.00182705,0.00182705,0.00182705
643,2159.82,3.66913,1.14658,0.91585,0.6895,0.51003,0.57489,0.25404,4.16753,1.22802,0.91305,0.0018221,0.0018221,0.0018221
644,2163.13,4.24353,1.22376,0.88544,0.68222,0.50069,0.56549,0.24107,4.24847,1.22842,0.91691,0.00181715,0.00181715,0.00181715
645,2166.39,4.39859,1.33728,0.88414,0.69267,0.50371,0.57317,0.24893,4.23641,1.23194,0.9176,0.0018122,0.0018122,0.0018122
646,2169.75,3.67131,1.13436,0.93569,0.67829,0.49986,0.56426,0.24356,4.31208,1.26635,0.92043,0.00180725,0.00180725,0.00180725
647,2173.36,3.65006,1.19191,0.94328,0.68667,0.48929,0.55794,0.24215,4.31122,1.27517,0.91993,0.0018023,0.0018023,0.0018023
648,2176.57,3.86172,1.19484,0.94754,0.68292,0.46499,0.53893,0.22906,4.46909,1.29863,0.92526,0.00179735,0.00179735,0.00179735
649,2179.75,3.42552,1.11516,0.94532,0.69079,0.47488,0.5535,0.23655,4.37151,1.27574,0.92213,0.0017924,0.0017924,0.0017924
650,2182.91,3.6495,1.15809,0.93651,0.69735,0.49121,0.56318,0.24553,4.28193,1.24062,0.91833,0.00178745,0.00178745,0.00178745
651,2186.13,3.67583,1.20042,0.95145,0.69201,0.49108,0.56031,0.24369,4.34857,1.25193,0.92305,0.0017825,0.0017825,0.0017825
652,2189.46,3.69108,1.16988,0.95647,0.67814,0.48188,0.54406,0.2316,4.45409,1.27348,0.92505,0.00177755,0.00177755,0.00177755
653,2192.81,3.32914,1.07428,0.94698,0.682,0.48957,0.553,0.23949,4.39002,1.26494,0.92192,0.0017726,0.0017726,0.0017726
654,2195.94,3.85871,1.17985,0.90063,0.69089,0.48531,0.55546,0.23729,4.44032,1.26587,0.92359,0.00176765,0.00176765,0.00176765
655,2199.61,3.51393,1.13107,0.94875,0.69224,0.49315,0.56735,0.2491,4.2621,1.23497,0.91579,0.0017627,0.0017627,0.0017627
656,2202.95,3.44951,1.11805,0.97338,0.6857,0.4927,0.56837,0.24726,4.25276,1.24027,0.91614,0.00175775,0.00175775,0.00175775
657,2206.24,3.75872,1.18275,0.9231,0.71841,0.4788,0.56958,0.25149,4.22939,1.23083,0.9165,0.0017528,0.0017528,0.0017528
658,2209.61,4.26676,1.27525,0.89933,0.68407,0.47889,0.55869,0.23357,4.27484,1.26574,0.91601,0.00174785,0.00174785,0.00174785
659,2212.92,3.57832,1.14339,0.96813,0.68372,0.47021,0.54672,0.21941,4.39372,1.30163,0.92168,0.0017429,0.0017429,0.0017429
660,2216.34,3.66732,1.11436,0.92968,0.67734,0.47501,0.54452,0.21813,4.40864,1.31987,0.92238,0.00173795,0.00173795,0.00173795
661,2219.55,3.93592,1.22367,0.93109,0.63542,0.44646,0.50462,0.18567,4.68704,1.36411,0.93107,0.001733,0.001733,0.001733
662,2222.68,3.37796,1.09472,0.93958,0.59003,0.40184,0.44445,0.14503,5.11354,1.40941,0.94589,0.00172805,0.00172805,0.00172805
663,2225.79,3.82147,1.18961,0.88217,0.60543,0.4282,0.46825,0.16076,4.94265,1.36644,0.94102,0.0017231,0.0017231,0.0017231
664,2229.13,3.5036,1.13143,0.95256,0.65009,0.48572,0.53954,0.21861,4.38787,1.28295,0.92207,0.00171815,0.00171815,0.00171815
665,2231.96,4.21751,1.27068,0.92207,0.63586,0.47254,0.52337,0.20077,4.56733,1.33057,0.92782,0.0017132,0.0017132,0.0017132
666,2235.22,4.25185,1.30169,0.95399,0.64932,0.47383,0.53069,0.21008,4.49249,1.3122,0.9265,0.00170825,0.00170825,0.00170825
667,2238.63,3.44392,1.09958,0.96189,0.683,0.48902,0.55705,0.23725,4.2852,1.27172,0.91812,0.0017033,0.0017033,0.0017033
668,2241.97,3.90984,1.19154,0.9395,0.68673,0.48298,0.55493,0.23444,4.34546,1.2583,0.92093,0.00169835,0.00169835,0.00169835
669,2245.48,3.69774,1.13901,0.96494,0.67267,0.47002,0.53934,0.22138,4.45305,1.27483,0.92586,0.0016934,0.0016934,0.0016934
670,2248.69,3.62251,1.0965,0.90439,0.65565,0.46477,0.5293,0.20862,4.61276,1.28761,0.933,0.00168845,0.00168845,0.00168845
671,2251.97,3.69126,1.15932,0.96934,0.6842,0.49327,0.56498,0.23778,4.41636,1.25451,0.925,0.0016835,0.0016835,0.0016835
672,2255.6,3.66484,1.16162,0.98972,0.6849,0.50491,0.57056,0.24422,4.3009,1.23481,0.9201,0.00167855,0.00167855,0.00167855
673,2258.76,4.72878,1.34248,0.91128,0.66724,0.4919,0.55348,0.22307,4.41955,1.24421,0.92558,0.0016736,0.0016736,0.0016736
674,2262.08,3.7034,1.1187,0.91956,0.68769,0.49794,0.56848,0.24945,4.19404,1.19785,0.91467,0.00166865,0.00166865,0.00166865
675,2265.55,3.93008,1.2087,0.92091,0.69767,0.49549,0.56908,0.25133,4.2143,1.2043,0.91562,0.0016637,0.0016637,0.0016637
676,2268.71,3.24787,1.07637,0.97129,0.69421,0.49231,0.56607,0.24592,4.24686,1.20821,0.91479,0.00165875,0.00165875,0.00165875
677,2271.87,3.34008,1.10283,0.99395,0.6959,0.49734,0.56908,0.24754,4.25569,1.21356,0.91529,0.0016538,0.0016538,0.0016538
678,2275.43,4.34371,1.29237,0.9055,0.68267,0.4871,0.55034,0.23309,4.43931,1.24859,0.92306,0.00164885,0.00164885,0.00164885
679,2278.78,3.72637,1.19152,0.92229,0.67418,0.47268,0.53319,0.22021,4.57052,1.27677,0.93038,0.0016439,0.0016439,0.0016439
680,2282.19,3.51797,1.10836,0.90157,0.69427,0.48759,0.55793,0.24737,4.27785,1.22982,0.91915,0.00163895,0.00163895,0.00163895
681,2285.46,3.41014,1.05711,0.90848,0.70378,0.49918,0.56878,0.25522,4.19388,1.20894,0.91406,0.001634,0.001634,0.001634
682,2288.74,4.19102,1.201,0.89264,0.71024,0.50563,0.57586,0.25349,4.24826,1.22326,0.91358,0.00162905,0.00162905,0.00162905
683,2291.87,4.00167,1.20352,0.87607,0.70808,0.50417,0.57488,0.25412,4.20883,1.21887,0.91215,0.0016241,0.0016241,0.0016241
684,2294.98,3.58226,1.16897,0.90993,0.70289,0.49368,0.56692,0.24533,4.29557,1.22138,0.91674,0.00161915,0.00161915,0.00161915
685,2298.48,4.17695,1.23049,0.89858,0.69953,0.49012,0.56053,0.24394,4.32683,1.23084,0.91754,0.0016142,0.0016142,0.0016142
686,2301.66,3.72701,1.12989,0.90233,0.70268,0.49771,0.56706,0.25083,4.24201,1.21596,0.91538,0.00160925,0.00160925,0.00160925
687,2304.9,3.22573,1.06566,0.93894,0.70971,0.49451,0.56742,0.25087,4.24916,1.21152,0.91586,0.0016043,0.0016043,0.0016043
688,2308.41,4.12836,1.20849,0.94003,0.70061,0.50041,0.56897,0.25063,4.22045,1.20226,0.91577,0.00159935,0.00159935,0.00159935
689,2311.55,3.46117,1.07436,0.96296,0.69361,0.50316,0.57415,0.25236,4.18465,1.19115,0.91348,0.0015944,0.0015944,0.0015944
690,2315.34,3.43309,1.10788,0.94987,0.68056,0.49451,0.56133,0.2434,4.32308,1.22696,0.91592,0.00158945,0.00158945,0.00158945
691,2318.7,3.34076,1.05692,0.93409,0.69432,0.48209,0.55389,0.23237,4.47532,1.26119,0.92328,0.0015845,0.0015845,0.0015845
692,2322.08,3.36151,1.04343,0.9167,0.69593,0.49574,0.56883,0.24587,4.31936,1.22146,0.91746,0.00157955,0.00157955,0.00157955
693,2325.05,3.68343,1.12294,0.89679,0.69347,0.49942,0.57225,0.25149,4.24924,1.21479,0.91455,0.0015746,0.0015746,0.0015746
694,2328.24,3.39582,1.12377,0.95952,0.69496,0.48105,0.5613,0.24496,4.38142,1.27413,0.92057,0.00156965,0.00156965,0.00156965
695,2331.52,3.80591,1.19037,0.92569,0.69963,0.48696,0.56672,0.24893,4.34608,1.25882,0.91785,0.0015647,0.0015647,0.0015647
696,2334.9,3.45259,1.09196,0.92155,0.68776,0.49368,0.56451,0.24106,4.38249,1.23313,0.92216,0.00155975,0.00155975,0.00155975
697,2338.2,4.23469,1.23726,0.86162,0.68739,0.49725,0.56314,0.23922,4.42697,1.2515,0.92503,0.0015548,0.0015548,0.0015548
698,2341.55,3.9336,1.15634,0.91098,0.6773,0.48764,0.54554,0.22598,4.57581,1.29537,0.92741,0.00154985,0.00154985,0.00154985
699,2345.19,3.86481,1.18297,0.94357,0.68902,0.49588,0.55943,0.238,4.45683,1.27285,0.92091,0.0015449,0.0015449,0.0015449
700,2348.77,3.91611,1.2118,0.93201,0.68797,0.4989,0.56906,0.24685,4.23618,1.21767,0.91167,0.00153995,0.00153995,0.00153995
701,2351.92,3.51297,1.13891,0.94432,0.69531,0.49039,0.56626,0.24588,4.23211,1.21247,0.91134,0.001535,0.001535,0.001535
702,2355.33,3.62426,1.12028,0.91705,0.69954,0.48806,0.56781,0.24836,4.27273,1.23833,0.91739,0.00153005,0.00153005,0.00153005
703,2358.59,3.80611,1.18442,0.95334,0.70618,0.48861,0.57194,0.2536,4.19209,1.23643,0.91367,0.0015251,0.0015251,0.0015251
704,2362.12,3.51018,1.14616,0.99874,0.63572,0.45354,0.51184,0.18764,4.76094,1.36953,0.93439,0.00152015,0.00152015,0.00152015
705,2365.29,4.39842,1.27618,0.90089,0.61611,0.44244,0.49501,0.17537,4.91917,1.41568,0.94326,0.0015152,0.0015152,0.0015152
706,2368.53,3.46245,1.13421,0.92532,0.67531,0.48457,0.55605,0.22927,4.40604,1.28804,0.92234,0.00151025,0.00151025,0.00151025
707,2372.25,3.33707,1.06796,0.93069,0.67854,0.50133,0.56879,0.2392,4.29986,1.23274,0.91547,0.0015053,0.0015053,0.0015053
708,2375.9,3.50792,1.09349,0.90961,0.64125,0.47392,0.53186,0.21091,4.47066,1.25518,0.91845,0.00150035,0.00150035,0.00150035
709,2379.41,3.43469,1.10633,0.95119,0.63168,0.45843,0.51466,0.19784,4.54928,1.27505,0.92014,0.0014954,0.0014954,0.0014954
710,2382.9,4.14233,1.22994,0.92453,0.67273,0.48819,0.5537,0.23492,4.22063,1.21688,0.90846,0.00149045,0.00149045,0.00149045
711,2385.88,3.17768,1.04435,0.93825,0.68724,0.50426,0.57179,0.25159,4.11704,1.20052,0.90513,0.0014855,0.0014855,0.0014855
712,2389.23,4.19712,1.24261,0.91753,0.69474,0.51208,0.58326,0.25819,4.14805,1.20563,0.90898,0.00148055,0.00148055,0.00148055
713,2392.67,3.49383,1.08879,0.93766,0.69389,0.5085,0.57867,0.25568,4.18014,1.20548,0.91148,0.0014756,0.0014756,0.0014756
714,2395.89,3.44934,1.05923,0.95328,0.68993,0.49025,0.56463,0.24447,4.22473,1.21331,0.91216,0.00147065,0.00147065,0.00147065
715,2399.16,3.39626,1.13806,0.96856,0.69034,0.4849,0.56222,0.24623,4.16925,1.21097,0.91032,0.0014657,0.0014657,0.0014657
716,2402.32,3.89687,1.18766,0.91844,0.69322,0.49094,0.56949,0.25862,4.09535,1.20304,0.90714,0.00146075,0.00146075,0.00146075
717,2405.7,4.02357,1.17365,0.8723,0.68888,0.49396,0.56897,0.25604,4.14136,1.20523,0.90913,0.0014558,0.0014558,0.0014558
718,2409.17,3.79111,1.14509,0.93657,0.69985,0.48531,0.56238,0.245,4.32117,1.24339,0.9176,0.00145085,0.00145085,0.00145085
719,2412.36,3.45921,1.12155,0.92656,0.69243,0.47378,0.5451,0.22823,4.54383,1.28844,0.92793,0.0014459,0.0014459,0.0014459
720,2415.8,4.00582,1.18078,0.92449,0.70289,0.49245,0.56426,0.24593,4.42555,1.2631,0.92522,0.00144095,0.00144095,0.00144095
721,2419.34,3.3999,1.13474,0.98301,0.69229,0.50549,0.57719,0.25601,4.24804,1.23153,0.91673,0.001436,0.001436,0.001436
722,2422.56,4.50568,1.3322,0.91607,0.69524,0.50423,0.57694,0.25476,4.18798,1.20554,0.91382,0.00143105,0.00143105,0.00143105
723,2425.89,3.87982,1.2393,0.92393,0.69245,0.49486,0.57037,0.25415,4.23595,1.20455,0.9146,0.0014261,0.0014261,0.0014261
724,2429.45,3.4627,1.11767,0.91731,0.69058,0.4595,0.53559,0.22417,4.50524,1.2593,0.92342,0.00142115,0.00142115,0.00142115
725,2432.78,3.44701,1.10452,0.95234,0.68371,0.47268,0.54655,0.23422,4.38721,1.25189,0.91839,0.0014162,0.0014162,0.0014162
726,2435.95,3.44043,1.12842,0.94958,0.70527,0.48292,0.56594,0.25022,4.24423,1.21965,0.91196,0.00141125,0.00141125,0.00141125
727,2439.26,3.42584,1.15537,0.92705,0.71489,0.48764,0.57256,0.25155,4.25225,1.20502,0.9117,0.0014063,0.0014063,0.0014063
728,2442.69,3.71464,1.16386,0.98039,0.71365,0.49012,0.57075,0.25181,4.26664,1.22203,0.91294,0.00140135,0.00140135,0.00140135
729,2445.99,3.60722,1.14456,0.92236,0.70409,0.49135,0.56867,0.25502,4.18923,1.21665,0.90968,0.0013964,0.0013964,0.0013964
730,2449.32,3.51504,1.1015,0.91943,0.6988,0.4908,0.56209,0.24403,4.35246,1.23971,0.91656,0.00139145,0.00139145,0.00139145
731,2452.6,3.50425,1.10729,0.95147,0.69714,0.47875,0.54688,0.22771,4.52754,1.27285,0.92407,0.0013865,0.0013865,0.0013865
732,2456.08,3.65194,1.10797,0.95815,0.69304,0.47295,0.54563,0.23001,4.45698,1.27398,0.92,0.00138155,0.00138155,0.00138155
733,2459.63,3.43273,1.06583,0.95186,0.69743,0.48806,0.56426,0.24474,4.30249,1.25076,0.91272,0.0013766,0.0013766,0.0013766
734,2462.98,4.10709,1.25668,0.91888,0.71398,0.48425,0.56929,0.251,4.26072,1.25728,0.91396,0.00137165,0.00137165,0.00137165
735,2466.47,3.42729,1.10016,0.96242,0.71765,0.47941,0.56262,0.24371,4.36773,1.26494,0.92035,0.0013667,0.0013667,0.0013667
736,2470.06,3.73677,1.13871,0.94684,0.7096,0.48944,0.56518,0.24339,4.36453,1.24054,0.92031,0.00136175,0.00136175,0.00136175
737,2473.27,3.45126,1.17028,1.00293,0.7035,0.49327,0.56552,0.24204,4.36485,1.24039,0.92168,0.0013568,0.0013568,0.0013568
738,2476.62,3.40564,1.07626,0.92678,0.69797,0.48796,0.5611,0.23558,4.44389,1.26344,0.92447,0.00135185,0.00135185,0.00135185
739,2479.81,4.08996,1.24569,0.9386,0.69968,0.49354,0.56729,0.23905,4.41856,1.2559,0.92255,0.0013469,0.0013469,0.0013469
740,2482.88,3.72954,1.1421,0.90234,0.69289,0.49712,0.57329,0.25006,4.21526,1.23146,0.91344,0.00134195,0.00134195,0.00134195
741,2486.45,3.99643,1.1768,0.91908,0.69928,0.50696,0.58152,0.25819,4.14586,1.22372,0.91055,0.001337,0.001337,0.001337
742,2490.15,4.07392,1.24621,0.93781,0.70401,0.50769,0.57991,0.25646,4.1602,1.21674,0.91134,0.00133205,0.00133205,0.00133205
743,2493.37,4.08946,1.20859,0.88459,0.69944,0.50481,0.58,0.25475,4.16229,1.21507,0.9122,0.0013271,0.0013271,0.0013271
744,2496.7,3.30016,1.08007,0.95243,0.70566,0.4989,0.5765,0.2507,4.16032,1.19762,0.91041,0.00132215,0.00132215,0.00132215
745,2499.84,3.4857,1.05231,0.9217,0.71361,0.49843,0.57878,0.25357,4.15375,1.18444,0.90986,0.0013172,0.0013172,0.0013172
746,2503.38,3.42022,1.06819,0.91038,0.71117,0.50232,0.58112,0.2555,4.14616,1.18252,0.90891,0.00131225,0.00131225,0.00131225
747,2506.5,3.98684,1.15179,0.90617,0.70759,0.50426,0.58076,0.25713,4.12573,1.17987,0.90817,0.0013073,0.0013073,0.0013073
748,2509.72,3.66347,1.10646,0.9131,0.71186,0.50063,0.57432,0.2533,4.26092,1.2035,0.914,0.00130235,0.00130235,0.00130235
749,2513.14,3.58237,1.13945,0.99306,0.71339,0.50178,0.57527,0.25267,4.28073,1.21236,0.91458,0.0012974,0.0012974,0.0012974
750,2516.72,3.72571,1.11141,0.94994,0.70122,0.49931,0.57471,0.25102,4.24928,1.20653,0.91535,0.00129245,0.00129245,0.00129245
751,2520.09,3.4606,1.08031,0.94717,0.7043,0.50412,0.57815,0.25175,4.25995,1.20944,0.91607,0.0012875,0.0012875,0.0012875
752,2523.55,3.49696,1.13289,0.97914,0.7104,0.49372,0.5677,0.23999,4.41649,1.24156,0.92271,0.00128255,0.00128255,0.00128255
753,2526.89,3.98139,1.1649,0.90796,0.70486,0.48407,0.55778,0.23616,4.43891,1.24355,0.92435,0.0012776,0.0012776,0.0012776
754,2530.38,3.7322,1.16104,0.90994,0.70664,0.49374,0.5745,0.25239,4.19928,1.24124,0.91467,0.00127265,0.00127265,0.00127265
755,2533.6,3.81455,1.16783,0.90238,0.6987,0.48847,0.56809,0.24555,4.20033,1.24867,0.91447,0.0012677,0.0012677,0.0012677
756,2536.82,4.11816,1.20701,0.92272,0.71209,0.48792,0.57033,0.24959,4.27089,1.22466,0.91487,0.00126275,0.00126275,0.00126275
757,2540.14,3.23911,1.03955,0.9413,0.71526,0.48504,0.56696,0.24337,4.38917,1.23968,0.91973,0.0012578,0.0012578,0.0012578
758,2543.48,3.55915,1.13751,0.93095,0.70471,0.49698,0.57429,0.24965,4.28284,1.22927,0.91501,0.00125285,0.00125285,0.00125285
759,2546.94,3.59446,1.10107,0.93458,0.69493,0.50255,0.57735,0.24963,4.20475,1.22728,0.91293,0.0012479,0.0012479,0.0012479
760,2550.27,3.91246,1.14615,0.89944,0.69408,0.50728,0.58012,0.25704,4.11892,1.24208,0.91124,0.00124295,0.00124295,0.00124295
761,2553.49,3.36341,1.08542,0.96362,0.70736,0.50342,0.58061,0.26205,4.12001,1.23613,0.91191,0.001238,0.001238,0.001238
762,2557.09,3.62041,1.08216,0.89619,0.69252,0.50276,0.57774,0.25792,4.16705,1.21802,0.91372,0.00123305,0.00123305,0.00123305
763,2560.65,3.94559,1.16982,0.92001,0.68765,0.50357,0.57885,0.25713,4.14977,1.19931,0.91384,0.0012281,0.0012281,0.0012281
764,2563.85,3.86433,1.15445,0.89506,0.67464,0.49162,0.5618,0.24249,4.21908,1.20587,0.91439,0.00122315,0.00122315,0.00122315
765,2567.13,3.42203,1.08463,0.97169,0.69036,0.49259,0.56858,0.25061,4.16944,1.19289,0.9124,0.0012182,0.0012182,0.0012182
766,2570.59,3.47842,1.08219,0.90657,0.71795,0.50113,0.58252,0.25581,4.21441,1.18951,0.91332,0.00121325,0.00121325,0.00121325
767,2573.94,3.78556,1.13566,0.9564,0.71803,0.49794,0.57837,0.25166,4.27995,1.20637,0.91748,0.0012083,0.0012083,0.0012083
768,2577.41,3.75772,1.16944,0.92992,0.71399,0.4838,0.56791,0.24772,4.32862,1.2384,0.9193,0.00120335,0.00120335,0.00120335
769,2580.63,3.79954,1.21582,0.93269,0.7101,0.48764,0.56863,0.24866,4.29908,1.24458,0.91755,0.0011984,0.0011984,0.0011984
770,2584.06,3.80631,1.18224,0.91441,0.71091,0.49739,0.57468,0.25259,4.24107,1.21876,0.91339,0.00119345,0.00119345,0.00119345
771,2587.22,3.46113,1.08811,0.9279,0.71947,0.50467,0.58128,0.25476,4.22083,1.20455,0.91179,0.0011885,0.0011885,0.0011885
772,2590.94,3.22575,1.06507,0.96912,0.72176,0.50453,0.57966,0.25328,4.25363,1.24371,0.91267,0.00118355,0.00118355,0.00118355
773,2594.19,3.57313,1.13109,0.94944,0.71907,0.50192,0.57555,0.25043,4.31628,1.28155,0.915,0.0011786,0.0011786,0.0011786
774,2597.37,3.18323,1.0379,0.94351,0.71788,0.49676,0.57796,0.25108,4.28508,1.27694,0.91143,0.00117365,0.00117365,0.00117365
775,2600.88,3.90264,1.18852,0.9174,0.71403,0.49794,0.57757,0.24999,4.30865,1.25873,0.91171,0.0011687,0.0011687,0.0011687
776,2604.29,3.3825,1.05993,0.93772,0.70248,0.48792,0.56432,0.23795,4.43792,1.27729,0.91883,0.00116375,0.00116375,0.00116375
777,2607.31,3.4103,1.11108,0.95081,0.70223,0.48888,0.56662,0.24101,4.38719,1.25833,0.91788,0.0011588,0.0011588,0.0011588
778,2610.57,3.66248,1.11009,0.89812,0.71213,0.50434,0.58078,0.2594,4.17628,1.20148,0.91254,0.00115385,0.00115385,0.00115385
779,2613.97,3.49675,1.11658,0.95696,0.70711,0.50481,0.57867,0.25696,4.18557,1.20181,0.91397,0.0011489,0.0011489,0.0011489
780,2617.31,3.83466,1.19706,1.01006,0.71043,0.49588,0.57251,0.25638,4.19492,1.21149,0.91614,0.00114395,0.00114395,0.00114395
781,2620.66,3.40333,1.12817,0.9626,0.70942,0.49259,0.56849,0.25656,4.18205,1.21268,0.91476,0.001139,0.001139,0.001139
782,2624.24,3.62825,1.13977,0.91372,0.70008,0.48943,0.56359,0.24708,4.23954,1.21612,0.91361,0.00113405,0.00113405,0.00113405
783,2627.61,3.51808,1.08211,0.93519,0.70214,0.49149,0.56442,0.24911,4.24922,1.21061,0.91247,0.0011291,0.0011291,0.0011291
784,2631,3.93289,1.19071,0.88092,0.69583,0.4897,0.56561,0.24806,4.31047,1.22463,0.91348,0.00112415,0.00112415,0.00112415
785,2634.39,3.63127,1.10438,0.9123,0.69674,0.49142,0.56831,0.2477,4.23683,1.20697,0.91115,0.0011192,0.0011192,0.0011192
786,2637.62,3.90431,1.16082,0.88211,0.67578,0.49108,0.55694,0.22676,4.30954,1.20589,0.91233,0.00111425,0.00111425,0.00111425
787,2640.7,3.93662,1.1959,0.93203,0.68912,0.5009,0.57156,0.24054,4.17505,1.19968,0.90676,0.0011093,0.0011093,0.0011093
788,2644.09,3.77376,1.10818,0.87693,0.70843,0.50969,0.58694,0.26176,4.06036,1.18828,0.90862,0.00110435,0.00110435,0.00110435
789,2647.44,3.60268,1.13041,0.91144,0.71234,0.51181,0.58814,0.26145,4.09993,1.18551,0.9088,0.0010994,0.0010994,0.0010994
790,2650.65,3.73432,1.13988,0.96379,0.70579,0.51148,0.58585,0.26311,4.11181,1.17793,0.90816,0.00109445,0.00109445,0.00109445
791,2653.86,3.27888,1.04178,0.92175,0.70978,0.50384,0.58394,0.25927,4.13666,1.18352,0.90876,0.0010895,0.0010895,0.0010895
792,2657.46,4.14352,1.25649,0.90341,0.71374,0.49532,0.57832,0.25923,4.20728,1.20694,0.91206,0.00108455,0.00108455,0.00108455
793,2660.8,3.7582,1.15306,0.93112,0.711,0.49448,0.57802,0.25877,4.22085,1.21543,0.91274,0.0010796,0.0010796,0.0010796
794,2664.12,3.39122,1.07481,0.90652,0.7106,0.50059,0.58385,0.25517,4.20077,1.20731,0.91281,0.00107465,0.00107465,0.00107465
795,2667.21,3.44715,1.1344,0.90496,0.7044,0.50871,0.58583,0.25425,4.21689,1.21135,0.91362,0.0010697,0.0010697,0.0010697
796,2670.54,3.50642,1.11555,0.94278,0.69531,0.49343,0.56883,0.24604,4.31357,1.24494,0.91772,0.00106475,0.00106475,0.00106475
797,2673.74,3.45641,1.12367,0.95442,0.68653,0.49149,0.56372,0.24143,4.37311,1.26004,0.92093,0.0010598,0.0010598,0.0010598
798,2676.89,3.44424,1.11349,0.94083,0.69613,0.50618,0.58221,0.25461,4.20008,1.21285,0.91333,0.00105485,0.00105485,0.00105485
799,2680.26,3.35733,1.0894,0.95163,0.67997,0.50082,0.57034,0.24403,4.22884,1.20388,0.91294,0.0010499,0.0010499,0.0010499
800,2683.3,3.6687,1.11076,0.9314,0.69725,0.5022,0.57754,0.25037,4.19678,1.19427,0.91057,0.00104495,0.00104495,0.00104495
801,2686.68,3.604,1.15772,0.87928,0.72972,0.5015,0.58575,0.26091,4.17001,1.19415,0.91121,0.00104,0.00104,0.00104
802,2690.43,3.93745,1.17462,0.94439,0.72021,0.48626,0.56239,0.24219,4.38267,1.22385,0.92118,0.00103505,0.00103505,0.00103505
803,2693.74,3.62772,1.09923,0.92723,0.72039,0.4913,0.57057,0.24979,4.30171,1.21067,0.91752,0.0010301,0.0010301,0.0010301
804,2697.02,3.58626,1.09385,0.91177,0.72236,0.50041,0.58383,0.25621,4.14179,1.1906,0.91083,0.00102515,0.00102515,0.00102515
805,2700.29,3.94834,1.15414,0.90954,0.70809,0.49945,0.57645,0.24689,4.18698,1.19646,0.91207,0.0010202,0.0010202,0.0010202
806,2703.61,4.02441,1.18368,0.90313,0.70558,0.51043,0.58955,0.26198,4.09985,1.17896,0.909,0.00101525,0.00101525,0.00101525
807,2706.9,3.71339,1.16251,0.91045,0.70538,0.51538,0.58802,0.26606,4.12125,1.18387,0.90971,0.0010103,0.0010103,0.0010103
808,2710.55,3.74716,1.10858,0.92025,0.69059,0.49561,0.56261,0.24199,4.34135,1.23283,0.91856,0.00100535,0.00100535,0.00100535
809,2713.79,3.83995,1.18192,0.93753,0.69359,0.49918,0.56574,0.24777,4.28744,1.2225,0.91663,0.0010004,0.0010004,0.0010004
810,2717.37,3.43203,1.09579,0.94333,0.69344,0.51016,0.57969,0.25866,4.1609,1.20319,0.90966,0.00099545,0.00099545,0.00099545
811,2720.67,3.95296,1.18275,0.93394,0.69885,0.49891,0.57465,0.24922,4.21145,1.2095,0.91012,0.0009905,0.0009905,0.0009905
812,2724.04,2.98291,1.04539,0.95811,0.69759,0.49024,0.57083,0.25093,4.19779,1.20948,0.90878,0.00098555,0.00098555,0.00098555
813,2727.41,3.76587,1.17655,0.93155,0.71314,0.4966,0.58228,0.25958,4.13772,1.20092,0.90647,0.0009806,0.0009806,0.0009806
814,2730.91,3.60674,1.07908,0.90703,0.70922,0.51016,0.58879,0.26372,4.12555,1.1962,0.90562,0.00097565,0.00097565,0.00097565
815,2734.35,3.35795,1.05988,0.96762,0.71296,0.50988,0.58933,0.25924,4.15129,1.19525,0.90679,0.0009707,0.0009707,0.0009707
816,2737.59,3.71399,1.14376,0.92147,0.70168,0.5129,0.58774,0.25525,4.24368,1.20356,0.91062,0.00096575,0.00096575,0.00096575
817,2740.74,3.24121,1.03141,0.93513,0.70605,0.50851,0.5809,0.25297,4.30261,1.2126,0.91275,0.0009608,0.0009608,0.0009608
818,2744.04,3.36893,1.11038,0.95654,0.70259,0.50192,0.57643,0.25594,4.28313,1.20655,0.91518,0.00095585,0.00095585,0.00095585
819,2747.41,3.44941,1.11013,0.95811,0.71274,0.49684,0.57652,0.26023,4.14751,1.17943,0.90866,0.0009509,0.0009509,0.0009509
820,2751.01,3.837,1.18882,0.89282,0.7036,0.48957,0.5723,0.25143,4.1125,1.18065,0.90759,0.00094595,0.00094595,0.00094595
821,2754.41,3.51257,1.08692,0.93792,0.70037,0.49286,0.57448,0.25253,4.13887,1.17972,0.9091,0.000941,0.000941,0.000941
822,2757.95,3.71982,1.16459,0.94407,0.70503,0.49794,0.5776,0.26054,4.1202,1.17114,0.90928,0.00093605,0.00093605,0.00093605
823,2761.19,3.52417,1.052,0.89427,0.72348,0.49138,0.57984,0.26298,4.08939,1.17224,0.90898,0.0009311,0.0009311,0.0009311
824,2764.59,3.51367,1.09652,0.94032,0.72689,0.48545,0.58103,0.26238,4.05077,1.17573,0.90703,0.00092615,0.00092615,0.00092615
825,2767.86,3.42065,1.0696,0.91347,0.71754,0.49175,0.57969,0.25612,4.09637,1.18211,0.90871,0.0009212,0.0009212,0.0009212
826,2771.07,3.30349,1.0372,0.90946,0.71685,0.4978,0.58619,0.25901,4.14692,1.18333,0.9094,0.00091625,0.00091625,0.00091625
827,2774.54,3.9077,1.16607,0.9185,0.7252,0.50494,0.59045,0.26207,4.16746,1.19014,0.91008,0.0009113,0.0009113,0.0009113
828,2777.77,3.68315,1.10389,0.90156,0.7172,0.50824,0.58834,0.26062,4.2271,1.19842,0.91204,0.00090635,0.00090635,0.00090635
829,2781,3.62644,1.07957,0.89252,0.71848,0.50981,0.58978,0.26248,4.19263,1.19411,0.91063,0.0009014,0.0009014,0.0009014
830,2784.45,3.25905,1.05996,0.95598,0.71136,0.50426,0.58825,0.26126,4.1551,1.18771,0.90882,0.00089645,0.00089645,0.00089645
831,2787.82,3.35661,1.05026,0.93648,0.71972,0.50411,0.58866,0.26151,4.17389,1.18879,0.90992,0.0008915,0.0008915,0.0008915
832,2791.44,3.58353,1.11946,0.93399,0.70043,0.49121,0.56889,0.24826,4.36299,1.23084,0.91713,0.00088655,0.00088655,0.00088655
833,2794.62,4.29692,1.25801,0.91278,0.68983,0.4827,0.55478,0.23876,4.45513,1.25291,0.92087,0.0008816,0.0008816,0.0008816
834,2797.93,3.31953,1.05223,0.91833,0.69623,0.4897,0.56637,0.2519,4.2668,1.22233,0.91362,0.00087665,0.00087665,0.00087665
835,2801.11,3.92449,1.17296,0.91619,0.71198,0.49312,0.57578,0.2563,4.2022,1.20999,0.91004,0.0008717,0.0008717,0.0008717
836,2804.83,3.4311,1.07775,0.93661,0.71207,0.49657,0.57876,0.25489,4.22365,1.20161,0.91015,0.00086675,0.00086675,0.00086675
837,2808.21,3.80297,1.16011,0.91819,0.71855,0.4919,0.5787,0.25597,4.22737,1.19737,0.91027,0.0008618,0.0008618,0.0008618
838,2811.47,3.22966,1.00659,0.91222,0.71675,0.50206,0.58628,0.26166,4.17078,1.17691,0.90728,0.00085685,0.00085685,0.00085685
839,2814.92,3.58123,1.13139,0.94012,0.71834,0.50755,0.59079,0.26374,4.15096,1.1722,0.90725,0.0008519,0.0008519,0.0008519
840,2818.5,3.89912,1.12497,0.87743,0.70788,0.51249,0.59029,0.25947,4.19037,1.17851,0.9082,0.00084695,0.00084695,0.00084695
841,2821.62,3.82388,1.1528,0.90588,0.70537,0.51496,0.58966,0.26016,4.20772,1.18231,0.90942,0.000842,0.000842,0.000842
842,2824.81,3.7205,1.13112,0.92123,0.71127,0.51414,0.59114,0.26204,4.18588,1.18326,0.90973,0.00083705,0.00083705,0.00083705
843,2828.06,3.84511,1.13861,0.88547,0.71345,0.51784,0.59527,0.26431,4.1501,1.17752,0.90908,0.0008321,0.0008321,0.0008321
844,2831.77,4.25396,1.2743,0.93761,0.72128,0.50741,0.58982,0.26269,4.16519,1.19184,0.91051,0.00082715,0.00082715,0.00082715
845,2834.88,3.46486,1.09164,0.91704,0.71948,0.51056,0.58847,0.26121,4.191,1.20273,0.91092,0.0008222,0.0008222,0.0008222
846,2838.13,3.96602,1.18468,0.9595,0.71826,0.50783,0.58807,0.26035,4.20001,1.20177,0.91106,0.00081725,0.00081725,0.00081725
847,2841.26,4.28078,1.20507,0.87637,0.71194,0.50865,0.58674,0.2589,4.2176,1.19706,0.91242,0.0008123,0.0008123,0.0008123
848,2844.46,3.34591,1.07053,0.93534,0.71563,0.50857,0.5858,0.25921,4.23859,1.18754,0.91335,0.00080735,0.00080735,0.00080735
849,2847.8,3.61378,1.13814,0.95623,0.72092,0.50465,0.58406,0.25875,4.24,1.18433,0.91264,0.0008024,0.0008024,0.0008024
850,2851.19,2.98421,0.99034,0.94612,0.71208,0.50824,0.58222,0.25826,4.22155,1.18318,0.91056,0.00079745,0.00079745,0.00079745
851,2854.5,2.96753,1.00489,0.94448,0.71177,0.50645,0.57988,0.25698,4.22835,1.18307,0.91066,0.0007925,0.0007925,0.0007925
852,2857.99,3.34315,1.02621,0.89663,0.70721,0.50603,0.58195,0.25733,4.22909,1.18414,0.91077,0.00078755,0.00078755,0.00078755
853,2861.63,3.16996,1.04366,0.94026,0.70197,0.50896,0.58285,0.25781,4.19504,1.18011,0.90893,0.0007826,0.0007826,0.0007826
854,2864.94,3.85056,1.1381,0.93001,0.70708,0.51202,0.58916,0.26394,4.13538,1.16493,0.90579,0.00077765,0.00077765,0.00077765
855,2868.27,3.69892,1.08569,0.9142,0.71189,0.50947,0.59211,0.26742,4.12435,1.16353,0.905,0.0007727,0.0007727,0.0007727
856,2871.46,3.3547,1.05126,0.91012,0.72336,0.49647,0.58775,0.26602,4.10788,1.16686,0.90425,0.00076775,0.00076775,0.00076775
857,2874.77,3.4858,1.06958,0.92467,0.72732,0.49435,0.58649,0.26609,4.09296,1.16795,0.9038,0.0007628,0.0007628,0.0007628
858,2878.08,3.51001,1.11985,0.92639,0.72621,0.49712,0.58414,0.26629,4.09944,1.17502,0.90572,0.00075785,0.00075785,0.00075785
859,2881.42,3.74164,1.10165,0.90684,0.72487,0.50095,0.58578,0.26551,4.1298,1.17236,0.90694,0.0007529,0.0007529,0.0007529
860,2884.54,3.41646,1.061,0.90669,0.72657,0.50549,0.58904,0.26159,4.19473,1.17924,0.90875,0.00074795,0.00074795,0.00074795
861,2887.88,3.69181,1.09654,0.89796,0.72262,0.50508,0.58581,0.2578,4.23265,1.18459,0.90996,0.000743,0.000743,0.000743
862,2891.16,3.55043,1.12866,0.94555,0.72157,0.50233,0.58394,0.25688,4.27027,1.19483,0.91134,0.00073805,0.00073805,0.00073805
863,2894.8,3.63053,1.08555,0.88748,0.71942,0.50439,0.58492,0.25966,4.24175,1.19192,0.9105,0.0007331,0.0007331,0.0007331
864,2898.14,3.44822,1.05881,0.90179,0.72616,0.50055,0.58491,0.25945,4.23287,1.18899,0.91055,0.00072815,0.00072815,0.00072815
865,2901.53,3.7092,1.11745,0.90656,0.72287,0.50535,0.58691,0.26097,4.21055,1.18398,0.90955,0.0007232,0.0007232,0.0007232
866,2904.75,3.82386,1.12542,0.86885,0.71666,0.51263,0.58907,0.26028,4.16734,1.17016,0.908,0.00071825,0.00071825,0.00071825
867,2908.2,3.24444,1.03822,0.91275,0.7117,0.51387,0.58753,0.26033,4.15192,1.16948,0.90734,0.0007133,0.0007133,0.0007133
868,2911.62,3.89733,1.15576,0.92542,0.72,0.51428,0.59341,0.26747,4.08362,1.15918,0.90574,0.00070835,0.00070835,0.00070835
869,2914.86,3.61261,1.08467,0.89511,0.71979,0.51442,0.59307,0.26893,4.07664,1.15762,0.90565,0.0007034,0.0007034,0.0007034
870,2918.46,3.48087,1.09359,0.88012,0.72492,0.51167,0.59143,0.26698,4.10773,1.16366,0.90737,0.00069845,0.00069845,0.00069845
871,2922.04,3.69844,1.11213,0.90112,0.72107,0.51139,0.58967,0.26641,4.12911,1.17028,0.9088,0.0006935,0.0006935,0.0006935
872,2925.45,3.33752,1.0549,0.91531,0.72116,0.50383,0.58753,0.26428,4.1653,1.17942,0.908,0.00068855,0.00068855,0.00068855
873,2929,3.52679,1.07057,0.89723,0.71631,0.50769,0.59034,0.26664,4.13775,1.17372,0.90651,0.0006836,0.0006836,0.0006836
874,2932.21,3.57286,1.06955,0.91721,0.7106,0.51345,0.59435,0.27022,4.07657,1.1635,0.90546,0.00067865,0.00067865,0.00067865
875,2935.61,3.16067,1.03741,0.95051,0.70965,0.51496,0.59473,0.26946,4.09029,1.16903,0.90672,0.0006737,0.0006737,0.0006737
876,2938.8,3.46589,1.06163,0.926,0.7132,0.50618,0.58621,0.26141,4.19987,1.20575,0.91123,0.00066875,0.00066875,0.00066875
877,2941.98,3.65412,1.11288,0.93867,0.70822,0.50617,0.58332,0.26021,4.21413,1.21048,0.91211,0.0006638,0.0006638,0.0006638
878,2945.39,3.37843,1.04856,0.9202,0.71039,0.50947,0.58449,0.26399,4.15427,1.18654,0.90997,0.00065885,0.00065885,0.00065885
879,2948.73,3.65003,1.06296,0.93663,0.71316,0.51071,0.58692,0.26305,4.16854,1.18208,0.91027,0.0006539,0.0006539,0.0006539
880,2952.32,3.64411,1.14219,0.94787,0.70594,0.50686,0.57986,0.25353,4.31158,1.20532,0.91545,0.00064895,0.00064895,0.00064895
881,2955.53,3.30944,1.04103,0.93911,0.70845,0.50618,0.58014,0.25359,4.34344,1.21305,0.91619,0.000644,0.000644,0.000644
882,2958.68,3.54176,1.0939,0.91351,0.71383,0.50645,0.58356,0.25796,4.25151,1.19014,0.9124,0.00063905,0.00063905,0.00063905
883,2962.04,3.50896,1.06127,0.89289,0.7178,0.50549,0.58462,0.261,4.20394,1.1811,0.91065,0.0006341,0.0006341,0.0006341
884,2965.15,3.37535,1.06754,0.92343,0.7208,0.50233,0.58247,0.25999,4.22312,1.18258,0.91006,0.00062915,0.00062915,0.00062915
885,2968.66,3.71135,1.13105,0.93431,0.73013,0.49904,0.58137,0.25706,4.25927,1.18842,0.91183,0.0006242,0.0006242,0.0006242
886,2971.97,4.17887,1.23581,0.87142,0.73816,0.50137,0.58966,0.26381,4.1622,1.17172,0.90802,0.00061925,0.00061925,0.00061925
887,2975.16,3.18581,1.01962,0.9332,0.72883,0.50552,0.5919,0.26489,4.10379,1.16016,0.90583,0.0006143,0.0006143,0.0006143
888,2978.35,3.31685,1.01796,0.89682,0.73147,0.49931,0.58914,0.25948,4.09493,1.15243,0.90648,0.00060935,0.00060935,0.00060935
889,2982.09,3.50873,1.11571,0.96349,0.73458,0.50069,0.5923,0.2623,4.08593,1.15259,0.90609,0.0006044,0.0006044,0.0006044
890,2985.4,3.4937,1.07124,0.88243,0.73144,0.5,0.58969,0.26205,4.17705,1.17454,0.90915,0.00059945,0.00059945,0.00059945
891,2988.71,3.79675,1.16841,0.9058,0.73499,0.49684,0.58512,0.25982,4.20412,1.17857,0.91059,0.0005945,0.0005945,0.0005945
892,2991.93,3.59217,1.11042,0.94802,0.73511,0.50851,0.59663,0.27074,4.05699,1.15045,0.90604,0.00058955,0.00058955,0.00058955
893,2995.15,4.23876,1.26041,0.90757,0.70563,0.51936,0.59639,0.26646,4.05081,1.15019,0.90677,0.0005846,0.0005846,0.0005846
894,2998.41,3.99071,1.17939,0.90099,0.69926,0.5103,0.58828,0.26096,4.0748,1.15841,0.9066,0.00057965,0.00057965,0.00057965
895,3001.57,3.49293,1.07575,0.90842,0.70386,0.51593,0.59222,0.26869,4.02299,1.15361,0.90415,0.0005747,0.0005747,0.0005747
896,3004.75,3.50189,1.10454,0.9872,0.71873,0.51183,0.59393,0.27233,4.04863,1.15837,0.90483,0.00056975,0.00056975,0.00056975
897,3008.22,3.50384,1.10086,0.90041,0.71431,0.51112,0.59225,0.27025,4.07656,1.1603,0.90597,0.0005648,0.0005648,0.0005648
898,3011.41,3.53108,1.08706,0.91522,0.70549,0.51263,0.59156,0.26682,4.0781,1.15501,0.90757,0.00055985,0.00055985,0.00055985
899,3014.7,3.92583,1.18783,0.89664,0.70293,0.51647,0.59256,0.26532,4.0841,1.15425,0.90799,0.0005549,0.0005549,0.0005549
900,3017.92,3.39265,1.08699,0.9558,0.71236,0.51881,0.59811,0.26911,4.06981,1.15014,0.90812,0.00054995,0.00054995,0.00054995
901,3021.13,3.30166,1.03345,0.93947,0.71986,0.51634,0.59476,0.26905,4.0865,1.15348,0.90783,0.000545,0.000545,0.000545
902,3024.25,3.67507,1.09756,0.88011,0.71365,0.51949,0.59779,0.27099,4.05138,1.14485,0.90601,0.00054005,0.00054005,0.00054005
903,3027.38,3.69958,1.07817,0.89075,0.70929,0.51826,0.59629,0.26951,4.03311,1.14262,0.90477,0.0005351,0.0005351,0.0005351
904,3030.53,3.56851,1.08926,0.90567,0.70991,0.51483,0.5968,0.26496,4.06201,1.14844,0.90535,0.00053015,0.00053015,0.00053015
905,3033.87,3.02785,1.01626,0.95643,0.70736,0.514,0.59699,0.26624,4.07444,1.15549,0.90621,0.0005252,0.0005252,0.0005252
906,3037.26,3.70239,1.18592,0.90136,0.7127,0.51427,0.59872,0.26845,4.10654,1.16877,0.90753,0.00052025,0.00052025,0.00052025
907,3040.44,4.14354,1.21503,0.8726,0.72469,0.5103,0.59887,0.26785,4.10491,1.17228,0.90782,0.0005153,0.0005153,0.0005153
908,3043.61,3.85413,1.14215,0.87425,0.71328,0.50958,0.59301,0.26224,4.10209,1.16698,0.90755,0.00051035,0.00051035,0.00051035
909,3046.96,3.44087,1.10314,0.97328,0.71732,0.50769,0.59298,0.26038,4.1225,1.1686,0.90769,0.0005054,0.0005054,0.0005054
910,3050.24,3.27276,1.04436,0.90168,0.72144,0.51139,0.59627,0.26632,4.10225,1.17103,0.90595,0.00050045,0.00050045,0.00050045
911,3053.49,3.30795,1.02395,0.92293,0.72515,0.51109,0.59531,0.26723,4.12132,1.1761,0.90613,0.0004955,0.0004955,0.0004955
912,3056.88,4.60293,1.29044,0.88836,0.72366,0.50892,0.59167,0.26485,4.12706,1.17644,0.90613,0.00049055,0.00049055,0.00049055
913,3060.22,3.35098,1.08203,0.93939,0.71741,0.50153,0.58366,0.25582,4.15525,1.17852,0.90671,0.0004856,0.0004856,0.0004856
914,3063.56,3.02268,1.01381,0.9494,0.70772,0.48847,0.56987,0.24179,4.23638,1.1858,0.90977,0.00048065,0.00048065,0.00048065
915,3066.82,3.45474,1.0371,0.92819,0.70945,0.49725,0.57778,0.24814,4.19824,1.17896,0.90763,0.0004757,0.0004757,0.0004757
916,3070.14,3.1518,1.04825,0.96788,0.72349,0.50934,0.59389,0.26627,4.10834,1.1652,0.90427,0.00047075,0.00047075,0.00047075
917,3073.44,3.59939,1.08605,0.88037,0.71532,0.51826,0.59823,0.26961,4.08017,1.16335,0.90425,0.0004658,0.0004658,0.0004658
918,3076.91,3.36949,1.06007,0.93785,0.71097,0.52243,0.59732,0.26789,4.07758,1.15937,0.90409,0.00046085,0.00046085,0.00046085
919,3080.23,3.51848,1.07545,0.93233,0.7081,0.52554,0.59806,0.26716,4.07568,1.15693,0.9043,0.0004559,0.0004559,0.0004559
920,3083.68,3.4973,1.05515,0.91625,0.70871,0.52374,0.59512,0.26644,4.09866,1.16712,0.90503,0.00045095,0.00045095,0.00045095
921,3086.78,3.30725,1.04505,0.95145,0.70747,0.51994,0.59193,0.26522,4.13127,1.17544,0.90585,0.000446,0.000446,0.000446
922,3090.3,4.48019,1.2471,0.87866,0.7117,0.51318,0.59201,0.26395,4.1516,1.17647,0.90651,0.00044105,0.00044105,0.00044105
923,3093.66,3.4618,1.0566,0.90767,0.7119,0.51157,0.59225,0.26511,4.13025,1.16881,0.90565,0.0004361,0.0004361,0.0004361
924,3097.36,3.32337,1.05957,0.9513,0.71742,0.50728,0.59057,0.26364,4.11045,1.16149,0.90545,0.00043115,0.00043115,0.00043115
925,3100.76,3.42156,1.06045,0.89563,0.71708,0.5101,0.59365,0.26601,4.10311,1.16108,0.90551,0.0004262,0.0004262,0.0004262
926,3104.1,3.4132,1.03532,0.88011,0.7198,0.51277,0.59605,0.26849,4.1202,1.16788,0.90584,0.00042125,0.00042125,0.00042125
927,3107.29,3.89352,1.11754,0.88032,0.7297,0.50934,0.5976,0.26804,4.13599,1.17372,0.90662,0.0004163,0.0004163,0.0004163
928,3110.56,3.15586,1.04518,0.93888,0.71335,0.51702,0.60034,0.26991,4.09181,1.16544,0.90447,0.00041135,0.00041135,0.00041135
929,3113.92,3.55244,1.08313,0.9002,0.71678,0.51359,0.5996,0.26914,4.07307,1.15712,0.90326,0.0004064,0.0004064,0.0004064
930,3117.19,3.98962,1.16325,0.90348,0.71812,0.5075,0.59407,0.26354,4.08332,1.15259,0.90369,0.00040145,0.00040145,0.00040145
931,3120.43,3.55913,1.07825,0.91876,0.71187,0.51557,0.59728,0.26744,4.0647,1.15175,0.90338,0.0003965,0.0003965,0.0003965
932,3123.89,3.84913,1.14234,0.87289,0.72021,0.51812,0.59778,0.27009,4.09153,1.15953,0.90461,0.00039155,0.00039155,0.00039155
933,3127.25,3.47799,1.06553,0.93051,0.71447,0.51798,0.5956,0.2691,4.10572,1.16356,0.90608,0.0003866,0.0003866,0.0003866
934,3130.68,3.32669,1.03654,0.90575,0.71377,0.51716,0.5977,0.27205,4.07114,1.15229,0.90482,0.00038165,0.00038165,0.00038165
935,3134.2,3.14135,0.99756,0.92707,0.71551,0.51586,0.59695,0.27146,4.06662,1.14883,0.90544,0.0003767,0.0003767,0.0003767
936,3137.75,3.66765,1.12483,0.95553,0.71326,0.51551,0.59649,0.27086,4.07555,1.15269,0.90621,0.00037175,0.00037175,0.00037175
937,3141.22,4.11795,1.21904,0.90709,0.71469,0.51496,0.59333,0.26842,4.09832,1.15813,0.90626,0.0003668,0.0003668,0.0003668
938,3144.7,3.40614,1.04629,0.88618,0.71497,0.50906,0.58664,0.25894,4.20921,1.18076,0.90965,0.00036185,0.00036185,0.00036185
939,3147.87,3.37197,1.00643,0.87599,0.72312,0.50934,0.58882,0.257,4.23203,1.18584,0.91001,0.0003569,0.0003569,0.0003569
940,3151.45,3.31623,1.06514,0.95707,0.72678,0.50761,0.58876,0.25787,4.2238,1.18708,0.9089,0.00035195,0.00035195,0.00035195
941,3154.54,3.1527,1.01417,0.9145,0.72087,0.5102,0.58933,0.26006,4.21555,1.18723,0.90816,0.000347,0.000347,0.000347
942,3158.06,3.67849,1.11327,0.91845,0.71352,0.51538,0.58959,0.26295,4.19776,1.18467,0.90785,0.00034205,0.00034205,0.00034205
943,3161.37,3.22039,1.03743,0.9324,0.71343,0.51194,0.58827,0.26328,4.18876,1.18585,0.90878,0.0003371,0.0003371,0.0003371
944,3164.78,3.46101,1.09147,0.94173,0.72146,0.50755,0.58818,0.265,4.15814,1.17998,0.9084,0.00033215,0.00033215,0.00033215
945,3167.97,3.56384,1.07273,0.89009,0.72623,0.50402,0.58728,0.26411,4.17058,1.18222,0.90905,0.0003272,0.0003272,0.0003272
946,3171.25,3.26197,1.01532,0.92825,0.72307,0.50901,0.59136,0.26611,4.14812,1.17735,0.90745,0.00032225,0.00032225,0.00032225
947,3174.64,3.14678,1.03395,0.98625,0.71695,0.51117,0.59226,0.26915,4.11352,1.17293,0.90556,0.0003173,0.0003173,0.0003173
948,3177.83,3.07791,0.97402,0.89778,0.7176,0.51373,0.59695,0.27151,4.09017,1.17707,0.90457,0.00031235,0.00031235,0.00031235
949,3181.24,3.50135,1.11532,0.94312,0.71678,0.51332,0.59563,0.26958,4.11229,1.18607,0.90562,0.0003074,0.0003074,0.0003074
950,3184.41,3.68061,1.1154,0.90298,0.71764,0.51221,0.59399,0.26831,4.1297,1.19285,0.9071,0.00030245,0.00030245,0.00030245
951,3187.51,3.31714,1.03771,0.93828,0.72027,0.51538,0.59797,0.27014,4.11076,1.18677,0.90667,0.0002975,0.0002975,0.0002975
952,3190.86,3.16893,1.03139,0.91578,0.71381,0.51977,0.599,0.27068,4.08981,1.17509,0.90564,0.00029255,0.00029255,0.00029255
953,3194.26,3.56052,1.06184,0.88143,0.71344,0.52023,0.59808,0.27008,4.08325,1.16852,0.90508,0.0002876,0.0002876,0.0002876
954,3197.67,2.91715,0.9557,0.92437,0.7139,0.52238,0.59692,0.26867,4.09728,1.16682,0.90515,0.00028265,0.00028265,0.00028265
955,3201.13,3.15193,1.01303,0.93478,0.70985,0.52169,0.59467,0.26798,4.10959,1.16831,0.90518,0.0002777,0.0002777,0.0002777
956,3204.55,3.29223,1.03165,0.9249,0.71139,0.51565,0.59093,0.26493,4.13857,1.17548,0.90617,0.00027275,0.00027275,0.00027275
957,3207.88,3.15611,0.99603,0.89466,0.70639,0.51057,0.58664,0.26204,4.15209,1.17855,0.90649,0.0002678,0.0002678,0.0002678
958,3211.38,3.4204,1.01578,0.88666,0.70181,0.50426,0.58212,0.25072,4.20168,1.18049,0.90746,0.00026285,0.00026285,0.00026285
959,3214.87,3.09323,0.96409,0.91517,0.69125,0.505,0.57693,0.24385,4.23178,1.18248,0.90923,0.0002579,0.0002579,0.0002579
960,3218.25,3.39979,1.04347,0.93898,0.69002,0.50851,0.57939,0.24534,4.22032,1.17596,0.90903,0.00025295,0.00025295,0.00025295
961,3221.32,3.44336,1.06084,0.90652,0.69937,0.51196,0.58491,0.25122,4.18582,1.16986,0.90806,0.000248,0.000248,0.000248
962,3224.7,3.27049,1.02968,0.89301,0.70905,0.51634,0.59494,0.26238,4.12177,1.16503,0.90601,0.00024305,0.00024305,0.00024305
963,3227.75,3.25862,0.99666,0.8998,0.71155,0.51689,0.59754,0.26446,4.10526,1.16116,0.9053,0.0002381,0.0002381,0.0002381
964,3230.91,3.62521,1.05844,0.87765,0.70541,0.51551,0.59547,0.26351,4.09756,1.16087,0.90545,0.00023315,0.00023315,0.00023315
965,3234.62,3.0807,0.97554,0.9164,0.71913,0.50864,0.59449,0.26193,4.10302,1.16216,0.90534,0.0002282,0.0002282,0.0002282
966,3238.25,3.54528,1.10504,0.94057,0.71881,0.51016,0.59485,0.26309,4.10602,1.16257,0.9053,0.00022325,0.00022325,0.00022325
967,3241.47,3.53116,1.06815,0.93113,0.71629,0.50975,0.5937,0.26364,4.1069,1.16263,0.90551,0.0002183,0.0002183,0.0002183
968,3244.72,3.80407,1.08379,0.87881,0.7093,0.51332,0.59345,0.26469,4.12491,1.16063,0.90589,0.00021335,0.00021335,0.00021335
969,3247.86,4.10086,1.15304,0.88486,0.7067,0.51538,0.59328,0.26572,4.12353,1.15863,0.9056,0.0002084,0.0002084,0.0002084
970,3251.28,3.4711,1.1037,0.94883,0.70905,0.51867,0.59643,0.26612,4.12955,1.15625,0.90535,0.00020345,0.00020345,0.00020345
971,3254.53,3.38134,1.04292,0.90747,0.71325,0.51936,0.59831,0.26683,4.12499,1.15453,0.90534,0.0001985,0.0001985,0.0001985
972,3257.65,3.6269,1.08337,0.89142,0.71132,0.52183,0.59915,0.26667,4.10901,1.15204,0.90416,0.00019355,0.00019355,0.00019355
973,3260.62,3.3837,1.0058,0.9098,0.7093,0.52018,0.59845,0.2667,4.10267,1.1526,0.90372,0.0001886,0.0001886,0.0001886
974,3264.09,3.42146,1.061,0.95264,0.71465,0.52087,0.59974,0.26969,4.0753,1.15035,0.90284,0.00018365,0.00018365,0.00018365
975,3267.48,3.20523,1.03653,0.9316,0.71544,0.52375,0.60293,0.27135,4.06549,1.15064,0.90278,0.0001787,0.0001787,0.0001787
976,3270.65,3.64187,1.1223,0.8876,0.71212,0.5232,0.60144,0.27428,4.05272,1.15034,0.90253,0.00017375,0.00017375,0.00017375
977,3274.06,3.51386,1.07491,0.88003,0.715,0.51938,0.60147,0.27542,4.05153,1.14902,0.90266,0.0001688,0.0001688,0.0001688
978,3277.49,3.50259,1.05629,0.89744,0.72244,0.51771,0.60223,0.27524,4.04259,1.14492,0.9019,0.00016385,0.00016385,0.00016385
979,3280.58,4.21259,1.2471,0.85707,0.72327,0.51785,0.60098,0.27527,4.03545,1.14388,0.90159,0.0001589,0.0001589,0.0001589
980,3284.07,3.2777,1.039,0.89993,0.72238,0.51716,0.6007,0.27394,4.03208,1.14224,0.90129,0.00015395,0.00015395,0.00015395
981,3287.52,3.32013,1.03455,0.89726,0.72134,0.51702,0.60158,0.27381,4.03406,1.14298,0.90089,0.000149,0.000149,0.000149
982,3290.72,4.03145,1.15739,0.89672,0.72482,0.51458,0.59919,0.27318,4.04892,1.14824,0.90167,0.00014405,0.00014405,0.00014405
983,3294.11,3.47711,1.09103,0.90618,0.72266,0.51524,0.59968,0.27324,4.05569,1.14907,0.90198,0.0001391,0.0001391,0.0001391
984,3297.65,3.64291,1.09114,0.90934,0.72456,0.51304,0.59873,0.27233,4.07427,1.15403,0.90306,0.00013415,0.00013415,0.00013415
985,3300.7,3.60198,1.07094,0.89022,0.72564,0.51387,0.59939,0.27198,4.08051,1.15412,0.9035,0.0001292,0.0001292,0.0001292
986,3303.9,3.31147,1.05244,0.90315,0.72328,0.51744,0.60178,0.27156,4.08828,1.1516,0.90392,0.00012425,0.00012425,0.00012425
987,3307.31,3.23233,1.01108,0.90937,0.71904,0.51719,0.6011,0.2708,4.08859,1.14893,0.90407,0.0001193,0.0001193,0.0001193
988,3310.82,3.07389,0.99137,0.94188,0.71772,0.5194,0.60046,0.2709,4.09599,1.14762,0.905,0.00011435,0.00011435,0.00011435
989,3313.99,3.8187,1.13549,0.91583,0.71463,0.5205,0.60126,0.2713,4.09307,1.14727,0.90485,0.0001094,0.0001094,0.0001094
990,3317.52,3.45149,1.05173,0.92638,0.71177,0.51971,0.60047,0.27049,4.09365,1.14493,0.90458,0.00010445,0.00010445,0.00010445
991,3373.94,3.77302,1.12734,0.9017,0.71631,0.51853,0.60079,0.27171,4.0831,1.14372,0.90443,9.95e-05,9.95e-05,9.95e-05
992,3377.5,3.29613,1.0324,0.91956,0.71766,0.5203,0.60109,0.27206,4.07596,1.14102,0.9037,9.455e-05,9.455e-05,9.455e-05
993,3380.65,3.27887,1.0592,0.95958,0.71646,0.51977,0.60062,0.27214,4.07232,1.14091,0.90324,8.96e-05,8.96e-05,8.96e-05
994,3383.82,3.28956,1.04337,0.93913,0.71675,0.52059,0.60105,0.27288,4.05287,1.13922,0.90281,8.465e-05,8.465e-05,8.465e-05
995,3387.37,3.75375,1.1341,0.89373,0.71793,0.52197,0.60289,0.27333,4.04549,1.13841,0.90232,7.97e-05,7.97e-05,7.97e-05
996,3390.76,4.13811,1.21263,0.89368,0.71857,0.52087,0.60187,0.2738,4.03702,1.13686,0.90176,7.475e-05,7.475e-05,7.475e-05
997,3394.13,3.56638,1.10863,0.95637,0.72021,0.52073,0.60306,0.27417,4.03793,1.13739,0.90171,6.98e-05,6.98e-05,6.98e-05
998,3397.28,3.82731,1.15652,0.87748,0.72089,0.51895,0.60103,0.27391,4.05023,1.14099,0.90163,6.485e-05,6.485e-05,6.485e-05
999,3400.69,3.29968,1.03416,0.93722,0.7203,0.51744,0.60021,0.27361,4.05681,1.14349,0.90165,5.99e-05,5.99e-05,5.99e-05
1000,3404.34,3.32478,1.08342,0.9714,0.71892,0.51936,0.60067,0.27308,4.06503,1.14476,0.90167,5.495e-05,5.495e-05,5.495e-05
