epoch,time,train/box_loss,train/cls_loss,train/dfl_loss,metrics/precision(B),metrics/recall(B),metrics/mAP50(B),metrics/mAP50-95(B),val/box_loss,val/cls_loss,val/dfl_loss,lr/pg0,lr/pg1,lr/pg2
1,5.86876,5.71396,3.4529,2.58821,0.0201,0.02814,0.01072,0.0039,7.02256,3.84972,2.63885,0.1962,0.0002,0.0002
2,9.95067,6.55767,3.35207,2.66425,0.02235,0.0313,0.01195,0.0044,6.98899,3.84867,2.62905,0.1905,0.000499505,0.000499505
3,14.0399,6.14056,3.48938,2.64028,0.025,0.03501,0.01342,0.00513,6.91407,3.82619,2.60371,0.184798,0.000798416,0.000798416
4,17.881,8.2006,5.10243,2.74108,0.00033,0.00041,0.00017,5e-05,8.82641,11.7106,3.27209,0.179097,0.00109673,0.00109673
5,23.446,6.78576,3.18929,2.55322,0,0,0,0,nan,nan,nan,0.173394,0.00139446,0.00139446
6,28.503,6.26453,2.46856,2.42268,0,0,0,0,nan,nan,nan,0.167692,0.00169158,0.00169158
7,32.7818,6.09203,1.96405,2.17964,0,0,0,0,nan,nan,nan,0.161988,0.00198812,0.00198812
8,37.0978,6.74289,2.03485,2.16418,0,0,0,0,nan,nan,nan,0.156284,0.00228406,0.00228406
9,41.6139,5.37254,1.85416,2.13901,0,0,0,0,nan,nan,nan,0.150579,0.00257941,0.00257941
10,45.9823,5.27725,1.74621,2.09486,0,0,0,0,nan,nan,nan,0.144874,0.00287416,0.00287416
11,50.3105,4.93808,1.71305,2.09503,0,0,0,0,nan,nan,nan,0.139168,0.00316832,0.00316832
12,54.5815,5.05662,1.74346,2.14494,0,0,0,0,nan,nan,nan,0.133462,0.00346189,0.00346189
13,58.4806,5.39102,1.73979,1.96549,0,0,0,0,nan,nan,nan,0.127755,0.00375486,0.00375486
14,63.0801,4.9687,1.57303,2.03902,0,0,0,0,nan,nan,nan,0.122047,0.00404723,0.00404723
15,67.1956,5.52697,1.64538,1.93022,0,0,0,0,nan,nan,nan,0.116339,0.00433902,0.00433902
16,71.864,4.68811,1.62607,2.04085,0,0,0,0,nan,nan,nan,0.11063,0.0046302,0.0046302
17,75.9326,4.87267,1.57975,1.97909,0,0,0,0,nan,nan,nan,0.104921,0.0049208,0.0049208
18,80.3319,4.70633,1.6142,1.9776,0,0,0,0,nan,nan,nan,0.0992108,0.0052108,0.0052108
19,84.0312,5.55325,1.68818,1.87044,0,0,0,0,nan,nan,nan,0.0935002,0.00550021,0.00550021
20,87.9975,4.29188,1.50142,1.99562,0,0,0,0,nan,nan,nan,0.087789,0.00578902,0.00578902
21,92.1814,4.35611,1.45146,1.95156,0,0,0,0,nan,nan,nan,0.0820772,0.00607724,0.00607724
22,96.4925,5.25502,1.56281,1.93099,0,0,0,0,nan,nan,nan,0.0763649,0.00636486,0.00636486
23,100.411,4.80931,1.50799,2.04271,0,0,0,0,nan,nan,nan,0.0706519,0.0066519,0.0066519
24,104.938,5.55189,1.63279,1.95362,0,0,0,0,nan,nan,nan,0.0649383,0.00693833,0.00693833
25,108.977,5.15248,1.50228,1.86659,0.00836,0.00069,0.00419,0.00067,nan,nan,nan,0.0592242,0.00722418,0.00722418
26,112.531,6.38027,1.57928,1.75697,0.0527,0.05807,0.02728,0.00732,nan,nan,nan,0.0535094,0.00750942,0.00750942
27,116.434,5.63033,1.49431,1.8741,0.1083,0.07537,0.05208,0.01365,nan,nan,nan,0.0477941,0.00779408,0.00779408
28,120.523,5.51355,1.55642,1.85656,0.0177,0.01167,0.00905,0.00221,nan,nan,nan,0.0420781,0.00807814,0.00807814
29,125.036,5.05112,1.56144,1.94217,0.08938,0.1193,0.05675,0.01663,nan,nan,nan,0.0363616,0.00836161,0.00836161
30,128.512,5.60236,1.59747,1.84854,0.02062,0.00494,0.00727,0.00347,nan,nan,nan,0.0306445,0.00864448,0.00864448
31,132.017,5.11251,1.61348,1.89185,0,0,0,0,nan,nan,nan,0.0249268,0.00892676,0.00892676
32,136.01,4.87419,1.46587,1.97094,0.01503,0.00178,0.00591,0.00273,nan,nan,nan,0.0192084,0.00920844,0.00920844
33,139.697,4.86723,1.40675,1.91094,0.04019,0.007,0.00823,0.00257,8.62534,inf,5.34517,0.0134895,0.00948954,0.00948954
34,144.25,5.20489,1.56978,1.99748,0.03344,0.02183,0.01655,0.00466,8.65788,inf,6.12929,0.0096733,0.0096733,0.0096733
35,148.241,5.23247,1.43332,1.89216,0.00428,0.0059,0.00216,0.00061,8.88936,inf,6.28624,0.0096634,0.0096634,0.0096634
36,152.387,4.90667,1.40313,1.91113,0,0,0,0,4.85975,inf,2.93781,0.0096535,0.0096535,0.0096535
37,155.818,5.39695,1.40985,1.83703,0,0,0,0,nan,nan,nan,0.0096436,0.0096436,0.0096436
38,160.302,5.33907,1.60464,2.03126,0,0,0,0,nan,nan,nan,0.0096337,0.0096337,0.0096337
39,164.072,5.66893,1.64641,1.8722,0,0,0,0,nan,nan,nan,0.0096238,0.0096238,0.0096238
40,167.905,5.62871,1.50871,1.80437,0,0,0,0,nan,nan,nan,0.0096139,0.0096139,0.0096139
41,171.873,5.16899,1.50315,1.83721,0,0,0,0,nan,nan,nan,0.009604,0.009604,0.009604
42,176.336,4.32277,1.38098,1.97487,0,0,0,0,nan,nan,nan,0.0095941,0.0095941,0.0095941
43,181.173,4.46958,1.47594,2.00197,0,0,0,0,nan,nan,nan,0.0095842,0.0095842,0.0095842
44,185.277,4.8142,1.39942,1.98303,0,0,0,0,nan,nan,nan,0.0095743,0.0095743,0.0095743
45,189.114,5.11878,1.57775,1.94413,0,0,0,0,nan,nan,nan,0.0095644,0.0095644,0.0095644
46,193.381,4.53878,1.34835,1.95418,0.00239,0.0022,0.00458,0.00121,nan,nan,nan,0.0095545,0.0095545,0.0095545
47,197.039,5.10228,1.3946,1.84977,0.00044,0.00041,0.00016,3e-05,nan,nan,nan,0.0095446,0.0095446,0.0095446
48,200.936,5.81077,1.57774,1.81618,0.01952,0.01744,0.00788,0.00235,nan,nan,nan,0.0095347,0.0095347,0.0095347
49,204.713,5.27546,1.36152,1.83146,0.02246,0.02128,0.01489,0.00419,nan,nan,nan,0.0095248,0.0095248,0.0095248
50,208.577,4.63264,1.33357,1.88019,0.00039,0.00055,0.0002,4e-05,nan,nan,nan,0.0095149,0.0095149,0.0095149
51,212.861,4.34325,1.27913,1.88876,0.04182,0.04105,0.02933,0.00904,7.30304,33.9566,2.17011,0.009505,0.009505,0.009505
52,216.889,5.02861,1.42891,1.85005,0.11706,0.16392,0.13419,0.04293,nan,nan,nan,0.0094951,0.0094951,0.0094951
53,220.867,5.05525,1.40486,1.83949,0.09379,0.13042,0.06921,0.02764,nan,nan,nan,0.0094852,0.0094852,0.0094852
54,225.635,4.6027,1.29382,1.94311,0.46235,0.25988,0.30182,0.11523,nan,nan,nan,0.0094753,0.0094753,0.0094753
55,230.279,4.54092,1.38795,1.91506,0.5115,0.338,0.36983,0.13545,nan,nan,nan,0.0094654,0.0094654,0.0094654
56,234.389,4.57284,1.28935,1.8766,0.49496,0.32825,0.35456,0.12171,nan,nan,nan,0.0094555,0.0094555,0.0094555
57,238.493,4.53903,1.2296,1.82776,0.31826,0.28432,0.2206,0.07527,5.34116,6.31155,1.84578,0.0094456,0.0094456,0.0094456
58,242.9,4.43367,1.26423,1.88375,0.28075,0.20209,0.17386,0.04934,6.13962,9.36644,1.88115,0.0094357,0.0094357,0.0094357
59,246.428,5.22339,1.49142,1.85946,0.28288,0.20401,0.18484,0.05012,6.23493,14.3372,1.91034,0.0094258,0.0094258,0.0094258
60,250.255,4.29371,1.26058,1.87166,0.13216,0.17326,0.09722,0.0305,6.21773,27.9721,1.94201,0.0094159,0.0094159,0.0094159
61,254.467,5.15796,1.4202,1.86369,0.07709,0.10502,0.05001,0.01472,6.49892,inf,2.00581,0.009406,0.009406,0.009406
62,258.344,5.09595,1.47302,1.8243,0.08401,0.1112,0.05212,0.01542,nan,nan,nan,0.0093961,0.0093961,0.0093961
63,261.866,4.66026,1.23371,1.81625,0.1467,0.18836,0.10582,0.03391,5.90985,20.114,1.92438,0.0093862,0.0093862,0.0093862
64,265.989,4.40292,1.26556,1.87368,0.28903,0.1922,0.18748,0.05531,nan,nan,nan,0.0093763,0.0093763,0.0093763
65,269.89,4.43998,1.18407,1.83774,0.44231,0.28116,0.30469,0.10097,5.44978,2.61452,1.87664,0.0093664,0.0093664,0.0093664
66,274.076,4.5184,1.23618,1.833,0.544,0.34116,0.39789,0.15048,4.9878,1.7047,1.84523,0.0093565,0.0093565,0.0093565
67,278.673,3.93043,1.18308,1.84038,0.56069,0.34967,0.39923,0.14608,5.16256,1.75159,1.86242,0.0093466,0.0093466,0.0093466
68,282.912,4.38001,1.27988,1.87778,0.53351,0.34679,0.37855,0.13254,5.24867,2.59613,1.85434,0.0093367,0.0093367,0.0093367
69,286.502,5.55861,1.44696,1.74531,0.52512,0.37685,0.40915,0.14989,5.00707,2.24559,1.83248,0.0093268,0.0093268,0.0093268
70,290.965,4.43997,1.22236,1.84723,0.44073,0.30903,0.33364,0.11551,nan,nan,nan,0.0093169,0.0093169,0.0093169
71,294.979,4.60765,1.20721,1.80427,0.36067,0.23119,0.23709,0.07891,nan,nan,nan,0.009307,0.009307,0.009307
72,299.149,4.1624,1.27983,1.94738,0.61863,0.40294,0.4586,0.17763,nan,nan,nan,0.0092971,0.0092971,0.0092971
73,302.782,4.20468,1.17878,1.83706,0.66403,0.42051,0.48972,0.1943,nan,nan,nan,0.0092872,0.0092872,0.0092872
74,306.893,4.83983,1.22075,1.76448,0.47928,0.30251,0.34582,0.13335,4.90139,1.65634,1.80292,0.0092773,0.0092773,0.0092773
75,311.446,4.39707,1.29644,1.87528,0.51812,0.32002,0.37317,0.1444,4.94387,1.57318,1.8094,0.0092674,0.0092674,0.0092674
76,315.542,3.95242,1.16031,1.82366,0.5528,0.38413,0.43062,0.16128,4.70155,1.455,1.7821,0.0092575,0.0092575,0.0092575
77,319.608,4.94878,1.31603,1.8159,0.464,0.28679,0.34302,0.1286,4.89086,2.93719,1.8056,0.0092476,0.0092476,0.0092476
78,323.707,4.76528,1.27234,1.76643,0.6095,0.41227,0.46518,0.17738,4.77439,1.59942,1.78741,0.0092377,0.0092377,0.0092377
79,327.463,4.67826,1.23784,1.77179,0.61393,0.40102,0.4563,0.17032,4.7411,1.84384,1.78505,0.0092278,0.0092278,0.0092278
80,332.007,4.06884,1.30115,1.93051,0.57991,0.3923,0.4432,0.17767,4.50425,1.8997,1.76545,0.0092179,0.0092179,0.0092179
81,336.444,4.41771,1.27384,1.86655,0.62786,0.41669,0.46994,0.18908,nan,nan,nan,0.009208,0.009208,0.009208
82,340.92,4.51949,1.23388,1.80709,0.59711,0.40953,0.45798,0.18032,nan,nan,nan,0.0091981,0.0091981,0.0091981
83,344.728,4.3228,1.19839,1.79045,0.56961,0.37921,0.42379,0.15989,4.82215,2.4235,1.78529,0.0091882,0.0091882,0.0091882
84,348.613,4.09088,1.20585,1.81882,0.62573,0.36697,0.41995,0.16584,4.70579,1.81568,1.79321,0.0091783,0.0091783,0.0091783
85,352.582,4.77115,1.30552,1.807,0.6267,0.36244,0.42176,0.16449,4.70057,1.64823,1.78569,0.0091684,0.0091684,0.0091684
86,356.639,5.36304,1.32955,1.75132,0.62324,0.40492,0.45481,0.17585,4.57006,1.511,1.78127,0.0091585,0.0091585,0.0091585
87,360.556,4.7535,1.26951,1.77613,0.64673,0.41914,0.47969,0.19532,4.48533,1.62757,1.77721,0.0091486,0.0091486,0.0091486
88,364.373,4.69174,1.21154,1.75812,0.54608,0.36285,0.40241,0.14188,nan,nan,nan,0.0091387,0.0091387,0.0091387
89,368.559,4.43008,1.24069,1.8139,0.57264,0.37617,0.42857,0.16209,nan,nan,nan,0.0091288,0.0091288,0.0091288
90,372.579,4.69805,1.18383,1.78932,0.60722,0.36052,0.42971,0.16081,nan,nan,nan,0.0091189,0.0091189,0.0091189
91,375.923,4.34339,1.14017,1.82286,0.16804,0.09267,0.11523,0.04912,nan,nan,nan,0.009109,0.009109,0.009109
92,380.148,4.67137,1.1812,1.7755,0.13235,0.08718,0.09937,0.04569,nan,nan,nan,0.0090991,0.0090991,0.0090991
93,384.345,4.10213,1.17103,1.84444,0.6243,0.34596,0.42145,0.16884,nan,nan,nan,0.0090892,0.0090892,0.0090892
94,388.514,3.92281,1.13639,1.84376,0.61048,0.40301,0.45672,0.18085,nan,nan,nan,0.0090793,0.0090793,0.0090793
95,392.223,4.62553,1.16742,1.78278,0.63337,0.40627,0.46752,0.17941,nan,nan,nan,0.0090694,0.0090694,0.0090694
96,396.772,4.17388,1.20217,1.81979,0.52847,0.34157,0.37742,0.12913,nan,nan,nan,0.0090595,0.0090595,0.0090595
97,400.478,5.0849,1.29335,1.71897,0.54726,0.35777,0.39991,0.13854,nan,nan,nan,0.0090496,0.0090496,0.0090496
98,404.874,4.06734,1.18662,1.86164,0.64375,0.42147,0.49367,0.19608,4.53739,1.29766,1.76134,0.0090397,0.0090397,0.0090397
99,408.829,4.04349,1.09036,1.80973,0.6049,0.40225,0.47041,0.18105,4.71323,1.363,1.76148,0.0090298,0.0090298,0.0090298
100,412.57,4.72844,1.23345,1.7178,0.52322,0.3524,0.40592,0.15975,4.73171,1.73125,1.78029,0.0090199,0.0090199,0.0090199
101,416.907,4.19849,1.19709,1.84098,0.57295,0.38097,0.44993,0.17503,4.61797,1.5421,1.76795,0.00901,0.00901,0.00901
102,421.137,4.12356,1.11672,1.80278,0.5406,0.33127,0.39545,0.1687,4.60688,2.08896,1.78516,0.0090001,0.0090001,0.0090001
103,425.166,3.93422,1.09875,1.8621,0.40136,0.18561,0.22049,0.07199,nan,nan,nan,0.0089902,0.0089902,0.0089902
104,429.679,4.36791,1.2254,1.77559,0.57457,0.36271,0.44177,0.18549,nan,nan,nan,0.0089803,0.0089803,0.0089803
105,433.619,4.27709,1.1181,1.74477,0.67483,0.39882,0.48247,0.1943,4.36281,1.34604,1.7501,0.0089704,0.0089704,0.0089704
106,437.323,4.58922,1.2578,1.78266,0.58284,0.35619,0.41133,0.15764,4.86994,1.86992,1.79957,0.0089605,0.0089605,0.0089605
107,441.098,4.33452,1.14087,1.76684,0.57743,0.37145,0.42949,0.17204,4.66038,1.82556,1.78775,0.0089506,0.0089506,0.0089506
108,445.287,4.2078,1.17723,1.80213,0.60689,0.36354,0.42471,0.16581,4.7103,1.41632,1.77766,0.0089407,0.0089407,0.0089407
109,449.506,4.01169,1.12175,1.81445,0.61515,0.3763,0.43902,0.17333,4.55931,1.34071,1.76344,0.0089308,0.0089308,0.0089308
110,453.475,4.34807,1.10826,1.75248,0.65587,0.42106,0.48942,0.19745,4.43111,1.38085,1.75128,0.0089209,0.0089209,0.0089209
111,457.681,4.41611,1.15628,1.78855,0.65199,0.42518,0.4916,0.19038,4.51085,1.60808,1.74993,0.008911,0.008911,0.008911
112,462.147,4.03301,1.1247,1.80216,0.64784,0.40074,0.48043,0.19115,4.36775,1.56951,1.73852,0.0089011,0.0089011,0.0089011
113,466.204,4.17783,1.09049,1.79254,0.64888,0.41735,0.48918,0.18625,4.50753,1.58883,1.74422,0.0088912,0.0088912,0.0088912
114,470.711,3.53421,1.08497,1.85532,0.68577,0.44042,0.51731,0.21856,4.21734,1.33404,1.73534,0.0088813,0.0088813,0.0088813
115,474.63,4.5714,1.22962,1.76207,0.66825,0.43232,0.50472,0.19881,4.40004,1.36823,1.74377,0.0088714,0.0088714,0.0088714
116,478.566,4.39359,1.13974,1.72435,0.66256,0.45071,0.51688,0.20855,4.38043,1.67067,1.74275,0.0088615,0.0088615,0.0088615
117,482.788,4.15595,1.16175,1.74626,0.69698,0.44934,0.52692,0.22535,4.19713,1.49096,1.73648,0.0088516,0.0088516,0.0088516
118,486.772,4.97363,1.30175,1.71358,0.61912,0.37602,0.45988,0.18594,4.42073,1.39336,1.74683,0.0088417,0.0088417,0.0088417
119,490.903,4.51267,1.25871,1.79135,0.66021,0.40102,0.48384,0.20376,4.32316,1.39883,1.75211,0.0088318,0.0088318,0.0088318
120,495.089,3.95552,1.16918,1.86473,0.63532,0.41763,0.49189,0.20101,4.30154,1.5036,1.74015,0.0088219,0.0088219,0.0088219
121,499.41,4.16652,1.12847,1.76938,0.64712,0.40843,0.48897,0.19938,4.35021,1.54333,1.74485,0.008812,0.008812,0.008812
122,503.554,4.10977,1.13311,1.75336,0.64122,0.41118,0.48768,0.20469,4.30582,1.45909,1.74142,0.0088021,0.0088021,0.0088021
123,507.422,4.50749,1.1393,1.70267,0.65037,0.4131,0.4891,0.20113,4.34882,1.36032,1.74314,0.0087922,0.0087922,0.0087922
124,511.273,4.22784,1.04532,1.76628,0.59795,0.35588,0.42617,0.16417,nan,nan,nan,0.0087823,0.0087823,0.0087823
125,515.219,4.23261,1.19564,1.86571,0.42584,0.22652,0.26879,0.09109,nan,nan,nan,0.0087724,0.0087724,0.0087724
126,519.281,4.20805,1.12028,1.75748,0.66541,0.43506,0.51603,0.22144,4.17844,1.23709,1.73531,0.0087625,0.0087625,0.0087625
127,523.605,4.45737,1.12691,1.78936,0.6703,0.42518,0.51118,0.21707,4.2376,1.19734,1.73529,0.0087526,0.0087526,0.0087526
128,527.851,3.5774,1.06075,1.8409,0.53691,0.34253,0.39195,0.13617,5.01653,1.42569,1.76604,0.0087427,0.0087427,0.0087427
129,531.561,4.39919,1.12145,1.76796,0.59476,0.37974,0.44095,0.16115,4.92724,1.35164,1.77211,0.0087328,0.0087328,0.0087328
130,536.053,4.12408,1.15059,1.80027,0.43155,0.25439,0.27541,0.07772,5.78514,1.76019,1.84471,0.0087229,0.0087229,0.0087229
131,540.026,4.65115,1.23355,1.74832,0.40273,0.25096,0.26144,0.07304,5.83458,1.77174,1.84835,0.008713,0.008713,0.008713
132,544.218,4.2667,1.12872,1.74562,0.5214,0.35597,0.40027,0.14355,4.79941,1.46666,1.7706,0.0087031,0.0087031,0.0087031
133,548.507,3.77559,1.12547,1.8496,0.5128,0.345,0.39829,0.14647,4.80186,1.55277,1.77087,0.0086932,0.0086932,0.0086932
134,552.752,3.56536,1.02137,1.81621,0.52227,0.34054,0.39464,0.1402,4.9294,1.58209,1.77601,0.0086833,0.0086833,0.0086833
135,556.846,4.28059,1.16073,1.73528,0.53724,0.33279,0.38711,0.1351,4.99624,1.55051,1.77743,0.0086734,0.0086734,0.0086734
136,561.402,4.00573,1.12288,1.77554,0.64643,0.41941,0.48807,0.19829,4.57308,1.25393,1.75208,0.0086635,0.0086635,0.0086635
137,565.778,4.26231,1.13681,1.79275,0.66066,0.43433,0.50796,0.21067,4.33962,1.2469,1.73654,0.0086536,0.0086536,0.0086536
138,570.378,4.76078,1.24972,1.72105,0.64775,0.44962,0.51171,0.21565,4.15312,1.2563,1.73289,0.0086437,0.0086437,0.0086437
139,574.509,3.90342,1.11058,1.81644,0.64899,0.43451,0.49863,0.19706,4.35415,1.22948,1.73305,0.0086338,0.0086338,0.0086338
140,578.858,4.16164,1.10684,1.74254,0.66189,0.43589,0.5096,0.22212,4.24563,1.30011,1.7552,0.0086239,0.0086239,0.0086239
141,582.76,3.98488,1.05658,1.77396,0.6316,0.40747,0.47833,0.20542,4.30873,1.49782,1.7567,0.008614,0.008614,0.008614
142,587,3.75801,1.03448,1.77131,0.62943,0.43383,0.50796,0.21623,4.30727,1.27407,1.75675,0.0086041,0.0086041,0.0086041
143,591.043,4.01519,1.0218,1.73846,0.6345,0.4341,0.50758,0.21073,4.32766,1.3382,1.74532,0.0085942,0.0085942,0.0085942
144,595.41,4.41746,1.14194,1.74271,0.66574,0.44385,0.51993,0.2145,4.39789,1.23699,1.74787,0.0085843,0.0085843,0.0085843
145,599.584,3.88673,1.12231,1.84126,0.65891,0.43973,0.51631,0.21677,nan,nan,nan,0.0085744,0.0085744,0.0085744
146,604.156,3.68334,1.11804,1.90859,0.62113,0.40843,0.47814,0.19209,nan,nan,nan,0.0085645,0.0085645,0.0085645
147,607.902,3.98313,1.05577,1.78702,0.57574,0.39127,0.44416,0.18613,nan,nan,nan,0.0085546,0.0085546,0.0085546
148,612.346,3.80713,1.10929,1.79551,0.63131,0.39347,0.46051,0.19163,4.36152,1.30055,1.74988,0.0085447,0.0085447,0.0085447
149,616.591,3.92568,1.1042,1.85435,0.15333,0.01263,0.08533,0.0349,nan,nan,nan,0.0085348,0.0085348,0.0085348
150,620.667,3.77561,1.1324,1.83915,0,0,0,0,nan,nan,nan,0.0085249,0.0085249,0.0085249
151,624.596,4.08063,1.10704,1.79975,0,0,0,0,nan,nan,nan,0.008515,0.008515,0.008515
152,629.193,4.26593,1.17325,1.79526,0.00167,0.00014,0.00084,0.00017,nan,nan,nan,0.0085051,0.0085051,0.0085051
153,633.148,3.79205,1.0508,1.76051,0,0,0,0,nan,nan,nan,0.0084952,0.0084952,0.0084952
154,637.271,4.12939,1.08821,1.76052,0.11494,0.1237,0.08382,0.03361,nan,nan,nan,0.0084853,0.0084853,0.0084853
155,641.364,3.97749,1.19623,1.86127,0.10676,0.13852,0.09855,0.03789,nan,nan,nan,0.0084754,0.0084754,0.0084754
156,646.029,3.83296,1.05722,1.80943,0.35066,0.24108,0.25385,0.09745,nan,nan,nan,0.0084655,0.0084655,0.0084655
157,650.431,4.44402,1.24406,1.76504,0.32284,0.23078,0.22932,0.08784,nan,nan,nan,0.0084556,0.0084556,0.0084556
158,654.421,3.61688,1.02889,1.84463,0.47889,0.25031,0.30473,0.11572,nan,nan,nan,0.0084457,0.0084457,0.0084457
159,657.987,4.32511,1.12262,1.75299,0.49632,0.26208,0.32212,0.12421,nan,nan,nan,0.0084358,0.0084358,0.0084358
160,662.326,3.86761,1.07316,1.7891,0.56076,0.36999,0.43095,0.16966,nan,nan,nan,0.0084259,0.0084259,0.0084259
161,666.19,4.1654,1.16413,1.78059,0.57633,0.37762,0.44284,0.1689,nan,nan,nan,0.008416,0.008416,0.008416
162,670.458,3.75065,1.10299,1.83832,0.58658,0.37658,0.43263,0.1568,4.81367,1.45802,1.76519,0.0084061,0.0084061,0.0084061
163,674.265,3.73097,1.05105,1.80035,0.60964,0.38619,0.45519,0.17637,4.53748,1.72251,1.75819,0.0083962,0.0083962,0.0083962
164,678.175,4.47494,1.20679,1.72911,0.63083,0.42518,0.49417,0.20342,4.28924,1.4905,1.73649,0.0083863,0.0083863,0.0083863
165,682.515,4.06579,1.16844,1.80911,0.63611,0.44289,0.50804,0.20575,4.33254,1.36366,1.73262,0.0083764,0.0083764,0.0083764
166,686.171,4.63343,1.18248,1.73645,0.49728,0.3501,0.39793,0.14118,5.10697,1.69541,1.77814,0.0083665,0.0083665,0.0083665
167,690.885,4.0103,1.15497,1.83989,0.40844,0.35008,0.35295,0.11806,5.38158,2.05546,1.79458,0.0083566,0.0083566,0.0083566
168,694.945,3.71753,1.075,1.78857,0.29931,0.33292,0.29251,0.11254,5.07901,2.83985,1.80383,0.0083467,0.0083467,0.0083467
169,698.538,4.01107,1.07876,1.75086,0.44378,0.29596,0.33931,0.13054,4.98287,1.98435,1.79936,0.0083368,0.0083368,0.0083368
170,702.671,3.86892,1.04693,1.80057,0.48456,0.32578,0.36075,0.12878,5.3719,1.68941,1.83677,0.0083269,0.0083269,0.0083269
171,706.235,4.25294,1.10384,1.74303,0.48384,0.31617,0.34805,0.12401,5.32865,1.68466,1.82897,0.008317,0.008317,0.008317
172,710.612,3.80454,1.09965,1.81782,0.5764,0.37919,0.44359,0.17415,4.69051,1.46226,1.77326,0.0083071,0.0083071,0.0083071
173,714.443,4.40192,1.14136,1.77707,0.53785,0.40225,0.4536,0.17867,4.7064,1.63167,1.76952,0.0082972,0.0082972,0.0082972
174,718.133,4.00572,1.10696,1.73448,0.30253,0.14868,0.13132,0.05323,5.1863,4.82659,1.9058,0.0082873,0.0082873,0.0082873
175,722.343,4.58717,1.16837,1.76574,0.3944,0.19028,0.20591,0.0834,5.12848,3.3501,1.87887,0.0082774,0.0082774,0.0082774
176,726.642,3.43734,1.01843,1.82322,0.35873,0.14621,0.16441,0.06741,5.12048,3.26121,1.91893,0.0082675,0.0082675,0.0082675
177,731.132,4.58263,1.1875,1.73472,0.53434,0.25467,0.31291,0.1224,4.89281,2.58867,1.82025,0.0082576,0.0082576,0.0082576
178,735.37,4.02981,1.13693,1.81025,0.56991,0.37273,0.46029,0.1773,4.76662,1.66983,1.76744,0.0082477,0.0082477,0.0082477
179,739.057,4.03513,1.06065,1.74676,0.55202,0.39951,0.45773,0.17486,4.65729,1.49141,1.76209,0.0082378,0.0082378,0.0082378
180,743.099,4.05028,1.10434,1.76793,0.61375,0.42422,0.48715,0.19004,4.48243,1.28423,1.75436,0.0082279,0.0082279,0.0082279
181,747.306,3.90023,1.10484,1.7963,0.58117,0.40637,0.45727,0.1691,4.56811,1.2623,1.75464,0.008218,0.008218,0.008218
182,751.407,3.8666,1.02371,1.74021,0.59622,0.42834,0.4847,0.18026,4.598,1.27167,1.73508,0.0082081,0.0082081,0.0082081
183,755.36,3.67447,1.02169,1.8098,0.63279,0.44454,0.51637,0.21206,4.28204,1.23053,1.72192,0.0081982,0.0081982,0.0081982
184,759.153,4.06832,1.11026,1.76768,0.57424,0.40761,0.44804,0.15593,4.73974,1.24193,1.7509,0.0081883,0.0081883,0.0081883
185,763.258,3.96485,1.09274,1.84483,0.55945,0.3818,0.42406,0.14503,4.80335,1.28096,1.75732,0.0081784,0.0081784,0.0081784
186,767.277,4.56354,1.10202,1.70121,0.60235,0.40143,0.46035,0.16967,4.66221,1.32102,1.74499,0.0081685,0.0081685,0.0081685
187,771.877,4.68033,1.28517,1.76524,0.60217,0.42312,0.4828,0.17911,4.64607,1.40969,1.73908,0.0081586,0.0081586,0.0081586
188,776.596,3.84454,1.11687,1.82985,0.6329,0.43671,0.5118,0.20593,4.25818,1.23511,1.7317,0.0081487,0.0081487,0.0081487
189,781.471,4.36865,1.12596,1.77084,0.65801,0.42872,0.51002,0.20672,4.18965,1.17016,1.73024,0.0081388,0.0081388,0.0081388
190,785.423,3.65158,1.04075,1.78859,0.59575,0.41886,0.4764,0.18017,4.42037,1.2122,1.73582,0.0081289,0.0081289,0.0081289
191,789.601,3.69431,1.003,1.77226,0.63284,0.4536,0.52611,0.22051,4.14042,1.14074,1.72953,0.008119,0.008119,0.008119
192,793.983,4.16,1.0982,1.74548,0.67847,0.45181,0.53674,0.23367,4.24732,1.13099,1.73141,0.0081091,0.0081091,0.0081091
193,798.233,3.8964,1.0587,1.76033,0.70996,0.46046,0.55495,0.25021,3.97965,1.06487,1.71963,0.0080992,0.0080992,0.0080992
194,802.612,3.74874,1.02224,1.79628,0.67515,0.47666,0.55318,0.24954,3.92926,1.16281,1.72273,0.0080893,0.0080893,0.0080893
195,806.702,3.5725,0.99968,1.79248,0.68535,0.47639,0.55808,0.25052,3.87506,1.11796,1.71484,0.0080794,0.0080794,0.0080794
196,811.12,3.73029,1.04912,1.77442,0.64002,0.46266,0.53915,0.23669,3.99113,1.24925,1.72026,0.0080695,0.0080695,0.0080695
197,814.908,3.63468,0.97525,1.76224,0.63995,0.4536,0.53653,0.23982,3.94737,1.30801,1.71601,0.0080596,0.0080596,0.0080596
198,819.511,3.89675,1.00233,1.70397,0.68509,0.46623,0.54694,0.24375,4.0142,1.14885,1.7261,0.0080497,0.0080497,0.0080497
199,823.652,3.35687,0.99849,1.84583,0.68991,0.46765,0.55443,0.25113,3.95891,1.23044,1.71261,0.0080398,0.0080398,0.0080398
200,827.84,3.90849,1.08141,1.84497,0.62323,0.42614,0.50388,0.21635,4.22438,1.94104,1.73444,0.0080299,0.0080299,0.0080299
201,856.674,3.64334,1.11087,1.83223,0.67054,0.44055,0.52232,0.22226,4.24207,1.37741,1.73194,0.00802,0.00802,0.00802
202,861.445,3.71196,1.01717,1.76763,0.63448,0.44165,0.5079,0.21286,4.33407,1.20921,1.74169,0.0080101,0.0080101,0.0080101
203,865.479,3.82096,1.05057,1.74372,0.62978,0.41955,0.48873,0.19651,4.52736,1.3002,1.75321,0.0080002,0.0080002,0.0080002
204,869.468,4.06363,1.08709,1.72711,0.64815,0.41776,0.48922,0.20252,4.50802,1.3719,1.7568,0.0079903,0.0079903,0.0079903
205,873.901,3.63293,1.0409,1.802,0.6522,0.44577,0.51689,0.21247,4.49547,1.22115,1.74528,0.0079804,0.0079804,0.0079804
206,878.34,3.78163,1.10714,1.8481,0.66887,0.46617,0.54952,0.23878,4.16701,1.19152,1.72809,0.0079705,0.0079705,0.0079705
207,882.742,3.87423,1.09048,1.7506,0.67573,0.43829,0.55005,0.23911,4.08921,1.43626,1.72039,0.0079606,0.0079606,0.0079606
208,887.325,3.79523,1.05915,1.83872,0.65191,0.45113,0.53963,0.23125,4.14989,1.38476,1.72289,0.0079507,0.0079507,0.0079507
209,891.46,3.91201,1.09716,1.7885,0.67352,0.47042,0.55579,0.24628,4.00822,1.18477,1.72007,0.0079408,0.0079408,0.0079408
210,895.859,3.77841,1.07913,1.83672,0.64481,0.45854,0.53643,0.23672,4.08198,1.16539,1.72076,0.0079309,0.0079309,0.0079309
211,900.005,3.84699,1.02321,1.72564,0.60192,0.45291,0.52622,0.2294,4.00749,1.29638,1.71603,0.007921,0.007921,0.007921
212,904.296,4.20217,1.11088,1.71984,0.64386,0.45923,0.54087,0.24087,4.07726,1.26727,1.71278,0.0079111,0.0079111,0.0079111
213,907.979,3.62178,0.99974,1.72312,0.66566,0.47748,0.56088,0.25426,3.97631,1.15454,1.70684,0.0079012,0.0079012,0.0079012
214,912.463,3.73748,1.01343,1.76377,0.69065,0.4849,0.57125,0.25899,3.88139,1.07996,1.71062,0.0078913,0.0078913,0.0078913
215,916.569,3.51622,0.98651,1.78228,0.68808,0.48462,0.57336,0.26441,3.85646,1.05381,1.70894,0.0078814,0.0078814,0.0078814
216,920.649,3.50866,0.98154,1.75631,0.65378,0.47282,0.54758,0.2218,4.13303,1.07857,1.70852,0.0078715,0.0078715,0.0078715
217,924.78,3.81218,1.02561,1.72967,0.6673,0.46458,0.54355,0.23121,4.05341,1.07632,1.70652,0.0078616,0.0078616,0.0078616
218,929.169,3.70727,1.05319,1.76955,0.6869,0.47845,0.56028,0.25759,3.88138,1.04036,1.70466,0.0078517,0.0078517,0.0078517
219,932.887,4.66201,1.19588,1.6947,0.69093,0.47762,0.56615,0.26024,3.89329,1.04467,1.70254,0.0078418,0.0078418,0.0078418
220,937.348,4.22754,1.12383,1.74065,0.67846,0.47076,0.56095,0.24281,3.92911,1.06484,1.69879,0.0078319,0.0078319,0.0078319
221,941.754,4.22119,1.11335,1.71897,0.68926,0.47501,0.56526,0.25204,3.88566,1.02916,1.69906,0.007822,0.007822,0.007822
222,946.074,3.37502,1.04249,1.75962,0.66724,0.47282,0.54804,0.23509,3.9465,1.04519,1.70486,0.0078121,0.0078121,0.0078121
223,950.414,3.73028,0.97222,1.75957,0.68871,0.49023,0.5718,0.25892,3.80951,1.0235,1.69941,0.0078022,0.0078022,0.0078022
224,954.337,3.73717,1.03275,1.75101,0.68395,0.49959,0.57737,0.25502,3.80466,1.00962,1.69436,0.0077923,0.0077923,0.0077923
225,957.912,4.02108,1.04123,1.72779,0.6851,0.49821,0.57824,0.25721,3.80337,1.00973,1.69377,0.0077824,0.0077824,0.0077824
226,962.357,3.78346,1.05597,1.7814,0.66795,0.49047,0.56414,0.23444,4.05098,1.04836,1.71186,0.0077725,0.0077725,0.0077725
227,966.497,3.47537,0.97204,1.78676,0.66232,0.49712,0.57145,0.24775,3.9168,1.03219,1.70648,0.0077626,0.0077626,0.0077626
228,970.183,4.27049,1.0315,1.712,0.67242,0.50371,0.58047,0.25676,3.96524,1.07842,1.71343,0.0077527,0.0077527,0.0077527
229,974.613,3.56329,1.00485,1.79909,0.66331,0.49198,0.57003,0.25099,3.96925,1.0758,1.70761,0.0077428,0.0077428,0.0077428
230,979.008,3.92195,1.00589,1.76584,0.66597,0.48421,0.56211,0.24349,4.0029,1.06726,1.7085,0.0077329,0.0077329,0.0077329
231,983.292,3.51825,1.0032,1.80803,0.69773,0.48407,0.5765,0.26033,3.956,1.05184,1.70824,0.007723,0.007723,0.007723
232,987.231,4.0032,1.02787,1.74667,0.67007,0.46842,0.55503,0.24998,3.92556,1.03686,1.70712,0.0077131,0.0077131,0.0077131
233,991.771,3.65126,0.96563,1.76419,0.63987,0.46077,0.54146,0.24246,3.86096,1.09185,1.70239,0.0077032,0.0077032,0.0077032
234,995.836,3.79014,1.03022,1.78725,0.67056,0.47812,0.56755,0.25795,3.85781,1.02499,1.69889,0.0076933,0.0076933,0.0076933
235,1000.23,3.84079,1.04399,1.76998,0.67485,0.48174,0.57117,0.26253,3.82013,1.0137,1.7009,0.0076834,0.0076834,0.0076834
236,1003.99,3.60314,0.96558,1.7196,0.68864,0.49808,0.58373,0.26844,3.7643,0.99235,1.69689,0.0076735,0.0076735,0.0076735
237,1007.56,4.06728,1.04294,1.70131,0.69724,0.49639,0.58377,0.26353,3.80942,0.9976,1.6967,0.0076636,0.0076636,0.0076636
238,1011.75,3.56891,0.99752,1.82275,0.71092,0.49602,0.5881,0.26597,3.84272,1.0202,1.70378,0.0076537,0.0076537,0.0076537
239,1015.7,3.8431,1.03315,1.76425,0.71641,0.486,0.58314,0.26639,3.84242,1.02312,1.70148,0.0076438,0.0076438,0.0076438
240,1020.03,3.55806,1.06624,1.81981,0.69189,0.48133,0.56784,0.25708,3.85742,1.01801,1.70988,0.0076339,0.0076339,0.0076339
241,1024.19,3.93256,1.02123,1.71223,0.67914,0.47742,0.55832,0.24591,3.99813,1.08665,1.71487,0.007624,0.007624,0.007624
242,1028.11,3.79317,1.03193,1.74699,0.6745,0.47131,0.54907,0.24319,3.96735,1.09339,1.70562,0.0076141,0.0076141,0.0076141
243,1032.9,3.55541,0.92645,1.72183,0.66143,0.46032,0.53287,0.22917,4.09915,1.11555,1.71367,0.0076042,0.0076042,0.0076042
244,1036.72,3.95817,1.02621,1.70556,0.68408,0.46472,0.54951,0.24632,3.97573,1.05765,1.71197,0.0075943,0.0075943,0.0075943
245,1040.54,4.26921,1.10244,1.69351,0.69405,0.46952,0.56076,0.24908,4.00722,1.03925,1.70936,0.0075844,0.0075844,0.0075844
246,1044.57,3.47186,0.97564,1.773,0.69632,0.48162,0.57205,0.26785,3.79923,0.99887,1.70162,0.0075745,0.0075745,0.0075745
247,1048.36,4.34859,1.03637,1.68752,0.66713,0.46719,0.54915,0.24105,4.02255,1.03114,1.71038,0.0075646,0.0075646,0.0075646
248,1052.78,4.54858,1.13564,1.70537,0.66376,0.46225,0.54141,0.22748,4.05426,1.05621,1.71465,0.0075547,0.0075547,0.0075547
249,1056.66,4.15115,1.04136,1.69513,0.67204,0.46266,0.54555,0.23699,4.01892,1.05745,1.71505,0.0075448,0.0075448,0.0075448
250,1061.01,3.24703,0.93434,1.7915,0.66051,0.46815,0.54171,0.23528,4.06765,1.11742,1.72473,0.0075349,0.0075349,0.0075349
251,1065.21,3.97812,1.01045,1.71168,0.68008,0.46774,0.54828,0.23997,4.04172,1.09604,1.72459,0.007525,0.007525,0.007525
252,1069.41,3.89477,1.02962,1.7384,0.68364,0.48447,0.56907,0.25503,3.89236,1.04245,1.7104,0.0075151,0.0075151,0.0075151
253,1073.3,4.07247,1.02134,1.73067,0.61622,0.45962,0.52198,0.20234,4.23659,1.10874,1.72209,0.0075052,0.0075052,0.0075052
254,1077.25,3.62276,0.96959,1.77875,0.68093,0.46291,0.54532,0.2344,4.07332,1.09716,1.72339,0.0074953,0.0074953,0.0074953
255,1081.1,3.85831,1.00764,1.71984,0.67699,0.46412,0.53972,0.22979,4.17498,1.13167,1.72964,0.0074854,0.0074854,0.0074854
256,1085.57,4.0568,1.07742,1.80465,0.63406,0.44948,0.52246,0.21618,4.28232,1.19794,1.7341,0.0074755,0.0074755,0.0074755
257,1089.65,3.61399,1.0277,1.81119,0.63455,0.46842,0.54349,0.23951,3.9885,1.14054,1.71757,0.0074656,0.0074656,0.0074656
258,1093.68,3.64318,0.9583,1.73488,0.63795,0.4908,0.55821,0.24331,3.94524,1.08401,1.70954,0.0074557,0.0074557,0.0074557
259,1097.99,3.91572,1.02263,1.78097,0.65281,0.48202,0.55741,0.23745,4.05914,1.08167,1.71021,0.0074458,0.0074458,0.0074458
260,1101.71,4.54946,1.09896,1.70318,0.6831,0.49863,0.57844,0.26741,3.79626,1.02057,1.70188,0.0074359,0.0074359,0.0074359
261,1105.74,4.40799,1.08676,1.67237,0.678,0.5059,0.57849,0.2664,3.79859,1.02465,1.70368,0.007426,0.007426,0.007426
262,1110.14,3.41337,0.95732,1.75191,0.69662,0.49066,0.57585,0.2649,3.86653,1.04991,1.70253,0.0074161,0.0074161,0.0074161
263,1113.84,3.76155,0.92832,1.71586,0.70297,0.489,0.57672,0.26878,3.79767,1.03715,1.70012,0.0074062,0.0074062,0.0074062
264,1118.57,3.64837,0.97721,1.7102,0.65981,0.46362,0.54539,0.22806,4.07756,1.09961,1.71585,0.0073963,0.0073963,0.0073963
265,1122.58,4.53734,1.15722,1.66478,0.68037,0.46318,0.54967,0.23875,4.01898,1.08061,1.7164,0.0073864,0.0073864,0.0073864
266,1127.35,3.93231,1.00127,1.69355,0.65039,0.47076,0.54942,0.24566,3.92071,1.06439,1.70847,0.0073765,0.0073765,0.0073765
267,1131.53,3.52784,1.00854,1.78272,0.67178,0.48077,0.56007,0.24864,3.9227,1.0455,1.71068,0.0073666,0.0073666,0.0073666
268,1135.56,3.98131,1.02889,1.69114,0.6806,0.49876,0.57171,0.26345,3.85944,1.04263,1.70975,0.0073567,0.0073567,0.0073567
269,1140,3.9337,1.05133,1.72996,0.65376,0.48992,0.562,0.25024,3.94179,1.09474,1.71076,0.0073468,0.0073468,0.0073468
270,1144.93,4.07454,1.03208,1.67689,0.68256,0.50947,0.589,0.27361,3.73064,0.96666,1.69768,0.0073369,0.0073369,0.0073369
271,1149.65,4.08764,1.03098,1.72037,0.70485,0.50879,0.58894,0.27177,3.78863,1.01742,1.69801,0.007327,0.007327,0.007327
272,1153.23,3.75672,0.99717,1.73294,0.67863,0.49245,0.56342,0.25809,3.89889,1.02695,1.71676,0.0073171,0.0073171,0.0073171
273,1156.98,4.47076,1.10692,1.65775,0.67896,0.48119,0.55565,0.252,3.92697,1.03536,1.71574,0.0073072,0.0073072,0.0073072
274,1161.05,3.64882,1.0209,1.78215,0.68159,0.49643,0.57269,0.27244,3.71568,1.00361,1.69758,0.0072973,0.0072973,0.0072973
275,1164.44,3.36293,0.93218,1.72706,0.67848,0.48004,0.56325,0.26095,3.78322,1.00896,1.69896,0.0072874,0.0072874,0.0072874
276,1169.17,3.47935,0.95194,1.77891,0.69742,0.46362,0.55995,0.26272,3.77096,1.0672,1.70488,0.0072775,0.0072775,0.0072775
277,1173.78,3.529,1.01398,1.76684,0.7053,0.48737,0.57269,0.26816,3.80165,1.03223,1.70964,0.0072676,0.0072676,0.0072676
278,1178.22,3.90173,1.09788,1.78316,0.67444,0.47845,0.55386,0.23761,4.02015,1.12041,1.72168,0.0072577,0.0072577,0.0072577
279,1182.3,3.74508,1.10512,1.76358,0.65841,0.46691,0.53828,0.22958,4.02533,1.13199,1.72136,0.0072478,0.0072478,0.0072478
280,1186.23,3.64329,1.03276,1.75217,0.66954,0.47817,0.54953,0.25177,3.85729,1.10658,1.70743,0.0072379,0.0072379,0.0072379
281,1191.31,3.38372,1.02296,1.866,0.69834,0.47896,0.56099,0.25575,3.88723,1.11507,1.7112,0.007228,0.007228,0.007228
282,1195.63,3.84073,1.0092,1.74441,0.69157,0.48462,0.57116,0.25662,3.764,1.06408,1.69784,0.0072181,0.0072181,0.0072181
283,1199.86,3.53627,0.96915,1.77737,0.65623,0.47433,0.55128,0.2395,3.86511,1.09621,1.69902,0.0072082,0.0072082,0.0072082
284,1204.05,3.68213,1.02666,1.77833,0.65866,0.4816,0.5593,0.25666,3.78678,1.10939,1.69701,0.0071983,0.0071983,0.0071983
285,1208.48,4.06619,1.10117,1.77211,0.6984,0.47623,0.57079,0.26498,3.75909,1.08321,1.69704,0.0071884,0.0071884,0.0071884
286,1212.75,3.88942,1.00011,1.69232,0.70138,0.48786,0.57515,0.26499,3.8178,1.07498,1.70315,0.0071785,0.0071785,0.0071785
287,1216.66,4.2227,1.01955,1.68005,0.69116,0.48929,0.56783,0.25939,3.78349,1.05789,1.70437,0.0071686,0.0071686,0.0071686
288,1220.36,3.91541,1.0499,1.70012,0.70785,0.49129,0.57952,0.26437,3.76792,1.01884,1.70069,0.0071587,0.0071587,0.0071587
289,1224.85,4.28452,1.14085,1.73496,0.69522,0.50325,0.58112,0.26432,3.85712,1.04386,1.70612,0.0071488,0.0071488,0.0071488
290,1229.43,3.56143,1.02032,1.82234,0.69862,0.49581,0.58119,0.26661,3.80433,1.04266,1.70123,0.0071389,0.0071389,0.0071389
291,1233.31,3.7037,1.01516,1.71179,0.69109,0.48833,0.58044,0.26524,3.83133,1.04038,1.69933,0.007129,0.007129,0.007129
292,1237.33,3.86408,0.9926,1.70761,0.62632,0.45277,0.53438,0.24022,3.85478,1.35336,1.70756,0.0071191,0.0071191,0.0071191
293,1241.08,4.06353,1.04143,1.71619,0.62363,0.46472,0.53878,0.2345,3.91737,1.2841,1.70867,0.0071092,0.0071092,0.0071092
294,1245.15,3.78671,0.9648,1.69056,0.67895,0.50069,0.58148,0.26848,3.76137,1.03787,1.69678,0.0070993,0.0070993,0.0070993
295,1249.06,3.86973,1.00852,1.7242,0.68074,0.50231,0.58639,0.27279,3.74611,1.0483,1.69832,0.0070894,0.0070894,0.0070894
296,1253.19,3.7541,0.95145,1.68091,0.67763,0.49629,0.57625,0.26267,3.83731,0.98377,1.69516,0.0070795,0.0070795,0.0070795
297,1257.28,3.84701,0.98632,1.6938,0.69455,0.50027,0.58394,0.27036,3.7553,0.99947,1.69439,0.0070696,0.0070696,0.0070696
298,1261.06,3.8815,1.01661,1.68993,0.65345,0.48655,0.56241,0.24134,3.90262,1.02897,1.69784,0.0070597,0.0070597,0.0070597
299,1264.55,3.70826,0.95864,1.72092,0.65032,0.47158,0.55169,0.2278,4.04575,1.03687,1.70367,0.0070498,0.0070498,0.0070498
300,1268.39,3.66551,0.94268,1.67505,0.67205,0.47845,0.5676,0.25794,3.81831,1.00995,1.70453,0.0070399,0.0070399,0.0070399
301,1272.54,3.48767,0.95707,1.76345,0.68194,0.49602,0.58294,0.26792,3.76475,0.97965,1.69676,0.00703,0.00703,0.00703
302,1276.9,3.52028,0.94095,1.72398,0.70462,0.49712,0.5882,0.26668,3.80584,1.02599,1.69141,0.0070201,0.0070201,0.0070201
303,1280.85,3.50519,0.93425,1.75606,0.68949,0.51167,0.59369,0.27554,3.65691,1.01566,1.68519,0.0070102,0.0070102,0.0070102
304,1284.82,3.40484,0.95367,1.75245,0.71559,0.51848,0.60378,0.28806,3.65141,0.97317,1.68739,0.0070003,0.0070003,0.0070003
305,1289.53,3.71671,0.99096,1.78536,0.71503,0.51647,0.60185,0.28396,3.70461,1.00005,1.69323,0.0069904,0.0069904,0.0069904
306,1294.07,3.2939,0.92829,1.8268,0.69987,0.50357,0.58599,0.27665,3.80259,1.14371,1.6994,0.0069805,0.0069805,0.0069805
307,1298.28,3.59811,0.98478,1.72507,0.71379,0.49217,0.58523,0.27362,3.76473,1.07759,1.69896,0.0069706,0.0069706,0.0069706
308,1302.43,3.86123,0.96602,1.69553,0.70376,0.49286,0.58657,0.27824,3.69601,0.99707,1.69386,0.0069607,0.0069607,0.0069607
309,1306.44,3.30152,0.92155,1.74359,0.68651,0.48764,0.58093,0.27378,3.72774,1.04114,1.69124,0.0069508,0.0069508,0.0069508
310,1311.07,3.6241,0.95832,1.69473,0.68321,0.48823,0.57325,0.26503,3.77635,1.04418,1.69647,0.0069409,0.0069409,0.0069409
311,1315.3,3.80574,1.03207,1.77369,0.68177,0.49368,0.57231,0.26454,3.76375,1.02065,1.69588,0.006931,0.006931,0.006931
312,1319,4.04246,1.08813,1.69074,0.66966,0.49314,0.56852,0.26261,3.66689,0.96999,1.69118,0.0069211,0.0069211,0.0069211
313,1323.46,3.16954,0.92523,1.79667,0.68854,0.50927,0.58734,0.27885,3.6675,0.97303,1.69199,0.0069112,0.0069112,0.0069112
314,1327.57,3.44352,0.91057,1.74199,0.70337,0.50741,0.59453,0.27784,3.70273,1.02606,1.69206,0.0069013,0.0069013,0.0069013
315,1331.74,3.58362,0.95279,1.73206,0.69331,0.50453,0.58723,0.26734,3.79479,1.04456,1.69484,0.0068914,0.0068914,0.0068914
316,1336.03,3.82696,1.01906,1.71723,0.69222,0.50879,0.59342,0.2795,3.62726,1.03397,1.6873,0.0068815,0.0068815,0.0068815
317,1339.89,3.75621,1.02422,1.69789,0.69099,0.50039,0.58099,0.27462,3.65759,1.0279,1.687,0.0068716,0.0068716,0.0068716
318,1343.68,3.52794,0.94938,1.72675,0.69223,0.49012,0.5721,0.25958,3.8411,1.03385,1.7,0.0068617,0.0068617,0.0068617
319,1347.74,3.66234,0.94491,1.73598,0.68553,0.49822,0.57629,0.26496,3.78522,1.01438,1.69975,0.0068518,0.0068518,0.0068518
320,1352.19,3.68296,1.08178,1.7959,0.68401,0.48531,0.56815,0.25644,3.80375,1.08591,1.7073,0.0068419,0.0068419,0.0068419
321,1356.02,3.68214,0.96622,1.72532,0.67959,0.48339,0.56159,0.25089,3.89032,1.0883,1.71323,0.006832,0.006832,0.006832
322,1360.16,4.04829,1.07036,1.71671,0.69933,0.47706,0.56633,0.25175,3.84635,1.05888,1.70595,0.0068221,0.0068221,0.0068221
323,1364.54,3.7657,1.01701,1.73518,0.69389,0.47199,0.55857,0.25214,3.81169,1.05435,1.70503,0.0068122,0.0068122,0.0068122
324,1369.08,3.47055,0.93433,1.74726,0.71134,0.46992,0.55036,0.23629,4.02914,1.13857,1.71629,0.0068023,0.0068023,0.0068023
325,1373.14,3.22277,0.90338,1.74749,0.72378,0.4779,0.56168,0.25344,3.87381,1.09698,1.7076,0.0067924,0.0067924,0.0067924
326,1377.39,3.30661,0.91811,1.74571,0.70891,0.49785,0.58711,0.27717,3.62104,0.9654,1.68804,0.0067825,0.0067825,0.0067825
327,1381.25,3.33049,0.92366,1.78806,0.70193,0.50288,0.59133,0.28519,3.60134,0.94656,1.68717,0.0067726,0.0067726,0.0067726
328,1385.12,3.37398,0.96501,1.81015,0.66875,0.5092,0.58569,0.27256,3.68719,0.96874,1.69176,0.0067627,0.0067627,0.0067627
329,1388.93,4.40737,1.0747,1.66173,0.66874,0.51218,0.58496,0.2657,3.77147,0.9888,1.69836,0.0067528,0.0067528,0.0067528
330,1393.17,3.55178,0.94002,1.72588,0.71295,0.50906,0.59579,0.2815,3.61276,0.97834,1.69525,0.0067429,0.0067429,0.0067429
331,1397.21,3.96163,0.98383,1.66997,0.7093,0.49423,0.58334,0.268,3.69699,0.98878,1.6908,0.006733,0.006733,0.006733
332,1401.48,3.41745,0.96645,1.7466,0.70533,0.49561,0.58669,0.27372,3.66542,0.98787,1.68503,0.0067231,0.0067231,0.0067231
333,1405.77,3.56352,0.96286,1.71303,0.70809,0.49341,0.58465,0.27435,3.67843,0.97181,1.68323,0.0067132,0.0067132,0.0067132
334,1409.82,3.90735,1.02323,1.66886,0.6877,0.49822,0.58274,0.27224,3.65736,0.95805,1.68491,0.0067033,0.0067033,0.0067033
335,1414.07,3.45019,0.94531,1.77565,0.71168,0.50467,0.59521,0.2842,3.60339,0.95264,1.68616,0.0066934,0.0066934,0.0066934
336,1418.62,3.60449,0.98603,1.76138,0.7085,0.49094,0.58433,0.26867,3.65579,0.97082,1.68776,0.0066835,0.0066835,0.0066835
337,1423.1,3.36627,0.89432,1.69844,0.71105,0.49967,0.59359,0.28132,3.60106,0.94267,1.68504,0.0066736,0.0066736,0.0066736
338,1427.45,3.39499,0.90018,1.7301,0.70632,0.51179,0.6026,0.28883,3.60804,0.94777,1.68693,0.0066637,0.0066637,0.0066637
339,1431.57,3.86741,1.01892,1.6803,0.71074,0.51373,0.60636,0.29356,3.57398,0.94955,1.68446,0.0066538,0.0066538,0.0066538
340,1435.66,3.48364,0.88373,1.70053,0.70589,0.50426,0.59465,0.27721,3.66745,0.97053,1.68686,0.0066439,0.0066439,0.0066439
341,1440,3.39342,0.92904,1.73747,0.7313,0.51057,0.60282,0.28453,3.72404,0.98289,1.69137,0.006634,0.006634,0.006634
342,1443.99,3.37117,0.90886,1.7399,0.69272,0.50696,0.59348,0.27362,3.66357,0.9825,1.68741,0.0066241,0.0066241,0.0066241
343,1473.8,3.41817,0.94317,1.74194,0.69249,0.49272,0.58582,0.26294,3.75551,1.01456,1.6907,0.0066142,0.0066142,0.0066142
344,1477.96,3.56048,0.95867,1.72558,0.71429,0.5,0.594,0.28481,3.62564,0.95562,1.68811,0.0066043,0.0066043,0.0066043
345,1481.54,3.81193,0.96241,1.66298,0.69761,0.5115,0.59547,0.28096,3.63157,0.94907,1.6867,0.0065944,0.0065944,0.0065944
346,1485.83,3.23337,0.93555,1.77908,0.68805,0.49725,0.58977,0.27879,3.62391,0.97916,1.68909,0.0065845,0.0065845,0.0065845
347,1490.09,3.66752,0.97259,1.71709,0.69922,0.49931,0.59261,0.28199,3.60187,0.97751,1.68944,0.0065746,0.0065746,0.0065746
348,1519.52,3.28566,0.97881,1.85482,0.70675,0.49698,0.59053,0.27996,3.67276,0.96878,1.6908,0.0065647,0.0065647,0.0065647
349,1523.89,3.7496,0.96383,1.72622,0.71301,0.50206,0.59624,0.28544,3.71896,0.97263,1.69347,0.0065548,0.0065548,0.0065548
350,1528.13,4.01892,1.05653,1.75214,0.68325,0.50178,0.58917,0.2697,3.83206,1.01579,1.69794,0.0065449,0.0065449,0.0065449
351,1532.46,3.41472,0.94824,1.75284,0.68133,0.49231,0.57687,0.25542,3.86732,1.02486,1.69787,0.006535,0.006535,0.006535
352,1537.09,4.31434,1.15716,1.75555,0.69482,0.50934,0.59755,0.28754,3.70308,0.95634,1.69352,0.0065251,0.0065251,0.0065251
353,1540.68,3.23039,0.89231,1.72657,0.70783,0.50494,0.59581,0.28341,3.79823,0.95929,1.69869,0.0065152,0.0065152,0.0065152
354,1545.16,3.04761,0.90179,1.82186,0.70435,0.51139,0.60064,0.29192,3.58545,0.97852,1.69149,0.0065053,0.0065053,0.0065053
355,1549.27,3.3736,0.95085,1.77285,0.71012,0.51345,0.6034,0.29125,3.61062,0.97127,1.69026,0.0064954,0.0064954,0.0064954
356,1553.42,3.15271,0.91728,1.77047,0.71397,0.5103,0.5985,0.28253,3.73983,0.9649,1.69412,0.0064855,0.0064855,0.0064855
357,1557.74,3.12872,0.95426,1.80144,0.69931,0.51455,0.59844,0.28982,3.60114,0.92963,1.68649,0.0064756,0.0064756,0.0064756
358,1561.77,3.05035,0.86297,1.74856,0.69676,0.51579,0.60458,0.29127,3.61334,0.93448,1.68885,0.0064657,0.0064657,0.0064657
359,1565.72,3.19595,0.8753,1.70361,0.70411,0.50618,0.60059,0.28953,3.6328,0.99592,1.69177,0.0064558,0.0064558,0.0064558
360,1569.8,3.45151,0.89678,1.69343,0.69737,0.51016,0.60105,0.28364,3.7567,1.03346,1.6902,0.0064459,0.0064459,0.0064459
361,1574.15,3.48872,0.90579,1.72251,0.70743,0.50618,0.59855,0.2862,3.76766,1.01988,1.69368,0.006436,0.006436,0.006436
362,1578.55,3.62599,0.97715,1.70454,0.69003,0.48641,0.57262,0.26613,3.83897,1.03153,1.704,0.0064261,0.0064261,0.0064261
363,1582.77,3.68122,0.98112,1.73111,0.67969,0.4871,0.57415,0.27734,3.62738,1.05022,1.68857,0.0064162,0.0064162,0.0064162
364,1586.82,3.45816,0.94342,1.73376,0.68064,0.50247,0.58351,0.273,3.75743,0.98158,1.69314,0.0064063,0.0064063,0.0064063
365,1590.23,4.31084,1.06552,1.63842,0.69625,0.51357,0.59536,0.28418,3.67875,0.94785,1.6905,0.0063964,0.0063964,0.0063964
366,1618.07,3.72739,0.97399,1.68436,0.70548,0.51689,0.60231,0.29766,3.55258,0.91611,1.68251,0.0063865,0.0063865,0.0063865
367,1622.22,3.34938,0.904,1.71735,0.7072,0.50673,0.59879,0.29338,3.52151,0.92074,1.68152,0.0063766,0.0063766,0.0063766
368,1627.02,3.10223,0.85727,1.72581,0.71709,0.50494,0.60183,0.28807,3.63074,0.94675,1.68649,0.0063667,0.0063667,0.0063667
369,1630.95,3.51365,0.92455,1.72093,0.71633,0.50719,0.60262,0.29107,3.5487,0.93359,1.68319,0.0063568,0.0063568,0.0063568
370,1634.57,3.45997,0.92851,1.67824,0.69796,0.51837,0.59961,0.29083,3.61814,0.98071,1.68331,0.0063469,0.0063469,0.0063469
371,1638.49,3.75821,0.94951,1.66931,0.7294,0.49876,0.59379,0.27747,3.76741,1.02785,1.69393,0.006337,0.006337,0.006337
372,1642.31,3.59842,0.91958,1.71288,0.72588,0.50879,0.59643,0.2809,3.71474,1.00296,1.69402,0.0063271,0.0063271,0.0063271
373,1646.45,3.28032,0.86521,1.6923,0.7217,0.50741,0.5973,0.28314,3.71772,0.96927,1.69034,0.0063172,0.0063172,0.0063172
374,1676.42,3.35589,0.91867,1.73564,0.69404,0.52142,0.59585,0.27855,3.88254,1.04722,1.69704,0.0063073,0.0063073,0.0063073
375,1680.44,3.24816,0.89335,1.70449,0.68591,0.5243,0.60217,0.28903,3.67304,0.95376,1.68991,0.0062974,0.0062974,0.0062974
376,1684.28,3.14057,0.8358,1.73262,0.68958,0.51057,0.58982,0.28083,3.7303,0.97204,1.69487,0.0062875,0.0062875,0.0062875
377,1687.98,3.23237,0.88977,1.74102,0.69593,0.50796,0.59507,0.2887,3.63291,0.93442,1.68819,0.0062776,0.0062776,0.0062776
378,1692.02,4.0002,1.00064,1.67338,0.71615,0.50055,0.59713,0.28144,3.58926,0.91625,1.6823,0.0062677,0.0062677,0.0062677
379,1696,3.8462,0.91385,1.65434,0.72072,0.50632,0.60436,0.28831,3.57344,0.90997,1.68118,0.0062578,0.0062578,0.0062578
380,1700.23,4.05455,1.04403,1.68373,0.7268,0.50934,0.60712,0.29925,3.46768,0.89965,1.67858,0.0062479,0.0062479,0.0062479
381,1704.3,3.42056,0.87329,1.69829,0.7368,0.50329,0.60406,0.29709,3.48751,0.90956,1.68158,0.006238,0.006238,0.006238
382,1708.68,3.35548,0.89637,1.73807,0.72749,0.50288,0.60162,0.29123,3.50591,0.9315,1.6789,0.0062281,0.0062281,0.0062281
383,1712.53,4.11672,1.01241,1.66995,0.72261,0.50137,0.59955,0.28628,3.59457,0.98044,1.68194,0.0062182,0.0062182,0.0062182
384,1716.78,3.42165,0.96756,1.72145,0.7325,0.49863,0.60102,0.29319,3.59943,0.91799,1.68481,0.0062083,0.0062083,0.0062083
385,1720.99,3.32549,0.8673,1.70996,0.7188,0.50027,0.59951,0.29067,3.65099,0.92571,1.69058,0.0061984,0.0061984,0.0061984
386,1725.08,3.67192,0.98524,1.71739,0.70408,0.49767,0.59557,0.28958,3.63001,0.93779,1.69111,0.0061885,0.0061885,0.0061885
387,1729.38,3.48627,0.94173,1.74196,0.71901,0.50027,0.59708,0.28284,3.78001,0.93975,1.6957,0.0061786,0.0061786,0.0061786
388,1733.48,3.44434,0.87811,1.69567,0.72554,0.50755,0.60445,0.28766,3.69211,0.95005,1.6938,0.0061687,0.0061687,0.0061687
389,1737.32,3.53392,0.93436,1.71915,0.73146,0.50894,0.60742,0.29424,3.56485,0.92601,1.68606,0.0061588,0.0061588,0.0061588
390,1742.03,3.72621,0.97544,1.74608,0.70524,0.50824,0.59114,0.26684,3.87362,0.96423,1.70063,0.0061489,0.0061489,0.0061489
391,1746.11,4.12334,1.00843,1.68254,0.72473,0.48641,0.58193,0.25703,3.98461,0.98442,1.70771,0.006139,0.006139,0.006139
392,1750.44,3.52836,0.99599,1.77862,0.69297,0.49981,0.59228,0.2865,3.54687,0.93512,1.6823,0.0061291,0.0061291,0.0061291
393,1754.4,3.75788,0.99474,1.74319,0.68494,0.49616,0.58272,0.27306,3.64323,0.95542,1.68231,0.0061192,0.0061192,0.0061192
394,1758.43,3.5787,1.01493,1.75234,0.7026,0.50453,0.59387,0.28539,3.6568,1.06819,1.6848,0.0061093,0.0061093,0.0061093
395,1762.48,3.28898,0.89521,1.69984,0.71524,0.49973,0.5905,0.2805,3.74371,1.05477,1.68656,0.0060994,0.0060994,0.0060994
396,1766.76,3.45835,0.89163,1.692,0.71044,0.51016,0.59658,0.29103,3.57532,0.93055,1.68361,0.0060895,0.0060895,0.0060895
397,1771,3.45151,0.90082,1.7307,0.70073,0.51469,0.59701,0.29432,3.55747,0.93317,1.68336,0.0060796,0.0060796,0.0060796
398,1775.16,3.27807,0.90231,1.75018,0.70323,0.52864,0.60463,0.28464,3.58198,0.94272,1.67843,0.0060697,0.0060697,0.0060697
399,1779.6,3.14253,0.9068,1.77289,0.67229,0.50554,0.57294,0.24708,3.83281,0.9863,1.6885,0.0060598,0.0060598,0.0060598
400,1783.69,3.58694,0.94988,1.69468,0.70216,0.50206,0.58238,0.26453,3.74225,0.99064,1.69339,0.0060499,0.0060499,0.0060499
401,1812.6,3.99283,1.00086,1.66264,0.72449,0.51977,0.60706,0.29018,3.58433,0.92551,1.68501,0.00604,0.00604,0.00604
402,1817.17,3.77775,1.05012,1.7549,0.70836,0.50371,0.59465,0.28094,3.71754,0.98345,1.69611,0.0060301,0.0060301,0.0060301
403,1821.11,3.48641,0.92546,1.70189,0.69056,0.51318,0.60253,0.28701,3.61127,0.96322,1.6842,0.0060202,0.0060202,0.0060202
404,1824.78,3.46909,0.93177,1.70161,0.70464,0.52012,0.60863,0.29276,3.60119,0.96788,1.68863,0.0060103,0.0060103,0.0060103
405,1828.99,3.30522,0.8951,1.70332,0.70633,0.52361,0.61303,0.29948,3.62949,0.96031,1.68729,0.0060004,0.0060004,0.0060004
406,1833.19,3.61122,0.93564,1.67699,0.70969,0.51812,0.61244,0.29389,3.54081,0.93042,1.68026,0.0059905,0.0059905,0.0059905
407,1837.14,3.32182,0.88795,1.71937,0.70263,0.51122,0.60432,0.28817,3.55362,0.9341,1.68019,0.0059806,0.0059806,0.0059806
408,1841.38,3.49628,0.9608,1.7486,0.70894,0.51016,0.59936,0.28562,3.66393,0.94766,1.6899,0.0059707,0.0059707,0.0059707
409,1845.79,3.23289,0.92781,1.83704,0.71916,0.50755,0.60382,0.28987,3.66795,0.93891,1.68843,0.0059608,0.0059608,0.0059608
410,1849.51,3.5461,0.91416,1.69842,0.70162,0.5246,0.60728,0.29228,3.56124,0.92785,1.68366,0.0059509,0.0059509,0.0059509
411,1853.62,3.41107,0.89321,1.73474,0.71009,0.52658,0.61234,0.29304,3.59715,0.95027,1.68701,0.005941,0.005941,0.005941
412,1858.01,3.60545,0.95257,1.73999,0.71329,0.52457,0.61632,0.29477,3.56204,0.9235,1.6811,0.0059311,0.0059311,0.0059311
413,1862.11,3.15161,0.89351,1.74776,0.71279,0.52801,0.6181,0.29695,3.5865,0.92177,1.68392,0.0059212,0.0059212,0.0059212
414,1866.39,3.53884,0.95404,1.74955,0.72653,0.51208,0.60437,0.28514,3.94005,0.98094,1.69985,0.0059113,0.0059113,0.0059113
415,1870.46,3.70845,0.96769,1.72864,0.72748,0.50275,0.60326,0.28699,3.8574,0.98795,1.69992,0.0059014,0.0059014,0.0059014
416,1874.67,3.39651,0.96422,1.80124,0.67068,0.49712,0.58466,0.26867,3.73705,1.03539,1.68816,0.0058915,0.0058915,0.0058915
417,1878.71,3.84995,0.95493,1.65239,0.66218,0.49785,0.5829,0.26696,3.76195,1.02948,1.69115,0.0058816,0.0058816,0.0058816
418,1882.83,3.72165,0.98424,1.73506,0.67723,0.50357,0.58851,0.28476,3.62486,0.99059,1.68944,0.0058717,0.0058717,0.0058717
419,1887.06,3.35774,0.91736,1.73823,0.68128,0.50358,0.59171,0.28322,3.63611,0.98785,1.68634,0.0058618,0.0058618,0.0058618
420,1891.42,3.16196,0.90672,1.80803,0.69911,0.50233,0.59585,0.28138,3.59751,0.97248,1.68462,0.0058519,0.0058519,0.0058519
421,1894.88,3.61558,0.88418,1.66735,0.69487,0.50988,0.5988,0.28373,3.57315,0.95468,1.68433,0.005842,0.005842,0.005842
422,1898.55,3.35988,0.86797,1.66287,0.73187,0.51139,0.61038,0.29799,3.5306,0.92823,1.68423,0.0058321,0.0058321,0.0058321
423,1903.09,3.37478,0.93878,1.73357,0.71545,0.51881,0.61018,0.2952,3.55127,0.9251,1.68468,0.0058222,0.0058222,0.0058222
424,1907.32,3.47408,0.88787,1.69528,0.71231,0.51716,0.60583,0.29043,3.58435,0.93543,1.68538,0.0058123,0.0058123,0.0058123
425,1911.48,3.53759,0.91602,1.7242,0.73432,0.50923,0.60644,0.28917,3.63532,0.96179,1.68616,0.0058024,0.0058024,0.0058024
426,1915.74,3.20515,0.87754,1.74483,0.71183,0.52856,0.61561,0.29539,3.52369,0.93117,1.68015,0.0057925,0.0057925,0.0057925
427,1919.34,3.19445,0.8343,1.7015,0.70809,0.52004,0.61178,0.29282,3.56117,0.93558,1.6817,0.0057826,0.0057826,0.0057826
428,1923.56,4.25266,1.07057,1.6183,0.69351,0.51579,0.60563,0.28976,3.63502,0.94229,1.68488,0.0057727,0.0057727,0.0057727
429,1927.7,3.56041,0.9059,1.67697,0.69867,0.50288,0.59748,0.28393,3.67427,0.96107,1.68422,0.0057628,0.0057628,0.0057628
430,1932,3.47992,0.94362,1.75112,0.71707,0.51593,0.60513,0.29286,3.58971,0.91378,1.68145,0.0057529,0.0057529,0.0057529
431,1936.39,3.34936,0.88603,1.71605,0.7072,0.51304,0.60293,0.29295,3.60095,0.9313,1.68367,0.005743,0.005743,0.005743
432,1940.51,3.5461,0.9427,1.70938,0.69727,0.50934,0.59342,0.28127,3.61038,0.93143,1.6875,0.0057331,0.0057331,0.0057331
433,1944.17,3.48226,0.8969,1.6703,0.69188,0.50563,0.59171,0.28052,3.62836,0.95039,1.68471,0.0057232,0.0057232,0.0057232
434,1948.17,3.87205,0.98932,1.67515,0.69617,0.52062,0.60961,0.29441,3.55446,0.93025,1.68129,0.0057133,0.0057133,0.0057133
435,1952.7,3.79714,0.9776,1.67779,0.68761,0.52032,0.60913,0.2887,3.59411,0.94256,1.68195,0.0057034,0.0057034,0.0057034
436,1956.66,3.85535,0.99144,1.67505,0.70849,0.52753,0.61777,0.30019,3.51847,0.92667,1.67592,0.0056935,0.0056935,0.0056935
437,1960.63,3.3032,0.85959,1.68109,0.70777,0.53401,0.62073,0.30099,3.51056,0.91297,1.67712,0.0056836,0.0056836,0.0056836
438,1964.62,3.20045,0.85258,1.71804,0.7169,0.52608,0.61436,0.29946,3.54614,0.92867,1.67778,0.0056737,0.0056737,0.0056737
439,1968.85,4.08892,0.98709,1.66099,0.7214,0.51949,0.61188,0.29912,3.5307,0.92503,1.67761,0.0056638,0.0056638,0.0056638
440,1972.76,3.64355,0.93213,1.68477,0.70198,0.49574,0.59175,0.28063,3.60211,0.93224,1.68137,0.0056539,0.0056539,0.0056539
441,1977.13,3.3881,0.95313,1.78377,0.7127,0.49961,0.60004,0.28728,3.63401,0.92114,1.68604,0.005644,0.005644,0.005644
442,1980.74,3.45157,0.86831,1.70195,0.70675,0.51152,0.60376,0.28683,3.69315,0.93583,1.68818,0.0056341,0.0056341,0.0056341
443,1984.84,3.79604,0.97052,1.64329,0.68218,0.51483,0.60079,0.28492,3.61639,0.93916,1.6835,0.0056242,0.0056242,0.0056242
444,1989.55,3.68828,0.99903,1.71857,0.69093,0.50673,0.59509,0.27997,3.63634,0.97333,1.68513,0.0056143,0.0056143,0.0056143
445,1994.04,3.44088,0.88487,1.69874,0.69195,0.51496,0.59845,0.28457,3.61834,0.93648,1.68386,0.0056044,0.0056044,0.0056044
446,1998.49,3.33662,0.88066,1.69869,0.72378,0.52017,0.6147,0.29607,3.55574,0.91612,1.68057,0.0055945,0.0055945,0.0055945
447,2002.57,3.16704,0.8884,1.77853,0.71199,0.52965,0.61886,0.30281,3.51048,0.89648,1.67854,0.0055846,0.0055846,0.0055846
448,2007.06,3.20829,0.86617,1.72877,0.71354,0.52512,0.6184,0.3068,3.55144,0.95484,1.67769,0.0055747,0.0055747,0.0055747
449,2011.25,3.30421,0.84099,1.6844,0.70506,0.52215,0.61399,0.30057,3.54955,0.97247,1.67594,0.0055648,0.0055648,0.0055648
450,2015.69,3.19118,0.9348,1.78893,0.7135,0.52581,0.61459,0.29658,3.57747,0.96471,1.68352,0.0055549,0.0055549,0.0055549
451,2019.73,3.56722,0.91133,1.66697,0.71572,0.53144,0.61886,0.30024,3.55849,0.9393,1.68005,0.005545,0.005545,0.005545
452,2024.26,3.66901,0.90457,1.68644,0.69864,0.52856,0.61761,0.30383,3.43904,0.90654,1.67441,0.0055351,0.0055351,0.0055351
453,2028.54,3.38387,0.88092,1.67467,0.71375,0.52883,0.61734,0.30231,3.45299,0.91013,1.67667,0.0055252,0.0055252,0.0055252
454,2033.18,3.65675,0.98126,1.72363,0.72184,0.52799,0.61798,0.30414,3.47459,0.91072,1.67641,0.0055153,0.0055153,0.0055153
455,2037.27,3.2671,0.87932,1.69817,0.70743,0.5371,0.61609,0.30285,3.48743,0.92551,1.6758,0.0055054,0.0055054,0.0055054
456,2041.73,3.04129,0.81747,1.71196,0.71605,0.52897,0.61459,0.29515,3.54976,0.92708,1.67844,0.0054955,0.0054955,0.0054955
457,2045.43,3.38556,0.85834,1.67059,0.72945,0.52302,0.61193,0.2965,3.61294,0.94737,1.68206,0.0054856,0.0054856,0.0054856
458,2049.59,3.5118,0.91741,1.71139,0.73891,0.51785,0.61431,0.29606,3.66943,0.97095,1.68208,0.0054757,0.0054757,0.0054757
459,2053.91,3.10552,0.90171,1.76993,0.71446,0.53734,0.62521,0.30782,3.47641,0.89334,1.67369,0.0054658,0.0054658,0.0054658
460,2058.24,3.11537,0.86374,1.73983,0.70828,0.52471,0.61418,0.30665,3.42089,0.88904,1.6746,0.0054559,0.0054559,0.0054559
461,2062.6,3.86899,0.97914,1.68705,0.70052,0.52087,0.61052,0.30518,3.40343,0.88651,1.67487,0.005446,0.005446,0.005446
462,2066.48,3.47587,0.92843,1.68276,0.7086,0.52713,0.61662,0.30188,3.48744,0.90089,1.67977,0.0054361,0.0054361,0.0054361
463,2070.8,3.77495,0.95396,1.6993,0.70676,0.52814,0.61697,0.29481,3.57445,0.92707,1.68331,0.0054262,0.0054262,0.0054262
464,2074.67,3.20283,0.85832,1.68955,0.70675,0.51071,0.6027,0.27825,3.58285,0.94485,1.68259,0.0054163,0.0054163,0.0054163
465,2078.56,3.47717,0.91095,1.70186,0.69676,0.51228,0.60146,0.28551,3.56302,0.9286,1.68163,0.0054064,0.0054064,0.0054064
466,2082.97,3.2503,0.85321,1.70559,0.69312,0.50481,0.59529,0.28781,3.53718,0.91702,1.68262,0.0053965,0.0053965,0.0053965
467,2086.91,3.32168,0.8568,1.6962,0.68431,0.51574,0.60061,0.29459,3.50284,0.90313,1.68092,0.0053866,0.0053866,0.0053866
468,2090.8,3.31083,0.83816,1.68125,0.69113,0.5254,0.60688,0.29614,3.51809,0.92548,1.67971,0.0053767,0.0053767,0.0053767
469,2094.91,3.43592,0.9362,1.72482,0.70521,0.52059,0.60786,0.30006,3.48268,0.91742,1.67759,0.0053668,0.0053668,0.0053668
470,2099.1,3.46564,0.92538,1.70686,0.72191,0.52032,0.60971,0.29429,3.60103,0.94687,1.68244,0.0053569,0.0053569,0.0053569
471,2102.75,3.21634,0.88749,1.72681,0.72636,0.52581,0.61101,0.29151,3.66387,0.95888,1.68704,0.005347,0.005347,0.005347
472,2106.69,4.03524,1.01997,1.68097,0.71282,0.52073,0.60544,0.28698,3.62755,0.96381,1.68802,0.0053371,0.0053371,0.0053371
473,2110.86,3.14261,0.86393,1.76652,0.70562,0.51455,0.60245,0.28806,3.5967,0.97002,1.68543,0.0053272,0.0053272,0.0053272
474,2114.79,3.04881,0.83303,1.72948,0.71675,0.51908,0.61332,0.29794,3.54041,0.90919,1.6768,0.0053173,0.0053173,0.0053173
475,2119.16,3.22237,0.87858,1.75668,0.71627,0.52663,0.62059,0.30613,3.47605,0.89863,1.67432,0.0053074,0.0053074,0.0053074
476,2123.4,3.95321,0.96269,1.66748,0.73139,0.53103,0.61948,0.30277,3.5066,0.90443,1.68107,0.0052975,0.0052975,0.0052975
477,2128.12,3.69316,0.92605,1.67691,0.725,0.52808,0.61528,0.29643,3.60297,0.91044,1.68495,0.0052876,0.0052876,0.0052876
478,2132.48,3.63731,0.94228,1.70293,0.71852,0.53162,0.6214,0.30768,3.48831,0.90029,1.67791,0.0052777,0.0052777,0.0052777
479,2136.91,3.29552,0.87833,1.73621,0.71432,0.53213,0.6209,0.30599,3.49235,0.90397,1.67729,0.0052678,0.0052678,0.0052678
480,2141,3.193,0.88369,1.73289,0.711,0.52526,0.6167,0.29957,3.55771,0.93135,1.6814,0.0052579,0.0052579,0.0052579
481,2145.17,3.17034,0.85149,1.7369,0.70899,0.52759,0.61656,0.30204,3.50266,0.92484,1.67773,0.005248,0.005248,0.005248
482,2149.61,3.20319,0.87182,1.7305,0.72724,0.53158,0.61764,0.29659,3.61073,0.9309,1.68324,0.0052381,0.0052381,0.0052381
483,2153.64,3.42407,0.89984,1.71346,0.71705,0.54366,0.62366,0.3043,3.5039,0.90036,1.67829,0.0052282,0.0052282,0.0052282
484,2157.62,3.61369,0.88158,1.67275,0.69552,0.53784,0.61135,0.29238,3.63516,0.94691,1.68616,0.0052183,0.0052183,0.0052183
485,2161.62,3.41142,0.86352,1.66102,0.70055,0.53116,0.60962,0.28956,3.68936,0.93524,1.68768,0.0052084,0.0052084,0.0052084
486,2165.86,3.15244,0.85135,1.73229,0.69767,0.52869,0.61758,0.30375,3.51228,0.907,1.67709,0.0051985,0.0051985,0.0051985
487,2170.3,3.34546,0.89465,1.67943,0.69699,0.53199,0.61771,0.30093,3.52225,0.89685,1.67729,0.0051886,0.0051886,0.0051886
488,2174.32,3.21963,0.87379,1.72951,0.7328,0.521,0.6149,0.29985,3.58363,0.93743,1.68365,0.0051787,0.0051787,0.0051787
489,2178.22,3.42827,0.95106,1.72047,0.71258,0.5143,0.60459,0.29033,3.58429,0.93042,1.6843,0.0051688,0.0051688,0.0051688
490,2182.7,3.23447,0.90294,1.73812,0.68879,0.51716,0.60269,0.29057,3.57829,0.91788,1.679,0.0051589,0.0051589,0.0051589
491,2186.73,3.4991,0.91674,1.65145,0.70327,0.52197,0.61204,0.30303,3.5103,0.9104,1.67611,0.005149,0.005149,0.005149
492,2190.99,3.19532,0.83242,1.69762,0.71257,0.52415,0.6179,0.311,3.44874,0.8933,1.6747,0.0051391,0.0051391,0.0051391
493,2195.39,3.53364,0.99142,1.76442,0.71889,0.52718,0.62087,0.31126,3.44587,0.89459,1.67643,0.0051292,0.0051292,0.0051292
494,2200.25,3.18821,0.87926,1.7396,0.71212,0.5291,0.62045,0.30951,3.47641,0.91535,1.67579,0.0051193,0.0051193,0.0051193
495,2204.76,4.05372,1.01808,1.65973,0.71273,0.52557,0.61457,0.30862,3.43034,0.91798,1.67361,0.0051094,0.0051094,0.0051094
496,2209.14,3.33173,0.89855,1.72733,0.73126,0.54132,0.62778,0.3066,3.54493,0.90808,1.6759,0.0050995,0.0050995,0.0050995
497,2213.47,3.21812,0.86808,1.70904,0.73427,0.53569,0.62532,0.30648,3.54879,0.91269,1.67699,0.0050896,0.0050896,0.0050896
498,2217.45,3.58843,0.88863,1.65149,0.72061,0.5232,0.61538,0.29768,3.48577,0.88759,1.67382,0.0050797,0.0050797,0.0050797
499,2221.15,3.35715,0.86587,1.69027,0.72022,0.52164,0.61555,0.29782,3.4729,0.90245,1.67483,0.0050698,0.0050698,0.0050698
500,2225.44,3.05429,0.83546,1.71885,0.71908,0.52045,0.61618,0.3024,3.50917,0.92429,1.67608,0.0050599,0.0050599,0.0050599
501,2230.16,3.22177,0.85463,1.72445,0.70273,0.514,0.60722,0.29721,3.45482,0.92784,1.67573,0.00505,0.00505,0.00505
502,2234.55,2.81135,0.78581,1.70602,0.71699,0.53089,0.62402,0.30719,3.4879,0.90618,1.67624,0.0050401,0.0050401,0.0050401
503,2238.86,3.34182,0.87704,1.75492,0.71959,0.53789,0.62746,0.30741,3.47995,0.89844,1.6733,0.0050302,0.0050302,0.0050302
504,2242.64,3.04661,0.80737,1.66145,0.71385,0.53736,0.62663,0.30378,3.45268,0.89282,1.67132,0.0050203,0.0050203,0.0050203
505,2246.38,3.59357,0.92649,1.65021,0.71428,0.53309,0.62364,0.30291,3.48129,0.9044,1.67315,0.0050104,0.0050104,0.0050104
506,2250.05,3.76849,0.96936,1.67084,0.73612,0.53116,0.6283,0.30841,3.47232,0.8985,1.676,0.0050005,0.0050005,0.0050005
507,2254.54,3.53729,0.9372,1.71653,0.72548,0.52391,0.62119,0.30453,3.51752,0.91169,1.67802,0.0049906,0.0049906,0.0049906
508,2258.54,3.13423,0.84624,1.74126,0.70639,0.51426,0.60256,0.29088,3.62353,0.9493,1.686,0.0049807,0.0049807,0.0049807
509,2262.44,3.59205,0.89292,1.6394,0.71129,0.51661,0.60567,0.29142,3.69181,0.9645,1.68726,0.0049708,0.0049708,0.0049708
510,2266.7,3.15936,0.82959,1.65627,0.72944,0.53002,0.61731,0.29948,3.59701,0.93498,1.6825,0.0049609,0.0049609,0.0049609
511,2270.37,3.24501,0.86946,1.67939,0.73221,0.5221,0.61191,0.29833,3.54218,0.93665,1.68252,0.004951,0.004951,0.004951
512,2275.2,3.24908,0.91632,1.80152,0.72994,0.50796,0.60286,0.2934,3.53775,0.89146,1.68352,0.0049411,0.0049411,0.0049411
513,2279.2,3.4338,0.87977,1.66448,0.7147,0.50452,0.60056,0.28758,3.54295,0.89884,1.68241,0.0049312,0.0049312,0.0049312
514,2283.08,3.43427,0.89642,1.69027,0.71572,0.50563,0.60768,0.29375,3.48761,0.91763,1.67866,0.0049213,0.0049213,0.0049213
515,2286.49,3.5392,0.88832,1.69602,0.7259,0.50837,0.61044,0.29755,3.52966,0.93065,1.68188,0.0049114,0.0049114,0.0049114
516,2290.94,3.43512,0.9263,1.69096,0.72963,0.52425,0.6205,0.3049,3.50521,0.90594,1.67984,0.0049015,0.0049015,0.0049015
517,2294.98,3.33934,0.86481,1.67112,0.73476,0.53116,0.62444,0.30131,3.61719,0.92818,1.68427,0.0048916,0.0048916,0.0048916
518,2299.35,3.43505,0.93934,1.69652,0.7313,0.5383,0.62601,0.30286,3.61807,0.95037,1.68369,0.0048817,0.0048817,0.0048817
519,2303.2,3.3691,0.85228,1.65479,0.72518,0.53687,0.62401,0.30266,3.61508,0.93504,1.68284,0.0048718,0.0048718,0.0048718
520,2307.38,3.40024,0.87311,1.6726,0.73366,0.52856,0.62053,0.30269,3.54657,0.91347,1.67932,0.0048619,0.0048619,0.0048619
521,2311.67,3.07291,0.83241,1.75841,0.73556,0.52087,0.61109,0.29071,3.66515,0.93074,1.68715,0.004852,0.004852,0.004852
522,2315.72,3.65565,0.94297,1.70894,0.71398,0.50837,0.59301,0.27037,3.87203,0.95613,1.69907,0.0048421,0.0048421,0.0048421
523,2319.85,3.44932,0.86945,1.68022,0.72642,0.51359,0.61002,0.29087,3.64044,0.92528,1.68873,0.0048322,0.0048322,0.0048322
524,2324.33,3.54615,0.95105,1.75448,0.7175,0.52595,0.61962,0.30373,3.50984,0.89887,1.67821,0.0048223,0.0048223,0.0048223
525,2328.73,3.51749,0.92698,1.71771,0.73886,0.52018,0.61764,0.29854,3.62993,0.93467,1.68335,0.0048124,0.0048124,0.0048124
526,2332.99,3.2533,0.87444,1.70073,0.74635,0.51706,0.62202,0.30021,3.60217,0.90789,1.67961,0.0048025,0.0048025,0.0048025
527,2336.96,3.53268,0.90413,1.68737,0.74125,0.51387,0.61835,0.3021,3.56863,0.89,1.67908,0.0047926,0.0047926,0.0047926
528,2341,3.99748,0.97409,1.62986,0.72394,0.52168,0.61172,0.29575,3.63771,0.91584,1.68746,0.0047827,0.0047827,0.0047827
529,2344.78,3.10288,0.81118,1.71925,0.73444,0.51895,0.61454,0.30343,3.52495,0.91241,1.68139,0.0047728,0.0047728,0.0047728
530,2349.32,3.32777,0.8652,1.68925,0.73976,0.50961,0.60943,0.29974,3.50939,0.91782,1.67795,0.0047629,0.0047629,0.0047629
531,2353.38,3.16658,0.8401,1.73303,0.72041,0.51541,0.60753,0.29337,3.65605,0.95777,1.68466,0.004753,0.004753,0.004753
532,2357.66,3.10344,0.87947,1.77454,0.71402,0.51895,0.60877,0.29452,3.64205,0.92529,1.68399,0.0047431,0.0047431,0.0047431
533,2361.83,3.40298,0.95469,1.77888,0.72072,0.5123,0.60778,0.29547,3.57489,0.92186,1.68246,0.0047332,0.0047332,0.0047332
534,2365.66,3.17832,0.84175,1.66767,0.71827,0.52059,0.61222,0.30174,3.48473,0.90608,1.67683,0.0047233,0.0047233,0.0047233
535,2369.76,2.8883,0.7804,1.70171,0.72033,0.52636,0.61561,0.30545,3.49906,0.90493,1.67822,0.0047134,0.0047134,0.0047134
536,2374.22,3.30559,0.87809,1.68659,0.71467,0.52473,0.61479,0.30311,3.60124,0.92992,1.68207,0.0047035,0.0047035,0.0047035
537,2378.67,3.26073,0.83072,1.68911,0.71836,0.52562,0.61711,0.30638,3.51449,0.91729,1.67793,0.0046936,0.0046936,0.0046936
538,2382.56,3.37457,0.89618,1.68191,0.7148,0.52526,0.61862,0.30823,3.45056,0.89376,1.67519,0.0046837,0.0046837,0.0046837
539,2386.27,3.45508,0.86411,1.66425,0.70396,0.52657,0.61631,0.30337,3.48046,0.88468,1.67726,0.0046738,0.0046738,0.0046738
540,2390.32,3.31305,0.877,1.69239,0.709,0.52444,0.61076,0.30124,3.57874,0.89377,1.68229,0.0046639,0.0046639,0.0046639
541,2394.55,3.03899,0.81804,1.69762,0.70884,0.52776,0.61586,0.30486,3.49714,0.88579,1.67747,0.004654,0.004654,0.004654
542,2398.64,4.10468,0.99079,1.62013,0.71706,0.52924,0.62177,0.30269,3.58585,0.91648,1.67863,0.0046441,0.0046441,0.0046441
543,2402.78,3.2205,0.82085,1.63927,0.71341,0.53995,0.62977,0.30959,3.52979,0.88761,1.6739,0.0046342,0.0046342,0.0046342
544,2407.02,3.31479,0.8559,1.7126,0.73621,0.53871,0.63201,0.31608,3.50227,0.88967,1.6741,0.0046243,0.0046243,0.0046243
545,2411.35,3.16673,0.82834,1.69654,0.73665,0.53185,0.63106,0.31296,3.53376,0.9022,1.67597,0.0046144,0.0046144,0.0046144
546,2415.78,3.07069,0.82349,1.70971,0.72882,0.53199,0.62137,0.30584,3.55076,0.9107,1.67802,0.0046045,0.0046045,0.0046045
547,2419.95,3.12135,0.82406,1.72047,0.72636,0.53168,0.61979,0.30097,3.5618,0.91693,1.6792,0.0045946,0.0045946,0.0045946
548,2423.83,3.47426,0.86577,1.65047,0.73075,0.49286,0.5945,0.28642,3.61661,0.94372,1.69022,0.0045847,0.0045847,0.0045847
549,2428.18,3.63856,0.90481,1.66616,0.73144,0.49655,0.5966,0.2878,3.62355,0.93803,1.6907,0.0045748,0.0045748,0.0045748
550,2432.13,3.84573,0.96602,1.64128,0.72745,0.52265,0.6211,0.30436,3.44879,0.90327,1.67436,0.0045649,0.0045649,0.0045649
551,2436.17,3.24754,0.88888,1.70258,0.72131,0.53583,0.62452,0.30216,3.54855,0.92247,1.68047,0.004555,0.004555,0.004555
552,2440.64,3.40407,0.89447,1.76098,0.70922,0.53226,0.62503,0.30827,3.42098,0.88738,1.67271,0.0045451,0.0045451,0.0045451
553,2444.8,3.40892,0.89532,1.72017,0.6993,0.53446,0.62136,0.30847,3.42555,0.87528,1.67192,0.0045352,0.0045352,0.0045352
554,2448.69,3.35773,0.84721,1.65861,0.72869,0.51606,0.62105,0.30773,3.46519,0.8828,1.67349,0.0045253,0.0045253,0.0045253
555,2452.52,3.11801,0.8042,1.65848,0.74297,0.51991,0.62655,0.30936,3.4527,0.8822,1.6718,0.0045154,0.0045154,0.0045154
556,2456.67,3.00696,0.77565,1.65004,0.72185,0.53443,0.62499,0.3014,3.59596,0.91619,1.67919,0.0045055,0.0045055,0.0045055
557,2460.35,3.1087,0.79417,1.66566,0.72014,0.53624,0.62604,0.30406,3.62716,0.92359,1.67972,0.0044956,0.0044956,0.0044956
558,2464.57,3.1927,0.9104,1.74654,0.72173,0.52471,0.61719,0.29396,3.8028,0.94091,1.68564,0.0044857,0.0044857,0.0044857
559,2468.33,3.35607,0.84808,1.68464,0.71448,0.53007,0.61793,0.29758,3.73029,0.93025,1.68403,0.0044758,0.0044758,0.0044758
560,2472.55,3.40183,0.84435,1.65841,0.72846,0.5355,0.62496,0.3108,3.58185,0.92022,1.67952,0.0044659,0.0044659,0.0044659
561,2476.67,2.96613,0.83374,1.73162,0.73064,0.53734,0.62823,0.31295,3.5418,0.90938,1.67548,0.004456,0.004456,0.004456
562,2480.79,3.31869,0.84967,1.68544,0.72768,0.54434,0.62823,0.30495,3.656,0.93233,1.67857,0.0044461,0.0044461,0.0044461
563,2485.09,3.08167,0.84424,1.73532,0.72891,0.54187,0.62804,0.30472,3.65401,0.92045,1.67952,0.0044362,0.0044362,0.0044362
564,2488.73,3.99754,0.99627,1.66953,0.72536,0.53199,0.62328,0.31156,3.4526,0.87751,1.67335,0.0044263,0.0044263,0.0044263
565,2492.66,3.27233,0.83737,1.66878,0.71781,0.53611,0.62491,0.31097,3.47699,0.87808,1.67459,0.0044164,0.0044164,0.0044164
566,2496.13,3.60353,0.90059,1.63639,0.71934,0.54117,0.63076,0.31484,3.46171,0.87912,1.67276,0.0044065,0.0044065,0.0044065
567,2500.16,3.03344,0.86476,1.73415,0.73032,0.54476,0.6328,0.31169,3.56715,0.89804,1.67737,0.0043966,0.0043966,0.0043966
568,2504.07,3.08763,0.86995,1.70141,0.73219,0.5341,0.62842,0.3113,3.51124,0.89081,1.67493,0.0043867,0.0043867,0.0043867
569,2507.91,3.50518,0.87174,1.65452,0.72083,0.53652,0.62586,0.30507,3.54086,0.89548,1.67622,0.0043768,0.0043768,0.0043768
570,2511.57,3.30774,0.86487,1.71409,0.73064,0.52554,0.61774,0.29634,3.75257,0.9486,1.68841,0.0043669,0.0043669,0.0043669
571,2515.65,3.48748,0.92066,1.71764,0.72433,0.5184,0.6107,0.28935,3.83303,0.969,1.69724,0.004357,0.004357,0.004357
572,2520.06,3.58562,0.91508,1.68229,0.7157,0.52046,0.61273,0.29977,3.55256,0.91092,1.68234,0.0043471,0.0043471,0.0043471
573,2524.32,3.08589,0.86815,1.73865,0.70867,0.51329,0.6056,0.28822,3.56334,0.90786,1.67813,0.0043372,0.0043372,0.0043372
574,2528.79,3.26678,0.85667,1.71512,0.71241,0.51016,0.60704,0.29721,3.46472,0.89316,1.67622,0.0043273,0.0043273,0.0043273
575,2533.14,3.63156,0.95579,1.72371,0.72789,0.51236,0.61115,0.30387,3.46042,0.88599,1.67644,0.0043174,0.0043174,0.0043174
576,2537.55,3.29969,0.86801,1.71816,0.72483,0.50736,0.60998,0.29096,3.63162,0.9102,1.68237,0.0043075,0.0043075,0.0043075
577,2541.3,3.12901,0.78494,1.69699,0.69505,0.50439,0.60009,0.28218,3.64849,0.92763,1.6826,0.0042976,0.0042976,0.0042976
578,2545.57,3.10694,0.82248,1.69396,0.66851,0.49286,0.5782,0.26208,3.65624,0.94804,1.68147,0.0042877,0.0042877,0.0042877
579,2549.35,3.79423,0.90604,1.64868,0.67484,0.50376,0.58785,0.27334,3.5577,0.9207,1.67732,0.0042778,0.0042778,0.0042778
580,2553.46,3.67467,0.97555,1.70765,0.68073,0.50796,0.5938,0.27865,3.53757,0.90792,1.67644,0.0042679,0.0042679,0.0042679
581,2557.3,3.79076,0.99501,1.70036,0.68077,0.51538,0.59844,0.28334,3.51896,0.90028,1.67534,0.004258,0.004258,0.004258
582,2561.67,2.95829,0.79623,1.71617,0.70483,0.53468,0.62315,0.3095,3.44461,0.87359,1.67359,0.0042481,0.0042481,0.0042481
583,2565.75,3.77984,0.96717,1.67106,0.71487,0.53185,0.62645,0.31026,3.4753,0.87877,1.67306,0.0042382,0.0042382,0.0042382
584,2569.89,3.38466,0.83534,1.66385,0.70061,0.53075,0.62157,0.30589,3.44918,0.89071,1.67067,0.0042283,0.0042283,0.0042283
585,2574.18,3.21086,0.82429,1.68584,0.69473,0.52842,0.61636,0.2998,3.47898,0.88622,1.66969,0.0042184,0.0042184,0.0042184
586,2578.25,3.16788,0.85557,1.71651,0.71329,0.53267,0.62209,0.31141,3.38095,0.85917,1.6661,0.0042085,0.0042085,0.0042085
587,2582.45,2.98585,0.79314,1.67581,0.72406,0.5265,0.62132,0.3102,3.40465,0.86324,1.66651,0.0041986,0.0041986,0.0041986
588,2586.42,3.19873,0.81261,1.65593,0.72962,0.51936,0.61645,0.30633,3.42128,0.87149,1.67001,0.0041887,0.0041887,0.0041887
589,2590.6,2.95945,0.78463,1.66502,0.7248,0.52155,0.6175,0.30798,3.37507,0.88575,1.66889,0.0041788,0.0041788,0.0041788
590,2594.87,3.61777,0.89873,1.66199,0.71341,0.52403,0.61845,0.30562,3.44829,0.91535,1.67082,0.0041689,0.0041689,0.0041689
591,2599.34,3.4179,0.87152,1.68429,0.71,0.52635,0.61874,0.30539,3.44159,0.91334,1.6729,0.004159,0.004159,0.004159
592,2603.65,3.39964,0.8635,1.65686,0.7049,0.52634,0.61779,0.29594,3.51244,0.89809,1.67441,0.0041491,0.0041491,0.0041491
593,2608,3.16568,0.82324,1.67889,0.70621,0.52773,0.61938,0.30142,3.47097,0.88367,1.67244,0.0041392,0.0041392,0.0041392
594,2612.22,3.26649,0.87556,1.68362,0.73118,0.53899,0.63128,0.31998,3.35649,0.84922,1.66767,0.0041293,0.0041293,0.0041293
595,2616.46,2.97272,0.82504,1.72904,0.72936,0.5346,0.62817,0.31691,3.38069,0.85009,1.66987,0.0041194,0.0041194,0.0041194
596,2620.8,3.24619,0.87642,1.76914,0.73331,0.52608,0.62258,0.31052,3.43464,0.86637,1.67136,0.0041095,0.0041095,0.0041095
597,2624.85,2.96636,0.79899,1.71656,0.73451,0.52773,0.62501,0.31197,3.44308,0.86706,1.67067,0.0040996,0.0040996,0.0040996
598,2629.07,3.11585,0.83315,1.68564,0.73318,0.52869,0.62409,0.31209,3.42357,0.86131,1.67128,0.0040897,0.0040897,0.0040897
599,2632.82,3.66428,0.98259,1.70897,0.72687,0.52842,0.62264,0.31205,3.4153,0.86095,1.67151,0.0040798,0.0040798,0.0040798
600,2637.01,2.96806,0.80653,1.67618,0.72919,0.5302,0.62422,0.30468,3.58019,0.91134,1.67797,0.0040699,0.0040699,0.0040699
601,2641.45,3.03052,0.87014,1.77593,0.73217,0.52957,0.62751,0.31071,3.49623,0.8995,1.67359,0.00406,0.00406,0.00406
602,2645.91,3.30578,0.82979,1.65542,0.73985,0.5324,0.63104,0.31476,3.40929,0.86837,1.6706,0.0040501,0.0040501,0.0040501
603,2649.98,3.21121,0.8506,1.72955,0.73429,0.53693,0.62844,0.31307,3.49134,0.88098,1.67566,0.0040402,0.0040402,0.0040402
604,2654.18,3.27862,0.84429,1.69322,0.73212,0.53158,0.62714,0.3115,3.51188,0.88199,1.67599,0.0040303,0.0040303,0.0040303
605,2658.04,3.48903,0.86125,1.66339,0.72845,0.52293,0.62063,0.30928,3.44835,0.87258,1.67209,0.0040204,0.0040204,0.0040204
606,2662.39,3.36447,0.88869,1.68222,0.7367,0.50879,0.61199,0.3032,3.48004,0.8875,1.67612,0.0040105,0.0040105,0.0040105
607,2666.33,3.38477,0.83036,1.65868,0.73461,0.51194,0.61091,0.30232,3.54748,0.89963,1.67978,0.0040006,0.0040006,0.0040006
608,2670.8,3.40921,0.89594,1.70771,0.73508,0.5302,0.62919,0.3143,3.47256,0.87425,1.67544,0.0039907,0.0039907,0.0039907
609,2675.28,2.99684,0.82886,1.74475,0.73032,0.53803,0.63375,0.32098,3.40847,0.86471,1.67308,0.0039808,0.0039808,0.0039808
610,2679.77,3.36533,0.87436,1.69923,0.73889,0.54228,0.63585,0.31857,3.50868,0.89047,1.67447,0.0039709,0.0039709,0.0039709
611,2683.6,3.00964,0.78386,1.66181,0.7423,0.53941,0.63214,0.31661,3.52018,0.88721,1.67386,0.003961,0.003961,0.003961
612,2687.92,2.88806,0.79204,1.71761,0.72097,0.54311,0.63706,0.32253,3.43536,0.87264,1.66948,0.0039511,0.0039511,0.0039511
613,2691.77,3.59856,0.89702,1.64645,0.71828,0.54352,0.63956,0.32329,3.45006,0.88837,1.67035,0.0039412,0.0039412,0.0039412
614,2696.18,3.40809,0.85423,1.66466,0.73466,0.53595,0.63707,0.31632,3.56957,0.90935,1.67586,0.0039313,0.0039313,0.0039313
615,2700.48,3.1443,0.86433,1.73983,0.72893,0.53611,0.63432,0.31418,3.59404,0.91158,1.67683,0.0039214,0.0039214,0.0039214
616,2704.39,3.2279,0.83395,1.65226,0.71425,0.53738,0.62634,0.31544,3.41355,0.88537,1.67091,0.0039115,0.0039115,0.0039115
617,2708.42,2.96731,0.79156,1.71667,0.71574,0.53528,0.62439,0.31321,3.41316,0.87388,1.67207,0.0039016,0.0039016,0.0039016
618,2712.76,2.96995,0.80263,1.68375,0.70388,0.54407,0.627,0.31073,3.44808,0.88019,1.67399,0.0038917,0.0038917,0.0038917
619,2716.79,3.51554,0.89922,1.64613,0.69578,0.54195,0.62514,0.31067,3.41851,0.88057,1.67166,0.0038818,0.0038818,0.0038818
620,2721.44,3.21679,0.84869,1.70724,0.71474,0.53832,0.62621,0.31704,3.4031,0.86301,1.6707,0.0038719,0.0038719,0.0038719
621,2725.81,2.97181,0.78418,1.67875,0.72126,0.53789,0.62619,0.31182,3.50677,0.87182,1.67612,0.003862,0.003862,0.003862
622,2730.35,3.13967,0.86186,1.72609,0.73375,0.52855,0.62699,0.31035,3.54256,0.88318,1.67641,0.0038521,0.0038521,0.0038521
623,2734.09,3.62476,0.92207,1.65261,0.73925,0.52759,0.63219,0.31544,3.46961,0.88441,1.673,0.0038422,0.0038422,0.0038422
624,2738.06,3.43181,0.85192,1.65005,0.73155,0.53386,0.63681,0.31993,3.43485,0.897,1.67109,0.0038323,0.0038323,0.0038323
625,2742.24,2.9719,0.80355,1.71835,0.72978,0.53899,0.63959,0.32035,3.4644,0.89443,1.67118,0.0038224,0.0038224,0.0038224
626,2745.91,3.40924,0.89283,1.67266,0.71463,0.54698,0.63452,0.31797,3.43102,0.86109,1.66945,0.0038125,0.0038125,0.0038125
627,2750.06,3.11043,0.80748,1.65843,0.74581,0.53251,0.63373,0.31605,3.49442,0.86553,1.67126,0.0038026,0.0038026,0.0038026
628,2754.31,3.21585,0.82427,1.66551,0.72876,0.53885,0.62976,0.3129,3.47374,0.86827,1.66959,0.0037927,0.0037927,0.0037927
629,2758.34,3.24049,0.8432,1.66138,0.72517,0.52883,0.62168,0.30809,3.45478,0.86907,1.66944,0.0037828,0.0037828,0.0037828
630,2762.69,3.1285,0.82181,1.71529,0.72801,0.54238,0.63431,0.31628,3.49652,0.88525,1.66822,0.0037729,0.0037729,0.0037729
631,2766.93,3.21993,0.82367,1.6756,0.73983,0.54201,0.63718,0.31799,3.50384,0.89394,1.66864,0.003763,0.003763,0.003763
632,2771.16,3.23629,0.81131,1.67894,0.7349,0.5243,0.62409,0.31101,3.42434,0.87467,1.6659,0.0037531,0.0037531,0.0037531
633,2775.27,3.81164,0.92329,1.64952,0.73259,0.52091,0.62103,0.30894,3.41614,0.87285,1.66596,0.0037432,0.0037432,0.0037432
634,2779.55,3.07627,0.80483,1.7112,0.72595,0.52499,0.61991,0.31144,3.41193,0.87151,1.66723,0.0037333,0.0037333,0.0037333
635,2783.76,3.08229,0.82749,1.68218,0.7237,0.52636,0.62338,0.31493,3.39463,0.86523,1.66639,0.0037234,0.0037234,0.0037234
636,2788.24,3.13516,0.82228,1.69886,0.7286,0.53515,0.63639,0.32103,3.35613,0.87588,1.66564,0.0037135,0.0037135,0.0037135
637,2792.31,3.54857,0.84459,1.6491,0.72211,0.53726,0.6364,0.32099,3.36511,0.88233,1.66675,0.0037036,0.0037036,0.0037036
638,2796.48,3.11294,0.82009,1.71994,0.73546,0.54105,0.63916,0.31953,3.46153,0.88587,1.67032,0.0036937,0.0036937,0.0036937
639,2800.73,3.33979,0.85616,1.69029,0.73042,0.54091,0.63629,0.31882,3.43407,0.87579,1.66812,0.0036838,0.0036838,0.0036838
640,2804.44,3.58473,0.88768,1.6588,0.73398,0.52804,0.62792,0.31761,3.38262,0.85762,1.66469,0.0036739,0.0036739,0.0036739
641,2807.9,3.01665,0.8004,1.70167,0.71967,0.52619,0.62033,0.31165,3.41717,0.86402,1.66586,0.003664,0.003664,0.003664
642,2812.51,3.18561,0.83441,1.69656,0.73184,0.5223,0.61912,0.30901,3.45819,0.88335,1.67057,0.0036541,0.0036541,0.0036541
643,2816.65,3.66355,0.95902,1.66101,0.73487,0.52197,0.62126,0.30877,3.48141,0.88459,1.67193,0.0036442,0.0036442,0.0036442
644,2820.79,3.65275,0.90864,1.64687,0.71661,0.54121,0.63011,0.31181,3.50876,0.89365,1.67332,0.0036343,0.0036343,0.0036343
645,2825.14,3.40952,0.91016,1.66807,0.72482,0.54207,0.63469,0.31518,3.49339,0.89002,1.67119,0.0036244,0.0036244,0.0036244
646,2829.23,3.67754,0.91886,1.6385,0.73039,0.54187,0.63529,0.31694,3.49938,0.88597,1.66897,0.0036145,0.0036145,0.0036145
647,2833.29,3.79296,0.94432,1.67142,0.71938,0.54242,0.63008,0.31392,3.48153,0.87925,1.66859,0.0036046,0.0036046,0.0036046
648,2837.44,3.0994,0.77373,1.66098,0.72328,0.53336,0.62572,0.31221,3.51069,0.87815,1.6721,0.0035947,0.0035947,0.0035947
649,2841.04,3.10847,0.80457,1.66863,0.72072,0.53073,0.62547,0.31365,3.46167,0.86932,1.67153,0.0035848,0.0035848,0.0035848
650,2844.99,2.86351,0.76948,1.69865,0.71946,0.5246,0.62096,0.31367,3.46944,0.87471,1.67218,0.0035749,0.0035749,0.0035749
651,2849.47,2.87292,0.76943,1.68546,0.72172,0.53199,0.62759,0.31531,3.51446,0.88207,1.67305,0.003565,0.003565,0.003565
652,2854.18,3.17376,0.8006,1.66541,0.71122,0.53828,0.63309,0.31898,3.38479,0.8647,1.66789,0.0035551,0.0035551,0.0035551
653,2858.14,3.48878,0.88073,1.68677,0.71093,0.54352,0.63571,0.32025,3.37929,0.85868,1.66934,0.0035452,0.0035452,0.0035452
654,2862.39,2.89017,0.80032,1.71109,0.72499,0.54831,0.63786,0.32119,3.46851,0.87757,1.67478,0.0035353,0.0035353,0.0035353
655,2866.58,2.94225,0.8187,1.72187,0.72617,0.54544,0.63889,0.32222,3.4611,0.87189,1.6735,0.0035254,0.0035254,0.0035254
656,2870.47,3.78651,0.98466,1.64434,0.72879,0.54325,0.63785,0.32098,3.49475,0.88674,1.67387,0.0035155,0.0035155,0.0035155
657,2875.14,3.06354,0.83838,1.71773,0.73186,0.5362,0.63466,0.32221,3.45519,0.88481,1.67182,0.0035056,0.0035056,0.0035056
658,2879.4,2.75642,0.81687,1.73888,0.73558,0.53239,0.62991,0.31896,3.46234,0.88712,1.67346,0.0034957,0.0034957,0.0034957
659,2883.36,3.25627,0.87579,1.68159,0.72835,0.53705,0.62959,0.318,3.43087,0.87714,1.67064,0.0034858,0.0034858,0.0034858
660,2887.72,3.27575,0.87208,1.72522,0.71793,0.5346,0.62542,0.31028,3.49018,0.88783,1.67297,0.0034759,0.0034759,0.0034759
661,2892.06,2.81297,0.79106,1.73509,0.72954,0.52444,0.61668,0.29941,3.66935,0.93829,1.68229,0.003466,0.003466,0.003466
662,2896.38,2.94958,0.83349,1.71933,0.72356,0.53217,0.6232,0.30418,3.656,0.93367,1.68163,0.0034561,0.0034561,0.0034561
663,2900.81,2.97886,0.84272,1.75895,0.72166,0.53267,0.62438,0.30588,3.61401,0.914,1.68169,0.0034462,0.0034462,0.0034462
664,2905.07,2.89848,0.7896,1.7257,0.73679,0.54846,0.63498,0.30984,3.60192,0.90335,1.67968,0.0034363,0.0034363,0.0034363
665,2908.99,3.00125,0.78116,1.68117,0.74157,0.54405,0.63505,0.31214,3.60265,0.90127,1.67901,0.0034264,0.0034264,0.0034264
666,2913.61,2.84113,0.75486,1.68011,0.71811,0.55038,0.63292,0.3149,3.47078,0.88923,1.67462,0.0034165,0.0034165,0.0034165
667,2917.9,3.10482,0.84032,1.73931,0.7162,0.54695,0.6272,0.30993,3.49277,0.89945,1.67702,0.0034066,0.0034066,0.0034066
668,2921.81,3.14815,0.78675,1.63022,0.72173,0.52279,0.6173,0.30708,3.45697,0.9001,1.67379,0.0033967,0.0033967,0.0033967
669,2925.8,3.21001,0.8443,1.71117,0.72335,0.52588,0.62445,0.31239,3.41854,0.89266,1.67177,0.0033868,0.0033868,0.0033868
670,2929.39,3.01154,0.79831,1.68461,0.72283,0.51579,0.61932,0.30615,3.40581,0.88866,1.67037,0.0033769,0.0033769,0.0033769
671,2933.02,2.92144,0.79345,1.68754,0.72163,0.50537,0.61206,0.2943,3.46739,0.89681,1.67216,0.003367,0.003367,0.003367
672,2937.45,3.07772,0.8395,1.73356,0.73104,0.52092,0.62051,0.3049,3.43685,0.87047,1.67186,0.0033571,0.0033571,0.0033571
673,2940.98,3.18462,0.8178,1.66058,0.72875,0.52663,0.62087,0.30738,3.44101,0.86917,1.67246,0.0033472,0.0033472,0.0033472
674,2945.23,3.66707,0.93303,1.67971,0.73746,0.51908,0.6193,0.30231,3.47916,0.87672,1.6734,0.0033373,0.0033373,0.0033373
675,2948.91,3.29977,0.84543,1.61827,0.72411,0.5232,0.61931,0.30043,3.46751,0.87342,1.67244,0.0033274,0.0033274,0.0033274
676,2953.09,3.41039,0.8418,1.65379,0.71782,0.52334,0.61714,0.30517,3.43346,0.87365,1.67121,0.0033175,0.0033175,0.0033175
677,2956.99,3.39575,0.84666,1.68317,0.71874,0.5291,0.62331,0.30979,3.42589,0.87119,1.66969,0.0033076,0.0033076,0.0033076
678,2961.11,3.0428,0.7971,1.67864,0.72015,0.53144,0.62804,0.31352,3.40473,0.86,1.66708,0.0032977,0.0032977,0.0032977
679,2965.11,3.93235,0.97216,1.6289,0.73234,0.52963,0.63153,0.31822,3.39666,0.85651,1.66669,0.0032878,0.0032878,0.0032878
680,2969.91,3.00802,0.82872,1.69144,0.7296,0.53185,0.63089,0.31592,3.4247,0.86,1.66722,0.0032779,0.0032779,0.0032779
681,2973.56,3.55887,0.84428,1.64563,0.73116,0.52718,0.6258,0.31355,3.42295,0.86466,1.66754,0.003268,0.003268,0.003268
682,2978.01,2.87369,0.78681,1.71414,0.73039,0.53297,0.63081,0.31754,3.42292,0.87538,1.66926,0.0032581,0.0032581,0.0032581
683,2982.34,3.41039,0.89937,1.69242,0.72422,0.53199,0.62985,0.31749,3.39264,0.87745,1.66791,0.0032482,0.0032482,0.0032482
684,2986.74,2.93476,0.80385,1.71275,0.7186,0.54215,0.63181,0.31789,3.44142,0.87689,1.66943,0.0032383,0.0032383,0.0032383
685,2991.08,2.85059,0.76398,1.72564,0.73225,0.54132,0.63166,0.31611,3.47015,0.87243,1.67024,0.0032284,0.0032284,0.0032284
686,2994.91,2.77859,0.75377,1.67073,0.73276,0.54174,0.63496,0.32096,3.34874,0.85383,1.66653,0.0032185,0.0032185,0.0032185
687,2999.18,3.18035,0.88396,1.71012,0.7264,0.54379,0.6358,0.32209,3.33505,0.85597,1.66629,0.0032086,0.0032086,0.0032086
688,3003.52,3.15567,0.80343,1.66574,0.72127,0.54462,0.63725,0.32174,3.33696,0.856,1.66368,0.0031987,0.0031987,0.0031987
689,3007.81,3.10176,0.8653,1.71501,0.71749,0.54602,0.63818,0.32273,3.35667,0.85603,1.66448,0.0031888,0.0031888,0.0031888
690,3011.88,3.07482,0.78274,1.69683,0.73187,0.54485,0.63675,0.31875,3.49127,0.87028,1.66998,0.0031789,0.0031789,0.0031789
691,3015.61,3.06452,0.81575,1.68887,0.73497,0.54585,0.64075,0.31727,3.50742,0.87679,1.67142,0.003169,0.003169,0.003169
692,3019.84,3.2328,0.8495,1.66499,0.7336,0.55234,0.64171,0.31803,3.51795,0.89019,1.67198,0.0031591,0.0031591,0.0031591
693,3024.05,3.27269,0.8382,1.62227,0.74636,0.5478,0.64141,0.31671,3.55411,0.90025,1.67413,0.0031492,0.0031492,0.0031492
694,3028.38,3.0384,0.80411,1.68979,0.73925,0.54841,0.63824,0.31632,3.50827,0.88608,1.67293,0.0031393,0.0031393,0.0031393
695,3032.16,3.57695,0.89785,1.59389,0.74747,0.54558,0.63622,0.31324,3.559,0.89903,1.67525,0.0031294,0.0031294,0.0031294
696,3036.48,2.97025,0.77016,1.70125,0.74151,0.54489,0.63292,0.31161,3.5345,0.87867,1.67489,0.0031195,0.0031195,0.0031195
697,3040.51,2.92443,0.7825,1.69323,0.73547,0.54462,0.63482,0.31536,3.46641,0.85761,1.67253,0.0031096,0.0031096,0.0031096
698,3044.84,3.27029,0.86173,1.67819,0.73267,0.55203,0.64245,0.32303,3.43299,0.87135,1.66959,0.0030997,0.0030997,0.0030997
699,3049.05,2.93407,0.80979,1.74144,0.72344,0.55411,0.6412,0.32419,3.39987,0.88346,1.66845,0.0030898,0.0030898,0.0030898
700,3053.09,2.83902,0.75458,1.67234,0.72774,0.55601,0.64385,0.32442,3.3973,0.87333,1.66922,0.0030799,0.0030799,0.0030799
701,3057.28,3.62573,0.92686,1.59482,0.72335,0.55903,0.64264,0.32401,3.39282,0.85821,1.6684,0.00307,0.00307,0.00307
702,3061.35,3.15366,0.87073,1.71358,0.74155,0.54421,0.64088,0.32154,3.39372,0.84787,1.66876,0.0030601,0.0030601,0.0030601
703,3065.75,2.90669,0.79164,1.69863,0.74437,0.54736,0.63914,0.31798,3.47931,0.86041,1.67271,0.0030502,0.0030502,0.0030502
704,3070.16,3.16669,0.84517,1.73505,0.74502,0.53652,0.63238,0.31564,3.45533,0.86212,1.67142,0.0030403,0.0030403,0.0030403
705,3074,3.34533,0.83243,1.62806,0.73827,0.53865,0.6309,0.3148,3.41555,0.8621,1.66942,0.0030304,0.0030304,0.0030304
706,3078.56,3.05484,0.85679,1.71937,0.74071,0.53927,0.63287,0.31555,3.47859,0.87214,1.67153,0.0030205,0.0030205,0.0030205
707,3082.92,3.14911,0.81854,1.69031,0.73582,0.54448,0.63415,0.31143,3.5685,0.88328,1.67389,0.0030106,0.0030106,0.0030106
708,3086.96,3.76067,0.91591,1.64684,0.74377,0.53515,0.63317,0.30975,3.49122,0.8894,1.67203,0.0030007,0.0030007,0.0030007
709,3091.01,3.45754,0.87318,1.62101,0.74612,0.53309,0.63493,0.31159,3.42006,0.8753,1.67102,0.0029908,0.0029908,0.0029908
710,3095.23,3.91681,0.96278,1.61606,0.73988,0.53693,0.63617,0.31781,3.37256,0.85862,1.66957,0.0029809,0.0029809,0.0029809
711,3098.86,3.9716,0.95577,1.61313,0.73645,0.54503,0.63785,0.32098,3.37165,0.8567,1.66855,0.002971,0.002971,0.002971
712,3103.29,3.50739,0.91052,1.66818,0.73475,0.53811,0.63155,0.31896,3.38061,0.85893,1.6681,0.0029611,0.0029611,0.0029611
713,3107.54,3.33383,0.87731,1.66505,0.7312,0.5416,0.63348,0.31886,3.40695,0.86175,1.66864,0.0029512,0.0029512,0.0029512
714,3111.78,3.39669,0.85732,1.65584,0.74306,0.53583,0.63297,0.31658,3.4096,0.85457,1.66812,0.0029413,0.0029413,0.0029413
715,3116.03,2.89018,0.79198,1.6894,0.74408,0.53248,0.63144,0.31472,3.41964,0.85694,1.66877,0.0029314,0.0029314,0.0029314
716,3120.29,2.96978,0.78355,1.71789,0.73671,0.53556,0.63726,0.31918,3.45835,0.86904,1.6719,0.0029215,0.0029215,0.0029215
717,3124.34,3.04349,0.77779,1.66468,0.73152,0.54202,0.63883,0.32258,3.41982,0.87551,1.6712,0.0029116,0.0029116,0.0029116
718,3128.4,3.23265,0.81946,1.64904,0.74248,0.55218,0.64388,0.32419,3.39927,0.87543,1.66973,0.0029017,0.0029017,0.0029017
719,3132.1,3.29259,0.87914,1.61532,0.73745,0.55423,0.64258,0.32404,3.4248,0.8928,1.671,0.0028918,0.0028918,0.0028918
720,3136,3.36133,0.83687,1.65955,0.74112,0.5464,0.63826,0.32266,3.43278,0.87314,1.67044,0.0028819,0.0028819,0.0028819
721,3139.91,3.11676,0.80534,1.66908,0.7456,0.54009,0.63912,0.32236,3.40409,0.85457,1.66863,0.002872,0.002872,0.002872
722,3144.33,3.33644,0.82139,1.65017,0.74556,0.54064,0.63696,0.31569,3.47037,0.86839,1.67123,0.0028621,0.0028621,0.0028621
723,3148.65,3.12812,0.83972,1.70652,0.74971,0.53858,0.63672,0.31284,3.51709,0.88233,1.67329,0.0028522,0.0028522,0.0028522
724,3152.42,2.96282,0.75784,1.62936,0.74544,0.54283,0.63792,0.31752,3.43157,0.8656,1.66802,0.0028423,0.0028423,0.0028423
725,3156.01,3.25172,0.85139,1.66208,0.74245,0.54558,0.63951,0.32058,3.39261,0.85142,1.66762,0.0028324,0.0028324,0.0028324
726,3159.61,3.45653,0.84379,1.62009,0.73348,0.54067,0.63268,0.32222,3.39293,0.85982,1.66742,0.0028225,0.0028225,0.0028225
727,3163.77,3.34376,0.85583,1.61896,0.73337,0.53886,0.63232,0.32345,3.35214,0.85684,1.66721,0.0028126,0.0028126,0.0028126
728,3167.5,3.53094,0.86117,1.62544,0.73613,0.54118,0.63502,0.32317,3.34994,0.8599,1.66697,0.0028027,0.0028027,0.0028027
729,3171.55,3.15394,0.83442,1.71906,0.7414,0.53734,0.63233,0.32118,3.35897,0.86009,1.66654,0.0027928,0.0027928,0.0027928
730,3175.55,3.36346,0.83392,1.65858,0.74555,0.53581,0.63167,0.3214,3.37325,0.85743,1.66651,0.0027829,0.0027829,0.0027829
731,3179.42,3.3774,0.86234,1.64437,0.74102,0.54064,0.63469,0.32071,3.37292,0.85706,1.66653,0.002773,0.002773,0.002773
732,3183.24,3.72812,0.94406,1.60418,0.74362,0.54034,0.63691,0.31823,3.38612,0.86072,1.66909,0.0027631,0.0027631,0.0027631
733,3186.99,3.4507,0.83899,1.61521,0.75002,0.53423,0.63428,0.31736,3.38559,0.859,1.66883,0.0027532,0.0027532,0.0027532
734,3191.02,2.79788,0.73205,1.65096,0.7429,0.54256,0.63798,0.31866,3.40482,0.8561,1.66776,0.0027433,0.0027433,0.0027433
735,3194.78,3.08994,0.80816,1.62824,0.74503,0.54915,0.64422,0.32116,3.41762,0.85101,1.66743,0.0027334,0.0027334,0.0027334
736,3198.88,3.12107,0.79771,1.67451,0.74071,0.55093,0.64444,0.32532,3.34781,0.83572,1.66561,0.0027235,0.0027235,0.0027235
737,3202.97,2.8677,0.75389,1.67632,0.74301,0.54805,0.64247,0.32687,3.31033,0.82916,1.66536,0.0027136,0.0027136,0.0027136
738,3207.87,2.86558,0.77487,1.70621,0.73956,0.55164,0.64041,0.32367,3.37009,0.83465,1.66711,0.0027037,0.0027037,0.0027037
739,3211.59,3.45461,0.88046,1.65729,0.74946,0.5453,0.64044,0.32275,3.37436,0.83629,1.66597,0.0026938,0.0026938,0.0026938
740,3215.67,3.00806,0.74746,1.64814,0.73583,0.53968,0.63413,0.32335,3.31066,0.8339,1.66278,0.0026839,0.0026839,0.0026839
741,3219.9,3.17355,0.81246,1.70926,0.73831,0.53487,0.63295,0.32177,3.3117,0.84117,1.6627,0.002674,0.002674,0.002674
742,3223.83,3.12612,0.78672,1.63354,0.75358,0.52942,0.6352,0.32097,3.32628,0.84134,1.6643,0.0026641,0.0026641,0.0026641
743,3227.98,2.85303,0.76193,1.6904,0.75413,0.53353,0.63655,0.32001,3.36233,0.84773,1.66595,0.0026542,0.0026542,0.0026542
744,3232.31,2.88654,0.7797,1.69302,0.74852,0.53789,0.63542,0.3191,3.4143,0.85044,1.66988,0.0026443,0.0026443,0.0026443
745,3236.07,2.81755,0.76547,1.67966,0.75119,0.53624,0.63449,0.31938,3.41875,0.85059,1.67031,0.0026344,0.0026344,0.0026344
746,3239.88,2.83379,0.75822,1.68452,0.74021,0.54723,0.64003,0.32047,3.44123,0.85526,1.67009,0.0026245,0.0026245,0.0026245
747,3243.76,3.31059,0.87218,1.67053,0.7398,0.5453,0.6392,0.3214,3.42471,0.85223,1.66892,0.0026146,0.0026146,0.0026146
748,3247.54,3.21019,0.80132,1.6508,0.74437,0.54407,0.64083,0.32395,3.42375,0.85062,1.66761,0.0026047,0.0026047,0.0026047
749,3251.79,3.09501,0.78429,1.6869,0.73926,0.53817,0.63711,0.32061,3.39202,0.84494,1.66605,0.0025948,0.0025948,0.0025948
750,3255.65,3.08413,0.79166,1.6781,0.73047,0.54025,0.63578,0.32011,3.37738,0.84232,1.66382,0.0025849,0.0025849,0.0025849
751,3260.1,2.79689,0.77846,1.73792,0.73089,0.54283,0.63658,0.32156,3.38238,0.84389,1.66434,0.002575,0.002575,0.002575
752,3263.9,3.39408,0.82324,1.63438,0.73445,0.54009,0.63848,0.32134,3.38567,0.84799,1.66506,0.0025651,0.0025651,0.0025651
753,3268.49,3.22664,0.80709,1.68409,0.7319,0.55093,0.64475,0.32587,3.37181,0.84644,1.66461,0.0025552,0.0025552,0.0025552
754,3273.48,2.859,0.73228,1.65924,0.72866,0.54934,0.64388,0.3262,3.33888,0.84274,1.66317,0.0025453,0.0025453,0.0025453
755,3277.46,3.1439,0.78052,1.63839,0.72901,0.55362,0.64381,0.32593,3.35677,0.84677,1.66313,0.0025354,0.0025354,0.0025354
756,3282.09,3.17804,0.82464,1.67015,0.7306,0.55148,0.64332,0.32658,3.34878,0.83851,1.66223,0.0025255,0.0025255,0.0025255
757,3286.25,3.24761,0.82368,1.69136,0.73596,0.54984,0.64448,0.32564,3.35643,0.83677,1.66272,0.0025156,0.0025156,0.0025156
758,3290.3,3.11686,0.78636,1.68383,0.73626,0.54766,0.64417,0.32778,3.34889,0.83706,1.66231,0.0025057,0.0025057,0.0025057
759,3294.29,3.24258,0.78069,1.65058,0.73711,0.54046,0.64007,0.32649,3.31947,0.83598,1.66228,0.0024958,0.0024958,0.0024958
760,3298.38,3.14031,0.82699,1.72035,0.72499,0.53708,0.63048,0.31809,3.38339,0.87154,1.66936,0.0024859,0.0024859,0.0024859
761,3302.16,3.7627,0.92762,1.60933,0.73101,0.53144,0.62806,0.31141,3.53032,0.90117,1.67587,0.002476,0.002476,0.002476
762,3306.43,2.97919,0.78548,1.68246,0.72765,0.5513,0.64101,0.31868,3.49535,0.86803,1.67275,0.0024661,0.0024661,0.0024661
763,3310.41,2.91254,0.78918,1.67329,0.72721,0.55445,0.64463,0.32251,3.4369,0.85521,1.66944,0.0024562,0.0024562,0.0024562
764,3314.66,3.01155,0.79347,1.72738,0.72902,0.55291,0.64635,0.32955,3.35749,0.84424,1.66756,0.0024463,0.0024463,0.0024463
765,3319.63,3.15748,0.79425,1.69198,0.72736,0.55766,0.64618,0.33056,3.37218,0.84632,1.66732,0.0024364,0.0024364,0.0024364
766,3323.65,3.60941,0.89064,1.65529,0.7317,0.55336,0.64561,0.32772,3.366,0.83869,1.6665,0.0024265,0.0024265,0.0024265
767,3327.71,3.41778,0.86961,1.67131,0.72784,0.5497,0.64177,0.32383,3.36996,0.83482,1.66608,0.0024166,0.0024166,0.0024166
768,3331.64,3.05101,0.76902,1.66384,0.74651,0.54544,0.6452,0.32906,3.36917,0.83104,1.66556,0.0024067,0.0024067,0.0024067
769,3335.6,2.74926,0.75618,1.7031,0.74709,0.54613,0.64445,0.32781,3.38417,0.83341,1.66599,0.0023968,0.0023968,0.0023968
770,3339.49,3.38584,0.83649,1.64788,0.73918,0.54472,0.64104,0.32377,3.34704,0.82486,1.6642,0.0023869,0.0023869,0.0023869
771,3343.8,3.21085,0.81756,1.6634,0.74203,0.54378,0.64003,0.3215,3.34433,0.82281,1.665,0.002377,0.002377,0.002377
772,3347.58,3.35692,0.83121,1.62058,0.75129,0.55231,0.64715,0.32814,3.34522,0.81915,1.66408,0.0023671,0.0023671,0.0023671
773,3351.54,2.97807,0.78256,1.68701,0.74772,0.55546,0.64758,0.32938,3.33138,0.81688,1.66369,0.0023572,0.0023572,0.0023572
774,3355.57,2.99348,0.75776,1.62921,0.74704,0.55107,0.64629,0.32763,3.32536,0.82313,1.66392,0.0023473,0.0023473,0.0023473
775,3359.33,3.08847,0.75262,1.62763,0.7378,0.55231,0.64531,0.32645,3.34734,0.82852,1.6646,0.0023374,0.0023374,0.0023374
776,3363.63,2.81255,0.76863,1.71912,0.74157,0.55395,0.64712,0.32882,3.36853,0.82982,1.66404,0.0023275,0.0023275,0.0023275
777,3367.68,2.77393,0.76859,1.73596,0.74915,0.54776,0.64535,0.33012,3.33967,0.82552,1.66317,0.0023176,0.0023176,0.0023176
778,3371.83,2.71936,0.74383,1.70874,0.74925,0.54561,0.64443,0.3306,3.32881,0.8262,1.66466,0.0023077,0.0023077,0.0023077
779,3376.07,2.79489,0.74321,1.69474,0.75016,0.54215,0.64272,0.32843,3.32108,0.82897,1.66338,0.0022978,0.0022978,0.0022978
780,3380.14,3.04236,0.78324,1.68001,0.74634,0.54119,0.63999,0.324,3.36801,0.84329,1.66478,0.0022879,0.0022879,0.0022879
781,3384.01,3.15243,0.77806,1.6406,0.7553,0.53885,0.64056,0.32491,3.40121,0.85463,1.66621,0.002278,0.002278,0.002278
782,3388.29,3.13371,0.79244,1.63368,0.75904,0.54297,0.64083,0.32326,3.43604,0.88782,1.6666,0.0022681,0.0022681,0.0022681
783,3391.95,3.50648,0.82455,1.61205,0.75974,0.54654,0.64384,0.32647,3.40878,0.85345,1.66517,0.0022582,0.0022582,0.0022582
784,3396.07,2.98748,0.75455,1.67493,0.74172,0.54997,0.6432,0.32505,3.36357,0.84192,1.66483,0.0022483,0.0022483,0.0022483
785,3400.14,3.40371,0.83488,1.6278,0.73924,0.54613,0.6397,0.32013,3.36893,0.84648,1.66582,0.0022384,0.0022384,0.0022384
786,3404.55,3.43264,0.87253,1.69624,0.74317,0.54861,0.64242,0.32447,3.40967,0.87147,1.66817,0.0022285,0.0022285,0.0022285
787,3408.96,3.25328,0.80875,1.66193,0.74668,0.54627,0.64129,0.32364,3.46055,0.88792,1.66982,0.0022186,0.0022186,0.0022186
788,3413.63,2.94103,0.82549,1.78556,0.74174,0.54956,0.64241,0.3261,3.38823,0.85699,1.66595,0.0022087,0.0022087,0.0022087
789,3417.86,3.05255,0.78774,1.68712,0.74336,0.54517,0.63923,0.32395,3.3775,0.8463,1.66497,0.0021988,0.0021988,0.0021988
790,3422.33,3.28701,0.8334,1.66335,0.74739,0.54795,0.64223,0.32138,3.4833,0.86015,1.66888,0.0021889,0.0021889,0.0021889
791,3426.53,2.63282,0.72906,1.67539,0.75201,0.54778,0.64161,0.32166,3.49352,0.86802,1.66875,0.002179,0.002179,0.002179
792,3430.25,3.61565,0.89655,1.59809,0.75425,0.54929,0.6412,0.32169,3.44608,0.87118,1.66736,0.0021691,0.0021691,0.0021691
793,3434.31,2.68705,0.71723,1.67733,0.74633,0.55025,0.63957,0.32022,3.46554,0.87825,1.66879,0.0021592,0.0021592,0.0021592
794,3438.51,3.03977,0.75436,1.62668,0.75053,0.55056,0.6425,0.32107,3.4193,0.86147,1.66821,0.0021493,0.0021493,0.0021493
795,3442.66,2.98197,0.81625,1.72697,0.75557,0.55066,0.6434,0.32406,3.38937,0.85126,1.66618,0.0021394,0.0021394,0.0021394
796,3447.29,2.89195,0.79091,1.67478,0.75109,0.55056,0.64513,0.32694,3.35059,0.83565,1.66355,0.0021295,0.0021295,0.0021295
797,3451.6,3.13222,0.82238,1.6835,0.75689,0.54489,0.64409,0.32693,3.34513,0.83449,1.6634,0.0021196,0.0021196,0.0021196
798,3455.82,3.0419,0.7886,1.65439,0.73931,0.54703,0.64075,0.32712,3.3053,0.83637,1.66397,0.0021097,0.0021097,0.0021097
799,3460,2.92248,0.76987,1.68708,0.74343,0.54654,0.64294,0.32784,3.32388,0.84347,1.66461,0.0020998,0.0020998,0.0020998
800,3464.25,3.42745,0.8661,1.62934,0.75768,0.55419,0.64806,0.32512,3.44143,0.86764,1.66867,0.0020899,0.0020899,0.0020899
801,3467.9,2.94334,0.75674,1.64381,0.76843,0.54942,0.64877,0.32687,3.44287,0.86916,1.66753,0.00208,0.00208,0.00208
802,3471.93,2.98045,0.75693,1.64677,0.76076,0.54887,0.6483,0.32885,3.37414,0.84573,1.66386,0.0020701,0.0020701,0.0020701
803,3476.07,3.39675,0.87343,1.66791,0.75797,0.54956,0.64849,0.3298,3.36824,0.83622,1.66412,0.0020602,0.0020602,0.0020602
804,3480.61,2.97498,0.79092,1.68065,0.76008,0.5405,0.64509,0.32856,3.3442,0.8309,1.66327,0.0020503,0.0020503,0.0020503
805,3484.73,3.55898,0.88857,1.63746,0.75311,0.54132,0.64385,0.32756,3.33625,0.82908,1.66325,0.0020404,0.0020404,0.0020404
806,3489.2,2.71766,0.73708,1.69249,0.74559,0.55323,0.64987,0.32833,3.36655,0.8306,1.66303,0.0020305,0.0020305,0.0020305
807,3493.27,3.00935,0.77766,1.65947,0.75643,0.55128,0.65261,0.32905,3.38321,0.83398,1.6649,0.0020206,0.0020206,0.0020206
808,3497.58,2.69083,0.71987,1.7093,0.74268,0.55739,0.65111,0.32817,3.39773,0.83533,1.66479,0.0020107,0.0020107,0.0020107
809,3502.08,2.89389,0.7725,1.69604,0.74728,0.55332,0.65143,0.32718,3.42436,0.8427,1.66648,0.0020008,0.0020008,0.0020008
810,3506.05,2.97527,0.75153,1.6469,0.74586,0.55522,0.65051,0.32572,3.47578,0.85145,1.66928,0.0019909,0.0019909,0.0019909
811,3510.14,2.9852,0.75525,1.64177,0.74372,0.5545,0.64854,0.32639,3.44991,0.84935,1.66894,0.001981,0.001981,0.001981
812,3514.41,2.73297,0.72692,1.66779,0.74804,0.54132,0.64193,0.32435,3.39274,0.8321,1.66726,0.0019711,0.0019711,0.0019711
813,3518.5,3.01431,0.77162,1.6802,0.74088,0.54874,0.64451,0.32478,3.40441,0.82978,1.66771,0.0019612,0.0019612,0.0019612
814,3522.74,2.97652,0.75519,1.66623,0.73993,0.5545,0.64717,0.32663,3.38184,0.82303,1.6672,0.0019513,0.0019513,0.0019513
815,3527.06,3.2715,0.82402,1.66671,0.73557,0.55382,0.64371,0.32609,3.34659,0.82013,1.66558,0.0019414,0.0019414,0.0019414
816,3531.14,3.39405,0.82101,1.61886,0.74154,0.54829,0.64344,0.32561,3.34619,0.82558,1.66554,0.0019315,0.0019315,0.0019315
817,3535.29,3.06616,0.78833,1.66359,0.74018,0.55148,0.64393,0.32555,3.37105,0.82934,1.66608,0.0019216,0.0019216,0.0019216
818,3539.97,2.68821,0.75929,1.69758,0.74114,0.54489,0.64267,0.3256,3.3455,0.82818,1.66544,0.0019117,0.0019117,0.0019117
819,3544.23,3.10847,0.80375,1.68972,0.72584,0.5545,0.64322,0.32399,3.3442,0.8335,1.66586,0.0019018,0.0019018,0.0019018
820,3548.71,2.82312,0.76506,1.73646,0.72676,0.55986,0.64684,0.32653,3.34327,0.83113,1.66533,0.0018919,0.0018919,0.0018919
821,3552.97,3.3093,0.84316,1.66277,0.73797,0.55203,0.64748,0.32828,3.3319,0.82741,1.6634,0.001882,0.001882,0.001882
822,3557.36,2.87918,0.72161,1.67221,0.73724,0.5567,0.64874,0.32742,3.30772,0.82114,1.66032,0.0018721,0.0018721,0.0018721
823,3561.54,2.74762,0.75312,1.73446,0.74572,0.55107,0.64758,0.32925,3.32535,0.82561,1.66099,0.0018622,0.0018622,0.0018622
824,3565.25,2.89912,0.75777,1.65057,0.75731,0.5405,0.64363,0.32456,3.41502,0.83934,1.66437,0.0018523,0.0018523,0.0018523
825,3569.99,3.04372,0.81499,1.70497,0.75066,0.54009,0.6418,0.32418,3.40303,0.83695,1.6643,0.0018424,0.0018424,0.0018424
826,3574.43,3.06167,0.7791,1.64807,0.74571,0.54794,0.64471,0.32624,3.39302,0.839,1.66472,0.0018325,0.0018325,0.0018325
827,3578.37,3.15792,0.80929,1.67237,0.74225,0.5508,0.64545,0.32683,3.40684,0.84741,1.66558,0.0018226,0.0018226,0.0018226
828,3582.4,3.21079,0.80667,1.64645,0.74251,0.54338,0.64512,0.32646,3.35194,0.84191,1.66409,0.0018127,0.0018127,0.0018127
829,3586.7,3.10519,0.78645,1.67223,0.74623,0.53515,0.64113,0.32226,3.33926,0.8372,1.66381,0.0018028,0.0018028,0.0018028
830,3590.98,2.87382,0.75795,1.65862,0.73817,0.53803,0.63986,0.3219,3.33937,0.83672,1.66503,0.0017929,0.0017929,0.0017929
831,3594.87,3.1867,0.81942,1.65987,0.73783,0.53734,0.63734,0.32187,3.36112,0.83357,1.66541,0.001783,0.001783,0.001783
832,3599.58,2.75612,0.76336,1.70448,0.74443,0.53734,0.63804,0.323,3.3807,0.82639,1.66543,0.0017731,0.0017731,0.0017731
833,3603.96,3.00964,0.77257,1.66979,0.74606,0.53443,0.63566,0.32498,3.34867,0.82365,1.66457,0.0017632,0.0017632,0.0017632
834,3608.52,2.91939,0.73527,1.66864,0.73962,0.54478,0.64091,0.32792,3.35011,0.82818,1.66401,0.0017533,0.0017533,0.0017533
835,3612.44,3.20067,0.81367,1.67072,0.75056,0.54445,0.64397,0.32869,3.36749,0.83241,1.66486,0.0017434,0.0017434,0.0017434
836,3616.56,2.76331,0.72068,1.64347,0.75943,0.54434,0.64599,0.33199,3.3302,0.82961,1.66296,0.0017335,0.0017335,0.0017335
837,3620.66,3.31071,0.8236,1.63764,0.76107,0.54764,0.64926,0.3317,3.33243,0.8294,1.66271,0.0017236,0.0017236,0.0017236
838,3625.2,3.02309,0.79067,1.70337,0.75723,0.54709,0.64649,0.32604,3.41545,0.84232,1.66618,0.0017137,0.0017137,0.0017137
839,3629.29,3.21081,0.8347,1.68618,0.75076,0.54956,0.64394,0.32542,3.40701,0.84189,1.66643,0.0017038,0.0017038,0.0017038
840,3633.61,2.91465,0.78117,1.72402,0.74994,0.55091,0.64562,0.32546,3.40185,0.83946,1.66709,0.0016939,0.0016939,0.0016939
841,3637.73,2.73007,0.74679,1.72539,0.75716,0.54736,0.64602,0.32445,3.41803,0.84775,1.66724,0.001684,0.001684,0.001684
842,3642.12,2.84448,0.74975,1.69985,0.74422,0.54997,0.64383,0.32217,3.4535,0.8587,1.66747,0.0016741,0.0016741,0.0016741
843,3646.51,2.79153,0.77012,1.69194,0.74634,0.5545,0.64704,0.32325,3.46606,0.85838,1.66805,0.0016642,0.0016642,0.0016642
844,3650.64,2.93604,0.73474,1.61143,0.73844,0.55794,0.64776,0.32425,3.44211,0.84241,1.66759,0.0016543,0.0016543,0.0016543
845,3654.51,3.67492,0.90012,1.61769,0.73895,0.55806,0.64846,0.32387,3.43231,0.84011,1.66757,0.0016444,0.0016444,0.0016444
846,3658.82,2.84353,0.76659,1.72906,0.75312,0.55282,0.64942,0.32625,3.43295,0.84065,1.66583,0.0016345,0.0016345,0.0016345
847,3663.13,2.85925,0.7496,1.67495,0.74847,0.55476,0.649,0.32751,3.4148,0.83882,1.66537,0.0016246,0.0016246,0.0016246
848,3667.36,2.78631,0.73002,1.68843,0.75635,0.54929,0.64777,0.32597,3.45159,0.85251,1.66741,0.0016147,0.0016147,0.0016147
849,3671.2,2.86603,0.73692,1.65711,0.75237,0.54764,0.646,0.32666,3.44833,0.85475,1.66802,0.0016048,0.0016048,0.0016048
850,3675.23,3.5493,0.85207,1.61431,0.74592,0.54533,0.64346,0.32712,3.34938,0.84483,1.66466,0.0015949,0.0015949,0.0015949
851,3679.2,3.02293,0.75577,1.64262,0.74476,0.54679,0.64352,0.32736,3.35117,0.84115,1.66441,0.001585,0.001585,0.001585
852,3683.65,2.85808,0.7091,1.6674,0.76026,0.54887,0.64669,0.32535,3.44644,0.85492,1.66807,0.0015751,0.0015751,0.0015751
853,3687.37,2.62352,0.70147,1.64804,0.75621,0.54929,0.64488,0.32519,3.44817,0.85343,1.66809,0.0015652,0.0015652,0.0015652
854,3691.58,3.04232,0.80066,1.69232,0.759,0.54695,0.64462,0.3279,3.38754,0.83772,1.66439,0.0015553,0.0015553,0.0015553
855,3695.59,3.00652,0.76967,1.70511,0.75909,0.54723,0.64641,0.32861,3.39299,0.84022,1.66424,0.0015454,0.0015454,0.0015454
856,3699.83,2.64403,0.70877,1.68506,0.7568,0.54174,0.64344,0.32528,3.44431,0.84656,1.66639,0.0015355,0.0015355,0.0015355
857,3703.51,3.12611,0.77403,1.65281,0.75105,0.54256,0.64266,0.32569,3.41873,0.84357,1.66519,0.0015256,0.0015256,0.0015256
858,3707.51,2.99596,0.78439,1.6817,0.74257,0.54847,0.64391,0.32791,3.36006,0.83031,1.66323,0.0015157,0.0015157,0.0015157
859,3711.8,3.15199,0.83456,1.62659,0.74431,0.55148,0.64617,0.32941,3.34371,0.82589,1.66326,0.0015058,0.0015058,0.0015058
860,3716.22,3.26209,0.84709,1.68814,0.74517,0.54874,0.64539,0.3298,3.33532,0.82807,1.66471,0.0014959,0.0014959,0.0014959
861,3720.05,2.52448,0.68139,1.64727,0.73883,0.54954,0.64509,0.32976,3.31202,0.82761,1.66445,0.001486,0.001486,0.001486
862,3723.96,3.01972,0.73451,1.64766,0.74363,0.54874,0.64751,0.33097,3.28114,0.82492,1.66299,0.0014761,0.0014761,0.0014761
863,3728.34,3.3212,0.80568,1.6443,0.75677,0.54161,0.64684,0.33071,3.30515,0.82967,1.66333,0.0014662,0.0014662,0.0014662
864,3732.02,2.73855,0.73024,1.6842,0.73931,0.54736,0.6432,0.32622,3.33615,0.83694,1.66452,0.0014563,0.0014563,0.0014563
865,3736.42,3.18757,0.78891,1.66008,0.7394,0.5453,0.64245,0.32589,3.33374,0.83298,1.66431,0.0014464,0.0014464,0.0014464
866,3740.79,2.98415,0.75171,1.69739,0.74344,0.53748,0.64182,0.3266,3.30832,0.82711,1.66213,0.0014365,0.0014365,0.0014365
867,3745.35,2.75823,0.74676,1.71099,0.74135,0.53638,0.64064,0.32583,3.31193,0.82769,1.66136,0.0014266,0.0014266,0.0014266
868,3748.97,3.31726,0.8433,1.64542,0.74061,0.54213,0.64199,0.32524,3.3436,0.83224,1.66194,0.0014167,0.0014167,0.0014167
869,3753.32,3.11675,0.80444,1.692,0.74866,0.54297,0.64547,0.32801,3.37278,0.83649,1.66275,0.0014068,0.0014068,0.0014068
870,3757.48,3.23713,0.81581,1.68001,0.7602,0.53923,0.64749,0.32869,3.41076,0.84046,1.66493,0.0013969,0.0013969,0.0013969
871,3761.53,3.06432,0.79898,1.69062,0.7585,0.53856,0.64724,0.32954,3.37009,0.83168,1.66321,0.001387,0.001387,0.001387
872,3765.45,3.10168,0.80041,1.62804,0.75033,0.54174,0.64512,0.32739,3.30866,0.81969,1.66116,0.0013771,0.0013771,0.0013771
873,3769.37,3.16709,0.79726,1.61612,0.74755,0.54476,0.64481,0.32624,3.3118,0.81904,1.6611,0.0013672,0.0013672,0.0013672
874,3774.08,2.79336,0.74466,1.67315,0.7498,0.55543,0.64806,0.32804,3.36699,0.82527,1.66247,0.0013573,0.0013573,0.0013573
875,3778.1,3.28887,0.80251,1.64555,0.75782,0.55289,0.64783,0.32636,3.41931,0.83789,1.66442,0.0013474,0.0013474,0.0013474
876,3782.26,2.84542,0.74043,1.70318,0.75129,0.55286,0.64556,0.32632,3.40409,0.83844,1.665,0.0013375,0.0013375,0.0013375
877,3787.25,2.7684,0.71848,1.66465,0.75094,0.55066,0.64555,0.32641,3.35184,0.8253,1.66322,0.0013276,0.0013276,0.0013276
878,3791.85,2.79076,0.7408,1.68448,0.75503,0.54064,0.6423,0.32657,3.30559,0.81485,1.66194,0.0013177,0.0013177,0.0013177
879,3795.68,3.0972,0.78586,1.64003,0.759,0.54434,0.6466,0.32834,3.31452,0.81818,1.66163,0.0013078,0.0013078,0.0013078
880,3799.49,2.84358,0.73349,1.66077,0.75319,0.54968,0.64966,0.3306,3.31358,0.82052,1.66171,0.0012979,0.0012979,0.0012979
881,3803.43,3.35301,0.84678,1.66962,0.7568,0.55197,0.65173,0.33092,3.30262,0.81914,1.6619,0.001288,0.001288,0.001288
882,3807.73,3.19053,0.84013,1.71722,0.75089,0.55697,0.65437,0.33144,3.34467,0.82816,1.66274,0.0012781,0.0012781,0.0012781
883,3811.68,2.70773,0.71967,1.67587,0.75247,0.55807,0.65433,0.33148,3.38671,0.83454,1.66338,0.0012682,0.0012682,0.0012682
884,3815.83,2.87232,0.77401,1.71684,0.75417,0.5589,0.65589,0.33109,3.39022,0.83356,1.66245,0.0012583,0.0012583,0.0012583
885,3820.14,2.7696,0.75362,1.71105,0.75663,0.55546,0.65378,0.33173,3.37247,0.82698,1.66156,0.0012484,0.0012484,0.0012484
886,3824.23,2.79646,0.74889,1.68846,0.7663,0.55148,0.65183,0.3296,3.41707,0.83386,1.66328,0.0012385,0.0012385,0.0012385
887,3828.11,2.6702,0.71529,1.67722,0.7645,0.55038,0.65006,0.32731,3.45499,0.84067,1.66492,0.0012286,0.0012286,0.0012286
888,3831.65,2.96947,0.74946,1.64082,0.76116,0.55565,0.65304,0.32766,3.45518,0.84324,1.66461,0.0012187,0.0012187,0.0012187
889,3835.87,2.86161,0.76099,1.69076,0.75784,0.55683,0.65284,0.32895,3.4492,0.84466,1.6648,0.0012088,0.0012088,0.0012088
890,3839.94,3.31649,0.82964,1.63409,0.75538,0.55862,0.65086,0.32822,3.44852,0.8482,1.66569,0.0011989,0.0011989,0.0011989
891,3844.11,3.36494,0.84666,1.66256,0.75565,0.55917,0.64955,0.32761,3.45651,0.84998,1.66623,0.001189,0.001189,0.001189
892,3848.06,3.40817,0.85846,1.65777,0.75359,0.55253,0.64679,0.32684,3.43469,0.85555,1.66572,0.0011791,0.0011791,0.0011791
893,3852.19,2.8522,0.776,1.69474,0.75695,0.54728,0.64469,0.32675,3.38518,0.84812,1.66473,0.0011692,0.0011692,0.0011692
894,3856.68,2.74579,0.75251,1.68895,0.75144,0.54942,0.64272,0.32642,3.37335,0.84114,1.66548,0.0011593,0.0011593,0.0011593
895,3860.44,2.7856,0.71259,1.64201,0.75027,0.55203,0.64559,0.32697,3.38669,0.8382,1.66568,0.0011494,0.0011494,0.0011494
896,3864.59,2.64115,0.70828,1.65463,0.75497,0.55423,0.65009,0.32809,3.40534,0.83687,1.66492,0.0011395,0.0011395,0.0011395
897,3868.97,3.29769,0.87705,1.68274,0.75572,0.5517,0.6484,0.32885,3.41193,0.83748,1.66481,0.0011296,0.0011296,0.0011296
898,3873.74,2.72756,0.73025,1.70058,0.74945,0.55395,0.6483,0.32952,3.37959,0.83102,1.66395,0.0011197,0.0011197,0.0011197
899,3877.52,3.53016,0.88112,1.65722,0.75381,0.55189,0.64774,0.32923,3.37753,0.82946,1.66411,0.0011098,0.0011098,0.0011098
900,3882.33,2.70456,0.70259,1.66696,0.75866,0.55423,0.64925,0.32798,3.41412,0.84207,1.66607,0.0010999,0.0010999,0.0010999
901,3886.63,3.05456,0.75267,1.64377,0.75787,0.55299,0.64953,0.32843,3.41133,0.84067,1.66585,0.00109,0.00109,0.00109
902,3890.52,3.46521,0.85748,1.65014,0.75336,0.55176,0.64945,0.33071,3.34331,0.82082,1.66382,0.0010801,0.0010801,0.0010801
903,3894.8,3.27528,0.80131,1.64508,0.75733,0.55231,0.65046,0.33144,3.33733,0.82005,1.66335,0.0010702,0.0010702,0.0010702
904,3899.18,3.10318,0.79321,1.67903,0.75322,0.55217,0.64941,0.33201,3.3349,0.81993,1.66232,0.0010603,0.0010603,0.0010603
905,3903.15,2.93517,0.74442,1.6325,0.75422,0.55011,0.64817,0.33193,3.31726,0.8175,1.66173,0.0010504,0.0010504,0.0010504
906,3907.27,2.79197,0.73302,1.69263,0.75788,0.54654,0.64591,0.33049,3.3143,0.81818,1.66105,0.0010405,0.0010405,0.0010405
907,3911.67,2.67118,0.74773,1.70481,0.75382,0.5464,0.64576,0.33049,3.33546,0.82232,1.66133,0.0010306,0.0010306,0.0010306
908,3915.73,3.17353,0.79634,1.6478,0.75872,0.5474,0.6466,0.32889,3.41657,0.83604,1.66413,0.0010207,0.0010207,0.0010207
909,3919.84,3.07295,0.77492,1.64529,0.75505,0.54759,0.64705,0.32788,3.44066,0.83871,1.66468,0.0010108,0.0010108,0.0010108
910,3923.74,2.94694,0.762,1.64085,0.75806,0.54572,0.64846,0.33019,3.38376,0.82754,1.66279,0.0010009,0.0010009,0.0010009
911,3927.71,2.93289,0.75216,1.6576,0.75226,0.55025,0.65019,0.33124,3.35646,0.8226,1.66234,0.000991,0.000991,0.000991
912,3931.72,3.15006,0.78941,1.64903,0.75687,0.54956,0.65285,0.33349,3.3438,0.8208,1.66219,0.0009811,0.0009811,0.0009811
913,3936.21,2.74298,0.73809,1.71194,0.76013,0.55066,0.65362,0.33351,3.34773,0.82184,1.6624,0.0009712,0.0009712,0.0009712
914,3940.47,3.3222,0.83084,1.59871,0.75481,0.55052,0.65208,0.33279,3.29696,0.8163,1.66185,0.0009613,0.0009613,0.0009613
915,3944.2,2.87949,0.71194,1.62678,0.75419,0.54654,0.6497,0.33128,3.28171,0.81465,1.6612,0.0009514,0.0009514,0.0009514
916,3948.63,2.60063,0.69824,1.67302,0.75634,0.54325,0.64787,0.33027,3.30609,0.81718,1.66255,0.0009415,0.0009415,0.0009415
917,3953.03,3.37913,0.83212,1.62788,0.75569,0.54558,0.64829,0.33083,3.34068,0.82079,1.66303,0.0009316,0.0009316,0.0009316
918,3957.51,2.84297,0.74095,1.65234,0.76471,0.54915,0.64865,0.32866,3.39162,0.82926,1.66474,0.0009217,0.0009217,0.0009217
919,3961.76,3.1442,0.75887,1.64466,0.76518,0.54695,0.64802,0.32878,3.38033,0.82811,1.66422,0.0009118,0.0009118,0.0009118
920,3965.56,3.16149,0.78698,1.65132,0.76785,0.54264,0.64659,0.32951,3.32017,0.81562,1.66196,0.0009019,0.0009019,0.0009019
921,3969.7,3.15658,0.77368,1.64789,0.75968,0.54585,0.64627,0.32938,3.31785,0.81455,1.6619,0.000892,0.000892,0.000892
922,3973.98,3.15959,0.82121,1.68296,0.75836,0.54804,0.64704,0.32969,3.33748,0.81729,1.66274,0.0008821,0.0008821,0.0008821
923,3977.36,2.68043,0.70413,1.66169,0.75633,0.54833,0.64688,0.33045,3.34467,0.81867,1.66199,0.0008722,0.0008722,0.0008722
924,3981.15,3.31778,0.83804,1.63339,0.76236,0.54569,0.64824,0.33163,3.35256,0.82384,1.66229,0.0008623,0.0008623,0.0008623
925,3985.42,3.38829,0.83346,1.6685,0.76184,0.54543,0.64915,0.33234,3.34898,0.82589,1.66251,0.0008524,0.0008524,0.0008524
926,3989.38,3.73262,0.91524,1.63609,0.75699,0.54956,0.65222,0.33292,3.33876,0.82416,1.66248,0.0008425,0.0008425,0.0008425
927,3993.4,2.99566,0.75989,1.66475,0.75568,0.55038,0.65168,0.33214,3.34243,0.8251,1.66247,0.0008326,0.0008326,0.0008326
928,3997.59,2.83969,0.74612,1.67986,0.75681,0.55135,0.65303,0.33314,3.34175,0.82448,1.66237,0.0008227,0.0008227,0.0008227
929,4002.04,2.63629,0.70184,1.68795,0.75202,0.55231,0.65155,0.33335,3.33931,0.82253,1.66234,0.0008128,0.0008128,0.0008128
930,4005.99,2.93823,0.75159,1.64575,0.75438,0.55409,0.65385,0.33399,3.39646,0.82632,1.66357,0.0008029,0.0008029,0.0008029
931,4010.86,2.78182,0.73556,1.67828,0.7533,0.5589,0.6542,0.33279,3.4421,0.83119,1.66529,0.000793,0.000793,0.000793
932,4015.35,2.84063,0.74204,1.70167,0.7578,0.56164,0.65657,0.33288,3.45424,0.83383,1.66747,0.0007831,0.0007831,0.0007831
933,4019.3,2.80397,0.72905,1.65993,0.76083,0.56137,0.65757,0.33394,3.42559,0.82918,1.66696,0.0007732,0.0007732,0.0007732
934,4023.25,3.39108,0.80082,1.59619,0.76287,0.55737,0.65737,0.33504,3.38686,0.82513,1.66553,0.0007633,0.0007633,0.0007633
935,4027.27,3.36793,0.81647,1.62453,0.76484,0.5577,0.6571,0.33468,3.40114,0.82849,1.66648,0.0007534,0.0007534,0.0007534
936,4031.17,2.98994,0.7939,1.69334,0.76643,0.55682,0.65635,0.33301,3.40437,0.83052,1.66625,0.0007435,0.0007435,0.0007435
937,4035.49,2.67352,0.73024,1.70106,0.76503,0.55516,0.65468,0.33309,3.37852,0.82634,1.66545,0.0007336,0.0007336,0.0007336
938,4039.29,3.64748,0.86928,1.60681,0.76624,0.55478,0.6565,0.33515,3.34163,0.82109,1.66404,0.0007237,0.0007237,0.0007237
939,4043.45,3.56884,0.86622,1.62401,0.76615,0.55409,0.65636,0.33521,3.35392,0.82325,1.66393,0.0007138,0.0007138,0.0007138
940,4047.68,2.69275,0.71873,1.66518,0.76206,0.5545,0.6563,0.33482,3.38989,0.82704,1.66514,0.0007039,0.0007039,0.0007039
941,4051.58,2.89293,0.73191,1.62845,0.75449,0.55943,0.65753,0.33456,3.39734,0.82888,1.66489,0.000694,0.000694,0.000694
942,4055.67,2.66601,0.70335,1.66407,0.75374,0.55592,0.65616,0.33385,3.36635,0.82623,1.66258,0.0006841,0.0006841,0.0006841
943,4059.45,3.25525,0.85365,1.66857,0.75002,0.55697,0.65555,0.33377,3.35795,0.82594,1.66223,0.0006742,0.0006742,0.0006742
944,4063.53,3.09338,0.76327,1.65229,0.74714,0.55819,0.65507,0.3334,3.34601,0.82519,1.66257,0.0006643,0.0006643,0.0006643
945,4067.48,3.04013,0.79349,1.64068,0.74816,0.55766,0.65391,0.33364,3.33611,0.82312,1.66286,0.0006544,0.0006544,0.0006544
946,4072.13,3.28103,0.81652,1.68663,0.74967,0.55107,0.65126,0.33288,3.33498,0.82152,1.66352,0.0006445,0.0006445,0.0006445
947,4076.08,3.08876,0.80286,1.65028,0.74823,0.55161,0.65145,0.33203,3.35436,0.82339,1.663,0.0006346,0.0006346,0.0006346
948,4079.75,3.59799,0.86396,1.65081,0.75,0.55231,0.65148,0.33131,3.3751,0.82595,1.66388,0.0006247,0.0006247,0.0006247
949,4083.42,3.14257,0.77528,1.62532,0.74849,0.55327,0.65228,0.33171,3.37251,0.82679,1.66346,0.0006148,0.0006148,0.0006148
950,4087.73,3.2027,0.82832,1.68294,0.75046,0.55572,0.65396,0.33307,3.36092,0.82347,1.66296,0.0006049,0.0006049,0.0006049
951,4091.97,3.43005,0.86179,1.64698,0.75196,0.55656,0.65499,0.33299,3.3522,0.82352,1.66289,0.000595,0.000595,0.000595
952,4096.09,3.11629,0.81549,1.70329,0.76679,0.55161,0.65464,0.33321,3.33818,0.81947,1.66277,0.0005851,0.0005851,0.0005851
953,4100.23,2.57709,0.72157,1.70478,0.76482,0.55093,0.65395,0.33265,3.3404,0.81753,1.6637,0.0005752,0.0005752,0.0005752
954,4104.35,2.91841,0.72998,1.64719,0.76229,0.55066,0.65409,0.3322,3.34544,0.81383,1.66464,0.0005653,0.0005653,0.0005653
955,4108.69,2.86846,0.82891,1.72935,0.75809,0.54983,0.65191,0.33284,3.3437,0.81251,1.66503,0.0005554,0.0005554,0.0005554
956,4113.18,2.50327,0.67775,1.68427,0.76102,0.54585,0.64994,0.33227,3.32384,0.81026,1.66449,0.0005455,0.0005455,0.0005455
957,4117.15,2.79722,0.73029,1.6774,0.76183,0.54277,0.64956,0.33206,3.32381,0.81118,1.66459,0.0005356,0.0005356,0.0005356
958,4121.41,2.79082,0.72416,1.67847,0.75883,0.54476,0.64965,0.33093,3.3336,0.81493,1.66409,0.0005257,0.0005257,0.0005257
959,4125.22,3.34923,0.80885,1.60502,0.75635,0.54709,0.64919,0.33123,3.34063,0.81578,1.66379,0.0005158,0.0005158,0.0005158
960,4129.66,2.82518,0.76105,1.70771,0.75888,0.54901,0.6509,0.33109,3.35596,0.82111,1.66382,0.0005059,0.0005059,0.0005059
961,4133.55,2.85705,0.73525,1.61322,0.76171,0.5486,0.652,0.33152,3.34947,0.81969,1.66344,0.000496,0.000496,0.000496
962,4137.23,3.36726,0.80923,1.6254,0.755,0.55038,0.65253,0.33289,3.32602,0.81559,1.66248,0.0004861,0.0004861,0.0004861
963,4141.56,3.08484,0.8391,1.69289,0.75399,0.5486,0.65122,0.3332,3.3252,0.81688,1.6626,0.0004762,0.0004762,0.0004762
964,4145.45,3.28277,0.84089,1.6442,0.75437,0.55011,0.65143,0.33277,3.3306,0.8157,1.66286,0.0004663,0.0004663,0.0004663
965,4149.35,2.93805,0.71468,1.63268,0.75582,0.54775,0.65031,0.33261,3.32683,0.81506,1.66271,0.0004564,0.0004564,0.0004564
966,4153.84,3.11532,0.79343,1.66781,0.75414,0.54778,0.64926,0.33187,3.3381,0.81685,1.66243,0.0004465,0.0004465,0.0004465
967,4158.33,2.6515,0.74327,1.72921,0.75338,0.55052,0.65059,0.332,3.34764,0.81914,1.66262,0.0004366,0.0004366,0.0004366
968,4162.44,2.73295,0.72166,1.68715,0.75849,0.55191,0.65215,0.3321,3.38548,0.82615,1.6641,0.0004267,0.0004267,0.0004267
969,4166.33,3.46617,0.85621,1.64385,0.75838,0.55327,0.65229,0.33175,3.39546,0.8294,1.66392,0.0004168,0.0004168,0.0004168
970,4170.44,2.83889,0.77813,1.73375,0.75923,0.55542,0.65348,0.33282,3.3649,0.82368,1.66341,0.0004069,0.0004069,0.0004069
971,4174.11,2.91856,0.74668,1.63918,0.76369,0.55272,0.65391,0.33369,3.3522,0.82142,1.66311,0.000397,0.000397,0.000397
972,4178.36,2.69134,0.68662,1.66573,0.76165,0.55615,0.65395,0.3341,3.35501,0.82035,1.66366,0.0003871,0.0003871,0.0003871
973,4182.51,3.19391,0.83244,1.66045,0.76136,0.55845,0.65536,0.33373,3.36905,0.82258,1.66399,0.0003772,0.0003772,0.0003772
974,4186.81,2.88469,0.74099,1.68176,0.75999,0.55818,0.65412,0.33289,3.38148,0.82383,1.66482,0.0003673,0.0003673,0.0003673
975,4190.73,2.8351,0.77205,1.70507,0.75519,0.5578,0.65405,0.33334,3.37502,0.82284,1.66399,0.0003574,0.0003574,0.0003574
976,4195.2,3.13052,0.74834,1.6676,0.75695,0.55668,0.65386,0.3341,3.35705,0.82162,1.66367,0.0003475,0.0003475,0.0003475
977,4199.52,2.75351,0.71679,1.68352,0.75458,0.55533,0.65263,0.33377,3.34503,0.82028,1.66327,0.0003376,0.0003376,0.0003376
978,4203.91,2.86758,0.76304,1.71219,0.75377,0.55533,0.65188,0.33216,3.33186,0.82153,1.66304,0.0003277,0.0003277,0.0003277
979,4208.37,2.89736,0.76531,1.6981,0.75206,0.5551,0.65119,0.33253,3.33489,0.82248,1.66334,0.0003178,0.0003178,0.0003178
980,4212.15,3.50736,0.87177,1.62972,0.75573,0.55601,0.65138,0.3321,3.36035,0.82508,1.66372,0.0003079,0.0003079,0.0003079
981,4216.1,3.02519,0.7558,1.66587,0.75503,0.55766,0.65262,0.33196,3.36837,0.82652,1.66379,0.000298,0.000298,0.000298
982,4220.01,2.89099,0.74138,1.66744,0.75644,0.55643,0.65262,0.33156,3.36404,0.82453,1.66306,0.0002881,0.0002881,0.0002881
983,4223.98,2.58456,0.6845,1.64233,0.75417,0.55684,0.65237,0.33209,3.3537,0.82287,1.66264,0.0002782,0.0002782,0.0002782
984,4253.58,3.34709,0.85917,1.6576,0.75737,0.5545,0.65257,0.33315,3.32318,0.81449,1.66227,0.0002683,0.0002683,0.0002683
985,4257.73,3.14655,0.81448,1.67976,0.758,0.55464,0.65321,0.33398,3.31219,0.81261,1.66222,0.0002584,0.0002584,0.0002584
986,4261.87,2.54841,0.72856,1.69403,0.7569,0.55437,0.65245,0.3339,3.32766,0.81431,1.66203,0.0002485,0.0002485,0.0002485
987,4266.09,2.76717,0.73591,1.65806,0.75785,0.55423,0.65305,0.33361,3.33876,0.81673,1.66247,0.0002386,0.0002386,0.0002386
988,4270.24,3.31385,0.82947,1.63234,0.75744,0.55395,0.65221,0.3337,3.34859,0.82007,1.66258,0.0002287,0.0002287,0.0002287
989,4274.5,2.95922,0.7734,1.65314,0.7572,0.55409,0.65122,0.33394,3.34933,0.8202,1.66259,0.0002188,0.0002188,0.0002188
990,4278.26,3.13874,0.77511,1.63039,0.75634,0.55313,0.65114,0.33448,3.33945,0.81765,1.66172,0.0002089,0.0002089,0.0002089
991,4336.72,2.7137,0.69644,1.65296,0.75502,0.5534,0.65102,0.33437,3.3319,0.81544,1.66153,0.000199,0.000199,0.000199
992,4341.03,3.13,0.78495,1.63502,0.75643,0.55286,0.65188,0.33429,3.32102,0.81397,1.66164,0.0001891,0.0001891,0.0001891
993,4344.69,3.14132,0.76857,1.61045,0.7576,0.55299,0.65164,0.33395,3.32364,0.81382,1.6615,0.0001792,0.0001792,0.0001792
994,4349.13,2.67887,0.71426,1.69421,0.75526,0.5545,0.65241,0.33372,3.33356,0.81616,1.66193,0.0001693,0.0001693,0.0001693
995,4352.9,2.86991,0.72208,1.64617,0.75837,0.55409,0.65282,0.3329,3.34563,0.81858,1.66242,0.0001594,0.0001594,0.0001594
996,4357.23,2.6484,0.69115,1.66766,0.7593,0.55478,0.65284,0.3328,3.36189,0.82097,1.66319,0.0001495,0.0001495,0.0001495
997,4361.52,3.23086,0.78872,1.60941,0.75922,0.5541,0.65213,0.33233,3.36031,0.82096,1.66342,0.0001396,0.0001396,0.0001396
998,4365.5,3.47645,0.82739,1.59018,0.76237,0.55286,0.65276,0.33336,3.34566,0.81829,1.66327,0.0001297,0.0001297,0.0001297
999,4369.43,3.27581,0.79827,1.60909,0.76286,0.55204,0.65338,0.33435,3.33729,0.81698,1.66296,0.0001198,0.0001198,0.0001198
1000,4373.63,2.88353,0.7254,1.65812,0.76281,0.55011,0.65219,0.33528,3.32232,0.81438,1.6624,0.0001099,0.0001099,0.0001099
