epoch,time,train/box_loss,train/cls_loss,train/dfl_loss,metrics/precision(B),metrics/recall(B),metrics/mAP50(B),metrics/mAP50-95(B),val/box_loss,val/cls_loss,val/dfl_loss,lr/pg0,lr/pg1,lr/pg2
1,11.531,4.31513,3.10533,1.20187,0.29725,0.3288,0.23997,0.07307,4.51477,6.07918,0.96084,0.00022,0.00022,0.00022
2,22.7071,3.4404,1.16584,0.94428,0,0,0,0,nan,nan,nan,0.000459696,0.000459696,0.000459696
3,33.2627,3.52391,1.00892,0.93665,0,0,0,0,nan,nan,nan,0.000699076,0.000699076,0.000699076
4,44.0334,3.51375,1.03217,0.94736,0,0,0,0,nan,nan,nan,0.000938139,0.000938139,0.000938139
5,54.3812,3.67176,0.99398,0.96407,0,0,0,0,nan,nan,nan,0.00117688,0.00117688,0.00117688
6,65.0736,3.35608,1.00844,0.94393,0,0,0,0,nan,nan,nan,0.00141531,0.00141531,0.00141531
7,75.4174,3.41877,1.01659,0.94257,0,0,0,0,nan,nan,nan,0.00165343,0.00165343,0.00165343
8,85.7474,3.75643,1.08556,0.94618,0,0,0,0,nan,nan,nan,0.00189122,0.00189122,0.00189122
9,96.4186,3.64006,1.03716,0.9705,0,0,0,0,nan,nan,nan,0.00198944,0.00198944,0.00198944
10,106.979,3.59319,0.97969,0.94679,0,0,0,0,nan,nan,nan,0.00198812,0.00198812,0.00198812
11,117.56,3.39545,0.97821,0.93047,0.13358,0.11986,0.06702,0.02788,nan,nan,nan,0.0019868,0.0019868,0.0019868
12,128.188,3.39483,1.01066,0.92947,0.08168,0.03391,0.02074,0.0059,6.19452,23.6701,1.5046,0.00198548,0.00198548,0.00198548
13,138.814,3.44019,0.97341,0.94399,0,0,0,0,nan,nan,nan,0.00198416,0.00198416,0.00198416
14,149.407,3.34211,1.0455,0.91349,0,0,0,0,nan,nan,nan,0.00198284,0.00198284,0.00198284
15,160.078,3.27306,0.92624,0.92882,0.53198,0.25371,0.2763,0.09961,4.155,1.40584,1.02107,0.00198152,0.00198152,0.00198152
16,171.442,3.31609,0.9247,0.92161,0.57692,0.3612,0.41907,0.1551,3.49649,1.26896,0.90126,0.0019802,0.0019802,0.0019802
17,182.513,3.12853,0.90185,0.9212,0.45956,0.24982,0.28316,0.10714,3.71608,1.50131,0.95607,0.00197888,0.00197888,0.00197888
18,193.257,3.3041,0.93332,0.92063,0.62094,0.42408,0.48319,0.19187,3.38336,1.64514,0.88994,0.00197756,0.00197756,0.00197756
19,204.42,3.22681,0.9589,0.93736,0.61221,0.41592,0.47721,0.17896,3.39627,1.3783,0.88955,0.00197624,0.00197624,0.00197624
20,215.295,3.11938,0.88174,0.91686,0.64898,0.43438,0.50767,0.2007,3.34543,1.26443,0.88245,0.00197492,0.00197492,0.00197492
21,226.374,3.12421,0.88563,0.90094,0.54384,0.38674,0.41307,0.14286,3.53079,1.59156,0.88318,0.0019736,0.0019736,0.0019736
22,237.045,3.07575,0.88368,0.90728,0.62385,0.38276,0.4463,0.17738,3.25345,1.65931,0.87367,0.00197228,0.00197228,0.00197228
23,248.064,3.03837,0.88711,0.89769,0.62264,0.45401,0.51975,0.22148,3.25826,1.08129,0.87807,0.00197096,0.00197096,0.00197096
24,259.189,3.00163,0.88263,0.89318,0.64297,0.42916,0.50979,0.21091,3.15149,0.94422,0.86681,0.00196964,0.00196964,0.00196964
25,270.014,2.94823,0.84023,0.8953,0.66917,0.49286,0.5657,0.23612,3.12015,0.96027,0.87142,0.00196832,0.00196832,0.00196832
26,281.198,3.15555,0.86324,0.89105,0.59918,0.47141,0.51522,0.20523,3.12096,0.88642,0.86396,0.001967,0.001967,0.001967
27,291.863,3.06361,0.87486,0.89991,0.6895,0.48839,0.56705,0.24441,3.13218,0.89071,0.86818,0.00196568,0.00196568,0.00196568
28,302.905,2.98123,0.86889,0.90357,0.66422,0.46568,0.54063,0.23157,3.10549,0.86394,0.86483,0.00196436,0.00196436,0.00196436
29,313.624,3.01156,0.84105,0.90064,0.65978,0.44481,0.51537,0.22004,3.18479,0.86225,0.87532,0.00196304,0.00196304,0.00196304
30,324.386,3.02353,0.84518,0.89674,0.67831,0.4871,0.56216,0.2403,3.11021,0.87521,0.86389,0.00196172,0.00196172,0.00196172
31,335.151,3.00463,0.82645,0.88843,0.63299,0.49489,0.54252,0.22877,2.8922,0.82232,0.86104,0.0019604,0.0019604,0.0019604
32,345.702,3.05723,0.86748,0.89484,0.64742,0.45813,0.52587,0.21889,3.14218,0.86425,0.88052,0.00195908,0.00195908,0.00195908
33,356.508,2.94658,0.81287,0.88916,0.68057,0.48462,0.55827,0.2295,3.15905,0.90252,0.86661,0.00195776,0.00195776,0.00195776
34,367.108,3.05129,0.91021,0.901,0.63785,0.44152,0.50901,0.20137,3.23109,0.88469,0.86998,0.00195644,0.00195644,0.00195644
35,377.826,2.98251,0.8956,0.88855,0.60327,0.49267,0.53512,0.22752,3.10588,0.88541,0.86381,0.00195512,0.00195512,0.00195512
36,388.531,3.00175,0.86313,0.88862,0.63903,0.50796,0.56046,0.23526,3.07767,0.90826,0.86344,0.0019538,0.0019538,0.0019538
37,399.062,2.88434,0.83379,0.88642,0.70233,0.51263,0.59177,0.26648,2.95691,0.8732,0.85676,0.00195248,0.00195248,0.00195248
38,410.041,3.01839,0.83494,0.87846,0.66151,0.50014,0.57201,0.25161,2.94254,0.83282,0.8576,0.00195116,0.00195116,0.00195116
39,421,3.00447,0.84448,0.87215,0.6403,0.48613,0.54793,0.23749,3.04111,0.84622,0.86758,0.00194984,0.00194984,0.00194984
40,431.476,2.80343,0.81426,0.89001,0.69455,0.50384,0.58804,0.26976,2.85558,0.80365,0.85323,0.00194852,0.00194852,0.00194852
41,442.595,2.90357,0.82539,0.87562,0.69173,0.50329,0.57547,0.25417,2.85996,0.82092,0.85669,0.0019472,0.0019472,0.0019472
42,453.25,2.89052,0.85519,0.88113,0.70023,0.48712,0.567,0.23465,2.87402,0.83987,0.8521,0.00194588,0.00194588,0.00194588
43,464.007,3.04627,0.90004,0.88751,0.68684,0.47117,0.55084,0.22312,2.96669,0.83706,0.86265,0.00194456,0.00194456,0.00194456
44,474.364,2.85998,0.83403,0.88261,0.7054,0.49492,0.58708,0.25802,2.88697,0.80334,0.85609,0.00194324,0.00194324,0.00194324
45,485,2.9542,0.88789,0.87927,0.64514,0.49959,0.56633,0.25012,2.96654,0.82714,0.85614,0.00194192,0.00194192,0.00194192
46,495.67,2.92889,0.84242,0.89141,0.66948,0.48302,0.55383,0.24471,3.13305,0.89945,0.86859,0.0019406,0.0019406,0.0019406
47,506.469,3.02511,0.84007,0.87539,0.69384,0.49822,0.5818,0.25308,2.78384,0.8127,0.85367,0.00193928,0.00193928,0.00193928
48,517.034,2.97577,0.8456,0.88376,0.68179,0.49574,0.57646,0.24633,2.89663,0.85857,0.85599,0.00193796,0.00193796,0.00193796
49,527.918,2.91998,0.85907,0.88405,0.65898,0.47584,0.55885,0.24647,2.97998,0.84317,0.86037,0.00193664,0.00193664,0.00193664
50,538.469,2.81272,0.81747,0.88447,0.67784,0.47021,0.5597,0.24528,3.01561,0.84199,0.86519,0.00193532,0.00193532,0.00193532
51,549.235,2.75902,0.78733,0.8861,0.67208,0.5092,0.58404,0.26802,2.77183,0.77592,0.85039,0.001934,0.001934,0.001934
52,559.672,2.84107,0.80302,0.88189,0.70564,0.5232,0.60059,0.27688,2.83615,0.84017,0.85346,0.00193268,0.00193268,0.00193268
53,571.009,2.8429,0.78653,0.87524,0.71512,0.51949,0.60046,0.26971,2.83746,0.79822,0.85088,0.00193136,0.00193136,0.00193136
54,581.763,2.73258,0.76859,0.87964,0.72315,0.50069,0.5953,0.26653,2.83918,0.76812,0.85287,0.00193004,0.00193004,0.00193004
55,592.574,2.78315,0.78925,0.87204,0.72417,0.50522,0.59821,0.27169,2.77899,0.76525,0.85131,0.00192872,0.00192872,0.00192872
56,603.313,2.77792,0.78153,0.87194,0.72161,0.51126,0.60033,0.26935,2.87945,0.76833,0.8553,0.0019274,0.0019274,0.0019274
57,614.105,2.71659,0.75993,0.87188,0.71111,0.53563,0.61686,0.28446,2.70335,0.73679,0.84882,0.00192608,0.00192608,0.00192608
58,625.041,2.68985,0.77919,0.8754,0.71847,0.53183,0.61525,0.29307,2.72973,0.76328,0.85049,0.00192476,0.00192476,0.00192476
59,636.848,2.71484,0.76976,0.87933,0.69214,0.49066,0.58334,0.27143,2.8346,0.77134,0.85442,0.00192344,0.00192344,0.00192344
60,647.481,2.71198,0.78902,0.87316,0.70439,0.50769,0.59487,0.28193,2.80029,0.7571,0.8516,0.00192212,0.00192212,0.00192212
61,658.489,2.73316,0.76368,0.87443,0.74972,0.52361,0.61996,0.28867,2.69843,0.73947,0.84429,0.0019208,0.0019208,0.0019208
62,668.894,2.69388,0.77598,0.87311,0.74029,0.52348,0.61929,0.29572,2.64892,0.74016,0.84319,0.00191948,0.00191948,0.00191948
63,679.958,2.8216,0.7819,0.87353,0.69483,0.52361,0.60653,0.28879,2.68353,0.72987,0.84302,0.00191816,0.00191816,0.00191816
64,690.645,2.75678,0.77635,0.87356,0.67684,0.50892,0.58824,0.25773,2.7339,0.7434,0.84676,0.00191684,0.00191684,0.00191684
65,701.376,2.77121,0.76732,0.86473,0.73081,0.52265,0.61522,0.28554,2.77152,0.78447,0.85274,0.00191552,0.00191552,0.00191552
66,712.267,2.7113,0.75831,0.86598,0.73934,0.52636,0.62229,0.29297,2.7046,0.75265,0.84782,0.0019142,0.0019142,0.0019142
67,723.258,2.73309,0.76233,0.8774,0.71159,0.53171,0.61955,0.29973,2.57452,0.72149,0.8449,0.00191288,0.00191288,0.00191288
68,733.939,2.67323,0.75011,0.87619,0.70099,0.53298,0.60874,0.27725,2.84123,0.77739,0.85413,0.00191156,0.00191156,0.00191156
69,744.658,2.86817,0.77668,0.87055,0.72279,0.54589,0.63068,0.29646,2.6306,0.70938,0.84551,0.00191024,0.00191024,0.00191024
70,755.161,2.77336,0.7705,0.86829,0.69392,0.54002,0.61787,0.28599,2.64679,0.71235,0.8448,0.00190892,0.00190892,0.00190892
71,765.829,2.68998,0.74508,0.85821,0.74665,0.53405,0.62981,0.29866,2.66733,0.71337,0.84327,0.0019076,0.0019076,0.0019076
72,776.721,2.58236,0.74406,0.86659,0.73864,0.5372,0.63193,0.30664,2.55488,0.70258,0.84095,0.00190628,0.00190628,0.00190628
73,788.064,2.76953,0.75978,0.86639,0.72753,0.54448,0.63062,0.30559,2.61007,0.71279,0.84239,0.00190496,0.00190496,0.00190496
74,798.982,2.73167,0.74827,0.86763,0.72199,0.53652,0.62642,0.29796,2.59722,0.72366,0.84054,0.00190364,0.00190364,0.00190364
75,809.787,2.73287,0.76503,0.86587,0.73746,0.54956,0.63559,0.30425,2.69531,0.74131,0.84156,0.00190232,0.00190232,0.00190232
76,820.402,2.70902,0.75511,0.87122,0.73199,0.56054,0.6412,0.31079,2.65881,0.71821,0.8408,0.001901,0.001901,0.001901
77,831.658,2.5693,0.73252,0.86609,0.72354,0.53844,0.62526,0.30502,2.65433,0.7111,0.84418,0.00189968,0.00189968,0.00189968
78,842.275,2.59591,0.72319,0.85601,0.72907,0.52866,0.62003,0.30372,2.63919,0.71865,0.84357,0.00189836,0.00189836,0.00189836
79,853.188,2.55088,0.72244,0.86934,0.74168,0.53597,0.63415,0.31019,2.56059,0.70432,0.8414,0.00189704,0.00189704,0.00189704
80,863.818,2.6814,0.76147,0.87052,0.72982,0.55025,0.63689,0.30977,2.67101,0.72676,0.84402,0.00189572,0.00189572,0.00189572
81,874.754,2.65049,0.76382,0.87478,0.70072,0.55931,0.63355,0.29953,2.63044,0.72506,0.84108,0.0018944,0.0018944,0.0018944
82,885.265,2.62868,0.74866,0.86906,0.75034,0.55258,0.64552,0.30805,2.62926,0.73184,0.84269,0.00189308,0.00189308,0.00189308
83,896.556,2.6567,0.73681,0.86831,0.72472,0.53457,0.62225,0.30274,2.66868,0.72124,0.84335,0.00189176,0.00189176,0.00189176
84,907.284,2.85574,0.79179,0.85644,0.68342,0.51661,0.59563,0.27636,2.64474,0.7353,0.84185,0.00189044,0.00189044,0.00189044
85,918.134,2.74909,0.77166,0.87518,0.73554,0.54946,0.635,0.29802,2.75739,0.81787,0.84457,0.00188912,0.00188912,0.00188912
86,928.991,2.68681,0.76266,0.85792,0.75399,0.54695,0.64209,0.30605,2.63407,0.79517,0.83987,0.0018878,0.0018878,0.0018878
87,939.769,2.73922,0.74728,0.85371,0.68801,0.53652,0.61295,0.28098,2.65518,0.72493,0.84251,0.00188648,0.00188648,0.00188648
88,950.539,2.68488,0.75452,0.86327,0.72852,0.5394,0.62514,0.30125,2.60435,0.72433,0.844,0.00188516,0.00188516,0.00188516
89,961.175,2.63667,0.73033,0.85901,0.7072,0.5254,0.61201,0.2858,2.66485,0.71491,0.84025,0.00188384,0.00188384,0.00188384
90,971.828,2.66857,0.74237,0.86475,0.70299,0.53336,0.61432,0.2821,2.71115,0.73466,0.84239,0.00188252,0.00188252,0.00188252
91,982.711,2.6419,0.74463,0.85532,0.74074,0.55503,0.64095,0.31462,2.5628,0.69358,0.83917,0.0018812,0.0018812,0.0018812
92,993.816,2.5993,0.74187,0.86447,0.74268,0.55848,0.64519,0.32031,2.52098,0.69868,0.84096,0.00187988,0.00187988,0.00187988
93,1005.18,2.56174,0.73819,0.87046,0.74126,0.55505,0.6466,0.31503,2.60943,0.73565,0.84057,0.00187856,0.00187856,0.00187856
94,1015.9,2.64757,0.75392,0.85684,0.72672,0.54956,0.63668,0.30592,2.58673,0.7223,0.83948,0.00187724,0.00187724,0.00187724
95,1026.76,2.60779,0.74087,0.87052,0.73577,0.55242,0.63558,0.30126,2.69927,0.71707,0.84562,0.00187592,0.00187592,0.00187592
96,1037.49,2.66322,0.76229,0.87562,0.71364,0.5497,0.63385,0.29848,2.55825,0.69547,0.8374,0.0018746,0.0018746,0.0018746
97,1048.44,2.78703,0.77535,0.86588,0.73135,0.57262,0.65145,0.3101,2.65748,0.75047,0.84037,0.00187328,0.00187328,0.00187328
98,1059.07,2.69317,0.76889,0.86494,0.74822,0.55444,0.63656,0.28932,2.83109,0.84151,0.84498,0.00187196,0.00187196,0.00187196
99,1069.84,2.81037,0.81374,0.87328,0.68725,0.51798,0.59371,0.27782,2.70228,0.76628,0.8446,0.00187064,0.00187064,0.00187064
100,1080.54,2.76329,0.79607,0.86215,0.63043,0.48641,0.54757,0.2331,2.80757,0.78068,0.84242,0.00186932,0.00186932,0.00186932
101,1091.14,2.72276,0.78801,0.86366,0.70639,0.52054,0.60912,0.2845,2.68504,0.72027,0.84973,0.001868,0.001868,0.001868
102,1101.86,2.77781,0.76529,0.86545,0.72434,0.52091,0.61768,0.30152,2.57663,0.71538,0.8444,0.00186668,0.00186668,0.00186668
103,1112.63,2.62907,0.74072,0.85265,0.73648,0.51799,0.61849,0.29617,2.5411,0.72159,0.83848,0.00186536,0.00186536,0.00186536
104,1123.22,2.60895,0.73769,0.86031,0.76352,0.54032,0.63739,0.31752,2.53752,0.69523,0.83913,0.00186404,0.00186404,0.00186404
105,1134.38,2.54271,0.72789,0.86291,0.74888,0.5637,0.65089,0.32102,2.51028,0.7159,0.835,0.00186272,0.00186272,0.00186272
106,1145.43,2.52949,0.72912,0.85505,0.75181,0.5615,0.64455,0.31469,2.64207,0.77829,0.83899,0.0018614,0.0018614,0.0018614
107,1156.3,2.53834,0.72465,0.85593,0.72694,0.55697,0.64216,0.30926,2.51283,0.69988,0.8337,0.00186008,0.00186008,0.00186008
108,1167,2.6589,0.75401,0.85585,0.71278,0.55752,0.63875,0.30559,2.54482,0.70329,0.83583,0.00185876,0.00185876,0.00185876
109,1177.77,2.6379,0.74268,0.85137,0.76343,0.55203,0.64735,0.30992,2.63525,0.77326,0.83719,0.00185744,0.00185744,0.00185744
110,1188.58,2.5313,0.75841,0.8674,0.75994,0.54681,0.64566,0.32005,2.50006,0.73084,0.83583,0.00185612,0.00185612,0.00185612
111,1199.13,2.60151,0.74918,0.85352,0.70897,0.53528,0.62324,0.30491,2.4808,0.71949,0.83599,0.0018548,0.0018548,0.0018548
112,1209.94,2.52992,0.75161,0.86958,0.72051,0.53487,0.62453,0.30234,2.63684,0.73883,0.83971,0.00185348,0.00185348,0.00185348
113,1220.69,2.609,0.74931,0.86237,0.70856,0.55437,0.6313,0.30016,2.55067,0.71457,0.83628,0.00185216,0.00185216,0.00185216
114,1231.48,2.55976,0.7282,0.85638,0.73964,0.56439,0.65002,0.32349,2.44765,0.69845,0.83336,0.00185084,0.00185084,0.00185084
115,1242.79,2.57932,0.7354,0.87285,0.73435,0.56546,0.6513,0.32337,2.46632,0.67367,0.83557,0.00184952,0.00184952,0.00184952
116,1253.91,2.49052,0.71125,0.86523,0.72546,0.56384,0.64297,0.31675,2.51734,0.69349,0.83952,0.0018482,0.0018482,0.0018482
117,1264.65,2.5947,0.74052,0.86733,0.72577,0.53926,0.61818,0.28351,2.82484,0.79014,0.84881,0.00184688,0.00184688,0.00184688
118,1275.39,2.68572,0.75965,0.86153,0.72872,0.56068,0.64248,0.3117,2.57998,0.71045,0.8403,0.00184556,0.00184556,0.00184556
119,1286.01,2.59671,0.73686,0.86647,0.7312,0.53171,0.62846,0.30121,2.64288,0.7086,0.8426,0.00184424,0.00184424,0.00184424
120,1296.73,2.56484,0.73889,0.87175,0.73252,0.54283,0.63803,0.31383,2.54714,0.70115,0.83964,0.00184292,0.00184292,0.00184292
121,1307.31,2.58789,0.71807,0.86269,0.73921,0.56425,0.64716,0.30893,2.64415,0.72994,0.84383,0.0018416,0.0018416,0.0018416
122,1317.87,2.61638,0.74533,0.86496,0.75235,0.55053,0.6371,0.30798,2.72251,0.77507,0.84877,0.00184028,0.00184028,0.00184028
123,1328.47,2.6735,0.75672,0.87716,0.6844,0.52547,0.59974,0.27588,2.63568,0.74283,0.84087,0.00183896,0.00183896,0.00183896
124,1339.04,2.63426,0.77738,0.85842,0.70773,0.53788,0.6196,0.28815,2.60393,0.73079,0.83861,0.00183764,0.00183764,0.00183764
125,1349.66,2.58199,0.73066,0.86284,0.76565,0.54146,0.64226,0.3106,2.60848,0.76496,0.84011,0.00183632,0.00183632,0.00183632
126,1360.24,2.56502,0.7416,0.86032,0.74903,0.53472,0.63229,0.29855,2.54857,0.7122,0.84017,0.001835,0.001835,0.001835
127,1370.94,2.60397,0.73372,0.86144,0.7339,0.52828,0.62503,0.2924,2.53118,0.70116,0.8358,0.00183368,0.00183368,0.00183368
128,1381.72,2.54202,0.73594,0.86227,0.73577,0.54613,0.64114,0.31777,2.52506,0.69808,0.83337,0.00183236,0.00183236,0.00183236
129,1392.52,2.58262,0.72344,0.85848,0.68256,0.5427,0.61677,0.28553,2.70775,0.74218,0.83934,0.00183104,0.00183104,0.00183104
130,1403.13,2.55616,0.73196,0.85519,0.70313,0.53968,0.61872,0.27381,2.71273,0.74465,0.83919,0.00182972,0.00182972,0.00182972
131,1414.11,2.57209,0.71767,0.85456,0.74999,0.5545,0.64843,0.31505,2.4944,0.69629,0.83787,0.0018284,0.0018284,0.0018284
132,1424.54,2.50066,0.70869,0.86011,0.7455,0.55244,0.6505,0.31295,2.55135,0.71174,0.83568,0.00182708,0.00182708,0.00182708
133,1435.26,2.50874,0.71626,0.85949,0.75319,0.54517,0.64352,0.32163,2.55666,0.70884,0.83623,0.00182576,0.00182576,0.00182576
134,1445.92,2.49966,0.71344,0.85742,0.75339,0.54692,0.63168,0.2981,2.72924,0.77201,0.84254,0.00182444,0.00182444,0.00182444
135,1456.95,2.54305,0.73041,0.86349,0.74623,0.54077,0.62716,0.29626,2.57664,0.74062,0.84286,0.00182312,0.00182312,0.00182312
136,1467.59,2.61182,0.72774,0.85873,0.73451,0.53289,0.62504,0.30024,2.55331,0.72543,0.84028,0.0018218,0.0018218,0.0018218
137,1478.28,2.55662,0.7359,0.86135,0.71892,0.51098,0.61895,0.30149,2.5109,0.71552,0.83432,0.00182048,0.00182048,0.00182048
138,1488.79,2.52589,0.71403,0.86044,0.73432,0.52183,0.62672,0.29704,2.55265,0.73845,0.83614,0.00181916,0.00181916,0.00181916
139,1499.54,2.51432,0.70381,0.8553,0.73485,0.53991,0.63232,0.29647,2.55173,0.72501,0.83866,0.00181784,0.00181784,0.00181784
140,1510.16,2.48168,0.69766,0.86302,0.76798,0.5416,0.6448,0.30856,2.51043,0.71074,0.83585,0.00181652,0.00181652,0.00181652
141,1520.92,2.58842,0.71754,0.85578,0.72522,0.56494,0.64333,0.30656,2.57004,0.71305,0.83877,0.0018152,0.0018152,0.0018152
142,1531.63,2.55534,0.71404,0.85518,0.71477,0.55321,0.63371,0.30458,2.53059,0.69798,0.83535,0.00181388,0.00181388,0.00181388
143,1542.37,2.52997,0.73486,0.86465,0.72812,0.56696,0.64589,0.31392,2.59911,0.7174,0.83635,0.00181256,0.00181256,0.00181256
144,1552.87,2.50528,0.72631,0.86119,0.73083,0.57386,0.65511,0.31697,2.53387,0.70019,0.83306,0.00181124,0.00181124,0.00181124
145,1563.73,2.61983,0.71873,0.85096,0.74512,0.58275,0.66515,0.33039,2.59521,0.69646,0.83433,0.00180992,0.00180992,0.00180992
146,1574.76,2.45214,0.6932,0.85767,0.75269,0.56096,0.65582,0.32915,2.53173,0.67516,0.83351,0.0018086,0.0018086,0.0018086
147,1585.73,2.45572,0.69504,0.84505,0.75287,0.55423,0.65225,0.32572,2.46203,0.67463,0.83356,0.00180728,0.00180728,0.00180728
148,1596.35,2.50237,0.69829,0.84968,0.75892,0.56068,0.65969,0.33462,2.38875,0.65896,0.82959,0.00180596,0.00180596,0.00180596
149,1607.29,2.45361,0.69293,0.85768,0.75749,0.5789,0.66618,0.33323,2.51187,0.6887,0.83217,0.00180464,0.00180464,0.00180464
150,1618.01,2.50651,0.69692,0.85536,0.76031,0.57221,0.66481,0.33839,2.44494,0.68188,0.83152,0.00180332,0.00180332,0.00180332
151,1629.15,2.49803,0.70315,0.8554,0.72903,0.5559,0.64222,0.31834,2.46949,0.68345,0.83162,0.001802,0.001802,0.001802
152,1639.79,2.52926,0.70295,0.86232,0.74907,0.56054,0.65143,0.32317,2.50959,0.69724,0.83373,0.00180068,0.00180068,0.00180068
153,1650.85,2.65496,0.72176,0.84861,0.7432,0.54984,0.64167,0.30636,2.539,0.69294,0.83605,0.00179936,0.00179936,0.00179936
154,1661.74,2.62284,0.72186,0.8537,0.73568,0.55826,0.64875,0.31453,2.49846,0.67968,0.83461,0.00179804,0.00179804,0.00179804
155,1672.76,2.61367,0.7234,0.86102,0.76439,0.56068,0.6573,0.32469,2.58091,0.69541,0.83769,0.00179672,0.00179672,0.00179672
156,1683.24,2.51667,0.70646,0.84751,0.71352,0.5427,0.62914,0.30549,2.56251,0.69831,0.83661,0.0017954,0.0017954,0.0017954
157,1694.11,2.6025,0.71917,0.84362,0.74278,0.56645,0.65514,0.3282,2.48034,0.66896,0.83105,0.00179408,0.00179408,0.00179408
158,1704.6,2.45298,0.6888,0.85665,0.75415,0.56398,0.65229,0.32195,2.5722,0.70161,0.8331,0.00179276,0.00179276,0.00179276
159,1715.42,2.52883,0.70783,0.85689,0.75428,0.56823,0.65757,0.33343,2.40477,0.65943,0.83156,0.00179144,0.00179144,0.00179144
160,1726,2.41727,0.68354,0.85745,0.75458,0.56563,0.6592,0.3352,2.36542,0.65226,0.82965,0.00179012,0.00179012,0.00179012
161,1736.51,2.46169,0.68823,0.84434,0.77588,0.56672,0.66727,0.34727,2.29631,0.62426,0.82781,0.0017888,0.0017888,0.0017888
162,1747.6,2.47225,0.68209,0.84662,0.76195,0.57262,0.66559,0.34043,2.33333,0.63266,0.82907,0.00178748,0.00178748,0.00178748
163,1758.52,2.39714,0.67457,0.85288,0.76627,0.56343,0.65737,0.32665,2.56565,0.67282,0.8342,0.00178616,0.00178616,0.00178616
164,1769.31,2.47892,0.68271,0.84415,0.74955,0.5662,0.65469,0.32677,2.55441,0.67362,0.83281,0.00178484,0.00178484,0.00178484
165,1780.19,2.45532,0.68859,0.85352,0.76658,0.58252,0.67385,0.34732,2.36903,0.66058,0.82878,0.00178352,0.00178352,0.00178352
166,1791.36,2.43705,0.67311,0.84692,0.76322,0.59555,0.68248,0.34834,2.40134,0.67254,0.82901,0.0017822,0.0017822,0.0017822
167,1802.51,2.41449,0.68579,0.86083,0.75545,0.57029,0.66754,0.33295,2.41228,0.66566,0.82988,0.00178088,0.00178088,0.00178088
168,1813.12,2.51733,0.69609,0.85321,0.75777,0.56041,0.65216,0.32381,2.51491,0.67982,0.83498,0.00177956,0.00177956,0.00177956
169,1824,2.63406,0.71046,0.85484,0.74614,0.55161,0.64429,0.32366,2.43039,0.67307,0.83239,0.00177824,0.00177824,0.00177824
170,1834.75,2.43551,0.70291,0.86058,0.72074,0.54636,0.63475,0.31135,2.49657,0.68144,0.83246,0.00177692,0.00177692,0.00177692
171,1845.6,2.48022,0.6931,0.84932,0.75723,0.57688,0.66798,0.34374,2.3706,0.66311,0.82793,0.0017756,0.0017756,0.0017756
172,1856.11,2.45706,0.70069,0.85712,0.74429,0.57194,0.66086,0.33196,2.39053,0.66666,0.83059,0.00177428,0.00177428,0.00177428
173,1866.7,2.44391,0.6831,0.85161,0.75438,0.56081,0.65493,0.32671,2.46491,0.67009,0.83198,0.00177296,0.00177296,0.00177296
174,1877.21,2.44828,0.67986,0.85066,0.75596,0.55958,0.65356,0.331,2.44021,0.66651,0.83069,0.00177164,0.00177164,0.00177164
175,1888.1,2.46868,0.68811,0.85232,0.75979,0.57592,0.67032,0.3495,2.30537,0.63608,0.82605,0.00177032,0.00177032,0.00177032
176,1898.96,2.36774,0.67111,0.85553,0.76599,0.57592,0.66701,0.34834,2.32473,0.64507,0.83048,0.001769,0.001769,0.001769
177,1909.87,2.38695,0.67374,0.85161,0.74737,0.56109,0.65879,0.31854,2.47297,0.68573,0.83024,0.00176768,0.00176768,0.00176768
178,1920.69,2.41513,0.67783,0.85367,0.73339,0.54599,0.63968,0.30405,2.57169,0.73613,0.83783,0.00176636,0.00176636,0.00176636
179,1931.42,2.45041,0.69602,0.85461,0.77554,0.56617,0.6586,0.33087,2.50994,0.68346,0.83189,0.00176504,0.00176504,0.00176504
180,1942.06,2.47243,0.69739,0.85381,0.75562,0.57592,0.66444,0.33596,2.36288,0.64684,0.82822,0.00176372,0.00176372,0.00176372
181,1952.85,2.54248,0.69904,0.85028,0.72318,0.55519,0.64099,0.30452,2.52358,0.68163,0.83109,0.0017624,0.0017624,0.0017624
182,1963.35,2.39484,0.67965,0.85481,0.72778,0.57317,0.65488,0.33235,2.38686,0.67447,0.82929,0.00176108,0.00176108,0.00176108
183,1974.29,2.38938,0.67564,0.84843,0.74074,0.57015,0.65726,0.31724,2.49841,0.68949,0.83045,0.00175976,0.00175976,0.00175976
184,1984.95,2.43089,0.68292,0.84841,0.74356,0.55821,0.65068,0.31416,2.47029,0.68534,0.8307,0.00175844,0.00175844,0.00175844
185,1995.53,2.44711,0.68505,0.85342,0.74768,0.56464,0.65781,0.34045,2.33452,0.68267,0.82888,0.00175712,0.00175712,0.00175712
186,2006.42,2.52885,0.68988,0.84263,0.74239,0.55835,0.65034,0.32207,2.44213,0.70074,0.82992,0.0017558,0.0017558,0.0017558
187,2017.1,2.42383,0.6804,0.85193,0.73815,0.57674,0.6623,0.34047,2.33154,0.6515,0.82707,0.00175448,0.00175448,0.00175448
188,2027.85,2.45155,0.67475,0.84559,0.76422,0.57633,0.66946,0.35277,2.3341,0.64079,0.82681,0.00175316,0.00175316,0.00175316
189,2039.14,2.38814,0.66257,0.85046,0.76149,0.57414,0.67498,0.35035,2.28,0.62652,0.8249,0.00175184,0.00175184,0.00175184
190,2049.72,2.43967,0.67986,0.84701,0.77135,0.57825,0.6798,0.35547,2.28726,0.62435,0.82525,0.00175052,0.00175052,0.00175052
191,2060.71,2.39098,0.66546,0.84106,0.77065,0.58862,0.67864,0.34582,2.34617,0.62814,0.82715,0.0017492,0.0017492,0.0017492
192,2071.4,2.39354,0.67244,0.84923,0.76431,0.58471,0.67645,0.34791,2.28156,0.62535,0.82439,0.00174788,0.00174788,0.00174788
193,2082.06,2.41221,0.66847,0.84217,0.76683,0.58471,0.67549,0.34483,2.34698,0.63531,0.8256,0.00174656,0.00174656,0.00174656
194,2092.85,2.3549,0.66692,0.85246,0.76154,0.58182,0.67401,0.34525,2.35514,0.63866,0.82608,0.00174524,0.00174524,0.00174524
195,2103.77,2.29363,0.65196,0.84738,0.76743,0.58992,0.68372,0.36096,2.24287,0.62466,0.82247,0.00174392,0.00174392,0.00174392
196,2115.01,2.39248,0.66275,0.84003,0.76228,0.58498,0.67762,0.35803,2.24237,0.62131,0.82337,0.0017426,0.0017426,0.0017426
197,2125.61,2.27546,0.64742,0.84082,0.77985,0.587,0.68596,0.3587,2.29137,0.62212,0.82607,0.00174128,0.00174128,0.00174128
198,2136.46,2.41173,0.66822,0.84528,0.7673,0.59211,0.68368,0.36107,2.26716,0.62744,0.82477,0.00173996,0.00173996,0.00173996
199,2147.53,2.39405,0.66023,0.84388,0.7507,0.58745,0.67517,0.35071,2.3439,0.64565,0.82852,0.00173864,0.00173864,0.00173864
200,2158.23,2.38402,0.67271,0.85466,0.77506,0.57468,0.67333,0.35795,2.24684,0.62425,0.82355,0.00173732,0.00173732,0.00173732
201,2169.23,2.42036,0.66747,0.8404,0.72766,0.55327,0.64212,0.3074,2.51355,0.67607,0.82856,0.001736,0.001736,0.001736
202,2179.81,2.42345,0.67344,0.84605,0.72553,0.5643,0.64814,0.3096,2.49872,0.67536,0.82932,0.00173468,0.00173468,0.00173468
203,2190.51,2.41894,0.68654,0.85338,0.76884,0.58347,0.67455,0.34157,2.41656,0.66409,0.82744,0.00173336,0.00173336,0.00173336
204,2201.14,2.41661,0.67338,0.84903,0.75987,0.56911,0.66017,0.33482,2.43842,0.67029,0.83018,0.00173204,0.00173204,0.00173204
205,2211.85,2.35457,0.67274,0.84662,0.76964,0.58498,0.68009,0.35559,2.30247,0.63707,0.82557,0.00173072,0.00173072,0.00173072
206,2222.47,2.35943,0.65757,0.84568,0.76926,0.58594,0.67728,0.34706,2.32161,0.64337,0.82534,0.0017294,0.0017294,0.0017294
207,2233.07,2.41803,0.67594,0.84184,0.75477,0.57262,0.66453,0.32783,2.42955,0.6668,0.82647,0.00172808,0.00172808,0.00172808
208,2243.57,2.36551,0.66836,0.85029,0.7533,0.57137,0.66083,0.33895,2.32764,0.64691,0.82532,0.00172676,0.00172676,0.00172676
209,2254.4,2.46506,0.67279,0.83872,0.75386,0.57798,0.67048,0.34449,2.2783,0.63833,0.82225,0.00172544,0.00172544,0.00172544
210,2264.96,2.36003,0.65955,0.84729,0.76677,0.57647,0.67171,0.34521,2.3249,0.65434,0.8231,0.00172412,0.00172412,0.00172412
211,2275.42,2.36732,0.65909,0.84614,0.77038,0.56713,0.66872,0.33826,2.2981,0.64203,0.82517,0.0017228,0.0017228,0.0017228
212,2286.12,2.38529,0.65471,0.84135,0.78941,0.56851,0.67598,0.34337,2.35616,0.66353,0.82722,0.00172148,0.00172148,0.00172148
213,2296.9,2.37402,0.6627,0.84446,0.77751,0.5832,0.67973,0.34604,2.31886,0.638,0.82465,0.00172016,0.00172016,0.00172016
214,2307.63,2.31763,0.65266,0.8446,0.77456,0.58471,0.67758,0.34833,2.34457,0.63098,0.82481,0.00171884,0.00171884,0.00171884
215,2318.43,2.37331,0.65769,0.84906,0.76765,0.58169,0.67309,0.35457,2.23718,0.62037,0.82242,0.00171752,0.00171752,0.00171752
216,2329.26,2.29099,0.64333,0.83891,0.7725,0.58814,0.68167,0.36014,2.26567,0.62232,0.82341,0.0017162,0.0017162,0.0017162
217,2340.14,2.37417,0.66023,0.84626,0.77502,0.58375,0.68253,0.35404,2.27562,0.62318,0.82456,0.00171488,0.00171488,0.00171488
218,2350.76,2.30837,0.64611,0.8388,0.77426,0.58375,0.68429,0.36165,2.25559,0.62106,0.82448,0.00171356,0.00171356,0.00171356
219,2362.08,2.40382,0.66619,0.84231,0.75389,0.57613,0.6728,0.34976,2.29899,0.63287,0.82455,0.00171224,0.00171224,0.00171224
220,2372.52,2.3229,0.64998,0.84347,0.76824,0.57674,0.674,0.35629,2.27418,0.63075,0.82607,0.00171092,0.00171092,0.00171092
221,2383.23,2.39405,0.65813,0.8408,0.77327,0.58196,0.67531,0.35643,2.2494,0.62744,0.82353,0.0017096,0.0017096,0.0017096
222,2393.99,2.34379,0.66145,0.84695,0.76516,0.57894,0.67084,0.35666,2.2403,0.62359,0.8223,0.00170828,0.00170828,0.00170828
223,2404.88,2.39792,0.66348,0.83573,0.77219,0.5799,0.6739,0.36017,2.26411,0.62965,0.82288,0.00170696,0.00170696,0.00170696
224,2415.61,2.35766,0.65767,0.83762,0.76082,0.57122,0.66764,0.34896,2.28024,0.63534,0.82295,0.00170564,0.00170564,0.00170564
225,2426.53,2.36281,0.65935,0.83805,0.77886,0.56809,0.66454,0.32886,2.43805,0.68149,0.82948,0.00170432,0.00170432,0.00170432
226,2437.03,2.40646,0.67841,0.85777,0.77623,0.57757,0.67132,0.33531,2.36437,0.66536,0.82739,0.001703,0.001703,0.001703
227,2447.81,2.45523,0.67985,0.84676,0.73528,0.55794,0.64966,0.31477,2.4613,0.67477,0.82927,0.00170168,0.00170168,0.00170168
228,2458.57,2.40963,0.67081,0.84384,0.76302,0.57565,0.67167,0.34668,2.3065,0.64868,0.82516,0.00170036,0.00170036,0.00170036
229,2469.45,2.40153,0.66151,0.84762,0.77713,0.58356,0.68011,0.35199,2.33248,0.64186,0.82433,0.00169904,0.00169904,0.00169904
230,2480.14,2.40931,0.6767,0.84928,0.76672,0.58526,0.68046,0.35592,2.26544,0.62734,0.82254,0.00169772,0.00169772,0.00169772
231,2490.99,2.44717,0.67588,0.8502,0.76849,0.58105,0.67578,0.34589,2.36081,0.63729,0.82954,0.0016964,0.0016964,0.0016964
232,2501.67,2.34013,0.6586,0.845,0.74549,0.57908,0.66715,0.33645,2.34933,0.63748,0.82596,0.00169508,0.00169508,0.00169508
233,2512.52,2.32978,0.65419,0.8468,0.7774,0.58685,0.68244,0.35748,2.23249,0.62081,0.82242,0.00169376,0.00169376,0.00169376
234,2523.27,2.35376,0.65464,0.83833,0.78638,0.58512,0.68457,0.36134,2.20414,0.6071,0.82176,0.00169244,0.00169244,0.00169244
235,2534.27,2.35282,0.65313,0.83744,0.78341,0.57949,0.68324,0.35548,2.24005,0.61912,0.82201,0.00169112,0.00169112,0.00169112
236,2544.92,2.33496,0.6393,0.83952,0.78577,0.58251,0.68409,0.36933,2.18031,0.60044,0.82125,0.0016898,0.0016898,0.0016898
237,2556.2,2.31979,0.64443,0.83556,0.7751,0.5729,0.67727,0.35342,2.24318,0.61372,0.82234,0.00168848,0.00168848,0.00168848
238,2566.75,2.30325,0.63476,0.83667,0.77952,0.57304,0.67829,0.35298,2.27077,0.61886,0.82264,0.00168716,0.00168716,0.00168716
239,2577.59,2.3632,0.63969,0.84274,0.78359,0.59143,0.69109,0.37101,2.21966,0.61424,0.8198,0.00168584,0.00168584,0.00168584
240,2588.8,2.32226,0.6382,0.84114,0.77725,0.59449,0.69195,0.37695,2.13921,0.59509,0.81792,0.00168452,0.00168452,0.00168452
241,2600.14,2.14895,0.62196,0.83856,0.78705,0.59239,0.68977,0.3742,2.15346,0.59632,0.82091,0.0016832,0.0016832,0.0016832
242,2610.77,2.25426,0.63299,0.84027,0.77396,0.57784,0.68016,0.35819,2.2657,0.62141,0.82052,0.00168188,0.00168188,0.00168188
243,2621.64,2.30555,0.63727,0.82994,0.76681,0.595,0.68708,0.367,2.19591,0.60231,0.82015,0.00168056,0.00168056,0.00168056
244,2632.59,2.36678,0.66045,0.84276,0.7628,0.60036,0.68871,0.36649,2.19683,0.59635,0.82027,0.00167924,0.00167924,0.00167924
245,2643.58,2.2778,0.63766,0.83826,0.78474,0.5971,0.69063,0.36919,2.21322,0.60276,0.8204,0.00167792,0.00167792,0.00167792
246,2654.4,2.26472,0.62804,0.83521,0.77548,0.59802,0.68706,0.36686,2.2629,0.62164,0.82194,0.0016766,0.0016766,0.0016766
247,2665.32,2.206,0.62826,0.83665,0.77877,0.57895,0.67839,0.36093,2.21264,0.61332,0.82124,0.00167528,0.00167528,0.00167528
248,2676.14,2.31263,0.65,0.84152,0.76145,0.56179,0.65972,0.33102,2.32666,0.64719,0.82571,0.00167396,0.00167396,0.00167396
249,2687.15,2.35836,0.66092,0.83975,0.77002,0.59756,0.68722,0.35865,2.26239,0.64405,0.82302,0.00167264,0.00167264,0.00167264
250,2698.11,2.45497,0.69612,0.83967,0.77213,0.58707,0.67826,0.34142,2.39343,0.6809,0.82742,0.00167132,0.00167132,0.00167132
251,2708.79,2.35463,0.66046,0.84758,0.77567,0.58663,0.68466,0.3595,2.2644,0.62865,0.82547,0.00167,0.00167,0.00167
252,2719.56,2.31501,0.65429,0.8418,0.78576,0.58388,0.6801,0.35833,2.27228,0.62664,0.82535,0.00166868,0.00166868,0.00166868
253,2730.37,2.31304,0.65192,0.83766,0.75037,0.58512,0.67504,0.35098,2.2608,0.63771,0.82111,0.00166736,0.00166736,0.00166736
254,2741.21,2.33628,0.65573,0.83578,0.75913,0.58756,0.67789,0.35518,2.24507,0.64889,0.8234,0.00166604,0.00166604,0.00166604
255,2752.19,2.27971,0.64197,0.84291,0.76858,0.57716,0.68014,0.34203,2.35742,0.64549,0.82659,0.00166472,0.00166472,0.00166472
256,2762.89,2.32214,0.65376,0.84306,0.77541,0.55958,0.67509,0.32978,2.43247,0.66851,0.83049,0.0016634,0.0016634,0.0016634
257,2773.83,2.38711,0.66419,0.85442,0.76399,0.57506,0.67373,0.34272,2.33114,0.63145,0.82638,0.00166208,0.00166208,0.00166208
258,2784.65,2.43055,0.6634,0.8433,0.70729,0.54105,0.62884,0.28554,2.61496,0.67629,0.83394,0.00166076,0.00166076,0.00166076
259,2795.52,2.36194,0.66636,0.84294,0.7772,0.57707,0.67464,0.35352,2.24041,0.63493,0.82338,0.00165944,0.00165944,0.00165944
260,2806.33,2.36688,0.66319,0.84701,0.78284,0.57674,0.67228,0.35395,2.26523,0.63224,0.82242,0.00165812,0.00165812,0.00165812
261,2817.39,2.34061,0.6516,0.84031,0.77816,0.57208,0.67361,0.34888,2.27673,0.62388,0.82322,0.0016568,0.0016568,0.0016568
262,2827.94,2.3121,0.64861,0.84345,0.78313,0.59171,0.68306,0.35647,2.25968,0.61876,0.82235,0.00165548,0.00165548,0.00165548
263,2838.94,2.42895,0.67487,0.84177,0.78113,0.58847,0.6858,0.36199,2.23875,0.61394,0.82111,0.00165416,0.00165416,0.00165416
264,2849.62,2.30503,0.64933,0.84402,0.78102,0.58539,0.68525,0.36086,2.24791,0.61261,0.82043,0.00165284,0.00165284,0.00165284
265,2860.61,2.3329,0.6573,0.83835,0.78124,0.59128,0.68899,0.36483,2.22075,0.60044,0.82204,0.00165152,0.00165152,0.00165152
266,2871.39,2.22857,0.63598,0.84301,0.782,0.58278,0.68602,0.36364,2.2215,0.60631,0.82138,0.0016502,0.0016502,0.0016502
267,2882.17,2.22435,0.62335,0.84297,0.78769,0.59514,0.69168,0.3716,2.17486,0.59122,0.81971,0.00164888,0.00164888,0.00164888
268,2892.92,2.2621,0.64562,0.8382,0.78385,0.59843,0.69168,0.36843,2.18634,0.60157,0.82085,0.00164756,0.00164756,0.00164756
269,2903.6,2.25782,0.63006,0.83652,0.78744,0.59198,0.68929,0.36506,2.19211,0.6075,0.82032,0.00164624,0.00164624,0.00164624
270,2914.37,2.24595,0.63302,0.84453,0.77733,0.59967,0.6925,0.36748,2.17384,0.59623,0.82031,0.00164492,0.00164492,0.00164492
271,2925.24,2.26824,0.62898,0.84034,0.78084,0.5801,0.6795,0.36283,2.23597,0.61153,0.82107,0.0016436,0.0016436,0.0016436
272,2935.8,2.2833,0.63465,0.84009,0.77649,0.5876,0.68333,0.36767,2.22465,0.61351,0.82116,0.00164228,0.00164228,0.00164228
273,2946.79,2.34933,0.65451,0.84373,0.7668,0.57262,0.67017,0.34456,2.30921,0.63547,0.82468,0.00164096,0.00164096,0.00164096
274,2957.53,2.30629,0.653,0.84137,0.78462,0.58718,0.68398,0.36288,2.26808,0.62395,0.82571,0.00163964,0.00163964,0.00163964
275,2968.42,2.24768,0.63392,0.84521,0.79106,0.58841,0.69445,0.36859,2.20687,0.62597,0.82197,0.00163832,0.00163832,0.00163832
276,2979.13,2.22849,0.63199,0.84021,0.78669,0.58731,0.68788,0.36064,2.24177,0.63049,0.82111,0.001637,0.001637,0.001637
277,2989.95,2.24212,0.62946,0.83922,0.75635,0.57578,0.67189,0.35522,2.23265,0.62586,0.81878,0.00163568,0.00163568,0.00163568
278,3000.83,2.2717,0.62887,0.83869,0.77036,0.56785,0.67165,0.35785,2.20615,0.64736,0.81765,0.00163436,0.00163436,0.00163436
279,3011.64,2.3154,0.64613,0.83581,0.7412,0.56109,0.65602,0.34371,2.30945,0.64257,0.82165,0.00163304,0.00163304,0.00163304
280,3022.15,2.23742,0.62519,0.83372,0.77058,0.58086,0.67846,0.36591,2.1713,0.61279,0.82052,0.00163172,0.00163172,0.00163172
281,3033.17,2.32966,0.6408,0.83368,0.77775,0.58951,0.6878,0.36665,2.22191,0.61699,0.82118,0.0016304,0.0016304,0.0016304
282,3043.94,2.3393,0.6505,0.8404,0.77411,0.58951,0.68633,0.37143,2.15791,0.60264,0.81868,0.00162908,0.00162908,0.00162908
283,3054.7,2.27752,0.63069,0.84353,0.77711,0.58827,0.68583,0.36582,2.16528,0.61135,0.8188,0.00162776,0.00162776,0.00162776
284,3065.5,2.40847,0.65685,0.83709,0.75449,0.57759,0.67532,0.34812,2.25848,0.62675,0.82224,0.00162644,0.00162644,0.00162644
285,3076.36,2.27522,0.63247,0.83992,0.78309,0.588,0.68255,0.36367,2.22478,0.61192,0.82397,0.00162512,0.00162512,0.00162512
286,3087.09,2.27123,0.62978,0.8374,0.78672,0.5844,0.68539,0.36804,2.1829,0.60934,0.8243,0.0016238,0.0016238,0.0016238
287,3097.89,2.27532,0.63215,0.84323,0.76353,0.57494,0.67622,0.34288,2.32027,0.62418,0.82459,0.00162248,0.00162248,0.00162248
288,3108.62,2.31979,0.64991,0.83449,0.76748,0.58855,0.68763,0.36219,2.22233,0.61464,0.82054,0.00162116,0.00162116,0.00162116
289,3119.57,2.40703,0.65561,0.83364,0.79633,0.58361,0.68874,0.36808,2.20227,0.60962,0.82145,0.00161984,0.00161984,0.00161984
290,3130.22,2.22562,0.63105,0.84623,0.77991,0.57016,0.67591,0.35497,2.26191,0.62316,0.81898,0.00161852,0.00161852,0.00161852
291,3140.93,2.39069,0.65502,0.8349,0.77108,0.57688,0.67661,0.35659,2.20391,0.62686,0.81897,0.0016172,0.0016172,0.0016172
292,3151.78,2.29789,0.65432,0.8429,0.78911,0.5856,0.68774,0.36547,2.24275,0.62372,0.8199,0.00161588,0.00161588,0.00161588
293,3162.64,2.36945,0.65246,0.84624,0.78262,0.57331,0.67362,0.34904,2.35101,0.64663,0.82464,0.00161456,0.00161456,0.00161456
294,3173.44,2.29388,0.64163,0.83799,0.76831,0.57361,0.6745,0.35428,2.21716,0.62554,0.82021,0.00161324,0.00161324,0.00161324
295,3184.4,2.37626,0.66301,0.83298,0.7691,0.59185,0.68828,0.35858,2.23005,0.61286,0.82146,0.00161192,0.00161192,0.00161192
296,3195.19,2.28308,0.64838,0.83745,0.77927,0.5913,0.68681,0.36293,2.2478,0.61915,0.82224,0.0016106,0.0016106,0.0016106
297,3205.82,2.17829,0.63141,0.84382,0.76977,0.59363,0.6904,0.37273,2.15712,0.60085,0.81974,0.00160928,0.00160928,0.00160928
298,3216.6,2.28904,0.6368,0.83398,0.7263,0.56394,0.65511,0.31976,2.4275,0.65426,0.82652,0.00160796,0.00160796,0.00160796
299,3227.39,2.23928,0.62933,0.83903,0.7447,0.55862,0.65504,0.3234,2.39695,0.65622,0.82619,0.00160664,0.00160664,0.00160664
300,3238.14,2.21544,0.63493,0.83467,0.77013,0.58828,0.68452,0.36726,2.18682,0.60561,0.81986,0.00160532,0.00160532,0.00160532
301,3249.22,2.26225,0.63837,0.84112,0.78056,0.58113,0.68048,0.36899,2.16158,0.6022,0.82053,0.001604,0.001604,0.001604
302,3259.92,2.23644,0.62133,0.83746,0.78443,0.59706,0.69222,0.37316,2.18241,0.59672,0.82118,0.00160268,0.00160268,0.00160268
303,3270.78,2.24683,0.63365,0.83014,0.78525,0.61052,0.70455,0.37674,2.18535,0.60407,0.81811,0.00160136,0.00160136,0.00160136
304,3281.97,2.22202,0.62234,0.84184,0.80015,0.61287,0.70721,0.37365,2.25816,0.61411,0.81931,0.00160004,0.00160004,0.00160004
305,3292.95,2.17143,0.61275,0.83775,0.80594,0.59239,0.69788,0.3808,2.15163,0.59437,0.81786,0.00159872,0.00159872,0.00159872
306,3304.2,2.19222,0.61278,0.83965,0.79702,0.59253,0.696,0.37592,2.15971,0.598,0.81821,0.0015974,0.0015974,0.0015974
307,3315.34,2.20665,0.62053,0.83879,0.7717,0.58457,0.68173,0.36554,2.21877,0.60754,0.81955,0.00159608,0.00159608,0.00159608
308,3326.07,2.30465,0.63503,0.8333,0.75702,0.57345,0.66971,0.34591,2.32545,0.62796,0.82299,0.00159476,0.00159476,0.00159476
309,3336.9,2.21614,0.61842,0.82994,0.79143,0.60873,0.70264,0.38181,2.127,0.5927,0.81674,0.00159344,0.00159344,0.00159344
310,3347.73,2.09902,0.60189,0.83732,0.78267,0.61711,0.7062,0.3856,2.10628,0.58684,0.81622,0.00159212,0.00159212,0.00159212
311,3358.94,2.10639,0.59626,0.83393,0.79095,0.60969,0.7064,0.38642,2.11574,0.58581,0.81594,0.0015908,0.0015908,0.0015908
312,3369.95,2.13813,0.60397,0.83975,0.79247,0.60653,0.70157,0.37851,2.1473,0.58271,0.81792,0.00158948,0.00158948,0.00158948
313,3380.7,2.2115,0.6083,0.83458,0.78088,0.59143,0.69564,0.37481,2.14803,0.59107,0.81678,0.00158816,0.00158816,0.00158816
314,3391.52,2.16158,0.6047,0.83121,0.78032,0.59651,0.69669,0.37438,2.15602,0.59426,0.81602,0.00158684,0.00158684,0.00158684
315,3402.55,2.26571,0.62951,0.83061,0.79275,0.61284,0.70342,0.37552,2.16693,0.60074,0.81607,0.00158552,0.00158552,0.00158552
316,3413.38,2.18629,0.61041,0.83414,0.80143,0.60928,0.70478,0.38436,2.11257,0.58146,0.81481,0.0015842,0.0015842,0.0015842
317,3424.27,2.23064,0.61719,0.83484,0.79116,0.60382,0.70203,0.37684,2.21035,0.59075,0.81801,0.00158288,0.00158288,0.00158288
318,3435.17,2.30674,0.62964,0.83292,0.79013,0.60681,0.70387,0.3838,2.1541,0.58262,0.8182,0.00158156,0.00158156,0.00158156
319,3446.01,2.2697,0.6284,0.83883,0.78408,0.60104,0.69798,0.36235,2.31991,0.61329,0.82137,0.00158024,0.00158024,0.00158024
320,3456.65,2.39366,0.65115,0.83281,0.76624,0.58484,0.68397,0.35934,2.2941,0.62153,0.82129,0.00157892,0.00157892,0.00157892
321,3467.44,2.27098,0.62829,0.83283,0.78129,0.59253,0.69081,0.37541,2.1466,0.59589,0.81642,0.0015776,0.0015776,0.0015776
322,3478.33,2.34049,0.63905,0.83463,0.79913,0.58604,0.68944,0.3741,2.15779,0.60084,0.81729,0.00157628,0.00157628,0.00157628
323,3489.22,2.24736,0.62388,0.8333,0.79659,0.59061,0.69214,0.37,2.21278,0.60518,0.81835,0.00157496,0.00157496,0.00157496
324,3499.88,2.23768,0.62599,0.83612,0.7965,0.59487,0.69702,0.37953,2.16239,0.59587,0.81742,0.00157364,0.00157364,0.00157364
325,3510.85,2.27541,0.63152,0.83035,0.77166,0.5939,0.69356,0.36993,2.19248,0.60992,0.81843,0.00157232,0.00157232,0.00157232
326,3521.61,2.28718,0.62416,0.82314,0.78283,0.60277,0.70546,0.38342,2.1459,0.60308,0.8176,0.001571,0.001571,0.001571
327,3532.63,2.17481,0.60838,0.83845,0.78936,0.60626,0.69945,0.3729,2.20629,0.60614,0.81983,0.00156968,0.00156968,0.00156968
328,3543.47,2.27051,0.61154,0.82957,0.79001,0.59915,0.69871,0.38172,2.1287,0.58877,0.81921,0.00156836,0.00156836,0.00156836
329,3554.3,2.23359,0.61622,0.83396,0.79857,0.59763,0.70092,0.38288,2.10828,0.5843,0.81671,0.00156704,0.00156704,0.00156704
330,3565.12,2.22399,0.6148,0.83215,0.81106,0.59926,0.70004,0.37422,2.17532,0.59097,0.81817,0.00156572,0.00156572,0.00156572
331,3576.04,2.16447,0.6033,0.83302,0.78866,0.60554,0.70533,0.38548,2.08299,0.57524,0.81557,0.0015644,0.0015644,0.0015644
332,3586.71,2.13107,0.59418,0.82775,0.78314,0.60928,0.70717,0.38955,2.06683,0.57307,0.81465,0.00156308,0.00156308,0.00156308
333,3598.03,2.20575,0.61179,0.83044,0.79298,0.61052,0.70857,0.39278,2.08095,0.5675,0.81508,0.00156176,0.00156176,0.00156176
334,3609.07,2.12302,0.60138,0.83046,0.79796,0.60024,0.70524,0.38734,2.1019,0.57268,0.8164,0.00156044,0.00156044,0.00156044
335,3619.65,2.10329,0.59601,0.84315,0.8018,0.58759,0.68999,0.36533,2.21721,0.59281,0.82093,0.00155912,0.00155912,0.00155912
336,3630.44,2.32388,0.63245,0.83196,0.79709,0.59325,0.69337,0.36888,2.19041,0.5933,0.82011,0.0015578,0.0015578,0.0015578
337,3641.21,2.20763,0.60965,0.84167,0.77701,0.5889,0.69089,0.36296,2.22558,0.60688,0.81994,0.00155648,0.00155648,0.00155648
338,3651.91,2.18644,0.61479,0.83929,0.78994,0.59835,0.69504,0.37993,2.14314,0.58857,0.8201,0.00155516,0.00155516,0.00155516
339,3662.83,2.22772,0.6178,0.84077,0.78914,0.5972,0.69611,0.37644,2.15243,0.58652,0.81977,0.00155384,0.00155384,0.00155384
340,3673.47,2.17957,0.61342,0.83562,0.80218,0.59511,0.6984,0.37604,2.16688,0.58459,0.81867,0.00155252,0.00155252,0.00155252
341,3684.29,2.27838,0.62599,0.82853,0.79044,0.59034,0.69059,0.37585,2.14325,0.60223,0.82077,0.0015512,0.0015512,0.0015512
342,3695.02,2.17026,0.60988,0.83098,0.77765,0.57955,0.68549,0.35379,2.24438,0.6228,0.82041,0.00154988,0.00154988,0.00154988
343,3706.02,2.22279,0.61731,0.83772,0.79133,0.59747,0.70088,0.37813,2.15227,0.58463,0.81957,0.00154856,0.00154856,0.00154856
344,3716.93,2.29384,0.62189,0.82691,0.78715,0.60283,0.69981,0.37843,2.15827,0.58649,0.82101,0.00154724,0.00154724,0.00154724
345,3727.9,2.30298,0.62329,0.82992,0.7694,0.58773,0.68679,0.36482,2.19593,0.60196,0.8202,0.00154592,0.00154592,0.00154592
346,3738.63,2.25045,0.62043,0.8378,0.76823,0.58929,0.68573,0.36481,2.19691,0.60142,0.81997,0.0015446,0.0015446,0.0015446
347,3749.4,2.15288,0.61046,0.82843,0.78947,0.60859,0.70259,0.38187,2.13163,0.58712,0.81745,0.00154328,0.00154328,0.00154328
348,3760.06,2.08512,0.58825,0.83444,0.78623,0.60289,0.70241,0.38035,2.13955,0.58911,0.81596,0.00154196,0.00154196,0.00154196
349,3770.95,2.15063,0.59479,0.82856,0.79262,0.60554,0.70566,0.38899,2.09824,0.57917,0.81511,0.00154064,0.00154064,0.00154064
350,3781.55,2.12742,0.59213,0.82888,0.79375,0.60379,0.70506,0.38756,2.10768,0.58297,0.81526,0.00153932,0.00153932,0.00153932
351,3792.27,2.10857,0.58926,0.82986,0.80317,0.59185,0.70119,0.39154,2.07206,0.57551,0.8147,0.001538,0.001538,0.001538
352,3803.05,2.11715,0.59838,0.83574,0.80574,0.60283,0.70467,0.3878,2.09952,0.58029,0.81659,0.00153668,0.00153668,0.00153668
353,3813.9,2.20484,0.61672,0.83304,0.77986,0.59239,0.69607,0.37468,2.15454,0.59674,0.81687,0.00153536,0.00153536,0.00153536
354,3824.79,2.21183,0.61622,0.83891,0.77624,0.58347,0.68943,0.36375,2.20157,0.61777,0.81786,0.00153404,0.00153404,0.00153404
355,3835.74,2.20247,0.61449,0.82892,0.79931,0.60242,0.70298,0.38542,2.09313,0.59374,0.81592,0.00153272,0.00153272,0.00153272
356,3846.44,2.15277,0.60522,0.83049,0.79565,0.59857,0.70076,0.38644,2.06868,0.5781,0.81409,0.0015314,0.0015314,0.0015314
357,3857.31,2.14684,0.59516,0.83082,0.80194,0.6048,0.70568,0.38755,2.09045,0.56369,0.81569,0.00153008,0.00153008,0.00153008
358,3868.01,2.29439,0.62377,0.83005,0.78995,0.60716,0.69746,0.3736,2.14215,0.5746,0.81807,0.00152876,0.00152876,0.00152876
359,3878.84,2.1408,0.59569,0.83013,0.79874,0.60805,0.70538,0.38376,2.13481,0.58061,0.81695,0.00152744,0.00152744,0.00152744
360,3889.75,2.23075,0.61047,0.82854,0.78486,0.61395,0.70744,0.3855,2.1032,0.57047,0.81516,0.00152612,0.00152612,0.00152612
361,3900.54,2.18584,0.61702,0.83427,0.78521,0.6156,0.70756,0.37835,2.159,0.59353,0.81661,0.0015248,0.0015248,0.0015248
362,3911.09,2.16112,0.60208,0.83318,0.78467,0.61258,0.70964,0.38182,2.15758,0.58626,0.81665,0.00152348,0.00152348,0.00152348
363,3922.06,2.17526,0.60569,0.83218,0.79183,0.60008,0.70575,0.38899,2.08491,0.57364,0.81557,0.00152216,0.00152216,0.00152216
364,3932.57,2.14615,0.60214,0.82918,0.79961,0.60324,0.70624,0.38519,2.10575,0.57295,0.81599,0.00152084,0.00152084,0.00152084
365,3943.47,2.17916,0.60704,0.83008,0.79681,0.59953,0.70071,0.38226,2.09456,0.57365,0.81589,0.00151952,0.00151952,0.00151952
366,3954.04,2.28768,0.62016,0.83278,0.78958,0.59404,0.69419,0.3701,2.15836,0.58386,0.81627,0.0015182,0.0015182,0.0015182
367,3964.86,2.19041,0.60767,0.83391,0.79893,0.60544,0.7075,0.38908,2.06251,0.56712,0.81426,0.00151688,0.00151688,0.00151688
368,3975.57,2.16742,0.605,0.8312,0.79713,0.60859,0.70934,0.38538,2.11668,0.5743,0.81619,0.00151556,0.00151556,0.00151556
369,3986.33,2.22316,0.61393,0.82909,0.79964,0.61038,0.70775,0.38632,2.14161,0.58156,0.81716,0.00151424,0.00151424,0.00151424
370,3997.1,2.23021,0.61156,0.83675,0.80283,0.60667,0.7067,0.38218,2.14419,0.58206,0.81819,0.00151292,0.00151292,0.00151292
371,4007.96,2.17559,0.59998,0.83242,0.7838,0.60667,0.70566,0.38409,2.13357,0.57631,0.8162,0.0015116,0.0015116,0.0015116
372,4018.67,2.25786,0.62468,0.83285,0.7855,0.60956,0.70817,0.38356,2.14716,0.57934,0.81719,0.00151028,0.00151028,0.00151028
373,4029.56,2.20004,0.61152,0.8271,0.79522,0.60022,0.7015,0.38491,2.08059,0.57165,0.81614,0.00150896,0.00150896,0.00150896
374,4040.37,2.18294,0.60625,0.83311,0.80108,0.5866,0.69573,0.38111,2.11841,0.59295,0.8163,0.00150764,0.00150764,0.00150764
375,4051.6,2.14766,0.6057,0.82728,0.79483,0.60255,0.70789,0.39397,2.06251,0.57287,0.81398,0.00150632,0.00150632,0.00150632
376,4062.64,2.15147,0.60386,0.82858,0.79223,0.61917,0.71651,0.40018,2.02547,0.561,0.81327,0.001505,0.001505,0.001505
377,4074.03,2.11876,0.59339,0.82499,0.78899,0.61291,0.71134,0.39681,2.04316,0.56484,0.81515,0.00150368,0.00150368,0.00150368
378,4084.78,2.21129,0.60664,0.82562,0.78865,0.61117,0.70887,0.3941,2.0488,0.56267,0.81467,0.00150236,0.00150236,0.00150236
379,4095.43,2.14691,0.59187,0.82953,0.78786,0.6101,0.71007,0.39503,2.04542,0.55912,0.81457,0.00150104,0.00150104,0.00150104
380,4106.12,2.08958,0.58368,0.83289,0.79715,0.60859,0.70937,0.39273,2.05042,0.55965,0.81506,0.00149972,0.00149972,0.00149972
381,4116.95,2.15805,0.59485,0.82373,0.80776,0.61134,0.71505,0.40035,2.02196,0.5514,0.81352,0.0014984,0.0014984,0.0014984
382,4128,2.12512,0.58939,0.82523,0.80739,0.61299,0.71624,0.39776,2.04354,0.55993,0.81401,0.00149708,0.00149708,0.00149708
383,4138.93,2.15766,0.60124,0.82925,0.79899,0.61271,0.71271,0.38729,2.10178,0.57978,0.81537,0.00149576,0.00149576,0.00149576
384,4149.71,2.15542,0.6034,0.82886,0.78696,0.60755,0.70676,0.39053,2.06112,0.56983,0.8148,0.00149444,0.00149444,0.00149444
385,4160.66,2.18863,0.60279,0.82339,0.79065,0.58901,0.70243,0.38716,2.09019,0.57673,0.81524,0.00149312,0.00149312,0.00149312
386,4171.28,2.10315,0.58902,0.83529,0.80101,0.60365,0.70959,0.39312,2.0706,0.56442,0.81501,0.0014918,0.0014918,0.0014918
387,4182.14,2.16307,0.60239,0.83197,0.80116,0.60792,0.71501,0.39858,2.0531,0.55801,0.8137,0.00149048,0.00149048,0.00149048
388,4193.03,2.16381,0.59284,0.82811,0.80514,0.59981,0.71181,0.39316,2.0746,0.56269,0.81421,0.00148916,0.00148916,0.00148916
389,4203.69,2.17066,0.59207,0.82623,0.80768,0.61518,0.71539,0.39622,2.07634,0.57,0.81521,0.00148784,0.00148784,0.00148784
390,4214.62,2.08742,0.58933,0.83451,0.80961,0.6215,0.7195,0.39735,2.05611,0.56593,0.814,0.00148652,0.00148652,0.00148652
391,4225.04,2.13191,0.59113,0.8309,0.80671,0.60887,0.70996,0.3881,2.07851,0.578,0.81723,0.0014852,0.0014852,0.0014852
392,4235.69,2.15911,0.58983,0.82474,0.8127,0.60722,0.71459,0.39815,2.03619,0.558,0.81589,0.00148388,0.00148388,0.00148388
393,4246.47,2.15832,0.59619,0.82871,0.7891,0.59953,0.70423,0.38879,2.07581,0.56944,0.81473,0.00148256,0.00148256,0.00148256
394,4257.15,2.17819,0.60032,0.8296,0.78328,0.61328,0.70856,0.3901,2.09088,0.58014,0.81501,0.00148124,0.00148124,0.00148124
395,4267.98,2.13004,0.59953,0.83961,0.79064,0.61203,0.70917,0.39156,2.09234,0.58144,0.81533,0.00147992,0.00147992,0.00147992
396,4278.67,2.16508,0.60674,0.83338,0.78683,0.6053,0.7039,0.38605,2.09889,0.58093,0.81452,0.0014786,0.0014786,0.0014786
397,4289.5,2.1546,0.60519,0.83171,0.7966,0.61028,0.70927,0.3878,2.10135,0.58053,0.81507,0.00147728,0.00147728,0.00147728
398,4300.12,2.21282,0.60586,0.82742,0.80227,0.60818,0.7105,0.38813,2.11467,0.58602,0.81579,0.00147596,0.00147596,0.00147596
399,4310.98,2.13606,0.59572,0.82889,0.79754,0.61587,0.71459,0.39204,2.05762,0.5647,0.81539,0.00147464,0.00147464,0.00147464
400,4321.72,2.16817,0.60416,0.83354,0.79516,0.61779,0.71523,0.39253,2.04571,0.56325,0.81463,0.00147332,0.00147332,0.00147332
401,4332.77,2.15925,0.59436,0.83095,0.8007,0.60949,0.71269,0.39332,2.03599,0.55992,0.81379,0.001472,0.001472,0.001472
402,4343.69,2.16528,0.59404,0.83362,0.80058,0.60572,0.70959,0.39149,2.04951,0.56729,0.81391,0.00147068,0.00147068,0.00147068
403,4354.42,2.14532,0.59683,0.82996,0.80059,0.61348,0.71337,0.39632,2.06032,0.569,0.81455,0.00146936,0.00146936,0.00146936
404,4365.04,2.1667,0.59754,0.82862,0.79412,0.60952,0.7104,0.39289,2.08226,0.5687,0.81452,0.00146804,0.00146804,0.00146804
405,4375.89,2.21845,0.60594,0.827,0.81506,0.62026,0.71923,0.39967,2.03685,0.56128,0.81345,0.00146672,0.00146672,0.00146672
406,4386.67,2.2349,0.60983,0.83126,0.8169,0.61546,0.71242,0.39132,2.08626,0.57187,0.81539,0.0014654,0.0014654,0.0014654
407,4397.25,2.22299,0.61443,0.83407,0.80844,0.61125,0.70997,0.39112,2.07693,0.57428,0.81585,0.00146408,0.00146408,0.00146408
408,4408.08,2.2024,0.60864,0.83564,0.80641,0.60792,0.70922,0.39097,2.08326,0.57316,0.81548,0.00146276,0.00146276,0.00146276
409,4418.93,2.14864,0.602,0.82797,0.77945,0.59075,0.69201,0.36737,2.1998,0.59587,0.8161,0.00146144,0.00146144,0.00146144
410,4429.54,2.12535,0.59936,0.83587,0.78263,0.60452,0.70138,0.38577,2.09572,0.57677,0.81454,0.00146012,0.00146012,0.00146012
411,4440.49,2.09377,0.58383,0.83315,0.7864,0.60365,0.70369,0.3851,2.10152,0.57481,0.81394,0.0014588,0.0014588,0.0014588
412,4451.1,2.09034,0.58893,0.83158,0.78672,0.61024,0.70653,0.38974,2.09057,0.57045,0.81345,0.00145748,0.00145748,0.00145748
413,4462.16,2.15311,0.58951,0.82987,0.79023,0.61853,0.71718,0.40109,2.0429,0.56407,0.81332,0.00145616,0.00145616,0.00145616
414,4473.27,2.15465,0.59586,0.8254,0.79709,0.61669,0.71742,0.40035,2.0517,0.5635,0.81327,0.00145484,0.00145484,0.00145484
415,4484.02,2.13996,0.59821,0.8318,0.80952,0.61553,0.71921,0.3993,2.07459,0.56504,0.81602,0.00145352,0.00145352,0.00145352
416,4494.53,2.13237,0.59413,0.82896,0.80658,0.61258,0.71957,0.40637,2.00018,0.55639,0.81411,0.0014522,0.0014522,0.0014522
417,4505.79,2.1078,0.58768,0.829,0.81222,0.60873,0.71312,0.39366,2.05156,0.56433,0.81597,0.00145088,0.00145088,0.00145088
418,4516.61,2.06744,0.58494,0.82834,0.811,0.61383,0.71682,0.39619,2.04936,0.56197,0.81567,0.00144956,0.00144956,0.00144956
419,4527.42,2.13455,0.58698,0.82775,0.79531,0.61052,0.71747,0.40214,2.0374,0.55883,0.81416,0.00144824,0.00144824,0.00144824
420,4537.87,2.1113,0.58604,0.8296,0.80665,0.61669,0.72055,0.40086,2.04328,0.55593,0.81423,0.00144692,0.00144692,0.00144692
421,4548.73,2.08279,0.57922,0.83052,0.79668,0.60626,0.71213,0.39871,2.04431,0.56982,0.81346,0.0014456,0.0014456,0.0014456
422,4559.35,2.16507,0.60168,0.83193,0.7905,0.60246,0.70862,0.40144,2.0097,0.56072,0.81205,0.00144428,0.00144428,0.00144428
423,4570.23,1.99041,0.56652,0.83338,0.80874,0.61826,0.7209,0.40751,1.99426,0.55076,0.81226,0.00144296,0.00144296,0.00144296
424,4581.23,2.10814,0.58501,0.82564,0.79975,0.61024,0.71738,0.40168,2.04045,0.55599,0.81256,0.00144164,0.00144164,0.00144164
425,4592.6,2.26095,0.61159,0.82423,0.80571,0.61885,0.72186,0.40953,2.00314,0.55292,0.81277,0.00144032,0.00144032,0.00144032
426,4603.43,2.12215,0.58701,0.828,0.81107,0.62781,0.72591,0.40667,2.03605,0.55754,0.81399,0.001439,0.001439,0.001439
427,4614.19,2.04553,0.57747,0.82617,0.79415,0.61642,0.71578,0.40219,2.0185,0.55435,0.81261,0.00143768,0.00143768,0.00143768
428,4624.9,2.16098,0.59068,0.82295,0.80759,0.61658,0.71867,0.4074,1.97741,0.54523,0.81096,0.00143636,0.00143636,0.00143636
429,4635.71,2.00151,0.57164,0.82917,0.8056,0.60736,0.70922,0.39697,2.01376,0.55377,0.81186,0.00143504,0.00143504,0.00143504
430,4646.46,2.02665,0.57167,0.82574,0.79946,0.6108,0.71024,0.39682,2.02349,0.55855,0.81244,0.00143372,0.00143372,0.00143372
431,4657.3,2.09441,0.57949,0.82398,0.79074,0.60969,0.71133,0.39537,2.04188,0.56312,0.81252,0.0014324,0.0014324,0.0014324
432,4667.99,2.15165,0.59461,0.82678,0.79709,0.61354,0.71028,0.38517,2.14197,0.59022,0.81393,0.00143108,0.00143108,0.00143108
433,4678.84,2.17269,0.59836,0.82532,0.79606,0.60722,0.71233,0.3915,2.12549,0.583,0.81434,0.00142976,0.00142976,0.00142976
434,4689.44,2.09901,0.59472,0.82413,0.80064,0.60482,0.71104,0.39594,2.04459,0.57111,0.81307,0.00142844,0.00142844,0.00142844
435,4700.18,2.06131,0.59313,0.828,0.80276,0.61575,0.7161,0.40155,2.05082,0.5671,0.81273,0.00142712,0.00142712,0.00142712
436,4710.87,2.13603,0.59151,0.82679,0.79697,0.61683,0.71588,0.40186,2.02529,0.55597,0.81248,0.0014258,0.0014258,0.0014258
437,4721.61,2.10464,0.5819,0.82152,0.8008,0.60187,0.71334,0.40067,1.99369,0.55118,0.81175,0.00142448,0.00142448,0.00142448
438,4732.36,2.08075,0.57831,0.82244,0.79784,0.60255,0.71179,0.39706,2.02702,0.56046,0.81231,0.00142316,0.00142316,0.00142316
439,4743.39,2.07784,0.57409,0.82846,0.80829,0.61065,0.71802,0.40433,2.00483,0.54767,0.81298,0.00142184,0.00142184,0.00142184
440,4753.97,2.1063,0.58079,0.8289,0.81222,0.61284,0.71855,0.40587,1.99906,0.54744,0.8131,0.00142052,0.00142052,0.00142052
441,4764.75,2.01326,0.56909,0.82587,0.81653,0.61711,0.72173,0.40302,2.02845,0.55442,0.81366,0.0014192,0.0014192,0.0014192
442,4775.26,2.04179,0.57197,0.82615,0.81259,0.61367,0.72009,0.40206,2.01911,0.55316,0.81259,0.00141788,0.00141788,0.00141788
443,4786.23,2.10917,0.58776,0.82604,0.80463,0.62068,0.72146,0.40651,1.98199,0.54654,0.81162,0.00141656,0.00141656,0.00141656
444,4796.96,2.16397,0.58375,0.82779,0.79945,0.6124,0.71635,0.402,1.99814,0.55099,0.81251,0.00141524,0.00141524,0.00141524
445,4807.58,2.1341,0.58218,0.82161,0.78946,0.61244,0.71186,0.39956,2.00619,0.55194,0.81204,0.00141392,0.00141392,0.00141392
446,4818.2,2.09655,0.57791,0.82418,0.78921,0.6064,0.71124,0.40319,1.97455,0.54675,0.81111,0.0014126,0.0014126,0.0014126
447,4828.74,2.02688,0.5737,0.82778,0.81026,0.60269,0.7134,0.40454,1.99315,0.54903,0.81194,0.00141128,0.00141128,0.00141128
448,4839.6,2.08505,0.5734,0.82475,0.81124,0.60379,0.71709,0.4052,1.99455,0.54733,0.81226,0.00140996,0.00140996,0.00140996
449,4850.47,2.11182,0.57937,0.8342,0.82016,0.61671,0.71851,0.39755,2.05811,0.55979,0.81433,0.00140864,0.00140864,0.00140864
450,4861.15,2.19619,0.60077,0.83191,0.81505,0.6165,0.71846,0.39422,2.10174,0.5685,0.81638,0.00140732,0.00140732,0.00140732
451,4871.9,2.15823,0.59966,0.82959,0.78278,0.58471,0.69455,0.35492,2.26148,0.60979,0.81844,0.001406,0.001406,0.001406
452,4882.69,2.24093,0.60542,0.83226,0.80442,0.60306,0.7124,0.38896,2.1006,0.57756,0.81483,0.00140468,0.00140468,0.00140468
453,4893.45,2.1675,0.59551,0.82681,0.81631,0.61258,0.71411,0.38863,2.12029,0.5716,0.81491,0.00140336,0.00140336,0.00140336
454,4904.23,2.07235,0.58991,0.83199,0.81227,0.6156,0.71577,0.39599,2.06426,0.56111,0.81441,0.00140204,0.00140204,0.00140204
455,4915.07,2.18032,0.59287,0.82047,0.79478,0.59006,0.70095,0.36872,2.17828,0.58167,0.81367,0.00140072,0.00140072,0.00140072
456,4925.79,2.18002,0.60399,0.83189,0.79281,0.5973,0.70386,0.37637,2.13143,0.57148,0.81263,0.0013994,0.0013994,0.0013994
457,4936.72,2.11673,0.58868,0.83234,0.80975,0.62113,0.71868,0.39919,2.08316,0.55903,0.81366,0.00139808,0.00139808,0.00139808
458,4947.54,2.16818,0.59831,0.82891,0.813,0.61875,0.71877,0.40207,2.04891,0.55492,0.81328,0.00139676,0.00139676,0.00139676
459,4958.21,2.0831,0.5806,0.83291,0.8171,0.61065,0.72066,0.40402,2.02853,0.56194,0.81306,0.00139544,0.00139544,0.00139544
460,4968.93,2.17922,0.59109,0.82165,0.81551,0.61505,0.72325,0.40952,1.99893,0.54889,0.81267,0.00139412,0.00139412,0.00139412
461,4980.12,2.15518,0.59305,0.8269,0.79203,0.60475,0.7022,0.36626,2.26561,0.62125,0.81734,0.0013928,0.0013928,0.0013928
462,4990.8,2.15858,0.59837,0.82962,0.77779,0.59967,0.69619,0.36651,2.23797,0.62836,0.81723,0.00139148,0.00139148,0.00139148
463,5001.76,2.17952,0.5924,0.82384,0.79858,0.61656,0.7195,0.40504,2.00654,0.55467,0.81261,0.00139016,0.00139016,0.00139016
464,5012.66,2.19526,0.59412,0.82452,0.80373,0.62517,0.72496,0.40527,2.036,0.55615,0.81402,0.00138884,0.00138884,0.00138884
465,5023.53,2.11465,0.58155,0.82672,0.81691,0.62026,0.72274,0.39873,2.09314,0.57626,0.81428,0.00138752,0.00138752,0.00138752
466,5034.48,2.05777,0.57731,0.82582,0.81201,0.61958,0.72213,0.407,2.02831,0.56241,0.81254,0.0013862,0.0013862,0.0013862
467,5045.24,2.10314,0.58263,0.82359,0.80501,0.61971,0.72144,0.41232,1.96757,0.54108,0.81041,0.00138488,0.00138488,0.00138488
468,5056.51,2.09242,0.57334,0.82527,0.81523,0.61971,0.72275,0.41027,1.97829,0.54332,0.81079,0.00138356,0.00138356,0.00138356
469,5067.41,2.1137,0.57964,0.82433,0.80741,0.61642,0.71792,0.40231,2.03164,0.55966,0.81179,0.00138224,0.00138224,0.00138224
470,5078.38,2.09412,0.57431,0.82225,0.81041,0.61134,0.71651,0.40525,2.00793,0.55587,0.81149,0.00138092,0.00138092,0.00138092
471,5089.19,2.06652,0.57146,0.82133,0.81589,0.61889,0.72225,0.41146,1.97264,0.53936,0.80967,0.0013796,0.0013796,0.0013796
472,5099.95,2.11413,0.57818,0.82418,0.81681,0.6226,0.72533,0.4145,1.96278,0.54042,0.80983,0.00137828,0.00137828,0.00137828
473,5111.24,2.03032,0.56089,0.82701,0.78941,0.60829,0.7103,0.39835,2.01768,0.54697,0.81106,0.00137696,0.00137696,0.00137696
474,5122.06,2.23597,0.60707,0.82578,0.78484,0.60445,0.70839,0.39366,2.06563,0.56054,0.81358,0.00137564,0.00137564,0.00137564
475,5133.09,2.19379,0.60581,0.83648,0.80663,0.61134,0.71176,0.38376,2.1167,0.56836,0.81442,0.00137432,0.00137432,0.00137432
476,5143.82,2.14307,0.58841,0.829,0.81991,0.60753,0.71249,0.38831,2.10917,0.56984,0.81459,0.001373,0.001373,0.001373
477,5154.79,2.052,0.58577,0.82799,0.79361,0.57798,0.69032,0.37096,2.16346,0.58749,0.81528,0.00137168,0.00137168,0.00137168
478,5165.59,2.17839,0.59446,0.83042,0.78967,0.58862,0.69631,0.37567,2.15024,0.58003,0.81523,0.00137036,0.00137036,0.00137036
479,5176.63,2.16243,0.60228,0.82584,0.79896,0.61924,0.7154,0.40425,2.02509,0.56036,0.81239,0.00136904,0.00136904,0.00136904
480,5187.29,2.12464,0.5939,0.83058,0.80871,0.61532,0.71607,0.39942,2.06795,0.55918,0.81276,0.00136772,0.00136772,0.00136772
481,5198.08,2.05545,0.58517,0.82659,0.80508,0.61354,0.71485,0.40201,2.00123,0.56145,0.81193,0.0013664,0.0013664,0.0013664
482,5208.96,2.09702,0.57947,0.82739,0.81002,0.61875,0.71971,0.40739,1.97614,0.55048,0.81114,0.00136508,0.00136508,0.00136508
483,5219.68,2.02236,0.56644,0.82438,0.80581,0.62191,0.71949,0.41003,1.9849,0.5414,0.811,0.00136376,0.00136376,0.00136376
484,5230.46,1.99633,0.56133,0.82522,0.80249,0.61463,0.71823,0.4056,1.99297,0.53921,0.81061,0.00136244,0.00136244,0.00136244
485,5241.42,2.09151,0.57561,0.8174,0.81077,0.61173,0.71979,0.41507,1.93607,0.5322,0.81012,0.00136112,0.00136112,0.00136112
486,5252.2,2.00829,0.5639,0.82724,0.82351,0.61112,0.72245,0.41423,1.96879,0.54128,0.81151,0.0013598,0.0013598,0.0013598
487,5263.44,1.99797,0.55007,0.82468,0.82676,0.62424,0.73452,0.42036,1.96072,0.53882,0.8114,0.00135848,0.00135848,0.00135848
488,5274.84,2.13212,0.58409,0.82163,0.81688,0.62081,0.73163,0.41749,1.9696,0.53653,0.81168,0.00135716,0.00135716,0.00135716
489,5285.76,2.07857,0.57177,0.824,0.8095,0.61518,0.7232,0.41176,1.97431,0.54487,0.81168,0.00135584,0.00135584,0.00135584
490,5296.51,2.03892,0.56758,0.82899,0.81415,0.61887,0.72359,0.4103,1.98687,0.54814,0.81248,0.00135452,0.00135452,0.00135452
491,5307.28,2.04303,0.57381,0.82359,0.81849,0.62328,0.72721,0.40956,1.98649,0.53978,0.81002,0.0013532,0.0013532,0.0013532
492,5317.97,2.04472,0.57109,0.82242,0.8251,0.62109,0.72656,0.40147,2.06497,0.54939,0.81259,0.00135188,0.00135188,0.00135188
493,5329.05,2.10441,0.57387,0.82342,0.81797,0.61258,0.72167,0.4129,1.9718,0.53291,0.8113,0.00135056,0.00135056,0.00135056
494,5339.78,2.20426,0.59764,0.82588,0.79733,0.60132,0.70907,0.39825,2.03331,0.55061,0.81241,0.00134924,0.00134924,0.00134924
495,5350.51,2.07317,0.58273,0.83057,0.79392,0.61142,0.71035,0.39957,2.00932,0.55498,0.81266,0.00134792,0.00134792,0.00134792
496,5361.38,2.26025,0.60404,0.82615,0.80014,0.60791,0.70569,0.3893,2.09425,0.58055,0.8154,0.0013466,0.0013466,0.0013466
497,5372.41,2.12279,0.59679,0.82741,0.78401,0.58951,0.69455,0.37582,2.08887,0.58915,0.81317,0.00134528,0.00134528,0.00134528
498,5383.12,2.25587,0.6059,0.83351,0.7737,0.58306,0.68571,0.36654,2.12867,0.58373,0.81399,0.00134396,0.00134396,0.00134396
499,5394.13,2.14809,0.59877,0.83098,0.79737,0.61312,0.71309,0.40105,2.0011,0.56963,0.81107,0.00134264,0.00134264,0.00134264
500,5405.13,2.09356,0.5829,0.82824,0.80438,0.61271,0.71545,0.40096,2.00976,0.5656,0.8118,0.00134132,0.00134132,0.00134132
501,5416.02,2.11532,0.58098,0.82592,0.77988,0.60516,0.70626,0.39061,2.1026,0.57616,0.81385,0.00134,0.00134,0.00134
502,5426.71,2.13853,0.58913,0.81901,0.79659,0.6112,0.71626,0.40568,2.00896,0.56223,0.81041,0.00133868,0.00133868,0.00133868
503,5437.68,2.167,0.58914,0.82346,0.80791,0.62219,0.72702,0.40936,2.01137,0.55326,0.81144,0.00133736,0.00133736,0.00133736
504,5448.55,2.02698,0.56677,0.82078,0.81703,0.62177,0.73104,0.41391,1.98629,0.54437,0.80966,0.00133604,0.00133604,0.00133604
505,5459.26,1.93958,0.5496,0.82734,0.81333,0.6145,0.7249,0.41358,1.97512,0.54844,0.81116,0.00133472,0.00133472,0.00133472
506,5470,2.06932,0.56376,0.82344,0.82077,0.61299,0.72548,0.41698,1.95513,0.5473,0.81044,0.0013334,0.0013334,0.0013334
507,5481,2.10734,0.56541,0.81881,0.8156,0.62177,0.73341,0.41725,1.97947,0.5357,0.81003,0.00133208,0.00133208,0.00133208
508,5491.7,2.07893,0.5729,0.8302,0.81357,0.62342,0.73223,0.41732,1.9644,0.53239,0.80954,0.00133076,0.00133076,0.00133076
509,5502.74,2.10955,0.57208,0.82296,0.8073,0.61573,0.71894,0.41283,1.94577,0.5379,0.80999,0.00132944,0.00132944,0.00132944
510,5513.39,2.02315,0.56981,0.82256,0.79241,0.61724,0.71576,0.40469,1.98196,0.55272,0.80995,0.00132812,0.00132812,0.00132812
511,5524.38,2.14509,0.57947,0.81848,0.8119,0.62754,0.72477,0.40254,2.01568,0.55686,0.81025,0.0013268,0.0013268,0.0013268
512,5535.18,2.06925,0.57695,0.82732,0.81229,0.62644,0.72686,0.4062,2.00354,0.55035,0.81055,0.00132548,0.00132548,0.00132548
513,5546.06,2.04574,0.567,0.8247,0.81811,0.61873,0.73017,0.41853,1.95014,0.53752,0.80965,0.00132416,0.00132416,0.00132416
514,5556.78,2.03016,0.56461,0.82644,0.81353,0.62328,0.7305,0.42251,1.95627,0.53547,0.81075,0.00132284,0.00132284,0.00132284
515,5568.19,2.00048,0.5677,0.8289,0.81229,0.63153,0.73425,0.42097,1.94569,0.53248,0.81002,0.00132152,0.00132152,0.00132152
516,5578.83,2.05441,0.56475,0.82198,0.81135,0.61614,0.72568,0.41383,1.99133,0.54041,0.81083,0.0013202,0.0013202,0.0013202
517,5589.69,2.13064,0.5822,0.8184,0.816,0.61244,0.72382,0.41398,1.96296,0.53629,0.81038,0.00131888,0.00131888,0.00131888
518,5600.42,2.07349,0.57067,0.82305,0.82162,0.61175,0.72332,0.40875,1.98574,0.53882,0.81069,0.00131756,0.00131756,0.00131756
519,5611.56,2.12994,0.58089,0.82047,0.81144,0.60763,0.72229,0.40836,1.99378,0.54115,0.81032,0.00131624,0.00131624,0.00131624
520,5622.02,1.98762,0.5546,0.8228,0.82232,0.61189,0.72779,0.42139,1.92063,0.53104,0.80968,0.00131492,0.00131492,0.00131492
521,5633.05,2.08208,0.5705,0.81981,0.83146,0.61601,0.73183,0.41915,1.95712,0.54158,0.80981,0.0013136,0.0013136,0.0013136
522,5643.85,1.99894,0.56468,0.8202,0.82311,0.61838,0.72817,0.41492,1.97776,0.53745,0.81014,0.00131228,0.00131228,0.00131228
523,5654.56,2.04091,0.56777,0.8235,0.81891,0.61258,0.72182,0.40972,1.96228,0.53206,0.81051,0.00131096,0.00131096,0.00131096
524,5665.22,2.04932,0.56909,0.82185,0.80657,0.61161,0.71932,0.4036,2.01388,0.54613,0.81111,0.00130964,0.00130964,0.00130964
525,5676.25,2.06418,0.57121,0.82096,0.80671,0.61903,0.72621,0.41275,1.95951,0.53548,0.80902,0.00130832,0.00130832,0.00130832
526,5686.81,2.06677,0.5766,0.82797,0.81001,0.61807,0.72586,0.42068,1.91575,0.5313,0.80817,0.001307,0.001307,0.001307
527,5697.66,2.06296,0.57762,0.82854,0.81281,0.60983,0.71898,0.41155,1.95461,0.53449,0.8091,0.00130568,0.00130568,0.00130568
528,5708.33,2.04353,0.56678,0.82227,0.80523,0.61024,0.718,0.40796,1.97967,0.53756,0.80967,0.00130436,0.00130436,0.00130436
529,5719.35,2.05759,0.57725,0.82881,0.8016,0.61793,0.7206,0.41184,1.96484,0.53925,0.81046,0.00130304,0.00130304,0.00130304
530,5730.14,2.1698,0.58659,0.81581,0.79986,0.61782,0.71897,0.40983,1.97402,0.54104,0.81047,0.00130172,0.00130172,0.00130172
531,5741.02,2.07262,0.56183,0.81835,0.80289,0.61656,0.71981,0.41217,1.93913,0.53305,0.8085,0.0013004,0.0013004,0.0013004
532,5751.82,2.14339,0.58075,0.81704,0.81036,0.6237,0.72286,0.41125,1.97596,0.54299,0.80943,0.00129908,0.00129908,0.00129908
533,5762.74,2.06173,0.57313,0.82412,0.81141,0.61834,0.72397,0.41512,1.92877,0.53253,0.80845,0.00129776,0.00129776,0.00129776
534,5773.45,2.11317,0.57759,0.82406,0.81169,0.61944,0.7259,0.41547,1.9222,0.52986,0.80896,0.00129644,0.00129644,0.00129644
535,5784.27,2.01798,0.56633,0.82495,0.81254,0.62064,0.7219,0.39896,1.9984,0.54468,0.81188,0.00129512,0.00129512,0.00129512
536,5794.92,2.05462,0.56669,0.82636,0.81407,0.61697,0.72063,0.4026,2.00549,0.54882,0.81238,0.0012938,0.0012938,0.0012938
537,5805.83,1.99888,0.56152,0.82647,0.81919,0.61331,0.72187,0.41156,1.92742,0.53805,0.8107,0.00129248,0.00129248,0.00129248
538,5816.42,2.04327,0.56639,0.82274,0.82066,0.61642,0.72188,0.4135,1.92043,0.53588,0.80944,0.00129116,0.00129116,0.00129116
539,5827.42,2.16939,0.58057,0.82205,0.80732,0.60516,0.71593,0.39874,2.04743,0.55637,0.81173,0.00128984,0.00128984,0.00128984
540,5838.09,2.06609,0.57,0.82611,0.81031,0.61971,0.72363,0.41128,1.95822,0.54078,0.81089,0.00128852,0.00128852,0.00128852
541,5849.06,2.12831,0.5772,0.82332,0.82324,0.61999,0.72564,0.41289,1.94269,0.53903,0.81126,0.0012872,0.0012872,0.0012872
542,5859.71,2.02905,0.56431,0.82102,0.80187,0.60897,0.71451,0.39773,2.03003,0.55029,0.8116,0.00128588,0.00128588,0.00128588
543,5870.41,2.10738,0.5748,0.83061,0.79769,0.60842,0.7139,0.40114,2.01565,0.54874,0.81156,0.00128456,0.00128456,0.00128456
544,5881.17,2.02142,0.57054,0.8274,0.80903,0.62164,0.72473,0.41189,1.94936,0.53426,0.80985,0.00128324,0.00128324,0.00128324
545,5891.9,2.11854,0.58056,0.82446,0.8116,0.62095,0.72813,0.41342,1.96658,0.53915,0.81052,0.00128192,0.00128192,0.00128192
546,5902.59,2.09554,0.57861,0.82716,0.80225,0.61917,0.72333,0.41046,1.96744,0.53726,0.80897,0.0012806,0.0012806,0.0012806
547,5913.51,2.09328,0.56983,0.82332,0.80372,0.62233,0.72383,0.40684,1.98948,0.54564,0.80919,0.00127928,0.00127928,0.00127928
548,5924.38,2.14033,0.58295,0.82159,0.81566,0.62658,0.72769,0.40791,1.97562,0.54676,0.80934,0.00127796,0.00127796,0.00127796
549,5935.24,2.05794,0.56513,0.8183,0.8196,0.60938,0.72061,0.41049,1.95682,0.53735,0.80932,0.00127664,0.00127664,0.00127664
550,5946.03,2.0498,0.55752,0.81654,0.81911,0.61175,0.72101,0.40868,1.98502,0.54041,0.81019,0.00127532,0.00127532,0.00127532
551,5956.76,2.00739,0.55598,0.82081,0.82405,0.6285,0.73228,0.42212,1.90697,0.52119,0.80842,0.001274,0.001274,0.001274
552,5967.6,1.99447,0.55143,0.82163,0.81628,0.62645,0.73205,0.4266,1.88709,0.51733,0.80752,0.00127268,0.00127268,0.00127268
553,5979,1.99918,0.55552,0.82018,0.82347,0.62249,0.73599,0.42655,1.90769,0.52287,0.80806,0.00127136,0.00127136,0.00127136
554,5990,1.9931,0.54988,0.82212,0.81944,0.61807,0.73234,0.4249,1.90049,0.52173,0.80762,0.00127004,0.00127004,0.00127004
555,6000.95,2.0225,0.55518,0.81648,0.82006,0.62177,0.73199,0.42101,1.89849,0.5216,0.80793,0.00126872,0.00126872,0.00126872
556,6011.76,2.06842,0.56731,0.81958,0.82249,0.62013,0.73036,0.41582,1.92595,0.52737,0.80906,0.0012674,0.0012674,0.0012674
557,6022.77,2.09925,0.56863,0.81558,0.82515,0.61806,0.73217,0.41806,1.93457,0.53215,0.80969,0.00126608,0.00126608,0.00126608
558,6033.57,2.01166,0.56131,0.81848,0.82896,0.62478,0.73563,0.42215,1.91288,0.52825,0.80899,0.00126476,0.00126476,0.00126476
559,6044.14,1.99785,0.55806,0.81868,0.82119,0.62534,0.73433,0.4244,1.91717,0.53041,0.80887,0.00126344,0.00126344,0.00126344
560,6055.02,2.03131,0.5643,0.82125,0.82187,0.63024,0.73489,0.4255,1.88677,0.52375,0.80812,0.00126212,0.00126212,0.00126212
561,6065.93,2.18466,0.5863,0.82292,0.80089,0.62891,0.72703,0.41357,1.95889,0.53694,0.80909,0.0012608,0.0012608,0.0012608
562,6076.61,2.03174,0.573,0.82559,0.81214,0.62556,0.7285,0.41509,1.94954,0.53263,0.80832,0.00125948,0.00125948,0.00125948
563,6087.61,2.07831,0.57767,0.81906,0.81606,0.61299,0.72134,0.41685,1.91468,0.52538,0.80801,0.00125816,0.00125816,0.00125816
564,6098.42,2.03523,0.56239,0.82129,0.8168,0.6121,0.72356,0.41926,1.92978,0.52933,0.80828,0.00125684,0.00125684,0.00125684
565,6109.41,2.05077,0.56947,0.82193,0.81648,0.62026,0.73043,0.41789,1.95257,0.53254,0.80903,0.00125552,0.00125552,0.00125552
566,6120.23,2.01281,0.56471,0.82465,0.80996,0.62374,0.73092,0.41691,1.97006,0.54077,0.80978,0.0012542,0.0012542,0.0012542
567,6131.12,2.0147,0.55952,0.81948,0.81977,0.61944,0.73089,0.42063,1.95881,0.5303,0.81043,0.00125288,0.00125288,0.00125288
568,6141.86,1.96221,0.55275,0.82054,0.82421,0.61065,0.72642,0.41899,1.95929,0.53415,0.81113,0.00125156,0.00125156,0.00125156
569,6152.67,2.05502,0.5646,0.81797,0.81658,0.6112,0.72374,0.41701,1.95942,0.53473,0.8099,0.00125024,0.00125024,0.00125024
570,6163.56,1.98175,0.55107,0.82074,0.81304,0.62603,0.73128,0.42362,1.92537,0.52817,0.8079,0.00124892,0.00124892,0.00124892
571,6174.41,2.09018,0.56972,0.81928,0.81138,0.6274,0.73487,0.42275,1.93056,0.52878,0.80879,0.0012476,0.0012476,0.0012476
572,6185.23,2.01811,0.56257,0.81735,0.81653,0.63152,0.73671,0.42557,1.91111,0.52774,0.80852,0.00124628,0.00124628,0.00124628
573,6196.29,2.10387,0.57716,0.82144,0.80187,0.61342,0.71995,0.40951,1.9837,0.54336,0.81036,0.00124496,0.00124496,0.00124496
574,6207.08,2.03588,0.57216,0.82945,0.80266,0.61199,0.71549,0.4059,1.97261,0.54071,0.81023,0.00124364,0.00124364,0.00124364
575,6218.06,1.97016,0.55514,0.824,0.80913,0.61683,0.72111,0.41504,1.92458,0.5322,0.80874,0.00124232,0.00124232,0.00124232
576,6228.66,1.92214,0.54724,0.82921,0.8143,0.62246,0.72847,0.41947,1.9066,0.52442,0.80839,0.001241,0.001241,0.001241
577,6239.53,2.02679,0.56041,0.82102,0.813,0.61697,0.7261,0.41237,1.96487,0.53087,0.80969,0.00123968,0.00123968,0.00123968
578,6250.08,2.04287,0.56749,0.82485,0.80996,0.61378,0.72014,0.40291,2.02853,0.54213,0.81088,0.00123836,0.00123836,0.00123836
579,6260.94,2.06149,0.57145,0.82837,0.80667,0.61587,0.71565,0.40523,1.99041,0.5456,0.81097,0.00123704,0.00123704,0.00123704
580,6271.78,2.12122,0.58191,0.81882,0.80173,0.59901,0.70617,0.40059,1.98092,0.5482,0.81133,0.00123572,0.00123572,0.00123572
581,6282.75,2.02548,0.55611,0.81845,0.80046,0.59432,0.70478,0.38582,2.07604,0.5621,0.81272,0.0012344,0.0012344,0.0012344
582,6293.62,2.07419,0.56891,0.82443,0.81091,0.61405,0.7191,0.40457,2.01374,0.54858,0.81147,0.00123308,0.00123308,0.00123308
583,6304.52,2.03585,0.55561,0.81998,0.82925,0.63386,0.73867,0.42416,1.90438,0.52413,0.80878,0.00123176,0.00123176,0.00123176
584,6315.3,2.06971,0.56567,0.81965,0.83065,0.62342,0.73508,0.42672,1.89083,0.52832,0.80866,0.00123044,0.00123044,0.00123044
585,6326.91,2.09683,0.5689,0.81969,0.83159,0.62435,0.73073,0.41951,1.92944,0.52988,0.8096,0.00122912,0.00122912,0.00122912
586,6337.7,1.98569,0.55533,0.82347,0.83473,0.62589,0.73011,0.41174,1.95702,0.5325,0.80989,0.0012278,0.0012278,0.0012278
587,6348.63,1.96648,0.54607,0.82182,0.82124,0.61557,0.72624,0.41911,1.92588,0.52618,0.80803,0.00122648,0.00122648,0.00122648
588,6359.37,1.97256,0.5482,0.82622,0.8084,0.6075,0.71936,0.41196,1.97063,0.53998,0.80957,0.00122516,0.00122516,0.00122516
589,6370.36,1.99188,0.54568,0.81563,0.81707,0.61477,0.72729,0.42227,1.8982,0.52352,0.80849,0.00122384,0.00122384,0.00122384
590,6381.15,1.95749,0.54829,0.82157,0.8118,0.61381,0.72499,0.41677,1.92394,0.52869,0.80842,0.00122252,0.00122252,0.00122252
591,6392.22,2.04005,0.55685,0.8214,0.81362,0.63152,0.73154,0.42326,1.89175,0.52606,0.80661,0.0012212,0.0012212,0.0012212
592,6402.85,1.97668,0.55094,0.82038,0.8183,0.6294,0.73323,0.42627,1.87252,0.52173,0.80592,0.00121988,0.00121988,0.00121988
593,6413.91,2.09224,0.56957,0.81175,0.81195,0.62026,0.72606,0.41934,1.91017,0.527,0.80713,0.00121856,0.00121856,0.00121856
594,6424.64,2.0203,0.56046,0.81884,0.80981,0.62665,0.72823,0.41981,1.89432,0.52241,0.80714,0.00121724,0.00121724,0.00121724
595,6435.56,1.95211,0.54921,0.81996,0.81757,0.62324,0.73027,0.42059,1.90691,0.52195,0.80824,0.00121592,0.00121592,0.00121592
596,6446.43,1.98667,0.54745,0.82244,0.81744,0.61573,0.72774,0.41966,1.91762,0.52406,0.80804,0.0012146,0.0012146,0.0012146
597,6457.32,2.08054,0.56873,0.82092,0.82577,0.61216,0.72547,0.4192,1.93407,0.52449,0.80778,0.00121328,0.00121328,0.00121328
598,6468.06,2.01569,0.55615,0.82156,0.82312,0.6215,0.73005,0.42421,1.89857,0.51659,0.80736,0.00121196,0.00121196,0.00121196
599,6479.06,2.00345,0.55735,0.82037,0.80747,0.6285,0.72583,0.41053,1.99265,0.54524,0.80994,0.00121064,0.00121064,0.00121064
600,6489.68,2.07965,0.57432,0.81977,0.80663,0.62685,0.72602,0.40612,2.04038,0.55317,0.81028,0.00120932,0.00120932,0.00120932
601,6500.54,2.03823,0.55909,0.82347,0.82134,0.62736,0.73104,0.41884,1.96253,0.53055,0.808,0.001208,0.001208,0.001208
602,6511.2,2.03822,0.57112,0.82201,0.81935,0.62205,0.72966,0.42269,1.93174,0.52774,0.80738,0.00120668,0.00120668,0.00120668
603,6522.17,1.96985,0.55164,0.82118,0.8191,0.61807,0.7292,0.4172,1.97073,0.53193,0.80848,0.00120536,0.00120536,0.00120536
604,6532.93,2.01987,0.56162,0.8185,0.81441,0.61992,0.72792,0.41064,2.01074,0.54128,0.80926,0.00120404,0.00120404,0.00120404
605,6543.89,2.05916,0.56183,0.82333,0.80897,0.62644,0.73028,0.41634,1.95887,0.53408,0.80867,0.00120272,0.00120272,0.00120272
606,6554.74,2.04597,0.56782,0.82818,0.8094,0.63083,0.73476,0.41925,1.95917,0.53182,0.8084,0.0012014,0.0012014,0.0012014
607,6565.65,2.00441,0.55447,0.82295,0.81386,0.62306,0.73134,0.4195,1.96021,0.53232,0.80809,0.00120008,0.00120008,0.00120008
608,6576.45,2.09338,0.56575,0.81904,0.81294,0.62289,0.72832,0.40957,2.04017,0.5464,0.81076,0.00119876,0.00119876,0.00119876
609,6587.55,2.09264,0.56956,0.82129,0.81414,0.62785,0.73048,0.42114,1.94451,0.53035,0.80902,0.00119744,0.00119744,0.00119744
610,6598.39,1.9572,0.54819,0.818,0.81649,0.62855,0.73315,0.42269,1.93803,0.53033,0.80803,0.00119612,0.00119612,0.00119612
611,6609.48,2.09736,0.57147,0.81964,0.80985,0.62864,0.73406,0.42686,1.91049,0.52913,0.80706,0.0011948,0.0011948,0.0011948
612,6620.34,1.95619,0.54635,0.82209,0.81231,0.63166,0.7364,0.42759,1.91093,0.52607,0.80691,0.00119348,0.00119348,0.00119348
613,6631.7,2.05703,0.56253,0.82617,0.81754,0.62987,0.73356,0.4222,1.94027,0.52746,0.80805,0.00119216,0.00119216,0.00119216
614,6642.36,2.03464,0.55794,0.81928,0.82047,0.62867,0.73369,0.4205,1.94156,0.52641,0.80809,0.00119084,0.00119084,0.00119084
615,6653.16,1.93379,0.54422,0.81893,0.81877,0.62273,0.73299,0.42573,1.89079,0.51422,0.80612,0.00118952,0.00118952,0.00118952
616,6663.85,1.96972,0.5456,0.81549,0.82152,0.62466,0.73522,0.42581,1.90103,0.5149,0.80655,0.0011882,0.0011882,0.0011882
617,6674.71,1.97544,0.54129,0.81813,0.8228,0.63138,0.73807,0.42824,1.89537,0.51383,0.80699,0.00118688,0.00118688,0.00118688
618,6685.78,1.9866,0.54214,0.81476,0.82444,0.62781,0.73746,0.42807,1.90218,0.51895,0.80699,0.00118556,0.00118556,0.00118556
619,6696.43,1.99173,0.54792,0.81577,0.81663,0.62658,0.73222,0.42657,1.89693,0.52314,0.80711,0.00118424,0.00118424,0.00118424
620,6707.24,1.97763,0.54718,0.81553,0.82122,0.63188,0.7353,0.42681,1.89569,0.52512,0.80648,0.00118292,0.00118292,0.00118292
621,6718.04,1.94153,0.54072,0.82427,0.81758,0.63193,0.73774,0.42876,1.9019,0.52363,0.80759,0.0011816,0.0011816,0.0011816
622,6728.97,2.04551,0.55887,0.82196,0.82138,0.6425,0.74406,0.43316,1.91294,0.52408,0.80784,0.00118028,0.00118028,0.00118028
623,6740.41,1.97593,0.547,0.82353,0.83167,0.63827,0.74374,0.43063,1.92012,0.5249,0.80728,0.00117896,0.00117896,0.00117896
624,6751.22,2.02017,0.55355,0.8177,0.83239,0.6366,0.7419,0.43396,1.89745,0.51837,0.80687,0.00117764,0.00117764,0.00117764
625,6762.32,1.95434,0.54697,0.82061,0.82468,0.63159,0.73783,0.43011,1.88616,0.51263,0.80607,0.00117632,0.00117632,0.00117632
626,6772.95,1.95353,0.55246,0.82058,0.82127,0.62727,0.73569,0.42562,1.90582,0.51828,0.80666,0.001175,0.001175,0.001175
627,6783.83,1.9652,0.55343,0.8229,0.82892,0.62617,0.73972,0.43185,1.88628,0.52099,0.80624,0.00117368,0.00117368,0.00117368
628,6794.65,1.95719,0.54791,0.81745,0.82815,0.6252,0.74071,0.43434,1.88039,0.52079,0.80623,0.00117236,0.00117236,0.00117236
629,6805.91,2.0727,0.56952,0.82221,0.83173,0.63207,0.74216,0.42887,1.93447,0.52665,0.80797,0.00117104,0.00117104,0.00117104
630,6816.59,1.99764,0.55609,0.82157,0.83205,0.62878,0.73915,0.4253,1.95455,0.52829,0.80843,0.00116972,0.00116972,0.00116972
631,6827.51,2.05035,0.55926,0.81988,0.81571,0.61376,0.72719,0.42072,1.94273,0.53126,0.80924,0.0011684,0.0011684,0.0011684
632,6838.17,2.04659,0.56042,0.82227,0.81979,0.61752,0.72814,0.41898,1.95481,0.53331,0.80996,0.00116708,0.00116708,0.00116708
633,6848.91,1.91134,0.53843,0.82011,0.81425,0.61834,0.72683,0.42185,1.93831,0.52686,0.80941,0.00116576,0.00116576,0.00116576
634,6859.74,1.99406,0.55106,0.8211,0.81885,0.61642,0.72591,0.42123,1.92056,0.52686,0.80875,0.00116444,0.00116444,0.00116444
635,6870.74,2.00398,0.55224,0.81777,0.81433,0.61285,0.72543,0.41662,1.96102,0.52836,0.8093,0.00116312,0.00116312,0.00116312
636,6881.8,2.07327,0.56025,0.81724,0.81064,0.61766,0.72494,0.416,1.96687,0.53148,0.80938,0.0011618,0.0011618,0.0011618
637,6893.22,1.98685,0.54515,0.81389,0.81648,0.63097,0.73484,0.42909,1.90244,0.52006,0.80835,0.00116048,0.00116048,0.00116048
638,6903.97,1.95205,0.54912,0.82073,0.82667,0.6296,0.73693,0.43015,1.89692,0.51641,0.80794,0.00115916,0.00115916,0.00115916
639,6914.76,1.97683,0.549,0.82037,0.829,0.62493,0.73641,0.43066,1.88665,0.51094,0.80761,0.00115784,0.00115784,0.00115784
640,6925.43,1.94474,0.53983,0.81928,0.82313,0.62836,0.73717,0.43013,1.89667,0.51198,0.80749,0.00115652,0.00115652,0.00115652
641,6936.35,2.07243,0.56168,0.81587,0.82529,0.62823,0.73199,0.40888,2.01675,0.5398,0.80897,0.0011552,0.0011552,0.0011552
642,6946.64,2.0428,0.5613,0.81646,0.81886,0.6262,0.73087,0.4194,1.94934,0.53003,0.80814,0.00115388,0.00115388,0.00115388
643,6957.63,1.95689,0.54241,0.81859,0.81551,0.61958,0.72745,0.42041,1.94077,0.52517,0.80781,0.00115256,0.00115256,0.00115256
644,6968.32,2.01824,0.54914,0.81838,0.81929,0.62205,0.72907,0.42588,1.89534,0.51503,0.8065,0.00115124,0.00115124,0.00115124
645,6979.34,2.00674,0.55544,0.81622,0.82506,0.61917,0.72642,0.41864,1.94634,0.52295,0.80726,0.00114992,0.00114992,0.00114992
646,6990.03,1.93963,0.54255,0.81976,0.82261,0.61944,0.7279,0.42439,1.90125,0.51369,0.80633,0.0011486,0.0011486,0.0011486
647,7000.92,1.95082,0.54555,0.8242,0.82838,0.61875,0.73204,0.42886,1.86974,0.51156,0.80639,0.00114728,0.00114728,0.00114728
648,7011.73,1.94517,0.53826,0.81734,0.82188,0.61985,0.73223,0.4269,1.89034,0.51366,0.80673,0.00114596,0.00114596,0.00114596
649,7022.93,1.96374,0.55003,0.82116,0.82692,0.62051,0.73654,0.43401,1.87452,0.51324,0.80594,0.00114464,0.00114464,0.00114464
650,7033.67,2.0358,0.56155,0.81683,0.82507,0.61614,0.73276,0.42766,1.90583,0.51895,0.80732,0.00114332,0.00114332,0.00114332
651,7044.37,1.94095,0.54447,0.82312,0.81965,0.62394,0.73249,0.42481,1.90366,0.51787,0.80723,0.001142,0.001142,0.001142
652,7055,1.99301,0.54679,0.8181,0.81661,0.62477,0.73138,0.4241,1.91612,0.51961,0.80714,0.00114068,0.00114068,0.00114068
653,7066.31,2.05581,0.55982,0.81268,0.82102,0.61532,0.72818,0.42244,1.9195,0.52415,0.80829,0.00113936,0.00113936,0.00113936
654,7077.06,2.01174,0.55267,0.81822,0.82254,0.61546,0.72775,0.4228,1.91703,0.52338,0.80808,0.00113804,0.00113804,0.00113804
655,7088,1.99349,0.55136,0.8149,0.81744,0.62024,0.73262,0.42346,1.92528,0.52224,0.80724,0.00113672,0.00113672,0.00113672
656,7098.57,1.96755,0.54646,0.82096,0.82078,0.62561,0.73558,0.42374,1.91331,0.52032,0.80695,0.0011354,0.0011354,0.0011354
657,7109.56,2.01711,0.55624,0.82098,0.8248,0.62562,0.73711,0.42788,1.89108,0.51996,0.80722,0.00113408,0.00113408,0.00113408
658,7120.35,2.01507,0.55296,0.81686,0.82331,0.61752,0.73414,0.42582,1.91373,0.52209,0.8073,0.00113276,0.00113276,0.00113276
659,7131.18,1.94766,0.544,0.82284,0.82496,0.62768,0.73606,0.42618,1.88828,0.51627,0.80596,0.00113144,0.00113144,0.00113144
660,7141.83,2.03893,0.55965,0.81805,0.8259,0.62644,0.73547,0.42191,1.92413,0.52135,0.80581,0.00113012,0.00113012,0.00113012
661,7152.97,2.00661,0.55196,0.8172,0.81863,0.62027,0.73081,0.42698,1.90502,0.51624,0.80538,0.0011288,0.0011288,0.0011288
662,7163.75,1.88153,0.53566,0.81904,0.82747,0.62618,0.73582,0.43151,1.87116,0.51092,0.80478,0.00112748,0.00112748,0.00112748
663,7174.56,1.95405,0.54284,0.82108,0.82211,0.63068,0.73864,0.43024,1.88031,0.51465,0.80502,0.00112616,0.00112616,0.00112616
664,7185.11,1.96338,0.5509,0.81693,0.82256,0.63131,0.73877,0.43001,1.88198,0.51771,0.80507,0.00112484,0.00112484,0.00112484
665,7195.88,1.93452,0.54223,0.81793,0.82425,0.62603,0.73715,0.43038,1.89013,0.52011,0.8054,0.00112352,0.00112352,0.00112352
666,7206.79,1.94011,0.5377,0.81788,0.8239,0.61971,0.73457,0.43113,1.89385,0.52108,0.80499,0.0011222,0.0011222,0.0011222
667,7217.74,1.95785,0.54821,0.81692,0.82255,0.62232,0.73323,0.43343,1.86685,0.51101,0.8056,0.00112088,0.00112088,0.00112088
668,7228.46,1.93314,0.55047,0.8293,0.82717,0.62288,0.73541,0.43027,1.86368,0.50916,0.80543,0.00111956,0.00111956,0.00111956
669,7239.19,1.954,0.54537,0.81675,0.81452,0.62397,0.73187,0.42529,1.879,0.50848,0.80513,0.00111824,0.00111824,0.00111824
670,7250.06,1.99836,0.55381,0.81643,0.81654,0.62562,0.73327,0.42599,1.88043,0.50872,0.8049,0.00111692,0.00111692,0.00111692
671,7260.77,1.91062,0.53736,0.81511,0.82427,0.63125,0.73818,0.43252,1.84869,0.50471,0.80462,0.0011156,0.0011156,0.0011156
672,7271.52,2.01569,0.55437,0.81238,0.82587,0.62809,0.73874,0.43202,1.86537,0.50917,0.8046,0.00111428,0.00111428,0.00111428
673,7282.62,1.93308,0.54023,0.81915,0.81784,0.62068,0.73113,0.42693,1.87757,0.5124,0.80554,0.00111296,0.00111296,0.00111296
674,7293.42,2.02504,0.55678,0.81857,0.81794,0.61801,0.72854,0.41715,1.9248,0.52009,0.80642,0.00111164,0.00111164,0.00111164
675,7304.58,2.00194,0.55972,0.82014,0.81732,0.61053,0.72663,0.41884,1.91861,0.52171,0.80664,0.00111032,0.00111032,0.00111032
676,7315.25,1.93772,0.54092,0.82341,0.81434,0.61601,0.72935,0.42478,1.88927,0.51463,0.80619,0.001109,0.001109,0.001109
677,7326.19,1.9504,0.54259,0.81749,0.83024,0.61903,0.7356,0.42889,1.9038,0.51584,0.8066,0.00110768,0.00110768,0.00110768
678,7336.86,1.95399,0.54134,0.81526,0.81943,0.61944,0.73341,0.42583,1.92877,0.52135,0.80772,0.00110636,0.00110636,0.00110636
679,7347.74,1.97984,0.54464,0.81657,0.81969,0.62596,0.73445,0.43327,1.86803,0.50942,0.806,0.00110504,0.00110504,0.00110504
680,7358.5,1.93641,0.53812,0.81514,0.81876,0.62516,0.73342,0.43202,1.86477,0.50791,0.80579,0.00110372,0.00110372,0.00110372
681,7369.43,2.06172,0.55639,0.81832,0.81448,0.62644,0.73507,0.42695,1.89941,0.51393,0.80672,0.0011024,0.0011024,0.0011024
682,7380.18,1.97459,0.54267,0.81586,0.82363,0.63125,0.73796,0.42855,1.89209,0.5143,0.80654,0.00110108,0.00110108,0.00110108
683,7391.19,1.91855,0.53217,0.81906,0.82842,0.62905,0.7421,0.43592,1.85082,0.51059,0.80624,0.00109976,0.00109976,0.00109976
684,7402.4,1.95451,0.5399,0.81682,0.82811,0.62232,0.73899,0.43396,1.8551,0.51313,0.80621,0.00109844,0.00109844,0.00109844
685,7413.36,1.94051,0.53503,0.81491,0.82726,0.62528,0.73686,0.43307,1.83083,0.50499,0.805,0.00109712,0.00109712,0.00109712
686,7424.09,1.96942,0.54512,0.81457,0.82158,0.62315,0.73185,0.4311,1.83621,0.5075,0.805,0.0010958,0.0010958,0.0010958
687,7435.16,1.90876,0.52457,0.81714,0.82655,0.62215,0.73371,0.42925,1.8743,0.50802,0.80649,0.00109448,0.00109448,0.00109448
688,7446,2.02402,0.55139,0.81951,0.83155,0.63111,0.74255,0.4317,1.90979,0.51493,0.80751,0.00109316,0.00109316,0.00109316
689,7456.84,1.86864,0.5232,0.81513,0.83351,0.62685,0.74398,0.43561,1.87743,0.50918,0.80613,0.00109184,0.00109184,0.00109184
690,7467.82,1.91151,0.53222,0.81772,0.82646,0.62177,0.73493,0.42921,1.88523,0.51076,0.80674,0.00109052,0.00109052,0.00109052
691,7478.87,1.94277,0.53992,0.816,0.81963,0.62262,0.73163,0.42882,1.85974,0.5033,0.80533,0.0010892,0.0010892,0.0010892
692,7489.67,2.03316,0.54565,0.81885,0.82313,0.62122,0.73326,0.42861,1.86602,0.50552,0.80603,0.00108788,0.00108788,0.00108788
693,7500.58,1.97243,0.54335,0.81445,0.82089,0.62356,0.73393,0.42806,1.89249,0.51336,0.80666,0.00108656,0.00108656,0.00108656
694,7511.21,1.88118,0.52993,0.8156,0.81637,0.62562,0.73197,0.42228,1.92057,0.51894,0.80736,0.00108524,0.00108524,0.00108524
695,7521.95,1.93619,0.53607,0.81347,0.82149,0.62878,0.73583,0.43221,1.87332,0.51619,0.80651,0.00108392,0.00108392,0.00108392
696,7532.85,1.94282,0.53987,0.81498,0.82517,0.63207,0.7404,0.43534,1.8571,0.51355,0.80518,0.0010826,0.0010826,0.0010826
697,7543.59,1.95064,0.54006,0.8202,0.83082,0.63037,0.74436,0.4362,1.86878,0.51333,0.80475,0.00108128,0.00108128,0.00108128
698,7554.67,1.98769,0.54876,0.81324,0.82472,0.62595,0.74228,0.43928,1.84499,0.50763,0.80475,0.00107996,0.00107996,0.00107996
699,7566.1,1.95961,0.54447,0.81465,0.81369,0.62356,0.73733,0.43452,1.86172,0.51163,0.80465,0.00107864,0.00107864,0.00107864
700,7576.68,1.98626,0.54619,0.81754,0.81229,0.62342,0.73414,0.43089,1.86822,0.51021,0.80434,0.00107732,0.00107732,0.00107732
701,7587.47,1.98097,0.54459,0.81856,0.81552,0.62026,0.73162,0.43043,1.87056,0.51419,0.80455,0.001076,0.001076,0.001076
702,7598.16,1.86324,0.52884,0.82326,0.82227,0.632,0.73782,0.43278,1.85238,0.51134,0.80441,0.00107468,0.00107468,0.00107468
703,7608.99,1.97211,0.55018,0.81308,0.82147,0.63344,0.74176,0.43412,1.88098,0.50959,0.80616,0.00107336,0.00107336,0.00107336
704,7619.54,1.97736,0.54657,0.81456,0.82195,0.62616,0.74023,0.43004,1.88709,0.51113,0.80624,0.00107204,0.00107204,0.00107204
705,7630.38,1.95472,0.54221,0.81186,0.82671,0.6193,0.736,0.4337,1.87177,0.50882,0.80568,0.00107072,0.00107072,0.00107072
706,7641.28,1.96813,0.5438,0.8147,0.82347,0.61927,0.73397,0.42936,1.89678,0.51385,0.80623,0.0010694,0.0010694,0.0010694
707,7652.21,2.0286,0.54873,0.8152,0.82402,0.61841,0.73443,0.42513,1.92588,0.51661,0.80609,0.00106808,0.00106808,0.00106808
708,7662.74,1.97882,0.5439,0.81677,0.82729,0.62864,0.74166,0.43545,1.87369,0.50509,0.8052,0.00106676,0.00106676,0.00106676
709,7673.74,2.08406,0.5594,0.81803,0.83263,0.62697,0.74443,0.43842,1.87822,0.51039,0.80514,0.00106544,0.00106544,0.00106544
710,7684.43,1.9624,0.54377,0.81669,0.8283,0.62177,0.74012,0.43512,1.88191,0.51277,0.80476,0.00106412,0.00106412,0.00106412
711,7695.46,2.0647,0.55759,0.81758,0.82623,0.62273,0.73549,0.42651,1.91441,0.51427,0.805,0.0010628,0.0010628,0.0010628
712,7706.07,1.94167,0.54278,0.82009,0.8232,0.6226,0.73368,0.43539,1.83586,0.50219,0.80356,0.00106148,0.00106148,0.00106148
713,7716.88,1.98841,0.54372,0.81321,0.81311,0.62177,0.73103,0.42643,1.89226,0.50957,0.80488,0.00106016,0.00106016,0.00106016
714,7727.51,1.93908,0.53168,0.81632,0.81753,0.62122,0.73218,0.42715,1.89391,0.50832,0.80509,0.00105884,0.00105884,0.00105884
715,7738.43,1.96652,0.53537,0.81907,0.83054,0.62574,0.74176,0.43925,1.84389,0.50064,0.80409,0.00105752,0.00105752,0.00105752
716,7749.16,1.90252,0.52287,0.81563,0.83173,0.62432,0.74265,0.44075,1.82542,0.49723,0.80348,0.0010562,0.0010562,0.0010562
717,7760.22,1.91602,0.53258,0.81432,0.83016,0.62876,0.74329,0.43357,1.88182,0.50649,0.80468,0.00105488,0.00105488,0.00105488
718,7771.03,1.99766,0.53998,0.81609,0.82688,0.63111,0.7432,0.4356,1.8627,0.50396,0.80416,0.00105356,0.00105356,0.00105356
719,7782.03,1.92363,0.52896,0.81331,0.81767,0.63399,0.74302,0.43968,1.81777,0.49491,0.80256,0.00105224,0.00105224,0.00105224
720,7792.85,1.94658,0.53258,0.81719,0.81975,0.63358,0.74314,0.44287,1.80102,0.49393,0.80229,0.00105092,0.00105092,0.00105092
721,7804.12,1.8935,0.52639,0.81441,0.81858,0.63262,0.74416,0.43728,1.87174,0.50154,0.80379,0.0010496,0.0010496,0.0010496
722,7814.86,1.90099,0.53083,0.81511,0.82614,0.63591,0.74701,0.44264,1.84122,0.49726,0.8034,0.00104828,0.00104828,0.00104828
723,7826.22,1.92982,0.53475,0.81019,0.82922,0.62394,0.74011,0.43711,1.85327,0.50416,0.80322,0.00104696,0.00104696,0.00104696
724,7837.1,1.97008,0.53985,0.81447,0.82511,0.62244,0.73658,0.43199,1.87446,0.50572,0.8033,0.00104564,0.00104564,0.00104564
725,7848.05,1.9937,0.53643,0.81571,0.82644,0.63215,0.74204,0.43578,1.87413,0.50498,0.80342,0.00104432,0.00104432,0.00104432
726,7858.7,1.97264,0.5384,0.81716,0.82649,0.63166,0.74195,0.43891,1.86149,0.50164,0.80357,0.001043,0.001043,0.001043
727,7869.56,1.96683,0.53706,0.81703,0.83313,0.63056,0.74093,0.43798,1.84889,0.50615,0.80468,0.00104168,0.00104168,0.00104168
728,7880.31,1.9725,0.5401,0.81366,0.83135,0.62869,0.73864,0.43668,1.84886,0.50795,0.80442,0.00104036,0.00104036,0.00104036
729,7891.29,1.98758,0.54497,0.81763,0.82593,0.61885,0.7339,0.42891,1.88115,0.51355,0.80413,0.00103904,0.00103904,0.00103904
730,7902.2,1.91548,0.52909,0.81523,0.82732,0.62987,0.7402,0.4352,1.85926,0.5084,0.80357,0.00103772,0.00103772,0.00103772
731,7913.08,2.00037,0.54979,0.81354,0.83582,0.6355,0.74786,0.43953,1.86121,0.50182,0.80327,0.0010364,0.0010364,0.0010364
732,7923.77,1.88433,0.51983,0.81321,0.83617,0.63097,0.74766,0.44576,1.83752,0.49688,0.80295,0.00103508,0.00103508,0.00103508
733,7935.01,1.89738,0.52807,0.81321,0.83815,0.62065,0.74184,0.44259,1.8505,0.5025,0.80511,0.00103376,0.00103376,0.00103376
734,7945.5,1.89245,0.52874,0.81631,0.83774,0.62306,0.74358,0.4422,1.84556,0.50035,0.80519,0.00103244,0.00103244,0.00103244
735,7956.4,1.94307,0.53564,0.81481,0.82552,0.63029,0.74104,0.44151,1.83935,0.49569,0.80445,0.00103112,0.00103112,0.00103112
736,7967.05,1.99826,0.5351,0.81356,0.82086,0.62974,0.7401,0.43958,1.84595,0.49601,0.80421,0.0010298,0.0010298,0.0010298
737,7977.95,1.86767,0.52833,0.81451,0.8192,0.63136,0.73769,0.43773,1.83667,0.49793,0.80453,0.00102848,0.00102848,0.00102848
738,7988.52,1.94142,0.5363,0.80886,0.82686,0.63303,0.74101,0.43907,1.83165,0.49914,0.8046,0.00102716,0.00102716,0.00102716
739,7999.37,1.8969,0.53049,0.81819,0.83785,0.63488,0.74679,0.4393,1.84993,0.50337,0.80527,0.00102584,0.00102584,0.00102584
740,8010.25,1.9477,0.5355,0.8159,0.83325,0.63289,0.74492,0.44008,1.85358,0.50033,0.80485,0.00102452,0.00102452,0.00102452
741,8021.28,1.9629,0.54084,0.81541,0.81655,0.62013,0.73502,0.43051,1.91663,0.5099,0.80478,0.0010232,0.0010232,0.0010232
742,8032.18,2.01598,0.54537,0.8173,0.81973,0.62301,0.73727,0.43363,1.89813,0.50761,0.80455,0.00102188,0.00102188,0.00102188
743,8043.16,2.01872,0.54703,0.81618,0.83382,0.63015,0.74349,0.43054,1.90805,0.50914,0.80501,0.00102056,0.00102056,0.00102056
744,8053.89,2.03263,0.55567,0.8138,0.83379,0.62466,0.74031,0.43253,1.90417,0.51163,0.8053,0.00101924,0.00101924,0.00101924
745,8064.95,1.96516,0.54335,0.81336,0.81773,0.60853,0.72821,0.42022,1.93894,0.51917,0.80519,0.00101792,0.00101792,0.00101792
746,8075.47,1.96331,0.53718,0.81191,0.81144,0.61189,0.72782,0.42474,1.90339,0.51062,0.80432,0.0010166,0.0010166,0.0010166
747,8086.37,1.9256,0.53892,0.81473,0.81543,0.62781,0.73432,0.43188,1.86881,0.50732,0.80343,0.00101528,0.00101528,0.00101528
748,8097.27,1.86923,0.52685,0.8117,0.81139,0.63076,0.7362,0.43267,1.88498,0.50758,0.80417,0.00101396,0.00101396,0.00101396
749,8108.03,1.96085,0.53354,0.81631,0.8248,0.63404,0.74727,0.44719,1.81439,0.49562,0.80315,0.00101264,0.00101264,0.00101264
750,8119.1,1.88864,0.53338,0.81636,0.83105,0.64085,0.75074,0.44878,1.80918,0.49273,0.80319,0.00101132,0.00101132,0.00101132
751,8130.47,1.92953,0.5319,0.81364,0.82011,0.63214,0.74125,0.44071,1.84131,0.49366,0.80347,0.00101,0.00101,0.00101
752,8141.3,1.94737,0.53594,0.81379,0.81925,0.63015,0.74044,0.4415,1.82389,0.49159,0.80358,0.00100868,0.00100868,0.00100868
753,8152.2,1.85532,0.5167,0.81463,0.82733,0.62603,0.7425,0.44293,1.82616,0.49288,0.80435,0.00100736,0.00100736,0.00100736
754,8162.59,1.84534,0.51071,0.81431,0.83109,0.6204,0.74272,0.44527,1.82257,0.49699,0.80503,0.00100604,0.00100604,0.00100604
755,8173.52,1.99822,0.53975,0.81366,0.83043,0.62863,0.74868,0.44267,1.857,0.50089,0.80467,0.00100472,0.00100472,0.00100472
756,8184.03,1.92685,0.53628,0.81621,0.82998,0.63537,0.75079,0.44586,1.84064,0.49712,0.80404,0.0010034,0.0010034,0.0010034
757,8195.09,1.87127,0.51969,0.81489,0.82657,0.63193,0.74549,0.44309,1.83051,0.49444,0.80344,0.00100208,0.00100208,0.00100208
758,8205.93,1.84741,0.51771,0.81485,0.82905,0.62783,0.74435,0.44339,1.81623,0.49324,0.80318,0.00100076,0.00100076,0.00100076
759,8216.77,1.94296,0.52997,0.81378,0.82115,0.63097,0.74073,0.43965,1.8422,0.49589,0.80381,0.00099944,0.00099944,0.00099944
760,8227.44,1.8792,0.5242,0.81261,0.81717,0.62987,0.73784,0.43619,1.86948,0.4996,0.80474,0.00099812,0.00099812,0.00099812
761,8238.41,1.91289,0.53543,0.81645,0.8203,0.62919,0.73967,0.44014,1.81605,0.49303,0.80362,0.0009968,0.0009968,0.0009968
762,8249.36,1.99179,0.53742,0.81216,0.82604,0.6263,0.7407,0.44129,1.80497,0.49425,0.80326,0.00099548,0.00099548,0.00099548
763,8260.3,1.92355,0.52975,0.81315,0.8232,0.63217,0.7412,0.44016,1.82672,0.49774,0.80327,0.00099416,0.00099416,0.00099416
764,8271.04,1.88562,0.52754,0.81922,0.8222,0.63482,0.74262,0.43728,1.83934,0.49866,0.80314,0.00099284,0.00099284,0.00099284
765,8281.84,1.82859,0.50791,0.81123,0.82976,0.63433,0.74606,0.44712,1.7925,0.48985,0.80247,0.00099152,0.00099152,0.00099152
766,8292.59,1.86354,0.51952,0.81295,0.83463,0.63331,0.74909,0.45022,1.78698,0.48983,0.80248,0.0009902,0.0009902,0.0009902
767,8303.83,1.86917,0.52213,0.80983,0.83551,0.63248,0.74811,0.4463,1.80527,0.48838,0.80313,0.00098888,0.00098888,0.00098888
768,8314.65,1.91916,0.52592,0.81487,0.83479,0.63475,0.74794,0.44361,1.82071,0.49179,0.80328,0.00098756,0.00098756,0.00098756
769,8325.53,1.89476,0.52394,0.80985,0.8368,0.62974,0.75,0.44932,1.80587,0.49332,0.80283,0.00098624,0.00098624,0.00098624
770,8336.27,1.8639,0.52022,0.81619,0.83524,0.63166,0.75048,0.45038,1.81595,0.49569,0.80293,0.00098492,0.00098492,0.00098492
771,8347.56,1.92594,0.5276,0.8134,0.82772,0.63454,0.74936,0.44611,1.84364,0.50177,0.8029,0.0009836,0.0009836,0.0009836
772,8358.56,1.93107,0.52966,0.81114,0.82433,0.63198,0.74736,0.44209,1.85501,0.50447,0.80269,0.00098228,0.00098228,0.00098228
773,8369.2,1.84217,0.51487,0.8118,0.82625,0.63262,0.74862,0.44368,1.83208,0.49625,0.80375,0.00098096,0.00098096,0.00098096
774,8379.64,1.83935,0.52236,0.81658,0.82845,0.63413,0.75112,0.441,1.8667,0.49958,0.8049,0.00097964,0.00097964,0.00097964
775,8390.31,1.86082,0.52273,0.81743,0.82631,0.62507,0.74325,0.43667,1.89296,0.50704,0.80516,0.00097832,0.00097832,0.00097832
776,8401,1.90762,0.53255,0.82,0.82834,0.63069,0.74696,0.44029,1.86225,0.50169,0.80423,0.000977,0.000977,0.000977
777,8411.91,1.97373,0.54009,0.81251,0.82458,0.63125,0.74571,0.43856,1.87106,0.50619,0.80373,0.00097568,0.00097568,0.00097568
778,8422.55,2.0017,0.54289,0.81552,0.82896,0.63275,0.74753,0.44232,1.84477,0.50384,0.80321,0.00097436,0.00097436,0.00097436
779,8433.46,1.94671,0.54149,0.82392,0.84101,0.62795,0.74416,0.43966,1.83431,0.50515,0.80386,0.00097304,0.00097304,0.00097304
780,8444.22,1.97283,0.53988,0.81429,0.84348,0.62219,0.74275,0.44095,1.84214,0.50607,0.80403,0.00097172,0.00097172,0.00097172
781,8455,1.95106,0.53556,0.81321,0.82811,0.61707,0.73592,0.43245,1.8631,0.51212,0.80391,0.0009704,0.0009704,0.0009704
782,8465.71,1.94722,0.53253,0.81394,0.82941,0.62544,0.74027,0.436,1.83589,0.50494,0.80315,0.00096908,0.00096908,0.00096908
783,8476.62,1.97404,0.53648,0.8128,0.83352,0.62617,0.74128,0.43425,1.84751,0.50528,0.80368,0.00096776,0.00096776,0.00096776
784,8487.51,1.92767,0.53008,0.80981,0.82644,0.62534,0.73796,0.43174,1.88207,0.50776,0.80428,0.00096644,0.00096644,0.00096644
785,8498.3,1.86106,0.52088,0.81746,0.83304,0.62809,0.74155,0.4365,1.8578,0.49903,0.80353,0.00096512,0.00096512,0.00096512
786,8508.99,1.88001,0.52138,0.81231,0.82776,0.62615,0.739,0.43831,1.83925,0.4954,0.80268,0.0009638,0.0009638,0.0009638
787,8519.91,1.90623,0.52844,0.81623,0.82666,0.62493,0.7394,0.43878,1.83267,0.49662,0.80284,0.00096248,0.00096248,0.00096248
788,8530.88,1.87583,0.52201,0.81256,0.82704,0.62956,0.74323,0.44039,1.82593,0.49545,0.80239,0.00096116,0.00096116,0.00096116
789,8541.67,1.84194,0.51361,0.81087,0.82336,0.63097,0.74308,0.44119,1.82083,0.49883,0.80151,0.00095984,0.00095984,0.00095984
790,8552.29,1.88247,0.5204,0.8144,0.82957,0.6315,0.74661,0.44319,1.81087,0.49519,0.80228,0.00095852,0.00095852,0.00095852
791,8563.18,1.82197,0.51533,0.8114,0.83153,0.62713,0.74453,0.44644,1.8064,0.49104,0.80286,0.0009572,0.0009572,0.0009572
792,8573.85,1.92525,0.52675,0.81091,0.82922,0.63125,0.74363,0.4458,1.79082,0.48839,0.80213,0.00095588,0.00095588,0.00095588
793,8584.67,1.92534,0.53166,0.81027,0.8239,0.63139,0.74289,0.44331,1.81126,0.4902,0.80239,0.00095456,0.00095456,0.00095456
794,8595.55,1.9147,0.527,0.81744,0.82627,0.63335,0.746,0.44491,1.81555,0.49176,0.80245,0.00095324,0.00095324,0.00095324
795,8606.56,1.94995,0.53994,0.81456,0.82849,0.63386,0.74821,0.44469,1.83793,0.49736,0.80276,0.00095192,0.00095192,0.00095192
796,8617.28,1.87014,0.52241,0.81303,0.81921,0.62273,0.73808,0.43862,1.85324,0.50139,0.80283,0.0009506,0.0009506,0.0009506
797,8628.15,1.98146,0.53417,0.81667,0.81736,0.6156,0.73178,0.42778,1.89889,0.51137,0.80345,0.00094928,0.00094928,0.00094928
798,8638.73,1.90878,0.52807,0.81413,0.82002,0.62672,0.73754,0.43668,1.84605,0.5011,0.80244,0.00094796,0.00094796,0.00094796
799,8649.7,1.9841,0.53878,0.81843,0.82373,0.62679,0.73454,0.4279,1.88435,0.51231,0.80383,0.00094664,0.00094664,0.00094664
800,8660.52,2.00292,0.55286,0.81506,0.81426,0.61326,0.72539,0.41938,1.93766,0.52577,0.80406,0.00094532,0.00094532,0.00094532
801,8671.52,2.05227,0.54998,0.8149,0.81385,0.61584,0.7295,0.41794,1.97199,0.53,0.80526,0.000944,0.000944,0.000944
802,8682.42,1.99805,0.54337,0.81558,0.82787,0.62594,0.73808,0.43454,1.85121,0.50251,0.80344,0.00094268,0.00094268,0.00094268
803,8693.42,1.97613,0.5417,0.8161,0.82535,0.62795,0.73631,0.43092,1.84279,0.50117,0.80452,0.00094136,0.00094136,0.00094136
804,8703.97,2.01849,0.55076,0.8152,0.82511,0.62892,0.73923,0.43972,1.81899,0.49664,0.80312,0.00094004,0.00094004,0.00094004
805,8715.15,1.88463,0.52548,0.81808,0.81376,0.62315,0.73539,0.42906,1.89227,0.50728,0.80359,0.00093872,0.00093872,0.00093872
806,8725.87,1.92062,0.52753,0.81477,0.8167,0.62891,0.73811,0.43508,1.8577,0.49909,0.80323,0.0009374,0.0009374,0.0009374
807,8736.57,1.91164,0.53158,0.81053,0.82905,0.62891,0.74097,0.44052,1.84175,0.49746,0.80233,0.00093608,0.00093608,0.00093608
808,8747.24,1.91378,0.53043,0.81334,0.8224,0.62177,0.73659,0.43367,1.87724,0.50551,0.80318,0.00093476,0.00093476,0.00093476
809,8757.99,1.88175,0.52157,0.81375,0.81307,0.63083,0.7365,0.43704,1.83543,0.50047,0.8028,0.00093344,0.00093344,0.00093344
810,8768.79,1.87837,0.5228,0.81135,0.8156,0.62836,0.73587,0.441,1.81206,0.49463,0.8023,0.00093212,0.00093212,0.00093212
811,8779.6,1.89992,0.52556,0.81344,0.81305,0.62095,0.73289,0.43464,1.83564,0.49751,0.8034,0.0009308,0.0009308,0.0009308
812,8790.28,1.8979,0.52767,0.81438,0.82783,0.61588,0.73434,0.43927,1.81338,0.49227,0.80347,0.00092948,0.00092948,0.00092948
813,8801.21,1.81796,0.51454,0.8193,0.83169,0.62413,0.74169,0.44383,1.80103,0.48579,0.80303,0.00092816,0.00092816,0.00092816
814,8812.21,1.91913,0.52492,0.81183,0.82783,0.62246,0.73913,0.43984,1.82483,0.49418,0.80339,0.00092684,0.00092684,0.00092684
815,8823.29,1.86528,0.51324,0.80994,0.83471,0.62932,0.74383,0.44359,1.80643,0.49005,0.80231,0.00092552,0.00092552,0.00092552
816,8833.92,1.89196,0.52342,0.80827,0.83317,0.63729,0.74805,0.44654,1.79907,0.4917,0.80227,0.0009242,0.0009242,0.0009242
817,8844.86,1.90998,0.52218,0.81114,0.83602,0.6274,0.74444,0.44259,1.8368,0.49392,0.80251,0.00092288,0.00092288,0.00092288
818,8855.65,1.85498,0.51521,0.81066,0.83287,0.62521,0.74193,0.44363,1.822,0.49,0.802,0.00092156,0.00092156,0.00092156
819,8866.59,1.91402,0.52913,0.81917,0.82845,0.62164,0.73567,0.44284,1.78375,0.48582,0.80173,0.00092024,0.00092024,0.00092024
820,8877.48,1.95591,0.52978,0.8102,0.82778,0.62095,0.73516,0.43725,1.82153,0.49109,0.80254,0.00091892,0.00091892,0.00091892
821,8888.28,1.8703,0.51905,0.81582,0.83747,0.63482,0.74829,0.44392,1.80953,0.49141,0.80229,0.0009176,0.0009176,0.0009176
822,8899.04,1.9596,0.53857,0.80773,0.83484,0.63948,0.75035,0.4483,1.80048,0.48873,0.80222,0.00091628,0.00091628,0.00091628
823,8909.85,1.85629,0.52308,0.81543,0.84073,0.63194,0.75334,0.44944,1.82377,0.4897,0.80308,0.00091496,0.00091496,0.00091496
824,8920.57,1.96652,0.53949,0.81589,0.84336,0.63346,0.7554,0.45062,1.83166,0.4907,0.80339,0.00091364,0.00091364,0.00091364
825,8931.91,1.84032,0.5124,0.81418,0.8314,0.63509,0.75023,0.44607,1.82999,0.48807,0.80316,0.00091232,0.00091232,0.00091232
826,8942.56,1.79502,0.50165,0.81303,0.8324,0.63468,0.7496,0.44495,1.83132,0.48877,0.803,0.000911,0.000911,0.000911
827,8953.42,1.94203,0.53085,0.80996,0.83214,0.62818,0.74623,0.44978,1.79178,0.49124,0.80226,0.00090968,0.00090968,0.00090968
828,8964.26,1.86421,0.51863,0.815,0.8282,0.62493,0.74625,0.44751,1.80958,0.49523,0.80249,0.00090836,0.00090836,0.00090836
829,8975.17,1.8707,0.51715,0.81456,0.82984,0.63338,0.74796,0.44524,1.79697,0.49002,0.80174,0.00090704,0.00090704,0.00090704
830,8985.78,1.96083,0.53711,0.81411,0.82918,0.63111,0.74499,0.437,1.8332,0.49781,0.80243,0.00090572,0.00090572,0.00090572
831,8997.03,1.93337,0.53525,0.81226,0.83232,0.61944,0.73864,0.43946,1.82145,0.49313,0.80248,0.0009044,0.0009044,0.0009044
832,9007.8,1.90174,0.52968,0.81463,0.82573,0.61505,0.73654,0.43864,1.82614,0.49485,0.8028,0.00090308,0.00090308,0.00090308
833,9018.72,1.91015,0.52828,0.8097,0.82608,0.62534,0.74214,0.44565,1.78622,0.48679,0.80197,0.00090176,0.00090176,0.00090176
834,9029.48,1.87966,0.52026,0.80861,0.82527,0.62836,0.74254,0.44332,1.80539,0.48968,0.80159,0.00090044,0.00090044,0.00090044
835,9040.35,1.88911,0.51912,0.81001,0.82352,0.63042,0.74244,0.4469,1.78752,0.48587,0.8013,0.00089912,0.00089912,0.00089912
836,9050.91,1.81688,0.50943,0.8138,0.83682,0.63502,0.74809,0.44933,1.78198,0.48312,0.80142,0.0008978,0.0008978,0.0008978
837,9061.76,1.83606,0.50898,0.81336,0.83656,0.63523,0.74812,0.44652,1.79785,0.48745,0.80193,0.00089648,0.00089648,0.00089648
838,9072.59,1.82674,0.51492,0.81553,0.83522,0.6367,0.75043,0.45055,1.7808,0.48288,0.8015,0.00089516,0.00089516,0.00089516
839,9083.41,1.86185,0.51375,0.8095,0.82881,0.62891,0.74763,0.44793,1.81363,0.48921,0.80182,0.00089384,0.00089384,0.00089384
840,9093.77,1.88493,0.51818,0.81177,0.82968,0.62589,0.74556,0.44692,1.80324,0.49018,0.80177,0.00089252,0.00089252,0.00089252
841,9104.55,1.87273,0.52352,0.8123,0.83721,0.63332,0.74937,0.45262,1.75476,0.48266,0.80081,0.0008912,0.0008912,0.0008912
842,9115.78,1.8321,0.51043,0.81129,0.83668,0.63276,0.75108,0.45291,1.75903,0.48525,0.80108,0.00088988,0.00088988,0.00088988
843,9127.12,1.75077,0.50304,0.81404,0.84159,0.63454,0.75325,0.45453,1.76998,0.48574,0.80126,0.00088856,0.00088856,0.00088856
844,9138.1,1.88196,0.51599,0.81047,0.84202,0.6322,0.75378,0.45487,1.78398,0.48507,0.80203,0.00088724,0.00088724,0.00088724
845,9149.31,1.88058,0.51603,0.81165,0.83276,0.62413,0.75066,0.45392,1.78857,0.48738,0.80221,0.00088592,0.00088592,0.00088592
846,9159.77,1.75806,0.50284,0.81276,0.8266,0.62762,0.74911,0.45052,1.80537,0.4881,0.80193,0.0008846,0.0008846,0.0008846
847,9170.76,1.88175,0.52116,0.81027,0.82672,0.63535,0.74936,0.45218,1.79055,0.48456,0.80144,0.00088328,0.00088328,0.00088328
848,9181.52,1.85116,0.50477,0.81193,0.82733,0.63344,0.74876,0.45313,1.77907,0.48234,0.8012,0.00088196,0.00088196,0.00088196
849,9192.55,1.89229,0.52073,0.81416,0.83114,0.6377,0.74831,0.45035,1.79116,0.4861,0.8013,0.00088064,0.00088064,0.00088064
850,9203.37,1.83088,0.51184,0.81514,0.83564,0.63519,0.74906,0.44867,1.7922,0.48725,0.80132,0.00087932,0.00087932,0.00087932
851,9214.27,1.81277,0.50102,0.80958,0.83042,0.63866,0.74996,0.45324,1.76883,0.48198,0.80058,0.000878,0.000878,0.000878
852,9225.13,1.89167,0.51823,0.81284,0.83275,0.64058,0.75278,0.4527,1.7596,0.48118,0.80077,0.00087668,0.00087668,0.00087668
853,9236.24,1.90852,0.52396,0.81236,0.83947,0.62605,0.74886,0.45174,1.787,0.48748,0.80161,0.00087536,0.00087536,0.00087536
854,9247.08,1.87179,0.51388,0.81131,0.84256,0.62672,0.74895,0.4512,1.78106,0.48993,0.80185,0.00087404,0.00087404,0.00087404
855,9258,1.83478,0.51666,0.81232,0.83003,0.63221,0.7475,0.45081,1.78405,0.48722,0.80113,0.00087272,0.00087272,0.00087272
856,9268.9,1.92764,0.52583,0.81048,0.8303,0.63729,0.75099,0.45269,1.77395,0.48374,0.80134,0.0008714,0.0008714,0.0008714
857,9279.64,1.91504,0.52466,0.81182,0.83174,0.63317,0.75165,0.45276,1.78538,0.48699,0.80211,0.00087008,0.00087008,0.00087008
858,9290.31,1.80671,0.50984,0.80926,0.83071,0.62987,0.75011,0.45022,1.79142,0.49128,0.80246,0.00086876,0.00086876,0.00086876
859,9301.13,1.79121,0.49896,0.81293,0.83089,0.63069,0.74743,0.45173,1.77494,0.48211,0.80188,0.00086744,0.00086744,0.00086744
860,9311.78,1.85228,0.51401,0.81057,0.83235,0.63186,0.74904,0.45273,1.76935,0.48091,0.80132,0.00086612,0.00086612,0.00086612
861,9322.32,1.75867,0.50559,0.81741,0.8373,0.64011,0.75335,0.45172,1.77736,0.48254,0.80082,0.0008648,0.0008648,0.0008648
862,9333.13,1.84246,0.50803,0.80838,0.82538,0.6392,0.74868,0.44908,1.78015,0.48693,0.80059,0.00086348,0.00086348,0.00086348
863,9343.9,1.83069,0.51652,0.81505,0.82089,0.63852,0.74502,0.43972,1.83327,0.50495,0.80214,0.00086216,0.00086216,0.00086216
864,9354.82,1.81889,0.51076,0.81119,0.82004,0.63207,0.74325,0.43622,1.87244,0.5107,0.80372,0.00086084,0.00086084,0.00086084
865,9365.75,1.84206,0.51914,0.81436,0.82507,0.62097,0.74356,0.43629,1.87778,0.50864,0.80468,0.00085952,0.00085952,0.00085952
866,9376.3,1.90012,0.52266,0.81519,0.8312,0.62666,0.74927,0.44745,1.82533,0.49855,0.80312,0.0008582,0.0008582,0.0008582
867,9386.99,1.82517,0.51165,0.81528,0.83471,0.63976,0.75325,0.44575,1.82804,0.49281,0.80188,0.00085688,0.00085688,0.00085688
868,9397.84,1.92215,0.52478,0.81249,0.82721,0.63948,0.75041,0.44382,1.83491,0.49517,0.80251,0.00085556,0.00085556,0.00085556
869,9408.95,1.94083,0.53079,0.81164,0.8214,0.63709,0.7501,0.44818,1.80676,0.49205,0.8018,0.00085424,0.00085424,0.00085424
870,9419.74,1.8679,0.51901,0.81318,0.82835,0.64132,0.75301,0.44994,1.79548,0.49241,0.80118,0.00085292,0.00085292,0.00085292
871,9430.6,1.89004,0.52113,0.80913,0.83071,0.63528,0.75051,0.44736,1.80864,0.48757,0.80204,0.0008516,0.0008516,0.0008516
872,9441.41,1.81689,0.51188,0.81482,0.82666,0.63246,0.74705,0.44459,1.81535,0.48712,0.80227,0.00085028,0.00085028,0.00085028
873,9452.4,1.95444,0.52938,0.80978,0.82519,0.6377,0.74685,0.44853,1.78744,0.48449,0.80234,0.00084896,0.00084896,0.00084896
874,9463.25,1.85017,0.51348,0.80733,0.82841,0.63413,0.74649,0.44794,1.79503,0.48404,0.8024,0.00084764,0.00084764,0.00084764
875,9474.22,1.90176,0.51975,0.80999,0.82532,0.61944,0.7411,0.44075,1.8573,0.49723,0.8027,0.00084632,0.00084632,0.00084632
876,9485.01,1.91988,0.52171,0.81184,0.82452,0.6296,0.74522,0.447,1.81914,0.49011,0.80197,0.000845,0.000845,0.000845
877,9495.84,1.85621,0.5164,0.81718,0.83003,0.64292,0.75268,0.45069,1.78266,0.48257,0.8012,0.00084368,0.00084368,0.00084368
878,9506.63,1.89072,0.51531,0.81131,0.82891,0.64388,0.7522,0.45098,1.78943,0.48388,0.80091,0.00084236,0.00084236,0.00084236
879,9517.63,1.88049,0.51459,0.81584,0.82973,0.63287,0.74992,0.45068,1.80173,0.4857,0.80242,0.00084104,0.00084104,0.00084104
880,9528.12,1.78846,0.50031,0.81066,0.8351,0.63413,0.7534,0.45584,1.76703,0.47991,0.80237,0.00083972,0.00083972,0.00083972
881,9539.35,1.83383,0.50612,0.81297,0.84039,0.63605,0.75495,0.45677,1.77106,0.48187,0.80293,0.0008384,0.0008384,0.0008384
882,9550.39,1.86166,0.51364,0.81072,0.83661,0.6355,0.75313,0.45302,1.78951,0.48379,0.80246,0.00083708,0.00083708,0.00083708
883,9561.25,1.89195,0.51926,0.8139,0.83263,0.6366,0.74979,0.4494,1.79913,0.48526,0.80133,0.00083576,0.00083576,0.00083576
884,9572.07,1.79654,0.50104,0.81027,0.82999,0.63671,0.74884,0.45012,1.78741,0.48486,0.80152,0.00083444,0.00083444,0.00083444
885,9582.96,1.91653,0.51496,0.81037,0.82619,0.63171,0.74804,0.45173,1.7812,0.49033,0.80174,0.00083312,0.00083312,0.00083312
886,9593.55,1.94561,0.5293,0.80812,0.82534,0.62919,0.74719,0.45117,1.79094,0.49221,0.80177,0.0008318,0.0008318,0.0008318
887,9604.56,1.88409,0.51769,0.81088,0.82733,0.62424,0.74578,0.44854,1.80538,0.49128,0.80152,0.00083048,0.00083048,0.00083048
888,9615.3,1.83953,0.51252,0.81375,0.83448,0.62846,0.75052,0.45298,1.78923,0.48662,0.80123,0.00082916,0.00082916,0.00082916
889,9626.21,1.86427,0.51388,0.80897,0.83655,0.63096,0.75162,0.45471,1.79237,0.4861,0.80152,0.00082784,0.00082784,0.00082784
890,9637.05,1.81249,0.50529,0.81491,0.83592,0.63087,0.75057,0.45201,1.80185,0.49022,0.80162,0.00082652,0.00082652,0.00082652
891,9648.08,1.88426,0.50883,0.80752,0.82993,0.62437,0.74403,0.44381,1.81257,0.49589,0.80146,0.0008252,0.0008252,0.0008252
892,9658.8,1.85049,0.51597,0.81144,0.82922,0.62328,0.74211,0.44317,1.81055,0.49665,0.80131,0.00082388,0.00082388,0.00082388
893,9669.73,1.89208,0.51739,0.81327,0.83407,0.6285,0.74435,0.44891,1.77572,0.48834,0.80158,0.00082256,0.00082256,0.00082256
894,9680.53,1.85947,0.51527,0.80933,0.83425,0.62699,0.74512,0.44657,1.80601,0.49152,0.80198,0.00082124,0.00082124,0.00082124
895,9691.39,1.77771,0.50581,0.81291,0.83733,0.6366,0.7536,0.4515,1.79742,0.48757,0.80175,0.00081992,0.00081992,0.00081992
896,9701.92,1.7991,0.49834,0.81587,0.83512,0.64044,0.75624,0.45436,1.78596,0.48638,0.80175,0.0008186,0.0008186,0.0008186
897,9712.87,1.81776,0.50264,0.80938,0.83268,0.64084,0.75514,0.45572,1.76838,0.48263,0.80129,0.00081728,0.00081728,0.00081728
898,9723.6,1.83577,0.50974,0.81042,0.83102,0.63329,0.74955,0.45234,1.77414,0.48416,0.80158,0.00081596,0.00081596,0.00081596
899,9734.44,1.87662,0.51348,0.81135,0.82934,0.63166,0.74597,0.4486,1.78397,0.4858,0.80198,0.00081464,0.00081464,0.00081464
900,9745.09,1.79087,0.50049,0.80876,0.823,0.6294,0.74363,0.44964,1.7807,0.48657,0.80202,0.00081332,0.00081332,0.00081332
901,9755.87,1.7814,0.5044,0.81212,0.83151,0.63348,0.74872,0.45119,1.78851,0.48994,0.80225,0.000812,0.000812,0.000812
902,9766.62,1.81885,0.49979,0.80801,0.83501,0.63495,0.75358,0.45292,1.78716,0.49025,0.80204,0.00081068,0.00081068,0.00081068
903,9777.53,1.9106,0.52043,0.80552,0.83455,0.62795,0.74851,0.45315,1.76222,0.48321,0.80107,0.00080936,0.00080936,0.00080936
904,9788.21,1.86867,0.51521,0.80768,0.83654,0.62919,0.74642,0.44874,1.7871,0.48625,0.80192,0.00080804,0.00080804,0.00080804
905,9799.17,1.80581,0.50841,0.81136,0.83881,0.6344,0.74711,0.44958,1.77632,0.48665,0.80136,0.00080672,0.00080672,0.00080672
906,9809.86,1.84272,0.5142,0.81268,0.8393,0.63887,0.75045,0.45442,1.75197,0.48005,0.80092,0.0008054,0.0008054,0.0008054
907,9820.77,1.89431,0.51617,0.80439,0.82979,0.63125,0.74352,0.44968,1.76644,0.48244,0.8013,0.00080408,0.00080408,0.00080408
908,9831.61,1.82317,0.50868,0.8054,0.8291,0.63141,0.74552,0.44802,1.79588,0.48653,0.80167,0.00080276,0.00080276,0.00080276
909,9842.33,1.80432,0.50231,0.81631,0.83464,0.62919,0.75032,0.45501,1.76974,0.48095,0.80151,0.00080144,0.00080144,0.00080144
910,9853.07,1.86695,0.51123,0.80611,0.83688,0.6325,0.75294,0.45857,1.7494,0.478,0.80107,0.00080012,0.00080012,0.00080012
911,9864.41,1.84467,0.51164,0.80735,0.82892,0.63852,0.75273,0.45538,1.76334,0.48315,0.80057,0.0007988,0.0007988,0.0007988
912,9874.97,1.85178,0.50986,0.80731,0.82658,0.63866,0.75137,0.44977,1.79297,0.48825,0.8014,0.00079748,0.00079748,0.00079748
913,9885.8,1.88539,0.51899,0.81116,0.82957,0.63817,0.74888,0.45579,1.7419,0.47918,0.80092,0.00079616,0.00079616,0.00079616
914,9896.61,1.91741,0.51769,0.81055,0.83757,0.64031,0.75297,0.45805,1.74697,0.47912,0.80074,0.00079484,0.00079484,0.00079484
915,9907.47,1.86601,0.51353,0.81658,0.83504,0.63866,0.75246,0.45196,1.79405,0.48569,0.80176,0.00079352,0.00079352,0.00079352
916,9918.33,1.94122,0.52578,0.80882,0.82637,0.63619,0.74821,0.44763,1.8183,0.48903,0.80213,0.0007922,0.0007922,0.0007922
917,9929.15,1.76509,0.49862,0.81308,0.82647,0.63317,0.74745,0.45369,1.76069,0.48092,0.80058,0.00079088,0.00079088,0.00079088
918,9939.99,1.82593,0.50013,0.81183,0.82994,0.63317,0.74904,0.45842,1.72728,0.47511,0.80025,0.00078956,0.00078956,0.00078956
919,9950.97,1.81671,0.50351,0.8118,0.82862,0.63193,0.75086,0.45714,1.75304,0.47804,0.80038,0.00078824,0.00078824,0.00078824
920,9961.81,1.93134,0.51864,0.80545,0.83389,0.63866,0.75603,0.45955,1.74698,0.47669,0.80039,0.00078692,0.00078692,0.00078692
921,9973.1,1.85841,0.50837,0.80867,0.83594,0.64358,0.75627,0.4599,1.73723,0.47484,0.8005,0.0007856,0.0007856,0.0007856
922,9984.34,1.88602,0.51188,0.8125,0.83247,0.64195,0.75431,0.45985,1.73895,0.477,0.80075,0.00078428,0.00078428,0.00078428
923,9995.21,1.77476,0.49951,0.81455,0.83556,0.63633,0.75268,0.45856,1.75656,0.48043,0.80096,0.00078296,0.00078296,0.00078296
924,10006,1.80945,0.49984,0.80993,0.83528,0.62932,0.7503,0.45791,1.75514,0.48112,0.80077,0.00078164,0.00078164,0.00078164
925,10017,1.7945,0.49685,0.81064,0.83908,0.62589,0.75199,0.4609,1.74048,0.47447,0.80023,0.00078032,0.00078032,0.00078032
926,10028.2,1.79852,0.50017,0.8096,0.83394,0.62672,0.75046,0.45756,1.75855,0.47499,0.80009,0.000779,0.000779,0.000779
927,10039,1.80972,0.50045,0.80922,0.82791,0.63138,0.75061,0.45699,1.76238,0.47395,0.80061,0.00077768,0.00077768,0.00077768
928,10049.8,1.83183,0.50272,0.80782,0.83111,0.63707,0.75339,0.45908,1.7605,0.47452,0.80061,0.00077636,0.00077636,0.00077636
929,10060.8,1.85646,0.5094,0.80654,0.83279,0.63221,0.75583,0.46104,1.773,0.48135,0.801,0.00077504,0.00077504,0.00077504
930,10072,1.82116,0.50329,0.80711,0.84319,0.63646,0.75978,0.46397,1.75373,0.48072,0.80094,0.00077372,0.00077372,0.00077372
931,10083.3,1.84545,0.50833,0.81149,0.84547,0.63015,0.75595,0.45958,1.76798,0.48552,0.80122,0.0007724,0.0007724,0.0007724
932,10094,1.86247,0.51556,0.81055,0.83985,0.62919,0.75321,0.45629,1.77627,0.48436,0.80141,0.00077108,0.00077108,0.00077108
933,10104.9,1.80922,0.50169,0.80753,0.83802,0.62548,0.74511,0.45388,1.76111,0.47931,0.80057,0.00076976,0.00076976,0.00076976
934,10115.5,1.80023,0.50177,0.81035,0.83136,0.63077,0.74559,0.45697,1.74342,0.47391,0.79996,0.00076844,0.00076844,0.00076844
935,10126.6,1.86778,0.51012,0.80705,0.83187,0.63442,0.74838,0.45365,1.77874,0.47988,0.8009,0.00076712,0.00076712,0.00076712
936,10137,1.77532,0.49521,0.80862,0.83285,0.63468,0.74843,0.45191,1.79062,0.48406,0.8013,0.0007658,0.0007658,0.0007658
937,10147.8,1.79177,0.49792,0.81149,0.82953,0.6353,0.74775,0.45234,1.77586,0.47853,0.80053,0.00076448,0.00076448,0.00076448
938,10158.7,1.80518,0.50293,0.81081,0.83368,0.63859,0.74799,0.45331,1.76792,0.47853,0.80036,0.00076316,0.00076316,0.00076316
939,10169.5,1.80276,0.50415,0.81214,0.84149,0.63335,0.75102,0.45662,1.75098,0.47556,0.8006,0.00076184,0.00076184,0.00076184
940,10180.3,1.93548,0.52123,0.80692,0.84209,0.6318,0.75089,0.45629,1.76249,0.47998,0.80049,0.00076052,0.00076052,0.00076052
941,10191.1,1.76089,0.49018,0.80971,0.84029,0.63839,0.75376,0.45575,1.74872,0.47933,0.80074,0.0007592,0.0007592,0.0007592
942,10201.7,1.73687,0.49065,0.80846,0.84186,0.63509,0.75326,0.45584,1.76304,0.47781,0.80053,0.00075788,0.00075788,0.00075788
943,10212.7,1.85397,0.50818,0.80684,0.83455,0.62342,0.74481,0.4507,1.77791,0.48065,0.80031,0.00075656,0.00075656,0.00075656
944,10223.4,1.7685,0.49439,0.80799,0.83538,0.62479,0.74621,0.45384,1.7674,0.4796,0.80075,0.00075524,0.00075524,0.00075524
945,10234.3,1.81979,0.50552,0.80668,0.8422,0.63276,0.75361,0.45858,1.78523,0.48179,0.80157,0.00075392,0.00075392,0.00075392
946,10245.1,1.84036,0.5119,0.80705,0.84312,0.63674,0.75667,0.46093,1.77168,0.48345,0.80108,0.0007526,0.0007526,0.0007526
947,10256,1.83898,0.51218,0.81344,0.84127,0.63344,0.75556,0.45646,1.78754,0.48953,0.80182,0.00075128,0.00075128,0.00075128
948,10266.8,1.85996,0.51173,0.81075,0.84155,0.63262,0.75455,0.45668,1.78469,0.49,0.80199,0.00074996,0.00074996,0.00074996
949,10277.7,1.78745,0.49916,0.8076,0.83465,0.63701,0.75441,0.45486,1.76846,0.49037,0.80162,0.00074864,0.00074864,0.00074864
950,10288.6,1.84851,0.50597,0.81241,0.83154,0.63631,0.75405,0.45428,1.7751,0.49125,0.80148,0.00074732,0.00074732,0.00074732
951,10299.5,1.84583,0.51004,0.80817,0.8372,0.62658,0.74736,0.45083,1.80155,0.48611,0.80217,0.000746,0.000746,0.000746
952,10310.2,1.79039,0.5019,0.80528,0.84122,0.6248,0.74476,0.44893,1.79822,0.48767,0.80229,0.00074468,0.00074468,0.00074468
953,10321.4,1.88546,0.51544,0.80967,0.83584,0.63591,0.74954,0.45324,1.77252,0.4802,0.80159,0.00074336,0.00074336,0.00074336
954,10332,1.92188,0.5213,0.80807,0.83767,0.64114,0.75429,0.45314,1.78401,0.48576,0.80134,0.00074204,0.00074204,0.00074204
955,10343,1.84455,0.50479,0.80858,0.84496,0.63715,0.75738,0.45954,1.76357,0.48151,0.8004,0.00074072,0.00074072,0.00074072
956,10353.8,1.85966,0.50848,0.80562,0.84867,0.63893,0.76023,0.46181,1.75729,0.48178,0.80084,0.0007394,0.0007394,0.0007394
957,10364.7,1.85794,0.51274,0.80996,0.84181,0.63701,0.75657,0.46188,1.73669,0.47736,0.80013,0.00073808,0.00073808,0.00073808
958,10375.5,1.87253,0.51689,0.80783,0.8369,0.63742,0.75433,0.46054,1.7355,0.47514,0.80038,0.00073676,0.00073676,0.00073676
959,10386.1,1.81787,0.50715,0.81037,0.83417,0.6285,0.74771,0.45297,1.76906,0.48156,0.80171,0.00073544,0.00073544,0.00073544
960,10396.8,1.84257,0.50668,0.81423,0.83254,0.61971,0.74201,0.44684,1.79999,0.48776,0.80211,0.00073412,0.00073412,0.00073412
961,10407.7,1.8663,0.50864,0.80793,0.83312,0.62068,0.74404,0.44647,1.79493,0.48832,0.80227,0.0007328,0.0007328,0.0007328
962,10418.5,1.84541,0.51049,0.80939,0.83489,0.63029,0.74833,0.45389,1.76706,0.48069,0.80174,0.00073148,0.00073148,0.00073148
963,10429.5,1.89823,0.5157,0.80833,0.83401,0.63578,0.75134,0.45351,1.77537,0.47778,0.80116,0.00073016,0.00073016,0.00073016
964,10440.2,1.7392,0.49045,0.80713,0.83672,0.6366,0.75477,0.45578,1.7679,0.47634,0.8007,0.00072884,0.00072884,0.00072884
965,10451.1,1.79067,0.49649,0.80528,0.8437,0.64182,0.75931,0.46253,1.7506,0.47229,0.8,0.00072752,0.00072752,0.00072752
966,10462,1.79958,0.49794,0.80555,0.84726,0.6366,0.75753,0.46234,1.75218,0.47288,0.80014,0.0007262,0.0007262,0.0007262
967,10472.8,1.76326,0.49311,0.80633,0.84606,0.63153,0.7548,0.46403,1.7233,0.46968,0.79974,0.00072488,0.00072488,0.00072488
968,10483.7,1.75255,0.49114,0.81158,0.84558,0.63193,0.75341,0.46139,1.72769,0.47032,0.79989,0.00072356,0.00072356,0.00072356
969,10494.6,1.83561,0.50165,0.80601,0.8347,0.62315,0.74566,0.45077,1.77884,0.47918,0.80089,0.00072224,0.00072224,0.00072224
970,10505.3,1.82066,0.50126,0.80822,0.83089,0.62527,0.74455,0.45168,1.76589,0.47712,0.80081,0.00072092,0.00072092,0.00072092
971,10516.1,1.87971,0.50761,0.80343,0.82937,0.63328,0.74932,0.45878,1.72797,0.46977,0.79952,0.0007196,0.0007196,0.0007196
972,10526.9,1.82239,0.49967,0.81324,0.83449,0.63056,0.75023,0.45973,1.73777,0.47379,0.79961,0.00071828,0.00071828,0.00071828
973,10537.9,1.80947,0.4988,0.80548,0.84513,0.63221,0.75367,0.46334,1.71433,0.46873,0.79917,0.00071696,0.00071696,0.00071696
974,10548.8,1.78194,0.49638,0.80945,0.84498,0.63083,0.75226,0.46298,1.70395,0.46577,0.79903,0.00071564,0.00071564,0.00071564
975,10559.8,1.8725,0.51013,0.80742,0.8464,0.63395,0.75304,0.46052,1.7235,0.46921,0.79939,0.00071432,0.00071432,0.00071432
976,10570.4,1.77681,0.50001,0.80802,0.84224,0.63825,0.75553,0.46024,1.73318,0.47172,0.7993,0.000713,0.000713,0.000713
977,10581.5,1.88486,0.50975,0.8011,0.84413,0.63865,0.75625,0.46179,1.73422,0.47371,0.79936,0.00071168,0.00071168,0.00071168
978,10592.3,1.80093,0.50005,0.8081,0.83924,0.63356,0.75229,0.45884,1.7497,0.47605,0.79932,0.00071036,0.00071036,0.00071036
979,10603.1,1.81768,0.50242,0.80722,0.83458,0.63517,0.74842,0.45259,1.78324,0.47911,0.79995,0.00070904,0.00070904,0.00070904
980,10613.8,1.75669,0.49336,0.80907,0.8365,0.63701,0.75009,0.45486,1.76297,0.47721,0.7995,0.00070772,0.00070772,0.00070772
981,10624.6,1.76804,0.50077,0.80781,0.83174,0.6285,0.74753,0.45548,1.74856,0.4752,0.79934,0.0007064,0.0007064,0.0007064
982,10635.2,1.82064,0.50336,0.80841,0.83329,0.62713,0.74891,0.45751,1.75031,0.47408,0.79943,0.00070508,0.00070508,0.00070508
983,10646.3,1.79057,0.50067,0.80594,0.83879,0.63929,0.75744,0.46412,1.72505,0.4715,0.79921,0.00070376,0.00070376,0.00070376
984,10657,1.78368,0.49424,0.80561,0.8377,0.63847,0.75731,0.46513,1.72283,0.4691,0.79935,0.00070244,0.00070244,0.00070244
985,10668.3,1.80588,0.4971,0.80494,0.84551,0.63303,0.75729,0.46976,1.70577,0.46597,0.79914,0.00070112,0.00070112,0.00070112
986,10679.5,1.83904,0.51216,0.80349,0.84992,0.62741,0.7555,0.46783,1.72098,0.46894,0.79944,0.0006998,0.0006998,0.0006998
987,10690.4,1.86108,0.50614,0.80846,0.83877,0.62713,0.75052,0.45704,1.78315,0.47794,0.80067,0.00069848,0.00069848,0.00069848
988,10701,1.80787,0.50318,0.80812,0.83831,0.63207,0.75192,0.45938,1.77768,0.47859,0.8008,0.00069716,0.00069716,0.00069716
989,10711.9,1.71143,0.48576,0.80999,0.83626,0.63962,0.75518,0.46475,1.72575,0.46868,0.80006,0.00069584,0.00069584,0.00069584
990,10722.5,1.75658,0.4874,0.80905,0.83859,0.63646,0.75374,0.46574,1.72576,0.46786,0.80015,0.00069452,0.00069452,0.00069452
991,10733.3,1.79066,0.49425,0.80674,0.84204,0.6366,0.75513,0.46455,1.74789,0.46783,0.80014,0.0006932,0.0006932,0.0006932
992,10744,1.77233,0.49052,0.80279,0.84104,0.63922,0.75661,0.46617,1.74191,0.46921,0.79989,0.00069188,0.00069188,0.00069188
993,10755,1.83657,0.50306,0.80638,0.83463,0.63468,0.7531,0.46363,1.73921,0.46852,0.7999,0.00069056,0.00069056,0.00069056
994,10765.8,1.70039,0.48296,0.80841,0.83715,0.63344,0.75358,0.46385,1.74023,0.46753,0.79976,0.00068924,0.00068924,0.00068924
995,10776.7,1.79148,0.49547,0.80647,0.83871,0.63674,0.75407,0.46403,1.73755,0.46827,0.7999,0.00068792,0.00068792,0.00068792
996,10787.3,1.79363,0.49445,0.80819,0.83033,0.63358,0.75011,0.45915,1.72926,0.4663,0.79941,0.0006866,0.0006866,0.0006866
997,10798.2,1.7818,0.4951,0.80977,0.83082,0.63715,0.74835,0.45619,1.73321,0.47208,0.79926,0.00068528,0.00068528,0.00068528
998,10809,1.83625,0.50762,0.80879,0.83241,0.63564,0.74734,0.4556,1.73712,0.47216,0.79902,0.00068396,0.00068396,0.00068396
999,10819.8,1.80469,0.5034,0.81192,0.83861,0.63454,0.7484,0.45607,1.74376,0.47582,0.79955,0.00068264,0.00068264,0.00068264
1000,10830.5,1.75086,0.49421,0.80991,0.83793,0.63813,0.75154,0.45958,1.72882,0.47112,0.7995,0.00068132,0.00068132,0.00068132
1001,10841.7,1.72557,0.48439,0.81224,0.84028,0.63918,0.75423,0.46243,1.71419,0.46786,0.79909,0.00068,0.00068,0.00068
1002,10852.4,1.81251,0.5053,0.80625,0.83979,0.64044,0.75579,0.46197,1.72431,0.47255,0.79961,0.00067868,0.00067868,0.00067868
1003,10863.3,1.82177,0.50342,0.80711,0.84989,0.63193,0.75616,0.462,1.74243,0.47534,0.80133,0.00067736,0.00067736,0.00067736
1004,10874.1,1.78459,0.50043,0.80922,0.84782,0.62987,0.75423,0.46177,1.73685,0.47628,0.80116,0.00067604,0.00067604,0.00067604
1005,10885,1.77924,0.49444,0.80746,0.84315,0.63543,0.75531,0.46052,1.75338,0.47633,0.80123,0.00067472,0.00067472,0.00067472
1006,10895.7,1.74056,0.49433,0.81118,0.84049,0.63657,0.75415,0.46042,1.75367,0.47601,0.80117,0.0006734,0.0006734,0.0006734
1007,10906.7,1.77932,0.50202,0.81019,0.83507,0.62479,0.74665,0.45187,1.79387,0.48194,0.80144,0.00067208,0.00067208,0.00067208
1008,10917.4,1.77282,0.49426,0.80796,0.83566,0.62548,0.74595,0.45206,1.77955,0.48225,0.801,0.00067076,0.00067076,0.00067076
1009,10928.3,1.7981,0.49995,0.81019,0.83672,0.63108,0.74996,0.45786,1.73139,0.4696,0.79993,0.00066944,0.00066944,0.00066944
1010,10939,1.78582,0.49916,0.80938,0.83294,0.63451,0.7521,0.45805,1.73894,0.47095,0.7996,0.00066812,0.00066812,0.00066812
1011,10950,1.69125,0.4862,0.81068,0.83873,0.6326,0.75524,0.46046,1.76194,0.47616,0.79995,0.0006668,0.0006668,0.0006668
1012,10960.7,1.75623,0.49522,0.81031,0.84088,0.63234,0.75545,0.45872,1.77917,0.48263,0.80049,0.00066548,0.00066548,0.00066548
1013,10971.6,1.82185,0.50427,0.80704,0.83783,0.63976,0.75777,0.45958,1.76172,0.48022,0.79918,0.00066416,0.00066416,0.00066416
1014,10982.4,1.84294,0.50443,0.80542,0.83494,0.63646,0.75506,0.45875,1.75729,0.4788,0.79884,0.00066284,0.00066284,0.00066284
1015,10993.2,1.74197,0.49285,0.8086,0.83533,0.63317,0.75183,0.46003,1.74314,0.48108,0.79855,0.00066152,0.00066152,0.00066152
1016,11003.8,1.84819,0.50597,0.80706,0.83972,0.6344,0.75445,0.46337,1.7304,0.47635,0.79885,0.0006602,0.0006602,0.0006602
1017,11014.8,1.80153,0.49719,0.80542,0.83594,0.63207,0.754,0.4637,1.72501,0.47156,0.7992,0.00065888,0.00065888,0.00065888
1018,11025.5,1.81113,0.49435,0.80833,0.83533,0.63864,0.75714,0.46514,1.72265,0.46904,0.79903,0.00065756,0.00065756,0.00065756
1019,11036.4,1.82157,0.51424,0.80785,0.83684,0.64525,0.76013,0.46513,1.72368,0.46978,0.79952,0.00065624,0.00065624,0.00065624
1020,11047,1.78343,0.49518,0.80811,0.84256,0.63921,0.75967,0.46575,1.72259,0.47142,0.7999,0.00065492,0.00065492,0.00065492
1021,11058,1.79004,0.49567,0.81084,0.84337,0.62768,0.755,0.46143,1.74384,0.47766,0.80096,0.0006536,0.0006536,0.0006536
1022,11068.8,1.78861,0.49189,0.80563,0.84236,0.63207,0.75541,0.4618,1.72595,0.47245,0.80077,0.00065228,0.00065228,0.00065228
1023,11079.7,1.83273,0.50872,0.80754,0.83361,0.63386,0.75037,0.45824,1.75098,0.47491,0.79987,0.00065096,0.00065096,0.00065096
1024,11090.5,1.78178,0.49397,0.80865,0.83407,0.6344,0.74983,0.45794,1.74747,0.47453,0.79917,0.00064964,0.00064964,0.00064964
1025,11101.4,1.69355,0.4833,0.80807,0.83706,0.63674,0.75277,0.46278,1.72983,0.47245,0.79904,0.00064832,0.00064832,0.00064832
1026,11112.2,1.79822,0.49552,0.80486,0.84238,0.63907,0.75544,0.46579,1.73574,0.46934,0.7995,0.000647,0.000647,0.000647
1027,11123.2,1.82158,0.50154,0.80457,0.8457,0.63584,0.75565,0.46728,1.71611,0.46455,0.79928,0.00064568,0.00064568,0.00064568
1028,11133.9,1.88021,0.50905,0.80678,0.84474,0.63482,0.75474,0.46591,1.72237,0.46346,0.79934,0.00064436,0.00064436,0.00064436
1029,11144.8,1.75184,0.48478,0.80659,0.84024,0.64031,0.75714,0.46428,1.72794,0.46444,0.79941,0.00064304,0.00064304,0.00064304
1030,11155.6,1.78073,0.49123,0.80484,0.84334,0.64154,0.75888,0.46451,1.72772,0.4633,0.79962,0.00064172,0.00064172,0.00064172
1031,11166.4,1.7718,0.48691,0.80693,0.84069,0.63701,0.75822,0.46704,1.72169,0.46413,0.79965,0.0006404,0.0006404,0.0006404
1032,11177.1,1.7551,0.48887,0.80758,0.83788,0.63523,0.75705,0.46576,1.72066,0.46711,0.79981,0.00063908,0.00063908,0.00063908
1033,11188.2,1.80284,0.48947,0.80538,0.83809,0.63234,0.75475,0.46522,1.72043,0.46848,0.79971,0.00063776,0.00063776,0.00063776
1034,11199.1,1.71934,0.48078,0.80701,0.83819,0.6322,0.75465,0.46675,1.71364,0.46825,0.79933,0.00063644,0.00063644,0.00063644
1035,11210,1.73238,0.48098,0.80552,0.84046,0.6296,0.75492,0.46551,1.72506,0.47108,0.79912,0.00063512,0.00063512,0.00063512
1036,11220.8,1.77651,0.48831,0.80295,0.84285,0.62919,0.75566,0.46344,1.74461,0.47274,0.79985,0.0006338,0.0006338,0.0006338
1037,11231.5,1.77005,0.49186,0.80735,0.84337,0.63715,0.76132,0.47017,1.71149,0.46246,0.79929,0.00063248,0.00063248,0.00063248
1038,11242.6,1.80667,0.49631,0.80808,0.84231,0.64168,0.7627,0.46696,1.72372,0.46599,0.79944,0.00063116,0.00063116,0.00063116
1039,11253.5,1.83661,0.49849,0.80519,0.83908,0.63923,0.76188,0.46703,1.725,0.46598,0.79936,0.00062984,0.00062984,0.00062984
1040,11264.2,1.77584,0.4913,0.80481,0.83807,0.63449,0.75936,0.46415,1.72934,0.46822,0.79977,0.00062852,0.00062852,0.00062852
1041,11275,1.81386,0.49368,0.80724,0.83977,0.63893,0.75965,0.46614,1.70979,0.46576,0.79914,0.0006272,0.0006272,0.0006272
1042,11285.5,1.74369,0.48422,0.80863,0.84052,0.64251,0.7602,0.4652,1.71526,0.46781,0.79884,0.00062588,0.00062588,0.00062588
1043,11296.5,1.75725,0.4866,0.80681,0.83584,0.63948,0.75973,0.46536,1.73019,0.47143,0.79887,0.00062456,0.00062456,0.00062456
1044,11307.2,1.72009,0.48491,0.80928,0.83719,0.63509,0.75643,0.46385,1.73675,0.47411,0.79852,0.00062324,0.00062324,0.00062324
1045,11318.2,1.74206,0.48618,0.8086,0.83702,0.63248,0.75438,0.46601,1.70968,0.4674,0.79838,0.00062192,0.00062192,0.00062192
1046,11328.9,1.72538,0.48304,0.80279,0.83817,0.63111,0.75605,0.46633,1.71664,0.46694,0.79877,0.0006206,0.0006206,0.0006206
1047,11339.8,1.73616,0.48379,0.80973,0.84193,0.63852,0.75983,0.46914,1.69582,0.46118,0.79853,0.00061928,0.00061928,0.00061928
1048,11350.8,1.8007,0.49485,0.80861,0.84346,0.6399,0.76175,0.46849,1.70814,0.46074,0.79883,0.00061796,0.00061796,0.00061796
1049,11361.9,1.72381,0.48358,0.80856,0.83926,0.63166,0.75817,0.4661,1.72263,0.46486,0.79913,0.00061664,0.00061664,0.00061664
1050,11372.6,1.79145,0.49579,0.80746,0.84097,0.63303,0.75916,0.46495,1.72237,0.46531,0.79879,0.00061532,0.00061532,0.00061532
1051,11383.3,1.77629,0.49565,0.81012,0.83626,0.64154,0.7584,0.46588,1.72014,0.46672,0.79771,0.000614,0.000614,0.000614
1052,11394,1.72525,0.49181,0.8026,0.83385,0.64099,0.75582,0.46186,1.74019,0.47121,0.79772,0.00061268,0.00061268,0.00061268
1053,11404.8,1.72631,0.48242,0.80054,0.83437,0.63006,0.75066,0.45628,1.75658,0.47683,0.79825,0.00061136,0.00061136,0.00061136
1054,11415.4,1.81396,0.50181,0.80922,0.83561,0.63015,0.75113,0.45941,1.73788,0.47089,0.79827,0.00061004,0.00061004,0.00061004
1055,11426.3,1.71203,0.48539,0.80628,0.83863,0.63688,0.75521,0.46753,1.70361,0.46289,0.79745,0.00060872,0.00060872,0.00060872
1056,11437.1,1.79762,0.49389,0.80543,0.83889,0.63646,0.75429,0.4664,1.71907,0.46518,0.79803,0.0006074,0.0006074,0.0006074
1057,11447.8,1.74697,0.48036,0.80827,0.83459,0.63138,0.75231,0.46232,1.73958,0.46652,0.79918,0.00060608,0.00060608,0.00060608
1058,11458.6,1.76103,0.48446,0.80699,0.83419,0.63399,0.75378,0.46386,1.71968,0.46155,0.79915,0.00060476,0.00060476,0.00060476
1059,11469.4,1.76651,0.48255,0.80732,0.83549,0.63742,0.75628,0.46555,1.71241,0.46426,0.79849,0.00060344,0.00060344,0.00060344
1060,11480.1,1.73102,0.4805,0.80464,0.83337,0.63373,0.75489,0.46295,1.72709,0.46752,0.79865,0.00060212,0.00060212,0.00060212
1061,11491.2,1.82674,0.49992,0.80287,0.83297,0.63056,0.75421,0.46676,1.70462,0.46291,0.79842,0.0006008,0.0006008,0.0006008
1062,11501.9,1.67291,0.47387,0.80603,0.8358,0.63248,0.75626,0.46938,1.69114,0.45874,0.7979,0.00059948,0.00059948,0.00059948
1063,11512.7,1.74595,0.48227,0.80249,0.8412,0.63523,0.76101,0.46956,1.71177,0.46093,0.79805,0.00059816,0.00059816,0.00059816
1064,11523.5,1.79664,0.49327,0.80904,0.84185,0.63921,0.7645,0.47259,1.69427,0.45738,0.79756,0.00059684,0.00059684,0.00059684
1065,11534.7,1.77136,0.48999,0.80596,0.84191,0.63974,0.76515,0.47217,1.6913,0.458,0.79797,0.00059552,0.00059552,0.00059552
1066,11545.5,1.71081,0.48217,0.809,0.83861,0.64017,0.76271,0.47026,1.70083,0.45945,0.7975,0.0005942,0.0005942,0.0005942
1067,11556.4,1.69741,0.47763,0.8007,0.83913,0.6399,0.75992,0.46623,1.70745,0.45996,0.79831,0.00059288,0.00059288,0.00059288
1068,11567.2,1.72454,0.48567,0.80673,0.83693,0.63768,0.75776,0.46801,1.70863,0.46047,0.79839,0.00059156,0.00059156,0.00059156
1069,11578,1.71184,0.48027,0.80719,0.84118,0.6355,0.75785,0.46794,1.71833,0.46486,0.79874,0.00059024,0.00059024,0.00059024
1070,11588.7,1.68341,0.47631,0.80516,0.84264,0.63468,0.75713,0.4664,1.73104,0.46557,0.79944,0.00058892,0.00058892,0.00058892
1071,11599.8,1.80322,0.4911,0.80332,0.84174,0.63495,0.75584,0.46702,1.70392,0.46139,0.79891,0.0005876,0.0005876,0.0005876
1072,11610.6,1.70891,0.48093,0.80512,0.83844,0.63551,0.7559,0.46712,1.71441,0.46315,0.79844,0.00058628,0.00058628,0.00058628
1073,11621.4,1.78641,0.4926,0.8032,0.83657,0.63531,0.75546,0.46563,1.7323,0.46593,0.79863,0.00058496,0.00058496,0.00058496
1074,11632.2,1.75024,0.48248,0.80186,0.83984,0.63688,0.75672,0.46839,1.71025,0.46289,0.79826,0.00058364,0.00058364,0.00058364
1075,11643.1,1.75563,0.4849,0.80874,0.84266,0.63895,0.75918,0.47099,1.69041,0.45935,0.7981,0.00058232,0.00058232,0.00058232
1076,11653.8,1.7334,0.47967,0.80579,0.84277,0.63287,0.75593,0.46897,1.70661,0.46254,0.79835,0.000581,0.000581,0.000581
1077,11664.7,1.75582,0.48703,0.80603,0.84464,0.62781,0.75468,0.46655,1.71669,0.46425,0.79868,0.00057968,0.00057968,0.00057968
1078,11675.6,1.74585,0.48788,0.80161,0.84639,0.63317,0.75676,0.46968,1.70022,0.46055,0.79853,0.00057836,0.00057836,0.00057836
1079,11686.6,1.78269,0.48802,0.80308,0.8429,0.63688,0.76178,0.47004,1.72574,0.46496,0.79876,0.00057704,0.00057704,0.00057704
1080,11697.5,1.78483,0.49326,0.80657,0.84398,0.63688,0.76278,0.47045,1.72135,0.46494,0.79884,0.00057572,0.00057572,0.00057572
1081,11708.5,1.73513,0.47844,0.81024,0.83869,0.63099,0.75538,0.46951,1.70133,0.46515,0.79795,0.0005744,0.0005744,0.0005744
1082,11719.1,1.7683,0.48621,0.8035,0.8421,0.6296,0.75433,0.46781,1.70246,0.46567,0.79833,0.00057308,0.00057308,0.00057308
1083,11729.9,1.77194,0.49134,0.80798,0.8385,0.6294,0.75308,0.45979,1.75269,0.47278,0.79907,0.00057176,0.00057176,0.00057176
1084,11740.5,1.74356,0.48507,0.8067,0.83867,0.63029,0.75295,0.45954,1.75492,0.47305,0.79937,0.00057044,0.00057044,0.00057044
1085,11751.4,1.75563,0.48643,0.80105,0.8399,0.62803,0.75154,0.46201,1.72771,0.46827,0.79879,0.00056912,0.00056912,0.00056912
1086,11762,1.75921,0.49105,0.80597,0.83845,0.62562,0.74961,0.45975,1.73509,0.47019,0.79895,0.0005678,0.0005678,0.0005678
1087,11772.9,1.75761,0.48666,0.806,0.84008,0.63537,0.75383,0.46361,1.71871,0.46523,0.79822,0.00056648,0.00056648,0.00056648
1088,11783.5,1.71971,0.4766,0.80157,0.84291,0.63792,0.75713,0.46542,1.72272,0.46654,0.79789,0.00056516,0.00056516,0.00056516
1089,11794.3,1.70552,0.48079,0.80592,0.84705,0.6379,0.76285,0.47267,1.70732,0.46285,0.79775,0.00056384,0.00056384,0.00056384
1090,11805.2,1.74453,0.48356,0.80466,0.84734,0.63674,0.7627,0.47392,1.69645,0.45932,0.79799,0.00056252,0.00056252,0.00056252
1091,11816.3,1.74079,0.48421,0.8065,0.8414,0.63372,0.75808,0.47045,1.7028,0.46133,0.79836,0.0005612,0.0005612,0.0005612
1092,11826.9,1.78955,0.49214,0.80621,0.84089,0.63262,0.75666,0.47107,1.70366,0.4621,0.79818,0.00055988,0.00055988,0.00055988
1093,11838,1.79662,0.49009,0.80236,0.84311,0.63083,0.75798,0.46965,1.69672,0.46021,0.79862,0.00055856,0.00055856,0.00055856
1094,11848.8,1.77791,0.48893,0.80771,0.84016,0.63069,0.75811,0.46909,1.70555,0.46242,0.7989,0.00055724,0.00055724,0.00055724
1095,11859.6,1.77425,0.49013,0.80465,0.84137,0.63839,0.75979,0.46907,1.70973,0.46451,0.79834,0.00055592,0.00055592,0.00055592
1096,11870.2,1.80982,0.49858,0.80286,0.84202,0.63879,0.75988,0.46907,1.71224,0.46271,0.79847,0.0005546,0.0005546,0.0005546
1097,11881.1,1.71215,0.48001,0.80614,0.84106,0.63344,0.75739,0.47058,1.70759,0.46139,0.79831,0.00055328,0.00055328,0.00055328
1098,11891.7,1.77011,0.48365,0.80321,0.84407,0.63687,0.75973,0.472,1.70371,0.45902,0.79851,0.00055196,0.00055196,0.00055196
1099,11903,1.76461,0.48577,0.80667,0.84394,0.63344,0.76021,0.47275,1.70642,0.45938,0.79831,0.00055064,0.00055064,0.00055064
1100,11913.7,1.6276,0.46131,0.80583,0.84329,0.63399,0.75919,0.47146,1.70837,0.45955,0.79809,0.00054932,0.00054932,0.00054932
1101,11924.5,1.72901,0.48138,0.80624,0.84616,0.63505,0.76112,0.47364,1.69754,0.45784,0.79818,0.000548,0.000548,0.000548
1102,11935.1,1.72089,0.47635,0.80358,0.84389,0.63523,0.76038,0.47144,1.70279,0.45941,0.7985,0.00054668,0.00054668,0.00054668
1103,11945.8,1.77548,0.48524,0.80357,0.84252,0.63825,0.75933,0.46453,1.73278,0.46887,0.79874,0.00054536,0.00054536,0.00054536
1104,11956.7,1.78871,0.49515,0.80638,0.83778,0.64223,0.759,0.46202,1.73994,0.47215,0.79854,0.00054404,0.00054404,0.00054404
1105,11967.6,1.762,0.48792,0.80646,0.84065,0.64182,0.75967,0.46704,1.70293,0.46701,0.79851,0.00054272,0.00054272,0.00054272
1106,11978.4,1.81637,0.4957,0.80466,0.84382,0.64086,0.7598,0.47004,1.68721,0.46298,0.79811,0.0005414,0.0005414,0.0005414
1107,11989.2,1.74375,0.48177,0.80437,0.84696,0.63825,0.76125,0.47043,1.6927,0.46539,0.79813,0.00054008,0.00054008,0.00054008
1108,12000.1,1.7827,0.489,0.80302,0.84802,0.63811,0.76207,0.46929,1.71777,0.46899,0.79843,0.00053876,0.00053876,0.00053876
1109,12011.3,1.73157,0.48271,0.80303,0.84684,0.63537,0.76054,0.47029,1.71477,0.46831,0.79904,0.00053744,0.00053744,0.00053744
1110,12021.9,1.81573,0.49199,0.80375,0.84494,0.6355,0.75927,0.46951,1.71379,0.47019,0.79852,0.00053612,0.00053612,0.00053612
1111,12032.6,1.66514,0.4745,0.80314,0.8447,0.6377,0.76031,0.46992,1.70528,0.46532,0.79798,0.0005348,0.0005348,0.0005348
1112,12043.3,1.75131,0.48371,0.80671,0.84434,0.64193,0.7624,0.47036,1.70309,0.46265,0.79814,0.00053348,0.00053348,0.00053348
1113,12054.3,1.77413,0.48884,0.80097,0.84667,0.63757,0.76109,0.4702,1.70584,0.46329,0.79816,0.00053216,0.00053216,0.00053216
1114,12065.1,1.72887,0.48349,0.8025,0.84453,0.63686,0.75824,0.46867,1.70477,0.45967,0.79818,0.00053084,0.00053084,0.00053084
1115,12076.1,1.68969,0.47344,0.80269,0.84479,0.63514,0.75602,0.46535,1.71225,0.46476,0.79857,0.00052952,0.00052952,0.00052952
1116,12086.9,1.78867,0.48878,0.80655,0.84323,0.63432,0.7564,0.46677,1.7138,0.46565,0.79963,0.0005282,0.0005282,0.0005282
1117,12097.8,1.82496,0.4987,0.80358,0.8468,0.6296,0.75542,0.46877,1.70511,0.46487,0.80008,0.00052688,0.00052688,0.00052688
1118,12108.5,1.77163,0.48563,0.80432,0.8461,0.63276,0.75598,0.47045,1.69459,0.46263,0.79964,0.00052556,0.00052556,0.00052556
1119,12119.7,1.84153,0.49946,0.80368,0.84666,0.63784,0.75831,0.4693,1.69528,0.46254,0.79887,0.00052424,0.00052424,0.00052424
1120,12130.6,1.74715,0.48562,0.80562,0.84375,0.64199,0.76094,0.46681,1.71248,0.46546,0.79859,0.00052292,0.00052292,0.00052292
1121,12141.6,1.73149,0.48293,0.80761,0.84087,0.64333,0.76261,0.46943,1.70214,0.46647,0.79819,0.0005216,0.0005216,0.0005216
1122,12152.4,1.78542,0.48677,0.80696,0.84205,0.6425,0.76401,0.47461,1.69122,0.46422,0.79848,0.00052028,0.00052028,0.00052028
1123,12163.8,1.77745,0.4856,0.80491,0.84865,0.63663,0.76347,0.47566,1.69213,0.46327,0.79895,0.00051896,0.00051896,0.00051896
1124,12174.9,1.80791,0.48857,0.8032,0.84364,0.63335,0.7584,0.47047,1.71385,0.46578,0.79927,0.00051764,0.00051764,0.00051764
1125,12185.8,1.69924,0.47519,0.80529,0.83975,0.63097,0.75405,0.46594,1.69363,0.46386,0.79842,0.00051632,0.00051632,0.00051632
1126,12196.2,1.7427,0.48574,0.80885,0.84068,0.63427,0.75798,0.47027,1.68338,0.46094,0.79817,0.000515,0.000515,0.000515
1127,12207.2,1.78631,0.49521,0.80508,0.8447,0.63773,0.76571,0.47589,1.70185,0.46394,0.79831,0.00051368,0.00051368,0.00051368
1128,12218.5,1.81282,0.49918,0.80867,0.84597,0.63742,0.7674,0.47446,1.74021,0.47105,0.79894,0.00051236,0.00051236,0.00051236
1129,12229.2,1.77973,0.49571,0.80364,0.84768,0.64415,0.76905,0.47799,1.7039,0.46539,0.79929,0.00051104,0.00051104,0.00051104
1130,12239.9,1.6975,0.47822,0.8035,0.84362,0.64657,0.76627,0.47537,1.69311,0.4638,0.79932,0.00050972,0.00050972,0.00050972
1131,12250.7,1.68856,0.47737,0.80691,0.83569,0.63961,0.75947,0.47066,1.70827,0.46418,0.79919,0.0005084,0.0005084,0.0005084
1132,12261.4,1.72199,0.48119,0.80543,0.83638,0.6344,0.75834,0.46788,1.72658,0.46515,0.79927,0.00050708,0.00050708,0.00050708
1133,12272.4,1.72894,0.47933,0.8036,0.84182,0.63289,0.75995,0.47446,1.70558,0.46247,0.79834,0.00050576,0.00050576,0.00050576
1134,12283,1.78631,0.48786,0.80554,0.84672,0.63627,0.76373,0.47751,1.69174,0.45582,0.79835,0.00050444,0.00050444,0.00050444
1135,12293.9,1.80618,0.49518,0.8054,0.84314,0.64127,0.76525,0.4742,1.70424,0.45962,0.7988,0.00050312,0.00050312,0.00050312
1136,12304.8,1.73519,0.48129,0.80197,0.83878,0.64141,0.76293,0.47152,1.71168,0.46161,0.79881,0.0005018,0.0005018,0.0005018
1137,12315.6,1.67069,0.47087,0.80612,0.83644,0.63747,0.75651,0.46824,1.69865,0.4593,0.79867,0.00050048,0.00050048,0.00050048
1138,12326.3,1.75571,0.48588,0.80574,0.83453,0.63701,0.75648,0.46901,1.69069,0.46099,0.79866,0.00049916,0.00049916,0.00049916
1139,12337.2,1.72945,0.48363,0.80745,0.84317,0.64649,0.76503,0.47352,1.68194,0.45565,0.79816,0.00049784,0.00049784,0.00049784
1140,12347.9,1.69773,0.47364,0.80771,0.84585,0.64634,0.76496,0.47206,1.69365,0.45858,0.7986,0.00049652,0.00049652,0.00049652
1141,12358.7,1.68546,0.47458,0.80366,0.84666,0.63827,0.76275,0.47287,1.69318,0.46056,0.79844,0.0004952,0.0004952,0.0004952
1142,12369.7,1.77604,0.48316,0.80595,0.8425,0.63525,0.75985,0.47108,1.70276,0.46205,0.79899,0.00049388,0.00049388,0.00049388
1143,12380.7,1.76055,0.47935,0.80393,0.84133,0.63914,0.76058,0.47017,1.70468,0.46199,0.799,0.00049256,0.00049256,0.00049256
1144,12391.4,1.79643,0.49333,0.80562,0.83977,0.63935,0.76133,0.47011,1.70082,0.45999,0.799,0.00049124,0.00049124,0.00049124
1145,12402.3,1.72714,0.47869,0.80032,0.84262,0.63802,0.75981,0.47096,1.69477,0.46081,0.79798,0.00048992,0.00048992,0.00048992
1146,12412.9,1.73477,0.4804,0.80761,0.83708,0.63345,0.75676,0.47055,1.68789,0.4574,0.79792,0.0004886,0.0004886,0.0004886
1147,12423.8,1.70505,0.47265,0.80539,0.84217,0.63001,0.75547,0.4686,1.69637,0.45983,0.79784,0.00048728,0.00048728,0.00048728
1148,12434.5,1.7239,0.479,0.80677,0.84102,0.63468,0.75838,0.46981,1.6901,0.45792,0.79801,0.00048596,0.00048596,0.00048596
1149,12445.3,1.74443,0.48058,0.80698,0.84907,0.63947,0.76314,0.46962,1.72538,0.46194,0.79914,0.00048464,0.00048464,0.00048464
1150,12456.1,1.78976,0.48822,0.80182,0.84733,0.64168,0.76547,0.4729,1.71893,0.4608,0.79869,0.00048332,0.00048332,0.00048332
1151,12467,1.73776,0.48292,0.80268,0.8498,0.64099,0.76569,0.47669,1.6845,0.45547,0.79773,0.000482,0.000482,0.000482
1152,12477.8,1.75008,0.48195,0.80763,0.84868,0.63911,0.7644,0.47548,1.6863,0.45671,0.7981,0.00048068,0.00048068,0.00048068
1153,12488.8,1.77365,0.48892,0.80496,0.84322,0.63427,0.7605,0.46976,1.70633,0.45945,0.79813,0.00047936,0.00047936,0.00047936
1154,12499.4,1.8025,0.49202,0.80264,0.84226,0.6407,0.76197,0.46761,1.72419,0.46326,0.79862,0.00047804,0.00047804,0.00047804
1155,12510.1,1.67597,0.47135,0.80754,0.8423,0.64601,0.76134,0.468,1.73157,0.46311,0.79919,0.00047672,0.00047672,0.00047672
1156,12520.9,1.72496,0.47866,0.80589,0.83933,0.64261,0.76106,0.47146,1.70806,0.45881,0.79896,0.0004754,0.0004754,0.0004754
1157,12531.8,1.70269,0.47598,0.80325,0.84032,0.63073,0.75685,0.46654,1.71915,0.46297,0.79885,0.00047408,0.00047408,0.00047408
1158,12542.4,1.67726,0.46879,0.80454,0.83773,0.62864,0.75496,0.46606,1.72138,0.46217,0.79865,0.00047276,0.00047276,0.00047276
1159,12553.3,1.67216,0.4678,0.8024,0.8422,0.63001,0.7583,0.47144,1.6967,0.45595,0.798,0.00047144,0.00047144,0.00047144
1160,12564.1,1.74923,0.48211,0.80207,0.8454,0.63358,0.76198,0.47292,1.69161,0.45297,0.79818,0.00047012,0.00047012,0.00047012
1161,12574.7,1.65783,0.46247,0.80543,0.85115,0.63824,0.76477,0.47782,1.6685,0.44784,0.79772,0.0004688,0.0004688,0.0004688
1162,12585.4,1.72309,0.47776,0.80642,0.85249,0.63495,0.7661,0.48023,1.66603,0.4494,0.79711,0.00046748,0.00046748,0.00046748
1163,12596.8,1.75602,0.48522,0.8059,0.85047,0.6285,0.76374,0.47404,1.70417,0.45679,0.79727,0.00046616,0.00046616,0.00046616
1164,12607.5,1.78554,0.48595,0.80414,0.84755,0.63029,0.7638,0.47201,1.71178,0.45799,0.79736,0.00046484,0.00046484,0.00046484
1165,12618.5,1.83141,0.4972,0.80145,0.8426,0.64017,0.76481,0.47663,1.68662,0.45472,0.79666,0.00046352,0.00046352,0.00046352
1166,12629.2,1.76613,0.48347,0.80367,0.84141,0.64456,0.76531,0.47451,1.69034,0.45545,0.79696,0.0004622,0.0004622,0.0004622
1167,12640.1,1.6477,0.46184,0.80022,0.84139,0.64099,0.7646,0.47647,1.68029,0.45217,0.79749,0.00046088,0.00046088,0.00046088
1168,12651,1.6965,0.46833,0.80346,0.84631,0.63883,0.76653,0.47973,1.67753,0.45308,0.7973,0.00045956,0.00045956,0.00045956
1169,12662,1.71644,0.4779,0.80701,0.84906,0.6355,0.76573,0.47881,1.69026,0.45531,0.79776,0.00045824,0.00045824,0.00045824
1170,12672.5,1.63591,0.46061,0.80483,0.85117,0.63833,0.76544,0.47925,1.68238,0.45329,0.79755,0.00045692,0.00045692,0.00045692
1171,12683.2,1.73489,0.4797,0.80759,0.85053,0.64135,0.76414,0.47783,1.67006,0.4511,0.79736,0.0004556,0.0004556,0.0004556
1172,12693.9,1.7009,0.46914,0.80544,0.84736,0.64223,0.76274,0.47533,1.67922,0.45176,0.79738,0.00045428,0.00045428,0.00045428
1173,12704.8,1.76433,0.48305,0.8047,0.83975,0.63729,0.75955,0.47208,1.69261,0.454,0.79757,0.00045296,0.00045296,0.00045296
1174,12715.5,1.7692,0.48036,0.80042,0.84129,0.63604,0.76017,0.47406,1.68782,0.45322,0.79745,0.00045164,0.00045164,0.00045164
1175,12726.5,1.71756,0.47533,0.80254,0.84235,0.63894,0.76389,0.47657,1.67922,0.45474,0.79722,0.00045032,0.00045032,0.00045032
1176,12737.2,1.75295,0.4823,0.80527,0.84682,0.63976,0.76527,0.47539,1.69217,0.45626,0.79749,0.000449,0.000449,0.000449
1177,12748,1.83214,0.49625,0.80239,0.84817,0.63504,0.76339,0.47537,1.69114,0.45395,0.79795,0.00044768,0.00044768,0.00044768
1178,12759,1.7941,0.48675,0.8005,0.84624,0.63482,0.76196,0.47622,1.68516,0.45329,0.79756,0.00044636,0.00044636,0.00044636
1179,12769.9,1.68461,0.47073,0.80511,0.84589,0.64017,0.76424,0.47831,1.66828,0.44914,0.79689,0.00044504,0.00044504,0.00044504
1180,12780.7,1.72685,0.47797,0.80294,0.83938,0.64141,0.76398,0.47899,1.66427,0.4476,0.79685,0.00044372,0.00044372,0.00044372
1181,12791.7,1.74342,0.474,0.8028,0.84495,0.64401,0.76556,0.47843,1.67185,0.44917,0.79651,0.0004424,0.0004424,0.0004424
1182,12802.2,1.7004,0.47229,0.80522,0.84838,0.64154,0.7656,0.47786,1.68578,0.45179,0.79662,0.00044108,0.00044108,0.00044108
1183,12813.3,1.8296,0.49621,0.80056,0.84823,0.63701,0.76466,0.47593,1.69943,0.45607,0.7969,0.00043976,0.00043976,0.00043976
1184,12823.9,1.65461,0.46992,0.80783,0.84576,0.63838,0.76432,0.47707,1.68059,0.45294,0.79682,0.00043844,0.00043844,0.00043844
1185,12834.7,1.71903,0.47977,0.80436,0.84234,0.64086,0.76329,0.47618,1.67356,0.45269,0.79638,0.00043712,0.00043712,0.00043712
1186,12845.5,1.76571,0.48516,0.80446,0.8391,0.64223,0.76246,0.47488,1.68151,0.45419,0.79622,0.0004358,0.0004358,0.0004358
1187,12856.6,1.73108,0.47606,0.80294,0.84654,0.6399,0.76327,0.47607,1.68517,0.45736,0.79636,0.00043448,0.00043448,0.00043448
1188,12867.5,1.67188,0.46846,0.80446,0.84986,0.63948,0.76537,0.47836,1.67732,0.45669,0.79619,0.00043316,0.00043316,0.00043316
1189,12878.5,1.71354,0.48129,0.80493,0.84327,0.6419,0.76595,0.47978,1.67757,0.45602,0.7962,0.00043184,0.00043184,0.00043184
1190,12889.3,1.71485,0.4772,0.80775,0.84221,0.64415,0.76631,0.47852,1.67778,0.45756,0.79626,0.00043052,0.00043052,0.00043052
1191,12900.2,1.66913,0.46606,0.80176,0.84272,0.64113,0.76613,0.47849,1.68726,0.45421,0.79691,0.0004292,0.0004292,0.0004292
1192,12911,1.67897,0.46507,0.80649,0.84181,0.63729,0.76622,0.48004,1.68924,0.45477,0.7969,0.00042788,0.00042788,0.00042788
1193,12921.8,1.72219,0.47797,0.80463,0.84871,0.63998,0.76888,0.48192,1.68374,0.45395,0.79698,0.00042656,0.00042656,0.00042656
1194,12933,1.71561,0.47128,0.80535,0.84531,0.63841,0.76616,0.48097,1.6826,0.4534,0.79711,0.00042524,0.00042524,0.00042524
1195,12943.7,1.66649,0.46767,0.80615,0.84068,0.64017,0.76288,0.47521,1.69683,0.45432,0.79733,0.00042392,0.00042392,0.00042392
1196,12954.4,1.66824,0.46841,0.80385,0.8387,0.64319,0.76265,0.47395,1.69799,0.45482,0.79714,0.0004226,0.0004226,0.0004226
1197,12965.4,1.76293,0.484,0.80697,0.84375,0.64424,0.76352,0.4737,1.68954,0.45452,0.79692,0.00042128,0.00042128,0.00042128
1198,12976.2,1.70748,0.47511,0.80424,0.84442,0.64303,0.76478,0.47539,1.67779,0.45207,0.7969,0.00041996,0.00041996,0.00041996
1199,12987,1.68412,0.47194,0.79967,0.84469,0.64305,0.76538,0.4763,1.68654,0.45365,0.79758,0.00041864,0.00041864,0.00041864
1200,12997.6,1.74449,0.47957,0.8008,0.84478,0.64185,0.76625,0.47672,1.68988,0.45318,0.79757,0.00041732,0.00041732,0.00041732
1201,13008.6,1.72509,0.48007,0.80435,0.85051,0.63814,0.76658,0.4792,1.67294,0.45318,0.79734,0.000416,0.000416,0.000416
1202,13019.3,1.75898,0.48296,0.80496,0.85059,0.63372,0.76314,0.47705,1.67048,0.45173,0.79746,0.00041468,0.00041468,0.00041468
1203,13030.4,1.78257,0.48511,0.8048,0.84563,0.63173,0.75688,0.47169,1.68541,0.45414,0.79811,0.00041336,0.00041336,0.00041336
1204,13041.3,1.67707,0.47428,0.80848,0.84646,0.63578,0.75956,0.47278,1.67861,0.45293,0.79802,0.00041204,0.00041204,0.00041204
1205,13051.9,1.73301,0.48014,0.79822,0.84791,0.63591,0.76061,0.47429,1.67702,0.45315,0.79808,0.00041072,0.00041072,0.00041072
1206,13062.7,1.84894,0.49337,0.80126,0.84702,0.63482,0.76157,0.4737,1.6873,0.45377,0.79847,0.0004094,0.0004094,0.0004094
1207,13073.5,1.76439,0.48109,0.8034,0.84775,0.64209,0.76512,0.47661,1.66303,0.4516,0.79806,0.00040808,0.00040808,0.00040808
1208,13084.2,1.68098,0.47191,0.80364,0.84613,0.64333,0.7653,0.47616,1.66627,0.45389,0.79737,0.00040676,0.00040676,0.00040676
1209,13095.1,1.69932,0.47431,0.80474,0.84403,0.64031,0.76346,0.47652,1.66663,0.4523,0.79663,0.00040544,0.00040544,0.00040544
1210,13106.4,1.80251,0.4902,0.80139,0.84713,0.63605,0.76249,0.47661,1.66579,0.45199,0.79681,0.00040412,0.00040412,0.00040412
1211,13117.2,1.75453,0.48279,0.80612,0.85078,0.64263,0.76653,0.47782,1.66788,0.45019,0.79711,0.0004028,0.0004028,0.0004028
1212,13127.9,1.74498,0.48658,0.80543,0.85101,0.64456,0.76698,0.47564,1.68074,0.45476,0.79727,0.00040148,0.00040148,0.00040148
1213,13138.6,1.65491,0.46525,0.80241,0.85063,0.63715,0.76615,0.47545,1.69701,0.45875,0.79756,0.00040016,0.00040016,0.00040016
1214,13149.3,1.70566,0.47066,0.8024,0.8497,0.63276,0.76352,0.47468,1.70339,0.46237,0.79775,0.00039884,0.00039884,0.00039884
1215,13160.2,1.69783,0.46665,0.80341,0.84842,0.63234,0.76396,0.47798,1.68292,0.45835,0.79732,0.00039752,0.00039752,0.00039752
1216,13171,1.678,0.46927,0.80579,0.85254,0.63509,0.76647,0.47873,1.67274,0.45321,0.7972,0.0003962,0.0003962,0.0003962
1217,13182,1.70598,0.47423,0.80293,0.85299,0.63413,0.76327,0.47671,1.67273,0.45289,0.7972,0.00039488,0.00039488,0.00039488
1218,13192.7,1.77146,0.48659,0.80256,0.85003,0.63111,0.76119,0.47615,1.68441,0.45375,0.79753,0.00039356,0.00039356,0.00039356
1219,13203.7,1.75587,0.48232,0.80537,0.84849,0.63813,0.76559,0.47894,1.66612,0.44783,0.79706,0.00039224,0.00039224,0.00039224
1220,13214.4,1.61302,0.45624,0.80531,0.8491,0.64113,0.76725,0.47992,1.6633,0.44655,0.79733,0.00039092,0.00039092,0.00039092
1221,13225.4,1.61719,0.45802,0.80542,0.84339,0.64544,0.76684,0.47986,1.66987,0.45003,0.79712,0.0003896,0.0003896,0.0003896
1222,13236.1,1.70347,0.4705,0.80228,0.84579,0.64401,0.76727,0.48033,1.669,0.4514,0.79669,0.00038828,0.00038828,0.00038828
1223,13247,1.68032,0.47475,0.80524,0.84731,0.6366,0.76533,0.48147,1.65401,0.44857,0.79648,0.00038696,0.00038696,0.00038696
1224,13257.7,1.65493,0.4698,0.80111,0.84924,0.63957,0.76675,0.48176,1.65342,0.44783,0.79648,0.00038564,0.00038564,0.00038564
1225,13268.6,1.73656,0.47819,0.80409,0.85055,0.64225,0.7679,0.47949,1.6713,0.44971,0.79693,0.00038432,0.00038432,0.00038432
1226,13279.2,1.71261,0.47464,0.80459,0.85007,0.63852,0.76595,0.47887,1.67511,0.4497,0.79695,0.000383,0.000383,0.000383
1227,13290.2,1.68796,0.46825,0.80295,0.85298,0.63742,0.76617,0.48056,1.6623,0.44899,0.79685,0.00038168,0.00038168,0.00038168
1228,13300.9,1.70652,0.47512,0.80362,0.85199,0.63811,0.76571,0.48008,1.66396,0.4488,0.79679,0.00038036,0.00038036,0.00038036
1229,13311.9,1.68328,0.46689,0.80523,0.84977,0.63674,0.76394,0.47628,1.68775,0.45381,0.79721,0.00037904,0.00037904,0.00037904
1230,13322.7,1.78796,0.47957,0.8034,0.84795,0.63468,0.76222,0.47599,1.68626,0.45605,0.79721,0.00037772,0.00037772,0.00037772
1231,13333.7,1.70343,0.46942,0.80557,0.85463,0.63825,0.76592,0.48037,1.65751,0.45409,0.79646,0.0003764,0.0003764,0.0003764
1232,13344.4,1.68248,0.47085,0.80521,0.85502,0.6388,0.76669,0.48035,1.65977,0.45663,0.79632,0.00037508,0.00037508,0.00037508
1233,13355.3,1.63435,0.46217,0.80522,0.85566,0.63537,0.76602,0.47785,1.68701,0.45852,0.79693,0.00037376,0.00037376,0.00037376
1234,13366.2,1.77951,0.48415,0.80046,0.85684,0.63358,0.76503,0.47816,1.68211,0.4549,0.79687,0.00037244,0.00037244,0.00037244
1235,13377.1,1.66177,0.46194,0.80057,0.85415,0.63595,0.76657,0.48062,1.67832,0.45128,0.79718,0.00037112,0.00037112,0.00037112
1236,13387.9,1.64908,0.46145,0.80245,0.85306,0.63688,0.76543,0.47888,1.69539,0.45381,0.79757,0.0003698,0.0003698,0.0003698
1237,13398.9,1.74508,0.48066,0.8077,0.84712,0.63742,0.7619,0.47619,1.69438,0.45668,0.79765,0.00036848,0.00036848,0.00036848
1238,13409.7,1.70471,0.46961,0.80056,0.84696,0.63509,0.76054,0.47543,1.68254,0.45473,0.79716,0.00036716,0.00036716,0.00036716
1239,13420.7,1.73591,0.47357,0.80548,0.84483,0.63537,0.76154,0.4749,1.68365,0.45901,0.79695,0.00036584,0.00036584,0.00036584
1240,13431.3,1.60859,0.45657,0.80298,0.84379,0.63773,0.76304,0.47585,1.6782,0.45768,0.79671,0.00036452,0.00036452,0.00036452
1241,13442.2,1.79977,0.48588,0.79958,0.84736,0.6388,0.76445,0.47784,1.66838,0.4531,0.79707,0.0003632,0.0003632,0.0003632
1242,13452.9,1.66254,0.46408,0.80444,0.84761,0.63687,0.76391,0.47826,1.65984,0.45062,0.79733,0.00036188,0.00036188,0.00036188
1243,13463.7,1.64152,0.46156,0.8064,0.85237,0.63888,0.76533,0.48127,1.6447,0.4479,0.79708,0.00036056,0.00036056,0.00036056
1244,13474.5,1.66721,0.46404,0.80385,0.85248,0.6388,0.76419,0.48102,1.64664,0.44875,0.79736,0.00035924,0.00035924,0.00035924
1245,13485.5,1.6898,0.47372,0.80512,0.84751,0.64094,0.76414,0.48281,1.64818,0.44868,0.79691,0.00035792,0.00035792,0.00035792
1246,13496.7,1.68456,0.47315,0.80471,0.84814,0.64195,0.76564,0.48232,1.64134,0.44784,0.79673,0.0003566,0.0003566,0.0003566
1247,13507.8,1.76884,0.48552,0.80204,0.84324,0.64099,0.76198,0.47758,1.66182,0.4529,0.79722,0.00035528,0.00035528,0.00035528
1248,13518.7,1.67801,0.46685,0.80419,0.84231,0.63948,0.76055,0.47687,1.66469,0.45349,0.79728,0.00035396,0.00035396,0.00035396
1249,13529.7,1.68999,0.46669,0.79969,0.84625,0.64153,0.76402,0.47875,1.65772,0.45241,0.79698,0.00035264,0.00035264,0.00035264
1250,13540.4,1.6835,0.46847,0.80316,0.84631,0.64034,0.76455,0.48048,1.65706,0.45297,0.797,0.00035132,0.00035132,0.00035132
1251,13551.5,1.78253,0.48895,0.80622,0.85118,0.63633,0.76709,0.48167,1.68092,0.45753,0.79692,0.00035,0.00035,0.00035
1252,13562.1,1.6396,0.46183,0.8047,0.8514,0.63869,0.76821,0.4804,1.68447,0.45659,0.7968,0.00034868,0.00034868,0.00034868
1253,13573.1,1.79022,0.48843,0.80269,0.84406,0.64278,0.76605,0.47926,1.67306,0.45433,0.7965,0.00034736,0.00034736,0.00034736
1254,13584.1,1.72127,0.47939,0.80042,0.84441,0.64372,0.76566,0.47943,1.66386,0.45208,0.7963,0.00034604,0.00034604,0.00034604
1255,13595,1.67848,0.46927,0.80403,0.84212,0.64649,0.76524,0.47913,1.65809,0.4502,0.79641,0.00034472,0.00034472,0.00034472
1256,13605.8,1.6879,0.4645,0.8018,0.84531,0.6458,0.76609,0.47907,1.65315,0.4477,0.79625,0.0003434,0.0003434,0.0003434
1257,13616.7,1.73281,0.47393,0.80037,0.84808,0.64154,0.7667,0.47982,1.66149,0.44813,0.7969,0.00034208,0.00034208,0.00034208
1258,13627.4,1.70652,0.46951,0.80481,0.84853,0.63908,0.76655,0.48035,1.66001,0.44696,0.7968,0.00034076,0.00034076,0.00034076
1259,13638.1,1.64306,0.45909,0.8017,0.84584,0.64566,0.77037,0.48353,1.6479,0.44331,0.79651,0.00033944,0.00033944,0.00033944
1260,13649.3,1.65011,0.46328,0.80427,0.84449,0.6458,0.7695,0.48334,1.64855,0.44312,0.79647,0.00033812,0.00033812,0.00033812
1261,13660.2,1.65262,0.46797,0.80423,0.84323,0.63893,0.76279,0.47698,1.67277,0.44821,0.79671,0.0003368,0.0003368,0.0003368
1262,13670.9,1.66749,0.46384,0.79944,0.84542,0.6344,0.75979,0.47459,1.67609,0.44999,0.79654,0.00033548,0.00033548,0.00033548
1263,13681.8,1.63873,0.46044,0.80301,0.84647,0.63809,0.76327,0.47857,1.64358,0.4439,0.7961,0.00033416,0.00033416,0.00033416
1264,13692.5,1.70818,0.4722,0.80528,0.84614,0.64097,0.76477,0.48065,1.63636,0.4419,0.79596,0.00033284,0.00033284,0.00033284
1265,13703.2,1.65618,0.46814,0.80469,0.84978,0.64195,0.76733,0.48228,1.6487,0.44426,0.79602,0.00033152,0.00033152,0.00033152
1266,13714.2,1.74658,0.47657,0.79879,0.85367,0.6399,0.76834,0.48274,1.65027,0.44759,0.79579,0.0003302,0.0003302,0.0003302
1267,13725,1.66383,0.46275,0.80345,0.85513,0.63696,0.76762,0.48215,1.64297,0.44572,0.7958,0.00032888,0.00032888,0.00032888
1268,13735.8,1.70792,0.47074,0.79789,0.85545,0.6386,0.76941,0.4832,1.63924,0.44414,0.79579,0.00032756,0.00032756,0.00032756
1269,13746.7,1.66275,0.46451,0.80394,0.84597,0.6436,0.76912,0.48214,1.65864,0.44671,0.7957,0.00032624,0.00032624,0.00032624
1270,13757.5,1.68881,0.47107,0.80245,0.84548,0.64377,0.76826,0.48002,1.66051,0.44761,0.79596,0.00032492,0.00032492,0.00032492
1271,13768.3,1.60451,0.45604,0.80406,0.84574,0.64129,0.76659,0.48066,1.64952,0.44754,0.79582,0.0003236,0.0003236,0.0003236
1272,13779.1,1.61727,0.45737,0.80322,0.84639,0.6388,0.76535,0.48033,1.64944,0.44792,0.79588,0.00032228,0.00032228,0.00032228
1273,13789.9,1.61353,0.45396,0.80367,0.85048,0.63811,0.7651,0.47887,1.6649,0.45066,0.79674,0.00032096,0.00032096,0.00032096
1274,13800.6,1.70873,0.47089,0.79793,0.84964,0.64158,0.76698,0.47996,1.66622,0.45142,0.7967,0.00031964,0.00031964,0.00031964
1275,13811.6,1.73991,0.47519,0.79979,0.84862,0.64676,0.77131,0.48459,1.64401,0.44754,0.79595,0.00031832,0.00031832,0.00031832
1276,13822.8,1.68753,0.46947,0.80272,0.84923,0.64725,0.77217,0.48525,1.63844,0.4455,0.79577,0.000317,0.000317,0.000317
1277,13834.3,1.66371,0.45938,0.80093,0.85303,0.64624,0.77185,0.48556,1.63535,0.44348,0.79571,0.00031568,0.00031568,0.00031568
1278,13845.5,1.6951,0.47038,0.80296,0.85252,0.64283,0.76953,0.48401,1.64169,0.44481,0.79583,0.00031436,0.00031436,0.00031436
1279,13856.4,1.68116,0.46602,0.80406,0.85438,0.64034,0.76776,0.48284,1.63914,0.44726,0.79587,0.00031304,0.00031304,0.00031304
1280,13867.1,1.60545,0.45448,0.80555,0.85401,0.63847,0.76734,0.48378,1.63364,0.44782,0.79592,0.00031172,0.00031172,0.00031172
1281,13878,1.70527,0.47339,0.80238,0.84958,0.63663,0.76761,0.48435,1.63609,0.44585,0.79566,0.0003104,0.0003104,0.0003104
1282,13888.6,1.67475,0.46392,0.80031,0.84977,0.63784,0.76733,0.484,1.64328,0.44778,0.79555,0.00030908,0.00030908,0.00030908
1283,13899.6,1.68932,0.46543,0.80024,0.85023,0.63906,0.76903,0.48295,1.65556,0.4483,0.7956,0.00030776,0.00030776,0.00030776
1284,13910.2,1.64712,0.46513,0.80343,0.84841,0.64003,0.76911,0.48306,1.6528,0.44758,0.79547,0.00030644,0.00030644,0.00030644
1285,13921.1,1.65966,0.46151,0.80325,0.85019,0.64277,0.76917,0.4832,1.64029,0.44456,0.79559,0.00030512,0.00030512,0.00030512
1286,13932.1,1.73334,0.47907,0.80018,0.85118,0.64074,0.76779,0.4835,1.63748,0.44351,0.79559,0.0003038,0.0003038,0.0003038
1287,13942.9,1.73511,0.47626,0.80167,0.85046,0.641,0.76814,0.48385,1.63602,0.44305,0.79555,0.00030248,0.00030248,0.00030248
1288,13953.6,1.63732,0.45734,0.7997,0.84756,0.64116,0.76736,0.4824,1.64386,0.44524,0.79571,0.00030116,0.00030116,0.00030116
1289,13964.5,1.63683,0.46033,0.80636,0.8447,0.63918,0.76494,0.48014,1.65406,0.44644,0.79606,0.00029984,0.00029984,0.00029984
1290,13975.4,1.6388,0.46143,0.80327,0.84327,0.64086,0.76596,0.48108,1.64794,0.44639,0.79587,0.00029852,0.00029852,0.00029852
1291,13986.2,1.66838,0.4623,0.80161,0.84139,0.64088,0.76396,0.4787,1.65397,0.44735,0.79602,0.0002972,0.0002972,0.0002972
1292,13996.9,1.67933,0.46486,0.80113,0.84015,0.64074,0.76335,0.47771,1.65586,0.44759,0.79622,0.00029588,0.00029588,0.00029588
1293,14007.9,1.6182,0.45505,0.80226,0.84773,0.64126,0.76716,0.48187,1.6395,0.44451,0.79562,0.00029456,0.00029456,0.00029456
1294,14018.6,1.67681,0.46823,0.80174,0.84928,0.6399,0.76868,0.48307,1.63583,0.44358,0.79575,0.00029324,0.00029324,0.00029324
1295,14029.6,1.66313,0.45971,0.80428,0.85151,0.64006,0.76918,0.48249,1.63976,0.44299,0.79597,0.00029192,0.00029192,0.00029192
1296,14040.3,1.71225,0.46866,0.79883,0.85095,0.64037,0.76807,0.48133,1.6454,0.44504,0.79597,0.0002906,0.0002906,0.0002906
1297,14051.3,1.63245,0.45914,0.80111,0.85013,0.63935,0.76621,0.48071,1.64725,0.44499,0.79584,0.00028928,0.00028928,0.00028928
1298,14062.2,1.68271,0.46731,0.79913,0.8508,0.64086,0.76695,0.48197,1.64491,0.4459,0.79578,0.00028796,0.00028796,0.00028796
1299,14073.1,1.67422,0.46603,0.80237,0.85381,0.63852,0.76756,0.48354,1.64835,0.44651,0.79598,0.00028664,0.00028664,0.00028664
1300,14084,1.7097,0.47142,0.80031,0.85346,0.63888,0.76872,0.48399,1.65397,0.44671,0.79599,0.00028532,0.00028532,0.00028532
1301,14094.8,1.6389,0.46035,0.80255,0.85427,0.63979,0.76918,0.48253,1.66069,0.44939,0.79604,0.000284,0.000284,0.000284
1302,14105.5,1.71915,0.47229,0.79886,0.85154,0.64195,0.76946,0.48215,1.65967,0.44945,0.79613,0.00028268,0.00028268,0.00028268
1303,14116.3,1.64094,0.4592,0.79902,0.8541,0.64264,0.77025,0.48505,1.64314,0.44752,0.796,0.00028136,0.00028136,0.00028136
1304,14127,1.64335,0.4599,0.80374,0.85206,0.6397,0.76833,0.48444,1.6373,0.44592,0.79589,0.00028004,0.00028004,0.00028004
1305,14137.9,1.67934,0.46791,0.7998,0.85237,0.6388,0.76583,0.4823,1.64681,0.44638,0.796,0.00027872,0.00027872,0.00027872
1306,14148.4,1.58782,0.45106,0.80161,0.85023,0.64144,0.76507,0.48012,1.65854,0.44775,0.7962,0.0002774,0.0002774,0.0002774
1307,14159.3,1.64047,0.45565,0.8055,0.84629,0.63921,0.76319,0.47726,1.65735,0.44665,0.79601,0.00027608,0.00027608,0.00027608
1308,14170,1.61625,0.45628,0.79978,0.84436,0.63976,0.76352,0.47799,1.65029,0.44582,0.79597,0.00027476,0.00027476,0.00027476
1309,14180.9,1.70052,0.46942,0.8004,0.84954,0.63949,0.76672,0.47983,1.65428,0.44569,0.79602,0.00027344,0.00027344,0.00027344
1310,14191.7,1.62677,0.45758,0.79911,0.85221,0.63728,0.76755,0.47954,1.66406,0.44674,0.79629,0.00027212,0.00027212,0.00027212
1311,14202.5,1.72619,0.47498,0.80636,0.85311,0.63262,0.76653,0.47894,1.67295,0.44824,0.79624,0.0002708,0.0002708,0.0002708
1312,14213.4,1.65671,0.45912,0.79988,0.85471,0.63715,0.76844,0.47982,1.66512,0.44584,0.79625,0.00026948,0.00026948,0.00026948
1313,14224.2,1.62654,0.45457,0.80192,0.85075,0.63937,0.76686,0.48077,1.66259,0.44738,0.79648,0.00026816,0.00026816,0.00026816
1314,14235.1,1.67969,0.46682,0.80522,0.85208,0.64059,0.76775,0.48132,1.66002,0.44723,0.79649,0.00026684,0.00026684,0.00026684
1315,14246,1.66068,0.46088,0.79922,0.85488,0.63372,0.76634,0.4834,1.64605,0.44655,0.79594,0.00026552,0.00026552,0.00026552
1316,14256.8,1.81537,0.48844,0.79813,0.85823,0.63427,0.7678,0.48489,1.63829,0.44692,0.79569,0.0002642,0.0002642,0.0002642
1317,14267.4,1.60973,0.45485,0.80363,0.86155,0.63866,0.77115,0.48715,1.64156,0.44793,0.79573,0.00026288,0.00026288,0.00026288
1318,14278.6,1.70688,0.47011,0.80229,0.85979,0.64003,0.7721,0.48746,1.63214,0.44314,0.79581,0.00026156,0.00026156,0.00026156
1319,14289.6,1.60377,0.45519,0.79967,0.85725,0.64057,0.77053,0.4872,1.62322,0.44141,0.79582,0.00026024,0.00026024,0.00026024
1320,14300.5,1.64405,0.46237,0.79967,0.85223,0.63897,0.76912,0.48574,1.62757,0.44283,0.79598,0.00025892,0.00025892,0.00025892
1321,14311.4,1.66036,0.4608,0.79977,0.8515,0.63784,0.76768,0.48171,1.64117,0.44646,0.7961,0.0002576,0.0002576,0.0002576
1322,14321.9,1.67341,0.45843,0.79766,0.8522,0.63468,0.76584,0.48173,1.64368,0.44573,0.79643,0.00025628,0.00025628,0.00025628
1323,14332.7,1.62882,0.45639,0.80335,0.85459,0.63674,0.76982,0.48473,1.63252,0.44236,0.79595,0.00025496,0.00025496,0.00025496
1324,14343.5,1.59286,0.45631,0.79883,0.85732,0.6393,0.77213,0.48728,1.62625,0.44181,0.79583,0.00025364,0.00025364,0.00025364
1325,14354.6,1.7109,0.47401,0.80142,0.8595,0.64162,0.77238,0.48582,1.63071,0.4407,0.79576,0.00025232,0.00025232,0.00025232
1326,14365.6,1.66119,0.46633,0.79938,0.85646,0.64072,0.7701,0.48449,1.6345,0.43991,0.79565,0.000251,0.000251,0.000251
1327,14376.6,1.6005,0.44776,0.79964,0.8531,0.64182,0.76784,0.48257,1.63301,0.44092,0.79528,0.00024968,0.00024968,0.00024968
1328,14387.2,1.68264,0.46012,0.79871,0.8502,0.64127,0.76607,0.48225,1.62772,0.44005,0.79526,0.00024836,0.00024836,0.00024836
1329,14398.1,1.62777,0.45323,0.80093,0.85248,0.6458,0.76867,0.4835,1.63269,0.44141,0.79529,0.00024704,0.00024704,0.00024704
1330,14408.7,1.64995,0.45763,0.80221,0.85335,0.64635,0.77068,0.48484,1.63713,0.44187,0.79561,0.00024572,0.00024572,0.00024572
1331,14419.6,1.60771,0.45028,0.79715,0.85773,0.64396,0.77364,0.48618,1.63851,0.44164,0.79582,0.0002444,0.0002444,0.0002444
1332,14430.4,1.58873,0.44659,0.79987,0.85801,0.64223,0.77284,0.48664,1.63191,0.44001,0.79565,0.00024308,0.00024308,0.00024308
1333,14441.4,1.65975,0.46382,0.80042,0.8557,0.63991,0.77177,0.48748,1.62127,0.43901,0.79538,0.00024176,0.00024176,0.00024176
1334,14452,1.5982,0.4526,0.8001,0.8559,0.64176,0.77172,0.48815,1.61199,0.43782,0.79542,0.00024044,0.00024044,0.00024044
1335,14463.2,1.70546,0.46419,0.8014,0.85444,0.64473,0.77248,0.48877,1.61734,0.43865,0.79534,0.00023912,0.00023912,0.00023912
1336,14474.4,1.6264,0.4552,0.80417,0.8558,0.64776,0.77401,0.48935,1.62345,0.44108,0.79528,0.0002378,0.0002378,0.0002378
1337,14485.7,1.59237,0.45266,0.80176,0.85091,0.64719,0.77239,0.48757,1.62681,0.44015,0.79559,0.00023648,0.00023648,0.00023648
1338,14496.3,1.65901,0.46216,0.80164,0.84741,0.6435,0.76998,0.48735,1.62751,0.44184,0.79551,0.00023516,0.00023516,0.00023516
1339,14507.2,1.56231,0.44303,0.80217,0.84576,0.64195,0.76901,0.48625,1.6316,0.44148,0.79576,0.00023384,0.00023384,0.00023384
1340,14518.2,1.67747,0.46351,0.79897,0.84721,0.64099,0.76882,0.48454,1.63973,0.44144,0.7961,0.00023252,0.00023252,0.00023252
1341,14528.8,1.66908,0.46627,0.79932,0.84932,0.63962,0.76792,0.48055,1.65678,0.44343,0.79605,0.0002312,0.0002312,0.0002312
1342,14539.6,1.664,0.46572,0.79742,0.84881,0.64017,0.76829,0.48178,1.64457,0.44321,0.79572,0.00022988,0.00022988,0.00022988
1343,14550.7,1.70805,0.47339,0.80363,0.85037,0.63979,0.76878,0.48422,1.63519,0.4422,0.79536,0.00022856,0.00022856,0.00022856
1344,14561.5,1.61122,0.44974,0.79945,0.85295,0.64072,0.77077,0.4851,1.63246,0.44252,0.79549,0.00022724,0.00022724,0.00022724
1345,14572.3,1.62669,0.45397,0.79986,0.85459,0.64154,0.77236,0.48689,1.63163,0.44239,0.79568,0.00022592,0.00022592,0.00022592
1346,14582.9,1.60525,0.4523,0.80363,0.85371,0.64176,0.77191,0.4881,1.63087,0.44301,0.79554,0.0002246,0.0002246,0.0002246
1347,14593.6,1.60683,0.45104,0.80254,0.85146,0.64373,0.77026,0.4865,1.63791,0.44223,0.79549,0.00022328,0.00022328,0.00022328
1348,14604.5,1.64014,0.46286,0.79959,0.84369,0.64173,0.76764,0.4842,1.65606,0.44505,0.79571,0.00022196,0.00022196,0.00022196
1349,14615.4,1.68664,0.4684,0.80393,0.84301,0.6388,0.76646,0.48335,1.65039,0.44458,0.79559,0.00022064,0.00022064,0.00022064
1350,14626.2,1.68801,0.46567,0.79986,0.84832,0.64072,0.76836,0.48568,1.63209,0.44264,0.7954,0.00021932,0.00021932,0.00021932
1351,14637,1.64547,0.45911,0.80028,0.85385,0.63921,0.76863,0.4858,1.62755,0.44055,0.7951,0.000218,0.000218,0.000218
1352,14647.9,1.67532,0.46506,0.79862,0.85278,0.63852,0.76755,0.48631,1.62889,0.43993,0.79501,0.00021668,0.00021668,0.00021668
1353,14658.8,1.70232,0.46811,0.80233,0.85435,0.63935,0.76965,0.48857,1.62033,0.43791,0.79492,0.00021536,0.00021536,0.00021536
1354,14669.4,1.57866,0.44677,0.80083,0.85591,0.64181,0.77023,0.48986,1.6081,0.43595,0.79471,0.00021404,0.00021404,0.00021404
1355,14680.8,1.62526,0.45574,0.80048,0.85627,0.6447,0.77284,0.49051,1.6125,0.43691,0.79496,0.00021272,0.00021272,0.00021272
1356,14692,1.67429,0.46214,0.79913,0.85562,0.64401,0.77209,0.48877,1.61894,0.43745,0.79504,0.0002114,0.0002114,0.0002114
1357,14703.1,1.70113,0.46661,0.80133,0.85602,0.64321,0.77146,0.48837,1.61619,0.43532,0.79508,0.00021008,0.00021008,0.00021008
1358,14713.8,1.61628,0.45009,0.80184,0.85221,0.64281,0.77084,0.48821,1.6194,0.43669,0.79483,0.00020876,0.00020876,0.00020876
1359,14724.6,1.67356,0.45752,0.80193,0.85216,0.6402,0.76939,0.48667,1.62679,0.43797,0.7952,0.00020744,0.00020744,0.00020744
1360,14735.4,1.67593,0.46592,0.79758,0.85185,0.63935,0.76862,0.48621,1.62624,0.43855,0.79536,0.00020612,0.00020612,0.00020612
1361,14746,1.62388,0.45404,0.80197,0.85335,0.6391,0.76951,0.48737,1.62362,0.43948,0.79523,0.0002048,0.0002048,0.0002048
1362,14757,1.72995,0.47399,0.80141,0.85493,0.6408,0.77089,0.48854,1.62137,0.43891,0.79516,0.00020348,0.00020348,0.00020348
1363,14768.1,1.71077,0.47283,0.7993,0.85311,0.64099,0.76967,0.48871,1.60925,0.43824,0.79499,0.00020216,0.00020216,0.00020216
1364,14778.9,1.57243,0.44467,0.80401,0.85429,0.64209,0.77055,0.48825,1.60594,0.43846,0.79505,0.00020084,0.00020084,0.00020084
1365,14789.9,1.61261,0.45454,0.79674,0.85293,0.64498,0.77055,0.48867,1.60301,0.43848,0.79504,0.00019952,0.00019952,0.00019952
1366,14800.8,1.65958,0.4611,0.79937,0.85372,0.64443,0.7703,0.48827,1.60394,0.43813,0.79489,0.0001982,0.0001982,0.0001982
1367,14811.7,1.64648,0.45789,0.80171,0.85636,0.64006,0.76975,0.48814,1.60674,0.43931,0.79512,0.00019688,0.00019688,0.00019688
1368,14822.6,1.65736,0.45938,0.80191,0.8574,0.64003,0.77016,0.48836,1.60659,0.43747,0.7953,0.00019556,0.00019556,0.00019556
1369,14833.5,1.63676,0.45606,0.79989,0.85612,0.64154,0.77157,0.48952,1.60826,0.43729,0.79582,0.00019424,0.00019424,0.00019424
1370,14844.1,1.6068,0.4465,0.80278,0.85504,0.64135,0.77156,0.48972,1.61081,0.43835,0.7959,0.00019292,0.00019292,0.00019292
1371,14855.1,1.64037,0.45651,0.80293,0.85387,0.64209,0.7733,0.49122,1.61907,0.43743,0.79561,0.0001916,0.0001916,0.0001916
1372,14866.4,1.58196,0.44687,0.79969,0.85455,0.64286,0.77357,0.4912,1.61698,0.43657,0.79521,0.00019028,0.00019028,0.00019028
1373,14877.7,1.59252,0.44967,0.80314,0.85749,0.64102,0.77271,0.49094,1.62259,0.43721,0.79514,0.00018896,0.00018896,0.00018896
1374,14888.3,1.67382,0.4631,0.80122,0.85771,0.63935,0.77225,0.49084,1.62311,0.43759,0.79507,0.00018764,0.00018764,0.00018764
1375,14899.2,1.63711,0.45493,0.79941,0.85865,0.64135,0.77133,0.49012,1.61528,0.43848,0.79464,0.00018632,0.00018632,0.00018632
1376,14909.9,1.64657,0.46542,0.79634,0.85763,0.64264,0.77098,0.48919,1.61381,0.43898,0.79481,0.000185,0.000185,0.000185
1377,14920.9,1.64809,0.45716,0.80131,0.85739,0.64135,0.7715,0.48874,1.62346,0.44035,0.79546,0.00018368,0.00018368,0.00018368
1378,14931.4,1.62764,0.45493,0.80038,0.85695,0.64168,0.77178,0.48877,1.62001,0.43986,0.79544,0.00018236,0.00018236,0.00018236
1379,14942.3,1.58815,0.44691,0.79746,0.85736,0.64195,0.7718,0.49165,1.60794,0.4378,0.79564,0.00018104,0.00018104,0.00018104
1380,14953.4,1.62326,0.45225,0.79771,0.85404,0.64278,0.77161,0.49195,1.60778,0.43784,0.79571,0.00017972,0.00017972,0.00017972
1381,14964.5,1.55301,0.44247,0.80191,0.85428,0.64223,0.77085,0.48992,1.61844,0.43692,0.79567,0.0001784,0.0001784,0.0001784
1382,14975.3,1.59864,0.45033,0.79769,0.85458,0.64072,0.77017,0.48853,1.62519,0.43882,0.7955,0.00017708,0.00017708,0.00017708
1383,14986.1,1.61718,0.45925,0.79904,0.85195,0.64226,0.77018,0.48944,1.61124,0.43647,0.79487,0.00017576,0.00017576,0.00017576
1384,14996.9,1.65616,0.45815,0.80222,0.85278,0.6458,0.77176,0.49012,1.60606,0.43757,0.7947,0.00017444,0.00017444,0.00017444
1385,15007.9,1.64425,0.4537,0.79818,0.85439,0.64786,0.77378,0.49199,1.60146,0.43492,0.79494,0.00017312,0.00017312,0.00017312
1386,15019.2,1.59912,0.44686,0.79836,0.85599,0.64649,0.77358,0.49113,1.607,0.43715,0.79462,0.0001718,0.0001718,0.0001718
1387,15030.4,1.6234,0.45273,0.79839,0.85528,0.64305,0.77294,0.49006,1.61467,0.43738,0.79468,0.00017048,0.00017048,0.00017048
1388,15041.3,1.61511,0.45301,0.80136,0.85478,0.64245,0.77203,0.49035,1.60936,0.43631,0.79475,0.00016916,0.00016916,0.00016916
1389,15052.1,1.5945,0.44479,0.79867,0.85711,0.64525,0.7734,0.49089,1.60614,0.43508,0.79491,0.00016784,0.00016784,0.00016784
1390,15062.7,1.68744,0.46095,0.79637,0.85689,0.64446,0.77234,0.49069,1.60589,0.43445,0.79485,0.00016652,0.00016652,0.00016652
1391,15073.6,1.6278,0.45349,0.79663,0.85587,0.6425,0.77182,0.49045,1.60885,0.43488,0.79493,0.0001652,0.0001652,0.0001652
1392,15084.3,1.60401,0.44775,0.80058,0.85292,0.64167,0.77087,0.49076,1.60592,0.43473,0.79495,0.00016388,0.00016388,0.00016388
1393,15095.3,1.62362,0.45394,0.79869,0.85441,0.64333,0.77186,0.49114,1.60194,0.43503,0.79484,0.00016256,0.00016256,0.00016256
1394,15106.1,1.66893,0.45759,0.80037,0.85372,0.64388,0.77148,0.49074,1.60645,0.43575,0.79508,0.00016124,0.00016124,0.00016124
1395,15117.1,1.58141,0.44632,0.80047,0.85179,0.64113,0.76995,0.49011,1.6067,0.43675,0.79493,0.00015992,0.00015992,0.00015992
1396,15127.8,1.61781,0.45178,0.80076,0.85196,0.63995,0.76988,0.48997,1.60637,0.43739,0.79505,0.0001586,0.0001586,0.0001586
1397,15138.8,1.71393,0.47158,0.80241,0.85385,0.64182,0.77116,0.49085,1.6086,0.43647,0.79507,0.00015728,0.00015728,0.00015728
1398,15149.4,1.57513,0.4437,0.79745,0.85556,0.6424,0.77184,0.49133,1.60969,0.43668,0.79517,0.00015596,0.00015596,0.00015596
1399,15160.3,1.61708,0.45281,0.79934,0.85448,0.64072,0.77157,0.48988,1.61483,0.4375,0.79552,0.00015464,0.00015464,0.00015464
1400,15171.2,1.56142,0.44301,0.80329,0.85539,0.64017,0.77119,0.48882,1.62293,0.43734,0.79532,0.00015332,0.00015332,0.00015332
1401,15182.2,1.57772,0.44483,0.79772,0.85395,0.64135,0.77096,0.49111,1.60869,0.43351,0.79541,0.000152,0.000152,0.000152
1402,15192.9,1.58885,0.44835,0.79629,0.85312,0.64347,0.77122,0.49159,1.60391,0.43485,0.79488,0.00015068,0.00015068,0.00015068
1403,15203.8,1.6481,0.45451,0.79744,0.85751,0.64359,0.77196,0.49224,1.59981,0.43386,0.79491,0.00014936,0.00014936,0.00014936
1404,15215,1.63293,0.45653,0.7985,0.85767,0.64112,0.77107,0.49228,1.60161,0.4344,0.79487,0.00014804,0.00014804,0.00014804
1405,15225.9,1.5873,0.44517,0.79769,0.85902,0.63745,0.77123,0.49186,1.60989,0.4377,0.79507,0.00014672,0.00014672,0.00014672
1406,15236.9,1.63741,0.45268,0.79865,0.85938,0.63962,0.77165,0.49201,1.60825,0.43732,0.79512,0.0001454,0.0001454,0.0001454
1407,15247.9,1.63012,0.45028,0.79774,0.85868,0.64149,0.77174,0.49199,1.6085,0.4371,0.79492,0.00014408,0.00014408,0.00014408
1408,15258.5,1.55186,0.44145,0.79894,0.85786,0.64099,0.77098,0.49119,1.61341,0.43599,0.79484,0.00014276,0.00014276,0.00014276
1409,15269.3,1.51269,0.43672,0.80108,0.85798,0.64209,0.77253,0.49089,1.61487,0.43786,0.7949,0.00014144,0.00014144,0.00014144
1410,15280,1.6482,0.45004,0.79958,0.85617,0.64099,0.7721,0.49105,1.61395,0.43731,0.79502,0.00014012,0.00014012,0.00014012
1411,15290.9,1.57621,0.44186,0.80015,0.85502,0.64292,0.77284,0.49249,1.60584,0.43525,0.79506,0.0001388,0.0001388,0.0001388
1412,15301.8,1.55853,0.44078,0.80187,0.85465,0.64335,0.77317,0.49266,1.60759,0.437,0.79524,0.00013748,0.00013748,0.00013748
1413,15313,1.7149,0.47019,0.79763,0.85697,0.64429,0.77335,0.49308,1.61035,0.43675,0.79502,0.00013616,0.00013616,0.00013616
1414,15324.1,1.64909,0.45351,0.80202,0.85755,0.64264,0.77294,0.49337,1.60686,0.43639,0.79483,0.00013484,0.00013484,0.00013484
1415,15335.5,1.62712,0.45401,0.79672,0.85645,0.64264,0.77248,0.49429,1.59616,0.4334,0.79483,0.00013352,0.00013352,0.00013352
1416,15346.5,1.57448,0.44495,0.79961,0.85703,0.64374,0.77289,0.49452,1.5973,0.43378,0.79481,0.0001322,0.0001322,0.0001322
1417,15357.9,1.59669,0.45185,0.79579,0.85839,0.64443,0.77493,0.49368,1.60561,0.4336,0.79478,0.00013088,0.00013088,0.00013088
1418,15368.7,1.6589,0.45506,0.7974,0.85697,0.64333,0.77408,0.49308,1.60782,0.43599,0.7949,0.00012956,0.00012956,0.00012956
1419,15379.4,1.59272,0.44266,0.80159,0.85705,0.64086,0.77288,0.49287,1.60421,0.43452,0.79453,0.00012824,0.00012824,0.00012824
1420,15390,1.58216,0.44529,0.80126,0.85784,0.64121,0.77348,0.49312,1.60161,0.43386,0.7946,0.00012692,0.00012692,0.00012692
1421,15400.7,1.59087,0.44456,0.79812,0.85799,0.64368,0.77456,0.49393,1.60035,0.43338,0.79457,0.0001256,0.0001256,0.0001256
1422,15411.5,1.74675,0.47151,0.79677,0.85735,0.64444,0.77449,0.49422,1.60468,0.43324,0.79466,0.00012428,0.00012428,0.00012428
1423,15422.5,1.64834,0.45358,0.80058,0.85563,0.63874,0.77085,0.49059,1.61933,0.43482,0.79495,0.00012296,0.00012296,0.00012296
1424,15433.2,1.64233,0.4567,0.80107,0.85337,0.63678,0.7696,0.48943,1.62516,0.43621,0.79497,0.00012164,0.00012164,0.00012164
1425,15444.3,1.57514,0.4392,0.79866,0.85678,0.64044,0.77124,0.49115,1.60906,0.43421,0.7948,0.00012032,0.00012032,0.00012032
1426,15455,1.58936,0.4451,0.79998,0.85717,0.64278,0.77239,0.49258,1.60446,0.43249,0.79467,0.000119,0.000119,0.000119
1427,15466.1,1.65067,0.4548,0.79974,0.85554,0.64396,0.77227,0.49314,1.60002,0.43251,0.79468,0.00011768,0.00011768,0.00011768
1428,15476.9,1.62611,0.45331,0.79744,0.85538,0.64223,0.77112,0.4936,1.59727,0.43277,0.79466,0.00011636,0.00011636,0.00011636
1429,15487.8,1.62869,0.45442,0.79747,0.85655,0.63694,0.76894,0.49243,1.60314,0.43215,0.79435,0.00011504,0.00011504,0.00011504
1430,15498.6,1.62233,0.45085,0.80039,0.85649,0.63756,0.76975,0.49261,1.60227,0.43255,0.79449,0.00011372,0.00011372,0.00011372
1431,15509.7,1.62869,0.44759,0.79859,0.85778,0.64058,0.77135,0.49434,1.59393,0.43138,0.79416,0.0001124,0.0001124,0.0001124
1432,15520.4,1.68693,0.46146,0.79932,0.85718,0.64195,0.77265,0.49505,1.59606,0.4318,0.79419,0.00011108,0.00011108,0.00011108
1433,15531.7,1.67903,0.46125,0.79792,0.85754,0.64377,0.77373,0.49463,1.59814,0.433,0.79416,0.00010976,0.00010976,0.00010976
1434,15542.5,1.5255,0.43586,0.79756,0.85559,0.64388,0.77378,0.49481,1.59625,0.43399,0.79427,0.00010844,0.00010844,0.00010844
1435,15553.3,1.6029,0.44282,0.79925,0.8569,0.64223,0.77334,0.49383,1.60088,0.43595,0.7945,0.00010712,0.00010712,0.00010712
1436,15564,1.61518,0.44704,0.79421,0.85664,0.64168,0.77256,0.4938,1.60492,0.43624,0.79456,0.0001058,0.0001058,0.0001058
1437,15574.8,1.58531,0.44781,0.80029,0.85785,0.64208,0.77265,0.49409,1.60227,0.43491,0.79459,0.00010448,0.00010448,0.00010448
1438,15585.8,1.58947,0.44275,0.79559,0.85551,0.64377,0.77242,0.49435,1.60355,0.43395,0.79464,0.00010316,0.00010316,0.00010316
1439,15596.6,1.58522,0.44029,0.79811,0.85551,0.64264,0.77137,0.49245,1.6062,0.43424,0.79457,0.00010184,0.00010184,0.00010184
1440,15607.4,1.61229,0.45118,0.80213,0.85655,0.64237,0.77117,0.49148,1.61446,0.43738,0.79445,0.00010052,0.00010052,0.00010052
1441,15618.4,1.6232,0.45044,0.80225,0.85371,0.64091,0.76998,0.48911,1.62165,0.43715,0.79458,9.92e-05,9.92e-05,9.92e-05
1442,15629.4,1.60159,0.44781,0.79934,0.85273,0.64168,0.77018,0.49019,1.61514,0.43567,0.79447,9.788e-05,9.788e-05,9.788e-05
1443,15640.3,1.67751,0.4626,0.7994,0.85109,0.64184,0.77048,0.49177,1.60012,0.43371,0.79431,9.656e-05,9.656e-05,9.656e-05
1444,15651.2,1.69102,0.46744,0.79365,0.85014,0.64223,0.77107,0.49257,1.59906,0.43224,0.7943,9.524e-05,9.524e-05,9.524e-05
1445,15662.1,1.58809,0.44344,0.79937,0.85186,0.64264,0.77227,0.49398,1.59391,0.43257,0.79488,9.392e-05,9.392e-05,9.392e-05
1446,15672.8,1.51877,0.43992,0.80124,0.85192,0.64305,0.77271,0.49409,1.59473,0.4334,0.79489,9.26e-05,9.26e-05,9.26e-05
1447,15683.7,1.64185,0.44982,0.79825,0.85314,0.64281,0.77381,0.49385,1.59696,0.43365,0.79473,9.128e-05,9.128e-05,9.128e-05
1448,15694.3,1.5368,0.43312,0.79941,0.85458,0.64237,0.77421,0.49429,1.59687,0.43273,0.79485,8.996e-05,8.996e-05,8.996e-05
1449,15705.2,1.59534,0.44884,0.79894,0.85475,0.64195,0.774,0.49539,1.59076,0.431,0.79483,8.864e-05,8.864e-05,8.864e-05
1450,15716.6,1.57859,0.44546,0.79817,0.85483,0.64237,0.77369,0.49509,1.58974,0.43047,0.79476,8.732e-05,8.732e-05,8.732e-05
1451,15727.4,1.68593,0.46006,0.79977,0.85444,0.64195,0.77336,0.49426,1.59784,0.43273,0.79482,8.6e-05,8.6e-05,8.6e-05
1452,15738,1.61366,0.44523,0.7992,0.8545,0.64098,0.77214,0.49319,1.60486,0.43271,0.79484,8.468e-05,8.468e-05,8.468e-05
1453,15748.9,1.64643,0.4519,0.79814,0.8539,0.63952,0.77025,0.49143,1.61246,0.43505,0.79515,8.336e-05,8.336e-05,8.336e-05
1454,15759.8,1.63305,0.454,0.80073,0.85313,0.64058,0.77082,0.49122,1.61249,0.43502,0.79515,8.204e-05,8.204e-05,8.204e-05
1455,15770.6,1.57985,0.44301,0.79726,0.85298,0.64201,0.77198,0.49257,1.60223,0.43388,0.79499,8.072e-05,8.072e-05,8.072e-05
1456,15781.3,1.59264,0.44445,0.8015,0.85464,0.64292,0.77291,0.49346,1.59912,0.43285,0.79508,7.94e-05,7.94e-05,7.94e-05
1457,15792.3,1.64271,0.45255,0.80106,0.85865,0.64099,0.77319,0.49388,1.59456,0.43261,0.79506,7.808e-05,7.808e-05,7.808e-05
1458,15803.1,1.56774,0.43909,0.79965,0.85896,0.63976,0.77287,0.49411,1.59653,0.43334,0.79511,7.676e-05,7.676e-05,7.676e-05
1459,15814.1,1.63667,0.44727,0.79873,0.86029,0.63827,0.77268,0.49392,1.60022,0.43426,0.79517,7.544e-05,7.544e-05,7.544e-05
1460,15824.8,1.53451,0.43862,0.79752,0.86002,0.63948,0.77329,0.49425,1.60149,0.43382,0.79521,7.412e-05,7.412e-05,7.412e-05
1461,15836,1.73093,0.46626,0.79811,0.85771,0.63967,0.7734,0.49442,1.60125,0.43333,0.79498,7.28e-05,7.28e-05,7.28e-05
1462,15846.8,1.66353,0.45723,0.79363,0.85782,0.64025,0.774,0.4947,1.60499,0.4335,0.79503,7.148e-05,7.148e-05,7.148e-05
1463,15857.4,1.60409,0.44287,0.79779,0.8582,0.63978,0.77359,0.49426,1.60717,0.43353,0.79492,7.016e-05,7.016e-05,7.016e-05
1464,15868.1,1.5835,0.44707,0.80028,0.85665,0.64075,0.77323,0.49423,1.60383,0.43323,0.79496,6.884e-05,6.884e-05,6.884e-05
1465,15879,1.67471,0.45453,0.79752,0.85319,0.64072,0.77194,0.49247,1.60494,0.43346,0.79502,6.752e-05,6.752e-05,6.752e-05
1466,15889.6,1.62646,0.44921,0.79816,0.85266,0.64031,0.77088,0.49182,1.60839,0.43322,0.79492,6.62e-05,6.62e-05,6.62e-05
1467,15900.3,1.59231,0.44066,0.7964,0.85045,0.64017,0.77024,0.49207,1.60989,0.43467,0.79483,6.488e-05,6.488e-05,6.488e-05
1468,15911.2,1.70765,0.46024,0.7986,0.85327,0.64154,0.77129,0.49244,1.60595,0.43444,0.79464,6.356e-05,6.356e-05,6.356e-05
1469,15921.8,1.58016,0.44732,0.80014,0.85489,0.64347,0.77268,0.49374,1.59813,0.43403,0.79449,6.224e-05,6.224e-05,6.224e-05
1470,15932.5,1.55933,0.44003,0.79568,0.85473,0.64374,0.77306,0.49399,1.59659,0.43323,0.79446,6.092e-05,6.092e-05,6.092e-05
1471,15943.5,1.63399,0.44702,0.79764,0.85547,0.64209,0.772,0.4938,1.59679,0.43318,0.79443,5.96e-05,5.96e-05,5.96e-05
1472,15954.3,1.59982,0.44405,0.80094,0.85558,0.64154,0.77168,0.49352,1.60188,0.43433,0.79452,5.828e-05,5.828e-05,5.828e-05
1473,15965.1,1.61945,0.44532,0.80068,0.85831,0.64003,0.7716,0.49282,1.60304,0.43349,0.79468,5.696e-05,5.696e-05,5.696e-05
1474,15976,1.58528,0.44139,0.79749,0.85689,0.64003,0.77207,0.49306,1.60166,0.43268,0.79462,5.564e-05,5.564e-05,5.564e-05
1475,15986.9,1.55843,0.43757,0.79836,0.85574,0.64011,0.77136,0.49388,1.59499,0.43317,0.79464,5.432e-05,5.432e-05,5.432e-05
1476,15997.5,1.58314,0.44366,0.80013,0.85627,0.63957,0.77128,0.49427,1.59387,0.43249,0.79472,5.3e-05,5.3e-05,5.3e-05
1477,16008.5,1.63503,0.45245,0.79731,0.85571,0.6388,0.77142,0.49465,1.59821,0.43127,0.79465,5.168e-05,5.168e-05,5.168e-05
1478,16019.2,1.60254,0.44735,0.80077,0.85558,0.63929,0.77159,0.49397,1.60166,0.4316,0.79474,5.036e-05,5.036e-05,5.036e-05
1479,16030,1.55703,0.4432,0.79948,0.85398,0.6388,0.7711,0.49384,1.60178,0.43261,0.79476,4.904e-05,4.904e-05,4.904e-05
1480,16040.6,1.4965,0.42971,0.80333,0.85284,0.64046,0.7718,0.49379,1.6035,0.4338,0.79468,4.772e-05,4.772e-05,4.772e-05
1481,16051.4,1.62037,0.45109,0.79637,0.85302,0.6414,0.77159,0.49452,1.59505,0.43151,0.79462,4.64e-05,4.64e-05,4.64e-05
1482,16062.2,1.65832,0.45547,0.79884,0.85232,0.64195,0.77211,0.49454,1.59272,0.43155,0.79451,4.508e-05,4.508e-05,4.508e-05
1483,16072.9,1.64761,0.45632,0.79596,0.85161,0.64135,0.77181,0.49485,1.58987,0.43096,0.79461,4.376e-05,4.376e-05,4.376e-05
1484,16083.7,1.53158,0.4355,0.80011,0.85186,0.64195,0.77217,0.49462,1.58999,0.43128,0.79458,4.244e-05,4.244e-05,4.244e-05
1485,16094.6,1.56541,0.43732,0.79954,0.85232,0.64101,0.77243,0.49446,1.59242,0.43151,0.79444,4.112e-05,4.112e-05,4.112e-05
1486,16105.7,1.6651,0.45523,0.79707,0.85275,0.64168,0.77263,0.49446,1.59228,0.43196,0.79456,3.98e-05,3.98e-05,3.98e-05
1487,16116.5,1.56936,0.44405,0.80033,0.85415,0.64158,0.77297,0.4948,1.5913,0.43031,0.79466,3.848e-05,3.848e-05,3.848e-05
1488,16127.4,1.60453,0.44517,0.7993,0.85437,0.6419,0.77325,0.4951,1.59346,0.43131,0.79473,3.716e-05,3.716e-05,3.716e-05
1489,16138.4,1.61942,0.44879,0.79985,0.85343,0.64237,0.7724,0.4949,1.58652,0.43027,0.79457,3.584e-05,3.584e-05,3.584e-05
1490,16149.2,1.60876,0.44879,0.79905,0.85327,0.64209,0.77228,0.49531,1.5851,0.43017,0.79455,3.452e-05,3.452e-05,3.452e-05
1491,16209.7,1.48338,0.43699,0.79961,0.85472,0.6405,0.7701,0.49419,1.58625,0.42938,0.79466,3.32e-05,3.32e-05,3.32e-05
1492,16220,1.48138,0.42915,0.7971,0.85314,0.64043,0.76986,0.49364,1.58727,0.43048,0.79453,3.188e-05,3.188e-05,3.188e-05
1493,16230.4,1.55129,0.43958,0.80085,0.85365,0.63976,0.76847,0.49078,1.59668,0.43323,0.79477,3.056e-05,3.056e-05,3.056e-05
1494,16240.8,1.55597,0.43745,0.79934,0.85461,0.63935,0.76861,0.49001,1.60204,0.4354,0.79475,2.924e-05,2.924e-05,2.924e-05
1495,16251.4,1.5284,0.43564,0.79701,0.8541,0.63729,0.76708,0.48778,1.61369,0.43863,0.79527,2.792e-05,2.792e-05,2.792e-05
1496,16261.8,1.565,0.44941,0.79588,0.85312,0.63797,0.76702,0.48713,1.61842,0.43967,0.79556,2.66e-05,2.66e-05,2.66e-05
1497,16272.2,1.47549,0.42735,0.7971,0.85387,0.63856,0.76883,0.48743,1.62778,0.44045,0.79613,2.528e-05,2.528e-05,2.528e-05
1498,16282.7,1.5954,0.44789,0.79584,0.85588,0.63852,0.76931,0.48719,1.63194,0.44028,0.79622,2.396e-05,2.396e-05,2.396e-05
1499,16293.2,1.42859,0.41602,0.79689,0.85871,0.6383,0.77039,0.48786,1.63595,0.43993,0.79634,2.264e-05,2.264e-05,2.264e-05
1500,16303.6,1.43335,0.41692,0.79802,0.85915,0.63892,0.77113,0.48828,1.63805,0.44003,0.79625,2.132e-05,2.132e-05,2.132e-05
