epoch,time,train/box_loss,train/cls_loss,train/dfl_loss,metrics/precision(B),metrics/recall(B),metrics/mAP50(B),metrics/mAP50-95(B),val/box_loss,val/cls_loss,val/dfl_loss,lr/pg0,lr/pg1,lr/pg2
1,5.02609,13.7148,10.9981,2.63036,0.01422,0.01991,0.0077,0.00266,13.2082,6.73411,2.52614,0.09505,5e-05,5e-05
2,9.14924,12.745,6.21259,2.46549,0.02412,0.03377,0.01595,0.00554,12.6123,5.48106,2.30901,0.0891099,0.000109891,0.000109891
3,13.1054,11.5739,4.68706,2.12112,0.23075,0.04448,0.04435,0.01384,12.3574,4.28347,2.02117,0.0831697,0.000169663,0.000169663
4,16.9656,10.8918,3.99913,2.09076,0.20217,0.07166,0.06008,0.01544,12.161,5.56885,1.85546,0.0772293,0.000229317,0.000229317
5,20.7555,10.9654,3.99661,1.96566,0.18566,0.08539,0.06889,0.01646,12.168,5.95472,1.79661,0.0712889,0.000288852,0.000288852
6,24.5281,10.372,3.38329,1.91881,0.18197,0.08635,0.07092,0.01859,12.1933,5.06946,1.78665,0.0653483,0.000348267,0.000348267
7,28.3785,11.4947,3.58782,1.88903,0.18979,0.08278,0.06737,0.01791,12.2714,4.00834,1.77612,0.0594076,0.000407565,0.000407565
8,32.179,11.2858,3.25248,1.88315,0.21448,0.08155,0.07066,0.01851,12.1479,3.81508,1.76566,0.0534667,0.000466743,0.000466743
9,35.8189,10.9917,3.095,1.83982,0.19718,0.09006,0.07595,0.02049,12.0599,3.97688,1.77453,0.0475258,0.000525802,0.000525802
10,39.7674,11.0028,3.00226,1.84322,0.18194,0.09802,0.07698,0.02162,11.9157,3.84568,1.76292,0.0415847,0.000584743,0.000584743
11,43.4821,11.3614,3.41788,1.7715,0.17864,0.10667,0.07076,0.02026,11.7059,3.4674,1.74963,0.0356436,0.000643565,0.000643565
12,47.4382,10.4566,2.68665,1.87726,0.2072,0.10846,0.0866,0.02642,11.4439,3.14568,1.7395,0.0297023,0.000702268,0.000702268
13,51.2354,9.77622,2.70775,1.87694,0.23047,0.11367,0.09822,0.02897,11.4319,3.00785,1.74341,0.0237609,0.000760852,0.000760852
14,54.9744,10.4623,2.77332,1.86563,0.25348,0.12383,0.11124,0.03373,11.1297,2.90628,1.72692,0.0178193,0.000819318,0.000819318
15,58.6882,10.4934,2.69112,1.81504,0.26763,0.12411,0.11485,0.03443,11.0953,2.79313,1.71816,0.0118777,0.000877665,0.000877665
16,62.6224,10.7295,2.69984,1.78857,0.26878,0.12507,0.11628,0.03623,10.936,2.89125,1.72225,0.00593589,0.000935892,0.000935892
17,66.3916,9.99245,2.54234,1.8025,0.28402,0.12521,0.11878,0.03677,10.888,2.75778,1.71849,0.00098416,0.00098416,0.00098416
18,70.1327,10.4253,2.52295,1.77514,0.28495,0.12548,0.12124,0.03802,10.9241,2.69186,1.72514,0.00098317,0.00098317,0.00098317
19,73.7743,11.0583,2.7754,1.74838,0.30595,0.13454,0.13417,0.0404,10.6745,2.61261,1.70817,0.00098218,0.00098218,0.00098218
20,77.5114,10.4699,2.62945,1.80033,0.30277,0.13784,0.1355,0.0412,10.6734,2.60217,1.7064,0.00098119,0.00098119,0.00098119
21,81.1247,10.3159,2.54125,1.79991,0.28968,0.13427,0.13035,0.04069,10.7197,2.62602,1.7171,0.0009802,0.0009802,0.0009802
22,84.932,10.3053,2.47902,1.78853,0.29558,0.14017,0.13216,0.04102,10.5141,2.62915,1.71024,0.00097921,0.00097921,0.00097921
23,88.4891,10.0854,2.55578,1.80226,0.30126,0.14401,0.13725,0.0423,10.5332,2.57263,1.69964,0.00097822,0.00097822,0.00097822
24,92.2758,9.73537,2.42652,1.79575,0.30832,0.14338,0.13959,0.04257,10.5158,2.56069,1.70105,0.00097723,0.00097723,0.00097723
25,95.9369,9.22398,2.36907,1.80078,0.30787,0.14498,0.1392,0.04278,10.5319,2.56789,1.70632,0.00097624,0.00097624,0.00097624
26,99.6892,9.96895,2.56405,1.75322,0.31184,0.148,0.143,0.04407,10.4746,2.52888,1.69902,0.00097525,0.00097525,0.00097525
27,103.457,9.89779,2.35584,1.79227,0.31007,0.15404,0.14685,0.04433,10.403,2.50682,1.68846,0.00097426,0.00097426,0.00097426
28,107.201,10.3178,2.67464,1.71297,0.31333,0.15857,0.15175,0.045,10.3573,2.48469,1.68191,0.00097327,0.00097327,0.00097327
29,110.815,10.05,2.61437,1.72294,0.31477,0.15999,0.15369,0.04674,10.2526,2.48006,1.68547,0.00097228,0.00097228,0.00097228
30,114.514,9.70527,2.35058,1.78441,0.3233,0.16104,0.15722,0.04738,10.1886,2.47514,1.68114,0.00097129,0.00097129,0.00097129
31,118.143,9.42805,2.28506,1.74417,0.32447,0.15829,0.15368,0.0457,10.3316,2.45847,1.67846,0.0009703,0.0009703,0.0009703
32,121.934,10.2173,2.49346,1.71799,0.32762,0.15898,0.15462,0.04686,10.2734,2.44011,1.68062,0.00096931,0.00096931,0.00096931
33,125.491,9.44632,2.30955,1.79938,0.32806,0.15912,0.15539,0.04869,10.0909,2.42059,1.68086,0.00096832,0.00096832,0.00096832
34,129.223,9.54023,2.38543,1.72676,0.34427,0.16186,0.16223,0.04897,10.1193,2.40988,1.67586,0.00096733,0.00096733,0.00096733
35,132.859,9.28139,2.28564,1.78675,0.34521,0.16227,0.16097,0.04985,10.0833,2.40803,1.67972,0.00096634,0.00096634,0.00096634
36,136.655,9.814,2.41932,1.73046,0.35117,0.16273,0.1637,0.05091,10.0599,2.39513,1.67715,0.00096535,0.00096535,0.00096535
37,140.447,9.63275,2.4624,1.70436,0.34899,0.16214,0.16271,0.04861,10.1716,2.4079,1.67016,0.00096436,0.00096436,0.00096436
38,144.207,9.7147,2.31742,1.73935,0.35784,0.16667,0.16812,0.05171,10.063,2.39988,1.67738,0.00096337,0.00096337,0.00096337
39,147.925,10.0448,2.38547,1.73008,0.36188,0.16859,0.16951,0.05085,10.0515,2.3973,1.66837,0.00096238,0.00096238,0.00096238
40,151.564,9.81834,2.47794,1.71946,0.36207,0.16914,0.17043,0.05146,10.0466,2.38893,1.66754,0.00096139,0.00096139,0.00096139
41,155.18,9.20821,2.29656,1.78376,0.35804,0.16859,0.1705,0.05361,10.0007,2.39657,1.67401,0.0009604,0.0009604,0.0009604
42,158.969,9.56122,2.30343,1.79853,0.35955,0.16859,0.17038,0.05348,10.0131,2.39431,1.67212,0.00095941,0.00095941,0.00095941
43,162.537,9.4647,2.25898,1.73096,0.36562,0.16735,0.17157,0.0526,10.0054,2.39662,1.66241,0.00095842,0.00095842,0.00095842
44,166.153,9.83636,2.28783,1.71224,0.35455,0.16859,0.16927,0.05084,10.0653,2.37937,1.66142,0.00095743,0.00095743,0.00095743
45,169.707,9.90529,2.3478,1.70475,0.35912,0.17037,0.17179,0.054,9.90847,2.36491,1.66527,0.00095644,0.00095644,0.00095644
46,173.394,9.44625,2.37396,1.7413,0.3524,0.17161,0.17123,0.05428,9.90264,2.35216,1.66476,0.00095545,0.00095545,0.00095545
47,177.153,10.0574,2.45157,1.7144,0.3646,0.17071,0.17299,0.05401,9.89426,2.34145,1.65853,0.00095446,0.00095446,0.00095446
48,180.762,9.74063,2.30072,1.76863,0.36941,0.16818,0.17315,0.05505,9.84374,2.33804,1.6609,0.00095347,0.00095347,0.00095347
49,184.477,9.42069,2.34529,1.76266,0.36334,0.16804,0.17201,0.05459,9.84009,2.32339,1.66435,0.00095248,0.00095248,0.00095248
50,188.142,9.38377,2.41363,1.70661,0.37316,0.16722,0.17208,0.05401,9.81825,2.32715,1.65774,0.00095149,0.00095149,0.00095149
51,191.752,9.91316,2.59716,1.73487,0.37382,0.16982,0.17433,0.05546,9.83652,2.32238,1.66415,0.0009505,0.0009505,0.0009505
52,195.515,9.43541,2.18323,1.73193,0.37116,0.17049,0.17489,0.05526,9.7953,2.31208,1.66497,0.00094951,0.00094951,0.00094951
53,199.074,9.22809,2.3491,1.69551,0.37456,0.17147,0.17715,0.05608,9.70844,2.29955,1.65873,0.00094852,0.00094852,0.00094852
54,202.743,9.97536,2.43199,1.69915,0.37997,0.17243,0.17885,0.05627,9.70175,2.30343,1.65583,0.00094753,0.00094753,0.00094753
55,206.338,9.38752,2.3496,1.74884,0.37193,0.17435,0.17959,0.05734,9.72068,2.30402,1.65984,0.00094654,0.00094654,0.00094654
56,210.104,9.10154,2.23563,1.74402,0.37664,0.17641,0.18186,0.05803,9.65909,2.29565,1.65862,0.00094555,0.00094555,0.00094555
57,213.892,9.85413,2.29707,1.72587,0.37549,0.17738,0.18168,0.05768,9.71339,2.28953,1.65538,0.00094456,0.00094456,0.00094456
58,217.644,9.35439,2.21883,1.77278,0.37225,0.1793,0.18203,0.05861,9.63354,2.29037,1.65507,0.00094357,0.00094357,0.00094357
59,221.475,9.7663,2.32189,1.70851,0.36094,0.17559,0.17876,0.05782,9.82027,2.3363,1.66703,0.00094258,0.00094258,0.00094258
60,225.26,9.46974,2.266,1.72474,0.38526,0.17518,0.18469,0.05899,9.635,2.32173,1.65391,0.00094159,0.00094159,0.00094159
61,228.904,9.48276,2.30366,1.69341,0.38459,0.17889,0.18641,0.05884,9.67878,2.29663,1.65276,0.0009406,0.0009406,0.0009406
62,232.548,9.41372,2.34291,1.74703,0.39731,0.1749,0.19008,0.06058,9.62625,2.2916,1.65165,0.00093961,0.00093961,0.00093961
63,236.327,8.9951,2.17046,1.78262,0.38652,0.17532,0.18613,0.06096,9.63154,2.27392,1.65479,0.00093862,0.00093862,0.00093862
64,239.989,9.26392,2.27109,1.72151,0.3949,0.17104,0.18668,0.06147,9.59909,2.28271,1.65644,0.00093763,0.00093763,0.00093763
65,243.865,9.71066,2.33538,1.73107,0.40121,0.17724,0.191,0.06077,9.5287,2.25439,1.64957,0.00093664,0.00093664,0.00093664
66,247.504,9.45548,2.27564,1.71222,0.4034,0.17749,0.19299,0.06276,9.52413,2.26706,1.65268,0.00093565,0.00093565,0.00093565
67,251.107,9.4669,2.21237,1.71102,0.39773,0.17847,0.19225,0.06239,9.51695,2.25414,1.65457,0.00093466,0.00093466,0.00093466
68,255.024,8.88358,2.22723,1.70095,0.40254,0.18053,0.1958,0.06302,9.45673,2.25283,1.65052,0.00093367,0.00093367,0.00093367
69,258.624,9.63304,2.33817,1.70897,0.40024,0.17966,0.19553,0.06211,9.50019,2.25785,1.64996,0.00093268,0.00093268,0.00093268
70,262.266,9.2888,2.25391,1.70353,0.3878,0.18163,0.19173,0.06286,9.50885,2.23998,1.65284,0.00093169,0.00093169,0.00093169
71,265.921,8.96291,2.10284,1.72173,0.39694,0.1852,0.19549,0.06346,9.39219,2.21945,1.64561,0.0009307,0.0009307,0.0009307
72,269.754,9.20046,2.24073,1.70586,0.39386,0.18451,0.19506,0.06349,9.36122,2.21245,1.644,0.00092971,0.00092971,0.00092971
73,273.393,9.08774,2.10527,1.72452,0.38578,0.18369,0.19238,0.06314,9.44144,2.22532,1.64981,0.00092872,0.00092872,0.00092872
74,276.978,9.20522,2.32,1.68535,0.38661,0.18438,0.1959,0.0643,9.34093,2.22048,1.64403,0.00092773,0.00092773,0.00092773
75,280.598,9.66838,2.23279,1.65065,0.39218,0.1862,0.19897,0.06394,9.38443,2.21742,1.64141,0.00092674,0.00092674,0.00092674
76,284.224,9.26709,2.34106,1.69269,0.39757,0.18904,0.20167,0.0648,9.38534,2.21621,1.64371,0.00092575,0.00092575,0.00092575
77,287.942,8.83986,2.332,1.71975,0.39373,0.18561,0.20043,0.06525,9.39741,2.22078,1.64665,0.00092476,0.00092476,0.00092476
78,291.851,8.84439,2.14535,1.71115,0.37889,0.18026,0.18936,0.06213,9.56732,2.25118,1.6551,0.00092377,0.00092377,0.00092377
79,295.395,9.41139,2.28279,1.68122,0.39562,0.18589,0.1999,0.06518,9.35487,2.20002,1.64531,0.00092278,0.00092278,0.00092278
80,299.003,8.66071,2.17709,1.79299,0.40139,0.18136,0.19891,0.06497,9.35932,2.21057,1.64818,0.00092179,0.00092179,0.00092179
81,302.93,9.5908,2.42856,1.7305,0.3873,0.17806,0.19158,0.06354,9.52988,2.23533,1.65596,0.0009208,0.0009208,0.0009208
82,306.72,9.08974,2.16705,1.70884,0.39782,0.18602,0.20035,0.06554,9.3905,2.20253,1.64773,0.00091981,0.00091981,0.00091981
83,310.344,9.54226,2.29481,1.67352,0.41188,0.18767,0.20623,0.06495,9.35606,2.19661,1.641,0.00091882,0.00091882,0.00091882
84,314.003,8.51036,2.20794,1.73479,0.39994,0.18191,0.19886,0.06532,9.37123,2.21182,1.64729,0.00091783,0.00091783,0.00091783
85,317.619,8.83525,2.18809,1.72185,0.4016,0.18451,0.20139,0.06567,9.3154,2.20373,1.64566,0.00091684,0.00091684,0.00091684
86,321.281,8.91241,2.09027,1.70368,0.39647,0.1884,0.20239,0.06604,9.28752,2.19335,1.64614,0.00091585,0.00091585,0.00091585
87,324.991,9.11191,2.18089,1.67396,0.38944,0.18987,0.20216,0.06604,9.32577,2.18978,1.64515,0.00091486,0.00091486,0.00091486
88,328.698,9.22906,2.23633,1.69937,0.37963,0.18753,0.20018,0.06638,9.25372,2.18872,1.64256,0.00091387,0.00091387,0.00091387
89,332.409,8.61722,2.04359,1.74709,0.38366,0.18753,0.2013,0.06665,9.30367,2.18939,1.64408,0.00091288,0.00091288,0.00091288
90,336.128,8.97122,2.20635,1.69598,0.39739,0.18671,0.20397,0.06735,9.24994,2.17765,1.63942,0.00091189,0.00091189,0.00091189
91,339.897,8.88621,2.14104,1.70955,0.3921,0.18286,0.19865,0.06633,9.30647,2.18122,1.64384,0.0009109,0.0009109,0.0009109
92,343.576,9.03404,2.14906,1.69187,0.39752,0.19055,0.20629,0.0681,9.25827,2.16383,1.6436,0.00090991,0.00090991,0.00090991
93,347.411,9.24865,2.27208,1.70062,0.41582,0.18616,0.20815,0.06758,9.22896,2.20301,1.63576,0.00090892,0.00090892,0.00090892
94,351.181,8.85294,2.10106,1.72722,0.39919,0.18753,0.20433,0.06746,9.29357,2.17138,1.64109,0.00090793,0.00090793,0.00090793
95,354.819,8.70893,2.15765,1.69905,0.41305,0.18891,0.20794,0.06883,9.19755,2.1824,1.63776,0.00090694,0.00090694,0.00090694
96,358.64,9.14555,2.17519,1.74061,0.4108,0.19138,0.20959,0.06895,9.19149,2.16119,1.63648,0.00090595,0.00090595,0.00090595
97,362.519,9.1794,2.27189,1.66968,0.39397,0.19165,0.20575,0.06824,9.31777,2.17781,1.6425,0.00090496,0.00090496,0.00090496
98,366.365,8.69559,2.09605,1.75174,0.38771,0.18712,0.20291,0.06779,9.30027,2.16494,1.64321,0.00090397,0.00090397,0.00090397
99,369.985,8.90973,2.10046,1.73338,0.41063,0.19437,0.21372,0.07015,9.15428,2.15523,1.63394,0.00090298,0.00090298,0.00090298
100,373.782,8.88341,2.13596,1.70536,0.41122,0.18973,0.21092,0.06958,9.15051,2.15609,1.6342,0.00090199,0.00090199,0.00090199
101,377.52,8.50761,2.01734,1.70354,0.40009,0.18897,0.20725,0.06973,9.19566,2.15078,1.63682,0.000901,0.000901,0.000901
102,381.227,8.66676,2.12673,1.72128,0.40625,0.19125,0.21127,0.06991,9.1974,2.14458,1.63556,0.00090001,0.00090001,0.00090001
103,384.924,8.62115,2.04157,1.733,0.41367,0.1912,0.21352,0.07015,9.16675,2.14899,1.63144,0.00089902,0.00089902,0.00089902
104,388.719,9.23636,2.19212,1.69536,0.42178,0.18932,0.21218,0.06919,9.19352,2.15276,1.63181,0.00089803,0.00089803,0.00089803
105,392.373,9.00978,2.22287,1.67383,0.41629,0.19206,0.21365,0.0711,9.13841,2.13956,1.63529,0.00089704,0.00089704,0.00089704
106,396.15,8.84897,2.14964,1.70705,0.4162,0.19014,0.21225,0.07108,9.10458,2.13732,1.63395,0.00089605,0.00089605,0.00089605
107,399.867,8.83432,2.38149,1.72202,0.43564,0.18715,0.21379,0.06959,9.17941,2.19583,1.63013,0.00089506,0.00089506,0.00089506
108,403.658,8.66152,2.21337,1.74272,0.43076,0.19357,0.21805,0.07143,9.10407,2.14186,1.62898,0.00089407,0.00089407,0.00089407
109,407.423,8.61198,2.13328,1.67743,0.42534,0.19378,0.2178,0.07199,9.04956,2.13338,1.63037,0.00089308,0.00089308,0.00089308
110,411.214,9.16837,2.23916,1.68506,0.4294,0.1944,0.21885,0.07141,9.1447,2.1539,1.62999,0.00089209,0.00089209,0.00089209
111,414.769,9.36447,2.20085,1.70109,0.42161,0.19495,0.21745,0.07279,9.03532,2.13194,1.6305,0.0008911,0.0008911,0.0008911
112,418.612,8.08405,1.99255,1.77562,0.42617,0.19289,0.21517,0.07131,9.10769,2.15422,1.63325,0.00089011,0.00089011,0.00089011
113,422.196,8.97231,2.13418,1.70588,0.42429,0.19357,0.21812,0.07132,9.11845,2.14528,1.6321,0.00088912,0.00088912,0.00088912
114,426.04,8.80269,2.10803,1.69802,0.42167,0.19158,0.21742,0.07273,9.06869,2.1338,1.6327,0.00088813,0.00088813,0.00088813
115,429.604,8.97951,2.21867,1.67268,0.4193,0.19124,0.21532,0.07268,9.08155,2.12249,1.63557,0.00088714,0.00088714,0.00088714
116,433.296,9.46712,2.15523,1.66865,0.42256,0.19248,0.21599,0.07272,9.05313,2.1278,1.63482,0.00088615,0.00088615,0.00088615
117,436.925,8.82515,2.00219,1.72053,0.42504,0.19371,0.21747,0.072,9.12675,2.12661,1.63203,0.00088516,0.00088516,0.00088516
118,440.764,9.02182,2.25236,1.69862,0.42732,0.19556,0.21961,0.07241,9.08363,2.12204,1.63138,0.00088417,0.00088417,0.00088417
119,444.374,8.92032,2.12214,1.69463,0.41841,0.19055,0.21299,0.07166,9.08783,2.12898,1.63528,0.00088318,0.00088318,0.00088318
120,447.975,8.96466,2.18296,1.68042,0.40563,0.19066,0.20872,0.07134,9.13295,2.13266,1.63792,0.00088219,0.00088219,0.00088219
121,451.55,8.24568,2.01372,1.72757,0.4316,0.19646,0.22197,0.07268,9.03717,2.12325,1.63119,0.0008812,0.0008812,0.0008812
122,455.184,8.65148,2.19392,1.73151,0.436,0.19399,0.22095,0.07212,9.06697,2.13832,1.62865,0.00088021,0.00088021,0.00088021
123,458.868,8.53357,2.02587,1.70712,0.41036,0.1944,0.21299,0.07169,9.07856,2.13839,1.63297,0.00087922,0.00087922,0.00087922
124,462.531,9.12548,2.16531,1.69342,0.41909,0.19797,0.21956,0.07347,9.01499,2.12344,1.63227,0.00087823,0.00087823,0.00087823
125,466.195,9.076,2.11094,1.68792,0.42796,0.19893,0.22085,0.07257,9.09094,2.13192,1.63061,0.00087724,0.00087724,0.00087724
126,469.976,8.85433,2.1765,1.65818,0.42533,0.19174,0.21753,0.07403,9.08585,2.13701,1.63097,0.00087625,0.00087625,0.00087625
127,473.603,8.67401,2.05245,1.70758,0.43024,0.19605,0.22127,0.07512,8.97944,2.12446,1.63027,0.00087526,0.00087526,0.00087526
128,477.442,8.25089,2.05319,1.75045,0.42753,0.19742,0.22191,0.07523,8.98434,2.11443,1.63196,0.00087427,0.00087427,0.00087427
129,481.233,8.78102,2.16292,1.6825,0.43585,0.19385,0.22325,0.07449,9.02026,2.13821,1.62803,0.00087328,0.00087328,0.00087328
130,484.91,8.7477,2.10103,1.70045,0.43501,0.19412,0.22261,0.07457,9.02204,2.1183,1.62813,0.00087229,0.00087229,0.00087229
131,488.547,8.56484,2.02388,1.70942,0.42207,0.19495,0.22012,0.07568,8.94755,2.09309,1.63134,0.0008713,0.0008713,0.0008713
132,492.224,8.82278,2.09802,1.74157,0.42429,0.19659,0.22186,0.07574,8.91232,2.08306,1.63094,0.00087031,0.00087031,0.00087031
133,496.099,8.80993,2.09463,1.66976,0.4315,0.19577,0.22358,0.07552,8.9964,2.10109,1.62836,0.00086932,0.00086932,0.00086932
134,499.762,8.26031,1.941,1.7244,0.42789,0.19811,0.22368,0.07479,8.96007,2.08786,1.62667,0.00086833,0.00086833,0.00086833
135,503.475,8.02367,1.93086,1.7122,0.42575,0.1996,0.22539,0.07645,8.86539,2.07818,1.62714,0.00086734,0.00086734,0.00086734
136,507.14,8.58798,2.05511,1.72141,0.42636,0.1955,0.2234,0.07622,8.887,2.07893,1.62476,0.00086635,0.00086635,0.00086635
137,510.776,8.63943,2.0924,1.71398,0.42676,0.19646,0.22416,0.07613,8.86903,2.08323,1.62316,0.00086536,0.00086536,0.00086536
138,514.65,8.64381,2.03347,1.71941,0.42746,0.19618,0.22274,0.07454,8.90751,2.09246,1.62231,0.00086437,0.00086437,0.00086437
139,518.181,8.74764,2.14699,1.70093,0.42679,0.19797,0.22496,0.07567,8.86583,2.08073,1.62225,0.00086338,0.00086338,0.00086338
140,521.864,8.6759,2.09646,1.68237,0.42276,0.20099,0.22492,0.07624,8.83917,2.07893,1.62336,0.00086239,0.00086239,0.00086239
141,525.367,8.40818,2.08207,1.72062,0.42664,0.19591,0.22142,0.07353,9.01426,2.09855,1.62165,0.0008614,0.0008614,0.0008614
142,529.222,8.52607,2.10553,1.68265,0.42826,0.20167,0.22616,0.07437,8.92857,2.09165,1.62424,0.00086041,0.00086041,0.00086041
143,532.983,8.83373,2.09207,1.70673,0.42715,0.2014,0.22445,0.07581,8.89137,2.08474,1.62765,0.00085942,0.00085942,0.00085942
144,536.653,8.61646,2.0846,1.68449,0.4245,0.20085,0.22332,0.07593,8.8998,2.07969,1.62904,0.00085843,0.00085843,0.00085843
145,540.274,8.61827,2.18945,1.69453,0.43081,0.20154,0.22683,0.07582,8.90623,2.07841,1.62335,0.00085744,0.00085744,0.00085744
146,544.097,8.66053,2.09005,1.72306,0.42764,0.20113,0.22649,0.07664,8.87529,2.0744,1.62279,0.00085645,0.00085645,0.00085645
147,547.696,8.7807,2.24656,1.71299,0.42617,0.20277,0.22768,0.07781,8.81186,2.07323,1.62485,0.00085546,0.00085546,0.00085546
148,551.571,8.35823,1.93339,1.72114,0.4271,0.20305,0.22941,0.07873,8.75567,2.0664,1.62399,0.00085447,0.00085447,0.00085447
149,555.185,9.29448,2.22999,1.63664,0.42963,0.19937,0.22706,0.07713,8.81539,2.07475,1.62009,0.00085348,0.00085348,0.00085348
150,558.813,8.93987,2.12416,1.66731,0.4393,0.20058,0.22952,0.07834,8.83701,2.07012,1.62044,0.00085249,0.00085249,0.00085249
151,562.437,8.84358,2.11847,1.72425,0.42609,0.20236,0.22847,0.07911,8.79999,2.05899,1.62495,0.0008515,0.0008515,0.0008515
152,566.106,8.44666,2.07919,1.69768,0.43431,0.19962,0.22671,0.07827,8.88165,2.06769,1.62848,0.00085051,0.00085051,0.00085051
153,569.795,8.60205,2.02781,1.75592,0.43895,0.20129,0.23021,0.07936,8.81371,2.06099,1.62424,0.00084952,0.00084952,0.00084952
154,573.578,8.37279,2.06711,1.69952,0.43749,0.2014,0.23001,0.07943,8.7972,2.05512,1.6252,0.00084853,0.00084853,0.00084853
155,577.262,8.42568,2.08541,1.69658,0.43691,0.19852,0.22862,0.07898,8.87951,2.06655,1.62781,0.00084754,0.00084754,0.00084754
156,580.903,8.88028,2.14067,1.67861,0.43989,0.19893,0.23121,0.08024,8.79373,2.05304,1.62491,0.00084655,0.00084655,0.00084655
157,584.541,8.51502,2.19133,1.69901,0.45223,0.19852,0.23218,0.07844,8.8722,2.07284,1.6218,0.00084556,0.00084556,0.00084556
158,588.395,8.21439,1.97276,1.71475,0.44923,0.19714,0.23156,0.0785,8.86419,2.07846,1.62125,0.00084457,0.00084457,0.00084457
159,592.022,8.42586,2.0468,1.70697,0.4501,0.20236,0.2335,0.08003,8.75979,2.054,1.62372,0.00084358,0.00084358,0.00084358
160,595.691,9.01429,2.11566,1.66102,0.44818,0.20415,0.23569,0.08025,8.7959,2.05826,1.62203,0.00084259,0.00084259,0.00084259
161,599.313,9.59985,2.28352,1.65464,0.45007,0.19865,0.23166,0.07682,8.9634,2.0939,1.62119,0.0008416,0.0008416,0.0008416
162,602.946,9.11892,2.16637,1.67457,0.44479,0.2003,0.23133,0.07806,8.86613,2.07204,1.61964,0.00084061,0.00084061,0.00084061
163,606.543,8.53244,1.97876,1.68347,0.44172,0.20291,0.23222,0.08049,8.74137,2.05892,1.62025,0.00083962,0.00083962,0.00083962
164,610.426,8.76277,2.12491,1.67318,0.44404,0.20016,0.22913,0.07668,8.89246,2.07542,1.61902,0.00083863,0.00083863,0.00083863
165,614.024,8.1614,1.89653,1.74361,0.44371,0.20094,0.23123,0.07932,8.77435,2.05646,1.62008,0.00083764,0.00083764,0.00083764
166,617.673,8.93345,2.14541,1.66026,0.44768,0.19701,0.2299,0.07855,8.83065,2.07139,1.61879,0.00083665,0.00083665,0.00083665
167,621.299,9.29964,2.2111,1.68553,0.43873,0.19934,0.23109,0.07989,8.78133,2.05062,1.62023,0.00083566,0.00083566,0.00083566
168,624.918,8.38899,2.03272,1.67508,0.4372,0.20277,0.2321,0.08103,8.73009,2.04754,1.6191,0.00083467,0.00083467,0.00083467
169,628.796,9.04353,2.08169,1.67035,0.44144,0.19989,0.23185,0.07911,8.82309,2.05627,1.61753,0.00083368,0.00083368,0.00083368
170,632.394,8.87253,2.13288,1.69915,0.44372,0.2025,0.2346,0.08068,8.75844,2.05342,1.61672,0.00083269,0.00083269,0.00083269
171,636.139,8.71029,2.04412,1.70355,0.43742,0.20677,0.23418,0.08124,8.7366,2.05216,1.61848,0.0008317,0.0008317,0.0008317
172,639.88,9.16111,2.23984,1.66656,0.43152,0.20346,0.23162,0.0803,8.76095,2.04933,1.62048,0.00083071,0.00083071,0.00083071
173,643.429,9.17432,2.18975,1.67422,0.44696,0.20373,0.23556,0.08066,8.70473,2.04995,1.61581,0.00082972,0.00082972,0.00082972
174,647.263,8.35327,2.03879,1.69827,0.44578,0.2014,0.2337,0.08025,8.73144,2.05936,1.61663,0.00082873,0.00082873,0.00082873
175,650.897,8.39776,2.02302,1.66929,0.44212,0.20319,0.23495,0.08135,8.70106,2.04461,1.61648,0.00082774,0.00082774,0.00082774
176,654.594,8.64006,2.08102,1.70856,0.44212,0.20422,0.23439,0.08096,8.67939,2.05172,1.61435,0.00082675,0.00082675,0.00082675
177,658.154,8.43251,2.12163,1.75023,0.44117,0.20373,0.23427,0.08106,8.74743,2.05333,1.61697,0.00082576,0.00082576,0.00082576
178,661.781,8.7484,2.04017,1.73492,0.43625,0.20387,0.23314,0.08117,8.73791,2.06021,1.61886,0.00082477,0.00082477,0.00082477
179,665.588,8.19424,1.94948,1.73069,0.43568,0.20415,0.23336,0.08085,8.69588,2.04705,1.61843,0.00082378,0.00082378,0.00082378
180,669.312,8.23601,1.97438,1.68451,0.44798,0.20126,0.23404,0.08153,8.6662,2.04795,1.61689,0.00082279,0.00082279,0.00082279
181,672.915,8.92546,2.0869,1.7054,0.43643,0.20332,0.23278,0.08078,8.67881,2.04356,1.61776,0.0008218,0.0008218,0.0008218
182,676.628,8.39652,2.03261,1.68841,0.44526,0.20016,0.23373,0.08128,8.68374,2.04408,1.61566,0.00082081,0.00082081,0.00082081
183,680.326,8.41909,2.00632,1.67178,0.43851,0.20264,0.23294,0.08172,8.6635,2.03505,1.61861,0.00081982,0.00081982,0.00081982
184,684.202,8.79345,2.05603,1.66791,0.43795,0.20456,0.23521,0.08198,8.67051,2.03383,1.61811,0.00081883,0.00081883,0.00081883
185,687.979,8.55411,2.09644,1.68453,0.44593,0.20319,0.23473,0.08124,8.69144,2.03877,1.61568,0.00081784,0.00081784,0.00081784
186,691.552,8.30523,2.02797,1.67292,0.44368,0.20016,0.2314,0.07967,8.74504,2.05949,1.61598,0.00081685,0.00081685,0.00081685
187,695.268,8.33578,2.02092,1.68377,0.44759,0.20201,0.23356,0.08213,8.67025,2.04289,1.61575,0.00081586,0.00081586,0.00081586
188,698.982,8.25656,1.9734,1.68362,0.45034,0.20415,0.23472,0.08239,8.68078,2.03941,1.6157,0.00081487,0.00081487,0.00081487
189,702.856,8.46522,2.0591,1.7028,0.45352,0.20508,0.23669,0.08028,8.75733,2.04881,1.61476,0.00081388,0.00081388,0.00081388
190,706.561,8.23572,1.9692,1.67437,0.4483,0.20325,0.23629,0.08131,8.73663,2.04789,1.61453,0.00081289,0.00081289,0.00081289
191,710.431,8.35284,2.03024,1.6493,0.44302,0.20456,0.23454,0.08303,8.66106,2.02934,1.61676,0.0008119,0.0008119,0.0008119
192,714.3,8.77053,2.0368,1.68165,0.44002,0.20332,0.23415,0.08298,8.64037,2.02652,1.61695,0.00081091,0.00081091,0.00081091
193,717.888,8.48328,2.04729,1.68069,0.45333,0.20195,0.23783,0.08285,8.68874,2.04123,1.61517,0.00080992,0.00080992,0.00080992
194,721.681,8.63224,2.07844,1.65546,0.44561,0.20524,0.2373,0.0824,8.65205,2.0331,1.61467,0.00080893,0.00080893,0.00080893
195,725.423,8.57479,2.08778,1.66406,0.44103,0.20277,0.23379,0.08309,8.63651,2.03006,1.61794,0.00080794,0.00080794,0.00080794
196,729.213,7.9446,2.01422,1.67142,0.4439,0.20569,0.2384,0.08442,8.60203,2.0284,1.61497,0.00080695,0.00080695,0.00080695
197,733.552,8.31142,1.95205,1.68632,0.44289,0.20593,0.23767,0.0836,8.64946,2.02746,1.61426,0.00080596,0.00080596,0.00080596
198,737.978,8.25641,1.95648,1.66974,0.43472,0.2073,0.23699,0.08265,8.68169,2.02765,1.61269,0.00080497,0.00080497,0.00080497
199,742.369,8.64143,2.08757,1.66379,0.44089,0.20538,0.23638,0.08378,8.5995,2.02118,1.61459,0.00080398,0.00080398,0.00080398
200,746.794,8.90316,2.16766,1.65836,0.43448,0.20511,0.23645,0.08376,8.60467,2.0164,1.61415,0.00080299,0.00080299,0.00080299
201,751.155,8.1771,1.92285,1.70608,0.44085,0.20631,0.2391,0.08272,8.69682,2.02145,1.61276,0.000802,0.000802,0.000802
202,755.114,8.02308,1.98844,1.7107,0.44259,0.20332,0.2362,0.08421,8.61233,2.01035,1.61309,0.00080101,0.00080101,0.00080101
203,759.155,8.48715,2.05415,1.70098,0.44269,0.20538,0.2367,0.08416,8.61274,2.00812,1.61494,0.00080002,0.00080002,0.00080002
204,763.591,8.427,1.9787,1.69339,0.44181,0.20524,0.2373,0.08348,8.64033,2.01034,1.61541,0.00079903,0.00079903,0.00079903
205,767.592,8.07057,1.96746,1.72047,0.45428,0.20524,0.24088,0.08368,8.67042,2.03115,1.61299,0.00079804,0.00079804,0.00079804
206,771.534,8.41743,1.97796,1.66833,0.45629,0.20387,0.243,0.08463,8.63686,2.02705,1.6118,0.00079705,0.00079705,0.00079705
207,775.92,8.5562,2.06411,1.69428,0.45627,0.20428,0.24281,0.08402,8.68649,2.03003,1.61174,0.00079606,0.00079606,0.00079606
208,779.861,8.46889,1.98784,1.65057,0.46008,0.20414,0.24316,0.0835,8.73125,2.0424,1.61184,0.00079507,0.00079507,0.00079507
209,783.908,8.19171,1.96223,1.68252,0.45475,0.2037,0.24146,0.08512,8.58736,2.02197,1.61216,0.00079408,0.00079408,0.00079408
210,788.151,8.22988,1.91929,1.67658,0.45099,0.20662,0.24143,0.08569,8.59159,2.01391,1.61244,0.00079309,0.00079309,0.00079309
211,792.829,8.15731,1.98026,1.63207,0.46412,0.20566,0.24602,0.08594,8.60316,2.02802,1.60907,0.0007921,0.0007921,0.0007921
212,797.878,8.56313,2.12727,1.6379,0.46858,0.20799,0.24658,0.08612,8.60684,2.01857,1.60782,0.00079111,0.00079111,0.00079111
213,803.038,8.49779,1.99815,1.68302,0.45244,0.20991,0.2453,0.08749,8.50653,1.99574,1.60904,0.00079012,0.00079012,0.00079012
214,809.807,8.67499,2.14476,1.63632,0.4542,0.21115,0.24592,0.08702,8.51349,1.99863,1.60828,0.00078913,0.00078913,0.00078913
215,814.334,8.81083,2.08776,1.66876,0.45055,0.21238,0.24599,0.08708,8.5063,2.00426,1.60927,0.00078814,0.00078814,0.00078814
216,818.88,8.51966,2.00881,1.68455,0.4373,0.20964,0.23918,0.08575,8.53067,2.01053,1.61327,0.00078715,0.00078715,0.00078715
217,823.927,8.79984,2.10779,1.66139,0.44595,0.21087,0.2439,0.08654,8.49518,2.00249,1.60914,0.00078616,0.00078616,0.00078616
218,828.451,7.90329,1.95128,1.71132,0.45173,0.20949,0.24567,0.08677,8.50318,2.01345,1.60675,0.00078517,0.00078517,0.00078517
219,833.281,8.1445,1.98622,1.67706,0.43686,0.21101,0.24318,0.08693,8.4999,2.00597,1.6083,0.00078418,0.00078418,0.00078418
220,838.012,8.59476,2.07731,1.65404,0.44486,0.20744,0.24098,0.08645,8.52793,2.01163,1.60886,0.00078319,0.00078319,0.00078319
221,843.051,8.22673,1.9538,1.69932,0.44505,0.20785,0.2416,0.08598,8.52493,2.00382,1.60729,0.0007822,0.0007822,0.0007822
222,847.592,8.93925,2.098,1.68554,0.44546,0.21019,0.24263,0.08671,8.51323,1.99692,1.60866,0.00078121,0.00078121,0.00078121
223,852.251,8.71282,2.09713,1.6679,0.44861,0.21032,0.24483,0.08755,8.47743,1.99295,1.608,0.00078022,0.00078022,0.00078022
224,857.331,8.50513,2.08321,1.64179,0.44943,0.20923,0.24403,0.08687,8.49077,1.99077,1.60635,0.00077923,0.00077923,0.00077923
225,861.858,8.07898,1.90951,1.67654,0.43686,0.21142,0.2402,0.08643,8.43806,1.9919,1.60837,0.00077824,0.00077824,0.00077824
226,866.504,8.16481,1.98505,1.70961,0.43802,0.21019,0.2398,0.08589,8.44101,1.98718,1.60863,0.00077725,0.00077725,0.00077725
227,871.089,7.9231,1.92571,1.71355,0.44518,0.21007,0.24137,0.08595,8.45974,1.99037,1.6067,0.00077626,0.00077626,0.00077626
228,875.653,8.18348,1.97687,1.69028,0.44237,0.20868,0.24113,0.08601,8.44046,1.9878,1.60727,0.00077527,0.00077527,0.00077527
229,880.171,8.1753,2.0158,1.67695,0.43833,0.20648,0.2386,0.08587,8.47006,1.99151,1.61127,0.00077428,0.00077428,0.00077428
230,885.713,8.12512,1.96543,1.70053,0.43746,0.20744,0.23973,0.08585,8.45809,1.98875,1.61024,0.00077329,0.00077329,0.00077329
231,890.799,8.27861,1.97231,1.64799,0.44076,0.21046,0.24284,0.08522,8.50606,1.98804,1.60773,0.0007723,0.0007723,0.0007723
232,895.432,7.94525,1.89388,1.68484,0.44081,0.21087,0.2431,0.08629,8.45779,1.98244,1.60773,0.00077131,0.00077131,0.00077131
233,899.842,8.31405,1.94714,1.68595,0.43758,0.20978,0.24135,0.08626,8.45451,1.98213,1.60823,0.00077032,0.00077032,0.00077032
234,904.627,8.27515,1.97724,1.70993,0.44275,0.20964,0.24327,0.08708,8.40983,1.97768,1.60885,0.00076933,0.00076933,0.00076933
235,909.239,8.10441,1.90291,1.72399,0.44522,0.2073,0.24284,0.08572,8.51101,1.98539,1.6089,0.00076834,0.00076834,0.00076834
236,913.827,8.28406,2.0416,1.65295,0.45106,0.20895,0.24459,0.0868,8.4652,1.9885,1.60887,0.00076735,0.00076735,0.00076735
237,918.38,7.95449,1.9292,1.71261,0.44467,0.20854,0.24082,0.08729,8.4194,1.97783,1.61092,0.00076636,0.00076636,0.00076636
238,922.944,8.58002,1.97046,1.66906,0.43947,0.20989,0.24041,0.08747,8.44177,1.97913,1.61199,0.00076537,0.00076537,0.00076537
239,927.535,8.37847,1.98733,1.69103,0.44635,0.20977,0.24317,0.0882,8.40032,1.97118,1.60961,0.00076438,0.00076438,0.00076438
240,932.58,8.61776,2.08305,1.67602,0.45109,0.20977,0.24528,0.08786,8.44401,1.97871,1.60822,0.00076339,0.00076339,0.00076339
241,937.21,8.10716,1.94115,1.66194,0.44756,0.21183,0.24461,0.08788,8.4356,1.97091,1.60861,0.0007624,0.0007624,0.0007624
242,941.859,8.80485,2.11441,1.64275,0.44802,0.2084,0.24272,0.08787,8.43468,1.9704,1.60779,0.00076141,0.00076141,0.00076141
243,946.406,8.55132,2.05963,1.66695,0.45972,0.20868,0.24789,0.08843,8.51742,1.98598,1.60661,0.00076042,0.00076042,0.00076042
244,951.295,8.27755,1.9803,1.67631,0.45071,0.21115,0.24731,0.08866,8.48313,1.9793,1.60579,0.00075943,0.00075943,0.00075943
245,956.607,8.4504,1.986,1.65284,0.44813,0.21129,0.24665,0.08894,8.41107,1.96991,1.60748,0.00075844,0.00075844,0.00075844
246,961.132,8.53463,2.06885,1.66431,0.45012,0.21019,0.2472,0.08894,8.40145,1.97428,1.60689,0.00075745,0.00075745,0.00075745
247,965.247,8.27378,1.95966,1.66255,0.4485,0.20889,0.24476,0.08839,8.45656,1.98612,1.60659,0.00075646,0.00075646,0.00075646
248,969.225,7.93724,2.01817,1.67617,0.45247,0.21068,0.24616,0.08802,8.48709,1.99231,1.60588,0.00075547,0.00075547,0.00075547
249,972.918,8.38201,2.09535,1.64576,0.45581,0.20826,0.24569,0.08752,8.49989,1.99991,1.60706,0.00075448,0.00075448,0.00075448
250,976.755,8.3458,1.99413,1.6357,0.45161,0.20744,0.2434,0.08672,8.55334,2.00158,1.60656,0.00075349,0.00075349,0.00075349
251,980.546,8.11094,1.92708,1.69306,0.45192,0.21115,0.24638,0.08817,8.41537,1.9789,1.60648,0.0007525,0.0007525,0.0007525
252,984.353,8.86721,2.02697,1.66656,0.45671,0.21115,0.24866,0.08808,8.48983,1.9868,1.60571,0.00075151,0.00075151,0.00075151
253,988.35,8.67421,2.02396,1.65857,0.45748,0.20881,0.24762,0.08842,8.45223,1.98513,1.60608,0.00075052,0.00075052,0.00075052
254,992.179,8.19025,1.92289,1.71861,0.45987,0.21046,0.25025,0.08877,8.46008,1.97559,1.60668,0.00074953,0.00074953,0.00074953
255,995.994,8.63566,1.99327,1.65589,0.45234,0.21444,0.24948,0.08953,8.42691,1.96807,1.6066,0.00074854,0.00074854,0.00074854
256,999.936,8.4005,1.96373,1.65863,0.45623,0.21225,0.24961,0.0886,8.46517,1.97351,1.60694,0.00074755,0.00074755,0.00074755
257,1003.73,8.42725,2.0173,1.64512,0.46096,0.20991,0.24773,0.08722,8.55861,1.98461,1.60626,0.00074656,0.00074656,0.00074656
258,1007.6,8.22189,1.96931,1.6394,0.45939,0.20799,0.24736,0.08763,8.55732,1.98503,1.60691,0.00074557,0.00074557,0.00074557
259,1011.43,7.87191,1.98769,1.69628,0.46332,0.2117,0.25174,0.08988,8.44192,1.97039,1.60804,0.00074458,0.00074458,0.00074458
260,1015.39,7.98426,1.92296,1.6856,0.4629,0.21334,0.25096,0.08978,8.4388,1.96322,1.60823,0.00074359,0.00074359,0.00074359
261,1019.35,8.06671,1.90219,1.67231,0.46616,0.21183,0.25182,0.08869,8.50382,1.96965,1.60657,0.0007426,0.0007426,0.0007426
262,1023.22,8.1751,1.94633,1.65498,0.4567,0.21188,0.24853,0.08793,8.50762,1.95872,1.6071,0.00074161,0.00074161,0.00074161
263,1026.76,8.20655,1.98532,1.71025,0.45237,0.21307,0.24799,0.08896,8.45088,1.9529,1.60704,0.00074062,0.00074062,0.00074062
264,1030.54,7.54905,1.87873,1.68353,0.44955,0.21321,0.24876,0.08916,8.44667,1.95495,1.60556,0.00073963,0.00073963,0.00073963
265,1034.23,7.97505,1.98286,1.64498,0.45344,0.21129,0.24821,0.0873,8.53411,1.95848,1.60405,0.00073864,0.00073864,0.00073864
266,1038.05,7.91091,1.95384,1.66201,0.45336,0.21326,0.24967,0.08835,8.46854,1.95239,1.60424,0.00073765,0.00073765,0.00073765
267,1041.77,8.42363,1.93517,1.69218,0.44728,0.21403,0.24657,0.08808,8.46888,1.95914,1.60603,0.00073666,0.00073666,0.00073666
268,1045.72,8.26327,1.97442,1.7073,0.44356,0.21348,0.24638,0.08792,8.46068,1.96019,1.60662,0.00073567,0.00073567,0.00073567
269,1049.65,8.59871,2.06821,1.6747,0.4449,0.21321,0.24688,0.08767,8.47639,1.96163,1.60435,0.00073468,0.00073468,0.00073468
270,1053.51,8.78021,2.20424,1.60244,0.46029,0.2084,0.24922,0.08724,8.52112,1.97729,1.60131,0.00073369,0.00073369,0.00073369
271,1057.46,8.50649,1.95281,1.64625,0.45172,0.21101,0.24752,0.08906,8.40437,1.95449,1.60229,0.0007327,0.0007327,0.0007327
272,1061.37,7.84152,1.88749,1.69564,0.44578,0.21074,0.24548,0.08815,8.41254,1.95507,1.60366,0.00073171,0.00073171,0.00073171
273,1065.18,7.96446,1.9495,1.68125,0.44194,0.21293,0.24427,0.08837,8.40049,1.9603,1.60369,0.00073072,0.00073072,0.00073072
274,1069,8.38006,2.02136,1.65906,0.44045,0.21591,0.24472,0.08784,8.38685,1.96069,1.60454,0.00072973,0.00072973,0.00072973
275,1072.71,8.0689,1.97442,1.6645,0.43895,0.2154,0.24385,0.08785,8.40792,1.96163,1.60318,0.00072874,0.00072874,0.00072874
276,1076.76,8.29716,1.93218,1.69981,0.44264,0.21719,0.24681,0.08854,8.37331,1.95953,1.60237,0.00072775,0.00072775,0.00072775
277,1080.62,8.19919,1.94772,1.69921,0.4436,0.21664,0.24578,0.0881,8.43038,1.97298,1.60506,0.00072676,0.00072676,0.00072676
278,1084.65,8.37258,2.01024,1.65428,0.44218,0.21582,0.24489,0.08768,8.45025,1.97364,1.60548,0.00072577,0.00072577,0.00072577
279,1088.51,8.22767,1.97053,1.6678,0.45027,0.21595,0.2477,0.08878,8.39548,1.95978,1.60282,0.00072478,0.00072478,0.00072478
280,1092.58,8.34974,1.98279,1.65939,0.45542,0.21376,0.2476,0.08832,8.44071,1.95976,1.60159,0.00072379,0.00072379,0.00072379
281,1096.58,8.61761,2.03553,1.67172,0.4507,0.21389,0.24731,0.089,8.41087,1.95617,1.60355,0.0007228,0.0007228,0.0007228
282,1100.46,8.29239,1.9679,1.68223,0.45349,0.21321,0.24751,0.09026,8.38919,1.94674,1.60214,0.00072181,0.00072181,0.00072181
283,1104.52,8.11084,1.94694,1.70556,0.45691,0.21513,0.25013,0.08981,8.40058,1.94684,1.60135,0.00072082,0.00072082,0.00072082
284,1108.3,8.22876,1.93873,1.67488,0.45651,0.21414,0.25033,0.08988,8.38996,1.94594,1.60266,0.00071983,0.00071983,0.00071983
285,1112,8.43204,2.04033,1.6921,0.45389,0.21623,0.2496,0.09004,8.419,1.94602,1.60549,0.00071884,0.00071884,0.00071884
286,1115.66,8.56616,1.98533,1.63036,0.45435,0.21252,0.24939,0.09058,8.35525,1.93934,1.60419,0.00071785,0.00071785,0.00071785
287,1119.44,8.13197,1.96175,1.67706,0.45315,0.21238,0.24956,0.09007,8.39159,1.94441,1.60315,0.00071686,0.00071686,0.00071686
288,1123.18,8.30529,2.02061,1.63336,0.45527,0.21595,0.25075,0.09084,8.38551,1.94977,1.60287,0.00071587,0.00071587,0.00071587
289,1126.96,7.9372,1.97284,1.64807,0.46422,0.21162,0.25115,0.09063,8.41395,1.96725,1.60147,0.00071488,0.00071488,0.00071488
290,1130.73,8.28305,1.98423,1.65757,0.4659,0.21412,0.2519,0.09094,8.41372,1.9597,1.60284,0.00071389,0.00071389,0.00071389
291,1134.41,8.19415,1.97031,1.64041,0.46064,0.21726,0.25246,0.09149,8.35852,1.94497,1.60466,0.0007129,0.0007129,0.0007129
292,1138.33,8.0218,1.96009,1.67612,0.45774,0.21664,0.25252,0.09154,8.37282,1.94253,1.60453,0.00071191,0.00071191,0.00071191
293,1142.05,8.15332,1.96299,1.62979,0.46415,0.21477,0.25355,0.09234,8.36454,1.95082,1.60233,0.00071092,0.00071092,0.00071092
294,1145.87,8.09566,1.93294,1.69547,0.46393,0.21554,0.25588,0.09287,8.35705,1.94792,1.60193,0.00070993,0.00070993,0.00070993
295,1149.5,8.92492,2.06906,1.66771,0.45521,0.21842,0.25678,0.09241,8.37073,1.94199,1.60178,0.00070894,0.00070894,0.00070894
296,1153.29,7.71184,1.91265,1.6496,0.45703,0.21678,0.25495,0.09094,8.38414,1.94001,1.60184,0.00070795,0.00070795,0.00070795
297,1157.02,8.54192,2.04235,1.64769,0.46194,0.21774,0.25577,0.09195,8.34031,1.93481,1.6026,0.00070696,0.00070696,0.00070696
298,1160.7,8.3404,1.99066,1.65709,0.46098,0.21829,0.25675,0.09237,8.32182,1.93558,1.60198,0.00070597,0.00070597,0.00070597
299,1164.37,7.82584,1.90501,1.65062,0.46209,0.21307,0.25355,0.09086,8.41741,1.95075,1.60096,0.00070498,0.00070498,0.00070498
300,1168.06,8.64541,2.03474,1.64826,0.45682,0.21293,0.25392,0.09208,8.36806,1.94222,1.60125,0.00070399,0.00070399,0.00070399
301,1171.77,8.29977,2.03444,1.64758,0.45943,0.21623,0.25346,0.0923,8.3356,1.94099,1.60321,0.000703,0.000703,0.000703
302,1175.72,8.06292,1.96641,1.67805,0.46,0.21485,0.25113,0.09121,8.3971,1.94744,1.60439,0.00070201,0.00070201,0.00070201
303,1179.48,7.91684,1.87094,1.68608,0.46223,0.21376,0.25304,0.09178,8.36978,1.94649,1.60132,0.00070102,0.00070102,0.00070102
304,1183.2,7.84521,1.93883,1.66864,0.45792,0.21554,0.25388,0.09117,8.37296,1.94467,1.60097,0.00070003,0.00070003,0.00070003
305,1186.88,7.81435,1.83275,1.7102,0.45386,0.217,0.25199,0.09151,8.36604,1.94456,1.6022,0.00069904,0.00069904,0.00069904
306,1190.75,8.18624,1.94269,1.65357,0.45942,0.2176,0.25566,0.092,8.35676,1.94707,1.59985,0.00069805,0.00069805,0.00069805
307,1194.49,8.06522,1.87569,1.68136,0.46276,0.21787,0.25604,0.09341,8.31462,1.94453,1.59926,0.00069706,0.00069706,0.00069706
308,1198.48,8.29139,2.03208,1.65625,0.46294,0.2176,0.25718,0.09376,8.32476,1.93976,1.59865,0.00069607,0.00069607,0.00069607
309,1202.17,8.21338,1.94369,1.64552,0.45757,0.21636,0.25591,0.09338,8.31353,1.93922,1.60096,0.00069508,0.00069508,0.00069508
310,1206,8.30025,2.00009,1.64763,0.45522,0.21458,0.25372,0.09249,8.31447,1.93754,1.6012,0.00069409,0.00069409,0.00069409
311,1209.63,7.99426,1.90159,1.68653,0.46474,0.21087,0.25354,0.09205,8.35744,1.95644,1.59905,0.0006931,0.0006931,0.0006931
312,1213.5,8.47386,2.03815,1.68159,0.46565,0.21074,0.25486,0.0929,8.36721,1.9547,1.59794,0.00069211,0.00069211,0.00069211
313,1217.18,8.26248,2.03229,1.6668,0.46736,0.21472,0.25741,0.09426,8.27873,1.93748,1.59932,0.00069112,0.00069112,0.00069112
314,1220.94,8.91591,2.11397,1.65198,0.46707,0.21333,0.25718,0.09429,8.28756,1.94464,1.59942,0.00069013,0.00069013,0.00069013
315,1224.65,8.61337,2.12733,1.64905,0.46759,0.21101,0.2563,0.09301,8.37091,1.95626,1.59843,0.00068914,0.00068914,0.00068914
316,1228.35,8.01033,1.94375,1.66649,0.46612,0.20991,0.25407,0.0931,8.33905,1.95713,1.59802,0.00068815,0.00068815,0.00068815
317,1232.04,7.72971,1.90636,1.69299,0.46271,0.21458,0.25477,0.09359,8.31131,1.9379,1.59871,0.00068716,0.00068716,0.00068716
318,1236,8.0523,1.92956,1.65186,0.46291,0.21472,0.25417,0.09293,8.32789,1.93013,1.59785,0.00068617,0.00068617,0.00068617
319,1239.74,8.19875,1.95582,1.6467,0.45993,0.21676,0.25287,0.09255,8.3182,1.92814,1.59848,0.00068518,0.00068518,0.00068518
320,1243.54,7.81933,1.89426,1.69031,0.46217,0.21074,0.2489,0.08988,8.41796,1.95388,1.59891,0.00068419,0.00068419,0.00068419
321,1247.34,8.51514,2.02652,1.64833,0.4596,0.21431,0.2506,0.09174,8.34564,1.93942,1.5997,0.0006832,0.0006832,0.0006832
322,1251.19,7.99594,1.85412,1.69605,0.45486,0.21472,0.25173,0.09252,8.32424,1.93512,1.60055,0.00068221,0.00068221,0.00068221
323,1254.92,8.81767,2.12244,1.62173,0.45988,0.21262,0.25198,0.09208,8.33919,1.94101,1.59939,0.00068122,0.00068122,0.00068122
324,1258.86,8.60559,2.08033,1.65516,0.47318,0.21019,0.25497,0.09318,8.33846,1.95663,1.59754,0.00068023,0.00068023,0.00068023
325,1262.56,7.94377,1.86649,1.68104,0.46876,0.21345,0.25625,0.09437,8.25236,1.93268,1.5988,0.00067924,0.00067924,0.00067924
326,1266.53,7.86989,1.97108,1.64994,0.46091,0.21431,0.25409,0.09338,8.27721,1.93324,1.59908,0.00067825,0.00067825,0.00067825
327,1270.49,7.89129,1.85838,1.71503,0.4643,0.21376,0.25445,0.09217,8.40084,1.94632,1.5985,0.00067726,0.00067726,0.00067726
328,1274.35,8.30638,1.95692,1.6503,0.46062,0.21568,0.25409,0.09162,8.37945,1.939,1.59931,0.00067627,0.00067627,0.00067627
329,1278.01,8.21814,2.00051,1.65853,0.45204,0.21582,0.25115,0.09201,8.30215,1.93726,1.59984,0.00067528,0.00067528,0.00067528
330,1281.72,8.29129,1.92798,1.66663,0.45736,0.21691,0.25427,0.09244,8.29591,1.93409,1.59896,0.00067429,0.00067429,0.00067429
331,1285.36,8.53908,2.17483,1.61863,0.45925,0.21719,0.25458,0.09266,8.33397,1.92963,1.59818,0.0006733,0.0006733,0.0006733
332,1289.14,8.13709,1.88208,1.67284,0.45836,0.2133,0.25306,0.09188,8.38131,1.93698,1.59927,0.00067231,0.00067231,0.00067231
333,1292.88,7.83819,1.9033,1.67296,0.45429,0.21568,0.25316,0.09298,8.30706,1.92953,1.60014,0.00067132,0.00067132,0.00067132
334,1296.55,8.20973,1.90841,1.65561,0.45355,0.21238,0.25042,0.0926,8.33019,1.93333,1.60002,0.00067033,0.00067033,0.00067033
335,1300.16,8.36326,1.9783,1.63301,0.45855,0.21417,0.255,0.09311,8.31395,1.92767,1.59904,0.00066934,0.00066934,0.00066934
336,1303.92,8.04882,1.93506,1.63314,0.45846,0.2128,0.25381,0.09306,8.33054,1.93339,1.59793,0.00066835,0.00066835,0.00066835
337,1307.55,8.25066,1.94338,1.66598,0.45613,0.2128,0.25424,0.09391,8.28117,1.92598,1.59879,0.00066736,0.00066736,0.00066736
338,1311.4,8.07467,1.98415,1.66902,0.45847,0.21307,0.25566,0.09456,8.26602,1.92411,1.59898,0.00066637,0.00066637,0.00066637
339,1315.14,8.39365,2.09433,1.66065,0.46218,0.21211,0.25392,0.09349,8.31514,1.93945,1.59762,0.00066538,0.00066538,0.00066538
340,1318.82,8.19422,1.98348,1.67121,0.46227,0.21938,0.26194,0.09577,8.24804,1.91553,1.59857,0.00066439,0.00066439,0.00066439
341,1322.56,7.76918,1.855,1.67099,0.46117,0.21719,0.25988,0.09602,8.24763,1.91329,1.59721,0.0006634,0.0006634,0.0006634
342,1326.35,8.6075,2.03813,1.61811,0.45999,0.21705,0.25999,0.09597,8.26247,1.91054,1.59701,0.00066241,0.00066241,0.00066241
343,1330.09,8.33841,1.94718,1.67897,0.45884,0.22076,0.26167,0.09609,8.2868,1.91001,1.59813,0.00066142,0.00066142,0.00066142
344,1333.94,7.90249,1.94085,1.66503,0.45902,0.21787,0.26105,0.09552,8.24253,1.90557,1.59732,0.00066043,0.00066043,0.00066043
345,1337.57,7.89543,1.84062,1.67068,0.45984,0.21623,0.25922,0.0942,8.29085,1.91279,1.59496,0.00065944,0.00065944,0.00065944
346,1341.33,7.52193,1.75521,1.68711,0.4638,0.21568,0.25958,0.09458,8.25723,1.91566,1.5951,0.00065845,0.00065845,0.00065845
347,1344.99,7.87119,1.83874,1.63408,0.45645,0.21812,0.25769,0.09463,8.20608,1.90882,1.59704,0.00065746,0.00065746,0.00065746
348,1348.76,7.81503,1.85988,1.65269,0.46215,0.22024,0.26012,0.09502,8.20811,1.90843,1.59698,0.00065647,0.00065647,0.00065647
349,1352.47,8.12912,1.91619,1.66244,0.46776,0.21899,0.26092,0.09464,8.23071,1.91198,1.59522,0.00065548,0.00065548,0.00065548
350,1356.15,8.24,1.93725,1.64589,0.46796,0.21952,0.26043,0.095,8.22548,1.91678,1.59506,0.00065449,0.00065449,0.00065449
351,1359.8,7.88833,1.89891,1.66009,0.46558,0.22131,0.26121,0.09533,8.21229,1.91404,1.59649,0.0006535,0.0006535,0.0006535
352,1363.49,8.15853,1.89332,1.66494,0.4706,0.2209,0.26322,0.09569,8.20766,1.91754,1.5959,0.00065251,0.00065251,0.00065251
353,1367.16,8.22069,1.9268,1.66447,0.46844,0.21842,0.26056,0.09452,8.25068,1.92064,1.59487,0.00065152,0.00065152,0.00065152
354,1370.81,8.45903,2.0878,1.60955,0.47218,0.21829,0.26242,0.09501,8.22949,1.91997,1.59367,0.00065053,0.00065053,0.00065053
355,1374.41,8.03628,1.94747,1.66617,0.46997,0.21966,0.2625,0.09484,8.21803,1.91614,1.59487,0.00064954,0.00064954,0.00064954
356,1378.16,7.89668,1.88546,1.67348,0.47622,0.21966,0.26253,0.09582,8.23629,1.91958,1.59271,0.00064855,0.00064855,0.00064855
357,1381.81,8.38809,1.95383,1.63347,0.4728,0.21953,0.26319,0.09737,8.18199,1.91317,1.59273,0.00064756,0.00064756,0.00064756
358,1385.78,7.62605,1.93841,1.66616,0.46838,0.21952,0.26097,0.09716,8.18995,1.91031,1.59485,0.00064657,0.00064657,0.00064657
359,1389.45,8.29879,1.96887,1.66389,0.4677,0.21815,0.26076,0.0963,8.23356,1.90938,1.59421,0.00064558,0.00064558,0.00064558
360,1393.18,7.64789,1.90629,1.65491,0.47392,0.21815,0.26179,0.0965,8.23864,1.91323,1.59375,0.00064459,0.00064459,0.00064459
361,1396.85,8.05407,1.92179,1.6501,0.46955,0.2198,0.2621,0.09652,8.20476,1.90852,1.59421,0.0006436,0.0006436,0.0006436
362,1400.56,8.3806,2.02313,1.60338,0.47871,0.21697,0.26102,0.09633,8.22185,1.91249,1.59369,0.00064261,0.00064261,0.00064261
363,1404.36,8.06538,1.82364,1.65574,0.47647,0.21362,0.25744,0.09506,8.31036,1.92406,1.59311,0.00064162,0.00064162,0.00064162
364,1408.23,8.36401,1.9602,1.65558,0.4763,0.21431,0.2584,0.09538,8.28755,1.91561,1.5936,0.00064063,0.00064063,0.00064063
365,1411.88,8.11498,1.9595,1.69321,0.47035,0.21485,0.2588,0.09561,8.21291,1.90943,1.59481,0.00063964,0.00063964,0.00063964
366,1415.59,7.52237,1.8663,1.66667,0.47268,0.21499,0.2606,0.09699,8.18256,1.90657,1.59414,0.00063865,0.00063865,0.00063865
367,1419.19,7.71274,1.94731,1.69098,0.47722,0.21527,0.26077,0.09629,8.21777,1.91295,1.59303,0.00063766,0.00063766,0.00063766
368,1422.96,8.0967,1.93904,1.6503,0.47485,0.21554,0.26008,0.09638,8.22931,1.90262,1.59314,0.00063667,0.00063667,0.00063667
369,1426.7,7.75822,1.84753,1.66028,0.46749,0.21719,0.25985,0.09633,8.21935,1.8995,1.59461,0.00063568,0.00063568,0.00063568
370,1430.45,7.95628,1.85021,1.70088,0.46588,0.21609,0.25732,0.09532,8.22829,1.90376,1.59468,0.00063469,0.00063469,0.00063469
371,1434.14,8.38811,1.91502,1.65546,0.46709,0.21623,0.25882,0.09604,8.20053,1.90305,1.59488,0.0006337,0.0006337,0.0006337
372,1437.85,7.82744,1.85638,1.68936,0.47459,0.21719,0.25968,0.09641,8.17815,1.91224,1.59585,0.00063271,0.00063271,0.00063271
373,1441.48,7.57871,1.84544,1.6777,0.47437,0.21583,0.25918,0.09598,8.20913,1.91533,1.59411,0.00063172,0.00063172,0.00063172
374,1445.34,8.13825,1.90801,1.66488,0.46663,0.21705,0.25746,0.09549,8.18793,1.91078,1.59587,0.00063073,0.00063073,0.00063073
375,1449.14,7.61317,1.90764,1.62925,0.46035,0.2187,0.2564,0.09429,8.22849,1.9184,1.59818,0.00062974,0.00062974,0.00062974
376,1452.79,7.76973,1.94421,1.66318,0.46528,0.21787,0.25671,0.09514,8.21449,1.9097,1.59559,0.00062875,0.00062875,0.00062875
377,1456.45,7.53364,1.81285,1.66372,0.46888,0.21719,0.2562,0.09427,8.25534,1.9089,1.59522,0.00062776,0.00062776,0.00062776
378,1460.19,8.16361,1.99057,1.65555,0.46465,0.21417,0.25375,0.0929,8.28968,1.91441,1.59431,0.00062677,0.00062677,0.00062677
379,1463.95,8.3321,1.91894,1.63853,0.46176,0.21733,0.25533,0.09416,8.22144,1.90674,1.59471,0.00062578,0.00062578,0.00062578
380,1467.59,8.14831,1.97681,1.66741,0.46454,0.21903,0.25787,0.0955,8.19654,1.90553,1.59416,0.00062479,0.00062479,0.00062479
381,1471.2,7.70406,1.82865,1.67084,0.46102,0.22103,0.25831,0.09603,8.18468,1.9023,1.59323,0.0006238,0.0006238,0.0006238
382,1474.85,7.16811,1.78532,1.68203,0.46701,0.22117,0.2621,0.09681,8.20051,1.90761,1.59356,0.00062281,0.00062281,0.00062281
383,1478.44,8.21378,1.95463,1.6591,0.4656,0.22337,0.26261,0.0974,8.19374,1.90651,1.59528,0.00062182,0.00062182,0.00062182
384,1482.37,7.73396,1.80325,1.70212,0.46698,0.22158,0.26048,0.09746,8.16534,1.90449,1.59302,0.00062083,0.00062083,0.00062083
385,1486.02,8.1511,2.002,1.6344,0.47018,0.21993,0.26274,0.09706,8.20402,1.9096,1.59074,0.00061984,0.00061984,0.00061984
386,1489.71,8.21338,1.97599,1.66829,0.47518,0.21829,0.26226,0.09667,8.25141,1.91245,1.5915,0.00061885,0.00061885,0.00061885
387,1493.52,8.25819,1.97435,1.63552,0.47922,0.22007,0.26415,0.09756,8.17091,1.90307,1.59234,0.00061786,0.00061786,0.00061786
388,1497.34,7.7358,1.81022,1.64648,0.47247,0.22035,0.26304,0.09757,8.15516,1.90169,1.5926,0.00061687,0.00061687,0.00061687
389,1501.29,8.44669,2.0145,1.63475,0.47333,0.2187,0.26111,0.09602,8.22068,1.91729,1.59257,0.00061588,0.00061588,0.00061588
390,1505.2,8.64772,2.01445,1.62702,0.46894,0.2176,0.25949,0.09562,8.2226,1.91371,1.59251,0.00061489,0.00061489,0.00061489
391,1509,7.7468,1.85676,1.64289,0.46641,0.21856,0.26172,0.09679,8.18277,1.91131,1.5923,0.0006139,0.0006139,0.0006139
392,1512.75,8.00227,1.90983,1.6361,0.46222,0.21733,0.25768,0.09585,8.18384,1.91531,1.59444,0.00061291,0.00061291,0.00061291
393,1516.37,8.66616,2.05565,1.62935,0.46321,0.21829,0.25927,0.09676,8.18373,1.91357,1.59312,0.00061192,0.00061192,0.00061192
394,1520.19,8.24449,2.01713,1.6281,0.4675,0.22144,0.2638,0.09754,8.205,1.91004,1.59208,0.00061093,0.00061093,0.00061093
395,1523.82,7.96647,1.89255,1.66884,0.47008,0.2214,0.2628,0.09842,8.17251,1.90247,1.59207,0.00060994,0.00060994,0.00060994
396,1527.63,7.78715,1.86498,1.69301,0.4699,0.2209,0.26213,0.09764,8.17856,1.8994,1.59335,0.00060895,0.00060895,0.00060895
397,1531.27,8.03109,1.9025,1.66205,0.47699,0.21829,0.26242,0.09794,8.22967,1.90973,1.59247,0.00060796,0.00060796,0.00060796
398,1535.05,7.96699,1.92453,1.65395,0.48396,0.21609,0.26419,0.09786,8.24957,1.92182,1.59274,0.00060697,0.00060697,0.00060697
399,1538.82,7.93895,1.88945,1.62744,0.48395,0.21848,0.26598,0.09994,8.14818,1.91418,1.59251,0.00060598,0.00060598,0.00060598
400,1542.61,8.14465,2.00289,1.62871,0.48947,0.22117,0.2692,0.10085,8.12213,1.90806,1.59163,0.00060499,0.00060499,0.00060499
401,1546.32,8.1145,1.84421,1.67401,0.48719,0.21993,0.26956,0.09986,8.19862,1.91277,1.59039,0.000604,0.000604,0.000604
402,1549.97,8.00153,1.92673,1.65499,0.48412,0.21897,0.26562,0.09934,8.21887,1.90919,1.59099,0.00060301,0.00060301,0.00060301
403,1553.52,7.509,1.78789,1.67697,0.47583,0.22337,0.26708,0.10012,8.14675,1.89584,1.59253,0.00060202,0.00060202,0.00060202
404,1557.17,8.58932,2.07745,1.65705,0.47362,0.22112,0.265,0.09848,8.17778,1.90531,1.59494,0.00060103,0.00060103,0.00060103
405,1560.85,7.19341,1.84233,1.68104,0.47955,0.22062,0.26473,0.09848,8.20837,1.91208,1.59407,0.00060004,0.00060004,0.00060004
406,1564.6,7.52702,1.84924,1.67785,0.47976,0.22062,0.26452,0.09821,8.22578,1.9124,1.59335,0.00059905,0.00059905,0.00059905
407,1568.13,7.96571,1.92492,1.64289,0.47348,0.22048,0.26369,0.09817,8.18521,1.90303,1.59409,0.00059806,0.00059806,0.00059806
408,1571.93,8.09554,1.95764,1.64427,0.47579,0.22117,0.26499,0.09813,8.22352,1.90869,1.59256,0.00059707,0.00059707,0.00059707
409,1575.58,8.17252,1.92019,1.65875,0.47088,0.2246,0.26544,0.0986,8.18531,1.89758,1.59297,0.00059608,0.00059608,0.00059608
410,1579.35,8.10847,1.89163,1.67443,0.47272,0.22584,0.26819,0.09907,8.16519,1.89205,1.59331,0.00059509,0.00059509,0.00059509
411,1582.96,7.30407,1.8441,1.6834,0.47508,0.22062,0.2656,0.09804,8.20456,1.89917,1.59215,0.0005941,0.0005941,0.0005941
412,1586.68,8.12982,1.90039,1.69074,0.47704,0.22199,0.26673,0.09924,8.19075,1.88698,1.59265,0.00059311,0.00059311,0.00059311
413,1590.76,8.30036,1.94472,1.65549,0.47484,0.22186,0.2664,0.09933,8.17096,1.88481,1.59267,0.00059212,0.00059212,0.00059212
414,1594.83,8.01239,1.94865,1.60928,0.47573,0.22419,0.26776,0.09952,8.17801,1.8811,1.59199,0.00059113,0.00059113,0.00059113
415,1598.63,7.52225,1.8902,1.65144,0.46985,0.22721,0.26894,0.10007,8.15327,1.88189,1.59401,0.00059014,0.00059014,0.00059014
416,1602.44,8.48929,2.0499,1.61498,0.47818,0.22392,0.26813,0.10103,8.12604,1.88111,1.59302,0.00058915,0.00058915,0.00058915
417,1606.25,7.75592,1.92755,1.67793,0.47452,0.22433,0.26844,0.1011,8.13818,1.88624,1.59375,0.00058816,0.00058816,0.00058816
418,1610.18,7.75856,1.84516,1.65611,0.46888,0.22419,0.26597,0.1001,8.13857,1.88473,1.59494,0.00058717,0.00058717,0.00058717
419,1613.82,7.62948,1.80951,1.67915,0.46929,0.22241,0.26516,0.10007,8.13533,1.88182,1.59329,0.00058618,0.00058618,0.00058618
420,1617.59,7.85245,1.83795,1.64611,0.47357,0.22181,0.26569,0.10038,8.12883,1.87856,1.59236,0.00058519,0.00058519,0.00058519
421,1621.16,8.14082,1.90189,1.6566,0.47194,0.22098,0.2649,0.10054,8.09488,1.87354,1.59337,0.0005842,0.0005842,0.0005842
422,1624.89,7.81051,1.82858,1.61999,0.46929,0.22282,0.26519,0.09982,8.1068,1.8783,1.59304,0.00058321,0.00058321,0.00058321
423,1628.52,7.7092,1.85226,1.68985,0.46867,0.221,0.26484,0.10004,8.11849,1.87714,1.59248,0.00058222,0.00058222,0.00058222
424,1632.19,8.19382,1.95392,1.68491,0.47069,0.22062,0.26568,0.09934,8.16127,1.88228,1.59242,0.00058123,0.00058123,0.00058123
425,1635.98,8.02027,1.84169,1.65841,0.47501,0.22295,0.26895,0.10012,8.10079,1.87666,1.59249,0.00058024,0.00058024,0.00058024
426,1639.7,8.19011,1.94797,1.6572,0.47513,0.22199,0.26701,0.10028,8.09543,1.87887,1.59173,0.00057925,0.00057925,0.00057925
427,1643.26,8.2074,1.96093,1.65407,0.47907,0.2209,0.26782,0.09955,8.14122,1.88148,1.59112,0.00057826,0.00057826,0.00057826
428,1646.92,7.60777,1.87113,1.66772,0.48208,0.22254,0.26942,0.10088,8.10361,1.88003,1.59,0.00057727,0.00057727,0.00057727
429,1650.52,8.04599,1.97433,1.61283,0.47993,0.22419,0.27051,0.10156,8.08375,1.8759,1.58978,0.00057628,0.00057628,0.00057628
430,1654.49,7.72947,1.80031,1.6619,0.4797,0.22268,0.2678,0.10065,8.13575,1.88341,1.58959,0.00057529,0.00057529,0.00057529
431,1658.05,8.1872,1.88275,1.65462,0.47798,0.22172,0.26593,0.09983,8.18601,1.88547,1.58943,0.0005743,0.0005743,0.0005743
432,1661.66,7.7891,1.87633,1.66536,0.48215,0.22318,0.26776,0.10014,8.16293,1.89018,1.59101,0.00057331,0.00057331,0.00057331
433,1665.31,8.04305,1.88264,1.6452,0.48039,0.2198,0.26645,0.10031,8.1465,1.89464,1.58949,0.00057232,0.00057232,0.00057232
434,1668.91,7.84789,1.87099,1.69041,0.46901,0.22268,0.26407,0.09925,8.15411,1.87939,1.59049,0.00057133,0.00057133,0.00057133
435,1672.77,8.3133,2.02805,1.64554,0.47283,0.21925,0.26232,0.09658,8.27225,1.89499,1.59089,0.00057034,0.00057034,0.00057034
436,1676.46,8.36495,2.01447,1.64455,0.48243,0.21815,0.26428,0.09809,8.23409,1.89693,1.59049,0.00056935,0.00056935,0.00056935
437,1679.99,8.05035,1.83401,1.6424,0.48494,0.22336,0.26811,0.10044,8.13372,1.88394,1.58934,0.00056836,0.00056836,0.00056836
438,1683.64,7.94861,1.90697,1.64282,0.4817,0.22364,0.269,0.10114,8.1254,1.87551,1.58923,0.00056737,0.00056737,0.00056737
439,1687.18,8.10932,1.86032,1.65117,0.47325,0.2235,0.26701,0.10004,8.18524,1.8834,1.58927,0.00056638,0.00056638,0.00056638
440,1690.99,7.78791,1.91017,1.63205,0.47981,0.22625,0.27194,0.10168,8.15411,1.88559,1.58858,0.00056539,0.00056539,0.00056539
441,1694.68,8.01967,1.85477,1.62873,0.47565,0.2246,0.27097,0.10226,8.08,1.87571,1.58971,0.0005644,0.0005644,0.0005644
442,1698.64,7.47445,1.80341,1.68298,0.46921,0.22419,0.26722,0.10171,8.07172,1.87253,1.58958,0.00056341,0.00056341,0.00056341
443,1702.22,7.66995,1.90297,1.6467,0.47455,0.22378,0.26682,0.10065,8.10959,1.87526,1.58944,0.00056242,0.00056242,0.00056242
444,1705.89,8.04173,1.96262,1.62521,0.47401,0.22186,0.26731,0.10112,8.06931,1.87931,1.58848,0.00056143,0.00056143,0.00056143
445,1709.63,8.36422,1.98476,1.59226,0.47525,0.22227,0.2685,0.10174,8.04874,1.87777,1.58864,0.00056044,0.00056044,0.00056044
446,1713.37,8.01188,1.88591,1.64489,0.4759,0.22144,0.26727,0.10126,8.06076,1.87558,1.58927,0.00055945,0.00055945,0.00055945
447,1716.94,8.09364,1.97883,1.64997,0.47836,0.22295,0.26681,0.09995,8.09233,1.87724,1.58833,0.00055846,0.00055846,0.00055846
448,1720.64,7.66168,1.84482,1.68663,0.47665,0.22131,0.26452,0.10082,8.07962,1.87927,1.58854,0.00055747,0.00055747,0.00055747
449,1724.19,8.09987,1.94282,1.68494,0.47047,0.22199,0.2644,0.10024,8.06122,1.87153,1.58932,0.00055648,0.00055648,0.00055648
450,1727.86,7.98477,1.90516,1.64851,0.47274,0.22062,0.26475,0.09913,8.09331,1.87389,1.59119,0.00055549,0.00055549,0.00055549
451,1731.55,7.92674,1.87131,1.65666,0.4788,0.22007,0.26562,0.09912,8.12311,1.87485,1.59151,0.0005545,0.0005545,0.0005545
452,1735.37,8.04347,1.91312,1.64294,0.47482,0.22158,0.26531,0.10003,8.07537,1.86699,1.59146,0.00055351,0.00055351,0.00055351
453,1738.94,7.99474,1.98901,1.68561,0.47593,0.22199,0.26607,0.1005,8.08003,1.87206,1.58984,0.00055252,0.00055252,0.00055252
454,1742.69,7.5578,1.83466,1.66897,0.48647,0.21801,0.26647,0.10096,8.09941,1.8837,1.58978,0.00055153,0.00055153,0.00055153
455,1746.39,8.06127,1.85352,1.65783,0.48197,0.22076,0.26758,0.1015,8.07709,1.8736,1.59162,0.00055054,0.00055054,0.00055054
456,1750.36,7.28499,1.81539,1.65669,0.47638,0.22337,0.26648,0.10105,8.09815,1.86777,1.5922,0.00054955,0.00054955,0.00054955
457,1753.98,7.68953,1.79174,1.65896,0.47299,0.22364,0.266,0.10095,8.08453,1.86709,1.59248,0.00054856,0.00054856,0.00054856
458,1757.65,7.47034,1.86373,1.65229,0.47382,0.22652,0.26813,0.10059,8.07901,1.8656,1.59158,0.00054757,0.00054757,0.00054757
459,1761.26,7.96752,1.87766,1.63932,0.47905,0.22419,0.26685,0.09986,8.08984,1.86904,1.59014,0.00054658,0.00054658,0.00054658
460,1764.98,7.8991,1.84245,1.68073,0.47733,0.2246,0.26775,0.09987,8.08451,1.86473,1.59046,0.00054559,0.00054559,0.00054559
461,1768.7,7.67885,1.95522,1.68396,0.46989,0.22392,0.26389,0.09894,8.09966,1.86713,1.59281,0.0005446,0.0005446,0.0005446
462,1772.3,7.81322,1.86704,1.65937,0.46576,0.22213,0.26298,0.09933,8.08978,1.8654,1.59165,0.00054361,0.00054361,0.00054361
463,1776.1,7.74962,1.89334,1.68614,0.46783,0.22254,0.26439,0.09955,8.09678,1.86766,1.59168,0.00054262,0.00054262,0.00054262
464,1779.88,8.1654,1.8767,1.66377,0.47035,0.22076,0.2646,0.09939,8.12921,1.87617,1.59102,0.00054163,0.00054163,0.00054163
465,1783.55,8.0683,1.91638,1.66002,0.46838,0.22213,0.26478,0.09964,8.08584,1.86891,1.59153,0.00054064,0.00054064,0.00054064
466,1787.41,7.90482,1.8683,1.64631,0.47243,0.22323,0.26567,0.10031,8.07696,1.86489,1.59061,0.00053965,0.00053965,0.00053965
467,1791.01,7.93817,1.87548,1.63537,0.47601,0.22323,0.26783,0.10102,8.0825,1.86569,1.58881,0.00053866,0.00053866,0.00053866
468,1794.85,7.88072,1.92649,1.69708,0.47907,0.22199,0.26786,0.10028,8.08418,1.86615,1.59032,0.00053767,0.00053767,0.00053767
469,1798.46,7.90297,1.8668,1.66974,0.47683,0.22199,0.26668,0.10058,8.08294,1.86252,1.59094,0.00053668,0.00053668,0.00053668
470,1802.16,7.51369,1.83635,1.67228,0.48036,0.22295,0.268,0.10151,8.08957,1.86357,1.5904,0.00053569,0.00053569,0.00053569
471,1805.85,7.93389,1.9121,1.70768,0.48609,0.22172,0.2693,0.1019,8.10168,1.86667,1.58918,0.0005347,0.0005347,0.0005347
472,1809.43,7.62063,1.76883,1.66967,0.49041,0.22276,0.26987,0.10179,8.11067,1.85599,1.58951,0.00053371,0.00053371,0.00053371
473,1813.08,7.83531,1.82822,1.65308,0.48608,0.22433,0.27008,0.1023,8.09158,1.85327,1.59089,0.00053272,0.00053272,0.00053272
474,1816.73,8.17035,1.91699,1.66607,0.48387,0.22309,0.27054,0.10282,8.10906,1.86013,1.58955,0.00053173,0.00053173,0.00053173
475,1820.55,8.1707,1.93396,1.6506,0.48078,0.22144,0.26874,0.10193,8.17498,1.87023,1.58706,0.00053074,0.00053074,0.00053074
476,1824.45,7.91692,1.87659,1.68653,0.48163,0.22337,0.27117,0.10186,8.14781,1.86315,1.58847,0.00052975,0.00052975,0.00052975
477,1827.92,8.29607,1.97301,1.62794,0.48283,0.2235,0.27139,0.1023,8.15819,1.86477,1.58805,0.00052876,0.00052876,0.00052876
478,1831.59,7.77011,1.8727,1.64482,0.48332,0.22172,0.2696,0.10163,8.14842,1.86247,1.58889,0.00052777,0.00052777,0.00052777
479,1835.28,8.1338,1.92376,1.66532,0.48347,0.22323,0.27254,0.10217,8.09205,1.85264,1.5903,0.00052678,0.00052678,0.00052678
480,1838.96,8.20673,1.92852,1.64548,0.47804,0.22309,0.27162,0.10227,8.07325,1.85149,1.58954,0.00052579,0.00052579,0.00052579
481,1842.63,8.19931,1.99237,1.60486,0.48112,0.22163,0.2708,0.10227,8.11369,1.86352,1.58923,0.0005248,0.0005248,0.0005248
482,1846.3,7.45061,1.82093,1.65786,0.47785,0.22295,0.27122,0.10207,8.07103,1.85485,1.58988,0.00052381,0.00052381,0.00052381
483,1850.04,7.91618,1.83392,1.68492,0.48221,0.22183,0.26945,0.10227,8.11712,1.86019,1.5884,0.00052282,0.00052282,0.00052282
484,1853.76,7.78797,1.82676,1.6863,0.48002,0.2235,0.27089,0.10209,8.13204,1.85747,1.58843,0.00052183,0.00052183,0.00052183
485,1857.35,7.90513,1.9107,1.65657,0.47833,0.22529,0.27271,0.10285,8.07279,1.85274,1.58866,0.00052084,0.00052084,0.00052084
486,1861.05,7.59688,1.85611,1.6558,0.4863,0.22543,0.27491,0.10459,8.04862,1.85148,1.58761,0.00051985,0.00051985,0.00051985
487,1864.82,8.12393,1.99527,1.61987,0.48592,0.22294,0.27335,0.10362,8.09678,1.85579,1.58718,0.00051886,0.00051886,0.00051886
488,1868.51,7.51406,1.81622,1.64269,0.48957,0.22295,0.27382,0.10365,8.0649,1.8525,1.58704,0.00051787,0.00051787,0.00051787
489,1872.13,7.69853,1.91028,1.63886,0.4904,0.22515,0.27303,0.10371,8.06174,1.85195,1.58743,0.00051688,0.00051688,0.00051688
490,1875.77,8.09239,1.94351,1.65983,0.48718,0.22694,0.2721,0.10321,8.0629,1.848,1.58763,0.00051589,0.00051589,0.00051589
491,1879.46,8.28088,2.14019,1.61618,0.48923,0.2279,0.27469,0.10306,8.08008,1.85074,1.58701,0.0005149,0.0005149,0.0005149
492,1883.17,8.34465,1.95848,1.67663,0.48306,0.22735,0.27369,0.10281,8.0816,1.84895,1.58783,0.00051391,0.00051391,0.00051391
493,1886.82,8.14178,1.8665,1.65681,0.47989,0.22446,0.26939,0.10207,8.07154,1.8472,1.58841,0.00051292,0.00051292,0.00051292
494,1890.46,7.54152,1.76806,1.66967,0.48479,0.22206,0.27148,0.10288,8.06743,1.84818,1.58583,0.00051193,0.00051193,0.00051193
495,1894.08,8.05601,1.93067,1.67048,0.48267,0.22199,0.27055,0.10289,8.06547,1.85028,1.58649,0.00051094,0.00051094,0.00051094
496,1897.89,7.37083,1.79996,1.63948,0.4816,0.22268,0.26919,0.10284,8.07947,1.8497,1.58836,0.00050995,0.00050995,0.00050995
497,1901.45,7.68262,1.84041,1.65967,0.47815,0.22433,0.27025,0.1029,8.06982,1.84756,1.58797,0.00050896,0.00050896,0.00050896
498,1905.07,7.83843,1.90652,1.72569,0.47511,0.22474,0.26882,0.10189,8.07496,1.8504,1.58806,0.00050797,0.00050797,0.00050797
499,1908.6,8.02494,1.92246,1.68531,0.47728,0.22144,0.26717,0.10131,8.13539,1.85749,1.58733,0.00050698,0.00050698,0.00050698
500,1912.38,7.86264,1.86308,1.69733,0.47924,0.22227,0.26856,0.10267,8.08089,1.84939,1.58839,0.00050599,0.00050599,0.00050599
501,1916.06,7.68162,1.80766,1.64001,0.48013,0.22295,0.2705,0.10296,8.05501,1.84485,1.58958,0.000505,0.000505,0.000505
502,1919.73,7.69504,1.86769,1.61433,0.48464,0.22323,0.27158,0.10303,8.07058,1.84536,1.58974,0.00050401,0.00050401,0.00050401
503,1923.3,8.0239,1.92806,1.65501,0.48815,0.22271,0.27173,0.10325,8.07468,1.84869,1.589,0.00050302,0.00050302,0.00050302
504,1926.96,7.5846,1.79368,1.65602,0.48762,0.22254,0.2719,0.10315,8.07985,1.84973,1.58813,0.00050203,0.00050203,0.00050203
505,1930.52,7.92785,1.87682,1.66768,0.49151,0.22405,0.27358,0.10408,8.03081,1.84472,1.5873,0.00050104,0.00050104,0.00050104
506,1934.29,8.37826,1.98379,1.66857,0.49734,0.22446,0.27526,0.10443,8.03259,1.84735,1.58631,0.00050005,0.00050005,0.00050005
507,1937.94,7.77747,1.88598,1.65987,0.4962,0.22405,0.27418,0.10369,8.06634,1.85127,1.5866,0.00049906,0.00049906,0.00049906
508,1941.58,7.76159,1.86739,1.65947,0.49539,0.22323,0.27428,0.10353,8.04976,1.84496,1.58686,0.00049807,0.00049807,0.00049807
509,1945.15,7.48296,1.7899,1.67056,0.48437,0.22529,0.27209,0.1036,8.01616,1.83714,1.58798,0.00049708,0.00049708,0.00049708
510,1948.79,8.01369,1.91949,1.65112,0.48156,0.22707,0.2724,0.10349,8.00602,1.83434,1.58779,0.00049609,0.00049609,0.00049609
511,1952.45,8.29837,1.89082,1.65836,0.48204,0.22735,0.2733,0.10359,8.01332,1.83717,1.58658,0.0004951,0.0004951,0.0004951
512,1956.31,7.81379,1.88801,1.64529,0.48575,0.22831,0.27474,0.10361,8.00576,1.83763,1.58609,0.00049411,0.00049411,0.00049411
513,1959.92,8.44762,1.95813,1.61117,0.4834,0.22762,0.27377,0.10365,8.00043,1.83609,1.5866,0.00049312,0.00049312,0.00049312
514,1963.64,7.84747,1.87875,1.63069,0.4858,0.22666,0.27455,0.10376,8.00469,1.83746,1.58623,0.00049213,0.00049213,0.00049213
515,1967.2,7.83886,1.81216,1.66972,0.48259,0.22597,0.27401,0.10401,8.04244,1.83862,1.58476,0.00049114,0.00049114,0.00049114
516,1970.92,8.02032,1.96775,1.66271,0.48625,0.22694,0.27528,0.10468,8.03946,1.84529,1.58453,0.00049015,0.00049015,0.00049015
517,1974.55,8.11769,1.8469,1.65868,0.48673,0.22809,0.27636,0.10517,8.00591,1.84549,1.58456,0.00048916,0.00048916,0.00048916
518,1978.23,7.7147,1.90764,1.67583,0.49121,0.2268,0.27629,0.10467,8.01849,1.84517,1.58544,0.00048817,0.00048817,0.00048817
519,1981.81,7.63232,1.79963,1.6727,0.49138,0.2257,0.27631,0.10418,8.08384,1.84792,1.58515,0.00048718,0.00048718,0.00048718
520,1985.55,7.85999,1.8697,1.67324,0.48668,0.22488,0.27373,0.10284,8.12386,1.84678,1.58682,0.00048619,0.00048619,0.00048619
521,1989.17,7.88795,1.88371,1.65457,0.48873,0.22556,0.27469,0.10271,8.06297,1.83803,1.58792,0.0004852,0.0004852,0.0004852
522,1992.82,7.90764,1.88853,1.63915,0.48644,0.22496,0.27334,0.10289,8.04162,1.84229,1.58667,0.00048421,0.00048421,0.00048421
523,1996.47,7.8381,1.8525,1.64234,0.48703,0.22543,0.27233,0.10306,8.05467,1.84242,1.58572,0.00048322,0.00048322,0.00048322
524,2000.15,8.29365,1.89939,1.6499,0.4793,0.2257,0.27257,0.1028,8.02192,1.84278,1.58578,0.00048223,0.00048223,0.00048223
525,2003.85,7.9939,1.8801,1.64796,0.4827,0.22433,0.27154,0.10237,8.04545,1.84676,1.58544,0.00048124,0.00048124,0.00048124
526,2007.6,8.84475,2.17529,1.58416,0.48232,0.22364,0.27158,0.10246,8.02542,1.84546,1.58506,0.00048025,0.00048025,0.00048025
527,2011.08,7.66978,1.76038,1.65172,0.48227,0.2257,0.27123,0.10222,8.04452,1.84654,1.58646,0.00047926,0.00047926,0.00047926
528,2014.88,7.42751,1.83336,1.68396,0.4808,0.22578,0.27103,0.10148,8.05456,1.8468,1.58823,0.00047827,0.00047827,0.00047827
529,2018.54,7.24678,1.73239,1.66651,0.48349,0.22643,0.27149,0.10159,8.04736,1.84433,1.58678,0.00047728,0.00047728,0.00047728
530,2022.17,7.82923,1.8538,1.66911,0.48391,0.2245,0.2716,0.10199,8.04294,1.84502,1.58628,0.00047629,0.00047629,0.00047629
531,2025.79,7.70141,1.81157,1.64307,0.48359,0.22597,0.27297,0.10257,8.01323,1.84079,1.58627,0.0004753,0.0004753,0.0004753
532,2029.61,7.75228,1.8359,1.67342,0.4794,0.22584,0.27208,0.1022,8.01661,1.83715,1.58743,0.00047431,0.00047431,0.00047431
533,2033.27,7.88577,1.83561,1.62204,0.48201,0.22446,0.27223,0.10189,8.03261,1.83728,1.58686,0.00047332,0.00047332,0.00047332
534,2036.91,8.00059,1.96527,1.6548,0.48072,0.22625,0.27445,0.10282,8.01542,1.83575,1.58705,0.00047233,0.00047233,0.00047233
535,2040.5,7.66876,1.83656,1.63846,0.47713,0.22788,0.27398,0.10298,7.99598,1.8313,1.58807,0.00047134,0.00047134,0.00047134
536,2044.32,8.36314,1.93163,1.62199,0.47767,0.22599,0.27389,0.10289,8.02858,1.82926,1.58766,0.00047035,0.00047035,0.00047035
537,2047.8,7.89438,1.87225,1.62185,0.47788,0.22652,0.27345,0.10286,8.05128,1.83229,1.58733,0.00046936,0.00046936,0.00046936
538,2051.56,7.51592,1.85428,1.72071,0.48266,0.2244,0.27358,0.10329,8.02443,1.82937,1.58691,0.00046837,0.00046837,0.00046837
539,2055.28,8.01124,1.95539,1.64051,0.48545,0.22433,0.27374,0.10263,8.0126,1.8296,1.58675,0.00046738,0.00046738,0.00046738
540,2058.9,7.74004,1.89351,1.67446,0.48907,0.22515,0.27455,0.10384,7.98379,1.83052,1.58566,0.00046639,0.00046639,0.00046639
541,2062.67,7.74427,1.84773,1.61556,0.4861,0.2246,0.27395,0.10387,8.00444,1.8301,1.58561,0.0004654,0.0004654,0.0004654
542,2066.3,7.7056,1.90172,1.65242,0.48435,0.22543,0.27475,0.10369,8.01427,1.83194,1.58649,0.00046441,0.00046441,0.00046441
543,2069.88,7.7474,1.87312,1.67417,0.48339,0.2279,0.27479,0.10442,7.99494,1.83002,1.58646,0.00046342,0.00046342,0.00046342
544,2073.47,7.88759,1.84553,1.66964,0.48662,0.22656,0.27567,0.10493,7.98315,1.82984,1.58564,0.00046243,0.00046243,0.00046243
545,2077,7.99635,1.90907,1.64865,0.48457,0.22817,0.27617,0.10501,8.00005,1.82994,1.58491,0.00046144,0.00046144,0.00046144
546,2080.66,8.39828,2.06601,1.63005,0.4831,0.22762,0.27608,0.10536,7.97098,1.8321,1.58381,0.00046045,0.00046045,0.00046045
547,2084.41,8.03038,1.91536,1.6479,0.48996,0.22611,0.27671,0.10501,7.99686,1.83854,1.58235,0.00045946,0.00045946,0.00045946
548,2088.07,7.63265,1.83294,1.64264,0.48397,0.22913,0.2781,0.10535,7.95835,1.83067,1.58397,0.00045847,0.00045847,0.00045847
549,2091.67,8.2219,1.91586,1.63705,0.48253,0.23051,0.27763,0.10482,7.93971,1.82982,1.58536,0.00045748,0.00045748,0.00045748
550,2095.33,7.90455,1.87249,1.65526,0.48857,0.23064,0.28019,0.10557,7.95056,1.8297,1.58454,0.00045649,0.00045649,0.00045649
551,2098.99,7.71032,1.81765,1.64747,0.49285,0.229,0.281,0.10584,7.97105,1.83123,1.58398,0.0004555,0.0004555,0.0004555
552,2102.89,8.08627,1.92481,1.63929,0.49063,0.2257,0.27852,0.10525,7.98571,1.83456,1.58265,0.00045451,0.00045451,0.00045451
553,2106.58,7.15402,1.73041,1.69182,0.49166,0.229,0.28015,0.10622,7.92978,1.82638,1.58326,0.00045352,0.00045352,0.00045352
554,2110.32,7.87598,1.85347,1.65518,0.4907,0.22941,0.27768,0.10573,7.93036,1.82016,1.58483,0.00045253,0.00045253,0.00045253
555,2113.95,7.48938,1.83928,1.67471,0.49426,0.22982,0.27887,0.10607,7.93585,1.82019,1.5842,0.00045154,0.00045154,0.00045154
556,2117.57,7.3136,1.77019,1.70671,0.49478,0.22845,0.27981,0.10628,7.94677,1.82478,1.58425,0.00045055,0.00045055,0.00045055
557,2121.34,8.15893,1.92346,1.63119,0.49903,0.22688,0.27907,0.10512,7.99824,1.83201,1.58427,0.00044956,0.00044956,0.00044956
558,2125.1,7.58129,1.79629,1.66544,0.48952,0.22872,0.27763,0.10463,7.95429,1.82637,1.58519,0.00044857,0.00044857,0.00044857
559,2128.66,8.40374,2.05866,1.62584,0.49041,0.22845,0.27873,0.10515,7.93625,1.82506,1.58492,0.00044758,0.00044758,0.00044758
560,2132.41,7.99039,1.94202,1.63046,0.48883,0.22666,0.27725,0.10478,7.92994,1.8263,1.58388,0.00044659,0.00044659,0.00044659
561,2136,8.29739,1.94417,1.61639,0.48956,0.22762,0.27702,0.10445,7.93853,1.82502,1.58364,0.0004456,0.0004456,0.0004456
562,2139.81,7.76627,1.84418,1.64034,0.49115,0.22886,0.27733,0.10519,7.93069,1.82244,1.58343,0.00044461,0.00044461,0.00044461
563,2143.53,7.18917,1.74614,1.66346,0.49167,0.2284,0.27639,0.10568,7.91272,1.82284,1.58355,0.00044362,0.00044362,0.00044362
564,2147.46,7.3004,1.78476,1.65891,0.49337,0.22781,0.27664,0.10554,7.93866,1.82513,1.58387,0.00044263,0.00044263,0.00044263
565,2151.17,7.29128,1.78069,1.66098,0.49701,0.22652,0.27776,0.1055,7.94268,1.82731,1.58319,0.00044164,0.00044164,0.00044164
566,2154.81,7.85594,1.86083,1.66495,0.49194,0.22694,0.27692,0.10527,7.95877,1.82505,1.58331,0.00044065,0.00044065,0.00044065
567,2158.42,7.6927,1.86985,1.60794,0.49767,0.22673,0.27794,0.10544,7.93725,1.82439,1.58341,0.00043966,0.00043966,0.00043966
568,2162.21,7.5578,1.91124,1.63349,0.49643,0.22694,0.27818,0.10603,7.93932,1.82429,1.5825,0.00043867,0.00043867,0.00043867
569,2165.73,7.51213,1.75254,1.65455,0.49368,0.22769,0.27751,0.10525,7.93338,1.8251,1.58235,0.00043768,0.00043768,0.00043768
570,2169.31,7.38584,1.79007,1.65894,0.49189,0.22913,0.27749,0.10548,7.92534,1.82238,1.58111,0.00043669,0.00043669,0.00043669
571,2172.87,7.69848,1.78897,1.62683,0.48133,0.22703,0.27261,0.10485,7.91526,1.82357,1.58172,0.0004357,0.0004357,0.0004357
572,2176.65,7.64009,1.85541,1.64553,0.48264,0.22858,0.27236,0.10377,7.95943,1.82897,1.58294,0.00043471,0.00043471,0.00043471
573,2180.27,7.88247,1.92573,1.65317,0.48403,0.22762,0.27309,0.10444,7.94621,1.82996,1.58198,0.00043372,0.00043372,0.00043372
574,2183.92,7.91071,1.88094,1.631,0.48765,0.22886,0.2755,0.1042,7.96324,1.83339,1.5818,0.00043273,0.00043273,0.00043273
575,2187.46,7.82182,1.89807,1.65158,0.48469,0.22707,0.27379,0.10448,7.9548,1.82914,1.58232,0.00043174,0.00043174,0.00043174
576,2191.17,7.67374,1.79049,1.65936,0.48311,0.2279,0.27362,0.10442,7.95458,1.82814,1.58179,0.00043075,0.00043075,0.00043075
577,2194.75,7.81639,1.84819,1.6544,0.48607,0.22852,0.27469,0.10411,7.96832,1.82836,1.58273,0.00042976,0.00042976,0.00042976
578,2198.45,8.1071,1.86895,1.62463,0.48497,0.22894,0.27622,0.10438,7.96399,1.83097,1.58254,0.00042877,0.00042877,0.00042877
579,2202.05,7.69405,1.84066,1.65367,0.4803,0.22817,0.27509,0.10425,7.97366,1.83074,1.58234,0.00042778,0.00042778,0.00042778
580,2205.75,8.05942,2.00509,1.61313,0.48233,0.22872,0.27708,0.10465,7.97315,1.83685,1.58159,0.00042679,0.00042679,0.00042679
581,2209.4,7.7644,1.90957,1.65029,0.48262,0.22858,0.27735,0.10569,7.94964,1.83467,1.58203,0.0004258,0.0004258,0.0004258
582,2213.05,8.07173,2.0397,1.62288,0.48277,0.22834,0.27709,0.10577,7.94066,1.83042,1.58219,0.00042481,0.00042481,0.00042481
583,2216.78,7.47477,1.80045,1.66635,0.48519,0.22914,0.28022,0.10612,7.97148,1.83488,1.58168,0.00042382,0.00042382,0.00042382
584,2220.45,8.13996,1.9755,1.62737,0.48826,0.22975,0.28088,0.10643,7.95445,1.8254,1.5826,0.00042283,0.00042283,0.00042283
585,2224.1,7.92841,1.82331,1.66489,0.49408,0.23064,0.2815,0.10621,7.963,1.82427,1.58254,0.00042184,0.00042184,0.00042184
586,2227.78,7.61301,1.80794,1.63871,0.48384,0.22714,0.27662,0.1055,7.97034,1.82644,1.58362,0.00042085,0.00042085,0.00042085
587,2231.31,7.77231,1.87347,1.66817,0.48329,0.22707,0.27618,0.10549,7.97119,1.82927,1.58414,0.00041986,0.00041986,0.00041986
588,2235.05,7.84224,1.86697,1.63838,0.48556,0.22803,0.27744,0.10591,7.98324,1.82557,1.58453,0.00041887,0.00041887,0.00041887
589,2238.59,7.8085,1.81544,1.63998,0.48744,0.22678,0.27708,0.10584,7.97094,1.82694,1.58448,0.00041788,0.00041788,0.00041788
590,2242.23,7.32071,1.78965,1.65737,0.48869,0.22776,0.27925,0.10678,7.93791,1.82586,1.58353,0.00041689,0.00041689,0.00041689
591,2245.89,7.9182,1.89525,1.64193,0.49034,0.22762,0.27846,0.10716,7.92811,1.82238,1.58363,0.0004159,0.0004159,0.0004159
592,2249.63,7.48224,1.82555,1.63197,0.48933,0.2289,0.2787,0.10683,7.90904,1.81875,1.58345,0.00041491,0.00041491,0.00041491
593,2253.25,7.55324,1.8289,1.66194,0.48872,0.22887,0.27919,0.1068,7.92086,1.81839,1.5835,0.00041392,0.00041392,0.00041392
594,2256.99,7.68614,1.83193,1.6558,0.48992,0.23064,0.27983,0.10655,7.92346,1.81445,1.58379,0.00041293,0.00041293,0.00041293
595,2260.65,8.07356,1.9683,1.62268,0.48651,0.23119,0.27918,0.10615,7.92882,1.81679,1.58461,0.00041194,0.00041194,0.00041194
596,2264.36,7.62071,1.89293,1.62654,0.49168,0.22776,0.27927,0.10603,7.93693,1.82343,1.58328,0.00041095,0.00041095,0.00041095
597,2267.9,7.87377,1.91209,1.68901,0.48765,0.22789,0.27785,0.10609,7.94822,1.82476,1.5837,0.00040996,0.00040996,0.00040996
598,2271.5,7.93744,1.90641,1.58841,0.48839,0.22872,0.27905,0.1062,7.94066,1.82162,1.58302,0.00040897,0.00040897,0.00040897
599,2275.09,8.03645,1.91098,1.62797,0.48963,0.22864,0.27966,0.10639,7.935,1.82182,1.58296,0.00040798,0.00040798,0.00040798
600,2278.73,7.57756,1.79701,1.63805,0.48885,0.22954,0.27994,0.10615,7.93516,1.81943,1.58298,0.00040699,0.00040699,0.00040699
601,2282.33,8.08813,1.91069,1.65327,0.49381,0.229,0.27994,0.10669,7.93174,1.82193,1.58204,0.000406,0.000406,0.000406
602,2286.11,7.8413,1.89676,1.62861,0.49254,0.22852,0.27893,0.10703,7.92239,1.82264,1.58053,0.00040501,0.00040501,0.00040501
603,2289.86,7.75696,1.85351,1.67276,0.49476,0.22982,0.2803,0.10671,7.91574,1.8205,1.58054,0.00040402,0.00040402,0.00040402
604,2293.61,8.19463,1.94785,1.62533,0.49313,0.22954,0.27861,0.10621,7.91789,1.81668,1.58053,0.00040303,0.00040303,0.00040303
605,2297.21,8.15826,1.91893,1.62881,0.49522,0.23023,0.27922,0.10584,7.9316,1.82267,1.57983,0.00040204,0.00040204,0.00040204
606,2300.89,7.99695,1.91233,1.63571,0.49409,0.23035,0.27974,0.10559,7.93579,1.81889,1.58188,0.00040105,0.00040105,0.00040105
607,2304.48,8.47984,1.96076,1.62911,0.49134,0.23064,0.27862,0.10576,7.91598,1.81586,1.58278,0.00040006,0.00040006,0.00040006
608,2308.18,8.05628,1.98958,1.65231,0.49592,0.23042,0.28007,0.1065,7.89106,1.8132,1.58289,0.00039907,0.00039907,0.00039907
609,2311.81,7.55581,1.8136,1.63938,0.49976,0.23009,0.27921,0.10618,7.92123,1.81849,1.58196,0.00039808,0.00039808,0.00039808
610,2315.57,7.90002,1.88925,1.63231,0.50092,0.229,0.27886,0.10568,7.93177,1.82266,1.58141,0.00039709,0.00039709,0.00039709
611,2319.12,7.27384,1.73737,1.66624,0.50073,0.23051,0.28021,0.10625,7.89279,1.81824,1.58154,0.0003961,0.0003961,0.0003961
612,2322.78,7.53481,1.84185,1.63698,0.49656,0.23078,0.28078,0.10652,7.88843,1.81582,1.58199,0.00039511,0.00039511,0.00039511
613,2326.38,7.62802,1.81331,1.61468,0.49297,0.23066,0.27898,0.10563,7.90821,1.81724,1.58226,0.00039412,0.00039412,0.00039412
614,2330.1,7.53078,1.86518,1.64423,0.48846,0.22996,0.27712,0.1057,7.89889,1.81758,1.58222,0.00039313,0.00039313,0.00039313
615,2333.68,7.75401,1.91495,1.68015,0.48405,0.23003,0.27605,0.10537,7.91201,1.82015,1.5829,0.00039214,0.00039214,0.00039214
616,2337.31,7.60083,1.83691,1.64479,0.48579,0.22927,0.27585,0.10552,7.8852,1.82093,1.58201,0.00039115,0.00039115,0.00039115
617,2340.91,7.46452,1.80219,1.6729,0.48964,0.22982,0.2756,0.10545,7.89754,1.82185,1.58184,0.00039016,0.00039016,0.00039016
618,2344.62,8.24968,1.95355,1.61079,0.4968,0.23174,0.27917,0.10617,7.91395,1.82316,1.58161,0.00038917,0.00038917,0.00038917
619,2348.22,7.69305,1.78188,1.62253,0.4903,0.23045,0.27656,0.10559,7.92453,1.82386,1.5831,0.00038818,0.00038818,0.00038818
620,2352.03,7.79464,1.80648,1.64145,0.48416,0.22927,0.2758,0.10496,7.94853,1.8249,1.58333,0.00038719,0.00038719,0.00038719
621,2355.57,7.16913,1.72579,1.6715,0.48659,0.22886,0.27621,0.10514,7.9504,1.82167,1.58219,0.0003862,0.0003862,0.0003862
622,2359.14,7.75194,1.84068,1.65272,0.49019,0.22776,0.2769,0.10524,7.93787,1.81853,1.58189,0.00038521,0.00038521,0.00038521
623,2362.78,7.58493,1.82663,1.68653,0.48927,0.22872,0.27674,0.10564,7.91807,1.81647,1.58243,0.00038422,0.00038422,0.00038422
624,2366.57,7.95152,1.90696,1.66869,0.48725,0.22776,0.27683,0.10557,7.91196,1.81937,1.5819,0.00038323,0.00038323,0.00038323
625,2370.24,7.61463,1.86653,1.66545,0.48688,0.2279,0.27684,0.10585,7.90804,1.81602,1.58303,0.00038224,0.00038224,0.00038224
626,2373.89,7.67219,1.86729,1.62821,0.48614,0.22937,0.27724,0.10586,7.91748,1.81451,1.58347,0.00038125,0.00038125,0.00038125
627,2377.54,7.6688,1.86816,1.6089,0.48702,0.22666,0.27574,0.10556,7.93877,1.81758,1.58339,0.00038026,0.00038026,0.00038026
628,2381.25,7.28395,1.80737,1.66659,0.4847,0.2268,0.27462,0.10509,7.93351,1.81603,1.58425,0.00037927,0.00037927,0.00037927
629,2384.95,7.7206,1.85611,1.66666,0.48557,0.22817,0.27466,0.10512,7.9364,1.8141,1.58388,0.00037828,0.00037828,0.00037828
630,2388.6,7.87296,1.84163,1.66341,0.482,0.22803,0.2751,0.10526,7.93318,1.81654,1.58339,0.00037729,0.00037729,0.00037729
631,2392.26,7.70334,1.83515,1.68933,0.48314,0.2279,0.27523,0.10539,7.93713,1.82004,1.58331,0.0003763,0.0003763,0.0003763
632,2396,7.77269,1.85983,1.68176,0.48209,0.229,0.27473,0.105,7.93803,1.82234,1.58229,0.00037531,0.00037531,0.00037531
633,2399.61,7.57209,1.8269,1.6543,0.48457,0.22968,0.27657,0.10591,7.91762,1.81894,1.58187,0.00037432,0.00037432,0.00037432
634,2403.32,7.75648,1.86076,1.66007,0.47958,0.22982,0.27611,0.10576,7.92273,1.81868,1.58164,0.00037333,0.00037333,0.00037333
635,2406.94,7.82265,1.8918,1.64601,0.49148,0.23037,0.27953,0.10612,7.95178,1.82097,1.58078,0.00037234,0.00037234,0.00037234
636,2410.67,8.2243,1.91394,1.59161,0.48634,0.23215,0.27977,0.10664,7.90929,1.81625,1.58026,0.00037135,0.00037135,0.00037135
637,2414.22,8.05634,2.08627,1.59562,0.48805,0.23133,0.27912,0.10653,7.91127,1.81737,1.58056,0.00037036,0.00037036,0.00037036
638,2417.99,7.705,1.8161,1.61558,0.48986,0.23188,0.28108,0.10731,7.90299,1.81594,1.57985,0.00036937,0.00036937,0.00036937
639,2421.82,7.89764,1.89934,1.61757,0.49167,0.23256,0.28192,0.10739,7.91847,1.81587,1.5802,0.00036838,0.00036838,0.00036838
640,2425.89,7.78986,1.89326,1.62068,0.49035,0.23037,0.28034,0.10738,7.91074,1.81633,1.57973,0.00036739,0.00036739,0.00036739
641,2429.49,7.78357,1.84343,1.64584,0.49228,0.23174,0.28178,0.10795,7.89814,1.81625,1.57977,0.0003664,0.0003664,0.0003664
642,2433.2,7.62255,1.8429,1.61434,0.49778,0.23243,0.28459,0.10817,7.90489,1.82221,1.57815,0.00036541,0.00036541,0.00036541
643,2436.8,7.78496,1.83979,1.6134,0.49913,0.23271,0.28513,0.10827,7.89012,1.82126,1.57907,0.00036442,0.00036442,0.00036442
644,2440.57,7.68482,1.8012,1.67307,0.49998,0.23255,0.2842,0.10797,7.90667,1.81735,1.57946,0.00036343,0.00036343,0.00036343
645,2444.44,8.09378,1.88498,1.6156,0.49445,0.23215,0.28311,0.10809,7.88367,1.81413,1.57997,0.00036244,0.00036244,0.00036244
646,2448.15,7.86117,1.88877,1.65755,0.49096,0.23106,0.282,0.10748,7.86873,1.81257,1.57981,0.00036145,0.00036145,0.00036145
647,2451.74,7.77112,1.88949,1.62812,0.49435,0.23059,0.282,0.10706,7.87651,1.81629,1.57989,0.00036046,0.00036046,0.00036046
648,2455.31,7.41334,1.82163,1.66408,0.49702,0.22858,0.28059,0.10759,7.87856,1.81878,1.57946,0.00035947,0.00035947,0.00035947
649,2458.84,7.73217,1.84034,1.62996,0.494,0.22872,0.28013,0.10809,7.87191,1.81536,1.58027,0.00035848,0.00035848,0.00035848
650,2462.77,6.8636,1.71517,1.67156,0.49205,0.22652,0.27823,0.10777,7.88249,1.81467,1.58068,0.00035749,0.00035749,0.00035749
651,2466.42,7.29741,1.77378,1.6825,0.49592,0.22776,0.28113,0.10776,7.91478,1.81869,1.5804,0.0003565,0.0003565,0.0003565
652,2470.09,7.9964,1.95753,1.63512,0.49128,0.22631,0.2779,0.10821,7.88923,1.80964,1.58151,0.00035551,0.00035551,0.00035551
653,2473.65,7.32999,1.80169,1.64806,0.49471,0.22796,0.28058,0.10845,7.88914,1.80756,1.58082,0.00035452,0.00035452,0.00035452
654,2477.41,7.58012,1.87931,1.64919,0.49148,0.22776,0.27946,0.10754,7.88844,1.80608,1.58077,0.00035353,0.00035353,0.00035353
655,2481.02,8.00677,1.89282,1.62056,0.48856,0.22817,0.27871,0.10729,7.87407,1.80558,1.58101,0.00035254,0.00035254,0.00035254
656,2484.79,7.61376,1.82047,1.65436,0.4882,0.22845,0.27978,0.10839,7.88755,1.80347,1.58015,0.00035155,0.00035155,0.00035155
657,2488.33,7.66504,1.86619,1.62013,0.49082,0.22954,0.28062,0.10805,7.89607,1.80331,1.58051,0.00035056,0.00035056,0.00035056
658,2491.97,7.2073,1.74927,1.65171,0.48985,0.22803,0.28005,0.10761,7.88269,1.80546,1.58039,0.00034957,0.00034957,0.00034957
659,2495.56,7.8165,1.82138,1.62771,0.4943,0.22735,0.2809,0.1081,7.88653,1.80749,1.57998,0.00034858,0.00034858,0.00034858
660,2499.27,7.53665,1.75714,1.644,0.4951,0.22913,0.28327,0.10843,7.86777,1.80763,1.57937,0.00034759,0.00034759,0.00034759
661,2503,7.5246,1.82664,1.6424,0.49657,0.22954,0.28346,0.10846,7.86714,1.80675,1.57913,0.0003466,0.0003466,0.0003466
662,2506.71,7.83309,1.87648,1.62381,0.4923,0.23078,0.28376,0.10899,7.85964,1.80793,1.57882,0.00034561,0.00034561,0.00034561
663,2510.33,7.35939,1.79395,1.64573,0.49077,0.22996,0.2826,0.10849,7.85881,1.8089,1.57923,0.00034462,0.00034462,0.00034462
664,2513.94,7.31826,1.81297,1.64737,0.4913,0.23147,0.28318,0.10838,7.85733,1.80775,1.57912,0.00034363,0.00034363,0.00034363
665,2517.6,7.30678,1.78026,1.65192,0.48861,0.23174,0.28124,0.10807,7.86021,1.80885,1.58039,0.00034264,0.00034264,0.00034264
666,2521.44,7.9284,1.93986,1.65506,0.49292,0.231,0.28105,0.10782,7.86606,1.80915,1.58066,0.00034165,0.00034165,0.00034165
667,2525.21,8.27492,1.89546,1.60621,0.49914,0.23133,0.28448,0.10827,7.87133,1.81228,1.57976,0.00034066,0.00034066,0.00034066
668,2528.86,7.96151,1.87907,1.63118,0.49948,0.23215,0.2841,0.10809,7.8778,1.80915,1.57997,0.00033967,0.00033967,0.00033967
669,2532.41,7.34725,1.71753,1.68576,0.49246,0.23105,0.2815,0.1074,7.86344,1.80492,1.5803,0.00033868,0.00033868,0.00033868
670,2536.22,7.68541,1.86559,1.61629,0.49595,0.23256,0.28281,0.10759,7.88126,1.8069,1.57952,0.00033769,0.00033769,0.00033769
671,2540.38,7.86746,1.85381,1.66027,0.4911,0.23185,0.28114,0.10787,7.86588,1.80765,1.57977,0.0003367,0.0003367,0.0003367
672,2545.28,7.73178,1.90254,1.65782,0.49652,0.23202,0.28268,0.10794,7.88061,1.80662,1.57847,0.00033571,0.00033571,0.00033571
673,2551.97,7.93307,1.82818,1.64914,0.49362,0.23179,0.28235,0.1079,7.8802,1.80923,1.57868,0.00033472,0.00033472,0.00033472
674,2559.25,7.21629,1.74393,1.64958,0.4967,0.23202,0.28282,0.10728,7.89075,1.81063,1.5786,0.00033373,0.00033373,0.00033373
675,2566.52,7.29547,1.68471,1.66414,0.50084,0.23256,0.28357,0.10715,7.89684,1.80962,1.57917,0.00033274,0.00033274,0.00033274
676,2573.42,7.45109,1.79267,1.65964,0.49467,0.23133,0.28146,0.10769,7.89072,1.8096,1.57893,0.00033175,0.00033175,0.00033175
677,2578.72,7.05796,1.77273,1.6495,0.49757,0.23133,0.2833,0.10792,7.88895,1.81496,1.57804,0.00033076,0.00033076,0.00033076
678,2582.73,7.64193,1.81854,1.6362,0.49411,0.2316,0.28352,0.10816,7.89603,1.81996,1.57899,0.00032977,0.00032977,0.00032977
679,2586.39,7.40618,1.85375,1.67049,0.48953,0.22982,0.28058,0.10787,7.89139,1.82057,1.57972,0.00032878,0.00032878,0.00032878
680,2590.18,7.34646,1.77496,1.6538,0.4914,0.22982,0.28194,0.10862,7.8769,1.82139,1.57956,0.00032779,0.00032779,0.00032779
681,2593.91,7.74943,1.84601,1.63731,0.49774,0.22924,0.28437,0.10837,7.89806,1.82388,1.57849,0.0003268,0.0003268,0.0003268
682,2597.68,7.78224,1.81044,1.62362,0.50027,0.22996,0.28491,0.10881,7.8738,1.81819,1.57925,0.00032581,0.00032581,0.00032581
683,2601.29,7.40142,1.76967,1.63871,0.49936,0.22996,0.28469,0.10893,7.85995,1.81271,1.57989,0.00032482,0.00032482,0.00032482
684,2605.05,7.79897,1.9364,1.64791,0.49757,0.22927,0.28363,0.10865,7.85932,1.81525,1.57888,0.00032383,0.00032383,0.00032383
685,2608.77,7.61648,1.91866,1.63289,0.49347,0.22941,0.28312,0.10847,7.85334,1.81775,1.57874,0.00032284,0.00032284,0.00032284
686,2612.64,7.56381,1.88361,1.63773,0.49351,0.22996,0.28334,0.10816,7.85855,1.81402,1.57834,0.00032185,0.00032185,0.00032185
687,2616.33,7.84503,1.90102,1.61507,0.48795,0.23353,0.28362,0.10835,7.85235,1.81026,1.57871,0.00032086,0.00032086,0.00032086
688,2620.02,7.8161,1.81844,1.62865,0.49327,0.23394,0.28426,0.10837,7.86267,1.81014,1.57904,0.00031987,0.00031987,0.00031987
689,2623.61,7.92336,1.88314,1.6217,0.4959,0.23325,0.28557,0.10843,7.8646,1.81038,1.57844,0.00031888,0.00031888,0.00031888
690,2627.41,7.3117,1.70067,1.6757,0.49284,0.23394,0.28506,0.10859,7.85033,1.80621,1.57937,0.00031789,0.00031789,0.00031789
691,2631.24,8.21525,2.00351,1.62842,0.49039,0.23265,0.28408,0.10839,7.85401,1.80604,1.57858,0.0003169,0.0003169,0.0003169
692,2635.04,7.85513,1.87774,1.65306,0.48783,0.23256,0.28366,0.10807,7.84578,1.81092,1.57885,0.00031591,0.00031591,0.00031591
693,2638.7,7.51465,1.78041,1.66427,0.48595,0.23231,0.28192,0.10776,7.84795,1.81166,1.57903,0.00031492,0.00031492,0.00031492
694,2642.49,7.46555,1.78767,1.64285,0.48718,0.23339,0.28211,0.1079,7.86027,1.81165,1.57972,0.00031393,0.00031393,0.00031393
695,2646.2,7.82446,1.86357,1.60826,0.48873,0.23202,0.28085,0.10786,7.86948,1.81204,1.58021,0.00031294,0.00031294,0.00031294
696,2649.98,7.64584,1.85433,1.65065,0.48728,0.2316,0.28031,0.10816,7.85174,1.80769,1.58043,0.00031195,0.00031195,0.00031195
697,2653.76,7.74856,1.7985,1.62431,0.48477,0.23161,0.28011,0.10779,7.85841,1.80877,1.58012,0.00031096,0.00031096,0.00031096
698,2657.49,7.54553,1.84058,1.67061,0.48807,0.23256,0.28044,0.10795,7.85177,1.81281,1.57984,0.00030997,0.00030997,0.00030997
699,2661.15,8.60147,2.01233,1.57845,0.49003,0.2316,0.28049,0.10787,7.85,1.81441,1.57963,0.00030898,0.00030898,0.00030898
700,2664.89,7.93612,1.89234,1.64384,0.49009,0.23243,0.28083,0.10857,7.84537,1.81065,1.57972,0.00030799,0.00030799,0.00030799
701,2668.59,7.34379,1.74472,1.63982,0.49007,0.23284,0.28133,0.10869,7.83817,1.80971,1.57979,0.000307,0.000307,0.000307
702,2672.51,8.17901,1.94828,1.65587,0.48878,0.23482,0.28322,0.10909,7.84543,1.8056,1.58002,0.00030601,0.00030601,0.00030601
703,2676.27,7.28358,1.76328,1.68392,0.48803,0.23531,0.28394,0.10902,7.84541,1.80665,1.58021,0.00030502,0.00030502,0.00030502
704,2680,7.64092,1.85312,1.64719,0.48733,0.23438,0.28328,0.10938,7.83882,1.80435,1.57912,0.00030403,0.00030403,0.00030403
705,2683.75,7.38772,1.77177,1.64489,0.48978,0.23394,0.28345,0.10943,7.84359,1.80355,1.57866,0.00030304,0.00030304,0.00030304
706,2687.56,7.29978,1.78919,1.66334,0.4902,0.23627,0.28443,0.10907,7.83753,1.80398,1.5785,0.00030205,0.00030205,0.00030205
707,2691.47,7.17356,1.70817,1.65971,0.48755,0.23572,0.28284,0.10922,7.83886,1.80326,1.5783,0.00030106,0.00030106,0.00030106
708,2695.2,8.11197,1.93572,1.58866,0.49275,0.23504,0.28448,0.10969,7.83237,1.8014,1.57812,0.00030007,0.00030007,0.00030007
709,2698.91,7.85397,1.87301,1.61624,0.48871,0.23284,0.2828,0.10951,7.83257,1.7989,1.57809,0.00029908,0.00029908,0.00029908
710,2702.66,7.60614,1.8249,1.67007,0.48572,0.23105,0.28041,0.10919,7.82455,1.8,1.57826,0.00029809,0.00029809,0.00029809
711,2706.41,7.13538,1.81521,1.64203,0.48766,0.23078,0.28155,0.10953,7.81288,1.80055,1.57832,0.0002971,0.0002971,0.0002971
712,2710.27,7.52998,1.8264,1.71378,0.4924,0.23023,0.28207,0.10947,7.81312,1.80381,1.57826,0.00029611,0.00029611,0.00029611
713,2713.99,7.88858,1.82066,1.63414,0.49069,0.22941,0.28085,0.10956,7.82331,1.80401,1.57756,0.00029512,0.00029512,0.00029512
714,2717.74,7.23774,1.73848,1.66313,0.49345,0.23136,0.28227,0.10988,7.81702,1.80226,1.57778,0.00029413,0.00029413,0.00029413
715,2721.46,7.27919,1.75986,1.66805,0.49252,0.23284,0.28366,0.10979,7.83443,1.80133,1.57824,0.00029314,0.00029314,0.00029314
716,2725.24,7.61969,1.89754,1.66503,0.49557,0.23105,0.28355,0.10956,7.84539,1.80066,1.5785,0.00029215,0.00029215,0.00029215
717,2728.85,7.28362,1.78494,1.6403,0.4931,0.22982,0.28257,0.10959,7.83728,1.80158,1.57852,0.00029116,0.00029116,0.00029116
718,2732.76,8.02223,1.93185,1.62164,0.49343,0.22982,0.28359,0.1093,7.85844,1.80661,1.57872,0.00029017,0.00029017,0.00029017
719,2736.45,7.387,1.84792,1.64489,0.49541,0.22954,0.28304,0.10918,7.8532,1.80508,1.57838,0.00028918,0.00028918,0.00028918
720,2740.3,7.34714,1.75231,1.63353,0.48927,0.22858,0.28068,0.10868,7.86246,1.80338,1.57825,0.00028819,0.00028819,0.00028819
721,2743.87,7.42349,1.76289,1.63675,0.4897,0.22968,0.2818,0.1088,7.85153,1.80187,1.57873,0.0002872,0.0002872,0.0002872
722,2747.56,7.59333,1.74059,1.68216,0.48825,0.23037,0.28187,0.1086,7.84445,1.79918,1.5784,0.00028621,0.00028621,0.00028621
723,2751.47,7.65781,1.82027,1.62433,0.49023,0.23117,0.28294,0.10849,7.83888,1.79678,1.57938,0.00028522,0.00028522,0.00028522
724,2755.15,7.1119,1.76417,1.67334,0.48454,0.23009,0.28037,0.10822,7.85537,1.79942,1.57918,0.00028423,0.00028423,0.00028423
725,2758.87,7.79089,1.86639,1.64825,0.48662,0.22941,0.27983,0.10799,7.85407,1.80133,1.57888,0.00028324,0.00028324,0.00028324
726,2762.72,7.73831,1.87629,1.63835,0.48698,0.22968,0.28044,0.10826,7.84836,1.80237,1.57891,0.00028225,0.00028225,0.00028225
727,2766.35,7.64511,1.80708,1.63447,0.48483,0.22982,0.28035,0.10828,7.85167,1.80239,1.57937,0.00028126,0.00028126,0.00028126
728,2770.22,7.36516,1.72493,1.65654,0.48534,0.23009,0.28035,0.10822,7.84847,1.80258,1.57902,0.00028027,0.00028027,0.00028027
729,2773.86,7.35091,1.79029,1.68245,0.48839,0.23009,0.2805,0.108,7.85646,1.80177,1.57918,0.00027928,0.00027928,0.00027928
730,2777.61,7.10749,1.73419,1.64168,0.49107,0.22927,0.27986,0.10704,7.88832,1.80514,1.5787,0.00027829,0.00027829,0.00027829
731,2781.25,7.41348,1.7297,1.6542,0.49024,0.22886,0.27898,0.10742,7.87821,1.80567,1.57868,0.0002773,0.0002773,0.0002773
732,2785.1,7.73641,1.83967,1.62843,0.492,0.22735,0.27843,0.10739,7.88507,1.80702,1.57882,0.00027631,0.00027631,0.00027631
733,2788.88,7.60366,1.7672,1.62518,0.49208,0.22748,0.2785,0.10743,7.87223,1.80532,1.5792,0.00027532,0.00027532,0.00027532
734,2792.62,7.22296,1.72616,1.66453,0.49069,0.2279,0.27859,0.10784,7.86292,1.8035,1.57878,0.00027433,0.00027433,0.00027433
735,2796.28,7.73204,1.87157,1.63562,0.48996,0.22872,0.28025,0.10829,7.85939,1.80536,1.57832,0.00027334,0.00027334,0.00027334
736,2800.02,7.47921,1.78809,1.63847,0.49109,0.22941,0.28147,0.10853,7.87308,1.8101,1.57692,0.00027235,0.00027235,0.00027235
737,2803.66,8.12471,1.91665,1.6155,0.48618,0.23092,0.28181,0.10936,7.85036,1.80584,1.57678,0.00027136,0.00027136,0.00027136
738,2807.56,7.23129,1.80716,1.64703,0.48919,0.23133,0.2834,0.10947,7.8426,1.80132,1.57663,0.00027037,0.00027037,0.00027037
739,2811.28,6.73237,1.68513,1.68473,0.48953,0.23198,0.28325,0.10949,7.83933,1.79952,1.57702,0.00026938,0.00026938,0.00026938
740,2815.07,7.58616,1.80513,1.66232,0.48624,0.23133,0.28388,0.10958,7.83629,1.79908,1.57761,0.00026839,0.00026839,0.00026839
741,2818.72,7.4912,1.77257,1.64745,0.48908,0.23105,0.28407,0.1095,7.84217,1.79862,1.57773,0.0002674,0.0002674,0.0002674
742,2822.36,7.87796,1.83177,1.64282,0.49269,0.23202,0.28445,0.10978,7.83901,1.7949,1.57826,0.00026641,0.00026641,0.00026641
743,2826.26,8.46127,2.05838,1.57612,0.48961,0.23298,0.28423,0.10969,7.83386,1.79301,1.57808,0.00026542,0.00026542,0.00026542
744,2830.88,7.42268,1.78645,1.66769,0.49001,0.23504,0.28555,0.11022,7.83663,1.79112,1.57802,0.00026443,0.00026443,0.00026443
745,2835.95,7.32592,1.76954,1.64259,0.48864,0.23449,0.28531,0.11006,7.83795,1.79165,1.57825,0.00026344,0.00026344,0.00026344
746,2842.5,7.11599,1.71909,1.66952,0.49099,0.23366,0.28472,0.11041,7.809,1.78786,1.578,0.00026245,0.00026245,0.00026245
747,2849.32,7.81565,1.89403,1.61894,0.49892,0.23403,0.28639,0.11066,7.81063,1.78735,1.57762,0.00026146,0.00026146,0.00026146
748,2856.2,7.41989,1.75119,1.63312,0.49385,0.23147,0.28403,0.11033,7.83286,1.78831,1.57768,0.00026047,0.00026047,0.00026047
749,2862.28,7.8608,1.78095,1.64674,0.48992,0.23062,0.28288,0.11003,7.83621,1.78849,1.57758,0.00025948,0.00025948,0.00025948
750,2867.53,7.72777,1.83347,1.63307,0.49076,0.23064,0.28332,0.10962,7.84571,1.78998,1.57723,0.00025849,0.00025849,0.00025849
751,2871.51,7.91428,1.83825,1.63969,0.49078,0.23256,0.28459,0.10986,7.83484,1.7907,1.57736,0.0002575,0.0002575,0.0002575
752,2875.35,7.93517,1.88431,1.61201,0.49554,0.23202,0.28465,0.1103,7.81247,1.78915,1.57631,0.00025651,0.00025651,0.00025651
753,2879.07,7.91503,1.87045,1.65703,0.49781,0.23284,0.28595,0.11069,7.80899,1.7903,1.5757,0.00025552,0.00025552,0.00025552
754,2883.1,7.46871,1.83958,1.61812,0.50122,0.23339,0.28651,0.11085,7.79109,1.79192,1.5755,0.00025453,0.00025453,0.00025453
755,2886.9,7.31631,1.75345,1.64607,0.50212,0.23339,0.28766,0.11134,7.77518,1.79225,1.57511,0.00025354,0.00025354,0.00025354
756,2890.82,7.15666,1.67186,1.66549,0.49949,0.23182,0.28516,0.1106,7.79678,1.79202,1.57631,0.00025255,0.00025255,0.00025255
757,2894.53,7.56442,1.74589,1.63827,0.49932,0.23298,0.28673,0.11102,7.79285,1.79057,1.57689,0.00025156,0.00025156,0.00025156
758,2898.38,7.89666,1.81558,1.65946,0.4957,0.23311,0.28587,0.11116,7.79172,1.78679,1.57777,0.00025057,0.00025057,0.00025057
759,2902.09,7.35768,1.84057,1.63812,0.49689,0.23366,0.28643,0.11112,7.78326,1.7868,1.57806,0.00024958,0.00024958,0.00024958
760,2905.83,7.56245,1.84171,1.64764,0.4932,0.23133,0.28408,0.11094,7.7911,1.79098,1.57791,0.00024859,0.00024859,0.00024859
761,2909.65,7.64863,1.81877,1.63428,0.49485,0.23174,0.28422,0.11089,7.78786,1.79108,1.57764,0.0002476,0.0002476,0.0002476
762,2913.51,7.35764,1.76372,1.6086,0.49861,0.2327,0.28678,0.11134,7.77771,1.79138,1.57689,0.00024661,0.00024661,0.00024661
763,2917.43,7.9688,1.84178,1.60347,0.49675,0.23256,0.28633,0.1113,7.77882,1.78963,1.57693,0.00024562,0.00024562,0.00024562
764,2921.27,7.86667,1.8626,1.62647,0.49997,0.23462,0.28901,0.11188,7.78461,1.78769,1.5763,0.00024463,0.00024463,0.00024463
765,2925.13,7.25922,1.73223,1.6577,0.49895,0.23545,0.28863,0.11133,7.79834,1.78687,1.57636,0.00024364,0.00024364,0.00024364
766,2928.82,7.31465,1.73937,1.66002,0.49447,0.23701,0.28795,0.11084,7.80951,1.78782,1.57709,0.00024265,0.00024265,0.00024265
767,2932.52,7.47865,1.75253,1.63739,0.4972,0.23792,0.28897,0.11121,7.80746,1.78731,1.57673,0.00024166,0.00024166,0.00024166
768,2936.24,7.94147,1.88493,1.62556,0.49667,0.23737,0.28932,0.11172,7.79323,1.78568,1.57547,0.00024067,0.00024067,0.00024067
769,2940.14,7.75055,1.81322,1.63933,0.49968,0.23861,0.29065,0.11195,7.7814,1.78392,1.57491,0.00023968,0.00023968,0.00023968
770,2943.94,7.7629,1.8766,1.63236,0.50553,0.23751,0.29153,0.11213,7.77882,1.78544,1.57407,0.00023869,0.00023869,0.00023869
771,2947.66,7.28636,1.73302,1.622,0.5036,0.2371,0.29058,0.11183,7.77748,1.78772,1.57447,0.0002377,0.0002377,0.0002377
772,2951.37,7.53151,1.78847,1.6523,0.49978,0.23476,0.28841,0.11106,7.78281,1.79019,1.57544,0.00023671,0.00023671,0.00023671
773,2955.05,8.04718,1.93211,1.60297,0.49942,0.2349,0.28747,0.111,7.78578,1.7904,1.57622,0.00023572,0.00023572,0.00023572
774,2958.94,7.32633,1.73324,1.68111,0.49875,0.23462,0.28709,0.11108,7.79232,1.78961,1.57696,0.00023473,0.00023473,0.00023473
775,2962.54,7.81743,1.85819,1.60153,0.50093,0.23449,0.28856,0.11132,7.78063,1.78842,1.57659,0.00023374,0.00023374,0.00023374
776,2966.27,7.61487,1.88795,1.58603,0.49929,0.23284,0.28699,0.11161,7.76489,1.78486,1.57588,0.00023275,0.00023275,0.00023275
777,2969.92,7.5585,1.72618,1.64577,0.49738,0.23256,0.28681,0.11116,7.76419,1.78451,1.57586,0.00023176,0.00023176,0.00023176
778,2973.77,8.23458,1.95267,1.62426,0.50044,0.23435,0.28753,0.1111,7.77868,1.78805,1.57642,0.00023077,0.00023077,0.00023077
779,2977.52,7.87176,1.88263,1.62355,0.50167,0.23311,0.28699,0.11121,7.7844,1.78895,1.57597,0.00022978,0.00022978,0.00022978
780,2981.29,7.62407,1.81968,1.65921,0.50187,0.23394,0.28708,0.11121,7.78443,1.78635,1.5753,0.00022879,0.00022879,0.00022879
781,2985,7.77899,1.79277,1.61146,0.50078,0.23325,0.28572,0.1113,7.78843,1.78715,1.57512,0.0002278,0.0002278,0.0002278
782,2988.73,7.75288,1.79466,1.64759,0.50348,0.23215,0.2861,0.11146,7.78763,1.78828,1.57515,0.00022681,0.00022681,0.00022681
783,2992.48,7.76077,1.84477,1.64414,0.49973,0.23202,0.28532,0.11099,7.7953,1.79041,1.57524,0.00022582,0.00022582,0.00022582
784,2996.19,7.45362,1.8219,1.64825,0.49656,0.23196,0.28325,0.11087,7.78355,1.78888,1.57581,0.00022483,0.00022483,0.00022483
785,2999.94,7.74074,1.85672,1.62672,0.4974,0.23298,0.28411,0.11117,7.78117,1.78731,1.57568,0.00022384,0.00022384,0.00022384
786,3003.67,7.61205,1.8426,1.62033,0.5027,0.23353,0.28661,0.11171,7.7874,1.78602,1.57499,0.00022285,0.00022285,0.00022285
787,3007.35,7.68035,1.84359,1.63901,0.50289,0.23243,0.28571,0.1119,7.79296,1.78693,1.5747,0.00022186,0.00022186,0.00022186
788,3011.13,7.45054,1.73266,1.63972,0.50373,0.23366,0.28604,0.11207,7.79133,1.78623,1.57502,0.00022087,0.00022087,0.00022087
789,3014.78,7.2764,1.74287,1.66618,0.50129,0.23366,0.28669,0.11226,7.78844,1.78447,1.57517,0.00021988,0.00021988,0.00021988
790,3018.66,7.47183,1.74268,1.65189,0.49961,0.23284,0.28554,0.11185,7.80429,1.78488,1.57496,0.00021889,0.00021889,0.00021889
791,3022.34,7.53941,1.83861,1.64619,0.49905,0.23311,0.2849,0.11156,7.80275,1.78653,1.57564,0.0002179,0.0002179,0.0002179
792,3026.17,7.41827,1.83517,1.60927,0.49671,0.23311,0.28607,0.11212,7.79044,1.78662,1.57612,0.00021691,0.00021691,0.00021691
793,3029.88,7.55859,1.74381,1.65689,0.4998,0.2327,0.2876,0.11256,7.78614,1.78683,1.57571,0.00021592,0.00021592,0.00021592
794,3033.64,7.60155,1.81197,1.64125,0.50277,0.23435,0.28931,0.11235,7.78449,1.78535,1.57559,0.00021493,0.00021493,0.00021493
795,3037.36,7.73464,1.82013,1.62697,0.50141,0.23435,0.28956,0.1126,7.78439,1.78427,1.57562,0.00021394,0.00021394,0.00021394
796,3041.12,7.38141,1.83845,1.60231,0.50418,0.23339,0.28944,0.11305,7.76649,1.78265,1.57478,0.00021295,0.00021295,0.00021295
797,3044.75,7.27922,1.74312,1.66208,0.50459,0.2324,0.28746,0.11282,7.75962,1.78088,1.57499,0.00021196,0.00021196,0.00021196
798,3048.38,7.14516,1.66999,1.63541,0.49914,0.23051,0.28458,0.11221,7.76828,1.78003,1.57552,0.00021097,0.00021097,0.00021097
799,3052.05,7.24844,1.75197,1.64152,0.49746,0.23133,0.28411,0.11168,7.77776,1.7806,1.57593,0.00020998,0.00020998,0.00020998
800,3055.91,7.29024,1.72011,1.64655,0.49819,0.2302,0.28369,0.11167,7.78931,1.78283,1.57614,0.00020899,0.00020899,0.00020899
801,3059.57,7.63604,1.95575,1.58649,0.49436,0.23215,0.28466,0.11158,7.78716,1.78338,1.57614,0.000208,0.000208,0.000208
802,3063.37,7.28188,1.74318,1.60551,0.49775,0.23435,0.28633,0.11171,7.79285,1.78406,1.57579,0.00020701,0.00020701,0.00020701
803,3066.99,7.24044,1.76265,1.65975,0.49583,0.23435,0.28525,0.1115,7.7905,1.78567,1.57557,0.00020602,0.00020602,0.00020602
804,3070.74,7.68507,1.80204,1.61506,0.49485,0.2338,0.28489,0.11156,7.79561,1.7863,1.57564,0.00020503,0.00020503,0.00020503
805,3074.58,7.63759,1.7469,1.65393,0.49783,0.23366,0.28523,0.11149,7.79643,1.78714,1.57598,0.00020404,0.00020404,0.00020404
806,3078.32,7.43978,1.77909,1.62104,0.48972,0.23394,0.28486,0.1114,7.79611,1.78803,1.57663,0.00020305,0.00020305,0.00020305
807,3081.92,7.20266,1.76452,1.63685,0.49492,0.23421,0.28609,0.11159,7.79765,1.78748,1.57717,0.00020206,0.00020206,0.00020206
808,3085.67,7.60984,1.83485,1.65064,0.49637,0.23558,0.28702,0.11164,7.80649,1.78971,1.57682,0.00020107,0.00020107,0.00020107
809,3089.33,7.76835,1.77027,1.64617,0.4977,0.23683,0.28815,0.11156,7.80762,1.79118,1.57712,0.00020008,0.00020008,0.00020008
810,3093.15,7.35641,1.74743,1.65753,0.49719,0.23435,0.28561,0.11099,7.82117,1.79364,1.5768,0.00019909,0.00019909,0.00019909
811,3096.9,7.1845,1.71899,1.66219,0.49464,0.23354,0.28475,0.11092,7.81098,1.79324,1.57689,0.0001981,0.0001981,0.0001981
812,3100.63,7.18813,1.74488,1.69881,0.4978,0.23229,0.28499,0.11104,7.7981,1.79263,1.57589,0.00019711,0.00019711,0.00019711
813,3104.37,7.6777,1.84179,1.655,0.49805,0.23325,0.28596,0.11131,7.80776,1.79395,1.57565,0.00019612,0.00019612,0.00019612
814,3108.13,7.60522,1.78243,1.62664,0.50046,0.23421,0.28563,0.11101,7.80107,1.7933,1.57617,0.00019513,0.00019513,0.00019513
815,3111.69,7.52897,1.75579,1.64316,0.49573,0.23353,0.28602,0.11093,7.80662,1.79272,1.57625,0.00019414,0.00019414,0.00019414
816,3115.53,7.64089,1.81976,1.62907,0.4958,0.23311,0.28507,0.111,7.79096,1.78924,1.57684,0.00019315,0.00019315,0.00019315
817,3119.2,8.08546,1.8493,1.61249,0.49724,0.23133,0.28494,0.11104,7.7846,1.7902,1.57629,0.00019216,0.00019216,0.00019216
818,3122.8,7.57286,1.73577,1.64266,0.49949,0.2325,0.28691,0.11118,7.78578,1.7905,1.57645,0.00019117,0.00019117,0.00019117
819,3126.37,7.89922,1.88903,1.67329,0.50063,0.23366,0.28836,0.11145,7.78324,1.78908,1.57699,0.00019018,0.00019018,0.00019018
820,3130.03,7.73459,1.80382,1.65279,0.49866,0.23214,0.28802,0.11158,7.77969,1.78624,1.57688,0.00018919,0.00018919,0.00018919
821,3133.83,7.56992,1.79391,1.65005,0.49589,0.23229,0.28763,0.11166,7.77154,1.78627,1.57668,0.0001882,0.0001882,0.0001882
822,3137.54,6.89535,1.74523,1.64552,0.49675,0.23325,0.28806,0.11181,7.77007,1.78624,1.5763,0.00018721,0.00018721,0.00018721
823,3141.1,7.47052,1.79225,1.62712,0.49505,0.23311,0.28861,0.11205,7.76812,1.78668,1.57561,0.00018622,0.00018622,0.00018622
824,3144.82,7.49912,1.75209,1.64647,0.49636,0.23256,0.28792,0.11222,7.75678,1.78727,1.57521,0.00018523,0.00018523,0.00018523
825,3148.35,7.23614,1.76372,1.6558,0.49903,0.23276,0.28884,0.11258,7.75744,1.78868,1.575,0.00018424,0.00018424,0.00018424
826,3152.15,7.32907,1.76989,1.64613,0.49692,0.2338,0.28758,0.11256,7.75814,1.78683,1.5752,0.00018325,0.00018325,0.00018325
827,3155.63,7.51484,1.79546,1.66341,0.49646,0.23407,0.28856,0.11239,7.76071,1.78747,1.57514,0.00018226,0.00018226,0.00018226
828,3159.54,7.12407,1.77111,1.66038,0.4942,0.2338,0.28676,0.11197,7.76589,1.7877,1.57577,0.00018127,0.00018127,0.00018127
829,3163.05,7.70728,1.85477,1.62153,0.49527,0.23449,0.28753,0.11218,7.76781,1.78846,1.57572,0.00018028,0.00018028,0.00018028
830,3166.61,7.5311,1.88755,1.61577,0.49478,0.23476,0.28767,0.11249,7.76973,1.78899,1.57492,0.00017929,0.00017929,0.00017929
831,3170.13,7.91546,1.88348,1.63873,0.4964,0.2338,0.28761,0.11275,7.76594,1.78913,1.57465,0.0001783,0.0001783,0.0001783
832,3173.87,7.84602,1.85378,1.67246,0.49701,0.23366,0.28645,0.11285,7.76787,1.7878,1.57509,0.00017731,0.00017731,0.00017731
833,3177.39,6.95224,1.64306,1.69474,0.4977,0.2327,0.28588,0.11265,7.77034,1.78765,1.57487,0.00017632,0.00017632,0.00017632
834,3180.97,7.92057,1.88252,1.59111,0.49649,0.23298,0.28473,0.11247,7.77574,1.78771,1.57503,0.00017533,0.00017533,0.00017533
835,3184.49,7.40348,1.76379,1.63029,0.496,0.23298,0.28515,0.11217,7.7962,1.79028,1.57476,0.00017434,0.00017434,0.00017434
836,3188.16,7.48715,1.81686,1.63538,0.49871,0.23366,0.28643,0.11178,7.79053,1.78987,1.57449,0.00017335,0.00017335,0.00017335
837,3191.83,7.68976,1.77583,1.61585,0.49914,0.2327,0.28555,0.11187,7.78911,1.79035,1.57425,0.00017236,0.00017236,0.00017236
838,3195.46,7.63626,1.77175,1.63048,0.49664,0.23256,0.28612,0.11212,7.77325,1.78461,1.57459,0.00017137,0.00017137,0.00017137
839,3199.02,7.60542,1.80584,1.63752,0.49736,0.23298,0.28644,0.11239,7.76539,1.783,1.57437,0.00017038,0.00017038,0.00017038
840,3202.66,7.64047,1.78683,1.61685,0.49644,0.23243,0.28613,0.11239,7.76869,1.78543,1.5745,0.00016939,0.00016939,0.00016939
841,3206.3,7.67348,1.82402,1.62728,0.49723,0.23163,0.28604,0.11208,7.76565,1.78743,1.57489,0.0001684,0.0001684,0.0001684
842,3209.99,7.52516,1.78877,1.61783,0.50161,0.23256,0.28782,0.11238,7.75735,1.78605,1.57505,0.00016741,0.00016741,0.00016741
843,3213.58,7.59696,1.87134,1.58514,0.50049,0.23256,0.28786,0.11163,7.75876,1.78645,1.57478,0.00016642,0.00016642,0.00016642
844,3217.15,7.99998,1.86524,1.60346,0.49842,0.23356,0.28724,0.11229,7.7553,1.78636,1.57494,0.00016543,0.00016543,0.00016543
845,3220.69,6.92903,1.6599,1.67445,0.49525,0.2338,0.28575,0.11162,7.75325,1.78575,1.57541,0.00016444,0.00016444,0.00016444
846,3224.3,7.652,1.7969,1.63418,0.49583,0.2352,0.28663,0.1118,7.74307,1.78599,1.57515,0.00016345,0.00016345,0.00016345
847,3227.94,7.83757,1.90516,1.63248,0.49564,0.23572,0.28686,0.11218,7.74085,1.78633,1.57492,0.00016246,0.00016246,0.00016246
848,3231.56,7.84833,1.92734,1.61038,0.49084,0.23394,0.28498,0.11185,7.75304,1.7868,1.57483,0.00016147,0.00016147,0.00016147
849,3235.08,7.88047,1.85677,1.60063,0.49138,0.23311,0.28482,0.11186,7.75459,1.78662,1.57484,0.00016048,0.00016048,0.00016048
850,3238.68,7.60389,1.81934,1.63421,0.49196,0.23449,0.28527,0.11189,7.75054,1.78824,1.57452,0.00015949,0.00015949,0.00015949
851,3242.25,7.68384,1.80564,1.65165,0.49036,0.23462,0.28447,0.11162,7.74945,1.78916,1.57479,0.0001585,0.0001585,0.0001585
852,3246.01,7.44596,1.8243,1.62105,0.48912,0.23517,0.2842,0.11106,7.76027,1.79104,1.57536,0.00015751,0.00015751,0.00015751
853,3249.64,7.28033,1.72711,1.59407,0.49093,0.2349,0.28427,0.11131,7.76859,1.793,1.57488,0.00015652,0.00015652,0.00015652
854,3253.26,7.35113,1.76149,1.62919,0.48985,0.23476,0.28399,0.11122,7.77066,1.79268,1.57439,0.00015553,0.00015553,0.00015553
855,3256.83,7.56986,1.81586,1.63635,0.48896,0.2338,0.2825,0.11099,7.76608,1.79101,1.57441,0.00015454,0.00015454,0.00015454
856,3260.48,7.45967,1.75154,1.63665,0.49248,0.23462,0.28535,0.11177,7.76067,1.78532,1.57398,0.00015355,0.00015355,0.00015355
857,3264.22,7.49764,1.82385,1.62147,0.49413,0.23421,0.28463,0.1115,7.76889,1.78493,1.57402,0.00015256,0.00015256,0.00015256
858,3267.81,7.69815,1.82747,1.64875,0.4934,0.23333,0.28477,0.11157,7.77574,1.78527,1.57381,0.00015157,0.00015157,0.00015157
859,3271.26,7.39231,1.76872,1.61802,0.49051,0.2338,0.28493,0.11136,7.77199,1.78369,1.57384,0.00015058,0.00015058,0.00015058
860,3274.9,7.48049,1.76069,1.60637,0.49111,0.23504,0.28548,0.1116,7.76288,1.78298,1.57347,0.00014959,0.00014959,0.00014959
861,3278.48,6.8856,1.63998,1.6701,0.49114,0.23493,0.28569,0.11146,7.76186,1.78225,1.57363,0.0001486,0.0001486,0.0001486
862,3282.29,7.7272,1.7799,1.62826,0.49431,0.23339,0.28566,0.11184,7.76702,1.78379,1.57351,0.00014761,0.00014761,0.00014761
863,3285.77,7.27369,1.77003,1.62197,0.49183,0.23394,0.28547,0.11203,7.76503,1.78302,1.57343,0.00014662,0.00014662,0.00014662
864,3289.36,7.52916,1.80488,1.63424,0.49219,0.23407,0.28577,0.11178,7.75536,1.78253,1.57414,0.00014563,0.00014563,0.00014563
865,3292.99,7.33294,1.77706,1.63737,0.49469,0.23284,0.28529,0.11175,7.75106,1.78296,1.57486,0.00014464,0.00014464,0.00014464
866,3296.6,7.38037,1.75546,1.60487,0.49548,0.23435,0.28593,0.11199,7.75804,1.78185,1.57503,0.00014365,0.00014365,0.00014365
867,3300.46,7.49294,1.73772,1.65048,0.49554,0.23394,0.2864,0.11218,7.76091,1.78185,1.57499,0.00014266,0.00014266,0.00014266
868,3304.13,8.13386,1.87381,1.62774,0.49107,0.23435,0.28633,0.11163,7.75531,1.77937,1.57536,0.00014167,0.00014167,0.00014167
869,3307.82,7.48599,1.79494,1.65205,0.49152,0.23489,0.28694,0.11203,7.74875,1.77823,1.57549,0.00014068,0.00014068,0.00014068
870,3311.41,6.8023,1.69514,1.67042,0.49383,0.2349,0.28726,0.11212,7.7467,1.7795,1.57507,0.00013969,0.00013969,0.00013969
871,3314.91,7.47066,1.79954,1.59689,0.49439,0.2349,0.287,0.11195,7.74624,1.77982,1.5751,0.0001387,0.0001387,0.0001387
872,3318.67,7.34295,1.74747,1.65125,0.49222,0.23339,0.28511,0.11126,7.75208,1.78198,1.57521,0.00013771,0.00013771,0.00013771
873,3322.27,7.31971,1.69196,1.64986,0.49487,0.23421,0.28582,0.11196,7.75143,1.78223,1.57533,0.00013672,0.00013672,0.00013672
874,3325.99,7.37188,1.83462,1.6574,0.49347,0.23531,0.28594,0.1118,7.74669,1.78208,1.57581,0.00013573,0.00013573,0.00013573
875,3329.56,7.40428,1.74478,1.6507,0.4944,0.23545,0.28632,0.11105,7.73982,1.78251,1.5753,0.00013474,0.00013474,0.00013474
876,3333.18,7.24495,1.75899,1.64647,0.49302,0.2343,0.28567,0.11139,7.72946,1.78185,1.57503,0.00013375,0.00013375,0.00013375
877,3336.74,7.55052,1.80851,1.61361,0.49408,0.23256,0.28497,0.11149,7.73205,1.78179,1.57495,0.00013276,0.00013276,0.00013276
878,3340.5,7.7385,1.85745,1.62552,0.49647,0.23339,0.28607,0.11179,7.73531,1.78306,1.57485,0.00013177,0.00013177,0.00013177
879,3344.06,7.28927,1.77546,1.6471,0.49542,0.23394,0.28593,0.1116,7.73955,1.78418,1.57478,0.00013078,0.00013078,0.00013078
880,3347.91,7.57417,1.78253,1.67869,0.49638,0.23369,0.28565,0.11108,7.74599,1.78411,1.57497,0.00012979,0.00012979,0.00012979
881,3351.8,7.29801,1.76021,1.63949,0.49792,0.23449,0.28573,0.11113,7.75057,1.78333,1.57494,0.0001288,0.0001288,0.0001288
882,3355.42,7.38739,1.77171,1.62775,0.4969,0.23476,0.28548,0.11109,7.75266,1.78355,1.57475,0.00012781,0.00012781,0.00012781
883,3358.97,7.53732,1.81852,1.65457,0.49503,0.23435,0.28593,0.11078,7.75698,1.78396,1.57462,0.00012682,0.00012682,0.00012682
884,3362.75,7.46119,1.77502,1.61554,0.49611,0.23641,0.28667,0.11109,7.75105,1.78293,1.57457,0.00012583,0.00012583,0.00012583
885,3366.29,7.44984,1.78131,1.67565,0.49648,0.2371,0.28734,0.11143,7.7503,1.78211,1.57475,0.00012484,0.00012484,0.00012484
886,3370,7.19474,1.72208,1.63933,0.4945,0.2365,0.28815,0.11174,7.74799,1.78103,1.57508,0.00012385,0.00012385,0.00012385
887,3373.56,7.23634,1.75501,1.65965,0.4961,0.23545,0.2884,0.11194,7.74878,1.78048,1.57431,0.00012286,0.00012286,0.00012286
888,3377.26,7.72899,1.79557,1.60091,0.49511,0.23439,0.28688,0.11199,7.74582,1.78183,1.57429,0.00012187,0.00012187,0.00012187
889,3381.04,7.47849,1.79173,1.6271,0.49536,0.2338,0.28707,0.11213,7.74557,1.78133,1.57396,0.00012088,0.00012088,0.00012088
890,3384.62,7.52096,1.79553,1.61379,0.49621,0.23366,0.28677,0.11224,7.74274,1.78187,1.57343,0.00011989,0.00011989,0.00011989
891,3388.17,7.75444,1.84346,1.64052,0.49774,0.23366,0.28707,0.11224,7.74508,1.78231,1.573,0.0001189,0.0001189,0.0001189
892,3391.96,7.9229,1.86037,1.59469,0.49734,0.23353,0.28857,0.11255,7.74899,1.78231,1.57245,0.00011791,0.00011791,0.00011791
893,3395.49,7.30403,1.73032,1.64008,0.49779,0.23487,0.28874,0.11274,7.7344,1.78045,1.57273,0.00011692,0.00011692,0.00011692
894,3399.22,7.60975,1.85557,1.63921,0.49898,0.23462,0.28884,0.11314,7.72726,1.77745,1.57284,0.00011593,0.00011593,0.00011593
895,3402.78,7.42344,1.78206,1.66676,0.49889,0.23517,0.28928,0.11277,7.72742,1.77641,1.57306,0.00011494,0.00011494,0.00011494
896,3406.48,7.20256,1.7312,1.65805,0.50043,0.23517,0.28884,0.11253,7.72439,1.77568,1.57288,0.00011395,0.00011395,0.00011395
897,3410,7.33121,1.7808,1.64773,0.49934,0.23455,0.28841,0.1132,7.72591,1.77638,1.5728,0.00011296,0.00011296,0.00011296
898,3413.64,7.37121,1.7952,1.60661,0.49683,0.23506,0.2882,0.11296,7.72861,1.77703,1.57288,0.00011197,0.00011197,0.00011197
899,3417.29,7.60685,1.82363,1.6748,0.4995,0.236,0.29007,0.11328,7.73676,1.77715,1.57261,0.00011098,0.00011098,0.00011098
900,3421.08,7.20832,1.78673,1.61167,0.49755,0.23613,0.28911,0.11305,7.73544,1.77914,1.57285,0.00010999,0.00010999,0.00010999
901,3424.71,7.10367,1.75353,1.64363,0.49689,0.23565,0.28887,0.11326,7.73668,1.77958,1.57286,0.000109,0.000109,0.000109
902,3428.53,7.37587,1.728,1.62822,0.49735,0.23609,0.28846,0.11324,7.73614,1.7798,1.57314,0.00010801,0.00010801,0.00010801
903,3432.15,7.74846,1.85915,1.63413,0.49741,0.23641,0.28846,0.11331,7.73575,1.77956,1.57341,0.00010702,0.00010702,0.00010702
904,3435.98,7.08427,1.70618,1.66585,0.49867,0.236,0.28901,0.11352,7.73921,1.77965,1.57326,0.00010603,0.00010603,0.00010603
905,3439.7,7.48369,1.78145,1.60944,0.49808,0.236,0.28899,0.11333,7.74084,1.77896,1.57334,0.00010504,0.00010504,0.00010504
906,3443.34,7.97462,1.92904,1.60777,0.49591,0.23517,0.28807,0.11318,7.73909,1.77671,1.57349,0.00010405,0.00010405,0.00010405
907,3446.82,7.59094,1.80402,1.66423,0.49942,0.23586,0.2889,0.11324,7.73415,1.77624,1.57332,0.00010306,0.00010306,0.00010306
908,3450.44,7.56815,1.79242,1.62345,0.50352,0.23572,0.28959,0.11322,7.7347,1.7778,1.57268,0.00010207,0.00010207,0.00010207
909,3454.05,7.0537,1.64617,1.65463,0.50473,0.23641,0.29043,0.1132,7.73406,1.77755,1.57263,0.00010108,0.00010108,0.00010108
910,3457.85,7.23307,1.77183,1.64535,0.50793,0.23655,0.29081,0.11346,7.72594,1.77704,1.57267,0.00010009,0.00010009,0.00010009
911,3461.47,7.70203,1.75099,1.63016,0.50345,0.23668,0.29024,0.11334,7.7248,1.77782,1.57262,9.91e-05,9.91e-05,9.91e-05
912,3465.24,7.67204,1.82352,1.63331,0.5094,0.23641,0.29069,0.11357,7.72641,1.77637,1.57266,9.811e-05,9.811e-05,9.811e-05
913,3468.86,7.88094,1.92387,1.6613,0.50701,0.23641,0.29055,0.11287,7.72476,1.77681,1.57253,9.712e-05,9.712e-05,9.712e-05
914,3472.6,7.38214,1.6928,1.62177,0.50389,0.236,0.29016,0.11321,7.72437,1.77685,1.57264,9.613e-05,9.613e-05,9.613e-05
915,3476.24,7.22867,1.7075,1.64195,0.50209,0.23655,0.28979,0.1132,7.72494,1.77671,1.57285,9.514e-05,9.514e-05,9.514e-05
916,3479.92,7.17755,1.6713,1.68414,0.50338,0.23668,0.28973,0.11287,7.73189,1.77713,1.57305,9.415e-05,9.415e-05,9.415e-05
917,3483.72,7.82145,1.8479,1.62861,0.50426,0.23668,0.28996,0.11257,7.73571,1.77801,1.57291,9.316e-05,9.316e-05,9.316e-05
918,3487.33,7.45627,1.72957,1.6371,0.50291,0.23696,0.28927,0.11279,7.7348,1.77769,1.57351,9.217e-05,9.217e-05,9.217e-05
919,3490.91,7.62801,1.7895,1.65401,0.50163,0.23696,0.28925,0.11269,7.73477,1.77752,1.57362,9.118e-05,9.118e-05,9.118e-05
920,3494.61,7.70931,1.86691,1.63461,0.49685,0.236,0.2884,0.11302,7.73526,1.77744,1.57405,9.019e-05,9.019e-05,9.019e-05
921,3498.17,8.20516,1.94008,1.58829,0.49835,0.23655,0.28957,0.11302,7.73518,1.77735,1.57388,8.92e-05,8.92e-05,8.92e-05
922,3501.8,7.44753,1.81467,1.6145,0.50043,0.23696,0.28979,0.11337,7.73307,1.7765,1.57395,8.821e-05,8.821e-05,8.821e-05
923,3505.29,7.7474,1.86673,1.6144,0.49852,0.236,0.28926,0.11332,7.73375,1.77682,1.57338,8.722e-05,8.722e-05,8.722e-05
924,3508.96,7.92707,1.88102,1.671,0.49884,0.23558,0.2895,0.11331,7.73241,1.77783,1.57344,8.623e-05,8.623e-05,8.623e-05
925,3512.62,7.45514,1.75511,1.66177,0.49723,0.23531,0.28895,0.11298,7.73212,1.77749,1.57349,8.524e-05,8.524e-05,8.524e-05
926,3516.21,7.74618,1.81545,1.60843,0.49547,0.23504,0.28771,0.11288,7.73096,1.77753,1.57369,8.425e-05,8.425e-05,8.425e-05
927,3519.76,8.0128,1.89289,1.58358,0.49572,0.23517,0.28806,0.11309,7.73017,1.77729,1.57356,8.326e-05,8.326e-05,8.326e-05
928,3523.38,7.52673,1.77227,1.62181,0.4959,0.23462,0.2878,0.11324,7.73196,1.7772,1.5731,8.227e-05,8.227e-05,8.227e-05
929,3526.98,7.26761,1.73054,1.63629,0.49674,0.23476,0.28803,0.11306,7.7337,1.7771,1.57283,8.128e-05,8.128e-05,8.128e-05
930,3530.64,7.4631,1.73555,1.67906,0.49513,0.23462,0.28757,0.11305,7.73182,1.77686,1.57336,8.029e-05,8.029e-05,8.029e-05
931,3534.16,7.81043,1.90029,1.63,0.49605,0.23407,0.2876,0.11321,7.73319,1.77739,1.57361,7.93e-05,7.93e-05,7.93e-05
932,3537.93,7.83505,1.86662,1.5988,0.49989,0.23311,0.28871,0.11333,7.73321,1.77769,1.57332,7.831e-05,7.831e-05,7.831e-05
933,3541.52,7.12428,1.6813,1.65469,0.50304,0.2338,0.29021,0.11331,7.73675,1.77834,1.57339,7.732e-05,7.732e-05,7.732e-05
934,3545.37,7.20595,1.75188,1.63465,0.50071,0.23407,0.29013,0.11239,7.74472,1.7778,1.57413,7.633e-05,7.633e-05,7.633e-05
935,3549,8.01344,1.83842,1.6351,0.49885,0.2338,0.29048,0.11247,7.7456,1.7769,1.57449,7.534e-05,7.534e-05,7.534e-05
936,3552.57,7.80634,1.86877,1.62017,0.49917,0.23476,0.2908,0.11269,7.73799,1.77554,1.57454,7.435e-05,7.435e-05,7.435e-05
937,3556.17,7.43747,1.79782,1.61392,0.49806,0.2349,0.29054,0.11266,7.73425,1.77516,1.57437,7.336e-05,7.336e-05,7.336e-05
938,3559.76,7.83117,1.82914,1.62545,0.49785,0.2349,0.29046,0.11309,7.73445,1.7752,1.57382,7.237e-05,7.237e-05,7.237e-05
939,3563.44,7.76917,1.87398,1.62105,0.50048,0.23631,0.29249,0.11336,7.733,1.77436,1.57336,7.138e-05,7.138e-05,7.138e-05
940,3567.09,7.76668,1.83407,1.62454,0.49805,0.23572,0.29037,0.11314,7.72867,1.77303,1.5734,7.039e-05,7.039e-05,7.039e-05
941,3570.59,7.50932,1.77265,1.64187,0.49764,0.23572,0.28967,0.11305,7.7317,1.77341,1.57359,6.94e-05,6.94e-05,6.94e-05
942,3574.23,7.57924,1.76877,1.65798,0.49705,0.23499,0.28929,0.11324,7.72519,1.77251,1.57357,6.841e-05,6.841e-05,6.841e-05
943,3577.79,7.12859,1.71926,1.63295,0.49634,0.23545,0.28907,0.11306,7.72287,1.77171,1.57385,6.742e-05,6.742e-05,6.742e-05
944,3581.52,7.70595,1.84951,1.62242,0.49687,0.23613,0.28992,0.11297,7.72175,1.77024,1.57397,6.643e-05,6.643e-05,6.643e-05
945,3585.05,7.08146,1.67538,1.65058,0.49653,0.23558,0.28922,0.11294,7.72386,1.77073,1.57392,6.544e-05,6.544e-05,6.544e-05
946,3588.65,7.20053,1.8038,1.65271,0.49704,0.23655,0.29025,0.11266,7.73188,1.77279,1.57401,6.445e-05,6.445e-05,6.445e-05
947,3592.29,7.66668,1.80617,1.63063,0.49744,0.23572,0.28965,0.1125,7.73151,1.77335,1.57402,6.346e-05,6.346e-05,6.346e-05
948,3595.92,7.46367,1.79226,1.61866,0.49512,0.23453,0.28816,0.11259,7.73104,1.77302,1.57362,6.247e-05,6.247e-05,6.247e-05
949,3599.56,7.68345,1.83877,1.63991,0.49754,0.23531,0.28928,0.11254,7.72984,1.77487,1.57335,6.148e-05,6.148e-05,6.148e-05
950,3603.15,7.83896,1.91866,1.61681,0.49442,0.23572,0.2878,0.11219,7.73301,1.7763,1.57347,6.049e-05,6.049e-05,6.049e-05
951,3606.73,7.18437,1.69061,1.62209,0.49663,0.23595,0.28788,0.1121,7.73488,1.77708,1.57386,5.95e-05,5.95e-05,5.95e-05
952,3610.32,8.0378,1.91507,1.64353,0.49688,0.23572,0.28872,0.11225,7.72882,1.77673,1.5738,5.851e-05,5.851e-05,5.851e-05
953,3613.93,7.56704,1.84723,1.64061,0.49635,0.23586,0.28844,0.11259,7.72555,1.7771,1.57351,5.752e-05,5.752e-05,5.752e-05
954,3617.71,6.97409,1.66502,1.64259,0.49743,0.23517,0.28849,0.1128,7.71352,1.77567,1.57292,5.653e-05,5.653e-05,5.653e-05
955,3621.16,7.06641,1.72381,1.6336,0.49801,0.23545,0.28875,0.11274,7.7126,1.77658,1.57313,5.554e-05,5.554e-05,5.554e-05
956,3624.84,7.67796,1.84337,1.6073,0.49712,0.236,0.28772,0.11265,7.70926,1.7761,1.57266,5.455e-05,5.455e-05,5.455e-05
957,3628.35,7.43322,1.74911,1.6375,0.49813,0.23668,0.28784,0.11268,7.71099,1.77611,1.57249,5.356e-05,5.356e-05,5.356e-05
958,3631.99,7.06614,1.64149,1.65967,0.49669,0.23586,0.28756,0.11213,7.71584,1.77581,1.57243,5.257e-05,5.257e-05,5.257e-05
959,3635.67,7.13388,1.61998,1.67266,0.49636,0.23651,0.28814,0.11217,7.71999,1.77614,1.57246,5.158e-05,5.158e-05,5.158e-05
960,3639.36,8.06119,1.86517,1.6023,0.49593,0.23641,0.28758,0.11206,7.72519,1.77626,1.57219,5.059e-05,5.059e-05,5.059e-05
961,3642.83,8.03928,1.85209,1.66494,0.49736,0.23641,0.2877,0.11205,7.72715,1.77638,1.57195,4.96e-05,4.96e-05,4.96e-05
962,3646.42,7.00225,1.73361,1.65747,0.49794,0.23682,0.2891,0.11228,7.72599,1.77572,1.57211,4.861e-05,4.861e-05,4.861e-05
963,3649.95,7.55703,1.72911,1.61873,0.4987,0.23655,0.28895,0.11221,7.72164,1.77464,1.57214,4.762e-05,4.762e-05,4.762e-05
964,3653.66,7.25542,1.73795,1.64309,0.49649,0.23655,0.28856,0.11229,7.72063,1.77369,1.57243,4.663e-05,4.663e-05,4.663e-05
965,3657.16,7.3864,1.6936,1.61459,0.49764,0.23655,0.28835,0.11248,7.72039,1.77369,1.57259,4.564e-05,4.564e-05,4.564e-05
966,3660.79,7.07472,1.6967,1.63851,0.49402,0.23682,0.28772,0.11252,7.71886,1.7731,1.57246,4.465e-05,4.465e-05,4.465e-05
967,3664.35,7.56642,1.80247,1.64114,0.49478,0.23682,0.2874,0.11237,7.72054,1.77284,1.57228,4.366e-05,4.366e-05,4.366e-05
968,3667.95,8.06354,1.85822,1.58408,0.49577,0.23586,0.28783,0.1126,7.71926,1.77292,1.57184,4.267e-05,4.267e-05,4.267e-05
969,3671.69,7.55013,1.84048,1.63851,0.49669,0.23586,0.2889,0.11288,7.71948,1.77274,1.57168,4.168e-05,4.168e-05,4.168e-05
970,3675.28,7.93513,1.88585,1.62263,0.49699,0.236,0.28907,0.11321,7.71179,1.7708,1.57172,4.069e-05,4.069e-05,4.069e-05
971,3678.83,7.3758,1.7275,1.64785,0.49796,0.23696,0.29003,0.11326,7.71007,1.77067,1.57206,3.97e-05,3.97e-05,3.97e-05
972,3682.46,6.76704,1.61933,1.63328,0.49597,0.23641,0.2886,0.11276,7.71465,1.7722,1.57234,3.871e-05,3.871e-05,3.871e-05
973,3686.1,7.2542,1.69791,1.63385,0.49612,0.23572,0.28803,0.1125,7.71761,1.773,1.57248,3.772e-05,3.772e-05,3.772e-05
974,3689.8,8.0228,1.83344,1.62676,0.49541,0.23517,0.28739,0.1123,7.71932,1.77356,1.57262,3.673e-05,3.673e-05,3.673e-05
975,3693.38,7.12363,1.68897,1.66868,0.49399,0.2349,0.28719,0.11232,7.72062,1.77403,1.57262,3.574e-05,3.574e-05,3.574e-05
976,3696.98,7.83231,1.87565,1.59521,0.49387,0.23517,0.2874,0.11245,7.71916,1.77246,1.57279,3.475e-05,3.475e-05,3.475e-05
977,3700.54,7.87992,1.85371,1.59348,0.4941,0.2349,0.28724,0.1124,7.71728,1.7724,1.57282,3.376e-05,3.376e-05,3.376e-05
978,3704.17,7.14558,1.69488,1.66511,0.49489,0.23668,0.2889,0.11283,7.71642,1.77143,1.57267,3.277e-05,3.277e-05,3.277e-05
979,3707.71,7.64576,1.8588,1.61671,0.4948,0.23665,0.28917,0.11272,7.71324,1.7709,1.57238,3.178e-05,3.178e-05,3.178e-05
980,3711.45,7.69063,1.85304,1.65257,0.49287,0.23613,0.28889,0.11282,7.7112,1.77011,1.57261,3.079e-05,3.079e-05,3.079e-05
981,3715.02,7.37466,1.68538,1.6229,0.4941,0.23627,0.2895,0.11275,7.70937,1.77004,1.57259,2.98e-05,2.98e-05,2.98e-05
982,3718.84,7.68091,1.78357,1.64631,0.49333,0.23714,0.28976,0.11291,7.70816,1.76941,1.57237,2.881e-05,2.881e-05,2.881e-05
983,3722.44,7.49511,1.81903,1.64186,0.49453,0.23778,0.29043,0.11287,7.70936,1.76934,1.57241,2.782e-05,2.782e-05,2.782e-05
984,3726.28,7.84701,1.7871,1.64308,0.49601,0.2371,0.29059,0.11303,7.71039,1.7694,1.5724,2.683e-05,2.683e-05,2.683e-05
985,3729.82,7.5016,1.82378,1.6208,0.49664,0.23826,0.29098,0.11303,7.70946,1.76915,1.57237,2.584e-05,2.584e-05,2.584e-05
986,3733.37,7.42524,1.85213,1.61298,0.49779,0.23792,0.29029,0.11321,7.70934,1.76904,1.57201,2.485e-05,2.485e-05,2.485e-05
987,3737.04,7.00606,1.70733,1.65808,0.49824,0.23751,0.29036,0.11321,7.71233,1.76929,1.57205,2.386e-05,2.386e-05,2.386e-05
988,3740.63,7.67451,1.87004,1.64853,0.49495,0.23746,0.28938,0.11288,7.72036,1.76958,1.572,2.287e-05,2.287e-05,2.287e-05
989,3744.37,7.7034,1.85172,1.64937,0.49566,0.2371,0.28982,0.11284,7.72444,1.7698,1.57208,2.188e-05,2.188e-05,2.188e-05
990,3747.96,7.09366,1.67698,1.69291,0.49535,0.23696,0.28944,0.11272,7.72858,1.77159,1.57223,2.089e-05,2.089e-05,2.089e-05
991,3804.65,7.83162,1.89549,1.6055,0.49601,0.23641,0.28907,0.11286,7.72918,1.77182,1.57182,1.99e-05,1.99e-05,1.99e-05
992,3808.39,8.00567,1.91601,1.64018,0.49656,0.23561,0.28853,0.11298,7.72628,1.77267,1.57144,1.891e-05,1.891e-05,1.891e-05
993,3812.06,7.81211,1.89283,1.63145,0.49884,0.23545,0.28861,0.11296,7.72315,1.77311,1.571,1.792e-05,1.792e-05,1.792e-05
994,3815.74,7.43451,1.79671,1.65126,0.49798,0.23298,0.2872,0.11292,7.7212,1.77456,1.57073,1.693e-05,1.693e-05,1.693e-05
995,3819.36,7.73263,1.86501,1.6134,0.49804,0.23256,0.28686,0.11274,7.71951,1.77491,1.57066,1.594e-05,1.594e-05,1.594e-05
996,3823,8.30295,1.99904,1.64739,0.49875,0.23298,0.28705,0.11269,7.71447,1.77591,1.57047,1.495e-05,1.495e-05,1.495e-05
997,3826.6,7.5969,1.84301,1.64556,0.50108,0.23366,0.28767,0.11305,7.71342,1.77605,1.57043,1.396e-05,1.396e-05,1.396e-05
998,3830.23,8.5455,2.05607,1.60994,0.50088,0.23311,0.2877,0.11331,7.7079,1.77596,1.57063,1.297e-05,1.297e-05,1.297e-05
999,3833.84,7.72453,1.84322,1.66091,0.50156,0.23325,0.28768,0.11328,7.70597,1.77642,1.5706,1.198e-05,1.198e-05,1.198e-05
1000,3837.55,7.41795,1.81582,1.64304,0.50199,0.23339,0.28752,0.11336,7.70504,1.77795,1.5709,1.099e-05,1.099e-05,1.099e-05
