epoch,time,train/box_loss,train/cls_loss,train/dfl_loss,metrics/precision(B),metrics/recall(B),metrics/mAP50(B),metrics/mAP50-95(B),val/box_loss,val/cls_loss,val/dfl_loss,lr/pg0,lr/pg1,lr/pg2
1,4.34431,12.7211,11.0433,2.64902,0,0,0,0,12.2829,10.1954,2.4947,0.04775,0.00025,0.00025
2,7.10852,12.1699,13.5994,2.56978,0,0,0,0,12.2625,10.2363,2.49012,0.04505,0.000549999,0.000549999
3,9.96499,13.8336,10.1032,2.81661,0,0,0,0,12.2344,9.13572,2.47761,0.04235,0.000849992,0.000849992
4,12.7273,12.0017,9.15134,2.49514,0,0,0,0,12.2073,4.45021,2.46802,0.03965,0.00114998,0.00114998
5,15.6186,13.0654,8.53843,2.70367,0,0,0,0,12.168,3.33815,2.45478,0.0369499,0.00144995,0.00144995
6,18.4767,13.6342,5.63323,2.7837,0,0,0,0,12.1388,3.4162,2.44174,0.0342499,0.0017499,0.0017499
7,21.192,10.3074,6.10391,2.16707,0,0,0,0,12.1146,3.48007,2.42664,0.0315498,0.00204984,0.00204984
8,23.9232,13.0137,4.14739,2.72805,0,0,0,0,12.1298,3.51799,2.41831,0.0288497,0.00234974,0.00234974
9,26.6038,12.9912,3.81624,2.72578,0,0,0,0,12.1506,2.38688,2.40678,0.0261496,0.00264962,0.00264962
10,29.3007,12.2149,3.72012,2.5369,0,0,0,0,12.1642,2.4176,2.39895,0.0234495,0.00294947,0.00294947
11,31.9507,13.1935,3.70858,2.64753,0,0,0,0,12.1901,2.45037,2.39437,0.0207493,0.00324928,0.00324928
12,34.5988,13.0824,3.66516,2.52265,0,0,0,0,12.212,2.48375,2.38913,0.018049,0.00354905,0.00354905
13,37.2317,12.7787,3.29658,2.58939,0,0,0,0,12.223,2.50997,2.38431,0.0153488,0.00384877,0.00384877
14,39.8826,13.0224,3.03978,2.54537,0,0,0,0,12.227,2.53209,2.38002,0.0126484,0.00414844,0.00414844
15,42.5479,12.4504,3.02559,2.50818,0,0,0,0,12.2016,2.5359,2.37559,0.00994806,0.00444806,0.00444806
16,45.3847,12.7853,2.962,2.45715,0,0,0,0,12.1887,2.55627,2.3726,0.00724763,0.00474763,0.00474763
17,48.0332,11.5383,2.81424,2.43485,0,0,0,0,12.1673,2.56615,2.36878,0.00499716,0.00499716,0.00499716
18,50.696,11.3709,2.69568,2.24892,0,0,0,0,12.3543,2.59946,2.34238,0.00499679,0.00499679,0.00499679
19,53.298,10.8819,2.57052,2.22035,0,0,0,0,11.9532,2.59356,2.28675,0.0049964,0.0049964,0.0049964
20,55.8989,10.801,2.52085,2.14925,0,0,0,0,10.1564,2.5749,2.00508,0.00499599,0.00499599,0.00499599
21,58.499,9.96921,2.26039,1.95345,0.00307,0.00014,0.00402,0.00121,10.3968,2.50637,1.90603,0.00499556,0.00499556,0.00499556
22,61.1467,9.86326,1.96266,1.84031,0.0095,0.00096,0.00482,0.00151,11.4593,2.51259,2.09063,0.00499511,0.00499511,0.00499511
23,63.7593,8.77129,1.89116,1.5635,0.00841,0.00357,0.00442,0.00132,10.455,2.40442,1.86495,0.00499463,0.00499463,0.00499463
24,66.4997,9.15749,1.82294,1.44247,0.01979,0.01826,0.0094,0.00225,9.98553,4.7796,2.13122,0.00499413,0.00499413,0.00499413
25,69.1953,8.75208,1.57363,1.40055,0.02741,0.03226,0.01466,0.0031,9.59568,11.0501,2.29916,0.00499361,0.00499361,0.00499361
26,71.9391,8.94149,1.59199,1.32697,0.02551,0.02581,0.01106,0.00255,9.76239,5.23388,1.77615,0.00499306,0.00499306,0.00499306
27,74.7919,8.65382,1.52994,1.34474,0.02702,0.03309,0.01304,0.00298,9.72657,5.35567,1.70953,0.0049925,0.0049925,0.0049925
28,77.5494,8.83215,1.56215,1.33801,0.05033,0.03926,0.02092,0.00454,9.51784,8.93409,1.7381,0.00499191,0.00499191,0.00499191
29,80.3138,8.64087,1.43448,1.28325,0.04502,0.02087,0.01298,0.00304,9.91569,2.41507,1.39007,0.0049913,0.0049913,0.0049913
30,83.0454,8.65087,1.36287,1.21231,0.04969,0.03569,0.01849,0.00441,9.61186,7.21526,1.31212,0.00499067,0.00499067,0.00499067
31,85.8229,8.4696,1.30066,1.10612,0.06004,0.0348,0.01804,0.00399,9.78388,3.57511,1.25082,0.00499001,0.00499001,0.00499001
32,88.5543,8.49432,1.40186,1.13323,0.0733,0.04929,0.02829,0.00644,9.20242,3.04236,1.118,0.00498934,0.00498934,0.00498934
33,91.226,8.26581,1.28391,1.14175,0.05778,0.06988,0.03042,0.00718,8.87845,14.3826,1.10365,0.00498864,0.00498864,0.00498864
34,94.0548,8.35147,1.28655,1.02711,0.08303,0.05574,0.03422,0.00787,9.05626,5.33588,1.01378,0.00498792,0.00498792,0.00498792
35,96.7728,8.35288,1.27121,1.00861,0.02572,0.01016,0.00609,0.00143,10.716,2.70474,1.1944,0.00498718,0.00498718,0.00498718
36,99.5211,8.36592,1.23733,0.99456,0.04487,0.02348,0.01442,0.00315,10.0539,2.01731,1.11014,0.00498641,0.00498641,0.00498641
37,102.201,7.95276,1.15656,0.88633,0.0845,0.06645,0.03804,0.0089,8.83304,1.6166,1.01034,0.00498563,0.00498563,0.00498563
38,105.124,8.1407,1.18964,0.97115,0.01237,0.01579,0.00886,0.00224,10.8684,1.35634,1.18033,0.00498482,0.00498482,0.00498482
39,107.876,7.92,1.28451,0.99557,0.0082,0.01208,0.00469,0.00105,10.741,1.41763,1.18312,0.00498399,0.00498399,0.00498399
40,110.593,7.63176,1.13199,0.87541,0.00186,0.00261,0.00094,0.00024,12.1936,1.6511,1.41869,0.00498313,0.00498313,0.00498313
41,113.267,7.77843,1.21858,1.05366,0.06805,0.03487,0.02286,0.00529,9.62467,1.19919,1.08691,0.00498226,0.00498226,0.00498226
42,115.985,7.45549,1.16791,0.96956,0.03797,0.03638,0.01905,0.00483,9.81816,1.23348,1.06666,0.00498136,0.00498136,0.00498136
43,118.683,7.51077,1.20234,0.88212,0.1326,0.04997,0.038,0.00874,8.97263,1.13512,1.01301,0.00498044,0.00498044,0.00498044
44,121.386,7.61132,1.17048,0.97547,0.01377,0.0221,0.01219,0.00367,10.5777,1.31721,1.1097,0.0049795,0.0049795,0.0049795
45,124.069,7.55498,1.16087,0.91776,0.17125,0.07784,0.06352,0.01499,8.37746,1.08116,0.94698,0.00497854,0.00497854,0.00497854
46,126.899,7.43465,1.11195,0.88674,0.14595,0.06809,0.05256,0.01288,8.50219,1.13117,0.94599,0.00497755,0.00497755,0.00497755
47,129.679,7.30638,1.09292,0.93657,0.08292,0.0637,0.036,0.00956,8.90616,1.15083,0.96376,0.00497655,0.00497655,0.00497655
48,132.411,7.34931,1.09172,0.92741,0.13644,0.07798,0.05624,0.01361,8.37402,1.11526,0.92112,0.00497552,0.00497552,0.00497552
49,135.256,7.4717,1.03736,0.86121,0.16164,0.09253,0.06815,0.01639,8.25113,1.07362,0.90332,0.00497447,0.00497447,0.00497447
50,138.033,7.27195,1.11267,0.86057,0.20007,0.11463,0.09239,0.02191,7.91855,1.06191,0.87713,0.00497339,0.00497339,0.00497339
51,140.776,7.19886,1.08189,0.87714,0.15978,0.09624,0.06952,0.01573,8.28199,1.07728,0.9011,0.0049723,0.0049723,0.0049723
52,143.502,7.16644,1.07958,0.92889,0.193,0.11285,0.08967,0.02231,7.92672,1.0328,0.87916,0.00497118,0.00497118,0.00497118
53,146.228,7.18513,1.05081,0.82062,0.26373,0.14374,0.13095,0.03295,7.40216,1.03195,0.83368,0.00497004,0.00497004,0.00497004
54,149.16,7.252,1.05562,0.90715,0.20934,0.17435,0.13459,0.03418,7.40064,1.10603,0.8369,0.00496888,0.00496888,0.00496888
55,151.934,7.28296,1.06749,0.89335,0.23948,0.17133,0.13842,0.03264,7.36751,1.0191,0.8182,0.0049677,0.0049677,0.0049677
56,154.625,6.92334,1.01481,0.87779,0.23156,0.14835,0.12075,0.02968,7.55873,1.02762,0.83955,0.0049665,0.0049665,0.0049665
57,157.33,6.93261,1.00051,0.82742,0.24655,0.14127,0.12433,0.03386,7.50485,1.00907,0.85144,0.00496527,0.00496527,0.00496527
58,160.111,6.9863,1.02042,0.84623,0.27327,0.18259,0.16036,0.04107,7.11696,0.97783,0.79574,0.00496402,0.00496402,0.00496402
59,162.849,6.94657,0.96427,0.78142,0.22997,0.15308,0.12353,0.03135,7.52001,0.97882,0.83299,0.00496275,0.00496275,0.00496275
60,165.753,6.98997,1.03075,0.85001,0.23602,0.16708,0.1355,0.03693,7.36107,0.98574,0.81271,0.00496146,0.00496146,0.00496146
61,168.494,6.76021,0.98871,0.81503,0.26432,0.1874,0.1563,0.04151,7.135,0.94333,0.79608,0.00496015,0.00496015,0.00496015
62,171.251,7.11148,0.99863,0.84149,0.28829,0.18897,0.16509,0.04504,7.09993,0.92846,0.79754,0.00495881,0.00495881,0.00495881
63,173.992,6.91134,0.95197,0.80746,0.18237,0.18232,0.11854,0.03013,7.4034,0.99415,0.77792,0.00495745,0.00495745,0.00495745
64,176.782,6.77817,1.0026,0.80945,0.30516,0.18081,0.16645,0.04506,7.08468,0.93136,0.79339,0.00495607,0.00495607,0.00495607
65,179.49,6.60038,0.94902,0.83387,0.30896,0.19756,0.17987,0.04746,6.9918,0.94005,0.78327,0.00495467,0.00495467,0.00495467
66,182.214,6.7258,0.98469,0.82488,0.29283,0.20562,0.18027,0.04742,6.93502,0.93613,0.7705,0.00495325,0.00495325,0.00495325
67,184.94,6.35042,0.89955,0.77775,0.31261,0.21129,0.18989,0.05222,6.849,0.91344,0.77517,0.00495181,0.00495181,0.00495181
68,187.745,6.53511,0.94162,0.80835,0.27719,0.21197,0.17928,0.04575,6.94028,0.93161,0.75844,0.00495034,0.00495034,0.00495034
69,190.502,6.58468,0.94368,0.78511,0.30558,0.20744,0.18388,0.0509,6.89511,0.91263,0.78073,0.00494885,0.00494885,0.00494885
70,193.197,6.55194,0.96564,0.81207,0.28522,0.19357,0.17352,0.04728,6.88403,0.96689,0.78332,0.00494734,0.00494734,0.00494734
71,195.958,6.33962,0.91585,0.76228,0.32379,0.19687,0.18127,0.05256,6.81526,0.90904,0.78599,0.00494581,0.00494581,0.00494581
72,198.666,6.42729,0.93241,0.80236,0.34446,0.21925,0.20658,0.05916,6.65418,0.88469,0.7685,0.00494426,0.00494426,0.00494426
73,201.582,6.40959,0.94107,0.78143,0.26489,0.2106,0.17307,0.04579,6.89615,0.94403,0.76302,0.00494269,0.00494269,0.00494269
74,204.353,6.56212,0.93287,0.79272,0.20818,0.17641,0.13925,0.03611,7.24587,1.02956,0.76561,0.00494109,0.00494109,0.00494109
75,207.048,6.44459,0.93049,0.78564,0.27045,0.23064,0.19321,0.05277,6.80504,0.92152,0.74678,0.00493947,0.00493947,0.00493947
76,209.807,6.4501,0.90922,0.81704,0.33032,0.2419,0.22366,0.06016,6.64097,0.87604,0.74082,0.00493783,0.00493783,0.00493783
77,212.501,6.34801,0.86746,0.77709,0.25289,0.2025,0.15927,0.03935,7.17256,0.93458,0.75743,0.00493617,0.00493617,0.00493617
78,215.29,6.34284,0.92104,0.80659,0.18103,0.17449,0.11404,0.02889,7.57691,0.95552,0.76643,0.00493449,0.00493449,0.00493449
79,217.991,6.2023,0.92255,0.74635,0.34084,0.2165,0.20375,0.05797,6.76417,0.89732,0.77283,0.00493278,0.00493278,0.00493278
80,220.682,6.27425,0.86743,0.77521,0.32389,0.22254,0.20576,0.05878,6.71478,0.88212,0.76776,0.00493106,0.00493106,0.00493106
81,223.358,6.36175,0.89223,0.77656,0.27855,0.23215,0.19489,0.05438,6.78964,0.91481,0.74592,0.00492931,0.00492931,0.00492931
82,226.197,6.37554,0.92615,0.77321,0.30722,0.25096,0.21795,0.06065,6.57208,0.89802,0.74035,0.00492754,0.00492754,0.00492754
83,228.906,6.05372,0.83972,0.76298,0.3259,0.23915,0.21917,0.06206,6.60369,0.89295,0.75221,0.00492575,0.00492575,0.00492575
84,231.663,6.10153,0.84768,0.77083,0.36995,0.22392,0.22177,0.06385,6.63694,0.8485,0.76732,0.00492394,0.00492394,0.00492394
85,234.359,6.00468,0.872,0.77258,0.37838,0.27265,0.25639,0.07316,6.33799,0.84328,0.7331,0.00492211,0.00492211,0.00492211
86,237.134,6.11218,0.86423,0.77369,0.37666,0.23202,0.23089,0.06785,6.53566,0.85205,0.76191,0.00492025,0.00492025,0.00492025
87,239.928,6.17567,0.8508,0.75186,0.39465,0.26304,0.25577,0.07653,6.29757,0.87508,0.73747,0.00491838,0.00491838,0.00491838
88,242.764,6.09947,0.85813,0.7519,0.34093,0.22982,0.22122,0.06383,6.58121,0.93021,0.75463,0.00491648,0.00491648,0.00491648
89,245.432,5.97009,0.84426,0.74206,0.34296,0.26428,0.24018,0.06904,6.38485,0.90526,0.74037,0.00491456,0.00491456,0.00491456
90,248.189,6.10934,0.88876,0.82102,0.34693,0.27595,0.24915,0.07375,6.33087,0.84829,0.73211,0.00491262,0.00491262,0.00491262
91,250.913,6.11859,0.84873,0.77448,0.37699,0.24121,0.23785,0.06962,6.57082,0.83766,0.7559,0.00491066,0.00491066,0.00491066
92,253.689,6.00531,0.88124,0.76351,0.32308,0.19124,0.17786,0.0513,6.9991,0.859,0.79765,0.00490868,0.00490868,0.00490868
93,256.524,5.98244,0.84845,0.76174,0.40606,0.28693,0.2818,0.0852,6.15626,0.8166,0.72476,0.00490667,0.00490667,0.00490667
94,259.35,6.14321,0.83769,0.76031,0.41826,0.28477,0.28319,0.08559,6.16381,0.81895,0.72846,0.00490465,0.00490465,0.00490465
95,262.094,6.06539,0.81689,0.75794,0.36706,0.22062,0.21514,0.06244,6.74183,0.8351,0.77514,0.0049026,0.0049026,0.0049026
96,264.866,5.81758,0.79519,0.76882,0.39273,0.24108,0.23863,0.07055,6.55345,0.82976,0.75827,0.00490053,0.00490053,0.00490053
97,267.592,6.16003,0.85757,0.74318,0.42007,0.27677,0.27694,0.08548,6.20424,0.81544,0.74084,0.00489845,0.00489845,0.00489845
98,270.333,6.0189,0.82614,0.76468,0.41457,0.27718,0.28024,0.08276,6.28839,0.81089,0.73423,0.00489633,0.00489633,0.00489633
99,273.074,5.92775,0.81805,0.76747,0.42969,0.26345,0.27084,0.0818,6.3739,0.80162,0.74754,0.0048942,0.0048942,0.0048942
100,275.863,5.97381,0.82714,0.76107,0.42671,0.27283,0.27556,0.08539,6.28518,0.80589,0.73857,0.00489205,0.00489205,0.00489205
101,278.62,5.91946,0.79845,0.77422,0.38616,0.2684,0.25941,0.07424,6.28195,0.83758,0.72382,0.00488988,0.00488988,0.00488988
102,281.407,5.92543,0.83512,0.77745,0.40476,0.27444,0.27228,0.07753,6.21754,0.82705,0.72333,0.00488768,0.00488768,0.00488768
103,284.277,5.98706,0.81718,0.76957,0.41659,0.25975,0.26317,0.08018,6.40716,0.80996,0.74728,0.00488547,0.00488547,0.00488547
104,287.048,6.15571,0.85576,0.77832,0.41552,0.28254,0.28039,0.08728,6.20299,0.79063,0.73201,0.00488323,0.00488323,0.00488323
105,289.76,6.20704,0.82186,0.76418,0.41588,0.3008,0.29056,0.08724,6.13616,0.8013,0.72301,0.00488097,0.00488097,0.00488097
106,292.568,5.82386,0.78912,0.75704,0.4259,0.30574,0.30023,0.09125,6.11004,0.78808,0.72557,0.00487869,0.00487869,0.00487869
107,295.294,5.94673,0.78593,0.75018,0.42792,0.28652,0.28687,0.08828,6.20639,0.79164,0.73489,0.00487639,0.00487639,0.00487639
108,298.112,5.77037,0.78834,0.73991,0.44373,0.30011,0.30419,0.09416,6.10292,0.77246,0.72699,0.00487407,0.00487407,0.00487407
109,300.812,5.7431,0.78033,0.75252,0.37661,0.22666,0.22896,0.06776,6.51457,0.8876,0.75445,0.00487173,0.00487173,0.00487173
110,303.588,5.69536,0.78998,0.75849,0.4482,0.30299,0.30425,0.09741,5.98704,0.76708,0.7273,0.00486937,0.00486937,0.00486937
111,306.348,5.82458,0.79488,0.72195,0.43614,0.28569,0.29243,0.0896,6.15052,0.80659,0.7287,0.00486698,0.00486698,0.00486698
112,309.213,5.79119,0.79336,0.7775,0.46016,0.30765,0.31797,0.09819,6.07161,0.76336,0.72407,0.00486458,0.00486458,0.00486458
113,312.04,5.74894,0.78898,0.76008,0.4608,0.3229,0.32572,0.10097,5.95384,0.75902,0.7208,0.00486215,0.00486215,0.00486215
114,315.034,5.62793,0.78474,0.78532,0.42125,0.30972,0.30216,0.0923,6.02444,0.79737,0.72278,0.0048597,0.0048597,0.0048597
115,317.753,5.65079,0.76611,0.74223,0.41848,0.27426,0.27773,0.08545,6.27883,0.77161,0.73701,0.00485724,0.00485724,0.00485724
116,320.581,5.48624,0.82162,0.75022,0.40992,0.26002,0.25792,0.07868,6.46926,0.7771,0.74934,0.00485475,0.00485475,0.00485475
117,323.362,5.86913,0.7998,0.7598,0.40648,0.3113,0.29829,0.09047,6.03682,0.81062,0.71565,0.00485224,0.00485224,0.00485224
118,326.108,5.49802,0.77324,0.78556,0.44023,0.33402,0.32502,0.10383,5.79495,0.76122,0.71118,0.00484971,0.00484971,0.00484971
119,328.918,5.73967,0.80672,0.74327,0.41853,0.27293,0.26999,0.08369,6.37172,0.77502,0.74465,0.00484716,0.00484716,0.00484716
120,331.791,5.36429,0.78977,0.72635,0.44692,0.27265,0.28047,0.08888,6.28533,0.75874,0.73844,0.00484459,0.00484459,0.00484459
121,334.555,5.42673,0.77137,0.75572,0.44038,0.31755,0.31444,0.09796,5.95188,0.79962,0.71478,0.004842,0.004842,0.004842
122,337.398,5.70709,0.7836,0.73556,0.4639,0.32812,0.33242,0.10066,5.91319,0.75062,0.71108,0.00483938,0.00483938,0.00483938
123,340.178,5.76867,0.79526,0.7603,0.47031,0.34448,0.34552,0.11051,5.82949,0.74126,0.70641,0.00483675,0.00483675,0.00483675
124,342.976,5.56672,0.76298,0.73238,0.46237,0.31054,0.31761,0.10326,5.97958,0.74641,0.71827,0.0048341,0.0048341,0.0048341
125,345.743,5.30626,0.73251,0.75211,0.46474,0.32839,0.33692,0.10583,5.83519,0.7615,0.71232,0.00483142,0.00483142,0.00483142
126,348.458,5.54636,0.78355,0.75871,0.45382,0.32633,0.33255,0.10744,5.81557,0.77303,0.71,0.00482873,0.00482873,0.00482873
127,351.239,5.71965,0.7532,0.72695,0.48248,0.33402,0.34714,0.11061,5.77012,0.73485,0.70704,0.00482601,0.00482601,0.00482601
128,353.985,5.37256,0.75128,0.73848,0.46762,0.2975,0.31151,0.09639,6.13429,0.74725,0.72649,0.00482328,0.00482328,0.00482328
129,356.747,5.53019,0.73914,0.72999,0.47566,0.33114,0.34459,0.11321,5.77395,0.73798,0.70789,0.00482052,0.00482052,0.00482052
130,359.575,5.70003,0.76197,0.73029,0.46108,0.32166,0.33025,0.10743,5.87865,0.74787,0.71245,0.00481774,0.00481774,0.00481774
131,362.291,5.47002,0.76271,0.71681,0.45109,0.30464,0.30914,0.09858,6.0744,0.75273,0.72087,0.00481495,0.00481495,0.00481495
132,365.057,5.48022,0.75278,0.7446,0.43635,0.29325,0.29178,0.09058,6.16589,0.76174,0.72686,0.00481213,0.00481213,0.00481213
133,367.835,5.67286,0.75837,0.73799,0.47316,0.33081,0.34178,0.11328,5.73888,0.75835,0.70349,0.00480929,0.00480929,0.00480929
134,370.564,5.37967,0.73127,0.72504,0.4816,0.34706,0.35802,0.11772,5.67273,0.73034,0.69982,0.00480643,0.00480643,0.00480643
135,373.386,5.47385,0.75921,0.75255,0.45248,0.2883,0.29235,0.09422,6.14383,0.75409,0.72838,0.00480356,0.00480356,0.00480356
136,376.4,5.41914,0.75576,0.73051,0.4296,0.27842,0.28419,0.08972,6.14682,0.7814,0.72356,0.00480066,0.00480066,0.00480066
137,379.108,5.46544,0.7955,0.75591,0.51594,0.3439,0.36778,0.12652,5.58315,0.71718,0.69834,0.00479774,0.00479774,0.00479774
138,381.864,5.43779,0.76884,0.73764,0.42914,0.31741,0.3079,0.08962,6.03614,0.78052,0.70757,0.0047948,0.0047948,0.0047948
139,384.558,5.36706,0.78535,0.73262,0.51116,0.33855,0.36027,0.12084,5.70003,0.72875,0.70295,0.00479184,0.00479184,0.00479184
140,387.38,5.56778,0.77873,0.74553,0.46446,0.31713,0.32906,0.10611,5.87409,0.78413,0.70836,0.00478886,0.00478886,0.00478886
141,390.12,5.54756,0.73764,0.72894,0.47564,0.33265,0.33578,0.1054,5.91713,0.74211,0.70876,0.00478586,0.00478586,0.00478586
142,392.942,5.5126,0.72578,0.71686,0.4892,0.35895,0.36278,0.11815,5.59121,0.72957,0.69659,0.00478284,0.00478284,0.00478284
143,395.668,5.46572,0.797,0.72044,0.50369,0.34267,0.35937,0.12077,5.68831,0.71454,0.70251,0.0047798,0.0047798,0.0047798
144,398.453,5.68152,0.77302,0.75872,0.49009,0.32372,0.33577,0.10879,5.90535,0.72568,0.71477,0.00477674,0.00477674,0.00477674
145,401.152,5.38064,0.73071,0.71921,0.45154,0.34903,0.33888,0.10615,5.74285,0.73051,0.69758,0.00477366,0.00477366,0.00477366
146,403.957,5.58396,0.73735,0.71644,0.48586,0.36724,0.36895,0.12116,5.51712,0.7047,0.69189,0.00477056,0.00477056,0.00477056
147,406.828,5.47271,0.7534,0.72467,0.46283,0.29253,0.29649,0.09423,6.16242,0.73565,0.72655,0.00476744,0.00476744,0.00476744
148,409.679,5.43791,0.74254,0.74025,0.45744,0.30656,0.31212,0.10208,6.04096,0.73,0.72031,0.0047643,0.0047643,0.0047643
149,412.411,5.51068,0.74079,0.71539,0.4698,0.33924,0.34651,0.11436,5.55559,0.74058,0.69464,0.00476114,0.00476114,0.00476114
150,415.13,5.35487,0.71273,0.72045,0.48894,0.35489,0.3663,0.11838,5.52754,0.71682,0.69126,0.00475796,0.00475796,0.00475796
151,417.84,5.42603,0.72768,0.72712,0.52687,0.35297,0.37777,0.13193,5.52385,0.6977,0.69628,0.00475476,0.00475476,0.00475476
152,420.551,5.3275,0.70167,0.71769,0.5276,0.33635,0.36372,0.12498,5.63283,0.70082,0.7054,0.00475155,0.00475155,0.00475155
153,423.263,4.95589,0.68598,0.70949,0.46692,0.34981,0.35005,0.11031,5.67621,0.7362,0.69458,0.00474831,0.00474831,0.00474831
154,426.054,5.15693,0.69838,0.72142,0.50664,0.37589,0.3871,0.13234,5.38685,0.69629,0.68726,0.00474505,0.00474505,0.00474505
155,428.794,5.26777,0.71576,0.70477,0.50424,0.32729,0.34508,0.11516,5.80508,0.74367,0.70817,0.00474177,0.00474177,0.00474177
156,431.518,5.36921,0.73174,0.72653,0.49198,0.32747,0.34118,0.1136,5.81259,0.72265,0.70708,0.00473847,0.00473847,0.00473847
157,434.31,5.25965,0.70385,0.73196,0.49438,0.37809,0.38753,0.13199,5.34377,0.68705,0.68474,0.00473516,0.00473516,0.00473516
158,437.24,5.32612,0.72463,0.704,0.51616,0.36908,0.39388,0.13551,5.31987,0.68581,0.68598,0.00473182,0.00473182,0.00473182
159,440.046,5.15356,0.71757,0.73734,0.51293,0.3321,0.35356,0.11903,5.78267,0.70305,0.70909,0.00472846,0.00472846,0.00472846
160,442.813,5.108,0.71515,0.74604,0.53223,0.35461,0.38027,0.13142,5.59509,0.68758,0.69866,0.00472509,0.00472509,0.00472509
161,445.554,5.32588,0.71978,0.73094,0.52549,0.3634,0.39402,0.14009,5.32406,0.67812,0.68932,0.00472169,0.00472169,0.00472169
162,448.271,5.17218,0.69769,0.69898,0.48149,0.3056,0.32256,0.10679,5.7719,0.77413,0.70861,0.00471827,0.00471827,0.00471827
163,451.129,5.31558,0.69397,0.7054,0.51804,0.37674,0.3953,0.14144,5.31072,0.6827,0.68591,0.00471484,0.00471484,0.00471484
164,453.846,5.01243,0.71441,0.70021,0.5288,0.37658,0.4006,0.14487,5.33622,0.67209,0.68494,0.00471139,0.00471139,0.00471139
165,456.677,5.49895,0.73879,0.73005,0.51851,0.36945,0.39513,0.13127,5.44132,0.6809,0.68814,0.00470791,0.00470791,0.00470791
166,459.506,4.96505,0.69481,0.69597,0.52261,0.36024,0.3827,0.12948,5.48015,0.73092,0.68906,0.00470442,0.00470442,0.00470442
167,462.256,5.50188,0.76503,0.71416,0.52427,0.37576,0.39435,0.1386,5.3949,0.68293,0.68595,0.00470091,0.00470091,0.00470091
168,465.114,5.18938,0.69181,0.72514,0.54111,0.3827,0.40667,0.1466,5.30542,0.67498,0.68223,0.00469738,0.00469738,0.00469738
169,467.923,5.01464,0.69185,0.72623,0.51747,0.38111,0.39764,0.13468,5.41845,0.68053,0.68527,0.00469383,0.00469383,0.00469383
170,470.7,5.32577,0.73752,0.76053,0.50188,0.3796,0.38952,0.13323,5.405,0.68715,0.68432,0.00469026,0.00469026,0.00469026
171,473.435,5.20547,0.72818,0.72938,0.53097,0.37518,0.39342,0.13878,5.42476,0.67818,0.68585,0.00468667,0.00468667,0.00468667
172,476.246,5.13932,0.72379,0.73958,0.53256,0.38665,0.40732,0.14487,5.29555,0.66834,0.6848,0.00468306,0.00468306,0.00468306
173,478.933,5.23977,0.70768,0.73301,0.55198,0.38344,0.41351,0.149,5.27364,0.66289,0.68177,0.00467943,0.00467943,0.00467943
174,481.666,4.9008,0.67053,0.69661,0.53476,0.37287,0.39593,0.13934,5.37477,0.66915,0.68507,0.00467579,0.00467579,0.00467579
175,484.333,5.00469,0.67637,0.69116,0.5569,0.38605,0.41395,0.15099,5.20804,0.6674,0.68277,0.00467212,0.00467212,0.00467212
176,487.053,5.01112,0.69019,0.71237,0.51444,0.36985,0.39338,0.13516,5.32626,0.70182,0.6826,0.00466844,0.00466844,0.00466844
177,489.773,5.04357,0.70075,0.71938,0.52882,0.3299,0.3491,0.11866,5.69465,0.7085,0.70273,0.00466474,0.00466474,0.00466474
178,492.526,5.30837,0.75349,0.722,0.48146,0.35077,0.36098,0.12079,5.44462,0.7405,0.69034,0.00466102,0.00466102,0.00466102
179,495.194,5.16575,0.67879,0.71268,0.5298,0.36532,0.38566,0.13586,5.36918,0.69914,0.6863,0.00465728,0.00465728,0.00465728
180,498.068,4.88087,0.69489,0.72939,0.52271,0.33471,0.3551,0.11689,5.71356,0.69484,0.70038,0.00465352,0.00465352,0.00465352
181,500.751,5.04739,0.69404,0.73542,0.55682,0.39182,0.42027,0.15226,5.1907,0.65698,0.67822,0.00464974,0.00464974,0.00464974
182,503.61,4.92898,0.64459,0.69893,0.54741,0.39168,0.4166,0.15056,5.17598,0.66075,0.67543,0.00464594,0.00464594,0.00464594
183,506.295,5.33827,0.74064,0.75793,0.52848,0.34102,0.36308,0.12709,5.61151,0.68203,0.69317,0.00464213,0.00464213,0.00464213
184,508.983,5.09257,0.7069,0.71215,0.52484,0.324,0.3457,0.11757,5.75369,0.70644,0.69983,0.00463829,0.00463829,0.00463829
185,511.713,5.39385,0.72878,0.71653,0.55553,0.39292,0.42245,0.15547,5.08938,0.65573,0.67136,0.00463444,0.00463444,0.00463444
186,514.464,5.30151,0.70296,0.70142,0.52934,0.39558,0.41936,0.1504,5.1414,0.6666,0.67442,0.00463057,0.00463057,0.00463057
187,517.101,4.86172,0.71023,0.71739,0.55139,0.36299,0.39459,0.14189,5.3828,0.67029,0.68383,0.00462668,0.00462668,0.00462668
188,519.878,5.0374,0.70012,0.71949,0.55357,0.34102,0.37463,0.13422,5.45717,0.67103,0.6886,0.00462277,0.00462277,0.00462277
189,522.626,4.87861,0.70592,0.71892,0.5452,0.39099,0.42065,0.15223,5.12175,0.67493,0.67313,0.00461884,0.00461884,0.00461884
190,525.451,4.97205,0.68563,0.7009,0.54909,0.39154,0.4189,0.15233,5.20912,0.66294,0.67574,0.0046149,0.0046149,0.0046149
191,528.325,4.97827,0.68298,0.6741,0.55142,0.38111,0.41148,0.1487,5.23481,0.66619,0.67664,0.00461093,0.00461093,0.00461093
192,531.154,4.83003,0.66401,0.68922,0.53226,0.40274,0.42022,0.14748,5.20264,0.66426,0.67366,0.00460695,0.00460695,0.00460695
193,533.888,4.87828,0.68059,0.72024,0.5502,0.37273,0.40157,0.14589,5.29135,0.66478,0.68035,0.00460295,0.00460295,0.00460295
194,536.653,4.83751,0.69247,0.69313,0.55634,0.39072,0.42213,0.15558,5.14014,0.6469,0.6748,0.00459893,0.00459893,0.00459893
195,539.384,4.68712,0.64077,0.68088,0.56089,0.39044,0.42499,0.15424,5.11224,0.6511,0.67757,0.00459489,0.00459489,0.00459489
196,542.183,5.05626,0.71,0.72096,0.56676,0.38276,0.41749,0.14732,5.32469,0.65721,0.68421,0.00459084,0.00459084,0.00459084
197,544.869,5.03648,0.68057,0.72602,0.5494,0.39058,0.42158,0.15968,5.04638,0.647,0.67246,0.00458676,0.00458676,0.00458676
198,547.648,4.76983,0.66139,0.68989,0.54706,0.39199,0.42205,0.15892,5.0071,0.65211,0.67129,0.00458267,0.00458267,0.00458267
199,550.301,4.60318,0.66447,0.70322,0.55099,0.38546,0.41935,0.15151,5.2015,0.65761,0.67885,0.00457856,0.00457856,0.00457856
200,553.075,4.80027,0.66232,0.72005,0.55976,0.39607,0.42883,0.15578,5.09923,0.64943,0.67554,0.00457443,0.00457443,0.00457443
201,555.822,4.97663,0.6948,0.73453,0.56781,0.3796,0.40861,0.14981,5.23999,0.66055,0.68037,0.00457029,0.00457029,0.00457029
202,558.791,4.73983,0.68959,0.68897,0.5719,0.38427,0.41589,0.15223,5.18329,0.65086,0.678,0.00456612,0.00456612,0.00456612
203,561.478,4.71489,0.64266,0.68021,0.53566,0.39118,0.41971,0.14689,5.14993,0.65797,0.67531,0.00456194,0.00456194,0.00456194
204,564.276,4.68575,0.65464,0.6909,0.54075,0.38962,0.41897,0.14995,5.09492,0.65683,0.67315,0.00455774,0.00455774,0.00455774
205,567.009,5.00239,0.69695,0.70597,0.57638,0.36958,0.41028,0.14912,5.23193,0.65348,0.68098,0.00455353,0.00455353,0.00455353
206,569.725,4.65046,0.64201,0.69263,0.57616,0.38427,0.42236,0.15763,5.14781,0.64964,0.675,0.00454929,0.00454929,0.00454929
207,572.552,4.74795,0.66091,0.67771,0.55483,0.40431,0.43372,0.16105,4.97549,0.65638,0.66748,0.00454504,0.00454504,0.00454504
208,575.393,5.0032,0.67518,0.68639,0.53107,0.40239,0.42218,0.15612,4.98874,0.66487,0.66585,0.00454077,0.00454077,0.00454077
209,578.064,4.80817,0.6865,0.68585,0.55745,0.37008,0.40146,0.14297,5.29474,0.67027,0.67807,0.00453648,0.00453648,0.00453648
210,580.83,4.73973,0.65827,0.68292,0.57675,0.35818,0.39614,0.14155,5.33471,0.6623,0.68221,0.00453217,0.00453217,0.00453217
211,583.545,4.91937,0.67809,0.68911,0.57233,0.40198,0.44019,0.16609,4.94664,0.63412,0.66485,0.00452785,0.00452785,0.00452785
212,586.388,4.85882,0.68087,0.69255,0.55291,0.40308,0.43556,0.16145,4.99365,0.64418,0.66522,0.00452351,0.00452351,0.00452351
213,589.25,4.81679,0.65325,0.67823,0.53821,0.39388,0.41694,0.1481,5.1753,0.66875,0.67338,0.00451915,0.00451915,0.00451915
214,591.965,4.5965,0.63394,0.68731,0.56593,0.40005,0.43227,0.15941,5.02969,0.65745,0.66675,0.00451477,0.00451477,0.00451477
215,594.733,4.99179,0.66497,0.70735,0.58489,0.39498,0.43423,0.16182,5.05772,0.64548,0.66862,0.00451038,0.00451038,0.00451038
216,597.483,4.69625,0.65297,0.70261,0.53035,0.40005,0.41975,0.15072,5.10872,0.6576,0.67025,0.00450597,0.00450597,0.00450597
217,600.212,4.76502,0.71807,0.70213,0.57354,0.39333,0.4303,0.16599,4.97945,0.63867,0.66833,0.00450154,0.00450154,0.00450154
218,602.958,4.5143,0.62975,0.6888,0.56285,0.3993,0.43409,0.16551,4.9131,0.65059,0.66358,0.00449709,0.00449709,0.00449709
219,605.689,4.69992,0.64349,0.68567,0.57458,0.37301,0.41352,0.15205,5.13822,0.65495,0.6744,0.00449263,0.00449263,0.00449263
220,608.567,4.56347,0.65472,0.68803,0.56996,0.4028,0.43788,0.15637,5.04933,0.64149,0.66752,0.00448815,0.00448815,0.00448815
221,611.347,5.13473,0.68848,0.68797,0.57317,0.41392,0.446,0.16799,4.8816,0.62668,0.66347,0.00448365,0.00448365,0.00448365
222,614.143,4.80894,0.69999,0.70231,0.57987,0.39086,0.42508,0.1559,5.10213,0.64003,0.67135,0.00447914,0.00447914,0.00447914
223,616.809,4.82434,0.65875,0.68456,0.56033,0.4131,0.44132,0.1633,4.92115,0.62986,0.6629,0.00447461,0.00447461,0.00447461
224,619.717,4.79371,0.65228,0.68797,0.57717,0.40225,0.44147,0.16725,4.92513,0.63185,0.66504,0.00447006,0.00447006,0.00447006
225,622.434,4.77576,0.67711,0.68717,0.58576,0.39703,0.44004,0.1641,4.99357,0.63391,0.66584,0.0044655,0.0044655,0.0044655
226,625.168,4.85532,0.69677,0.68601,0.58018,0.37507,0.40831,0.14654,5.26206,0.64628,0.67571,0.00446091,0.00446091,0.00446091
227,627.896,4.98029,0.66178,0.7207,0.56737,0.41323,0.44512,0.16857,4.93799,0.62977,0.66202,0.00445631,0.00445631,0.00445631
228,630.663,4.88258,0.66576,0.66797,0.58769,0.41873,0.45447,0.1746,4.84641,0.62493,0.66101,0.0044517,0.0044517,0.0044517
229,633.459,4.71048,0.64539,0.65908,0.549,0.35132,0.37488,0.12867,5.51779,0.66825,0.68786,0.00444707,0.00444707,0.00444707
230,636.211,4.77003,0.65401,0.68561,0.57364,0.36889,0.40502,0.1469,5.28588,0.64558,0.67683,0.00444242,0.00444242,0.00444242
231,638.866,4.87777,0.65881,0.69447,0.56478,0.41021,0.44361,0.16968,4.85454,0.63073,0.66097,0.00443775,0.00443775,0.00443775
232,641.74,4.88305,0.6714,0.69475,0.58512,0.41008,0.45302,0.17328,4.80081,0.62755,0.66195,0.00443307,0.00443307,0.00443307
233,644.459,4.7231,0.64195,0.66956,0.5854,0.36546,0.40437,0.14859,5.26042,0.65938,0.67839,0.00442837,0.00442837,0.00442837
234,647.414,4.80854,0.67261,0.67458,0.59728,0.39989,0.44222,0.1686,4.95976,0.62479,0.6632,0.00442365,0.00442365,0.00442365
235,650.214,4.67252,0.64902,0.6845,0.5689,0.40927,0.44408,0.1617,4.90842,0.6334,0.66235,0.00441892,0.00441892,0.00441892
236,652.927,4.71168,0.64355,0.66483,0.55668,0.40651,0.43471,0.15335,4.98233,0.65268,0.66362,0.00441417,0.00441417,0.00441417
237,655.568,4.79472,0.70162,0.7074,0.60947,0.40486,0.45546,0.17572,4.88603,0.62383,0.66024,0.0044094,0.0044094,0.0044094
238,658.28,4.48801,0.63086,0.68967,0.60759,0.40983,0.45485,0.17267,4.94242,0.62704,0.6617,0.00440462,0.00440462,0.00440462
239,661.013,4.59744,0.67305,0.68324,0.58185,0.41694,0.4566,0.17225,4.86353,0.62464,0.65929,0.00439982,0.00439982,0.00439982
240,663.782,4.80235,0.65456,0.68792,0.58441,0.40953,0.44677,0.17034,4.8567,0.62077,0.66032,0.00439501,0.00439501,0.00439501
241,666.422,4.57413,0.62207,0.67524,0.56417,0.40912,0.4401,0.16393,4.9395,0.64173,0.66234,0.00439018,0.00439018,0.00439018
242,669.191,4.73086,0.66864,0.69842,0.58133,0.41351,0.44871,0.17136,4.89429,0.62356,0.66204,0.00438533,0.00438533,0.00438533
243,672.029,4.8913,0.67007,0.697,0.57997,0.41323,0.44868,0.16861,4.86754,0.62211,0.66065,0.00438047,0.00438047,0.00438047
244,674.809,4.80741,0.65286,0.6772,0.57527,0.40019,0.44032,0.16454,4.88443,0.62823,0.66286,0.00437559,0.00437559,0.00437559
245,677.7,4.43371,0.6147,0.67687,0.61006,0.40019,0.45263,0.17399,4.87138,0.62555,0.66586,0.0043707,0.0043707,0.0043707
246,680.493,4.6529,0.6356,0.67711,0.58143,0.3858,0.42782,0.16187,4.99656,0.63755,0.6717,0.00436578,0.00436578,0.00436578
247,683.229,4.83139,0.67171,0.69487,0.57983,0.41543,0.45938,0.17633,4.80905,0.62955,0.66073,0.00436086,0.00436086,0.00436086
248,685.933,4.56386,0.64473,0.70756,0.58063,0.39326,0.43414,0.1666,4.9705,0.63282,0.66707,0.00435591,0.00435591,0.00435591
249,688.618,4.83705,0.68034,0.71281,0.56148,0.4022,0.4386,0.16342,4.87424,0.63371,0.66089,0.00435096,0.00435096,0.00435096
250,691.315,4.65026,0.63449,0.69285,0.57739,0.41145,0.44792,0.1724,4.7203,0.64398,0.65666,0.00434598,0.00434598,0.00434598
251,694.093,4.59688,0.63476,0.67415,0.57628,0.39566,0.43429,0.1674,4.95512,0.64211,0.66373,0.00434099,0.00434099,0.00434099
252,696.844,4.78616,0.63749,0.67616,0.59494,0.40445,0.44879,0.1734,4.89355,0.62828,0.66039,0.00433598,0.00433598,0.00433598
253,699.562,4.47349,0.61206,0.67561,0.5673,0.41131,0.44405,0.16308,4.86771,0.63381,0.66037,0.00433096,0.00433096,0.00433096
254,702.311,4.64492,0.65413,0.67816,0.53407,0.40568,0.42754,0.14964,5.02512,0.65342,0.66275,0.00432593,0.00432593,0.00432593
255,705.045,4.74146,0.64256,0.68407,0.58324,0.41186,0.45297,0.17945,4.82403,0.6169,0.65806,0.00432087,0.00432087,0.00432087
256,707.951,4.63257,0.63174,0.6727,0.58698,0.41207,0.45384,0.1791,4.84047,0.61162,0.66032,0.0043158,0.0043158,0.0043158
257,710.677,4.79931,0.66849,0.67698,0.57862,0.41584,0.45366,0.17693,4.79566,0.60993,0.6581,0.00431072,0.00431072,0.00431072
258,713.401,4.66771,0.64561,0.67841,0.5893,0.42326,0.46551,0.17982,4.77757,0.60626,0.65773,0.00430562,0.00430562,0.00430562
259,716.097,4.73014,0.64851,0.68248,0.57496,0.42532,0.46068,0.17475,4.74654,0.61001,0.65505,0.00430051,0.00430051,0.00430051
260,718.896,4.74111,0.64909,0.67324,0.59261,0.42477,0.47081,0.18003,4.72667,0.60285,0.65426,0.00429538,0.00429538,0.00429538
261,721.697,4.76477,0.65297,0.69931,0.59217,0.43396,0.47116,0.18118,4.71668,0.60325,0.65267,0.00429023,0.00429023,0.00429023
262,724.452,4.62157,0.62264,0.6877,0.59491,0.4223,0.46865,0.18256,4.67556,0.60136,0.65519,0.00428507,0.00428507,0.00428507
263,727.197,4.68396,0.62441,0.65746,0.59714,0.42257,0.46866,0.1822,4.76061,0.60039,0.65673,0.0042799,0.0042799,0.0042799
264,729.957,4.55287,0.64751,0.67544,0.60064,0.41543,0.46068,0.17842,4.8395,0.60533,0.66054,0.0042747,0.0042747,0.0042747
265,732.733,4.64438,0.66126,0.67474,0.59319,0.43959,0.47785,0.18462,4.68937,0.60049,0.65247,0.0042695,0.0042695,0.0042695
266,735.537,4.63234,0.64611,0.69431,0.59246,0.44008,0.47377,0.18245,4.69581,0.60448,0.65151,0.00426428,0.00426428,0.00426428
267,738.393,4.59055,0.61762,0.68855,0.58532,0.39443,0.42987,0.15959,5.06674,0.62981,0.66457,0.00425904,0.00425904,0.00425904
268,741.119,4.31917,0.62925,0.71012,0.60023,0.40005,0.44592,0.16977,4.9994,0.61571,0.66353,0.00425379,0.00425379,0.00425379
269,743.893,4.82132,0.67325,0.70529,0.58631,0.42696,0.46707,0.18013,4.71719,0.61175,0.65315,0.00424853,0.00424853,0.00424853
270,746.639,4.52174,0.64492,0.67467,0.58774,0.41214,0.45927,0.1768,4.69608,0.62407,0.65522,0.00424325,0.00424325,0.00424325
271,749.54,4.65856,0.65019,0.66203,0.60327,0.40667,0.4576,0.17996,4.79194,0.60251,0.65644,0.00423795,0.00423795,0.00423795
272,752.284,4.40769,0.61331,0.66541,0.59865,0.40771,0.44958,0.17136,4.90321,0.60817,0.6596,0.00423264,0.00423264,0.00423264
273,755.055,4.55061,0.63235,0.67124,0.59866,0.4364,0.47926,0.19203,4.58111,0.59933,0.64901,0.00422732,0.00422732,0.00422732
274,757.825,4.41367,0.6066,0.67464,0.60443,0.43486,0.47906,0.19186,4.55115,0.59726,0.64853,0.00422198,0.00422198,0.00422198
275,760.568,4.73776,0.63351,0.68039,0.6007,0.41282,0.45736,0.17892,4.79025,0.60815,0.65588,0.00421663,0.00421663,0.00421663
276,763.305,4.41673,0.62138,0.66828,0.61481,0.40623,0.45617,0.18013,4.8046,0.60164,0.65821,0.00421126,0.00421126,0.00421126
277,766.018,4.53515,0.63028,0.69311,0.58527,0.43657,0.47229,0.18485,4.60297,0.60008,0.65052,0.00420588,0.00420588,0.00420588
278,768.854,4.25611,0.62787,0.66655,0.57216,0.43451,0.46531,0.17595,4.72652,0.60955,0.65225,0.00420048,0.00420048,0.00420048
279,771.58,4.58138,0.6675,0.71351,0.59053,0.41269,0.45185,0.17683,4.83365,0.61496,0.65821,0.00419507,0.00419507,0.00419507
280,774.324,4.62363,0.66644,0.70006,0.61255,0.43136,0.47761,0.19163,4.57036,0.59141,0.64849,0.00418964,0.00418964,0.00418964
281,777.006,4.29603,0.62132,0.67144,0.55454,0.41241,0.43894,0.15018,5.02317,0.63235,0.66002,0.0041842,0.0041842,0.0041842
282,779.827,4.6414,0.63086,0.68301,0.59268,0.43644,0.47695,0.18473,4.59262,0.59685,0.64793,0.00417875,0.00417875,0.00417875
283,782.519,4.49636,0.60299,0.67483,0.59516,0.39635,0.43846,0.16847,4.95524,0.6084,0.66141,0.00417328,0.00417328,0.00417328
284,785.275,4.45406,0.61597,0.67927,0.59124,0.39909,0.43924,0.16685,4.95976,0.62,0.66001,0.0041678,0.0041678,0.0041678
285,788.127,4.5868,0.6357,0.69064,0.60545,0.42875,0.4727,0.18964,4.5983,0.5935,0.64815,0.00416231,0.00416231,0.00416231
286,791.041,4.81726,0.66444,0.69458,0.58193,0.43767,0.47255,0.17796,4.67594,0.5996,0.64965,0.0041568,0.0041568,0.0041568
287,793.91,4.61219,0.62803,0.67298,0.60716,0.42585,0.46946,0.18832,4.60947,0.58475,0.64914,0.00415127,0.00415127,0.00415127
288,796.736,4.41203,0.6153,0.64288,0.61331,0.43081,0.47816,0.1968,4.51225,0.583,0.64671,0.00414574,0.00414574,0.00414574
289,799.521,4.46854,0.6064,0.66475,0.57593,0.41571,0.45136,0.15918,4.89962,0.61754,0.65496,0.00414018,0.00414018,0.00414018
290,802.342,4.9212,0.67578,0.67185,0.60263,0.42477,0.47001,0.17597,4.73055,0.60211,0.65107,0.00413462,0.00413462,0.00413462
291,804.974,3.99652,0.57578,0.6737,0.61616,0.44014,0.48789,0.1932,4.57182,0.59234,0.64705,0.00412904,0.00412904,0.00412904
292,807.701,4.5384,0.6133,0.6727,0.57988,0.42202,0.46073,0.17169,4.70814,0.61482,0.65095,0.00412345,0.00412345,0.00412345
293,810.409,4.1988,0.59388,0.67772,0.60406,0.42456,0.47591,0.18282,4.63516,0.60588,0.64936,0.00411784,0.00411784,0.00411784
294,813.184,4.69125,0.64166,0.68519,0.6144,0.43618,0.48162,0.19257,4.59732,0.59107,0.64782,0.00411222,0.00411222,0.00411222
295,815.929,4.65348,0.61773,0.67508,0.62032,0.44209,0.49083,0.19568,4.48876,0.58602,0.64641,0.00410659,0.00410659,0.00410659
296,818.613,4.39553,0.61219,0.66897,0.6019,0.44014,0.4829,0.18585,4.60698,0.60085,0.64797,0.00410095,0.00410095,0.00410095
297,821.344,4.38247,0.5938,0.64246,0.60993,0.43602,0.48259,0.18842,4.67494,0.5954,0.64823,0.00409529,0.00409529,0.00409529
298,824.029,4.26751,0.58672,0.6486,0.60461,0.44044,0.48203,0.18722,4.66293,0.59332,0.6483,0.00408961,0.00408961,0.00408961
299,826.826,4.37021,0.59985,0.65086,0.62264,0.44138,0.48867,0.19833,4.53706,0.58189,0.64476,0.00408393,0.00408393,0.00408393
300,829.763,4.51527,0.60357,0.66385,0.62499,0.44838,0.49589,0.1979,4.49453,0.58469,0.64498,0.00407823,0.00407823,0.00407823
301,832.449,4.44305,0.60259,0.66867,0.6328,0.43396,0.48387,0.19519,4.59072,0.58634,0.64918,0.00407252,0.00407252,0.00407252
302,835.228,4.57864,0.61813,0.6667,0.6306,0.43699,0.48436,0.19573,4.58628,0.58942,0.64553,0.00406679,0.00406679,0.00406679
303,837.89,4.27827,0.60032,0.68232,0.62768,0.44971,0.49558,0.20154,4.44973,0.58464,0.64522,0.00406105,0.00406105,0.00406105
304,840.665,4.27667,0.59906,0.67082,0.62147,0.4393,0.48623,0.20016,4.50519,0.58163,0.6468,0.0040553,0.0040553,0.0040553
305,843.362,4.5787,0.66667,0.67961,0.61764,0.43891,0.4888,0.19343,4.56015,0.58335,0.64752,0.00404954,0.00404954,0.00404954
306,846.105,4.30285,0.60629,0.66752,0.56449,0.41282,0.44418,0.15808,4.9444,0.62723,0.65679,0.00404376,0.00404376,0.00404376
307,848.862,4.62022,0.64261,0.67199,0.61247,0.44275,0.49104,0.20228,4.46384,0.58496,0.64388,0.00403797,0.00403797,0.00403797
308,851.605,4.74525,0.66607,0.67358,0.61338,0.42834,0.47942,0.19479,4.57842,0.58102,0.64848,0.00403217,0.00403217,0.00403217
309,854.367,4.48016,0.64339,0.68877,0.59482,0.43163,0.47479,0.17888,4.67037,0.601,0.65036,0.00402636,0.00402636,0.00402636
310,857.148,4.51392,0.63267,0.69112,0.60815,0.43094,0.48251,0.18998,4.57816,0.5943,0.64849,0.00402053,0.00402053,0.00402053
311,859.946,4.39605,0.60783,0.69673,0.61196,0.41214,0.46098,0.18296,4.68912,0.58435,0.65589,0.00401469,0.00401469,0.00401469
312,862.703,4.41407,0.59336,0.66692,0.61768,0.42719,0.47907,0.19197,4.65404,0.58266,0.64873,0.00400884,0.00400884,0.00400884
313,865.444,4.64586,0.63646,0.66254,0.60011,0.40692,0.46183,0.17762,4.63248,0.61463,0.64865,0.00400297,0.00400297,0.00400297
314,868.232,4.55719,0.62941,0.67957,0.57522,0.40994,0.44611,0.1574,4.89819,0.64032,0.65591,0.00399709,0.00399709,0.00399709
315,870.943,4.41504,0.61235,0.67404,0.62849,0.44028,0.49174,0.20514,4.41319,0.57306,0.64347,0.0039912,0.0039912,0.0039912
316,873.734,4.27172,0.5912,0.65137,0.61163,0.43891,0.48623,0.20115,4.43566,0.57859,0.64335,0.0039853,0.0039853,0.0039853
317,876.415,4.48818,0.61918,0.67574,0.59754,0.42641,0.47094,0.18146,4.67023,0.61794,0.6514,0.00397939,0.00397939,0.00397939
318,879.142,4.3126,0.64315,0.67763,0.58965,0.42789,0.47154,0.17432,4.70816,0.60598,0.64836,0.00397346,0.00397346,0.00397346
319,881.919,4.20827,0.61726,0.68306,0.62672,0.43794,0.49832,0.20765,4.3892,0.58265,0.64218,0.00396752,0.00396752,0.00396752
320,884.66,4.38621,0.6297,0.65323,0.62129,0.44097,0.49519,0.20152,4.4742,0.59234,0.64493,0.00396157,0.00396157,0.00396157
321,887.414,4.46641,0.6493,0.68489,0.61039,0.44728,0.49559,0.1987,4.45124,0.57923,0.64231,0.00395561,0.00395561,0.00395561
322,890.315,4.43733,0.59561,0.66477,0.61386,0.44588,0.49342,0.20294,4.45413,0.57777,0.64208,0.00394964,0.00394964,0.00394964
323,893.028,4.4323,0.61403,0.66649,0.61392,0.4385,0.48843,0.19964,4.51307,0.58334,0.64188,0.00394365,0.00394365,0.00394365
324,895.768,4.39037,0.593,0.68268,0.60301,0.44271,0.49212,0.1925,4.52558,0.59169,0.64308,0.00393765,0.00393765,0.00393765
325,898.688,4.55099,0.60395,0.66538,0.61376,0.43218,0.47898,0.19129,4.61916,0.58735,0.64594,0.00393164,0.00393164,0.00393164
326,901.464,4.59012,0.62815,0.65792,0.62843,0.4386,0.49013,0.19912,4.524,0.57989,0.64371,0.00392562,0.00392562,0.00392562
327,904.177,4.20506,0.57507,0.65144,0.62332,0.45305,0.50338,0.20534,4.39011,0.57735,0.64022,0.00391959,0.00391959,0.00391959
328,906.998,4.32081,0.58768,0.65859,0.61819,0.4628,0.50665,0.20594,4.41647,0.57871,0.63883,0.00391354,0.00391354,0.00391354
329,909.773,4.27828,0.59949,0.66617,0.62296,0.45185,0.49911,0.20354,4.45884,0.57216,0.63886,0.00390749,0.00390749,0.00390749
330,912.483,4.25151,0.62595,0.657,0.62559,0.44357,0.49261,0.20174,4.48674,0.56957,0.64147,0.00390142,0.00390142,0.00390142
331,915.193,4.43266,0.59124,0.67373,0.5817,0.44399,0.47812,0.18485,4.60183,0.59281,0.64179,0.00389534,0.00389534,0.00389534
332,918.013,4.20667,0.57625,0.63983,0.56816,0.39647,0.43705,0.15622,4.9219,0.6321,0.65218,0.00388925,0.00388925,0.00388925
333,920.921,4.40426,0.60675,0.67013,0.62496,0.43067,0.49031,0.20301,4.42194,0.57346,0.64184,0.00388315,0.00388315,0.00388315
334,923.635,4.27712,0.59913,0.64233,0.60025,0.4168,0.46549,0.17993,4.67409,0.61402,0.6484,0.00387704,0.00387704,0.00387704
335,926.378,4.56115,0.62704,0.65936,0.5009,0.33605,0.35432,0.10761,5.60759,0.70696,0.67398,0.00387092,0.00387092,0.00387092
336,929.186,4.40325,0.62466,0.67825,0.57018,0.41337,0.44818,0.15855,4.8626,0.62914,0.65202,0.00386478,0.00386478,0.00386478
337,931.945,4.31771,0.59383,0.65897,0.64486,0.45126,0.51066,0.2133,4.3478,0.57154,0.63906,0.00385864,0.00385864,0.00385864
338,934.691,4.45802,0.63186,0.65718,0.64608,0.44522,0.50427,0.21313,4.40629,0.56891,0.64105,0.00385248,0.00385248,0.00385248
339,937.371,4.41944,0.59688,0.66917,0.60931,0.44467,0.49015,0.19174,4.476,0.59342,0.64188,0.00384631,0.00384631,0.00384631
340,940.164,4.28595,0.61334,0.67342,0.62102,0.44274,0.49278,0.20098,4.60337,0.58334,0.6454,0.00384013,0.00384013,0.00384013
341,942.816,4.25119,0.56635,0.66089,0.61561,0.45428,0.5034,0.20522,4.34593,0.57699,0.63718,0.00383395,0.00383395,0.00383395
342,945.514,4.42321,0.63474,0.68785,0.62325,0.45648,0.50306,0.21153,4.31612,0.57698,0.63683,0.00382775,0.00382775,0.00382775
343,948.244,4.36836,0.6021,0.66213,0.61664,0.43671,0.48045,0.1929,4.60644,0.59325,0.64392,0.00382154,0.00382154,0.00382154
344,951.258,4.18494,0.59368,0.66295,0.63202,0.44777,0.50045,0.20856,4.43844,0.57093,0.64002,0.00381532,0.00381532,0.00381532
345,953.891,4.1962,0.57932,0.64861,0.61106,0.45058,0.4947,0.1963,4.43934,0.586,0.63867,0.00380908,0.00380908,0.00380908
346,956.75,4.43103,0.65223,0.70968,0.62434,0.43901,0.49548,0.19848,4.41298,0.59669,0.64018,0.00380284,0.00380284,0.00380284
347,959.432,4.28128,0.59362,0.6613,0.63292,0.44739,0.50639,0.21164,4.32458,0.59392,0.63803,0.00379659,0.00379659,0.00379659
348,962.178,4.31572,0.61345,0.67983,0.61417,0.44055,0.4944,0.19851,4.43389,0.60412,0.64125,0.00379033,0.00379033,0.00379033
349,964.893,4.26566,0.56924,0.6514,0.6098,0.44879,0.49281,0.19082,4.5044,0.59412,0.6418,0.00378405,0.00378405,0.00378405
350,967.654,4.06118,0.58438,0.65946,0.62859,0.46019,0.50946,0.21351,4.3374,0.56402,0.63829,0.00377777,0.00377777,0.00377777
351,970.398,4.33197,0.58174,0.67041,0.63509,0.46087,0.51166,0.21482,4.29106,0.55987,0.63587,0.00377148,0.00377148,0.00377148
352,973.143,4.23458,0.59968,0.66239,0.63428,0.46348,0.51247,0.2166,4.23354,0.55743,0.63462,0.00376518,0.00376518,0.00376518
353,975.904,4.17462,0.58417,0.66678,0.63939,0.45374,0.50401,0.20746,4.4003,0.56181,0.63877,0.00375886,0.00375886,0.00375886
354,978.662,4.0122,0.56526,0.64311,0.63889,0.43657,0.48688,0.19884,4.49241,0.56763,0.64039,0.00375254,0.00375254,0.00375254
355,981.456,4.29626,0.62757,0.65032,0.63379,0.46787,0.51544,0.21462,4.27346,0.56839,0.63435,0.00374621,0.00374621,0.00374621
356,984.232,4.07377,0.58724,0.64102,0.64315,0.45634,0.50981,0.21814,4.28642,0.56408,0.63543,0.00373986,0.00373986,0.00373986
357,987.059,4.20906,0.59823,0.65995,0.63141,0.43369,0.48363,0.19572,4.59641,0.57391,0.64389,0.00373351,0.00373351,0.00373351
358,989.867,4.36234,0.60469,0.65378,0.63826,0.44305,0.49915,0.20796,4.46826,0.56353,0.63984,0.00372715,0.00372715,0.00372715
359,992.548,4.31264,0.58693,0.64416,0.63799,0.46266,0.51645,0.21668,4.2673,0.55876,0.63392,0.00372078,0.00372078,0.00372078
360,995.327,4.23485,0.58099,0.67275,0.62533,0.46262,0.51235,0.20681,4.35499,0.56067,0.63557,0.00371439,0.00371439,0.00371439
361,998.038,4.12182,0.5692,0.65543,0.63524,0.46293,0.51419,0.21955,4.28631,0.54883,0.63449,0.003708,0.003708,0.003708
362,1000.73,3.90677,0.581,0.65702,0.64012,0.46348,0.5157,0.21874,4.29828,0.55338,0.63611,0.0037016,0.0037016,0.0037016
363,1003.37,4.13654,0.57549,0.6618,0.63241,0.46142,0.51158,0.20728,4.3508,0.56385,0.63791,0.00369519,0.00369519,0.00369519
364,1006.12,4.17913,0.58165,0.66589,0.59512,0.43026,0.47464,0.17945,4.62203,0.58954,0.6452,0.00368877,0.00368877,0.00368877
365,1008.83,4.50273,0.627,0.6715,0.61292,0.44467,0.49232,0.1943,4.50212,0.5758,0.6416,0.00368235,0.00368235,0.00368235
366,1011.78,4.69388,0.63127,0.67728,0.61489,0.4363,0.48574,0.19025,4.50425,0.57932,0.64096,0.00367591,0.00367591,0.00367591
367,1014.46,4.23246,0.58625,0.66911,0.57767,0.40404,0.44022,0.15656,4.8358,0.61016,0.64868,0.00366946,0.00366946,0.00366946
368,1017.19,4.23545,0.60105,0.65954,0.62812,0.45648,0.50753,0.2028,4.37883,0.57537,0.63676,0.003663,0.003663,0.003663
369,1019.97,4.22217,0.5848,0.68631,0.64254,0.46156,0.51438,0.21971,4.28513,0.55481,0.63573,0.00365654,0.00365654,0.00365654
370,1022.87,4.58561,0.5959,0.66904,0.6364,0.4617,0.51521,0.21772,4.28323,0.5512,0.63439,0.00365007,0.00365007,0.00365007
371,1025.53,4.04517,0.56926,0.65324,0.62566,0.46535,0.51263,0.21079,4.34387,0.56558,0.63409,0.00364358,0.00364358,0.00364358
372,1028.35,4.09065,0.57353,0.67,0.61107,0.44357,0.491,0.18886,4.54122,0.58905,0.63963,0.00363709,0.00363709,0.00363709
373,1031.03,4.24771,0.572,0.6504,0.64401,0.4606,0.52009,0.22233,4.22449,0.56016,0.63309,0.00363059,0.00363059,0.00363059
374,1033.79,4.26818,0.58509,0.67599,0.6416,0.45607,0.51149,0.21855,4.30918,0.55447,0.63562,0.00362408,0.00362408,0.00362408
375,1036.51,4.02457,0.5583,0.65854,0.62658,0.46395,0.51608,0.21357,4.312,0.57019,0.63465,0.00361756,0.00361756,0.00361756
376,1039.29,4.43544,0.59721,0.65975,0.63864,0.46584,0.52,0.22371,4.21823,0.55042,0.6321,0.00361104,0.00361104,0.00361104
377,1042.13,4.23487,0.58333,0.64311,0.64035,0.45148,0.5032,0.21047,4.4071,0.55766,0.6367,0.0036045,0.0036045,0.0036045
378,1044.91,4.37905,0.59768,0.6459,0.63904,0.46074,0.51722,0.22225,4.24448,0.55174,0.6345,0.00359796,0.00359796,0.00359796
379,1047.59,4.23566,0.60439,0.6667,0.63465,0.45964,0.51428,0.2186,4.27921,0.5603,0.63541,0.00359141,0.00359141,0.00359141
380,1050.35,4.13524,0.55975,0.66424,0.64054,0.45305,0.50702,0.21487,4.35148,0.55625,0.63616,0.00358485,0.00358485,0.00358485
381,1053.18,4.01691,0.56379,0.64243,0.64258,0.46664,0.52391,0.22527,4.18886,0.55575,0.63099,0.00357828,0.00357828,0.00357828
382,1055.93,3.95899,0.56519,0.67755,0.60716,0.45938,0.50378,0.20009,4.46963,0.58038,0.63816,0.0035717,0.0035717,0.0035717
383,1058.63,4.2844,0.59475,0.66979,0.64295,0.46829,0.52565,0.22674,4.21668,0.55784,0.63222,0.00356512,0.00356512,0.00356512
384,1061.39,4.16139,0.56496,0.65933,0.65388,0.46897,0.52909,0.22977,4.17667,0.54813,0.63206,0.00355853,0.00355853,0.00355853
385,1064.09,4.33998,0.62483,0.68778,0.60229,0.44769,0.49013,0.18517,4.63005,0.59091,0.64346,0.00355193,0.00355193,0.00355193
386,1066.86,4.23473,0.58413,0.64546,0.63019,0.4679,0.52104,0.21793,4.25797,0.55595,0.63455,0.00354532,0.00354532,0.00354532
387,1069.67,4.12853,0.59175,0.64109,0.64339,0.46129,0.51813,0.22007,4.32578,0.55083,0.6365,0.0035387,0.0035387,0.0035387
388,1072.62,4.27221,0.59506,0.65241,0.63827,0.46458,0.51711,0.21772,4.33831,0.55593,0.63568,0.00353208,0.00353208,0.00353208
389,1075.35,4.38598,0.63763,0.66045,0.6335,0.46705,0.5198,0.22014,4.23746,0.56262,0.63286,0.00352545,0.00352545,0.00352545
390,1078.18,3.96876,0.56146,0.63875,0.64346,0.47254,0.52948,0.22653,4.19201,0.55439,0.63062,0.00351881,0.00351881,0.00351881
391,1080.94,3.82885,0.5498,0.67236,0.64063,0.45648,0.51361,0.2199,4.30667,0.55284,0.63504,0.00351216,0.00351216,0.00351216
392,1083.81,4.41698,0.60402,0.6495,0.64131,0.46774,0.52485,0.22253,4.25871,0.55082,0.6324,0.00350551,0.00350551,0.00350551
393,1086.68,4.45298,0.59574,0.67363,0.64895,0.47611,0.52931,0.225,4.19447,0.55032,0.63166,0.00349884,0.00349884,0.00349884
394,1089.64,3.89323,0.5483,0.64503,0.62622,0.46733,0.51963,0.21307,4.28859,0.56687,0.63422,0.00349217,0.00349217,0.00349217
395,1092.3,4.37759,0.5955,0.67567,0.6437,0.46774,0.52453,0.22522,4.21496,0.54881,0.63182,0.0034855,0.0034855,0.0034855
396,1095.03,4.17718,0.61126,0.6592,0.64143,0.46582,0.52067,0.22341,4.25762,0.54904,0.6325,0.00347881,0.00347881,0.00347881
397,1097.72,4.24624,0.55965,0.64361,0.62676,0.47474,0.52225,0.21469,4.28086,0.56079,0.6332,0.00347212,0.00347212,0.00347212
398,1100.51,4.45271,0.60628,0.6488,0.61772,0.47341,0.51355,0.20476,4.34102,0.56032,0.63294,0.00346542,0.00346542,0.00346542
399,1103.37,4.1615,0.57773,0.63358,0.64572,0.47817,0.52851,0.22769,4.17463,0.54368,0.6298,0.00345872,0.00345872,0.00345872
400,1106.11,4.37978,0.59428,0.67604,0.64532,0.48109,0.53202,0.22825,4.17646,0.5438,0.63025,0.00345201,0.00345201,0.00345201
401,1108.77,4.15238,0.56863,0.64942,0.61926,0.4495,0.49682,0.19228,4.47754,0.57293,0.63692,0.00344529,0.00344529,0.00344529
402,1111.5,4.26189,0.5743,0.64306,0.64356,0.45868,0.52151,0.21707,4.26898,0.56136,0.63236,0.00343856,0.00343856,0.00343856
403,1114.28,4.13261,0.61603,0.65524,0.64877,0.4665,0.52563,0.22242,4.25343,0.55388,0.63181,0.00343183,0.00343183,0.00343183
404,1116.96,4.11076,0.56108,0.65305,0.64386,0.45566,0.52091,0.21537,4.31204,0.56381,0.63339,0.00342509,0.00342509,0.00342509
405,1120.33,4.31663,0.57805,0.65822,0.63583,0.45538,0.51469,0.20805,4.38499,0.579,0.63563,0.00341834,0.00341834,0.00341834
406,1123.21,4.37431,0.59517,0.6472,0.63337,0.46636,0.52194,0.2135,4.33667,0.56424,0.63404,0.00341159,0.00341159,0.00341159
407,1125.91,4.21438,0.59848,0.65382,0.64892,0.47419,0.53381,0.23292,4.1298,0.54189,0.62895,0.00340483,0.00340483,0.00340483
408,1128.64,4.21576,0.60182,0.67833,0.65093,0.47474,0.53349,0.23397,4.1307,0.53657,0.6294,0.00339807,0.00339807,0.00339807
409,1131.42,4.00352,0.56301,0.64625,0.63135,0.47762,0.53148,0.21753,4.29985,0.55829,0.63325,0.00339129,0.00339129,0.00339129
410,1134.31,4.15354,0.57234,0.65091,0.64117,0.47666,0.5323,0.22593,4.20267,0.55154,0.63186,0.00338451,0.00338451,0.00338451
411,1137.1,4.04613,0.58364,0.67069,0.6499,0.46691,0.52526,0.22671,4.22887,0.53978,0.63278,0.00337773,0.00337773,0.00337773
412,1139.91,3.90181,0.55108,0.65714,0.66269,0.46142,0.53006,0.23301,4.12727,0.55005,0.63141,0.00337094,0.00337094,0.00337094
413,1142.63,4.14838,0.56982,0.65903,0.65372,0.47117,0.53287,0.2304,4.16007,0.55052,0.6311,0.00336414,0.00336414,0.00336414
414,1145.51,4.24442,0.59254,0.66249,0.65064,0.47968,0.53955,0.22987,4.20088,0.5501,0.63141,0.00335734,0.00335734,0.00335734
415,1148.27,4.10992,0.55173,0.63663,0.60353,0.45977,0.50098,0.18994,4.58214,0.57822,0.6405,0.00335053,0.00335053,0.00335053
416,1151.2,4.31454,0.55743,0.64454,0.62915,0.47694,0.52681,0.21909,4.2759,0.54883,0.63224,0.00334371,0.00334371,0.00334371
417,1153.83,4.04286,0.6,0.67445,0.65957,0.4793,0.53841,0.23772,4.12112,0.53512,0.62826,0.00333689,0.00333689,0.00333689
418,1156.58,4.08601,0.564,0.67191,0.66173,0.47199,0.53064,0.23332,4.15808,0.53766,0.62903,0.00333007,0.00333007,0.00333007
419,1159.43,4.27255,0.58521,0.6614,0.62156,0.47625,0.52429,0.21036,4.38569,0.56147,0.63507,0.00332323,0.00332323,0.00332323
420,1162.14,4.06656,0.55786,0.63518,0.63998,0.48467,0.53426,0.21991,4.28565,0.54993,0.63304,0.0033164,0.0033164,0.0033164
421,1164.81,4.04202,0.55416,0.65957,0.65923,0.4768,0.53497,0.23848,4.09734,0.53072,0.62906,0.00330955,0.00330955,0.00330955
422,1167.54,3.87238,0.57295,0.64751,0.65403,0.47172,0.52842,0.2321,4.14994,0.53378,0.62956,0.0033027,0.0033027,0.0033027
423,1170.27,4.32636,0.59315,0.67528,0.65144,0.48037,0.53333,0.23327,4.14068,0.53886,0.62836,0.00329585,0.00329585,0.00329585
424,1173.09,4.22519,0.57483,0.64679,0.63839,0.47488,0.52785,0.23344,4.1154,0.54009,0.62871,0.00328899,0.00328899,0.00328899
425,1175.83,4.07913,0.54905,0.65738,0.64413,0.4698,0.52608,0.22639,4.20104,0.54681,0.63029,0.00328212,0.00328212,0.00328212
426,1178.65,3.83316,0.52855,0.63834,0.6536,0.47146,0.52788,0.22534,4.2596,0.54144,0.63179,0.00327525,0.00327525,0.00327525
427,1181.54,4.14887,0.54696,0.64794,0.64291,0.46988,0.52586,0.22476,4.17853,0.54461,0.63023,0.00326838,0.00326838,0.00326838
428,1184.26,4.04897,0.5612,0.64416,0.6254,0.46207,0.51326,0.21154,4.33378,0.56509,0.63349,0.0032615,0.0032615,0.0032615
429,1187.01,4.06408,0.55996,0.64956,0.64744,0.47297,0.52403,0.22856,4.22009,0.54097,0.63098,0.00325461,0.00325461,0.00325461
430,1189.83,4.19617,0.56449,0.66544,0.64438,0.47295,0.52568,0.22485,4.25534,0.54094,0.63124,0.00324772,0.00324772,0.00324772
431,1192.55,4.09558,0.54353,0.63177,0.63372,0.48627,0.53381,0.23085,4.13986,0.54231,0.62796,0.00324082,0.00324082,0.00324082
432,1195.29,4.036,0.55204,0.66094,0.64335,0.48874,0.53804,0.23364,4.12183,0.54112,0.6269,0.00323392,0.00323392,0.00323392
433,1198.01,4.16673,0.57022,0.6498,0.64766,0.47378,0.5267,0.22625,4.22386,0.54008,0.6293,0.00322702,0.00322702,0.00322702
434,1200.86,4.2255,0.58051,0.65835,0.64678,0.48284,0.53449,0.23276,4.13703,0.53761,0.6267,0.00322011,0.00322011,0.00322011
435,1203.54,4.20354,0.57381,0.63849,0.63749,0.48309,0.53172,0.22223,4.24179,0.55887,0.6298,0.00321319,0.00321319,0.00321319
436,1206.39,4.34306,0.58404,0.66663,0.63513,0.4813,0.5331,0.22343,4.24806,0.55059,0.62914,0.00320627,0.00320627,0.00320627
437,1209.1,4.32956,0.58353,0.66776,0.65777,0.48462,0.54224,0.24074,4.06094,0.53323,0.62609,0.00319935,0.00319935,0.00319935
438,1211.98,4.40915,0.58489,0.67569,0.66325,0.47779,0.53691,0.23644,4.09632,0.53054,0.62609,0.00319242,0.00319242,0.00319242
439,1214.75,4.03622,0.56231,0.63615,0.64825,0.47845,0.53701,0.23057,4.13282,0.53811,0.62629,0.00318549,0.00318549,0.00318549
440,1217.49,3.90486,0.56674,0.64164,0.63215,0.48284,0.53104,0.22122,4.25471,0.54817,0.62936,0.00317855,0.00317855,0.00317855
441,1220.27,4.21217,0.56804,0.66229,0.66151,0.47462,0.53494,0.23565,4.12667,0.52913,0.62623,0.00317161,0.00317161,0.00317161
442,1223.04,4.23568,0.59802,0.66025,0.65104,0.47076,0.52661,0.22834,4.22778,0.53849,0.62824,0.00316466,0.00316466,0.00316466
443,1225.85,4.07393,0.57376,0.66064,0.65577,0.48202,0.54224,0.23861,4.0577,0.53641,0.62498,0.00315771,0.00315771,0.00315771
444,1228.7,4.28594,0.59028,0.65612,0.6523,0.47666,0.5343,0.23765,4.08403,0.54434,0.62575,0.00315076,0.00315076,0.00315076
445,1231.41,4.01227,0.54239,0.64991,0.66209,0.46568,0.5271,0.2302,4.20429,0.53965,0.62947,0.0031438,0.0031438,0.0031438
446,1234.17,3.93621,0.53678,0.64047,0.66566,0.47762,0.53891,0.23932,4.09767,0.53849,0.62633,0.00313684,0.00313684,0.00313684
447,1236.95,3.96946,0.55713,0.64363,0.64287,0.47694,0.53303,0.22727,4.19843,0.55727,0.62919,0.00312988,0.00312988,0.00312988
448,1239.68,4.08486,0.57397,0.66064,0.64916,0.47968,0.53682,0.23321,4.12955,0.5462,0.62694,0.00312291,0.00312291,0.00312291
449,1242.52,3.82947,0.5501,0.65864,0.65226,0.47488,0.53373,0.2331,4.13932,0.53617,0.62754,0.00311593,0.00311593,0.00311593
450,1245.24,4.01308,0.55974,0.65774,0.65194,0.48216,0.53911,0.23611,4.11448,0.53284,0.62627,0.00310896,0.00310896,0.00310896
451,1247.94,3.98211,0.53754,0.65209,0.64315,0.47952,0.53302,0.22556,4.19396,0.54921,0.62815,0.00310198,0.00310198,0.00310198
452,1250.68,3.89999,0.54747,0.64606,0.65716,0.48751,0.5427,0.24137,4.04319,0.52771,0.6257,0.00309499,0.00309499,0.00309499
453,1253.48,4.01299,0.55836,0.65609,0.65119,0.46485,0.52196,0.22462,4.28792,0.54033,0.63255,0.00308801,0.00308801,0.00308801
454,1256.22,4.13225,0.56056,0.65004,0.65439,0.46774,0.52333,0.22055,4.30961,0.54533,0.63243,0.00308102,0.00308102,0.00308102
455,1258.93,3.93026,0.52282,0.63586,0.64403,0.49039,0.54216,0.2399,4.04076,0.52628,0.62552,0.00307402,0.00307402,0.00307402
456,1261.64,3.80046,0.53416,0.63801,0.64546,0.48504,0.53846,0.23656,4.07495,0.53176,0.62538,0.00306703,0.00306703,0.00306703
457,1264.43,4.10313,0.55708,0.64406,0.65958,0.48668,0.5449,0.24333,4.05982,0.52735,0.62455,0.00306003,0.00306003,0.00306003
458,1267.19,3.95713,0.55229,0.64134,0.66386,0.48929,0.5496,0.24495,4.02897,0.52811,0.62365,0.00305303,0.00305303,0.00305303
459,1269.9,4.11156,0.57394,0.65651,0.66057,0.48202,0.54182,0.23738,4.11745,0.52999,0.62566,0.00304602,0.00304602,0.00304602
460,1272.77,3.68578,0.55911,0.6556,0.65373,0.48394,0.5437,0.24052,4.07787,0.53498,0.62526,0.00303901,0.00303901,0.00303901
461,1275.5,4.02457,0.54671,0.64197,0.65027,0.48297,0.54087,0.2327,4.14618,0.54608,0.62679,0.003032,0.003032,0.003032
462,1278.33,3.98118,0.55146,0.65924,0.65705,0.48845,0.54359,0.24253,4.03389,0.5328,0.62388,0.00302499,0.00302499,0.00302499
463,1281.07,3.96244,0.55135,0.64583,0.66366,0.48764,0.54472,0.24277,4.077,0.52565,0.6242,0.00301797,0.00301797,0.00301797
464,1283.82,4.18015,0.56008,0.64483,0.66522,0.48311,0.54355,0.24313,4.05788,0.52447,0.62462,0.00301095,0.00301095,0.00301095
465,1286.6,3.8166,0.52813,0.63468,0.64908,0.48526,0.54108,0.23222,4.13745,0.53678,0.62614,0.00300393,0.00300393,0.00300393
466,1289.35,4.0207,0.56212,0.66653,0.64368,0.47611,0.53166,0.22938,4.14738,0.54131,0.62545,0.0029969,0.0029969,0.0029969
467,1291.97,3.86561,0.54945,0.64045,0.65955,0.48105,0.54076,0.24343,4.03794,0.53024,0.624,0.00298988,0.00298988,0.00298988
468,1294.68,3.88712,0.55409,0.64658,0.65949,0.48009,0.5381,0.23929,4.09266,0.53192,0.62368,0.00298285,0.00298285,0.00298285
469,1297.38,4.23977,0.58734,0.64998,0.64929,0.47158,0.53104,0.23101,4.12718,0.54755,0.62453,0.00297581,0.00297581,0.00297581
470,1300.2,4.0779,0.56892,0.67709,0.64951,0.47543,0.53543,0.23653,4.0759,0.54125,0.62395,0.00296878,0.00296878,0.00296878
471,1303.07,4.32631,0.6197,0.67173,0.66187,0.47501,0.53642,0.23975,4.08018,0.53048,0.62458,0.00296174,0.00296174,0.00296174
472,1305.79,3.89436,0.5544,0.64534,0.66266,0.4857,0.54451,0.24376,4.03638,0.52508,0.62274,0.00295471,0.00295471,0.00295471
473,1308.49,4.22235,0.5831,0.65045,0.64211,0.48031,0.53543,0.2315,4.12098,0.5383,0.62494,0.00294767,0.00294767,0.00294767
474,1311.28,4.19324,0.56198,0.64407,0.63966,0.49163,0.54045,0.23248,4.12012,0.53723,0.62523,0.00294062,0.00294062,0.00294062
475,1314.09,4.05125,0.569,0.67467,0.65549,0.493,0.54637,0.24137,4.08544,0.5256,0.6238,0.00293358,0.00293358,0.00293358
476,1316.84,4.08772,0.57445,0.6589,0.65735,0.49451,0.54605,0.23967,4.0894,0.52265,0.62414,0.00292653,0.00292653,0.00292653
477,1319.57,4.11151,0.55754,0.63391,0.6435,0.49602,0.54841,0.2401,4.05713,0.52814,0.62341,0.00291949,0.00291949,0.00291949
478,1322.33,4.1733,0.56908,0.65103,0.63758,0.48064,0.52926,0.21915,4.32093,0.54998,0.62997,0.00291244,0.00291244,0.00291244
479,1325.02,4.04157,0.56611,0.65614,0.67068,0.48078,0.54642,0.24232,4.01217,0.5258,0.62354,0.00290539,0.00290539,0.00290539
480,1327.75,4.06416,0.56014,0.66772,0.66515,0.48902,0.54791,0.24347,4.00679,0.52445,0.6239,0.00289833,0.00289833,0.00289833
481,1330.58,3.92989,0.53283,0.62964,0.64235,0.47584,0.52903,0.2173,4.27268,0.55014,0.62916,0.00289128,0.00289128,0.00289128
482,1333.37,4.1502,0.60134,0.6519,0.64937,0.49094,0.54584,0.23161,4.15073,0.5355,0.62592,0.00288422,0.00288422,0.00288422
483,1336.13,3.90046,0.53747,0.63881,0.66389,0.49135,0.5489,0.24594,4.04934,0.52177,0.62291,0.00287717,0.00287717,0.00287717
484,1338.97,3.79656,0.54165,0.66825,0.66574,0.49437,0.55193,0.24776,4.01559,0.52142,0.62236,0.00287011,0.00287011,0.00287011
485,1341.7,4.00629,0.5739,0.65496,0.65185,0.4925,0.54643,0.23868,4.12709,0.53263,0.62515,0.00286305,0.00286305,0.00286305
486,1344.53,3.99041,0.55138,0.64288,0.6525,0.49451,0.55015,0.24687,4.01036,0.52734,0.62262,0.00285599,0.00285599,0.00285599
487,1347.31,4.12446,0.54896,0.65094,0.66012,0.49451,0.55098,0.24798,4.02217,0.52214,0.62273,0.00284893,0.00284893,0.00284893
488,1350.04,3.96362,0.53671,0.64049,0.65972,0.49671,0.55338,0.24943,4.01611,0.5202,0.62256,0.00284187,0.00284187,0.00284187
489,1352.85,4.16629,0.56172,0.64528,0.64877,0.49657,0.54974,0.24772,3.97603,0.52036,0.6206,0.0028348,0.0028348,0.0028348
490,1355.7,4.1072,0.54141,0.63883,0.64833,0.49277,0.54846,0.23603,4.11863,0.52892,0.623,0.00282774,0.00282774,0.00282774
491,1358.45,4.04029,0.55783,0.63749,0.66733,0.49451,0.55398,0.24864,3.99304,0.51692,0.62053,0.00282067,0.00282067,0.00282067
492,1361.32,4.06306,0.56545,0.64475,0.66814,0.49094,0.5506,0.24578,4.04685,0.52124,0.62083,0.00281361,0.00281361,0.00281361
493,1364.05,4.00868,0.52885,0.6304,0.66776,0.4941,0.55469,0.24827,4.00625,0.52324,0.61965,0.00280654,0.00280654,0.00280654
494,1366.86,3.91635,0.53969,0.64552,0.66877,0.49245,0.55543,0.25096,3.97708,0.52175,0.61935,0.00279948,0.00279948,0.00279948
495,1369.58,3.80259,0.55231,0.6172,0.67443,0.48745,0.55366,0.2481,4.03852,0.52415,0.62041,0.00279241,0.00279241,0.00279241
496,1372.42,3.88954,0.52466,0.64891,0.67009,0.48243,0.54705,0.24279,4.07085,0.52562,0.6228,0.00278534,0.00278534,0.00278534
497,1375.2,3.84139,0.56694,0.66341,0.67213,0.48267,0.54733,0.24568,4.04662,0.53012,0.62145,0.00277827,0.00277827,0.00277827
498,1377.97,3.92846,0.52474,0.6382,0.66669,0.48737,0.55039,0.24084,4.05457,0.53428,0.62246,0.00277121,0.00277121,0.00277121
499,1380.72,4.07325,0.55139,0.64467,0.66813,0.48847,0.55015,0.25014,3.97637,0.52027,0.62091,0.00276414,0.00276414,0.00276414
500,1383.39,3.99879,0.55082,0.66283,0.6591,0.49423,0.55151,0.24975,3.97477,0.51759,0.61988,0.00275707,0.00275707,0.00275707
501,1386.19,3.82454,0.53763,0.62748,0.66015,0.49576,0.55169,0.24599,3.98553,0.52018,0.62105,0.00275,0.00275,0.00275
502,1388.95,3.7999,0.51248,0.62069,0.65845,0.49259,0.55236,0.24512,3.99551,0.52143,0.62107,0.00274293,0.00274293,0.00274293
503,1391.78,4.09253,0.57951,0.67388,0.66518,0.49204,0.55347,0.25022,3.9845,0.51743,0.62103,0.00273586,0.00273586,0.00273586
504,1394.52,3.80061,0.53123,0.64087,0.6535,0.50049,0.55215,0.24608,4.01707,0.52087,0.62133,0.00272879,0.00272879,0.00272879
505,1397.37,4.15196,0.56102,0.64249,0.6381,0.48874,0.54016,0.22678,4.18947,0.53932,0.62592,0.00272173,0.00272173,0.00272173
506,1400.16,3.88044,0.52774,0.62594,0.65161,0.49176,0.54664,0.23891,4.06868,0.52586,0.62367,0.00271466,0.00271466,0.00271466
507,1402.82,3.79663,0.51116,0.64623,0.66971,0.49918,0.55621,0.25194,3.97617,0.51214,0.62193,0.00270759,0.00270759,0.00270759
508,1405.67,4.07635,0.56337,0.64897,0.67253,0.49478,0.55364,0.25142,3.97798,0.51243,0.62154,0.00270052,0.00270052,0.00270052
509,1408.42,3.98758,0.5566,0.64236,0.6689,0.49327,0.55657,0.25052,3.96825,0.51599,0.62116,0.00269346,0.00269346,0.00269346
510,1411.25,3.72396,0.5202,0.64891,0.66352,0.49465,0.55482,0.2517,3.95695,0.51693,0.62102,0.00268639,0.00268639,0.00268639
511,1414,3.80832,0.5655,0.67296,0.66724,0.49561,0.55234,0.2479,4.01715,0.51512,0.62151,0.00267933,0.00267933,0.00267933
512,1416.74,3.91783,0.53697,0.65599,0.6663,0.49396,0.54966,0.24768,4.01204,0.51355,0.62191,0.00267226,0.00267226,0.00267226
513,1419.52,3.84774,0.54875,0.65365,0.6574,0.49437,0.5513,0.24386,4.01371,0.52071,0.62175,0.0026652,0.0026652,0.0026652
514,1422.39,4.08099,0.55942,0.64462,0.65926,0.49753,0.55682,0.24907,3.99474,0.52248,0.62158,0.00265813,0.00265813,0.00265813
515,1425.07,3.95162,0.54521,0.64915,0.66513,0.4978,0.55706,0.25216,3.98291,0.51805,0.61975,0.00265107,0.00265107,0.00265107
516,1427.93,4.02189,0.55767,0.65158,0.65843,0.49602,0.55474,0.25278,3.94221,0.51745,0.61874,0.00264401,0.00264401,0.00264401
517,1430.61,3.98296,0.5518,0.64601,0.65292,0.49918,0.55457,0.246,4.00693,0.51937,0.61952,0.00263695,0.00263695,0.00263695
518,1433.41,3.93952,0.54625,0.6289,0.66598,0.49053,0.55617,0.25037,3.9617,0.51998,0.61897,0.00262989,0.00262989,0.00262989
519,1436.18,3.91961,0.52823,0.63462,0.67898,0.49014,0.55626,0.25465,3.93957,0.5133,0.61916,0.00262283,0.00262283,0.00262283
520,1438.89,3.88315,0.55467,0.63636,0.68549,0.486,0.5536,0.25547,3.9345,0.51412,0.62102,0.00261578,0.00261578,0.00261578
521,1441.62,4.063,0.56208,0.64157,0.66735,0.48957,0.55346,0.24384,4.04673,0.52842,0.62342,0.00260872,0.00260872,0.00260872
522,1444.4,3.94678,0.57211,0.66073,0.67115,0.49509,0.55782,0.25249,3.96457,0.51678,0.62176,0.00260167,0.00260167,0.00260167
523,1447.11,3.85088,0.5437,0.64986,0.68159,0.49226,0.55528,0.25382,3.96933,0.51069,0.62113,0.00259461,0.00259461,0.00259461
524,1449.93,3.93899,0.53099,0.63447,0.66889,0.49451,0.5537,0.25393,3.97009,0.51446,0.62085,0.00258756,0.00258756,0.00258756
525,1452.79,3.9537,0.5578,0.65247,0.65797,0.4919,0.55506,0.25333,3.94767,0.51669,0.61994,0.00258051,0.00258051,0.00258051
526,1455.61,3.98353,0.53452,0.6401,0.65777,0.49506,0.55511,0.25168,3.98326,0.51655,0.62236,0.00257347,0.00257347,0.00257347
527,1458.35,3.82917,0.52655,0.65046,0.67224,0.49465,0.55686,0.25144,3.99709,0.51135,0.62027,0.00256642,0.00256642,0.00256642
528,1461.15,3.91828,0.56271,0.64946,0.66897,0.49328,0.55477,0.24898,3.99037,0.51736,0.62018,0.00255938,0.00255938,0.00255938
529,1463.91,3.7656,0.51818,0.65974,0.67309,0.49204,0.54912,0.24396,4.04201,0.51594,0.6227,0.00255233,0.00255233,0.00255233
530,1466.67,4.16777,0.56009,0.64044,0.68568,0.49643,0.55977,0.25204,3.97241,0.51212,0.61897,0.00254529,0.00254529,0.00254529
531,1469.44,3.8463,0.53424,0.66265,0.65756,0.50069,0.55399,0.24315,4.06138,0.51987,0.62184,0.00253826,0.00253826,0.00253826
532,1472.15,3.68266,0.50561,0.61563,0.66136,0.49767,0.55593,0.24406,4.05708,0.52089,0.62183,0.00253122,0.00253122,0.00253122
533,1474.86,3.85832,0.53265,0.64016,0.67945,0.50069,0.56289,0.2584,3.94317,0.50861,0.61884,0.00252419,0.00252419,0.00252419
534,1477.59,3.97749,0.57732,0.6541,0.68023,0.49676,0.55957,0.25386,3.98446,0.51241,0.61863,0.00251715,0.00251715,0.00251715
535,1480.31,4.01882,0.55021,0.65121,0.66453,0.50174,0.56319,0.25474,3.97458,0.51565,0.61922,0.00251012,0.00251012,0.00251012
536,1483.11,3.79933,0.52486,0.62867,0.6719,0.49739,0.55974,0.25377,3.9557,0.51548,0.61791,0.0025031,0.0025031,0.0025031
537,1485.85,3.60507,0.53114,0.62292,0.67381,0.49163,0.55191,0.2503,4.01681,0.51244,0.61889,0.00249607,0.00249607,0.00249607
538,1488.65,4.07911,0.57227,0.63524,0.67169,0.49714,0.55664,0.25379,3.9891,0.51089,0.61825,0.00248905,0.00248905,0.00248905
539,1491.41,3.98814,0.55685,0.63551,0.6731,0.49904,0.56101,0.2579,3.93018,0.51097,0.61781,0.00248203,0.00248203,0.00248203
540,1494.22,4.07524,0.57439,0.64833,0.67823,0.49643,0.56107,0.25713,3.93608,0.50902,0.61842,0.00247501,0.00247501,0.00247501
541,1496.99,3.76469,0.53855,0.62119,0.67861,0.48957,0.55234,0.24478,4.09349,0.51681,0.62066,0.002468,0.002468,0.002468
542,1499.72,4.01191,0.5572,0.64202,0.67223,0.49616,0.55859,0.25108,4.02897,0.51722,0.62021,0.00246099,0.00246099,0.00246099
543,1502.45,3.78504,0.52489,0.63946,0.67495,0.49973,0.56084,0.25385,3.9927,0.5092,0.61973,0.00245398,0.00245398,0.00245398
544,1505.22,4.1319,0.5836,0.64635,0.66692,0.50029,0.56056,0.25867,3.92493,0.50612,0.61768,0.00244697,0.00244697,0.00244697
545,1507.92,4.25805,0.57729,0.65356,0.65328,0.49423,0.55039,0.24638,4.0303,0.51576,0.6206,0.00243997,0.00243997,0.00243997
546,1510.76,4.02518,0.53559,0.63103,0.66887,0.49945,0.5595,0.24993,3.99389,0.51145,0.61933,0.00243297,0.00243297,0.00243297
547,1513.56,4.02023,0.56521,0.66343,0.68765,0.49904,0.56372,0.25852,3.90508,0.50183,0.61782,0.00242598,0.00242598,0.00242598
548,1516.28,4.09866,0.55907,0.63044,0.67474,0.50302,0.56475,0.25822,3.93259,0.50971,0.61779,0.00241898,0.00241898,0.00241898
549,1519.01,3.85135,0.54499,0.64596,0.64854,0.49094,0.54626,0.23021,4.22871,0.53456,0.62474,0.00241199,0.00241199,0.00241199
550,1521.78,3.8901,0.54216,0.63983,0.66814,0.50069,0.56351,0.25314,3.9828,0.51658,0.61886,0.00240501,0.00240501,0.00240501
551,1524.51,3.94411,0.54204,0.64455,0.68103,0.49602,0.56084,0.25817,3.91696,0.50466,0.61806,0.00239802,0.00239802,0.00239802
552,1527.29,4.06751,0.55334,0.65395,0.67834,0.50247,0.56355,0.25883,3.91792,0.50449,0.61693,0.00239104,0.00239104,0.00239104
553,1530.05,3.71129,0.52036,0.64101,0.664,0.50371,0.56274,0.25394,3.96701,0.51003,0.61718,0.00238407,0.00238407,0.00238407
554,1532.84,3.82991,0.53185,0.62973,0.66449,0.50371,0.56423,0.25512,3.9675,0.5134,0.6172,0.00237709,0.00237709,0.00237709
555,1535.61,3.87209,0.51705,0.62238,0.67599,0.50261,0.56406,0.26057,3.91765,0.50997,0.61601,0.00237012,0.00237012,0.00237012
556,1538.44,3.90879,0.53296,0.63413,0.68015,0.49689,0.56142,0.25927,3.92025,0.51042,0.61594,0.00236316,0.00236316,0.00236316
557,1541.18,4.05666,0.54913,0.66477,0.67034,0.49941,0.56214,0.25777,3.95066,0.518,0.61666,0.0023562,0.0023562,0.0023562
558,1544.08,3.89052,0.52924,0.62789,0.6634,0.49849,0.55919,0.24726,4.05441,0.52821,0.61927,0.00234924,0.00234924,0.00234924
559,1546.78,3.91797,0.53879,0.63796,0.67573,0.49767,0.56539,0.262,3.88571,0.50889,0.61499,0.00234229,0.00234229,0.00234229
560,1549.5,3.65195,0.52621,0.64392,0.67709,0.50206,0.56818,0.26201,3.88519,0.51236,0.61525,0.00233534,0.00233534,0.00233534
561,1552.25,3.90239,0.56445,0.64849,0.65708,0.5059,0.56289,0.25167,4.00738,0.52003,0.6182,0.00232839,0.00232839,0.00232839
562,1555.08,3.86574,0.5258,0.64052,0.66849,0.50961,0.56762,0.26039,3.90536,0.5054,0.61509,0.00232145,0.00232145,0.00232145
563,1557.78,3.93912,0.54457,0.64707,0.67415,0.50604,0.56622,0.26175,3.88997,0.50162,0.61491,0.00231451,0.00231451,0.00231451
564,1560.52,3.84119,0.53455,0.61855,0.67229,0.50892,0.56769,0.26274,3.8944,0.50356,0.61534,0.00230758,0.00230758,0.00230758
565,1563.25,3.51605,0.50475,0.63239,0.67361,0.50378,0.56565,0.2582,3.93523,0.50803,0.61597,0.00230065,0.00230065,0.00230065
566,1565.98,3.85354,0.53521,0.64948,0.66261,0.50499,0.56518,0.25424,3.97494,0.51183,0.61688,0.00229373,0.00229373,0.00229373
567,1568.71,3.82715,0.56437,0.65376,0.67029,0.50824,0.56729,0.26152,3.88282,0.50475,0.61585,0.00228681,0.00228681,0.00228681
568,1571.48,3.50123,0.49644,0.62011,0.67208,0.50494,0.56538,0.26346,3.87227,0.50556,0.61612,0.00227989,0.00227989,0.00227989
569,1574.31,3.6016,0.53576,0.6593,0.66001,0.50131,0.55888,0.25172,3.99342,0.51738,0.61851,0.00227298,0.00227298,0.00227298
570,1577,3.7881,0.51852,0.65258,0.66493,0.50343,0.56397,0.25659,3.96042,0.51421,0.61933,0.00226608,0.00226608,0.00226608
571,1579.77,4.08539,0.58126,0.65054,0.67385,0.50124,0.56335,0.26253,3.88608,0.50352,0.61668,0.00225918,0.00225918,0.00225918
572,1582.56,4.21392,0.58646,0.66398,0.68228,0.50096,0.56236,0.25715,3.95391,0.50239,0.61819,0.00225228,0.00225228,0.00225228
573,1585.26,3.80052,0.5537,0.63882,0.67304,0.50529,0.5657,0.26084,3.8915,0.50202,0.61604,0.00224539,0.00224539,0.00224539
574,1588.1,3.67592,0.51929,0.62943,0.66363,0.51249,0.5662,0.25944,3.91282,0.50467,0.61639,0.0022385,0.0022385,0.0022385
575,1590.85,4.07602,0.54595,0.65472,0.67545,0.50371,0.56085,0.25873,3.92448,0.50029,0.61621,0.00223162,0.00223162,0.00223162
576,1593.72,3.98419,0.54586,0.66161,0.68125,0.50585,0.56473,0.26138,3.89787,0.4988,0.61655,0.00222475,0.00222475,0.00222475
577,1596.48,3.8035,0.54669,0.63509,0.67488,0.50343,0.56445,0.25623,3.92617,0.50373,0.61657,0.00221788,0.00221788,0.00221788
578,1599.26,3.70908,0.56196,0.6506,0.68067,0.50343,0.56544,0.25956,3.88261,0.5009,0.61612,0.00221101,0.00221101,0.00221101
579,1602.07,3.81073,0.51832,0.65137,0.69152,0.50316,0.56721,0.26172,3.89861,0.4959,0.61738,0.00220415,0.00220415,0.00220415
580,1604.9,3.70639,0.52325,0.63507,0.68089,0.50288,0.56798,0.25995,3.89808,0.50704,0.61712,0.0021973,0.0021973,0.0021973
581,1607.59,3.94536,0.53999,0.65211,0.68199,0.50376,0.56701,0.26374,3.87632,0.50571,0.61572,0.00219045,0.00219045,0.00219045
582,1610.39,3.69211,0.51465,0.62826,0.67433,0.50549,0.56762,0.26308,3.88588,0.49928,0.61496,0.0021836,0.0021836,0.0021836
583,1613.12,3.82005,0.51489,0.62142,0.67093,0.50988,0.57144,0.2619,3.89062,0.50115,0.61533,0.00217677,0.00217677,0.00217677
584,1615.85,3.83186,0.54163,0.63576,0.67625,0.50988,0.56961,0.26452,3.83898,0.49748,0.61438,0.00216993,0.00216993,0.00216993
585,1618.59,3.98895,0.54033,0.63719,0.68654,0.50329,0.56787,0.26247,3.86206,0.49506,0.61514,0.00216311,0.00216311,0.00216311
586,1621.36,3.9269,0.53478,0.62645,0.67731,0.50618,0.56914,0.26207,3.90495,0.49948,0.61456,0.00215629,0.00215629,0.00215629
587,1624.07,3.88513,0.53783,0.63738,0.68115,0.50714,0.57134,0.26406,3.87816,0.49924,0.6145,0.00214947,0.00214947,0.00214947
588,1626.88,4.08417,0.56445,0.65462,0.6843,0.50302,0.56973,0.25898,3.90427,0.50635,0.61545,0.00214266,0.00214266,0.00214266
589,1629.54,3.65533,0.53105,0.65755,0.68734,0.49918,0.56583,0.26151,3.88422,0.50033,0.61551,0.00213586,0.00213586,0.00213586
590,1632.28,3.92813,0.53013,0.65426,0.67817,0.5092,0.57092,0.26386,3.84805,0.50169,0.61426,0.00212906,0.00212906,0.00212906
591,1635.07,3.77067,0.51627,0.64256,0.65145,0.49984,0.55431,0.23934,4.10646,0.52533,0.61974,0.00212227,0.00212227,0.00212227
592,1637.88,3.85981,0.5432,0.64916,0.66407,0.50453,0.56487,0.2491,4.00589,0.51459,0.61701,0.00211549,0.00211549,0.00211549
593,1640.63,4.15707,0.58817,0.67408,0.68754,0.50599,0.57188,0.26485,3.85129,0.5012,0.61457,0.00210871,0.00210871,0.00210871
594,1643.47,3.72077,0.50005,0.61006,0.68493,0.50796,0.57173,0.26563,3.8417,0.49881,0.61473,0.00210193,0.00210193,0.00210193
595,1646.19,3.8209,0.52194,0.64116,0.66848,0.50464,0.56512,0.25328,3.94178,0.51424,0.61625,0.00209517,0.00209517,0.00209517
596,1648.86,3.86697,0.55047,0.65316,0.67608,0.50741,0.56939,0.25962,3.89048,0.50782,0.61596,0.00208841,0.00208841,0.00208841
597,1651.65,3.96321,0.53644,0.64372,0.67526,0.49904,0.55878,0.25848,3.92094,0.49844,0.61814,0.00208166,0.00208166,0.00208166
598,1654.42,3.95329,0.53329,0.63264,0.68159,0.50069,0.56383,0.26242,3.87187,0.49662,0.61558,0.00207491,0.00207491,0.00207491
599,1657.09,3.82845,0.5211,0.63712,0.67524,0.50211,0.56774,0.2613,3.87325,0.50248,0.61451,0.00206817,0.00206817,0.00206817
600,1659.96,3.79377,0.53116,0.63715,0.67009,0.50577,0.56653,0.2588,3.92473,0.51265,0.6157,0.00206144,0.00206144,0.00206144
601,1662.69,3.86763,0.55266,0.63912,0.67734,0.50464,0.56901,0.26559,3.85817,0.50696,0.6145,0.00205471,0.00205471,0.00205471
602,1665.55,3.77469,0.52909,0.62746,0.68261,0.5,0.5688,0.26639,3.85118,0.49915,0.61473,0.00204799,0.00204799,0.00204799
603,1668.26,3.82106,0.51709,0.62555,0.67144,0.49856,0.56395,0.25379,3.97015,0.51154,0.61633,0.00204128,0.00204128,0.00204128
604,1671.45,3.99874,0.53747,0.6416,0.67048,0.50412,0.56599,0.25764,3.93843,0.50281,0.61532,0.00203458,0.00203458,0.00203458
605,1674.21,3.87451,0.52561,0.63797,0.68502,0.50699,0.57417,0.26823,3.83229,0.49106,0.61349,0.00202788,0.00202788,0.00202788
606,1676.91,3.75485,0.53102,0.62857,0.68384,0.50961,0.57473,0.26832,3.83891,0.4923,0.61339,0.00202119,0.00202119,0.00202119
607,1679.77,3.79811,0.51058,0.63058,0.6775,0.50837,0.57273,0.26357,3.87238,0.49806,0.6138,0.0020145,0.0020145,0.0020145
608,1682.49,3.71152,0.50503,0.62418,0.68597,0.50632,0.57447,0.26775,3.84378,0.49484,0.61333,0.00200783,0.00200783,0.00200783
609,1685.3,3.89152,0.5293,0.63972,0.68261,0.50494,0.57052,0.26451,3.86211,0.49543,0.61429,0.00200116,0.00200116,0.00200116
610,1688.04,3.93926,0.54758,0.66008,0.67779,0.50398,0.56685,0.26189,3.90488,0.49916,0.61512,0.00199449,0.00199449,0.00199449
611,1690.76,3.60038,0.50701,0.63592,0.67437,0.50618,0.56911,0.26356,3.85714,0.49891,0.61429,0.00198784,0.00198784,0.00198784
612,1693.45,3.70214,0.52402,0.64514,0.6732,0.5103,0.57191,0.26558,3.8454,0.49766,0.61383,0.00198119,0.00198119,0.00198119
613,1696.18,3.79748,0.51742,0.63619,0.67836,0.50527,0.56496,0.26009,3.91087,0.49804,0.61558,0.00197455,0.00197455,0.00197455
614,1698.92,3.74786,0.5424,0.64957,0.67811,0.50618,0.56894,0.26378,3.86454,0.49675,0.61453,0.00196792,0.00196792,0.00196792
615,1701.73,3.91404,0.53295,0.64912,0.68256,0.50673,0.57359,0.26768,3.82964,0.49656,0.61305,0.0019613,0.0019613,0.0019613
616,1704.53,3.76363,0.51447,0.63184,0.6734,0.51098,0.57351,0.26654,3.83958,0.49527,0.6131,0.00195468,0.00195468,0.00195468
617,1707.27,3.752,0.53228,0.6509,0.68255,0.507,0.56876,0.26186,3.87833,0.49674,0.61368,0.00194807,0.00194807,0.00194807
618,1710.15,3.62195,0.49706,0.61522,0.681,0.5092,0.57499,0.26706,3.82856,0.49308,0.61203,0.00194147,0.00194147,0.00194147
619,1712.94,3.66321,0.49366,0.62338,0.6758,0.5092,0.5734,0.26497,3.85878,0.49647,0.61264,0.00193488,0.00193488,0.00193488
620,1715.65,3.8867,0.54343,0.6349,0.68362,0.50846,0.57689,0.27011,3.80085,0.49231,0.6118,0.0019283,0.0019283,0.0019283
621,1718.39,3.84352,0.54014,0.64488,0.6869,0.50659,0.57307,0.26678,3.83226,0.49242,0.61263,0.00192172,0.00192172,0.00192172
622,1721.36,3.82976,0.51837,0.62439,0.68947,0.51167,0.57705,0.2698,3.81611,0.49178,0.61231,0.00191515,0.00191515,0.00191515
623,1724.18,3.78366,0.5198,0.6316,0.6735,0.51359,0.57637,0.26805,3.84772,0.49937,0.61219,0.00190859,0.00190859,0.00190859
624,1727.02,3.70368,0.51725,0.62482,0.67926,0.51376,0.57807,0.27058,3.80347,0.49331,0.61143,0.00190204,0.00190204,0.00190204
625,1729.9,3.78661,0.51519,0.63286,0.67751,0.51071,0.57666,0.27098,3.79981,0.49319,0.61118,0.0018955,0.0018955,0.0018955
626,1732.76,3.75593,0.50822,0.6255,0.67486,0.51071,0.57594,0.26966,3.82877,0.49665,0.61223,0.00188896,0.00188896,0.00188896
627,1735.5,3.81725,0.52268,0.64256,0.68227,0.51126,0.57459,0.27036,3.80819,0.49295,0.61157,0.00188244,0.00188244,0.00188244
628,1738.37,3.95836,0.5297,0.62491,0.68188,0.51002,0.57149,0.26806,3.83973,0.4927,0.61231,0.00187592,0.00187592,0.00187592
629,1741.11,3.47461,0.49991,0.62938,0.67614,0.5162,0.57617,0.26965,3.81484,0.49277,0.61227,0.00186941,0.00186941,0.00186941
630,1743.97,3.91938,0.53869,0.63933,0.68031,0.51332,0.57685,0.2667,3.85212,0.50058,0.61291,0.00186291,0.00186291,0.00186291
631,1746.71,3.99272,0.56742,0.6506,0.68623,0.50892,0.57594,0.27016,3.81127,0.49172,0.61217,0.00185642,0.00185642,0.00185642
632,1749.56,4.02794,0.53425,0.62687,0.68094,0.51098,0.57474,0.2687,3.80483,0.48922,0.61235,0.00184993,0.00184993,0.00184993
633,1752.32,3.65968,0.50601,0.64866,0.67411,0.514,0.57514,0.26255,3.87302,0.4969,0.61322,0.00184346,0.00184346,0.00184346
634,1755.06,3.62352,0.49084,0.62296,0.67118,0.51254,0.57453,0.25932,3.90462,0.49849,0.61385,0.001837,0.001837,0.001837
635,1757.77,3.80559,0.51136,0.62902,0.67831,0.51263,0.57735,0.26774,3.8078,0.48867,0.61199,0.00183054,0.00183054,0.00183054
636,1760.75,4.03016,0.54877,0.64588,0.68005,0.5129,0.57506,0.26775,3.82624,0.48887,0.61255,0.00182409,0.00182409,0.00182409
637,1763.54,3.74241,0.52773,0.64162,0.68053,0.51359,0.57698,0.26815,3.81438,0.49062,0.61226,0.00181765,0.00181765,0.00181765
638,1766.33,3.81464,0.52175,0.62539,0.68182,0.51277,0.57854,0.26683,3.83559,0.49433,0.61239,0.00181123,0.00181123,0.00181123
639,1769.05,3.75659,0.53345,0.63982,0.68157,0.51112,0.57321,0.26634,3.85039,0.49042,0.61299,0.00180481,0.00180481,0.00180481
640,1771.85,3.68713,0.50823,0.61262,0.68865,0.50837,0.57402,0.26599,3.85965,0.49127,0.61303,0.0017984,0.0017984,0.0017984
641,1774.59,3.65927,0.51449,0.64238,0.68209,0.51565,0.58001,0.27276,3.79212,0.48934,0.61174,0.001792,0.001792,0.001792
642,1777.35,3.59539,0.49366,0.63864,0.68225,0.52004,0.5818,0.27341,3.7848,0.48942,0.61171,0.00178561,0.00178561,0.00178561
643,1780.06,3.69303,0.513,0.61997,0.68475,0.51647,0.57856,0.27155,3.80313,0.48611,0.61131,0.00177922,0.00177922,0.00177922
644,1782.85,3.74345,0.49488,0.63111,0.68678,0.50988,0.57742,0.27243,3.77902,0.48429,0.61148,0.00177285,0.00177285,0.00177285
645,1785.55,3.8672,0.52801,0.63779,0.67786,0.51826,0.58116,0.26847,3.81043,0.49093,0.61144,0.00176649,0.00176649,0.00176649
646,1788.32,3.79836,0.52781,0.64788,0.67642,0.51318,0.57691,0.26543,3.85953,0.49493,0.61284,0.00176014,0.00176014,0.00176014
647,1791.12,3.76535,0.52468,0.64085,0.68407,0.51546,0.58286,0.27234,3.79662,0.49022,0.61144,0.00175379,0.00175379,0.00175379
648,1793.88,3.66578,0.53017,0.63423,0.68697,0.51387,0.58244,0.27125,3.80709,0.49047,0.61168,0.00174746,0.00174746,0.00174746
649,1796.53,3.62207,0.52632,0.62385,0.6854,0.50851,0.57944,0.26573,3.86841,0.49619,0.61317,0.00174114,0.00174114,0.00174114
650,1799.26,3.53573,0.49536,0.63819,0.68664,0.51141,0.58143,0.26946,3.82172,0.49212,0.61256,0.00173482,0.00173482,0.00173482
651,1802.03,3.89292,0.53564,0.63372,0.68623,0.51853,0.58235,0.2731,3.77403,0.48722,0.61186,0.00172852,0.00172852,0.00172852
652,1804.8,3.92129,0.5417,0.64316,0.6848,0.51661,0.58218,0.27254,3.80216,0.49454,0.61196,0.00172223,0.00172223,0.00172223
653,1807.53,3.81308,0.52962,0.64266,0.67375,0.51085,0.57528,0.25718,3.93993,0.50823,0.61404,0.00171595,0.00171595,0.00171595
654,1810.26,3.72597,0.50321,0.62513,0.67848,0.50843,0.57476,0.26557,3.85291,0.50027,0.6127,0.00170967,0.00170967,0.00170967
655,1812.97,3.86268,0.5254,0.6377,0.68992,0.50961,0.5785,0.27119,3.78046,0.48788,0.61231,0.00170341,0.00170341,0.00170341
656,1815.72,3.95095,0.53225,0.6271,0.69213,0.50412,0.57418,0.27148,3.77116,0.48599,0.61193,0.00169716,0.00169716,0.00169716
657,1818.46,3.68671,0.51277,0.64814,0.68631,0.51442,0.57877,0.2723,3.77314,0.485,0.61185,0.00169092,0.00169092,0.00169092
658,1821.19,3.38247,0.46762,0.62435,0.68408,0.51565,0.58187,0.27277,3.76927,0.48789,0.61133,0.00168468,0.00168468,0.00168468
659,1823.84,3.82391,0.54692,0.66252,0.68734,0.51565,0.58024,0.27289,3.77167,0.48579,0.6115,0.00167846,0.00167846,0.00167846
660,1826.53,3.71691,0.5066,0.62255,0.68375,0.51922,0.58201,0.27203,3.7879,0.48731,0.61118,0.00167225,0.00167225,0.00167225
661,1829.29,3.67965,0.49812,0.63388,0.67519,0.52026,0.58043,0.26896,3.82262,0.49044,0.6116,0.00166605,0.00166605,0.00166605
662,1832.06,3.79264,0.52952,0.65347,0.67379,0.52334,0.58228,0.26525,3.84686,0.49314,0.61207,0.00165987,0.00165987,0.00165987
663,1834.81,3.81199,0.51888,0.63337,0.68174,0.52705,0.58602,0.27362,3.76118,0.48457,0.61032,0.00165369,0.00165369,0.00165369
664,1837.57,3.63679,0.50329,0.64494,0.69042,0.51496,0.58167,0.27299,3.75405,0.48214,0.61012,0.00164752,0.00164752,0.00164752
665,1840.41,3.78033,0.51864,0.62083,0.68835,0.52004,0.58601,0.27378,3.75394,0.48382,0.60949,0.00164136,0.00164136,0.00164136
666,1843.15,3.77857,0.52045,0.64308,0.68305,0.52238,0.58613,0.27248,3.7783,0.48514,0.61022,0.00163522,0.00163522,0.00163522
667,1845.89,3.71799,0.49113,0.61984,0.68884,0.51605,0.58111,0.27217,3.77761,0.48592,0.61013,0.00162908,0.00162908,0.00162908
668,1848.77,3.83517,0.51802,0.63501,0.69105,0.5129,0.57791,0.27055,3.79867,0.48646,0.6114,0.00162296,0.00162296,0.00162296
669,1851.49,3.7197,0.50972,0.64165,0.68859,0.51922,0.58417,0.27561,3.7591,0.48648,0.61,0.00161685,0.00161685,0.00161685
670,1854.24,3.55315,0.50281,0.65138,0.68704,0.5193,0.58329,0.27701,3.75538,0.48835,0.61025,0.00161075,0.00161075,0.00161075
671,1857.03,3.68385,0.51277,0.62676,0.68657,0.52177,0.58508,0.27639,3.7655,0.48599,0.60999,0.00160466,0.00160466,0.00160466
672,1859.88,3.83833,0.52025,0.64279,0.69538,0.51826,0.58479,0.27446,3.76724,0.48525,0.61082,0.00159858,0.00159858,0.00159858
673,1862.58,3.83456,0.51719,0.63864,0.6932,0.52279,0.5874,0.27225,3.78722,0.48774,0.6112,0.00159251,0.00159251,0.00159251
674,1865.36,3.61122,0.50275,0.61774,0.6909,0.51908,0.58635,0.27217,3.79137,0.48571,0.61065,0.00158646,0.00158646,0.00158646
675,1868.17,3.61808,0.53788,0.66044,0.69351,0.51428,0.57888,0.27415,3.75493,0.48204,0.61047,0.00158041,0.00158041,0.00158041
676,1870.95,3.69005,0.51487,0.62666,0.69078,0.51675,0.58261,0.27473,3.75832,0.48151,0.61011,0.00157438,0.00157438,0.00157438
677,1873.72,3.70588,0.49689,0.6203,0.68257,0.52251,0.58589,0.27433,3.77936,0.48544,0.6106,0.00156836,0.00156836,0.00156836
678,1876.56,3.62582,0.50973,0.6372,0.68524,0.51963,0.58265,0.27475,3.75801,0.48233,0.61055,0.00156235,0.00156235,0.00156235
679,1879.27,3.75106,0.52021,0.63118,0.68957,0.51922,0.58358,0.27501,3.74136,0.48112,0.61037,0.00155635,0.00155635,0.00155635
680,1882.06,3.76363,0.50052,0.6198,0.69087,0.5219,0.58734,0.2755,3.75829,0.48226,0.61072,0.00155036,0.00155036,0.00155036
681,1884.72,3.43988,0.49154,0.63711,0.69693,0.51593,0.58543,0.27569,3.74433,0.48215,0.6105,0.00154439,0.00154439,0.00154439
682,1887.51,3.89584,0.53833,0.64543,0.69717,0.51738,0.58155,0.27474,3.75616,0.4807,0.61073,0.00153843,0.00153843,0.00153843
683,1890.28,3.49052,0.49719,0.6275,0.69024,0.52238,0.58568,0.27607,3.75645,0.48253,0.61011,0.00153248,0.00153248,0.00153248
684,1893.08,3.78758,0.51081,0.62911,0.68431,0.52334,0.58457,0.27461,3.76223,0.48288,0.61,0.00152654,0.00152654,0.00152654
685,1895.77,3.73373,0.51247,0.64107,0.68721,0.51909,0.58262,0.27422,3.76062,0.48163,0.60972,0.00152061,0.00152061,0.00152061
686,1898.5,3.46912,0.48732,0.62608,0.67858,0.52293,0.5828,0.27,3.80215,0.48569,0.61096,0.0015147,0.0015147,0.0015147
687,1901.21,3.79159,0.52844,0.62231,0.68109,0.52265,0.58394,0.27555,3.75418,0.48136,0.61001,0.0015088,0.0015088,0.0015088
688,1903.98,3.58031,0.47332,0.60951,0.68098,0.5254,0.58526,0.27555,3.75121,0.48066,0.60927,0.00150291,0.00150291,0.00150291
689,1906.79,3.61302,0.49135,0.61523,0.67741,0.521,0.58041,0.26927,3.82376,0.48705,0.6113,0.00149703,0.00149703,0.00149703
690,1909.58,3.95911,0.5325,0.64484,0.68365,0.52364,0.58533,0.27414,3.76845,0.48356,0.61,0.00149116,0.00149116,0.00149116
691,1912.31,4.07486,0.55392,0.64674,0.68997,0.52293,0.5853,0.27663,3.74733,0.48136,0.60934,0.00148531,0.00148531,0.00148531
692,1915.19,3.76449,0.51204,0.62649,0.68927,0.52197,0.58379,0.27518,3.74695,0.4812,0.60924,0.00147947,0.00147947,0.00147947
693,1917.95,3.94256,0.51734,0.61542,0.68393,0.52522,0.58786,0.27614,3.75897,0.48457,0.60902,0.00147364,0.00147364,0.00147364
694,1920.73,3.66946,0.50375,0.62164,0.68194,0.52471,0.58596,0.27717,3.73955,0.48494,0.60806,0.00146783,0.00146783,0.00146783
695,1923.51,3.62233,0.50787,0.62809,0.688,0.51991,0.58021,0.2743,3.73719,0.48339,0.60785,0.00146203,0.00146203,0.00146203
696,1926.27,3.54779,0.50591,0.65875,0.68702,0.51803,0.58051,0.27457,3.73535,0.4853,0.60894,0.00145624,0.00145624,0.00145624
697,1928.94,3.48436,0.47922,0.61952,0.68338,0.52153,0.58451,0.27249,3.7743,0.49377,0.60999,0.00145046,0.00145046,0.00145046
698,1931.7,3.80865,0.53007,0.6448,0.68374,0.52457,0.5857,0.27602,3.73301,0.48442,0.60934,0.0014447,0.0014447,0.0014447
699,1934.61,3.70702,0.49517,0.61844,0.69055,0.5208,0.58455,0.27606,3.72695,0.48186,0.60913,0.00143895,0.00143895,0.00143895
700,1937.45,3.81668,0.53046,0.62301,0.6989,0.51529,0.58416,0.27639,3.7363,0.48146,0.60882,0.00143321,0.00143321,0.00143321
701,1940.19,3.54599,0.48839,0.62451,0.70171,0.51642,0.5857,0.27777,3.71369,0.48143,0.60842,0.00142748,0.00142748,0.00142748
702,1943.01,3.55472,0.49123,0.62332,0.6925,0.51539,0.58526,0.276,3.74799,0.48662,0.6092,0.00142177,0.00142177,0.00142177
703,1945.7,3.44719,0.48683,0.62929,0.70844,0.50879,0.5834,0.27605,3.73413,0.48189,0.6095,0.00141607,0.00141607,0.00141607
704,1948.5,3.85379,0.53496,0.64549,0.70892,0.5079,0.58183,0.27395,3.744,0.47976,0.60979,0.00141039,0.00141039,0.00141039
705,1951.26,3.59276,0.50556,0.63088,0.70048,0.51275,0.58473,0.27648,3.72919,0.48168,0.60873,0.00140471,0.00140471,0.00140471
706,1953.99,3.41991,0.4896,0.62678,0.68914,0.52073,0.58776,0.27681,3.7437,0.48127,0.60917,0.00139905,0.00139905,0.00139905
707,1956.73,3.56384,0.50695,0.64735,0.68516,0.52293,0.58517,0.27796,3.72231,0.47853,0.60892,0.00139341,0.00139341,0.00139341
708,1959.6,3.92162,0.55705,0.64605,0.69147,0.52361,0.58836,0.27883,3.70544,0.47712,0.6084,0.00138778,0.00138778,0.00138778
709,1962.31,3.59128,0.50533,0.6203,0.69836,0.51455,0.58421,0.27676,3.71714,0.4773,0.6089,0.00138216,0.00138216,0.00138216
710,1965.23,3.83904,0.51189,0.61592,0.69129,0.52114,0.58622,0.27745,3.72484,0.47732,0.60803,0.00137655,0.00137655,0.00137655
711,1967.87,3.59735,0.49945,0.63882,0.68414,0.51949,0.58465,0.27554,3.76416,0.48157,0.60891,0.00137096,0.00137096,0.00137096
712,1970.65,3.68728,0.51438,0.64604,0.68723,0.51949,0.58564,0.27581,3.76048,0.48247,0.60893,0.00136538,0.00136538,0.00136538
713,1973.37,3.42493,0.47325,0.6217,0.69434,0.51936,0.586,0.27802,3.72235,0.47717,0.60791,0.00135982,0.00135982,0.00135982
714,1976.12,3.85402,0.51774,0.62542,0.69257,0.52762,0.59109,0.2791,3.72336,0.48,0.60796,0.00135426,0.00135426,0.00135426
715,1978.83,3.53776,0.50244,0.62897,0.69038,0.5221,0.58769,0.27715,3.74223,0.48264,0.60804,0.00134873,0.00134873,0.00134873
716,1981.54,3.72993,0.50704,0.64156,0.69477,0.51963,0.58735,0.27849,3.74363,0.48433,0.60818,0.0013432,0.0013432,0.0013432
717,1984.32,3.50175,0.49938,0.63136,0.69693,0.51743,0.58587,0.27968,3.7199,0.48104,0.60844,0.00133769,0.00133769,0.00133769
718,1987.12,3.79689,0.51557,0.62521,0.68859,0.52293,0.58798,0.27842,3.74894,0.48364,0.60863,0.0013322,0.0013322,0.0013322
719,1989.92,3.85574,0.50925,0.6107,0.69066,0.52224,0.58881,0.27567,3.7783,0.48529,0.60879,0.00132672,0.00132672,0.00132672
720,1992.69,3.79145,0.51949,0.62153,0.69576,0.52595,0.59164,0.28172,3.70725,0.47674,0.60809,0.00132125,0.00132125,0.00132125
721,1995.5,3.40536,0.46712,0.6228,0.70086,0.52172,0.58734,0.2787,3.72143,0.47527,0.60894,0.0013158,0.0013158,0.0013158
722,1998.28,3.66881,0.50587,0.63658,0.69919,0.51663,0.58632,0.27871,3.70544,0.47792,0.60845,0.00131036,0.00131036,0.00131036
723,2000.98,3.58878,0.49715,0.62521,0.69908,0.51318,0.58258,0.27817,3.73382,0.4784,0.60937,0.00130493,0.00130493,0.00130493
724,2003.88,3.70946,0.53638,0.63936,0.6911,0.51936,0.58518,0.27804,3.7301,0.47629,0.60806,0.00129952,0.00129952,0.00129952
725,2006.57,3.70875,0.50587,0.62898,0.6852,0.52263,0.58597,0.28013,3.70472,0.47616,0.60712,0.00129412,0.00129412,0.00129412
726,2009.35,3.64104,0.49561,0.61388,0.68338,0.52685,0.58918,0.28116,3.69943,0.47614,0.60726,0.00128874,0.00128874,0.00128874
727,2012.07,3.48626,0.49392,0.63367,0.68639,0.52705,0.58935,0.2807,3.70231,0.47654,0.60735,0.00128337,0.00128337,0.00128337
728,2014.84,3.55318,0.4841,0.62294,0.68012,0.53067,0.58853,0.28122,3.69413,0.47566,0.60733,0.00127802,0.00127802,0.00127802
729,2017.52,3.79245,0.56229,0.64604,0.67908,0.52929,0.58732,0.28071,3.7106,0.47573,0.60759,0.00127268,0.00127268,0.00127268
730,2020.33,3.68533,0.52079,0.67417,0.68635,0.52705,0.58968,0.28056,3.71681,0.47871,0.60786,0.00126736,0.00126736,0.00126736
731,2023.06,3.60503,0.49821,0.62266,0.69441,0.52293,0.58981,0.28299,3.694,0.47617,0.60778,0.00126205,0.00126205,0.00126205
732,2025.93,3.3084,0.4551,0.60535,0.69371,0.52677,0.59173,0.28359,3.6924,0.47572,0.60732,0.00125675,0.00125675,0.00125675
733,2028.68,3.9772,0.54227,0.65815,0.68967,0.52636,0.59103,0.28183,3.71125,0.47784,0.60761,0.00125147,0.00125147,0.00125147
734,2031.48,3.69397,0.49341,0.61489,0.68211,0.52465,0.58952,0.27686,3.75286,0.48264,0.60785,0.00124621,0.00124621,0.00124621
735,2034.24,3.59995,0.49278,0.63469,0.68899,0.52787,0.5915,0.28134,3.69681,0.47762,0.60671,0.00124096,0.00124096,0.00124096
736,2037.05,3.5539,0.49363,0.63194,0.69519,0.52814,0.59285,0.28243,3.69901,0.47764,0.60649,0.00123572,0.00123572,0.00123572
737,2039.71,3.55783,0.50069,0.62535,0.68691,0.52289,0.59048,0.27979,3.72815,0.48153,0.60698,0.0012305,0.0012305,0.0012305
738,2042.53,3.69908,0.54803,0.63753,0.69621,0.51945,0.59144,0.27444,3.76963,0.48377,0.60835,0.0012253,0.0012253,0.0012253
739,2045.3,3.41151,0.4839,0.62399,0.694,0.52466,0.59376,0.28057,3.71111,0.4787,0.60729,0.0012201,0.0012201,0.0012201
740,2048.06,3.56432,0.48341,0.62927,0.69483,0.52389,0.59121,0.28201,3.6918,0.4741,0.60708,0.00121493,0.00121493,0.00121493
741,2051.05,3.49061,0.4738,0.60875,0.69305,0.52356,0.59223,0.28065,3.70511,0.47744,0.60686,0.00120977,0.00120977,0.00120977
742,2053.86,3.68333,0.50524,0.62776,0.70212,0.52098,0.59344,0.2817,3.68258,0.47365,0.60626,0.00120462,0.00120462,0.00120462
743,2056.59,3.66354,0.50491,0.62507,0.69824,0.51779,0.58661,0.2802,3.69748,0.47433,0.60684,0.00119949,0.00119949,0.00119949
744,2059.37,3.43324,0.50141,0.63529,0.70178,0.52032,0.59071,0.28353,3.68006,0.47362,0.60623,0.00119438,0.00119438,0.00119438
745,2062.02,3.58643,0.49362,0.63605,0.69897,0.52375,0.59426,0.28157,3.70889,0.47673,0.60656,0.00118928,0.00118928,0.00118928
746,2064.91,3.4818,0.48242,0.61549,0.69053,0.52663,0.59028,0.27999,3.72927,0.47893,0.60766,0.0011842,0.0011842,0.0011842
747,2067.66,3.71511,0.52308,0.64561,0.69299,0.52897,0.59111,0.28366,3.67749,0.47329,0.60673,0.00117913,0.00117913,0.00117913
748,2070.52,3.56713,0.50349,0.64751,0.69515,0.52593,0.59157,0.28355,3.68084,0.47282,0.60679,0.00117407,0.00117407,0.00117407
749,2073.2,3.53592,0.49203,0.61231,0.68592,0.5265,0.59057,0.28228,3.71108,0.47535,0.60736,0.00116904,0.00116904,0.00116904
750,2076.03,3.74689,0.53098,0.64457,0.6963,0.53038,0.59592,0.28383,3.70228,0.47691,0.60688,0.00116402,0.00116402,0.00116402
751,2078.89,3.76322,0.52829,0.62796,0.69827,0.52814,0.59477,0.28434,3.68468,0.47514,0.60676,0.00115901,0.00115901,0.00115901
752,2081.82,3.75307,0.51713,0.63834,0.70151,0.52462,0.59502,0.28316,3.69533,0.47661,0.60758,0.00115402,0.00115402,0.00115402
753,2084.6,3.63704,0.51855,0.61327,0.69427,0.52279,0.59186,0.27662,3.77353,0.48532,0.60883,0.00114904,0.00114904,0.00114904
754,2087.36,3.71281,0.50701,0.61663,0.70121,0.5254,0.59655,0.2841,3.69751,0.47951,0.60741,0.00114409,0.00114409,0.00114409
755,2090.16,3.69172,0.50902,0.64319,0.70322,0.5173,0.58711,0.28138,3.68974,0.47505,0.60828,0.00113914,0.00113914,0.00113914
756,2093.13,3.46391,0.47245,0.6163,0.70566,0.52155,0.59062,0.28159,3.68277,0.4748,0.60801,0.00113422,0.00113422,0.00113422
757,2095.87,3.35411,0.46665,0.63063,0.70531,0.52605,0.59635,0.28541,3.67261,0.47695,0.60703,0.0011293,0.0011293,0.0011293
758,2098.7,3.55401,0.48516,0.61961,0.696,0.5254,0.59215,0.28206,3.69704,0.48015,0.60724,0.00112441,0.00112441,0.00112441
759,2101.45,3.52602,0.48509,0.62624,0.69743,0.52416,0.59175,0.28353,3.67296,0.47647,0.6069,0.00111953,0.00111953,0.00111953
760,2104.27,3.56331,0.49964,0.62684,0.6962,0.52403,0.59161,0.28117,3.69471,0.47868,0.60696,0.00111467,0.00111467,0.00111467
761,2107.04,3.8702,0.53383,0.62699,0.69468,0.52746,0.59392,0.28295,3.68212,0.47584,0.60694,0.00110982,0.00110982,0.00110982
762,2109.81,3.77957,0.5251,0.64167,0.68185,0.52373,0.58865,0.27513,3.76226,0.48239,0.60895,0.00110499,0.00110499,0.00110499
763,2112.49,3.63784,0.48293,0.60491,0.69,0.52471,0.59082,0.27954,3.69918,0.4771,0.60744,0.00110018,0.00110018,0.00110018
764,2115.3,3.53217,0.49253,0.60683,0.69663,0.52759,0.5944,0.28227,3.68874,0.47403,0.60684,0.00109538,0.00109538,0.00109538
765,2118.01,3.64226,0.49582,0.62526,0.6936,0.52551,0.59189,0.28313,3.67194,0.47104,0.60707,0.0010906,0.0010906,0.0010906
766,2120.74,3.64482,0.48404,0.61617,0.69821,0.52471,0.59319,0.2843,3.66646,0.47232,0.60642,0.00108583,0.00108583,0.00108583
767,2123.5,3.78879,0.49699,0.63014,0.69509,0.52814,0.59505,0.28355,3.68598,0.47405,0.60636,0.00108108,0.00108108,0.00108108
768,2126.24,3.5774,0.47615,0.61151,0.69998,0.52814,0.59582,0.28591,3.66904,0.47215,0.60606,0.00107635,0.00107635,0.00107635
769,2128.95,3.73717,0.51728,0.63514,0.69868,0.52224,0.58883,0.2813,3.69347,0.47268,0.60688,0.00107163,0.00107163,0.00107163
770,2131.75,3.52816,0.49803,0.63177,0.70093,0.52403,0.59286,0.28277,3.68762,0.47335,0.60697,0.00106693,0.00106693,0.00106693
771,2134.53,3.44639,0.4804,0.63212,0.69365,0.52657,0.5936,0.28346,3.68849,0.47429,0.6065,0.00106225,0.00106225,0.00106225
772,2137.4,3.71662,0.50694,0.62083,0.70112,0.52087,0.59135,0.28401,3.66965,0.47248,0.60648,0.00105758,0.00105758,0.00105758
773,2140.09,3.57977,0.47848,0.63359,0.70277,0.51414,0.58413,0.27928,3.70738,0.47388,0.60761,0.00105293,0.00105293,0.00105293
774,2142.96,3.55871,0.48879,0.60837,0.70071,0.52526,0.59314,0.28512,3.66421,0.47324,0.60637,0.0010483,0.0010483,0.0010483
775,2145.79,3.68561,0.49098,0.62137,0.69706,0.52856,0.59547,0.28591,3.66558,0.47182,0.60605,0.00104369,0.00104369,0.00104369
776,2148.51,3.50309,0.48548,0.61822,0.69673,0.52704,0.5938,0.28464,3.67227,0.47114,0.6061,0.00103909,0.00103909,0.00103909
777,2151.29,3.70407,0.497,0.64095,0.6995,0.52856,0.59514,0.28466,3.66261,0.46893,0.60575,0.0010345,0.0010345,0.0010345
778,2154.05,3.46072,0.48496,0.61796,0.70069,0.52924,0.59572,0.28346,3.67184,0.46979,0.60575,0.00102994,0.00102994,0.00102994
779,2156.77,3.59942,0.50624,0.63748,0.70053,0.52869,0.59544,0.2834,3.65709,0.46964,0.60556,0.00102539,0.00102539,0.00102539
780,2159.6,3.49323,0.50884,0.64057,0.69738,0.5324,0.5961,0.28572,3.64993,0.46941,0.60564,0.00102086,0.00102086,0.00102086
781,2162.39,3.78419,0.50837,0.62732,0.6939,0.53062,0.59545,0.28389,3.66433,0.46969,0.60592,0.00101635,0.00101635,0.00101635
782,2165.17,3.64159,0.50893,0.64019,0.6942,0.53267,0.59554,0.2853,3.66419,0.46974,0.60598,0.00101185,0.00101185,0.00101185
783,2167.79,3.46981,0.47306,0.62608,0.6957,0.53421,0.59699,0.28619,3.64989,0.46847,0.60595,0.00100737,0.00100737,0.00100737
784,2170.64,3.50546,0.49283,0.61971,0.69665,0.53336,0.59634,0.28588,3.65983,0.4694,0.60594,0.00100291,0.00100291,0.00100291
785,2173.79,3.80954,0.52395,0.62647,0.69881,0.53254,0.59744,0.28576,3.65765,0.46911,0.60536,0.00099846,0.00099846,0.00099846
786,2176.56,3.50394,0.46861,0.61857,0.69391,0.52636,0.59245,0.2855,3.65935,0.46782,0.60492,0.000994032,0.000994032,0.000994032
787,2179.31,3.68653,0.51244,0.62991,0.69442,0.5313,0.59691,0.28754,3.65041,0.46788,0.60437,0.000989621,0.000989621,0.000989621
788,2182.18,3.65342,0.50996,0.63812,0.69448,0.53302,0.59648,0.28706,3.64914,0.46799,0.6048,0.000985227,0.000985227,0.000985227
789,2184.92,3.58405,0.48885,0.63243,0.69246,0.53138,0.5963,0.28565,3.66586,0.46961,0.60531,0.000980851,0.000980851,0.000980851
790,2187.65,3.56736,0.49517,0.64304,0.69258,0.53167,0.59577,0.28683,3.65303,0.46917,0.60494,0.000976492,0.000976492,0.000976492
791,2190.41,3.60837,0.5002,0.62252,0.69266,0.52869,0.59347,0.28444,3.67698,0.47173,0.60519,0.000972151,0.000972151,0.000972151
792,2193.34,3.69158,0.52106,0.62984,0.69738,0.52614,0.5954,0.28596,3.65997,0.46933,0.60445,0.000967828,0.000967828,0.000967828
793,2196.02,3.35264,0.46731,0.62802,0.69665,0.52809,0.59579,0.28729,3.65005,0.46887,0.60428,0.000963522,0.000963522,0.000963522
794,2198.81,3.6158,0.50864,0.63608,0.69993,0.52622,0.59653,0.28561,3.6565,0.4682,0.60544,0.000959233,0.000959233,0.000959233
795,2201.58,3.61759,0.50244,0.62461,0.69354,0.52485,0.59373,0.28557,3.66285,0.46878,0.60523,0.000954963,0.000954963,0.000954963
796,2204.46,3.3275,0.47888,0.60929,0.69643,0.52597,0.59748,0.28561,3.67057,0.46926,0.60559,0.00095071,0.00095071,0.00095071
797,2207.19,3.71674,0.50996,0.63457,0.69562,0.52773,0.59701,0.28694,3.65688,0.46753,0.60557,0.000946474,0.000946474,0.000946474
798,2209.97,3.51317,0.48277,0.62133,0.69811,0.52891,0.5989,0.28729,3.65334,0.46897,0.60542,0.000942257,0.000942257,0.000942257
799,2212.8,3.7331,0.51432,0.62801,0.69684,0.53111,0.59989,0.28724,3.65816,0.47015,0.60527,0.000938057,0.000938057,0.000938057
800,2215.56,3.56663,0.4918,0.63137,0.70164,0.52677,0.59971,0.28764,3.65183,0.46984,0.60527,0.000933876,0.000933876,0.000933876
801,2218.31,3.58462,0.49352,0.62393,0.7033,0.52492,0.59661,0.28793,3.65249,0.46796,0.60518,0.000929712,0.000929712,0.000929712
802,2221.09,3.50923,0.46913,0.61646,0.70012,0.52374,0.59463,0.28668,3.65557,0.46775,0.60552,0.000925566,0.000925566,0.000925566
803,2223.79,3.55958,0.49671,0.63009,0.69078,0.52869,0.59316,0.28691,3.65587,0.46765,0.60542,0.000921438,0.000921438,0.000921438
804,2226.55,3.63478,0.48213,0.62521,0.69689,0.53092,0.59742,0.28671,3.65575,0.46717,0.60544,0.000917328,0.000917328,0.000917328
805,2229.28,3.64559,0.4959,0.61399,0.69909,0.53281,0.59942,0.28617,3.67251,0.46857,0.60577,0.000913237,0.000913237,0.000913237
806,2232.12,3.75703,0.51216,0.6265,0.6975,0.53199,0.6004,0.2871,3.6639,0.46957,0.60533,0.000909163,0.000909163,0.000909163
807,2234.97,3.60047,0.4931,0.62096,0.70131,0.53103,0.59976,0.28838,3.6468,0.46882,0.60496,0.000905108,0.000905108,0.000905108
808,2237.8,3.49858,0.50927,0.64538,0.70296,0.52897,0.59857,0.28807,3.6482,0.46974,0.6049,0.000901071,0.000901071,0.000901071
809,2240.55,3.67826,0.49622,0.6156,0.69712,0.52773,0.59651,0.28605,3.67493,0.47202,0.60513,0.000897052,0.000897052,0.000897052
810,2243.31,3.45988,0.46852,0.62564,0.69737,0.52926,0.59796,0.28559,3.68486,0.47201,0.60548,0.000893051,0.000893051,0.000893051
811,2246.12,3.55094,0.49055,0.62,0.69567,0.5335,0.59957,0.28796,3.6609,0.46886,0.6052,0.000889069,0.000889069,0.000889069
812,2248.78,3.4594,0.47607,0.61739,0.69858,0.53089,0.5969,0.2869,3.65026,0.46772,0.60442,0.000885105,0.000885105,0.000885105
813,2251.61,3.75279,0.52383,0.63438,0.69569,0.52965,0.59619,0.28772,3.65609,0.46833,0.60445,0.000881159,0.000881159,0.000881159
814,2254.39,3.5342,0.48758,0.63264,0.69325,0.53322,0.59783,0.28786,3.65025,0.47173,0.60464,0.000877232,0.000877232,0.000877232
815,2257.09,3.26457,0.45469,0.60611,0.698,0.52883,0.59672,0.28801,3.64554,0.46967,0.60434,0.000873324,0.000873324,0.000873324
816,2259.93,3.77686,0.52337,0.63023,0.69732,0.52759,0.5972,0.28795,3.64822,0.46987,0.60478,0.000869433,0.000869433,0.000869433
817,2262.64,3.78623,0.52416,0.61846,0.69987,0.52732,0.59639,0.28677,3.6471,0.47,0.60476,0.000865562,0.000865562,0.000865562
818,2265.61,3.52081,0.48231,0.61125,0.70241,0.5254,0.59629,0.2874,3.64306,0.46705,0.60464,0.000861709,0.000861709,0.000861709
819,2268.33,3.42004,0.49045,0.62562,0.70138,0.52224,0.59321,0.28698,3.6384,0.46549,0.60484,0.000857875,0.000857875,0.000857875
820,2271.06,3.37105,0.46984,0.63586,0.70385,0.52801,0.59644,0.28896,3.62074,0.46405,0.60433,0.000854059,0.000854059,0.000854059
821,2273.84,3.74872,0.50928,0.64776,0.7002,0.52905,0.59741,0.28917,3.62682,0.46457,0.60436,0.000850262,0.000850262,0.000850262
822,2276.62,3.44704,0.49032,0.62358,0.70297,0.52924,0.59889,0.29161,3.61245,0.46424,0.60414,0.000846484,0.000846484,0.000846484
823,2279.3,3.6257,0.49346,0.63245,0.70218,0.52897,0.59773,0.28936,3.61783,0.4643,0.60458,0.000842725,0.000842725,0.000842725
824,2282.06,3.18542,0.47828,0.64547,0.69937,0.5313,0.59809,0.28978,3.62534,0.46562,0.60465,0.000838984,0.000838984,0.000838984
825,2284.79,3.72326,0.50836,0.63388,0.69686,0.52979,0.59817,0.28985,3.64262,0.46813,0.60521,0.000835262,0.000835262,0.000835262
826,2287.56,3.52597,0.48174,0.6208,0.69917,0.52979,0.5983,0.29069,3.62701,0.46568,0.60476,0.00083156,0.00083156,0.00083156
827,2290.35,3.8856,0.51104,0.62703,0.69639,0.5313,0.59735,0.29077,3.62425,0.4652,0.60475,0.000827876,0.000827876,0.000827876
828,2293.13,3.56812,0.50254,0.64959,0.69705,0.52879,0.59606,0.28908,3.62962,0.46692,0.60471,0.000824211,0.000824211,0.000824211
829,2296.24,3.71057,0.50248,0.62714,0.69854,0.53322,0.59924,0.28982,3.62908,0.46486,0.60448,0.000820565,0.000820565,0.000820565
830,2298.98,3.43774,0.46686,0.61535,0.69717,0.53075,0.59578,0.29115,3.6105,0.46342,0.60408,0.000816938,0.000816938,0.000816938
831,2301.77,3.64506,0.48538,0.62698,0.69849,0.52938,0.59484,0.29116,3.61276,0.46316,0.60419,0.00081333,0.00081333,0.00081333
832,2304.66,3.71646,0.52819,0.64068,0.69602,0.53542,0.60033,0.29032,3.62014,0.46401,0.60414,0.000809742,0.000809742,0.000809742
833,2307.47,3.49696,0.47079,0.63663,0.69561,0.53335,0.59875,0.28992,3.61967,0.46409,0.60399,0.000806172,0.000806172,0.000806172
834,2310.27,3.47246,0.50534,0.62496,0.69609,0.53254,0.5998,0.2912,3.6159,0.46249,0.60393,0.000802622,0.000802622,0.000802622
835,2312.97,3.66442,0.50453,0.63685,0.69484,0.53266,0.59563,0.28975,3.61458,0.46251,0.60378,0.000799091,0.000799091,0.000799091
836,2315.66,3.60942,0.49305,0.61203,0.69505,0.53418,0.59981,0.28699,3.67045,0.46865,0.6049,0.000795579,0.000795579,0.000795579
837,2318.41,3.83764,0.51482,0.61848,0.69404,0.53377,0.6005,0.28837,3.63739,0.46723,0.60428,0.000792087,0.000792087,0.000792087
838,2321.17,3.44491,0.48044,0.62661,0.69699,0.53281,0.60019,0.28962,3.61817,0.46479,0.60392,0.000788613,0.000788613,0.000788613
839,2323.91,3.49606,0.47136,0.60741,0.697,0.53309,0.60103,0.28905,3.63244,0.46524,0.60414,0.000785159,0.000785159,0.000785159
840,2326.81,3.68635,0.48963,0.61359,0.7001,0.53169,0.60072,0.28758,3.6398,0.46664,0.60393,0.000781725,0.000781725,0.000781725
841,2329.5,3.40222,0.46847,0.62135,0.69996,0.53034,0.59661,0.28768,3.62328,0.46552,0.6038,0.00077831,0.00077831,0.00077831
842,2332.25,3.45744,0.47869,0.61285,0.69538,0.53377,0.59866,0.28829,3.6296,0.46745,0.60363,0.000774914,0.000774914,0.000774914
843,2334.96,3.74303,0.50659,0.61643,0.69904,0.5346,0.59872,0.28873,3.61675,0.46546,0.60325,0.000771538,0.000771538,0.000771538
844,2337.74,3.58437,0.49227,0.59933,0.6973,0.53309,0.59743,0.28907,3.61593,0.46572,0.60371,0.000768182,0.000768182,0.000768182
845,2340.48,3.61439,0.52564,0.6461,0.70171,0.53569,0.59907,0.29014,3.6108,0.46453,0.60351,0.000764845,0.000764845,0.000764845
846,2343.21,3.30111,0.45957,0.6084,0.70125,0.53597,0.60001,0.29154,3.6035,0.46522,0.60319,0.000761527,0.000761527,0.000761527
847,2345.98,3.60098,0.49514,0.62097,0.70561,0.53418,0.59858,0.2903,3.60852,0.46605,0.60316,0.00075823,0.00075823,0.00075823
848,2348.73,3.66782,0.50762,0.63648,0.70004,0.53062,0.59747,0.29108,3.60876,0.46685,0.60349,0.000754951,0.000754951,0.000754951
849,2351.51,3.53981,0.49668,0.61852,0.69859,0.52924,0.59711,0.29098,3.61315,0.46851,0.60369,0.000751693,0.000751693,0.000751693
850,2354.3,3.32149,0.45842,0.60894,0.69593,0.53144,0.598,0.29056,3.61057,0.46936,0.6034,0.000748454,0.000748454,0.000748454
851,2357.16,3.3056,0.46203,0.61998,0.69851,0.53087,0.59888,0.29089,3.608,0.46801,0.60386,0.000745235,0.000745235,0.000745235
852,2360.04,3.57888,0.50253,0.64098,0.6991,0.53076,0.59817,0.29056,3.60465,0.46912,0.60381,0.000742036,0.000742036,0.000742036
853,2362.71,3.46251,0.49341,0.62021,0.69934,0.52993,0.59866,0.29105,3.61394,0.47134,0.60373,0.000738857,0.000738857,0.000738857
854,2365.47,3.51013,0.47811,0.6157,0.69974,0.53399,0.60089,0.29099,3.62215,0.46867,0.60314,0.000735697,0.000735697,0.000735697
855,2368.24,3.47512,0.49305,0.62012,0.69793,0.53501,0.60114,0.29196,3.5979,0.46537,0.60277,0.000732558,0.000732558,0.000732558
856,2371.02,3.56869,0.47292,0.62422,0.69903,0.53281,0.59929,0.29154,3.5982,0.46374,0.60246,0.000729438,0.000729438,0.000729438
857,2373.72,3.91118,0.53331,0.62748,0.70268,0.53116,0.59974,0.29042,3.59661,0.46205,0.60259,0.000726338,0.000726338,0.000726338
858,2376.49,3.73144,0.48627,0.6275,0.70071,0.52554,0.59275,0.28952,3.59762,0.46282,0.6025,0.000723258,0.000723258,0.000723258
859,2379.22,3.28321,0.49051,0.60408,0.69618,0.53071,0.59234,0.28781,3.60211,0.46383,0.60287,0.000720199,0.000720199,0.000720199
860,2382.13,3.53879,0.49638,0.65175,0.70016,0.52663,0.58987,0.28644,3.61757,0.46398,0.60393,0.000717159,0.000717159,0.000717159
861,2384.88,3.33799,0.47116,0.61275,0.69471,0.53309,0.59529,0.2888,3.59762,0.46168,0.60336,0.000714139,0.000714139,0.000714139
862,2387.74,3.30154,0.47486,0.62939,0.69829,0.53116,0.59517,0.28847,3.61608,0.46327,0.60423,0.00071114,0.00071114,0.00071114
863,2390.51,3.81882,0.52843,0.63771,0.69858,0.52965,0.5964,0.28752,3.6276,0.46756,0.6044,0.00070816,0.00070816,0.00070816
864,2393.31,3.41966,0.48195,0.62651,0.70331,0.53116,0.59878,0.29006,3.60627,0.4654,0.60346,0.000705201,0.000705201,0.000705201
865,2395.98,3.50156,0.49054,0.62789,0.70075,0.53418,0.59972,0.29064,3.60506,0.46539,0.60336,0.000702262,0.000702262,0.000702262
866,2398.76,3.51999,0.48873,0.62166,0.70649,0.53138,0.60277,0.2917,3.60425,0.46418,0.60294,0.000699343,0.000699343,0.000699343
867,2401.46,3.38953,0.46314,0.6199,0.70174,0.53295,0.60092,0.29158,3.60424,0.4631,0.60324,0.000696444,0.000696444,0.000696444
868,2404.19,3.55173,0.49701,0.63247,0.69913,0.53048,0.60081,0.29109,3.6045,0.46329,0.6036,0.000693565,0.000693565,0.000693565
869,2407.25,3.4772,0.46591,0.62214,0.70303,0.53254,0.60373,0.29097,3.61966,0.46484,0.60363,0.000690707,0.000690707,0.000690707
870,2410,3.37662,0.48899,0.62677,0.69791,0.53633,0.60337,0.29149,3.60096,0.46423,0.60372,0.00068787,0.00068787,0.00068787
871,2412.68,3.44168,0.48387,0.61802,0.69991,0.53634,0.60331,0.2927,3.59202,0.46314,0.60372,0.000685052,0.000685052,0.000685052
872,2415.44,3.66748,0.51459,0.64156,0.7023,0.53528,0.60289,0.29243,3.59026,0.46246,0.60364,0.000682255,0.000682255,0.000682255
873,2418.19,3.65161,0.50501,0.63181,0.70274,0.53515,0.60306,0.29238,3.58903,0.46093,0.60333,0.000679478,0.000679478,0.000679478
874,2421.07,3.63278,0.48357,0.63854,0.70302,0.53295,0.60056,0.2927,3.57763,0.46022,0.60321,0.000676722,0.000676722,0.000676722
875,2423.81,3.78924,0.51187,0.63998,0.70149,0.5333,0.60068,0.29353,3.57903,0.45994,0.60325,0.000673986,0.000673986,0.000673986
876,2426.59,3.60566,0.49265,0.62454,0.70605,0.53123,0.59685,0.29042,3.60375,0.46241,0.60353,0.000671271,0.000671271,0.000671271
877,2429.32,3.48116,0.4899,0.63322,0.70625,0.53275,0.59999,0.29218,3.59206,0.46143,0.60332,0.000668576,0.000668576,0.000668576
878,2432.09,3.57849,0.49191,0.61675,0.69853,0.53707,0.60022,0.29347,3.58642,0.46037,0.60312,0.000665902,0.000665902,0.000665902
879,2434.79,3.61935,0.50793,0.64659,0.70146,0.53501,0.59953,0.29315,3.59018,0.46121,0.60324,0.000663248,0.000663248,0.000663248
880,2437.54,3.41326,0.45294,0.60921,0.69991,0.5346,0.60059,0.29332,3.5894,0.46112,0.60298,0.000660615,0.000660615,0.000660615
881,2440.26,3.45554,0.47201,0.61191,0.7039,0.53281,0.60115,0.29213,3.59438,0.46248,0.603,0.000658003,0.000658003,0.000658003
882,2443.09,3.68594,0.5111,0.65305,0.70045,0.53487,0.60172,0.29221,3.59521,0.46245,0.60297,0.000655411,0.000655411,0.000655411
883,2445.83,3.74271,0.51921,0.64017,0.69967,0.53956,0.60199,0.29273,3.59455,0.4626,0.60286,0.00065284,0.00065284,0.00065284
884,2448.73,3.71243,0.51105,0.63299,0.70362,0.53954,0.60479,0.29269,3.59768,0.46345,0.60339,0.00065029,0.00065029,0.00065029
885,2451.47,3.53516,0.49377,0.62257,0.70208,0.53569,0.60317,0.29252,3.59263,0.46356,0.60338,0.00064776,0.00064776,0.00064776
886,2454.23,3.62923,0.4951,0.62582,0.7001,0.53779,0.60373,0.29038,3.6112,0.46423,0.6038,0.000645251,0.000645251,0.000645251
887,2456.97,3.65457,0.50283,0.63058,0.70135,0.53748,0.60275,0.29301,3.58795,0.46266,0.60351,0.000642763,0.000642763,0.000642763
888,2459.78,3.33751,0.4751,0.61311,0.70467,0.53569,0.60236,0.29392,3.58907,0.4609,0.60321,0.000640295,0.000640295,0.000640295
889,2462.42,3.33871,0.48378,0.63302,0.70222,0.53995,0.60361,0.29352,3.58668,0.45889,0.60294,0.000637849,0.000637849,0.000637849
890,2465.2,3.56183,0.48154,0.61988,0.70359,0.5394,0.60353,0.2939,3.58101,0.45909,0.60273,0.000635423,0.000635423,0.000635423
891,2467.94,3.53844,0.47155,0.61353,0.70497,0.53733,0.60458,0.29416,3.57676,0.45949,0.60247,0.000633018,0.000633018,0.000633018
892,2470.81,3.50446,0.49337,0.63466,0.70427,0.53762,0.60418,0.29279,3.58449,0.4594,0.60276,0.000630634,0.000630634,0.000630634
893,2473.52,3.59783,0.49584,0.61343,0.70226,0.53751,0.60389,0.29381,3.5833,0.45888,0.60293,0.000628271,0.000628271,0.000628271
894,2476.35,3.24449,0.47448,0.61804,0.70155,0.53248,0.60137,0.292,3.60208,0.46039,0.60293,0.000625929,0.000625929,0.000625929
895,2479.16,3.50638,0.4709,0.61403,0.69712,0.53432,0.6014,0.2893,3.65147,0.46427,0.60375,0.000623608,0.000623608,0.000623608
896,2481.91,3.4304,0.48907,0.63623,0.69773,0.53624,0.60325,0.29161,3.6157,0.46102,0.6028,0.000621308,0.000621308,0.000621308
897,2484.72,3.52878,0.48859,0.60868,0.69752,0.53583,0.60434,0.29076,3.61968,0.46165,0.60298,0.000619029,0.000619029,0.000619029
898,2487.58,3.44574,0.48251,0.6318,0.69734,0.53646,0.60276,0.29242,3.59421,0.45918,0.60201,0.000616771,0.000616771,0.000616771
899,2490.35,3.57074,0.50807,0.64569,0.69705,0.53624,0.60261,0.29408,3.58064,0.45819,0.60179,0.000614534,0.000614534,0.000614534
900,2493.17,3.81551,0.53234,0.62766,0.70201,0.53515,0.60094,0.29363,3.5807,0.45789,0.60209,0.000612318,0.000612318,0.000612318
901,2495.93,3.46296,0.48379,0.62057,0.70098,0.53715,0.60292,0.29337,3.59345,0.45862,0.60241,0.000610123,0.000610123,0.000610123
902,2498.68,3.39368,0.48642,0.64226,0.7025,0.53405,0.60245,0.29364,3.57864,0.45859,0.60248,0.000607949,0.000607949,0.000607949
903,2501.4,3.60191,0.47756,0.61336,0.70252,0.53366,0.60255,0.29367,3.58124,0.45926,0.60247,0.000605796,0.000605796,0.000605796
904,2504.14,3.52789,0.50684,0.64663,0.70436,0.53322,0.6019,0.294,3.57581,0.45963,0.60226,0.000603665,0.000603665,0.000603665
905,2506.81,3.41249,0.47553,0.61267,0.70251,0.53432,0.60258,0.29398,3.58091,0.46011,0.6019,0.000601555,0.000601555,0.000601555
906,2509.6,3.64538,0.5067,0.63342,0.70126,0.53405,0.60287,0.29358,3.59081,0.46187,0.60186,0.000599466,0.000599466,0.000599466
907,2512.44,3.50976,0.46537,0.6138,0.70385,0.53515,0.6038,0.29377,3.59743,0.46255,0.60199,0.000597398,0.000597398,0.000597398
908,2515.2,3.23371,0.45789,0.608,0.70308,0.53515,0.6031,0.29474,3.57868,0.46112,0.60166,0.000595351,0.000595351,0.000595351
909,2517.96,3.4261,0.48352,0.60805,0.70349,0.53556,0.60204,0.29373,3.58014,0.4597,0.60174,0.000593326,0.000593326,0.000593326
910,2520.91,3.51839,0.48774,0.61671,0.70978,0.53158,0.60116,0.29446,3.57708,0.4584,0.60178,0.000591322,0.000591322,0.000591322
911,2523.59,3.32953,0.47008,0.62173,0.70552,0.53382,0.60255,0.29558,3.56742,0.45817,0.60116,0.000589339,0.000589339,0.000589339
912,2526.39,3.39673,0.46596,0.62019,0.70277,0.53473,0.60207,0.29457,3.56246,0.45743,0.60112,0.000587378,0.000587378,0.000587378
913,2529.13,3.37547,0.47097,0.60873,0.70358,0.53405,0.60051,0.29358,3.57199,0.45829,0.6015,0.000585438,0.000585438,0.000585438
914,2532,3.70034,0.50847,0.63651,0.70428,0.53432,0.60256,0.29404,3.56796,0.45823,0.60151,0.000583519,0.000583519,0.000583519
915,2534.76,3.54007,0.48064,0.62325,0.70487,0.53171,0.60191,0.29501,3.55925,0.45892,0.60126,0.000581622,0.000581622,0.000581622
916,2537.55,3.58279,0.50534,0.64941,0.70124,0.53336,0.60208,0.29463,3.56638,0.45948,0.6014,0.000579746,0.000579746,0.000579746
917,2540.24,3.21368,0.4448,0.61254,0.6987,0.53516,0.60297,0.29361,3.58358,0.46145,0.60212,0.000577891,0.000577891,0.000577891
918,2543.19,3.44153,0.46832,0.61799,0.69988,0.53803,0.60649,0.29223,3.60615,0.46417,0.60244,0.000576058,0.000576058,0.000576058
919,2545.89,3.57138,0.49354,0.61392,0.69902,0.53695,0.60462,0.29349,3.58859,0.46203,0.60207,0.000574247,0.000574247,0.000574247
920,2548.58,3.50472,0.49863,0.62948,0.69845,0.53789,0.60527,0.2944,3.57802,0.4613,0.60183,0.000572457,0.000572457,0.000572457
921,2551.32,3.38577,0.4623,0.62473,0.69678,0.53822,0.60436,0.296,3.56787,0.45968,0.60149,0.000570688,0.000570688,0.000570688
922,2554.11,3.48582,0.48575,0.62086,0.70464,0.53446,0.60403,0.29556,3.56081,0.45808,0.60141,0.000568941,0.000568941,0.000568941
923,2556.82,3.30882,0.47664,0.62802,0.70376,0.53473,0.60455,0.29586,3.5658,0.4588,0.60139,0.000567215,0.000567215,0.000567215
924,2559.63,3.4174,0.47667,0.63158,0.7059,0.53267,0.60499,0.29552,3.58014,0.45984,0.60139,0.000565511,0.000565511,0.000565511
925,2562.29,3.35004,0.48353,0.61701,0.71049,0.53254,0.60502,0.2963,3.57092,0.45928,0.6011,0.000563829,0.000563829,0.000563829
926,2565.11,3.42924,0.4782,0.61514,0.71376,0.52787,0.6031,0.29606,3.56116,0.45891,0.60091,0.000562168,0.000562168,0.000562168
927,2567.87,3.51166,0.48547,0.61106,0.71206,0.53075,0.60465,0.29599,3.56222,0.4591,0.6011,0.000560528,0.000560528,0.000560528
928,2570.65,3.45519,0.47912,0.61404,0.70701,0.53403,0.60441,0.29609,3.5618,0.45832,0.60082,0.000558911,0.000558911,0.000558911
929,2573.47,3.31804,0.46879,0.62044,0.7058,0.53454,0.60568,0.29593,3.56491,0.45846,0.60099,0.000557315,0.000557315,0.000557315
930,2576.31,3.48399,0.47749,0.61967,0.70825,0.53358,0.60405,0.29584,3.5649,0.45852,0.60079,0.00055574,0.00055574,0.00055574
931,2579.09,3.57486,0.4887,0.62205,0.70973,0.53103,0.60228,0.29569,3.56219,0.45802,0.60109,0.000554187,0.000554187,0.000554187
932,2581.8,3.27707,0.4435,0.60873,0.70701,0.5372,0.60404,0.29674,3.55113,0.45695,0.60062,0.000552656,0.000552656,0.000552656
933,2584.53,3.37448,0.45905,0.62407,0.70041,0.54017,0.60448,0.29613,3.55093,0.45651,0.6006,0.000551147,0.000551147,0.000551147
934,2587.55,3.61555,0.49659,0.60301,0.6996,0.54131,0.60486,0.29687,3.54527,0.45605,0.60054,0.000549659,0.000549659,0.000549659
935,2590.36,3.60099,0.47587,0.60807,0.70146,0.54077,0.60448,0.29696,3.53657,0.45566,0.60067,0.000548193,0.000548193,0.000548193
936,2593.21,3.68816,0.48827,0.6185,0.70266,0.53921,0.6044,0.29642,3.53722,0.45543,0.60074,0.000546749,0.000546749,0.000546749
937,2595.98,3.32713,0.46425,0.61194,0.70488,0.53871,0.60609,0.29643,3.54655,0.4554,0.60092,0.000545326,0.000545326,0.000545326
938,2598.85,3.81776,0.49666,0.61655,0.70377,0.53638,0.60533,0.29496,3.56313,0.45625,0.60159,0.000543925,0.000543925,0.000543925
939,2601.64,3.51842,0.47306,0.60508,0.705,0.53874,0.60711,0.29479,3.56481,0.45678,0.60193,0.000542546,0.000542546,0.000542546
940,2604.4,3.49815,0.48608,0.63911,0.70823,0.53858,0.60567,0.2954,3.55695,0.45591,0.60206,0.000541189,0.000541189,0.000541189
941,2607.1,3.69551,0.50018,0.61657,0.70635,0.53695,0.60439,0.29673,3.5476,0.45591,0.60203,0.000539854,0.000539854,0.000539854
942,2609.89,3.66,0.5011,0.64748,0.70621,0.53462,0.60486,0.29667,3.53969,0.45371,0.60173,0.00053854,0.00053854,0.00053854
943,2612.69,3.46964,0.48313,0.60966,0.70385,0.53871,0.60686,0.29615,3.54912,0.45503,0.60166,0.000537248,0.000537248,0.000537248
944,2615.46,3.73166,0.52711,0.63769,0.70562,0.53803,0.60603,0.29643,3.55142,0.45553,0.60149,0.000535978,0.000535978,0.000535978
945,2618.33,3.37663,0.46864,0.60975,0.70384,0.53638,0.60562,0.29686,3.55883,0.45723,0.60141,0.00053473,0.00053473,0.00053473
946,2621.07,3.50498,0.47219,0.61904,0.7039,0.53762,0.60569,0.29593,3.55657,0.45693,0.60118,0.000533504,0.000533504,0.000533504
947,2623.89,3.47993,0.47474,0.63,0.70226,0.53858,0.6049,0.29567,3.55413,0.45684,0.60105,0.0005323,0.0005323,0.0005323
948,2626.66,3.37165,0.46426,0.61253,0.70291,0.53899,0.6064,0.29669,3.55293,0.45531,0.60099,0.000531117,0.000531117,0.000531117
949,2629.37,3.49702,0.48224,0.61882,0.70904,0.53638,0.60598,0.29553,3.55785,0.45536,0.60108,0.000529957,0.000529957,0.000529957
950,2632.16,3.52125,0.47958,0.61309,0.71114,0.53432,0.6047,0.29562,3.55698,0.45515,0.60098,0.000528818,0.000528818,0.000528818
951,2634.87,3.29771,0.45692,0.61937,0.7085,0.5339,0.60229,0.29609,3.55001,0.45511,0.60133,0.000527701,0.000527701,0.000527701
952,2637.64,3.67654,0.4891,0.60947,0.70904,0.53595,0.60585,0.29771,3.54272,0.45481,0.60083,0.000526606,0.000526606,0.000526606
953,2640.44,3.30874,0.47382,0.60914,0.71106,0.53515,0.6046,0.29677,3.54258,0.45419,0.60057,0.000525534,0.000525534,0.000525534
954,2643.18,3.24901,0.45864,0.61605,0.70792,0.53734,0.60677,0.2981,3.54956,0.45529,0.6003,0.000524483,0.000524483,0.000524483
955,2645.94,3.40493,0.47636,0.61922,0.7113,0.53597,0.6068,0.29754,3.55201,0.45527,0.60032,0.000523454,0.000523454,0.000523454
956,2648.76,3.55382,0.48302,0.60919,0.71002,0.5365,0.60702,0.29751,3.54506,0.45565,0.60037,0.000522447,0.000522447,0.000522447
957,2651.49,3.29609,0.45835,0.61767,0.70881,0.53597,0.60754,0.29775,3.54526,0.45616,0.60041,0.000521462,0.000521462,0.000521462
958,2654.3,3.52837,0.47859,0.61298,0.70752,0.53707,0.60853,0.2968,3.55179,0.45738,0.60072,0.000520499,0.000520499,0.000520499
959,2657,3.24633,0.46103,0.62926,0.70605,0.53585,0.60521,0.29693,3.54981,0.45732,0.60064,0.000519558,0.000519558,0.000519558
960,2659.84,3.3023,0.45417,0.61739,0.70927,0.53693,0.60536,0.29631,3.5478,0.45714,0.6009,0.000518639,0.000518639,0.000518639
961,2662.54,3.27964,0.4493,0.61175,0.70786,0.53762,0.60654,0.29734,3.54235,0.45621,0.60077,0.000517742,0.000517742,0.000517742
962,2665.36,3.48639,0.47576,0.62116,0.70969,0.53797,0.60815,0.29733,3.55742,0.45796,0.60081,0.000516867,0.000516867,0.000516867
963,2668.06,3.40659,0.45008,0.60401,0.71134,0.5383,0.60828,0.29698,3.55246,0.45778,0.60087,0.000516014,0.000516014,0.000516014
964,2670.85,3.61174,0.48904,0.59925,0.70943,0.53803,0.608,0.29764,3.54756,0.45739,0.60086,0.000515183,0.000515183,0.000515183
965,2673.66,3.56993,0.46874,0.60884,0.71037,0.53611,0.60661,0.29654,3.5493,0.45746,0.60113,0.000514375,0.000514375,0.000514375
966,2676.45,3.45989,0.47405,0.61528,0.71027,0.53646,0.60678,0.29733,3.54751,0.45697,0.60114,0.000513588,0.000513588,0.000513588
967,2679.38,3.53685,0.47175,0.61689,0.71091,0.53501,0.60617,0.29849,3.53443,0.45529,0.60079,0.000512823,0.000512823,0.000512823
968,2682.25,3.92891,0.52295,0.6126,0.71291,0.53679,0.60719,0.29797,3.53908,0.45532,0.60076,0.000512081,0.000512081,0.000512081
969,2685.02,3.48944,0.47184,0.62396,0.71033,0.53871,0.60683,0.29814,3.53323,0.45496,0.60061,0.00051136,0.00051136,0.00051136
970,2687.85,3.57035,0.47775,0.61727,0.71326,0.53512,0.60573,0.29655,3.53828,0.45572,0.60084,0.000510662,0.000510662,0.000510662
971,2690.55,3.47311,0.46919,0.61522,0.70875,0.53588,0.60642,0.29834,3.54141,0.45646,0.60085,0.000509986,0.000509986,0.000509986
972,2693.39,3.56813,0.48696,0.61449,0.7116,0.53309,0.60769,0.29818,3.55108,0.45817,0.60096,0.000509331,0.000509331,0.000509331
973,2696.11,3.51607,0.47274,0.62473,0.70851,0.5383,0.60994,0.29685,3.56422,0.45924,0.60101,0.000508699,0.000508699,0.000508699
974,2698.89,3.53376,0.48285,0.63092,0.70906,0.53468,0.60706,0.29782,3.5472,0.45703,0.60074,0.000508089,0.000508089,0.000508089
975,2701.59,3.49435,0.47459,0.60832,0.70754,0.5344,0.60677,0.29794,3.54488,0.45729,0.6006,0.000507502,0.000507502,0.000507502
976,2704.44,3.56542,0.47225,0.61879,0.71115,0.5313,0.60363,0.29691,3.53986,0.45508,0.60079,0.000506936,0.000506936,0.000506936
977,2707.28,3.89829,0.52541,0.62559,0.71513,0.53041,0.6056,0.29681,3.52976,0.45438,0.6005,0.000506392,0.000506392,0.000506392
978,2710.02,3.34482,0.45912,0.60991,0.70836,0.53585,0.60622,0.29831,3.52694,0.45453,0.60011,0.000505871,0.000505871,0.000505871
979,2712.77,3.61321,0.5019,0.60579,0.71034,0.53803,0.60786,0.29844,3.53821,0.4552,0.59995,0.000505372,0.000505372,0.000505372
980,2715.58,3.57822,0.48693,0.61176,0.70816,0.536,0.60687,0.29763,3.53778,0.45399,0.59955,0.000504895,0.000504895,0.000504895
981,2718.35,3.59498,0.50112,0.6247,0.71092,0.53309,0.60663,0.29805,3.53362,0.4542,0.59964,0.00050444,0.00050444,0.00050444
982,2721.21,3.37945,0.47371,0.61141,0.71086,0.53668,0.60899,0.29821,3.53163,0.45439,0.59947,0.000504007,0.000504007,0.000504007
983,2723.94,3.46457,0.47378,0.61978,0.7093,0.53583,0.60701,0.29805,3.53163,0.45414,0.59947,0.000503597,0.000503597,0.000503597
984,2726.78,3.64476,0.47257,0.60502,0.70813,0.53527,0.60754,0.29836,3.53833,0.45382,0.59951,0.000503208,0.000503208,0.000503208
985,2729.49,3.21013,0.45254,0.6108,0.70515,0.53734,0.60875,0.29864,3.54303,0.45489,0.59972,0.000502842,0.000502842,0.000502842
986,2732.32,3.35248,0.47659,0.62741,0.70603,0.53515,0.60772,0.29793,3.54508,0.45475,0.60017,0.000502498,0.000502498,0.000502498
987,2735.02,3.15632,0.45081,0.61661,0.70523,0.53446,0.6059,0.29892,3.53732,0.45456,0.6002,0.000502176,0.000502176,0.000502176
988,2737.93,3.53662,0.5061,0.62406,0.70592,0.53707,0.60696,0.2982,3.53603,0.45637,0.60009,0.000501876,0.000501876,0.000501876
989,2740.64,3.14783,0.4547,0.62608,0.70671,0.53583,0.60711,0.29732,3.54185,0.45713,0.60022,0.000501599,0.000501599,0.000501599
990,2743.43,3.59134,0.48904,0.62992,0.70344,0.53895,0.60775,0.29887,3.53087,0.45479,0.60019,0.000501343,0.000501343,0.000501343
991,2798.19,3.47775,0.49258,0.60407,0.7043,0.53981,0.6096,0.29812,3.54244,0.45747,0.60051,0.00050111,0.00050111,0.00050111
992,2800.93,3.39098,0.47389,0.5975,0.69958,0.53965,0.60808,0.29546,3.58038,0.46699,0.60105,0.000500899,0.000500899,0.000500899
993,2803.65,3.386,0.46872,0.61009,0.70406,0.53666,0.60508,0.29665,3.55312,0.46444,0.60035,0.000500711,0.000500711,0.000500711
994,2806.41,3.30563,0.46589,0.61204,0.70442,0.53446,0.60373,0.29668,3.54546,0.46342,0.60051,0.000500544,0.000500544,0.000500544
995,2809.01,3.39941,0.46867,0.59976,0.70804,0.53281,0.6029,0.29663,3.54403,0.46152,0.60032,0.0005004,0.0005004,0.0005004
996,2811.59,3.40519,0.47567,0.59702,0.70673,0.53363,0.60451,0.29676,3.55199,0.46315,0.60025,0.000500278,0.000500278,0.000500278
997,2814.21,3.26678,0.45322,0.60416,0.70663,0.53602,0.60571,0.29747,3.55013,0.46185,0.60013,0.000500178,0.000500178,0.000500178
998,2816.84,3.45519,0.46685,0.5856,0.70229,0.53913,0.60653,0.29746,3.55284,0.4613,0.60025,0.0005001,0.0005001,0.0005001
999,2819.53,3.32962,0.46145,0.60902,0.70044,0.53954,0.60524,0.2963,3.55398,0.46071,0.60056,0.000500044,0.000500044,0.000500044
1000,2822.45,3.14654,0.45592,0.60868,0.70109,0.53709,0.60242,0.29526,3.55576,0.46202,0.60021,0.000500011,0.000500011,0.000500011
