epoch,time,train/box_loss,train/cls_loss,train/dfl_loss,metrics/precision(B),metrics/recall(B),metrics/mAP50(B),metrics/mAP50-95(B),val/box_loss,val/cls_loss,val/dfl_loss,lr/pg0,lr/pg1,lr/pg2
1,6.17683,5.42013,1.47663,1.34933,0.05634,0.0821,0.03253,0.00781,8.32121,1.56119,1.34494,0.1905,0.0005,0.0005
2,12.9511,5.92757,1.18861,1.30475,0.05706,0.09322,0.03383,0.01235,6.89377,86.9185,1.2931,0.1791,0.0011,0.0011
3,20.7431,5.67686,0.8225,1.36475,0,0,0,0,11.839,1.11537e+06,52.1874,0.1677,0.00169998,0.00169998
4,26.262,5.75523,0.88353,1.27987,0.11107,0.1642,0.07595,0.02114,7.13722,25.3961,1.39917,0.1563,0.00229995,0.00229995
5,32.5164,5.92284,0.8847,1.30905,0.08649,0.13111,0.05042,0.01279,7.94871,35.8963,1.57153,0.1449,0.0028999,0.0028999
6,38.1078,6.58315,2.84797,1.41695,0,0,0,0,10.4731,507774,1091.78,0.1335,0.00349981,0.00349981
7,43.9373,5.53302,1.19859,1.47089,0,0,0,0,10.3949,26475.4,33.4549,0.1221,0.00409967,0.00409967
8,49.4307,6.56893,1.27311,1.42173,0,0,0,0,13.0891,39649.7,176.072,0.110699,0.00469949,0.00469949
9,54.6575,7.05864,1.04242,1.34719,0,0,0,0,0,0,0,0.0992992,0.00529925,0.00529925
10,59.7083,7.51332,1.08523,1.30035,0,0,0,0,0,41189.4,0,0.0878989,0.00589894,0.00589894
11,64.9953,6.28336,1.04674,1.45173,0.0005,0.00082,0.00027,5e-05,10.5387,11607.6,13.0672,0.0764986,0.00649856,0.00649856
12,70.3422,7.30071,1.13652,1.32412,0.05249,0.05231,0.02551,0.0055,8.87476,44.157,2.61573,0.0650981,0.00709809,0.00709809
13,75.665,6.28877,1.00803,1.53384,0.00202,0.00329,0.00102,0.00022,9.52377,14501.9,24.2166,0.0536975,0.00769754,0.00769754
14,80.774,6.68162,0.98165,1.37984,0,0,0,0,9.75215,15.9473,4.32445,0.0422969,0.00829689,0.00829689
15,86.0118,7.5988,1.04724,1.61085,0.00486,0.00783,0.00245,0.00054,10.2923,1500.9,62.9912,0.0308961,0.00889613,0.00889613
16,90.8732,7.8632,1.16985,1.38976,0,0,0,0,0,0,0,0.0194953,0.00949525,0.00949525
17,95.9343,6.73746,1.02404,1.47942,0,0,0,0,3.26437,7629.46,69.3161,0.00999432,0.00999432,0.00999432
18,101.602,6.46523,1.0094,1.44754,0.00816,0.0129,0.00401,0.00115,9.81812,207.043,9.00595,0.00999358,0.00999358,0.00999358
19,106.919,6.3544,0.95353,1.40992,0.00017,0.00027,8e-05,4e-05,9.65634,195.272,4.65635,0.00999281,0.00999281,0.00999281
20,112.215,6.63424,0.95749,1.31311,0.0018,0.00288,0.00089,0.00016,9.87025,65.877,3.10351,0.00999199,0.00999199,0.00999199
21,117.395,8.1899,2.87853,1.55661,0,0,0,0,4.39079,293956,28.5497,0.00999112,0.00999112,0.00999112
22,122.619,7.16577,1.15996,1.3356,0,0,0,0,6.37405,3.44406e+06,2.56916,0.00999021,0.00999021,0.00999021
23,127.878,6.46201,0.98374,1.38747,0,0,0,0,10.5255,2.64622e+06,1832.86,0.00998926,0.00998926,0.00998926
24,133.282,5.95023,0.93226,1.41973,0.00252,0.00412,0.00127,0.00025,10.0595,10223.3,5.1497,0.00998826,0.00998826,0.00998826
25,138.313,6.88392,0.95872,1.36978,0,0,0,0,7.18299,1.04706e+06,164.393,0.00998722,0.00998722,0.00998722
26,143.504,6.43857,1.09699,1.35685,0.01454,0.01524,0.01395,0.00416,8.50667,4.5771,3.10048,0.00998613,0.00998613,0.00998613
27,148.363,6.22602,1.15524,1.40302,0,0,0,0,0.00037,0.00045,0.00073,0.009985,0.009985,0.009985
28,153.552,7.73868,1.53619,1.22373,0.00607,0.00947,0.00803,0.00439,9.51663,3.1617,2.34883,0.00998382,0.00998382,0.00998382
29,158.953,6.05146,1.09523,1.32535,0.15747,0.07372,0.05662,0.01463,8.19304,1.76245,1.41246,0.0099826,0.0099826,0.0099826
30,163.956,6.6076,1.01983,1.35063,0,0,0,0,0,0,0,0.00998134,0.00998134,0.00998134
31,168.733,6.93263,1.03707,1.27808,0,0,0,0,0,0,0,0.00998003,0.00998003,0.00998003
32,173.78,6.15314,0.82575,1.28415,0,0,0,0,0,0,0,0.00997868,0.00997868,0.00997868
33,178.652,6.0982,0.90426,1.32273,0,0,0,0,2e-05,4e-05,1e-05,0.00997728,0.00997728,0.00997728
34,183.863,6.46759,0.97,1.33181,0.0048,0.00783,0.00292,0.00066,9.60357,2.62983,1.6647,0.00997584,0.00997584,0.00997584
35,189.075,6.79579,0.92624,1.30722,0.00361,0.0059,0.00188,0.00046,8.29762,3.57334,1.46168,0.00997435,0.00997435,0.00997435
36,194.153,5.83731,0.78658,1.32995,0.00026,0.00014,0.00013,1e-05,11.1513,4.46954,4.02155,0.00997282,0.00997282,0.00997282
37,199.33,5.8935,0.90683,1.34019,0.01496,0.02238,0.01269,0.00468,9.28381,2.65057,1.84186,0.00997125,0.00997125,0.00997125
38,204.469,5.60498,0.80322,1.31462,0.03932,0.04421,0.02278,0.00703,8.41226,2.60568,1.55897,0.00996963,0.00996963,0.00996963
39,209.689,5.75704,0.76766,1.24092,0.03426,0.01922,0.00971,0.00308,8.9704,2.86866,1.60912,0.00996797,0.00996797,0.00996797
40,215.117,5.52689,0.74185,1.29577,0.17162,0.11587,0.08286,0.0216,7.74761,1.40762,1.29499,0.00996627,0.00996627,0.00996627
41,220.833,5.37173,0.74923,1.37404,0.14681,0.10805,0.06864,0.01925,7.27804,1.23063,1.34545,0.00996452,0.00996452,0.00996452
42,226.098,5.53445,0.77948,1.33422,0.21303,0.16172,0.1119,0.02853,7.58448,1.11823,1.24803,0.00996272,0.00996272,0.00996272
43,231.622,5.91536,0.84093,1.26103,0.18043,0.1156,0.08148,0.02136,7.99717,1.32098,1.24779,0.00996088,0.00996088,0.00996088
44,236.874,5.41168,0.7059,1.30827,0.33678,0.21032,0.18885,0.05556,6.52964,0.91351,1.23247,0.009959,0.009959,0.009959
45,242.53,5.39806,0.71882,1.24176,0.3101,0.21252,0.18495,0.05319,6.61561,0.92135,1.23232,0.00995708,0.00995708,0.00995708
46,247.626,5.67853,0.72692,1.26194,0.3555,0.23806,0.20603,0.06156,6.1954,0.85479,1.21283,0.00995511,0.00995511,0.00995511
47,253.308,5.96102,0.78767,1.30822,0.3059,0.19069,0.16086,0.04489,6.73102,0.94796,1.25806,0.00995309,0.00995309,0.00995309
48,258.629,5.28713,0.72977,1.38671,0.2464,0.16708,0.12421,0.03201,7.23558,0.9134,1.27468,0.00995103,0.00995103,0.00995103
49,263.822,6.24293,0.81948,1.32128,0.18929,0.12164,0.08575,0.02037,7.81696,1.06145,1.31284,0.00994893,0.00994893,0.00994893
50,268.96,5.64962,0.74763,1.27242,0.31536,0.1856,0.16429,0.04578,7.00483,0.96169,1.2548,0.00994679,0.00994679,0.00994679
51,274.061,5.46629,0.71633,1.28227,0.36129,0.20826,0.20697,0.06245,6.47193,0.91121,1.2334,0.0099446,0.0099446,0.0099446
52,279.794,4.99329,0.70341,1.2645,0.36321,0.18726,0.18496,0.0547,6.57683,0.93893,1.25655,0.00994236,0.00994236,0.00994236
53,285.033,5.80246,0.79958,1.23787,0.3347,0.19467,0.18864,0.05739,6.3942,0.9107,1.26011,0.00994009,0.00994009,0.00994009
54,290.21,5.15058,0.73034,1.29224,0.25795,0.17861,0.15547,0.04986,6.33188,0.98906,1.27343,0.00993777,0.00993777,0.00993777
55,295.431,6.08841,0.85859,1.27794,0.1279,0.20895,0.11104,0.03132,7.08012,1.09924,1.2759,0.0099354,0.0099354,0.0099354
56,300.623,5.54646,0.7626,1.24153,0.09664,0.15788,0.08629,0.02426,7.52254,1.19427,1.28582,0.00993299,0.00993299,0.00993299
57,305.785,5.43146,0.72174,1.2354,0.29387,0.12521,0.11607,0.03191,7.35018,1.15832,1.2764,0.00993054,0.00993054,0.00993054
58,311.451,5.12634,0.70133,1.2961,0.33447,0.08127,0.09477,0.02838,7.28395,1.39533,1.41836,0.00992804,0.00992804,0.00992804
59,316.58,5.70852,0.83908,1.31672,0.30705,0.18094,0.17143,0.05169,6.50992,1.16725,1.294,0.0099255,0.0099255,0.0099255
60,321.827,5.2783,0.72135,1.3272,0.07059,0.11532,0.05394,0.01796,7.39185,1.63506,1.30073,0.00992292,0.00992292,0.00992292
61,327.082,5.15295,0.69206,1.27785,0.06983,0.11409,0.05178,0.01761,7.60575,1.72674,1.2981,0.00992029,0.00992029,0.00992029
62,332.319,5.30502,0.73593,1.23875,0.29632,0.16118,0.17094,0.05629,6.21857,1.14561,1.21458,0.00991762,0.00991762,0.00991762
63,337.734,5.46024,0.71469,1.23371,0.39768,0.22035,0.22205,0.07327,5.91186,0.916,1.2213,0.00991491,0.00991491,0.00991491
64,343.468,5.47381,0.7631,1.315,0.33505,0.21852,0.19899,0.05938,6.18979,0.95238,1.21428,0.00991215,0.00991215,0.00991215
65,348.677,5.67491,0.78444,1.30624,0.33005,0.19097,0.19136,0.06466,6.02196,0.9792,1.21015,0.00990935,0.00990935,0.00990935
66,354.749,5.95767,0.76686,1.20999,0.38746,0.25069,0.24258,0.07053,6.25031,0.81931,1.20644,0.0099065,0.0099065,0.0099065
67,359.94,5.25178,0.7413,1.25572,0.3598,0.21417,0.20126,0.0553,6.75892,0.92269,1.22138,0.00990361,0.00990361,0.00990361
68,365.134,5.01091,0.68244,1.21362,0.43763,0.27801,0.27522,0.08596,5.97892,0.84827,1.19399,0.00990068,0.00990068,0.00990068
69,370.965,5.2014,0.73761,1.26079,0.41469,0.17696,0.19976,0.06607,6.12581,1.2075,1.21742,0.00989771,0.00989771,0.00989771
70,376.226,5.52537,0.85972,1.33284,0.32733,0.20189,0.18498,0.05424,6.56556,1.01177,1.21833,0.00989469,0.00989469,0.00989469
71,381.361,5.59439,0.82777,1.16731,0.3314,0.23105,0.20935,0.06074,6.54804,0.90145,1.21577,0.00989163,0.00989163,0.00989163
72,386.623,5.07711,0.79699,1.23448,0.43703,0.26634,0.27028,0.08925,5.87984,0.88515,1.19212,0.00988852,0.00988852,0.00988852
73,392.278,4.71071,0.65127,1.27874,0.11803,0.18699,0.10049,0.03611,6.29974,1.55355,1.24823,0.00988537,0.00988537,0.00988537
74,397.596,5.2495,0.78572,1.20626,0.21404,0.04075,0.04511,0.01873,8.43727,1.7647,1.79489,0.00988218,0.00988218,0.00988218
75,402.76,5.96522,0.81144,1.13578,0.24302,0.08155,0.07726,0.02799,7.31523,1.06222,1.46442,0.00987894,0.00987894,0.00987894
76,408.031,4.31457,0.63202,1.30397,0.41864,0.22446,0.22367,0.07411,6.01707,0.85612,1.22628,0.00987566,0.00987566,0.00987566
77,413.269,5.28167,0.73467,1.26482,0.43993,0.24547,0.24566,0.08026,5.88149,0.86636,1.20484,0.00987234,0.00987234,0.00987234
78,418.667,4.58354,0.63689,1.28512,0.336,0.22282,0.17828,0.05315,6.25098,1.03697,1.20105,0.00986898,0.00986898,0.00986898
79,423.684,5.33211,0.80685,1.27394,0.12848,0.20868,0.08953,0.02941,6.25221,1.70985,1.20842,0.00986557,0.00986557,0.00986557
80,429.032,4.92164,0.71713,1.33106,0.45861,0.17188,0.19619,0.06128,6.25431,1.05993,1.24246,0.00986212,0.00986212,0.00986212
81,434.307,5.32045,0.74412,1.24564,0.51999,0.26551,0.2954,0.10169,5.63205,0.80202,1.19004,0.00985862,0.00985862,0.00985862
82,439.91,5.15913,0.71122,1.24995,0.47673,0.2721,0.28955,0.09867,5.77205,0.81015,1.18616,0.00985509,0.00985509,0.00985509
83,445.076,5.26136,0.67544,1.18935,0.4305,0.24814,0.25426,0.0796,6.08768,0.77312,1.19795,0.00985151,0.00985151,0.00985151
84,451.276,5.14439,0.66136,1.23422,0.34706,0.20442,0.19832,0.05885,6.57711,0.8282,1.21592,0.00984788,0.00984788,0.00984788
85,456.437,4.97837,0.69066,1.29638,0.40518,0.25137,0.24656,0.07544,6.19146,0.81208,1.19528,0.00984422,0.00984422,0.00984422
86,461.912,5.19155,0.73578,1.3579,0.49883,0.26208,0.27781,0.08898,6.05791,0.84847,1.19226,0.00984051,0.00984051,0.00984051
87,467.167,5.06874,0.67619,1.20589,0.46329,0.23394,0.24389,0.07881,6.40325,0.87744,1.19674,0.00983676,0.00983676,0.00983676
88,472.673,4.93867,0.6874,1.26641,0.38828,0.18396,0.17853,0.05281,6.8758,1.67735,1.21599,0.00983296,0.00983296,0.00983296
89,478.037,4.95165,0.64528,1.25089,0.51129,0.32317,0.33893,0.1162,5.46107,0.75957,1.1621,0.00982912,0.00982912,0.00982912
90,483.724,5.05662,0.75229,1.31775,0.47979,0.32604,0.33048,0.12331,5.21343,0.71884,1.17168,0.00982524,0.00982524,0.00982524
91,490.635,4.93493,0.65923,1.2819,0.44852,0.29119,0.29822,0.09941,5.77931,0.77336,1.17366,0.00982132,0.00982132,0.00982132
92,495.973,4.99716,0.66723,1.25394,0.46998,0.27677,0.29422,0.0979,5.89279,0.79843,1.18795,0.00981736,0.00981736,0.00981736
93,500.944,5.15809,0.73065,1.2548,0.52027,0.31645,0.33695,0.11887,5.36062,0.76856,1.16463,0.00981335,0.00981335,0.00981335
94,506.324,5.05543,0.83116,1.21346,0.20504,0.30848,0.25474,0.08807,5.89919,1.20097,1.19676,0.0098093,0.0098093,0.0098093
95,511.582,4.93234,0.83544,1.27404,0.51972,0.19591,0.23946,0.0867,5.83223,1.02524,1.20612,0.0098052,0.0098052,0.0098052
96,517.006,5.19852,0.81411,1.25813,0.45686,0.21142,0.2352,0.07485,6.01107,0.95569,1.17659,0.00980107,0.00980107,0.00980107
97,522.136,5.15972,0.71122,1.17266,0.4191,0.24012,0.25715,0.0868,5.87149,0.91126,1.18018,0.00979689,0.00979689,0.00979689
98,527.459,4.7445,0.68813,1.30271,0.50481,0.32729,0.35337,0.12497,5.4277,0.72417,1.16356,0.00979267,0.00979267,0.00979267
99,533.123,6.2574,0.87902,1.13225,0.47924,0.24043,0.26952,0.08797,5.94672,0.92111,1.194,0.00978841,0.00978841,0.00978841
100,538.397,4.75676,0.71511,1.26695,0.4652,0.27155,0.28572,0.09788,5.76614,0.91558,1.19405,0.0097841,0.0097841,0.0097841
101,543.582,4.75101,0.65136,1.21527,0.4578,0.2768,0.28704,0.09852,5.74603,0.86722,1.18361,0.00977975,0.00977975,0.00977975
102,548.87,4.66185,0.65441,1.18855,0.4111,0.28144,0.28436,0.09835,5.61229,0.79593,1.17777,0.00977536,0.00977536,0.00977536
103,554.215,4.81531,0.69269,1.25064,0.44565,0.29846,0.30743,0.11203,5.40527,0.72373,1.17113,0.00977093,0.00977093,0.00977093
104,559.297,5.4852,0.89573,1.12373,0.4707,0.29956,0.30969,0.10514,5.61341,0.72821,1.177,0.00976646,0.00976646,0.00976646
105,564.826,5.052,0.68711,1.28327,0.5013,0.27499,0.30307,0.10567,5.61822,0.77154,1.17798,0.00976194,0.00976194,0.00976194
106,570.032,5.30964,0.78714,1.15208,0.48424,0.30148,0.32174,0.11881,5.47748,0.70319,1.17616,0.00975738,0.00975738,0.00975738
107,575.18,4.7555,0.62556,1.212,0.51489,0.32482,0.34691,0.1294,5.32708,0.73005,1.16802,0.00975278,0.00975278,0.00975278
108,581.006,4.73281,0.67632,1.15916,0.35531,0.20552,0.2108,0.07174,6.23275,0.97736,1.20342,0.00974814,0.00974814,0.00974814
109,586.105,5.24785,0.74084,1.13351,0.49696,0.32194,0.33747,0.12252,5.40138,0.68373,1.16526,0.00974346,0.00974346,0.00974346
110,592.129,5.13272,0.70776,1.1988,0.21101,0.23847,0.18141,0.06971,5.77824,1.61488,1.22979,0.00973873,0.00973873,0.00973873
111,597.494,4.77037,0.71676,1.22959,0.47743,0.29119,0.316,0.11319,5.35938,0.75052,1.16235,0.00973396,0.00973396,0.00973396
112,602.767,4.57227,0.68633,1.27991,0.45896,0.29558,0.30919,0.11061,5.47932,0.74126,1.16091,0.00972915,0.00972915,0.00972915
113,607.961,4.85671,0.6899,1.17208,0.16029,0.09377,0.06341,0.01563,8.2078,1.79774,1.28612,0.0097243,0.0097243,0.0097243
114,613.284,4.58968,0.60745,1.16438,0.00471,0.00769,0.00243,0.00093,7.70133,2.47626,1.3801,0.00971941,0.00971941,0.00971941
115,618.46,5.69106,0.8071,1.1755,0.30105,0.20497,0.18968,0.06885,6.09522,1.06699,1.22309,0.00971447,0.00971447,0.00971447
116,623.951,4.65391,0.61603,1.22029,0.24863,0.14813,0.13455,0.04186,7.1067,1.03853,1.21775,0.0097095,0.0097095,0.0097095
117,629.16,5.56667,0.73134,1.21843,0.26295,0.12836,0.12435,0.03788,7.31415,0.95605,1.20886,0.00970448,0.00970448,0.00970448
118,634.368,5.01695,0.6888,1.25069,0.17332,0.15294,0.12136,0.04117,6.67786,1.12733,1.21773,0.00969942,0.00969942,0.00969942
119,639.547,4.96521,0.64528,1.15942,0.34765,0.18163,0.17808,0.05349,6.66415,1.0136,1.20851,0.00969432,0.00969432,0.00969432
120,644.737,4.58822,0.65768,1.32378,0.02662,0.04338,0.02779,0.00805,9.38189,1.77098,2.10522,0.00968918,0.00968918,0.00968918
121,649.851,4.31637,0.58014,1.22193,0.10025,0.01345,0.01402,0.00533,10.3013,2.99828,3.60159,0.00968399,0.00968399,0.00968399
122,655.162,4.71054,0.67256,1.26597,0.00113,0.00124,0.00042,8e-05,10.6335,5.39539,3.658,0.00967877,0.00967877,0.00967877
123,660.42,4.74202,0.62794,1.27979,0,0,0,0,11.2896,30.9643,3.96575,0.0096735,0.0096735,0.0096735
124,665.911,4.78372,0.62983,1.24768,0.0016,0.00261,0.0008,0.00016,9.89159,94.6327,2.72105,0.0096682,0.0096682,0.0096682
125,671.039,5.5502,0.73131,1.20171,0.01605,0.02622,0.00824,0.00272,8.81079,14.6229,1.66551,0.00966285,0.00966285,0.00966285
126,676.247,4.28835,0.61139,1.27873,0.51286,0.32317,0.34756,0.12816,5.23063,0.69223,1.16853,0.00965746,0.00965746,0.00965746
127,681.424,4.70605,0.6862,1.25801,0.46523,0.30313,0.32046,0.10794,5.59815,0.74033,1.16991,0.00965203,0.00965203,0.00965203
128,686.932,5.10524,0.71677,1.19978,0.44577,0.2894,0.29039,0.09452,5.79816,0.72704,1.17619,0.00964656,0.00964656,0.00964656
129,692.189,4.65966,0.65054,1.32199,0.45621,0.29434,0.3066,0.10257,5.66138,0.75898,1.16948,0.00964104,0.00964104,0.00964104
130,697.523,5.14813,0.68617,1.26225,0.31069,0.1447,0.13545,0.04156,7.23587,1.11701,1.22744,0.00963549,0.00963549,0.00963549
131,702.765,4.75356,0.67695,1.20696,0.2665,0.19824,0.14284,0.04456,6.38253,1.2492,1.20077,0.0096299,0.0096299,0.0096299
132,707.958,4.71358,0.63408,1.20506,0.22984,0.10914,0.09404,0.02622,7.7589,2.15113,1.2292,0.00962426,0.00962426,0.00962426
133,713.209,4.85363,0.61104,1.16293,0.3719,0.20483,0.19823,0.06181,6.51769,1.03052,1.18365,0.00961859,0.00961859,0.00961859
134,718.461,5.09599,0.6447,1.1716,0.52339,0.33227,0.35865,0.13347,5.21275,0.68884,1.15472,0.00961287,0.00961287,0.00961287
135,724.072,4.68942,0.6075,1.17636,0.52143,0.33429,0.36267,0.13662,5.16212,0.69747,1.15262,0.00960711,0.00960711,0.00960711
136,731.629,4.57605,0.59715,1.19178,0.51686,0.33486,0.36185,0.13413,5.185,0.7275,1.14806,0.00960131,0.00960131,0.00960131
137,736.872,4.58338,0.62266,1.25212,0.50106,0.33072,0.35161,0.12831,5.27051,0.71934,1.15603,0.00959548,0.00959548,0.00959548
138,742.223,4.82113,0.62205,1.20633,0.52497,0.32098,0.34805,0.12277,5.34937,0.7107,1.16326,0.0095896,0.0095896,0.0095896
139,747.666,4.2754,0.58306,1.21323,0.48018,0.22488,0.25156,0.07903,6.31198,0.89417,1.18898,0.00958368,0.00958368,0.00958368
140,752.969,4.83784,0.68203,1.1964,0.28416,0.12301,0.11789,0.03173,7.24468,1.18928,1.23285,0.00957772,0.00957772,0.00957772
141,758.312,5.06883,0.64704,1.16543,0.31922,0.18575,0.18447,0.06046,6.13472,1.10287,1.19507,0.00957172,0.00957172,0.00957172
142,763.606,4.21885,0.59773,1.28014,0.51021,0.31535,0.34281,0.12669,5.2348,0.71719,1.14699,0.00956568,0.00956568,0.00956568
143,768.702,4.14947,0.56666,1.21089,0.53962,0.31617,0.35586,0.13631,5.17339,0.72708,1.15227,0.0095596,0.0095596,0.0095596
144,774.212,4.85487,0.631,1.16755,0.51287,0.27375,0.3184,0.11167,5.47898,0.82687,1.15719,0.00955348,0.00955348,0.00955348
145,779.452,4.67219,0.63184,1.21053,0.49379,0.30835,0.33921,0.12458,5.28821,0.72333,1.15122,0.00954732,0.00954732,0.00954732
146,784.679,5.83,0.70826,1.13133,0.51951,0.30684,0.34871,0.13384,5.12072,0.72797,1.15266,0.00954112,0.00954112,0.00954112
147,790.028,4.58088,0.64678,1.21074,0.54405,0.33526,0.37239,0.13905,5.18889,0.63693,1.15761,0.00953488,0.00953488,0.00953488
148,795.659,4.25883,0.58862,1.25194,0.52899,0.33224,0.36373,0.13948,5.0794,0.67244,1.15031,0.00952861,0.00952861,0.00952861
149,802.708,4.76427,0.61648,1.17282,0.51211,0.28336,0.31787,0.11624,5.34717,0.75627,1.15718,0.00952229,0.00952229,0.00952229
150,808.029,4.40968,0.59395,1.21508,0.52685,0.35983,0.38432,0.14504,5.00033,0.65177,1.14712,0.00951593,0.00951593,0.00951593
151,813.647,4.28086,0.55853,1.1976,0.46598,0.27279,0.29534,0.10101,5.74296,0.87048,1.18644,0.00950953,0.00950953,0.00950953
152,818.897,5.50886,0.73235,1.22492,0.16454,0.24286,0.14303,0.04828,5.99923,1.47178,1.18916,0.00950309,0.00950309,0.00950309
153,823.97,5.0001,0.69971,1.13466,0.16998,0.26332,0.13316,0.05,5.49086,1.42825,1.16639,0.00949661,0.00949661,0.00949661
154,829.185,5.33394,0.74486,1.21913,0.5015,0.26338,0.30307,0.10769,5.71814,0.93008,1.18008,0.0094901,0.0094901,0.0094901
155,834.633,5.01903,0.69205,1.21151,0.53533,0.28336,0.32268,0.11515,5.65743,0.86139,1.17428,0.00948354,0.00948354,0.00948354
156,839.998,5.03007,0.66593,1.20213,0.48831,0.29558,0.32022,0.11314,5.67055,0.76108,1.17637,0.00947695,0.00947695,0.00947695
157,845.143,4.75021,0.72615,1.19927,0.47375,0.28797,0.30796,0.10402,5.7108,0.75229,1.1767,0.00947031,0.00947031,0.00947031
158,850.511,4.31723,0.61741,1.30288,0.47047,0.26652,0.29367,0.11052,5.39565,0.91098,1.17899,0.00946364,0.00946364,0.00946364
159,855.671,4.63645,0.61324,1.2453,0.44573,0.25275,0.27685,0.10082,5.60582,0.93729,1.1866,0.00945692,0.00945692,0.00945692
160,860.879,3.96721,0.5732,1.28743,0.38137,0.15198,0.15982,0.05761,6.52557,0.86262,1.36976,0.00945017,0.00945017,0.00945017
161,866.158,4.75133,0.61165,1.13516,0.3716,0.13217,0.13892,0.05054,6.60952,0.89213,1.41635,0.00944338,0.00944338,0.00944338
162,871.442,4.47159,0.57661,1.18729,0.40977,0.16941,0.17946,0.0596,6.53143,0.86819,1.3633,0.00943655,0.00943655,0.00943655
163,876.609,5.17635,0.64223,1.23187,0.47397,0.21104,0.23283,0.078,6.22009,0.8458,1.29776,0.00942968,0.00942968,0.00942968
164,881.96,4.66022,0.63746,1.17302,0.52151,0.29599,0.3281,0.11823,5.40635,0.75257,1.19642,0.00942277,0.00942277,0.00942277
165,887.074,4.38693,0.59068,1.2904,0.54692,0.3299,0.36509,0.13555,5.21752,0.68661,1.16294,0.00941583,0.00941583,0.00941583
166,892.264,4.31256,0.59544,1.25091,0.53131,0.21399,0.27919,0.09478,5.99983,1.018,1.20616,0.00940884,0.00940884,0.00940884
167,897.565,4.98625,0.63647,1.17416,0.50401,0.26126,0.29389,0.10287,5.81279,0.8539,1.18782,0.00940182,0.00940182,0.00940182
168,902.847,4.17912,0.55946,1.20792,0.50209,0.31864,0.34588,0.12477,5.36079,0.69734,1.1528,0.00939476,0.00939476,0.00939476
169,908.148,4.4742,0.55824,1.1945,0.51953,0.33086,0.36552,0.13691,5.2018,0.704,1.14874,0.00938766,0.00938766,0.00938766
170,913.356,5.15689,0.61697,1.1296,0.50853,0.34898,0.37386,0.13427,5.22755,0.6405,1.15418,0.00938052,0.00938052,0.00938052
171,918.63,4.53782,0.62616,1.20294,0.53353,0.35489,0.38712,0.15103,4.96507,0.65378,1.14846,0.00937334,0.00937334,0.00937334
172,924.261,4.95083,0.63087,1.17064,0.50368,0.32331,0.35133,0.13057,5.18882,0.67336,1.1542,0.00936612,0.00936612,0.00936612
173,929.555,4.65989,0.62711,1.19508,0.52494,0.34349,0.37581,0.14358,5.02813,0.65303,1.14665,0.00935887,0.00935887,0.00935887
174,934.747,4.632,0.56724,1.13694,0.46362,0.1966,0.23172,0.08179,5.95256,0.95129,1.19945,0.00935158,0.00935158,0.00935158
175,940.198,4.83758,0.6107,1.12917,0.39885,0.13526,0.15399,0.05429,6.40585,1.15889,1.22743,0.00934425,0.00934425,0.00934425
176,945.603,4.38631,0.5973,1.2457,0.22826,0.08882,0.10064,0.03429,6.37245,1.30309,1.2179,0.00933688,0.00933688,0.00933688
177,950.807,4.83365,0.60979,1.18106,0.11843,0.15692,0.11628,0.04054,6.15616,1.20081,1.21051,0.00932948,0.00932948,0.00932948
178,955.939,5.07505,0.67251,1.16678,0.50843,0.30711,0.33671,0.12329,5.35632,0.72357,1.16045,0.00932203,0.00932203,0.00932203
179,961.326,4.42213,0.60149,1.21935,0.51367,0.3148,0.34968,0.12938,5.27497,0.66978,1.16008,0.00931455,0.00931455,0.00931455
180,966.56,4.545,0.63101,1.23601,0.54973,0.33237,0.36775,0.14234,5.09431,0.66692,1.15042,0.00930703,0.00930703,0.00930703
181,972.014,5.0031,0.64414,1.17537,0.53793,0.3218,0.35274,0.13014,5.27538,0.7008,1.15434,0.00929948,0.00929948,0.00929948
182,977.254,4.50362,0.61654,1.21497,0.50785,0.32098,0.34367,0.12557,5.40795,0.72056,1.16896,0.00929188,0.00929188,0.00929188
183,982.417,4.67386,0.60654,1.20259,0.47473,0.28487,0.30101,0.10272,5.8016,0.75394,1.17508,0.00928425,0.00928425,0.00928425
184,987.779,4.85594,0.65712,1.25847,0.4764,0.27306,0.30026,0.11352,5.472,0.7797,1.17148,0.00927658,0.00927658,0.00927658
185,993.061,4.59,0.63929,1.19055,0.49145,0.26359,0.28815,0.10679,5.6245,1.12964,1.17756,0.00926888,0.00926888,0.00926888
186,998.376,4.57212,0.59086,1.17835,0.39602,0.21244,0.22427,0.07311,6.15816,0.85242,1.19021,0.00926113,0.00926113,0.00926113
187,1003.63,4.80699,0.63774,1.20694,0.40593,0.21229,0.22194,0.07448,6.17883,0.8447,1.18826,0.00925335,0.00925335,0.00925335
188,1008.86,4.71673,0.59588,1.13264,0.16618,0.06727,0.05714,0.01508,8.6057,1.46624,1.2544,0.00924554,0.00924554,0.00924554
189,1014.14,4.57125,0.61729,1.21894,0.15879,0.07057,0.05859,0.01542,8.56322,1.36218,1.24674,0.00923768,0.00923768,0.00923768
190,1019.28,4.27708,0.6322,1.20084,0.37224,0.30203,0.30565,0.12133,5.489,1.05723,1.182,0.00922979,0.00922979,0.00922979
191,1024.45,5.03489,0.73823,1.12204,0.53638,0.30162,0.34126,0.12352,5.35789,0.74564,1.16127,0.00922186,0.00922186,0.00922186
192,1029.95,4.46365,0.63746,1.24423,0.47328,0.29654,0.31391,0.1149,5.42635,0.75421,1.15626,0.0092139,0.0092139,0.0092139
193,1035.11,4.45854,0.64491,1.22639,0.50689,0.28226,0.30921,0.11157,5.44449,0.75977,1.15744,0.0092059,0.0092059,0.0092059
194,1040.41,4.51195,0.60454,1.17093,0.4869,0.21287,0.23951,0.08254,6.05093,0.8777,1.17601,0.00919786,0.00919786,0.00919786
195,1045.79,4.26031,0.59516,1.18686,0.4277,0.16255,0.18042,0.05795,6.69926,1.05248,1.19971,0.00918978,0.00918978,0.00918978
196,1051.04,4.40331,0.58836,1.18967,0.52683,0.35036,0.38761,0.152,4.97603,0.68297,1.14769,0.00918167,0.00918167,0.00918167
197,1056.64,4.36131,0.58662,1.22462,0.50647,0.2964,0.33381,0.1168,5.44305,0.77346,1.16057,0.00917353,0.00917353,0.00917353
198,1061.91,4.99501,0.64156,1.2107,0.44895,0.21442,0.23237,0.08656,5.64113,0.95582,1.17182,0.00916534,0.00916534,0.00916534
199,1067.07,4.60619,0.62806,1.26012,0.44808,0.25557,0.27481,0.10201,5.56852,0.85488,1.16384,0.00915712,0.00915712,0.00915712
200,1072.29,5.02553,0.74789,1.21654,0.4395,0.2559,0.27357,0.09445,5.87329,0.7358,1.16989,0.00914887,0.00914887,0.00914887
201,1077.48,4.16636,0.56819,1.23339,0.46636,0.25891,0.2814,0.09084,5.87113,0.77372,1.16504,0.00914058,0.00914058,0.00914058
202,1082.87,4.64045,0.60814,1.18043,0.44616,0.22694,0.24543,0.08852,5.80132,0.94509,1.16403,0.00913225,0.00913225,0.00913225
203,1088.48,4.9466,0.67279,1.18101,0.47043,0.24808,0.27141,0.10559,5.46444,1.05144,1.15941,0.00912389,0.00912389,0.00912389
204,1093.84,4.30301,0.56306,1.16147,0.35101,0.12246,0.13193,0.03807,7.24387,1.33369,1.21522,0.00911549,0.00911549,0.00911549
205,1099.2,4.87448,0.63731,1.19223,0.33572,0.15253,0.15663,0.0498,6.86519,1.31654,1.2166,0.00910705,0.00910705,0.00910705
206,1104.49,4.57627,0.60957,1.20647,0.18747,0.05464,0.05375,0.01444,8.65153,2.1309,1.27334,0.00909858,0.00909858,0.00909858
207,1109.72,4.69,0.61483,1.17837,0.2748,0.12273,0.12122,0.03914,7.09471,1.77229,1.21433,0.00909007,0.00909007,0.00909007
208,1115.07,4.48638,0.59351,1.18734,0.25816,0.14209,0.12416,0.03489,7.24381,1.0545,1.21299,0.00908153,0.00908153,0.00908153
209,1120.4,4.73684,0.59949,1.17558,0.22728,0.09555,0.08695,0.02524,7.60722,1.33685,1.22555,0.00907296,0.00907296,0.00907296
210,1125.54,5.05924,0.66857,1.14109,0.53348,0.30629,0.3421,0.12882,5.22307,0.77918,1.14695,0.00906434,0.00906434,0.00906434
211,1130.77,5.1187,0.75367,1.20352,0.55947,0.3008,0.34645,0.12714,5.15704,0.78194,1.14135,0.0090557,0.0090557,0.0090557
212,1136,4.72385,0.6651,1.2017,0.5111,0.33828,0.3618,0.14026,4.97776,0.66929,1.14396,0.00904702,0.00904702,0.00904702
213,1141.13,4.72235,0.6612,1.20584,0.51943,0.35379,0.37978,0.14936,4.89084,0.6663,1.13777,0.0090383,0.0090383,0.0090383
214,1146.4,4.56075,0.61803,1.22141,0.45648,0.2986,0.31866,0.10849,5.58552,0.92995,1.15647,0.00902955,0.00902955,0.00902955
215,1151.81,4.80799,0.61169,1.14997,0.48878,0.2894,0.31509,0.11802,5.4062,1.35945,1.15354,0.00902076,0.00902076,0.00902076
216,1156.99,3.89615,0.53619,1.21752,0.50593,0.33841,0.36851,0.14501,4.93337,0.64362,1.14024,0.00901194,0.00901194,0.00901194
217,1162.39,4.62461,0.57757,1.15315,0.50849,0.32455,0.35683,0.14114,4.92022,0.69168,1.1446,0.00900308,0.00900308,0.00900308
218,1167.68,4.31612,0.57768,1.15691,0.54814,0.27622,0.31255,0.11613,5.30707,0.82923,1.15728,0.00899419,0.00899419,0.00899419
219,1172.7,4.89796,0.63398,1.14291,0.50366,0.31192,0.33645,0.12434,5.29453,0.71601,1.15233,0.00898526,0.00898526,0.00898526
220,1178.17,4.9116,0.59222,1.13442,0.51761,0.30794,0.34183,0.12683,5.12755,0.69221,1.18593,0.0089763,0.0089763,0.0089763
221,1183.42,4.53466,0.59876,1.16499,0.10095,0.02787,0.02165,0.00623,9.20913,2.64802,1.41944,0.00896731,0.00896731,0.00896731
222,1188.46,4.38665,0.56343,1.16677,0,0,0,0,8.19224,6.34654,1.25122,0.00895828,0.00895828,0.00895828
223,1193.95,4.19554,0.54958,1.23212,0,0,0,0,10.3381,6.69575,1.52047,0.00894922,0.00894922,0.00894922
224,1199.15,4.44238,0.58561,1.19622,0.00126,0.00206,0.00063,0.00012,10.3458,8.45012,1.69796,0.00894012,0.00894012,0.00894012
225,1204.29,4.25658,0.54769,1.16951,0.00094,0.00151,0.00046,9e-05,10.1231,28.9335,1.74355,0.00893099,0.00893099,0.00893099
226,1209.79,4.49568,0.58498,1.20852,0.13037,0.10351,0.06515,0.02031,7.12004,3.85053,1.32606,0.00892183,0.00892183,0.00892183
227,1214.93,4.03124,0.55817,1.24308,0.47601,0.26066,0.28656,0.09982,5.63907,0.82521,1.22784,0.00891263,0.00891263,0.00891263
228,1220.31,4.65474,0.57316,1.12566,0.50992,0.30169,0.33254,0.12425,5.17577,0.76428,1.19917,0.0089034,0.0089034,0.0089034
229,1225.71,4.75093,0.6194,1.15985,0.50077,0.31933,0.34515,0.12538,5.23689,0.7276,1.19515,0.00889413,0.00889413,0.00889413
230,1230.92,4.00123,0.54702,1.23071,0.57235,0.36766,0.40376,0.15616,4.8759,0.62571,1.1514,0.00888483,0.00888483,0.00888483
231,1236.51,4.40088,0.59953,1.15019,0.54075,0.36079,0.39182,0.14809,4.94285,0.64158,1.13564,0.0088755,0.0088755,0.0088755
232,1241.92,3.8662,0.52869,1.18816,0.552,0.36958,0.40217,0.1538,5.01353,0.61617,1.13833,0.00886613,0.00886613,0.00886613
233,1247.02,4.6415,0.61882,1.17554,0.52567,0.35859,0.38799,0.1496,5.07529,0.62701,1.1424,0.00885674,0.00885674,0.00885674
234,1252.26,4.31739,0.57924,1.19522,0.51524,0.3115,0.34177,0.11814,5.39696,0.68155,1.15199,0.0088473,0.0088473,0.0088473
235,1257.62,4.3018,0.5898,1.22527,0.49884,0.30189,0.33643,0.12555,5.22098,0.68202,1.14747,0.00883784,0.00883784,0.00883784
236,1262.97,4.8,0.64612,1.17334,0.48224,0.22515,0.25997,0.09537,5.57566,0.91125,1.19426,0.00882834,0.00882834,0.00882834
237,1268.13,4.4191,0.62999,1.18847,0.32355,0.18053,0.19685,0.07211,5.84519,1.07483,1.21682,0.00881881,0.00881881,0.00881881
238,1273.42,4.22597,0.5752,1.23459,0.47938,0.2629,0.30208,0.11142,5.36678,0.7847,1.17821,0.00880925,0.00880925,0.00880925
239,1278.62,4.66454,0.61813,1.23301,0.53812,0.29846,0.33792,0.13024,5.21777,0.74331,1.15611,0.00879965,0.00879965,0.00879965
240,1283.97,4.78041,0.63577,1.20986,0.48942,0.29929,0.32232,0.11467,5.49671,0.76898,1.16561,0.00879002,0.00879002,0.00879002
241,1289.02,5.10241,0.6638,1.14481,0.44464,0.28158,0.29416,0.10122,5.57503,0.78959,1.1691,0.00878036,0.00878036,0.00878036
242,1294.15,5.01706,0.69206,1.21302,0.49629,0.30601,0.34255,0.12652,5.21763,0.72617,1.15076,0.00877067,0.00877067,0.00877067
243,1299.55,4.67062,0.63025,1.18395,0.57119,0.35513,0.3983,0.15628,4.92691,0.66258,1.13582,0.00876094,0.00876094,0.00876094
244,1305.37,4.46506,0.63894,1.20862,0.4755,0.32235,0.34053,0.11785,5.38463,0.65798,1.14973,0.00875118,0.00875118,0.00875118
245,1310.51,4.48321,0.59828,1.16459,0.4795,0.31384,0.33821,0.12157,5.34386,0.6502,1.14927,0.00874139,0.00874139,0.00874139
246,1316.4,4.19928,0.56942,1.2664,0.53994,0.36573,0.39507,0.15007,5.00537,0.64086,1.13785,0.00873157,0.00873157,0.00873157
247,1321.5,4.31483,0.57965,1.17267,0.52746,0.35393,0.37998,0.14247,5.05028,0.64794,1.14037,0.00872171,0.00872171,0.00872171
248,1326.83,4.92982,0.65151,1.17122,0.56301,0.35846,0.39365,0.15718,4.86461,0.64291,1.14045,0.00871183,0.00871183,0.00871183
249,1332.73,4.42854,0.61836,1.15615,0.55825,0.34816,0.38603,0.14904,5.0197,0.68097,1.14792,0.00870191,0.00870191,0.00870191
250,1338.12,4.3412,0.56321,1.18774,0.53472,0.30514,0.35279,0.13425,5.19642,0.90244,1.16125,0.00869196,0.00869196,0.00869196
251,1343.25,4.46037,0.58873,1.17059,0.53111,0.27979,0.32401,0.11724,5.49636,0.89324,1.17494,0.00868198,0.00868198,0.00868198
252,1348.71,4.72593,0.58797,1.1578,0.5253,0.30749,0.35278,0.13825,5.02946,0.79038,1.14048,0.00867197,0.00867197,0.00867197
253,1353.84,4.28487,0.56901,1.19873,0.52669,0.31919,0.36249,0.14013,4.97794,0.73435,1.13807,0.00866192,0.00866192,0.00866192
254,1359.22,4.56138,0.59146,1.16246,0.48856,0.34761,0.34818,0.13432,4.89571,0.70726,1.14546,0.00865185,0.00865185,0.00865185
255,1364.7,4.36873,0.56448,1.22803,0.55199,0.35653,0.39732,0.1624,4.71584,0.62498,1.13361,0.00864174,0.00864174,0.00864174
256,1370.42,5.17834,0.71479,1.10859,0.57609,0.37095,0.41493,0.16762,4.77049,0.60444,1.13769,0.00863161,0.00863161,0.00863161
257,1377.93,4.83291,0.61741,1.15431,0.5449,0.39319,0.42208,0.16621,4.81597,0.61081,1.13072,0.00862144,0.00862144,0.00862144
258,1383.27,4.17207,0.57771,1.12912,0.54534,0.33674,0.37394,0.13963,5.20579,0.70452,1.14973,0.00861124,0.00861124,0.00861124
259,1388.57,4.21559,0.58212,1.20134,0.5553,0.34487,0.38489,0.14671,5.04225,0.66791,1.14157,0.00860101,0.00860101,0.00860101
260,1393.83,4.33504,0.54161,1.16578,0.53966,0.35612,0.38723,0.15342,4.97524,0.6566,1.13938,0.00859075,0.00859075,0.00859075
261,1399.15,4.23746,0.58538,1.1743,0.44748,0.28158,0.2923,0.10347,5.37026,0.77643,1.17609,0.00858046,0.00858046,0.00858046
262,1404.5,4.67121,0.64425,1.20004,0.28828,0.18904,0.15555,0.05163,6.02862,1.22704,1.22056,0.00857014,0.00857014,0.00857014
263,1409.79,3.96471,0.55487,1.22067,0.35377,0.23915,0.20279,0.06918,5.53834,1.38473,1.20215,0.00855979,0.00855979,0.00855979
264,1415.21,4.21781,0.61249,1.27785,0.48404,0.33086,0.34405,0.12638,5.17802,0.72397,1.16398,0.00854941,0.00854941,0.00854941
265,1420.47,4.74043,0.62553,1.16357,0.51077,0.32825,0.35678,0.13217,5.09306,0.68681,1.16017,0.008539,0.008539,0.008539
266,1426.01,4.12228,0.57678,1.18823,0.56672,0.35429,0.39149,0.1534,4.84694,0.62765,1.15442,0.00852856,0.00852856,0.00852856
267,1431.33,4.07412,0.54535,1.18206,0.52097,0.35585,0.3774,0.14587,5.02056,0.61958,1.14852,0.00851809,0.00851809,0.00851809
268,1436.68,4.63253,0.60097,1.16833,0.52962,0.37479,0.40137,0.15065,4.98445,0.64655,1.14234,0.00850758,0.00850758,0.00850758
269,1442,5.00969,0.64517,1.15957,0.51277,0.34953,0.37237,0.14068,5.19904,0.67951,1.15862,0.00849705,0.00849705,0.00849705
270,1447.24,4.79609,0.58935,1.18197,0.46418,0.31232,0.32777,0.11953,5.36329,0.75342,1.16026,0.00848649,0.00848649,0.00848649
271,1452.53,4.4298,0.57767,1.15281,0.4481,0.31604,0.33046,0.12826,5.07102,0.73696,1.15519,0.0084759,0.0084759,0.0084759
272,1457.83,4.23849,0.56542,1.2114,0.43895,0.35502,0.36695,0.1508,4.71312,0.72845,1.13827,0.00846528,0.00846528,0.00846528
273,1463.42,4.09089,0.56889,1.26618,0.32213,0.33869,0.2773,0.11209,4.90977,1.18157,1.14162,0.00845464,0.00845464,0.00845464
274,1469,4.51456,0.56723,1.15938,0.0205,0.0335,0.01061,0.00329,7.84763,32.4869,1.23998,0.00844396,0.00844396,0.00844396
275,1474.39,4.57792,0.63758,1.14651,0.04672,0.07633,0.02519,0.01007,6.85039,11.1092,1.20852,0.00843325,0.00843325,0.00843325
276,1479.77,4.76061,0.60422,1.1879,0.19767,0.24506,0.12014,0.04564,5.63708,1.5666,1.15745,0.00842252,0.00842252,0.00842252
277,1485.13,4.50271,0.64259,1.27452,0.26893,0.30519,0.21497,0.08328,5.16363,1.00267,1.14694,0.00841175,0.00841175,0.00841175
278,1490.55,4.63437,0.60684,1.12078,0.03571,0.05835,0.0189,0.00675,6.88496,6.66986,1.2049,0.00840096,0.00840096,0.00840096
279,1496.03,4.22869,0.57929,1.2321,0.03832,0.0626,0.02037,0.00703,7.0615,22.892,1.22856,0.00839014,0.00839014,0.00839014
280,1501.19,4.51957,0.61001,1.15701,0.51557,0.31882,0.35877,0.13467,5.03414,0.78874,1.13857,0.00837929,0.00837929,0.00837929
281,1506.43,4.47508,0.61152,1.20195,0.51419,0.2617,0.29649,0.10698,5.62475,0.90468,1.16507,0.00836841,0.00836841,0.00836841
282,1511.72,4.79436,0.62563,1.1537,0.54912,0.26167,0.30666,0.11088,5.42342,0.87421,1.16365,0.0083575,0.0083575,0.0083575
283,1516.74,4.59529,0.56528,1.14524,0.51,0.33333,0.35741,0.13668,5.00798,0.74278,1.14883,0.00834657,0.00834657,0.00834657
284,1522.13,4.7243,0.60286,1.14321,0.54232,0.33284,0.36007,0.13882,4.94899,0.70482,1.1422,0.0083356,0.0083356,0.0083356
285,1527.54,3.95731,0.54773,1.20372,0.55933,0.3564,0.39462,0.15934,4.81122,0.64191,1.13168,0.00832461,0.00832461,0.00832461
286,1532.77,4.55161,0.53384,1.13298,0.52748,0.324,0.36673,0.14921,4.7919,0.72075,1.12741,0.00831359,0.00831359,0.00831359
287,1537.87,4.24415,0.57595,1.13428,0.56103,0.34953,0.39754,0.16201,4.66339,0.66817,1.12422,0.00830255,0.00830255,0.00830255
288,1543.14,4.50683,0.5779,1.14148,0.58158,0.38495,0.43213,0.17555,4.57829,0.57374,1.11926,0.00829147,0.00829147,0.00829147
289,1548.81,4.59281,0.56954,1.09864,0.58052,0.38386,0.43083,0.17773,4.56703,0.57203,1.12082,0.00828037,0.00828037,0.00828037
290,1556.7,4.15408,0.52928,1.15432,0.5495,0.37576,0.41604,0.16212,4.7603,0.5829,1.13189,0.00826924,0.00826924,0.00826924
291,1562,4.25734,0.54582,1.12953,0.5675,0.37891,0.41883,0.16997,4.73169,0.57642,1.14134,0.00825808,0.00825808,0.00825808
292,1567.25,4.74156,0.58516,1.13863,0.58014,0.37333,0.42238,0.17452,4.61876,0.5871,1.13339,0.0082469,0.0082469,0.0082469
293,1572.5,3.69415,0.49417,1.18472,0.5789,0.37493,0.42175,0.17134,4.68638,0.60184,1.13273,0.00823569,0.00823569,0.00823569
294,1577.64,4.24198,0.56982,1.1624,0.56166,0.3855,0.42426,0.17288,4.73984,0.58468,1.13195,0.00822445,0.00822445,0.00822445
295,1582.9,4.4288,0.56272,1.18801,0.54394,0.36711,0.4048,0.15754,4.81581,0.58953,1.12716,0.00821318,0.00821318,0.00821318
296,1588.2,3.98377,0.53527,1.18339,0.57739,0.39827,0.43826,0.18014,4.63196,0.58165,1.12413,0.00820189,0.00820189,0.00820189
297,1593.77,3.79138,0.51559,1.22067,0.57852,0.38289,0.42283,0.17195,4.70033,0.60862,1.12683,0.00819057,0.00819057,0.00819057
298,1599.43,3.8955,0.54195,1.24407,0.49977,0.3056,0.3313,0.12658,5.20326,0.64167,1.14126,0.00817923,0.00817923,0.00817923
299,1604.78,4.52285,0.59294,1.14859,0.54716,0.37705,0.41674,0.16833,4.66254,0.62154,1.12556,0.00816786,0.00816786,0.00816786
300,1610.05,3.95457,0.50576,1.15458,0.55025,0.3875,0.41816,0.17625,4.5084,0.58593,1.12418,0.00815646,0.00815646,0.00815646
301,1615.21,4.12945,0.55412,1.13221,0.56845,0.39305,0.42611,0.17263,4.63557,0.58216,1.12591,0.00814503,0.00814503,0.00814503
302,1620.69,4.58145,0.59528,1.1656,0.54283,0.38427,0.41581,0.15994,4.83932,0.61947,1.13072,0.00813358,0.00813358,0.00813358
303,1625.82,4.41696,0.55941,1.16045,0.52673,0.37878,0.40641,0.15554,4.95368,0.66164,1.13839,0.00812211,0.00812211,0.00812211
304,1631.34,4.73445,0.60018,1.15155,0.56781,0.37548,0.42135,0.16277,4.84848,0.62548,1.13214,0.00811061,0.00811061,0.00811061
305,1636.72,4.17395,0.56823,1.25853,0.56475,0.36624,0.40959,0.16303,4.73742,0.62826,1.12969,0.00809908,0.00809908,0.00809908
306,1642.05,4.14891,0.5412,1.143,0.56983,0.38919,0.42907,0.17426,4.68746,0.59788,1.1322,0.00808752,0.00808752,0.00808752
307,1647.25,3.95836,0.51639,1.15154,0.56658,0.3704,0.41593,0.17072,4.70266,0.61094,1.13776,0.00807594,0.00807594,0.00807594
308,1652.41,4.4804,0.5888,1.1397,0.5632,0.38591,0.42262,0.17285,4.60313,0.57701,1.13258,0.00806434,0.00806434,0.00806434
309,1657.69,4.68537,0.57925,1.08541,0.59262,0.38138,0.42778,0.18189,4.603,0.58746,1.13243,0.00805271,0.00805271,0.00805271
310,1663.3,4.21248,0.53868,1.15364,0.57755,0.38468,0.42397,0.17714,4.59749,0.57995,1.13054,0.00804106,0.00804106,0.00804106
311,1668.52,3.89021,0.55071,1.21424,0.56704,0.36446,0.41052,0.16996,4.70365,0.61782,1.13622,0.00802938,0.00802938,0.00802938
312,1674.06,3.76509,0.50639,1.20484,0.58533,0.36875,0.41708,0.17129,4.67102,0.62772,1.13407,0.00801767,0.00801767,0.00801767
313,1679.13,3.84994,0.49946,1.1329,0.55997,0.36834,0.409,0.17186,4.65093,0.62149,1.13575,0.00800594,0.00800594,0.00800594
314,1684.45,4.12477,0.53997,1.16809,0.57023,0.37852,0.41834,0.16986,4.68514,0.59196,1.13757,0.00799419,0.00799419,0.00799419
315,1689.59,3.99765,0.51514,1.12306,0.57436,0.37014,0.41023,0.16649,4.75118,0.6193,1.13928,0.00798241,0.00798241,0.00798241
316,1694.8,4.67916,0.6072,1.12255,0.568,0.37946,0.4197,0.17055,4.73831,0.5958,1.13169,0.0079706,0.0079706,0.0079706
317,1700.09,4.18095,0.5343,1.15415,0.585,0.37768,0.42172,0.17138,4.72222,0.5784,1.12891,0.00795877,0.00795877,0.00795877
318,1705.64,4.01645,0.52777,1.13736,0.56938,0.38427,0.42604,0.17623,4.6329,0.5643,1.12774,0.00794692,0.00794692,0.00794692
319,1710.87,4.0091,0.53783,1.17717,0.56421,0.39017,0.42718,0.17313,4.70864,0.57905,1.12953,0.00793505,0.00793505,0.00793505
320,1716.05,4.75419,0.57192,1.10772,0.59745,0.31247,0.37938,0.15285,4.89773,0.79342,1.14437,0.00792315,0.00792315,0.00792315
321,1721.2,4.02543,0.51363,1.1477,0.583,0.37672,0.42122,0.17227,4.71848,0.61865,1.12846,0.00791122,0.00791122,0.00791122
322,1726.56,3.94678,0.49849,1.15595,0.5469,0.37576,0.41277,0.15991,4.95526,0.64976,1.13219,0.00789927,0.00789927,0.00789927
323,1731.69,4.36231,0.58292,1.16811,0.56089,0.35037,0.4086,0.15891,4.97917,0.71054,1.13565,0.0078873,0.0078873,0.0078873
324,1736.96,4.25279,0.5774,1.21064,0.58855,0.38001,0.4328,0.17978,4.60352,0.61402,1.12376,0.0078753,0.0078753,0.0078753
325,1742.31,3.87193,0.53601,1.15901,0.58086,0.38454,0.43396,0.17994,4.63882,0.58976,1.1268,0.00786329,0.00786329,0.00786329
326,1747.67,4.16618,0.55766,1.17969,0.55457,0.36971,0.40953,0.16504,4.75251,0.61517,1.12476,0.00785124,0.00785124,0.00785124
327,1752.85,4.59261,0.57928,1.14613,0.52816,0.33814,0.37541,0.14661,5.03838,0.69306,1.14004,0.00783918,0.00783918,0.00783918
328,1758.15,3.72452,0.53752,1.19992,0.54224,0.31631,0.35733,0.13541,5.24852,0.7128,1.15501,0.00782709,0.00782709,0.00782709
329,1763.41,3.97888,0.56278,1.20999,0.55895,0.31823,0.35995,0.13619,5.1909,0.69748,1.15119,0.00781498,0.00781498,0.00781498
330,1768.66,4.00251,0.52732,1.16354,0.56667,0.35846,0.39719,0.161,4.81848,0.64454,1.13195,0.00780284,0.00780284,0.00780284
331,1774.04,4.70438,0.63333,1.19331,0.55783,0.34926,0.39256,0.15546,4.85374,0.62827,1.13904,0.00779069,0.00779069,0.00779069
332,1779.26,4.33397,0.58011,1.14825,0.58039,0.40066,0.44899,0.18425,4.60482,0.58886,1.12602,0.00777851,0.00777851,0.00777851
333,1784.85,4.13537,0.55549,1.16269,0.57212,0.39026,0.43124,0.17309,4.74762,0.59999,1.12926,0.0077663,0.0077663,0.0077663
334,1790.15,3.73877,0.51783,1.20634,0.53261,0.38399,0.4124,0.17027,4.679,0.59651,1.13103,0.00775408,0.00775408,0.00775408
335,1795.9,4.44622,0.60476,1.12565,0.53493,0.37438,0.4044,0.16436,4.82031,0.60468,1.13796,0.00774183,0.00774183,0.00774183
336,1801.03,3.89418,0.53451,1.18587,0.55274,0.36139,0.39849,0.16059,4.84624,0.63512,1.14352,0.00772956,0.00772956,0.00772956
337,1806.41,4.13452,0.55974,1.24153,0.55963,0.36463,0.40581,0.15919,4.80378,0.62639,1.1431,0.00771727,0.00771727,0.00771727
338,1811.68,3.97045,0.53083,1.1696,0.57311,0.39278,0.43228,0.17394,4.59206,0.57934,1.13042,0.00770496,0.00770496,0.00770496
339,1817.19,4.58024,0.58899,1.1402,0.56897,0.38981,0.42804,0.17444,4.63719,0.58698,1.13109,0.00769263,0.00769263,0.00769263
340,1822.48,4.32936,0.59301,1.18605,0.58142,0.39401,0.44252,0.1828,4.58235,0.57274,1.12711,0.00768027,0.00768027,0.00768027
341,1827.65,4.34382,0.59751,1.14765,0.57496,0.39743,0.44069,0.18305,4.58732,0.58272,1.12229,0.00766789,0.00766789,0.00766789
342,1833.13,4.13956,0.58064,1.18708,0.59393,0.36505,0.42603,0.17598,4.62121,0.63772,1.13118,0.00765549,0.00765549,0.00765549
343,1838.3,3.85533,0.53904,1.19763,0.57381,0.36321,0.41386,0.16641,4.72339,0.61229,1.13139,0.00764307,0.00764307,0.00764307
344,1843.64,4.57903,0.5599,1.13155,0.5594,0.403,0.4344,0.17811,4.58323,0.56327,1.12691,0.00763063,0.00763063,0.00763063
345,1848.72,4.00138,0.52907,1.15176,0.56035,0.39511,0.43006,0.17918,4.53725,0.56423,1.1229,0.00761817,0.00761817,0.00761817
346,1853.94,4.05374,0.55509,1.17947,0.56564,0.38134,0.41964,0.1695,4.62547,0.57023,1.11979,0.00760568,0.00760568,0.00760568
347,1859.4,3.90611,0.53627,1.22126,0.57634,0.39986,0.44076,0.18119,4.55405,0.5715,1.11683,0.00759318,0.00759318,0.00759318
348,1864.59,4.18036,0.53273,1.12847,0.56467,0.36985,0.41077,0.15848,4.83831,0.5891,1.13065,0.00758065,0.00758065,0.00758065
349,1870,4.32989,0.56223,1.13368,0.5427,0.34898,0.3858,0.14799,4.89821,0.60185,1.12976,0.00756811,0.00756811,0.00756811
350,1875.19,4.0972,0.5326,1.17024,0.55512,0.3844,0.4225,0.17083,4.68762,0.59815,1.12957,0.00755554,0.00755554,0.00755554
351,1880.36,4.00017,0.54609,1.17813,0.58192,0.37823,0.42802,0.17673,4.59733,0.59068,1.12496,0.00754296,0.00754296,0.00754296
352,1885.66,3.73214,0.49495,1.15287,0.58612,0.36875,0.41783,0.17095,4.65921,0.59937,1.1275,0.00753035,0.00753035,0.00753035
353,1890.93,4.09278,0.51785,1.18759,0.59595,0.37744,0.42281,0.17034,4.72379,0.58936,1.13069,0.00751772,0.00751772,0.00751772
354,1896.16,4.09352,0.5462,1.18776,0.5759,0.39456,0.4351,0.18196,4.48714,0.55038,1.12126,0.00750508,0.00750508,0.00750508
355,1901.37,3.73582,0.49186,1.16207,0.5727,0.39193,0.43306,0.18064,4.4921,0.55197,1.12363,0.00749241,0.00749241,0.00749241
356,1906.57,4.08665,0.49593,1.10155,0.57263,0.40198,0.44478,0.18594,4.50803,0.55353,1.12481,0.00747973,0.00747973,0.00747973
357,1912.13,3.60521,0.47637,1.15244,0.58245,0.3968,0.44557,0.18425,4.50382,0.55321,1.12436,0.00746702,0.00746702,0.00746702
358,1917.46,3.99484,0.53593,1.18365,0.33751,0.28913,0.24669,0.09717,5.06458,0.79891,1.14096,0.0074543,0.0074543,0.0074543
359,1922.62,4.05493,0.56864,1.17016,0.36983,0.29352,0.24976,0.09948,4.92595,0.81918,1.13883,0.00744155,0.00744155,0.00744155
360,1927.86,3.95269,0.53083,1.16134,0.46486,0.30011,0.28864,0.11254,4.88839,0.81824,1.13672,0.00742879,0.00742879,0.00742879
361,1933.14,4.37241,0.55061,1.15592,0.50572,0.32702,0.34282,0.13863,4.74724,0.71113,1.13571,0.00741601,0.00741601,0.00741601
362,1938.32,4.28687,0.52982,1.11154,0.49492,0.36052,0.38649,0.15663,4.6466,0.59585,1.1273,0.00740321,0.00740321,0.00740321
363,1943.58,3.88836,0.50712,1.17549,0.54731,0.37919,0.41292,0.17133,4.57486,0.57831,1.12698,0.00739039,0.00739039,0.00739039
364,1948.9,4.5864,0.55086,1.12387,0.58509,0.38825,0.43495,0.183,4.58604,0.5865,1.12421,0.00737755,0.00737755,0.00737755
365,1954.1,3.81683,0.52032,1.17857,0.5964,0.38707,0.43963,0.18474,4.53784,0.58689,1.12439,0.00736469,0.00736469,0.00736469
366,1959.47,4.42507,0.56263,1.1383,0.58182,0.39168,0.43693,0.18019,4.54379,0.55235,1.11998,0.00735181,0.00735181,0.00735181
367,1964.63,4.141,0.56622,1.19073,0.57856,0.38399,0.42985,0.17397,4.58395,0.56144,1.12075,0.00733892,0.00733892,0.00733892
368,1969.97,4.37838,0.55443,1.10892,0.60036,0.40774,0.45726,0.19603,4.4524,0.55266,1.12112,0.00732601,0.00732601,0.00732601
369,1975.68,3.86911,0.51019,1.17155,0.60144,0.41035,0.45934,0.19679,4.45657,0.55872,1.12491,0.00731308,0.00731308,0.00731308
370,1983.14,4.23539,0.55422,1.12489,0.59688,0.398,0.4463,0.18665,4.49584,0.56734,1.12431,0.00730013,0.00730013,0.00730013
371,1988.36,4.05682,0.49908,1.1423,0.57876,0.39086,0.43355,0.18279,4.53346,0.57896,1.12426,0.00728717,0.00728717,0.00728717
372,1993.69,3.86954,0.4928,1.14931,0.58573,0.39923,0.44611,0.18925,4.45952,0.57287,1.11968,0.00727418,0.00727418,0.00727418
373,1998.91,3.72694,0.52157,1.1956,0.59355,0.40774,0.4565,0.19533,4.42984,0.5618,1.1193,0.00726118,0.00726118,0.00726118
374,2004.21,3.65702,0.47836,1.16873,0.59335,0.41726,0.46431,0.19617,4.46832,0.55737,1.11403,0.00724816,0.00724816,0.00724816
375,2009.45,3.96353,0.51,1.12231,0.59352,0.3969,0.44952,0.18476,4.57267,0.60791,1.11605,0.00723513,0.00723513,0.00723513
376,2014.72,3.92058,0.51603,1.15784,0.58258,0.39209,0.43709,0.18616,4.46763,0.58145,1.12401,0.00722208,0.00722208,0.00722208
377,2019.95,4.34145,0.52886,1.1318,0.59011,0.39155,0.44133,0.18831,4.45962,0.57056,1.12131,0.00720901,0.00720901,0.00720901
378,2025.21,3.61242,0.50241,1.17895,0.59317,0.35846,0.41268,0.17099,4.67051,0.6351,1.12364,0.00719592,0.00719592,0.00719592
379,2030.4,4.19488,0.56504,1.21602,0.56702,0.34006,0.39199,0.15898,4.85789,0.65968,1.13371,0.00718282,0.00718282,0.00718282
380,2035.66,4.52808,0.5776,1.1599,0.54865,0.34281,0.38769,0.15827,4.80174,0.66744,1.13008,0.0071697,0.0071697,0.0071697
381,2041.17,4.20944,0.5177,1.13332,0.55136,0.37644,0.41281,0.17179,4.66799,0.59229,1.12526,0.00715656,0.00715656,0.00715656
382,2046.41,4.45134,0.59281,1.14646,0.56412,0.37727,0.42006,0.17565,4.68007,0.58076,1.12341,0.00714341,0.00714341,0.00714341
383,2051.62,4.34043,0.59338,1.20608,0.55872,0.37616,0.42364,0.17525,4.67536,0.57609,1.122,0.00713024,0.00713024,0.00713024
384,2056.92,4.00437,0.54902,1.26827,0.55403,0.35218,0.39409,0.15429,4.90015,0.64981,1.13533,0.00711705,0.00711705,0.00711705
385,2062.03,4.10363,0.5382,1.12974,0.56716,0.34719,0.39719,0.16024,4.80577,0.67891,1.13828,0.00710385,0.00710385,0.00710385
386,2067.19,4.69594,0.58722,1.15372,0.57098,0.3866,0.42998,0.18126,4.49646,0.57036,1.12485,0.00709064,0.00709064,0.00709064
387,2072.49,3.98433,0.51532,1.14819,0.55816,0.39182,0.4315,0.17947,4.52516,0.55821,1.12062,0.0070774,0.0070774,0.0070774
388,2077.67,4.20576,0.54537,1.15325,0.56686,0.38111,0.42756,0.17666,4.54064,0.57089,1.11498,0.00706416,0.00706416,0.00706416
389,2082.76,3.94639,0.49973,1.14069,0.56121,0.36889,0.41125,0.16617,4.65211,0.57618,1.11689,0.00705089,0.00705089,0.00705089
390,2088.09,3.94035,0.536,1.19596,0.56997,0.39758,0.43621,0.18458,4.51474,0.56747,1.11808,0.00703761,0.00703761,0.00703761
391,2093.22,3.78391,0.53681,1.18603,0.56561,0.39237,0.43385,0.18275,4.56782,0.57108,1.12252,0.00702432,0.00702432,0.00702432
392,2098.66,3.53904,0.49004,1.18504,0.57417,0.3925,0.43563,0.18277,4.49811,0.55975,1.1182,0.00701101,0.00701101,0.00701101
393,2103.83,4.05145,0.52123,1.1283,0.58984,0.40769,0.44854,0.19384,4.38279,0.54962,1.11508,0.00699769,0.00699769,0.00699769
394,2108.97,3.8041,0.50159,1.16832,0.58182,0.40934,0.44936,0.18817,4.46745,0.55392,1.11804,0.00698435,0.00698435,0.00698435
395,2114.22,3.57371,0.5056,1.18621,0.59485,0.40012,0.44613,0.18747,4.47048,0.56906,1.11957,0.006971,0.006971,0.006971
396,2119.4,4.21229,0.54478,1.12231,0.60317,0.40086,0.4539,0.19582,4.37323,0.53995,1.11845,0.00695763,0.00695763,0.00695763
397,2124.6,3.82233,0.51108,1.13313,0.60713,0.38756,0.44721,0.19825,4.31231,0.53845,1.11932,0.00694425,0.00694425,0.00694425
398,2130.46,3.94349,0.51139,1.16053,0.59324,0.3763,0.43232,0.17768,4.61646,0.5887,1.12379,0.00693085,0.00693085,0.00693085
399,2135.82,3.98693,0.54618,1.17411,0.59698,0.36157,0.42049,0.1669,4.78906,0.62084,1.12916,0.00691744,0.00691744,0.00691744
400,2141.52,4.34861,0.53856,1.09149,0.5871,0.38029,0.43479,0.18264,4.55714,0.59487,1.12055,0.00690401,0.00690401,0.00690401
401,2146.74,3.82654,0.48733,1.15308,0.58463,0.38893,0.43838,0.18539,4.5277,0.5788,1.1188,0.00689058,0.00689058,0.00689058
402,2151.92,4.10934,0.54518,1.16801,0.58558,0.38495,0.43753,0.18401,4.5273,0.55564,1.11428,0.00687712,0.00687712,0.00687712
403,2157.19,4.35537,0.56231,1.10422,0.58871,0.38752,0.4409,0.18973,4.41291,0.55457,1.11315,0.00686366,0.00686366,0.00686366
404,2162.62,3.86245,0.52109,1.17263,0.58563,0.38999,0.44021,0.18396,4.53641,0.55222,1.12361,0.00685018,0.00685018,0.00685018
405,2167.77,4.19407,0.56824,1.18621,0.59093,0.39305,0.44636,0.18699,4.5289,0.55451,1.11857,0.00683669,0.00683669,0.00683669
406,2173.05,3.80161,0.50788,1.17184,0.60026,0.39347,0.44709,0.18627,4.56157,0.5722,1.12457,0.00682318,0.00682318,0.00682318
407,2178.21,4.46305,0.55716,1.16839,0.59335,0.37946,0.43281,0.17875,4.57629,0.58452,1.12216,0.00680966,0.00680966,0.00680966
408,2183.82,4.06647,0.54317,1.20494,0.5892,0.3877,0.4384,0.1842,4.51602,0.57516,1.12553,0.00679613,0.00679613,0.00679613
409,2189.11,3.63438,0.4859,1.15093,0.60531,0.39731,0.45066,0.19332,4.40146,0.55627,1.11946,0.00678259,0.00678259,0.00678259
410,2194.41,4.01561,0.52498,1.12999,0.59674,0.40925,0.45855,0.19508,4.36801,0.54065,1.12339,0.00676903,0.00676903,0.00676903
411,2199.5,3.98216,0.49054,1.12707,0.59772,0.41406,0.46219,0.19787,4.39768,0.5442,1.12244,0.00675546,0.00675546,0.00675546
412,2204.96,3.71289,0.49073,1.16646,0.59787,0.41406,0.46379,0.19777,4.39845,0.54089,1.1208,0.00674188,0.00674188,0.00674188
413,2210.09,3.6373,0.4919,1.15397,0.60719,0.40088,0.45472,0.19416,4.3608,0.55635,1.12053,0.00672828,0.00672828,0.00672828
414,2215.69,3.60095,0.47315,1.16469,0.58565,0.40294,0.4469,0.18781,4.4515,0.5703,1.12688,0.00671468,0.00671468,0.00671468
415,2220.82,3.70579,0.54259,1.1582,0.59206,0.40157,0.44723,0.18974,4.41055,0.57048,1.12385,0.00670106,0.00670106,0.00670106
416,2226.24,3.46302,0.46664,1.14097,0.57623,0.35448,0.41084,0.1672,4.65642,0.59622,1.13394,0.00668743,0.00668743,0.00668743
417,2231.41,3.94193,0.51157,1.15701,0.58832,0.36669,0.42376,0.17263,4.63685,0.59217,1.12879,0.00667379,0.00667379,0.00667379
418,2236.75,3.77065,0.48681,1.1441,0.58958,0.38207,0.43603,0.18537,4.42092,0.5537,1.11517,0.00666013,0.00666013,0.00666013
419,2241.92,3.7711,0.49173,1.14656,0.59493,0.39182,0.44278,0.19235,4.36107,0.54509,1.11332,0.00664647,0.00664647,0.00664647
420,2247.29,3.72713,0.52481,1.11417,0.59389,0.39841,0.451,0.19115,4.46368,0.55031,1.11777,0.00663279,0.00663279,0.00663279
421,2252.56,4.59065,0.58649,1.10235,0.60437,0.40129,0.45593,0.19147,4.48998,0.54441,1.12216,0.0066191,0.0066191,0.0066191
422,2257.76,4.25997,0.56832,1.13212,0.62043,0.40325,0.46052,0.19639,4.4335,0.54716,1.11823,0.00660541,0.00660541,0.00660541
423,2262.99,4.48435,0.55428,1.05958,0.60624,0.39906,0.45404,0.19441,4.45167,0.57205,1.11679,0.0065917,0.0065917,0.0065917
424,2268.38,3.77739,0.52082,1.15018,0.58709,0.37478,0.4313,0.18154,4.45492,0.58236,1.11968,0.00657798,0.00657798,0.00657798
425,2273.51,3.98466,0.51073,1.14205,0.57878,0.38715,0.43625,0.1827,4.4425,0.56647,1.12134,0.00656425,0.00656425,0.00656425
426,2278.98,4.32829,0.61574,1.09782,0.60666,0.40739,0.4546,0.18742,4.53192,0.58158,1.12195,0.0065505,0.0065505,0.0065505
427,2284.3,4.0361,0.51694,1.14534,0.62777,0.39177,0.45428,0.18946,4.48658,0.59734,1.12181,0.00653675,0.00653675,0.00653675
428,2289.46,3.91272,0.55448,1.11163,0.61015,0.38633,0.43923,0.17755,4.63176,0.58264,1.12857,0.00652299,0.00652299,0.00652299
429,2294.59,3.80432,0.49197,1.12517,0.60759,0.40898,0.4537,0.18598,4.55654,0.55093,1.12451,0.00650922,0.00650922,0.00650922
430,2299.76,3.7268,0.4916,1.11815,0.60565,0.4061,0.45911,0.19572,4.35161,0.53227,1.11431,0.00649544,0.00649544,0.00649544
431,2305.13,4.37387,0.54205,1.11753,0.61389,0.41734,0.46737,0.20221,4.31405,0.53003,1.113,0.00648164,0.00648164,0.00648164
432,2310.84,4.24928,0.55612,1.18944,0.60406,0.40719,0.45839,0.1925,4.43352,0.54265,1.11208,0.00646784,0.00646784,0.00646784
433,2316.09,3.72731,0.47478,1.12355,0.59733,0.41502,0.46089,0.19709,4.38703,0.53741,1.11108,0.00645403,0.00645403,0.00645403
434,2321.44,3.63235,0.48244,1.17737,0.58795,0.4017,0.44818,0.18447,4.43566,0.53567,1.12202,0.00644021,0.00644021,0.00644021
435,2326.65,4.37786,0.52497,1.10965,0.59232,0.38509,0.43504,0.18223,4.40755,0.56549,1.1244,0.00642638,0.00642638,0.00642638
436,2331.9,4.61108,0.58664,1.12762,0.59643,0.36054,0.41187,0.1713,4.59592,0.64558,1.12997,0.00641254,0.00641254,0.00641254
437,2337.26,3.712,0.49298,1.16492,0.60753,0.38274,0.43935,0.18518,4.51016,0.62692,1.12504,0.00639869,0.00639869,0.00639869
438,2342.55,4.10048,0.49898,1.08637,0.60289,0.37621,0.42715,0.17289,4.64054,0.6248,1.1269,0.00638484,0.00638484,0.00638484
439,2347.78,3.9195,0.48121,1.12067,0.58146,0.38193,0.42533,0.16979,4.6937,0.60037,1.12808,0.00637097,0.00637097,0.00637097
440,2353.05,4.3456,0.56338,1.15415,0.60871,0.41873,0.46761,0.20224,4.30182,0.53259,1.11339,0.0063571,0.0063571,0.0063571
441,2358.61,4.06381,0.49912,1.12381,0.60885,0.41351,0.46324,0.20087,4.33282,0.53462,1.11282,0.00634322,0.00634322,0.00634322
442,2363.92,3.67356,0.52877,1.20885,0.61358,0.412,0.46459,0.19831,4.30076,0.54222,1.10861,0.00632933,0.00632933,0.00632933
443,2369.75,3.83893,0.49533,1.13761,0.60906,0.4113,0.4608,0.19462,4.3842,0.55156,1.11408,0.00631543,0.00631543,0.00631543
444,2375.15,4.3087,0.56038,1.13197,0.60572,0.41186,0.45944,0.19015,4.54393,0.56285,1.11864,0.00630152,0.00630152,0.00630152
445,2380.34,3.78485,0.46914,1.13684,0.60995,0.41804,0.46627,0.19729,4.40552,0.54764,1.1184,0.0062876,0.0062876,0.0062876
446,2385.82,4.00933,0.48606,1.13143,0.61419,0.40733,0.46184,0.19151,4.39933,0.54041,1.11576,0.00627368,0.00627368,0.00627368
447,2391.09,4.11665,0.54074,1.16081,0.60792,0.42161,0.47242,0.20364,4.29074,0.53654,1.11416,0.00625975,0.00625975,0.00625975
448,2397.02,3.89615,0.50324,1.16195,0.6053,0.42628,0.4734,0.20089,4.40956,0.53643,1.1164,0.00624581,0.00624581,0.00624581
449,2402.32,3.44216,0.46513,1.14091,0.6138,0.42037,0.47368,0.20275,4.38465,0.53723,1.11536,0.00623187,0.00623187,0.00623187
450,2408.31,4.42159,0.56053,1.12508,0.61078,0.42257,0.47204,0.20516,4.34169,0.5299,1.1139,0.00621791,0.00621791,0.00621791
451,2414.09,3.76207,0.47939,1.14335,0.60635,0.42353,0.46817,0.20248,4.34599,0.5305,1.11211,0.00620396,0.00620396,0.00620396
452,2419.41,4.08349,0.51388,1.12186,0.60231,0.4109,0.46509,0.19677,4.36512,0.52784,1.11597,0.00618999,0.00618999,0.00618999
453,2425.11,3.56543,0.49262,1.21142,0.59989,0.40755,0.46104,0.19409,4.40196,0.53225,1.1169,0.00617602,0.00617602,0.00617602
454,2430.56,3.50599,0.48099,1.19951,0.59057,0.39367,0.44593,0.18351,4.52138,0.56678,1.11903,0.00616204,0.00616204,0.00616204
455,2435.7,3.67289,0.48389,1.15486,0.58184,0.39305,0.4416,0.18042,4.56972,0.56789,1.12076,0.00614805,0.00614805,0.00614805
456,2440.95,4.41429,0.56533,1.13591,0.59185,0.41612,0.46529,0.19859,4.37723,0.53502,1.1122,0.00613406,0.00613406,0.00613406
457,2446.37,3.74518,0.5291,1.17333,0.61008,0.41598,0.46971,0.20286,4.31745,0.53075,1.11235,0.00612006,0.00612006,0.00612006
458,2451.63,4.22981,0.57081,1.11343,0.61325,0.4197,0.46864,0.1981,4.41162,0.54211,1.11437,0.00610605,0.00610605,0.00610605
459,2457.05,3.83895,0.50433,1.19304,0.59145,0.39868,0.44427,0.18316,4.57997,0.56364,1.11734,0.00609204,0.00609204,0.00609204
460,2462.46,3.64422,0.47603,1.15395,0.58327,0.40928,0.44879,0.1878,4.49862,0.55155,1.11282,0.00607802,0.00607802,0.00607802
461,2467.83,3.71369,0.4984,1.12923,0.6131,0.41104,0.46045,0.19329,4.39402,0.54108,1.10983,0.006064,0.006064,0.006064
462,2473.22,3.94554,0.50563,1.09096,0.59928,0.39017,0.44179,0.18911,4.38257,0.55564,1.11345,0.00604997,0.00604997,0.00604997
463,2478.61,3.85196,0.55936,1.18395,0.59901,0.39418,0.44924,0.19517,4.35209,0.54748,1.11351,0.00603594,0.00603594,0.00603594
464,2483.81,4.5741,0.57447,1.10843,0.6018,0.40833,0.46328,0.19204,4.46948,0.55841,1.11544,0.0060219,0.0060219,0.0060219
465,2489.01,4.22688,0.53696,1.13767,0.58263,0.39854,0.44384,0.17189,4.72893,0.58261,1.1217,0.00600785,0.00600785,0.00600785
466,2494.23,3.76293,0.48924,1.13166,0.57077,0.36219,0.41342,0.15884,4.92398,0.61747,1.12995,0.0059938,0.0059938,0.0059938
467,2499.39,4.07327,0.51651,1.15301,0.60395,0.39195,0.44645,0.18342,4.55956,0.59254,1.12422,0.00597975,0.00597975,0.00597975
468,2504.61,4.49934,0.54497,1.11401,0.59702,0.38688,0.43529,0.18179,4.49753,0.5747,1.1235,0.00596569,0.00596569,0.00596569
469,2509.74,4.06222,0.50129,1.18752,0.59017,0.38207,0.43343,0.17593,4.52527,0.57213,1.11762,0.00595163,0.00595163,0.00595163
470,2514.94,3.9432,0.5112,1.13767,0.59415,0.39786,0.43993,0.18517,4.48337,0.58274,1.11675,0.00593756,0.00593756,0.00593756
471,2520.36,3.55684,0.4771,1.17203,0.5995,0.40047,0.4478,0.1878,4.43893,0.56766,1.11179,0.00592349,0.00592349,0.00592349
472,2525.73,3.76593,0.50009,1.1387,0.60961,0.40967,0.46099,0.19615,4.3148,0.54215,1.10677,0.00590941,0.00590941,0.00590941
473,2531.04,3.65749,0.48023,1.15733,0.6092,0.41112,0.46521,0.19658,4.33811,0.53687,1.1071,0.00589533,0.00589533,0.00589533
474,2536.4,3.68814,0.50304,1.17731,0.60958,0.4227,0.47554,0.20359,4.31379,0.53228,1.10639,0.00588125,0.00588125,0.00588125
475,2541.67,3.60352,0.50271,1.21025,0.60516,0.40719,0.46257,0.19703,4.3402,0.53801,1.10693,0.00586716,0.00586716,0.00586716
476,2546.85,4.26236,0.53499,1.10749,0.5901,0.40002,0.45539,0.19253,4.38446,0.54,1.10683,0.00585307,0.00585307,0.00585307
477,2551.94,4.09652,0.53882,1.12218,0.59848,0.40925,0.46607,0.20366,4.28876,0.53802,1.10619,0.00583897,0.00583897,0.00583897
478,2557.23,3.69221,0.47945,1.11209,0.61319,0.37905,0.44116,0.18827,4.42595,0.56535,1.11157,0.00582487,0.00582487,0.00582487
479,2562.71,4.03134,0.49596,1.0986,0.60759,0.37349,0.43285,0.1825,4.52363,0.57483,1.11592,0.00581077,0.00581077,0.00581077
480,2568.02,4.14496,0.51629,1.09753,0.62247,0.41667,0.46961,0.20318,4.27208,0.52974,1.10919,0.00579667,0.00579667,0.00579667
481,2573.32,3.90928,0.54073,1.22464,0.61796,0.41015,0.46192,0.19858,4.34376,0.53233,1.11257,0.00578256,0.00578256,0.00578256
482,2578.7,4.13273,0.51861,1.14853,0.62401,0.40115,0.4633,0.19733,4.28566,0.5411,1.1073,0.00576845,0.00576845,0.00576845
483,2583.94,3.84217,0.54968,1.21273,0.61699,0.39145,0.45361,0.18689,4.43504,0.55932,1.11144,0.00575433,0.00575433,0.00575433
484,2589.21,3.81128,0.49259,1.15132,0.62487,0.41346,0.47294,0.20331,4.37311,0.54727,1.11153,0.00574022,0.00574022,0.00574022
485,2594.56,4.09016,0.50751,1.14445,0.61611,0.41172,0.4659,0.19657,4.44446,0.54698,1.11394,0.0057261,0.0057261,0.0057261
486,2599.83,4.13255,0.54705,1.17512,0.62476,0.41269,0.47139,0.20149,4.26443,0.52195,1.11291,0.00571198,0.00571198,0.00571198
487,2605.08,3.74689,0.47561,1.12867,0.61235,0.40771,0.46187,0.1904,4.37923,0.53052,1.11694,0.00569786,0.00569786,0.00569786
488,2610.37,3.95225,0.46166,1.1175,0.61932,0.42271,0.4789,0.21214,4.16348,0.5198,1.10837,0.00568373,0.00568373,0.00568373
489,2616.03,3.87477,0.52581,1.12569,0.61841,0.41886,0.47407,0.20625,4.25549,0.52331,1.10903,0.00566961,0.00566961,0.00566961
490,2621.31,3.8248,0.4949,1.13381,0.60196,0.38057,0.43558,0.17672,4.54631,0.55394,1.11593,0.00565548,0.00565548,0.00565548
491,2626.6,4.41372,0.53724,1.12091,0.59046,0.36657,0.42027,0.1636,4.71003,0.56282,1.11884,0.00564135,0.00564135,0.00564135
492,2631.81,3.98298,0.52645,1.10255,0.61528,0.41278,0.46704,0.20365,4.22273,0.52468,1.10715,0.00562722,0.00562722,0.00562722
493,2637.27,3.60234,0.48811,1.15165,0.61245,0.41667,0.47029,0.2066,4.19925,0.51864,1.10791,0.00561309,0.00561309,0.00561309
494,2642.6,4.03772,0.49861,1.12669,0.61564,0.4099,0.46492,0.20179,4.34808,0.53041,1.11113,0.00559895,0.00559895,0.00559895
495,2647.76,3.79301,0.51005,1.1375,0.61499,0.38386,0.43961,0.18556,4.4641,0.55991,1.11765,0.00558482,0.00558482,0.00558482
496,2653.02,3.71036,0.4984,1.16046,0.61003,0.3693,0.42719,0.1818,4.47642,0.60272,1.11837,0.00557068,0.00557068,0.00557068
497,2658.19,4.25663,0.52896,1.115,0.61067,0.37795,0.44098,0.18606,4.45112,0.60122,1.11946,0.00555655,0.00555655,0.00555655
498,2663.3,3.9289,0.53753,1.15631,0.62205,0.42208,0.47726,0.21029,4.24417,0.51694,1.10916,0.00554241,0.00554241,0.00554241
499,2668.93,3.6912,0.49917,1.19031,0.61287,0.41584,0.47099,0.20862,4.26374,0.52275,1.10789,0.00552827,0.00552827,0.00552827
500,2674.08,3.83576,0.48991,1.13421,0.61876,0.41612,0.47099,0.20329,4.37413,0.53014,1.10869,0.00551414,0.00551414,0.00551414
501,2679.43,4.24868,0.54637,1.11579,0.61879,0.42435,0.47771,0.2093,4.24735,0.51968,1.10602,0.0055,0.0055,0.0055
502,2684.65,3.70272,0.5044,1.09225,0.6164,0.43108,0.48267,0.21083,4.22289,0.52442,1.10895,0.00548586,0.00548586,0.00548586
503,2689.75,3.97443,0.55779,1.12551,0.62564,0.42257,0.48063,0.21106,4.22652,0.52665,1.1092,0.00547173,0.00547173,0.00547173
504,2694.99,4.1413,0.53877,1.12063,0.63031,0.40815,0.46788,0.20592,4.22432,0.53409,1.10816,0.00545759,0.00545759,0.00545759
505,2700.43,3.81225,0.49408,1.13066,0.61803,0.4116,0.46474,0.20416,4.23206,0.52731,1.10671,0.00544345,0.00544345,0.00544345
506,2705.62,4.39731,0.53162,1.09959,0.60321,0.41447,0.46765,0.2038,4.33026,0.54014,1.11292,0.00542932,0.00542932,0.00542932
507,2710.71,3.84841,0.4791,1.12216,0.60028,0.40664,0.46287,0.2021,4.34622,0.5485,1.11285,0.00541518,0.00541518,0.00541518
508,2715.99,3.84469,0.51542,1.18606,0.60967,0.40486,0.46369,0.20076,4.33488,0.53772,1.10779,0.00540105,0.00540105,0.00540105
509,2721.16,4.18112,0.52082,1.11442,0.62137,0.40349,0.4652,0.20093,4.34924,0.55617,1.10846,0.00538691,0.00538691,0.00538691
510,2726.52,4.2662,0.56225,1.08831,0.6145,0.40198,0.45959,0.1955,4.43761,0.55203,1.11789,0.00537278,0.00537278,0.00537278
511,2731.73,3.61014,0.49073,1.13136,0.60555,0.39644,0.44963,0.19187,4.45721,0.54578,1.11819,0.00535865,0.00535865,0.00535865
512,2737.1,4.16714,0.55607,1.12264,0.60687,0.41131,0.46832,0.20263,4.34989,0.54763,1.11154,0.00534452,0.00534452,0.00534452
513,2742.26,3.7706,0.4864,1.12652,0.60945,0.41008,0.46638,0.19889,4.37766,0.55081,1.11852,0.00533039,0.00533039,0.00533039
514,2747.51,3.80438,0.50459,1.11076,0.62788,0.38907,0.44999,0.19296,4.39835,0.57056,1.13303,0.00531627,0.00531627,0.00531627
515,2752.65,4.20086,0.54497,1.118,0.62518,0.39456,0.45452,0.19453,4.37396,0.56341,1.12265,0.00530214,0.00530214,0.00530214
516,2757.94,3.77144,0.53249,1.15008,0.62903,0.41447,0.47655,0.2112,4.19973,0.52548,1.1149,0.00528802,0.00528802,0.00528802
517,2763.23,3.80651,0.49561,1.14269,0.62305,0.41799,0.47364,0.2098,4.22784,0.52,1.11172,0.0052739,0.0052739,0.0052739
518,2768.39,3.29504,0.43607,1.14508,0.61195,0.39771,0.45258,0.1987,4.31102,0.54785,1.11031,0.00525978,0.00525978,0.00525978
519,2773.67,3.6018,0.49011,1.15875,0.60454,0.37026,0.42503,0.17921,4.5563,0.60768,1.11959,0.00524567,0.00524567,0.00524567
520,2779.15,3.84045,0.48856,1.16518,0.60711,0.40732,0.45898,0.19622,4.38731,0.56991,1.11152,0.00523155,0.00523155,0.00523155
521,2784.59,3.33717,0.44444,1.15619,0.60381,0.41461,0.4707,0.20304,4.32908,0.55229,1.10695,0.00521744,0.00521744,0.00521744
522,2789.84,3.77081,0.48207,1.11514,0.6087,0.40143,0.4611,0.20241,4.27573,0.55947,1.10704,0.00520333,0.00520333,0.00520333
523,2795.01,3.44735,0.4533,1.1121,0.60216,0.4017,0.4569,0.20037,4.29696,0.55079,1.10811,0.00518923,0.00518923,0.00518923
524,2800.2,3.71506,0.45487,1.11287,0.61628,0.41296,0.46547,0.20663,4.21395,0.51957,1.10409,0.00517513,0.00517513,0.00517513
525,2805.36,3.50897,0.46914,1.15703,0.61563,0.41763,0.46784,0.20719,4.22255,0.51927,1.10704,0.00516103,0.00516103,0.00516103
526,2810.5,3.79996,0.51279,1.09595,0.63478,0.41063,0.4705,0.206,4.25217,0.52363,1.10942,0.00514693,0.00514693,0.00514693
527,2815.74,3.43628,0.4702,1.18048,0.61636,0.40541,0.46048,0.19706,4.33816,0.52474,1.1094,0.00513284,0.00513284,0.00513284
528,2821.11,3.59949,0.49778,1.14495,0.62101,0.42435,0.47889,0.21044,4.23004,0.52273,1.10515,0.00511875,0.00511875,0.00511875
529,2826.5,3.88377,0.47883,1.11012,0.62289,0.42724,0.48094,0.2096,4.2508,0.52735,1.10342,0.00510467,0.00510467,0.00510467
530,2831.94,3.56155,0.4763,1.12456,0.61659,0.42175,0.47403,0.20401,4.25356,0.52072,1.11225,0.00509059,0.00509059,0.00509059
531,2837.15,3.23431,0.46798,1.17241,0.60732,0.42147,0.47059,0.20498,4.24642,0.52446,1.11866,0.00507651,0.00507651,0.00507651
532,2842.46,4.11051,0.53746,1.11857,0.58013,0.39264,0.4366,0.18139,4.52469,0.55945,1.11757,0.00506244,0.00506244,0.00506244
533,2847.73,3.98176,0.51588,1.14881,0.6017,0.39745,0.45012,0.19161,4.38051,0.53756,1.11356,0.00504837,0.00504837,0.00504837
534,2852.97,3.87425,0.52525,1.16659,0.57284,0.38729,0.44052,0.18278,4.45537,0.53385,1.114,0.00503431,0.00503431,0.00503431
535,2858.32,4.08316,0.49338,1.1063,0.5745,0.37891,0.43447,0.18268,4.48608,0.54066,1.11594,0.00502025,0.00502025,0.00502025
536,2863.55,3.79077,0.49067,1.15711,0.5932,0.38427,0.44204,0.18759,4.4621,0.55958,1.11324,0.0050062,0.0050062,0.0050062
537,2868.61,3.51814,0.45513,1.14309,0.6034,0.39154,0.44825,0.19138,4.40873,0.56097,1.11206,0.00499215,0.00499215,0.00499215
538,2873.95,3.88866,0.48502,1.11847,0.59725,0.38396,0.43696,0.17984,4.54302,0.57189,1.11697,0.0049781,0.0049781,0.0049781
539,2879.33,3.76113,0.48318,1.14621,0.59952,0.3958,0.44971,0.18876,4.45889,0.56632,1.11557,0.00496406,0.00496406,0.00496406
540,2884.71,3.7528,0.46785,1.11342,0.60455,0.41941,0.46946,0.2044,4.26527,0.53238,1.10589,0.00495003,0.00495003,0.00495003
541,2889.88,3.60901,0.50059,1.17534,0.60342,0.41859,0.46977,0.20267,4.28647,0.53134,1.10664,0.004936,0.004936,0.004936
542,2895.03,4.28697,0.53184,1.06564,0.59143,0.40651,0.45563,0.19234,4.37691,0.52891,1.1068,0.00492198,0.00492198,0.00492198
543,2900.24,3.95788,0.51448,1.10384,0.60599,0.42079,0.47468,0.20735,4.2246,0.51553,1.10316,0.00490796,0.00490796,0.00490796
544,2905.49,3.68953,0.46284,1.13417,0.62298,0.42477,0.48158,0.21438,4.18673,0.51605,1.10165,0.00489395,0.00489395,0.00489395
545,2911.08,3.76475,0.48122,1.1532,0.61251,0.42669,0.47968,0.21389,4.15646,0.51553,1.10256,0.00487994,0.00487994,0.00487994
546,2916.49,3.8133,0.48088,1.12359,0.61469,0.42578,0.47969,0.21181,4.20393,0.51717,1.10746,0.00486594,0.00486594,0.00486594
547,2921.81,3.48333,0.47172,1.16801,0.62238,0.41845,0.47692,0.21179,4.21264,0.51823,1.10868,0.00485195,0.00485195,0.00485195
548,2927.07,3.64288,0.452,1.10944,0.6223,0.4109,0.47445,0.20854,4.25942,0.52662,1.10689,0.00483796,0.00483796,0.00483796
549,2932.17,3.70638,0.47671,1.09787,0.63058,0.40349,0.47189,0.20921,4.21512,0.53763,1.10661,0.00482398,0.00482398,0.00482398
550,2937.44,3.76553,0.49022,1.15469,0.62048,0.41928,0.47894,0.21407,4.20077,0.51694,1.1055,0.00481001,0.00481001,0.00481001
551,2942.66,3.81052,0.47577,1.14521,0.62756,0.42024,0.47805,0.21389,4.18004,0.51116,1.10504,0.00479604,0.00479604,0.00479604
552,2947.94,3.79728,0.47318,1.15515,0.63019,0.4201,0.47862,0.21716,4.09105,0.50744,1.10119,0.00478209,0.00478209,0.00478209
553,2953.6,3.89806,0.49714,1.10403,0.61474,0.412,0.46479,0.20734,4.18036,0.52029,1.10527,0.00476813,0.00476813,0.00476813
554,2958.79,4.10081,0.50414,1.10114,0.62507,0.41049,0.46843,0.20939,4.17691,0.51915,1.10491,0.00475419,0.00475419,0.00475419
555,2963.9,3.95582,0.51107,1.13815,0.60029,0.40143,0.45414,0.19748,4.28646,0.52678,1.10667,0.00474025,0.00474025,0.00474025
556,2969.21,3.85616,0.47864,1.10346,0.60955,0.40912,0.46443,0.20699,4.24111,0.52385,1.10721,0.00472632,0.00472632,0.00472632
557,2974.26,3.43281,0.44849,1.16172,0.62308,0.42449,0.47955,0.21294,4.20084,0.51193,1.10432,0.0047124,0.0047124,0.0047124
558,2979.67,3.68573,0.48157,1.14256,0.62099,0.42446,0.48022,0.20857,4.22674,0.52133,1.10296,0.00469848,0.00469848,0.00469848
559,2984.75,4.14027,0.54941,1.09488,0.60856,0.42921,0.47688,0.20944,4.2018,0.51746,1.10189,0.00468457,0.00468457,0.00468457
560,2989.86,3.92688,0.50639,1.07231,0.61299,0.39662,0.45069,0.20011,4.24732,0.53024,1.10887,0.00467067,0.00467067,0.00467067
561,2995.1,3.5411,0.46535,1.12191,0.63699,0.41003,0.47853,0.21299,4.18568,0.53973,1.10656,0.00465678,0.00465678,0.00465678
562,3000.38,4.22361,0.53511,1.13179,0.61789,0.40664,0.47018,0.20727,4.30606,0.58277,1.11184,0.0046429,0.0046429,0.0046429
563,3005.48,3.34538,0.46808,1.15493,0.62667,0.4061,0.46404,0.20188,4.37425,0.5786,1.11555,0.00462903,0.00462903,0.00462903
564,3010.81,3.51598,0.49988,1.13158,0.62913,0.39662,0.4588,0.19829,4.3993,0.63542,1.11867,0.00461516,0.00461516,0.00461516
565,3016.02,3.45487,0.47296,1.11303,0.63224,0.38042,0.45361,0.19271,4.46488,0.66405,1.12598,0.00460131,0.00460131,0.00460131
566,3021.28,3.66451,0.49164,1.15163,0.62544,0.41873,0.47838,0.21095,4.2164,0.54165,1.11546,0.00458746,0.00458746,0.00458746
567,3026.55,3.59929,0.49637,1.20422,0.61208,0.41612,0.4753,0.20891,4.22761,0.53013,1.10893,0.00457362,0.00457362,0.00457362
568,3031.92,3.66071,0.46797,1.12885,0.61954,0.42586,0.47968,0.21154,4.18363,0.52428,1.10432,0.00455979,0.00455979,0.00455979
569,3037.03,3.80425,0.48157,1.1263,0.62457,0.42353,0.48162,0.21244,4.2231,0.52237,1.10542,0.00454597,0.00454597,0.00454597
570,3042.36,3.90507,0.47813,1.13698,0.62628,0.41639,0.47611,0.21106,4.19709,0.53527,1.1038,0.00453216,0.00453216,0.00453216
571,3047.48,3.53971,0.45436,1.13639,0.6336,0.42163,0.48067,0.21329,4.18633,0.52467,1.10264,0.00451836,0.00451836,0.00451836
572,3052.8,3.20058,0.44555,1.14969,0.625,0.42875,0.48367,0.21117,4.26352,0.52253,1.10421,0.00450456,0.00450456,0.00450456
573,3058.04,3.65881,0.47309,1.15546,0.61932,0.42779,0.47926,0.21067,4.28521,0.52637,1.1046,0.00449078,0.00449078,0.00449078
574,3063.33,4.12085,0.51146,1.06807,0.6275,0.41557,0.47755,0.20978,4.23158,0.51728,1.10234,0.00447701,0.00447701,0.00447701
575,3068.41,3.83542,0.47897,1.11754,0.63798,0.41613,0.48116,0.21554,4.15704,0.51346,1.10271,0.00446325,0.00446325,0.00446325
576,3073.76,3.84617,0.46581,1.10321,0.63854,0.41036,0.4759,0.21538,4.06359,0.50673,1.10073,0.0044495,0.0044495,0.0044495
577,3078.96,3.41788,0.45158,1.18333,0.63278,0.41667,0.4784,0.21257,4.08765,0.50249,1.10038,0.00443575,0.00443575,0.00443575
578,3084.1,3.88546,0.48028,1.09736,0.63603,0.42435,0.48629,0.21916,4.07406,0.5035,1.10208,0.00442202,0.00442202,0.00442202
579,3089.61,3.96267,0.5283,1.08169,0.64327,0.42284,0.48781,0.21538,4.12572,0.50371,1.10389,0.0044083,0.0044083,0.0044083
580,3094.87,3.93148,0.505,1.11999,0.65146,0.42495,0.48976,0.21682,4.15384,0.5078,1.103,0.00439459,0.00439459,0.00439459
581,3100.25,3.59262,0.4564,1.12853,0.63554,0.42751,0.48615,0.21517,4.15861,0.5082,1.10497,0.0043809,0.0043809,0.0043809
582,3105.51,3.37154,0.46157,1.16334,0.62217,0.4241,0.47658,0.20825,4.19987,0.51912,1.10562,0.00436721,0.00436721,0.00436721
583,3110.8,3.52661,0.458,1.11206,0.61988,0.4271,0.47681,0.209,4.20785,0.52551,1.10617,0.00435353,0.00435353,0.00435353
584,3116.07,3.48671,0.45322,1.14323,0.62739,0.4168,0.47653,0.20955,4.24274,0.55053,1.11535,0.00433987,0.00433987,0.00433987
585,3121.46,3.69747,0.46144,1.121,0.63202,0.41529,0.47902,0.21294,4.19143,0.54189,1.11464,0.00432621,0.00432621,0.00432621
586,3126.78,3.8376,0.49855,1.14426,0.63629,0.42586,0.48611,0.21642,4.12887,0.5177,1.10797,0.00431257,0.00431257,0.00431257
587,3131.9,3.83146,0.48294,1.13864,0.63274,0.41941,0.4821,0.2113,4.13953,0.51289,1.11001,0.00429894,0.00429894,0.00429894
588,3137.11,3.66397,0.48648,1.15233,0.61896,0.41584,0.47337,0.20633,4.20642,0.51066,1.10613,0.00428532,0.00428532,0.00428532
589,3142.24,3.66048,0.47715,1.12502,0.63292,0.41269,0.47626,0.20817,4.20439,0.50692,1.10465,0.00427172,0.00427172,0.00427172
590,3147.91,4.09721,0.52394,1.09753,0.64387,0.4093,0.47935,0.21186,4.15257,0.50799,1.10343,0.00425812,0.00425812,0.00425812
591,3153.26,3.46655,0.4434,1.13179,0.64724,0.41612,0.48659,0.21311,4.18763,0.51005,1.10505,0.00424454,0.00424454,0.00424454
592,3158.54,3.47902,0.46246,1.10722,0.62427,0.40884,0.46765,0.20408,4.29636,0.51928,1.1205,0.00423097,0.00423097,0.00423097
593,3163.73,3.65121,0.47494,1.14003,0.62732,0.41157,0.47264,0.2045,4.30878,0.521,1.11994,0.00421741,0.00421741,0.00421741
594,3169.05,3.55573,0.46822,1.15101,0.61825,0.42738,0.48029,0.20985,4.21781,0.51502,1.11336,0.00420387,0.00420387,0.00420387
595,3174.19,3.76704,0.48053,1.10523,0.62043,0.42367,0.47995,0.2098,4.22393,0.51607,1.11515,0.00419034,0.00419034,0.00419034
596,3179.57,3.55033,0.46348,1.15422,0.63018,0.41447,0.47552,0.20866,4.2212,0.51691,1.12361,0.00417682,0.00417682,0.00417682
597,3184.82,3.63002,0.48569,1.13301,0.63807,0.41557,0.47613,0.20691,4.21676,0.51605,1.12266,0.00416331,0.00416331,0.00416331
598,3190.11,3.82007,0.49479,1.13605,0.63802,0.42051,0.48098,0.21438,4.13794,0.50997,1.11556,0.00414982,0.00414982,0.00414982
599,3195.32,4.08835,0.50637,1.09058,0.61998,0.40664,0.46087,0.19608,4.32438,0.51419,1.11875,0.00413634,0.00413634,0.00413634
600,3200.58,4.05666,0.53054,1.12941,0.63393,0.41735,0.47738,0.20768,4.20648,0.50645,1.11716,0.00412288,0.00412288,0.00412288
601,3205.72,3.32744,0.44237,1.13842,0.64772,0.42463,0.48981,0.21636,4.12765,0.50527,1.11587,0.00410942,0.00410942,0.00410942
602,3211.08,3.91123,0.46986,1.10383,0.64007,0.42943,0.48985,0.21275,4.20535,0.50873,1.11564,0.00409599,0.00409599,0.00409599
603,3216.35,3.6479,0.49161,1.12808,0.64587,0.43218,0.49457,0.22036,4.14784,0.50419,1.114,0.00408256,0.00408256,0.00408256
604,3222.08,3.65394,0.47485,1.11644,0.64284,0.41886,0.48862,0.2204,4.10889,0.51464,1.10936,0.00406915,0.00406915,0.00406915
605,3229.11,4.30432,0.53779,1.0922,0.64038,0.43218,0.49646,0.2215,4.08813,0.50153,1.10543,0.00405575,0.00405575,0.00405575
606,3234.64,3.75956,0.48832,1.10789,0.64648,0.43904,0.50232,0.22512,4.04841,0.50266,1.10127,0.00404237,0.00404237,0.00404237
607,3240.18,3.91471,0.50454,1.15037,0.63912,0.43375,0.49535,0.22092,4.0704,0.50126,1.10263,0.004029,0.004029,0.004029
608,3245.66,3.58219,0.46072,1.13358,0.64291,0.41461,0.48116,0.21272,4.11098,0.50827,1.1013,0.00401565,0.00401565,0.00401565
609,3250.78,3.8965,0.50288,1.15273,0.64409,0.41788,0.48213,0.21605,4.07814,0.50596,1.10051,0.00400231,0.00400231,0.00400231
610,3256.18,3.81166,0.50058,1.09745,0.63804,0.41598,0.48218,0.21593,4.12603,0.51612,1.10574,0.00398899,0.00398899,0.00398899
611,3261.26,3.48262,0.43559,1.10266,0.63757,0.41543,0.48463,0.21774,4.12551,0.51408,1.11227,0.00397568,0.00397568,0.00397568
612,3266.47,4.19214,0.4856,1.061,0.64362,0.42372,0.49232,0.22366,4.08015,0.49744,1.10945,0.00396239,0.00396239,0.00396239
613,3271.58,3.58317,0.46723,1.08674,0.64157,0.432,0.49574,0.22316,4.09243,0.49604,1.10825,0.00394911,0.00394911,0.00394911
614,3276.87,3.50433,0.45443,1.12581,0.62923,0.43079,0.48921,0.21983,4.08585,0.49264,1.10823,0.00393584,0.00393584,0.00393584
615,3282.06,3.3041,0.45578,1.15979,0.62615,0.41543,0.47687,0.21309,4.13513,0.5016,1.10448,0.0039226,0.0039226,0.0039226
616,3287.21,3.94254,0.48734,1.1111,0.62431,0.41159,0.47094,0.20591,4.22906,0.51398,1.10765,0.00390936,0.00390936,0.00390936
617,3292.48,3.97544,0.50943,1.07829,0.61815,0.40678,0.46006,0.20084,4.26234,0.51672,1.10877,0.00389615,0.00389615,0.00389615
618,3297.71,3.74159,0.46584,1.12297,0.62046,0.40582,0.45948,0.19997,4.26907,0.5172,1.1053,0.00388295,0.00388295,0.00388295
619,3303.08,3.84636,0.46823,1.09364,0.6203,0.42277,0.4727,0.20965,4.19571,0.5111,1.10394,0.00386976,0.00386976,0.00386976
620,3308.35,3.44426,0.44915,1.11624,0.62307,0.41688,0.47514,0.2127,4.16771,0.52218,1.10312,0.00385659,0.00385659,0.00385659
621,3313.75,3.37175,0.44816,1.15532,0.61879,0.41249,0.47006,0.21015,4.15803,0.52152,1.10252,0.00384344,0.00384344,0.00384344
622,3319.13,4.08671,0.50419,1.13803,0.63634,0.41653,0.48315,0.21879,4.09692,0.51136,1.10324,0.0038303,0.0038303,0.0038303
623,3324.34,4.07342,0.51163,1.11047,0.63115,0.41735,0.48056,0.21926,4.09023,0.51134,1.10343,0.00381718,0.00381718,0.00381718
624,3329.63,3.37643,0.44042,1.16733,0.63639,0.40126,0.47212,0.21201,4.11918,0.51806,1.10241,0.00380408,0.00380408,0.00380408
625,3334.89,3.34154,0.45757,1.16646,0.64427,0.40903,0.47645,0.21566,4.09479,0.51689,1.10204,0.00379099,0.00379099,0.00379099
626,3340.26,3.75355,0.47784,1.1212,0.63735,0.42133,0.48317,0.21751,4.11158,0.50626,1.10316,0.00377792,0.00377792,0.00377792
627,3345.41,3.97331,0.50753,1.13477,0.63945,0.42504,0.48781,0.22234,4.05763,0.49785,1.10192,0.00376487,0.00376487,0.00376487
628,3350.59,3.74224,0.47644,1.08902,0.62638,0.42477,0.48658,0.21772,4.14814,0.5047,1.10436,0.00375184,0.00375184,0.00375184
629,3355.81,3.64974,0.47213,1.1372,0.63639,0.42697,0.48907,0.21729,4.1378,0.50331,1.10609,0.00373882,0.00373882,0.00373882
630,3361.17,3.37713,0.45768,1.15091,0.6466,0.4131,0.48668,0.21601,4.09634,0.50462,1.11536,0.00372582,0.00372582,0.00372582
631,3366.35,3.9401,0.51744,1.13358,0.64855,0.41269,0.48166,0.21459,4.10115,0.51225,1.11625,0.00371283,0.00371283,0.00371283
632,3371.82,3.75982,0.47349,1.1175,0.64854,0.41461,0.48162,0.21043,4.17836,0.5134,1.11542,0.00369987,0.00369987,0.00369987
633,3376.87,3.56101,0.45354,1.08945,0.63847,0.40612,0.47501,0.20731,4.20601,0.51466,1.11181,0.00368692,0.00368692,0.00368692
634,3382.22,3.69621,0.46824,1.10892,0.64989,0.41722,0.48438,0.21865,4.08119,0.50325,1.10935,0.00367399,0.00367399,0.00367399
635,3387.5,4.20736,0.49852,1.08239,0.64507,0.42435,0.48627,0.22096,4.05354,0.49702,1.11023,0.00366108,0.00366108,0.00366108
636,3392.82,3.71296,0.45458,1.07623,0.6442,0.41529,0.48459,0.2194,4.02782,0.49894,1.111,0.00364819,0.00364819,0.00364819
637,3398.13,3.66076,0.47357,1.09578,0.65061,0.42175,0.48983,0.2253,3.98531,0.49643,1.10425,0.00363531,0.00363531,0.00363531
638,3403.86,4.03127,0.50717,1.11725,0.64947,0.42378,0.49041,0.22422,4.03898,0.50499,1.11401,0.00362245,0.00362245,0.00362245
639,3408.97,3.60163,0.48224,1.1459,0.65478,0.41625,0.48531,0.22161,4.07278,0.51076,1.11424,0.00360961,0.00360961,0.00360961
640,3414.21,3.77904,0.46766,1.07932,0.65196,0.42037,0.48709,0.2186,4.13685,0.51188,1.11261,0.00359679,0.00359679,0.00359679
641,3419.85,3.54215,0.453,1.12654,0.63787,0.42435,0.48699,0.2179,4.15304,0.50403,1.11718,0.00358399,0.00358399,0.00358399
642,3425.12,3.13084,0.42745,1.16358,0.6279,0.43328,0.48867,0.21491,4.16509,0.51235,1.10278,0.00357121,0.00357121,0.00357121
643,3430.48,4.3739,0.56709,1.06133,0.63485,0.43108,0.48756,0.21776,4.1259,0.50425,1.1017,0.00355845,0.00355845,0.00355845
644,3435.83,3.32579,0.44428,1.12563,0.64286,0.42834,0.49012,0.22339,4.01956,0.49007,1.10122,0.0035457,0.0035457,0.0035457
645,3440.94,3.24185,0.43232,1.1428,0.6435,0.43012,0.492,0.22183,4.05078,0.49431,1.10034,0.00353298,0.00353298,0.00353298
646,3446.23,3.81512,0.51549,1.16468,0.6467,0.43163,0.49596,0.22399,4.03826,0.49939,1.09902,0.00352027,0.00352027,0.00352027
647,3451.68,3.74673,0.49955,1.11381,0.64653,0.42683,0.4919,0.21802,4.10595,0.50424,1.1008,0.00350759,0.00350759,0.00350759
648,3456.95,3.39616,0.44526,1.11594,0.6381,0.4249,0.48713,0.21682,4.0866,0.50892,1.10089,0.00349492,0.00349492,0.00349492
649,3462.08,3.66519,0.47632,1.1578,0.63127,0.42792,0.48853,0.21912,4.09385,0.51154,1.10222,0.00348228,0.00348228,0.00348228
650,3467.4,3.01373,0.43074,1.18004,0.64923,0.42079,0.49246,0.22204,4.07555,0.49969,1.10736,0.00346965,0.00346965,0.00346965
651,3472.65,4.03325,0.50227,1.12735,0.64905,0.41029,0.48191,0.21309,4.13528,0.5172,1.10947,0.00345704,0.00345704,0.00345704
652,3477.83,3.59689,0.47499,1.12394,0.64431,0.40431,0.47327,0.2099,4.1224,0.51515,1.10544,0.00344446,0.00344446,0.00344446
653,3483.22,3.2492,0.44283,1.13242,0.64708,0.42106,0.48946,0.22376,3.99057,0.50125,1.10415,0.00343189,0.00343189,0.00343189
654,3488.44,3.42213,0.47323,1.15082,0.63664,0.42614,0.48741,0.2223,4.03167,0.50692,1.09986,0.00341935,0.00341935,0.00341935
655,3493.7,3.35743,0.45318,1.14679,0.64848,0.42346,0.48971,0.21991,4.05306,0.50238,1.10029,0.00340682,0.00340682,0.00340682
656,3499.15,3.60534,0.45668,1.10668,0.6424,0.42051,0.48786,0.21834,4.09303,0.50394,1.09945,0.00339432,0.00339432,0.00339432
657,3504.25,3.58403,0.45744,1.10547,0.64282,0.42504,0.48753,0.216,4.1456,0.50842,1.10045,0.00338183,0.00338183,0.00338183
658,3509.66,3.30973,0.42828,1.10688,0.64616,0.43218,0.49474,0.22408,4.03909,0.49759,1.09895,0.00336937,0.00336937,0.00336937
659,3515.01,3.80262,0.4826,1.12147,0.64706,0.42916,0.49384,0.2214,4.07027,0.50514,1.10009,0.00335693,0.00335693,0.00335693
660,3520.25,3.70971,0.47524,1.12963,0.65283,0.42957,0.4949,0.2228,4.08878,0.50756,1.10311,0.00334451,0.00334451,0.00334451
661,3525.49,3.61465,0.4768,1.13843,0.65031,0.43136,0.49384,0.22225,4.07525,0.50498,1.10394,0.00333211,0.00333211,0.00333211
662,3530.63,3.76993,0.46507,1.10019,0.64965,0.43053,0.49335,0.22118,4.0987,0.50346,1.10626,0.00331973,0.00331973,0.00331973
663,3535.72,3.11543,0.41811,1.12869,0.6553,0.43168,0.49898,0.22406,4.06267,0.50165,1.1013,0.00330737,0.00330737,0.00330737
664,3541.07,3.68365,0.46403,1.11128,0.64217,0.43067,0.49597,0.22558,4.04922,0.49615,1.10042,0.00329504,0.00329504,0.00329504
665,3546.75,3.43377,0.44524,1.12958,0.63373,0.42792,0.49121,0.22504,4.04739,0.49291,1.10132,0.00328273,0.00328273,0.00328273
666,3552.04,3.86476,0.48745,1.10793,0.63915,0.42902,0.49451,0.22529,4.04541,0.49192,1.1009,0.00327044,0.00327044,0.00327044
667,3557.19,3.77831,0.47391,1.10756,0.64408,0.42916,0.49608,0.22436,4.03727,0.49699,1.09983,0.00325817,0.00325817,0.00325817
668,3562.49,3.46367,0.47565,1.10482,0.64266,0.41282,0.48602,0.21564,4.11169,0.51687,1.10038,0.00324592,0.00324592,0.00324592
669,3567.85,3.44864,0.43116,1.13016,0.64903,0.42219,0.49478,0.22123,4.0727,0.5088,1.09967,0.0032337,0.0032337,0.0032337
670,3573.17,3.37546,0.44995,1.12256,0.65999,0.42611,0.49929,0.22519,4.0359,0.49539,1.09755,0.00322149,0.00322149,0.00322149
671,3578.27,3.37933,0.45559,1.16341,0.65924,0.42435,0.49747,0.22628,4.0078,0.4923,1.09641,0.00320931,0.00320931,0.00320931
672,3583.89,3.76926,0.47796,1.09267,0.66768,0.42381,0.50043,0.23032,3.94954,0.48775,1.0952,0.00319716,0.00319716,0.00319716
673,3590.94,3.54502,0.43694,1.10154,0.66741,0.42641,0.50185,0.2309,3.97818,0.48717,1.09695,0.00318502,0.00318502,0.00318502
674,3596.84,3.38554,0.42062,1.08351,0.66253,0.43245,0.50353,0.22349,4.11468,0.49644,1.09975,0.00317291,0.00317291,0.00317291
675,3602.36,3.40118,0.44884,1.1614,0.66087,0.42792,0.49733,0.22363,4.07019,0.49444,1.09827,0.00316082,0.00316082,0.00316082
676,3607.77,3.4766,0.44266,1.11606,0.65189,0.42422,0.48947,0.2194,4.09093,0.49507,1.0976,0.00314876,0.00314876,0.00314876
677,3612.94,3.86032,0.45967,1.12691,0.64931,0.42147,0.485,0.21752,4.06897,0.49441,1.09769,0.00313671,0.00313671,0.00313671
678,3618.13,3.0411,0.41349,1.13842,0.65026,0.41516,0.48478,0.21945,4.05135,0.5015,1.10255,0.0031247,0.0031247,0.0031247
679,3623.34,3.0177,0.42755,1.17633,0.65257,0.41722,0.49077,0.22192,4.04417,0.50589,1.1035,0.0031127,0.0031127,0.0031127
680,3628.69,3.46737,0.43231,1.08071,0.64865,0.42351,0.49316,0.22337,4.06206,0.50266,1.10074,0.00310073,0.00310073,0.00310073
681,3633.72,3.54215,0.4624,1.10992,0.64497,0.42147,0.48956,0.2191,4.11009,0.50382,1.10279,0.00308878,0.00308878,0.00308878
682,3638.89,3.61564,0.45038,1.10467,0.63608,0.41172,0.47767,0.21258,4.15484,0.51084,1.11481,0.00307685,0.00307685,0.00307685
683,3644.19,3.53127,0.47696,1.13103,0.62826,0.3958,0.46165,0.20309,4.24426,0.52664,1.11917,0.00306495,0.00306495,0.00306495
684,3649.54,4.0231,0.48513,1.02869,0.64656,0.41337,0.48215,0.2134,4.12399,0.50369,1.10487,0.00305308,0.00305308,0.00305308
685,3654.83,3.52523,0.45011,1.13605,0.6518,0.4282,0.49494,0.22289,4.02958,0.48945,1.10315,0.00304123,0.00304123,0.00304123
686,3660.22,3.66778,0.49393,1.10959,0.63675,0.42683,0.49009,0.22424,3.98844,0.48732,1.10134,0.0030294,0.0030294,0.0030294
687,3665.38,3.63889,0.48956,1.11277,0.63994,0.42456,0.4873,0.22227,4.00708,0.49247,1.10183,0.00301759,0.00301759,0.00301759
688,3670.61,3.83208,0.46273,1.09009,0.654,0.41804,0.48896,0.22118,4.05633,0.50177,1.10471,0.00300581,0.00300581,0.00300581
689,3675.75,3.74722,0.4552,1.08084,0.63118,0.41255,0.46586,0.20896,4.0931,0.52909,1.10882,0.00299406,0.00299406,0.00299406
690,3680.87,4.15832,0.53593,1.10864,0.51775,0.38811,0.34621,0.14759,4.26654,0.8998,1.14137,0.00298233,0.00298233,0.00298233
691,3686.06,4.08226,0.50116,1.07568,0.58323,0.41145,0.40855,0.17641,4.14421,0.66353,1.11263,0.00297062,0.00297062,0.00297062
692,3691.54,3.72071,0.49039,1.1492,0.64776,0.42518,0.48032,0.21391,4.06492,0.50518,1.10267,0.00295894,0.00295894,0.00295894
693,3696.65,3.77853,0.49283,1.08493,0.65294,0.43136,0.49487,0.22319,4.04024,0.49408,1.10123,0.00294729,0.00294729,0.00294729
694,3702.01,3.50959,0.45944,1.13188,0.6435,0.43465,0.49384,0.22231,4.03907,0.49169,1.10494,0.00293566,0.00293566,0.00293566
695,3707.15,3.6489,0.48555,1.06977,0.65259,0.43401,0.49913,0.2257,4.01094,0.48713,1.10432,0.00292406,0.00292406,0.00292406
696,3712.3,3.37612,0.42766,1.1163,0.65395,0.42889,0.49972,0.23048,3.98319,0.48685,1.09778,0.00291248,0.00291248,0.00291248
697,3717.47,3.42538,0.43144,1.09075,0.65343,0.4282,0.49937,0.2279,3.99528,0.48663,1.09593,0.00290092,0.00290092,0.00290092
698,3722.71,3.65023,0.48843,1.11555,0.64347,0.41722,0.48448,0.21671,4.07509,0.49368,1.09872,0.00288939,0.00288939,0.00288939
699,3727.95,3.82048,0.50869,1.1777,0.63871,0.40774,0.47516,0.20989,4.16086,0.50269,1.1057,0.00287789,0.00287789,0.00287789
700,3733.39,3.66346,0.47307,1.15053,0.65712,0.41991,0.49114,0.22142,4.05024,0.50233,1.10174,0.00286642,0.00286642,0.00286642
701,3738.52,3.07999,0.41332,1.15152,0.65397,0.42532,0.49537,0.22071,4.09507,0.50558,1.10088,0.00285497,0.00285497,0.00285497
702,3743.84,4.36923,0.50575,1.0428,0.64965,0.43753,0.50376,0.22424,4.09435,0.50315,1.09937,0.00284354,0.00284354,0.00284354
703,3749.33,3.29462,0.44173,1.17523,0.65084,0.43342,0.5001,0.22357,4.08375,0.50742,1.09782,0.00283214,0.00283214,0.00283214
704,3754.55,3.5151,0.44723,1.11322,0.64686,0.4333,0.48936,0.22194,3.96276,0.50576,1.0965,0.00282077,0.00282077,0.00282077
705,3759.59,3.36743,0.44042,1.16407,0.64638,0.42641,0.48576,0.21987,3.99306,0.50053,1.09876,0.00280943,0.00280943,0.00280943
706,3764.97,3.67147,0.46128,1.0836,0.63443,0.41104,0.47071,0.2055,4.10396,0.5184,1.10204,0.00279811,0.00279811,0.00279811
707,3770,3.52578,0.44826,1.10003,0.63372,0.39786,0.45826,0.19842,4.17176,0.52753,1.10512,0.00278682,0.00278682,0.00278682
708,3775.14,3.76927,0.46126,1.10172,0.62443,0.3726,0.4383,0.19216,4.28344,0.55767,1.11289,0.00277555,0.00277555,0.00277555
709,3780.55,3.30244,0.42698,1.13825,0.60334,0.34871,0.40924,0.16884,4.52581,0.59117,1.12017,0.00276431,0.00276431,0.00276431
710,3785.79,4.15043,0.4892,1.09091,0.61572,0.37727,0.43899,0.18828,4.37029,0.55397,1.11368,0.0027531,0.0027531,0.0027531
711,3790.92,3.36792,0.43565,1.08042,0.63694,0.40706,0.47339,0.21051,4.15517,0.52097,1.10658,0.00274192,0.00274192,0.00274192
712,3796.19,3.66933,0.47125,1.13283,0.63458,0.42628,0.49289,0.22305,4.03278,0.49997,1.10296,0.00273076,0.00273076,0.00273076
713,3801.23,3.44149,0.41976,1.10616,0.64017,0.43273,0.50006,0.22878,3.95885,0.49123,1.09793,0.00271963,0.00271963,0.00271963
714,3806.64,3.50964,0.4286,1.11232,0.64379,0.44124,0.50296,0.23032,3.94361,0.4871,1.09667,0.00270853,0.00270853,0.00270853
715,3811.88,3.11415,0.42879,1.13011,0.64744,0.43877,0.50119,0.23007,3.94243,0.4879,1.09727,0.00269745,0.00269745,0.00269745
716,3817.02,3.48945,0.46749,1.12871,0.65169,0.42641,0.49371,0.22593,4.00139,0.50189,1.09771,0.00268641,0.00268641,0.00268641
717,3822.1,3.38364,0.43237,1.12196,0.65176,0.42216,0.49222,0.22597,3.97391,0.49891,1.09786,0.00267539,0.00267539,0.00267539
718,3827.37,3.72339,0.46465,1.09847,0.64494,0.42435,0.49225,0.22505,3.97961,0.49634,1.09954,0.0026644,0.0026644,0.0026644
719,3832.51,3.3028,0.42582,1.11768,0.64379,0.42683,0.49429,0.22671,3.95367,0.4929,1.0986,0.00265343,0.00265343,0.00265343
720,3838.28,3.57652,0.44912,1.15748,0.65112,0.42806,0.49767,0.22917,3.93689,0.48594,1.09747,0.0026425,0.0026425,0.0026425
721,3843.77,3.21856,0.43517,1.13934,0.64426,0.42916,0.49744,0.23037,3.93391,0.48492,1.09836,0.00263159,0.00263159,0.00263159
722,3849.16,3.65951,0.45882,1.1531,0.643,0.4352,0.49972,0.23185,3.92203,0.48508,1.09989,0.00262071,0.00262071,0.00262071
723,3855.07,3.30289,0.42918,1.11643,0.64033,0.43149,0.5001,0.22867,3.98741,0.48532,1.10577,0.00260986,0.00260986,0.00260986
724,3860.36,4.0836,0.52087,1.05855,0.6498,0.44097,0.50437,0.23082,3.97252,0.49018,1.10088,0.00259904,0.00259904,0.00259904
725,3865.45,3.55866,0.45057,1.11841,0.65463,0.44165,0.50629,0.2315,3.97428,0.49176,1.09914,0.00258825,0.00258825,0.00258825
726,3870.74,3.36419,0.43605,1.12843,0.65014,0.44193,0.50859,0.23633,3.90078,0.48384,1.09561,0.00257748,0.00257748,0.00257748
727,3876.39,3.19044,0.4541,1.12991,0.65284,0.43973,0.50823,0.23347,3.92433,0.48572,1.09382,0.00256675,0.00256675,0.00256675
728,3881.69,3.68145,0.43718,1.09859,0.65682,0.42902,0.50123,0.22754,3.99788,0.49254,1.09468,0.00255604,0.00255604,0.00255604
729,3887.17,3.38331,0.44198,1.1318,0.65357,0.42367,0.49634,0.22545,3.98478,0.49171,1.09525,0.00254536,0.00254536,0.00254536
730,3892.65,3.56055,0.44147,1.09338,0.64441,0.43018,0.50069,0.22591,4.00972,0.48831,1.09624,0.00253472,0.00253472,0.00253472
731,3897.79,3.33593,0.43429,1.12015,0.64644,0.43314,0.50117,0.22495,4.02977,0.48807,1.09638,0.0025241,0.0025241,0.0025241
732,3902.98,3.37107,0.42831,1.12429,0.65673,0.43191,0.50241,0.22664,4.06153,0.49269,1.098,0.00251351,0.00251351,0.00251351
733,3908.18,3.52007,0.44966,1.12871,0.6385,0.43451,0.50038,0.22634,4.07951,0.49493,1.09824,0.00250295,0.00250295,0.00250295
734,3913.52,3.30815,0.46998,1.18146,0.64692,0.42133,0.49605,0.22395,4.0651,0.49315,1.09963,0.00249242,0.00249242,0.00249242
735,3918.93,3.3687,0.44378,1.11351,0.65177,0.41941,0.49172,0.2181,4.11747,0.49423,1.10275,0.00248191,0.00248191,0.00248191
736,3924.2,3.37849,0.41509,1.10923,0.65481,0.42998,0.50046,0.22984,3.95619,0.48743,1.09477,0.00247144,0.00247144,0.00247144
737,3929.36,3.4264,0.44858,1.09141,0.65002,0.43163,0.49956,0.22966,3.97929,0.4901,1.09456,0.002461,0.002461,0.002461
738,3934.62,3.31748,0.43702,1.13083,0.64201,0.4142,0.48519,0.21277,4.16982,0.50591,1.10563,0.00245059,0.00245059,0.00245059
739,3940,3.2136,0.43922,1.12515,0.64584,0.41076,0.48198,0.21506,4.1361,0.50709,1.1058,0.00244021,0.00244021,0.00244021
740,3945.38,3.24107,0.40934,1.09936,0.65421,0.41049,0.48247,0.21451,4.12973,0.5024,1.1099,0.00242986,0.00242986,0.00242986
741,3950.81,3.14961,0.41836,1.13814,0.64798,0.41447,0.48629,0.21651,4.13583,0.49731,1.11087,0.00241954,0.00241954,0.00241954
742,3956.11,3.62499,0.445,1.09389,0.6596,0.4368,0.50446,0.22912,3.99751,0.48411,1.10033,0.00240925,0.00240925,0.00240925
743,3961.28,4.1762,0.52231,1.13195,0.65788,0.43712,0.50577,0.23134,3.97018,0.48267,1.09811,0.00239899,0.00239899,0.00239899
744,3966.5,3.2521,0.43243,1.10996,0.66271,0.42847,0.50201,0.22887,3.99178,0.49025,1.09718,0.00238876,0.00238876,0.00238876
745,3971.78,3.30582,0.42465,1.14505,0.66955,0.4256,0.49755,0.2279,3.9947,0.49389,1.09708,0.00237856,0.00237856,0.00237856
746,3977.05,3.85861,0.46017,1.0942,0.6633,0.42381,0.49594,0.22346,3.97338,0.48902,1.09945,0.00236839,0.00236839,0.00236839
747,3982.44,4.02019,0.49654,1.07465,0.65288,0.42559,0.49575,0.21936,4.00876,0.48929,1.10043,0.00235826,0.00235826,0.00235826
748,3987.74,3.28453,0.43074,1.12029,0.65745,0.43465,0.50707,0.22925,3.99519,0.48627,1.09625,0.00234815,0.00234815,0.00234815
749,3992.91,4.00668,0.52362,1.10615,0.65847,0.43136,0.50571,0.22875,4.04077,0.49015,1.0971,0.00233808,0.00233808,0.00233808
750,3998.14,3.79656,0.48161,1.13012,0.65443,0.43081,0.50541,0.22833,4.03304,0.48678,1.09648,0.00232803,0.00232803,0.00232803
751,4003.53,3.32892,0.41896,1.1353,0.65075,0.4374,0.50773,0.2281,4.03898,0.48521,1.09716,0.00231802,0.00231802,0.00231802
752,4008.78,3.4717,0.4976,1.1623,0.64534,0.43616,0.50347,0.22716,4.02092,0.48865,1.09797,0.00230804,0.00230804,0.00230804
753,4014.18,3.69102,0.48274,1.11195,0.6475,0.43287,0.50053,0.22591,4.02637,0.491,1.09922,0.00229809,0.00229809,0.00229809
754,4019.51,3.33751,0.42635,1.11066,0.64684,0.43099,0.49745,0.22301,4.09674,0.493,1.09989,0.00228817,0.00228817,0.00228817
755,4024.59,3.58052,0.4749,1.10476,0.64846,0.42985,0.49667,0.22199,4.11894,0.49659,1.09961,0.00227829,0.00227829,0.00227829
756,4029.78,3.08313,0.42082,1.12916,0.65672,0.42861,0.50161,0.22774,4.01136,0.48685,1.09642,0.00226843,0.00226843,0.00226843
757,4035.13,3.5794,0.479,1.09484,0.65722,0.42847,0.5009,0.2269,4.01265,0.48587,1.09597,0.00225861,0.00225861,0.00225861
758,4040.54,3.68826,0.46077,1.06988,0.64949,0.43369,0.49744,0.22226,4.09896,0.49994,1.09752,0.00224882,0.00224882,0.00224882
759,4045.82,3.60352,0.4703,1.1326,0.64401,0.433,0.49917,0.22473,4.05598,0.49521,1.09727,0.00223906,0.00223906,0.00223906
760,4051.19,3.6124,0.48108,1.13449,0.6452,0.43657,0.50065,0.22712,4.02546,0.49182,1.09665,0.00222933,0.00222933,0.00222933
761,4056.33,3.61426,0.4762,1.11521,0.64668,0.43561,0.50228,0.22767,4.01437,0.48972,1.09809,0.00221964,0.00221964,0.00221964
762,4061.69,3.6093,0.435,1.09044,0.64899,0.43616,0.50473,0.22844,3.97141,0.48701,1.09676,0.00220998,0.00220998,0.00220998
763,4066.92,3.89483,0.47041,1.06903,0.65134,0.44014,0.50856,0.23145,3.92941,0.48436,1.09577,0.00220035,0.00220035,0.00220035
764,4072.32,3.80335,0.47719,1.13187,0.63939,0.44179,0.50487,0.23041,3.94794,0.48628,1.09549,0.00219075,0.00219075,0.00219075
765,4077.37,4.20907,0.52377,1.05305,0.6447,0.43575,0.50345,0.22882,3.97424,0.48673,1.09524,0.00218119,0.00218119,0.00218119
766,4082.64,3.331,0.44434,1.10428,0.65464,0.43451,0.50552,0.23081,3.96967,0.48649,1.09425,0.00217166,0.00217166,0.00217166
767,4087.73,3.46404,0.41671,1.08659,0.65274,0.43148,0.50096,0.23057,3.94663,0.48605,1.095,0.00216216,0.00216216,0.00216216
768,4092.97,3.1824,0.42546,1.13406,0.63382,0.41206,0.48216,0.21418,4.09548,0.49681,1.1075,0.0021527,0.0021527,0.0021527
769,4098.35,3.52508,0.44856,1.1427,0.6437,0.41461,0.48584,0.21423,4.09691,0.49544,1.10722,0.00214326,0.00214326,0.00214326
770,4103.54,3.40509,0.44695,1.11305,0.64826,0.42939,0.49762,0.2256,4.00288,0.49307,1.10035,0.00213387,0.00213387,0.00213387
771,4108.74,3.23982,0.42658,1.14106,0.63962,0.43543,0.49948,0.22723,4.00012,0.48918,1.09943,0.0021245,0.0021245,0.0021245
772,4114.05,3.61498,0.46019,1.10013,0.64101,0.43081,0.49983,0.22759,3.97672,0.48299,1.09614,0.00211517,0.00211517,0.00211517
773,4119.19,3.05868,0.43467,1.19809,0.6295,0.42202,0.4906,0.21862,4.07961,0.49168,1.10087,0.00210587,0.00210587,0.00210587
774,4124.42,3.34072,0.42842,1.13773,0.63137,0.4201,0.48784,0.21768,4.11591,0.49662,1.10558,0.0020966,0.0020966,0.0020966
775,4129.77,3.71999,0.45417,1.0872,0.63799,0.42339,0.49351,0.22394,4.03754,0.48928,1.10188,0.00208737,0.00208737,0.00208737
776,4134.99,3.42286,0.42973,1.0847,0.63948,0.42373,0.494,0.22256,4.03544,0.48677,1.09901,0.00207817,0.00207817,0.00207817
777,4140.18,3.8446,0.45657,1.09393,0.64952,0.42871,0.50025,0.22517,4.00951,0.48332,1.09763,0.00206901,0.00206901,0.00206901
778,4145.5,3.50977,0.46198,1.10726,0.65747,0.44001,0.51201,0.23354,3.98168,0.47926,1.09537,0.00205988,0.00205988,0.00205988
779,4150.55,3.34276,0.43029,1.14587,0.65682,0.44169,0.51349,0.23514,3.96975,0.4798,1.0952,0.00205078,0.00205078,0.00205078
780,4155.72,3.1231,0.4068,1.11468,0.64944,0.43232,0.50787,0.23238,3.95457,0.47984,1.09579,0.00204172,0.00204172,0.00204172
781,4161.21,3.56425,0.44962,1.10848,0.65355,0.433,0.51109,0.23496,3.93537,0.47839,1.09559,0.00203269,0.00203269,0.00203269
782,4166.54,3.82231,0.46598,1.08795,0.65717,0.43795,0.51152,0.23151,3.97835,0.48371,1.09657,0.0020237,0.0020237,0.0020237
783,4171.55,3.25133,0.41996,1.10171,0.65571,0.43753,0.51162,0.23334,3.94231,0.47943,1.0957,0.00201474,0.00201474,0.00201474
784,4176.87,3.96225,0.48519,1.07139,0.66407,0.42353,0.50404,0.2281,3.95369,0.47865,1.09584,0.00200581,0.00200581,0.00200581
785,4182.13,3.51161,0.45209,1.12258,0.67152,0.4193,0.50317,0.23182,3.90534,0.47761,1.09452,0.00199692,0.00199692,0.00199692
786,4187.53,3.62194,0.46196,1.09926,0.66546,0.41365,0.49762,0.23041,3.90985,0.47922,1.09483,0.00198806,0.00198806,0.00198806
787,4192.76,3.31313,0.41815,1.11138,0.66488,0.41728,0.49808,0.22854,3.92567,0.47916,1.09491,0.00197924,0.00197924,0.00197924
788,4197.95,3.56426,0.44921,1.09151,0.66554,0.42408,0.50012,0.23057,3.90569,0.47797,1.09409,0.00197045,0.00197045,0.00197045
789,4203.06,3.17001,0.40758,1.13786,0.67244,0.42866,0.50495,0.23501,3.88748,0.47658,1.09359,0.0019617,0.0019617,0.0019617
790,4208.52,3.0321,0.39163,1.10869,0.65461,0.43424,0.50627,0.22868,3.99887,0.48834,1.09554,0.00195298,0.00195298,0.00195298
791,4213.72,3.14981,0.41876,1.11588,0.65994,0.43465,0.50719,0.22876,4.00401,0.49114,1.09543,0.0019443,0.0019443,0.0019443
792,4219.1,4.01438,0.48729,1.04256,0.66956,0.43201,0.5062,0.23183,3.97535,0.48714,1.09399,0.00193566,0.00193566,0.00193566
793,4224.33,3.75067,0.47435,1.07126,0.67038,0.43307,0.50576,0.23156,3.96923,0.48219,1.09484,0.00192704,0.00192704,0.00192704
794,4229.62,3.08561,0.39986,1.11345,0.67403,0.43263,0.50835,0.2315,3.95702,0.47958,1.09951,0.00191847,0.00191847,0.00191847
795,4234.78,3.15156,0.41762,1.087,0.67073,0.42928,0.50561,0.23114,3.93834,0.47927,1.10075,0.00190993,0.00190993,0.00190993
796,4240.11,3.79998,0.48426,1.08249,0.6544,0.42559,0.49792,0.22865,3.92426,0.48304,1.09909,0.00190142,0.00190142,0.00190142
797,4245.43,3.54007,0.4405,1.11371,0.65059,0.42641,0.49901,0.22923,3.92003,0.48601,1.09631,0.00189295,0.00189295,0.00189295
798,4250.61,3.29342,0.42869,1.10087,0.66361,0.42271,0.50091,0.22809,3.96513,0.49254,1.09376,0.00188451,0.00188451,0.00188451
799,4256.02,3.35757,0.41758,1.08011,0.6543,0.426,0.50178,0.22841,3.96675,0.49421,1.09347,0.00187611,0.00187611,0.00187611
800,4261.26,3.31935,0.40467,1.10001,0.66747,0.42641,0.50646,0.23378,3.91477,0.48971,1.09313,0.00186775,0.00186775,0.00186775
801,4266.44,3.14345,0.42044,1.13777,0.66654,0.42669,0.50696,0.23344,3.92856,0.49182,1.094,0.00185942,0.00185942,0.00185942
802,4271.87,3.2541,0.42354,1.09501,0.66358,0.4304,0.50821,0.23287,3.9317,0.48373,1.0959,0.00185113,0.00185113,0.00185113
803,4277.25,2.99322,0.40324,1.13657,0.66215,0.43589,0.5123,0.23553,3.90415,0.47735,1.09371,0.00184288,0.00184288,0.00184288
804,4282.49,3.29933,0.41513,1.10332,0.65322,0.43987,0.51182,0.23366,3.98338,0.47507,1.09354,0.00183466,0.00183466,0.00183466
805,4287.76,3.3772,0.42865,1.10474,0.65364,0.43215,0.50495,0.22948,4.0155,0.47704,1.0962,0.00182647,0.00182647,0.00182647
806,4293.1,3.17734,0.41934,1.14228,0.65725,0.43287,0.50655,0.23107,3.98136,0.47696,1.09479,0.00181833,0.00181833,0.00181833
807,4298.24,3.6602,0.49171,1.09994,0.65503,0.43314,0.50594,0.23159,3.96371,0.47871,1.09373,0.00181022,0.00181022,0.00181022
808,4303.59,3.12901,0.41856,1.11413,0.65403,0.42504,0.49649,0.2247,3.98361,0.49297,1.09452,0.00180214,0.00180214,0.00180214
809,4309.02,3.82419,0.50883,1.09255,0.64751,0.42477,0.49571,0.22497,3.98869,0.50046,1.09476,0.0017941,0.0017941,0.0017941
810,4314.22,3.2957,0.42397,1.10519,0.65857,0.42024,0.49485,0.22509,4.0048,0.49783,1.09532,0.0017861,0.0017861,0.0017861
811,4319.63,3.21258,0.40579,1.11389,0.65604,0.42865,0.50079,0.22668,3.99507,0.49159,1.0953,0.00177814,0.00177814,0.00177814
812,4324.88,3.07136,0.41258,1.14481,0.6576,0.43504,0.50667,0.23061,3.96293,0.48782,1.09598,0.00177021,0.00177021,0.00177021
813,4330.12,3.39606,0.45382,1.12484,0.66312,0.43328,0.50832,0.23195,3.94529,0.4844,1.09665,0.00176232,0.00176232,0.00176232
814,4335.34,3.21807,0.40676,1.10531,0.65939,0.4249,0.50327,0.23309,3.92665,0.47819,1.0963,0.00175446,0.00175446,0.00175446
815,4340.57,3.08823,0.41226,1.12431,0.65657,0.42367,0.50002,0.23108,3.926,0.47653,1.09758,0.00174665,0.00174665,0.00174665
816,4345.75,3.02286,0.39941,1.12295,0.6488,0.42449,0.49611,0.22965,3.93018,0.48023,1.09808,0.00173887,0.00173887,0.00173887
817,4351.07,3.44729,0.43637,1.1108,0.65458,0.42792,0.50001,0.2301,3.95226,0.48318,1.09718,0.00173112,0.00173112,0.00173112
818,4356.26,3.38403,0.42342,1.10249,0.64864,0.43161,0.50101,0.23155,3.94514,0.48138,1.09759,0.00172342,0.00172342,0.00172342
819,4361.48,3.92253,0.47287,1.08962,0.64337,0.42871,0.50112,0.23005,3.96804,0.48375,1.09821,0.00171575,0.00171575,0.00171575
820,4366.9,3.28335,0.48415,1.20202,0.64564,0.42202,0.4962,0.22535,4.01864,0.49122,1.10071,0.00170812,0.00170812,0.00170812
821,4371.96,3.59073,0.44541,1.10283,0.65079,0.42161,0.49714,0.22643,4.01378,0.49139,1.10067,0.00170052,0.00170052,0.00170052
822,4377.36,2.97998,0.41803,1.1524,0.65606,0.43438,0.50938,0.23285,3.96091,0.48641,1.09596,0.00169297,0.00169297,0.00169297
823,4382.65,3.88622,0.47841,1.11,0.65593,0.43699,0.5108,0.23272,3.98243,0.4873,1.09548,0.00168545,0.00168545,0.00168545
824,4387.94,3.08384,0.42919,1.15232,0.6464,0.43819,0.50594,0.22849,4.05633,0.4961,1.09466,0.00167797,0.00167797,0.00167797
825,4393.13,2.99631,0.38489,1.09249,0.64979,0.4338,0.50503,0.22927,4.03214,0.49262,1.09465,0.00167052,0.00167052,0.00167052
826,4398.73,3.433,0.42224,1.07641,0.65599,0.42593,0.50044,0.2272,3.99484,0.48909,1.09556,0.00166312,0.00166312,0.00166312
