epoch,time,train/box_loss,train/cls_loss,train/dfl_loss,metrics/precision(B),metrics/recall(B),metrics/mAP50(B),metrics/mAP50-95(B),val/box_loss,val/cls_loss,val/dfl_loss,lr/pg0,lr/pg1,lr/pg2
1,6.18501,11.3085,7.83373,1.63894,0.0201,0.02814,0.0109,0.00452,14.5192,9.04683,1.81964,0.19602,2e-05,2e-05
2,10.3285,12.2493,7.98814,1.68972,0.02363,0.03309,0.0128,0.00528,14.5402,9.05636,1.82303,0.19005,4.99505e-05,4.99505e-05
3,14.437,11.386,7.79375,1.61181,0.02716,0.03803,0.01484,0.00612,14.4589,9.00706,1.81519,0.18408,7.98416e-05,7.98416e-05
4,19.102,11.6468,7.75709,1.66748,0.06147,0.08608,0.04122,0.01694,13.3114,8.01293,1.67704,0.17811,0.000109673,0.000109673
5,23.6106,11.3771,6.8003,1.60722,0.14784,0.20703,0.14884,0.05837,11.743,5.96733,1.49603,0.172139,0.000139446,0.000139446
6,27.8752,10.4167,5.9757,1.52322,0.40106,0.26332,0.27488,0.10693,10.7277,5.04634,1.37372,0.166169,0.000169158,0.000169158
7,32.2512,10.7095,4.91753,1.4351,0.45288,0.33567,0.3466,0.1345,10.3659,6.20589,1.30427,0.160199,0.000198812,0.000198812
8,36.9939,10.7701,4.80979,1.39315,0.46841,0.38619,0.38484,0.14746,10.2006,6.66223,1.2661,0.154228,0.000228406,0.000228406
9,41.3583,9.40755,3.99145,1.32666,0.4488,0.39962,0.3785,0.14413,10.4283,6.21174,1.26116,0.148258,0.000257941,0.000257941
10,45.3283,8.61621,3.76081,1.29651,0.43879,0.4022,0.37295,0.14274,10.4113,4.85079,1.25654,0.142287,0.000287416,0.000287416
11,49.6767,9.18354,3.53843,1.28069,0.44798,0.42133,0.38745,0.15,10.2523,4.66915,1.25003,0.136317,0.000316832,0.000316832
12,54.2444,8.98051,3.43761,1.32877,0.45947,0.43085,0.40084,0.1576,10.1282,4.06871,1.242,0.130346,0.000346189,0.000346189
13,58.7666,8.74815,3.22137,1.26473,0.48573,0.44178,0.41889,0.16705,9.90231,3.62326,1.23303,0.124375,0.000375486,0.000375486
14,63.5573,9.2898,3.2388,1.2606,0.49861,0.45511,0.43659,0.17643,9.76087,3.49914,1.2255,0.118405,0.000404723,0.000404723
15,68.3429,9.31866,3.08046,1.27658,0.50624,0.45785,0.44336,0.18056,9.61026,3.49022,1.22049,0.112434,0.000433902,0.000433902
16,72.8259,8.9123,3.08848,1.2455,0.48843,0.44028,0.42549,0.1739,9.54201,3.40483,1.21596,0.106463,0.00046302,0.00046302
17,77.1228,8.73349,3.02109,1.24686,0.50541,0.45356,0.44198,0.18292,9.41626,3.35536,1.21245,0.100492,0.00049208,0.00049208
18,81.89,9.06666,2.9635,1.24594,0.52516,0.46173,0.45771,0.18931,9.49613,3.31604,1.21315,0.0945211,0.00052108,0.00052108
19,86.45,9.29429,3.00488,1.24561,0.52502,0.47103,0.46437,0.19496,9.18999,3.17114,1.20718,0.08855,0.000550021,0.000550021
20,90.7673,8.88415,2.93602,1.24781,0.52712,0.47639,0.47045,0.19921,9.12521,3.03226,1.20531,0.0825789,0.000578902,0.000578902
21,95.1972,9.09902,2.91893,1.22366,0.51729,0.47227,0.46574,0.19126,9.15268,3.05637,1.20542,0.0766077,0.000607724,0.000607724
22,99.3236,8.82704,2.86606,1.25903,0.54736,0.48572,0.4916,0.20773,9.11217,2.96806,1.20393,0.0706365,0.000636487,0.000636487
23,103.728,9.43342,2.95275,1.23813,0.55261,0.49108,0.49858,0.21112,9.16722,2.94806,1.20355,0.0646652,0.00066519,0.00066519
24,108.157,8.41876,2.81895,1.23821,0.57194,0.49245,0.5113,0.21688,9.12528,2.96767,1.20201,0.0586938,0.000693833,0.000693833
25,112.593,8.84411,2.98124,1.22291,0.56304,0.49176,0.50737,0.21668,8.89781,2.83122,1.19874,0.0527224,0.000722418,0.000722418
26,116.865,7.76143,2.6849,1.23479,0.57964,0.49231,0.51819,0.22197,8.84734,2.76689,1.19613,0.0467509,0.000750943,0.000750943
27,121.05,9.09587,2.78784,1.21239,0.58948,0.49736,0.52667,0.22393,9.0212,2.78482,1.19872,0.0407794,0.000779408,0.000779408
28,125.392,8.65255,2.65445,1.22066,0.58907,0.49931,0.52943,0.22659,8.89418,2.7245,1.19674,0.0348078,0.000807814,0.000807814
29,129.973,8.52367,2.77735,1.23375,0.60414,0.49863,0.53706,0.23376,8.79593,2.72024,1.19509,0.0288362,0.000836161,0.000836161
30,134.283,8.54004,2.65768,1.22199,0.60838,0.50851,0.54558,0.23642,8.64481,2.65947,1.19309,0.0228644,0.000864448,0.000864448
31,138.646,8.69799,2.66123,1.22155,0.61058,0.50151,0.54036,0.23188,9.16309,2.7544,1.2019,0.0168927,0.000892676,0.000892676
32,143.355,8.47892,2.66992,1.23337,0.61097,0.50329,0.54438,0.23382,9.0716,2.73947,1.19834,0.0109208,0.000920845,0.000920845
33,147.525,8.53736,2.68878,1.22703,0.6054,0.51077,0.5475,0.23673,8.66082,2.64584,1.19114,0.00494895,0.000948954,0.000948954
34,151.997,8.41461,2.74142,1.24084,0.61528,0.51496,0.55548,0.24271,8.65054,2.6232,1.19194,0.00096733,0.00096733,0.00096733
35,155.873,8.4142,2.59946,1.23328,0.62296,0.49986,0.54745,0.23699,9.05871,2.72307,1.2001,0.00096634,0.00096634,0.00096634
36,160.173,8.77786,2.71975,1.23316,0.63683,0.50316,0.55458,0.24483,8.81855,2.78861,1.195,0.00096535,0.00096535,0.00096535
37,164.48,8.7217,2.6814,1.22705,0.6269,0.51373,0.56039,0.24743,8.43317,2.56702,1.18777,0.00096436,0.00096436,0.00096436
38,168.984,8.45918,2.65473,1.22299,0.62076,0.51565,0.55998,0.24556,8.48038,2.56679,1.18779,0.00096337,0.00096337,0.00096337
39,173.181,8.76835,2.68752,1.22008,0.62843,0.51977,0.56161,0.24962,8.67891,2.67859,1.19192,0.00096238,0.00096238,0.00096238
40,177.733,7.98628,2.59569,1.2356,0.64444,0.51661,0.56942,0.25294,8.38309,2.5486,1.18683,0.00096139,0.00096139,0.00096139
41,182.209,8.09699,2.6231,1.21584,0.64447,0.51291,0.56438,0.25236,8.6986,2.5749,1.19451,0.0009604,0.0009604,0.0009604
42,186.285,8.27685,2.60144,1.21969,0.64562,0.51593,0.56807,0.25566,8.60123,2.55616,1.19285,0.00095941,0.00095941,0.00095941
43,190.757,8.13227,2.56865,1.21987,0.6387,0.51895,0.56925,0.25283,8.41333,2.51655,1.18739,0.00095842,0.00095842,0.00095842
44,195.2,8.68017,2.56938,1.22119,0.64679,0.52139,0.5722,0.2538,8.43557,2.52337,1.18425,0.00095743,0.00095743,0.00095743
45,199.484,8.42371,2.64691,1.19067,0.65051,0.52205,0.57464,0.2576,8.53675,2.52443,1.18669,0.00095644,0.00095644,0.00095644
46,203.827,8.46117,2.729,1.22723,0.65651,0.51982,0.57494,0.25798,8.53554,2.53207,1.1878,0.00095545,0.00095545,0.00095545
47,208.066,8.51582,2.58878,1.21296,0.64435,0.52731,0.57595,0.25741,8.31701,2.52276,1.18329,0.00095446,0.00095446,0.00095446
48,212.667,8.30836,2.6358,1.19483,0.64483,0.52759,0.57689,0.257,8.32885,2.49264,1.18327,0.00095347,0.00095347,0.00095347
49,217.261,8.38205,2.53783,1.21211,0.65261,0.52155,0.57468,0.25865,8.53996,2.52149,1.18703,0.00095248,0.00095248,0.00095248
50,221.617,7.71866,2.55547,1.2244,0.6603,0.51757,0.57449,0.26061,8.53448,2.51097,1.18902,0.00095149,0.00095149,0.00095149
51,226.098,8.5289,2.56265,1.21009,0.65096,0.52207,0.57554,0.25793,8.27052,2.46834,1.18321,0.0009505,0.0009505,0.0009505
52,230.568,7.99407,2.47911,1.20566,0.64144,0.52924,0.57954,0.25981,8.26556,2.47169,1.18293,0.00094951,0.00094951,0.00094951
53,234.867,7.76621,2.48386,1.20649,0.65632,0.52869,0.58254,0.26358,8.49152,2.48564,1.18531,0.00094852,0.00094852,0.00094852
54,239.357,8.57265,2.53329,1.20912,0.65644,0.52909,0.58446,0.26562,8.42836,2.47317,1.18392,0.00094753,0.00094753,0.00094753
55,243.671,8.53758,2.54206,1.21127,0.6447,0.52993,0.57867,0.26076,8.30478,2.45031,1.18254,0.00094654,0.00094654,0.00094654
56,248.319,8.2817,2.49862,1.21819,0.65495,0.53254,0.58482,0.26332,8.24913,2.43863,1.18147,0.00094555,0.00094555,0.00094555
57,252.694,7.88609,2.47876,1.2184,0.65676,0.52759,0.58394,0.26635,8.46188,2.47211,1.18615,0.00094456,0.00094456,0.00094456
58,257.342,8.69044,2.74055,1.20883,0.66976,0.52828,0.58895,0.26975,8.36449,2.45495,1.18348,0.00094357,0.00094357,0.00094357
59,261.578,8.38011,2.54612,1.23058,0.65424,0.53564,0.58831,0.26754,8.12182,2.41456,1.18038,0.00094258,0.00094258,0.00094258
60,265.957,8.1269,2.47584,1.20384,0.65311,0.53515,0.58665,0.26702,8.14435,2.40153,1.17941,0.00094159,0.00094159,0.00094159
61,270.3,7.87318,2.4522,1.21281,0.66139,0.52883,0.58663,0.26884,8.43729,2.45009,1.18425,0.0009406,0.0009406,0.0009406
62,274.532,8.25651,2.56521,1.21346,0.67482,0.52965,0.59095,0.27055,8.33957,2.45476,1.1825,0.00093961,0.00093961,0.00093961
63,278.842,8.19203,2.56874,1.2241,0.66311,0.53062,0.58929,0.27176,8.2053,2.52604,1.18261,0.00093862,0.00093862,0.00093862
64,283.503,8.03343,2.45085,1.19673,0.66446,0.53367,0.59034,0.27349,8.23602,2.41091,1.18189,0.00093763,0.00093763,0.00093763
65,287.847,8.31212,2.44724,1.20287,0.66175,0.53226,0.58929,0.26888,8.37935,2.43554,1.18294,0.00093664,0.00093664,0.00093664
66,292.307,8.80385,2.62714,1.18405,0.66376,0.5366,0.5938,0.27587,8.24486,2.40876,1.17999,0.00093565,0.00093565,0.00093565
67,296.762,7.74731,2.4696,1.19727,0.66417,0.52485,0.58602,0.27043,8.41008,2.43621,1.187,0.00093466,0.00093466,0.00093466
68,301.074,8.17818,2.6327,1.23563,0.67641,0.53606,0.59746,0.27617,8.26299,2.40681,1.18157,0.00093367,0.00093367,0.00093367
69,305.402,8.77588,2.52352,1.19948,0.67247,0.53527,0.59756,0.27422,8.09386,2.3725,1.17754,0.00093268,0.00093268,0.00093268
70,309.973,8.67113,2.54199,1.2058,0.66389,0.54215,0.59977,0.27591,8.02878,2.3574,1.17587,0.00093169,0.00093169,0.00093169
71,314.258,8.32783,2.53887,1.20459,0.66475,0.53556,0.59563,0.27926,8.14279,2.38561,1.17882,0.0009307,0.0009307,0.0009307
72,318.72,7.68102,2.35672,1.19688,0.66846,0.5313,0.59105,0.27683,8.25281,2.37931,1.18031,0.00092971,0.00092971,0.00092971
73,323.08,7.74817,2.44533,1.18852,0.66093,0.53816,0.59568,0.2803,7.94038,2.37323,1.17572,0.00092872,0.00092872,0.00092872
74,327.351,8.192,2.48764,1.1932,0.65963,0.5409,0.59739,0.28148,7.94633,2.3888,1.17518,0.00092773,0.00092773,0.00092773
75,331.953,8.42869,2.49403,1.18616,0.66663,0.53364,0.59296,0.27697,8.24654,2.37385,1.17912,0.00092674,0.00092674,0.00092674
76,336.428,8.2608,2.43311,1.18381,0.67192,0.53885,0.59774,0.27986,8.184,2.36315,1.17748,0.00092575,0.00092575,0.00092575
77,340.73,8.88712,2.52005,1.18526,0.66478,0.54599,0.60229,0.28169,7.921,2.33406,1.17335,0.00092476,0.00092476,0.00092476
78,345.146,8.18459,2.47222,1.20922,0.6641,0.54503,0.60474,0.28253,7.89253,2.32551,1.17333,0.00092377,0.00092377,0.00092377
79,349.274,7.75438,2.39798,1.1837,0.66479,0.54064,0.60035,0.28287,8.06824,2.34489,1.17541,0.00092278,0.00092278,0.00092278
80,353.731,7.86895,2.46711,1.20066,0.66686,0.5405,0.59824,0.28358,8.03586,2.35487,1.1764,0.00092179,0.00092179,0.00092179
81,358.347,8.27203,2.42466,1.18674,0.67031,0.54352,0.60436,0.2823,7.91933,2.32002,1.17288,0.0009208,0.0009208,0.0009208
82,362.64,8.34422,2.48507,1.20886,0.66782,0.54262,0.60407,0.28216,7.9437,2.32903,1.17272,0.00091981,0.00091981,0.00091981
83,367.072,8.191,2.44101,1.18732,0.67699,0.54119,0.60509,0.28788,7.95589,2.31781,1.17273,0.00091882,0.00091882,0.00091882
84,371.537,7.73685,2.34106,1.18257,0.67642,0.54009,0.60121,0.28433,8.02481,2.32965,1.17386,0.00091783,0.00091783,0.00091783
85,375.608,7.78596,2.39966,1.18712,0.67461,0.54077,0.60374,0.28634,7.84781,2.32565,1.17063,0.00091684,0.00091684,0.00091684
86,380.074,7.72585,2.40544,1.21975,0.67327,0.54407,0.6054,0.28615,7.84352,2.30298,1.17107,0.00091585,0.00091585,0.00091585
87,383.974,7.86012,2.40997,1.17677,0.67565,0.53817,0.60156,0.28515,7.99485,2.3184,1.17296,0.00091486,0.00091486,0.00091486
88,388.746,8.53128,2.48958,1.19315,0.67416,0.54572,0.60856,0.28994,7.92623,2.30825,1.17232,0.00091387,0.00091387,0.00091387
89,393.043,8.54458,2.468,1.18792,0.6747,0.54489,0.60763,0.29122,7.80959,2.29434,1.17033,0.00091288,0.00091288,0.00091288
90,397.503,7.7638,2.345,1.19678,0.67511,0.54546,0.60697,0.29095,7.8858,2.29948,1.17136,0.00091189,0.00091189,0.00091189
91,401.592,8.41922,2.42466,1.18168,0.66656,0.55108,0.61085,0.28968,7.82026,2.27492,1.16966,0.0009109,0.0009109,0.0009109
92,405.958,8.02287,2.34401,1.19403,0.66495,0.55258,0.61074,0.28959,7.80052,2.27549,1.16945,0.00090991,0.00090991,0.00090991
93,410.551,8.49559,2.48633,1.18523,0.67052,0.55286,0.61169,0.29299,7.85809,2.27717,1.17084,0.00090892,0.00090892,0.00090892
94,415.021,7.85853,2.3499,1.18925,0.68486,0.54462,0.61216,0.2944,7.85929,2.2647,1.17046,0.00090793,0.00090793,0.00090793
95,419.61,7.45487,2.37669,1.19014,0.68438,0.54924,0.61674,0.29539,7.70595,2.24844,1.16856,0.00090694,0.00090694,0.00090694
96,424.205,8.11404,2.38749,1.19586,0.67939,0.55303,0.61701,0.29765,7.68045,2.2419,1.16862,0.00090595,0.00090595,0.00090595
97,428.572,7.60387,2.37231,1.21343,0.68314,0.54228,0.60835,0.28903,7.95959,2.28495,1.17383,0.00090496,0.00090496,0.00090496
98,432.875,8.27174,2.51964,1.22429,0.67949,0.54256,0.60702,0.28936,7.98081,2.28884,1.17395,0.00090397,0.00090397,0.00090397
99,437.139,8.59653,2.48819,1.19736,0.67574,0.55601,0.61697,0.29782,7.72086,2.2435,1.16863,0.00090298,0.00090298,0.00090298
100,441.363,7.78436,2.32717,1.18765,0.67112,0.55546,0.61517,0.29601,7.74984,2.2873,1.16787,0.00090199,0.00090199,0.00090199
101,445.494,7.98448,2.41022,1.19095,0.67886,0.55313,0.61476,0.29683,7.80261,2.24365,1.16884,0.000901,0.000901,0.000901
102,449.67,7.88932,2.40127,1.20253,0.67567,0.55533,0.61587,0.29739,7.82897,2.25154,1.16844,0.00090001,0.00090001,0.00090001
103,453.687,7.70278,2.31817,1.19353,0.67665,0.55231,0.61436,0.2958,7.67635,2.24675,1.16679,0.00089902,0.00089902,0.00089902
104,457.692,7.69542,2.37335,1.19291,0.67759,0.55464,0.61427,0.2962,7.74198,2.24327,1.16856,0.00089803,0.00089803,0.00089803
105,462.242,7.95614,2.40493,1.18446,0.6782,0.5564,0.61688,0.2984,7.70141,2.24889,1.16668,0.00089704,0.00089704,0.00089704
106,466.831,7.36103,2.32247,1.21798,0.67833,0.55313,0.61743,0.2987,7.74765,2.29349,1.16823,0.00089605,0.00089605,0.00089605
107,470.784,7.5775,2.28984,1.2027,0.67235,0.55272,0.61129,0.29259,7.8752,2.25993,1.1715,0.00089506,0.00089506,0.00089506
108,475.37,7.96358,2.46095,1.19917,0.67226,0.54901,0.61194,0.29293,7.77671,2.30742,1.16743,0.00089407,0.00089407,0.00089407
109,479.923,7.549,2.32966,1.19514,0.67837,0.55191,0.61682,0.30094,7.65797,2.24728,1.16574,0.00089308,0.00089308,0.00089308
110,484.507,8.41734,2.43553,1.19512,0.68051,0.55151,0.61607,0.30073,7.64959,2.22838,1.16745,0.00089209,0.00089209,0.00089209
111,488.801,7.63492,2.40793,1.20806,0.67575,0.55219,0.61709,0.30064,7.69974,2.27551,1.16958,0.0008911,0.0008911,0.0008911
112,493.462,8.18534,2.433,1.17505,0.68728,0.54215,0.61699,0.29295,7.88243,2.27332,1.16808,0.00089011,0.00089011,0.00089011
113,497.697,8.45432,2.44927,1.18207,0.67721,0.55706,0.6201,0.3033,7.63369,2.21667,1.16601,0.00088912,0.00088912,0.00088912
114,502.373,8.49391,2.55436,1.18421,0.68089,0.55162,0.61958,0.30471,7.59324,2.24756,1.16522,0.00088813,0.00088813,0.00088813
115,506.727,8.44771,2.43362,1.18975,0.67981,0.55091,0.6191,0.29885,7.77639,2.23057,1.16734,0.00088714,0.00088714,0.00088714
116,511.017,8.09024,2.42645,1.17846,0.68265,0.5475,0.6197,0.29898,7.71392,2.2489,1.16589,0.00088615,0.00088615,0.00088615
117,515.053,7.4001,2.28285,1.17848,0.68351,0.55266,0.62017,0.30486,7.65401,2.21355,1.16548,0.00088516,0.00088516,0.00088516
118,519.591,7.84123,2.36395,1.19374,0.68334,0.55945,0.6243,0.30569,7.62633,2.20464,1.1638,0.00088417,0.00088417,0.00088417
119,523.922,8.29518,2.40392,1.19845,0.68151,0.55491,0.62263,0.3038,7.644,2.21187,1.16455,0.00088318,0.00088318,0.00088318
120,528.33,8.09693,2.42499,1.16807,0.68062,0.54827,0.61871,0.29929,7.67442,2.2601,1.16504,0.00088219,0.00088219,0.00088219
121,532.792,7.99174,2.37229,1.18145,0.68955,0.55478,0.62296,0.30494,7.61697,2.19603,1.16414,0.0008812,0.0008812,0.0008812
122,537.19,8.19647,2.32781,1.17635,0.69387,0.56027,0.62679,0.30836,7.55038,2.18331,1.1633,0.00088021,0.00088021,0.00088021
123,541.348,7.49098,2.28672,1.19373,0.68887,0.55286,0.62289,0.3058,7.57745,2.24802,1.16417,0.00087922,0.00087922,0.00087922
124,545.206,7.36544,2.31659,1.18072,0.68549,0.55368,0.62194,0.30685,7.5424,2.22273,1.16283,0.00087823,0.00087823,0.00087823
125,549.436,7.95259,2.30071,1.18222,0.68573,0.55766,0.62181,0.30361,7.6179,2.20303,1.16322,0.00087724,0.00087724,0.00087724
126,553.817,7.54529,2.31435,1.18218,0.68725,0.55972,0.62442,0.30953,7.53471,2.20269,1.16189,0.00087625,0.00087625,0.00087625
127,558.235,7.17228,2.25719,1.18236,0.68174,0.55464,0.6233,0.30504,7.62867,2.25082,1.16307,0.00087526,0.00087526,0.00087526
128,562.556,8.1173,2.32305,1.17898,0.68856,0.55917,0.62512,0.30222,7.75368,2.21018,1.16394,0.00087427,0.00087427,0.00087427
129,566.782,7.06096,2.26631,1.18977,0.68521,0.5578,0.62512,0.31065,7.4689,2.18832,1.16123,0.00087328,0.00087328,0.00087328
130,571.18,8.5609,2.45045,1.18281,0.68995,0.55999,0.62859,0.31215,7.46423,2.17466,1.16053,0.00087229,0.00087229,0.00087229
131,575.383,7.89707,2.30389,1.18187,0.68646,0.56238,0.62889,0.3065,7.6401,2.19354,1.16245,0.0008713,0.0008713,0.0008713
132,579.872,7.93626,2.36843,1.1702,0.68539,0.55917,0.6273,0.30695,7.63754,2.22329,1.16266,0.00087031,0.00087031,0.00087031
133,584.089,7.84527,2.34068,1.18106,0.68732,0.55615,0.62404,0.30625,7.55514,2.19612,1.16347,0.00086932,0.00086932,0.00086932
134,588.615,7.91437,2.30851,1.17611,0.68529,0.56442,0.62771,0.30593,7.60757,2.18623,1.16421,0.00086833,0.00086833,0.00086833
135,592.809,7.26403,2.43591,1.19119,0.68267,0.56086,0.62873,0.30903,7.48264,2.18709,1.16087,0.00086734,0.00086734,0.00086734
136,597.449,7.29667,2.24616,1.16772,0.68863,0.55986,0.62944,0.30788,7.5299,2.17337,1.1611,0.00086635,0.00086635,0.00086635
137,601.841,7.50151,2.28154,1.19544,0.68593,0.56425,0.62943,0.30925,7.53085,2.1685,1.16095,0.00086536,0.00086536,0.00086536
138,606.34,7.68372,2.32766,1.19111,0.68997,0.5582,0.62905,0.30949,7.52959,2.18239,1.16118,0.00086437,0.00086437,0.00086437
139,610.599,7.61785,2.25236,1.18601,0.67991,0.56521,0.6279,0.30658,7.55774,2.1759,1.16159,0.00086338,0.00086338,0.00086338
140,614.987,7.53063,2.2583,1.19509,0.66974,0.55697,0.62087,0.29683,7.78214,2.30705,1.16353,0.00086239,0.00086239,0.00086239
141,619.187,7.95654,2.3607,1.18215,0.68981,0.56205,0.63035,0.31214,7.46468,2.19016,1.15972,0.0008614,0.0008614,0.0008614
142,623.709,8.20735,2.34617,1.17101,0.68934,0.56329,0.6317,0.31509,7.41924,2.1908,1.15935,0.00086041,0.00086041,0.00086041
143,628.226,7.55251,2.30551,1.18382,0.68735,0.55835,0.6268,0.30332,7.64944,2.20591,1.16119,0.00085942,0.00085942,0.00085942
144,632.431,7.65955,2.24568,1.18425,0.68619,0.5556,0.62653,0.30595,7.61678,2.20518,1.16091,0.00085843,0.00085843,0.00085843
145,636.519,7.76514,2.29453,1.17929,0.69452,0.5584,0.62969,0.31216,7.47726,2.18878,1.15955,0.00085744,0.00085744,0.00085744
146,641.086,7.53369,2.28808,1.20066,0.69459,0.55752,0.62834,0.31252,7.4747,2.17417,1.15955,0.00085645,0.00085645,0.00085645
147,645.349,7.30851,2.28114,1.21037,0.6937,0.55967,0.63192,0.31106,7.46829,2.17534,1.1586,0.00085546,0.00085546,0.00085546
148,649.978,7.89033,2.37056,1.18452,0.68451,0.55848,0.62845,0.30801,7.5742,2.20745,1.15909,0.00085447,0.00085447,0.00085447
149,654.178,7.44822,2.19204,1.18156,0.6893,0.56134,0.63028,0.31624,7.37227,2.16422,1.15744,0.00085348,0.00085348,0.00085348
150,658.589,7.83821,2.26215,1.18309,0.69557,0.56649,0.63554,0.31819,7.37724,2.13715,1.15702,0.00085249,0.00085249,0.00085249
151,662.903,7.79283,2.36436,1.1706,0.69398,0.56247,0.63381,0.31294,7.55155,2.17192,1.15897,0.0008515,0.0008515,0.0008515
152,667.266,7.56368,2.31871,1.17143,0.6953,0.56617,0.63691,0.3158,7.46844,2.14934,1.15766,0.00085051,0.00085051,0.00085051
153,671.485,7.8228,2.35456,1.17981,0.69437,0.56137,0.6359,0.31861,7.36174,2.16715,1.15744,0.00084952,0.00084952,0.00084952
154,675.689,7.76573,2.29769,1.18903,0.69347,0.56494,0.63672,0.31928,7.32936,2.15025,1.15624,0.00084853,0.00084853,0.00084853
155,679.943,7.53164,2.29424,1.17794,0.68785,0.55724,0.63058,0.31073,7.56154,2.21699,1.15814,0.00084754,0.00084754,0.00084754
156,684.433,7.63292,2.29728,1.17311,0.68632,0.55752,0.62902,0.30818,7.61196,2.21957,1.15911,0.00084655,0.00084655,0.00084655
157,688.875,7.58822,2.30698,1.19155,0.69548,0.56054,0.63341,0.31962,7.30945,2.13375,1.15581,0.00084556,0.00084556,0.00084556
158,693.644,7.78089,2.28421,1.18286,0.70278,0.55711,0.63269,0.31809,7.34085,2.13979,1.1567,0.00084457,0.00084457,0.00084457
159,697.876,7.57472,2.29589,1.19141,0.69518,0.55637,0.63097,0.31139,7.55004,2.17866,1.15922,0.00084358,0.00084358,0.00084358
160,702.017,7.44471,2.29048,1.1846,0.70162,0.55931,0.63507,0.31536,7.44641,2.15794,1.15829,0.00084259,0.00084259,0.00084259
161,706.142,7.55038,2.29781,1.18244,0.69924,0.56176,0.63376,0.3133,7.48648,2.15674,1.15827,0.0008416,0.0008416,0.0008416
162,710.805,7.70283,2.27791,1.1794,0.70127,0.56535,0.63804,0.31722,7.45226,2.13105,1.15692,0.00084061,0.00084061,0.00084061
163,714.977,7.97547,2.30587,1.18974,0.70138,0.56082,0.63638,0.31718,7.36346,2.12476,1.15674,0.00083962,0.00083962,0.00083962
164,719.625,7.90788,2.35177,1.17998,0.69616,0.5567,0.63372,0.317,7.38445,2.17572,1.15662,0.00083863,0.00083863,0.00083863
165,724.255,7.57077,2.32625,1.1782,0.69399,0.5651,0.63734,0.31866,7.41798,2.13316,1.15633,0.00083764,0.00083764,0.00083764
166,728.597,7.44798,2.26894,1.18409,0.68821,0.56516,0.63514,0.31432,7.53809,2.16002,1.15762,0.00083665,0.00083665,0.00083665
167,733.017,7.74599,2.24571,1.18926,0.70644,0.56247,0.64117,0.32352,7.26106,2.10784,1.15469,0.00083566,0.00083566,0.00083566
168,737.75,7.8619,2.31445,1.18255,0.69941,0.56382,0.63968,0.32223,7.28829,2.11188,1.15493,0.00083467,0.00083467,0.00083467
169,742.044,7.87418,2.29307,1.1809,0.69518,0.56439,0.63804,0.31783,7.45458,2.16355,1.15712,0.00083368,0.00083368,0.00083368
170,746.575,7.57347,2.26829,1.17471,0.70274,0.5637,0.63832,0.31823,7.47285,2.13115,1.15736,0.00083269,0.00083269,0.00083269
171,750.857,7.17313,2.14812,1.1759,0.70324,0.55464,0.63141,0.31211,7.44914,2.12979,1.15844,0.0008317,0.0008317,0.0008317
172,755.426,7.83835,2.33363,1.18905,0.70262,0.56384,0.63842,0.32051,7.33208,2.11855,1.15603,0.00083071,0.00083071,0.00083071
173,759.566,7.55884,2.2567,1.17848,0.70349,0.55894,0.6358,0.31769,7.43289,2.13658,1.15737,0.00082972,0.00082972,0.00082972
174,763.781,6.90813,2.10703,1.17678,0.70164,0.55919,0.63575,0.31803,7.42528,2.13961,1.1569,0.00082873,0.00082873,0.00082873
175,768.076,7.98663,2.3418,1.1899,0.70725,0.55807,0.63636,0.31888,7.34556,2.11934,1.15606,0.00082774,0.00082774,0.00082774
176,772.286,7.06032,2.15382,1.17803,0.706,0.56233,0.63853,0.32215,7.32006,2.10591,1.15485,0.00082675,0.00082675,0.00082675
177,776.44,7.44193,2.19116,1.18799,0.70579,0.55528,0.63596,0.31731,7.4211,2.12687,1.15601,0.00082576,0.00082576,0.00082576
178,780.951,7.7789,2.2257,1.1876,0.69963,0.5578,0.63644,0.31849,7.40071,2.16828,1.15609,0.00082477,0.00082477,0.00082477
179,785.268,7.54715,2.303,1.18048,0.71572,0.55945,0.64078,0.32393,7.32364,2.10974,1.15559,0.00082378,0.00082378,0.00082378
180,789.486,7.69533,2.25897,1.17047,0.70771,0.5648,0.642,0.32481,7.30959,2.10728,1.15404,0.00082279,0.00082279,0.00082279
181,793.797,7.9811,2.29218,1.17863,0.69645,0.55942,0.63587,0.31732,7.4384,2.13165,1.1556,0.0008218,0.0008218,0.0008218
182,798.084,7.49329,2.23808,1.18762,0.69423,0.56631,0.63853,0.31842,7.40179,2.11286,1.15512,0.00082081,0.00082081,0.00082081
183,801.923,7.08366,2.15847,1.17079,0.70704,0.56507,0.64292,0.32492,7.28885,2.10215,1.15354,0.00081982,0.00081982,0.00081982
184,806.157,7.56154,2.24238,1.19591,0.70449,0.5636,0.63923,0.32254,7.35246,2.11666,1.15479,0.00081883,0.00081883,0.00081883
185,810.454,7.58249,2.26068,1.17908,0.70049,0.55901,0.63571,0.31409,7.51759,2.15532,1.15648,0.00081784,0.00081784,0.00081784
186,814.935,7.49073,2.24618,1.19297,0.706,0.56082,0.63952,0.31717,7.48719,2.13992,1.15584,0.00081685,0.00081685,0.00081685
187,819.474,7.40411,2.21768,1.1824,0.71546,0.56137,0.64245,0.32583,7.21832,2.10131,1.15295,0.00081586,0.00081586,0.00081586
188,823.877,8.20884,2.33591,1.17942,0.71327,0.56555,0.64481,0.32574,7.22014,2.0878,1.15247,0.00081487,0.00081487,0.00081487
189,827.97,7.64963,2.22488,1.17273,0.70159,0.56648,0.64189,0.31913,7.4421,2.1225,1.15522,0.00081388,0.00081388,0.00081388
190,832.776,7.87586,2.27273,1.17231,0.70899,0.56658,0.64439,0.3248,7.33739,2.10326,1.15434,0.00081289,0.00081289,0.00081289
191,837.029,7.68743,2.30778,1.17234,0.71204,0.56317,0.64146,0.32047,7.36344,2.11482,1.15445,0.0008119,0.0008119,0.0008119
192,841.374,7.33794,2.23067,1.18969,0.71216,0.56137,0.64024,0.32257,7.33418,2.11151,1.1545,0.00081091,0.00081091,0.00081091
193,845.164,7.18667,2.2344,1.19015,0.71253,0.56507,0.6439,0.32371,7.36734,2.12176,1.1544,0.00080992,0.00080992,0.00080992
194,849.573,7.42444,2.1631,1.17374,0.70976,0.56703,0.64408,0.32571,7.32079,2.1047,1.15393,0.00080893,0.00080893,0.00080893
195,853.555,7.60316,2.25293,1.18063,0.71233,0.56672,0.64281,0.32492,7.31854,2.10374,1.15397,0.00080794,0.00080794,0.00080794
196,857.82,6.96038,2.14008,1.1946,0.71621,0.56507,0.64459,0.32649,7.26066,2.09293,1.15338,0.00080695,0.00080695,0.00080695
197,862.131,7.7217,2.20381,1.17208,0.71146,0.56452,0.64336,0.3249,7.27856,2.09778,1.15375,0.00080596,0.00080596,0.00080596
198,866.217,6.99096,2.09264,1.18818,0.7055,0.56439,0.64143,0.32209,7.31082,2.11119,1.15418,0.00080497,0.00080497,0.00080497
199,870.337,7.72807,2.30089,1.16858,0.70483,0.56068,0.63835,0.31932,7.4624,2.12914,1.1547,0.00080398,0.00080398,0.00080398
200,874.907,7.57489,2.22068,1.18573,0.71347,0.56884,0.64521,0.32419,7.37507,2.09604,1.15329,0.00080299,0.00080299,0.00080299
201,879.155,7.77273,2.29704,1.20022,0.70865,0.56433,0.64414,0.32697,7.24746,2.10199,1.15267,0.000802,0.000802,0.000802
202,883.767,7.72337,2.2536,1.17234,0.70319,0.56983,0.64527,0.32762,7.22385,2.08834,1.15266,0.00080101,0.00080101,0.00080101
203,887.98,7.16587,2.20986,1.17088,0.72247,0.55897,0.64294,0.32277,7.40215,2.11965,1.15437,0.00080002,0.00080002,0.00080002
204,892.512,7.21603,2.20798,1.20187,0.71085,0.56466,0.64389,0.3213,7.39914,2.12415,1.15397,0.00079903,0.00079903,0.00079903
205,896.811,7.18319,2.20306,1.17754,0.71211,0.56562,0.64463,0.32547,7.2627,2.10751,1.15296,0.00079804,0.00079804,0.00079804
206,900.963,7.76849,2.31721,1.19589,0.71348,0.56576,0.64549,0.32693,7.22957,2.08871,1.15204,0.00079705,0.00079705,0.00079705
207,905.188,7.7354,2.29329,1.16465,0.70924,0.5567,0.64066,0.32036,7.40055,2.14249,1.1541,0.00079606,0.00079606,0.00079606
208,909.824,7.44225,2.20705,1.17546,0.70966,0.56658,0.64504,0.32394,7.31616,2.09176,1.15319,0.00079507,0.00079507,0.00079507
209,914.113,7.46191,2.21408,1.18342,0.71017,0.56837,0.64633,0.32777,7.20794,2.08236,1.15135,0.00079408,0.00079408,0.00079408
210,918.733,6.81481,2.12172,1.17473,0.7078,0.57029,0.64508,0.32637,7.26135,2.08329,1.15192,0.00079309,0.00079309,0.00079309
211,922.988,7.37003,2.17025,1.17756,0.71985,0.56604,0.64759,0.32788,7.17958,2.07975,1.15245,0.0007921,0.0007921,0.0007921
212,927.417,7.58527,2.21276,1.179,0.71808,0.56727,0.64733,0.32934,7.17945,2.07508,1.15149,0.00079111,0.00079111,0.00079111
213,932.094,7.39033,2.16205,1.17513,0.70989,0.56774,0.64646,0.32376,7.34796,2.09374,1.15298,0.00079012,0.00079012,0.00079012
214,936.442,7.77849,2.19053,1.16793,0.71451,0.56219,0.64418,0.32402,7.35862,2.10008,1.15292,0.00078913,0.00078913,0.00078913
215,940.613,7.47578,2.1685,1.17063,0.72375,0.56439,0.64829,0.33001,7.15738,2.06799,1.15123,0.00078814,0.00078814,0.00078814
216,945.325,7.72857,2.20075,1.16971,0.70918,0.57215,0.64749,0.3312,7.14957,2.06557,1.15103,0.00078715,0.00078715,0.00078715
217,949.575,7.76971,2.35636,1.20648,0.71206,0.56906,0.64866,0.32891,7.26152,2.07328,1.15214,0.00078616,0.00078616,0.00078616
218,954.014,6.99786,2.15452,1.19291,0.70129,0.57274,0.64677,0.32815,7.2322,2.07481,1.15184,0.00078517,0.00078517,0.00078517
219,958.263,7.6048,2.45527,1.16289,0.71842,0.56324,0.64591,0.32924,7.1929,2.09955,1.1513,0.00078418,0.00078418,0.00078418
220,962.746,7.09274,2.1483,1.18356,0.71104,0.57226,0.64844,0.32936,7.17539,2.07219,1.15098,0.00078319,0.00078319,0.00078319
221,966.912,8.00281,2.28655,1.17238,0.70678,0.56892,0.64611,0.32871,7.22181,2.07289,1.1513,0.0007822,0.0007822,0.0007822
222,971.178,7.27808,2.16095,1.18632,0.71365,0.55702,0.64357,0.32793,7.21568,2.11479,1.15165,0.00078121,0.00078121,0.00078121
223,975.107,7.33751,2.20877,1.17636,0.71727,0.55867,0.64275,0.32779,7.20531,2.09584,1.15174,0.00078022,0.00078022,0.00078022
224,979.432,7.51843,2.25589,1.17821,0.71089,0.567,0.6453,0.32841,7.20123,2.08347,1.15083,0.00077923,0.00077923,0.00077923
225,983.583,7.45681,2.22415,1.17661,0.70776,0.56727,0.64634,0.32912,7.16727,2.08425,1.15104,0.00077824,0.00077824,0.00077824
226,987.67,6.53066,2.07056,1.17942,0.70822,0.56727,0.64594,0.32725,7.23871,2.08516,1.15157,0.00077725,0.00077725,0.00077725
227,992.027,6.87857,2.06396,1.18073,0.71704,0.5648,0.64669,0.3312,7.15032,2.06728,1.1506,0.00077626,0.00077626,0.00077626
228,996.242,7.15194,2.12964,1.15738,0.7251,0.56507,0.6505,0.33239,7.15787,2.09474,1.15122,0.00077527,0.00077527,0.00077527
229,1000.57,7.34498,2.17334,1.18842,0.71664,0.57139,0.65088,0.32992,7.18596,2.07217,1.1509,0.00077428,0.00077428,0.00077428
230,1004.84,7.95204,2.2038,1.17726,0.71434,0.57359,0.65132,0.33249,7.16275,2.05316,1.15029,0.00077329,0.00077329,0.00077329
231,1009.34,7.77333,2.20952,1.17474,0.72596,0.56343,0.64914,0.33032,7.23025,2.06677,1.15176,0.0007723,0.0007723,0.0007723
232,1013.78,7.51263,2.24741,1.17987,0.72613,0.56421,0.65125,0.33095,7.21596,2.06029,1.15121,0.00077131,0.00077131,0.00077131
233,1017.84,8.02004,2.24101,1.1672,0.7246,0.57,0.65273,0.33295,7.148,2.04575,1.15027,0.00077032,0.00077032,0.00077032
234,1022.43,7.51216,2.21351,1.17699,0.72391,0.57002,0.65189,0.33435,7.15572,2.058,1.14977,0.00076933,0.00076933,0.00076933
235,1026.76,7.37449,2.20462,1.18402,0.7229,0.56452,0.65088,0.33131,7.20464,2.05928,1.15092,0.00076834,0.00076834,0.00076834
236,1031.13,7.6984,2.24598,1.18451,0.71959,0.56474,0.64999,0.33212,7.18529,2.06928,1.15113,0.00076735,0.00076735,0.00076735
237,1035.78,7.6304,2.18663,1.16796,0.73054,0.56452,0.65179,0.33335,7.17808,2.05471,1.15093,0.00076636,0.00076636,0.00076636
238,1040.25,7.55681,2.22481,1.16325,0.72815,0.56356,0.64884,0.33241,7.15033,2.06372,1.15071,0.00076537,0.00076537,0.00076537
239,1044.85,7.45453,2.24675,1.17031,0.7228,0.55972,0.64798,0.32996,7.22154,2.09425,1.15159,0.00076438,0.00076438,0.00076438
240,1049.21,6.90512,2.11935,1.17762,0.70702,0.57002,0.64825,0.32921,7.26513,2.08027,1.15165,0.00076339,0.00076339,0.00076339
241,1053.49,7.66203,2.20063,1.16654,0.72085,0.56768,0.64984,0.33408,7.11522,2.05914,1.14987,0.0007624,0.0007624,0.0007624
242,1058.17,7.46181,2.16064,1.16843,0.72592,0.56943,0.65196,0.33253,7.12388,2.05367,1.14948,0.00076141,0.00076141,0.00076141
243,1062.34,7.52462,2.17106,1.17662,0.72294,0.56921,0.65354,0.33212,7.19077,2.05368,1.14974,0.00076042,0.00076042,0.00076042
244,1066.51,7.34224,2.22746,1.17012,0.71204,0.57606,0.65277,0.33034,7.22311,2.0613,1.14971,0.00075943,0.00075943,0.00075943
245,1070.74,7.31027,2.18158,1.18651,0.72554,0.57331,0.65495,0.33446,7.11115,2.04731,1.14825,0.00075844,0.00075844,0.00075844
246,1075.2,6.89236,2.15659,1.18157,0.72525,0.57139,0.65369,0.33459,7.08547,2.04109,1.14876,0.00075745,0.00075745,0.00075745
247,1079.52,7.39381,2.19475,1.18627,0.71628,0.57604,0.65453,0.33386,7.14276,2.04234,1.14909,0.00075646,0.00075646,0.00075646
248,1084.17,7.39453,2.18603,1.17246,0.72053,0.57129,0.65255,0.33382,7.16773,2.04951,1.15043,0.00075547,0.00075547,0.00075547
249,1088.43,7.09149,2.14488,1.18143,0.72067,0.574,0.6521,0.33217,7.15212,2.04906,1.15034,0.00075448,0.00075448,0.00075448
250,1093.22,7.00819,2.14323,1.18161,0.71385,0.57359,0.65251,0.33701,7.0974,2.03642,1.14891,0.00075349,0.00075349,0.00075349
251,1097.29,7.0003,2.14378,1.17591,0.70633,0.57592,0.65179,0.3314,7.25401,2.06812,1.15071,0.0007525,0.0007525,0.0007525
252,1101.76,7.19083,2.12356,1.17828,0.7101,0.57436,0.65311,0.33227,7.25114,2.06551,1.15053,0.00075151,0.00075151,0.00075151
253,1105.71,6.79037,2.08178,1.16885,0.72006,0.57489,0.65435,0.33507,7.11871,2.04819,1.14849,0.00075052,0.00075052,0.00075052
254,1110.26,6.78148,2.1155,1.18026,0.71714,0.57125,0.65312,0.33066,7.29623,2.06998,1.15043,0.00074953,0.00074953,0.00074953
255,1114.38,6.94717,2.13081,1.18507,0.71624,0.57619,0.65671,0.3339,7.18125,2.04432,1.14976,0.00074854,0.00074854,0.00074854
256,1118.89,7.87476,2.30836,1.17606,0.71435,0.56919,0.65253,0.3302,7.26089,2.06697,1.15029,0.00074755,0.00074755,0.00074755
257,1122.96,7.51511,2.181,1.17794,0.71851,0.57249,0.65493,0.339,7.03876,2.03338,1.14757,0.00074656,0.00074656,0.00074656
258,1127.37,6.98412,2.17567,1.17532,0.72569,0.57262,0.65481,0.3345,7.09325,2.0374,1.14857,0.00074557,0.00074557,0.00074557
259,1131.64,7.81032,2.23477,1.15243,0.72188,0.57057,0.65503,0.3362,7.11457,2.03629,1.14856,0.00074458,0.00074458,0.00074458
260,1135.82,7.58369,2.18119,1.16953,0.71751,0.57427,0.65561,0.33265,7.17446,2.04901,1.14907,0.00074359,0.00074359,0.00074359
261,1140.09,7.36176,2.17787,1.1792,0.71827,0.56768,0.65214,0.33694,7.07269,2.05877,1.14776,0.0007426,0.0007426,0.0007426
262,1144.77,7.34167,2.20341,1.17229,0.72343,0.57015,0.65443,0.33873,7.04397,2.02513,1.14699,0.00074161,0.00074161,0.00074161
263,1149.09,7.36074,2.20983,1.1843,0.71759,0.56547,0.65022,0.3305,7.24517,2.0583,1.1495,0.00074062,0.00074062,0.00074062
264,1153.68,7.31257,2.12069,1.16116,0.72941,0.56947,0.65613,0.33507,7.16385,2.03637,1.14825,0.00073963,0.00073963,0.00073963
265,1157.87,7.51107,2.2067,1.15623,0.72612,0.56947,0.65445,0.33691,7.08775,2.03123,1.14771,0.00073864,0.00073864,0.00073864
266,1162.31,7.685,2.17849,1.16208,0.72662,0.5747,0.65769,0.33931,7.05038,2.0136,1.14713,0.00073765,0.00073765,0.00073765
267,1166.55,7.68891,2.17372,1.17335,0.73116,0.56947,0.65519,0.33638,7.102,2.02449,1.14768,0.00073666,0.00073666,0.00073666
268,1170.53,7.16816,2.13308,1.17296,0.72876,0.57276,0.65875,0.33761,7.06321,2.02332,1.1473,0.00073567,0.00073567,0.00073567
269,1174.52,7.37262,2.18089,1.16183,0.72392,0.57551,0.65681,0.33499,7.19128,2.03284,1.14829,0.00073468,0.00073468,0.00073468
270,1178.65,6.65809,2.11134,1.1879,0.7234,0.57015,0.65555,0.33966,7.02737,2.02652,1.14776,0.00073369,0.00073369,0.00073369
271,1183.09,7.43657,2.18656,1.17115,0.7177,0.56996,0.6528,0.33104,7.26532,2.06596,1.15003,0.0007327,0.0007327,0.0007327
272,1187.19,7.17216,2.17759,1.18222,0.72122,0.57609,0.65723,0.33802,7.07607,2.03881,1.14824,0.00073171,0.00073171,0.00073171
273,1191.31,7.30496,2.22277,1.18893,0.71819,0.57468,0.65472,0.33563,7.10376,2.04424,1.14811,0.00073072,0.00073072,0.00073072
274,1195.82,6.82688,2.11599,1.16466,0.72511,0.5718,0.65509,0.33773,7.05449,2.04226,1.14818,0.00072973,0.00072973,0.00072973
275,1200.39,7.34029,2.19242,1.1526,0.73017,0.57166,0.65553,0.33459,7.1397,2.0439,1.14888,0.00072874,0.00072874,0.00072874
276,1204.62,7.02315,2.12125,1.18587,0.72851,0.57606,0.65821,0.33747,7.08983,2.03893,1.14788,0.00072775,0.00072775,0.00072775
277,1209.05,7.37582,2.16304,1.17484,0.72668,0.57249,0.656,0.3374,7.0803,2.02141,1.14767,0.00072676,0.00072676,0.00072676
278,1213.53,7.49952,2.18988,1.17134,0.72866,0.57345,0.65794,0.3391,7.06968,2.01251,1.14733,0.00072577,0.00072577,0.00072577
279,1217.7,7.60533,2.18738,1.1623,0.72763,0.57702,0.6576,0.33996,7.03276,2.01312,1.14669,0.00072478,0.00072478,0.00072478
280,1222.16,7.69113,2.23546,1.16608,0.7267,0.57568,0.65948,0.33817,7.10259,2.02114,1.14752,0.00072379,0.00072379,0.00072379
281,1226.52,7.13388,2.12816,1.17491,0.73351,0.58018,0.66249,0.33901,7.0364,2.01703,1.14722,0.0007228,0.0007228,0.0007228
282,1230.83,7.19076,2.17191,1.17353,0.73201,0.57938,0.66124,0.33888,7.04317,2.01306,1.14741,0.00072181,0.00072181,0.00072181
283,1234.98,7.39373,2.16492,1.15555,0.73686,0.57002,0.65839,0.33865,7.04746,2.0147,1.14772,0.00072082,0.00072082,0.00072082
284,1239.51,7.27162,2.1155,1.16986,0.72499,0.57276,0.65832,0.33914,7.0325,2.02316,1.14738,0.00071983,0.00071983,0.00071983
285,1243.66,7.46682,2.17931,1.1669,0.73168,0.57043,0.65605,0.33629,7.06516,2.01714,1.14791,0.00071884,0.00071884,0.00071884
286,1248.15,7.22173,2.0886,1.17634,0.72639,0.57345,0.6587,0.34005,7.05764,2.01297,1.14765,0.00071785,0.00071785,0.00071785
287,1252.44,7.56982,2.19774,1.17224,0.72388,0.57619,0.66043,0.33892,7.0919,2.01751,1.14767,0.00071686,0.00071686,0.00071686
288,1257.13,6.8048,2.08487,1.17841,0.72385,0.57219,0.6572,0.33812,7.11621,2.01964,1.14766,0.00071587,0.00071587,0.00071587
289,1261.37,7.29259,2.1358,1.16939,0.72317,0.57419,0.6582,0.3409,7.02211,2.02773,1.14659,0.00071488,0.00071488,0.00071488
290,1266.01,7.16035,2.17283,1.18019,0.72474,0.5799,0.66032,0.34109,7.00217,2.00731,1.14606,0.00071389,0.00071389,0.00071389
291,1270.43,7.43256,2.12748,1.15985,0.72902,0.57482,0.65933,0.34242,7.03321,2.01119,1.14649,0.0007129,0.0007129,0.0007129
292,1275.09,7.66737,2.22553,1.18634,0.73307,0.57423,0.65984,0.34159,7.04047,2.00161,1.14634,0.00071191,0.00071191,0.00071191
293,1279.42,7.45513,2.1839,1.1778,0.73169,0.57919,0.66087,0.34096,7.03142,2.00218,1.14633,0.00071092,0.00071092,0.00071092
294,1283.36,6.75068,2.00699,1.16361,0.73133,0.57674,0.65991,0.34057,7.01333,2.00221,1.14666,0.00070993,0.00070993,0.00070993
295,1287.1,7.20429,2.17578,1.18057,0.72754,0.57743,0.66016,0.34052,7.06146,2.01099,1.14703,0.00070894,0.00070894,0.00070894
296,1291.43,7.74101,2.21069,1.16888,0.73047,0.57976,0.66194,0.33997,7.0825,2.01212,1.14681,0.00070795,0.00070795,0.00070795
297,1295.5,6.80735,2.10437,1.19097,0.7295,0.57758,0.65832,0.33715,7.09448,2.02023,1.14754,0.00070696,0.00070696,0.00070696
298,1300.04,7.32488,2.14564,1.16575,0.7281,0.57908,0.65983,0.33974,7.08295,2.01911,1.14667,0.00070597,0.00070597,0.00070597
299,1304.49,7.32216,2.15877,1.17813,0.73267,0.57839,0.66134,0.34081,7.05441,2.012,1.14628,0.00070498,0.00070498,0.00070498
300,1309,7.68717,2.22366,1.16983,0.73042,0.57455,0.65854,0.3405,7.06678,2.0213,1.14601,0.00070399,0.00070399,0.00070399
301,1313.27,7.18309,2.14302,1.19605,0.73565,0.57384,0.66084,0.34274,7.02487,2.0026,1.1464,0.000703,0.000703,0.000703
302,1317.98,7.57935,2.1848,1.17057,0.73571,0.57867,0.66204,0.34324,7.01485,1.99754,1.14638,0.00070201,0.00070201,0.00070201
303,1322.3,7.29523,2.11857,1.16619,0.7394,0.57533,0.66121,0.33936,7.09254,2.01496,1.14636,0.00070102,0.00070102,0.00070102
304,1326.37,7.07655,2.10605,1.17752,0.7333,0.57221,0.65896,0.33937,7.02715,2.01485,1.14625,0.00070003,0.00070003,0.00070003
305,1330.57,7.6128,2.1914,1.1803,0.72691,0.57743,0.66046,0.34193,7.00076,2.01534,1.14626,0.00069904,0.00069904,0.00069904
306,1334.97,6.96213,2.04337,1.16366,0.73176,0.574,0.65846,0.34061,7.00826,1.99978,1.14593,0.00069805,0.00069805,0.00069805
307,1339.32,7.25194,2.14289,1.14215,0.72921,0.57551,0.65984,0.34153,6.99914,2.00026,1.14519,0.00069706,0.00069706,0.00069706
308,1343.85,7.64974,2.20319,1.16445,0.7276,0.5717,0.65593,0.33892,7.01741,2.02152,1.14639,0.00069607,0.00069607,0.00069607
309,1347.91,7.23487,2.10593,1.15399,0.73158,0.57441,0.65986,0.34304,7.00914,2.01211,1.14629,0.00069508,0.00069508,0.00069508
310,1351.76,6.97163,2.12165,1.17318,0.72792,0.58045,0.66097,0.34254,7.02616,2.00731,1.14576,0.00069409,0.00069409,0.00069409
311,1356.13,7.61654,2.16769,1.16529,0.73147,0.57619,0.65907,0.33892,7.0353,2.01037,1.14596,0.0006931,0.0006931,0.0006931
312,1359.89,7.82717,2.17169,1.14658,0.73364,0.57867,0.6619,0.3428,6.99668,1.99885,1.14536,0.00069211,0.00069211,0.00069211
313,1363.78,6.91757,2.09407,1.17846,0.7346,0.57345,0.6602,0.34161,7.04424,2.00395,1.14617,0.00069112,0.00069112,0.00069112
314,1368.25,7.429,2.13754,1.1704,0.7378,0.57252,0.66086,0.33977,7.08687,1.99802,1.14606,0.00069013,0.00069013,0.00069013
315,1372.47,7.95353,2.28654,1.18199,0.74058,0.57304,0.661,0.34457,6.96075,1.98723,1.14484,0.00068914,0.00068914,0.00068914
316,1376.98,7.3611,2.14362,1.15744,0.74361,0.57249,0.66307,0.34563,6.9596,1.99185,1.14436,0.00068815,0.00068815,0.00068815
317,1380.84,6.94041,2.06861,1.16541,0.74431,0.57359,0.66277,0.34252,7.06543,2.0014,1.14535,0.00068716,0.00068716,0.00068716
318,1385.06,7.46178,2.14887,1.15795,0.74052,0.57163,0.66212,0.34325,7.04076,2.00404,1.14548,0.00068617,0.00068617,0.00068617
319,1389.38,7.47495,2.16641,1.18371,0.73657,0.57773,0.66362,0.34737,6.92021,1.9884,1.14405,0.00068518,0.00068518,0.00068518
320,1393.81,7.17053,2.09693,1.16916,0.73978,0.57468,0.66335,0.34279,6.98513,1.99003,1.14492,0.00068419,0.00068419,0.00068419
321,1398.02,7.34316,2.12299,1.1741,0.74295,0.57575,0.66504,0.34648,6.96924,1.98348,1.14449,0.0006832,0.0006832,0.0006832
322,1402.53,7.54843,2.1798,1.16146,0.7378,0.58031,0.66426,0.34486,6.96206,1.98179,1.14408,0.00068221,0.00068221,0.00068221
323,1406.55,7.67846,2.22959,1.18671,0.74313,0.57512,0.66546,0.34447,6.98239,1.9882,1.14487,0.00068122,0.00068122,0.00068122
324,1410.73,7.01424,2.05761,1.18449,0.74011,0.57427,0.66337,0.34453,6.95348,1.98602,1.1443,0.00068023,0.00068023,0.00068023
325,1415.01,7.59241,2.2038,1.16594,0.73675,0.57702,0.66321,0.34541,7.00376,1.98828,1.1449,0.00067924,0.00067924,0.00067924
326,1418.98,6.89993,2.04186,1.17254,0.74219,0.56635,0.65986,0.34103,7.07585,2.00569,1.14578,0.00067825,0.00067825,0.00067825
327,1423.22,7.226,2.10508,1.1757,0.74166,0.5711,0.66143,0.34603,6.91113,1.97336,1.14433,0.00067726,0.00067726,0.00067726
328,1427.48,7.31578,2.09022,1.15609,0.7383,0.57441,0.66159,0.34517,6.95575,1.98672,1.14458,0.00067627,0.00067627,0.00067627
329,1431.94,7.2066,2.12045,1.16363,0.73704,0.57633,0.66236,0.34206,7.05165,1.99375,1.14591,0.00067528,0.00067528,0.00067528
330,1436.36,7.33214,2.11155,1.17906,0.74447,0.57331,0.66406,0.34624,6.95119,1.99275,1.14368,0.00067429,0.00067429,0.00067429
331,1440.32,6.94566,2.08058,1.18548,0.73908,0.57438,0.66284,0.34531,6.96828,1.99604,1.14434,0.0006733,0.0006733,0.0006733
332,1444.39,7.21133,2.10453,1.17361,0.73982,0.57647,0.66316,0.34646,6.92636,1.98209,1.14424,0.00067231,0.00067231,0.00067231
333,1448.57,7.13653,2.12004,1.17086,0.74422,0.57194,0.66221,0.34678,6.92011,1.98726,1.14497,0.00067132,0.00067132,0.00067132
334,1453.02,7.30199,2.12282,1.1596,0.74133,0.57331,0.66392,0.34684,6.90702,1.98582,1.14479,0.00067033,0.00067033,0.00067033
335,1457.26,7.3533,2.11032,1.16399,0.7404,0.57578,0.66453,0.3462,6.96035,1.98902,1.14454,0.00066934,0.00066934,0.00066934
336,1461.77,7.10845,2.08276,1.16012,0.73741,0.57386,0.66201,0.34519,6.96738,1.99096,1.14468,0.00066835,0.00066835,0.00066835
337,1466.2,7.26336,2.11475,1.1702,0.73826,0.57455,0.66222,0.34744,6.91136,1.97981,1.14372,0.00066736,0.00066736,0.00066736
338,1470.54,7.10125,2.07513,1.16597,0.74233,0.57496,0.6643,0.34844,6.9027,1.98208,1.14322,0.00066637,0.00066637,0.00066637
339,1474.89,7.59627,2.18335,1.158,0.73552,0.58045,0.66422,0.34434,7.02844,1.99552,1.1441,0.00066538,0.00066538,0.00066538
340,1479.3,7.03729,2.0776,1.16223,0.74127,0.57624,0.66502,0.34615,6.9555,1.98309,1.14354,0.00066439,0.00066439,0.00066439
341,1483.39,7.04225,2.04161,1.16875,0.74035,0.577,0.66345,0.34542,6.95891,1.98142,1.14387,0.0006634,0.0006634,0.0006634
342,1487.76,7.25229,2.10648,1.16675,0.7441,0.57244,0.6637,0.34655,6.9447,1.97913,1.14373,0.00066241,0.00066241,0.00066241
343,1491.93,7.12745,2.08458,1.17699,0.74173,0.574,0.66358,0.34741,6.95333,1.98928,1.14396,0.00066142,0.00066142,0.00066142
344,1496.4,6.84524,2.08803,1.17623,0.74256,0.57417,0.66498,0.34674,6.97796,1.99381,1.14392,0.00066043,0.00066043,0.00066043
345,1500.89,7.4536,2.18584,1.14885,0.74002,0.57867,0.66603,0.34864,6.92159,1.98884,1.14315,0.00065944,0.00065944,0.00065944
346,1505.41,6.74697,2.03149,1.17514,0.73849,0.58471,0.66878,0.3485,6.90744,1.98207,1.14282,0.00065845,0.00065845,0.00065845
347,1509.75,7.39213,2.18234,1.16205,0.74449,0.5799,0.66759,0.34533,6.9771,1.99194,1.14339,0.00065746,0.00065746,0.00065746
348,1514.12,7.07219,2.121,1.16779,0.748,0.57798,0.66776,0.34568,7.04382,1.99645,1.14424,0.00065647,0.00065647,0.00065647
349,1518.39,7.08447,2.08508,1.17018,0.74172,0.58193,0.66859,0.34735,6.92393,1.9809,1.14355,0.00065548,0.00065548,0.00065548
350,1523.01,7.61657,2.18941,1.16939,0.7446,0.58059,0.66814,0.34786,6.9214,1.97484,1.14346,0.00065449,0.00065449,0.00065449
351,1527.05,6.72462,2.03558,1.16904,0.7431,0.58045,0.66768,0.34804,7.00389,1.98455,1.1439,0.0006535,0.0006535,0.0006535
352,1531.59,7.29541,2.14834,1.16793,0.74059,0.57867,0.66717,0.34693,6.99687,1.97935,1.1437,0.00065251,0.00065251,0.00065251
353,1535.85,7.0691,2.07493,1.16663,0.74015,0.58018,0.66754,0.3477,6.90005,1.9716,1.14258,0.00065152,0.00065152,0.00065152
354,1540.35,6.95261,2.06587,1.16495,0.74533,0.57618,0.66723,0.34868,6.91508,1.97281,1.14253,0.00065053,0.00065053,0.00065053
355,1544.9,7.11929,2.03833,1.16433,0.7477,0.57565,0.66687,0.34707,6.98936,1.98134,1.14349,0.00064954,0.00064954,0.00064954
356,1549.3,7.20473,2.09326,1.16803,0.74767,0.57606,0.66773,0.34601,7.02921,1.98219,1.14376,0.00064855,0.00064855,0.00064855
357,1553.9,7.42553,2.14609,1.16506,0.74318,0.57924,0.6681,0.35101,6.87322,1.96848,1.14201,0.00064756,0.00064756,0.00064756
358,1558.43,7.09108,2.12765,1.20498,0.74384,0.58045,0.66815,0.34828,6.90696,1.97053,1.14256,0.00064657,0.00064657,0.00064657
359,1562.62,7.26829,2.08525,1.16881,0.73727,0.58056,0.66733,0.34857,6.96161,1.98591,1.14305,0.00064558,0.00064558,0.00064558
360,1567.01,7.27517,2.11597,1.15832,0.7395,0.57718,0.66573,0.34826,6.95462,1.97582,1.14321,0.00064459,0.00064459,0.00064459
361,1571.06,7.03921,2.05566,1.16706,0.74392,0.57578,0.66615,0.34864,6.98286,1.98075,1.14313,0.0006436,0.0006436,0.0006436
362,1575.71,7.44446,2.15085,1.16014,0.74275,0.57688,0.66686,0.34743,7.02574,1.99467,1.14395,0.00064261,0.00064261,0.00064261
363,1580.02,7.23173,2.11273,1.16161,0.73925,0.57801,0.6655,0.35063,6.87317,1.96508,1.14274,0.00064162,0.00064162,0.00064162
364,1584.22,7.15323,2.04996,1.16456,0.74592,0.57514,0.66635,0.35075,6.87459,1.96908,1.14297,0.00064063,0.00064063,0.00064063
365,1588.5,7.18274,2.1383,1.17487,0.74441,0.57414,0.6658,0.348,6.94955,1.97949,1.1431,0.00063964,0.00063964,0.00063964
366,1592.31,7.09716,2.03901,1.14981,0.7429,0.57729,0.66674,0.34879,6.8986,1.97193,1.14296,0.00063865,0.00063865,0.00063865
367,1596.45,7.00549,2.06723,1.15353,0.74177,0.57617,0.66645,0.34904,6.97906,1.9836,1.14352,0.00063766,0.00063766,0.00063766
368,1601.1,7.09777,2.07035,1.17056,0.72863,0.57909,0.66481,0.34849,6.98906,1.98137,1.14339,0.00063667,0.00063667,0.00063667
369,1605.67,7.25217,2.16868,1.16525,0.73979,0.57619,0.66603,0.35072,6.86405,1.96457,1.14205,0.00063568,0.00063568,0.00063568
370,1610.36,7.80436,2.21897,1.1586,0.73645,0.58018,0.66838,0.35178,6.8595,1.96283,1.14285,0.00063469,0.00063469,0.00063469
371,1614.53,7.15461,2.11809,1.18141,0.73639,0.57833,0.66641,0.34982,6.95602,1.97183,1.14347,0.0006337,0.0006337,0.0006337
372,1618.82,7.18431,2.08941,1.17333,0.73658,0.58043,0.66802,0.35163,6.91863,1.96952,1.14308,0.00063271,0.00063271,0.00063271
373,1622.85,7.06305,2.10641,1.18693,0.73704,0.57963,0.66617,0.34973,6.90521,1.9652,1.14379,0.00063172,0.00063172,0.00063172
374,1627.25,6.87107,2.14334,1.17476,0.74022,0.5723,0.66616,0.35168,6.85374,1.99232,1.1428,0.00063073,0.00063073,0.00063073
375,1631.42,7.02774,2.15598,1.19194,0.73521,0.58347,0.6672,0.34983,6.92358,1.96979,1.14276,0.00062974,0.00062974,0.00062974
376,1635.8,6.77348,2.04007,1.17306,0.74728,0.57592,0.66887,0.34908,6.9756,1.97483,1.14286,0.00062875,0.00062875,0.00062875
377,1640.14,7.07766,2.09373,1.16599,0.73995,0.58141,0.66988,0.35204,6.83778,1.95828,1.14188,0.00062776,0.00062776,0.00062776
378,1644.62,7.34322,2.15303,1.16675,0.74323,0.58057,0.66885,0.34956,6.8858,1.96339,1.14286,0.00062677,0.00062677,0.00062677
379,1648.75,7.92387,2.21334,1.17621,0.74516,0.58237,0.67261,0.35296,6.8671,1.96369,1.1426,0.00062578,0.00062578,0.00062578
380,1653.25,6.81018,1.98934,1.17555,0.74624,0.58137,0.67232,0.35295,6.8663,1.96412,1.14245,0.00062479,0.00062479,0.00062479
381,1657.43,7.39448,2.12994,1.15967,0.74673,0.57843,0.67001,0.35185,6.87989,1.9639,1.14239,0.0006238,0.0006238,0.0006238
382,1661.66,7.06205,2.10608,1.16804,0.74507,0.57898,0.66932,0.35214,6.85808,1.95804,1.14264,0.00062281,0.00062281,0.00062281
383,1665.39,7.32142,2.15472,1.18305,0.74828,0.57702,0.67011,0.35351,6.86763,1.96668,1.14286,0.00062182,0.00062182,0.00062182
384,1669.4,7.05875,2.15006,1.17481,0.74939,0.57839,0.67116,0.35328,6.89338,1.97517,1.14279,0.00062083,0.00062083,0.00062083
385,1673.71,7.28675,2.10502,1.15101,0.74929,0.57496,0.66873,0.35083,6.88411,1.96791,1.14284,0.00061984,0.00061984,0.00061984
386,1677.84,7.00422,2.04009,1.15719,0.74683,0.57716,0.66845,0.34838,6.93809,1.96884,1.14278,0.00061885,0.00061885,0.00061885
387,1681.91,6.88957,2.10955,1.1846,0.74412,0.58182,0.67022,0.35261,6.82679,1.95957,1.14165,0.00061786,0.00061786,0.00061786
388,1686.37,7.01048,2.03931,1.17248,0.74065,0.57716,0.66761,0.35156,6.84255,1.98703,1.14247,0.00061687,0.00061687,0.00061687
389,1690.84,7.17928,2.0953,1.16065,0.73718,0.58196,0.66861,0.35102,6.92072,1.96779,1.14283,0.00061588,0.00061588,0.00061588
390,1695.01,6.82264,2.06058,1.17543,0.74924,0.57317,0.6676,0.35053,6.89405,1.96298,1.14249,0.00061489,0.00061489,0.00061489
391,1699.15,7.29102,2.14074,1.1806,0.74751,0.57565,0.66811,0.35123,6.84237,1.95645,1.14237,0.0006139,0.0006139,0.0006139
392,1703.38,7.27839,2.11468,1.15824,0.75045,0.57729,0.67044,0.35284,6.82988,1.95339,1.14183,0.00061291,0.00061291,0.00061291
393,1707.67,7.46406,2.16928,1.16588,0.74768,0.57716,0.67112,0.3536,6.87809,1.96191,1.1421,0.00061192,0.00061192,0.00061192
394,1712.16,7.33523,2.08856,1.15732,0.75283,0.57784,0.67205,0.35379,6.87882,1.9535,1.14191,0.00061093,0.00061093,0.00061093
395,1716.4,6.91142,2.03051,1.15198,0.74606,0.58127,0.67106,0.35322,6.81695,1.94857,1.14183,0.00060994,0.00060994,0.00060994
396,1720.89,7.10283,2.08408,1.16725,0.75082,0.57788,0.67077,0.35299,6.83715,1.96427,1.14244,0.00060895,0.00060895,0.00060895
397,1725.36,6.75107,2.01272,1.16306,0.74676,0.57974,0.66933,0.35151,6.92566,1.96764,1.14275,0.00060796,0.00060796,0.00060796
398,1729.86,7.30145,2.11633,1.17146,0.74551,0.5788,0.66962,0.35222,6.94021,1.96656,1.14278,0.00060697,0.00060697,0.00060697
399,1734.1,7.29985,2.14763,1.15722,0.74463,0.58018,0.66923,0.35001,6.89668,1.95799,1.14229,0.00060598,0.00060598,0.00060598
400,1738.22,7.19766,2.04614,1.15454,0.74511,0.58361,0.671,0.35245,6.88344,1.9565,1.14152,0.00060499,0.00060499,0.00060499
401,1742.54,7.68736,2.16458,1.15927,0.74908,0.57789,0.67224,0.3548,6.85188,1.94899,1.14122,0.000604,0.000604,0.000604
402,1747.17,6.90228,2.06523,1.16759,0.74541,0.5777,0.6703,0.35209,6.90793,1.95805,1.14204,0.00060301,0.00060301,0.00060301
403,1751.42,7.08308,2.08884,1.16488,0.7479,0.57935,0.67193,0.35486,6.8213,1.94506,1.14101,0.00060202,0.00060202,0.00060202
404,1755.99,6.88197,2.05311,1.17431,0.74816,0.58059,0.67162,0.35348,6.84573,1.9465,1.14105,0.00060103,0.00060103,0.00060103
405,1760.21,7.18007,2.1197,1.1784,0.74419,0.5807,0.67197,0.35437,6.8389,1.95331,1.14178,0.00060004,0.00060004,0.00060004
406,1764.66,7.5115,2.13871,1.15822,0.74329,0.58031,0.67203,0.35419,6.85118,1.95956,1.14211,0.00059905,0.00059905,0.00059905
407,1768.81,7.15085,2.01364,1.1658,0.7497,0.57619,0.66905,0.35256,6.83643,1.95525,1.14173,0.00059806,0.00059806,0.00059806
408,1773.56,7.08982,2.09885,1.18412,0.74004,0.58349,0.66958,0.35274,6.82783,1.94566,1.14144,0.00059707,0.00059707,0.00059707
409,1777.96,7.00558,2.00249,1.15838,0.74649,0.58306,0.67252,0.3552,6.85401,1.94553,1.14169,0.00059608,0.00059608,0.00059608
410,1782.82,7.35174,2.09875,1.1568,0.74426,0.5788,0.6716,0.35517,6.86383,1.9462,1.14122,0.00059509,0.00059509,0.00059509
411,1787,6.86059,2.06255,1.17963,0.75213,0.58072,0.67203,0.35376,6.82262,1.94725,1.1405,0.0005941,0.0005941,0.0005941
412,1791.52,7.31953,2.14141,1.17246,0.74707,0.58513,0.67277,0.3543,6.82314,1.94536,1.14036,0.00059311,0.00059311,0.00059311
413,1795.81,6.92109,2.06048,1.1645,0.74435,0.5872,0.67389,0.35534,6.84235,1.94609,1.14082,0.00059212,0.00059212,0.00059212
414,1800.14,6.47631,2.02992,1.19139,0.74303,0.58592,0.67318,0.35551,6.80849,1.94931,1.14075,0.00059113,0.00059113,0.00059113
415,1804.31,6.93157,2.04936,1.18319,0.74881,0.58347,0.67255,0.35227,6.87347,1.94927,1.1413,0.00059014,0.00059014,0.00059014
416,1808.48,6.88587,2.0369,1.17128,0.74549,0.58469,0.67182,0.35274,6.89691,1.95859,1.14158,0.00058915,0.00058915,0.00058915
417,1812.97,7.18539,2.0892,1.16458,0.74629,0.58484,0.67368,0.35399,6.84173,1.95043,1.14115,0.00058816,0.00058816,0.00058816
418,1817.52,7.1237,2.10424,1.1639,0.7458,0.58841,0.67473,0.35502,6.82824,1.94921,1.14071,0.00058717,0.00058717,0.00058717
419,1821.8,6.88899,2.09375,1.16731,0.74787,0.58443,0.67522,0.35582,6.85625,1.9408,1.14092,0.00058618,0.00058618,0.00058618
420,1826.84,6.98173,2.02956,1.16745,0.74221,0.58816,0.67464,0.35416,6.90069,1.94769,1.14077,0.00058519,0.00058519,0.00058519
421,1831.47,7.16882,2.08584,1.15915,0.74579,0.58803,0.67506,0.35529,6.83855,1.94271,1.13979,0.0005842,0.0005842,0.0005842
422,1836.14,7.07315,2.05231,1.1531,0.74963,0.58863,0.6768,0.35559,6.82037,1.93815,1.14013,0.00058321,0.00058321,0.00058321
423,1840.34,6.94847,2.03585,1.17454,0.74573,0.58946,0.67573,0.35657,6.83662,1.93591,1.14057,0.00058222,0.00058222,0.00058222
424,1844.73,7.27938,2.08005,1.16149,0.74889,0.58796,0.67564,0.35629,6.8362,1.93697,1.14058,0.00058123,0.00058123,0.00058123
425,1848.74,7.07921,2.07064,1.16595,0.74528,0.58745,0.67514,0.35627,6.80478,1.93993,1.14042,0.00058024,0.00058024,0.00058024
426,1853.49,6.83902,2.10055,1.1838,0.74655,0.58896,0.67597,0.35629,6.79099,1.94029,1.14018,0.00057925,0.00057925,0.00057925
427,1857.91,7.32765,2.07929,1.16175,0.74109,0.59337,0.6763,0.35734,6.82096,1.94139,1.13995,0.00057826,0.00057826,0.00057826
428,1862.53,7.39374,2.15149,1.15012,0.75435,0.58361,0.67555,0.35636,6.83392,1.94288,1.14002,0.00057727,0.00057727,0.00057727
429,1866.6,7.23285,2.1388,1.15204,0.74734,0.5869,0.67412,0.35418,6.85251,1.94943,1.14017,0.00057628,0.00057628,0.00057628
430,1871.17,6.43833,1.94809,1.16116,0.74254,0.58799,0.67421,0.35642,6.7921,1.94033,1.13964,0.00057529,0.00057529,0.00057529
431,1875.78,7.2756,2.0946,1.15297,0.74881,0.58512,0.67381,0.35549,6.85611,1.94104,1.14069,0.0005743,0.0005743,0.0005743
432,1880.08,7.04039,2.05152,1.17844,0.74076,0.59039,0.6752,0.35627,6.84426,1.93619,1.14044,0.00057331,0.00057331,0.00057331
433,1884.35,7.08178,2.04581,1.15591,0.73819,0.59061,0.67436,0.35782,6.76113,1.92772,1.14012,0.00057232,0.00057232,0.00057232
434,1888.83,6.80967,2.04425,1.16395,0.74133,0.59116,0.67448,0.35612,6.7858,1.93758,1.13989,0.00057133,0.00057133,0.00057133
435,1893.08,7.03946,2.04628,1.15977,0.75678,0.57838,0.6741,0.35479,6.8734,1.93788,1.14061,0.00057034,0.00057034,0.00057034
436,1897.57,6.98378,2.03306,1.1629,0.75475,0.57839,0.67363,0.35584,6.84018,1.93788,1.13992,0.00056935,0.00056935,0.00056935
437,1901.73,6.90447,2.00445,1.15335,0.74831,0.58484,0.67445,0.35593,6.79815,1.93583,1.13921,0.00056836,0.00056836,0.00056836
438,1906.38,7.49663,2.14036,1.1718,0.75435,0.57784,0.67353,0.35571,6.79227,1.93649,1.1393,0.00056737,0.00056737,0.00056737
439,1910.74,7.45647,2.13855,1.1537,0.75391,0.57921,0.67393,0.3572,6.80701,1.93228,1.13945,0.00056638,0.00056638,0.00056638
440,1915.17,6.64705,1.97404,1.17596,0.75386,0.57935,0.67356,0.35699,6.83284,1.93966,1.13977,0.00056539,0.00056539,0.00056539
441,1919.47,7.26159,2.08913,1.14974,0.74936,0.58484,0.67458,0.3569,6.78136,1.92974,1.13908,0.0005644,0.0005644,0.0005644
442,1923.81,6.92129,2.15333,1.16263,0.74903,0.58704,0.67506,0.35627,6.80641,1.93117,1.13948,0.00056341,0.00056341,0.00056341
443,1928.29,7.7917,2.2047,1.15968,0.75596,0.57879,0.67376,0.35674,6.80499,1.93935,1.13969,0.00056242,0.00056242,0.00056242
444,1932.77,7.19964,2.09238,1.16185,0.75216,0.58164,0.67455,0.35575,6.83627,1.9327,1.13985,0.00056143,0.00056143,0.00056143
445,1936.82,7.40085,2.09448,1.17069,0.74824,0.58169,0.67296,0.35711,6.79933,1.9355,1.13899,0.00056044,0.00056044,0.00056044
446,1941.1,7.09258,2.03975,1.15103,0.74834,0.58459,0.67468,0.35625,6.82344,1.93762,1.13938,0.00055945,0.00055945,0.00055945
447,1945.39,7.27938,2.07301,1.16275,0.74875,0.58466,0.67564,0.35769,6.82423,1.9309,1.13955,0.00055846,0.00055846,0.00055846
448,1949.87,7.21734,2.06124,1.1557,0.74933,0.58512,0.6761,0.35855,6.79696,1.92514,1.13951,0.00055747,0.00055747,0.00055747
449,1954.25,6.77161,1.99471,1.15505,0.74873,0.58649,0.67597,0.35772,6.80229,1.93055,1.13911,0.00055648,0.00055648,0.00055648
450,1958.47,6.83376,2.04951,1.18667,0.75008,0.58508,0.674,0.35708,6.77713,1.92827,1.13882,0.00055549,0.00055549,0.00055549
451,1962.71,7.17937,2.12126,1.154,0.75206,0.58443,0.6756,0.35735,6.77027,1.93189,1.13892,0.0005545,0.0005545,0.0005545
452,1967.04,7.22972,2.06041,1.16175,0.74991,0.58855,0.67739,0.35725,6.79647,1.93095,1.13887,0.00055351,0.00055351,0.00055351
453,1971.35,7.36618,2.05159,1.14864,0.75042,0.58526,0.67467,0.35615,6.78144,1.93451,1.13876,0.00055252,0.00055252,0.00055252
454,1975.7,6.55913,1.97411,1.16802,0.75401,0.58292,0.67464,0.35548,6.82782,1.93887,1.1392,0.00055153,0.00055153,0.00055153
455,1980.07,7.00748,2.02848,1.15195,0.7541,0.58553,0.67678,0.35707,6.8028,1.93187,1.13902,0.00055054,0.00055054,0.00055054
456,1984.28,6.94886,2.05484,1.1681,0.75279,0.58347,0.67557,0.35895,6.7772,1.92653,1.139,0.00054955,0.00054955,0.00054955
457,1988.21,6.63183,1.9995,1.15969,0.75075,0.58346,0.67403,0.35787,6.784,1.93305,1.13895,0.00054856,0.00054856,0.00054856
458,1992.84,7.1147,2.08142,1.16194,0.74988,0.58528,0.67485,0.35817,6.80475,1.92143,1.13904,0.00054757,0.00054757,0.00054757
459,1997.32,6.72096,2.02711,1.17161,0.74959,0.58604,0.67605,0.35717,6.79369,1.92302,1.1389,0.00054658,0.00054658,0.00054658
460,2001.88,7.58738,2.18948,1.17395,0.75007,0.58553,0.67535,0.35701,6.78672,1.92468,1.13899,0.00054559,0.00054559,0.00054559
461,2006.37,7.23745,2.05749,1.14704,0.74934,0.58718,0.67606,0.35913,6.76853,1.92077,1.13877,0.0005446,0.0005446,0.0005446
462,2010.95,7.22785,2.0299,1.15947,0.74728,0.59116,0.67712,0.35844,6.77387,1.92462,1.13822,0.00054361,0.00054361,0.00054361
463,2015.17,7.36594,2.08143,1.15483,0.74601,0.58873,0.67677,0.35965,6.79263,1.91934,1.13852,0.00054262,0.00054262,0.00054262
464,2019.68,7.00445,2.04663,1.16019,0.73931,0.59308,0.67743,0.35893,6.82742,1.93152,1.139,0.00054163,0.00054163,0.00054163
465,2024,6.81365,2.04079,1.15087,0.7426,0.59143,0.67693,0.35894,6.76657,1.92394,1.13863,0.00054064,0.00054064,0.00054064
466,2028.4,7.2269,2.09029,1.16129,0.74174,0.59432,0.67776,0.35876,6.77281,1.92663,1.13932,0.00053965,0.00053965,0.00053965
467,2032.69,7.23325,2.07634,1.1668,0.74211,0.59298,0.67799,0.35592,6.83093,1.94033,1.13966,0.00053866,0.00053866,0.00053866
468,2037.2,7.31704,2.08496,1.16308,0.74226,0.59171,0.67734,0.3589,6.81535,1.93569,1.13911,0.00053767,0.00053767,0.00053767
469,2041.4,7.27198,2.10047,1.17422,0.74935,0.58487,0.67611,0.35719,6.79761,1.93028,1.13922,0.00053668,0.00053668,0.00053668
470,2045.73,7.00935,2.00689,1.14938,0.74793,0.58704,0.67476,0.35636,6.81534,1.93154,1.13934,0.00053569,0.00053569,0.00053569
471,2049.98,7.37223,2.07579,1.1505,0.74643,0.58828,0.67546,0.35872,6.78248,1.92074,1.13905,0.0005347,0.0005347,0.0005347
472,2054.32,6.72936,2.01934,1.16684,0.74467,0.58898,0.67569,0.35799,6.83149,1.92859,1.13894,0.00053371,0.00053371,0.00053371
473,2058.72,7.52952,2.09462,1.15287,0.7438,0.5883,0.6756,0.35889,6.78075,1.92093,1.1382,0.00053272,0.00053272,0.00053272
474,2063.3,7.03323,2.01625,1.15079,0.74724,0.59253,0.67744,0.35984,6.75183,1.91748,1.13785,0.00053173,0.00053173,0.00053173
475,2067.54,7.19279,2.05833,1.13966,0.75142,0.58965,0.67788,0.36059,6.76846,1.91843,1.13794,0.00053074,0.00053074,0.00053074
476,2072.12,6.97097,2.08079,1.17153,0.74981,0.58992,0.67927,0.36218,6.73953,1.91488,1.13728,0.00052975,0.00052975,0.00052975
477,2076.39,6.68864,2.01293,1.18278,0.74885,0.59061,0.67858,0.3596,6.78673,1.92391,1.13776,0.00052876,0.00052876,0.00052876
478,2081.08,7.01832,1.99852,1.15254,0.74613,0.59029,0.67786,0.35917,6.75931,1.91959,1.13787,0.00052777,0.00052777,0.00052777
479,2085.25,6.85399,2.05694,1.15987,0.74588,0.58831,0.67709,0.36012,6.78335,1.92002,1.13832,0.00052678,0.00052678,0.00052678
480,2089.73,6.85859,2.06055,1.17241,0.74976,0.58287,0.67591,0.36008,6.80133,1.92681,1.13838,0.00052579,0.00052579,0.00052579
481,2093.9,6.94623,1.99738,1.17534,0.75005,0.5869,0.67821,0.3609,6.73011,1.91849,1.1379,0.0005248,0.0005248,0.0005248
482,2098.5,7.02527,2.01974,1.15859,0.75123,0.58496,0.67716,0.36002,6.74982,1.9208,1.13847,0.00052381,0.00052381,0.00052381
483,2102.78,7.13372,2.0505,1.15149,0.75501,0.58386,0.6772,0.36048,6.77264,1.92798,1.13825,0.00052282,0.00052282,0.00052282
484,2107.53,7.17382,2.06589,1.15734,0.75121,0.58489,0.67692,0.36027,6.82499,1.93846,1.13833,0.00052183,0.00052183,0.00052183
485,2111.7,6.69314,1.96699,1.16036,0.74528,0.59226,0.67858,0.36137,6.75223,1.92193,1.13758,0.00052084,0.00052084,0.00052084
486,2116.21,6.91423,2.00085,1.15431,0.75323,0.59075,0.67971,0.36265,6.73781,1.91995,1.13737,0.00051985,0.00051985,0.00051985
487,2120.41,7.26344,2.11283,1.1579,0.75096,0.58814,0.67833,0.36062,6.81455,1.92356,1.13797,0.00051886,0.00051886,0.00051886
488,2124.52,6.44085,1.96093,1.18543,0.75134,0.58364,0.67701,0.36136,6.78254,1.93208,1.13798,0.00051787,0.00051787,0.00051787
489,2128.98,7.05775,2.01161,1.15056,0.74592,0.58937,0.67724,0.36232,6.72215,1.92215,1.13711,0.00051688,0.00051688,0.00051688
490,2133.6,6.93543,1.99138,1.16017,0.7395,0.5961,0.67853,0.36138,6.74182,1.91768,1.13743,0.00051589,0.00051589,0.00051589
491,2137.76,6.88396,2.00648,1.15726,0.74534,0.5971,0.67974,0.36254,6.74648,1.91968,1.13754,0.0005149,0.0005149,0.0005149
492,2142.31,7.18954,2.08677,1.17102,0.75374,0.58731,0.67853,0.36011,6.7934,1.92208,1.13766,0.00051391,0.00051391,0.00051391
493,2146.43,7.12976,2.07978,1.16115,0.75505,0.5902,0.68005,0.36346,6.7133,1.91416,1.13716,0.00051292,0.00051292,0.00051292
494,2150.94,6.98273,2.00319,1.16255,0.75256,0.59249,0.67862,0.36156,6.73806,1.91057,1.13723,0.00051193,0.00051193,0.00051193
495,2155.11,7.34946,2.11518,1.16365,0.75455,0.59157,0.67989,0.36384,6.72926,1.90682,1.1372,0.00051094,0.00051094,0.00051094
496,2159.69,7.22956,2.06009,1.15784,0.74688,0.59528,0.67934,0.36345,6.70685,1.90766,1.13715,0.00050995,0.00050995,0.00050995
497,2163.94,7.02119,2.04332,1.1743,0.75045,0.59088,0.67755,0.36192,6.72878,1.91099,1.13707,0.00050896,0.00050896,0.00050896
498,2168.51,7.01566,2.05728,1.16573,0.74253,0.59626,0.67945,0.36309,6.71156,1.90835,1.13687,0.00050797,0.00050797,0.00050797
499,2172.2,6.71917,1.99194,1.16882,0.75032,0.58896,0.67771,0.36118,6.75889,1.92469,1.13738,0.00050698,0.00050698,0.00050698
500,2176.09,7.07889,2.00363,1.16204,0.74801,0.58979,0.67762,0.36058,6.78934,1.92331,1.13782,0.00050599,0.00050599,0.00050599
501,2180.43,6.9982,2.03596,1.16002,0.7482,0.59149,0.67766,0.36135,6.72663,1.91611,1.13699,0.000505,0.000505,0.000505
502,2184.49,6.98676,2.03041,1.15892,0.7479,0.59143,0.67839,0.36157,6.71519,1.90825,1.13724,0.00050401,0.00050401,0.00050401
503,2188.59,7.20884,2.07339,1.17992,0.75087,0.59157,0.67983,0.36226,6.70957,1.90709,1.13716,0.00050302,0.00050302,0.00050302
504,2192.91,7.09765,2.00158,1.16263,0.75485,0.58731,0.67879,0.36228,6.70636,1.91576,1.13721,0.00050203,0.00050203,0.00050203
505,2197.06,7.02925,2.04605,1.16925,0.75121,0.58814,0.67794,0.3599,6.76684,1.92358,1.13728,0.00050104,0.00050104,0.00050104
506,2201.45,7.14257,2.08134,1.17246,0.74684,0.59373,0.68041,0.36178,6.73395,1.91147,1.13733,0.00050005,0.00050005,0.00050005
507,2205.9,7.13109,2.10909,1.18654,0.75121,0.58979,0.67954,0.3629,6.70944,1.90882,1.1374,0.00049906,0.00049906,0.00049906
508,2210.17,6.43323,1.9408,1.17536,0.7575,0.58493,0.67904,0.36293,6.75055,1.91139,1.13714,0.00049807,0.00049807,0.00049807
509,2214.5,7.27347,2.06228,1.15094,0.7584,0.58137,0.67689,0.3585,6.85538,1.92646,1.13815,0.00049708,0.00049708,0.00049708
510,2218.81,7.3909,2.0746,1.15037,0.75789,0.5819,0.67613,0.35932,6.85051,1.92577,1.13781,0.00049609,0.00049609,0.00049609
511,2223.11,6.78567,2.01974,1.17898,0.75595,0.58594,0.6788,0.364,6.71692,1.90345,1.13695,0.0004951,0.0004951,0.0004951
512,2227.56,6.80616,2.02726,1.15815,0.7559,0.588,0.67963,0.36303,6.72323,1.91116,1.13695,0.00049411,0.00049411,0.00049411
513,2231.73,6.88536,2.03085,1.14757,0.75723,0.58677,0.67907,0.3629,6.74014,1.91299,1.13718,0.00049312,0.00049312,0.00049312
514,2236.24,7.07103,2.04805,1.14691,0.75298,0.59049,0.67947,0.36286,6.7385,1.90933,1.13705,0.00049213,0.00049213,0.00049213
515,2240.4,6.56955,1.95498,1.16025,0.7563,0.59221,0.68115,0.36299,6.74083,1.90956,1.13686,0.00049114,0.00049114,0.00049114
516,2244.7,6.8944,2.00021,1.16407,0.75906,0.58855,0.68025,0.36159,6.74882,1.91019,1.13722,0.00049015,0.00049015,0.00049015
517,2249.06,7.10038,2.06509,1.17583,0.7579,0.58608,0.67928,0.3628,6.7449,1.90838,1.13695,0.00048916,0.00048916,0.00048916
518,2253.53,6.1812,1.93822,1.1817,0.75372,0.59242,0.68022,0.36381,6.71844,1.90547,1.13623,0.00048817,0.00048817,0.00048817
519,2257.66,7.12429,2.05531,1.14734,0.75802,0.58388,0.67932,0.36161,6.79415,1.9215,1.13703,0.00048718,0.00048718,0.00048718
520,2262.12,6.87293,2.01364,1.15594,0.75525,0.58937,0.67964,0.36074,6.79079,1.9172,1.13693,0.00048619,0.00048619,0.00048619
521,2266.46,7.31507,2.04934,1.14745,0.75043,0.59185,0.68032,0.36213,6.73707,1.91112,1.13696,0.0004852,0.0004852,0.0004852
522,2270.43,6.55711,1.99824,1.17399,0.74997,0.59216,0.67975,0.36124,6.74798,1.91268,1.13673,0.00048421,0.00048421,0.00048421
523,2274.67,6.94956,1.98298,1.16361,0.75859,0.58718,0.67977,0.36068,6.75983,1.91654,1.13684,0.00048322,0.00048322,0.00048322
524,2278.66,6.94789,2.01542,1.17581,0.75478,0.59267,0.68089,0.36164,6.73663,1.91033,1.13675,0.00048223,0.00048223,0.00048223
525,2282.73,7.20097,2.07867,1.16881,0.75065,0.59281,0.67927,0.36308,6.73393,1.90653,1.1365,0.00048124,0.00048124,0.00048124
526,2287.02,7.05244,2.06334,1.15636,0.75406,0.59239,0.68105,0.36305,6.75035,1.90994,1.13648,0.00048025,0.00048025,0.00048025
527,2291.14,6.75296,1.96581,1.15559,0.75642,0.59218,0.68114,0.3622,6.7505,1.90807,1.1366,0.00047926,0.00047926,0.00047926
528,2295.38,6.51062,1.93118,1.15425,0.7547,0.5902,0.68019,0.36073,6.76042,1.90819,1.13694,0.00047827,0.00047827,0.00047827
529,2299.29,6.50202,1.97964,1.15797,0.75504,0.59239,0.68122,0.36345,6.73298,1.90527,1.13657,0.00047728,0.00047728,0.00047728
530,2303.74,7.4016,2.11117,1.15119,0.7541,0.59336,0.68165,0.36387,6.72462,1.90312,1.13659,0.00047629,0.00047629,0.00047629
531,2308.03,7.16852,2.01679,1.16335,0.75124,0.5913,0.68051,0.36152,6.73768,1.9058,1.13712,0.0004753,0.0004753,0.0004753
532,2312.64,6.61038,1.93034,1.15632,0.75184,0.59253,0.681,0.36251,6.71751,1.90555,1.1366,0.00047431,0.00047431,0.00047431
533,2317.14,7.17351,2.08529,1.14711,0.75429,0.59377,0.68169,0.36375,6.7384,1.90268,1.13674,0.00047332,0.00047332,0.00047332
534,2321.75,6.78535,1.944,1.15104,0.75711,0.59047,0.68143,0.36373,6.75002,1.91213,1.13669,0.00047233,0.00047233,0.00047233
535,2326.03,6.83636,2.01289,1.15494,0.75362,0.59198,0.68108,0.36463,6.71499,1.90196,1.13612,0.00047134,0.00047134,0.00047134
536,2330.3,6.64634,2.00121,1.15596,0.75113,0.59487,0.68127,0.3655,6.70844,1.90107,1.13597,0.00047035,0.00047035,0.00047035
537,2334.61,6.9896,2.06376,1.16952,0.75394,0.59198,0.68033,0.36403,6.774,1.90987,1.13641,0.00046936,0.00046936,0.00046936
538,2339.11,6.62849,1.94221,1.15316,0.75456,0.59294,0.68173,0.36351,6.77376,1.91297,1.13616,0.00046837,0.00046837,0.00046837
539,2343.24,7.16569,2.02279,1.15758,0.75248,0.59459,0.68157,0.36456,6.72743,1.90511,1.13598,0.00046738,0.00046738,0.00046738
540,2347.85,6.69184,2.0094,1.15995,0.7516,0.58946,0.67995,0.36452,6.73007,1.91079,1.13612,0.00046639,0.00046639,0.00046639
541,2352,7.39577,2.08406,1.15077,0.7502,0.59322,0.68149,0.36479,6.73558,1.90461,1.13585,0.0004654,0.0004654,0.0004654
542,2356.35,6.58892,1.9675,1.1578,0.75368,0.59363,0.68172,0.36392,6.73461,1.90424,1.13606,0.00046441,0.00046441,0.00046441
543,2360.59,6.79778,1.98835,1.15468,0.75066,0.59473,0.68178,0.36485,6.6762,1.89903,1.13583,0.00046342,0.00046342,0.00046342
544,2364.77,6.60473,1.96104,1.15874,0.75241,0.5939,0.68187,0.36483,6.67801,1.89449,1.13615,0.00046243,0.00046243,0.00046243
545,2369.15,6.81741,2.07199,1.1462,0.75358,0.59072,0.67974,0.36428,6.70241,1.89494,1.13608,0.00046144,0.00046144,0.00046144
546,2373.57,6.49669,1.97426,1.14216,0.7542,0.59606,0.68265,0.36501,6.71417,1.89888,1.13607,0.00046045,0.00046045,0.00046045
547,2377.67,7.2629,2.06201,1.14829,0.75163,0.595,0.68252,0.3642,6.7288,1.90172,1.13623,0.00045946,0.00045946,0.00045946
548,2382.16,7.15799,2.07997,1.16774,0.74475,0.59747,0.68124,0.36579,6.69739,1.89943,1.13598,0.00045847,0.00045847,0.00045847
549,2386.49,7.10325,2.0487,1.15729,0.74579,0.5965,0.68089,0.36547,6.73231,1.90449,1.13648,0.00045748,0.00045748,0.00045748
550,2391.1,6.83137,2.01449,1.15536,0.74401,0.59555,0.67985,0.3654,6.71847,1.90025,1.13647,0.00045649,0.00045649,0.00045649
551,2395.31,7.31206,2.08703,1.15299,0.74302,0.59692,0.68093,0.36574,6.67975,1.89592,1.13601,0.0004555,0.0004555,0.0004555
552,2399.52,6.43893,1.93283,1.13361,0.7496,0.59634,0.68217,0.36573,6.68974,1.89375,1.13631,0.00045451,0.00045451,0.00045451
553,2403.93,6.85818,2.02655,1.15032,0.75702,0.59088,0.68169,0.36289,6.71542,1.89969,1.13619,0.00045352,0.00045352,0.00045352
554,2408.23,6.85963,2.01061,1.15777,0.75301,0.59896,0.68438,0.36479,6.69844,1.89433,1.13589,0.00045253,0.00045253,0.00045253
555,2412.49,6.85342,2.00185,1.16159,0.7498,0.59862,0.68284,0.36484,6.74444,1.90721,1.13586,0.00045154,0.00045154,0.00045154
556,2416.61,7.21638,2.04899,1.15369,0.75759,0.59487,0.68393,0.36442,6.75293,1.90737,1.13588,0.00045055,0.00045055,0.00045055
557,2420.79,7.21791,2.02886,1.15865,0.75944,0.5929,0.68348,0.36543,6.69039,1.89926,1.13563,0.00044956,0.00044956,0.00044956
558,2425.12,6.69488,1.96725,1.16302,0.758,0.59377,0.68264,0.36592,6.70694,1.89966,1.13587,0.00044857,0.00044857,0.00044857
559,2429.16,6.97411,2.02625,1.15122,0.7613,0.59244,0.68368,0.36453,6.71943,1.89974,1.13612,0.00044758,0.00044758,0.00044758
560,2433.59,6.57468,1.97165,1.1645,0.75743,0.59585,0.68362,0.36578,6.68512,1.89464,1.13616,0.00044659,0.00044659,0.00044659
561,2438.08,7.1381,2.03277,1.15132,0.76182,0.59237,0.68393,0.36694,6.69922,1.894,1.13611,0.0004456,0.0004456,0.0004456
562,2442.71,6.86606,1.976,1.14303,0.75981,0.59279,0.68393,0.36665,6.70332,1.89803,1.13621,0.00044461,0.00044461,0.00044461
563,2447.23,7.21574,2.04378,1.14407,0.75213,0.59779,0.68452,0.36561,6.68964,1.89499,1.13601,0.00044362,0.00044362,0.00044362
564,2451.46,6.6876,1.94974,1.15403,0.75493,0.59502,0.68454,0.3662,6.69408,1.89627,1.13582,0.00044263,0.00044263,0.00044263
565,2455.92,6.64972,1.93465,1.14179,0.74754,0.5983,0.68351,0.3654,6.74986,1.90798,1.13593,0.00044164,0.00044164,0.00044164
566,2460.29,7.41016,2.09218,1.16418,0.74966,0.59885,0.68456,0.36664,6.67622,1.89102,1.13514,0.00044065,0.00044065,0.00044065
567,2464.63,6.93651,1.99621,1.15286,0.7549,0.59746,0.68618,0.36669,6.73105,1.89718,1.13568,0.00043966,0.00043966,0.00043966
568,2469.01,6.52813,1.98195,1.16515,0.75383,0.5995,0.68607,0.3683,6.66046,1.88752,1.13542,0.00043867,0.00043867,0.00043867
569,2473.47,7.11195,2.05911,1.16039,0.75752,0.59831,0.68653,0.36532,6.69079,1.89231,1.13578,0.00043768,0.00043768,0.00043768
570,2478.02,6.96044,2.02373,1.14737,0.75987,0.59647,0.68577,0.36763,6.65197,1.88938,1.13534,0.00043669,0.00043669,0.00043669
571,2482.16,6.81148,1.96854,1.14599,0.75559,0.59775,0.68472,0.36709,6.69511,1.89032,1.13548,0.0004357,0.0004357,0.0004357
572,2486.76,6.94881,2.01614,1.15942,0.75376,0.59927,0.68517,0.3641,6.73728,1.89569,1.13571,0.00043471,0.00043471,0.00043471
573,2490.54,6.73942,1.98396,1.16865,0.74814,0.60242,0.68555,0.36635,6.67882,1.88746,1.13517,0.00043372,0.00043372,0.00043372
574,2494.88,6.70647,1.97532,1.15649,0.75648,0.59621,0.68491,0.36655,6.70794,1.89069,1.13569,0.00043273,0.00043273,0.00043273
575,2498.98,6.91465,2.03487,1.1511,0.74991,0.59555,0.68283,0.36529,6.68383,1.88989,1.13552,0.00043174,0.00043174,0.00043174
576,2503.24,7.13172,1.99537,1.16259,0.75077,0.59308,0.68168,0.36579,6.67179,1.88765,1.13548,0.00043075,0.00043075,0.00043075
577,2507.67,7.00504,1.98449,1.15902,0.7504,0.59761,0.68283,0.36619,6.70243,1.88931,1.13565,0.00042976,0.00042976,0.00042976
578,2512.49,7.0873,2.01391,1.16034,0.75254,0.59898,0.68522,0.36816,6.67886,1.88537,1.1354,0.00042877,0.00042877,0.00042877
579,2516.65,7.03772,2.01862,1.15627,0.75085,0.5983,0.68446,0.36613,6.68763,1.88641,1.13544,0.00042778,0.00042778,0.00042778
580,2521.11,6.73515,1.99092,1.17255,0.74945,0.59833,0.68391,0.36676,6.67891,1.88579,1.13542,0.00042679,0.00042679,0.00042679
581,2525.57,7.14602,2.03967,1.15978,0.75173,0.5983,0.68528,0.36877,6.66437,1.88132,1.13508,0.0004258,0.0004258,0.0004258
582,2530.29,7.00768,2.01971,1.15961,0.75151,0.59692,0.68316,0.36725,6.71453,1.89034,1.1353,0.00042481,0.00042481,0.00042481
583,2534.57,7.02802,2.02313,1.16943,0.75161,0.59995,0.68562,0.36798,6.6628,1.8837,1.13505,0.00042382,0.00042382,0.00042382
584,2538.92,6.97135,2.0196,1.15215,0.74909,0.59995,0.68523,0.36828,6.66712,1.88455,1.13498,0.00042283,0.00042283,0.00042283
585,2543.35,7.16271,2.04534,1.1531,0.74891,0.60063,0.68623,0.36732,6.69919,1.89339,1.13526,0.00042184,0.00042184,0.00042184
586,2547.86,7.23297,2.02661,1.1413,0.74652,0.59926,0.68411,0.36614,6.76343,1.90336,1.13578,0.00042085,0.00042085,0.00042085
587,2551.99,6.85853,1.99785,1.1459,0.75088,0.60077,0.68701,0.36862,6.68356,1.8855,1.13475,0.00041986,0.00041986,0.00041986
588,2556.49,7.01427,1.99348,1.14833,0.7515,0.5995,0.6846,0.36754,6.6771,1.88568,1.13504,0.00041887,0.00041887,0.00041887
589,2560.8,7.08085,2.03954,1.15157,0.75075,0.59665,0.68408,0.36699,6.73379,1.89845,1.13539,0.00041788,0.00041788,0.00041788
590,2565.04,6.91743,2.04309,1.1567,0.75044,0.59871,0.68394,0.36797,6.71107,1.89203,1.13501,0.00041689,0.00041689,0.00041689
591,2569.35,6.59554,1.91757,1.14716,0.75039,0.60036,0.6855,0.36825,6.67597,1.88288,1.13473,0.0004159,0.0004159,0.0004159
592,2574.08,7.03776,2.03466,1.16069,0.75031,0.59901,0.68506,0.36833,6.67513,1.88307,1.13469,0.00041491,0.00041491,0.00041491
593,2578.09,6.78209,1.97497,1.15015,0.75019,0.59944,0.68561,0.36851,6.6962,1.89151,1.13474,0.00041392,0.00041392,0.00041392
594,2582.31,6.83383,1.97589,1.14451,0.74765,0.59789,0.6844,0.36803,6.7061,1.89539,1.13485,0.00041293,0.00041293,0.00041293
595,2586.59,6.79863,2.00443,1.16008,0.74752,0.60157,0.68636,0.36914,6.66567,1.88157,1.13466,0.00041194,0.00041194,0.00041194
596,2591.01,6.55967,1.99608,1.17248,0.74821,0.60049,0.68548,0.36913,6.66184,1.88346,1.13473,0.00041095,0.00041095,0.00041095
597,2595.3,7.12899,2.01078,1.1538,0.74728,0.59912,0.68553,0.36969,6.66679,1.88367,1.13458,0.00040996,0.00040996,0.00040996
598,2599.69,7.20979,2.04173,1.1596,0.74921,0.59789,0.68505,0.36849,6.67755,1.88196,1.13469,0.00040897,0.00040897,0.00040897
599,2603.78,6.96509,2.01377,1.15356,0.74711,0.59898,0.68484,0.36924,6.63921,1.87695,1.13431,0.00040798,0.00040798,0.00040798
600,2608.34,6.5295,1.94717,1.16616,0.75748,0.5972,0.68584,0.36916,6.6833,1.88252,1.13487,0.00040699,0.00040699,0.00040699
601,2612.69,7.20589,2.00543,1.1545,0.75219,0.60036,0.68623,0.36939,6.66886,1.87846,1.13446,0.000406,0.000406,0.000406
602,2617.2,6.40765,1.94598,1.15289,0.75349,0.60063,0.68755,0.36783,6.70781,1.88719,1.13478,0.00040501,0.00040501,0.00040501
603,2621.48,7.12153,2.02105,1.15635,0.74868,0.6012,0.68609,0.36861,6.67957,1.88433,1.13437,0.00040402,0.00040402,0.00040402
604,2625.62,7.23738,2.07338,1.14554,0.74832,0.60049,0.6854,0.36747,6.67968,1.88394,1.13451,0.00040303,0.00040303,0.00040303
605,2629.76,6.89023,1.99001,1.14656,0.75007,0.60195,0.68709,0.36856,6.68822,1.88382,1.1346,0.00040204,0.00040204,0.00040204
606,2634.26,6.61044,1.97649,1.17798,0.75222,0.59926,0.68596,0.36832,6.68772,1.88437,1.13465,0.00040105,0.00040105,0.00040105
607,2638.73,6.96345,2.01892,1.15188,0.75456,0.60022,0.68734,0.36878,6.68237,1.88867,1.13446,0.00040006,0.00040006,0.00040006
608,2643.2,6.98158,1.99702,1.1565,0.75188,0.60199,0.68828,0.36907,6.67277,1.88855,1.1343,0.00039907,0.00039907,0.00039907
609,2647.71,6.55821,1.94583,1.16849,0.75213,0.5983,0.68575,0.36664,6.7072,1.89185,1.13455,0.00039808,0.00039808,0.00039808
610,2651.96,6.41989,1.89101,1.1652,0.75348,0.59706,0.68399,0.36792,6.6752,1.88591,1.13472,0.00039709,0.00039709,0.00039709
611,2656.17,6.61265,1.92624,1.14806,0.75151,0.60063,0.68572,0.36956,6.6576,1.88367,1.13455,0.0003961,0.0003961,0.0003961
612,2660.53,7.0048,2.00742,1.16411,0.75279,0.60022,0.68684,0.36938,6.66073,1.87679,1.1346,0.00039511,0.00039511,0.00039511
613,2664.45,6.4187,1.88394,1.15377,0.75309,0.59747,0.68405,0.36783,6.67884,1.88412,1.13461,0.00039412,0.00039412,0.00039412
614,2668.67,6.98966,2.0246,1.16258,0.75579,0.59789,0.68577,0.3681,6.66669,1.87936,1.13487,0.00039313,0.00039313,0.00039313
615,2672.72,6.7152,1.9268,1.14679,0.76167,0.59363,0.68502,0.36786,6.687,1.88189,1.13456,0.00039214,0.00039214,0.00039214
616,2677.23,7.00724,2.02442,1.16763,0.76165,0.59541,0.68618,0.36823,6.68579,1.88189,1.1349,0.00039115,0.00039115,0.00039115
617,2681.38,7.43591,2.03686,1.1506,0.75675,0.59569,0.68453,0.36823,6.65748,1.88131,1.13441,0.00039016,0.00039016,0.00039016
618,2685.58,6.99482,2.00066,1.1572,0.75138,0.6008,0.68612,0.36722,6.6808,1.88496,1.1347,0.00038917,0.00038917,0.00038917
619,2689.81,6.91211,2.03437,1.17008,0.75114,0.59967,0.68548,0.36712,6.68424,1.8837,1.13482,0.00038818,0.00038818,0.00038818
620,2694.26,6.70685,1.9728,1.16008,0.75111,0.59702,0.68521,0.36713,6.68707,1.89126,1.13493,0.00038719,0.00038719,0.00038719
621,2698.51,6.68567,1.97221,1.16491,0.75,0.59871,0.68514,0.3692,6.64486,1.88187,1.13442,0.0003862,0.0003862,0.0003862
622,2703.04,6.68936,1.96975,1.16556,0.75015,0.59981,0.6857,0.36794,6.67542,1.88213,1.13476,0.00038521,0.00038521,0.00038521
623,2707.31,7.02284,2.02958,1.15496,0.7505,0.59967,0.68591,0.36851,6.66353,1.88424,1.13472,0.00038422,0.00038422,0.00038422
624,2711.8,6.90947,2.0086,1.16236,0.75008,0.60255,0.68715,0.37015,6.64129,1.87939,1.13429,0.00038323,0.00038323,0.00038323
625,2716.53,7.01915,2.00804,1.14979,0.75384,0.60164,0.68779,0.37042,6.63527,1.87762,1.13407,0.00038224,0.00038224,0.00038224
626,2720.92,7.1832,2.04733,1.14539,0.75507,0.60141,0.68794,0.36966,6.64429,1.87118,1.13429,0.00038125,0.00038125,0.00038125
627,2725.06,7.11435,2.0211,1.16117,0.75488,0.59981,0.68776,0.36924,6.64814,1.87736,1.13474,0.00038026,0.00038026,0.00038026
628,2729.71,7.08068,2.03565,1.1664,0.75405,0.59857,0.68751,0.36898,6.65721,1.88124,1.13434,0.00037927,0.00037927,0.00037927
629,2733.75,6.45841,1.86982,1.14244,0.7538,0.59967,0.68768,0.36973,6.64283,1.87273,1.13406,0.00037828,0.00037828,0.00037828
630,2738.22,6.89075,1.98997,1.1579,0.75377,0.60159,0.68831,0.37003,6.65681,1.87615,1.13412,0.00037729,0.00037729,0.00037729
631,2742.43,7.64589,2.11665,1.14356,0.75437,0.6021,0.68912,0.37127,6.62541,1.87126,1.13434,0.0003763,0.0003763,0.0003763
632,2746.96,7.18904,2.01832,1.15961,0.75444,0.60147,0.68881,0.37107,6.62832,1.8662,1.13368,0.00037531,0.00037531,0.00037531
633,2751.18,6.94997,2.03256,1.16196,0.75243,0.60228,0.68858,0.37071,6.64966,1.872,1.13403,0.00037432,0.00037432,0.00037432
634,2755.87,6.78719,2.02089,1.16767,0.75945,0.59926,0.68885,0.36916,6.67139,1.87957,1.134,0.00037333,0.00037333,0.00037333
635,2760.23,6.54496,1.93307,1.15326,0.75754,0.59953,0.68886,0.36921,6.65858,1.87451,1.13398,0.00037234,0.00037234,0.00037234
636,2764.75,7.58152,2.13081,1.15004,0.75639,0.59898,0.6874,0.37014,6.65971,1.87574,1.13425,0.00037135,0.00037135,0.00037135
637,2769.24,6.62759,1.96732,1.14435,0.75388,0.59839,0.68624,0.36833,6.6999,1.88448,1.13437,0.00037036,0.00037036,0.00037036
638,2773.67,7.79603,2.16203,1.1491,0.7625,0.59636,0.68868,0.36965,6.65844,1.87827,1.13419,0.00036937,0.00036937,0.00036937
639,2777.88,6.76904,1.97382,1.15527,0.75952,0.59662,0.68696,0.36769,6.65856,1.879,1.13461,0.00036838,0.00036838,0.00036838
640,2782.29,6.64467,1.92076,1.15236,0.75695,0.59692,0.68602,0.36961,6.63455,1.87285,1.13416,0.00036739,0.00036739,0.00036739
641,2786.52,7.3445,2.0601,1.14421,0.75693,0.59894,0.68636,0.37015,6.63902,1.87023,1.13393,0.0003664,0.0003664,0.0003664
642,2790.88,7.20216,2.00874,1.14514,0.75522,0.5994,0.68631,0.37062,6.6493,1.87055,1.13396,0.00036541,0.00036541,0.00036541
643,2795.18,6.8277,1.97803,1.16315,0.7598,0.59798,0.68701,0.37041,6.63386,1.87153,1.13361,0.00036442,0.00036442,0.00036442
644,2799.46,7.70015,2.11887,1.15462,0.75677,0.59887,0.68759,0.37064,6.63049,1.86917,1.13375,0.00036343,0.00036343,0.00036343
645,2803.74,7.26499,2.04236,1.14527,0.75681,0.59734,0.68547,0.37068,6.6467,1.86941,1.13381,0.00036244,0.00036244,0.00036244
646,2807.96,6.44574,1.93221,1.17439,0.7588,0.59981,0.6877,0.37081,6.65377,1.86531,1.13376,0.00036145,0.00036145,0.00036145
647,2812.46,6.81777,1.94245,1.152,0.76128,0.59528,0.6858,0.37134,6.61413,1.85911,1.13363,0.00036046,0.00036046,0.00036046
648,2816.85,7.22713,2.06178,1.145,0.75702,0.59912,0.68739,0.37077,6.62475,1.8612,1.13387,0.00035947,0.00035947,0.00035947
649,2821.27,6.44209,1.90554,1.14669,0.7567,0.60214,0.68939,0.37068,6.63807,1.86299,1.1339,0.00035848,0.00035848,0.00035848
650,2825.61,7.10585,2.01945,1.15261,0.75505,0.60379,0.68972,0.37058,6.64071,1.8667,1.13414,0.00035749,0.00035749,0.00035749
651,2829.89,6.48135,1.92611,1.16177,0.7581,0.60279,0.69021,0.37013,6.65015,1.86967,1.13411,0.0003565,0.0003565,0.0003565
652,2834.4,6.68141,1.9109,1.15153,0.7589,0.602,0.69003,0.37019,6.65515,1.87227,1.13401,0.00035551,0.00035551,0.00035551
653,2839.09,7.22539,2.06039,1.1542,0.75927,0.60118,0.68959,0.37105,6.63725,1.86706,1.1339,0.00035452,0.00035452,0.00035452
654,2843.06,6.6893,1.96338,1.15012,0.76275,0.59747,0.68857,0.37204,6.61501,1.86736,1.13378,0.00035353,0.00035353,0.00035353
655,2847.33,6.80082,2.00282,1.1545,0.76452,0.5961,0.68755,0.37118,6.62554,1.87297,1.13415,0.00035254,0.00035254,0.00035254
656,2851.55,7.09377,1.98475,1.14808,0.7597,0.59816,0.68759,0.37153,6.65323,1.8748,1.13334,0.00035155,0.00035155,0.00035155
657,2856.01,7.26621,2.05286,1.14362,0.75988,0.59955,0.68834,0.3716,6.62335,1.86769,1.13298,0.00035056,0.00035056,0.00035056
658,2859.95,6.4979,1.90659,1.15817,0.75723,0.60324,0.69031,0.37271,6.60577,1.86279,1.13321,0.00034957,0.00034957,0.00034957
659,2864.09,7.1885,2.08376,1.15098,0.75669,0.60077,0.68949,0.37087,6.64808,1.86927,1.13328,0.00034858,0.00034858,0.00034858
660,2868.63,6.9293,1.94309,1.14018,0.76492,0.59904,0.69021,0.373,6.60478,1.86158,1.13279,0.00034759,0.00034759,0.00034759
661,2873.06,6.50064,1.92149,1.14412,0.76036,0.60077,0.68855,0.37263,6.62647,1.86601,1.13269,0.0003466,0.0003466,0.0003466
662,2877.43,6.9727,1.98621,1.14634,0.76111,0.59969,0.68828,0.37253,6.60972,1.86108,1.13249,0.00034561,0.00034561,0.00034561
663,2881.52,7.03615,2.04179,1.16929,0.75887,0.60173,0.68958,0.37211,6.62611,1.86423,1.13222,0.00034462,0.00034462,0.00034462
664,2886.19,6.97025,1.99243,1.14344,0.75597,0.60051,0.68646,0.37258,6.59759,1.85852,1.13244,0.00034363,0.00034363,0.00034363
665,2890.4,6.95026,1.98474,1.15714,0.75597,0.60187,0.68818,0.37258,6.60373,1.85776,1.13278,0.00034264,0.00034264,0.00034264
666,2894.88,6.61632,1.93285,1.15188,0.75565,0.60297,0.6883,0.37301,6.59864,1.86066,1.13276,0.00034165,0.00034165,0.00034165
667,2899.44,6.75837,1.95797,1.17513,0.75517,0.60257,0.68806,0.37104,6.64211,1.86598,1.1331,0.00034066,0.00034066,0.00034066
668,2903.92,6.78603,1.963,1.15051,0.7606,0.60242,0.68986,0.37257,6.59612,1.85914,1.13272,0.00033967,0.00033967,0.00033967
669,2908.33,6.57458,1.92935,1.15747,0.76048,0.60228,0.69036,0.37324,6.60798,1.86199,1.1327,0.00033868,0.00033868,0.00033868
670,2912.59,6.65319,1.94822,1.17102,0.76069,0.60008,0.68871,0.37299,6.62324,1.86457,1.13302,0.00033769,0.00033769,0.00033769
671,2916.64,6.61814,1.9419,1.15606,0.75997,0.60073,0.68844,0.37321,6.60963,1.86354,1.13233,0.0003367,0.0003367,0.0003367
672,2921.13,7.09051,2.03792,1.15123,0.75913,0.59761,0.68645,0.37166,6.63425,1.86668,1.13238,0.00033571,0.00033571,0.00033571
673,2925.17,7.04196,2.01097,1.15187,0.76092,0.5972,0.6872,0.37176,6.62016,1.86703,1.13244,0.00033472,0.00033472,0.00033472
674,2929.71,6.79368,1.96085,1.15315,0.75849,0.59775,0.68664,0.37221,6.60249,1.86198,1.13252,0.00033373,0.00033373,0.00033373
675,2933.79,7.18293,2.07117,1.15367,0.76096,0.60214,0.6907,0.37174,6.62571,1.8635,1.13272,0.00033274,0.00033274,0.00033274
676,2938.21,7.01479,2.02251,1.1401,0.76367,0.59926,0.69047,0.3718,6.63244,1.86329,1.13257,0.00033175,0.00033175,0.00033175
677,2942.49,7.18073,2.04392,1.16102,0.76501,0.59933,0.69069,0.37261,6.59989,1.85762,1.13228,0.00033076,0.00033076,0.00033076
678,2946.91,6.87755,1.95349,1.1502,0.76887,0.5961,0.6891,0.37315,6.59478,1.85703,1.13255,0.00032977,0.00032977,0.00032977
679,2951.46,6.96336,2.03547,1.16395,0.76787,0.59734,0.6899,0.37402,6.5842,1.85477,1.13214,0.00032878,0.00032878,0.00032878
680,2956.44,7.15629,2.02127,1.14858,0.7623,0.59775,0.68882,0.37405,6.58384,1.8566,1.13247,0.00032779,0.00032779,0.00032779
681,2960.71,7.06803,1.99384,1.14256,0.75869,0.60118,0.68964,0.37417,6.55858,1.8536,1.13227,0.0003268,0.0003268,0.0003268
682,2965.45,6.7958,1.97361,1.16011,0.75333,0.60458,0.68974,0.37315,6.59364,1.85754,1.13219,0.00032581,0.00032581,0.00032581
683,2969.91,7.30911,2.02192,1.15342,0.75346,0.60475,0.69036,0.37434,6.57218,1.85341,1.13234,0.00032482,0.00032482,0.00032482
684,2974.55,7.09882,2.00084,1.1628,0.7616,0.60379,0.69182,0.37283,6.58965,1.85613,1.13272,0.00032383,0.00032383,0.00032383
685,2978.76,6.49318,1.88463,1.14199,0.75941,0.6031,0.69118,0.37316,6.59684,1.85395,1.13262,0.00032284,0.00032284,0.00032284
686,2983.22,6.91275,2.01649,1.16985,0.75851,0.60146,0.6891,0.37386,6.59075,1.85671,1.13266,0.00032185,0.00032185,0.00032185
687,2987.66,6.52928,1.89042,1.15807,0.76005,0.60132,0.69063,0.37329,6.59114,1.8557,1.13232,0.00032086,0.00032086,0.00032086
688,2991.91,6.93331,1.9853,1.14271,0.76025,0.59912,0.68857,0.37327,6.5973,1.85884,1.13213,0.00031987,0.00031987,0.00031987
689,2996.31,6.15297,1.90395,1.1675,0.75995,0.59977,0.68912,0.37305,6.58492,1.85651,1.13191,0.00031888,0.00031888,0.00031888
690,3000.89,6.50371,1.89639,1.15462,0.7592,0.60324,0.6907,0.37416,6.57935,1.85545,1.13223,0.00031789,0.00031789,0.00031789
691,3005.09,6.49526,1.89346,1.15415,0.76112,0.60091,0.69045,0.37343,6.58578,1.85981,1.13236,0.0003169,0.0003169,0.0003169
692,3009.69,6.7205,1.94362,1.14703,0.7638,0.60104,0.69106,0.37385,6.58906,1.86147,1.13202,0.00031591,0.00031591,0.00031591
693,3014.12,6.48042,1.95578,1.16766,0.76238,0.602,0.69112,0.37427,6.58043,1.85871,1.13202,0.00031492,0.00031492,0.00031492
694,3018.67,7.37765,2.08319,1.15344,0.76029,0.60265,0.69093,0.37425,6.58644,1.86106,1.13181,0.00031393,0.00031393,0.00031393
695,3022.96,6.50339,1.91067,1.13774,0.76115,0.60155,0.69073,0.37403,6.59284,1.86482,1.13186,0.00031294,0.00031294,0.00031294
696,3027.45,7.34594,2.09773,1.14035,0.76174,0.60049,0.6909,0.37389,6.59135,1.85567,1.13213,0.00031195,0.00031195,0.00031195
697,3031.75,6.73975,1.9449,1.15053,0.76098,0.60159,0.69103,0.37349,6.60592,1.85844,1.13182,0.00031096,0.00031096,0.00031096
698,3036.45,6.46134,1.93461,1.14775,0.75981,0.60242,0.69044,0.37459,6.59303,1.85692,1.13138,0.00030997,0.00030997,0.00030997
699,3040.58,6.98024,2.03777,1.17248,0.76161,0.60045,0.69072,0.37524,6.55993,1.85143,1.13153,0.00030898,0.00030898,0.00030898
700,3045.04,7.6032,2.12165,1.15021,0.76192,0.60242,0.69023,0.37481,6.55884,1.84983,1.13151,0.00030799,0.00030799,0.00030799
701,3049.17,6.83034,1.96754,1.14213,0.76343,0.60063,0.6908,0.3748,6.56144,1.84979,1.13153,0.000307,0.000307,0.000307
702,3053.39,6.45596,1.89227,1.14458,0.76714,0.602,0.6924,0.37384,6.59974,1.85856,1.13181,0.00030601,0.00030601,0.00030601
703,3057.54,6.99545,1.98126,1.1711,0.77023,0.60148,0.69304,0.37512,6.58607,1.85249,1.13175,0.00030502,0.00030502,0.00030502
704,3062.05,6.68969,1.93318,1.15983,0.76789,0.60351,0.69427,0.3754,6.58828,1.85015,1.13158,0.00030403,0.00030403,0.00030403
705,3066.51,6.51241,1.88218,1.14444,0.7671,0.60457,0.69379,0.37436,6.59077,1.85074,1.13171,0.00030304,0.00030304,0.00030304
706,3071.05,6.77884,1.9563,1.15161,0.76536,0.602,0.69185,0.37532,6.5717,1.84744,1.13148,0.00030205,0.00030205,0.00030205
707,3075.35,6.46762,1.87439,1.14158,0.76574,0.60255,0.69311,0.37641,6.56496,1.84603,1.13119,0.00030106,0.00030106,0.00030106
708,3079.57,6.80342,1.94087,1.15009,0.7662,0.60324,0.69244,0.37511,6.58409,1.84565,1.13121,0.00030007,0.00030007,0.00030007
709,3083.72,6.9183,1.94872,1.1508,0.76626,0.60475,0.69315,0.37458,6.59501,1.84712,1.13134,0.00029908,0.00029908,0.00029908
710,3087.89,6.89684,1.98028,1.13757,0.76347,0.60406,0.69189,0.37394,6.6013,1.85206,1.13119,0.00029809,0.00029809,0.00029809
711,3092.15,7.16226,2.01415,1.14173,0.76468,0.60434,0.69179,0.37506,6.57741,1.84796,1.13119,0.0002971,0.0002971,0.0002971
712,3096.53,6.68995,1.98288,1.15947,0.76252,0.60338,0.68971,0.37428,6.59725,1.8523,1.13146,0.00029611,0.00029611,0.00029611
713,3100.8,7.11931,2.00476,1.16572,0.76382,0.60383,0.69113,0.37383,6.60076,1.85128,1.13137,0.00029512,0.00029512,0.00029512
714,3105.27,6.99544,1.97408,1.131,0.75924,0.6053,0.69109,0.3744,6.58874,1.85108,1.13094,0.00029413,0.00029413,0.00029413
715,3109.55,6.93809,1.99778,1.15844,0.76032,0.60351,0.68989,0.37303,6.63566,1.85601,1.13103,0.00029314,0.00029314,0.00029314
716,3113.64,7.03316,2.00468,1.13719,0.76122,0.6031,0.69013,0.3738,6.61491,1.85137,1.13087,0.00029215,0.00029215,0.00029215
717,3118.17,6.85715,1.9568,1.14384,0.7612,0.60516,0.69156,0.3745,6.58963,1.84549,1.13097,0.00029116,0.00029116,0.00029116
718,3122.36,7.22234,2.00903,1.14547,0.76608,0.60158,0.69183,0.37482,6.57555,1.84676,1.13104,0.00029017,0.00029017,0.00029017
719,3126.57,6.93321,1.98036,1.16385,0.76701,0.60022,0.69102,0.37527,6.57424,1.84897,1.13115,0.00028918,0.00028918,0.00028918
720,3130.91,7.12402,2.00389,1.15274,0.76521,0.60045,0.69149,0.37585,6.56746,1.84622,1.13124,0.00028819,0.00028819,0.00028819
721,3135.39,6.95938,1.9503,1.15491,0.76632,0.60059,0.69135,0.37554,6.57977,1.84778,1.13114,0.0002872,0.0002872,0.0002872
722,3139.68,7.15704,2.01076,1.1557,0.76552,0.60159,0.6921,0.37596,6.57385,1.8481,1.13114,0.00028621,0.00028621,0.00028621
723,3143.89,6.38207,1.93539,1.17381,0.76323,0.60229,0.69243,0.37473,6.5742,1.84949,1.13123,0.00028522,0.00028522,0.00028522
724,3147.99,6.42833,1.90831,1.1498,0.76306,0.60159,0.69148,0.37553,6.56412,1.84617,1.13131,0.00028423,0.00028423,0.00028423
725,3152.31,6.45593,1.92336,1.16161,0.76337,0.59843,0.68946,0.37536,6.58011,1.84798,1.13132,0.00028324,0.00028324,0.00028324
726,3156.97,7.3882,2.04009,1.13661,0.76337,0.60132,0.69048,0.37658,6.557,1.84449,1.13128,0.00028225,0.00028225,0.00028225
727,3161.39,6.50457,1.91592,1.15501,0.76456,0.60051,0.69109,0.37691,6.54424,1.84086,1.1313,0.00028126,0.00028126,0.00028126
728,3165.55,6.62143,1.9358,1.16469,0.76288,0.60365,0.69189,0.3757,6.57289,1.84584,1.13165,0.00028027,0.00028027,0.00028027
729,3169.59,6.89153,1.96214,1.15888,0.76404,0.60369,0.69237,0.37703,6.56302,1.84464,1.13162,0.00027928,0.00027928,0.00027928
730,3173.76,6.60762,1.92294,1.16058,0.76124,0.60338,0.69191,0.37686,6.5655,1.84903,1.13143,0.00027829,0.00027829,0.00027829
731,3178.25,6.68586,1.93856,1.14675,0.76308,0.60255,0.6922,0.37656,6.57124,1.84687,1.13152,0.0002773,0.0002773,0.0002773
732,3182.24,6.97122,2.05856,1.16097,0.76226,0.60159,0.69198,0.37655,6.54288,1.84283,1.13094,0.00027631,0.00027631,0.00027631
733,3186.51,7.36272,2.0539,1.14421,0.76564,0.601,0.69253,0.3752,6.58057,1.84451,1.13121,0.00027532,0.00027532,0.00027532
734,3190.9,6.79906,1.96446,1.1492,0.7629,0.60033,0.69087,0.37448,6.58734,1.84793,1.13127,0.00027433,0.00027433,0.00027433
735,3195.13,6.9746,1.96172,1.1354,0.76273,0.60104,0.69099,0.37497,6.57715,1.84788,1.13107,0.00027334,0.00027334,0.00027334
736,3199.76,7.02434,1.9806,1.1516,0.76859,0.59912,0.69193,0.37611,6.57687,1.84773,1.13112,0.00027235,0.00027235,0.00027235
737,3204.13,6.91691,1.97956,1.15668,0.7747,0.59583,0.69141,0.37379,6.62865,1.86024,1.13174,0.00027136,0.00027136,0.00027136
738,3208.52,6.42275,1.87659,1.15908,0.76849,0.59802,0.69048,0.37519,6.60627,1.8513,1.13084,0.00027037,0.00027037,0.00027037
739,3212.65,7.05109,1.98869,1.14115,0.76853,0.59896,0.69073,0.37539,6.59349,1.84897,1.13102,0.00026938,0.00026938,0.00026938
740,3217.33,6.89362,1.93734,1.15083,0.76366,0.60255,0.69236,0.37603,6.58819,1.85035,1.13124,0.00026839,0.00026839,0.00026839
741,3221.32,6.70803,1.94446,1.15101,0.76391,0.6031,0.69214,0.37563,6.58816,1.84879,1.1313,0.0002674,0.0002674,0.0002674
742,3225.88,6.604,1.94035,1.17158,0.76913,0.60053,0.69278,0.37585,6.58832,1.85083,1.13122,0.00026641,0.00026641,0.00026641
743,3230.29,6.94762,1.98761,1.14393,0.7661,0.60146,0.69206,0.37604,6.59046,1.84644,1.13129,0.00026542,0.00026542,0.00026542
744,3235,6.66115,1.93464,1.15815,0.77184,0.59775,0.6917,0.37456,6.58329,1.84825,1.13121,0.00026443,0.00026443,0.00026443
745,3239.09,6.63042,1.95108,1.15018,0.77311,0.59857,0.69273,0.37534,6.57116,1.84782,1.13108,0.00026344,0.00026344,0.00026344
746,3243.41,6.60685,1.9135,1.14627,0.76661,0.60324,0.69327,0.37642,6.55014,1.8451,1.13082,0.00026245,0.00026245,0.00026245
747,3247.75,6.67593,1.97758,1.1502,0.76839,0.59995,0.69258,0.37581,6.57116,1.84887,1.13102,0.00026146,0.00026146,0.00026146
748,3251.99,6.21429,1.88234,1.17245,0.76617,0.59995,0.69204,0.37513,6.58737,1.84919,1.13097,0.00026047,0.00026047,0.00026047
749,3256.32,6.81912,1.94637,1.14141,0.76535,0.60004,0.69145,0.3761,6.58618,1.84988,1.13083,0.00025948,0.00025948,0.00025948
750,3260.73,6.7528,1.98716,1.15376,0.7677,0.59979,0.69235,0.37586,6.57731,1.85032,1.13054,0.00025849,0.00025849,0.00025849
751,3264.96,6.63346,1.9458,1.15154,0.76873,0.59995,0.69304,0.37679,6.56654,1.84675,1.1306,0.0002575,0.0002575,0.0002575
752,3269.32,6.77645,1.96517,1.15416,0.76882,0.5994,0.69242,0.3761,6.58283,1.84957,1.13073,0.00025651,0.00025651,0.00025651
753,3273.47,6.90154,1.97999,1.14792,0.76841,0.59898,0.69178,0.37597,6.58355,1.84619,1.13069,0.00025552,0.00025552,0.00025552
754,3278.04,6.56836,1.89998,1.15165,0.76991,0.59994,0.69253,0.37633,6.55642,1.84246,1.1305,0.00025453,0.00025453,0.00025453
755,3282.36,6.76188,1.94501,1.14486,0.77087,0.59747,0.69156,0.37689,6.55618,1.84204,1.13051,0.00025354,0.00025354,0.00025354
756,3286.49,6.41931,1.89848,1.15024,0.76697,0.60091,0.69169,0.37658,6.56152,1.84192,1.13045,0.00025255,0.00025255,0.00025255
757,3291.07,6.90131,2.00127,1.16302,0.76577,0.60104,0.69198,0.37528,6.58445,1.84816,1.13052,0.00025156,0.00025156,0.00025156
758,3295.21,6.66259,1.94328,1.15249,0.76793,0.59953,0.69177,0.37576,6.58659,1.84718,1.13103,0.00025057,0.00025057,0.00025057
759,3299.57,6.81733,1.96846,1.15417,0.77003,0.59953,0.69243,0.37631,6.56743,1.84521,1.13068,0.00024958,0.00024958,0.00024958
760,3304.19,7.06763,1.9954,1.15026,0.76794,0.59857,0.69111,0.37654,6.57286,1.84305,1.13099,0.00024859,0.00024859,0.00024859
761,3308.55,7.20955,2.07102,1.15788,0.76388,0.60242,0.69203,0.37716,6.55636,1.83966,1.13101,0.0002476,0.0002476,0.0002476
762,3313,6.97804,1.95759,1.13732,0.76658,0.59875,0.6916,0.37669,6.60458,1.84452,1.13115,0.00024661,0.00024661,0.00024661
763,3317.71,7.017,1.9721,1.14643,0.76786,0.59802,0.69225,0.37719,6.58615,1.84274,1.13106,0.00024562,0.00024562,0.00024562
764,3322.15,6.66204,1.91935,1.14557,0.76982,0.60091,0.69367,0.37697,6.5404,1.83454,1.13099,0.00024463,0.00024463,0.00024463
765,3326.26,6.70529,1.91905,1.14586,0.77033,0.60132,0.69336,0.37657,6.55657,1.83674,1.13124,0.00024364,0.00024364,0.00024364
766,3330.76,6.7615,1.93022,1.15009,0.76647,0.60324,0.69283,0.37658,6.57243,1.84121,1.13166,0.00024265,0.00024265,0.00024265
767,3334.83,6.86741,1.96995,1.14444,0.76715,0.60066,0.69233,0.37634,6.5751,1.84242,1.13154,0.00024166,0.00024166,0.00024166
768,3339.44,7.16514,2.00577,1.13853,0.76562,0.60063,0.69178,0.37651,6.56649,1.83868,1.13113,0.00024067,0.00024067,0.00024067
769,3343.3,6.24458,1.89045,1.14694,0.76578,0.60118,0.69122,0.37657,6.55157,1.83699,1.13096,0.00023968,0.00023968,0.00023968
770,3347.47,6.6346,1.88902,1.14624,0.76612,0.60306,0.69277,0.37723,6.54553,1.83627,1.13105,0.00023869,0.00023869,0.00023869
771,3351.71,6.9316,1.94997,1.14066,0.76496,0.60132,0.69187,0.37707,6.5676,1.83943,1.13106,0.0002377,0.0002377,0.0002377
772,3356.14,6.78656,1.94142,1.14638,0.76044,0.60283,0.69121,0.37734,6.56064,1.84048,1.13082,0.00023671,0.00023671,0.00023671
773,3360.41,6.81573,1.9274,1.14456,0.7585,0.6053,0.69246,0.37634,6.55429,1.84409,1.13101,0.00023572,0.00023572,0.00023572
774,3365.11,6.47192,1.87748,1.14305,0.7574,0.60379,0.69161,0.37554,6.56032,1.84485,1.13101,0.00023473,0.00023473,0.00023473
775,3369.37,6.69085,1.95785,1.17388,0.75936,0.6031,0.69143,0.37547,6.57464,1.84297,1.13107,0.00023374,0.00023374,0.00023374
776,3373.9,6.91623,1.99133,1.1389,0.7605,0.60187,0.68997,0.37624,6.56953,1.84032,1.13098,0.00023275,0.00023275,0.00023275
777,3378.54,7.18966,2.04461,1.17309,0.76276,0.60214,0.69045,0.37619,6.5611,1.83805,1.13091,0.00023176,0.00023176,0.00023176
778,3382.78,7.28321,2.0008,1.14253,0.76789,0.59816,0.69031,0.37602,6.57544,1.84133,1.13086,0.00023077,0.00023077,0.00023077
779,3387,6.31251,1.86519,1.14615,0.76546,0.59857,0.69011,0.37671,6.57292,1.84319,1.13076,0.00022978,0.00022978,0.00022978
780,3391.42,7.02892,2.03881,1.14283,0.76386,0.59981,0.69052,0.37653,6.57745,1.84227,1.1309,0.00022879,0.00022879,0.00022879
781,3395.84,6.60157,1.8826,1.15243,0.76626,0.59912,0.69146,0.37672,6.55888,1.8417,1.1308,0.0002278,0.0002278,0.0002278
782,3400.54,7.00035,2.02311,1.14895,0.76558,0.60168,0.69227,0.37695,6.5654,1.84061,1.13077,0.00022681,0.00022681,0.00022681
783,3405.04,6.41189,1.858,1.15701,0.76666,0.60039,0.69273,0.37581,6.58404,1.84463,1.13099,0.00022582,0.00022582,0.00022582
784,3409.39,6.74715,1.897,1.14857,0.76162,0.60448,0.69222,0.37657,6.56569,1.83947,1.13094,0.00022483,0.00022483,0.00022483
785,3413.71,6.53603,1.91886,1.1463,0.76652,0.60448,0.69386,0.37694,6.56463,1.84078,1.13083,0.00022384,0.00022384,0.00022384
786,3418.15,6.33389,1.86856,1.15766,0.76711,0.60338,0.69368,0.37648,6.57747,1.84191,1.13069,0.00022285,0.00022285,0.00022285
787,3422.34,6.89497,1.95125,1.14568,0.76583,0.60104,0.69207,0.37604,6.58336,1.84639,1.13078,0.00022186,0.00022186,0.00022186
788,3426.83,6.71555,1.93809,1.14662,0.76581,0.60255,0.69235,0.37724,6.5727,1.84285,1.13107,0.00022087,0.00022087,0.00022087
789,3431.06,6.62024,1.9615,1.16181,0.76679,0.60338,0.69288,0.37725,6.56374,1.83817,1.13091,0.00021988,0.00021988,0.00021988
790,3435.36,6.76558,2.00214,1.15225,0.76596,0.60173,0.69216,0.37685,6.56372,1.83709,1.13076,0.00021889,0.00021889,0.00021889
791,3439.85,6.87248,1.92843,1.13977,0.76845,0.60132,0.69303,0.37741,6.55287,1.83794,1.1306,0.0002179,0.0002179,0.0002179
792,3444.38,6.65942,1.94696,1.16227,0.76754,0.60365,0.69352,0.37678,6.55508,1.83638,1.13053,0.00021691,0.00021691,0.00021691
793,3448.66,6.88361,1.99605,1.1456,0.76817,0.60501,0.69416,0.37632,6.5651,1.83579,1.13044,0.00021592,0.00021592,0.00021592
794,3453.04,7.08302,1.98636,1.13141,0.76955,0.59966,0.69293,0.37617,6.58765,1.84082,1.13062,0.00021493,0.00021493,0.00021493
795,3457.24,6.66305,1.9122,1.15324,0.76344,0.6042,0.69269,0.3765,6.57113,1.8383,1.13044,0.00021394,0.00021394,0.00021394
796,3461.44,6.45193,1.91902,1.17456,0.75758,0.60544,0.69218,0.37742,6.55251,1.83589,1.13055,0.00021295,0.00021295,0.00021295
797,3465.74,6.54918,1.91465,1.14627,0.75874,0.60585,0.69213,0.37766,6.5369,1.83397,1.13048,0.00021196,0.00021196,0.00021196
798,3470.35,6.51565,1.8914,1.15435,0.76496,0.59912,0.69094,0.37669,6.55705,1.83701,1.13052,0.00021097,0.00021097,0.00021097
799,3474.77,6.54488,1.92523,1.14459,0.76719,0.59854,0.69089,0.37663,6.56504,1.84058,1.13053,0.00020998,0.00020998,0.00020998
800,3479.29,6.32895,1.86621,1.15839,0.76771,0.59848,0.69091,0.37704,6.55039,1.8384,1.13047,0.00020899,0.00020899,0.00020899
801,3483.25,6.40442,1.89715,1.1679,0.76504,0.59953,0.69036,0.37599,6.57927,1.84153,1.13056,0.000208,0.000208,0.000208
802,3487.58,6.67413,1.93371,1.14477,0.76628,0.59981,0.69157,0.37738,6.53122,1.83402,1.13041,0.00020701,0.00020701,0.00020701
803,3491.43,6.51865,1.90872,1.14594,0.76767,0.59912,0.69138,0.37765,6.53208,1.83225,1.13023,0.00020602,0.00020602,0.00020602
804,3495.36,6.38731,1.8818,1.15945,0.76922,0.60083,0.69314,0.37768,6.52929,1.83314,1.13032,0.00020503,0.00020503,0.00020503
805,3499.56,6.88514,1.92532,1.14963,0.76724,0.60297,0.69343,0.37765,6.53029,1.83413,1.13039,0.00020404,0.00020404,0.00020404
806,3504.01,7.33079,2.05729,1.13373,0.7644,0.60712,0.69455,0.37838,6.53537,1.83575,1.13027,0.00020305,0.00020305,0.00020305
807,3508.31,6.81858,1.96147,1.15028,0.76923,0.60585,0.69552,0.37837,6.54526,1.83774,1.13019,0.00020206,0.00020206,0.00020206
808,3512.55,6.93704,1.9574,1.15084,0.77063,0.60695,0.69572,0.37841,6.54394,1.83502,1.13012,0.00020107,0.00020107,0.00020107
809,3516.97,6.76556,1.9371,1.14325,0.76674,0.6074,0.69508,0.37813,6.54904,1.83768,1.13015,0.00020008,0.00020008,0.00020008
810,3521.5,6.75914,1.97156,1.15075,0.76782,0.60599,0.69424,0.37755,6.54756,1.83783,1.13015,0.00019909,0.00019909,0.00019909
811,3525.76,6.76935,1.937,1.15459,0.76789,0.6053,0.69388,0.37817,6.54127,1.83859,1.13022,0.0001981,0.0001981,0.0001981
812,3530.35,6.98379,1.93568,1.14763,0.76386,0.60585,0.69333,0.3786,6.54514,1.84094,1.13012,0.00019711,0.00019711,0.00019711
813,3534.43,6.65694,1.90281,1.15424,0.76259,0.60636,0.69289,0.37793,6.55921,1.84266,1.13026,0.00019612,0.00019612,0.00019612
814,3539.09,6.78298,1.93018,1.13943,0.75976,0.60567,0.69251,0.37822,6.55546,1.84017,1.13023,0.00019513,0.00019513,0.00019513
815,3543.32,6.86021,1.94203,1.14458,0.76132,0.60519,0.69291,0.37777,6.56733,1.84242,1.13003,0.00019414,0.00019414,0.00019414
816,3547.9,6.72086,1.8978,1.14747,0.76534,0.60492,0.69325,0.37737,6.55258,1.83691,1.12985,0.00019315,0.00019315,0.00019315
817,3552.18,6.46017,1.89746,1.15917,0.76629,0.60173,0.6931,0.37771,6.55981,1.8402,1.13005,0.00019216,0.00019216,0.00019216
818,3556.62,6.82903,1.96052,1.14814,0.76496,0.59874,0.6913,0.37775,6.55851,1.84242,1.13008,0.00019117,0.00019117,0.00019117
819,3561.03,6.78439,1.92751,1.15107,0.76693,0.59981,0.6921,0.37786,6.5412,1.8386,1.12998,0.00019018,0.00019018,0.00019018
820,3565.32,6.72091,1.94062,1.15426,0.76432,0.5983,0.6908,0.37662,6.5573,1.84042,1.13009,0.00018919,0.00018919,0.00018919
821,3569.73,6.95604,2.00324,1.15054,0.7615,0.60271,0.6917,0.37741,6.54119,1.83703,1.13014,0.0001882,0.0001882,0.0001882
822,3574.15,6.77872,1.9365,1.15156,0.75931,0.60365,0.69114,0.37752,6.54589,1.83714,1.13023,0.00018721,0.00018721,0.00018721
823,3578.49,6.57367,1.89924,1.16704,0.75881,0.60512,0.69153,0.37762,6.5518,1.83769,1.13026,0.00018622,0.00018622,0.00018622
824,3583.09,6.422,1.89012,1.14114,0.76245,0.60457,0.69154,0.37727,6.54736,1.83706,1.13008,0.00018523,0.00018523,0.00018523
825,3587.48,6.7739,1.9349,1.14485,0.76356,0.60608,0.69324,0.37748,6.5354,1.83509,1.12996,0.00018424,0.00018424,0.00018424
826,3591.9,6.98987,1.94934,1.13874,0.76683,0.60409,0.69365,0.37768,6.53226,1.83339,1.13003,0.00018325,0.00018325,0.00018325
827,3595.99,7.18465,2.02275,1.14591,0.76584,0.6053,0.69395,0.37863,6.52557,1.83298,1.12998,0.00018226,0.00018226,0.00018226
828,3600.65,7.1349,1.97549,1.14827,0.76262,0.60722,0.69365,0.37759,6.54592,1.83534,1.13028,0.00018127,0.00018127,0.00018127
829,3605.23,6.79251,1.94513,1.15461,0.76463,0.60745,0.69484,0.37818,6.53265,1.83166,1.13015,0.00018028,0.00018028,0.00018028
830,3609.79,6.293,1.90403,1.16293,0.76955,0.6064,0.69594,0.37929,6.51997,1.82907,1.13033,0.00017929,0.00017929,0.00017929
831,3614.14,6.71344,1.9199,1.15074,0.76736,0.60498,0.69453,0.37946,6.53758,1.83143,1.13016,0.0001783,0.0001783,0.0001783
832,3618.85,6.93946,1.93968,1.14203,0.77044,0.60022,0.6931,0.37811,6.58133,1.83882,1.13057,0.00017731,0.00017731,0.00017731
833,3623.1,6.80456,1.94262,1.16293,0.76939,0.60173,0.69409,0.37924,6.53932,1.8311,1.13008,0.00017632,0.00017632,0.00017632
834,3627.2,7.06849,1.99222,1.14645,0.76897,0.60667,0.6963,0.37923,6.51043,1.82731,1.13009,0.00017533,0.00017533,0.00017533
835,3631.48,7.15828,2.03094,1.15297,0.7674,0.60649,0.69587,0.37913,6.52001,1.82842,1.13027,0.00017434,0.00017434,0.00017434
836,3635.86,6.60629,1.90695,1.15325,0.76492,0.60531,0.69401,0.37896,6.54745,1.83224,1.13043,0.00017335,0.00017335,0.00017335
837,3640.17,7.18444,2.01945,1.15027,0.76455,0.60681,0.69453,0.3791,6.53117,1.82988,1.13027,0.00017236,0.00017236,0.00017236
838,3644.48,6.75893,1.91956,1.15623,0.76196,0.60681,0.69314,0.37771,6.57743,1.83993,1.13071,0.00017137,0.00017137,0.00017137
839,3648.64,7.07641,1.9785,1.14689,0.76374,0.6064,0.6933,0.37707,6.56671,1.83616,1.13059,0.00017038,0.00017038,0.00017038
840,3652.78,6.60997,1.91726,1.14654,0.76616,0.60636,0.69455,0.37834,6.53456,1.82914,1.13023,0.00016939,0.00016939,0.00016939
841,3656.54,6.40711,1.94249,1.15428,0.76536,0.60557,0.69419,0.37818,6.53445,1.82861,1.1303,0.0001684,0.0001684,0.0001684
842,3660.79,6.33512,1.89321,1.15898,0.76717,0.60557,0.69466,0.37891,6.53436,1.82775,1.13032,0.00016741,0.00016741,0.00016741
843,3664.94,6.65067,1.90504,1.14963,0.76537,0.60557,0.69368,0.37868,6.56132,1.83274,1.13016,0.00016642,0.00016642,0.00016642
844,3669.26,6.37556,1.85891,1.14206,0.7645,0.6042,0.6937,0.37851,6.56466,1.83559,1.13001,0.00016543,0.00016543,0.00016543
845,3673.44,6.579,1.90751,1.1552,0.76619,0.60466,0.69447,0.37878,6.54605,1.83231,1.12993,0.00016444,0.00016444,0.00016444
846,3677.76,6.91761,1.92293,1.14948,0.7649,0.60745,0.69499,0.379,6.52299,1.82745,1.12981,0.00016345,0.00016345,0.00016345
847,3681.48,6.41849,1.91834,1.15835,0.76405,0.60626,0.69407,0.37884,6.53005,1.83021,1.12978,0.00016246,0.00016246,0.00016246
848,3686.1,6.39699,1.84961,1.13979,0.76418,0.60725,0.69471,0.37926,6.52306,1.83012,1.12975,0.00016147,0.00016147,0.00016147
849,3690.24,6.58436,1.89755,1.13829,0.76678,0.60736,0.69586,0.37928,6.52416,1.83076,1.12967,0.00016048,0.00016048,0.00016048
850,3694.5,6.46393,1.88318,1.17152,0.76583,0.60926,0.69624,0.37961,6.51598,1.82905,1.12966,0.00015949,0.00015949,0.00015949
851,3698.73,6.91144,1.94961,1.13174,0.76309,0.60901,0.69594,0.37923,6.51832,1.82895,1.12979,0.0001585,0.0001585,0.0001585
852,3703.11,7.24421,2.02431,1.13625,0.76957,0.60406,0.6953,0.37952,6.52672,1.82444,1.12989,0.00015751,0.00015751,0.00015751
853,3707.31,6.84724,1.98698,1.15457,0.76753,0.60557,0.69489,0.3797,6.51812,1.8232,1.12987,0.00015652,0.00015652,0.00015652
854,3711.19,6.49695,1.9278,1.15475,0.76493,0.60653,0.6947,0.37995,6.50355,1.82368,1.12988,0.00015553,0.00015553,0.00015553
855,3715.47,6.82937,1.95318,1.15814,0.76239,0.60818,0.69495,0.38004,6.4959,1.82282,1.12969,0.00015454,0.00015454,0.00015454
856,3719.74,6.79567,1.93042,1.13673,0.76107,0.60969,0.69475,0.38018,6.51113,1.82485,1.12976,0.00015355,0.00015355,0.00015355
857,3724.08,6.5538,1.88154,1.13483,0.76096,0.60997,0.69529,0.38039,6.50325,1.82388,1.12973,0.00015256,0.00015256,0.00015256
858,3728.57,6.78992,1.92168,1.13971,0.76188,0.60681,0.6942,0.37989,6.51082,1.82795,1.12986,0.00015157,0.00015157,0.00015157
859,3732.87,6.52827,1.89929,1.14783,0.76539,0.60159,0.69222,0.37895,6.52243,1.828,1.12985,0.00015058,0.00015058,0.00015058
860,3737.23,6.57249,1.88955,1.14843,0.76323,0.60722,0.69418,0.37953,6.51623,1.82434,1.12987,0.00014959,0.00014959,0.00014959
861,3741.34,6.5359,1.89236,1.14294,0.76439,0.60695,0.69399,0.37965,6.51533,1.82535,1.12952,0.0001486,0.0001486,0.0001486
862,3745.71,6.82562,1.93885,1.1433,0.76144,0.6069,0.69404,0.38038,6.5024,1.82261,1.12936,0.00014761,0.00014761,0.00014761
863,3750.12,7.3662,2.00645,1.14496,0.76199,0.60846,0.69473,0.38035,6.50862,1.82176,1.12942,0.00014662,0.00014662,0.00014662
864,3754.34,6.7694,1.92712,1.14991,0.765,0.60571,0.69476,0.38038,6.51337,1.82015,1.12975,0.00014563,0.00014563,0.00014563
865,3758.72,6.7906,1.92955,1.1416,0.76572,0.60681,0.69539,0.37958,6.52271,1.82612,1.1296,0.00014464,0.00014464,0.00014464
866,3763.08,6.60199,1.88381,1.1385,0.76698,0.60612,0.69509,0.37953,6.52593,1.82969,1.12951,0.00014365,0.00014365,0.00014365
867,3767.46,7.2515,2.00169,1.14728,0.76801,0.6053,0.69479,0.37929,6.53628,1.83255,1.1295,0.00014266,0.00014266,0.00014266
868,3771.75,6.51833,1.92595,1.16102,0.76942,0.60562,0.69606,0.37971,6.52555,1.83325,1.1294,0.00014167,0.00014167,0.00014167
869,3775.96,6.82055,1.94098,1.14254,0.76843,0.60636,0.69567,0.38023,6.52106,1.83073,1.12937,0.00014068,0.00014068,0.00014068
870,3780.58,6.5541,1.9183,1.16073,0.76977,0.60406,0.69495,0.38057,6.52164,1.82882,1.12927,0.00013969,0.00013969,0.00013969
871,3785.14,7.00743,1.96471,1.14403,0.76463,0.60736,0.69567,0.38072,6.51767,1.83019,1.12907,0.0001387,0.0001387,0.0001387
872,3789.45,6.83582,1.94688,1.15292,0.77038,0.6075,0.69687,0.3793,6.51974,1.8314,1.1291,0.00013771,0.00013771,0.00013771
873,3793.77,6.73796,1.97171,1.14672,0.76903,0.60901,0.69687,0.37965,6.51781,1.82924,1.12915,0.00013672,0.00013672,0.00013672
874,3798.26,7.01529,2.01541,1.14881,0.77138,0.60805,0.69702,0.38021,6.51894,1.8264,1.1291,0.00013573,0.00013573,0.00013573
875,3802.73,6.44808,1.9097,1.16532,0.77019,0.60997,0.69741,0.38023,6.51805,1.8258,1.12909,0.00013474,0.00013474,0.00013474
876,3807,6.60146,1.92338,1.14562,0.77104,0.60805,0.69682,0.38074,6.51144,1.82536,1.12919,0.00013375,0.00013375,0.00013375
877,3811.31,6.85666,1.95125,1.14956,0.77021,0.6075,0.69699,0.38086,6.50095,1.82572,1.12904,0.00013276,0.00013276,0.00013276
878,3815.63,6.34056,1.88171,1.15566,0.76826,0.60791,0.69669,0.38128,6.50478,1.82257,1.12912,0.00013177,0.00013177,0.00013177
879,3819.85,6.81353,1.93306,1.13685,0.76823,0.60704,0.69565,0.38053,6.52842,1.82774,1.12891,0.00013078,0.00013078,0.00013078
880,3824.21,6.45522,1.87094,1.14265,0.76653,0.60669,0.69504,0.38017,6.53188,1.82955,1.12933,0.00012979,0.00012979,0.00012979
881,3828.69,6.39246,1.89278,1.15783,0.76745,0.60695,0.69542,0.37999,6.53451,1.83053,1.12933,0.0001288,0.0001288,0.0001288
882,3832.89,6.68715,1.94121,1.15478,0.76761,0.60681,0.69578,0.38039,6.52685,1.82945,1.12923,0.00012781,0.00012781,0.00012781
883,3836.99,6.45973,1.86491,1.14376,0.76848,0.6064,0.69561,0.38032,6.52685,1.82696,1.12917,0.00012682,0.00012682,0.00012682
884,3841.4,7.35107,2.03386,1.13782,0.76887,0.60777,0.69647,0.38104,6.52352,1.82631,1.1291,0.00012583,0.00012583,0.00012583
885,3845.55,6.47244,1.94858,1.15482,0.76938,0.60653,0.69583,0.38081,6.52165,1.82468,1.12921,0.00012484,0.00012484,0.00012484
886,3850.05,6.69549,1.919,1.15557,0.77065,0.60615,0.69572,0.38003,6.52861,1.82932,1.12932,0.00012385,0.00012385,0.00012385
887,3854.38,6.70639,1.93053,1.1427,0.77179,0.6042,0.69532,0.38005,6.53526,1.82889,1.12929,0.00012286,0.00012286,0.00012286
888,3858.76,6.65623,1.87497,1.14298,0.769,0.60544,0.69487,0.38031,6.52638,1.82763,1.1291,0.00012187,0.00012187,0.00012187
889,3862.78,6.55927,1.9255,1.15859,0.76828,0.60571,0.69476,0.3803,6.51795,1.82674,1.12913,0.00012088,0.00012088,0.00012088
890,3867.12,6.64729,1.90366,1.15088,0.76469,0.60677,0.69414,0.38001,6.52525,1.82703,1.12903,0.00011989,0.00011989,0.00011989
891,3871.32,6.63471,1.93685,1.14742,0.76533,0.60622,0.69414,0.37993,6.52672,1.82662,1.12896,0.0001189,0.0001189,0.0001189
892,3875.08,6.37519,1.85348,1.15079,0.768,0.60681,0.69534,0.38089,6.50702,1.82704,1.12872,0.00011791,0.00011791,0.00011791
893,3878.84,6.03308,1.85613,1.16564,0.76735,0.60676,0.69514,0.38075,6.51209,1.82828,1.12878,0.00011692,0.00011692,0.00011692
894,3883.14,6.60845,1.87239,1.14319,0.76606,0.6078,0.69591,0.38026,6.51911,1.82996,1.12875,0.00011593,0.00011593,0.00011593
895,3887.2,6.64348,1.90816,1.14927,0.76899,0.60708,0.69673,0.38046,6.51595,1.83047,1.12864,0.00011494,0.00011494,0.00011494
896,3891.51,6.72393,1.9358,1.14882,0.77309,0.60612,0.69738,0.38155,6.49642,1.82492,1.1287,0.00011395,0.00011395,0.00011395
897,3896.03,7.01745,1.96935,1.13936,0.76884,0.60887,0.69815,0.38131,6.51182,1.82729,1.1287,0.00011296,0.00011296,0.00011296
898,3900.54,6.74277,1.94352,1.15746,0.77358,0.60554,0.69634,0.38097,6.51847,1.82843,1.12889,0.00011197,0.00011197,0.00011197
899,3905.19,6.53191,1.92984,1.15485,0.77009,0.60667,0.69622,0.38088,6.52236,1.82832,1.12874,0.00011098,0.00011098,0.00011098
900,3909.57,6.99563,1.92522,1.13528,0.77296,0.60379,0.69536,0.38081,6.51364,1.82945,1.12878,0.00010999,0.00010999,0.00010999
901,3913.61,6.84651,1.94045,1.1419,0.77462,0.60254,0.69506,0.38052,6.50841,1.83159,1.1287,0.000109,0.000109,0.000109
902,3918.16,7.0304,2.00594,1.15043,0.77394,0.60434,0.69607,0.38134,6.50288,1.82635,1.12853,0.00010801,0.00010801,0.00010801
903,3922.43,6.59112,1.90505,1.15468,0.77464,0.60351,0.69589,0.38092,6.50873,1.82569,1.12867,0.00010702,0.00010702,0.00010702
904,3927.05,6.63176,1.91188,1.16105,0.7696,0.60502,0.69444,0.38096,6.50676,1.82658,1.12867,0.00010603,0.00010603,0.00010603
905,3931.28,7.07332,1.9565,1.12944,0.76872,0.6069,0.69537,0.38123,6.50307,1.82661,1.12863,0.00010504,0.00010504,0.00010504
906,3935.75,6.485,1.90064,1.15038,0.77169,0.60653,0.69532,0.38081,6.52118,1.83122,1.12856,0.00010405,0.00010405,0.00010405
907,3939.88,6.96546,2.02134,1.15276,0.77392,0.60718,0.6962,0.38128,6.51464,1.83085,1.12867,0.00010306,0.00010306,0.00010306
908,3944.49,6.48868,1.90446,1.13716,0.77399,0.60393,0.69538,0.38062,6.52168,1.83172,1.12855,0.00010207,0.00010207,0.00010207
909,3949.33,6.78737,1.92512,1.15324,0.77329,0.6055,0.69616,0.38142,6.51779,1.8294,1.12865,0.00010108,0.00010108,0.00010108
910,3953.55,6.92787,1.97804,1.16195,0.77599,0.60542,0.69658,0.38169,6.50464,1.82897,1.12893,0.00010009,0.00010009,0.00010009
911,3957.83,6.53241,1.88099,1.14967,0.7759,0.60434,0.69624,0.38145,6.51379,1.82845,1.1288,9.91e-05,9.91e-05,9.91e-05
912,3962.27,6.60202,1.89267,1.1406,0.77349,0.60763,0.69688,0.38178,6.49764,1.82848,1.12859,9.811e-05,9.811e-05,9.811e-05
913,3966.6,6.3121,1.92982,1.16228,0.77341,0.60636,0.69646,0.38192,6.4984,1.82802,1.12874,9.712e-05,9.712e-05,9.712e-05
914,3971.13,6.35446,1.90984,1.14828,0.77443,0.60471,0.69632,0.38172,6.49344,1.8244,1.12903,9.613e-05,9.613e-05,9.613e-05
915,3975.31,6.92433,1.94958,1.13541,0.77561,0.60363,0.69612,0.38204,6.49767,1.82783,1.12879,9.514e-05,9.514e-05,9.514e-05
916,3979.94,6.38511,1.85554,1.13762,0.77116,0.60467,0.69567,0.38129,6.50866,1.82878,1.12879,9.415e-05,9.415e-05,9.415e-05
917,3984.21,6.2944,1.87628,1.13902,0.77134,0.60528,0.69583,0.38113,6.50604,1.82897,1.12905,9.316e-05,9.316e-05,9.316e-05
918,3988.43,6.44669,1.97667,1.15947,0.77188,0.60379,0.69534,0.38141,6.49414,1.82817,1.12872,9.217e-05,9.217e-05,9.217e-05
919,3992.71,6.74022,1.91806,1.14396,0.76873,0.60601,0.69523,0.38192,6.48955,1.82775,1.12865,9.118e-05,9.118e-05,9.118e-05
920,3996.83,7.31074,2.02181,1.14347,0.77,0.60162,0.69419,0.38144,6.51227,1.8289,1.12877,9.019e-05,9.019e-05,9.019e-05
921,4001,6.92694,1.95843,1.14242,0.77042,0.60306,0.69472,0.38132,6.50106,1.82581,1.12875,8.92e-05,8.92e-05,8.92e-05
922,4005.33,6.67641,1.9154,1.16021,0.76786,0.60585,0.69477,0.38174,6.50715,1.82592,1.12888,8.821e-05,8.821e-05,8.821e-05
923,4009.63,6.76033,1.91482,1.14056,0.76757,0.6042,0.69415,0.38152,6.5228,1.8294,1.12902,8.722e-05,8.722e-05,8.722e-05
924,4013.86,6.3286,1.90632,1.17946,0.76637,0.60526,0.69438,0.38103,6.5225,1.83078,1.12909,8.623e-05,8.623e-05,8.623e-05
925,4018.2,6.42353,1.8966,1.15763,0.76677,0.60614,0.69493,0.38056,6.52338,1.8295,1.12901,8.524e-05,8.524e-05,8.524e-05
926,4022.52,6.82486,1.94844,1.14297,0.76452,0.60557,0.69413,0.38082,6.50872,1.8274,1.12901,8.425e-05,8.425e-05,8.425e-05
927,4026.74,6.8173,1.95014,1.16647,0.77016,0.60393,0.69514,0.38084,6.51157,1.82761,1.12899,8.326e-05,8.326e-05,8.326e-05
928,4031.15,6.2098,1.85888,1.16333,0.77125,0.6042,0.69491,0.38148,6.50827,1.82699,1.12893,8.227e-05,8.227e-05,8.227e-05
929,4035.29,7.22274,1.98576,1.14214,0.76966,0.60585,0.69537,0.38129,6.50409,1.8264,1.12889,8.128e-05,8.128e-05,8.128e-05
930,4039.95,6.97504,1.96603,1.14624,0.76919,0.60653,0.69608,0.38115,6.49787,1.82542,1.12888,8.029e-05,8.029e-05,8.029e-05
931,4044.13,6.53765,1.87098,1.14701,0.76831,0.60626,0.69613,0.38133,6.4956,1.82499,1.12885,7.93e-05,7.93e-05,7.93e-05
932,4048.4,6.76508,1.95456,1.15725,0.76861,0.60835,0.69612,0.3805,6.50424,1.82675,1.12888,7.831e-05,7.831e-05,7.831e-05
933,4052.66,6.47818,1.89948,1.1557,0.76864,0.60942,0.69634,0.38074,6.50341,1.8271,1.12889,7.732e-05,7.732e-05,7.732e-05
934,4057.07,6.32367,1.89032,1.17683,0.76965,0.60763,0.69596,0.38093,6.50592,1.82741,1.12898,7.633e-05,7.633e-05,7.633e-05
935,4061.1,6.42096,1.89149,1.14436,0.76938,0.60763,0.69617,0.38091,6.50732,1.82794,1.12904,7.534e-05,7.534e-05,7.534e-05
936,4065.29,7.3468,2.02334,1.14919,0.77249,0.60553,0.69588,0.38022,6.50456,1.82864,1.129,7.435e-05,7.435e-05,7.435e-05
937,4069.32,6.78724,1.91471,1.13298,0.7711,0.60502,0.69524,0.38058,6.49953,1.82921,1.12885,7.336e-05,7.336e-05,7.336e-05
938,4073.76,6.77795,1.96209,1.15675,0.76505,0.60843,0.69532,0.38078,6.49939,1.82763,1.12895,7.237e-05,7.237e-05,7.237e-05
939,4078.04,6.42413,1.86685,1.14835,0.76572,0.60859,0.69575,0.38072,6.50271,1.82887,1.1289,7.138e-05,7.138e-05,7.138e-05
940,4082.57,6.44209,1.88886,1.15184,0.76594,0.60928,0.69651,0.38089,6.49771,1.82681,1.12897,7.039e-05,7.039e-05,7.039e-05
941,4086.64,6.43928,1.872,1.14456,0.76264,0.61048,0.6962,0.38078,6.5017,1.82689,1.12898,6.94e-05,6.94e-05,6.94e-05
942,4091.19,6.5851,1.90607,1.14624,0.76991,0.60683,0.69688,0.3817,6.50969,1.82728,1.12884,6.841e-05,6.841e-05,6.841e-05
943,4095.71,6.70348,1.89657,1.15436,0.76776,0.60736,0.69648,0.38161,6.50968,1.8263,1.12887,6.742e-05,6.742e-05,6.742e-05
944,4100.33,6.79827,1.94132,1.14872,0.76836,0.60704,0.69602,0.38172,6.51273,1.82893,1.12885,6.643e-05,6.643e-05,6.643e-05
945,4104.84,6.98391,1.98336,1.13466,0.7658,0.60832,0.69578,0.38118,6.51276,1.8302,1.12888,6.544e-05,6.544e-05,6.544e-05
946,4109.12,6.47715,1.88181,1.15833,0.76511,0.60956,0.69632,0.38067,6.50537,1.82942,1.12888,6.445e-05,6.445e-05,6.445e-05
947,4113.48,6.7135,1.90767,1.14604,0.76385,0.60914,0.69582,0.38057,6.51175,1.8305,1.12893,6.346e-05,6.346e-05,6.346e-05
948,4117.88,7.29026,1.99804,1.13879,0.76476,0.60924,0.69645,0.38147,6.50375,1.82888,1.12868,6.247e-05,6.247e-05,6.247e-05
949,4122.18,6.90422,1.98362,1.14805,0.76585,0.60942,0.69692,0.38162,6.50156,1.82833,1.12868,6.148e-05,6.148e-05,6.148e-05
950,4126.85,6.77751,1.95889,1.14097,0.76692,0.60791,0.69645,0.38202,6.49754,1.82722,1.12849,6.049e-05,6.049e-05,6.049e-05
951,4131.15,6.9886,2.00295,1.14826,0.7657,0.60914,0.69679,0.38196,6.49257,1.82713,1.12845,5.95e-05,5.95e-05,5.95e-05
952,4135.57,6.39249,1.89497,1.16057,0.76645,0.60869,0.69696,0.38202,6.48904,1.82451,1.12871,5.851e-05,5.851e-05,5.851e-05
953,4140.21,7.05639,1.97388,1.14528,0.76572,0.60901,0.69698,0.38216,6.49035,1.82774,1.12866,5.752e-05,5.752e-05,5.752e-05
954,4144.6,6.56074,1.90483,1.14998,0.76538,0.60901,0.69648,0.38192,6.50627,1.8279,1.12867,5.653e-05,5.653e-05,5.653e-05
955,4149.04,7.00119,2.02257,1.15191,0.76507,0.60887,0.69654,0.38154,6.50716,1.82773,1.12884,5.554e-05,5.554e-05,5.554e-05
956,4153.46,6.88717,1.92046,1.14804,0.76487,0.6078,0.69598,0.38171,6.49559,1.82437,1.12881,5.455e-05,5.455e-05,5.455e-05
957,4157.59,6.8887,1.9646,1.149,0.76556,0.60846,0.69643,0.38179,6.49058,1.82459,1.12879,5.356e-05,5.356e-05,5.356e-05
958,4161.94,6.62396,1.92601,1.1642,0.76636,0.60656,0.69635,0.38228,6.48575,1.82067,1.12881,5.257e-05,5.257e-05,5.257e-05
959,4166.27,7.05564,1.95293,1.15342,0.76766,0.60739,0.69649,0.3822,6.48384,1.8207,1.12871,5.158e-05,5.158e-05,5.158e-05
960,4170.8,7.07854,2.01388,1.15335,0.76739,0.6069,0.69572,0.38193,6.49231,1.82477,1.12874,5.059e-05,5.059e-05,5.059e-05
961,4174.9,6.52422,1.91904,1.16059,0.76778,0.60695,0.69597,0.38161,6.50133,1.82347,1.12867,4.96e-05,4.96e-05,4.96e-05
962,4179.35,7.3868,2.02037,1.14073,0.76803,0.60805,0.69647,0.38194,6.49365,1.82414,1.1285,4.861e-05,4.861e-05,4.861e-05
963,4183.5,6.62833,1.9197,1.14307,0.76636,0.60972,0.69666,0.38199,6.49067,1.82291,1.12857,4.762e-05,4.762e-05,4.762e-05
964,4187.91,6.67758,1.90783,1.14196,0.76744,0.60983,0.69702,0.38225,6.48685,1.82189,1.12865,4.663e-05,4.663e-05,4.663e-05
965,4191.69,6.25856,1.85445,1.14954,0.76919,0.60986,0.69715,0.38252,6.48912,1.82162,1.12873,4.564e-05,4.564e-05,4.564e-05
966,4196.08,6.57172,1.87986,1.14383,0.76924,0.60821,0.69774,0.38208,6.49802,1.82117,1.12888,4.465e-05,4.465e-05,4.465e-05
967,4200.27,6.71728,1.9352,1.15171,0.76868,0.60814,0.69696,0.38232,6.49636,1.81917,1.12888,4.366e-05,4.366e-05,4.366e-05
968,4204.45,6.76544,1.9525,1.15923,0.76965,0.6078,0.6967,0.38196,6.49617,1.82278,1.12892,4.267e-05,4.267e-05,4.267e-05
969,4208.53,6.6398,1.91407,1.14271,0.76918,0.60832,0.69675,0.38186,6.50118,1.82404,1.12879,4.168e-05,4.168e-05,4.168e-05
970,4212.88,7.05131,1.972,1.14035,0.76907,0.60855,0.69696,0.38183,6.50531,1.82376,1.12891,4.069e-05,4.069e-05,4.069e-05
971,4217.11,6.78652,1.94105,1.13545,0.76896,0.60846,0.69693,0.3815,6.50478,1.82154,1.12891,3.97e-05,3.97e-05,3.97e-05
972,4221.11,6.26693,1.85811,1.1484,0.76645,0.60942,0.6969,0.38196,6.50157,1.82286,1.12856,3.871e-05,3.871e-05,3.871e-05
973,4225.31,6.57883,1.9162,1.15,0.76734,0.60944,0.69727,0.3823,6.50231,1.82236,1.12856,3.772e-05,3.772e-05,3.772e-05
974,4229.2,6.5675,1.93886,1.15324,0.76584,0.6093,0.6971,0.38231,6.50611,1.82203,1.12874,3.673e-05,3.673e-05,3.673e-05
975,4233.51,6.68032,1.92785,1.15956,0.76589,0.60814,0.69659,0.38204,6.50404,1.82064,1.12882,3.574e-05,3.574e-05,3.574e-05
976,4237.62,6.94656,1.97537,1.15008,0.77089,0.60612,0.69705,0.3821,6.50958,1.82343,1.12876,3.475e-05,3.475e-05,3.475e-05
977,4241.87,7.02984,1.98816,1.14962,0.77285,0.60571,0.69756,0.38234,6.50154,1.82244,1.12866,3.376e-05,3.376e-05,3.376e-05
978,4246.45,6.5049,1.89912,1.15574,0.7717,0.60512,0.6965,0.38161,6.50253,1.82224,1.12852,3.277e-05,3.277e-05,3.277e-05
979,4250.67,6.69042,1.89648,1.1451,0.77176,0.6058,0.69695,0.38213,6.49718,1.82205,1.12852,3.178e-05,3.178e-05,3.178e-05
980,4255.11,6.65866,1.91446,1.1407,0.77178,0.6054,0.69688,0.38164,6.50395,1.82084,1.12848,3.079e-05,3.079e-05,3.079e-05
981,4259.36,6.67091,1.93013,1.15005,0.77217,0.60365,0.69666,0.38183,6.50698,1.82246,1.12849,2.98e-05,2.98e-05,2.98e-05
982,4263.64,6.81354,1.94233,1.15642,0.77192,0.60434,0.69661,0.38219,6.49891,1.82262,1.12848,2.881e-05,2.881e-05,2.881e-05
983,4267.81,6.51231,1.89548,1.15259,0.77267,0.60461,0.69637,0.38226,6.50182,1.82234,1.1285,2.782e-05,2.782e-05,2.782e-05
984,4272.73,6.74648,1.95703,1.15541,0.7703,0.60461,0.6962,0.38168,6.50295,1.82263,1.12866,2.683e-05,2.683e-05,2.683e-05
985,4276.74,6.7715,1.95701,1.15278,0.77048,0.60475,0.6962,0.38157,6.50901,1.82239,1.12867,2.584e-05,2.584e-05,2.584e-05
986,4281.08,6.74349,1.97925,1.1662,0.76953,0.60416,0.6957,0.38166,6.50706,1.82256,1.1288,2.485e-05,2.485e-05,2.485e-05
987,4285.41,6.61361,1.91734,1.15365,0.76916,0.60519,0.6962,0.38141,6.5151,1.82341,1.12887,2.386e-05,2.386e-05,2.386e-05
988,4289.78,6.94601,2.02329,1.15941,0.77041,0.60612,0.6969,0.38163,6.51007,1.82395,1.1288,2.287e-05,2.287e-05,2.287e-05
989,4293.96,7.00596,2.04966,1.14451,0.769,0.60653,0.69671,0.3815,6.51302,1.82208,1.12893,2.188e-05,2.188e-05,2.188e-05
990,4298.42,6.45859,1.85604,1.14183,0.76909,0.60846,0.6974,0.38234,6.49571,1.82226,1.12891,2.089e-05,2.089e-05,2.089e-05
991,4357.09,7.26581,2.17981,1.15194,0.77117,0.60794,0.69718,0.38201,6.50394,1.8213,1.12874,1.99e-05,1.99e-05,1.99e-05
992,4361.32,6.86855,2.00266,1.15619,0.77383,0.60596,0.69763,0.381,6.50272,1.82568,1.1285,1.891e-05,1.891e-05,1.891e-05
993,4364.94,6.9423,2.02452,1.16281,0.77398,0.60612,0.69771,0.38106,6.51171,1.82693,1.12831,1.792e-05,1.792e-05,1.792e-05
994,4368.4,7.01743,2.05271,1.15321,0.77345,0.60603,0.69782,0.38082,6.52951,1.8323,1.12841,1.693e-05,1.693e-05,1.693e-05
995,4371.97,6.54683,1.90538,1.14977,0.77346,0.60794,0.69805,0.38083,6.53312,1.83524,1.1285,1.594e-05,1.594e-05,1.594e-05
996,4375.79,6.83895,2.0145,1.15124,0.77568,0.60681,0.69857,0.38062,6.54091,1.84081,1.1286,1.495e-05,1.495e-05,1.495e-05
997,4379.81,7.4021,2.29033,1.16679,0.77549,0.60708,0.69823,0.37999,6.54243,1.8442,1.12856,1.396e-05,1.396e-05,1.396e-05
998,4383.36,7.29176,2.12322,1.15107,0.77633,0.6031,0.6963,0.37901,6.56413,1.8524,1.12856,1.297e-05,1.297e-05,1.297e-05
999,4386.85,6.8649,1.95731,1.14938,0.77496,0.6031,0.69574,0.3788,6.57475,1.85684,1.12879,1.198e-05,1.198e-05,1.198e-05
1000,4390.66,6.48255,1.90967,1.15462,0.7774,0.59995,0.69547,0.37848,6.57958,1.8597,1.12881,1.099e-05,1.099e-05,1.099e-05
