epoch,time,train/box_loss,train/cls_loss,train/dfl_loss,metrics/precision(B),metrics/recall(B),metrics/mAP50(B),metrics/mAP50-95(B),val/box_loss,val/cls_loss,val/dfl_loss,lr/pg0,lr/pg1,lr/pg2
1,4.53212,10.7983,7.46523,5.67532,0,0,0,0,7.79179,14.3648,3.91662,4e-05,4e-05,4e-05
2,6.96612,10.8473,8.41723,5.64824,0,0,0,0,7.79271,14.2744,3.91689,9.9901e-05,9.9901e-05,9.9901e-05
3,9.70227,10.6338,6.60043,5.62734,0,0,0,0,7.79431,14.167,3.91679,0.000159683,0.000159683,0.000159683
4,12.0101,10.641,5.93089,5.5394,0,0,0,0,7.79716,14.0381,3.91575,0.000219347,0.000219347,0.000219347
5,14.8443,10.1979,11.6614,5.51185,0,0,0,0,7.80431,13.8117,3.912,0.000278891,0.000278891,0.000278891
6,17.3755,10.9355,10.7001,5.41614,0,0,0,0,7.81624,13.4144,3.90546,0.000338317,0.000338317,0.000338317
7,19.8589,10.4869,5.42669,5.25828,0,0,0,0,7.83279,12.7412,3.89631,0.000397624,0.000397624,0.000397624
8,22.5349,10.3988,4.54794,4.99555,0,0,0,0,7.85566,11.9984,3.88494,0.000456812,0.000456812,0.000456812
9,24.9699,9.88055,3.80509,4.62902,0,0,0,0,7.88728,11.0564,3.87285,0.000515882,0.000515882,0.000515882
10,27.2858,10.316,4.79093,4.43889,0,0,0,0,7.90773,10.1941,3.8637,0.000574832,0.000574832,0.000574832
11,29.6426,8.80919,2.47446,4.16155,0,0,0,0,7.87008,9.94543,3.86959,0.000633664,0.000633664,0.000633664
12,32.2767,8.84414,2.41477,4.06964,0,0,0,0,7.82581,9.9119,3.88139,0.000692377,0.000692377,0.000692377
13,34.7776,8.74586,2.09943,3.59912,0,0,0,0,7.8351,9.5378,3.87663,0.000750971,0.000750971,0.000750971
14,37.218,8.11251,1.95717,3.27559,0,0,0,0,7.82898,9.35013,3.87966,0.000809447,0.000809447,0.000809447
15,39.6363,7.45955,1.70226,2.76724,0,0,0,0,7.8132,9.26548,3.88839,0.000867803,0.000867803,0.000867803
16,42.1663,7.43317,1.59989,2.53797,0,0,0,0,7.81739,8.96908,3.89687,0.000926041,0.000926041,0.000926041
17,44.6987,7.39484,1.46371,2.35047,0,0,0,0,7.83066,8.83086,3.89776,0.00098416,0.00098416,0.00098416
18,47.4683,7.33819,1.44182,2.26411,0,0,0,0,7.84079,8.58857,3.89629,0.00104216,0.00104216,0.00104216
19,49.8875,7.06815,1.39046,2.06144,0,0,0,0,7.84721,8.37244,3.89237,0.00110004,0.00110004,0.00110004
20,52.1624,7.21632,1.35709,2.0112,0,0,0,0,7.8599,8.10116,3.88554,0.0011578,0.0011578,0.0011578
21,54.3757,7.24735,1.37231,1.98043,0,0,0,0,7.86774,7.98634,3.88331,0.00121545,0.00121545,0.00121545
22,56.7318,7.18565,1.41748,1.99815,0,0,0,0,7.88537,7.76763,3.88251,0.00127297,0.00127297,0.00127297
23,58.9291,7.01917,1.30421,1.8913,0,0,0,0,7.89548,7.67282,3.88405,0.00133038,0.00133038,0.00133038
24,61.5237,7.24505,1.32705,1.7822,0,0,0,0,7.89096,8.19886,2.63098,0.00138767,0.00138767,0.00138767
25,63.942,6.76405,1.34137,1.92402,0,0,0,0,7.88014,7.89681,3.87915,0.00144484,0.00144484,0.00144484
26,66.4089,6.88513,1.3434,1.85721,0,0,0,0,7.84506,7.84847,3.85242,0.00150189,0.00150189,0.00150189
27,68.6381,6.76331,1.28653,1.8355,0,0,0,0,7.91563,7.58708,3.88068,0.00155882,0.00155882,0.00155882
28,71.2183,6.73463,1.25265,1.74309,0,0,0,0,7.85686,7.10574,3.91799,0.00161563,0.00161563,0.00161563
29,73.6562,6.79108,1.28528,1.89386,0,0,0,0,8.68894,4.01199,4.09267,0.00167232,0.00167232,0.00167232
30,76.1544,6.68554,1.25013,1.71129,0.00202,0.00329,0.00116,0.00035,7.47869,3.67852,3.22202,0.0017289,0.0017289,0.0017289
31,78.4857,6.50992,1.17643,1.73225,0.00361,0.0059,0.0043,0.00098,7.09969,3.51132,2.51165,0.00178535,0.00178535,0.00178535
32,80.8845,6.42768,1.19468,1.71726,0.00319,0.00522,0.00218,0.00063,6.87741,2.50304,2.85887,0.00184169,0.00184169,0.00184169
33,83.3169,6.4777,1.18302,1.64771,0.00421,0.00686,0.00253,0.00072,6.63423,2.50028,2.43777,0.00189791,0.00189791,0.00189791
34,85.7569,6.22459,1.14183,1.64722,0.0005,0.00082,0.00025,4e-05,7.21606,2.65848,2.65513,0.00193466,0.00193466,0.00193466
35,87.9098,6.46481,1.19193,1.65385,0.00015,0.00014,8e-05,2e-05,6.52041,3.71328,5.21266,0.00193268,0.00193268,0.00193268
36,90.2199,6.36038,1.1927,1.71167,0.00321,0.00096,0.00204,0.00059,4.60633,2.21281,1.62745,0.0019307,0.0019307,0.0019307
37,92.2953,6.14145,1.14976,1.59289,0.01546,0.00467,0.00831,0.00191,5.03521,1.30761,1.43002,0.00192872,0.00192872,0.00192872
38,94.6213,6.10205,1.18088,1.68121,0.01695,0.00055,0.00859,0.0028,5.66978,3.62247,1.83287,0.00192674,0.00192674,0.00192674
39,96.9145,6.18165,1.11236,1.57311,0,0,0,0,6.53912,7.47583,2.51759,0.00192476,0.00192476,0.00192476
40,99.3196,6.29335,1.08883,1.64412,0.02085,0.00302,0.01067,0.00276,5.42514,2.4119,1.93954,0.00192278,0.00192278,0.00192278
41,101.318,5.9861,1.13291,1.64586,0.01434,0.00206,0.00738,0.00197,6.07723,3.03919,3.00801,0.0019208,0.0019208,0.0019208
42,103.637,6.01475,1.06949,1.61894,0,0,0,0,8.70317,4.54124,6.74572,0.00191882,0.00191882,0.00191882
43,105.885,6.11518,1.1012,1.64698,0,0,0,0,8.06459,5.78375,6.98309,0.00191684,0.00191684,0.00191684
44,108.09,5.87784,1.08315,1.60171,0.11155,0.01826,0.0131,0.00313,6.97923,2.5664,2.36367,0.00191486,0.00191486,0.00191486
45,110.385,5.92908,1.05812,1.48363,0.09076,0.09967,0.05339,0.01365,6.48616,1.65451,1.60692,0.00191288,0.00191288,0.00191288
46,112.837,6.14149,1.09911,1.5596,0.16122,0.07057,0.05365,0.01323,6.49364,1.18159,1.60692,0.0019109,0.0019109,0.0019109
47,115.299,6.04542,1.1019,1.59733,0.10251,0.03364,0.02226,0.00554,6.84301,1.58323,1.74377,0.00190892,0.00190892,0.00190892
48,117.6,5.83618,1.07499,1.47977,0.00067,0.0011,0.00034,5e-05,7.31108,81.2512,4.74819,0.00190694,0.00190694,0.00190694
49,119.707,5.79186,1.08714,1.53097,0.00098,0.00096,0.00052,0.0001,7.08131,7.9686,4.39857,0.00190496,0.00190496,0.00190496
50,122.28,5.81092,1.05399,1.52208,0.13449,0.04311,0.03893,0.00977,6.66365,1.30419,1.67867,0.00190298,0.00190298,0.00190298
51,124.559,6.00414,1.088,1.50089,0.13138,0.06425,0.05328,0.01321,6.52164,1.17411,1.6042,0.001901,0.001901,0.001901
52,126.813,5.83282,1.03698,1.51308,0.17126,0.1101,0.08218,0.01966,6.25832,1.13366,1.53053,0.00189902,0.00189902,0.00189902
53,128.868,5.90366,1.06396,1.49513,0.17943,0.11161,0.08454,0.02095,6.3861,1.20461,1.5472,0.00189704,0.00189704,0.00189704
54,131.548,5.81733,1.04086,1.54045,0.20393,0.13407,0.10051,0.0243,6.17435,1.0624,1.50507,0.00189506,0.00189506,0.00189506
55,133.879,5.81101,1.0162,1.55509,0.19421,0.14292,0.10366,0.02587,6.04475,1.05458,1.49789,0.00189308,0.00189308,0.00189308
56,136.4,5.67058,0.98215,1.47521,0.11651,0.08718,0.04758,0.01189,6.57986,1.74222,1.60536,0.0018911,0.0018911,0.0018911
57,138.654,5.69566,0.99691,1.51309,0.09855,0.09569,0.04541,0.01244,6.38676,2.26322,1.57387,0.00188912,0.00188912,0.00188912
58,140.905,5.82984,1.06721,1.52305,0.10999,0.15994,0.07759,0.02049,5.99821,1.21353,1.48155,0.00188714,0.00188714,0.00188714
59,143.316,5.86408,1.06203,1.49817,0.14066,0.13688,0.0849,0.02129,6.0662,1.16903,1.49444,0.00188516,0.00188516,0.00188516
60,145.569,5.54452,1.00428,1.47282,0.21484,0.11601,0.09406,0.02457,6.05318,1.11162,1.53078,0.00188318,0.00188318,0.00188318
61,147.737,5.79462,1.02653,1.46882,0.20937,0.12521,0.09937,0.02599,5.93303,1.13899,1.51145,0.0018812,0.0018812,0.0018812
62,150.172,5.81633,1.0256,1.5057,0.191,0.13784,0.10475,0.02681,5.82177,1.20919,1.4954,0.00187922,0.00187922,0.00187922
63,152.46,5.62296,1.00495,1.48185,0.22437,0.14525,0.11566,0.03094,5.77726,1.12208,1.48297,0.00187724,0.00187724,0.00187724
64,154.582,5.62716,0.98608,1.48163,0.18893,0.17326,0.11708,0.02925,5.8278,1.01974,1.43281,0.00187526,0.00187526,0.00187526
65,156.587,5.59201,0.99494,1.51575,0.15534,0.17381,0.09783,0.02457,5.91289,1.0259,1.43759,0.00187328,0.00187328,0.00187328
66,159.054,5.54628,0.99066,1.49907,0.24543,0.14168,0.1202,0.03127,5.81262,1.00676,1.45189,0.0018713,0.0018713,0.0018713
67,161.436,5.54299,0.98052,1.47747,0.23573,0.14044,0.1157,0.03119,5.85507,0.9942,1.45712,0.00186932,0.00186932,0.00186932
68,163.968,5.41936,0.95272,1.47988,0.17009,0.19187,0.11636,0.03115,5.75339,1.06147,1.41677,0.00186734,0.00186734,0.00186734
69,166.424,5.44935,0.91808,1.41989,0.22727,0.19042,0.14255,0.03916,5.69207,0.99593,1.40995,0.00186536,0.00186536,0.00186536
70,169.161,5.51062,0.96788,1.49231,0.28418,0.18245,0.15336,0.04194,5.72335,1.25014,1.41567,0.00186338,0.00186338,0.00186338
71,171.65,5.38959,0.95663,1.43419,0.28748,0.18489,0.15821,0.04366,5.74201,1.19689,1.42131,0.0018614,0.0018614,0.0018614
72,174.218,5.39918,0.9242,1.44694,0.26056,0.19865,0.1617,0.04489,5.67482,0.97498,1.40277,0.00185942,0.00185942,0.00185942
73,176.536,5.31634,0.92853,1.406,0.24831,0.1933,0.15619,0.04148,5.75769,0.98937,1.40477,0.00185744,0.00185744,0.00185744
74,178.873,5.45637,0.92837,1.48431,0.19554,0.18191,0.1349,0.03559,5.79243,1.06372,1.38452,0.00185546,0.00185546,0.00185546
75,181.276,5.3869,0.92112,1.45874,0.17174,0.17463,0.1206,0.03103,5.9101,1.09548,1.38738,0.00185348,0.00185348,0.00185348
76,183.682,5.19904,0.90949,1.39031,0.28552,0.19289,0.17746,0.04759,5.64906,1.01623,1.37492,0.0018515,0.0018515,0.0018515
77,186.229,5.39502,0.93414,1.4738,0.26965,0.19769,0.16706,0.04434,5.69388,1.0098,1.37829,0.00184952,0.00184952,0.00184952
78,188.516,5.26153,0.89518,1.43892,0.3057,0.20387,0.1866,0.05056,5.51586,0.97156,1.38278,0.00184754,0.00184754,0.00184754
79,191.022,5.34492,0.90365,1.44328,0.30924,0.18877,0.17488,0.04929,5.59692,1.0052,1.40621,0.00184556,0.00184556,0.00184556
80,193.371,5.19602,0.91682,1.41163,0.2167,0.18781,0.14749,0.04087,5.53851,1.12731,1.36469,0.00184358,0.00184358,0.00184358
81,195.749,5.23601,0.87361,1.43344,0.22295,0.1933,0.151,0.04079,5.58895,1.15005,1.36727,0.0018416,0.0018416,0.0018416
82,197.953,5.04379,0.86593,1.37598,0.30674,0.21197,0.19164,0.05395,5.46716,1.0415,1.35781,0.00183962,0.00183962,0.00183962
83,200.518,5.06376,0.87979,1.42622,0.31549,0.22666,0.20241,0.05733,5.39258,0.97003,1.35583,0.00183764,0.00183764,0.00183764
84,203.069,4.93559,0.88355,1.40064,0.3191,0.20113,0.18693,0.05354,5.46897,0.9334,1.37984,0.00183566,0.00183566,0.00183566
85,205.423,5.35904,0.91116,1.48974,0.32745,0.20126,0.18912,0.05457,5.44566,0.93016,1.37391,0.00183368,0.00183368,0.00183368
86,208.083,5.21112,0.92422,1.42454,0.34852,0.20792,0.20324,0.06009,5.34208,0.97577,1.35852,0.0018317,0.0018317,0.0018317
87,210.536,5.14856,0.87931,1.41432,0.3412,0.20744,0.1997,0.0586,5.39565,0.99547,1.35938,0.00182972,0.00182972,0.00182972
88,213.054,5.0916,0.92078,1.44376,0.3184,0.2117,0.19197,0.05402,5.5054,0.9675,1.35645,0.00182774,0.00182774,0.00182774
89,215.237,5.03287,0.90512,1.39279,0.3151,0.2209,0.19912,0.05765,5.38954,0.95224,1.35064,0.00182576,0.00182576,0.00182576
90,217.931,5.22134,0.88441,1.39386,0.27571,0.21156,0.1812,0.05094,5.31385,0.97506,1.34567,0.00182378,0.00182378,0.00182378
91,220.211,5.15603,0.88751,1.40071,0.34182,0.22167,0.20821,0.06107,5.36599,0.93619,1.37101,0.0018218,0.0018218,0.0018218
92,222.593,5.00872,0.86487,1.3999,0.2317,0.18685,0.13682,0.0357,5.8355,0.98881,1.37009,0.00181982,0.00181982,0.00181982
93,224.793,5.21926,0.87274,1.37839,0.22853,0.19124,0.13635,0.03506,5.83446,0.9929,1.36893,0.00181784,0.00181784,0.00181784
94,227.263,5.25273,0.89403,1.41163,0.31627,0.18959,0.16929,0.04913,5.66486,0.99731,1.40824,0.00181586,0.00181586,0.00181586
95,229.476,5.23608,0.86685,1.41743,0.32912,0.2003,0.18168,0.05238,5.6056,0.99929,1.39682,0.00181388,0.00181388,0.00181388
96,231.985,4.73118,0.88056,1.40058,0.29974,0.2187,0.19334,0.05644,5.20027,0.97013,1.33684,0.0018119,0.0018119,0.0018119
97,234.199,5.09199,0.85806,1.41007,0.3544,0.24403,0.23216,0.07147,5.16461,0.91294,1.3358,0.00180992,0.00180992,0.00180992
98,236.861,5.20881,0.87203,1.44901,0.3449,0.24478,0.22877,0.06987,5.33185,0.96044,1.34273,0.00180794,0.00180794,0.00180794
99,239.204,5.10182,0.84148,1.42672,0.36193,0.2673,0.24624,0.07394,5.13811,0.88762,1.3168,0.00180596,0.00180596,0.00180596
100,241.689,4.90835,0.86333,1.3679,0.34713,0.22076,0.20833,0.0595,5.5459,0.98282,1.38404,0.00180398,0.00180398,0.00180398
101,243.92,5.1411,0.869,1.422,0.31544,0.19261,0.17488,0.04719,5.80659,1.04614,1.4174,0.001802,0.001802,0.001802
102,246.253,4.84797,0.83384,1.40057,0.37,0.25288,0.24057,0.07381,5.11762,1.08726,1.31882,0.00180002,0.00180002,0.00180002
103,248.715,4.88382,0.8193,1.38328,0.34651,0.24753,0.22729,0.06818,5.1267,1.25435,1.32035,0.00179804,0.00179804,0.00179804
104,251.166,4.86297,0.89228,1.39514,0.38542,0.23696,0.23031,0.06968,5.33441,0.95322,1.33867,0.00179606,0.00179606,0.00179606
105,253.405,4.83196,0.80357,1.38158,0.40152,0.2489,0.24666,0.07536,5.21891,0.86657,1.32722,0.00179408,0.00179408,0.00179408
106,255.764,5.06431,0.8197,1.36785,0.3986,0.25865,0.25467,0.07448,5.09313,0.85431,1.31136,0.0017921,0.0017921,0.0017921
107,258.102,4.71943,0.7918,1.40228,0.41666,0.2721,0.27202,0.08263,5.03226,0.83382,1.3147,0.00179012,0.00179012,0.00179012
108,260.315,4.94526,0.81136,1.38024,0.37848,0.25131,0.2452,0.07652,5.21502,0.86917,1.33748,0.00178814,0.00178814,0.00178814
109,262.364,4.89313,0.80538,1.37025,0.37913,0.26071,0.24791,0.07786,5.08491,0.90315,1.31596,0.00178616,0.00178616,0.00178616
110,264.805,4.95811,0.85653,1.38073,0.37734,0.24794,0.23691,0.07369,5.23541,1.00256,1.33758,0.00178418,0.00178418,0.00178418
111,267.304,4.80383,0.80604,1.39056,0.3482,0.21225,0.20165,0.05883,5.52438,0.99691,1.3688,0.0017822,0.0017822,0.0017822
112,269.786,4.97478,0.83636,1.41529,0.40788,0.2802,0.27844,0.0894,4.90857,0.8343,1.30391,0.00178022,0.00178022,0.00178022
113,271.84,4.95334,0.82449,1.38753,0.41557,0.27993,0.2807,0.08909,4.95008,0.8292,1.30571,0.00177824,0.00177824,0.00177824
114,274.241,5.01461,0.82734,1.43071,0.39505,0.25041,0.24566,0.07614,5.17196,0.86036,1.33372,0.00177626,0.00177626,0.00177626
115,276.533,4.6606,0.80254,1.38212,0.40014,0.26702,0.25847,0.07908,5.09263,0.8347,1.31808,0.00177428,0.00177428,0.00177428
116,279.11,4.59247,0.8191,1.37907,0.40998,0.28707,0.27952,0.08817,4.93807,0.82169,1.30012,0.0017723,0.0017723,0.0017723
117,281.596,4.80136,0.78025,1.32382,0.40311,0.2581,0.25432,0.07617,5.23048,0.89496,1.3316,0.00177032,0.00177032,0.00177032
118,283.904,4.89058,0.83186,1.3988,0.4236,0.28432,0.2823,0.09049,4.94184,0.80147,1.29844,0.00176834,0.00176834,0.00176834
119,286.259,4.50728,0.74665,1.31625,0.4386,0.28116,0.28427,0.09127,4.99702,0.8074,1.30578,0.00176636,0.00176636,0.00176636
120,288.615,4.51786,0.74741,1.37896,0.44546,0.27746,0.289,0.09402,4.84427,0.83343,1.29807,0.00176438,0.00176438,0.00176438
121,291.179,4.77218,0.79354,1.34024,0.41629,0.28171,0.28131,0.09025,4.87279,0.81362,1.29833,0.0017624,0.0017624,0.0017624
122,293.678,4.58877,0.76535,1.32795,0.4088,0.27856,0.27637,0.0845,5.09602,0.8505,1.31359,0.00176042,0.00176042,0.00176042
123,296.017,4.74157,0.81267,1.38687,0.39584,0.27046,0.26203,0.07934,5.19085,0.91047,1.32273,0.00175844,0.00175844,0.00175844
124,298.438,4.67699,0.77486,1.35714,0.38865,0.27842,0.26123,0.08176,5.10238,0.86877,1.3171,0.00175646,0.00175646,0.00175646
125,300.476,4.59467,0.79259,1.37294,0.41221,0.29434,0.28504,0.09321,4.90648,0.79586,1.29939,0.00175448,0.00175448,0.00175448
126,302.785,4.72214,0.79243,1.40514,0.43662,0.28638,0.29374,0.09819,4.82594,0.79248,1.3101,0.0017525,0.0017525,0.0017525
127,305.046,4.62913,0.78421,1.3847,0.44163,0.28899,0.30058,0.10208,4.76359,0.7897,1.29952,0.00175052,0.00175052,0.00175052
128,307.512,4.80984,0.79372,1.418,0.43375,0.28199,0.28728,0.09296,4.96083,0.82679,1.3052,0.00174854,0.00174854,0.00174854
129,309.598,4.69791,0.81953,1.37191,0.39535,0.26167,0.25844,0.08066,5.09281,0.86089,1.31794,0.00174656,0.00174656,0.00174656
130,312.08,4.6528,0.76924,1.35184,0.39174,0.31082,0.28811,0.09511,4.74215,0.79121,1.28319,0.00174458,0.00174458,0.00174458
131,314.451,4.83464,0.81214,1.40964,0.42977,0.2813,0.28587,0.09281,4.90888,0.82217,1.30135,0.0017426,0.0017426,0.0017426
132,316.758,4.49534,0.78344,1.39113,0.42579,0.28981,0.28987,0.09509,4.86112,0.79778,1.29551,0.00174062,0.00174062,0.00174062
133,319.081,4.63438,0.76367,1.31929,0.39055,0.28624,0.27345,0.08481,4.86426,0.80242,1.29397,0.00173864,0.00173864,0.00173864
134,321.546,4.692,0.76399,1.36295,0.4561,0.29009,0.30176,0.09892,4.87555,0.79308,1.29763,0.00173666,0.00173666,0.00173666
135,323.901,4.53966,0.75958,1.41049,0.45729,0.28556,0.2979,0.09823,4.89771,0.80042,1.30077,0.00173468,0.00173468,0.00173468
136,326.223,4.63236,0.76155,1.32778,0.41232,0.29297,0.28756,0.08813,4.81659,0.7824,1.28341,0.0017327,0.0017327,0.0017327
137,328.484,4.64651,0.7883,1.3613,0.43708,0.3078,0.30721,0.09846,4.75463,0.77279,1.28114,0.00173072,0.00173072,0.00173072
138,330.982,4.82107,0.80101,1.38613,0.44411,0.27293,0.28539,0.09186,4.96269,0.80189,1.30648,0.00172874,0.00172874,0.00172874
139,333.466,4.5839,0.73242,1.3406,0.47464,0.30505,0.32266,0.11104,4.64263,0.75713,1.27962,0.00172676,0.00172676,0.00172676
140,335.998,4.59244,0.7732,1.37196,0.46712,0.31329,0.32392,0.10967,4.66671,0.76472,1.27601,0.00172478,0.00172478,0.00172478
141,338.306,4.55665,0.73523,1.32445,0.45113,0.29119,0.30142,0.09921,4.82921,0.79318,1.28975,0.0017228,0.0017228,0.0017228
142,340.488,4.76639,0.79017,1.35554,0.44296,0.31549,0.31429,0.10416,4.73452,0.77082,1.2794,0.00172082,0.00172082,0.00172082
143,342.746,4.68729,0.77512,1.36523,0.4255,0.31343,0.30598,0.09536,4.83215,0.7872,1.28333,0.00171884,0.00171884,0.00171884
144,345.037,4.75951,0.78251,1.36243,0.45177,0.28418,0.29248,0.09151,4.95876,0.80412,1.30209,0.00171686,0.00171686,0.00171686
145,347.28,4.62595,0.77371,1.39279,0.39364,0.23421,0.22455,0.06143,5.49807,0.93278,1.36439,0.00171488,0.00171488,0.00171488
146,349.825,4.74651,0.77282,1.34161,0.44918,0.295,0.30386,0.09496,4.93815,0.8537,1.29213,0.0017129,0.0017129,0.0017129
147,352.474,4.86469,0.78131,1.35206,0.4632,0.28926,0.30523,0.09186,4.92662,0.81958,1.29046,0.00171092,0.00171092,0.00171092
148,354.915,4.70494,0.78333,1.3408,0.4463,0.28062,0.28807,0.09451,4.90994,0.80271,1.30611,0.00170894,0.00170894,0.00170894
149,357.113,4.53236,0.74854,1.32603,0.39495,0.2261,0.22615,0.06707,5.3239,0.86888,1.36199,0.00170696,0.00170696,0.00170696
150,359.738,4.53434,0.76194,1.367,0.47183,0.29736,0.31689,0.10935,4.61204,0.77785,1.27415,0.00170498,0.00170498,0.00170498
151,362.094,4.398,0.72763,1.31427,0.43695,0.27979,0.29279,0.0956,4.68011,0.85668,1.27162,0.001703,0.001703,0.001703
152,364.385,4.36794,0.73622,1.32644,0.50043,0.30093,0.32353,0.10833,4.70863,0.816,1.27346,0.00170102,0.00170102,0.00170102
153,366.425,4.42222,0.73559,1.32041,0.50424,0.30437,0.3311,0.1122,4.64864,0.77228,1.27403,0.00169904,0.00169904,0.00169904
154,368.78,4.4256,0.71382,1.2918,0.45598,0.29124,0.30384,0.10172,4.58931,0.7943,1.26758,0.00169706,0.00169706,0.00169706
155,370.865,4.50346,0.73667,1.34374,0.45967,0.30437,0.31399,0.10786,4.56978,0.81847,1.26742,0.00169508,0.00169508,0.00169508
156,373.367,4.43629,0.73727,1.31812,0.47204,0.29009,0.30544,0.10256,4.80542,0.77179,1.29407,0.0016931,0.0016931,0.0016931
157,375.691,4.40126,0.71634,1.33394,0.47956,0.30999,0.3281,0.11616,4.54513,0.74989,1.2724,0.00169112,0.00169112,0.00169112
158,378.109,4.42384,0.73233,1.29245,0.45488,0.30368,0.31913,0.10306,4.61312,0.78114,1.26615,0.00168914,0.00168914,0.00168914
159,380.382,4.61506,0.73497,1.38564,0.48235,0.2975,0.31776,0.10523,4.74537,0.79108,1.27375,0.00168716,0.00168716,0.00168716
160,382.53,4.44243,0.73939,1.31006,0.48113,0.29827,0.3135,0.10804,4.67727,0.78483,1.26772,0.00168518,0.00168518,0.00168518
161,384.982,4.49986,0.73722,1.32138,0.47156,0.31841,0.33405,0.11435,4.47886,0.73099,1.25717,0.0016832,0.0016832,0.0016832
162,387.29,4.30145,0.70813,1.35861,0.48248,0.30769,0.3249,0.11561,4.61368,0.73813,1.26561,0.00168122,0.00168122,0.00168122
163,389.74,4.3236,0.71771,1.3346,0.48162,0.30807,0.32389,0.11074,4.74468,0.76182,1.27082,0.00167924,0.00167924,0.00167924
164,391.905,4.28574,0.70418,1.29967,0.49068,0.29613,0.31134,0.10507,4.75601,0.80604,1.27578,0.00167726,0.00167726,0.00167726
165,393.94,4.51286,0.76561,1.36232,0.48804,0.29669,0.3115,0.10549,4.7532,0.80428,1.27932,0.00167528,0.00167528,0.00167528
166,396.375,4.575,0.77323,1.34826,0.51366,0.32455,0.35588,0.12422,4.4811,0.72049,1.25958,0.0016733,0.0016733,0.0016733
167,398.698,4.04579,0.65833,1.28972,0.47098,0.31054,0.33398,0.11095,4.51519,0.73515,1.26144,0.00167132,0.00167132,0.00167132
168,401.039,4.38142,0.72376,1.3389,0.50343,0.30409,0.33439,0.11478,4.56617,0.72217,1.27455,0.00166934,0.00166934,0.00166934
169,403.14,4.4745,0.73843,1.32719,0.49429,0.30368,0.33291,0.11485,4.55333,0.71713,1.27047,0.00166736,0.00166736,0.00166736
170,405.464,4.34947,0.72213,1.32804,0.45512,0.32798,0.33145,0.10842,4.55381,0.71976,1.2629,0.00166538,0.00166538,0.00166538
171,407.754,4.2755,0.71015,1.28578,0.48297,0.33305,0.34772,0.11914,4.50652,0.71647,1.2596,0.0016634,0.0016634,0.0016634
172,410,4.33931,0.70931,1.28996,0.48243,0.33457,0.35198,0.12272,4.46095,0.71367,1.255,0.00166142,0.00166142,0.00166142
173,412.005,4.38372,0.7027,1.33907,0.49106,0.33045,0.3493,0.12004,4.42269,0.715,1.25023,0.00165944,0.00165944,0.00165944
174,414.202,4.39634,0.71199,1.32905,0.52315,0.33072,0.35906,0.12871,4.40835,0.73419,1.25341,0.00165746,0.00165746,0.00165746
175,416.684,4.33289,0.72144,1.32903,0.51891,0.33704,0.36329,0.12993,4.41767,0.7228,1.24951,0.00165548,0.00165548,0.00165548
176,418.954,4.19593,0.70546,1.30618,0.48445,0.33375,0.34251,0.11236,4.52895,0.72342,1.25422,0.0016535,0.0016535,0.0016535
177,421.333,4.41285,0.73293,1.35599,0.5168,0.32877,0.35532,0.12684,4.47553,0.71795,1.25675,0.00165152,0.00165152,0.00165152
178,423.726,4.19453,0.68808,1.29534,0.47178,0.3413,0.34762,0.12003,4.34234,0.72957,1.24368,0.00164954,0.00164954,0.00164954
179,425.999,4.29492,0.69536,1.32176,0.4741,0.33498,0.34803,0.12054,4.38067,0.71815,1.24663,0.00164756,0.00164756,0.00164756
180,428.957,4.26522,0.69355,1.26916,0.52638,0.34541,0.37516,0.13411,4.3776,0.70139,1.24328,0.00164558,0.00164558,0.00164558
181,431.221,4.2748,0.70075,1.32553,0.50425,0.33937,0.36399,0.12214,4.40589,0.71219,1.24488,0.0016436,0.0016436,0.0016436
182,433.663,4.48307,0.76937,1.33314,0.5534,0.324,0.36071,0.13176,4.39963,0.71104,1.25236,0.00164162,0.00164162,0.00164162
183,435.896,4.05718,0.65081,1.28672,0.53101,0.31851,0.34949,0.1249,4.54887,0.73402,1.25785,0.00163964,0.00163964,0.00163964
184,438.124,4.17734,0.70087,1.28209,0.5007,0.34267,0.36579,0.13218,4.34607,0.71311,1.24072,0.00163766,0.00163766,0.00163766
185,440.177,4.35261,0.73559,1.33402,0.48916,0.34487,0.36416,0.13117,4.26119,0.70212,1.23604,0.00163568,0.00163568,0.00163568
186,442.786,4.31471,0.74903,1.34142,0.50994,0.31713,0.33874,0.11755,4.57792,0.72697,1.26315,0.0016337,0.0016337,0.0016337
187,445.19,4.18778,0.7084,1.36751,0.5364,0.33567,0.37314,0.13454,4.36519,0.70625,1.24324,0.00163172,0.00163172,0.00163172
188,447.766,4.03651,0.67949,1.31252,0.47977,0.31779,0.33408,0.10364,4.58018,0.74556,1.2557,0.00162974,0.00162974,0.00162974
189,450.216,4.18474,0.72133,1.30029,0.52536,0.34061,0.37677,0.13592,4.25264,0.7006,1.23683,0.00162776,0.00162776,0.00162776
190,452.505,4.22069,0.70482,1.30056,0.52082,0.3402,0.37374,0.13958,4.26455,0.6912,1.2385,0.00162578,0.00162578,0.00162578
191,454.875,4.18867,0.69025,1.28544,0.47256,0.31782,0.34111,0.11582,4.37172,0.73489,1.24036,0.0016238,0.0016238,0.0016238
192,457.359,4.26727,0.70352,1.28792,0.49696,0.32688,0.35577,0.12652,4.36517,0.72254,1.24578,0.00162182,0.00162182,0.00162182
193,459.618,4.06803,0.66474,1.29982,0.52993,0.34171,0.37232,0.1378,4.29453,0.70973,1.24009,0.00161984,0.00161984,0.00161984
194,462.097,4.24783,0.66361,1.28311,0.42995,0.30639,0.30587,0.09021,4.58846,0.7442,1.25343,0.00161786,0.00161786,0.00161786
195,464.483,4.37185,0.70467,1.29225,0.39354,0.28309,0.27335,0.07509,4.78403,0.78148,1.26591,0.00161588,0.00161588,0.00161588
196,466.807,4.17356,0.69015,1.31468,0.54256,0.33169,0.36657,0.13266,4.3833,0.69569,1.24831,0.0016139,0.0016139,0.0016139
197,469.372,4.44633,0.71757,1.34979,0.50717,0.30643,0.33192,0.11283,4.64453,0.72392,1.26595,0.00161192,0.00161192,0.00161192
198,471.551,3.91911,0.64552,1.27771,0.51891,0.338,0.37123,0.13525,4.31623,0.70362,1.2377,0.00160994,0.00160994,0.00160994
199,473.759,4.29034,0.73447,1.29933,0.4705,0.32757,0.34488,0.11857,4.29936,0.71553,1.23385,0.00160796,0.00160796,0.00160796
200,476.147,4.18086,0.66947,1.29056,0.49531,0.3008,0.32023,0.1133,4.52506,0.75297,1.27783,0.00160598,0.00160598,0.00160598
201,478.246,4.15529,0.69916,1.31486,0.45325,0.25948,0.26454,0.08122,5.09443,0.82097,1.33141,0.001604,0.001604,0.001604
202,480.682,4.16652,0.66896,1.3098,0.52619,0.34518,0.38065,0.13766,4.32742,0.69563,1.23228,0.00160202,0.00160202,0.00160202
203,483.049,4.14617,0.68251,1.29239,0.40847,0.30272,0.29341,0.08608,4.77254,0.74898,1.27052,0.00160004,0.00160004,0.00160004
204,485.418,4.1877,0.70987,1.28912,0.52319,0.34061,0.37812,0.13772,4.32852,0.69167,1.24169,0.00159806,0.00159806,0.00159806
205,487.519,4.19436,0.70539,1.28484,0.51553,0.3089,0.34051,0.12091,4.5838,0.75324,1.2629,0.00159608,0.00159608,0.00159608
206,490.174,4.23943,0.67828,1.30372,0.52188,0.34473,0.37716,0.13535,4.26188,0.71281,1.23294,0.0015941,0.0015941,0.0015941
207,492.577,4.1047,0.66199,1.29862,0.50354,0.33992,0.3655,0.12364,4.31144,0.69549,1.23649,0.00159212,0.00159212,0.00159212
208,495.049,4.13636,0.67994,1.27909,0.54494,0.3472,0.38781,0.14302,4.22953,0.68417,1.2326,0.00159014,0.00159014,0.00159014
209,497.118,4.1784,0.70468,1.32709,0.54422,0.34459,0.38317,0.13735,4.25089,0.69883,1.23369,0.00158816,0.00158816,0.00158816
210,499.501,4.04346,0.67162,1.28301,0.54128,0.35132,0.38818,0.13955,4.21072,0.6979,1.22966,0.00158618,0.00158618,0.00158618
211,501.863,4.037,0.69033,1.26044,0.54096,0.35739,0.39347,0.14347,4.21346,0.68272,1.23128,0.0015842,0.0015842,0.0015842
212,504.23,4.05993,0.67646,1.3113,0.54139,0.34308,0.38494,0.14008,4.32345,0.69382,1.23648,0.00158222,0.00158222,0.00158222
213,506.484,4.10714,0.68502,1.29665,0.52681,0.35063,0.39022,0.14304,4.14548,0.67547,1.22499,0.00158024,0.00158024,0.00158024
214,508.862,4.005,0.64956,1.28181,0.55796,0.33841,0.38086,0.14089,4.25796,0.67831,1.24156,0.00157826,0.00157826,0.00157826
215,511.488,3.94618,0.66396,1.2827,0.53785,0.3369,0.37738,0.13663,4.33394,0.68691,1.24246,0.00157628,0.00157628,0.00157628
216,513.723,3.97497,0.63518,1.25984,0.52187,0.34789,0.39041,0.14366,4.1321,0.67666,1.21794,0.0015743,0.0015743,0.0015743
217,515.778,3.95597,0.666,1.27734,0.53489,0.34403,0.38693,0.14313,4.17789,0.68189,1.23212,0.00157232,0.00157232,0.00157232
218,518.191,3.98816,0.64908,1.27654,0.55388,0.345,0.39262,0.14736,4.10016,0.67828,1.22821,0.00157034,0.00157034,0.00157034
219,520.553,4.08641,0.66478,1.25766,0.4194,0.30058,0.30013,0.08784,4.70395,0.7598,1.2533,0.00156836,0.00156836,0.00156836
220,522.99,3.90533,0.62393,1.2975,0.46107,0.34459,0.35783,0.1256,4.33297,0.73148,1.23583,0.00156638,0.00156638,0.00156638
221,525.22,4.22326,0.66931,1.2767,0.50082,0.33443,0.3659,0.13526,4.26177,0.73505,1.22937,0.0015644,0.0015644,0.0015644
222,527.398,3.91661,0.67848,1.30739,0.51284,0.33731,0.37102,0.1381,4.18946,0.73778,1.23226,0.00156242,0.00156242,0.00156242
223,529.798,4.20453,0.68159,1.274,0.52023,0.35475,0.384,0.13976,4.18754,0.70942,1.22913,0.00156044,0.00156044,0.00156044
224,532.264,4.02086,0.68455,1.31414,0.55056,0.35091,0.39056,0.14294,4.24223,0.68984,1.22984,0.00155846,0.00155846,0.00155846
225,534.488,4.16488,0.69481,1.31182,0.53954,0.3457,0.38166,0.13942,4.3298,0.7026,1.23851,0.00155648,0.00155648,0.00155648
226,536.742,4.01498,0.68558,1.25558,0.53459,0.36395,0.39734,0.14488,4.19162,0.68351,1.22214,0.0015545,0.0015545,0.0015545
227,539.121,4.13083,0.66077,1.26542,0.53947,0.3477,0.37824,0.1436,4.2015,0.69072,1.23848,0.00155252,0.00155252,0.00155252
228,541.455,4.2689,0.69867,1.27622,0.4892,0.30519,0.32192,0.10994,4.60073,0.85322,1.28435,0.00155054,0.00155054,0.00155054
229,543.769,4.10066,0.70451,1.30343,0.50958,0.33169,0.35629,0.13444,4.25531,0.84534,1.24387,0.00154856,0.00154856,0.00154856
230,546.308,4.01588,0.65693,1.26372,0.53931,0.35805,0.39035,0.14918,4.14435,0.68293,1.22818,0.00154658,0.00154658,0.00154658
231,549.103,4.17654,0.66814,1.28481,0.5544,0.36381,0.40287,0.15494,4.05515,0.67592,1.22017,0.0015446,0.0015446,0.0015446
232,551.571,4.0443,0.6598,1.28611,0.5635,0.34914,0.39898,0.15564,4.01748,0.68035,1.22146,0.00154262,0.00154262,0.00154262
233,554.07,3.93575,0.65654,1.27737,0.53321,0.338,0.38119,0.13479,4.15874,0.70717,1.22344,0.00154064,0.00154064,0.00154064
234,556.234,4.10918,0.69893,1.35708,0.55217,0.34159,0.38085,0.14195,4.31413,0.69814,1.2433,0.00153866,0.00153866,0.00153866
235,558.556,3.94632,0.6321,1.27907,0.55804,0.33213,0.36976,0.13447,4.44191,0.74977,1.24762,0.00153668,0.00153668,0.00153668
236,561.068,4.03327,0.66693,1.2825,0.5539,0.36628,0.4046,0.15262,4.0818,0.68843,1.21698,0.0015347,0.0015347,0.0015347
237,563.438,3.94387,0.65918,1.26219,0.54906,0.36944,0.40745,0.15432,4.11567,0.67557,1.21805,0.00153272,0.00153272,0.00153272
238,566.303,4.13176,0.68513,1.25997,0.54666,0.35159,0.38609,0.14138,4.21955,0.67275,1.22794,0.00153074,0.00153074,0.00153074
239,568.786,4.01801,0.6412,1.26081,0.56783,0.35499,0.4058,0.15483,4.063,0.66329,1.21997,0.00152876,0.00152876,0.00152876
240,571.173,4.05181,0.69093,1.27529,0.56689,0.33237,0.38165,0.14147,4.18205,0.67833,1.23949,0.00152678,0.00152678,0.00152678
241,573.338,4.04798,0.6581,1.26089,0.5762,0.34349,0.39743,0.15158,4.06379,0.66736,1.22463,0.0015248,0.0015248,0.0015248
242,575.817,3.94065,0.64915,1.25122,0.54606,0.36349,0.40345,0.15085,4.15654,0.6656,1.21965,0.00152282,0.00152282,0.00152282
243,578.156,4.1846,0.67985,1.27977,0.54788,0.36184,0.40275,0.15188,4.12466,0.66046,1.2178,0.00152084,0.00152084,0.00152084
244,580.606,4.23822,0.70805,1.30143,0.55352,0.34734,0.39548,0.15154,4.03601,0.65199,1.22162,0.00151886,0.00151886,0.00151886
245,583.058,4.01833,0.66773,1.303,0.54402,0.36203,0.40711,0.15742,3.98668,0.6691,1.21673,0.00151688,0.00151688,0.00151688
246,585.335,3.97689,0.65082,1.29468,0.56182,0.35681,0.40741,0.15767,4.03352,0.68172,1.21836,0.0015149,0.0015149,0.0015149
247,587.724,3.88554,0.61078,1.27169,0.56392,0.31991,0.36548,0.1313,4.30194,0.67052,1.24712,0.00151292,0.00151292,0.00151292
248,589.889,3.82759,0.63748,1.27731,0.55158,0.35873,0.39841,0.15382,3.99412,0.63732,1.22134,0.00151094,0.00151094,0.00151094
249,592.147,4.03641,0.65444,1.24902,0.5349,0.36477,0.39944,0.14997,4.05527,0.64369,1.22212,0.00150896,0.00150896,0.00150896
250,594.424,3.97467,0.67123,1.27237,0.5676,0.36042,0.40251,0.1489,4.15376,0.66858,1.22578,0.00150698,0.00150698,0.00150698
251,596.872,3.89914,0.67131,1.27211,0.57446,0.37084,0.41826,0.15604,4.11133,0.66256,1.22258,0.001505,0.001505,0.001505
252,599.086,3.94233,0.63831,1.27161,0.55534,0.3645,0.40681,0.14985,4.10953,0.66633,1.21526,0.00150302,0.00150302,0.00150302
253,601.441,3.97856,0.64262,1.27123,0.57693,0.36488,0.41012,0.16141,4.00549,0.6538,1.21927,0.00150104,0.00150104,0.00150104
254,603.845,4.01162,0.64538,1.26915,0.58153,0.3644,0.41633,0.16243,3.97852,0.65087,1.21109,0.00149906,0.00149906,0.00149906
255,606.242,3.94769,0.6584,1.30827,0.56669,0.36505,0.4181,0.16036,3.9809,0.67208,1.20731,0.00149708,0.00149708,0.00149708
256,608.478,3.99421,0.65824,1.27763,0.5075,0.30807,0.34554,0.10541,4.48947,0.78492,1.23273,0.0014951,0.0014951,0.0014951
257,610.822,4.02903,0.68725,1.29949,0.56543,0.35901,0.40651,0.1478,4.06923,0.67856,1.21914,0.00149312,0.00149312,0.00149312
258,613.735,4.12099,0.65769,1.26954,0.56833,0.3612,0.41274,0.16173,3.95661,0.638,1.20985,0.00149114,0.00149114,0.00149114
259,615.934,4.02214,0.65584,1.26517,0.53716,0.36107,0.40592,0.15214,4.01572,0.65582,1.20808,0.00148916,0.00148916,0.00148916
260,618.376,3.92737,0.63354,1.28631,0.57802,0.37727,0.42593,0.16668,3.92489,0.64418,1.20543,0.00148718,0.00148718,0.00148718
261,620.515,3.9209,0.66529,1.28175,0.58739,0.3737,0.42492,0.16541,3.95313,0.64682,1.2075,0.0014852,0.0014852,0.0014852
262,622.865,4.00976,0.65149,1.27822,0.56521,0.37534,0.41901,0.15362,4.05151,0.65196,1.20728,0.00148322,0.00148322,0.00148322
263,625.122,3.75453,0.60453,1.26733,0.57745,0.37836,0.42416,0.16648,3.8945,0.63455,1.20298,0.00148124,0.00148124,0.00148124
264,627.452,3.81934,0.64818,1.26016,0.55333,0.35393,0.40012,0.15992,3.91114,0.65634,1.20664,0.00147926,0.00147926,0.00147926
265,629.55,3.94222,0.65818,1.27296,0.55114,0.34119,0.39534,0.14906,4.0035,0.67801,1.20389,0.00147728,0.00147728,0.00147728
266,631.973,3.8333,0.61237,1.25553,0.56828,0.34775,0.39936,0.15603,3.96049,0.65334,1.20917,0.0014753,0.0014753,0.0014753
267,634.367,3.79087,0.61465,1.24659,0.56864,0.35214,0.40368,0.15705,3.98214,0.65262,1.21099,0.00147332,0.00147332,0.00147332
268,637.082,3.8704,0.65772,1.27154,0.57396,0.35626,0.41608,0.15809,4.00087,0.66068,1.20385,0.00147134,0.00147134,0.00147134
269,639.142,3.89263,0.63993,1.28298,0.5829,0.36285,0.42055,0.168,3.91186,0.64204,1.2041,0.00146936,0.00146936,0.00146936
270,642.061,4.03797,0.6551,1.26977,0.5699,0.35736,0.40618,0.15365,4.05629,0.64857,1.21119,0.00146738,0.00146738,0.00146738
271,644.359,3.90197,0.65601,1.30318,0.55191,0.35846,0.39982,0.1488,4.09757,0.65362,1.21337,0.0014654,0.0014654,0.0014654
272,646.798,3.74216,0.64632,1.25637,0.50696,0.33992,0.36918,0.12419,4.26992,0.69758,1.21913,0.00146342,0.00146342,0.00146342
273,648.888,3.87157,0.63726,1.27472,0.52699,0.35008,0.38927,0.1393,4.19825,0.69283,1.21781,0.00146144,0.00146144,0.00146144
274,651.357,4.02433,0.6676,1.2987,0.5799,0.36683,0.42017,0.15927,4.06472,0.66747,1.2065,0.00145946,0.00145946,0.00145946
275,653.75,3.79724,0.62016,1.2372,0.57818,0.3726,0.4255,0.16479,3.97097,0.64671,1.20668,0.00145748,0.00145748,0.00145748
276,656.175,3.82933,0.61929,1.25492,0.59517,0.36128,0.4143,0.16177,3.93868,0.63189,1.21441,0.0014555,0.0014555,0.0014555
277,658.266,4.02612,0.65483,1.30193,0.58011,0.34226,0.39091,0.14338,4.18974,0.66181,1.23736,0.00145352,0.00145352,0.00145352
278,660.718,3.95907,0.65842,1.27091,0.56569,0.37438,0.41537,0.16471,3.91499,0.63688,1.20163,0.00145154,0.00145154,0.00145154
279,663.018,3.72867,0.61095,1.24681,0.54405,0.37678,0.41352,0.15948,3.9756,0.64188,1.20153,0.00144956,0.00144956,0.00144956
280,665.249,3.87606,0.65353,1.28469,0.58691,0.37342,0.42465,0.16691,3.93609,0.64312,1.20082,0.00144758,0.00144758,0.00144758
281,667.536,3.72064,0.59569,1.25642,0.55273,0.3472,0.39368,0.13846,4.14845,0.68698,1.20851,0.0014456,0.0014456,0.0014456
282,669.824,3.77385,0.5993,1.22834,0.58044,0.36752,0.42279,0.16374,3.91773,0.62617,1.20233,0.00144362,0.00144362,0.00144362
283,672.142,3.79791,0.62665,1.28219,0.58862,0.36958,0.42371,0.16632,3.93904,0.62839,1.20461,0.00144164,0.00144164,0.00144164
284,674.465,3.66435,0.62256,1.25833,0.55747,0.37425,0.41831,0.15128,4.04779,0.64252,1.19901,0.00143966,0.00143966,0.00143966
285,676.828,3.94207,0.64828,1.25174,0.52166,0.36148,0.39097,0.12644,4.319,0.67733,1.21131,0.00143768,0.00143768,0.00143768
286,679.398,3.97658,0.65543,1.28932,0.5834,0.37644,0.4225,0.17033,3.84433,0.62254,1.20203,0.0014357,0.0014357,0.0014357
287,682.045,3.8867,0.62541,1.25419,0.59773,0.36698,0.42227,0.17014,3.85224,0.62807,1.20388,0.00143372,0.00143372,0.00143372
288,684.412,3.86228,0.62575,1.27616,0.55511,0.3645,0.40741,0.14541,4.1178,0.67122,1.20413,0.00143174,0.00143174,0.00143174
289,686.751,3.81003,0.62848,1.22704,0.56396,0.37864,0.42321,0.15658,3.9942,0.64053,1.19848,0.00142976,0.00142976,0.00142976
290,689.049,3.71569,0.6223,1.27913,0.53726,0.36985,0.40503,0.14086,4.15723,0.67531,1.2047,0.00142778,0.00142778,0.00142778
291,691.47,3.78427,0.62261,1.26598,0.5804,0.36683,0.41915,0.16171,3.93008,0.67792,1.20001,0.0014258,0.0014258,0.0014258
292,693.927,3.88944,0.63863,1.24566,0.59317,0.3611,0.42015,0.17148,3.84935,0.66462,1.20175,0.00142382,0.00142382,0.00142382
293,696.034,3.73047,0.61102,1.23926,0.59604,0.37677,0.42938,0.1754,3.82791,0.62713,1.19931,0.00142184,0.00142184,0.00142184
294,698.469,3.91066,0.62465,1.26806,0.57881,0.39545,0.43106,0.16746,3.85024,0.63821,1.20035,0.00141986,0.00141986,0.00141986
295,700.717,3.6768,0.62319,1.24523,0.58812,0.38646,0.42767,0.16371,3.83873,0.67444,1.19975,0.00141788,0.00141788,0.00141788
296,703.311,3.87996,0.6366,1.26506,0.58605,0.39113,0.44236,0.17385,3.83676,0.61055,1.19395,0.0014159,0.0014159,0.0014159
297,705.459,3.69297,0.62862,1.22182,0.56898,0.38022,0.432,0.16525,3.8973,0.62453,1.19529,0.00141392,0.00141392,0.00141392
298,707.762,3.71984,0.62201,1.23491,0.57982,0.36381,0.42186,0.16705,3.90983,0.63485,1.20317,0.00141194,0.00141194,0.00141194
299,710,3.63557,0.60508,1.23518,0.59342,0.37781,0.43583,0.17209,3.86914,0.62568,1.19539,0.00140996,0.00140996,0.00140996
300,712.226,3.71462,0.60456,1.24473,0.59422,0.39758,0.44799,0.17155,3.8454,0.63004,1.19306,0.00140798,0.00140798,0.00140798
301,714.483,3.71401,0.62166,1.25625,0.58895,0.398,0.44561,0.16775,3.92292,0.64193,1.19635,0.001406,0.001406,0.001406
302,716.849,3.63361,0.62692,1.22757,0.584,0.38951,0.43924,0.17686,3.78102,0.64265,1.19189,0.00140402,0.00140402,0.00140402
303,719.24,3.79648,0.61654,1.25585,0.56827,0.39841,0.43994,0.18021,3.73669,0.62797,1.18945,0.00140204,0.00140204,0.00140204
304,721.556,3.70748,0.61004,1.24352,0.58474,0.38015,0.43401,0.1769,3.78583,0.64798,1.19384,0.00140006,0.00140006,0.00140006
305,723.935,3.96759,0.66818,1.30132,0.56996,0.363,0.4186,0.15994,3.94901,0.6852,1.1975,0.00139808,0.00139808,0.00139808
306,726.979,3.87424,0.64275,1.27799,0.60853,0.38029,0.43735,0.18002,3.74944,0.6207,1.19863,0.0013961,0.0013961,0.0013961
307,729.202,3.79954,0.63415,1.27788,0.59781,0.38029,0.43247,0.17375,3.82701,0.62426,1.20354,0.00139412,0.00139412,0.00139412
308,731.614,3.72985,0.62317,1.27159,0.59063,0.39615,0.44775,0.17503,3.79449,0.6188,1.1866,0.00139214,0.00139214,0.00139214
309,733.964,3.68689,0.60059,1.24424,0.5998,0.38921,0.44175,0.17549,3.78606,0.61374,1.19074,0.00139016,0.00139016,0.00139016
310,736.373,3.84482,0.65156,1.25577,0.58286,0.39113,0.44104,0.17986,3.75779,0.60968,1.19151,0.00138818,0.00138818,0.00138818
311,738.876,3.66822,0.59636,1.23826,0.56736,0.3925,0.43819,0.17627,3.73875,0.6181,1.18835,0.0013862,0.0013862,0.0013862
312,741.095,4.02104,0.65722,1.26106,0.56137,0.36505,0.4116,0.16245,3.91012,0.61732,1.2197,0.00138422,0.00138422,0.00138422
313,743.327,3.80343,0.64978,1.25849,0.57427,0.38221,0.43337,0.1723,3.83509,0.60798,1.20406,0.00138224,0.00138224,0.00138224
314,745.654,3.73384,0.61891,1.24614,0.5727,0.39374,0.44523,0.17725,3.7808,0.60371,1.19068,0.00138026,0.00138026,0.00138026
315,747.807,3.55838,0.64808,1.20305,0.54137,0.38372,0.41993,0.15,4.05283,0.63453,1.20311,0.00137828,0.00137828,0.00137828
316,750.202,3.72991,0.60877,1.24597,0.57654,0.39159,0.44142,0.17978,3.77561,0.60963,1.18994,0.0013763,0.0013763,0.0013763
317,752.469,3.80334,0.65411,1.25917,0.57932,0.38795,0.43703,0.17706,3.81474,0.61162,1.19276,0.00137432,0.00137432,0.00137432
318,754.829,3.85292,0.61736,1.24349,0.58277,0.39233,0.44232,0.1804,3.72725,0.60417,1.18809,0.00137234,0.00137234,0.00137234
319,757.125,3.65248,0.61238,1.2459,0.56559,0.39841,0.44349,0.17465,3.75882,0.61099,1.18839,0.00137036,0.00137036,0.00137036
320,759.539,3.7978,0.65142,1.27134,0.57141,0.39882,0.44485,0.18174,3.72202,0.61199,1.18679,0.00136838,0.00136838,0.00136838
321,761.666,3.69691,0.60664,1.27782,0.57437,0.39795,0.44111,0.17946,3.75199,0.60492,1.18834,0.0013664,0.0013664,0.0013664
322,764.058,3.75252,0.60514,1.25819,0.58988,0.36395,0.40892,0.15219,4.04148,0.62442,1.21068,0.00136442,0.00136442,0.00136442
323,766.376,3.73723,0.60192,1.26774,0.59764,0.39594,0.44497,0.17929,3.71167,0.59696,1.18982,0.00136244,0.00136244,0.00136244
324,768.905,3.70774,0.5924,1.24452,0.59526,0.39209,0.44661,0.17849,3.76345,0.61122,1.19151,0.00136046,0.00136046,0.00136046
325,771.134,3.57327,0.5971,1.24669,0.6004,0.39585,0.45153,0.18674,3.68529,0.59425,1.18905,0.00135848,0.00135848,0.00135848
326,773.632,3.7785,0.61203,1.23404,0.58873,0.39429,0.44735,0.18335,3.70867,0.59626,1.18952,0.0013565,0.0013565,0.0013565
327,775.873,3.67489,0.62879,1.22556,0.60031,0.39223,0.4461,0.18295,3.73242,0.59177,1.19348,0.00135452,0.00135452,0.00135452
328,778.306,3.79412,0.63124,1.26642,0.59669,0.39505,0.44316,0.17269,3.85779,0.60282,1.19171,0.00135254,0.00135254,0.00135254
329,780.962,3.73456,0.6047,1.24366,0.59935,0.37932,0.42619,0.15918,3.94785,0.61587,1.19691,0.00135056,0.00135056,0.00135056
330,783.187,3.63137,0.61181,1.26451,0.58873,0.40074,0.45297,0.18653,3.70497,0.5909,1.18558,0.00134858,0.00134858,0.00134858
331,785.346,3.70107,0.63796,1.25274,0.58593,0.39539,0.44912,0.18321,3.76394,0.59566,1.19278,0.0013466,0.0013466,0.0013466
332,787.75,3.54076,0.59167,1.20866,0.58915,0.405,0.45288,0.18486,3.72124,0.58543,1.18743,0.00134462,0.00134462,0.00134462
333,790.021,3.88642,0.61894,1.25873,0.58073,0.39539,0.44289,0.17399,3.85916,0.59792,1.19147,0.00134264,0.00134264,0.00134264
334,792.326,3.75417,0.64277,1.27028,0.58422,0.39141,0.44254,0.17767,3.84841,0.61758,1.19014,0.00134066,0.00134066,0.00134066
335,794.807,3.69821,0.61609,1.234,0.57599,0.39099,0.44044,0.16848,3.85282,0.63127,1.1902,0.00133868,0.00133868,0.00133868
336,797.193,3.62585,0.5931,1.2162,0.6016,0.39951,0.45738,0.18243,3.74998,0.60539,1.19027,0.0013367,0.0013367,0.0013367
337,799.339,3.61506,0.63124,1.23883,0.59771,0.40623,0.46151,0.18721,3.68573,0.59747,1.18592,0.00133472,0.00133472,0.00133472
338,801.933,3.75428,0.61781,1.23833,0.60805,0.39657,0.4601,0.18882,3.67067,0.59241,1.18209,0.00133274,0.00133274,0.00133274
339,804.366,3.75281,0.62279,1.26667,0.60844,0.38674,0.45288,0.18367,3.72078,0.60264,1.18675,0.00133076,0.00133076,0.00133076
340,806.83,3.85635,0.63192,1.25525,0.59971,0.38234,0.43963,0.18395,3.70826,0.6077,1.18664,0.00132878,0.00132878,0.00132878
341,809.185,3.5585,0.61141,1.23715,0.61406,0.39662,0.45736,0.19309,3.64135,0.59595,1.18236,0.0013268,0.0013268,0.0013268
342,811.57,3.7221,0.61275,1.23404,0.54286,0.39305,0.4229,0.14367,4.10596,0.63107,1.20591,0.00132482,0.00132482,0.00132482
343,814.002,3.73033,0.62015,1.25946,0.59888,0.412,0.46033,0.16994,3.86139,0.6078,1.19587,0.00132284,0.00132284,0.00132284
344,816.433,3.69503,0.58378,1.24669,0.60004,0.38413,0.42908,0.16247,3.98371,0.65322,1.20845,0.00132086,0.00132086,0.00132086
345,818.531,3.98428,0.61669,1.24369,0.59339,0.40198,0.44983,0.17993,3.75855,0.61761,1.19149,0.00131888,0.00131888,0.00131888
346,820.995,3.583,0.58196,1.20895,0.59591,0.40115,0.45055,0.18299,3.70782,0.59259,1.1849,0.0013169,0.0013169,0.0013169
347,823.252,3.83998,0.61031,1.24761,0.61245,0.38661,0.43893,0.17312,3.78864,0.59749,1.19286,0.00131492,0.00131492,0.00131492
348,825.605,3.90235,0.6357,1.27521,0.60044,0.40044,0.45715,0.18488,3.71139,0.59722,1.18362,0.00131294,0.00131294,0.00131294
349,828.005,3.61125,0.57919,1.22364,0.58551,0.40005,0.45385,0.18269,3.70524,0.59925,1.18604,0.00131096,0.00131096,0.00131096
350,830.817,3.59784,0.57805,1.24318,0.60413,0.38717,0.4489,0.18468,3.70348,0.58931,1.19458,0.00130898,0.00130898,0.00130898
351,833.03,3.74826,0.61617,1.26041,0.57555,0.39209,0.44629,0.17396,3.80478,0.60811,1.18356,0.001307,0.001307,0.001307
352,835.561,3.61258,0.60821,1.23002,0.5807,0.40157,0.44952,0.17339,3.75798,0.59774,1.18263,0.00130502,0.00130502,0.00130502
353,837.74,3.60156,0.58873,1.22086,0.60554,0.41571,0.46789,0.18724,3.69637,0.58828,1.18408,0.00130304,0.00130304,0.00130304
354,840.078,3.65941,0.64057,1.24557,0.61539,0.41378,0.46927,0.19011,3.66336,0.59083,1.18356,0.00130106,0.00130106,0.00130106
355,842.415,3.5662,0.58373,1.24092,0.62513,0.40733,0.46669,0.1884,3.68019,0.59507,1.18548,0.00129908,0.00129908,0.00129908
356,844.817,3.6466,0.60021,1.25301,0.62746,0.40843,0.47051,0.1887,3.69971,0.59814,1.18379,0.0012971,0.0012971,0.0012971
357,847.106,3.58697,0.58826,1.25488,0.60576,0.40513,0.46344,0.18846,3.67414,0.59761,1.17868,0.00129512,0.00129512,0.00129512
358,849.379,3.4843,0.57957,1.22215,0.60956,0.39951,0.45923,0.1908,3.60895,0.58836,1.18191,0.00129314,0.00129314,0.00129314
359,851.941,3.64176,0.59771,1.23379,0.60981,0.40047,0.46214,0.19164,3.61374,0.58635,1.18232,0.00129116,0.00129116,0.00129116
360,854.376,3.75455,0.63148,1.2421,0.62233,0.4109,0.47517,0.19629,3.60578,0.58122,1.17743,0.00128918,0.00128918,0.00128918
361,856.493,3.44379,0.56464,1.23356,0.63752,0.40664,0.47453,0.19412,3.65524,0.595,1.1794,0.0012872,0.0012872,0.0012872
362,858.931,3.51035,0.60256,1.26548,0.62436,0.41008,0.47218,0.19139,3.67494,0.5914,1.17804,0.00128522,0.00128522,0.00128522
363,861.253,3.53504,0.57818,1.25915,0.6168,0.40157,0.46353,0.1937,3.648,0.58476,1.18366,0.00128324,0.00128324,0.00128324
364,863.606,3.65385,0.60894,1.23898,0.59617,0.39724,0.45135,0.18842,3.65097,0.59075,1.18545,0.00128126,0.00128126,0.00128126
365,866.008,3.666,0.59858,1.2306,0.5896,0.40349,0.45636,0.19249,3.61195,0.58728,1.17838,0.00127928,0.00127928,0.00127928
366,868.411,3.68686,0.60213,1.24906,0.59647,0.39209,0.44213,0.1757,3.83436,0.60983,1.19807,0.0012773,0.0012773,0.0012773
367,871.023,4.00508,0.66052,1.25479,0.62013,0.40211,0.45731,0.18653,3.69072,0.59929,1.187,0.00127532,0.00127532,0.00127532
368,873.458,3.68599,0.62928,1.26426,0.62427,0.41021,0.46796,0.19385,3.61172,0.58575,1.18115,0.00127334,0.00127334,0.00127334
369,875.813,3.50039,0.58119,1.24774,0.63253,0.40623,0.46834,0.19434,3.60587,0.58168,1.18231,0.00127136,0.00127136,0.00127136
370,878.168,3.52058,0.58147,1.23457,0.61712,0.39964,0.45646,0.18565,3.70092,0.58597,1.18818,0.00126938,0.00126938,0.00126938
371,880.396,3.62532,0.57367,1.2107,0.61039,0.39594,0.45611,0.18624,3.70243,0.58946,1.18591,0.0012674,0.0012674,0.0012674
372,882.782,3.69089,0.58368,1.23486,0.61735,0.40884,0.4685,0.19487,3.62409,0.5829,1.18117,0.00126542,0.00126542,0.00126542
373,884.995,3.53775,0.60745,1.24444,0.61259,0.41378,0.47253,0.19773,3.57102,0.57502,1.17674,0.00126344,0.00126344,0.00126344
374,887.602,3.49166,0.56866,1.2104,0.60581,0.39118,0.4465,0.1816,3.68348,0.58192,1.19289,0.00126146,0.00126146,0.00126146
375,889.954,3.8371,0.61025,1.24147,0.61957,0.38748,0.45088,0.18305,3.68489,0.58377,1.18715,0.00125948,0.00125948,0.00125948
376,892.634,3.70529,0.58903,1.24032,0.57981,0.39662,0.45182,0.1787,3.73479,0.60361,1.17916,0.0012575,0.0012575,0.0012575
377,894.696,3.44127,0.5744,1.22935,0.59114,0.4089,0.46361,0.19475,3.56671,0.58452,1.17455,0.00125552,0.00125552,0.00125552
378,897.133,3.76307,0.6052,1.25455,0.60086,0.41516,0.46926,0.19777,3.56765,0.57749,1.17871,0.00125354,0.00125354,0.00125354
379,899.647,3.58702,0.57253,1.21927,0.59407,0.4167,0.46983,0.19381,3.60735,0.58466,1.18037,0.00125156,0.00125156,0.00125156
380,901.939,3.66372,0.60304,1.24932,0.63173,0.405,0.47025,0.19429,3.65826,0.58518,1.18355,0.00124958,0.00124958,0.00124958
381,903.977,3.54241,0.5665,1.22579,0.61093,0.41502,0.47467,0.19717,3.58187,0.57417,1.17348,0.0012476,0.0012476,0.0012476
382,906.174,3.59012,0.56903,1.21564,0.62868,0.39468,0.45908,0.18877,3.65283,0.57448,1.18398,0.00124562,0.00124562,0.00124562
383,908.529,3.52431,0.58232,1.26209,0.62928,0.39868,0.46208,0.1887,3.64494,0.57487,1.18295,0.00124364,0.00124364,0.00124364
384,910.806,3.48996,0.58852,1.23541,0.60655,0.41567,0.47282,0.19344,3.63168,0.57681,1.17459,0.00124166,0.00124166,0.00124166
385,913.177,3.6187,0.60534,1.25761,0.622,0.41433,0.47454,0.19963,3.56609,0.57106,1.18105,0.00123968,0.00123968,0.00123968
386,915.39,3.53918,0.5845,1.22029,0.62896,0.41008,0.47588,0.19981,3.56572,0.56825,1.17426,0.0012377,0.0012377,0.0012377
387,917.718,3.62936,0.57829,1.22267,0.62995,0.40582,0.47234,0.19629,3.58328,0.56903,1.17786,0.00123572,0.00123572,0.00123572
388,920.138,3.65691,0.61213,1.23589,0.62441,0.40596,0.46566,0.18822,3.63318,0.58057,1.18161,0.00123374,0.00123374,0.00123374
389,922.393,3.51205,0.5856,1.23217,0.62321,0.4212,0.47962,0.19936,3.53329,0.5703,1.17655,0.00123176,0.00123176,0.00123176
390,924.742,3.48786,0.60741,1.23996,0.62301,0.40308,0.45869,0.18734,3.66743,0.57859,1.18992,0.00122978,0.00122978,0.00122978
391,927.166,3.7118,0.58938,1.22545,0.62761,0.39552,0.44787,0.17849,3.76936,0.58705,1.19495,0.0012278,0.0012278,0.0012278
392,929.43,3.50408,0.56202,1.22379,0.61824,0.4202,0.47823,0.19942,3.58222,0.57563,1.17496,0.00122582,0.00122582,0.00122582
393,932.169,3.75289,0.60319,1.22293,0.62742,0.41639,0.47813,0.20222,3.5449,0.57976,1.17759,0.00122384,0.00122384,0.00122384
394,934.452,3.48758,0.5735,1.23149,0.62535,0.38636,0.44251,0.17789,3.7247,0.59048,1.20284,0.00122186,0.00122186,0.00122186
395,936.858,3.69531,0.60464,1.2377,0.61563,0.40568,0.46647,0.18867,3.66662,0.59679,1.18053,0.00121988,0.00121988,0.00121988
396,939.009,3.61855,0.58353,1.26061,0.59877,0.41242,0.4678,0.18587,3.71192,0.58375,1.17857,0.0012179,0.0012179,0.0012179
397,941.369,3.72666,0.6147,1.23294,0.61633,0.41021,0.47152,0.1948,3.6053,0.57332,1.17727,0.00121592,0.00121592,0.00121592
398,943.806,3.46106,0.57916,1.2242,0.61996,0.4028,0.46854,0.19937,3.55084,0.5684,1.17514,0.00121394,0.00121394,0.00121394
399,946.022,3.72614,0.62049,1.25814,0.61551,0.39731,0.46,0.19478,3.58088,0.57098,1.17957,0.00121196,0.00121196,0.00121196
400,948.383,3.77356,0.60258,1.24563,0.60401,0.4073,0.46235,0.18903,3.63388,0.57822,1.17862,0.00120998,0.00120998,0.00120998
401,950.617,3.56211,0.56748,1.22892,0.5921,0.41145,0.46166,0.18459,3.72179,0.58764,1.18506,0.001208,0.001208,0.001208
402,953.009,3.50796,0.58948,1.24738,0.64494,0.41122,0.47826,0.19876,3.59294,0.58822,1.18006,0.00120602,0.00120602,0.00120602
403,955.194,3.75522,0.61336,1.2353,0.62061,0.41612,0.47616,0.19895,3.58569,0.58159,1.17853,0.00120404,0.00120404,0.00120404
404,957.644,3.54052,0.58238,1.23625,0.60741,0.40231,0.46234,0.18674,3.66434,0.59569,1.17474,0.00120206,0.00120206,0.00120206
405,959.871,3.40489,0.54997,1.20735,0.62413,0.40774,0.4711,0.1973,3.59224,0.59147,1.17541,0.00120008,0.00120008,0.00120008
406,962.659,3.54066,0.59179,1.2242,0.64555,0.41378,0.48433,0.20725,3.5377,0.57732,1.17003,0.0011981,0.0011981,0.0011981
407,965.033,3.52893,0.57923,1.24065,0.64656,0.42381,0.49084,0.20627,3.53367,0.57003,1.17114,0.00119612,0.00119612,0.00119612
408,967.477,3.48505,0.56868,1.21731,0.65304,0.41049,0.47432,0.19826,3.56018,0.57703,1.18149,0.00119414,0.00119414,0.00119414
409,969.854,3.57117,0.59711,1.23559,0.64713,0.42065,0.48377,0.20366,3.50768,0.56162,1.17137,0.00119216,0.00119216,0.00119216
410,972.178,3.52427,0.57705,1.2449,0.61789,0.41914,0.47343,0.19699,3.57531,0.57262,1.17493,0.00119018,0.00119018,0.00119018
411,974.458,3.63553,0.57033,1.2204,0.59945,0.41564,0.46591,0.19053,3.62099,0.58412,1.17457,0.0011882,0.0011882,0.0011882
412,976.712,3.44638,0.56257,1.21803,0.60187,0.41296,0.47009,0.19753,3.56098,0.57723,1.17506,0.00118622,0.00118622,0.00118622
413,979.131,3.68682,0.61744,1.21225,0.61804,0.40774,0.47132,0.20134,3.52627,0.56746,1.17819,0.00118424,0.00118424,0.00118424
414,981.428,3.2853,0.56081,1.19533,0.61314,0.41557,0.47763,0.19975,3.55479,0.57499,1.17113,0.00118226,0.00118226,0.00118226
415,983.999,3.73291,0.60869,1.24893,0.61086,0.41959,0.47561,0.20248,3.52541,0.57683,1.17098,0.00118028,0.00118028,0.00118028
416,986.377,3.61805,0.58823,1.24678,0.61796,0.38928,0.45059,0.18222,3.64797,0.57631,1.18781,0.0011783,0.0011783,0.0011783
417,988.616,3.42372,0.55997,1.21628,0.61067,0.4087,0.46799,0.19839,3.50305,0.57071,1.17147,0.00117632,0.00117632,0.00117632
418,990.834,3.62074,0.60018,1.19953,0.60133,0.41035,0.46761,0.19595,3.50323,0.56468,1.17467,0.00117434,0.00117434,0.00117434
419,993.18,3.42881,0.5888,1.26124,0.59913,0.41488,0.46867,0.19557,3.54586,0.56599,1.1764,0.00117236,0.00117236,0.00117236
420,995.306,3.3414,0.5674,1.22539,0.61126,0.42117,0.47889,0.20381,3.51091,0.56321,1.17226,0.00117038,0.00117038,0.00117038
421,997.511,3.57699,0.5706,1.21826,0.61904,0.41502,0.47687,0.20378,3.48609,0.56273,1.17319,0.0011684,0.0011684,0.0011684
422,999.78,3.50082,0.57625,1.2279,0.61272,0.39649,0.45905,0.19002,3.60449,0.5669,1.18568,0.00116642,0.00116642,0.00116642
423,1002.2,3.39712,0.57383,1.24159,0.63648,0.39854,0.46988,0.19924,3.54358,0.56354,1.18009,0.00116444,0.00116444,0.00116444
424,1004.92,3.646,0.57845,1.20811,0.59761,0.40045,0.46281,0.18462,3.71969,0.58985,1.17307,0.00116246,0.00116246,0.00116246
425,1007.5,3.70579,0.58452,1.26166,0.63908,0.42275,0.48843,0.20762,3.50845,0.56043,1.17133,0.00116048,0.00116048,0.00116048
426,1010.14,3.49375,0.58731,1.22781,0.64822,0.4304,0.49528,0.20624,3.53463,0.57765,1.16954,0.0011585,0.0011585,0.0011585
427,1012.49,3.43056,0.56848,1.21292,0.64475,0.43465,0.49971,0.21307,3.46179,0.56626,1.16801,0.00115652,0.00115652,0.00115652
428,1015,3.58886,0.5774,1.22364,0.62634,0.41557,0.47892,0.20111,3.60144,0.57541,1.18269,0.00115454,0.00115454,0.00115454
429,1017.41,3.6146,0.58101,1.21599,0.6176,0.41021,0.47218,0.20098,3.54987,0.57416,1.18484,0.00115256,0.00115256,0.00115256
430,1019.97,3.31635,0.54909,1.21882,0.61794,0.41789,0.4807,0.20782,3.49997,0.56748,1.17336,0.00115058,0.00115058,0.00115058
431,1022.37,3.67509,0.58782,1.24035,0.6076,0.41431,0.4785,0.19821,3.57178,0.5763,1.17174,0.0011486,0.0011486,0.0011486
432,1024.77,3.54435,0.59121,1.23988,0.60366,0.41186,0.46748,0.17019,3.87361,0.58678,1.18406,0.00114662,0.00114662,0.00114662
433,1027.22,3.53907,0.58504,1.22819,0.63954,0.42188,0.4884,0.20114,3.54739,0.56741,1.17324,0.00114464,0.00114464,0.00114464
434,1029.83,3.53292,0.56193,1.21622,0.62868,0.41909,0.4836,0.20109,3.5435,0.56082,1.17085,0.00114266,0.00114266,0.00114266
435,1032.07,3.58513,0.57168,1.22902,0.6054,0.41262,0.47441,0.19628,3.58388,0.57191,1.17206,0.00114068,0.00114068,0.00114068
436,1034.46,3.59073,0.60453,1.20734,0.59248,0.40623,0.46911,0.20129,3.52419,0.58901,1.17022,0.0011387,0.0011387,0.0011387
437,1036.63,3.61352,0.58499,1.23925,0.59063,0.40266,0.46592,0.19377,3.59442,0.59529,1.17045,0.00113672,0.00113672,0.00113672
438,1038.96,3.59045,0.59141,1.23939,0.59598,0.40898,0.47207,0.19777,3.55462,0.56563,1.17232,0.00113474,0.00113474,0.00113474
439,1041.6,3.72413,0.58881,1.20913,0.60674,0.41214,0.47524,0.1936,3.60489,0.5593,1.17284,0.00113276,0.00113276,0.00113276
440,1044.13,3.46628,0.59949,1.23781,0.62398,0.42847,0.49128,0.20628,3.50661,0.564,1.16514,0.00113078,0.00113078,0.00113078
441,1046.47,3.31481,0.54299,1.21513,0.61079,0.43328,0.49019,0.20187,3.56793,0.56341,1.16645,0.0011288,0.0011288,0.0011288
442,1048.9,3.56778,0.59096,1.21832,0.64401,0.42446,0.49024,0.21185,3.45089,0.56711,1.17208,0.00112682,0.00112682,0.00112682
443,1051.45,3.75195,0.61832,1.26214,0.63816,0.42106,0.4898,0.21515,3.41925,0.58104,1.16912,0.00112484,0.00112484,0.00112484
444,1053.83,3.55163,0.59341,1.24573,0.64201,0.40706,0.4763,0.20854,3.4811,0.59559,1.17999,0.00112286,0.00112286,0.00112286
445,1056,3.52788,0.57448,1.21932,0.64476,0.41543,0.48634,0.21313,3.47936,0.58937,1.17188,0.00112088,0.00112088,0.00112088
446,1058.43,3.37775,0.54285,1.21032,0.63406,0.42586,0.49264,0.20941,3.49854,0.56034,1.16528,0.0011189,0.0011189,0.0011189
447,1060.72,3.34154,0.55378,1.21179,0.62998,0.42806,0.49014,0.2087,3.48478,0.55417,1.16669,0.00111692,0.00111692,0.00111692
448,1063.4,3.51491,0.58567,1.21818,0.64339,0.43421,0.49879,0.2134,3.462,0.55285,1.16626,0.00111494,0.00111494,0.00111494
449,1065.53,3.30306,0.54596,1.21243,0.64629,0.43446,0.50002,0.20963,3.5089,0.55381,1.16581,0.00111296,0.00111296,0.00111296
450,1068.03,3.48664,0.56708,1.23261,0.65332,0.42504,0.48869,0.20796,3.52398,0.56098,1.17405,0.00111098,0.00111098,0.00111098
451,1070.53,3.42426,0.55387,1.219,0.63273,0.42367,0.48594,0.21009,3.48589,0.55954,1.17038,0.001109,0.001109,0.001109
452,1072.93,3.42027,0.55129,1.21413,0.61188,0.39954,0.46336,0.19111,3.6025,0.58097,1.18108,0.00110702,0.00110702,0.00110702
453,1075.23,3.36222,0.55615,1.2279,0.61348,0.39703,0.46189,0.19106,3.59649,0.57938,1.18135,0.00110504,0.00110504,0.00110504
454,1077.68,3.35042,0.56585,1.24039,0.55691,0.40513,0.45342,0.17252,3.81189,0.58992,1.17345,0.00110306,0.00110306,0.00110306
455,1079.99,3.48398,0.57842,1.22152,0.59355,0.41529,0.47478,0.19428,3.61445,0.5684,1.17191,0.00110108,0.00110108,0.00110108
456,1082.22,3.40156,0.56056,1.18978,0.64573,0.42463,0.4956,0.21449,3.44934,0.54927,1.17133,0.0010991,0.0010991,0.0010991
457,1084.85,3.42591,0.58666,1.23941,0.64703,0.42861,0.49606,0.2153,3.4417,0.55057,1.16807,0.00109712,0.00109712,0.00109712
458,1087.29,3.41726,0.55379,1.22753,0.62806,0.41941,0.48482,0.20085,3.57675,0.56334,1.16628,0.00109514,0.00109514,0.00109514
459,1089.55,3.7504,0.61222,1.22764,0.61189,0.42065,0.48276,0.2025,3.56494,0.56323,1.16629,0.00109316,0.00109316,0.00109316
460,1091.67,3.28422,0.56746,1.18098,0.61907,0.42065,0.48835,0.21303,3.45933,0.55858,1.16876,0.00109118,0.00109118,0.00109118
461,1093.68,3.31137,0.53972,1.19036,0.62567,0.41855,0.48796,0.20802,3.52298,0.56781,1.17386,0.0010892,0.0010892,0.0010892
462,1096.5,3.73135,0.60773,1.21725,0.6241,0.42284,0.48904,0.20818,3.52237,0.56674,1.16805,0.00108722,0.00108722,0.00108722
463,1098.9,3.49595,0.56691,1.21713,0.64044,0.42216,0.48622,0.20571,3.58079,0.56502,1.17652,0.00108524,0.00108524,0.00108524
464,1101.35,3.55779,0.57595,1.23163,0.63644,0.42371,0.49152,0.21456,3.44569,0.54821,1.16892,0.00108326,0.00108326,0.00108326
465,1103.42,3.37274,0.56261,1.2068,0.63828,0.42394,0.49094,0.2143,3.43298,0.54703,1.16963,0.00108128,0.00108128,0.00108128
466,1105.82,3.48375,0.57933,1.24892,0.63823,0.41433,0.48271,0.20879,3.45618,0.55555,1.16852,0.0010793,0.0010793,0.0010793
467,1108.05,3.38697,0.55571,1.22812,0.64,0.41722,0.48849,0.21177,3.46525,0.55051,1.16892,0.00107732,0.00107732,0.00107732
468,1110.46,3.6626,0.60694,1.25191,0.64355,0.39292,0.45959,0.19036,3.69222,0.57335,1.18899,0.00107534,0.00107534,0.00107534
469,1112.66,3.6098,0.62322,1.24855,0.64303,0.42214,0.49072,0.21235,3.4587,0.55452,1.1725,0.00107336,0.00107336,0.00107336
470,1115.03,3.31231,0.54949,1.20168,0.64625,0.42147,0.49178,0.21183,3.48086,0.55506,1.17468,0.00107138,0.00107138,0.00107138
471,1117.61,3.55502,0.61333,1.2351,0.64037,0.419,0.48578,0.20528,3.52418,0.55886,1.17652,0.0010694,0.0010694,0.0010694
472,1119.94,3.4634,0.55642,1.20018,0.60963,0.43218,0.48864,0.20489,3.51387,0.56289,1.16576,0.00106742,0.00106742,0.00106742
473,1122.04,3.74884,0.59568,1.24205,0.62033,0.42889,0.48935,0.20635,3.50481,0.55657,1.16502,0.00106544,0.00106544,0.00106544
474,1124.37,3.73758,0.59608,1.21718,0.64664,0.4249,0.49138,0.2115,3.44014,0.55026,1.16738,0.00106346,0.00106346,0.00106346
475,1126.56,3.62995,0.59558,1.21755,0.64217,0.43214,0.49235,0.20891,3.49433,0.5591,1.16837,0.00106148,0.00106148,0.00106148
476,1129.22,3.49744,0.56893,1.20684,0.64998,0.42339,0.48493,0.20542,3.52427,0.58001,1.17378,0.0010595,0.0010595,0.0010595
477,1131.43,3.35955,0.56339,1.21885,0.63775,0.4168,0.47616,0.20124,3.54764,0.5817,1.17471,0.00105752,0.00105752,0.00105752
478,1133.77,3.50092,0.58281,1.22739,0.63631,0.4411,0.50247,0.21876,3.45235,0.55865,1.16475,0.00105554,0.00105554,0.00105554
479,1136.16,3.44549,0.55952,1.17562,0.63564,0.43712,0.50008,0.22095,3.43006,0.55306,1.16269,0.00105356,0.00105356,0.00105356
480,1138.66,3.5775,0.58402,1.23862,0.64285,0.42724,0.49745,0.2198,3.42682,0.54667,1.164,0.00105158,0.00105158,0.00105158
481,1140.76,3.40725,0.55135,1.24005,0.64042,0.42463,0.49565,0.21922,3.42391,0.54588,1.16411,0.0010496,0.0010496,0.0010496
482,1142.98,3.50648,0.58007,1.19744,0.61763,0.42257,0.48759,0.21234,3.43982,0.54946,1.16545,0.00104762,0.00104762,0.00104762
483,1145.29,3.39005,0.56519,1.22308,0.63102,0.42504,0.49145,0.21542,3.39583,0.54411,1.16317,0.00104564,0.00104564,0.00104564
484,1147.4,3.35612,0.53973,1.21998,0.64112,0.4249,0.49478,0.21148,3.44449,0.55053,1.16246,0.00104366,0.00104366,0.00104366
485,1149.59,3.55775,0.58697,1.24742,0.64653,0.42188,0.49646,0.21397,3.42218,0.55073,1.1658,0.00104168,0.00104168,0.00104168
486,1152.02,3.2655,0.54375,1.18552,0.64988,0.42586,0.49789,0.21759,3.41223,0.54862,1.16803,0.0010397,0.0010397,0.0010397
487,1154.4,3.42675,0.55273,1.20953,0.63725,0.42573,0.49711,0.2186,3.39859,0.54834,1.16636,0.00103772,0.00103772,0.00103772
488,1157.17,3.53223,0.56967,1.20197,0.64333,0.4232,0.49562,0.21755,3.41234,0.54793,1.16507,0.00103574,0.00103574,0.00103574
489,1159.25,3.57527,0.58162,1.21112,0.65604,0.42463,0.49715,0.21907,3.38918,0.5457,1.16463,0.00103376,0.00103376,0.00103376
490,1161.61,3.15238,0.53648,1.19793,0.64374,0.43114,0.50356,0.2161,3.44337,0.54721,1.16116,0.00103178,0.00103178,0.00103178
491,1163.74,3.51693,0.57391,1.2437,0.65739,0.43597,0.50827,0.22294,3.38046,0.54405,1.16261,0.0010298,0.0010298,0.0010298
492,1166.22,3.42624,0.55262,1.2239,0.6297,0.43354,0.49902,0.2089,3.4889,0.55126,1.16225,0.00102782,0.00102782,0.00102782
493,1168.88,3.50653,0.58454,1.19724,0.61098,0.42834,0.49139,0.20477,3.50839,0.55519,1.16369,0.00102584,0.00102584,0.00102584
494,1171.2,3.32306,0.56268,1.23798,0.59865,0.41733,0.48026,0.20939,3.4375,0.57246,1.16978,0.00102386,0.00102386,0.00102386
495,1173.65,3.41596,0.57994,1.2099,0.57773,0.41454,0.47585,0.20497,3.46541,0.60418,1.16311,0.00102188,0.00102188,0.00102188
496,1176.49,3.55737,0.57505,1.20032,0.60913,0.43094,0.49589,0.21655,3.41265,0.56631,1.16343,0.0010199,0.0010199,0.0010199
497,1179.04,3.481,0.56449,1.20635,0.62283,0.42628,0.49328,0.21437,3.41524,0.55821,1.1649,0.00101792,0.00101792,0.00101792
498,1181.55,3.43895,0.57303,1.19435,0.59596,0.43053,0.48759,0.20077,3.52654,0.56198,1.16506,0.00101594,0.00101594,0.00101594
499,1183.63,3.47505,0.56319,1.20891,0.61475,0.43201,0.49526,0.21326,3.42451,0.54752,1.16239,0.00101396,0.00101396,0.00101396
500,1186.11,3.44885,0.58839,1.23157,0.5705,0.42641,0.4757,0.19758,3.54451,0.564,1.16403,0.00101198,0.00101198,0.00101198
501,1188.47,3.42897,0.58356,1.23281,0.60397,0.42523,0.48825,0.21565,3.40196,0.54666,1.1636,0.00101,0.00101,0.00101
502,1190.87,3.24868,0.53042,1.21279,0.63683,0.41818,0.4837,0.20946,3.47062,0.55038,1.17227,0.00100802,0.00100802,0.00100802
503,1193.16,3.42754,0.59371,1.21133,0.64231,0.43069,0.49538,0.21705,3.42103,0.54788,1.16697,0.00100604,0.00100604,0.00100604
504,1195.54,3.42632,0.57751,1.20946,0.65145,0.43094,0.49946,0.21919,3.36617,0.54926,1.1632,0.00100406,0.00100406,0.00100406
505,1197.84,3.32253,0.54899,1.21632,0.65184,0.43337,0.50397,0.22091,3.35481,0.54736,1.16154,0.00100208,0.00100208,0.00100208
506,1200.05,3.4724,0.56554,1.23735,0.64398,0.41545,0.48129,0.20347,3.49625,0.56136,1.18025,0.0010001,0.0010001,0.0010001
507,1202.36,3.48868,0.56515,1.20497,0.65127,0.42985,0.50335,0.21942,3.43885,0.54879,1.16582,0.00099812,0.00099812,0.00099812
508,1204.77,3.38982,0.5469,1.21429,0.6401,0.43534,0.50297,0.21914,3.41237,0.55258,1.16469,0.00099614,0.00099614,0.00099614
509,1206.85,3.46396,0.577,1.22901,0.64146,0.43105,0.49944,0.21995,3.39229,0.54572,1.16695,0.00099416,0.00099416,0.00099416
510,1209.24,3.32366,0.58132,1.23616,0.62884,0.4296,0.49853,0.21186,3.4657,0.5473,1.16162,0.00099218,0.00099218,0.00099218
511,1211.6,3.41779,0.57505,1.24649,0.62908,0.42216,0.49225,0.20534,3.53643,0.5543,1.16199,0.0009902,0.0009902,0.0009902
512,1213.95,3.34984,0.55776,1.21725,0.65214,0.43218,0.50318,0.22286,3.36613,0.53736,1.15975,0.00098822,0.00098822,0.00098822
513,1216.35,3.46837,0.56418,1.22957,0.63349,0.43671,0.50307,0.21575,3.45258,0.54457,1.15983,0.00098624,0.00098624,0.00098624
514,1218.73,3.52437,0.56904,1.21998,0.63327,0.43108,0.499,0.21835,3.41811,0.54449,1.16136,0.00098426,0.00098426,0.00098426
515,1221.22,3.53516,0.57392,1.2223,0.64456,0.43517,0.50118,0.22313,3.3616,0.54295,1.16817,0.00098228,0.00098228,0.00098228
516,1223.72,3.48024,0.56369,1.21333,0.64676,0.43451,0.50555,0.22304,3.37424,0.53716,1.16023,0.0009803,0.0009803,0.0009803
517,1225.89,3.45441,0.54918,1.20031,0.62584,0.43589,0.50453,0.21926,3.3893,0.53992,1.15944,0.00097832,0.00097832,0.00097832
518,1228.24,3.43078,0.58523,1.23902,0.6163,0.44147,0.49879,0.22093,3.35586,0.54406,1.16089,0.00097634,0.00097634,0.00097634
519,1230.45,3.18258,0.54917,1.19751,0.62247,0.43685,0.49935,0.22022,3.34426,0.54262,1.16028,0.00097436,0.00097436,0.00097436
520,1232.87,3.28402,0.52677,1.19205,0.62763,0.43424,0.49692,0.21921,3.35804,0.54479,1.1614,0.00097238,0.00097238,0.00097238
521,1235.12,3.33939,0.54892,1.21932,0.6374,0.42998,0.49984,0.22126,3.35751,0.55127,1.16311,0.0009704,0.0009704,0.0009704
522,1237.56,3.53192,0.58245,1.22362,0.57411,0.41659,0.46487,0.18118,3.76729,0.60821,1.16698,0.00096842,0.00096842,0.00096842
523,1239.83,3.40094,0.57241,1.21141,0.58728,0.42528,0.47709,0.19469,3.66463,0.59338,1.16349,0.00096644,0.00096644,0.00096644
524,1242.06,3.38882,0.55165,1.2035,0.64986,0.42243,0.49702,0.21737,3.39432,0.54578,1.16323,0.00096446,0.00096446,0.00096446
525,1244.37,3.41113,0.54611,1.21301,0.64232,0.43396,0.50405,0.22162,3.36069,0.54442,1.16125,0.00096248,0.00096248,0.00096248
526,1246.66,3.2319,0.54124,1.21202,0.64239,0.44885,0.51421,0.2266,3.33367,0.53937,1.15958,0.0009605,0.0009605,0.0009605
527,1248.99,3.30041,0.54591,1.2276,0.65197,0.44389,0.50695,0.21805,3.38805,0.54269,1.1656,0.00095852,0.00095852,0.00095852
528,1251.37,3.26939,0.54919,1.22255,0.63524,0.45071,0.5121,0.22163,3.3938,0.54616,1.15654,0.00095654,0.00095654,0.00095654
529,1254.05,3.29696,0.54372,1.19672,0.62511,0.44303,0.50412,0.21071,3.50338,0.56126,1.1587,0.00095456,0.00095456,0.00095456
530,1256.36,3.10914,0.54859,1.2122,0.64323,0.45,0.51348,0.22552,3.37188,0.54267,1.16253,0.00095258,0.00095258,0.00095258
531,1258.6,3.27403,0.54233,1.21054,0.63703,0.44055,0.51037,0.22087,3.41874,0.54558,1.15809,0.0009506,0.0009506,0.0009506
532,1260.79,3.2959,0.53783,1.2355,0.65305,0.43383,0.50769,0.22435,3.33321,0.53132,1.16304,0.00094862,0.00094862,0.00094862
533,1263.06,3.41336,0.55327,1.24153,0.64124,0.42378,0.48942,0.21029,3.45293,0.53974,1.17446,0.00094664,0.00094664,0.00094664
534,1265.23,3.54984,0.57049,1.20543,0.62846,0.42875,0.49492,0.20234,3.54985,0.55789,1.16126,0.00094466,0.00094466,0.00094466
535,1267.6,3.40393,0.55511,1.19365,0.57826,0.41901,0.46646,0.17044,3.83127,0.5886,1.17217,0.00094268,0.00094268,0.00094268
536,1269.97,3.34103,0.53788,1.2207,0.64597,0.4494,0.51597,0.22638,3.365,0.5382,1.15971,0.0009407,0.0009407,0.0009407
537,1272.09,3.52241,0.58244,1.25394,0.64199,0.42902,0.49072,0.20326,3.58142,0.55811,1.1731,0.00093872,0.00093872,0.00093872
538,1274.45,3.40589,0.56293,1.2144,0.63168,0.42734,0.48832,0.21053,3.43378,0.5562,1.16577,0.00093674,0.00093674,0.00093674
539,1276.69,3.57025,0.62068,1.22101,0.62962,0.43575,0.50294,0.21957,3.36251,0.5431,1.15602,0.00093476,0.00093476,0.00093476
540,1279.42,3.64476,0.57584,1.23491,0.61418,0.42847,0.49303,0.21086,3.46917,0.55235,1.15714,0.00093278,0.00093278,0.00093278
541,1281.75,3.43506,0.55932,1.22574,0.63105,0.43561,0.50047,0.22381,3.34292,0.54285,1.15916,0.0009308,0.0009308,0.0009308
542,1284.04,3.33261,0.57381,1.2072,0.62362,0.43651,0.50024,0.22311,3.32001,0.56287,1.15985,0.00092882,0.00092882,0.00092882
543,1286.52,3.34434,0.54728,1.18927,0.60069,0.43451,0.49136,0.21083,3.4219,0.58306,1.15944,0.00092684,0.00092684,0.00092684
544,1288.77,3.41055,0.56458,1.18946,0.6212,0.44261,0.50455,0.22054,3.35589,0.54174,1.15783,0.00092486,0.00092486,0.00092486
545,1291.04,3.3408,0.56351,1.219,0.63834,0.44975,0.51281,0.22667,3.33134,0.53342,1.15837,0.00092288,0.00092288,0.00092288
546,1293.24,3.48527,0.5737,1.21944,0.64805,0.45527,0.51671,0.22795,3.33803,0.53875,1.15714,0.0009209,0.0009209,0.0009209
547,1295.69,3.35496,0.54018,1.20838,0.649,0.45319,0.51529,0.22765,3.33919,0.53954,1.1566,0.00091892,0.00091892,0.00091892
548,1298.09,3.50247,0.56664,1.22986,0.65717,0.44248,0.50584,0.21962,3.41192,0.54411,1.16443,0.00091694,0.00091694,0.00091694
549,1300.29,3.23214,0.52091,1.18785,0.65873,0.44618,0.51197,0.22585,3.35471,0.53754,1.15989,0.00091496,0.00091496,0.00091496
550,1302.63,3.42154,0.56932,1.23207,0.65356,0.44344,0.51404,0.22921,3.32052,0.53209,1.1575,0.00091298,0.00091298,0.00091298
551,1304.97,3.49188,0.58348,1.20055,0.63662,0.44138,0.51021,0.22754,3.35717,0.5331,1.15862,0.000911,0.000911,0.000911
552,1307,3.34803,0.53439,1.20254,0.62509,0.42284,0.49379,0.21607,3.42737,0.54266,1.1587,0.00090902,0.00090902,0.00090902
553,1309.23,3.15977,0.51845,1.18737,0.63082,0.42463,0.49863,0.2216,3.36205,0.53369,1.15705,0.00090704,0.00090704,0.00090704
554,1311.59,3.35234,0.55255,1.23786,0.6592,0.42765,0.49923,0.21918,3.37553,0.53201,1.16764,0.00090506,0.00090506,0.00090506
555,1313.91,3.42879,0.5705,1.20244,0.64153,0.44234,0.50853,0.22571,3.33117,0.532,1.16154,0.00090308,0.00090308,0.00090308
556,1316.36,3.42571,0.54636,1.20518,0.62962,0.44481,0.50708,0.21612,3.41588,0.54601,1.16061,0.0009011,0.0009011,0.0009011
557,1318.7,3.36139,0.5484,1.23044,0.64762,0.44786,0.51306,0.22745,3.32169,0.53334,1.15999,0.00089912,0.00089912,0.00089912
558,1321.16,3.53235,0.58214,1.23242,0.6042,0.43959,0.49875,0.2122,3.46555,0.54918,1.16294,0.00089714,0.00089714,0.00089714
559,1323.53,3.2666,0.53065,1.20393,0.58728,0.43342,0.48849,0.19678,3.57513,0.55852,1.16499,0.00089516,0.00089516,0.00089516
560,1325.79,3.41691,0.54724,1.21641,0.63811,0.42792,0.50004,0.22165,3.34711,0.5409,1.16254,0.00089318,0.00089318,0.00089318
561,1327.89,3.25938,0.54476,1.22904,0.63821,0.42477,0.49188,0.21581,3.39581,0.53985,1.16788,0.0008912,0.0008912,0.0008912
562,1330.24,3.54125,0.58541,1.22621,0.64197,0.43867,0.50459,0.22355,3.34134,0.53393,1.15983,0.00088922,0.00088922,0.00088922
563,1332.45,3.52131,0.57317,1.21499,0.63595,0.44296,0.50988,0.228,3.31682,0.53448,1.15921,0.00088724,0.00088724,0.00088724
564,1334.89,3.4005,0.54498,1.18854,0.6586,0.44519,0.51699,0.23008,3.31622,0.53022,1.16213,0.00088526,0.00088526,0.00088526
565,1337.09,3.3416,0.55161,1.20069,0.65854,0.45038,0.52049,0.23241,3.30143,0.52993,1.15854,0.00088328,0.00088328,0.00088328
566,1339.57,3.17318,0.51793,1.17506,0.65104,0.45126,0.51903,0.2308,3.31103,0.53193,1.15861,0.0008813,0.0008813,0.0008813
567,1341.73,3.20969,0.56059,1.20821,0.64482,0.45113,0.51678,0.23069,3.31157,0.53206,1.15781,0.00087932,0.00087932,0.00087932
568,1344.2,3.26806,0.53675,1.1866,0.63141,0.43987,0.50594,0.22453,3.35814,0.54403,1.16033,0.00087734,0.00087734,0.00087734
569,1346.4,3.44804,0.58025,1.21755,0.61866,0.44179,0.50595,0.22589,3.34532,0.54454,1.15786,0.00087536,0.00087536,0.00087536
570,1349.25,3.56859,0.56518,1.21602,0.62365,0.44748,0.51006,0.22505,3.36623,0.5352,1.15662,0.00087338,0.00087338,0.00087338
571,1351.63,3.34876,0.54797,1.21204,0.63899,0.44893,0.51254,0.22611,3.34121,0.53051,1.159,0.0008714,0.0008714,0.0008714
572,1353.89,3.60947,0.59979,1.27498,0.64652,0.45113,0.51373,0.22632,3.34297,0.53271,1.16147,0.00086942,0.00086942,0.00086942
573,1356.13,3.38794,0.55967,1.20642,0.6453,0.44852,0.51565,0.2274,3.32319,0.53331,1.15902,0.00086744,0.00086744,0.00086744
574,1358.55,3.4366,0.5593,1.2107,0.63671,0.43122,0.4933,0.21136,3.48798,0.54705,1.16783,0.00086546,0.00086546,0.00086546
575,1360.88,3.35011,0.56623,1.2257,0.63477,0.44124,0.50226,0.22045,3.3884,0.53314,1.16196,0.00086348,0.00086348,0.00086348
576,1363.21,3.23064,0.54035,1.216,0.63729,0.45332,0.51476,0.22766,3.30039,0.52483,1.15352,0.0008615,0.0008615,0.0008615
577,1365.58,3.32116,0.56575,1.20805,0.64667,0.45277,0.51959,0.22949,3.29476,0.52421,1.15418,0.00085952,0.00085952,0.00085952
578,1367.99,3.38976,0.54095,1.22376,0.63487,0.43726,0.49813,0.21233,3.48849,0.54037,1.16928,0.00085754,0.00085754,0.00085754
579,1370.35,3.1756,0.53419,1.20483,0.64064,0.4433,0.50934,0.22347,3.37061,0.52971,1.16303,0.00085556,0.00085556,0.00085556
580,1372.53,3.44073,0.54908,1.21383,0.63325,0.43475,0.50519,0.22515,3.30047,0.53056,1.1606,0.00085358,0.00085358,0.00085358
581,1374.83,3.34884,0.5558,1.20376,0.63547,0.41763,0.49232,0.21586,3.37641,0.54013,1.16743,0.0008516,0.0008516,0.0008516
582,1377.21,3.26929,0.5412,1.23158,0.63467,0.44791,0.51609,0.23122,3.31024,0.54238,1.1565,0.00084962,0.00084962,0.00084962
583,1379.65,3.32697,0.53902,1.20192,0.6451,0.44962,0.52019,0.23376,3.27603,0.52724,1.15521,0.00084764,0.00084764,0.00084764
584,1382.28,3.31388,0.54179,1.21102,0.66424,0.44495,0.51851,0.23201,3.27807,0.52414,1.15768,0.00084566,0.00084566,0.00084566
585,1384.55,3.46442,0.56938,1.20374,0.67485,0.44069,0.5152,0.22855,3.32346,0.53001,1.16087,0.00084368,0.00084368,0.00084368
586,1386.95,3.31795,0.55218,1.21975,0.66085,0.45195,0.52333,0.23314,3.28051,0.52451,1.15559,0.0008417,0.0008417,0.0008417
587,1389.33,3.54447,0.576,1.23494,0.6607,0.4466,0.52005,0.23208,3.28171,0.52938,1.15847,0.00083972,0.00083972,0.00083972
588,1391.67,3.49992,0.567,1.21308,0.61712,0.44467,0.50708,0.21982,3.37073,0.5494,1.15749,0.00083774,0.00083774,0.00083774
589,1393.93,3.19478,0.53968,1.21853,0.6128,0.44055,0.50414,0.22184,3.34314,0.5421,1.15577,0.00083576,0.00083576,0.00083576
590,1396.32,3.37285,0.56048,1.19801,0.61432,0.43712,0.49629,0.21243,3.41049,0.53659,1.16385,0.00083378,0.00083378,0.00083378
591,1398.64,3.31531,0.53362,1.18824,0.62881,0.44165,0.50911,0.22194,3.34234,0.52898,1.1557,0.0008318,0.0008318,0.0008318
592,1401.06,3.37092,0.53389,1.17227,0.60504,0.4606,0.51245,0.22196,3.39458,0.53494,1.15938,0.00082982,0.00082982,0.00082982
593,1403.23,3.36231,0.54349,1.20733,0.63171,0.45264,0.51677,0.22589,3.36014,0.52972,1.15552,0.00082784,0.00082784,0.00082784
594,1405.63,3.52101,0.5865,1.22732,0.62679,0.45016,0.51059,0.22978,3.33061,0.52997,1.16002,0.00082586,0.00082586,0.00082586
595,1408.14,3.37177,0.53452,1.2054,0.60814,0.44769,0.50605,0.22473,3.34027,0.53645,1.15588,0.00082388,0.00082388,0.00082388
596,1410.56,3.46864,0.55817,1.20792,0.599,0.45034,0.50377,0.21968,3.39426,0.54062,1.1583,0.0008219,0.0008219,0.0008219
597,1412.78,3.46482,0.55282,1.2177,0.6186,0.45415,0.51308,0.22732,3.34236,0.52859,1.15891,0.00081992,0.00081992,0.00081992
598,1415.16,3.26346,0.53838,1.21467,0.6265,0.44975,0.51493,0.22843,3.30753,0.527,1.1531,0.00081794,0.00081794,0.00081794
599,1417.46,3.27695,0.56285,1.20813,0.61184,0.44797,0.50557,0.21719,3.37671,0.53576,1.15303,0.00081596,0.00081596,0.00081596
600,1419.95,3.3721,0.54679,1.20784,0.66121,0.44412,0.51961,0.23196,3.28201,0.52795,1.15427,0.00081398,0.00081398,0.00081398
601,1422.28,3.34603,0.54072,1.20313,0.65924,0.44962,0.52049,0.23196,3.30773,0.52915,1.15628,0.000812,0.000812,0.000812
602,1424.65,3.14933,0.52218,1.20141,0.65993,0.45929,0.52816,0.23855,3.23493,0.52242,1.15321,0.00081002,0.00081002,0.00081002
603,1426.99,3.59227,0.56937,1.21408,0.65561,0.45764,0.52511,0.23709,3.24908,0.52473,1.15251,0.00080804,0.00080804,0.00080804
604,1429.4,3.11283,0.52557,1.20303,0.65449,0.45849,0.52149,0.23363,3.25661,0.52289,1.15379,0.00080606,0.00080606,0.00080606
605,1431.5,3.40936,0.54353,1.20064,0.65582,0.45593,0.52279,0.23302,3.28599,0.52286,1.15336,0.00080408,0.00080408,0.00080408
606,1434,3.37617,0.55691,1.19721,0.64869,0.45593,0.5218,0.23026,3.30525,0.52974,1.15263,0.0008021,0.0008021,0.0008021
607,1436.03,3.35404,0.52842,1.18879,0.64206,0.45459,0.5186,0.22204,3.37784,0.54413,1.15477,0.00080012,0.00080012,0.00080012
608,1438.32,3.27699,0.53384,1.20594,0.6571,0.45826,0.52583,0.23614,3.30981,0.54187,1.15962,0.00079814,0.00079814,0.00079814
609,1440.31,3.54051,0.56612,1.21392,0.64774,0.46005,0.52471,0.23667,3.29167,0.5342,1.15567,0.00079616,0.00079616,0.00079616
610,1442.8,3.40877,0.54955,1.19173,0.62884,0.45675,0.51726,0.23241,3.29139,0.5214,1.15157,0.00079418,0.00079418,0.00079418
611,1445.17,3.4022,0.59176,1.23416,0.63863,0.45345,0.51638,0.23215,3.30048,0.5209,1.15292,0.0007922,0.0007922,0.0007922
612,1447.45,3.23157,0.53784,1.19926,0.64344,0.45387,0.52135,0.2324,3.30634,0.52466,1.15419,0.00079022,0.00079022,0.00079022
613,1449.81,3.39477,0.55802,1.20003,0.65769,0.45524,0.52575,0.23759,3.25884,0.52361,1.15635,0.00078824,0.00078824,0.00078824
614,1452,3.25584,0.52729,1.19565,0.63757,0.45066,0.51528,0.22402,3.39344,0.55152,1.16081,0.00078626,0.00078626,0.00078626
615,1454.31,3.39763,0.56486,1.21158,0.63377,0.4492,0.51362,0.21598,3.48333,0.5571,1.16353,0.00078428,0.00078428,0.00078428
616,1456.7,3.23554,0.52341,1.17966,0.6626,0.45703,0.53041,0.23778,3.29583,0.52502,1.15603,0.0007823,0.0007823,0.0007823
617,1458.75,3.24125,0.52397,1.18752,0.66506,0.45799,0.53016,0.23992,3.27297,0.52432,1.15378,0.00078032,0.00078032,0.00078032
618,1461.02,3.35531,0.54489,1.21889,0.65172,0.44756,0.52004,0.22913,3.35056,0.52885,1.15442,0.00077834,0.00077834,0.00077834
619,1463.25,3.43946,0.56946,1.23194,0.65223,0.44605,0.5177,0.23342,3.2797,0.52527,1.1575,0.00077636,0.00077636,0.00077636
620,1465.56,3.27771,0.53151,1.18323,0.63612,0.44852,0.51662,0.23461,3.26981,0.53465,1.15485,0.00077438,0.00077438,0.00077438
621,1468.09,3.29074,0.53335,1.19683,0.63396,0.43988,0.50963,0.22657,3.3211,0.54633,1.15464,0.0007724,0.0007724,0.0007724
622,1470.44,3.49662,0.56845,1.19922,0.65607,0.43904,0.50553,0.22403,3.3576,0.53192,1.16106,0.00077042,0.00077042,0.00077042
623,1472.65,3.42374,0.55826,1.21167,0.65622,0.43606,0.49717,0.21061,3.49092,0.53732,1.16545,0.00076844,0.00076844,0.00076844
624,1474.94,3.16873,0.52476,1.21694,0.6486,0.45305,0.51721,0.22957,3.30829,0.52381,1.15484,0.00076646,0.00076646,0.00076646
625,1477.28,3.51338,0.55373,1.19664,0.65279,0.45607,0.52304,0.23559,3.24866,0.51997,1.15271,0.00076448,0.00076448,0.00076448
626,1479.87,3.25353,0.52375,1.18574,0.65288,0.4351,0.50258,0.22034,3.37234,0.5346,1.1642,0.0007625,0.0007625,0.0007625
627,1482.1,3.07331,0.51619,1.22969,0.64254,0.42518,0.49215,0.21509,3.38189,0.53384,1.16555,0.00076052,0.00076052,0.00076052
628,1484.61,3.22713,0.53617,1.17968,0.5942,0.4363,0.49705,0.22752,3.27938,0.54994,1.15579,0.00075854,0.00075854,0.00075854
629,1486.77,3.18989,0.54177,1.19072,0.58513,0.42443,0.48416,0.20723,3.46417,0.57978,1.15639,0.00075656,0.00075656,0.00075656
630,1489.27,3.38162,0.53708,1.18853,0.61645,0.44549,0.51412,0.22946,3.28688,0.53531,1.15414,0.00075458,0.00075458,0.00075458
631,1491.74,3.33723,0.5539,1.22709,0.65772,0.4411,0.51736,0.23176,3.29192,0.52458,1.15648,0.0007526,0.0007526,0.0007526
632,1494.14,3.3608,0.55205,1.2125,0.63536,0.46115,0.52518,0.23608,3.23324,0.51784,1.15178,0.00075062,0.00075062,0.00075062
633,1496.35,3.19824,0.53021,1.20187,0.63546,0.45996,0.52413,0.23656,3.22925,0.52192,1.1532,0.00074864,0.00074864,0.00074864
634,1498.67,3.47499,0.57367,1.221,0.64578,0.45528,0.52299,0.23668,3.24231,0.52396,1.15517,0.00074666,0.00074666,0.00074666
635,1500.95,3.37925,0.55378,1.21616,0.65913,0.45167,0.52461,0.23449,3.29255,0.52289,1.15548,0.00074468,0.00074468,0.00074468
636,1503.43,3.3037,0.53763,1.19663,0.65201,0.46623,0.53318,0.23818,3.25185,0.51856,1.15084,0.0007427,0.0007427,0.0007427
637,1505.77,3.42958,0.56779,1.22196,0.66665,0.45923,0.53464,0.24054,3.2239,0.51734,1.15121,0.00074072,0.00074072,0.00074072
638,1508.46,3.27353,0.53777,1.20929,0.65291,0.45085,0.52324,0.23632,3.24537,0.51797,1.15391,0.00073874,0.00073874,0.00073874
639,1510.79,3.06889,0.52043,1.18498,0.63491,0.45291,0.52034,0.23237,3.26599,0.52222,1.15318,0.00073676,0.00073676,0.00073676
640,1513.32,3.47705,0.54686,1.20572,0.63607,0.45868,0.52375,0.2358,3.22379,0.51948,1.15318,0.00073478,0.00073478,0.00073478
641,1515.79,3.21777,0.53212,1.1985,0.6411,0.4606,0.52516,0.23602,3.2289,0.51707,1.15309,0.0007328,0.0007328,0.0007328
642,1518.11,3.33216,0.54559,1.2019,0.64629,0.45228,0.52193,0.23391,3.26337,0.52002,1.15327,0.00073082,0.00073082,0.00073082
643,1520.33,3.27976,0.53624,1.21518,0.65479,0.43749,0.50852,0.2219,3.37441,0.53178,1.16018,0.00072884,0.00072884,0.00072884
644,1522.75,3.37899,0.53855,1.19546,0.66068,0.43822,0.51449,0.23316,3.28141,0.52128,1.15814,0.00072686,0.00072686,0.00072686
645,1524.7,3.22776,0.54689,1.19711,0.65847,0.44838,0.52443,0.24046,3.22698,0.52399,1.15248,0.00072488,0.00072488,0.00072488
646,1527.1,3.20104,0.53627,1.22871,0.64553,0.46046,0.52705,0.23768,3.25702,0.53327,1.15072,0.0007229,0.0007229,0.0007229
647,1529.51,3.35445,0.5353,1.20516,0.64008,0.45881,0.52601,0.23274,3.27817,0.52868,1.14943,0.00072092,0.00072092,0.00072092
648,1531.93,3.29734,0.54313,1.21015,0.64092,0.46444,0.52782,0.23833,3.25021,0.52013,1.15395,0.00071894,0.00071894,0.00071894
649,1534.09,3.40885,0.55061,1.2003,0.64978,0.45332,0.52288,0.23506,3.26034,0.52256,1.15492,0.00071696,0.00071696,0.00071696
650,1536.46,3.154,0.52383,1.20382,0.64249,0.45167,0.52421,0.23531,3.25995,0.52383,1.15006,0.00071498,0.00071498,0.00071498
651,1538.7,3.29015,0.55499,1.21295,0.64005,0.4492,0.52067,0.2322,3.27269,0.53161,1.15394,0.000713,0.000713,0.000713
652,1541.09,3.22309,0.53605,1.18241,0.63077,0.45291,0.52035,0.23513,3.24351,0.54544,1.15244,0.00071102,0.00071102,0.00071102
653,1543.13,3.52179,0.57096,1.20827,0.64365,0.45167,0.52417,0.23924,3.20802,0.535,1.15208,0.00070904,0.00070904,0.00070904
654,1545.47,3.35682,0.54446,1.22266,0.6348,0.44482,0.50722,0.2248,3.3097,0.52255,1.16042,0.00070706,0.00070706,0.00070706
655,1547.84,3.2335,0.54289,1.23024,0.66225,0.45415,0.53178,0.2405,3.19398,0.51049,1.1509,0.00070508,0.00070508,0.00070508
656,1550.2,3.26307,0.53033,1.22406,0.65447,0.46046,0.52993,0.23972,3.22272,0.51248,1.14932,0.0007031,0.0007031,0.0007031
657,1552.66,3.47559,0.56447,1.21024,0.6643,0.45648,0.53074,0.24172,3.20855,0.51108,1.1519,0.00070112,0.00070112,0.00070112
658,1555.15,3.19312,0.53209,1.22859,0.64221,0.45144,0.52263,0.23613,3.26523,0.52044,1.15049,0.00069914,0.00069914,0.00069914
659,1557.52,3.21675,0.52632,1.2039,0.62592,0.45524,0.52052,0.23068,3.32681,0.53088,1.15286,0.00069716,0.00069716,0.00069716
660,1559.86,2.87403,0.52055,1.17195,0.6521,0.44802,0.51964,0.23402,3.2647,0.51958,1.15889,0.00069518,0.00069518,0.00069518
661,1562.25,3.33688,0.54599,1.19862,0.65605,0.44824,0.52052,0.23071,3.32715,0.5226,1.15933,0.0006932,0.0006932,0.0006932
662,1564.54,3.1569,0.5126,1.18877,0.63718,0.45039,0.52431,0.22576,3.34484,0.52108,1.15179,0.00069122,0.00069122,0.00069122
663,1566.71,3.38008,0.54175,1.22119,0.61305,0.45568,0.51802,0.21496,3.42792,0.52857,1.1537,0.00068924,0.00068924,0.00068924
664,1569.11,3.18555,0.51531,1.18262,0.66334,0.46485,0.53522,0.24255,3.19939,0.51625,1.1516,0.00068726,0.00068726,0.00068726
665,1571.82,3.30111,0.51843,1.18692,0.66117,0.46595,0.53389,0.24399,3.18462,0.51609,1.15142,0.00068528,0.00068528,0.00068528
666,1574.2,3.27914,0.53857,1.19484,0.66157,0.46691,0.53711,0.24439,3.20244,0.51839,1.14976,0.0006833,0.0006833,0.0006833
667,1576.7,3.33099,0.56566,1.2366,0.65394,0.46458,0.53345,0.24258,3.20953,0.51736,1.15058,0.00068132,0.00068132,0.00068132
668,1579.19,3.31598,0.53021,1.20352,0.61714,0.46293,0.52229,0.2373,3.23363,0.52199,1.14844,0.00067934,0.00067934,0.00067934
669,1581.52,3.37882,0.54084,1.22577,0.60952,0.46181,0.51843,0.23105,3.28882,0.53047,1.14884,0.00067736,0.00067736,0.00067736
670,1583.98,3.36605,0.54417,1.20362,0.63711,0.46005,0.52756,0.23963,3.21963,0.51689,1.1484,0.00067538,0.00067538,0.00067538
671,1586.45,3.37119,0.54484,1.20727,0.65865,0.4547,0.52715,0.24364,3.17661,0.51178,1.15003,0.0006734,0.0006734,0.0006734
672,1588.98,3.19154,0.54198,1.22591,0.63426,0.45689,0.5205,0.23816,3.20874,0.51647,1.15061,0.00067142,0.00067142,0.00067142
673,1591.44,3.12641,0.51682,1.19667,0.61436,0.4558,0.5139,0.22632,3.32273,0.52506,1.14927,0.00066944,0.00066944,0.00066944
674,1594.01,3.30881,0.54548,1.21538,0.65123,0.46087,0.52964,0.24007,3.20987,0.50646,1.14926,0.00066746,0.00066746,0.00066746
675,1596.29,3.25346,0.51671,1.18961,0.65651,0.45799,0.52199,0.22978,3.32281,0.51916,1.1554,0.00066548,0.00066548,0.00066548
676,1599.08,3.17055,0.52386,1.20662,0.65994,0.46321,0.5328,0.24168,3.2162,0.51148,1.14848,0.0006635,0.0006635,0.0006635
677,1601.3,3.24215,0.54369,1.20261,0.65888,0.46114,0.53221,0.24071,3.20895,0.51176,1.14772,0.00066152,0.00066152,0.00066152
678,1603.61,3.2046,0.50884,1.18865,0.65521,0.46752,0.53636,0.24462,3.19916,0.51539,1.15033,0.00065954,0.00065954,0.00065954
679,1605.99,3.16267,0.52726,1.18709,0.64679,0.46483,0.53315,0.2419,3.2034,0.52226,1.1474,0.00065756,0.00065756,0.00065756
680,1608.37,3.23426,0.53921,1.21168,0.64865,0.46321,0.52819,0.23834,3.22502,0.5167,1.15036,0.00065558,0.00065558,0.00065558
681,1610.86,3.38304,0.54833,1.20475,0.64658,0.45788,0.52186,0.23378,3.27303,0.51555,1.15345,0.0006536,0.0006536,0.0006536
682,1613.11,3.00607,0.50604,1.20113,0.65078,0.45332,0.52359,0.23885,3.20412,0.50985,1.14971,0.00065162,0.00065162,0.00065162
683,1615.57,3.28194,0.53418,1.19757,0.64931,0.44865,0.52153,0.23965,3.18138,0.50862,1.15008,0.00064964,0.00064964,0.00064964
684,1618.01,3.20162,0.55606,1.22143,0.65171,0.44097,0.50776,0.22613,3.34563,0.51668,1.16231,0.00064766,0.00064766,0.00064766
685,1620.34,3.26358,0.5283,1.19509,0.65863,0.45003,0.51828,0.23336,3.29121,0.51344,1.15905,0.00064568,0.00064568,0.00064568
686,1622.86,3.28775,0.54027,1.22086,0.65896,0.46157,0.53282,0.24208,3.19211,0.51052,1.14904,0.0006437,0.0006437,0.0006437
687,1625.18,3.29195,0.55817,1.2043,0.67246,0.46113,0.53448,0.24015,3.23222,0.52083,1.15149,0.00064172,0.00064172,0.00064172
688,1627.51,3.10035,0.52268,1.18608,0.66558,0.45154,0.52356,0.23411,3.2668,0.51823,1.15286,0.00063974,0.00063974,0.00063974
689,1629.8,3.37177,0.56067,1.20348,0.65504,0.45538,0.52751,0.24153,3.19135,0.50607,1.15121,0.00063776,0.00063776,0.00063776
690,1632.11,3.24422,0.51831,1.21545,0.63898,0.46087,0.52725,0.24388,3.19059,0.51412,1.14824,0.00063578,0.00063578,0.00063578
691,1634.47,3.30469,0.53951,1.20088,0.63706,0.46444,0.52942,0.24502,3.17552,0.51777,1.14974,0.0006338,0.0006338,0.0006338
692,1637.08,3.33278,0.54409,1.22466,0.63739,0.4687,0.53088,0.24384,3.16098,0.51983,1.1488,0.00063182,0.00063182,0.00063182
693,1639.17,3.2971,0.53615,1.22399,0.63092,0.46211,0.52704,0.23832,3.20656,0.52004,1.14831,0.00062984,0.00062984,0.00062984
694,1641.47,3.27295,0.53609,1.18738,0.63826,0.46211,0.52725,0.23664,3.22967,0.51338,1.15196,0.00062786,0.00062786,0.00062786
695,1643.59,3.07546,0.52933,1.20687,0.64886,0.46115,0.52955,0.24022,3.20224,0.50873,1.15016,0.00062588,0.00062588,0.00062588
696,1645.94,3.08453,0.49966,1.17295,0.652,0.45346,0.52197,0.23593,3.22784,0.50882,1.15231,0.0006239,0.0006239,0.0006239
697,1648.02,3.16525,0.53807,1.17955,0.65257,0.44533,0.52114,0.23816,3.20236,0.51044,1.15174,0.00062192,0.00062192,0.00062192
698,1650.45,3.26335,0.54109,1.18005,0.62992,0.44687,0.51524,0.23155,3.29753,0.51821,1.14936,0.00061994,0.00061994,0.00061994
699,1652.71,3.24505,0.52642,1.19752,0.64511,0.45016,0.52027,0.23279,3.29103,0.51094,1.14776,0.00061796,0.00061796,0.00061796
700,1655.05,3.42409,0.55202,1.19229,0.6706,0.46719,0.53592,0.24323,3.19478,0.50881,1.14752,0.00061598,0.00061598,0.00061598
701,1657.24,3.31264,0.53112,1.19275,0.66578,0.47035,0.53643,0.24292,3.2024,0.51601,1.14883,0.000614,0.000614,0.000614
702,1659.46,3.18675,0.52035,1.17929,0.65243,0.47227,0.53357,0.24139,3.21319,0.5175,1.14873,0.00061202,0.00061202,0.00061202
703,1661.76,3.31136,0.5484,1.19739,0.66792,0.46911,0.53435,0.24441,3.18642,0.51383,1.14915,0.00061004,0.00061004,0.00061004
704,1664.22,3.23511,0.53122,1.19586,0.65327,0.45923,0.52445,0.23811,3.239,0.512,1.14913,0.00060806,0.00060806,0.00060806
705,1666.75,3.21239,0.51663,1.18581,0.65448,0.46211,0.52691,0.24081,3.21008,0.50985,1.14773,0.00060608,0.00060608,0.00060608
706,1669.16,3.15704,0.52702,1.21995,0.64858,0.46362,0.52997,0.24295,3.20212,0.50739,1.14771,0.0006041,0.0006041,0.0006041
707,1671.39,3.45735,0.55631,1.20095,0.64026,0.46815,0.53031,0.24348,3.19903,0.51044,1.14708,0.00060212,0.00060212,0.00060212
708,1673.58,3.11506,0.53874,1.21513,0.64999,0.47103,0.53719,0.24638,3.18083,0.51541,1.14913,0.00060014,0.00060014,0.00060014
709,1675.64,2.83899,0.49987,1.16078,0.65772,0.47062,0.53864,0.24372,3.21116,0.51616,1.14974,0.00059816,0.00059816,0.00059816
710,1678.14,3.1983,0.53723,1.23349,0.65982,0.4687,0.53785,0.24641,3.15452,0.50483,1.14781,0.00059618,0.00059618,0.00059618
711,1680.62,3.02406,0.51209,1.19902,0.65102,0.46376,0.53341,0.24112,3.19906,0.50571,1.14975,0.0005942,0.0005942,0.0005942
712,1683.06,3.20012,0.5334,1.19668,0.64521,0.45524,0.52885,0.23893,3.21673,0.50809,1.1472,0.00059222,0.00059222,0.00059222
713,1685.13,3.15749,0.50456,1.19404,0.65015,0.45826,0.53166,0.24372,3.18134,0.50511,1.14895,0.00059024,0.00059024,0.00059024
714,1687.55,3.10556,0.51724,1.20637,0.65261,0.45346,0.52968,0.24237,3.22091,0.51233,1.15008,0.00058826,0.00058826,0.00058826
715,1689.72,3.23485,0.5317,1.20457,0.63695,0.45799,0.52766,0.2358,3.26682,0.52101,1.14861,0.00058628,0.00058628,0.00058628
716,1692.01,3.15347,0.51216,1.18735,0.64882,0.46392,0.5359,0.24695,3.16141,0.50647,1.14533,0.0005843,0.0005843,0.0005843
717,1694.3,3.27381,0.5373,1.19649,0.65792,0.46075,0.53293,0.2458,3.16249,0.50391,1.14731,0.00058232,0.00058232,0.00058232
718,1696.68,3.37097,0.53895,1.2048,0.6526,0.46431,0.53437,0.24542,3.17031,0.50192,1.14374,0.00058034,0.00058034,0.00058034
719,1699.15,2.96935,0.51591,1.18864,0.64876,0.46225,0.53279,0.24179,3.21528,0.50319,1.14327,0.00057836,0.00057836,0.00057836
720,1701.83,3.41189,0.54393,1.19542,0.64749,0.47035,0.53665,0.24474,3.20792,0.50364,1.14451,0.00057638,0.00057638,0.00057638
721,1704.25,3.08565,0.49775,1.16406,0.64263,0.46678,0.53229,0.23639,3.28653,0.51122,1.14679,0.0005744,0.0005744,0.0005744
722,1706.62,3.12565,0.49703,1.16626,0.66204,0.4698,0.54151,0.24715,3.17906,0.5073,1.14355,0.00057242,0.00057242,0.00057242
723,1709.06,3.3583,0.55758,1.18593,0.65981,0.47184,0.54121,0.25009,3.14001,0.506,1.14398,0.00057044,0.00057044,0.00057044
724,1711.28,3.23255,0.54879,1.20335,0.65677,0.46911,0.54099,0.2498,3.1458,0.50608,1.14454,0.00056846,0.00056846,0.00056846
725,1713.24,3.17534,0.52087,1.18825,0.65786,0.4709,0.54053,0.25006,3.14442,0.50506,1.14553,0.00056648,0.00056648,0.00056648
726,1715.61,3.22524,0.53416,1.19568,0.66545,0.45044,0.5167,0.22687,3.31311,0.52456,1.15793,0.0005645,0.0005645,0.0005645
727,1717.97,3.29698,0.54919,1.19055,0.67047,0.45538,0.52566,0.23606,3.21309,0.51194,1.15254,0.00056252,0.00056252,0.00056252
728,1720.58,3.32434,0.53518,1.19167,0.66286,0.46022,0.52946,0.2431,3.15604,0.50071,1.14886,0.00056054,0.00056054,0.00056054
729,1722.86,3.16619,0.512,1.2103,0.6701,0.45305,0.52776,0.24101,3.17264,0.50194,1.15007,0.00055856,0.00055856,0.00055856
730,1725.13,3.16631,0.52401,1.19443,0.65156,0.4606,0.53099,0.24621,3.14525,0.50568,1.14677,0.00055658,0.00055658,0.00055658
731,1727.47,3.08583,0.49194,1.16684,0.64073,0.46252,0.53135,0.2458,3.13639,0.50589,1.14546,0.0005546,0.0005546,0.0005546
732,1729.94,3.09132,0.52628,1.20764,0.6604,0.46347,0.53427,0.24592,3.14497,0.50268,1.14739,0.00055262,0.00055262,0.00055262
733,1732.06,3.32406,0.52664,1.20842,0.66898,0.46474,0.53859,0.24509,3.1732,0.50462,1.14684,0.00055064,0.00055064,0.00055064
734,1734.5,3.28549,0.53618,1.19715,0.64299,0.4687,0.53457,0.24017,3.22897,0.50854,1.14736,0.00054866,0.00054866,0.00054866
735,1736.81,3.23863,0.52242,1.1942,0.65454,0.47007,0.54021,0.24657,3.16546,0.50464,1.14623,0.00054668,0.00054668,0.00054668
736,1739.4,3.18296,0.51826,1.18398,0.64708,0.46595,0.53325,0.24528,3.14011,0.50494,1.15111,0.0005447,0.0005447,0.0005447
737,1741.52,3.081,0.51118,1.17281,0.64699,0.46733,0.53584,0.24892,3.11383,0.50348,1.14658,0.00054272,0.00054272,0.00054272
738,1743.94,3.02334,0.48534,1.17297,0.64763,0.47186,0.53624,0.24663,3.12784,0.50784,1.14664,0.00054074,0.00054074,0.00054074
739,1746.32,3.00905,0.49376,1.17739,0.64296,0.47295,0.53604,0.24503,3.14154,0.51004,1.14659,0.00053876,0.00053876,0.00053876
740,1748.68,3.39983,0.56728,1.19673,0.64073,0.46911,0.53091,0.24186,3.20043,0.51118,1.14314,0.00053678,0.00053678,0.00053678
741,1750.93,3.29278,0.52917,1.19498,0.64055,0.47487,0.53539,0.24328,3.18018,0.50789,1.14229,0.0005348,0.0005348,0.0005348
742,1753.28,3.15289,0.52311,1.19154,0.64515,0.47025,0.53086,0.23875,3.1705,0.50928,1.1474,0.00053282,0.00053282,0.00053282
743,1755.69,3.35012,0.53902,1.21665,0.64787,0.47378,0.53442,0.24374,3.16168,0.50609,1.14479,0.00053084,0.00053084,0.00053084
744,1758.23,3.2611,0.53578,1.21127,0.65771,0.46666,0.53979,0.24869,3.13046,0.50311,1.14294,0.00052886,0.00052886,0.00052886
745,1760.35,3.10608,0.51626,1.19072,0.65797,0.46499,0.53847,0.25004,3.11057,0.50271,1.14432,0.00052688,0.00052688,0.00052688
746,1762.51,3.22395,0.52628,1.18394,0.64476,0.45552,0.52711,0.24489,3.11193,0.50723,1.14603,0.0005249,0.0005249,0.0005249
747,1764.96,3.07453,0.52029,1.1792,0.64055,0.45538,0.52783,0.24477,3.11414,0.50562,1.14534,0.00052292,0.00052292,0.00052292
748,1767.2,3.10916,0.53494,1.20452,0.65025,0.46582,0.53471,0.24816,3.12174,0.50136,1.14767,0.00052094,0.00052094,0.00052094
749,1769.51,3.22068,0.53571,1.18273,0.65561,0.4698,0.53788,0.24899,3.12942,0.50458,1.14773,0.00051896,0.00051896,0.00051896
750,1771.91,3.28216,0.53919,1.20397,0.63242,0.46334,0.52917,0.23494,3.26701,0.52377,1.1479,0.00051698,0.00051698,0.00051698
751,1774.06,3.25792,0.53797,1.21433,0.64383,0.47062,0.53571,0.24591,3.15913,0.51142,1.14513,0.000515,0.000515,0.000515
752,1776.51,3.34611,0.56149,1.20725,0.65063,0.47018,0.53136,0.24171,3.14634,0.50338,1.14943,0.00051302,0.00051302,0.00051302
753,1778.88,3.27153,0.52373,1.20291,0.65617,0.47265,0.5388,0.24594,3.11655,0.50006,1.14597,0.00051104,0.00051104,0.00051104
754,1781.41,3.1506,0.51295,1.19503,0.66763,0.47707,0.54363,0.24894,3.09943,0.50085,1.14636,0.00050906,0.00050906,0.00050906
755,1783.85,3.16782,0.54528,1.18042,0.67561,0.4665,0.5404,0.24699,3.12355,0.50326,1.14764,0.00050708,0.00050708,0.00050708
756,1786.16,3.14199,0.52098,1.20204,0.66012,0.46609,0.54037,0.24912,3.12909,0.50206,1.14454,0.0005051,0.0005051,0.0005051
757,1788.37,3.04512,0.50586,1.20326,0.65954,0.46705,0.54036,0.24899,3.12191,0.50037,1.14464,0.00050312,0.00050312,0.00050312
758,1790.77,3.20797,0.51352,1.19259,0.66019,0.46249,0.53785,0.24776,3.14065,0.5051,1.14484,0.00050114,0.00050114,0.00050114
759,1793,2.99901,0.50527,1.18556,0.6638,0.46197,0.53717,0.24741,3.1493,0.50547,1.14486,0.00049916,0.00049916,0.00049916
760,1795.62,3.32573,0.55362,1.18638,0.6527,0.46403,0.53622,0.25126,3.10427,0.50252,1.14285,0.00049718,0.00049718,0.00049718
761,1797.89,3.26627,0.5224,1.18526,0.65657,0.46351,0.53574,0.25055,3.09493,0.50283,1.14498,0.0004952,0.0004952,0.0004952
762,1800.24,3.39023,0.56241,1.18642,0.67463,0.46568,0.54027,0.24827,3.13576,0.5031,1.1485,0.00049322,0.00049322,0.00049322
763,1802.52,3.31599,0.5491,1.21011,0.67229,0.47048,0.5429,0.24995,3.14229,0.50183,1.14817,0.00049124,0.00049124,0.00049124
764,1805,3.13293,0.51745,1.17993,0.65174,0.47446,0.53849,0.24856,3.14733,0.50083,1.14663,0.00048926,0.00048926,0.00048926
765,1807.5,3.18329,0.52159,1.19222,0.65758,0.46842,0.53685,0.25081,3.10855,0.49772,1.14671,0.00048728,0.00048728,0.00048728
766,1809.75,3.14211,0.51404,1.19516,0.67338,0.46418,0.53614,0.24869,3.1123,0.49871,1.14694,0.0004853,0.0004853,0.0004853
767,1812.04,3.02063,0.49128,1.18677,0.67072,0.46784,0.53935,0.24849,3.1292,0.49925,1.14609,0.00048332,0.00048332,0.00048332
768,1814.68,3.33157,0.54712,1.20168,0.66377,0.47831,0.54553,0.25029,3.13297,0.49775,1.14309,0.00048134,0.00048134,0.00048134
769,1816.87,3.22581,0.52062,1.21359,0.66807,0.479,0.54674,0.25012,3.13845,0.49951,1.14504,0.00047936,0.00047936,0.00047936
770,1819.24,3.1476,0.50109,1.17804,0.67619,0.46513,0.53718,0.23942,3.21216,0.50728,1.15212,0.00047738,0.00047738,0.00047738
771,1821.65,3.14027,0.4905,1.17398,0.66154,0.46815,0.53769,0.24601,3.15492,0.50114,1.14904,0.0004754,0.0004754,0.0004754
772,1823.97,3.3066,0.53941,1.20489,0.65649,0.47279,0.53858,0.25289,3.10717,0.50009,1.14512,0.00047342,0.00047342,0.00047342
773,1826.26,3.12237,0.50369,1.18187,0.65018,0.47206,0.53928,0.25173,3.12695,0.50038,1.14404,0.00047144,0.00047144,0.00047144
774,1828.81,3.18093,0.51819,1.19489,0.66277,0.47227,0.53956,0.24856,3.14701,0.49713,1.14554,0.00046946,0.00046946,0.00046946
775,1831.03,3.158,0.50732,1.18048,0.66433,0.47223,0.53982,0.24939,3.13134,0.49581,1.14492,0.00046748,0.00046748,0.00046748
776,1833.23,3.13268,0.52061,1.17716,0.65739,0.4709,0.53994,0.25108,3.10781,0.50043,1.14362,0.0004655,0.0004655,0.0004655
777,1835.81,3.33571,0.53947,1.17453,0.65979,0.4698,0.53975,0.24987,3.11609,0.5051,1.14512,0.00046352,0.00046352,0.00046352
778,1838.15,3.04141,0.49705,1.19494,0.66315,0.46801,0.54059,0.25255,3.10929,0.51242,1.14655,0.00046154,0.00046154,0.00046154
779,1840.55,3.15951,0.53318,1.21057,0.65995,0.46814,0.54129,0.25164,3.13499,0.51799,1.14556,0.00045956,0.00045956,0.00045956
780,1843.02,3.06786,0.52388,1.18451,0.63876,0.46966,0.53342,0.24629,3.17563,0.51981,1.14436,0.00045758,0.00045758,0.00045758
781,1845.3,3.06073,0.52234,1.22539,0.63447,0.47035,0.53391,0.2461,3.16786,0.51017,1.14395,0.0004556,0.0004556,0.0004556
782,1847.69,3.31401,0.54182,1.19427,0.6568,0.46634,0.53701,0.25003,3.12252,0.49796,1.143,0.00045362,0.00045362,0.00045362
783,1849.93,3.09649,0.51928,1.20994,0.67096,0.4617,0.53968,0.25097,3.1081,0.49804,1.14291,0.00045164,0.00045164,0.00045164
784,1852.4,3.26868,0.53323,1.21544,0.6599,0.47043,0.53921,0.24818,3.10919,0.49653,1.14345,0.00044966,0.00044966,0.00044966
785,1854.75,3.38528,0.53722,1.20613,0.66939,0.47035,0.54456,0.25203,3.09905,0.49359,1.14186,0.00044768,0.00044768,0.00044768
786,1857.25,3.1913,0.53828,1.20689,0.64775,0.46815,0.53786,0.24366,3.19469,0.50126,1.14305,0.0004457,0.0004457,0.0004457
787,1859.51,3.11288,0.49022,1.16184,0.66017,0.47172,0.54174,0.24856,3.1629,0.49882,1.14173,0.00044372,0.00044372,0.00044372
788,1861.92,3.2538,0.53124,1.21374,0.66846,0.47433,0.5483,0.25498,3.09241,0.49172,1.14026,0.00044174,0.00044174,0.00044174
789,1864.3,3.23749,0.53935,1.21225,0.67099,0.47199,0.54761,0.2546,3.10196,0.49191,1.142,0.00043976,0.00043976,0.00043976
790,1866.71,2.94232,0.5022,1.15935,0.66996,0.47268,0.54514,0.25563,3.09149,0.49109,1.14278,0.00043778,0.00043778,0.00043778
791,1869.03,3.16305,0.52559,1.19741,0.66957,0.47076,0.5428,0.25576,3.09141,0.49098,1.14238,0.0004358,0.0004358,0.0004358
792,1871.61,2.99523,0.5035,1.18028,0.6346,0.4709,0.53359,0.24445,3.17584,0.49931,1.14249,0.00043382,0.00043382,0.00043382
793,1873.98,3.06721,0.49512,1.14954,0.63891,0.47021,0.53552,0.24639,3.1592,0.49868,1.14325,0.00043184,0.00043184,0.00043184
794,1876.36,3.1214,0.50468,1.16507,0.66744,0.47115,0.54609,0.25306,3.11046,0.49298,1.14405,0.00042986,0.00042986,0.00042986
795,1878.65,2.94008,0.49439,1.1868,0.67161,0.47364,0.54631,0.25211,3.11276,0.49207,1.1446,0.00042788,0.00042788,0.00042788
796,1881.04,3.01836,0.49649,1.18148,0.67497,0.47543,0.54661,0.25206,3.1161,0.49308,1.14559,0.0004259,0.0004259,0.0004259
797,1883.56,3.20256,0.52249,1.19116,0.68132,0.47556,0.54826,0.25383,3.10737,0.49317,1.14501,0.00042392,0.00042392,0.00042392
798,1885.96,3.06819,0.52954,1.18351,0.69675,0.4709,0.54781,0.25317,3.11815,0.49403,1.14548,0.00042194,0.00042194,0.00042194
799,1888.22,3.12866,0.50786,1.1996,0.69885,0.46925,0.54937,0.25345,3.11302,0.49238,1.14404,0.00041996,0.00041996,0.00041996
800,1890.42,3.18122,0.524,1.18453,0.67287,0.46842,0.54172,0.25159,3.13152,0.49873,1.1431,0.00041798,0.00041798,0.00041798
801,1892.96,3.07529,0.50961,1.19745,0.66127,0.4709,0.53791,0.24978,3.13633,0.50404,1.14667,0.000416,0.000416,0.000416
802,1895.21,3.11498,0.51624,1.19942,0.64559,0.47416,0.5394,0.25137,3.11349,0.50899,1.14338,0.00041402,0.00041402,0.00041402
803,1897.61,3.07524,0.4957,1.17653,0.64372,0.4735,0.5391,0.25093,3.12364,0.51153,1.14296,0.00041204,0.00041204,0.00041204
804,1899.8,3.10237,0.51327,1.17129,0.65584,0.46787,0.53981,0.2531,3.08747,0.50504,1.14279,0.00041006,0.00041006,0.00041006
805,1902.28,3.22708,0.51612,1.18692,0.65596,0.46897,0.54137,0.2545,3.08841,0.50316,1.1427,0.00040808,0.00040808,0.00040808
806,1904.64,3.2232,0.50699,1.17443,0.65361,0.46897,0.54117,0.25007,3.13159,0.50289,1.14177,0.0004061,0.0004061,0.0004061
807,1906.87,2.94494,0.47854,1.17335,0.66462,0.47199,0.54524,0.25437,3.09572,0.49767,1.14188,0.00040412,0.00040412,0.00040412
808,1909.31,3.21638,0.53672,1.18234,0.66385,0.47227,0.54299,0.25417,3.08504,0.49787,1.14244,0.00040214,0.00040214,0.00040214
809,1911.45,3.33793,0.52326,1.17662,0.64278,0.47144,0.53598,0.24446,3.17015,0.51061,1.14467,0.00040016,0.00040016,0.00040016
810,1914,3.17108,0.51451,1.17037,0.6299,0.46211,0.52432,0.23699,3.2374,0.52507,1.14614,0.00039818,0.00039818,0.00039818
811,1916.26,3.09469,0.49154,1.17334,0.64573,0.46945,0.53495,0.25088,3.08929,0.50034,1.14437,0.0003962,0.0003962,0.0003962
812,1918.45,3.13627,0.49782,1.18003,0.67697,0.46408,0.53422,0.2411,3.17234,0.49649,1.14867,0.00039422,0.00039422,0.00039422
813,1920.64,3.05019,0.50118,1.20922,0.68298,0.46435,0.53984,0.24691,3.13006,0.49465,1.14664,0.00039224,0.00039224,0.00039224
814,1922.83,3.01654,0.48177,1.17582,0.68881,0.46746,0.54451,0.2488,3.1154,0.50063,1.14582,0.00039026,0.00039026,0.00039026
815,1925.01,3.23478,0.52361,1.18395,0.68913,0.46959,0.54607,0.2473,3.12728,0.50355,1.14611,0.00038828,0.00038828,0.00038828
816,1927.26,3.05653,0.49647,1.1569,0.68773,0.46842,0.54677,0.2495,3.11204,0.49782,1.14474,0.0003863,0.0003863,0.0003863
817,1929.55,2.98063,0.50226,1.17531,0.68667,0.47117,0.54928,0.25341,3.09183,0.49417,1.14357,0.00038432,0.00038432,0.00038432
818,1931.92,3.30326,0.53362,1.20238,0.67295,0.46774,0.54653,0.25465,3.10371,0.5003,1.14415,0.00038234,0.00038234,0.00038234
819,1934.25,3.09182,0.50808,1.20561,0.67409,0.46691,0.54597,0.25455,3.10576,0.5024,1.14434,0.00038036,0.00038036,0.00038036
820,1936.7,2.99838,0.49876,1.19335,0.67662,0.46307,0.53859,0.2447,3.17456,0.50532,1.14994,0.00037838,0.00037838,0.00037838
821,1938.89,3.24149,0.51682,1.18854,0.67536,0.4604,0.53544,0.24317,3.18944,0.50718,1.14997,0.0003764,0.0003764,0.0003764
822,1941.32,3.18691,0.51352,1.1957,0.68125,0.47144,0.54846,0.25671,3.07936,0.49496,1.14355,0.00037442,0.00037442,0.00037442
823,1943.97,3.03383,0.50654,1.17396,0.67999,0.46968,0.54858,0.25518,3.08486,0.49233,1.14202,0.00037244,0.00037244,0.00037244
824,1946.19,2.92381,0.4891,1.19588,0.67672,0.47007,0.54523,0.25378,3.08375,0.48938,1.14173,0.00037046,0.00037046,0.00037046
825,1948.39,3.13103,0.52552,1.17764,0.66969,0.4687,0.54322,0.25315,3.07942,0.48909,1.14233,0.00036848,0.00036848,0.00036848
826,1950.73,3.09406,0.5163,1.19276,0.66429,0.46697,0.53702,0.24993,3.08659,0.49062,1.1447,0.0003665,0.0003665,0.0003665
827,1953.07,3.13338,0.51066,1.18108,0.66008,0.46938,0.53789,0.25053,3.08318,0.49129,1.14346,0.00036452,0.00036452,0.00036452
828,1955.33,3.152,0.53366,1.21508,0.66267,0.47748,0.54443,0.25241,3.09094,0.48978,1.14288,0.00036254,0.00036254,0.00036254
829,1957.62,3.20118,0.52554,1.19244,0.66214,0.47817,0.54679,0.25289,3.10145,0.49099,1.14374,0.00036056,0.00036056,0.00036056
830,1960.19,3.15777,0.52072,1.19967,0.67415,0.47927,0.55246,0.25567,3.10169,0.49259,1.14403,0.00035858,0.00035858,0.00035858
831,1962.41,3.03222,0.51356,1.19016,0.68106,0.47639,0.55176,0.2557,3.09201,0.49312,1.14377,0.0003566,0.0003566,0.0003566
832,1965.11,3.22256,0.52814,1.21206,0.68487,0.46993,0.54343,0.25117,3.11161,0.49489,1.14646,0.00035462,0.00035462,0.00035462
833,1967.18,3.12071,0.51002,1.198,0.67839,0.47048,0.543,0.25457,3.07675,0.49337,1.14388,0.00035264,0.00035264,0.00035264
834,1969.37,3.08066,0.50617,1.1875,0.66474,0.47241,0.54252,0.25392,3.0771,0.49638,1.14314,0.00035066,0.00035066,0.00035066
835,1971.85,3.21532,0.51389,1.18623,0.65944,0.47584,0.54331,0.25437,3.07867,0.49762,1.14203,0.00034868,0.00034868,0.00034868
836,1974.16,3.06527,0.50809,1.19287,0.63975,0.47419,0.53918,0.24881,3.14713,0.50337,1.14211,0.0003467,0.0003467,0.0003467
837,1976.45,3.24464,0.51264,1.17692,0.64901,0.47368,0.54334,0.25393,3.08897,0.49522,1.14102,0.00034472,0.00034472,0.00034472
838,1978.8,3.10478,0.51268,1.19829,0.67427,0.47144,0.54609,0.25337,3.07937,0.4929,1.14427,0.00034274,0.00034274,0.00034274
839,1980.92,3.2269,0.52472,1.20782,0.67976,0.47237,0.54779,0.25627,3.07318,0.49272,1.14386,0.00034076,0.00034076,0.00034076
840,1983.46,3.07839,0.49499,1.16258,0.66834,0.48407,0.5534,0.25731,3.05388,0.48917,1.14112,0.00033878,0.00033878,0.00033878
841,1985.68,3.07002,0.49429,1.17871,0.67015,0.47845,0.5508,0.25579,3.04913,0.4885,1.14246,0.0003368,0.0003368,0.0003368
842,1988.25,3.09455,0.50312,1.17835,0.68301,0.46856,0.5427,0.24938,3.10151,0.49211,1.14562,0.00033482,0.00033482,0.00033482
843,1990.86,3.16819,0.5056,1.19011,0.68195,0.46938,0.54602,0.25541,3.06254,0.49052,1.14331,0.00033284,0.00033284,0.00033284
844,1992.94,3.17109,0.52525,1.18481,0.65902,0.47497,0.54298,0.25478,3.06801,0.49374,1.14131,0.00033086,0.00033086,0.00033086
845,1995.12,3.28089,0.53183,1.20893,0.66806,0.47165,0.54295,0.25406,3.07854,0.49164,1.14241,0.00032888,0.00032888,0.00032888
846,1997.57,3.21877,0.51946,1.19846,0.6868,0.46814,0.54602,0.25039,3.13136,0.49203,1.14462,0.0003269,0.0003269,0.0003269
847,2000.03,3.00488,0.50173,1.19859,0.68518,0.47282,0.54681,0.25032,3.13391,0.49397,1.1444,0.00032492,0.00032492,0.00032492
848,2002.42,3.1074,0.49588,1.18162,0.67831,0.47762,0.54889,0.25379,3.08734,0.49282,1.14235,0.00032294,0.00032294,0.00032294
849,2004.47,3.1876,0.51796,1.23007,0.67923,0.47299,0.54705,0.25727,3.05086,0.48938,1.1408,0.00032096,0.00032096,0.00032096
850,2006.64,3.01518,0.49941,1.18986,0.67822,0.47138,0.54574,0.25661,3.04776,0.48977,1.1415,0.00031898,0.00031898,0.00031898
851,2008.95,3.1699,0.50882,1.18532,0.67912,0.47213,0.54482,0.25521,3.05993,0.49058,1.14218,0.000317,0.000317,0.000317
852,2011.28,3.0824,0.51077,1.18539,0.67611,0.46828,0.54092,0.25289,3.07383,0.49167,1.14347,0.00031502,0.00031502,0.00031502
853,2013.73,3.11229,0.51369,1.20574,0.66929,0.46719,0.54067,0.25596,3.05724,0.49102,1.14244,0.00031304,0.00031304,0.00031304
854,2016.16,3.1266,0.51231,1.20946,0.66841,0.46636,0.54225,0.25695,3.05789,0.49174,1.14218,0.00031106,0.00031106,0.00031106
855,2018.6,3.07083,0.50569,1.19764,0.67733,0.46293,0.54282,0.2554,3.07566,0.49154,1.14127,0.00030908,0.00030908,0.00030908
856,2020.82,2.95693,0.48074,1.17046,0.66607,0.46938,0.54364,0.25416,3.10789,0.49071,1.13955,0.0003071,0.0003071,0.0003071
857,2023.3,3.30043,0.54932,1.20891,0.67073,0.4735,0.54889,0.25789,3.07705,0.48879,1.13903,0.00030512,0.00030512,0.00030512
858,2025.67,2.95752,0.50779,1.19194,0.6819,0.46884,0.54793,0.25501,3.07329,0.49032,1.14138,0.00030314,0.00030314,0.00030314
859,2027.77,2.97519,0.49354,1.18174,0.67142,0.47021,0.54729,0.2575,3.05742,0.4917,1.14015,0.00030116,0.00030116,0.00030116
860,2030.17,3.21227,0.55181,1.20679,0.65592,0.47186,0.5439,0.25578,3.07798,0.50143,1.13956,0.00029918,0.00029918,0.00029918
861,2032.46,3.00625,0.49705,1.16359,0.66565,0.46993,0.54338,0.25693,3.06391,0.49894,1.14018,0.0002972,0.0002972,0.0002972
862,2034.88,3.07447,0.50377,1.19396,0.66558,0.4757,0.5463,0.25794,3.05546,0.49129,1.13987,0.00029522,0.00029522,0.00029522
863,2037.3,2.99904,0.50536,1.17032,0.66389,0.47537,0.54657,0.25645,3.06543,0.48966,1.13968,0.00029324,0.00029324,0.00029324
864,2039.76,2.97343,0.49521,1.19031,0.67273,0.47692,0.5471,0.25556,3.06587,0.48885,1.14158,0.00029126,0.00029126,0.00029126
865,2042.04,3.08442,0.50208,1.17985,0.67331,0.47543,0.54582,0.25623,3.0597,0.48922,1.14158,0.00028928,0.00028928,0.00028928
866,2044.74,3.14834,0.52395,1.18477,0.66785,0.47611,0.54613,0.25905,3.04231,0.49395,1.13973,0.0002873,0.0002873,0.0002873
867,2047.15,2.9143,0.4997,1.18012,0.65857,0.47845,0.54541,0.25924,3.04533,0.49861,1.14038,0.00028532,0.00028532,0.00028532
868,2049.48,3.22005,0.51977,1.20571,0.66648,0.47501,0.54694,0.25783,3.05203,0.49961,1.14154,0.00028334,0.00028334,0.00028334
869,2051.81,2.90259,0.47175,1.17103,0.65646,0.47746,0.54678,0.25831,3.0503,0.49995,1.13937,0.00028136,0.00028136,0.00028136
870,2054.32,3.12578,0.53126,1.18176,0.67531,0.47254,0.54904,0.26095,3.03892,0.49346,1.13856,0.00027938,0.00027938,0.00027938
871,2056.7,3.14281,0.51574,1.18097,0.68271,0.47076,0.54856,0.25704,3.06085,0.49124,1.14132,0.0002774,0.0002774,0.0002774
872,2059.16,3.18466,0.52188,1.19379,0.6736,0.47116,0.54622,0.25622,3.05899,0.49047,1.14211,0.00027542,0.00027542,0.00027542
873,2061.35,3.21152,0.51942,1.18748,0.67426,0.47172,0.54885,0.25945,3.03178,0.48852,1.13941,0.00027344,0.00027344,0.00027344
874,2063.93,3.15491,0.52196,1.18918,0.6683,0.47131,0.54715,0.25947,3.03318,0.48773,1.13844,0.00027146,0.00027146,0.00027146
875,2066.1,2.96991,0.48503,1.17833,0.67324,0.46897,0.54627,0.259,3.02541,0.48718,1.14003,0.00026948,0.00026948,0.00026948
876,2068.48,3.01527,0.50252,1.18704,0.67634,0.46719,0.5441,0.255,3.04243,0.48762,1.14209,0.0002675,0.0002675,0.0002675
877,2070.97,3.00274,0.49214,1.1828,0.67263,0.46966,0.54491,0.2564,3.02752,0.48558,1.14026,0.00026552,0.00026552,0.00026552
878,2073.32,3.18366,0.51801,1.16941,0.66797,0.47035,0.54485,0.25747,3.01705,0.48511,1.13914,0.00026354,0.00026354,0.00026354
879,2075.76,2.9956,0.48589,1.17791,0.67311,0.46785,0.54169,0.25584,3.028,0.48606,1.14131,0.00026156,0.00026156,0.00026156
880,2078.3,3.32155,0.51874,1.17171,0.68453,0.46966,0.54836,0.26009,3.01699,0.48716,1.14075,0.00025958,0.00025958,0.00025958
881,2080.39,3.03987,0.50509,1.21254,0.67919,0.47347,0.55189,0.26111,3.02441,0.48741,1.13888,0.0002576,0.0002576,0.0002576
882,2082.88,3.3192,0.5429,1.206,0.67879,0.47556,0.55458,0.25928,3.05795,0.48926,1.13859,0.00025562,0.00025562,0.00025562
883,2085.4,3.2295,0.53169,1.19449,0.69443,0.47405,0.55626,0.26163,3.04429,0.49046,1.13999,0.00025364,0.00025364,0.00025364
884,2088.05,3.11592,0.49842,1.16423,0.69304,0.47103,0.54776,0.25288,3.11001,0.49847,1.14489,0.00025166,0.00025166,0.00025166
885,2090.21,3.08729,0.51323,1.17654,0.69133,0.47158,0.55016,0.25885,3.06025,0.49287,1.1417,0.00024968,0.00024968,0.00024968
886,2092.41,3.08307,0.50414,1.1842,0.67696,0.47378,0.55208,0.25829,3.07233,0.49248,1.13783,0.0002477,0.0002477,0.0002477
887,2094.65,3.12962,0.53024,1.21885,0.67591,0.475,0.5519,0.2576,3.08195,0.49332,1.13808,0.00024572,0.00024572,0.00024572
888,2097.14,3.01532,0.49106,1.17936,0.68748,0.47954,0.55741,0.26233,3.02578,0.48809,1.13867,0.00024374,0.00024374,0.00024374
889,2099.35,2.95045,0.49855,1.20455,0.68313,0.48096,0.55692,0.26167,3.02917,0.48706,1.13868,0.00024176,0.00024176,0.00024176
890,2101.77,2.97789,0.49908,1.17855,0.68063,0.47996,0.55429,0.26,3.04502,0.4885,1.13876,0.00023978,0.00023978,0.00023978
891,2104.12,2.98764,0.49098,1.15752,0.67605,0.48133,0.55429,0.25923,3.04213,0.48824,1.13867,0.0002378,0.0002378,0.0002378
892,2106.96,3.18351,0.50898,1.16673,0.67415,0.48092,0.55276,0.26057,3.03392,0.49026,1.13814,0.00023582,0.00023582,0.00023582
893,2109.32,3.03601,0.4994,1.18949,0.67545,0.48037,0.55315,0.26009,3.03912,0.49125,1.13845,0.00023384,0.00023384,0.00023384
894,2111.87,3.10129,0.50209,1.18988,0.67234,0.47556,0.54862,0.25867,3.03093,0.4888,1.1407,0.00023186,0.00023186,0.00023186
895,2114.14,3.02824,0.50594,1.19082,0.67785,0.47577,0.54934,0.25781,3.03038,0.48763,1.14147,0.00022988,0.00022988,0.00022988
896,2116.56,2.99347,0.48552,1.17293,0.67141,0.47639,0.54836,0.2592,3.03518,0.487,1.14033,0.0002279,0.0002279,0.0002279
897,2118.7,3.12966,0.50884,1.18427,0.66841,0.47501,0.5484,0.25908,3.05378,0.48824,1.13905,0.00022592,0.00022592,0.00022592
898,2121.07,3.08208,0.52233,1.18021,0.66789,0.47172,0.54697,0.25738,3.05156,0.48839,1.13845,0.00022394,0.00022394,0.00022394
899,2123.43,3.23406,0.52734,1.20484,0.67587,0.47062,0.54678,0.25762,3.03155,0.48572,1.14005,0.00022196,0.00022196,0.00022196
900,2125.83,3.22547,0.50534,1.1662,0.67425,0.47001,0.54449,0.25381,3.0724,0.48777,1.14171,0.00021998,0.00021998,0.00021998
901,2128.28,3.07862,0.49276,1.16705,0.66988,0.47337,0.54708,0.25687,3.04492,0.48635,1.1393,0.000218,0.000218,0.000218
902,2130.62,3.02968,0.49766,1.16683,0.65777,0.47654,0.54559,0.25729,3.04329,0.48691,1.1387,0.00021602,0.00021602,0.00021602
903,2132.92,3.03535,0.48127,1.16058,0.66903,0.47666,0.54882,0.25853,3.03188,0.48499,1.13882,0.00021404,0.00021404,0.00021404
904,2135.17,3.25079,0.51766,1.18834,0.68857,0.47117,0.55188,0.26028,3.03277,0.4843,1.13898,0.00021206,0.00021206,0.00021206
905,2137.38,3.07447,0.49595,1.15445,0.68311,0.47268,0.55085,0.26057,3.03303,0.48427,1.13885,0.00021008,0.00021008,0.00021008
906,2139.88,3.02342,0.49375,1.18036,0.68944,0.47048,0.55182,0.25946,3.04199,0.48666,1.13939,0.0002081,0.0002081,0.0002081
907,2142.15,3.07081,0.48967,1.19427,0.68384,0.47227,0.55159,0.25915,3.04841,0.48712,1.14052,0.00020612,0.00020612,0.00020612
908,2144.68,3.01876,0.48704,1.17268,0.67871,0.47488,0.5501,0.26123,3.03035,0.48557,1.14099,0.00020414,0.00020414,0.00020414
909,2146.78,2.91309,0.4887,1.18079,0.68026,0.47295,0.54869,0.26179,3.02197,0.48676,1.14029,0.00020216,0.00020216,0.00020216
910,2149.31,2.97605,0.48606,1.17793,0.67171,0.47199,0.54818,0.26125,3.01737,0.49039,1.13833,0.00020018,0.00020018,0.00020018
911,2151.56,2.99328,0.48675,1.1662,0.67374,0.47186,0.54897,0.26138,3.01368,0.4906,1.13781,0.0001982,0.0001982,0.0001982
912,2153.89,3.10084,0.51212,1.19187,0.67379,0.47364,0.55002,0.25969,3.02731,0.48915,1.13903,0.00019622,0.00019622,0.00019622
913,2156.01,3.01216,0.48376,1.17615,0.6759,0.47405,0.54978,0.25935,3.03863,0.48773,1.13975,0.00019424,0.00019424,0.00019424
914,2158.32,2.84082,0.48163,1.15459,0.67791,0.4733,0.55113,0.25955,3.03695,0.48561,1.13967,0.00019226,0.00019226,0.00019226
915,2160.66,3.18371,0.51676,1.19962,0.67976,0.47186,0.55064,0.25975,3.02872,0.48428,1.13888,0.00019028,0.00019028,0.00019028
916,2162.95,3.07148,0.53425,1.20081,0.67757,0.47501,0.55144,0.26085,3.02441,0.4831,1.13888,0.0001883,0.0001883,0.0001883
917,2165.32,2.92349,0.49402,1.17776,0.67852,0.47405,0.55129,0.26143,3.02171,0.48366,1.13873,0.00018632,0.00018632,0.00018632
918,2167.87,3.21205,0.53281,1.16352,0.66873,0.47927,0.55271,0.26121,3.03343,0.48815,1.13752,0.00018434,0.00018434,0.00018434
919,2170.12,3.1174,0.49032,1.1775,0.67108,0.47803,0.55293,0.26199,3.02785,0.48788,1.13718,0.00018236,0.00018236,0.00018236
920,2172.64,3.10872,0.50394,1.17288,0.68105,0.47666,0.55333,0.26152,3.02292,0.48488,1.13809,0.00018038,0.00018038,0.00018038
921,2175.01,3.04492,0.48764,1.16803,0.68231,0.47556,0.55165,0.26105,3.01934,0.4847,1.13812,0.0001784,0.0001784,0.0001784
922,2177.36,2.98582,0.50501,1.19935,0.67972,0.47488,0.5519,0.26005,3.02794,0.48502,1.13795,0.00017642,0.00017642,0.00017642
923,2179.6,3.02564,0.4897,1.20816,0.68415,0.474,0.55058,0.26059,3.01949,0.48473,1.13855,0.00017444,0.00017444,0.00017444
924,2181.96,3.16082,0.52052,1.20047,0.69478,0.47252,0.55332,0.26017,3.03132,0.48534,1.13975,0.00017246,0.00017246,0.00017246
925,2184.47,3.09435,0.50325,1.18779,0.69558,0.47117,0.55378,0.26082,3.02396,0.48442,1.13891,0.00017048,0.00017048,0.00017048
926,2186.92,3.00838,0.50542,1.19051,0.67237,0.47531,0.55125,0.26162,3.01156,0.4844,1.13797,0.0001685,0.0001685,0.0001685
927,2189.51,2.91395,0.48417,1.18981,0.67646,0.47543,0.55164,0.26188,3.00975,0.48445,1.1384,0.00016652,0.00016652,0.00016652
928,2191.51,3.14262,0.50183,1.17789,0.67453,0.47652,0.55202,0.26261,3.01589,0.48578,1.13915,0.00016454,0.00016454,0.00016454
929,2193.92,3.05541,0.51996,1.19315,0.67569,0.47596,0.55207,0.2624,3.02341,0.48665,1.13848,0.00016256,0.00016256,0.00016256
930,2196.3,3.00802,0.48654,1.19163,0.68269,0.4779,0.55545,0.26263,3.01542,0.48475,1.13771,0.00016058,0.00016058,0.00016058
931,2198.72,3.09867,0.51,1.20887,0.68702,0.47524,0.55383,0.26163,3.01747,0.4841,1.13851,0.0001586,0.0001586,0.0001586
932,2201.05,3.25008,0.50782,1.203,0.69462,0.47007,0.55123,0.25607,3.05476,0.48563,1.14119,0.00015662,0.00015662,0.00015662
933,2203.11,2.9967,0.48187,1.17947,0.69222,0.47088,0.55164,0.25596,3.05206,0.48518,1.14089,0.00015464,0.00015464,0.00015464
934,2205.69,2.97358,0.50118,1.18544,0.69493,0.47186,0.55139,0.25694,3.04681,0.48477,1.14147,0.00015266,0.00015266,0.00015266
935,2208,3.1553,0.50814,1.16849,0.6931,0.47213,0.5498,0.25377,3.07051,0.4872,1.14378,0.00015068,0.00015068,0.00015068
936,2210.85,3.24976,0.52531,1.19314,0.68868,0.46733,0.54316,0.24683,3.11691,0.49243,1.14657,0.0001487,0.0001487,0.0001487
937,2213.15,3.18309,0.52007,1.18133,0.6883,0.47062,0.54649,0.25049,3.09191,0.49002,1.14515,0.00014672,0.00014672,0.00014672
938,2215.7,3.06765,0.49425,1.17665,0.6917,0.47515,0.55554,0.2618,3.02518,0.48474,1.13956,0.00014474,0.00014474,0.00014474
939,2218.02,3.14972,0.51441,1.20199,0.68948,0.47625,0.55571,0.26172,3.02848,0.48554,1.13877,0.00014276,0.00014276,0.00014276
940,2220.67,3.18427,0.52123,1.21751,0.6783,0.479,0.55379,0.2617,3.02201,0.48586,1.13914,0.00014078,0.00014078,0.00014078
941,2222.82,3.12174,0.50159,1.18324,0.67513,0.48078,0.55418,0.26166,3.02229,0.48629,1.13942,0.0001388,0.0001388,0.0001388
942,2225.55,3.0812,0.51407,1.19588,0.67133,0.48215,0.55365,0.26293,3.01236,0.48633,1.13912,0.00013682,0.00013682,0.00013682
943,2227.83,3.17753,0.52839,1.19778,0.67126,0.48133,0.55314,0.26331,3.00718,0.48527,1.13938,0.00013484,0.00013484,0.00013484
944,2230.14,3.18412,0.52893,1.21213,0.67944,0.47748,0.55252,0.26174,3.01114,0.48437,1.14019,0.00013286,0.00013286,0.00013286
945,2232.49,3.12854,0.50461,1.18274,0.67996,0.47543,0.55248,0.2598,3.02575,0.48574,1.14027,0.00013088,0.00013088,0.00013088
946,2234.85,3.14179,0.51792,1.18141,0.68054,0.47762,0.55413,0.26084,3.02443,0.48588,1.13967,0.0001289,0.0001289,0.0001289
947,2237.07,3.08899,0.49767,1.16948,0.68014,0.47625,0.55589,0.26247,3.01933,0.48489,1.13868,0.00012692,0.00012692,0.00012692
948,2239.65,3.01099,0.49009,1.17945,0.67515,0.47872,0.5557,0.26337,3.01166,0.48423,1.1376,0.00012494,0.00012494,0.00012494
949,2241.8,2.90938,0.48278,1.16495,0.67989,0.47817,0.55468,0.26182,3.01554,0.48451,1.13879,0.00012296,0.00012296,0.00012296
950,2244.27,3.1671,0.5189,1.19106,0.68229,0.47817,0.55506,0.25984,3.03134,0.48578,1.13957,0.00012098,0.00012098,0.00012098
951,2246.9,3.00887,0.48865,1.16733,0.68294,0.47886,0.55567,0.26064,3.02525,0.48522,1.13894,0.000119,0.000119,0.000119
952,2249.5,3.03382,0.48068,1.16979,0.68284,0.479,0.55564,0.26093,3.02981,0.48518,1.13897,0.00011702,0.00011702,0.00011702
953,2251.74,3.11046,0.4945,1.18237,0.68244,0.47913,0.5556,0.26044,3.0282,0.4846,1.13902,0.00011504,0.00011504,0.00011504
954,2254.11,3.03537,0.49917,1.15381,0.68368,0.48215,0.55703,0.26237,3.01188,0.48258,1.13815,0.00011306,0.00011306,0.00011306
955,2256.24,3.01726,0.51391,1.19887,0.6844,0.48051,0.55604,0.26329,3.01014,0.48271,1.13725,0.00011108,0.00011108,0.00011108
956,2258.57,2.78836,0.48586,1.15708,0.67563,0.47869,0.55268,0.26098,3.04787,0.48671,1.13683,0.0001091,0.0001091,0.0001091
957,2260.66,2.83357,0.48659,1.1665,0.67379,0.47725,0.55196,0.26042,3.05564,0.48745,1.13715,0.00010712,0.00010712,0.00010712
958,2263.1,3.21157,0.53973,1.20112,0.68334,0.48054,0.55498,0.2627,3.02317,0.48391,1.13782,0.00010514,0.00010514,0.00010514
959,2265.46,3.07908,0.49845,1.18407,0.68507,0.47941,0.55467,0.26173,3.015,0.4826,1.13841,0.00010316,0.00010316,0.00010316
960,2268.18,2.96935,0.48359,1.19581,0.68328,0.48078,0.55681,0.26296,3.00855,0.48117,1.13786,0.00010118,0.00010118,0.00010118
961,2270.43,2.97942,0.4967,1.18024,0.67873,0.48292,0.55766,0.26437,3.01001,0.48123,1.13698,9.92e-05,9.92e-05,9.92e-05
962,2272.68,2.85399,0.47167,1.158,0.6708,0.48313,0.55628,0.26398,3.01504,0.48221,1.13621,9.722e-05,9.722e-05,9.722e-05
963,2275.03,2.87364,0.47695,1.16268,0.67142,0.4827,0.55607,0.26419,3.00859,0.48208,1.13629,9.524e-05,9.524e-05,9.524e-05
964,2277.86,3.10185,0.49594,1.18119,0.67275,0.48178,0.55642,0.26452,3.00215,0.48223,1.13673,9.326e-05,9.326e-05,9.326e-05
965,2280.2,3.07871,0.50348,1.17171,0.67317,0.48078,0.55593,0.26449,3.00141,0.48205,1.13668,9.128e-05,9.128e-05,9.128e-05
966,2282.5,3.04494,0.47388,1.17576,0.67852,0.47982,0.5575,0.26405,3.00505,0.48194,1.13678,8.93e-05,8.93e-05,8.93e-05
967,2285.34,2.95647,0.48456,1.16616,0.67926,0.48188,0.55762,0.26374,3.00471,0.48148,1.13722,8.732e-05,8.732e-05,8.732e-05
968,2287.82,3.35112,0.52322,1.18917,0.68604,0.48325,0.55795,0.26207,3.01568,0.48235,1.13883,8.534e-05,8.534e-05,8.534e-05
969,2290.1,3.08847,0.50352,1.17237,0.684,0.48284,0.55608,0.25993,3.02787,0.48312,1.13914,8.336e-05,8.336e-05,8.336e-05
970,2292.67,3.14833,0.49682,1.16065,0.68651,0.48344,0.55817,0.26159,3.01144,0.48207,1.13875,8.138e-05,8.138e-05,8.138e-05
971,2294.99,2.94666,0.48573,1.17331,0.68793,0.48325,0.55987,0.26338,3.00027,0.48084,1.13767,7.94e-05,7.94e-05,7.94e-05
972,2297.43,3.12329,0.51097,1.18764,0.6815,0.4827,0.55879,0.26429,2.99743,0.47987,1.1371,7.742e-05,7.742e-05,7.742e-05
973,2299.88,3.16744,0.50891,1.18963,0.68117,0.48147,0.55844,0.26468,2.99728,0.47998,1.13709,7.544e-05,7.544e-05,7.544e-05
974,2302.44,2.97161,0.47882,1.17381,0.68574,0.48009,0.5582,0.26465,2.99819,0.48024,1.13736,7.346e-05,7.346e-05,7.346e-05
975,2304.82,3.04261,0.50654,1.18307,0.68619,0.47982,0.55755,0.26455,2.99692,0.48029,1.13754,7.148e-05,7.148e-05,7.148e-05
976,2307.4,2.97808,0.49347,1.16249,0.68346,0.47762,0.55656,0.26349,2.99568,0.48082,1.13813,6.95e-05,6.95e-05,6.95e-05
977,2309.38,3.03536,0.50301,1.19178,0.68238,0.47776,0.55631,0.26322,2.99278,0.48112,1.13816,6.752e-05,6.752e-05,6.752e-05
978,2311.51,3.22919,0.5342,1.1746,0.67418,0.47894,0.5553,0.26392,2.98872,0.48219,1.13725,6.554e-05,6.554e-05,6.554e-05
979,2313.79,3.02746,0.50425,1.18836,0.67262,0.47781,0.55386,0.26346,2.99203,0.4827,1.13661,6.356e-05,6.356e-05,6.356e-05
980,2315.95,2.95031,0.48193,1.1479,0.67466,0.47543,0.55217,0.26325,2.99333,0.48228,1.1365,6.158e-05,6.158e-05,6.158e-05
981,2318.21,3.09698,0.50488,1.18225,0.67515,0.47639,0.55298,0.26347,2.99031,0.48119,1.13681,5.96e-05,5.96e-05,5.96e-05
982,2320.6,3.04697,0.50524,1.20088,0.68456,0.47199,0.55277,0.26374,2.98432,0.4794,1.13716,5.762e-05,5.762e-05,5.762e-05
983,2322.96,3.00725,0.48077,1.17315,0.68646,0.47337,0.55325,0.26403,2.98434,0.47905,1.1371,5.564e-05,5.564e-05,5.564e-05
984,2325.4,3.11554,0.49532,1.18083,0.68762,0.47419,0.55364,0.26439,2.98543,0.47873,1.13688,5.366e-05,5.366e-05,5.366e-05
985,2328.07,3.05935,0.50989,1.16932,0.6869,0.47639,0.55502,0.26425,2.98794,0.47874,1.13681,5.168e-05,5.168e-05,5.168e-05
986,2330.52,2.91888,0.4774,1.18079,0.68791,0.47831,0.55612,0.26382,2.99168,0.479,1.13678,4.97e-05,4.97e-05,4.97e-05
987,2332.89,3.23389,0.52118,1.19786,0.69079,0.47776,0.55664,0.26419,2.99177,0.47902,1.1368,4.772e-05,4.772e-05,4.772e-05
988,2335.47,3.01066,0.50075,1.18231,0.68397,0.47927,0.55637,0.2643,2.98677,0.47841,1.13645,4.574e-05,4.574e-05,4.574e-05
989,2337.8,2.79347,0.47113,1.16549,0.68202,0.47938,0.55588,0.26458,2.98422,0.47821,1.13627,4.376e-05,4.376e-05,4.376e-05
990,2339.95,2.90184,0.4763,1.18514,0.67845,0.47872,0.55593,0.26443,2.99411,0.47932,1.1356,4.178e-05,4.178e-05,4.178e-05
991,2396.69,3.07311,0.51658,1.14578,0.6738,0.48023,0.55547,0.26322,3.00591,0.481,1.13553,3.98e-05,3.98e-05,3.98e-05
992,2399.08,3.02955,0.51494,1.16347,0.6698,0.47886,0.55447,0.26239,3.01416,0.48308,1.1357,3.782e-05,3.782e-05,3.782e-05
993,2401.26,3.05764,0.51045,1.15288,0.67782,0.47543,0.55386,0.26284,3.00772,0.48319,1.13587,3.584e-05,3.584e-05,3.584e-05
994,2403.58,2.99518,0.50646,1.15012,0.67065,0.47608,0.55183,0.2644,2.98835,0.48239,1.13678,3.386e-05,3.386e-05,3.386e-05
995,2406.11,2.96043,0.4897,1.1535,0.67365,0.47748,0.55214,0.26349,2.98607,0.4827,1.13743,3.188e-05,3.188e-05,3.188e-05
996,2408.54,3.00293,0.4992,1.15028,0.67546,0.47611,0.55106,0.26273,2.99168,0.48427,1.13812,2.99e-05,2.99e-05,2.99e-05
997,2410.56,3.07295,0.5115,1.16265,0.67674,0.47451,0.5507,0.26271,2.99203,0.48486,1.1381,2.792e-05,2.792e-05,2.792e-05
998,2412.88,3.09011,0.50726,1.15309,0.67748,0.4735,0.55098,0.26258,2.98964,0.48646,1.13739,2.594e-05,2.594e-05,2.594e-05
999,2415.03,3.01716,0.49776,1.15556,0.6752,0.47529,0.55099,0.2625,2.98875,0.48747,1.13701,2.396e-05,2.396e-05,2.396e-05
1000,2417.39,2.93154,0.47831,1.16247,0.67062,0.4757,0.54979,0.26248,2.99034,0.4895,1.13655,2.198e-05,2.198e-05,2.198e-05
